2025-01-20T14:26:32+00:00 DEBUG POST: https://business-api.tiktok.com/open_api/v1.3/event/track/

{"partner_name":"WooCommerce","event_source":"web","event_source_id":"CSM79Q3C77UAG1T340I0","data":[{"event":"Pageview","event_id":"678e5d18a2484_tt4b_woocommerce_670666209cf1f","event_time":1737383192,"user":{"ip":"195.191.219.131","user_agent":"Mozilla\/5.0 (compatible; MJ12bot\/v1.4.8; http:\/\/mj12bot.com\/)","locale":"ar","external_id":"0","email":"e3b0c44298fc1c149afbf4c8996fb92427ae41e4649b934ca495991b7852b855","phone_number":"e3b0c44298fc1c149afbf4c8996fb92427ae41e4649b934ca495991b7852b855","first_name":"e3b0c44298fc1c149afbf4c8996fb92427ae41e4649b934ca495991b7852b855","last_name":"e3b0c44298fc1c149afbf4c8996fb92427ae41e4649b934ca495991b7852b855","zip_code":"e3b0c44298fc1c149afbf4c8996fb92427ae41e4649b934ca495991b7852b855"},"page":{"url":"http:\/\/ibn-sinaa.com\/product-category\/%D8%B7%D8%A8%D8%A7%D8%B9%D8%A9-%D8%AF%D9%8A%D8%AC%D8%AA%D8%A7%D9%84\/%D9%81%D9%88%D8%A7%D8%AA%D9%8A%D8%B1-%D9%88%D8%B3%D9%86%D8%AF%D8%A7%D8%AA\/feed\/"}}]}
 ajax: no
2025-01-20T14:26:32+00:00 DEBUG Tt4b_Mapi_Class::mapi_post: Response: 

HTTP/1.1 200 OK
Server: nginx
Content-Type: application/json
Content-Length: 92
X-Tt-Logid: 20250120142632C7DB00E6C74477B8F005
Server-Timing: inner; dur=21
x-tt-trace-host: 018e5a586174a888928d793bdac74b79b51a437ee89a1c03eb2011d034a2e3e9f58d977a219890e1683417aad994f995c7ec7f20c46904e19cb0b429f3551cea43f7bec446f0c6380ddc3561b75412fdb791c12e6696fa27d5a51ce95f69be5795
x-tt-trace-id: 00-250120142632C7DB00E6C74477B8F005-17DC98765E5261C1-00
Expires: Mon, 20 Jan 2025 14:26:32 GMT
Cache-Control: max-age=0, no-cache, no-store
Pragma: no-cache
Date: Mon, 20 Jan 2025 14:26:32 GMT
X-Cache: TCP_MISS from a95-101-134-92.deploy.akamaitechnologies.com (AkamaiGHost/11.8.0-1debf780f7d7c834933fa9689361eec6) (-)
Connection: close
x-tt-trace-tag: id=16;cdn-cache=miss;type=dyn
Server-Timing: cdn-cache; desc=MISS, edge; dur=5, origin; dur=101
X-Origin-Response-Time: 102,95.101.134.92
X-Akamai-Request-ID: 1f65dead

{"code": 0, "message": "OK", "request_id": "20250120142632C7DB00E6C74477B8F005", "data": {}}
2025-01-20T14:26:40+00:00 DEBUG POST: https://business-api.tiktok.com/open_api/v1.3/event/track/

{"partner_name":"WooCommerce","event_source":"web","event_source_id":"CSM79Q3C77UAG1T340I0","data":[{"event":"Pageview","event_id":"678e5d205ca86_tt4b_woocommerce_670666209cf1f","event_time":1737383200,"user":{"ip":"195.191.219.131","user_agent":"Mozilla\/5.0 (compatible; MJ12bot\/v1.4.8; http:\/\/mj12bot.com\/)","locale":"ar","external_id":"0","email":"e3b0c44298fc1c149afbf4c8996fb92427ae41e4649b934ca495991b7852b855","phone_number":"e3b0c44298fc1c149afbf4c8996fb92427ae41e4649b934ca495991b7852b855","first_name":"e3b0c44298fc1c149afbf4c8996fb92427ae41e4649b934ca495991b7852b855","last_name":"e3b0c44298fc1c149afbf4c8996fb92427ae41e4649b934ca495991b7852b855","zip_code":"e3b0c44298fc1c149afbf4c8996fb92427ae41e4649b934ca495991b7852b855"},"page":{"url":"http:\/\/ibn-sinaa.com\/product-category\/digital-printing\/folders\/"}}]}
 ajax: no
2025-01-20T14:26:40+00:00 DEBUG Tt4b_Mapi_Class::mapi_post: Response: 

HTTP/1.1 200 OK
Server: nginx
Content-Type: application/json
Content-Length: 92
X-Tt-Logid: 202501201426402E95BCE8FD9BA4A52AA3
Server-Timing: inner; dur=20
x-tt-trace-host: 018e5a586174a888928d793bdac74b79b546481499826e61e341177deeedfd94a4faf79413511e769a013e832ed32b1b840c0b9a7614a0f5628b397fd2a221013c9188995de13272efe7dbcc03dcbbf2de46ac7a29ec25ad1a40ea35785e71bfc9
x-tt-trace-id: 00-2501201426402E95BCE8FD9BA4A52AA3-0F84A60F973F5C40-00
Expires: Mon, 20 Jan 2025 14:26:40 GMT
Cache-Control: max-age=0, no-cache, no-store
Pragma: no-cache
Date: Mon, 20 Jan 2025 14:26:40 GMT
X-Cache: TCP_MISS from a95-101-134-30.deploy.akamaitechnologies.com (AkamaiGHost/11.8.0-1debf780f7d7c834933fa9689361eec6) (-)
Connection: close
x-tt-trace-tag: id=16;cdn-cache=miss;type=dyn
Server-Timing: cdn-cache; desc=MISS, edge; dur=5, origin; dur=104
X-Origin-Response-Time: 104,95.101.134.30
X-Akamai-Request-ID: 1f086d36

{"code": 0, "message": "OK", "request_id": "202501201426402E95BCE8FD9BA4A52AA3", "data": {}}
2025-01-20T14:26:47+00:00 DEBUG POST: https://business-api.tiktok.com/open_api/v1.3/event/track/

{"partner_name":"WooCommerce","event_source":"web","event_source_id":"CSM79Q3C77UAG1T340I0","data":[{"event":"Pageview","event_id":"678e5d27e1e4a_tt4b_woocommerce_670666209cf1f","event_time":1737383207,"user":{"ip":"195.191.219.131","user_agent":"Mozilla\/5.0 (compatible; MJ12bot\/v1.4.8; http:\/\/mj12bot.com\/)","locale":"ar","external_id":"0","email":"e3b0c44298fc1c149afbf4c8996fb92427ae41e4649b934ca495991b7852b855","phone_number":"e3b0c44298fc1c149afbf4c8996fb92427ae41e4649b934ca495991b7852b855","first_name":"e3b0c44298fc1c149afbf4c8996fb92427ae41e4649b934ca495991b7852b855","last_name":"e3b0c44298fc1c149afbf4c8996fb92427ae41e4649b934ca495991b7852b855","zip_code":"e3b0c44298fc1c149afbf4c8996fb92427ae41e4649b934ca495991b7852b855"},"page":{"url":"http:\/\/ibn-sinaa.com\/product-category\/digital-printing\/personal-cards\/"}}]}
 ajax: no
2025-01-20T14:26:48+00:00 DEBUG Tt4b_Mapi_Class::mapi_post: Response: 

HTTP/1.1 200 OK
Server: nginx
Content-Type: application/json
Content-Length: 92
X-Tt-Logid: 20250120142648DCC0B8E5A3310ABB10EC
x-tt-trace-host: 018e5a586174a888928d793bdac74b79b5b3c46136d344bf46da72cca5a862092e1133923f2531fd5dfe1b766bf1e0bd660dc35bb244dd70de33ff36266e38702d84894306a66ab5506cd580ffaff2f74e55bb2486556a91c8264c9163c4e8709be63586bd7ae3310dfc56adc974eee262
x-tt-trace-id: 00-250120142648DCC0B8E5A3310ABB10EC-328B26E06944E43F-00
X-Origin-Response-Time: 42,23.207.199.76
X-Akamai-Request-ID: 24e65d0e.1f096b1d
Expires: Mon, 20 Jan 2025 14:26:48 GMT
Cache-Control: max-age=0, no-cache, no-store
Pragma: no-cache
Date: Mon, 20 Jan 2025 14:26:48 GMT
X-Cache: TCP_MISS from a95-101-134-30.deploy.akamaitechnologies.com (AkamaiGHost/11.8.0-1debf780f7d7c834933fa9689361eec6) (-)
Connection: close
X-Cache-Remote: TCP_MISS from a23-207-199-76.deploy.akamaitechnologies.com (AkamaiGHost/11.8.0-1debf780f7d7c834933fa9689361eec6) (-)
x-tt-trace-tag: id=16;cdn-cache=miss;type=dyn
Server-Timing: cdn-cache; desc=MISS, edge; dur=92, origin; dur=42
Server-Timing: inner; dur=32
X-Parent-Response-Time: 130,95.101.134.30

{"code": 0, "message": "OK", "request_id": "20250120142648DCC0B8E5A3310ABB10EC", "data": {}}
2025-01-20T14:26:52+00:00 DEBUG Tt4b_Pixel_Class::inject_add_to_cart_event: hit AddToCart
2025-01-20T14:26:52+00:00 DEBUG POST: https://business-api.tiktok.com/open_api/v1.3/event/track/

{"partner_name":"WooCommerce","event_source":"web","event_source_id":"CSM79Q3C77UAG1T340I0","data":[{"event":"AddToCart","event_id":"678e5d2c87ea9_tt4b_woocommerce_670666209cf1f_4125","event_time":1737383212,"user":{"ip":"195.191.219.131","user_agent":"Mozilla\/5.0 (compatible; MJ12bot\/v1.4.8; http:\/\/mj12bot.com\/)","locale":"ar","external_id":"0","email":"e3b0c44298fc1c149afbf4c8996fb92427ae41e4649b934ca495991b7852b855","phone_number":"e3b0c44298fc1c149afbf4c8996fb92427ae41e4649b934ca495991b7852b855","first_name":"e3b0c44298fc1c149afbf4c8996fb92427ae41e4649b934ca495991b7852b855","last_name":"e3b0c44298fc1c149afbf4c8996fb92427ae41e4649b934ca495991b7852b855","zip_code":"e3b0c44298fc1c149afbf4c8996fb92427ae41e4649b934ca495991b7852b855"},"properties":{"contents":[{"price":65,"quantity":1,"content_id":"4125","content_name":"\u0633\u062c\u0644\u0627\u062a \u0645\u0627\u062f\u0629 \u0627\u0644\u0641\u064a\u0632\u064a\u0627\u0621","description":". \u0637\u0628\u0627\u0639\u0647 \u0633\u062c\u0644\u0627\u062a \u0645\u062f\u0631\u0633\u064a\u0629 \u0627\u062d\u062a\u0631\u0627\u0641\u064a\u0629 \u062e\u0627\u0645\u062a\u0647\u0627 \u0643\u0631\u062a\u0648\u0646 2000 \u062c\u0631\u0627\u0645,\u062a\u0636\u0627\u0641 \u0637\u0628\u0642\u0629 \u062d\u0645\u0627\u064a\u0647 \u0627\u0633\u062a\u064a\u0643\u0631 \u0645\u0639 \u0633\u0644\u0648\u0641\u0627\u0646 \u0644\u0627\u0645\u0639.\r\n. \u0645\u062a\u0648\u0641\u0631 \u0628 \u0627\u062d\u062c\u0627\u0645 \u0645\u062e\u062a\u0644\u0641\u0647 ( \u0635\u063a\u064a\u0631, \u0648\u0633\u0637 , \u0643\u0628\u064a\u0631 ).\r\n. \u064a\u062a\u0633\u0639 \u0627\u0644\u0645\u0642\u0627\u0633 \u0627\u0644\u0635\u063a\u064a\u0631 ( \u0645\u0646 50 \u0627\u0644\u0649 150 \u0648\u0631\u0642\u0629 )\r\n. \u064a\u062a\u0633\u0639 \u0627\u0644\u0648\u0633\u0637 ( \u0645\u0646 150 \u0627\u0644\u0649 300 \u0648\u0631\u0642\u0629 )\r\n. \u0627\u0644\u0643\u0628\u064a\u0631 ( \u0645\u0646 300 \u0627\u0644\u0649 400 \u0648\u0631\u0642\u0629 ).\r\n. \u0645\u062f\u0629 \u0627\u0644\u062a\u0646\u0641\u064a\u0630 : 3-5 \u0627\u064a\u0627\u0645 \u0648\u062a\u0632\u064a\u062f \u0627\u0644\u0645\u062f\u0629 \u0639\u0646 \u0637\u0644\u0628 \u0627\u0644\u0634\u062d\u0646.","availability":"IN_STOCK","sale_price":65,"on_sale":false}],"content_type":"product","currency":"SAR","value":65,"event_trigger_source":"WooCommerce"},"page":{"url":"http:\/\/ibn-sinaa.com\/product-category\/school-and-student-printing\/%D8%B3%D8%AC%D9%84%D8%A7%D8%AA\/page\/2\/?add-to-cart=4125"}}]}
 ajax: no
2025-01-20T14:26:52+00:00 DEBUG Tt4b_Mapi_Class::mapi_post: Response: 

HTTP/1.1 200 OK
Server: nginx
Content-Type: application/json
Content-Length: 92
X-Tt-Logid: 2025012014265228E26C82CC48CAD49E2B
x-tt-trace-host: 018e5a586174a888928d793bdac74b79b5b3c46136d344bf46da72cca5a862092eede55d3a1c0ffd952cac865bf258716064d0e06aee488a9bd649a0b695ff5a4be2a0c52b62d7a261545797e27ade230261ced768ca2e1d3db0b07d23acd23363d32cfda8b30dc5d102277ba7f4f5e0cf
x-tt-trace-id: 00-25012014265228E26C82CC48CAD49E2B-0694B6788B205EB2-00
X-Origin-Response-Time: 32,23.207.199.49
X-Akamai-Request-ID: 31824847.1f0a11a1
Expires: Mon, 20 Jan 2025 14:26:52 GMT
Cache-Control: max-age=0, no-cache, no-store
Pragma: no-cache
Date: Mon, 20 Jan 2025 14:26:52 GMT
X-Cache: TCP_MISS from a95-101-134-30.deploy.akamaitechnologies.com (AkamaiGHost/11.8.0-1debf780f7d7c834933fa9689361eec6) (-)
Connection: close
X-Cache-Remote: TCP_MISS from a23-207-199-49.deploy.akamaitechnologies.com (AkamaiGHost/11.8.0-2d0f2d516c5d43e1487924a77ec5924a) (-)
x-tt-trace-tag: id=16;cdn-cache=miss;type=dyn
Server-Timing: cdn-cache; desc=MISS, edge; dur=90, origin; dur=32
Server-Timing: inner; dur=28
X-Parent-Response-Time: 114,95.101.134.30

{"code": 0, "message": "OK", "request_id": "2025012014265228E26C82CC48CAD49E2B", "data": {}}
2025-01-20T14:26:52+00:00 DEBUG POST: https://business-api.tiktok.com/open_api/v1.3/event/track/

{"partner_name":"WooCommerce","event_source":"web","event_source_id":"CSM79Q3C77UAG1T340I0","data":[{"event":"Pageview","event_id":"678e5d2cec4ef_tt4b_woocommerce_670666209cf1f","event_time":1737383212,"user":{"ip":"195.191.219.131","user_agent":"Mozilla\/5.0 (compatible; MJ12bot\/v1.4.8; http:\/\/mj12bot.com\/)","locale":"ar","external_id":"0","email":"e3b0c44298fc1c149afbf4c8996fb92427ae41e4649b934ca495991b7852b855","phone_number":"e3b0c44298fc1c149afbf4c8996fb92427ae41e4649b934ca495991b7852b855","first_name":"e3b0c44298fc1c149afbf4c8996fb92427ae41e4649b934ca495991b7852b855","last_name":"e3b0c44298fc1c149afbf4c8996fb92427ae41e4649b934ca495991b7852b855","zip_code":"e3b0c44298fc1c149afbf4c8996fb92427ae41e4649b934ca495991b7852b855"},"page":{"url":"http:\/\/ibn-sinaa.com\/product-category\/school-and-student-printing\/%D8%B3%D8%AC%D9%84%D8%A7%D8%AA\/page\/2\/?add-to-cart=4125"}}]}
 ajax: no
2025-01-20T14:26:53+00:00 DEBUG Tt4b_Mapi_Class::mapi_post: Response: 

HTTP/1.1 200 OK
Server: nginx
Content-Type: application/json
Content-Length: 92
X-Tt-Logid: 2025012014265386450058D919D2A23D27
Server-Timing: inner; dur=22
x-tt-trace-host: 018e5a586174a888928d793bdac74b79b546481499826e61e341177deeedfd94a411173b6e5e080d2ca38f42dbb6135a9e5d7433ba83d1e127bd25efb17f1f89d3d2cc157b30091769c8b7b38fb3ca03e629da001ad8cad6936a57a1b722a2b0fb
x-tt-trace-id: 00-25012014265386450058D919D2A23D27-5018D39AA44C0308-00
Expires: Mon, 20 Jan 2025 14:26:53 GMT
Cache-Control: max-age=0, no-cache, no-store
Pragma: no-cache
Date: Mon, 20 Jan 2025 14:26:53 GMT
X-Cache: TCP_MISS from a95-101-134-30.deploy.akamaitechnologies.com (AkamaiGHost/11.8.0-1debf780f7d7c834933fa9689361eec6) (-)
Connection: close
x-tt-trace-tag: id=16;cdn-cache=miss;type=dyn
Server-Timing: cdn-cache; desc=MISS, edge; dur=5, origin; dur=103
X-Origin-Response-Time: 103,95.101.134.30
X-Akamai-Request-ID: 1f0a2048

{"code": 0, "message": "OK", "request_id": "2025012014265386450058D919D2A23D27", "data": {}}
2025-01-20T14:26:57+00:00 DEBUG Tt4b_Pixel_Class::inject_add_to_cart_event: hit AddToCart
2025-01-20T14:26:57+00:00 DEBUG POST: https://business-api.tiktok.com/open_api/v1.3/event/track/

{"partner_name":"WooCommerce","event_source":"web","event_source_id":"CSM79Q3C77UAG1T340I0","data":[{"event":"AddToCart","event_id":"678e5d319451c_tt4b_woocommerce_670666209cf1f_4220","event_time":1737383217,"user":{"ip":"195.191.219.131","user_agent":"Mozilla\/5.0 (compatible; MJ12bot\/v1.4.8; http:\/\/mj12bot.com\/)","locale":"ar","external_id":"0","email":"e3b0c44298fc1c149afbf4c8996fb92427ae41e4649b934ca495991b7852b855","phone_number":"e3b0c44298fc1c149afbf4c8996fb92427ae41e4649b934ca495991b7852b855","first_name":"e3b0c44298fc1c149afbf4c8996fb92427ae41e4649b934ca495991b7852b855","last_name":"e3b0c44298fc1c149afbf4c8996fb92427ae41e4649b934ca495991b7852b855","zip_code":"e3b0c44298fc1c149afbf4c8996fb92427ae41e4649b934ca495991b7852b855"},"properties":{"contents":[{"price":120,"quantity":1,"content_id":"4220","content_name":"\u0645\u062c\u0645\u0648\u0639\u0629 \u0627\u0644\u0645\u0639\u0644\u0645","description":"\u0627\u062c\u0639\u0644 \u064a\u0648\u0645\u0643 \u0627\u0644\u062f\u0631\u0627\u0633\u064a \u0623\u0643\u062b\u0631 \u062a\u0646\u0638\u064a\u0645\u064b\u0627 \u0648\u0641\u0627\u0639\u0644\u064a\u0629 \u0645\u0639 \u0645\u062c\u0645\u0648\u0639\u0647 \u0627\u0644\u0645\u0639\u0644\u0645 \u0645\u0646 \u0645\u062a\u062c\u0631 \u0645\u0643\u062a\u0628\u0629 \u0627\u0628\u0646 \u0633\u064a\u0646\u0627 \u0627\u0644\u0625\u0644\u0643\u062a\u0631\u0648\u0646\u064a. \u0647\u0630\u0647 \u0627\u0644\u0645\u062c\u0645\u0648\u0639\u0629 \u0627\u0644\u0645\u0635\u0645\u0645\u0629 \u062e\u0635\u064a\u0635\u064b\u0627 \u0644\u0644\u0645\u062f\u0631\u0633\u064a\u0646 \u062a\u062d\u062a\u0648\u064a \u0639\u0644\u0649 \u0643\u0644 \u0645\u0627 \u064a\u062d\u062a\u0627\u062c\u0648\u0646\u0647 \u0644\u0625\u062f\u0627\u0631\u0629 \u0648\u062a\u0646\u0638\u064a\u0645 \u064a\u0648\u0645\u0647\u0645 \u0627\u0644\u062f\u0631\u0627\u0633\u064a \u0628\u0623\u0641\u0636\u0644 \u0635\u0648\u0631\u0629 \u0645\u0645\u0643\u0646\u0629.","availability":"IN_STOCK","sale_price":120,"on_sale":false}],"content_type":"product","currency":"SAR","value":120,"event_trigger_source":"WooCommerce"},"page":{"url":"http:\/\/ibn-sinaa.com\/product-category\/school-and-student-printing\/%D8%B3%D8%AC%D9%84%D8%A7%D8%AA\/page\/2\/?add-to-cart=4220"}}]}
 ajax: no
2025-01-20T14:26:57+00:00 DEBUG Tt4b_Mapi_Class::mapi_post: Response: 

HTTP/1.1 200 OK
Server: nginx
Content-Type: application/json
Content-Length: 92
X-Tt-Logid: 20250120142657791BFF7D9967A9D6D328
Server-Timing: inner; dur=63
x-tt-trace-host: 018e5a586174a888928d793bdac74b79b546481499826e61e341177deeedfd94a47158b2c4ae9a0de793885bb812240d8a3fdae2b33af25c7ce3fa1a66727776a3608f4d04b8ce834426903e6bb969005e58f975c191b3c41ced2be2292f8f0310
x-tt-trace-id: 00-250120142657791BFF7D9967A9D6D328-6EC428C92AA93F12-00
Expires: Mon, 20 Jan 2025 14:26:57 GMT
Cache-Control: max-age=0, no-cache, no-store
Pragma: no-cache
Date: Mon, 20 Jan 2025 14:26:57 GMT
X-Cache: TCP_MISS from a95-101-134-30.deploy.akamaitechnologies.com (AkamaiGHost/11.8.0-1debf780f7d7c834933fa9689361eec6) (-)
Connection: close
x-tt-trace-tag: id=16;cdn-cache=miss;type=dyn
Server-Timing: cdn-cache; desc=MISS, edge; dur=8, origin; dur=143
X-Origin-Response-Time: 144,95.101.134.30
X-Akamai-Request-ID: 1f0aca00

{"code": 0, "message": "OK", "request_id": "20250120142657791BFF7D9967A9D6D328", "data": {}}
2025-01-20T14:26:58+00:00 DEBUG POST: https://business-api.tiktok.com/open_api/v1.3/event/track/

{"partner_name":"WooCommerce","event_source":"web","event_source_id":"CSM79Q3C77UAG1T340I0","data":[{"event":"Pageview","event_id":"678e5d320086e_tt4b_woocommerce_670666209cf1f","event_time":1737383218,"user":{"ip":"195.191.219.131","user_agent":"Mozilla\/5.0 (compatible; MJ12bot\/v1.4.8; http:\/\/mj12bot.com\/)","locale":"ar","external_id":"0","email":"e3b0c44298fc1c149afbf4c8996fb92427ae41e4649b934ca495991b7852b855","phone_number":"e3b0c44298fc1c149afbf4c8996fb92427ae41e4649b934ca495991b7852b855","first_name":"e3b0c44298fc1c149afbf4c8996fb92427ae41e4649b934ca495991b7852b855","last_name":"e3b0c44298fc1c149afbf4c8996fb92427ae41e4649b934ca495991b7852b855","zip_code":"e3b0c44298fc1c149afbf4c8996fb92427ae41e4649b934ca495991b7852b855"},"page":{"url":"http:\/\/ibn-sinaa.com\/product-category\/school-and-student-printing\/%D8%B3%D8%AC%D9%84%D8%A7%D8%AA\/page\/2\/?add-to-cart=4220"}}]}
 ajax: no
2025-01-20T14:26:58+00:00 DEBUG Tt4b_Mapi_Class::mapi_post: Response: 

HTTP/1.1 200 OK
Server: nginx
Content-Type: application/json
Content-Length: 92
X-Tt-Logid: 20250120142658B54737B81866F927E644
Server-Timing: inner; dur=37
x-tt-trace-host: 018e5a586174a888928d793bdac74b79b546481499826e61e341177deeedfd94a4a58e377701b78392c90e108999688037dbed76a47994c59283626c07848f16831093a99ded08cb316e16f413cf543567c546fb7147bb09ff3c2749a4e6484184
x-tt-trace-id: 00-250120142658B54737B81866F927E644-30DDD46E8638BBC5-00
Expires: Mon, 20 Jan 2025 14:26:58 GMT
Cache-Control: max-age=0, no-cache, no-store
Pragma: no-cache
Date: Mon, 20 Jan 2025 14:26:58 GMT
X-Cache: TCP_MISS from a95-101-134-30.deploy.akamaitechnologies.com (AkamaiGHost/11.8.0-1debf780f7d7c834933fa9689361eec6) (-)
Connection: close
x-tt-trace-tag: id=16;cdn-cache=miss;type=dyn
Server-Timing: cdn-cache; desc=MISS, edge; dur=5, origin; dur=118
X-Origin-Response-Time: 119,95.101.134.30
X-Akamai-Request-ID: 1f0ad88c

{"code": 0, "message": "OK", "request_id": "20250120142658B54737B81866F927E644", "data": {}}
2025-01-20T14:27:02+00:00 DEBUG Tt4b_Pixel_Class::inject_add_to_cart_event: hit AddToCart
2025-01-20T14:27:02+00:00 DEBUG POST: https://business-api.tiktok.com/open_api/v1.3/event/track/

{"partner_name":"WooCommerce","event_source":"web","event_source_id":"CSM79Q3C77UAG1T340I0","data":[{"event":"AddToCart","event_id":"678e5d363d8b5_tt4b_woocommerce_670666209cf1f_3545","event_time":1737383222,"user":{"ip":"195.191.219.131","user_agent":"Mozilla\/5.0 (compatible; MJ12bot\/v1.4.8; http:\/\/mj12bot.com\/)","locale":"ar","external_id":"0","email":"e3b0c44298fc1c149afbf4c8996fb92427ae41e4649b934ca495991b7852b855","phone_number":"e3b0c44298fc1c149afbf4c8996fb92427ae41e4649b934ca495991b7852b855","first_name":"e3b0c44298fc1c149afbf4c8996fb92427ae41e4649b934ca495991b7852b855","last_name":"e3b0c44298fc1c149afbf4c8996fb92427ae41e4649b934ca495991b7852b855","zip_code":"e3b0c44298fc1c149afbf4c8996fb92427ae41e4649b934ca495991b7852b855"},"properties":{"contents":[{"price":0,"quantity":1,"content_id":"3545","content_name":"\u0637\u0628\u0627\u0639\u0629 \u0641\u0648\u0644\u062f\u0631\u0627\u062a \u062c\u064a\u0628 \u0639\u0627\u062f\u064a","description":"\u0641\u0648\u0644\u062f\u0631 \u062c\u064a\u0628 \u0623\u0628\u064a\u0636 \u0639\u0627\u062f\u064a.\r\n\u0646\u0648\u0639 \u0627\u0644\u0648\u0631\u0642: \u0648\u0631\u0642 \u0643\u0648\u0634\u064a\u0647 350 \u062c\u0631\u0627\u0645 \u0645\u0639 \u0633\u0644\u0641\u0627\u0646\r\n\u0645\u062f\u0629 \u0627\u0644\u062a\u0646\u0641\u064a\u0630 \u0627\u0644\u0645\u062a\u0648\u0642\u0639\u0629: \u0645\u0646 4 \u0625\u0644\u0649 7 \u0623\u064a\u0627\u0645 \u0639\u0645\u0644 \u0628\u0639\u062f \u0627\u0639\u062a\u0645\u0627\u062f \u0627\u0644\u0637\u0644\u0628 \u0648\u0627\u0644\u0643\u0645\u064a\u0629 (\u062a\u0632\u064a\u062f \u0627\u0644\u0645\u062f\u0629 \u0639\u0646\u062f \u0637\u0644\u0628 \u0627\u0644\u0634\u062d\u0646).","availability":"IN_STOCK","sale_price":0,"on_sale":false}],"content_type":"product","currency":"SAR","value":0,"event_trigger_source":"WooCommerce"},"page":{"url":"http:\/\/ibn-sinaa.com\/product-category\/%D8%B7%D8%A8%D8%A7%D8%B9%D8%A9-%D8%AF%D9%8A%D8%AC%D8%AA%D8%A7%D9%84\/page\/2\/?add-to-cart=3545"}}]}
 ajax: no
2025-01-20T14:27:02+00:00 DEBUG Tt4b_Mapi_Class::mapi_post: Response: 

HTTP/1.1 200 OK
Server: nginx
Content-Type: application/json
Content-Length: 92
X-Tt-Logid: 2025012014270254D61A226C6D57BAD90F
x-tt-trace-host: 018e5a586174a888928d793bdac74b79b5b3c46136d344bf46da72cca5a862092e9843af1419003b6e1f93325ecb291c76d4a5bce9189f420b7e4fad8a83b77b27c177ac02aaf999ca2bbff32bc125e82e1ca08fbe0421bc912a59a33a842ab4f255252ca81fa1a61affa520b678a02af1
x-tt-trace-id: 00-25012014270254D61A226C6D57BAD90F-713A0F136CD16D7C-00
X-Origin-Response-Time: 34,23.218.219.8
X-Akamai-Request-ID: 3b4ddd2.1f0b6cb7
Expires: Mon, 20 Jan 2025 14:27:02 GMT
Cache-Control: max-age=0, no-cache, no-store
Pragma: no-cache
Date: Mon, 20 Jan 2025 14:27:02 GMT
X-Cache: TCP_MISS from a95-101-134-30.deploy.akamaitechnologies.com (AkamaiGHost/11.8.0-1debf780f7d7c834933fa9689361eec6) (-)
Connection: close
X-Cache-Remote: TCP_MISS from a23-218-219-8.deploy.akamaitechnologies.com (AkamaiGHost/11.8.0-1debf780f7d7c834933fa9689361eec6) (-)
x-tt-trace-tag: id=16;cdn-cache=miss;type=dyn
Server-Timing: cdn-cache; desc=MISS, edge; dur=88, origin; dur=34
Server-Timing: inner; dur=30
X-Parent-Response-Time: 116,95.101.134.30

{"code": 0, "message": "OK", "request_id": "2025012014270254D61A226C6D57BAD90F", "data": {}}
2025-01-20T14:27:02+00:00 DEBUG POST: https://business-api.tiktok.com/open_api/v1.3/event/track/

{"partner_name":"WooCommerce","event_source":"web","event_source_id":"CSM79Q3C77UAG1T340I0","data":[{"event":"Pageview","event_id":"678e5d368d3a5_tt4b_woocommerce_670666209cf1f","event_time":1737383222,"user":{"ip":"195.191.219.131","user_agent":"Mozilla\/5.0 (compatible; MJ12bot\/v1.4.8; http:\/\/mj12bot.com\/)","locale":"ar","external_id":"0","email":"e3b0c44298fc1c149afbf4c8996fb92427ae41e4649b934ca495991b7852b855","phone_number":"e3b0c44298fc1c149afbf4c8996fb92427ae41e4649b934ca495991b7852b855","first_name":"e3b0c44298fc1c149afbf4c8996fb92427ae41e4649b934ca495991b7852b855","last_name":"e3b0c44298fc1c149afbf4c8996fb92427ae41e4649b934ca495991b7852b855","zip_code":"e3b0c44298fc1c149afbf4c8996fb92427ae41e4649b934ca495991b7852b855"},"page":{"url":"http:\/\/ibn-sinaa.com\/product-category\/%D8%B7%D8%A8%D8%A7%D8%B9%D8%A9-%D8%AF%D9%8A%D8%AC%D8%AA%D8%A7%D9%84\/page\/2\/?add-to-cart=3545"}}]}
 ajax: no
2025-01-20T14:27:02+00:00 DEBUG Tt4b_Mapi_Class::mapi_post: Response: 

HTTP/1.1 200 OK
Server: nginx
Content-Type: application/json
Content-Length: 92
X-Tt-Logid: 20250120142702A0ED6DB4C33A66972E8B
Server-Timing: inner; dur=54
x-tt-trace-host: 018e5a586174a888928d793bdac74b79b546481499826e61e341177deeedfd94a4808fb3f0b58fc1c79da4fe9564900feb49186df2d8c011089964a0f584ecccc687f6e9f1df4fa22e88ea51b1789902ce9314684628dd9efcf1ea6c7084888773
x-tt-trace-id: 00-250120142702A0ED6DB4C33A66972E8B-28D9DCB7A25C50F2-00
Expires: Mon, 20 Jan 2025 14:27:02 GMT
Cache-Control: max-age=0, no-cache, no-store
Pragma: no-cache
Date: Mon, 20 Jan 2025 14:27:02 GMT
X-Cache: TCP_MISS from a95-101-134-30.deploy.akamaitechnologies.com (AkamaiGHost/11.8.0-1debf780f7d7c834933fa9689361eec6) (-)
Connection: close
x-tt-trace-tag: id=16;cdn-cache=miss;type=dyn
Server-Timing: cdn-cache; desc=MISS, edge; dur=4, origin; dur=136
X-Origin-Response-Time: 137,95.101.134.30
X-Akamai-Request-ID: 1f0b77d8

{"code": 0, "message": "OK", "request_id": "20250120142702A0ED6DB4C33A66972E8B", "data": {}}
2025-01-20T14:27:08+00:00 DEBUG Tt4b_Pixel_Class::inject_add_to_cart_event: hit AddToCart
2025-01-20T14:27:08+00:00 DEBUG POST: https://business-api.tiktok.com/open_api/v1.3/event/track/

{"partner_name":"WooCommerce","event_source":"web","event_source_id":"CSM79Q3C77UAG1T340I0","data":[{"event":"AddToCart","event_id":"678e5d3c44dcb_tt4b_woocommerce_670666209cf1f_SKU_201","event_time":1737383228,"user":{"ip":"195.191.219.131","user_agent":"Mozilla\/5.0 (compatible; MJ12bot\/v1.4.8; http:\/\/mj12bot.com\/)","locale":"ar","external_id":"0","email":"e3b0c44298fc1c149afbf4c8996fb92427ae41e4649b934ca495991b7852b855","phone_number":"e3b0c44298fc1c149afbf4c8996fb92427ae41e4649b934ca495991b7852b855","first_name":"e3b0c44298fc1c149afbf4c8996fb92427ae41e4649b934ca495991b7852b855","last_name":"e3b0c44298fc1c149afbf4c8996fb92427ae41e4649b934ca495991b7852b855","zip_code":"e3b0c44298fc1c149afbf4c8996fb92427ae41e4649b934ca495991b7852b855"},"properties":{"contents":[{"price":0,"quantity":1,"content_id":"SKU_201","content_name":"\u0637\u0628\u0627\u0639\u0629 \u0643\u0631\u0648\u062a \u0634\u062e\u0635\u064a\u0629 \u062f\u0627\u064a \u0643\u062a","description":"\u0627\u062d\u0635\u0644 \u0639\u0644\u0649 \u0643\u0631\u0648\u062a \u062f\u0627\u064a \u0643\u062a \u0627\u0644\u0645\u0645\u064a\u0632\u0629 \u0645\u0646 \u0645\u062a\u062c\u0631 \u0627\u0628\u0646 \u0633\u064a\u0646\u0627 \u0627\u0644\u0625\u0644\u0643\u062a\u0631\u0648\u0646\u064a. \u062a\u0635\u0645\u064a\u0645\u0627\u062a \u0641\u0631\u064a\u062f\u0629 \u0648\u0623\u0634\u0643\u0627\u0644 \u0645\u062e\u0635\u0635\u0629 \u062a\u0646\u0627\u0633\u0628 \u062c\u0645\u064a\u0639 \u0627\u0644\u0645\u0646\u0627\u0633\u0628\u0627\u062a \u0627\u0644\u0631\u0633\u0645\u064a\u0629 \u0648\u0627\u0644\u0634\u062e\u0635\u064a\u0629\u060c \u0628\u062c\u0648\u062f\u0629 \u0637\u0628\u0627\u0639\u0629 \u0639\u0627\u0644\u064a\u0629 \u0648\u062f\u0642\u0629 \u0641\u064a \u0627\u0644\u062a\u0641\u0627\u0635\u064a\u0644","availability":"IN_STOCK","sale_price":0,"on_sale":false}],"content_type":"product","currency":"SAR","value":0,"event_trigger_source":"WooCommerce"},"page":{"url":"http:\/\/ibn-sinaa.com\/product-category\/%D8%B7%D8%A8%D8%A7%D8%B9%D8%A9-%D8%AF%D9%8A%D8%AC%D8%AA%D8%A7%D9%84\/page\/3\/?add-to-cart=201"}}]}
 ajax: no
2025-01-20T14:27:08+00:00 DEBUG POST: https://business-api.tiktok.com/open_api/v1.3/event/track/

{"partner_name":"WooCommerce","event_source":"web","event_source_id":"CSM79Q3C77UAG1T340I0","data":[{"event":"Pageview","event_id":"678e5d3c58987_tt4b_woocommerce_670666209cf1f","event_time":1737383228,"user":{"ip":"142.250.32.32","user_agent":"Chrome Privacy Preserving Prefetch Proxy","locale":"ar","external_id":"0","email":"e3b0c44298fc1c149afbf4c8996fb92427ae41e4649b934ca495991b7852b855","phone_number":"e3b0c44298fc1c149afbf4c8996fb92427ae41e4649b934ca495991b7852b855","first_name":"e3b0c44298fc1c149afbf4c8996fb92427ae41e4649b934ca495991b7852b855","last_name":"e3b0c44298fc1c149afbf4c8996fb92427ae41e4649b934ca495991b7852b855","zip_code":"e3b0c44298fc1c149afbf4c8996fb92427ae41e4649b934ca495991b7852b855"},"page":{"url":"http:\/\/ibn-sinaa.com\/.well-known\/traffic-advice"}}]}
 ajax: no
2025-01-20T14:27:08+00:00 DEBUG Tt4b_Mapi_Class::mapi_post: Response: 

HTTP/1.1 200 OK
Server: nginx
Content-Type: application/json
Content-Length: 92
X-Tt-Logid: 20250120142708DDBFCFAF75F0ECD1DC0F
Server-Timing: inner; dur=29
x-tt-trace-host: 018e5a586174a888928d793bdac74b79b51a437ee89a1c03eb2011d034a2e3e9f57e1523c25766d8ebc6f1f43c184bef0dff30dcd1926cd3b2b94d22b96fa5a371962fae9f1109938be9ee55f593629056e7a1a11dfadf77609d01e3f02dcaa6a9
x-tt-trace-id: 00-250120142708DDBFCFAF75F0ECD1DC0F-5A9320AE514ED5A9-00
Expires: Mon, 20 Jan 2025 14:27:08 GMT
Cache-Control: max-age=0, no-cache, no-store
Pragma: no-cache
Date: Mon, 20 Jan 2025 14:27:08 GMT
X-Cache: TCP_MISS from a95-101-134-92.deploy.akamaitechnologies.com (AkamaiGHost/11.8.0-1debf780f7d7c834933fa9689361eec6) (-)
Connection: close
x-tt-trace-tag: id=16;cdn-cache=miss;type=dyn
Server-Timing: cdn-cache; desc=MISS, edge; dur=7, origin; dur=109
X-Origin-Response-Time: 110,95.101.134.92
X-Akamai-Request-ID: 1f6a6eab

{"code": 0, "message": "OK", "request_id": "20250120142708DDBFCFAF75F0ECD1DC0F", "data": {}}
2025-01-20T14:27:08+00:00 DEBUG Tt4b_Mapi_Class::mapi_post: Response: 

HTTP/1.1 200 OK
Server: nginx
Content-Type: application/json
Content-Length: 92
X-Tt-Logid: 2025012014270829B5B802001065BB5EA4
x-tt-trace-host: 018e5a586174a888928d793bdac74b79b5b3c46136d344bf46da72cca5a862092eede55d3a1c0ffd952cac865bf258716009304004f68e1d0b526e03f3a01308cc0421287b8440ce9f2011650231c984bd5264bde50677f70aa0bbf703ecc9f35fa68fc71cdfa7c3d380bb133165bb799e
x-tt-trace-id: 00-25012014270829B5B802001065BB5EA4-41BDF8079C853131-00
X-Origin-Response-Time: 26,23.207.199.49
X-Akamai-Request-ID: 3182ded2.1f0c3c79
Expires: Mon, 20 Jan 2025 14:27:08 GMT
Cache-Control: max-age=0, no-cache, no-store
Pragma: no-cache
Date: Mon, 20 Jan 2025 14:27:08 GMT
X-Cache: TCP_MISS from a95-101-134-30.deploy.akamaitechnologies.com (AkamaiGHost/11.8.0-1debf780f7d7c834933fa9689361eec6) (-)
Connection: close
X-Cache-Remote: TCP_MISS from a23-207-199-49.deploy.akamaitechnologies.com (AkamaiGHost/11.8.0-2d0f2d516c5d43e1487924a77ec5924a) (-)
x-tt-trace-tag: id=16;cdn-cache=miss;type=dyn
Server-Timing: cdn-cache; desc=MISS, edge; dur=87, origin; dur=26
Server-Timing: inner; dur=22
X-Parent-Response-Time: 108,95.101.134.30

{"code": 0, "message": "OK", "request_id": "2025012014270829B5B802001065BB5EA4", "data": {}}
2025-01-20T14:27:08+00:00 DEBUG POST: https://business-api.tiktok.com/open_api/v1.3/event/track/

{"partner_name":"WooCommerce","event_source":"web","event_source_id":"CSM79Q3C77UAG1T340I0","data":[{"event":"Pageview","event_id":"678e5d3cbfe5f_tt4b_woocommerce_670666209cf1f","event_time":1737383228,"user":{"ip":"195.191.219.131","user_agent":"Mozilla\/5.0 (compatible; MJ12bot\/v1.4.8; http:\/\/mj12bot.com\/)","locale":"ar","external_id":"0","email":"e3b0c44298fc1c149afbf4c8996fb92427ae41e4649b934ca495991b7852b855","phone_number":"e3b0c44298fc1c149afbf4c8996fb92427ae41e4649b934ca495991b7852b855","first_name":"e3b0c44298fc1c149afbf4c8996fb92427ae41e4649b934ca495991b7852b855","last_name":"e3b0c44298fc1c149afbf4c8996fb92427ae41e4649b934ca495991b7852b855","zip_code":"e3b0c44298fc1c149afbf4c8996fb92427ae41e4649b934ca495991b7852b855"},"page":{"url":"http:\/\/ibn-sinaa.com\/product-category\/%D8%B7%D8%A8%D8%A7%D8%B9%D8%A9-%D8%AF%D9%8A%D8%AC%D8%AA%D8%A7%D9%84\/page\/3\/?add-to-cart=201"}}]}
 ajax: no
2025-01-20T14:27:08+00:00 DEBUG Tt4b_Mapi_Class::mapi_post: Response: 

HTTP/1.1 200 OK
Server: nginx
Content-Type: application/json
Content-Length: 92
X-Tt-Logid: 20250120142708271FC81389D9D52E299B
Server-Timing: inner; dur=85
x-tt-trace-host: 018e5a586174a888928d793bdac74b79b51a437ee89a1c03eb2011d034a2e3e9f524cc94045cc8f86cdaf81d78f9bb09acfad073b34fdca6cf5f9e146b743485a57a1b42091657027f5f9658c208a5a443e68c91e7676c7b2e750766fb85692843
x-tt-trace-id: 00-250120142708271FC81389D9D52E299B-6426669156CB31A9-00
Expires: Mon, 20 Jan 2025 14:27:08 GMT
Cache-Control: max-age=0, no-cache, no-store
Pragma: no-cache
Date: Mon, 20 Jan 2025 14:27:08 GMT
X-Cache: TCP_MISS from a95-101-134-92.deploy.akamaitechnologies.com (AkamaiGHost/11.8.0-1debf780f7d7c834933fa9689361eec6) (-)
Connection: close
x-tt-trace-tag: id=16;cdn-cache=miss;type=dyn
Server-Timing: cdn-cache; desc=MISS, edge; dur=5, origin; dur=166
X-Origin-Response-Time: 166,95.101.134.92
X-Akamai-Request-ID: 1f6a7e19

{"code": 0, "message": "OK", "request_id": "20250120142708271FC81389D9D52E299B", "data": {}}
2025-01-20T14:27:09+00:00 DEBUG POST: https://business-api.tiktok.com/open_api/v1.3/event/track/

{"partner_name":"WooCommerce","event_source":"web","event_source_id":"CSM79Q3C77UAG1T340I0","data":[{"event":"Pageview","event_id":"678e5d3d14073_tt4b_woocommerce_670666209cf1f","event_time":1737383229,"user":{"ip":"72.14.201.115","user_agent":"Mozilla\/5.0 (Windows NT 10.0; Win64; x64) AppleWebKit\/537.36 (KHTML, like Gecko) Chrome\/131.0.0.0 Safari\/537.36","locale":"ar","external_id":"0","email":"e3b0c44298fc1c149afbf4c8996fb92427ae41e4649b934ca495991b7852b855","phone_number":"e3b0c44298fc1c149afbf4c8996fb92427ae41e4649b934ca495991b7852b855","first_name":"e3b0c44298fc1c149afbf4c8996fb92427ae41e4649b934ca495991b7852b855","last_name":"e3b0c44298fc1c149afbf4c8996fb92427ae41e4649b934ca495991b7852b855","zip_code":"e3b0c44298fc1c149afbf4c8996fb92427ae41e4649b934ca495991b7852b855"},"page":{"url":"http:\/\/ibn-sinaa.com\/product\/flag-with-promotional-bag\/?srsltid=AfmBOorU1eipjHjo7qRfWA0AJ2mLOs7bY93J633hn55lGF6qIfob313Z"}}]}
 ajax: no
2025-01-20T14:27:11+00:00 DEBUG Tt4b_Mapi_Class::mapi_post: Response: 

HTTP/1.1 200 OK
Server: nginx
Content-Type: application/json
Content-Length: 92
X-Tt-Logid: 202501201427095D44C0D6A680048868BF
x-tt-trace-host: 018e5a586174a888928d793bdac74b79b56517d7628cf0ffdff56b078ad2cf561506587938093cd8afaf943fcd880d3e14f060247d93da6d2cc0a066a6163d585ccec5cc6970bfc6af48b0d927f2c40a44555b1cc26fe7d6e06444655916294c40de344eea9e09aaadac10efb9aa0261ff
x-tt-trace-id: 00-2501201427095D44C0D6A680048868BF-04452DC7529DFB88-00
X-Origin-Response-Time: 1184,23.218.219.44
X-Akamai-Request-ID: 70ac4.1f6a885e
Expires: Mon, 20 Jan 2025 14:27:10 GMT
Cache-Control: max-age=0, no-cache, no-store
Pragma: no-cache
Date: Mon, 20 Jan 2025 14:27:10 GMT
X-Cache: TCP_MISS from a95-101-134-92.deploy.akamaitechnologies.com (AkamaiGHost/11.8.0-1debf780f7d7c834933fa9689361eec6) (-)
Connection: close
X-Cache-Remote: TCP_MISS from a23-218-219-44.deploy.akamaitechnologies.com (AkamaiGHost/11.8.0-1debf780f7d7c834933fa9689361eec6) (-)
x-tt-trace-tag: id=16;cdn-cache=miss;type=dyn
Server-Timing: cdn-cache; desc=MISS, edge; dur=85, origin; dur=1183
Server-Timing: inner; dur=1178
X-Parent-Response-Time: 1264,95.101.134.92

{"code": 0, "message": "OK", "request_id": "202501201427095D44C0D6A680048868BF", "data": {}}
2025-01-20T14:27:11+00:00 DEBUG Tt4b_Pixel_Class::inject_view_content_event: hit ViewContent
2025-01-20T14:27:11+00:00 DEBUG POST: https://business-api.tiktok.com/open_api/v1.3/event/track/

{"partner_name":"WooCommerce","event_source":"web","event_source_id":"CSM79Q3C77UAG1T340I0","data":[{"event":"ViewContent","event_id":"678e5d3f5b479_tt4b_woocommerce_670666209cf1f_4366","event_time":1737383231,"user":{"ip":"72.14.201.115","user_agent":"Mozilla\/5.0 (Windows NT 10.0; Win64; x64) AppleWebKit\/537.36 (KHTML, like Gecko) Chrome\/131.0.0.0 Safari\/537.36","locale":"ar","external_id":"0","email":"e3b0c44298fc1c149afbf4c8996fb92427ae41e4649b934ca495991b7852b855","phone_number":"e3b0c44298fc1c149afbf4c8996fb92427ae41e4649b934ca495991b7852b855","first_name":"e3b0c44298fc1c149afbf4c8996fb92427ae41e4649b934ca495991b7852b855","last_name":"e3b0c44298fc1c149afbf4c8996fb92427ae41e4649b934ca495991b7852b855","zip_code":"e3b0c44298fc1c149afbf4c8996fb92427ae41e4649b934ca495991b7852b855"},"properties":{"contents":[{"price":750,"quantity":1,"content_id":"4366","content_name":"\u0639\u0644\u0645 \u0645\u0639 \u0634\u0646\u0637\u0629 \u062f\u0639\u0627\u0626\u064a\u0629","description":"\u0623\u0639\u0644\u0627\u0645 \u0645\u0643\u062a\u0628\u064a\u0629 \u0635\u063a\u064a\u0631\u0629: \u0645\u062b\u0627\u0644\u064a\u0629 \u0644\u062a\u0632\u064a\u064a\u0646 \u0627\u0644\u0645\u0643\u062a\u0628 \u0628\u0644\u0645\u0633\u0629 \u0623\u0646\u064a\u0642\u0629 \u0648\u0641\u0627\u062e\u0631\u0629. \u0645\u0635\u0646\u0648\u0639\u0629 \u0645\u0646 \u0645\u0648\u0627\u062f \u0645\u062a\u064a\u0646\u0629 \u0648\u0628\u0623\u0644\u0648\u0627\u0646 \u0632\u0627\u0647\u064a\u0629\u060c \u062a\u0636\u064a\u0641 \u062c\u0627\u0630\u0628\u064a\u0629 \u0645\u0645\u064a\u0632\u0629 \u0644\u0623\u064a \u0645\u0633\u0627\u062d\u0629 \u0645\u0643\u062a\u0628\u064a\u0629 \u062f\u0648\u0646 \u0634\u063a\u0644 \u062d\u064a\u0632 \u0643\u0628\u064a\u0631. \u0645\u062b\u0627\u0644\u064a\u0629 \u0644\u0644\u0627\u062c\u062a\u0645\u0627\u0639\u0627\u062a\u060c \u0627\u0644\u0645\u0624\u062a\u0645\u0631\u0627\u062a\u060c \u0648\u0627\u0644\u0647\u062f\u0627\u064a\u0627 \u0627\u0644\u0641\u0627\u062e\u0631\u0629.","availability":"IN_STOCK","sale_price":750,"on_sale":false}],"content_type":"product","currency":"SAR","value":750,"event_trigger_source":"WooCommerce"},"page":{"url":"http:\/\/ibn-sinaa.com\/product\/flag-with-promotional-bag\/?srsltid=AfmBOorU1eipjHjo7qRfWA0AJ2mLOs7bY93J633hn55lGF6qIfob313Z"}}]}
 ajax: no
2025-01-20T14:27:11+00:00 DEBUG Tt4b_Mapi_Class::mapi_post: Response: 

HTTP/1.1 200 OK
Server: nginx
Content-Type: application/json
Content-Length: 92
X-Tt-Logid: 2025012014271149C0F95C9366E82752EA
x-tt-trace-host: 018e5a586174a888928d793bdac74b79b56517d7628cf0ffdff56b078ad2cf56153c3836327d77372713608f4a164d1ee0b2e092f6072d212bb1f516450984affd5f82cec952156b7eab2e1cb94da258dd030e89486b7de423f68c9a6a56fe9e00c94b92df33f423a69008c1d2a93e09e6
x-tt-trace-id: 00-25012014271149C0F95C9366E82752EA-25EDB33681AD15A8-00
X-Origin-Response-Time: 113,23.52.15.239
X-Akamai-Request-ID: 30fd18a5.1f6ad219
Expires: Mon, 20 Jan 2025 14:27:11 GMT
Cache-Control: max-age=0, no-cache, no-store
Pragma: no-cache
Date: Mon, 20 Jan 2025 14:27:11 GMT
X-Cache: TCP_MISS from a95-101-134-92.deploy.akamaitechnologies.com (AkamaiGHost/11.8.0-1debf780f7d7c834933fa9689361eec6) (-)
Connection: close
X-Cache-Remote: TCP_MISS from a23-52-15-239.deploy.akamaitechnologies.com (AkamaiGHost/11.8.0-1debf780f7d7c834933fa9689361eec6) (-)
x-tt-trace-tag: id=16;cdn-cache=miss;type=dyn
Server-Timing: cdn-cache; desc=MISS, edge; dur=89, origin; dur=111
Server-Timing: inner; dur=107
X-Parent-Response-Time: 192,95.101.134.92

{"code": 0, "message": "OK", "request_id": "2025012014271149C0F95C9366E82752EA", "data": {}}
2025-01-20T14:27:13+00:00 DEBUG Tt4b_Pixel_Class::inject_add_to_cart_event: hit AddToCart
2025-01-20T14:27:13+00:00 DEBUG POST: https://business-api.tiktok.com/open_api/v1.3/event/track/

{"partner_name":"WooCommerce","event_source":"web","event_source_id":"CSM79Q3C77UAG1T340I0","data":[{"event":"AddToCart","event_id":"678e5d4161029_tt4b_woocommerce_670666209cf1f_3545","event_time":1737383233,"user":{"ip":"195.191.219.131","user_agent":"Mozilla\/5.0 (compatible; MJ12bot\/v1.4.8; http:\/\/mj12bot.com\/)","locale":"ar","external_id":"0","email":"e3b0c44298fc1c149afbf4c8996fb92427ae41e4649b934ca495991b7852b855","phone_number":"e3b0c44298fc1c149afbf4c8996fb92427ae41e4649b934ca495991b7852b855","first_name":"e3b0c44298fc1c149afbf4c8996fb92427ae41e4649b934ca495991b7852b855","last_name":"e3b0c44298fc1c149afbf4c8996fb92427ae41e4649b934ca495991b7852b855","zip_code":"e3b0c44298fc1c149afbf4c8996fb92427ae41e4649b934ca495991b7852b855"},"properties":{"contents":[{"price":0,"quantity":1,"content_id":"3545","content_name":"\u0637\u0628\u0627\u0639\u0629 \u0641\u0648\u0644\u062f\u0631\u0627\u062a \u062c\u064a\u0628 \u0639\u0627\u062f\u064a","description":"\u0641\u0648\u0644\u062f\u0631 \u062c\u064a\u0628 \u0623\u0628\u064a\u0636 \u0639\u0627\u062f\u064a.\r\n\u0646\u0648\u0639 \u0627\u0644\u0648\u0631\u0642: \u0648\u0631\u0642 \u0643\u0648\u0634\u064a\u0647 350 \u062c\u0631\u0627\u0645 \u0645\u0639 \u0633\u0644\u0641\u0627\u0646\r\n\u0645\u062f\u0629 \u0627\u0644\u062a\u0646\u0641\u064a\u0630 \u0627\u0644\u0645\u062a\u0648\u0642\u0639\u0629: \u0645\u0646 4 \u0625\u0644\u0649 7 \u0623\u064a\u0627\u0645 \u0639\u0645\u0644 \u0628\u0639\u062f \u0627\u0639\u062a\u0645\u0627\u062f \u0627\u0644\u0637\u0644\u0628 \u0648\u0627\u0644\u0643\u0645\u064a\u0629 (\u062a\u0632\u064a\u062f \u0627\u0644\u0645\u062f\u0629 \u0639\u0646\u062f \u0637\u0644\u0628 \u0627\u0644\u0634\u062d\u0646).","availability":"IN_STOCK","sale_price":0,"on_sale":false}],"content_type":"product","currency":"SAR","value":0,"event_trigger_source":"WooCommerce"},"page":{"url":"http:\/\/ibn-sinaa.com\/product-category\/%D8%B7%D8%A8%D8%A7%D8%B9%D8%A9-%D8%AF%D9%8A%D8%AC%D8%AA%D8%A7%D9%84\/%D9%81%D9%88%D9%84%D8%AF%D8%B1%D8%A7%D8%AA\/?add-to-cart=3545"}}]}
 ajax: no
2025-01-20T14:27:13+00:00 DEBUG Tt4b_Mapi_Class::mapi_post: Response: 

HTTP/1.1 200 OK
Server: nginx
Content-Type: application/json
Content-Length: 92
X-Tt-Logid: 202501201427139209C9DA5D1F3127F6BC
Server-Timing: inner; dur=24
x-tt-trace-host: 018e5a586174a888928d793bdac74b79b51a437ee89a1c03eb2011d034a2e3e9f5cd9681ead7d6e9026c0424bcd7529bdc355c585d0a1dde27f4c1ce23d42a7b1f5d0ea9bad97ef627ba26254151dd889c8cc81ee091cdd8fae7169b3fbdbdc865
x-tt-trace-id: 00-2501201427139209C9DA5D1F3127F6BC-245D5CC38018BC2B-00
Expires: Mon, 20 Jan 2025 14:27:13 GMT
Cache-Control: max-age=0, no-cache, no-store
Pragma: no-cache
Date: Mon, 20 Jan 2025 14:27:13 GMT
X-Cache: TCP_MISS from a95-101-134-92.deploy.akamaitechnologies.com (AkamaiGHost/11.8.0-1debf780f7d7c834933fa9689361eec6) (-)
Connection: close
x-tt-trace-tag: id=16;cdn-cache=miss;type=dyn
Server-Timing: cdn-cache; desc=MISS, edge; dur=8, origin; dur=104
X-Origin-Response-Time: 105,95.101.134.92
X-Akamai-Request-ID: 1f6b1235

{"code": 0, "message": "OK", "request_id": "202501201427139209C9DA5D1F3127F6BC", "data": {}}
2025-01-20T14:27:13+00:00 DEBUG POST: https://business-api.tiktok.com/open_api/v1.3/event/track/

{"partner_name":"WooCommerce","event_source":"web","event_source_id":"CSM79Q3C77UAG1T340I0","data":[{"event":"Pageview","event_id":"678e5d41b322a_tt4b_woocommerce_670666209cf1f","event_time":1737383233,"user":{"ip":"195.191.219.131","user_agent":"Mozilla\/5.0 (compatible; MJ12bot\/v1.4.8; http:\/\/mj12bot.com\/)","locale":"ar","external_id":"0","email":"e3b0c44298fc1c149afbf4c8996fb92427ae41e4649b934ca495991b7852b855","phone_number":"e3b0c44298fc1c149afbf4c8996fb92427ae41e4649b934ca495991b7852b855","first_name":"e3b0c44298fc1c149afbf4c8996fb92427ae41e4649b934ca495991b7852b855","last_name":"e3b0c44298fc1c149afbf4c8996fb92427ae41e4649b934ca495991b7852b855","zip_code":"e3b0c44298fc1c149afbf4c8996fb92427ae41e4649b934ca495991b7852b855"},"page":{"url":"http:\/\/ibn-sinaa.com\/product-category\/%D8%B7%D8%A8%D8%A7%D8%B9%D8%A9-%D8%AF%D9%8A%D8%AC%D8%AA%D8%A7%D9%84\/%D9%81%D9%88%D9%84%D8%AF%D8%B1%D8%A7%D8%AA\/?add-to-cart=3545"}}]}
 ajax: no
2025-01-20T14:27:13+00:00 DEBUG Tt4b_Mapi_Class::mapi_post: Response: 

HTTP/1.1 200 OK
Server: nginx
Content-Type: application/json
Content-Length: 92
X-Tt-Logid: 20250120142713BAD85E9D00B5BD323B0B
Server-Timing: inner; dur=18
x-tt-trace-host: 018e5a586174a888928d793bdac74b79b51a437ee89a1c03eb2011d034a2e3e9f506bf311234603d00fe31ea519683301a0ccde4f0c07f97f7bf189ebc05f3c64e4af9c7f8c5a3986d059dc8097bf1fd1d377cbb188e9cc06fea3d6ec08fcf2dd3
x-tt-trace-id: 00-250120142713BAD85E9D00B5BD323B0B-0A81D210502E7F0A-00
Expires: Mon, 20 Jan 2025 14:27:13 GMT
Cache-Control: max-age=0, no-cache, no-store
Pragma: no-cache
Date: Mon, 20 Jan 2025 14:27:13 GMT
X-Cache: TCP_MISS from a95-101-134-92.deploy.akamaitechnologies.com (AkamaiGHost/11.8.0-1debf780f7d7c834933fa9689361eec6) (-)
Connection: close
x-tt-trace-tag: id=16;cdn-cache=miss;type=dyn
Server-Timing: cdn-cache; desc=MISS, edge; dur=5, origin; dur=103
X-Origin-Response-Time: 104,95.101.134.92
X-Akamai-Request-ID: 1f6b1d30

{"code": 0, "message": "OK", "request_id": "20250120142713BAD85E9D00B5BD323B0B", "data": {}}
2025-01-20T14:27:18+00:00 DEBUG POST: https://business-api.tiktok.com/open_api/v1.3/event/track/

{"partner_name":"WooCommerce","event_source":"web","event_source_id":"CSM79Q3C77UAG1T340I0","data":[{"event":"Pageview","event_id":"678e5d46541e4_tt4b_woocommerce_670666209cf1f","event_time":1737383238,"user":{"ip":"195.191.219.131","user_agent":"Mozilla\/5.0 (compatible; MJ12bot\/v1.4.8; http:\/\/mj12bot.com\/)","locale":"ar","external_id":"0","email":"e3b0c44298fc1c149afbf4c8996fb92427ae41e4649b934ca495991b7852b855","phone_number":"e3b0c44298fc1c149afbf4c8996fb92427ae41e4649b934ca495991b7852b855","first_name":"e3b0c44298fc1c149afbf4c8996fb92427ae41e4649b934ca495991b7852b855","last_name":"e3b0c44298fc1c149afbf4c8996fb92427ae41e4649b934ca495991b7852b855","zip_code":"e3b0c44298fc1c149afbf4c8996fb92427ae41e4649b934ca495991b7852b855"},"page":{"url":"http:\/\/ibn-sinaa.com\/product-tag\/%D8%B7%D8%A8%D8%A7%D8%B9%D8%A9-%D8%B4%D8%B1%D9%83%D8%A7%D8%AA\/page\/2\/"}}]}
 ajax: no
2025-01-20T14:27:18+00:00 DEBUG Tt4b_Mapi_Class::mapi_post: Response: 

HTTP/1.1 200 OK
Server: nginx
Content-Type: application/json
Content-Length: 92
X-Tt-Logid: 202501201427188DAD78FEC772D92C98B8
Server-Timing: inner; dur=154
x-tt-trace-host: 018e5a586174a888928d793bdac74b79b51a437ee89a1c03eb2011d034a2e3e9f524cc94045cc8f86cdaf81d78f9bb09ac354bef4169da49dec5d56be295b6046aee65f4f48c51f15f2669886715ef9e45e671888889cf77c318a184616aa8ddcd
x-tt-trace-id: 00-2501201427188DAD78FEC772D92C98B8-39C987933C5DD9EA-00
Expires: Mon, 20 Jan 2025 14:27:18 GMT
Cache-Control: max-age=0, no-cache, no-store
Pragma: no-cache
Date: Mon, 20 Jan 2025 14:27:18 GMT
X-Cache: TCP_MISS from a95-101-134-92.deploy.akamaitechnologies.com (AkamaiGHost/11.8.0-1debf780f7d7c834933fa9689361eec6) (-)
Connection: close
x-tt-trace-tag: id=16;cdn-cache=miss;type=dyn
Server-Timing: cdn-cache; desc=MISS, edge; dur=5, origin; dur=234
X-Origin-Response-Time: 235,95.101.134.92
X-Akamai-Request-ID: 1f6bb1e8

{"code": 0, "message": "OK", "request_id": "202501201427188DAD78FEC772D92C98B8", "data": {}}
2025-01-20T14:27:23+00:00 DEBUG POST: https://business-api.tiktok.com/open_api/v1.3/event/track/

{"partner_name":"WooCommerce","event_source":"web","event_source_id":"CSM79Q3C77UAG1T340I0","data":[{"event":"Pageview","event_id":"678e5d4b5349d_tt4b_woocommerce_670666209cf1f","event_time":1737383243,"user":{"ip":"195.191.219.131","user_agent":"Mozilla\/5.0 (compatible; MJ12bot\/v1.4.8; http:\/\/mj12bot.com\/)","locale":"ar","external_id":"0","email":"e3b0c44298fc1c149afbf4c8996fb92427ae41e4649b934ca495991b7852b855","phone_number":"e3b0c44298fc1c149afbf4c8996fb92427ae41e4649b934ca495991b7852b855","first_name":"e3b0c44298fc1c149afbf4c8996fb92427ae41e4649b934ca495991b7852b855","last_name":"e3b0c44298fc1c149afbf4c8996fb92427ae41e4649b934ca495991b7852b855","zip_code":"e3b0c44298fc1c149afbf4c8996fb92427ae41e4649b934ca495991b7852b855"},"page":{"url":"http:\/\/ibn-sinaa.com\/product-tag\/%D9%85%D8%AA%D8%AC%D8%B1-%D8%B1%D9%82%D9%85%D9%8A-%D9%84%D9%84%D8%B3%D8%AC%D9%84%D8%A7%D8%AA-%D8%A7%D9%84%D9%85%D8%AF%D8%B1%D8%B3%D9%8A%D8%A9\/"}}]}
 ajax: no
2025-01-20T14:27:23+00:00 DEBUG Tt4b_Mapi_Class::mapi_post: Response: 

HTTP/1.1 200 OK
Server: nginx
Content-Type: application/json
Content-Length: 92
X-Tt-Logid: 2025012014272397D081C3D38B58B9BEC0
x-tt-trace-host: 018e5a586174a888928d793bdac74b79b56517d7628cf0ffdff56b078ad2cf5615a1dc161f7748850b04c0b5d06a603691616cefbe074d46b75240df9cca2d2f3a714e850126ed67499dae63b37cf8aa3665ad8085d4ebcc6cc720088ae26b0c1f8b874aa225045be351786a8cb22c96cb
x-tt-trace-id: 00-25012014272397D081C3D38B58B9BEC0-080223E8599EE53E-00
X-Origin-Response-Time: 30,23.52.15.231
X-Akamai-Request-ID: 791688be.1f6c52e9
Expires: Mon, 20 Jan 2025 14:27:23 GMT
Cache-Control: max-age=0, no-cache, no-store
Pragma: no-cache
Date: Mon, 20 Jan 2025 14:27:23 GMT
X-Cache: TCP_MISS from a95-101-134-92.deploy.akamaitechnologies.com (AkamaiGHost/11.8.0-1debf780f7d7c834933fa9689361eec6) (-)
Connection: close
X-Cache-Remote: TCP_MISS from a23-52-15-231.deploy.akamaitechnologies.com (AkamaiGHost/11.8.0-1debf780f7d7c834933fa9689361eec6) (-)
x-tt-trace-tag: id=16;cdn-cache=miss;type=dyn
Server-Timing: cdn-cache; desc=MISS, edge; dur=86, origin; dur=30
Server-Timing: inner; dur=26
X-Parent-Response-Time: 111,95.101.134.92

{"code": 0, "message": "OK", "request_id": "2025012014272397D081C3D38B58B9BEC0", "data": {}}
2025-01-20T14:27:28+00:00 DEBUG POST: https://business-api.tiktok.com/open_api/v1.3/event/track/

{"partner_name":"WooCommerce","event_source":"web","event_source_id":"CSM79Q3C77UAG1T340I0","data":[{"event":"Pageview","event_id":"678e5d502d37b_tt4b_woocommerce_670666209cf1f","event_time":1737383248,"user":{"ip":"195.191.219.131","user_agent":"Mozilla\/5.0 (compatible; MJ12bot\/v1.4.8; http:\/\/mj12bot.com\/)","locale":"ar","external_id":"0","email":"e3b0c44298fc1c149afbf4c8996fb92427ae41e4649b934ca495991b7852b855","phone_number":"e3b0c44298fc1c149afbf4c8996fb92427ae41e4649b934ca495991b7852b855","first_name":"e3b0c44298fc1c149afbf4c8996fb92427ae41e4649b934ca495991b7852b855","last_name":"e3b0c44298fc1c149afbf4c8996fb92427ae41e4649b934ca495991b7852b855","zip_code":"e3b0c44298fc1c149afbf4c8996fb92427ae41e4649b934ca495991b7852b855"},"page":{"url":"http:\/\/ibn-sinaa.com\/product\/%D8%B3%D8%AC%D9%84%D8%A7%D8%AA-%D9%85%D8%A7%D8%AF%D8%A9-%D8%A7%D9%84%D8%A7%D8%AD%D9%8A%D8%A7%D8%A1\/feed\/"}}]}
 ajax: no
2025-01-20T14:27:28+00:00 DEBUG Tt4b_Mapi_Class::mapi_post: Response: 

HTTP/1.1 200 OK
Server: nginx
Content-Type: application/json
Content-Length: 92
X-Tt-Logid: 20250120142728791BFF7D9967A9D6DBC1
Server-Timing: inner; dur=20
x-tt-trace-host: 018e5a586174a888928d793bdac74b79b546481499826e61e341177deeedfd94a47158b2c4ae9a0de793885bb812240d8a628c0d1f38215dbadfbf4e40fc7644ab2d13d8e8976396fa06242427faa7865954bcfb28973390e044ece5aad9c9d0b6
x-tt-trace-id: 00-250120142728791BFF7D9967A9D6DBC1-67E56A27A7538FE0-00
Expires: Mon, 20 Jan 2025 14:27:28 GMT
Cache-Control: max-age=0, no-cache, no-store
Pragma: no-cache
Date: Mon, 20 Jan 2025 14:27:28 GMT
X-Cache: TCP_MISS from a95-101-134-30.deploy.akamaitechnologies.com (AkamaiGHost/11.8.0-1debf780f7d7c834933fa9689361eec6) (-)
Connection: close
x-tt-trace-tag: id=16;cdn-cache=miss;type=dyn
Server-Timing: cdn-cache; desc=MISS, edge; dur=5, origin; dur=102
X-Origin-Response-Time: 103,95.101.134.30
X-Akamai-Request-ID: 1f0f100f

{"code": 0, "message": "OK", "request_id": "20250120142728791BFF7D9967A9D6DBC1", "data": {}}
2025-01-20T14:27:32+00:00 DEBUG POST: https://business-api.tiktok.com/open_api/v1.3/event/track/

{"partner_name":"WooCommerce","event_source":"web","event_source_id":"CSM79Q3C77UAG1T340I0","data":[{"event":"Pageview","event_id":"678e5d54e4842_tt4b_woocommerce_670666209cf1f","event_time":1737383252,"user":{"ip":"195.191.219.131","user_agent":"Mozilla\/5.0 (compatible; MJ12bot\/v1.4.8; http:\/\/mj12bot.com\/)","locale":"ar","external_id":"0","email":"e3b0c44298fc1c149afbf4c8996fb92427ae41e4649b934ca495991b7852b855","phone_number":"e3b0c44298fc1c149afbf4c8996fb92427ae41e4649b934ca495991b7852b855","first_name":"e3b0c44298fc1c149afbf4c8996fb92427ae41e4649b934ca495991b7852b855","last_name":"e3b0c44298fc1c149afbf4c8996fb92427ae41e4649b934ca495991b7852b855","zip_code":"e3b0c44298fc1c149afbf4c8996fb92427ae41e4649b934ca495991b7852b855"},"page":{"url":"http:\/\/ibn-sinaa.com\/product\/%D8%B3%D8%AC%D9%84%D8%A7%D8%AA-%D9%85%D8%A7%D8%AF%D8%A9-%D8%A7%D9%84%D8%AA%D8%B1%D8%A8%D9%8A%D8%A9-%D8%A7%D9%84%D8%A7%D8%B3%D8%B1%D9%8A%D8%A9\/feed\/"}}]}
 ajax: no
2025-01-20T14:27:33+00:00 DEBUG Tt4b_Mapi_Class::mapi_post: Response: 

HTTP/1.1 200 OK
Server: nginx
Content-Type: application/json
Content-Length: 92
X-Tt-Logid: 20250120142733522321F4C5221778B94A
Server-Timing: inner; dur=21
x-tt-trace-host: 018e5a586174a888928d793bdac74b79b51a437ee89a1c03eb2011d034a2e3e9f5bd4486604e0d7bbc9ec3d2f52c9e9731287cd7bb98f56c0d8e7cb17c29a0f104ca4ce26d375ccffd40af877bea74bd7ec38431c6cb4c2b5dc773324c6cb0ba18
x-tt-trace-id: 00-250120142733522321F4C5221778B94A-0C3F64122EC8FF4C-00
Expires: Mon, 20 Jan 2025 14:27:33 GMT
Cache-Control: max-age=0, no-cache, no-store
Pragma: no-cache
Date: Mon, 20 Jan 2025 14:27:33 GMT
X-Cache: TCP_MISS from a95-101-134-92.deploy.akamaitechnologies.com (AkamaiGHost/11.8.0-1debf780f7d7c834933fa9689361eec6) (-)
Connection: close
x-tt-trace-tag: id=16;cdn-cache=miss;type=dyn
Server-Timing: cdn-cache; desc=MISS, edge; dur=5, origin; dur=104
X-Origin-Response-Time: 105,95.101.134.92
X-Akamai-Request-ID: 1f6d8c6f

{"code": 0, "message": "OK", "request_id": "20250120142733522321F4C5221778B94A", "data": {}}
2025-01-20T14:27:37+00:00 DEBUG POST: https://business-api.tiktok.com/open_api/v1.3/event/track/

{"partner_name":"WooCommerce","event_source":"web","event_source_id":"CSM79Q3C77UAG1T340I0","data":[{"event":"Pageview","event_id":"678e5d59ed6d2_tt4b_woocommerce_670666209cf1f","event_time":1737383257,"user":{"ip":"195.191.219.131","user_agent":"Mozilla\/5.0 (compatible; MJ12bot\/v1.4.8; http:\/\/mj12bot.com\/)","locale":"ar","external_id":"0","email":"e3b0c44298fc1c149afbf4c8996fb92427ae41e4649b934ca495991b7852b855","phone_number":"e3b0c44298fc1c149afbf4c8996fb92427ae41e4649b934ca495991b7852b855","first_name":"e3b0c44298fc1c149afbf4c8996fb92427ae41e4649b934ca495991b7852b855","last_name":"e3b0c44298fc1c149afbf4c8996fb92427ae41e4649b934ca495991b7852b855","zip_code":"e3b0c44298fc1c149afbf4c8996fb92427ae41e4649b934ca495991b7852b855"},"page":{"url":"http:\/\/ibn-sinaa.com\/product\/%D8%B3%D8%AC%D9%84%D8%A7%D8%AA-%D9%85%D8%A7%D8%AF%D8%A9-%D8%A7%D9%84%D8%AA%D8%B1%D8%A8%D9%8A%D8%A9-%D8%A7%D9%84%D8%A7%D8%B3%D9%84%D8%A7%D9%85%D9%8A%D8%A9\/feed\/"}}]}
 ajax: no
2025-01-20T14:27:38+00:00 DEBUG Tt4b_Mapi_Class::mapi_post: Response: 

HTTP/1.1 200 OK
Server: nginx
Content-Type: application/json
Content-Length: 92
X-Tt-Logid: 20250120142738613DCE174EAA392F4DB0
x-tt-trace-host: 018e5a586174a888928d793bdac74b79b56517d7628cf0ffdff56b078ad2cf56159e029f8b00bf02612827b4ef8d4bb0b9c78c20dc19b5fef39f563e4d828f7e8e4625afba14f6e5450444876140f509767944d7a6fd3e91f79bb6c0554cfcd1c9ca2acdb47c633667fb085c926aab30c7
x-tt-trace-id: 00-250120142738613DCE174EAA392F4DB0-396E30CA6439977F-00
X-Origin-Response-Time: 34,23.218.219.60
X-Akamai-Request-ID: 3719693.1f6e3016
Expires: Mon, 20 Jan 2025 14:27:38 GMT
Cache-Control: max-age=0, no-cache, no-store
Pragma: no-cache
Date: Mon, 20 Jan 2025 14:27:38 GMT
X-Cache: TCP_MISS from a95-101-134-92.deploy.akamaitechnologies.com (AkamaiGHost/11.8.0-1debf780f7d7c834933fa9689361eec6) (-)
Connection: close
X-Cache-Remote: TCP_MISS from a23-218-219-60.deploy.akamaitechnologies.com (AkamaiGHost/11.8.0-1debf780f7d7c834933fa9689361eec6) (-)
x-tt-trace-tag: id=16;cdn-cache=miss;type=dyn
Server-Timing: cdn-cache; desc=MISS, edge; dur=88, origin; dur=34
Server-Timing: inner; dur=30
X-Parent-Response-Time: 117,95.101.134.92

{"code": 0, "message": "OK", "request_id": "20250120142738613DCE174EAA392F4DB0", "data": {}}
2025-01-20T14:27:45+00:00 DEBUG POST: https://business-api.tiktok.com/open_api/v1.3/event/track/

{"partner_name":"WooCommerce","event_source":"web","event_source_id":"CSM79Q3C77UAG1T340I0","data":[{"event":"Pageview","event_id":"678e5d6157290_tt4b_woocommerce_670666209cf1f","event_time":1737383265,"user":{"ip":"195.191.219.131","user_agent":"Mozilla\/5.0 (compatible; MJ12bot\/v1.4.8; http:\/\/mj12bot.com\/)","locale":"ar","external_id":"0","email":"e3b0c44298fc1c149afbf4c8996fb92427ae41e4649b934ca495991b7852b855","phone_number":"e3b0c44298fc1c149afbf4c8996fb92427ae41e4649b934ca495991b7852b855","first_name":"e3b0c44298fc1c149afbf4c8996fb92427ae41e4649b934ca495991b7852b855","last_name":"e3b0c44298fc1c149afbf4c8996fb92427ae41e4649b934ca495991b7852b855","zip_code":"e3b0c44298fc1c149afbf4c8996fb92427ae41e4649b934ca495991b7852b855"},"page":{"url":"http:\/\/ibn-sinaa.com\/product\/arched-advertising-table\/"}}]}
 ajax: no
2025-01-20T14:27:45+00:00 DEBUG Tt4b_Mapi_Class::mapi_post: Response: 

HTTP/1.1 200 OK
Server: nginx
Content-Type: application/json
Content-Length: 92
X-Tt-Logid: 2025012014274577B0ECFE057B11280943
x-tt-trace-host: 018e5a586174a888928d793bdac74b79b56517d7628cf0ffdff56b078ad2cf5615a1dc161f7748850b04c0b5d06a603691720e17448b5709feeb6f5e555beccfef7754ab618366d88ea21961cefe5220bc8c331c9f4b51a207382b49dddea90cbfbb50b1032628d00ca4f39f12589c07f4
x-tt-trace-id: 00-25012014274577B0ECFE057B11280943-39C987933C5DFC7A-00
X-Origin-Response-Time: 39,23.52.15.231
X-Akamai-Request-ID: 791b88e1.1f6f25ed
Expires: Mon, 20 Jan 2025 14:27:45 GMT
Cache-Control: max-age=0, no-cache, no-store
Pragma: no-cache
Date: Mon, 20 Jan 2025 14:27:45 GMT
X-Cache: TCP_MISS from a95-101-134-92.deploy.akamaitechnologies.com (AkamaiGHost/11.8.0-1debf780f7d7c834933fa9689361eec6) (-)
Connection: close
X-Cache-Remote: TCP_MISS from a23-52-15-231.deploy.akamaitechnologies.com (AkamaiGHost/11.8.0-1debf780f7d7c834933fa9689361eec6) (-)
x-tt-trace-tag: id=16;cdn-cache=miss;type=dyn
Server-Timing: cdn-cache; desc=MISS, edge; dur=91, origin; dur=39
Server-Timing: inner; dur=35
X-Parent-Response-Time: 125,95.101.134.92

{"code": 0, "message": "OK", "request_id": "2025012014274577B0ECFE057B11280943", "data": {}}
2025-01-20T14:27:45+00:00 DEBUG Tt4b_Pixel_Class::inject_view_content_event: hit ViewContent
2025-01-20T14:27:45+00:00 DEBUG POST: https://business-api.tiktok.com/open_api/v1.3/event/track/

{"partner_name":"WooCommerce","event_source":"web","event_source_id":"CSM79Q3C77UAG1T340I0","data":[{"event":"ViewContent","event_id":"678e5d619441e_tt4b_woocommerce_670666209cf1f_4330","event_time":1737383265,"user":{"ip":"195.191.219.131","user_agent":"Mozilla\/5.0 (compatible; MJ12bot\/v1.4.8; http:\/\/mj12bot.com\/)","locale":"ar","external_id":"0","email":"e3b0c44298fc1c149afbf4c8996fb92427ae41e4649b934ca495991b7852b855","phone_number":"e3b0c44298fc1c149afbf4c8996fb92427ae41e4649b934ca495991b7852b855","first_name":"e3b0c44298fc1c149afbf4c8996fb92427ae41e4649b934ca495991b7852b855","last_name":"e3b0c44298fc1c149afbf4c8996fb92427ae41e4649b934ca495991b7852b855","zip_code":"e3b0c44298fc1c149afbf4c8996fb92427ae41e4649b934ca495991b7852b855"},"properties":{"contents":[{"price":900,"quantity":1,"content_id":"4330","content_name":"\u0637\u0627\u0648\u0644\u0629 \u062f\u0639\u0627\u0626\u064a\u0629 \u0645\u0642\u0648\u0633\u0629","description":"\u0637\u0627\u0648\u0644\u0629 \u062f\u0639\u0627\u0626\u064a\u0629 \u0645\u0642\u0648\u0633\u0629 : \u0645\u062b\u0627\u0644\u064a\u0629 \u0644\u0639\u0631\u0636 \u0627\u0644\u0645\u0646\u062a\u062c\u0627\u062a \u0648\u0627\u0644\u062e\u062f\u0645\u0627\u062a \u0628\u062c\u0648\u062f\u0629 \u0639\u0627\u0644\u064a\u0629 \u0648\u062a\u0635\u0645\u064a\u0645 \u062c\u0630\u0627\u0628. \u0645\u062b\u0627\u0644\u064a\u0629 \u0644\u0644\u0627\u0633\u062a\u062e\u062f\u0627\u0645 \u0641\u064a \u0627\u0644\u0645\u0639\u0627\u0631\u0636 \u0648\u0627\u0644\u0641\u0639\u0627\u0644\u064a\u0627\u062a \u0627\u0644\u062a\u0633\u0648\u064a\u0642\u064a\u0629\u060c \u062a\u062a\u0645\u064a\u0632 \u0628\u0645\u062a\u0627\u0646\u062a\u0647\u0627 \u0648\u0633\u0647\u0648\u0644\u0629 \u0646\u0642\u0644\u0647\u0627 \u0648\u062a\u0631\u0643\u064a\u0628\u0647\u0627. \u062a\u062c\u0639\u0644 \u0639\u0631\u0636 \u0645\u0646\u062a\u062c\u0627\u062a\u0643 \u0623\u0643\u062b\u0631 \u062c\u0627\u0630\u0628\u064a\u0629 \u0648\u062a\u0646\u0638\u064a\u0645\u064b\u0627.","availability":"IN_STOCK","sale_price":900,"on_sale":false}],"content_type":"product","currency":"SAR","value":900,"event_trigger_source":"WooCommerce"},"page":{"url":"http:\/\/ibn-sinaa.com\/product\/arched-advertising-table\/"}}]}
 ajax: no
2025-01-20T14:27:45+00:00 DEBUG Tt4b_Mapi_Class::mapi_post: Response: 

HTTP/1.1 200 OK
Server: nginx
Content-Type: application/json
Content-Length: 92
X-Tt-Logid: 20250120142745412E6D94E53585303782
x-tt-trace-host: 018e5a586174a888928d793bdac74b79b56517d7628cf0ffdff56b078ad2cf5615c99b4514acc6cdbcb4f570935c1b86e33a1a2cb138cddccac51b2f3d4b2b884b5e8d9a722f1d9de799a4d9467a3f2464f27d1ccb15c874cfaa8ede9a8ff5b3317532c1f5cbde4389c13e191a28feea56
x-tt-trace-id: 00-250120142745412E6D94E53585303782-35911C4D76623110-00
X-Origin-Response-Time: 57,23.52.15.143
X-Akamai-Request-ID: 8681d73f.1f6f2d65
Expires: Mon, 20 Jan 2025 14:27:45 GMT
Cache-Control: max-age=0, no-cache, no-store
Pragma: no-cache
Date: Mon, 20 Jan 2025 14:27:45 GMT
X-Cache: TCP_MISS from a95-101-134-92.deploy.akamaitechnologies.com (AkamaiGHost/11.8.0-1debf780f7d7c834933fa9689361eec6) (-)
Connection: close
X-Cache-Remote: TCP_MISS from a23-52-15-143.deploy.akamaitechnologies.com (AkamaiGHost/11.8.0-1debf780f7d7c834933fa9689361eec6) (-)
x-tt-trace-tag: id=16;cdn-cache=miss;type=dyn
Server-Timing: cdn-cache; desc=MISS, edge; dur=243, origin; dur=57
Server-Timing: inner; dur=54
X-Parent-Response-Time: 294,95.101.134.92

{"code": 0, "message": "OK", "request_id": "20250120142745412E6D94E53585303782", "data": {}}
2025-01-20T14:27:50+00:00 DEBUG POST: https://business-api.tiktok.com/open_api/v1.3/event/track/

{"partner_name":"WooCommerce","event_source":"web","event_source_id":"CSM79Q3C77UAG1T340I0","data":[{"event":"Pageview","event_id":"678e5d664d30a_tt4b_woocommerce_670666209cf1f","event_time":1737383270,"user":{"ip":"195.191.219.131","user_agent":"Mozilla\/5.0 (compatible; MJ12bot\/v1.4.8; http:\/\/mj12bot.com\/)","locale":"ar","external_id":"0","email":"e3b0c44298fc1c149afbf4c8996fb92427ae41e4649b934ca495991b7852b855","phone_number":"e3b0c44298fc1c149afbf4c8996fb92427ae41e4649b934ca495991b7852b855","first_name":"e3b0c44298fc1c149afbf4c8996fb92427ae41e4649b934ca495991b7852b855","last_name":"e3b0c44298fc1c149afbf4c8996fb92427ae41e4649b934ca495991b7852b855","zip_code":"e3b0c44298fc1c149afbf4c8996fb92427ae41e4649b934ca495991b7852b855"},"page":{"url":"http:\/\/ibn-sinaa.com\/product\/%D8%B7%D8%A7%D9%88%D9%84%D8%A9-%D8%AF%D8%B9%D8%A7%D8%A6%D9%8A%D8%A9-%D9%85%D9%82%D9%88%D8%B3%D8%A9\/feed\/"}}]}
 ajax: no
2025-01-20T14:27:50+00:00 DEBUG Tt4b_Mapi_Class::mapi_post: Response: 

HTTP/1.1 200 OK
Server: nginx
Content-Type: application/json
Content-Length: 92
X-Tt-Logid: 20250120142750AB8A89A5031E043A802D
Server-Timing: inner; dur=30
x-tt-trace-host: 018e5a586174a888928d793bdac74b79b520593bf434961dbceff88e4b17f9a156c36c8d7b4c3f21b3e0dd513bbb6925dac0acf12dd151b769ee9497fdb05b063ed8af8456e802c1cd031ee7f70b6c0a26e94f30e6d151e6facb3bf2cff722fbe6
x-tt-trace-id: 00-250120142750AB8A89A5031E043A802D-1B3B195731E7F592-00
Expires: Mon, 20 Jan 2025 14:27:50 GMT
Cache-Control: max-age=0, no-cache, no-store
Pragma: no-cache
Date: Mon, 20 Jan 2025 14:27:50 GMT
X-Cache: TCP_MISS from a95-101-134-116.deploy.akamaitechnologies.com (AkamaiGHost/11.8.0-1debf780f7d7c834933fa9689361eec6) (-)
Connection: close
x-tt-trace-tag: id=16;cdn-cache=miss;type=dyn
Server-Timing: cdn-cache; desc=MISS, edge; dur=4, origin; dur=113
X-Origin-Response-Time: 113,95.101.134.116
X-Akamai-Request-ID: f8a3520

{"code": 0, "message": "OK", "request_id": "20250120142750AB8A89A5031E043A802D", "data": {}}
2025-01-20T14:27:55+00:00 DEBUG POST: https://business-api.tiktok.com/open_api/v1.3/event/track/

{"partner_name":"WooCommerce","event_source":"web","event_source_id":"CSM79Q3C77UAG1T340I0","data":[{"event":"Pageview","event_id":"678e5d6b99c0a_tt4b_woocommerce_670666209cf1f","event_time":1737383275,"user":{"ip":"195.191.219.131","user_agent":"Mozilla\/5.0 (compatible; MJ12bot\/v1.4.8; http:\/\/mj12bot.com\/)","locale":"ar","external_id":"0","email":"e3b0c44298fc1c149afbf4c8996fb92427ae41e4649b934ca495991b7852b855","phone_number":"e3b0c44298fc1c149afbf4c8996fb92427ae41e4649b934ca495991b7852b855","first_name":"e3b0c44298fc1c149afbf4c8996fb92427ae41e4649b934ca495991b7852b855","last_name":"e3b0c44298fc1c149afbf4c8996fb92427ae41e4649b934ca495991b7852b855","zip_code":"e3b0c44298fc1c149afbf4c8996fb92427ae41e4649b934ca495991b7852b855"},"page":{"url":"http:\/\/www.ibn-sinaa.com\/en\/product-category\/advertising\/%D8%A7%D8%B9%D9%84%D8%A7%D9%85"}}]}
 ajax: no
2025-01-20T14:27:55+00:00 DEBUG Tt4b_Mapi_Class::mapi_post: Response: 

HTTP/1.1 200 OK
Server: nginx
Content-Type: application/json
Content-Length: 92
X-Tt-Logid: 202501201427555FD661EB2E628C894701
Server-Timing: inner; dur=25
x-tt-trace-host: 018e5a586174a888928d793bdac74b79b520593bf434961dbceff88e4b17f9a1562f87d263f9dff2341d55b3dd77901f4d965fc4033640cdab12697fa780f3ae966958438d59b47f9916fe680c57187a4a54ece1ce80e5954ef001ecc4b138930a
x-tt-trace-id: 00-2501201427555FD661EB2E628C894701-392C79336ABC9FC3-00
Expires: Mon, 20 Jan 2025 14:27:55 GMT
Cache-Control: max-age=0, no-cache, no-store
Pragma: no-cache
Date: Mon, 20 Jan 2025 14:27:55 GMT
X-Cache: TCP_MISS from a95-101-134-116.deploy.akamaitechnologies.com (AkamaiGHost/11.8.0-1debf780f7d7c834933fa9689361eec6) (-)
Connection: close
x-tt-trace-tag: id=16;cdn-cache=miss;type=dyn
Server-Timing: cdn-cache; desc=MISS, edge; dur=5, origin; dur=104
X-Origin-Response-Time: 104,95.101.134.116
X-Akamai-Request-ID: f8ac7ba

{"code": 0, "message": "OK", "request_id": "202501201427555FD661EB2E628C894701", "data": {}}
2025-01-20T14:28:03+00:00 DEBUG POST: https://business-api.tiktok.com/open_api/v1.3/event/track/

{"partner_name":"WooCommerce","event_source":"web","event_source_id":"CSM79Q3C77UAG1T340I0","data":[{"event":"Pageview","event_id":"678e5d73543c8_tt4b_woocommerce_670666209cf1f","event_time":1737383283,"user":{"ip":"195.191.219.131","user_agent":"Mozilla\/5.0 (compatible; MJ12bot\/v1.4.8; http:\/\/mj12bot.com\/)","locale":"ar","external_id":"0","email":"e3b0c44298fc1c149afbf4c8996fb92427ae41e4649b934ca495991b7852b855","phone_number":"e3b0c44298fc1c149afbf4c8996fb92427ae41e4649b934ca495991b7852b855","first_name":"e3b0c44298fc1c149afbf4c8996fb92427ae41e4649b934ca495991b7852b855","last_name":"e3b0c44298fc1c149afbf4c8996fb92427ae41e4649b934ca495991b7852b855","zip_code":"e3b0c44298fc1c149afbf4c8996fb92427ae41e4649b934ca495991b7852b855"},"page":{"url":"http:\/\/www.ibn-sinaa.com\/en\/product-tag\/%D8%B7%D8%A8%D8%A7%D8%B9%D8%A9-%D8%B9%D9%84%D9%85-%D9%85%D9%83%D8%AA%D8%A8%D9%8A\/"}}]}
 ajax: no
2025-01-20T14:28:03+00:00 DEBUG Tt4b_Mapi_Class::mapi_post: Response: 

HTTP/1.1 200 OK
Server: nginx
Content-Type: application/json
Content-Length: 92
X-Tt-Logid: 20250120142803522321F4C5221778D72C
Server-Timing: inner; dur=25
x-tt-trace-host: 018e5a586174a888928d793bdac74b79b51a437ee89a1c03eb2011d034a2e3e9f5bd4486604e0d7bbc9ec3d2f52c9e97316187efee74e111878ce71c7dadba38a59794647ff11424f83525b232f5109fa1de1f4a832ee1fe405b8b462cd413637a
x-tt-trace-id: 00-250120142803522321F4C5221778D72C-0895695D92FA1010-00
Expires: Mon, 20 Jan 2025 14:28:03 GMT
Cache-Control: max-age=0, no-cache, no-store
Pragma: no-cache
Date: Mon, 20 Jan 2025 14:28:03 GMT
X-Cache: TCP_MISS from a95-101-134-92.deploy.akamaitechnologies.com (AkamaiGHost/11.8.0-1debf780f7d7c834933fa9689361eec6) (-)
Connection: close
x-tt-trace-tag: id=16;cdn-cache=miss;type=dyn
Server-Timing: cdn-cache; desc=MISS, edge; dur=5, origin; dur=107
X-Origin-Response-Time: 108,95.101.134.92
X-Akamai-Request-ID: 1f716dd0

{"code": 0, "message": "OK", "request_id": "20250120142803522321F4C5221778D72C", "data": {}}
2025-01-20T14:28:07+00:00 DEBUG POST: https://business-api.tiktok.com/open_api/v1.3/event/track/

{"partner_name":"WooCommerce","event_source":"web","event_source_id":"CSM79Q3C77UAG1T340I0","data":[{"event":"Pageview","event_id":"678e5d77e1d48_tt4b_woocommerce_670666209cf1f","event_time":1737383287,"user":{"ip":"195.191.219.131","user_agent":"Mozilla\/5.0 (compatible; MJ12bot\/v1.4.8; http:\/\/mj12bot.com\/)","locale":"ar","external_id":"0","email":"e3b0c44298fc1c149afbf4c8996fb92427ae41e4649b934ca495991b7852b855","phone_number":"e3b0c44298fc1c149afbf4c8996fb92427ae41e4649b934ca495991b7852b855","first_name":"e3b0c44298fc1c149afbf4c8996fb92427ae41e4649b934ca495991b7852b855","last_name":"e3b0c44298fc1c149afbf4c8996fb92427ae41e4649b934ca495991b7852b855","zip_code":"e3b0c44298fc1c149afbf4c8996fb92427ae41e4649b934ca495991b7852b855"},"page":{"url":"http:\/\/www.ibn-sinaa.com\/en\/product-tag\/%D8%B7%D8%A8%D8%A7%D8%B9%D8%A9-%D8%B9%D9%84%D9%89-%D9%81%D9%88%D8%B1%D9%83%D8%B3\/"}}]}
 ajax: no
2025-01-20T14:28:08+00:00 DEBUG Tt4b_Mapi_Class::mapi_post: Response: 

HTTP/1.1 200 OK
Server: nginx
Content-Type: application/json
Content-Length: 92
X-Tt-Logid: 202501201428087828B10A874879F5833E
x-tt-trace-host: 018e5a586174a888928d793bdac74b79b56517d7628cf0ffdff56b078ad2cf5615c99b4514acc6cdbcb4f570935c1b86e307f0c16ced47bc36b8f8101984543bf83a79fffe7b497d00a46aefe3fb34a3002847926e9e0613a33e1e6d8d055c1d5c88eb29256b9abdac72db97f956f91628
x-tt-trace-id: 00-2501201428087828B10A874879F5833E-5BC668B45D46875D-00
X-Origin-Response-Time: 21,23.52.15.143
X-Akamai-Request-ID: 8684ec6f.1f7203bc
Expires: Mon, 20 Jan 2025 14:28:08 GMT
Cache-Control: max-age=0, no-cache, no-store
Pragma: no-cache
Date: Mon, 20 Jan 2025 14:28:08 GMT
X-Cache: TCP_MISS from a95-101-134-92.deploy.akamaitechnologies.com (AkamaiGHost/11.8.0-1debf780f7d7c834933fa9689361eec6) (-)
Connection: close
X-Cache-Remote: TCP_MISS from a23-52-15-143.deploy.akamaitechnologies.com (AkamaiGHost/11.8.0-1debf780f7d7c834933fa9689361eec6) (-)
x-tt-trace-tag: id=16;cdn-cache=miss;type=dyn
Server-Timing: cdn-cache; desc=MISS, edge; dur=86, origin; dur=20
Server-Timing: inner; dur=16
X-Parent-Response-Time: 100,95.101.134.92

{"code": 0, "message": "OK", "request_id": "202501201428087828B10A874879F5833E", "data": {}}
2025-01-20T14:28:12+00:00 DEBUG POST: https://business-api.tiktok.com/open_api/v1.3/event/track/

{"partner_name":"WooCommerce","event_source":"web","event_source_id":"CSM79Q3C77UAG1T340I0","data":[{"event":"Pageview","event_id":"678e5d7ca8ac1_tt4b_woocommerce_670666209cf1f","event_time":1737383292,"user":{"ip":"195.191.219.131","user_agent":"Mozilla\/5.0 (compatible; MJ12bot\/v1.4.8; http:\/\/mj12bot.com\/)","locale":"ar","external_id":"0","email":"e3b0c44298fc1c149afbf4c8996fb92427ae41e4649b934ca495991b7852b855","phone_number":"e3b0c44298fc1c149afbf4c8996fb92427ae41e4649b934ca495991b7852b855","first_name":"e3b0c44298fc1c149afbf4c8996fb92427ae41e4649b934ca495991b7852b855","last_name":"e3b0c44298fc1c149afbf4c8996fb92427ae41e4649b934ca495991b7852b855","zip_code":"e3b0c44298fc1c149afbf4c8996fb92427ae41e4649b934ca495991b7852b855"},"page":{"url":"http:\/\/www.ibn-sinaa.com\/en\/product-tag\/%D8%B7%D8%A8%D8%A7%D8%B9%D8%A9-%D8%B9%D9%84%D9%89-%D9%81%D9%88%D8%B1%D9%83%D8%B3\/feed\/"}}]}
 ajax: no
2025-01-20T14:28:12+00:00 DEBUG Tt4b_Mapi_Class::mapi_post: Response: 

HTTP/1.1 200 OK
Server: nginx
Content-Type: application/json
Content-Length: 92
X-Tt-Logid: 20250120142812788EFFBF98F8327EAFFA
x-tt-trace-host: 018e5a586174a888928d793bdac74b79b56517d7628cf0ffdff56b078ad2cf56152f03c9e69e88f33da8dbb68229ec77ae77d1dc4f07d2cdf1d64dc7e5bfe059ef2c394d7f1072e64fdd19e196b0f5246d15767f78d0bc3e02f6333adbdf5da1c643807f85af6a4fea1e4cf7599ddacd87
x-tt-trace-id: 00-250120142812788EFFBF98F8327EAFFA-503D6EFA844B2D20-00
X-Origin-Response-Time: 37,23.207.199.52
X-Akamai-Request-ID: ab63.1f72a1ae
Expires: Mon, 20 Jan 2025 14:28:12 GMT
Cache-Control: max-age=0, no-cache, no-store
Pragma: no-cache
Date: Mon, 20 Jan 2025 14:28:12 GMT
X-Cache: TCP_MISS from a95-101-134-92.deploy.akamaitechnologies.com (AkamaiGHost/11.8.0-1debf780f7d7c834933fa9689361eec6) (-)
Connection: close
X-Cache-Remote: TCP_MISS from a23-207-199-52.deploy.akamaitechnologies.com (AkamaiGHost/11.8.0-1debf780f7d7c834933fa9689361eec6) (-)
x-tt-trace-tag: id=16;cdn-cache=miss;type=dyn
Server-Timing: cdn-cache; desc=MISS, edge; dur=87, origin; dur=37
Server-Timing: inner; dur=22
X-Parent-Response-Time: 120,95.101.134.92

{"code": 0, "message": "OK", "request_id": "20250120142812788EFFBF98F8327EAFFA", "data": {}}
2025-01-20T14:28:17+00:00 DEBUG POST: https://business-api.tiktok.com/open_api/v1.3/event/track/

{"partner_name":"WooCommerce","event_source":"web","event_source_id":"CSM79Q3C77UAG1T340I0","data":[{"event":"Pageview","event_id":"678e5d81a0a46_tt4b_woocommerce_670666209cf1f","event_time":1737383297,"user":{"ip":"195.191.219.131","user_agent":"Mozilla\/5.0 (compatible; MJ12bot\/v1.4.8; http:\/\/mj12bot.com\/)","locale":"ar","external_id":"0","email":"e3b0c44298fc1c149afbf4c8996fb92427ae41e4649b934ca495991b7852b855","phone_number":"e3b0c44298fc1c149afbf4c8996fb92427ae41e4649b934ca495991b7852b855","first_name":"e3b0c44298fc1c149afbf4c8996fb92427ae41e4649b934ca495991b7852b855","last_name":"e3b0c44298fc1c149afbf4c8996fb92427ae41e4649b934ca495991b7852b855","zip_code":"e3b0c44298fc1c149afbf4c8996fb92427ae41e4649b934ca495991b7852b855"},"page":{"url":"http:\/\/www.ibn-sinaa.com\/en\/product-tag\/%D8%B7%D8%A8%D8%A7%D8%B9%D8%A9-%D9%85%D9%84%D9%88%D9%86\/"}}]}
 ajax: no
2025-01-20T14:28:17+00:00 DEBUG Tt4b_Mapi_Class::mapi_post: Response: 

HTTP/1.1 200 OK
Server: nginx
Content-Type: application/json
Content-Length: 92
X-Tt-Logid: 20250120142817A21F78F211722A95CA1C
x-tt-trace-host: 018e5a586174a888928d793bdac74b79b56517d7628cf0ffdff56b078ad2cf56153c3836327d77372713608f4a164d1ee0d1b335ec7267d1e46f915076733454ad0a26314a917881446be1ae9995e422fef7c3b13e2126c1e259013ca414ad03360bc13f80ea992c515e29d28e101c0790
x-tt-trace-id: 00-250120142817A21F78F211722A95CA1C-32AB4EE8A3362CA6-00
X-Origin-Response-Time: 26,23.52.15.239
X-Akamai-Request-ID: 31056312.1f733f2d
Expires: Mon, 20 Jan 2025 14:28:17 GMT
Cache-Control: max-age=0, no-cache, no-store
Pragma: no-cache
Date: Mon, 20 Jan 2025 14:28:17 GMT
X-Cache: TCP_MISS from a95-101-134-92.deploy.akamaitechnologies.com (AkamaiGHost/11.8.0-1debf780f7d7c834933fa9689361eec6) (-)
Connection: close
X-Cache-Remote: TCP_MISS from a23-52-15-239.deploy.akamaitechnologies.com (AkamaiGHost/11.8.0-1debf780f7d7c834933fa9689361eec6) (-)
x-tt-trace-tag: id=16;cdn-cache=miss;type=dyn
Server-Timing: cdn-cache; desc=MISS, edge; dur=84, origin; dur=26
Server-Timing: inner; dur=22
X-Parent-Response-Time: 106,95.101.134.92

{"code": 0, "message": "OK", "request_id": "20250120142817A21F78F211722A95CA1C", "data": {}}
2025-01-20T14:28:22+00:00 DEBUG POST: https://business-api.tiktok.com/open_api/v1.3/event/track/

{"partner_name":"WooCommerce","event_source":"web","event_source_id":"CSM79Q3C77UAG1T340I0","data":[{"event":"Pageview","event_id":"678e5d8604c75_tt4b_woocommerce_670666209cf1f","event_time":1737383302,"user":{"ip":"195.191.219.131","user_agent":"Mozilla\/5.0 (compatible; MJ12bot\/v1.4.8; http:\/\/mj12bot.com\/)","locale":"ar","external_id":"0","email":"e3b0c44298fc1c149afbf4c8996fb92427ae41e4649b934ca495991b7852b855","phone_number":"e3b0c44298fc1c149afbf4c8996fb92427ae41e4649b934ca495991b7852b855","first_name":"e3b0c44298fc1c149afbf4c8996fb92427ae41e4649b934ca495991b7852b855","last_name":"e3b0c44298fc1c149afbf4c8996fb92427ae41e4649b934ca495991b7852b855","zip_code":"e3b0c44298fc1c149afbf4c8996fb92427ae41e4649b934ca495991b7852b855"},"page":{"url":"http:\/\/www.ibn-sinaa.com\/en\/product-tag\/%D8%B7%D8%A8%D8%A7%D8%B9%D8%A9-%D9%85%D9%84%D9%88%D9%86\/feed\/"}}]}
 ajax: no
2025-01-20T14:28:22+00:00 DEBUG Tt4b_Mapi_Class::mapi_post: Response: 

HTTP/1.1 200 OK
Server: nginx
Content-Type: application/json
Content-Length: 92
X-Tt-Logid: 20250120142822BA527F4F79D00F87C891
x-tt-trace-host: 018e5a586174a888928d793bdac74b79b56517d7628cf0ffdff56b078ad2cf56153dbe34994f7d4db12d5a251edcc1d118dafd2855aecbc72b247263742da314a13926db3e489d2befc42475d70149addec0176932b2597b5c9f0fbc5e8e0cb095dd4320f0b1a3520b568576d41049c871
x-tt-trace-id: 00-250120142822BA527F4F79D00F87C891-7E54CB71726FCE2C-00
X-Origin-Response-Time: 33,23.207.199.42
X-Akamai-Request-ID: 19f33bf.1f73d08c
Expires: Mon, 20 Jan 2025 14:28:22 GMT
Cache-Control: max-age=0, no-cache, no-store
Pragma: no-cache
Date: Mon, 20 Jan 2025 14:28:22 GMT
X-Cache: TCP_MISS from a95-101-134-92.deploy.akamaitechnologies.com (AkamaiGHost/11.8.0-1debf780f7d7c834933fa9689361eec6) (-)
Connection: close
X-Cache-Remote: TCP_MISS from a23-207-199-42.deploy.akamaitechnologies.com (AkamaiGHost/11.8.0-1debf780f7d7c834933fa9689361eec6) (-)
x-tt-trace-tag: id=16;cdn-cache=miss;type=dyn
Server-Timing: cdn-cache; desc=MISS, edge; dur=86, origin; dur=33
Server-Timing: inner; dur=28
X-Parent-Response-Time: 114,95.101.134.92

{"code": 0, "message": "OK", "request_id": "20250120142822BA527F4F79D00F87C891", "data": {}}
2025-01-20T14:28:26+00:00 DEBUG POST: https://business-api.tiktok.com/open_api/v1.3/event/track/

{"partner_name":"WooCommerce","event_source":"web","event_source_id":"CSM79Q3C77UAG1T340I0","data":[{"event":"Pageview","event_id":"678e5d8a7fd3a_tt4b_woocommerce_670666209cf1f","event_time":1737383306,"user":{"ip":"195.191.219.131","user_agent":"Mozilla\/5.0 (compatible; MJ12bot\/v1.4.8; http:\/\/mj12bot.com\/)","locale":"ar","external_id":"0","email":"e3b0c44298fc1c149afbf4c8996fb92427ae41e4649b934ca495991b7852b855","phone_number":"e3b0c44298fc1c149afbf4c8996fb92427ae41e4649b934ca495991b7852b855","first_name":"e3b0c44298fc1c149afbf4c8996fb92427ae41e4649b934ca495991b7852b855","last_name":"e3b0c44298fc1c149afbf4c8996fb92427ae41e4649b934ca495991b7852b855","zip_code":"e3b0c44298fc1c149afbf4c8996fb92427ae41e4649b934ca495991b7852b855"},"page":{"url":"http:\/\/www.ibn-sinaa.com\/en\/product-tag\/%D8%B7%D8%A8%D8%A7%D8%B9%D9%87-%D8%B3%D8%AA%D8%A7%D9%86%D8%AF-%D9%81%D9%84%D9%8A%D9%86\/"}}]}
 ajax: no
2025-01-20T14:28:26+00:00 DEBUG Tt4b_Mapi_Class::mapi_post: Response: 

HTTP/1.1 200 OK
Server: nginx
Content-Type: application/json
Content-Length: 92
X-Tt-Logid: 20250120142826E633336326C2258EC53A
Server-Timing: inner; dur=31
x-tt-trace-host: 018e5a586174a888928d793bdac74b79b520593bf434961dbceff88e4b17f9a1568dc65d9175b6a4d89e9a75e42444b88a124da6dc7e756237f4cb00290a8c42d386541b4b10679b2bd39df4ff47364f9b273a4e6d9b05bbb852496df818f45fe1
x-tt-trace-id: 00-250120142826E633336326C2258EC53A-572A5CE03A78C186-00
Expires: Mon, 20 Jan 2025 14:28:26 GMT
Cache-Control: max-age=0, no-cache, no-store
Pragma: no-cache
Date: Mon, 20 Jan 2025 14:28:26 GMT
X-Cache: TCP_MISS from a95-101-134-116.deploy.akamaitechnologies.com (AkamaiGHost/11.8.0-1debf780f7d7c834933fa9689361eec6) (-)
Connection: close
x-tt-trace-tag: id=16;cdn-cache=miss;type=dyn
Server-Timing: cdn-cache; desc=MISS, edge; dur=6, origin; dur=114
X-Origin-Response-Time: 114,95.101.134.116
X-Akamai-Request-ID: f8e4f4d

{"code": 0, "message": "OK", "request_id": "20250120142826E633336326C2258EC53A", "data": {}}
2025-01-20T14:28:31+00:00 DEBUG POST: https://business-api.tiktok.com/open_api/v1.3/event/track/

{"partner_name":"WooCommerce","event_source":"web","event_source_id":"CSM79Q3C77UAG1T340I0","data":[{"event":"Pageview","event_id":"678e5d8f1b0c1_tt4b_woocommerce_670666209cf1f","event_time":1737383311,"user":{"ip":"195.191.219.131","user_agent":"Mozilla\/5.0 (compatible; MJ12bot\/v1.4.8; http:\/\/mj12bot.com\/)","locale":"ar","external_id":"0","email":"e3b0c44298fc1c149afbf4c8996fb92427ae41e4649b934ca495991b7852b855","phone_number":"e3b0c44298fc1c149afbf4c8996fb92427ae41e4649b934ca495991b7852b855","first_name":"e3b0c44298fc1c149afbf4c8996fb92427ae41e4649b934ca495991b7852b855","last_name":"e3b0c44298fc1c149afbf4c8996fb92427ae41e4649b934ca495991b7852b855","zip_code":"e3b0c44298fc1c149afbf4c8996fb92427ae41e4649b934ca495991b7852b855"},"page":{"url":"http:\/\/www.ibn-sinaa.com\/en\/product-tag\/%D8%B7%D8%A8%D8%A7%D8%B9%D9%87-%D8%B9%D9%84%D9%89-%D9%81%D9%84%D9%8A%D9%86\/"}}]}
 ajax: no
2025-01-20T14:28:31+00:00 DEBUG Tt4b_Mapi_Class::mapi_post: Response: 

HTTP/1.1 200 OK
Server: nginx
Content-Type: application/json
Content-Length: 92
X-Tt-Logid: 2025012014283155C6EF13C7BB8D2769A8
x-tt-trace-host: 018e5a586174a888928d793bdac74b79b519a86797e72c2eba011e03e23beee17d792ed55130f319754144c6c4a6f70f378cef3da6f2ab04b739b7ce0d38baa67a321402377c9d216a300556b19db5bdcc7866ebcccd9b40133c2ff59420bb2686cf397416ae192685ec9c0064e40aef65
x-tt-trace-id: 00-25012014283155C6EF13C7BB8D2769A8-7C22AE88958CE442-00
X-Origin-Response-Time: 36,23.52.15.143
X-Akamai-Request-ID: 86882c8a.f8ec9e2
Expires: Mon, 20 Jan 2025 14:28:31 GMT
Cache-Control: max-age=0, no-cache, no-store
Pragma: no-cache
Date: Mon, 20 Jan 2025 14:28:31 GMT
X-Cache: TCP_MISS from a95-101-134-116.deploy.akamaitechnologies.com (AkamaiGHost/11.8.0-1debf780f7d7c834933fa9689361eec6) (-)
Connection: close
X-Cache-Remote: TCP_MISS from a23-52-15-143.deploy.akamaitechnologies.com (AkamaiGHost/11.8.0-1debf780f7d7c834933fa9689361eec6) (-)
x-tt-trace-tag: id=16;cdn-cache=miss;type=dyn
Server-Timing: cdn-cache; desc=MISS, edge; dur=84, origin; dur=35
Server-Timing: inner; dur=31
X-Parent-Response-Time: 115,95.101.134.116

{"code": 0, "message": "OK", "request_id": "2025012014283155C6EF13C7BB8D2769A8", "data": {}}
2025-01-20T14:28:35+00:00 DEBUG POST: https://business-api.tiktok.com/open_api/v1.3/event/track/

{"partner_name":"WooCommerce","event_source":"web","event_source_id":"CSM79Q3C77UAG1T340I0","data":[{"event":"Pageview","event_id":"678e5d93a5acc_tt4b_woocommerce_670666209cf1f","event_time":1737383315,"user":{"ip":"195.191.219.131","user_agent":"Mozilla\/5.0 (compatible; MJ12bot\/v1.4.8; http:\/\/mj12bot.com\/)","locale":"ar","external_id":"0","email":"e3b0c44298fc1c149afbf4c8996fb92427ae41e4649b934ca495991b7852b855","phone_number":"e3b0c44298fc1c149afbf4c8996fb92427ae41e4649b934ca495991b7852b855","first_name":"e3b0c44298fc1c149afbf4c8996fb92427ae41e4649b934ca495991b7852b855","last_name":"e3b0c44298fc1c149afbf4c8996fb92427ae41e4649b934ca495991b7852b855","zip_code":"e3b0c44298fc1c149afbf4c8996fb92427ae41e4649b934ca495991b7852b855"},"page":{"url":"http:\/\/www.ibn-sinaa.com\/en\/product-tag\/%D8%B8%D8%B1%D9%81-%D8%B4%D8%B1%D9%83%D8%A9\/"}}]}
 ajax: no
2025-01-20T14:28:35+00:00 DEBUG Tt4b_Mapi_Class::mapi_post: Response: 

HTTP/1.1 200 OK
Server: nginx
Content-Type: application/json
Content-Length: 92
X-Tt-Logid: 202501201428359FFEC14CCDCCCBD592E4
x-tt-trace-host: 018e5a586174a888928d793bdac74b79b519a86797e72c2eba011e03e23beee17d4d41d1347f42fe3659bbd5aeebef20febbf553646320ae5f5ecbca0b0c5f90ef8a57a23def95cbe5f0911e4acfa30ab530dfd3d6ecb7ccfee70c42e146d9943be4d05f513b8fe8771187ff0434d916aa
x-tt-trace-id: 00-2501201428359FFEC14CCDCCCBD592E4-1E034CD948CFB772-00
X-Origin-Response-Time: 28,23.52.15.204
X-Akamai-Request-ID: bb3de697.f8f45c3
Expires: Mon, 20 Jan 2025 14:28:35 GMT
Cache-Control: max-age=0, no-cache, no-store
Pragma: no-cache
Date: Mon, 20 Jan 2025 14:28:35 GMT
X-Cache: TCP_MISS from a95-101-134-116.deploy.akamaitechnologies.com (AkamaiGHost/11.8.0-1debf780f7d7c834933fa9689361eec6) (-)
Connection: close
X-Cache-Remote: TCP_MISS from a23-52-15-204.deploy.akamaitechnologies.com (AkamaiGHost/11.8.0-1debf780f7d7c834933fa9689361eec6) (-)
x-tt-trace-tag: id=16;cdn-cache=miss;type=dyn
Server-Timing: cdn-cache; desc=MISS, edge; dur=87, origin; dur=27
Server-Timing: inner; dur=23
X-Parent-Response-Time: 109,95.101.134.116

{"code": 0, "message": "OK", "request_id": "202501201428359FFEC14CCDCCCBD592E4", "data": {}}
2025-01-20T14:28:40+00:00 DEBUG POST: https://business-api.tiktok.com/open_api/v1.3/event/track/

{"partner_name":"WooCommerce","event_source":"web","event_source_id":"CSM79Q3C77UAG1T340I0","data":[{"event":"Pageview","event_id":"678e5d986aefa_tt4b_woocommerce_670666209cf1f","event_time":1737383320,"user":{"ip":"195.191.219.131","user_agent":"Mozilla\/5.0 (compatible; MJ12bot\/v1.4.8; http:\/\/mj12bot.com\/)","locale":"ar","external_id":"0","email":"e3b0c44298fc1c149afbf4c8996fb92427ae41e4649b934ca495991b7852b855","phone_number":"e3b0c44298fc1c149afbf4c8996fb92427ae41e4649b934ca495991b7852b855","first_name":"e3b0c44298fc1c149afbf4c8996fb92427ae41e4649b934ca495991b7852b855","last_name":"e3b0c44298fc1c149afbf4c8996fb92427ae41e4649b934ca495991b7852b855","zip_code":"e3b0c44298fc1c149afbf4c8996fb92427ae41e4649b934ca495991b7852b855"},"page":{"url":"http:\/\/www.ibn-sinaa.com\/en\/product-tag\/%D8%B8%D8%B1%D9%81-%D8%B4%D8%B1%D9%83%D8%A9\/feed\/"}}]}
 ajax: no
2025-01-20T14:28:40+00:00 DEBUG Tt4b_Mapi_Class::mapi_post: Response: 

HTTP/1.1 200 OK
Server: nginx
Content-Type: application/json
Content-Length: 92
X-Tt-Logid: 20250120142840E9F6C85AE9DAB7A75C16
Server-Timing: inner; dur=23
x-tt-trace-host: 018e5a586174a888928d793bdac74b79b520593bf434961dbceff88e4b17f9a15620a7fb0060e7ad037b4e0d86c782a1eacdadd45f8c75556fbde99158f00d84b5c57a2d76c0319433f09a765ba1d8a7213d9dfb8ddc47dc4c359f159480cdedc5
x-tt-trace-id: 00-250120142840E9F6C85AE9DAB7A75C16-7E4701237B92EC6F-00
Expires: Mon, 20 Jan 2025 14:28:40 GMT
Cache-Control: max-age=0, no-cache, no-store
Pragma: no-cache
Date: Mon, 20 Jan 2025 14:28:40 GMT
X-Cache: TCP_MISS from a95-101-134-116.deploy.akamaitechnologies.com (AkamaiGHost/11.8.0-1debf780f7d7c834933fa9689361eec6) (-)
Connection: close
x-tt-trace-tag: id=16;cdn-cache=miss;type=dyn
Server-Timing: cdn-cache; desc=MISS, edge; dur=4, origin; dur=103
X-Origin-Response-Time: 103,95.101.134.116
X-Akamai-Request-ID: f8fc4ac

{"code": 0, "message": "OK", "request_id": "20250120142840E9F6C85AE9DAB7A75C16", "data": {}}
2025-01-20T14:28:44+00:00 DEBUG POST: https://business-api.tiktok.com/open_api/v1.3/event/track/

{"partner_name":"WooCommerce","event_source":"web","event_source_id":"CSM79Q3C77UAG1T340I0","data":[{"event":"Pageview","event_id":"678e5d9c1e930_tt4b_woocommerce_670666209cf1f","event_time":1737383324,"user":{"ip":"54.36.148.81","user_agent":"Mozilla\/5.0 (compatible; AhrefsBot\/7.0; +http:\/\/ahrefs.com\/robot\/)","locale":"ar","external_id":"0","email":"e3b0c44298fc1c149afbf4c8996fb92427ae41e4649b934ca495991b7852b855","phone_number":"e3b0c44298fc1c149afbf4c8996fb92427ae41e4649b934ca495991b7852b855","first_name":"e3b0c44298fc1c149afbf4c8996fb92427ae41e4649b934ca495991b7852b855","last_name":"e3b0c44298fc1c149afbf4c8996fb92427ae41e4649b934ca495991b7852b855","zip_code":"e3b0c44298fc1c149afbf4c8996fb92427ae41e4649b934ca495991b7852b855"},"page":{"url":"http:\/\/ibn-sinaa.com\/ibn-sina-online-store\/"}}]}
 ajax: no
2025-01-20T14:28:44+00:00 DEBUG Tt4b_Mapi_Class::mapi_post: Response: 

HTTP/1.1 200 OK
Server: nginx
Content-Type: application/json
Content-Length: 92
X-Tt-Logid: 2025012014284486450058D919D2A26FDB
Server-Timing: inner; dur=23
x-tt-trace-host: 018e5a586174a888928d793bdac74b79b546481499826e61e341177deeedfd94a411173b6e5e080d2ca38f42dbb6135a9e3d763dafbf8be1e6222174b4020cf5163ada317b182d20fd59e19e163fc2c890b215b0e9e1171a6d1dc4b02c0646714c
x-tt-trace-id: 00-25012014284486450058D919D2A26FDB-59840CE43271C071-00
Expires: Mon, 20 Jan 2025 14:28:44 GMT
Cache-Control: max-age=0, no-cache, no-store
Pragma: no-cache
Date: Mon, 20 Jan 2025 14:28:44 GMT
X-Cache: TCP_MISS from a95-101-134-30.deploy.akamaitechnologies.com (AkamaiGHost/11.8.0-1debf780f7d7c834933fa9689361eec6) (-)
Connection: close
x-tt-trace-tag: id=16;cdn-cache=miss;type=dyn
Server-Timing: cdn-cache; desc=MISS, edge; dur=5, origin; dur=104
X-Origin-Response-Time: 104,95.101.134.30
X-Akamai-Request-ID: 1f1a2cb7

{"code": 0, "message": "OK", "request_id": "2025012014284486450058D919D2A26FDB", "data": {}}
2025-01-20T14:28:45+00:00 DEBUG POST: https://business-api.tiktok.com/open_api/v1.3/event/track/

{"partner_name":"WooCommerce","event_source":"web","event_source_id":"CSM79Q3C77UAG1T340I0","data":[{"event":"Pageview","event_id":"678e5d9d35ca0_tt4b_woocommerce_670666209cf1f","event_time":1737383325,"user":{"ip":"195.191.219.131","user_agent":"Mozilla\/5.0 (compatible; MJ12bot\/v1.4.8; http:\/\/mj12bot.com\/)","locale":"ar","external_id":"0","email":"e3b0c44298fc1c149afbf4c8996fb92427ae41e4649b934ca495991b7852b855","phone_number":"e3b0c44298fc1c149afbf4c8996fb92427ae41e4649b934ca495991b7852b855","first_name":"e3b0c44298fc1c149afbf4c8996fb92427ae41e4649b934ca495991b7852b855","last_name":"e3b0c44298fc1c149afbf4c8996fb92427ae41e4649b934ca495991b7852b855","zip_code":"e3b0c44298fc1c149afbf4c8996fb92427ae41e4649b934ca495991b7852b855"},"page":{"url":"http:\/\/www.ibn-sinaa.com\/en\/product-tag\/%D8%B9%D9%84%D9%85-%D9%85%D9%83%D8%AA%D8%A8%D9%8A-%D9%83%D8%A8%D9%8A%D8%B1\/"}}]}
 ajax: no
2025-01-20T14:28:45+00:00 DEBUG Tt4b_Mapi_Class::mapi_post: Response: 

HTTP/1.1 200 OK
Server: nginx
Content-Type: application/json
Content-Length: 92
X-Tt-Logid: 20250120142845C67A5A97334E67A40BFE
Server-Timing: inner; dur=20
x-tt-trace-host: 018e5a586174a888928d793bdac74b79b51a437ee89a1c03eb2011d034a2e3e9f51c27d037bc89b665d8b9d293fd1e07f2087e7d5d7048827010dbcd8e29d66d85fae71e7b57591366117f62c4326245e00cce59488aed8707f425b3a383fd1d60
x-tt-trace-id: 00-250120142845C67A5A97334E67A40BFE-628E25AA8188CDF1-00
Expires: Mon, 20 Jan 2025 14:28:45 GMT
Cache-Control: max-age=0, no-cache, no-store
Pragma: no-cache
Date: Mon, 20 Jan 2025 14:28:45 GMT
X-Cache: TCP_MISS from a95-101-134-92.deploy.akamaitechnologies.com (AkamaiGHost/11.8.0-1debf780f7d7c834933fa9689361eec6) (-)
Connection: close
x-tt-trace-tag: id=16;cdn-cache=miss;type=dyn
Server-Timing: cdn-cache; desc=MISS, edge; dur=4, origin; dur=104
X-Origin-Response-Time: 104,95.101.134.92
X-Akamai-Request-ID: 1f76b439

{"code": 0, "message": "OK", "request_id": "20250120142845C67A5A97334E67A40BFE", "data": {}}
2025-01-20T14:28:49+00:00 DEBUG POST: https://business-api.tiktok.com/open_api/v1.3/event/track/

{"partner_name":"WooCommerce","event_source":"web","event_source_id":"CSM79Q3C77UAG1T340I0","data":[{"event":"Pageview","event_id":"678e5da1c47fd_tt4b_woocommerce_670666209cf1f","event_time":1737383329,"user":{"ip":"195.191.219.131","user_agent":"Mozilla\/5.0 (compatible; MJ12bot\/v1.4.8; http:\/\/mj12bot.com\/)","locale":"ar","external_id":"0","email":"e3b0c44298fc1c149afbf4c8996fb92427ae41e4649b934ca495991b7852b855","phone_number":"e3b0c44298fc1c149afbf4c8996fb92427ae41e4649b934ca495991b7852b855","first_name":"e3b0c44298fc1c149afbf4c8996fb92427ae41e4649b934ca495991b7852b855","last_name":"e3b0c44298fc1c149afbf4c8996fb92427ae41e4649b934ca495991b7852b855","zip_code":"e3b0c44298fc1c149afbf4c8996fb92427ae41e4649b934ca495991b7852b855"},"page":{"url":"http:\/\/www.ibn-sinaa.com\/en\/product-tag\/%D9%81%D9%88%D8%B1%D9%83%D8%B3\/"}}]}
 ajax: no
2025-01-20T14:28:49+00:00 DEBUG Tt4b_Mapi_Class::mapi_post: Response: 

HTTP/1.1 200 OK
Server: nginx
Content-Type: application/json
Content-Length: 92
X-Tt-Logid: 2025012014284948DE65E6EF409E311873
x-tt-trace-host: 018e5a586174a888928d793bdac74b79b56517d7628cf0ffdff56b078ad2cf561550cff6bdb83bd05ac97370a652b6b8e801d2c6bc7e577a71a1615341b30c71264edc91a71eaa53fea8a2ec8eea11c3863f4a792015f48ba7e48f40c7adec81b4df1b4f0c5e74514b485d3407f63d420c
x-tt-trace-id: 00-25012014284948DE65E6EF409E311873-7CAC8A785EC130BB-00
X-Origin-Response-Time: 32,23.207.199.17
X-Akamai-Request-ID: 1abed7a.1f7743de
Expires: Mon, 20 Jan 2025 14:28:49 GMT
Cache-Control: max-age=0, no-cache, no-store
Pragma: no-cache
Date: Mon, 20 Jan 2025 14:28:49 GMT
X-Cache: TCP_MISS from a95-101-134-92.deploy.akamaitechnologies.com (AkamaiGHost/11.8.0-1debf780f7d7c834933fa9689361eec6) (-)
Connection: close
X-Cache-Remote: TCP_MISS from a23-207-199-17.deploy.akamaitechnologies.com (AkamaiGHost/11.8.0-2d0f2d516c5d43e1487924a77ec5924a) (-)
x-tt-trace-tag: id=16;cdn-cache=miss;type=dyn
Server-Timing: cdn-cache; desc=MISS, edge; dur=85, origin; dur=32
Server-Timing: inner; dur=29
X-Parent-Response-Time: 113,95.101.134.92

{"code": 0, "message": "OK", "request_id": "2025012014284948DE65E6EF409E311873", "data": {}}
2025-01-20T14:28:54+00:00 DEBUG POST: https://business-api.tiktok.com/open_api/v1.3/event/track/

{"partner_name":"WooCommerce","event_source":"web","event_source_id":"CSM79Q3C77UAG1T340I0","data":[{"event":"Pageview","event_id":"678e5da647df9_tt4b_woocommerce_670666209cf1f","event_time":1737383334,"user":{"ip":"195.191.219.131","user_agent":"Mozilla\/5.0 (compatible; MJ12bot\/v1.4.8; http:\/\/mj12bot.com\/)","locale":"ar","external_id":"0","email":"e3b0c44298fc1c149afbf4c8996fb92427ae41e4649b934ca495991b7852b855","phone_number":"e3b0c44298fc1c149afbf4c8996fb92427ae41e4649b934ca495991b7852b855","first_name":"e3b0c44298fc1c149afbf4c8996fb92427ae41e4649b934ca495991b7852b855","last_name":"e3b0c44298fc1c149afbf4c8996fb92427ae41e4649b934ca495991b7852b855","zip_code":"e3b0c44298fc1c149afbf4c8996fb92427ae41e4649b934ca495991b7852b855"},"page":{"url":"http:\/\/www.ibn-sinaa.com\/en\/product-tag\/%D9%81%D9%88%D8%B1%D9%83%D8%B3\/feed\/"}}]}
 ajax: no
2025-01-20T14:28:54+00:00 DEBUG Tt4b_Mapi_Class::mapi_post: Response: 

HTTP/1.1 200 OK
Server: nginx
Content-Type: application/json
Content-Length: 92
X-Tt-Logid: 2025012014285444FFCB2BA92308BB6326
x-tt-trace-host: 018e5a586174a888928d793bdac74b79b5b3c46136d344bf46da72cca5a862092ebd15a6bfcdf949c4f0e5ec2adbd9fc0db47ae84b08a403154f74241123e90c03559a7802d7765a078bf01a6135d77d19b3b497489e02b35281bc345b0a7333bd9e7b883f3d3dda71f158a2887ff8f7c6
x-tt-trace-id: 00-25012014285444FFCB2BA92308BB6326-3E565AE438C3C546-00
X-Origin-Response-Time: 26,23.52.15.133
X-Akamai-Request-ID: a4c99ca0.1f1b6a05
Expires: Mon, 20 Jan 2025 14:28:54 GMT
Cache-Control: max-age=0, no-cache, no-store
Pragma: no-cache
Date: Mon, 20 Jan 2025 14:28:54 GMT
X-Cache: TCP_MISS from a95-101-134-30.deploy.akamaitechnologies.com (AkamaiGHost/11.8.0-1debf780f7d7c834933fa9689361eec6) (-)
Connection: close
X-Cache-Remote: TCP_MISS from a23-52-15-133.deploy.akamaitechnologies.com (AkamaiGHost/11.8.0-1debf780f7d7c834933fa9689361eec6) (-)
x-tt-trace-tag: id=16;cdn-cache=miss;type=dyn
Server-Timing: cdn-cache; desc=MISS, edge; dur=98, origin; dur=26
Server-Timing: inner; dur=23
X-Parent-Response-Time: 119,95.101.134.30

{"code": 0, "message": "OK", "request_id": "2025012014285444FFCB2BA92308BB6326", "data": {}}
2025-01-20T14:28:57+00:00 DEBUG POST: https://business-api.tiktok.com/open_api/v1.3/event/track/

{"partner_name":"WooCommerce","event_source":"web","event_source_id":"CSM79Q3C77UAG1T340I0","data":[{"event":"Pageview","event_id":"678e5da9506bd_tt4b_woocommerce_670666209cf1f","event_time":1737383337,"user":{"ip":"51.81.46.212","user_agent":"","locale":"ar","external_id":"0","email":"e3b0c44298fc1c149afbf4c8996fb92427ae41e4649b934ca495991b7852b855","phone_number":"e3b0c44298fc1c149afbf4c8996fb92427ae41e4649b934ca495991b7852b855","first_name":"e3b0c44298fc1c149afbf4c8996fb92427ae41e4649b934ca495991b7852b855","last_name":"e3b0c44298fc1c149afbf4c8996fb92427ae41e4649b934ca495991b7852b855","zip_code":"e3b0c44298fc1c149afbf4c8996fb92427ae41e4649b934ca495991b7852b855"},"page":{"url":"http:\/\/mail.ibn-sinaa.com\/"}}]}
 ajax: no
2025-01-20T14:28:57+00:00 DEBUG Tt4b_Mapi_Class::mapi_post: Response: 

HTTP/1.1 200 OK
Server: nginx
Content-Type: application/json
Content-Length: 92
X-Tt-Logid: 202501201428577B279AF8B563C095C618
x-tt-trace-host: 018e5a586174a888928d793bdac74b79b56517d7628cf0ffdff56b078ad2cf56159785caaf64641a9391d1af344ab0851bcb807a4548dc18be5c8e1496358e32ebfff3a3dc7804e206e0c7706e4895f08414dd77bb2457b18055b23e0232e399002808c993fc1926054523b36a210e9c96
x-tt-trace-id: 00-2501201428577B279AF8B563C095C618-06F5698791206DB4-00
X-Origin-Response-Time: 22,23.207.199.51
X-Akamai-Request-ID: b30ec4.1f78300a
Expires: Mon, 20 Jan 2025 14:28:57 GMT
Cache-Control: max-age=0, no-cache, no-store
Pragma: no-cache
Date: Mon, 20 Jan 2025 14:28:57 GMT
X-Cache: TCP_MISS from a95-101-134-92.deploy.akamaitechnologies.com (AkamaiGHost/11.8.0-1debf780f7d7c834933fa9689361eec6) (-)
Connection: close
X-Cache-Remote: TCP_MISS from a23-207-199-51.deploy.akamaitechnologies.com (AkamaiGHost/11.8.0-1debf780f7d7c834933fa9689361eec6) (-)
x-tt-trace-tag: id=16;cdn-cache=miss;type=dyn
Server-Timing: cdn-cache; desc=MISS, edge; dur=84, origin; dur=22
Server-Timing: inner; dur=19
X-Parent-Response-Time: 103,95.101.134.92

{"code": 0, "message": "OK", "request_id": "202501201428577B279AF8B563C095C618", "data": {}}
2025-01-20T14:28:59+00:00 DEBUG POST: https://business-api.tiktok.com/open_api/v1.3/event/track/

{"partner_name":"WooCommerce","event_source":"web","event_source_id":"CSM79Q3C77UAG1T340I0","data":[{"event":"Pageview","event_id":"678e5dabed507_tt4b_woocommerce_670666209cf1f","event_time":1737383339,"user":{"ip":"195.191.219.131","user_agent":"Mozilla\/5.0 (compatible; MJ12bot\/v1.4.8; http:\/\/mj12bot.com\/)","locale":"ar","external_id":"0","email":"e3b0c44298fc1c149afbf4c8996fb92427ae41e4649b934ca495991b7852b855","phone_number":"e3b0c44298fc1c149afbf4c8996fb92427ae41e4649b934ca495991b7852b855","first_name":"e3b0c44298fc1c149afbf4c8996fb92427ae41e4649b934ca495991b7852b855","last_name":"e3b0c44298fc1c149afbf4c8996fb92427ae41e4649b934ca495991b7852b855","zip_code":"e3b0c44298fc1c149afbf4c8996fb92427ae41e4649b934ca495991b7852b855"},"page":{"url":"http:\/\/www.ibn-sinaa.com\/en\/product-tag\/%D9%83%D9%88%D8%A8%D9%88%D9%86%D8%A7%D8%AA\/"}}]}
 ajax: no
2025-01-20T14:29:00+00:00 DEBUG Tt4b_Mapi_Class::mapi_post: Response: 

HTTP/1.1 200 OK
Server: nginx
Content-Type: application/json
Content-Length: 92
X-Tt-Logid: 202501201429009817D1D8949D31BBBBDC
x-tt-trace-host: 018e5a586174a888928d793bdac74b79b56517d7628cf0ffdff56b078ad2cf56153c3836327d77372713608f4a164d1ee04f2eb95f1436cc71a1bc1b452db3b4d81811784b65f4cc71a3947e4e284ae2406a037e505d08a254749c5443bbe1e22b0050ed2928d70e7d2d41e3d02b1dfa73
x-tt-trace-id: 00-2501201429009817D1D8949D31BBBBDC-27FFCEE780CAD431-00
X-Origin-Response-Time: 30,23.52.15.239
X-Akamai-Request-ID: 3109bfd7.1f788198
Expires: Mon, 20 Jan 2025 14:29:00 GMT
Cache-Control: max-age=0, no-cache, no-store
Pragma: no-cache
Date: Mon, 20 Jan 2025 14:29:00 GMT
X-Cache: TCP_MISS from a95-101-134-92.deploy.akamaitechnologies.com (AkamaiGHost/11.8.0-1debf780f7d7c834933fa9689361eec6) (-)
Connection: close
X-Cache-Remote: TCP_MISS from a23-52-15-239.deploy.akamaitechnologies.com (AkamaiGHost/11.8.0-1debf780f7d7c834933fa9689361eec6) (-)
x-tt-trace-tag: id=16;cdn-cache=miss;type=dyn
Server-Timing: cdn-cache; desc=MISS, edge; dur=84, origin; dur=30
Server-Timing: inner; dur=26
X-Parent-Response-Time: 110,95.101.134.92

{"code": 0, "message": "OK", "request_id": "202501201429009817D1D8949D31BBBBDC", "data": {}}
2025-01-20T14:29:05+00:00 DEBUG POST: https://business-api.tiktok.com/open_api/v1.3/event/track/

{"partner_name":"WooCommerce","event_source":"web","event_source_id":"CSM79Q3C77UAG1T340I0","data":[{"event":"Pageview","event_id":"678e5db153531_tt4b_woocommerce_670666209cf1f","event_time":1737383345,"user":{"ip":"195.191.219.131","user_agent":"Mozilla\/5.0 (compatible; MJ12bot\/v1.4.8; http:\/\/mj12bot.com\/)","locale":"ar","external_id":"0","email":"e3b0c44298fc1c149afbf4c8996fb92427ae41e4649b934ca495991b7852b855","phone_number":"e3b0c44298fc1c149afbf4c8996fb92427ae41e4649b934ca495991b7852b855","first_name":"e3b0c44298fc1c149afbf4c8996fb92427ae41e4649b934ca495991b7852b855","last_name":"e3b0c44298fc1c149afbf4c8996fb92427ae41e4649b934ca495991b7852b855","zip_code":"e3b0c44298fc1c149afbf4c8996fb92427ae41e4649b934ca495991b7852b855"},"page":{"url":"http:\/\/www.ibn-sinaa.com\/en\/product-tag\/%D9%83%D9%88%D8%A8%D9%88%D9%86%D8%A7%D8%AA\/feed\/"}}]}
 ajax: no
2025-01-20T14:29:05+00:00 DEBUG Tt4b_Mapi_Class::mapi_post: Response: 

HTTP/1.1 200 OK
Server: nginx
Content-Type: application/json
Content-Length: 92
X-Tt-Logid: 2025012014290597BFC32818FAD3291825
Server-Timing: inner; dur=25
x-tt-trace-host: 018e5a586174a888928d793bdac74b79b51a437ee89a1c03eb2011d034a2e3e9f5cd4142dceca41d6f3c56f77a06271bfc431503f38f6ae0844fb55f83f4ed3359a7f23fd4378e6c395064312d355dda77b791fb394ed882a163a496f61f554874
x-tt-trace-id: 00-25012014290597BFC32818FAD3291825-7E86C9D25D9F2585-00
Expires: Mon, 20 Jan 2025 14:29:05 GMT
Cache-Control: max-age=0, no-cache, no-store
Pragma: no-cache
Date: Mon, 20 Jan 2025 14:29:05 GMT
X-Cache: TCP_MISS from a95-101-134-92.deploy.akamaitechnologies.com (AkamaiGHost/11.8.0-1debf780f7d7c834933fa9689361eec6) (-)
Connection: close
x-tt-trace-tag: id=16;cdn-cache=miss;type=dyn
Server-Timing: cdn-cache; desc=MISS, edge; dur=6, origin; dur=104
X-Origin-Response-Time: 104,95.101.134.92
X-Akamai-Request-ID: 1f792d0e

{"code": 0, "message": "OK", "request_id": "2025012014290597BFC32818FAD3291825", "data": {}}
2025-01-20T14:29:10+00:00 DEBUG POST: https://business-api.tiktok.com/open_api/v1.3/event/track/

{"partner_name":"WooCommerce","event_source":"web","event_source_id":"CSM79Q3C77UAG1T340I0","data":[{"event":"Pageview","event_id":"678e5db6a7dd3_tt4b_woocommerce_670666209cf1f","event_time":1737383350,"user":{"ip":"195.191.219.131","user_agent":"Mozilla\/5.0 (compatible; MJ12bot\/v1.4.8; http:\/\/mj12bot.com\/)","locale":"ar","external_id":"0","email":"e3b0c44298fc1c149afbf4c8996fb92427ae41e4649b934ca495991b7852b855","phone_number":"e3b0c44298fc1c149afbf4c8996fb92427ae41e4649b934ca495991b7852b855","first_name":"e3b0c44298fc1c149afbf4c8996fb92427ae41e4649b934ca495991b7852b855","last_name":"e3b0c44298fc1c149afbf4c8996fb92427ae41e4649b934ca495991b7852b855","zip_code":"e3b0c44298fc1c149afbf4c8996fb92427ae41e4649b934ca495991b7852b855"},"page":{"url":"http:\/\/www.ibn-sinaa.com\/en\/product-tag\/%D9%84%D9%88%D8%AD%D8%A7%D8%AA-%D9%81%D9%84%D9%8A%D9%86-%D9%85%D8%AF%D8%B1%D8%B3%D9%8A%D8%A9\/"}}]}
 ajax: no
2025-01-20T14:29:10+00:00 DEBUG Tt4b_Mapi_Class::mapi_post: Response: 

HTTP/1.1 200 OK
Server: nginx
Content-Type: application/json
Content-Length: 92
X-Tt-Logid: 2025012014291093FDCBF7C2C55CBB2463
x-tt-trace-host: 018e5a586174a888928d793bdac74b79b56517d7628cf0ffdff56b078ad2cf5615ab75a6832501f8bf22f27f3ce3c985bc477a4768c2964751d376a80704d4680b6d1805f0758ab17bd813b802db86ed5ede4b7dca13edee60536fd9c0e73da9755ba500e8f6f9ccea3e6b7954730cfe87
x-tt-trace-id: 00-25012014291093FDCBF7C2C55CBB2463-5F70A2CA8B96720A-00
X-Origin-Response-Time: 34,23.207.199.21
X-Akamai-Request-ID: 25bcd509.1f79d8c0
Expires: Mon, 20 Jan 2025 14:29:10 GMT
Cache-Control: max-age=0, no-cache, no-store
Pragma: no-cache
Date: Mon, 20 Jan 2025 14:29:10 GMT
X-Cache: TCP_MISS from a95-101-134-92.deploy.akamaitechnologies.com (AkamaiGHost/11.8.0-1debf780f7d7c834933fa9689361eec6) (-)
Connection: close
X-Cache-Remote: TCP_MISS from a23-207-199-21.deploy.akamaitechnologies.com (AkamaiGHost/11.8.0-2d0f2d516c5d43e1487924a77ec5924a) (-)
x-tt-trace-tag: id=16;cdn-cache=miss;type=dyn
Server-Timing: cdn-cache; desc=MISS, edge; dur=87, origin; dur=33
Server-Timing: inner; dur=29
X-Parent-Response-Time: 115,95.101.134.92

{"code": 0, "message": "OK", "request_id": "2025012014291093FDCBF7C2C55CBB2463", "data": {}}
2025-01-20T14:29:15+00:00 DEBUG POST: https://business-api.tiktok.com/open_api/v1.3/event/track/

{"partner_name":"WooCommerce","event_source":"web","event_source_id":"CSM79Q3C77UAG1T340I0","data":[{"event":"Pageview","event_id":"678e5dbb46a68_tt4b_woocommerce_670666209cf1f","event_time":1737383355,"user":{"ip":"195.191.219.131","user_agent":"Mozilla\/5.0 (compatible; MJ12bot\/v1.4.8; http:\/\/mj12bot.com\/)","locale":"ar","external_id":"0","email":"e3b0c44298fc1c149afbf4c8996fb92427ae41e4649b934ca495991b7852b855","phone_number":"e3b0c44298fc1c149afbf4c8996fb92427ae41e4649b934ca495991b7852b855","first_name":"e3b0c44298fc1c149afbf4c8996fb92427ae41e4649b934ca495991b7852b855","last_name":"e3b0c44298fc1c149afbf4c8996fb92427ae41e4649b934ca495991b7852b855","zip_code":"e3b0c44298fc1c149afbf4c8996fb92427ae41e4649b934ca495991b7852b855"},"page":{"url":"http:\/\/www.ibn-sinaa.com\/en\/product-tag\/%D9%84%D9%88%D8%AD%D8%A7%D8%AA-%D9%81%D9%84%D9%8A%D9%86-%D9%85%D8%AF%D8%B1%D8%B3%D9%8A%D8%A9\/feed"}}]}
 ajax: no
2025-01-20T14:29:15+00:00 DEBUG Tt4b_Mapi_Class::mapi_post: Response: 

HTTP/1.1 200 OK
Server: nginx
Content-Type: application/json
Content-Length: 92
X-Tt-Logid: 202501201429157B411556E1D13E305113
Server-Timing: inner; dur=43
x-tt-trace-host: 018e5a586174a888928d793bdac74b79b51a437ee89a1c03eb2011d034a2e3e9f506bf311234603d00fe31ea519683301a9afb01068ff2a18071d80b4da87119e231d33a2bd336df60c2901b0ad91d8e44aac650438a11a86a9471f4a1f6b71cdf
x-tt-trace-id: 00-2501201429157B411556E1D13E305113-345345AC5616D897-00
Expires: Mon, 20 Jan 2025 14:29:15 GMT
Cache-Control: max-age=0, no-cache, no-store
Pragma: no-cache
Date: Mon, 20 Jan 2025 14:29:15 GMT
X-Cache: TCP_MISS from a95-101-134-92.deploy.akamaitechnologies.com (AkamaiGHost/11.8.0-1debf780f7d7c834933fa9689361eec6) (-)
Connection: close
x-tt-trace-tag: id=16;cdn-cache=miss;type=dyn
Server-Timing: cdn-cache; desc=MISS, edge; dur=6, origin; dur=123
X-Origin-Response-Time: 124,95.101.134.92
X-Akamai-Request-ID: 1f7a6ee1

{"code": 0, "message": "OK", "request_id": "202501201429157B411556E1D13E305113", "data": {}}
2025-01-20T14:29:20+00:00 DEBUG POST: https://business-api.tiktok.com/open_api/v1.3/event/track/

{"partner_name":"WooCommerce","event_source":"web","event_source_id":"CSM79Q3C77UAG1T340I0","data":[{"event":"Pageview","event_id":"678e5dc0190a4_tt4b_woocommerce_670666209cf1f","event_time":1737383360,"user":{"ip":"195.191.219.131","user_agent":"Mozilla\/5.0 (compatible; MJ12bot\/v1.4.8; http:\/\/mj12bot.com\/)","locale":"ar","external_id":"0","email":"e3b0c44298fc1c149afbf4c8996fb92427ae41e4649b934ca495991b7852b855","phone_number":"e3b0c44298fc1c149afbf4c8996fb92427ae41e4649b934ca495991b7852b855","first_name":"e3b0c44298fc1c149afbf4c8996fb92427ae41e4649b934ca495991b7852b855","last_name":"e3b0c44298fc1c149afbf4c8996fb92427ae41e4649b934ca495991b7852b855","zip_code":"e3b0c44298fc1c149afbf4c8996fb92427ae41e4649b934ca495991b7852b855"},"page":{"url":"http:\/\/www.ibn-sinaa.com\/en\/product-tag\/%D9%84%D9%88%D8%AD%D8%A9-%D9%81%D9%84%D9%8A%D9%86\/"}}]}
 ajax: no
2025-01-20T14:29:20+00:00 DEBUG Tt4b_Mapi_Class::mapi_post: Response: 

HTTP/1.1 200 OK
Server: nginx
Content-Type: application/json
Content-Length: 92
X-Tt-Logid: 202501201429202E07EBA6F807FE8705D8
x-tt-trace-host: 018e5a586174a888928d793bdac74b79b5b3c46136d344bf46da72cca5a862092e1de7f60eb1021985abce5f7c07eb4ae077aa21cdc04881336e2a1b7d86757732b73ecd1684903baa9770fafc8496617be194810ebba9dc98fb3bc113da83f6df4b5b501cbf697a6b9c487d6232cfff35
x-tt-trace-id: 00-2501201429202E07EBA6F807FE8705D8-6EC428C932260358-00
X-Origin-Response-Time: 38,23.218.219.40
X-Akamai-Request-ID: 5477507.1f1ea325
Expires: Mon, 20 Jan 2025 14:29:20 GMT
Cache-Control: max-age=0, no-cache, no-store
Pragma: no-cache
Date: Mon, 20 Jan 2025 14:29:20 GMT
X-Cache: TCP_MISS from a95-101-134-30.deploy.akamaitechnologies.com (AkamaiGHost/11.8.0-1debf780f7d7c834933fa9689361eec6) (-)
Connection: close
X-Cache-Remote: TCP_MISS from a23-218-219-40.deploy.akamaitechnologies.com (AkamaiGHost/11.8.0-1debf780f7d7c834933fa9689361eec6) (-)
x-tt-trace-tag: id=16;cdn-cache=miss;type=dyn
Server-Timing: cdn-cache; desc=MISS, edge; dur=86, origin; dur=37
Server-Timing: inner; dur=33
X-Parent-Response-Time: 119,95.101.134.30

{"code": 0, "message": "OK", "request_id": "202501201429202E07EBA6F807FE8705D8", "data": {}}
2025-01-20T14:29:24+00:00 DEBUG POST: https://business-api.tiktok.com/open_api/v1.3/event/track/

{"partner_name":"WooCommerce","event_source":"web","event_source_id":"CSM79Q3C77UAG1T340I0","data":[{"event":"Pageview","event_id":"678e5dc493281_tt4b_woocommerce_670666209cf1f","event_time":1737383364,"user":{"ip":"195.191.219.131","user_agent":"Mozilla\/5.0 (compatible; MJ12bot\/v1.4.8; http:\/\/mj12bot.com\/)","locale":"ar","external_id":"0","email":"e3b0c44298fc1c149afbf4c8996fb92427ae41e4649b934ca495991b7852b855","phone_number":"e3b0c44298fc1c149afbf4c8996fb92427ae41e4649b934ca495991b7852b855","first_name":"e3b0c44298fc1c149afbf4c8996fb92427ae41e4649b934ca495991b7852b855","last_name":"e3b0c44298fc1c149afbf4c8996fb92427ae41e4649b934ca495991b7852b855","zip_code":"e3b0c44298fc1c149afbf4c8996fb92427ae41e4649b934ca495991b7852b855"},"page":{"url":"http:\/\/www.ibn-sinaa.com\/en\/product-tag\/%D9%84%D9%88%D8%AD-%D9%81%D9%88%D8%B1%D9%83%D8%B3\/"}}]}
 ajax: no
2025-01-20T14:29:24+00:00 DEBUG Tt4b_Mapi_Class::mapi_post: Response: 

HTTP/1.1 200 OK
Server: nginx
Content-Type: application/json
Content-Length: 92
X-Tt-Logid: 2025012014292441F065BA6D88CB2B5DF4
Server-Timing: inner; dur=34
x-tt-trace-host: 018e5a586174a888928d793bdac74b79b51a437ee89a1c03eb2011d034a2e3e9f56fec18b908abd10a270e80611d0afe04a300eb4682565faeda0d08ce855186d07d1914825f01f5db3d73e9daa98adb72ebb00c269784136164607fd94f26b2c6
x-tt-trace-id: 00-25012014292441F065BA6D88CB2B5DF4-4A28A7AD6FBACD50-00
Expires: Mon, 20 Jan 2025 14:29:24 GMT
Cache-Control: max-age=0, no-cache, no-store
Pragma: no-cache
Date: Mon, 20 Jan 2025 14:29:24 GMT
X-Cache: TCP_MISS from a95-101-134-92.deploy.akamaitechnologies.com (AkamaiGHost/11.8.0-1debf780f7d7c834933fa9689361eec6) (-)
Connection: close
x-tt-trace-tag: id=16;cdn-cache=miss;type=dyn
Server-Timing: cdn-cache; desc=MISS, edge; dur=4, origin; dur=118
X-Origin-Response-Time: 118,95.101.134.92
X-Akamai-Request-ID: 1f7ba87e

{"code": 0, "message": "OK", "request_id": "2025012014292441F065BA6D88CB2B5DF4", "data": {}}
2025-01-20T14:29:29+00:00 DEBUG POST: https://business-api.tiktok.com/open_api/v1.3/event/track/

{"partner_name":"WooCommerce","event_source":"web","event_source_id":"CSM79Q3C77UAG1T340I0","data":[{"event":"Pageview","event_id":"678e5dc990dd4_tt4b_woocommerce_670666209cf1f","event_time":1737383369,"user":{"ip":"195.191.219.131","user_agent":"Mozilla\/5.0 (compatible; MJ12bot\/v1.4.8; http:\/\/mj12bot.com\/)","locale":"ar","external_id":"0","email":"e3b0c44298fc1c149afbf4c8996fb92427ae41e4649b934ca495991b7852b855","phone_number":"e3b0c44298fc1c149afbf4c8996fb92427ae41e4649b934ca495991b7852b855","first_name":"e3b0c44298fc1c149afbf4c8996fb92427ae41e4649b934ca495991b7852b855","last_name":"e3b0c44298fc1c149afbf4c8996fb92427ae41e4649b934ca495991b7852b855","zip_code":"e3b0c44298fc1c149afbf4c8996fb92427ae41e4649b934ca495991b7852b855"},"page":{"url":"http:\/\/www.ibn-sinaa.com\/en\/product-tag\/%D9%84%D9%88%D8%AD-%D9%81%D9%88%D8%B1%D9%83%D8%B3\/feed\/"}}]}
 ajax: no
2025-01-20T14:29:29+00:00 DEBUG Tt4b_Mapi_Class::mapi_post: Response: 

HTTP/1.1 200 OK
Server: nginx
Content-Type: application/json
Content-Length: 92
X-Tt-Logid: 20250120142929EBE049C80D67CFB92612
Server-Timing: inner; dur=27
x-tt-trace-host: 018e5a586174a888928d793bdac74b79b51a437ee89a1c03eb2011d034a2e3e9f5913989ca11c269af96d0fd13f4c1656a2acab7447f86fcd1e8ea01184ee62adba43fed2d6714d8b096bac0d41cf68ade1d15847cd5d02cdd6aa95670e8721391
x-tt-trace-id: 00-250120142929EBE049C80D67CFB92612-05EEDB2934158D29-00
Expires: Mon, 20 Jan 2025 14:29:29 GMT
Cache-Control: max-age=0, no-cache, no-store
Pragma: no-cache
Date: Mon, 20 Jan 2025 14:29:29 GMT
X-Cache: TCP_MISS from a95-101-134-92.deploy.akamaitechnologies.com (AkamaiGHost/11.8.0-1debf780f7d7c834933fa9689361eec6) (-)
Connection: close
x-tt-trace-tag: id=16;cdn-cache=miss;type=dyn
Server-Timing: cdn-cache; desc=MISS, edge; dur=6, origin; dur=110
X-Origin-Response-Time: 110,95.101.134.92
X-Akamai-Request-ID: 1f7c4be9

{"code": 0, "message": "OK", "request_id": "20250120142929EBE049C80D67CFB92612", "data": {}}
2025-01-20T14:29:34+00:00 DEBUG POST: https://business-api.tiktok.com/open_api/v1.3/event/track/

{"partner_name":"WooCommerce","event_source":"web","event_source_id":"CSM79Q3C77UAG1T340I0","data":[{"event":"Pageview","event_id":"678e5dce4f38f_tt4b_woocommerce_670666209cf1f","event_time":1737383374,"user":{"ip":"195.191.219.131","user_agent":"Mozilla\/5.0 (compatible; MJ12bot\/v1.4.8; http:\/\/mj12bot.com\/)","locale":"ar","external_id":"0","email":"e3b0c44298fc1c149afbf4c8996fb92427ae41e4649b934ca495991b7852b855","phone_number":"e3b0c44298fc1c149afbf4c8996fb92427ae41e4649b934ca495991b7852b855","first_name":"e3b0c44298fc1c149afbf4c8996fb92427ae41e4649b934ca495991b7852b855","last_name":"e3b0c44298fc1c149afbf4c8996fb92427ae41e4649b934ca495991b7852b855","zip_code":"e3b0c44298fc1c149afbf4c8996fb92427ae41e4649b934ca495991b7852b855"},"page":{"url":"http:\/\/www.ibn-sinaa.com\/en\/product-tag\/%D9%85%D8%AA%D8%AC%D8%B1-%D8%B1%D9%82%D9%85%D9%8A-%D9%84%D9%84%D8%B3%D8%AC%D9%84%D8%A7%D8%AA-%D8%A7%D9%84%D9%85%D8%AF%D8%B1%D8%B3%D9%8A%D8%A9\/"}}]}
 ajax: no
2025-01-20T14:29:34+00:00 DEBUG Tt4b_Mapi_Class::mapi_post: Response: 

HTTP/1.1 200 OK
Server: nginx
Content-Type: application/json
Content-Length: 92
X-Tt-Logid: 2025012014293411C9A0E0389156D42C34
x-tt-trace-host: 018e5a586174a888928d793bdac74b79b5b3c46136d344bf46da72cca5a862092eb33c897b65e6551464ced54fb745b4b411a08dd0740b1cf3b7d2b13da665e00a17fb22adc9a4b724b854d1d1ff90731873e8ca673d15f4ebfca06fc6602d6a2e2cfd14335d26dd78a9f558600ab6729b
x-tt-trace-id: 00-25012014293411C9A0E0389156D42C34-7DA6258541827A04-00
X-Origin-Response-Time: 33,23.207.199.16
X-Akamai-Request-ID: 13f3614f.1f205430
Expires: Mon, 20 Jan 2025 14:29:34 GMT
Cache-Control: max-age=0, no-cache, no-store
Pragma: no-cache
Date: Mon, 20 Jan 2025 14:29:34 GMT
X-Cache: TCP_MISS from a95-101-134-30.deploy.akamaitechnologies.com (AkamaiGHost/11.8.0-1debf780f7d7c834933fa9689361eec6) (-)
Connection: close
X-Cache-Remote: TCP_MISS from a23-207-199-16.deploy.akamaitechnologies.com (AkamaiGHost/11.8.0-1debf780f7d7c834933fa9689361eec6) (-)
x-tt-trace-tag: id=16;cdn-cache=miss;type=dyn
Server-Timing: cdn-cache; desc=MISS, edge; dur=95, origin; dur=32
Server-Timing: inner; dur=26
X-Parent-Response-Time: 122,95.101.134.30

{"code": 0, "message": "OK", "request_id": "2025012014293411C9A0E0389156D42C34", "data": {}}
2025-01-20T14:29:38+00:00 DEBUG POST: https://business-api.tiktok.com/open_api/v1.3/event/track/

{"partner_name":"WooCommerce","event_source":"web","event_source_id":"CSM79Q3C77UAG1T340I0","data":[{"event":"Pageview","event_id":"678e5dd2e337c_tt4b_woocommerce_670666209cf1f","event_time":1737383378,"user":{"ip":"195.191.219.131","user_agent":"Mozilla\/5.0 (compatible; MJ12bot\/v1.4.8; http:\/\/mj12bot.com\/)","locale":"ar","external_id":"0","email":"e3b0c44298fc1c149afbf4c8996fb92427ae41e4649b934ca495991b7852b855","phone_number":"e3b0c44298fc1c149afbf4c8996fb92427ae41e4649b934ca495991b7852b855","first_name":"e3b0c44298fc1c149afbf4c8996fb92427ae41e4649b934ca495991b7852b855","last_name":"e3b0c44298fc1c149afbf4c8996fb92427ae41e4649b934ca495991b7852b855","zip_code":"e3b0c44298fc1c149afbf4c8996fb92427ae41e4649b934ca495991b7852b855"},"page":{"url":"http:\/\/www.ibn-sinaa.com\/en\/product-tag\/%D9%85%D8%AA%D8%AC%D8%B1-%D8%B7%D8%A8%D8%A7%D8%B9%D8%A9\/"}}]}
 ajax: no
2025-01-20T14:29:39+00:00 DEBUG Tt4b_Mapi_Class::mapi_post: Response: 

HTTP/1.1 200 OK
Server: nginx
Content-Type: application/json
Content-Length: 92
X-Tt-Logid: 202501201429397B89B77B16701ABDB8B1
Server-Timing: inner; dur=18
x-tt-trace-host: 018e5a586174a888928d793bdac74b79b520593bf434961dbceff88e4b17f9a1566f9fa52096e714d8cf71cfb0a25736a1b08222a8079ce17cd0b1f17251c570185a0ca55e60ba4bccd36a0b9d1d491611bb001b3a0ce879363462bed94a0179ea
x-tt-trace-id: 00-2501201429397B89B77B16701ABDB8B1-2C3E6AD522629924-00
Expires: Mon, 20 Jan 2025 14:29:39 GMT
Cache-Control: max-age=0, no-cache, no-store
Pragma: no-cache
Date: Mon, 20 Jan 2025 14:29:39 GMT
X-Cache: TCP_MISS from a95-101-134-116.deploy.akamaitechnologies.com (AkamaiGHost/11.8.0-1debf780f7d7c834933fa9689361eec6) (-)
Connection: close
x-tt-trace-tag: id=16;cdn-cache=miss;type=dyn
Server-Timing: cdn-cache; desc=MISS, edge; dur=4, origin; dur=101
X-Origin-Response-Time: 101,95.101.134.116
X-Akamai-Request-ID: f96785b

{"code": 0, "message": "OK", "request_id": "202501201429397B89B77B16701ABDB8B1", "data": {}}
2025-01-20T14:29:43+00:00 DEBUG POST: https://business-api.tiktok.com/open_api/v1.3/event/track/

{"partner_name":"WooCommerce","event_source":"web","event_source_id":"CSM79Q3C77UAG1T340I0","data":[{"event":"Pageview","event_id":"678e5dd733ced_tt4b_woocommerce_670666209cf1f","event_time":1737383383,"user":{"ip":"195.191.219.131","user_agent":"Mozilla\/5.0 (compatible; MJ12bot\/v1.4.8; http:\/\/mj12bot.com\/)","locale":"ar","external_id":"0","email":"e3b0c44298fc1c149afbf4c8996fb92427ae41e4649b934ca495991b7852b855","phone_number":"e3b0c44298fc1c149afbf4c8996fb92427ae41e4649b934ca495991b7852b855","first_name":"e3b0c44298fc1c149afbf4c8996fb92427ae41e4649b934ca495991b7852b855","last_name":"e3b0c44298fc1c149afbf4c8996fb92427ae41e4649b934ca495991b7852b855","zip_code":"e3b0c44298fc1c149afbf4c8996fb92427ae41e4649b934ca495991b7852b855"},"page":{"url":"http:\/\/www.ibn-sinaa.com\/en\/product-tag\/%D9%85%D8%AA%D8%AC%D8%B1-%D8%B7%D8%A8%D8%A7%D8%B9%D8%A9\/feed\/"}}]}
 ajax: no
2025-01-20T14:29:43+00:00 DEBUG Tt4b_Mapi_Class::mapi_post: Response: 

HTTP/1.1 200 OK
Server: nginx
Content-Type: application/json
Content-Length: 92
X-Tt-Logid: 20250120142943B24D7DB961D7E333A69D
Server-Timing: inner; dur=25
x-tt-trace-host: 018e5a586174a888928d793bdac74b79b520593bf434961dbceff88e4b17f9a1561f5e30e1c8a63697ae2f6acaef99d1f57a4382a721416224d44bacb94e939ffb1e6f40d64fa0d3aa8b2e7e33841552aeb3908b5a2d13298f3c2b3d5ae206dce7
x-tt-trace-id: 00-250120142943B24D7DB961D7E333A69D-2AC4E4AC40371815-00
Expires: Mon, 20 Jan 2025 14:29:43 GMT
Cache-Control: max-age=0, no-cache, no-store
Pragma: no-cache
Date: Mon, 20 Jan 2025 14:29:43 GMT
X-Cache: TCP_MISS from a95-101-134-116.deploy.akamaitechnologies.com (AkamaiGHost/11.8.0-1debf780f7d7c834933fa9689361eec6) (-)
Connection: close
x-tt-trace-tag: id=16;cdn-cache=miss;type=dyn
Server-Timing: cdn-cache; desc=MISS, edge; dur=4, origin; dur=105
X-Origin-Response-Time: 105,95.101.134.116
X-Akamai-Request-ID: f96edcc

{"code": 0, "message": "OK", "request_id": "20250120142943B24D7DB961D7E333A69D", "data": {}}
2025-01-20T14:29:47+00:00 DEBUG POST: https://business-api.tiktok.com/open_api/v1.3/event/track/

{"partner_name":"WooCommerce","event_source":"web","event_source_id":"CSM79Q3C77UAG1T340I0","data":[{"event":"Pageview","event_id":"678e5ddbc88d2_tt4b_woocommerce_670666209cf1f","event_time":1737383387,"user":{"ip":"195.191.219.131","user_agent":"Mozilla\/5.0 (compatible; MJ12bot\/v1.4.8; http:\/\/mj12bot.com\/)","locale":"ar","external_id":"0","email":"e3b0c44298fc1c149afbf4c8996fb92427ae41e4649b934ca495991b7852b855","phone_number":"e3b0c44298fc1c149afbf4c8996fb92427ae41e4649b934ca495991b7852b855","first_name":"e3b0c44298fc1c149afbf4c8996fb92427ae41e4649b934ca495991b7852b855","last_name":"e3b0c44298fc1c149afbf4c8996fb92427ae41e4649b934ca495991b7852b855","zip_code":"e3b0c44298fc1c149afbf4c8996fb92427ae41e4649b934ca495991b7852b855"},"page":{"url":"http:\/\/www.ibn-sinaa.com\/en\/product-tag\/%D9%85%D8%B0%D9%83%D8%B1%D8%A7%D8%AA-%D8%B4%D8%AE%D8%B5%D9%8A%D8%A9\/"}}]}
 ajax: no
2025-01-20T14:29:48+00:00 DEBUG Tt4b_Mapi_Class::mapi_post: Response: 

HTTP/1.1 200 OK
Server: nginx
Content-Type: application/json
Content-Length: 92
X-Tt-Logid: 202501201429471FB5392E8F007C31B348
Server-Timing: inner; dur=32
x-tt-trace-host: 018e5a586174a888928d793bdac74b79b51a437ee89a1c03eb2011d034a2e3e9f524cc94045cc8f86cdaf81d78f9bb09ac59c9f6a3e88ac64aa571826a63572f1daf86097460938a175a947700b07da4050e8c6a5359cc2c6c99e033512fc64dfa
x-tt-trace-id: 00-2501201429471FB5392E8F007C31B348-320959DB50632C95-00
Expires: Mon, 20 Jan 2025 14:29:47 GMT
Cache-Control: max-age=0, no-cache, no-store
Pragma: no-cache
Date: Mon, 20 Jan 2025 14:29:47 GMT
X-Cache: TCP_MISS from a95-101-134-92.deploy.akamaitechnologies.com (AkamaiGHost/11.8.0-1debf780f7d7c834933fa9689361eec6) (-)
Connection: close
x-tt-trace-tag: id=16;cdn-cache=miss;type=dyn
Server-Timing: cdn-cache; desc=MISS, edge; dur=5, origin; dur=112
X-Origin-Response-Time: 113,95.101.134.92
X-Akamai-Request-ID: 1f7e977b

{"code": 0, "message": "OK", "request_id": "202501201429471FB5392E8F007C31B348", "data": {}}
2025-01-20T14:29:52+00:00 DEBUG POST: https://business-api.tiktok.com/open_api/v1.3/event/track/

{"partner_name":"WooCommerce","event_source":"web","event_source_id":"CSM79Q3C77UAG1T340I0","data":[{"event":"Pageview","event_id":"678e5de08356f_tt4b_woocommerce_670666209cf1f","event_time":1737383392,"user":{"ip":"195.191.219.131","user_agent":"Mozilla\/5.0 (compatible; MJ12bot\/v1.4.8; http:\/\/mj12bot.com\/)","locale":"ar","external_id":"0","email":"e3b0c44298fc1c149afbf4c8996fb92427ae41e4649b934ca495991b7852b855","phone_number":"e3b0c44298fc1c149afbf4c8996fb92427ae41e4649b934ca495991b7852b855","first_name":"e3b0c44298fc1c149afbf4c8996fb92427ae41e4649b934ca495991b7852b855","last_name":"e3b0c44298fc1c149afbf4c8996fb92427ae41e4649b934ca495991b7852b855","zip_code":"e3b0c44298fc1c149afbf4c8996fb92427ae41e4649b934ca495991b7852b855"},"page":{"url":"http:\/\/www.ibn-sinaa.com\/en\/product-tag\/%D9%85%D8%B0%D9%83%D8%B1%D8%A7%D8%AA-%D8%B4%D8%AE%D8%B5%D9%8A%D8%A9\/feed\/"}}]}
 ajax: no
2025-01-20T14:29:52+00:00 DEBUG Tt4b_Mapi_Class::mapi_post: Response: 

HTTP/1.1 200 OK
Server: nginx
Content-Type: application/json
Content-Length: 92
X-Tt-Logid: 202501201429527CC38C3D2A7812A705C3
Server-Timing: inner; dur=25
x-tt-trace-host: 018e5a586174a888928d793bdac74b79b520593bf434961dbceff88e4b17f9a156e45d41797eee88a2758dd95f90c2af576dabdf6afe91e366b229bb7934efebb7918cef22fbaeb18f115f142b467d0b86e622cd2dadc8abb07abfdf032927cd29
x-tt-trace-id: 00-2501201429527CC38C3D2A7812A705C3-2AFC85109D14E5CD-00
Expires: Mon, 20 Jan 2025 14:29:52 GMT
Cache-Control: max-age=0, no-cache, no-store
Pragma: no-cache
Date: Mon, 20 Jan 2025 14:29:52 GMT
X-Cache: TCP_MISS from a95-101-134-116.deploy.akamaitechnologies.com (AkamaiGHost/11.8.0-1debf780f7d7c834933fa9689361eec6) (-)
Connection: close
x-tt-trace-tag: id=16;cdn-cache=miss;type=dyn
Server-Timing: cdn-cache; desc=MISS, edge; dur=5, origin; dur=104
X-Origin-Response-Time: 106,95.101.134.116
X-Akamai-Request-ID: f97f29b

{"code": 0, "message": "OK", "request_id": "202501201429527CC38C3D2A7812A705C3", "data": {}}
2025-01-20T14:29:56+00:00 DEBUG POST: https://business-api.tiktok.com/open_api/v1.3/event/track/

{"partner_name":"WooCommerce","event_source":"web","event_source_id":"CSM79Q3C77UAG1T340I0","data":[{"event":"Pageview","event_id":"678e5de4e295d_tt4b_woocommerce_670666209cf1f","event_time":1737383396,"user":{"ip":"195.191.219.131","user_agent":"Mozilla\/5.0 (compatible; MJ12bot\/v1.4.8; http:\/\/mj12bot.com\/)","locale":"ar","external_id":"0","email":"e3b0c44298fc1c149afbf4c8996fb92427ae41e4649b934ca495991b7852b855","phone_number":"e3b0c44298fc1c149afbf4c8996fb92427ae41e4649b934ca495991b7852b855","first_name":"e3b0c44298fc1c149afbf4c8996fb92427ae41e4649b934ca495991b7852b855","last_name":"e3b0c44298fc1c149afbf4c8996fb92427ae41e4649b934ca495991b7852b855","zip_code":"e3b0c44298fc1c149afbf4c8996fb92427ae41e4649b934ca495991b7852b855"},"page":{"url":"http:\/\/www.ibn-sinaa.com\/en\/product-tag\/%D9%85%D8%B0%D9%83%D8%B1%D8%A9-%D8%B4%D8%AE%D8%B5%D9%8A%D8%A9\/"}}]}
 ajax: no
2025-01-20T14:29:57+00:00 DEBUG Tt4b_Mapi_Class::mapi_post: Response: 

HTTP/1.1 200 OK
Server: nginx
Content-Type: application/json
Content-Length: 92
X-Tt-Logid: 20250120142957ECE41C81A18C05A51E51
x-tt-trace-host: 018e5a586174a888928d793bdac74b79b519a86797e72c2eba011e03e23beee17d2f05075c31f112b5e5cf7949430a5faeb697307553fd1a1511b00db17b9e6c6a3c99f507cebc7ef5764a94f31a870bac6e07ad563b360d78d90c5ce76a537dd8979547d40d646b5df10a4209e2cb6610
x-tt-trace-id: 00-250120142957ECE41C81A18C05A51E51-553BB1A4523492CA-00
X-Origin-Response-Time: 28,23.207.199.47
X-Akamai-Request-ID: 12c8b379.f9873a6
Expires: Mon, 20 Jan 2025 14:29:57 GMT
Cache-Control: max-age=0, no-cache, no-store
Pragma: no-cache
Date: Mon, 20 Jan 2025 14:29:57 GMT
X-Cache: TCP_MISS from a95-101-134-116.deploy.akamaitechnologies.com (AkamaiGHost/11.8.0-1debf780f7d7c834933fa9689361eec6) (-)
Connection: close
X-Cache-Remote: TCP_MISS from a23-207-199-47.deploy.akamaitechnologies.com (AkamaiGHost/11.8.0-1debf780f7d7c834933fa9689361eec6) (-)
x-tt-trace-tag: id=16;cdn-cache=miss;type=dyn
Server-Timing: cdn-cache; desc=MISS, edge; dur=84, origin; dur=28
Server-Timing: inner; dur=25
X-Parent-Response-Time: 108,95.101.134.116

{"code": 0, "message": "OK", "request_id": "20250120142957ECE41C81A18C05A51E51", "data": {}}
2025-01-20T14:30:01+00:00 DEBUG POST: https://business-api.tiktok.com/open_api/v1.3/event/track/

{"partner_name":"WooCommerce","event_source":"web","event_source_id":"CSM79Q3C77UAG1T340I0","data":[{"event":"Pageview","event_id":"678e5de9e3079_tt4b_woocommerce_670666209cf1f","event_time":1737383401,"user":{"ip":"195.191.219.131","user_agent":"Mozilla\/5.0 (compatible; MJ12bot\/v1.4.8; http:\/\/mj12bot.com\/)","locale":"ar","external_id":"0","email":"e3b0c44298fc1c149afbf4c8996fb92427ae41e4649b934ca495991b7852b855","phone_number":"e3b0c44298fc1c149afbf4c8996fb92427ae41e4649b934ca495991b7852b855","first_name":"e3b0c44298fc1c149afbf4c8996fb92427ae41e4649b934ca495991b7852b855","last_name":"e3b0c44298fc1c149afbf4c8996fb92427ae41e4649b934ca495991b7852b855","zip_code":"e3b0c44298fc1c149afbf4c8996fb92427ae41e4649b934ca495991b7852b855"},"page":{"url":"http:\/\/www.ibn-sinaa.com\/en\/product-tag\/%D9%85%D8%B0%D9%83%D8%B1%D8%A9-%D8%B4%D8%AE%D8%B5%D9%8A%D8%A9\/feed\/"}}]}
 ajax: no
2025-01-20T14:30:02+00:00 DEBUG Tt4b_Mapi_Class::mapi_post: Response: 

HTTP/1.1 200 OK
Server: nginx
Content-Type: application/json
Content-Length: 92
X-Tt-Logid: 20250120143002CD770CE3FACD0CA4D798
x-tt-trace-host: 018e5a586174a888928d793bdac74b79b519a86797e72c2eba011e03e23beee17d26ad17b40a0ec15036099995b3205869a10b063d33bfe4ec24ac01c2c46f5f7f4c17ae0276ba18d267649cac0c9d0ec5131b1093fa479d2718f5d7348e91f305b47dddac99d5e0a301f6cd19317411c4
x-tt-trace-id: 00-250120143002CD770CE3FACD0CA4D798-46B1E67033D44787-00
X-Origin-Response-Time: 30,23.52.15.133
X-Akamai-Request-ID: a4ce65d3.f990c5c
Expires: Mon, 20 Jan 2025 14:30:02 GMT
Cache-Control: max-age=0, no-cache, no-store
Pragma: no-cache
Date: Mon, 20 Jan 2025 14:30:02 GMT
X-Cache: TCP_MISS from a95-101-134-116.deploy.akamaitechnologies.com (AkamaiGHost/11.8.0-1debf780f7d7c834933fa9689361eec6) (-)
Connection: close
X-Cache-Remote: TCP_MISS from a23-52-15-133.deploy.akamaitechnologies.com (AkamaiGHost/11.8.0-1debf780f7d7c834933fa9689361eec6) (-)
x-tt-trace-tag: id=16;cdn-cache=miss;type=dyn
Server-Timing: cdn-cache; desc=MISS, edge; dur=114, origin; dur=30
Server-Timing: inner; dur=26
X-Parent-Response-Time: 123,95.101.134.116

{"code": 0, "message": "OK", "request_id": "20250120143002CD770CE3FACD0CA4D798", "data": {}}
2025-01-20T14:30:06+00:00 DEBUG POST: https://business-api.tiktok.com/open_api/v1.3/event/track/

{"partner_name":"WooCommerce","event_source":"web","event_source_id":"CSM79Q3C77UAG1T340I0","data":[{"event":"Pageview","event_id":"678e5deec2de8_tt4b_woocommerce_670666209cf1f","event_time":1737383406,"user":{"ip":"195.191.219.131","user_agent":"Mozilla\/5.0 (compatible; MJ12bot\/v1.4.8; http:\/\/mj12bot.com\/)","locale":"ar","external_id":"0","email":"e3b0c44298fc1c149afbf4c8996fb92427ae41e4649b934ca495991b7852b855","phone_number":"e3b0c44298fc1c149afbf4c8996fb92427ae41e4649b934ca495991b7852b855","first_name":"e3b0c44298fc1c149afbf4c8996fb92427ae41e4649b934ca495991b7852b855","last_name":"e3b0c44298fc1c149afbf4c8996fb92427ae41e4649b934ca495991b7852b855","zip_code":"e3b0c44298fc1c149afbf4c8996fb92427ae41e4649b934ca495991b7852b855"},"page":{"url":"http:\/\/www.ibn-sinaa.com\/en\/product-tag\/%D9%86%D9%88%D8%AA%D8%A7%D8%AA\/"}}]}
 ajax: no
2025-01-20T14:30:06+00:00 DEBUG Tt4b_Mapi_Class::mapi_post: Response: 

HTTP/1.1 200 OK
Server: nginx
Content-Type: application/json
Content-Length: 92
X-Tt-Logid: 20250120143006E7C8445524CBDBC145DA
x-tt-trace-host: 018e5a586174a888928d793bdac74b79b519a86797e72c2eba011e03e23beee17dec9e6ed9797fe11e20fe620a54ae977c6de526fb9a6eb9b57440f847e3aa9c6c4f1687e4f62ee384c5ae9d70beee733882fd7778d193624e4d4b5a2bee34be2a29b00f1c04157314f0b76df607dc9284
x-tt-trace-id: 00-250120143006E7C8445524CBDBC145DA-1214FB5B9362F771-00
X-Origin-Response-Time: 29,23.55.100.229
X-Akamai-Request-ID: 67bd7b22.f999d78
Expires: Mon, 20 Jan 2025 14:30:06 GMT
Cache-Control: max-age=0, no-cache, no-store
Pragma: no-cache
Date: Mon, 20 Jan 2025 14:30:06 GMT
X-Cache: TCP_MISS from a95-101-134-116.deploy.akamaitechnologies.com (AkamaiGHost/11.8.0-1debf780f7d7c834933fa9689361eec6) (-)
Connection: close
X-Cache-Remote: TCP_MISS from a23-55-100-229.deploy.akamaitechnologies.com (AkamaiGHost/11.8.0-2d0f2d516c5d43e1487924a77ec5924a) (-)
x-tt-trace-tag: id=16;cdn-cache=miss;type=dyn
Server-Timing: cdn-cache; desc=MISS, edge; dur=87, origin; dur=29
Server-Timing: inner; dur=27
X-Parent-Response-Time: 112,95.101.134.116

{"code": 0, "message": "OK", "request_id": "20250120143006E7C8445524CBDBC145DA", "data": {}}
2025-01-20T14:30:11+00:00 DEBUG POST: https://business-api.tiktok.com/open_api/v1.3/event/track/

{"partner_name":"WooCommerce","event_source":"web","event_source_id":"CSM79Q3C77UAG1T340I0","data":[{"event":"Pageview","event_id":"678e5df343050_tt4b_woocommerce_670666209cf1f","event_time":1737383411,"user":{"ip":"195.191.219.131","user_agent":"Mozilla\/5.0 (compatible; MJ12bot\/v1.4.8; http:\/\/mj12bot.com\/)","locale":"ar","external_id":"0","email":"e3b0c44298fc1c149afbf4c8996fb92427ae41e4649b934ca495991b7852b855","phone_number":"e3b0c44298fc1c149afbf4c8996fb92427ae41e4649b934ca495991b7852b855","first_name":"e3b0c44298fc1c149afbf4c8996fb92427ae41e4649b934ca495991b7852b855","last_name":"e3b0c44298fc1c149afbf4c8996fb92427ae41e4649b934ca495991b7852b855","zip_code":"e3b0c44298fc1c149afbf4c8996fb92427ae41e4649b934ca495991b7852b855"},"page":{"url":"http:\/\/www.ibn-sinaa.com\/en\/product-tag\/%D9%86%D9%88%D8%AA%D8%A7%D8%AA\/feed\/"}}]}
 ajax: no
2025-01-20T14:30:11+00:00 DEBUG Tt4b_Mapi_Class::mapi_post: Response: 

HTTP/1.1 200 OK
Server: nginx
Content-Type: application/json
Content-Length: 92
X-Tt-Logid: 202501201430114EA0587C39FB8929F6D0
Server-Timing: inner; dur=33
x-tt-trace-host: 018e5a586174a888928d793bdac74b79b520593bf434961dbceff88e4b17f9a15677b7027791f0399fb9a996b8c33d509eaaace05a3d90922abf3580c163d6e0fbe42a505878a98ce02615f0e7aab63855f56d70e137d24e33bb018d1d2d8dfb32
x-tt-trace-id: 00-2501201430114EA0587C39FB8929F6D0-5A90DB1C94DFC1FA-00
Expires: Mon, 20 Jan 2025 14:30:11 GMT
Cache-Control: max-age=0, no-cache, no-store
Pragma: no-cache
Date: Mon, 20 Jan 2025 14:30:11 GMT
X-Cache: TCP_MISS from a95-101-134-116.deploy.akamaitechnologies.com (AkamaiGHost/11.8.0-1debf780f7d7c834933fa9689361eec6) (-)
Connection: close
x-tt-trace-tag: id=16;cdn-cache=miss;type=dyn
Server-Timing: cdn-cache; desc=MISS, edge; dur=8, origin; dur=121
X-Origin-Response-Time: 122,95.101.134.116
X-Akamai-Request-ID: f9a23e2

{"code": 0, "message": "OK", "request_id": "202501201430114EA0587C39FB8929F6D0", "data": {}}
2025-01-20T14:30:16+00:00 DEBUG POST: https://business-api.tiktok.com/open_api/v1.3/event/track/

{"partner_name":"WooCommerce","event_source":"web","event_source_id":"CSM79Q3C77UAG1T340I0","data":[{"event":"Pageview","event_id":"678e5df84873d_tt4b_woocommerce_670666209cf1f","event_time":1737383416,"user":{"ip":"195.191.219.131","user_agent":"Mozilla\/5.0 (compatible; MJ12bot\/v1.4.8; http:\/\/mj12bot.com\/)","locale":"ar","external_id":"0","email":"e3b0c44298fc1c149afbf4c8996fb92427ae41e4649b934ca495991b7852b855","phone_number":"e3b0c44298fc1c149afbf4c8996fb92427ae41e4649b934ca495991b7852b855","first_name":"e3b0c44298fc1c149afbf4c8996fb92427ae41e4649b934ca495991b7852b855","last_name":"e3b0c44298fc1c149afbf4c8996fb92427ae41e4649b934ca495991b7852b855","zip_code":"e3b0c44298fc1c149afbf4c8996fb92427ae41e4649b934ca495991b7852b855"},"page":{"url":"http:\/\/www.ibn-sinaa.com\/en\/product-tag\/%D9%88%D8%B1%D9%82-%D8%AE%D8%B7%D8%A7%D8%A8%D8%A7%D8%AA-%D9%81%D8%A7%D8%AE%D8%B1%D8%A9\/"}}]}
 ajax: no
2025-01-20T14:30:16+00:00 DEBUG Tt4b_Mapi_Class::mapi_post: Response: 

HTTP/1.1 200 OK
Server: nginx
Content-Type: application/json
Content-Length: 92
X-Tt-Logid: 202501201430168CF64DAEF81B33D41153
x-tt-trace-host: 018e5a586174a888928d793bdac74b79b5b3c46136d344bf46da72cca5a862092ef4e91ecb6c86d43415d4d2c2a0759303b6136b1837101bb5af004cd96a4ad1b695e5ceeccce2de632d2d60be39154d250d1d33943b6b89ff4c11d3eb6141e529b12f99d5ac2d88efcae86788aaedafc1
x-tt-trace-id: 00-2501201430168CF64DAEF81B33D41153-0BD2127871CABE4A-00
X-Origin-Response-Time: 32,23.207.199.7
X-Akamai-Request-ID: 1292885b.1f25db69
Expires: Mon, 20 Jan 2025 14:30:16 GMT
Cache-Control: max-age=0, no-cache, no-store
Pragma: no-cache
Date: Mon, 20 Jan 2025 14:30:16 GMT
X-Cache: TCP_MISS from a95-101-134-30.deploy.akamaitechnologies.com (AkamaiGHost/11.8.0-1debf780f7d7c834933fa9689361eec6) (-)
Connection: close
X-Cache-Remote: TCP_MISS from a23-207-199-7.deploy.akamaitechnologies.com (AkamaiGHost/11.8.0-1debf780f7d7c834933fa9689361eec6) (-)
x-tt-trace-tag: id=16;cdn-cache=miss;type=dyn
Server-Timing: cdn-cache; desc=MISS, edge; dur=243, origin; dur=32
Server-Timing: inner; dur=28
X-Parent-Response-Time: 272,95.101.134.30

{"code": 0, "message": "OK", "request_id": "202501201430168CF64DAEF81B33D41153", "data": {}}
2025-01-20T14:30:20+00:00 DEBUG POST: https://business-api.tiktok.com/open_api/v1.3/event/track/

{"partner_name":"WooCommerce","event_source":"web","event_source_id":"CSM79Q3C77UAG1T340I0","data":[{"event":"Pageview","event_id":"678e5dfceec64_tt4b_woocommerce_670666209cf1f","event_time":1737383420,"user":{"ip":"195.191.219.131","user_agent":"Mozilla\/5.0 (compatible; MJ12bot\/v1.4.8; http:\/\/mj12bot.com\/)","locale":"ar","external_id":"0","email":"e3b0c44298fc1c149afbf4c8996fb92427ae41e4649b934ca495991b7852b855","phone_number":"e3b0c44298fc1c149afbf4c8996fb92427ae41e4649b934ca495991b7852b855","first_name":"e3b0c44298fc1c149afbf4c8996fb92427ae41e4649b934ca495991b7852b855","last_name":"e3b0c44298fc1c149afbf4c8996fb92427ae41e4649b934ca495991b7852b855","zip_code":"e3b0c44298fc1c149afbf4c8996fb92427ae41e4649b934ca495991b7852b855"},"page":{"url":"http:\/\/www.ibn-sinaa.com\/en\/product-tag\/%D9%88%D8%B1%D9%82-%D8%AE%D8%B7%D8%A7%D8%A8%D8%A7%D8%AA-%D9%81%D8%A7%D8%AE%D8%B1%D8%A9\/feed\/"}}]}
 ajax: no
2025-01-20T14:30:21+00:00 DEBUG Tt4b_Mapi_Class::mapi_post: Response: 

HTTP/1.1 200 OK
Server: nginx
Content-Type: application/json
Content-Length: 92
X-Tt-Logid: 2025012014302186B3D10675D2E8D51720
Server-Timing: inner; dur=27
x-tt-trace-host: 018e5a586174a888928d793bdac74b79b546481499826e61e341177deeedfd94a4c3f6c4f9e67450135705beb1a1220c77c5891aa8d54cada9616326af70722ed8673a2d14fcc0247a974cf151a3ba4588c6de2ec376db1b57ac79768a1ad21ea4
x-tt-trace-id: 00-25012014302186B3D10675D2E8D51720-7CAC8A785E9C9023-00
Expires: Mon, 20 Jan 2025 14:30:21 GMT
Cache-Control: max-age=0, no-cache, no-store
Pragma: no-cache
Date: Mon, 20 Jan 2025 14:30:21 GMT
X-Cache: TCP_MISS from a95-101-134-30.deploy.akamaitechnologies.com (AkamaiGHost/11.8.0-1debf780f7d7c834933fa9689361eec6) (-)
Connection: close
x-tt-trace-tag: id=16;cdn-cache=miss;type=dyn
Server-Timing: cdn-cache; desc=MISS, edge; dur=5, origin; dur=107
X-Origin-Response-Time: 107,95.101.134.30
X-Akamai-Request-ID: 1f2678bc

{"code": 0, "message": "OK", "request_id": "2025012014302186B3D10675D2E8D51720", "data": {}}
2025-01-20T14:30:26+00:00 DEBUG POST: https://business-api.tiktok.com/open_api/v1.3/event/track/

{"partner_name":"WooCommerce","event_source":"web","event_source_id":"CSM79Q3C77UAG1T340I0","data":[{"event":"Pageview","event_id":"678e5e020953a_tt4b_woocommerce_670666209cf1f","event_time":1737383426,"user":{"ip":"195.191.219.131","user_agent":"Mozilla\/5.0 (compatible; MJ12bot\/v1.4.8; http:\/\/mj12bot.com\/)","locale":"ar","external_id":"0","email":"e3b0c44298fc1c149afbf4c8996fb92427ae41e4649b934ca495991b7852b855","phone_number":"e3b0c44298fc1c149afbf4c8996fb92427ae41e4649b934ca495991b7852b855","first_name":"e3b0c44298fc1c149afbf4c8996fb92427ae41e4649b934ca495991b7852b855","last_name":"e3b0c44298fc1c149afbf4c8996fb92427ae41e4649b934ca495991b7852b855","zip_code":"e3b0c44298fc1c149afbf4c8996fb92427ae41e4649b934ca495991b7852b855"},"page":{"url":"http:\/\/www.ibn-sinaa.com\/en\/product-tag\/%D9%88%D8%B1%D9%82-%D8%AE%D8%B7%D8%A7%D8%A8%D8%A7%D8%AA-%D9%85%D9%82%D9%85%D8%B4\/"}}]}
 ajax: no
2025-01-20T14:30:26+00:00 DEBUG POST: https://business-api.tiktok.com/open_api/v1.3/event/track/

{"partner_name":"WooCommerce","event_source":"web","event_source_id":"CSM79Q3C77UAG1T340I0","data":[{"event":"Pageview","event_id":"678e5e022e9cc_tt4b_woocommerce_670666209cf1f","event_time":1737383426,"user":{"ip":"85.208.96.195","user_agent":"Mozilla\/5.0 (compatible; SemrushBot\/7~bl; +http:\/\/www.semrush.com\/bot.html)","locale":"ar","external_id":"0","email":"e3b0c44298fc1c149afbf4c8996fb92427ae41e4649b934ca495991b7852b855","phone_number":"e3b0c44298fc1c149afbf4c8996fb92427ae41e4649b934ca495991b7852b855","first_name":"e3b0c44298fc1c149afbf4c8996fb92427ae41e4649b934ca495991b7852b855","last_name":"e3b0c44298fc1c149afbf4c8996fb92427ae41e4649b934ca495991b7852b855","zip_code":"e3b0c44298fc1c149afbf4c8996fb92427ae41e4649b934ca495991b7852b855"},"page":{"url":"http:\/\/ibn-sinaa.com\/product\/%D8%A7%D9%83%D9%8A%D8%A7%D8%B3-%D9%8A%D9%88%D9%85-%D8%A7%D9%84%D8%AA%D8%A7%D8%B3%D9%8A%D8%B3\/"}}]}
 ajax: no
2025-01-20T14:30:26+00:00 DEBUG Tt4b_Mapi_Class::mapi_post: Response: 

HTTP/1.1 200 OK
Server: nginx
Content-Type: application/json
Content-Length: 92
X-Tt-Logid: 20250120143026745119188506ADDD1DF3
x-tt-trace-host: 018e5a586174a888928d793bdac74b79b56517d7628cf0ffdff56b078ad2cf56153c3836327d77372713608f4a164d1ee01499504d5a3151131d46a8e62a24e17eb5c1a38da1a88be07138a7d5ccb1267284b1028fdb5179ab6ba2e34c9b6dc9bf609e247654519a33e8e9a1ac029284f0
x-tt-trace-id: 00-250120143026745119188506ADDD1DF3-09C57BCF3C9A1C51-00
X-Origin-Response-Time: 31,23.52.15.239
X-Akamai-Request-ID: 311ac7dd.1f837a1e
Expires: Mon, 20 Jan 2025 14:30:26 GMT
Cache-Control: max-age=0, no-cache, no-store
Pragma: no-cache
Date: Mon, 20 Jan 2025 14:30:26 GMT
X-Cache: TCP_MISS from a95-101-134-92.deploy.akamaitechnologies.com (AkamaiGHost/11.8.0-1debf780f7d7c834933fa9689361eec6) (-)
Connection: close
X-Cache-Remote: TCP_MISS from a23-52-15-239.deploy.akamaitechnologies.com (AkamaiGHost/11.8.0-1debf780f7d7c834933fa9689361eec6) (-)
x-tt-trace-tag: id=16;cdn-cache=miss;type=dyn
Server-Timing: cdn-cache; desc=MISS, edge; dur=85, origin; dur=31
Server-Timing: inner; dur=25
X-Parent-Response-Time: 111,95.101.134.92

{"code": 0, "message": "OK", "request_id": "20250120143026745119188506ADDD1DF3", "data": {}}
2025-01-20T14:30:26+00:00 DEBUG Tt4b_Mapi_Class::mapi_post: Response: 

HTTP/1.1 200 OK
Server: nginx
Content-Type: application/json
Content-Length: 92
X-Tt-Logid: 202501201430266CCFF413D36EC297AB88
x-tt-trace-host: 018e5a586174a888928d793bdac74b79b5b3c46136d344bf46da72cca5a862092e6cd58ccb37554fcd70efcb0be2477708db441b66d6f7fb408df4c9e52b1dbcde82c14623cb82d3daee56d3164e3eb461029ecb3a1febbac428da0108c0449c4e84d798ab02072ec08718b058a79b8882
x-tt-trace-id: 00-2501201430266CCFF413D36EC297AB88-396E30CA6476E634-00
X-Origin-Response-Time: 25,23.207.199.40
X-Akamai-Request-ID: 157f29e.1f272853
Expires: Mon, 20 Jan 2025 14:30:26 GMT
Cache-Control: max-age=0, no-cache, no-store
Pragma: no-cache
Date: Mon, 20 Jan 2025 14:30:26 GMT
X-Cache: TCP_MISS from a95-101-134-30.deploy.akamaitechnologies.com (AkamaiGHost/11.8.0-1debf780f7d7c834933fa9689361eec6) (-)
Connection: close
X-Cache-Remote: TCP_MISS from a23-207-199-40.deploy.akamaitechnologies.com (AkamaiGHost/11.8.0-1debf780f7d7c834933fa9689361eec6) (-)
x-tt-trace-tag: id=16;cdn-cache=miss;type=dyn
Server-Timing: cdn-cache; desc=MISS, edge; dur=84, origin; dur=25
Server-Timing: inner; dur=20
X-Parent-Response-Time: 105,95.101.134.30

{"code": 0, "message": "OK", "request_id": "202501201430266CCFF413D36EC297AB88", "data": {}}
2025-01-20T14:30:26+00:00 DEBUG Tt4b_Pixel_Class::inject_view_content_event: hit ViewContent
2025-01-20T14:30:26+00:00 DEBUG POST: https://business-api.tiktok.com/open_api/v1.3/event/track/

{"partner_name":"WooCommerce","event_source":"web","event_source_id":"CSM79Q3C77UAG1T340I0","data":[{"event":"ViewContent","event_id":"678e5e026722a_tt4b_woocommerce_670666209cf1f_BK-000","event_time":1737383426,"user":{"ip":"85.208.96.195","user_agent":"Mozilla\/5.0 (compatible; SemrushBot\/7~bl; +http:\/\/www.semrush.com\/bot.html)","locale":"ar","external_id":"0","email":"e3b0c44298fc1c149afbf4c8996fb92427ae41e4649b934ca495991b7852b855","phone_number":"e3b0c44298fc1c149afbf4c8996fb92427ae41e4649b934ca495991b7852b855","first_name":"e3b0c44298fc1c149afbf4c8996fb92427ae41e4649b934ca495991b7852b855","last_name":"e3b0c44298fc1c149afbf4c8996fb92427ae41e4649b934ca495991b7852b855","zip_code":"e3b0c44298fc1c149afbf4c8996fb92427ae41e4649b934ca495991b7852b855"},"properties":{"contents":[{"price":150,"quantity":1,"content_id":"BK-000","content_name":"\u0627\u0643\u064a\u0627\u0633 \u064a\u0648\u0645 \u0627\u0644\u062a\u0627\u0633\u064a\u0633","description":"<ul>\r\n \t<li><strong>\u0648\u0635\u0641 \u0627\u0644\u0645\u0646\u062a\u062c :<\/strong>\r\n&gt;\u0627\u0643\u064a\u0627\u0633 \u0648\u0631\u0642\u064a\u0629 \u0628\u0647\u0648\u064a\u0629 \u064a\u0648\u0645 \u0627\u0644\u062a\u0627\u0633\u064a\u0633.\r\n&gt; \u0637\u0628\u0627\u0639\u0629 \u0645\u0644\u0648\u0646\u0629 \u0645\u0639 \u0627\u0636\u0627\u0641\u0629 \u0634\u0639\u0627\u0631 \u0627\u0644\u0639\u0645\u064a\u0644.\r\n&gt; \u062e\u0627\u0645\u0629 \u0648\u0631\u0642\u064a\u0629 350 \u062c\u0631\u0627\u0645 \u0639\u0627\u0644\u064a\u0629 \u0627\u0644\u062c\u0648\u062f\u0629.<\/li>\r\n<\/ul>\r\n<ul>\r\n \t<li><strong>\u0637\u0631\u064a\u0642\u0629 \u0627\u0644\u0637\u0644\u0628:<\/strong>\r\n&gt; \u0627\u062e\u062a\u0631 \u0643\u0648\u062f \u0627\u0644\u0643\u064a\u0633 \u0648 \u0627\u0644\u0645\u0642\u0627\u0633 \u0648 \u0627\u062e\u062a\u0631 \u0627\u0644\u0643\u0645\u064a\u0629 \u0628\u0627\u0644\u0627\u0633\u0641\u0644 \u0648 \u0627\u0631\u0641\u0642 \u0634\u0639\u0627\u0631 \u0648\u0627\u0644\u0630\u0647\u0627\u0628 \u0644\u0644\u062f\u0641\u0639.\r\n&gt; \u0627\u0644\u0637\u0644\u0628 \u0639\u0646 \u0637\u0631\u064a\u0642 \u0627\u0644\u0648\u062a\u0633 \u0628\u0627\u0644\u0638\u063a\u0637 \u0639\u0644\u0649 \u0632\u0631 \u0627\u0644\u0648\u0627\u062a\u0633\u0627\u0628.<\/li>\r\n<\/ul>\r\n<ul>\r\n \t<li><strong>\u0645\u062f\u0629 \u062a\u0646\u0641\u064a\u0630 \u0627\u0644\u0637\u0644\u0628 :<\/strong>\r\n&gt; \u062a\u0631\u0627\u0648\u062d \u0645\u0646 3 - 5 \u0627\u064a\u0627\u0645 \u0639\u0645\u0644 \u0648 \u0642\u062f \u062a\u0632\u064a\u062f \u0639\u0646\u062f \u0632\u064a\u0627\u062f\u0629 \u0627\u0644\u0643\u0645\u064a\u0627\u062a.<\/li>\r\n<\/ul>","availability":"IN_STOCK","sale_price":150,"on_sale":false}],"content_type":"product","currency":"SAR","value":150,"event_trigger_source":"WooCommerce"},"page":{"url":"http:\/\/ibn-sinaa.com\/product\/%D8%A7%D9%83%D9%8A%D8%A7%D8%B3-%D9%8A%D9%88%D9%85-%D8%A7%D9%84%D8%AA%D8%A7%D8%B3%D9%8A%D8%B3\/"}}]}
 ajax: no
2025-01-20T14:30:26+00:00 DEBUG Tt4b_Mapi_Class::mapi_post: Response: 

HTTP/1.1 200 OK
Server: nginx
Content-Type: application/json
Content-Length: 92
X-Tt-Logid: 20250120143026CD04CB909B970E88C028
x-tt-trace-host: 018e5a586174a888928d793bdac74b79b56517d7628cf0ffdff56b078ad2cf5615480b171af2d6904849f909fe44a6ab26dcd52aabfc9a3eed878a8e5aa124b5a91d121a36f9b2744ce7516926a17ed73f7252e9074cc15e21426dfc42103c52bcdf9ba20c2cd222c5dd5a65c12502ffa6
x-tt-trace-id: 00-250120143026CD04CB909B970E88C028-493CA8D29BED09BE-00
X-Origin-Response-Time: 28,23.207.199.13
X-Akamai-Request-ID: 2dddd0fa.1f83860c
Expires: Mon, 20 Jan 2025 14:30:26 GMT
Cache-Control: max-age=0, no-cache, no-store
Pragma: no-cache
Date: Mon, 20 Jan 2025 14:30:26 GMT
X-Cache: TCP_MISS from a95-101-134-92.deploy.akamaitechnologies.com (AkamaiGHost/11.8.0-1debf780f7d7c834933fa9689361eec6) (-)
Connection: close
X-Cache-Remote: TCP_MISS from a23-207-199-13.deploy.akamaitechnologies.com (AkamaiGHost/11.8.0-2d0f2d516c5d43e1487924a77ec5924a) (-)
x-tt-trace-tag: id=16;cdn-cache=miss;type=dyn
Server-Timing: cdn-cache; desc=MISS, edge; dur=89, origin; dur=28
Server-Timing: inner; dur=24
X-Parent-Response-Time: 110,95.101.134.92

{"code": 0, "message": "OK", "request_id": "20250120143026CD04CB909B970E88C028", "data": {}}
2025-01-20T14:30:30+00:00 DEBUG POST: https://business-api.tiktok.com/open_api/v1.3/event/track/

{"partner_name":"WooCommerce","event_source":"web","event_source_id":"CSM79Q3C77UAG1T340I0","data":[{"event":"Pageview","event_id":"678e5e0643ef6_tt4b_woocommerce_670666209cf1f","event_time":1737383430,"user":{"ip":"85.208.96.200","user_agent":"Mozilla\/5.0 (compatible; SemrushBot\/7~bl; +http:\/\/www.semrush.com\/bot.html)","locale":"ar","external_id":"0","email":"e3b0c44298fc1c149afbf4c8996fb92427ae41e4649b934ca495991b7852b855","phone_number":"e3b0c44298fc1c149afbf4c8996fb92427ae41e4649b934ca495991b7852b855","first_name":"e3b0c44298fc1c149afbf4c8996fb92427ae41e4649b934ca495991b7852b855","last_name":"e3b0c44298fc1c149afbf4c8996fb92427ae41e4649b934ca495991b7852b855","zip_code":"e3b0c44298fc1c149afbf4c8996fb92427ae41e4649b934ca495991b7852b855"},"page":{"url":"http:\/\/www.ibn-sinaa.com\/product\/%D8%A7%D9%83%D9%8A%D8%A7%D8%B3-%D9%8A%D9%88%D9%85-%D8%A7%D9%84%D8%AA%D8%A7%D8%B3%D9%8A%D8%B3\/"}}]}
 ajax: no
2025-01-20T14:30:30+00:00 DEBUG Tt4b_Mapi_Class::mapi_post: Response: 

HTTP/1.1 200 OK
Server: nginx
Content-Type: application/json
Content-Length: 92
X-Tt-Logid: 20250120143030392CB5EDE2EBA22A457A
x-tt-trace-host: 018e5a586174a888928d793bdac74b79b56517d7628cf0ffdff56b078ad2cf5615a1dc161f7748850b04c0b5d06a603691defc3884c0f8eecbb256d55296d130d82fc78b040535edcedf789a50729e87f3cea32b91e94a67e602613508ec17bdca0c3a55bcafc9b351cbd969557b9aaec7
x-tt-trace-id: 00-250120143030392CB5EDE2EBA22A457A-0FAEA9873E3D98AD-00
X-Origin-Response-Time: 21,23.52.15.231
X-Akamai-Request-ID: 79451fec.1f8403fb
Expires: Mon, 20 Jan 2025 14:30:30 GMT
Cache-Control: max-age=0, no-cache, no-store
Pragma: no-cache
Date: Mon, 20 Jan 2025 14:30:30 GMT
X-Cache: TCP_MISS from a95-101-134-92.deploy.akamaitechnologies.com (AkamaiGHost/11.8.0-1debf780f7d7c834933fa9689361eec6) (-)
Connection: close
X-Cache-Remote: TCP_MISS from a23-52-15-231.deploy.akamaitechnologies.com (AkamaiGHost/11.8.0-1debf780f7d7c834933fa9689361eec6) (-)
x-tt-trace-tag: id=16;cdn-cache=miss;type=dyn
Server-Timing: cdn-cache; desc=MISS, edge; dur=86, origin; dur=21
Server-Timing: inner; dur=17
X-Parent-Response-Time: 102,95.101.134.92

{"code": 0, "message": "OK", "request_id": "20250120143030392CB5EDE2EBA22A457A", "data": {}}
2025-01-20T14:30:30+00:00 DEBUG Tt4b_Pixel_Class::inject_view_content_event: hit ViewContent
2025-01-20T14:30:30+00:00 DEBUG POST: https://business-api.tiktok.com/open_api/v1.3/event/track/

{"partner_name":"WooCommerce","event_source":"web","event_source_id":"CSM79Q3C77UAG1T340I0","data":[{"event":"ViewContent","event_id":"678e5e067ff70_tt4b_woocommerce_670666209cf1f_BK-000","event_time":1737383430,"user":{"ip":"85.208.96.200","user_agent":"Mozilla\/5.0 (compatible; SemrushBot\/7~bl; +http:\/\/www.semrush.com\/bot.html)","locale":"ar","external_id":"0","email":"e3b0c44298fc1c149afbf4c8996fb92427ae41e4649b934ca495991b7852b855","phone_number":"e3b0c44298fc1c149afbf4c8996fb92427ae41e4649b934ca495991b7852b855","first_name":"e3b0c44298fc1c149afbf4c8996fb92427ae41e4649b934ca495991b7852b855","last_name":"e3b0c44298fc1c149afbf4c8996fb92427ae41e4649b934ca495991b7852b855","zip_code":"e3b0c44298fc1c149afbf4c8996fb92427ae41e4649b934ca495991b7852b855"},"properties":{"contents":[{"price":150,"quantity":1,"content_id":"BK-000","content_name":"\u0627\u0643\u064a\u0627\u0633 \u064a\u0648\u0645 \u0627\u0644\u062a\u0627\u0633\u064a\u0633","description":"<ul>\r\n \t<li><strong>\u0648\u0635\u0641 \u0627\u0644\u0645\u0646\u062a\u062c :<\/strong>\r\n&gt;\u0627\u0643\u064a\u0627\u0633 \u0648\u0631\u0642\u064a\u0629 \u0628\u0647\u0648\u064a\u0629 \u064a\u0648\u0645 \u0627\u0644\u062a\u0627\u0633\u064a\u0633.\r\n&gt; \u0637\u0628\u0627\u0639\u0629 \u0645\u0644\u0648\u0646\u0629 \u0645\u0639 \u0627\u0636\u0627\u0641\u0629 \u0634\u0639\u0627\u0631 \u0627\u0644\u0639\u0645\u064a\u0644.\r\n&gt; \u062e\u0627\u0645\u0629 \u0648\u0631\u0642\u064a\u0629 350 \u062c\u0631\u0627\u0645 \u0639\u0627\u0644\u064a\u0629 \u0627\u0644\u062c\u0648\u062f\u0629.<\/li>\r\n<\/ul>\r\n<ul>\r\n \t<li><strong>\u0637\u0631\u064a\u0642\u0629 \u0627\u0644\u0637\u0644\u0628:<\/strong>\r\n&gt; \u0627\u062e\u062a\u0631 \u0643\u0648\u062f \u0627\u0644\u0643\u064a\u0633 \u0648 \u0627\u0644\u0645\u0642\u0627\u0633 \u0648 \u0627\u062e\u062a\u0631 \u0627\u0644\u0643\u0645\u064a\u0629 \u0628\u0627\u0644\u0627\u0633\u0641\u0644 \u0648 \u0627\u0631\u0641\u0642 \u0634\u0639\u0627\u0631 \u0648\u0627\u0644\u0630\u0647\u0627\u0628 \u0644\u0644\u062f\u0641\u0639.\r\n&gt; \u0627\u0644\u0637\u0644\u0628 \u0639\u0646 \u0637\u0631\u064a\u0642 \u0627\u0644\u0648\u062a\u0633 \u0628\u0627\u0644\u0638\u063a\u0637 \u0639\u0644\u0649 \u0632\u0631 \u0627\u0644\u0648\u0627\u062a\u0633\u0627\u0628.<\/li>\r\n<\/ul>\r\n<ul>\r\n \t<li><strong>\u0645\u062f\u0629 \u062a\u0646\u0641\u064a\u0630 \u0627\u0644\u0637\u0644\u0628 :<\/strong>\r\n&gt; \u062a\u0631\u0627\u0648\u062d \u0645\u0646 3 - 5 \u0627\u064a\u0627\u0645 \u0639\u0645\u0644 \u0648 \u0642\u062f \u062a\u0632\u064a\u062f \u0639\u0646\u062f \u0632\u064a\u0627\u062f\u0629 \u0627\u0644\u0643\u0645\u064a\u0627\u062a.<\/li>\r\n<\/ul>","availability":"IN_STOCK","sale_price":150,"on_sale":false}],"content_type":"product","currency":"SAR","value":150,"event_trigger_source":"WooCommerce"},"page":{"url":"http:\/\/www.ibn-sinaa.com\/product\/%D8%A7%D9%83%D9%8A%D8%A7%D8%B3-%D9%8A%D9%88%D9%85-%D8%A7%D9%84%D8%AA%D8%A7%D8%B3%D9%8A%D8%B3\/"}}]}
 ajax: no
2025-01-20T14:30:30+00:00 DEBUG POST: https://business-api.tiktok.com/open_api/v1.3/event/track/

{"partner_name":"WooCommerce","event_source":"web","event_source_id":"CSM79Q3C77UAG1T340I0","data":[{"event":"Pageview","event_id":"678e5e068b16b_tt4b_woocommerce_670666209cf1f","event_time":1737383430,"user":{"ip":"195.191.219.131","user_agent":"Mozilla\/5.0 (compatible; MJ12bot\/v1.4.8; http:\/\/mj12bot.com\/)","locale":"ar","external_id":"0","email":"e3b0c44298fc1c149afbf4c8996fb92427ae41e4649b934ca495991b7852b855","phone_number":"e3b0c44298fc1c149afbf4c8996fb92427ae41e4649b934ca495991b7852b855","first_name":"e3b0c44298fc1c149afbf4c8996fb92427ae41e4649b934ca495991b7852b855","last_name":"e3b0c44298fc1c149afbf4c8996fb92427ae41e4649b934ca495991b7852b855","zip_code":"e3b0c44298fc1c149afbf4c8996fb92427ae41e4649b934ca495991b7852b855"},"page":{"url":"http:\/\/www.ibn-sinaa.com\/en\/product-tag\/%D9%88%D8%B1%D9%82-%D8%AE%D8%B7%D8%A7%D8%A8%D8%A7%D8%AA-%D9%85%D9%82%D9%85%D8%B4\/feed\/"}}]}
 ajax: no
2025-01-20T14:30:30+00:00 DEBUG Tt4b_Mapi_Class::mapi_post: Response: 

HTTP/1.1 200 OK
Server: nginx
Content-Type: application/json
Content-Length: 92
X-Tt-Logid: 202501201430308989FE77E9E97A2AD850
Server-Timing: inner; dur=25
x-tt-trace-host: 018e5a586174a888928d793bdac74b79b546481499826e61e341177deeedfd94a484908f3f62d9ba521fda439f4f3a001ca67b719ad54a9b94a57cffc2e1e56adc4a60e3f87386c1f9db4bf4caadc827ea3067e3f974a945760837726f65a56175
x-tt-trace-id: 00-2501201430308989FE77E9E97A2AD850-042EBB636698D11C-00
Expires: Mon, 20 Jan 2025 14:30:30 GMT
Cache-Control: max-age=0, no-cache, no-store
Pragma: no-cache
Date: Mon, 20 Jan 2025 14:30:30 GMT
X-Cache: TCP_MISS from a95-101-134-30.deploy.akamaitechnologies.com (AkamaiGHost/11.8.0-1debf780f7d7c834933fa9689361eec6) (-)
Connection: close
x-tt-trace-tag: id=16;cdn-cache=miss;type=dyn
Server-Timing: cdn-cache; desc=MISS, edge; dur=9, origin; dur=108
X-Origin-Response-Time: 109,95.101.134.30
X-Akamai-Request-ID: 1f27b8e2

{"code": 0, "message": "OK", "request_id": "202501201430308989FE77E9E97A2AD850", "data": {}}
2025-01-20T14:30:30+00:00 DEBUG Tt4b_Mapi_Class::mapi_post: Response: 

HTTP/1.1 200 OK
Server: nginx
Content-Type: application/json
Content-Length: 92
X-Tt-Logid: 202501201430306B11B514D224623197BD
x-tt-trace-host: 018e5a586174a888928d793bdac74b79b56517d7628cf0ffdff56b078ad2cf5615228df5dabe0f82ab0991701b375c7ebeddffab62a8bc64ee4e3539c3ebc0f644ff326a95bbbd8c1340b9a1f17b4de318fabf5ff3a3850725605422ee0e42ca03beb45ca1bff9ddbc39bf56c74d377e4c
x-tt-trace-id: 00-2501201430306B11B514D224623197BD-5D9336FB3EFDFA86-00
X-Origin-Response-Time: 44,23.55.100.229
X-Akamai-Request-ID: 67c09270.1f840d2e
Expires: Mon, 20 Jan 2025 14:30:30 GMT
Cache-Control: max-age=0, no-cache, no-store
Pragma: no-cache
Date: Mon, 20 Jan 2025 14:30:30 GMT
X-Cache: TCP_MISS from a95-101-134-92.deploy.akamaitechnologies.com (AkamaiGHost/11.8.0-1debf780f7d7c834933fa9689361eec6) (-)
Connection: close
X-Cache-Remote: TCP_MISS from a23-55-100-229.deploy.akamaitechnologies.com (AkamaiGHost/11.8.0-2d0f2d516c5d43e1487924a77ec5924a) (-)
x-tt-trace-tag: id=16;cdn-cache=miss;type=dyn
Server-Timing: cdn-cache; desc=MISS, edge; dur=88, origin; dur=44
Server-Timing: inner; dur=41
X-Parent-Response-Time: 126,95.101.134.92

{"code": 0, "message": "OK", "request_id": "202501201430306B11B514D224623197BD", "data": {}}
2025-01-20T14:30:35+00:00 DEBUG POST: https://business-api.tiktok.com/open_api/v1.3/event/track/

{"partner_name":"WooCommerce","event_source":"web","event_source_id":"CSM79Q3C77UAG1T340I0","data":[{"event":"Pageview","event_id":"678e5e0b30293_tt4b_woocommerce_670666209cf1f","event_time":1737383435,"user":{"ip":"195.191.219.131","user_agent":"Mozilla\/5.0 (compatible; MJ12bot\/v1.4.8; http:\/\/mj12bot.com\/)","locale":"ar","external_id":"0","email":"e3b0c44298fc1c149afbf4c8996fb92427ae41e4649b934ca495991b7852b855","phone_number":"e3b0c44298fc1c149afbf4c8996fb92427ae41e4649b934ca495991b7852b855","first_name":"e3b0c44298fc1c149afbf4c8996fb92427ae41e4649b934ca495991b7852b855","last_name":"e3b0c44298fc1c149afbf4c8996fb92427ae41e4649b934ca495991b7852b855","zip_code":"e3b0c44298fc1c149afbf4c8996fb92427ae41e4649b934ca495991b7852b855"},"page":{"url":"http:\/\/www.ibn-sinaa.com\/en\/product-tag\/%D8%A7%D8%B3%D8%AA%D8%A7%D9%86%D8%AF-%D9%85%D9%86%D8%AD%D9%86%D9%8A"}}]}
 ajax: no
2025-01-20T14:30:35+00:00 DEBUG Tt4b_Mapi_Class::mapi_post: Response: 

HTTP/1.1 200 OK
Server: nginx
Content-Type: application/json
Content-Length: 92
X-Tt-Logid: 202501201430357FBE214A198AA3DF7E1F
x-tt-trace-host: 018e5a586174a888928d793bdac74b79b519a86797e72c2eba011e03e23beee17dc5a747086774868a0d30942f9bb981215354489915805fa8ab3974568b8a86b902aa101c52d6478fa7aee623c716d30bc7875aaf712212ecff37ff6a76b526cb7de717a97722d8acafdfeaeeb6e3dff4
x-tt-trace-id: 00-2501201430357FBE214A198AA3DF7E1F-6E0E1ACB2F94AD0A-00
X-Origin-Response-Time: 29,23.207.199.12
X-Akamai-Request-ID: 37f5c563.f9ceda4
Expires: Mon, 20 Jan 2025 14:30:35 GMT
Cache-Control: max-age=0, no-cache, no-store
Pragma: no-cache
Date: Mon, 20 Jan 2025 14:30:35 GMT
X-Cache: TCP_MISS from a95-101-134-116.deploy.akamaitechnologies.com (AkamaiGHost/11.8.0-1debf780f7d7c834933fa9689361eec6) (-)
Connection: close
X-Cache-Remote: TCP_MISS from a23-207-199-12.deploy.akamaitechnologies.com (AkamaiGHost/11.8.0-1debf780f7d7c834933fa9689361eec6) (-)
x-tt-trace-tag: id=16;cdn-cache=miss;type=dyn
Server-Timing: cdn-cache; desc=MISS, edge; dur=90, origin; dur=29
Server-Timing: inner; dur=24
X-Parent-Response-Time: 113,95.101.134.116

{"code": 0, "message": "OK", "request_id": "202501201430357FBE214A198AA3DF7E1F", "data": {}}
2025-01-20T14:30:36+00:00 DEBUG POST: https://business-api.tiktok.com/open_api/v1.3/event/track/

{"partner_name":"WooCommerce","event_source":"web","event_source_id":"CSM79Q3C77UAG1T340I0","data":[{"event":"Pageview","event_id":"678e5e0cda9cb_tt4b_woocommerce_670666209cf1f","event_time":1737383436,"user":{"ip":"52.167.144.225","user_agent":"Mozilla\/5.0 AppleWebKit\/537.36 (KHTML, like Gecko; compatible; bingbot\/2.0; +http:\/\/www.bing.com\/bingbot.htm) Chrome\/116.0.1938.76 Safari\/537.36","locale":"ar","external_id":"0","email":"e3b0c44298fc1c149afbf4c8996fb92427ae41e4649b934ca495991b7852b855","phone_number":"e3b0c44298fc1c149afbf4c8996fb92427ae41e4649b934ca495991b7852b855","first_name":"e3b0c44298fc1c149afbf4c8996fb92427ae41e4649b934ca495991b7852b855","last_name":"e3b0c44298fc1c149afbf4c8996fb92427ae41e4649b934ca495991b7852b855","zip_code":"e3b0c44298fc1c149afbf4c8996fb92427ae41e4649b934ca495991b7852b855"},"page":{"url":"http:\/\/mail.ibn-sinaa.com\/product-category\/digital-printing\/folders\/"}}]}
 ajax: no
2025-01-20T14:30:37+00:00 DEBUG Tt4b_Mapi_Class::mapi_post: Response: 

HTTP/1.1 200 OK
Server: nginx
Content-Type: application/json
Content-Length: 92
X-Tt-Logid: 202501201430367B89B77B16701ABDD64F
Server-Timing: inner; dur=23
x-tt-trace-host: 018e5a586174a888928d793bdac74b79b520593bf434961dbceff88e4b17f9a1566f9fa52096e714d8cf71cfb0a25736a1e35e77c944e14c8c3443dd7b1ea1d16c3b008c629118b8ffe7868b3d667d649b5df8c9cb9dab09279b10361119fbef3b
x-tt-trace-id: 00-2501201430367B89B77B16701ABDD64F-6F1E5F8C35BCD95B-00
Expires: Mon, 20 Jan 2025 14:30:37 GMT
Cache-Control: max-age=0, no-cache, no-store
Pragma: no-cache
Date: Mon, 20 Jan 2025 14:30:37 GMT
X-Cache: TCP_MISS from a95-101-134-116.deploy.akamaitechnologies.com (AkamaiGHost/11.8.0-1debf780f7d7c834933fa9689361eec6) (-)
Connection: close
x-tt-trace-tag: id=16;cdn-cache=miss;type=dyn
Server-Timing: cdn-cache; desc=MISS, edge; dur=5, origin; dur=106
X-Origin-Response-Time: 108,95.101.134.116
X-Akamai-Request-ID: f9d1e11

{"code": 0, "message": "OK", "request_id": "202501201430367B89B77B16701ABDD64F", "data": {}}
2025-01-20T14:30:40+00:00 DEBUG POST: https://business-api.tiktok.com/open_api/v1.3/event/track/

{"partner_name":"WooCommerce","event_source":"web","event_source_id":"CSM79Q3C77UAG1T340I0","data":[{"event":"Pageview","event_id":"678e5e108a942_tt4b_woocommerce_670666209cf1f","event_time":1737383440,"user":{"ip":"195.191.219.131","user_agent":"Mozilla\/5.0 (compatible; MJ12bot\/v1.4.8; http:\/\/mj12bot.com\/)","locale":"ar","external_id":"0","email":"e3b0c44298fc1c149afbf4c8996fb92427ae41e4649b934ca495991b7852b855","phone_number":"e3b0c44298fc1c149afbf4c8996fb92427ae41e4649b934ca495991b7852b855","first_name":"e3b0c44298fc1c149afbf4c8996fb92427ae41e4649b934ca495991b7852b855","last_name":"e3b0c44298fc1c149afbf4c8996fb92427ae41e4649b934ca495991b7852b855","zip_code":"e3b0c44298fc1c149afbf4c8996fb92427ae41e4649b934ca495991b7852b855"},"page":{"url":"http:\/\/www.ibn-sinaa.com\/en\/product-tag\/%D8%A7%D8%B3%D8%AA%D8%A7%D9%86%D8%AF%D8%A7%D8%AA-%D8%B1%D9%88%D9%84-%D8%A7%D8%A8"}}]}
 ajax: no
2025-01-20T14:30:40+00:00 DEBUG Tt4b_Mapi_Class::mapi_post: Response: 

HTTP/1.1 200 OK
Server: nginx
Content-Type: application/json
Content-Length: 92
X-Tt-Logid: 202501201430402BFCA1223242D78724A2
x-tt-trace-host: 018e5a586174a888928d793bdac74b79b56517d7628cf0ffdff56b078ad2cf561571819cdd77010f774268dd6268ed6cdc706dc8d49c55d04e7b391245b78d543048df84f2463b9511653ec537960c0385ff424a5ec3ab25e3c8950080de4525fdea2f009ca25f1edafafb3a8dabe205cf
x-tt-trace-id: 00-2501201430402BFCA1223242D78724A2-14004E0B6E6755E1-00
X-Origin-Response-Time: 37,23.52.15.133
X-Akamai-Request-ID: a4d0e6f4.1f854e25
Expires: Mon, 20 Jan 2025 14:30:40 GMT
Cache-Control: max-age=0, no-cache, no-store
Pragma: no-cache
Date: Mon, 20 Jan 2025 14:30:40 GMT
X-Cache: TCP_MISS from a95-101-134-92.deploy.akamaitechnologies.com (AkamaiGHost/11.8.0-1debf780f7d7c834933fa9689361eec6) (-)
Connection: close
X-Cache-Remote: TCP_MISS from a23-52-15-133.deploy.akamaitechnologies.com (AkamaiGHost/11.8.0-1debf780f7d7c834933fa9689361eec6) (-)
x-tt-trace-tag: id=16;cdn-cache=miss;type=dyn
Server-Timing: cdn-cache; desc=MISS, edge; dur=84, origin; dur=37
Server-Timing: inner; dur=33
X-Parent-Response-Time: 117,95.101.134.92

{"code": 0, "message": "OK", "request_id": "202501201430402BFCA1223242D78724A2", "data": {}}
2025-01-20T14:30:45+00:00 DEBUG POST: https://business-api.tiktok.com/open_api/v1.3/event/track/

{"partner_name":"WooCommerce","event_source":"web","event_source_id":"CSM79Q3C77UAG1T340I0","data":[{"event":"Pageview","event_id":"678e5e15426a5_tt4b_woocommerce_670666209cf1f","event_time":1737383445,"user":{"ip":"195.191.219.131","user_agent":"Mozilla\/5.0 (compatible; MJ12bot\/v1.4.8; http:\/\/mj12bot.com\/)","locale":"ar","external_id":"0","email":"e3b0c44298fc1c149afbf4c8996fb92427ae41e4649b934ca495991b7852b855","phone_number":"e3b0c44298fc1c149afbf4c8996fb92427ae41e4649b934ca495991b7852b855","first_name":"e3b0c44298fc1c149afbf4c8996fb92427ae41e4649b934ca495991b7852b855","last_name":"e3b0c44298fc1c149afbf4c8996fb92427ae41e4649b934ca495991b7852b855","zip_code":"e3b0c44298fc1c149afbf4c8996fb92427ae41e4649b934ca495991b7852b855"},"page":{"url":"http:\/\/www.ibn-sinaa.com\/en\/product-tag\/%D8%A7%D8%B8%D8%B1%D9%81\/"}}]}
 ajax: no
2025-01-20T14:30:45+00:00 DEBUG Tt4b_Mapi_Class::mapi_post: Response: 

HTTP/1.1 200 OK
Server: nginx
Content-Type: application/json
Content-Length: 92
X-Tt-Logid: 2025012014304538C8CABBB22DA49D70AE
Server-Timing: inner; dur=22
x-tt-trace-host: 018e5a586174a888928d793bdac74b79b520593bf434961dbceff88e4b17f9a156439156b03d5e310df6b9c2c6ebfd542a500ee7fa4e2d7a822a53c02cc91283bd6edd1c02c1943619b478c4a94c728b1e1cc7df960536e919c062dc5ce593ec04
x-tt-trace-id: 00-25012014304538C8CABBB22DA49D70AE-4404C9CEA1897975-00
Expires: Mon, 20 Jan 2025 14:30:45 GMT
Cache-Control: max-age=0, no-cache, no-store
Pragma: no-cache
Date: Mon, 20 Jan 2025 14:30:45 GMT
X-Cache: TCP_MISS from a95-101-134-116.deploy.akamaitechnologies.com (AkamaiGHost/11.8.0-1debf780f7d7c834933fa9689361eec6) (-)
Connection: close
x-tt-trace-tag: id=16;cdn-cache=miss;type=dyn
Server-Timing: cdn-cache; desc=MISS, edge; dur=4, origin; dur=101
X-Origin-Response-Time: 101,95.101.134.116
X-Akamai-Request-ID: f9e1ac8

{"code": 0, "message": "OK", "request_id": "2025012014304538C8CABBB22DA49D70AE", "data": {}}
2025-01-20T14:30:49+00:00 DEBUG POST: https://business-api.tiktok.com/open_api/v1.3/event/track/

{"partner_name":"WooCommerce","event_source":"web","event_source_id":"CSM79Q3C77UAG1T340I0","data":[{"event":"Pageview","event_id":"678e5e19db8b8_tt4b_woocommerce_670666209cf1f","event_time":1737383449,"user":{"ip":"195.191.219.131","user_agent":"Mozilla\/5.0 (compatible; MJ12bot\/v1.4.8; http:\/\/mj12bot.com\/)","locale":"ar","external_id":"0","email":"e3b0c44298fc1c149afbf4c8996fb92427ae41e4649b934ca495991b7852b855","phone_number":"e3b0c44298fc1c149afbf4c8996fb92427ae41e4649b934ca495991b7852b855","first_name":"e3b0c44298fc1c149afbf4c8996fb92427ae41e4649b934ca495991b7852b855","last_name":"e3b0c44298fc1c149afbf4c8996fb92427ae41e4649b934ca495991b7852b855","zip_code":"e3b0c44298fc1c149afbf4c8996fb92427ae41e4649b934ca495991b7852b855"},"page":{"url":"http:\/\/www.ibn-sinaa.com\/en\/product-tag\/%D8%A7%D8%B8%D8%B1%D9%81-%D8%AA%D8%AC%D8%A7%D8%B1%D9%8A%D8%A9\/"}}]}
 ajax: no
2025-01-20T14:30:50+00:00 DEBUG Tt4b_Mapi_Class::mapi_post: Response: 

HTTP/1.1 200 OK
Server: nginx
Content-Type: application/json
Content-Length: 92
X-Tt-Logid: 20250120143050A385B9A2DC14D687FA9C
x-tt-trace-host: 018e5a586174a888928d793bdac74b79b56517d7628cf0ffdff56b078ad2cf56153c3836327d77372713608f4a164d1ee06bc4e8679299dcc154246f4617930506b050441851a06288fd4ce37cb5aa919217ed82d9507f04743d512bfba33109618aa87b74cfe11444270db49bbe9a1ccd
x-tt-trace-id: 00-250120143050A385B9A2DC14D687FA9C-6EC428C934099652-00
X-Origin-Response-Time: 27,23.52.15.239
X-Akamai-Request-ID: 312018d0.1f867cb3
Expires: Mon, 20 Jan 2025 14:30:50 GMT
Cache-Control: max-age=0, no-cache, no-store
Pragma: no-cache
Date: Mon, 20 Jan 2025 14:30:50 GMT
X-Cache: TCP_MISS from a95-101-134-92.deploy.akamaitechnologies.com (AkamaiGHost/11.8.0-1debf780f7d7c834933fa9689361eec6) (-)
Connection: close
X-Cache-Remote: TCP_MISS from a23-52-15-239.deploy.akamaitechnologies.com (AkamaiGHost/11.8.0-1debf780f7d7c834933fa9689361eec6) (-)
x-tt-trace-tag: id=16;cdn-cache=miss;type=dyn
Server-Timing: cdn-cache; desc=MISS, edge; dur=85, origin; dur=27
Server-Timing: inner; dur=22
X-Parent-Response-Time: 108,95.101.134.92

{"code": 0, "message": "OK", "request_id": "20250120143050A385B9A2DC14D687FA9C", "data": {}}
2025-01-20T14:30:54+00:00 DEBUG POST: https://business-api.tiktok.com/open_api/v1.3/event/track/

{"partner_name":"WooCommerce","event_source":"web","event_source_id":"CSM79Q3C77UAG1T340I0","data":[{"event":"Pageview","event_id":"678e5e1ee8b39_tt4b_woocommerce_670666209cf1f","event_time":1737383454,"user":{"ip":"195.191.219.131","user_agent":"Mozilla\/5.0 (compatible; MJ12bot\/v1.4.8; http:\/\/mj12bot.com\/)","locale":"ar","external_id":"0","email":"e3b0c44298fc1c149afbf4c8996fb92427ae41e4649b934ca495991b7852b855","phone_number":"e3b0c44298fc1c149afbf4c8996fb92427ae41e4649b934ca495991b7852b855","first_name":"e3b0c44298fc1c149afbf4c8996fb92427ae41e4649b934ca495991b7852b855","last_name":"e3b0c44298fc1c149afbf4c8996fb92427ae41e4649b934ca495991b7852b855","zip_code":"e3b0c44298fc1c149afbf4c8996fb92427ae41e4649b934ca495991b7852b855"},"page":{"url":"http:\/\/www.ibn-sinaa.com\/en\/product-tag\/%D8%A8%D9%88%D8%A8-%D8%A7%D8%B3%D8%AA%D8%A7%D9%86%D8%AF\/"}}]}
 ajax: no
2025-01-20T14:30:55+00:00 DEBUG Tt4b_Mapi_Class::mapi_post: Response: 

HTTP/1.1 200 OK
Server: nginx
Content-Type: application/json
Content-Length: 92
X-Tt-Logid: 202501201430559856953C406D3F8F466C
x-tt-trace-host: 018e5a586174a888928d793bdac74b79b56517d7628cf0ffdff56b078ad2cf561582c32320d99be5a031bb26174cb9a76ca6bcc188ccd3724eb1e8aeeacd54312aa67a40efad5904d1fbb12f9d6ad4ca0385978555def5de646240cd1e58afa70f98712e62434de926c4d168afea741570
x-tt-trace-id: 00-2501201430559856953C406D3F8F466C-3F5C11B476773B77-00
X-Origin-Response-Time: 35,23.207.199.26
X-Akamai-Request-ID: 1534b33.1f8722fc
Expires: Mon, 20 Jan 2025 14:30:55 GMT
Cache-Control: max-age=0, no-cache, no-store
Pragma: no-cache
Date: Mon, 20 Jan 2025 14:30:55 GMT
X-Cache: TCP_MISS from a95-101-134-92.deploy.akamaitechnologies.com (AkamaiGHost/11.8.0-1debf780f7d7c834933fa9689361eec6) (-)
Connection: close
X-Cache-Remote: TCP_MISS from a23-207-199-26.deploy.akamaitechnologies.com (AkamaiGHost/11.8.0-1debf780f7d7c834933fa9689361eec6) (-)
x-tt-trace-tag: id=16;cdn-cache=miss;type=dyn
Server-Timing: cdn-cache; desc=MISS, edge; dur=87, origin; dur=35
Server-Timing: inner; dur=32
X-Parent-Response-Time: 118,95.101.134.92

{"code": 0, "message": "OK", "request_id": "202501201430559856953C406D3F8F466C", "data": {}}
2025-01-20T14:30:59+00:00 DEBUG POST: https://business-api.tiktok.com/open_api/v1.3/event/track/

{"partner_name":"WooCommerce","event_source":"web","event_source_id":"CSM79Q3C77UAG1T340I0","data":[{"event":"Pageview","event_id":"678e5e23781dc_tt4b_woocommerce_670666209cf1f","event_time":1737383459,"user":{"ip":"195.191.219.131","user_agent":"Mozilla\/5.0 (compatible; MJ12bot\/v1.4.8; http:\/\/mj12bot.com\/)","locale":"ar","external_id":"0","email":"e3b0c44298fc1c149afbf4c8996fb92427ae41e4649b934ca495991b7852b855","phone_number":"e3b0c44298fc1c149afbf4c8996fb92427ae41e4649b934ca495991b7852b855","first_name":"e3b0c44298fc1c149afbf4c8996fb92427ae41e4649b934ca495991b7852b855","last_name":"e3b0c44298fc1c149afbf4c8996fb92427ae41e4649b934ca495991b7852b855","zip_code":"e3b0c44298fc1c149afbf4c8996fb92427ae41e4649b934ca495991b7852b855"},"page":{"url":"http:\/\/www.ibn-sinaa.com\/en\/product-tag\/%D8%AA%D8%B5%D9%85%D9%8A%D9%85-%D8%BA%D9%84%D8%A7%D9%81-%D8%B3%D8%AC%D9%84%D8%A7%D8%AA-%D9%85%D8%AF%D8%B1%D8%B3%D9%8A%D8%A9\/"}}]}
 ajax: no
2025-01-20T14:30:59+00:00 DEBUG Tt4b_Mapi_Class::mapi_post: Response: 

HTTP/1.1 200 OK
Server: nginx
Content-Type: application/json
Content-Length: 92
X-Tt-Logid: 202501201430591D3844E619C15AD3E637
Server-Timing: inner; dur=25
x-tt-trace-host: 018e5a586174a888928d793bdac74b79b520593bf434961dbceff88e4b17f9a1561b75575afd4b0019c6e2a93411b8c543852c9348b180a5c37893ff6b234251bbc527c266d4f316afff675bd8b91ca32548c83d61f31c29b4c5f70c11cb4f043d
x-tt-trace-id: 00-2501201430591D3844E619C15AD3E637-51C82ACAA78F1275-00
Expires: Mon, 20 Jan 2025 14:30:59 GMT
Cache-Control: max-age=0, no-cache, no-store
Pragma: no-cache
Date: Mon, 20 Jan 2025 14:30:59 GMT
X-Cache: TCP_MISS from a95-101-134-116.deploy.akamaitechnologies.com (AkamaiGHost/11.8.0-1debf780f7d7c834933fa9689361eec6) (-)
Connection: close
x-tt-trace-tag: id=16;cdn-cache=miss;type=dyn
Server-Timing: cdn-cache; desc=MISS, edge; dur=5, origin; dur=110
X-Origin-Response-Time: 110,95.101.134.116
X-Akamai-Request-ID: f9fbfb8

{"code": 0, "message": "OK", "request_id": "202501201430591D3844E619C15AD3E637", "data": {}}
2025-01-20T14:31:04+00:00 DEBUG Tt4b_Pixel_Class::inject_add_to_cart_event: hit AddToCart
2025-01-20T14:31:04+00:00 DEBUG POST: https://business-api.tiktok.com/open_api/v1.3/event/track/

{"partner_name":"WooCommerce","event_source":"web","event_source_id":"CSM79Q3C77UAG1T340I0","data":[{"event":"AddToCart","event_id":"678e5e2815eff_tt4b_woocommerce_670666209cf1f_4125","event_time":1737383464,"user":{"ip":"195.191.219.131","user_agent":"Mozilla\/5.0 (compatible; MJ12bot\/v1.4.8; http:\/\/mj12bot.com\/)","locale":"ar","external_id":"0","email":"e3b0c44298fc1c149afbf4c8996fb92427ae41e4649b934ca495991b7852b855","phone_number":"e3b0c44298fc1c149afbf4c8996fb92427ae41e4649b934ca495991b7852b855","first_name":"e3b0c44298fc1c149afbf4c8996fb92427ae41e4649b934ca495991b7852b855","last_name":"e3b0c44298fc1c149afbf4c8996fb92427ae41e4649b934ca495991b7852b855","zip_code":"e3b0c44298fc1c149afbf4c8996fb92427ae41e4649b934ca495991b7852b855"},"properties":{"contents":[{"price":65,"quantity":1,"content_id":"4125","content_name":"\u0633\u062c\u0644\u0627\u062a \u0645\u0627\u062f\u0629 \u0627\u0644\u0641\u064a\u0632\u064a\u0627\u0621","description":". \u0637\u0628\u0627\u0639\u0647 \u0633\u062c\u0644\u0627\u062a \u0645\u062f\u0631\u0633\u064a\u0629 \u0627\u062d\u062a\u0631\u0627\u0641\u064a\u0629 \u062e\u0627\u0645\u062a\u0647\u0627 \u0643\u0631\u062a\u0648\u0646 2000 \u062c\u0631\u0627\u0645,\u062a\u0636\u0627\u0641 \u0637\u0628\u0642\u0629 \u062d\u0645\u0627\u064a\u0647 \u0627\u0633\u062a\u064a\u0643\u0631 \u0645\u0639 \u0633\u0644\u0648\u0641\u0627\u0646 \u0644\u0627\u0645\u0639.\r\n. \u0645\u062a\u0648\u0641\u0631 \u0628 \u0627\u062d\u062c\u0627\u0645 \u0645\u062e\u062a\u0644\u0641\u0647 ( \u0635\u063a\u064a\u0631, \u0648\u0633\u0637 , \u0643\u0628\u064a\u0631 ).\r\n. \u064a\u062a\u0633\u0639 \u0627\u0644\u0645\u0642\u0627\u0633 \u0627\u0644\u0635\u063a\u064a\u0631 ( \u0645\u0646 50 \u0627\u0644\u0649 150 \u0648\u0631\u0642\u0629 )\r\n. \u064a\u062a\u0633\u0639 \u0627\u0644\u0648\u0633\u0637 ( \u0645\u0646 150 \u0627\u0644\u0649 300 \u0648\u0631\u0642\u0629 )\r\n. \u0627\u0644\u0643\u0628\u064a\u0631 ( \u0645\u0646 300 \u0627\u0644\u0649 400 \u0648\u0631\u0642\u0629 ).\r\n. \u0645\u062f\u0629 \u0627\u0644\u062a\u0646\u0641\u064a\u0630 : 3-5 \u0627\u064a\u0627\u0645 \u0648\u062a\u0632\u064a\u062f \u0627\u0644\u0645\u062f\u0629 \u0639\u0646 \u0637\u0644\u0628 \u0627\u0644\u0634\u062d\u0646.","availability":"IN_STOCK","sale_price":65,"on_sale":false}],"content_type":"product","currency":"SAR","value":65,"event_trigger_source":"WooCommerce"},"page":{"url":"http:\/\/www.ibn-sinaa.com\/en\/product-tag\/%D8%AA%D8%B5%D9%85%D9%8A%D9%85-%D8%BA%D9%84%D8%A7%D9%81-%D8%B3%D8%AC%D9%84%D8%A7%D8%AA-%D9%85%D8%AF%D8%B1%D8%B3%D9%8A%D8%A9\/?add-to-cart=4125"}}]}
 ajax: no
2025-01-20T14:31:04+00:00 DEBUG Tt4b_Mapi_Class::mapi_post: Response: 

HTTP/1.1 200 OK
Server: nginx
Content-Type: application/json
Content-Length: 92
X-Tt-Logid: 202501201431049CCFBE12495AF8A55F8D
x-tt-trace-host: 018e5a586174a888928d793bdac74b79b519a86797e72c2eba011e03e23beee17d66f35b39f27032443c4fda53c9dfbec268c1546019ff169b805080772d53a71f9c0545bbebb8e6b9afffeabc92f07ed200db0357375257d858bc8361c2160d846290d016607468ad2ee3e37790ec9c8e
x-tt-trace-id: 00-2501201431049CCFBE12495AF8A55F8D-58AB90BC8B9EDCD3-00
X-Origin-Response-Time: 33,23.52.15.231
X-Akamai-Request-ID: 794e1c2a.fa04b69
Expires: Mon, 20 Jan 2025 14:31:04 GMT
Cache-Control: max-age=0, no-cache, no-store
Pragma: no-cache
Date: Mon, 20 Jan 2025 14:31:04 GMT
X-Cache: TCP_MISS from a95-101-134-116.deploy.akamaitechnologies.com (AkamaiGHost/11.8.0-1debf780f7d7c834933fa9689361eec6) (-)
Connection: close
X-Cache-Remote: TCP_MISS from a23-52-15-231.deploy.akamaitechnologies.com (AkamaiGHost/11.8.0-1debf780f7d7c834933fa9689361eec6) (-)
x-tt-trace-tag: id=16;cdn-cache=miss;type=dyn
Server-Timing: cdn-cache; desc=MISS, edge; dur=92, origin; dur=32
Server-Timing: inner; dur=28
X-Parent-Response-Time: 116,95.101.134.116

{"code": 0, "message": "OK", "request_id": "202501201431049CCFBE12495AF8A55F8D", "data": {}}
2025-01-20T14:31:04+00:00 DEBUG POST: https://business-api.tiktok.com/open_api/v1.3/event/track/

{"partner_name":"WooCommerce","event_source":"web","event_source_id":"CSM79Q3C77UAG1T340I0","data":[{"event":"Pageview","event_id":"678e5e286b21d_tt4b_woocommerce_670666209cf1f","event_time":1737383464,"user":{"ip":"195.191.219.131","user_agent":"Mozilla\/5.0 (compatible; MJ12bot\/v1.4.8; http:\/\/mj12bot.com\/)","locale":"ar","external_id":"0","email":"e3b0c44298fc1c149afbf4c8996fb92427ae41e4649b934ca495991b7852b855","phone_number":"e3b0c44298fc1c149afbf4c8996fb92427ae41e4649b934ca495991b7852b855","first_name":"e3b0c44298fc1c149afbf4c8996fb92427ae41e4649b934ca495991b7852b855","last_name":"e3b0c44298fc1c149afbf4c8996fb92427ae41e4649b934ca495991b7852b855","zip_code":"e3b0c44298fc1c149afbf4c8996fb92427ae41e4649b934ca495991b7852b855"},"page":{"url":"http:\/\/www.ibn-sinaa.com\/en\/product-tag\/%D8%AA%D8%B5%D9%85%D9%8A%D9%85-%D8%BA%D9%84%D8%A7%D9%81-%D8%B3%D8%AC%D9%84%D8%A7%D8%AA-%D9%85%D8%AF%D8%B1%D8%B3%D9%8A%D8%A9\/?add-to-cart=4125"}}]}
 ajax: no
2025-01-20T14:31:04+00:00 DEBUG Tt4b_Mapi_Class::mapi_post: Response: 

HTTP/1.1 200 OK
Server: nginx
Content-Type: application/json
Content-Length: 92
X-Tt-Logid: 20250120143104EBE049C80D67CFB95C7F
Server-Timing: inner; dur=25
x-tt-trace-host: 018e5a586174a888928d793bdac74b79b51a437ee89a1c03eb2011d034a2e3e9f5913989ca11c269af96d0fd13f4c1656ac1e49492ad45c11237343e0ab01e5d782710f6e3f57f1efec65cbe27c055239e118de40f4096916dffea52310d3625c8
x-tt-trace-id: 00-250120143104EBE049C80D67CFB95C7F-58B2D66B790C8A54-00
Expires: Mon, 20 Jan 2025 14:31:04 GMT
Cache-Control: max-age=0, no-cache, no-store
Pragma: no-cache
Date: Mon, 20 Jan 2025 14:31:04 GMT
X-Cache: TCP_MISS from a95-101-134-92.deploy.akamaitechnologies.com (AkamaiGHost/11.8.0-1debf780f7d7c834933fa9689361eec6) (-)
Connection: close
x-tt-trace-tag: id=16;cdn-cache=miss;type=dyn
Server-Timing: cdn-cache; desc=MISS, edge; dur=4, origin; dur=108
X-Origin-Response-Time: 108,95.101.134.92
X-Akamai-Request-ID: 1f886124

{"code": 0, "message": "OK", "request_id": "20250120143104EBE049C80D67CFB95C7F", "data": {}}
2025-01-20T14:31:09+00:00 DEBUG POST: https://business-api.tiktok.com/open_api/v1.3/event/track/

{"partner_name":"WooCommerce","event_source":"web","event_source_id":"CSM79Q3C77UAG1T340I0","data":[{"event":"Pageview","event_id":"678e5e2d467b9_tt4b_woocommerce_670666209cf1f","event_time":1737383469,"user":{"ip":"195.191.219.131","user_agent":"Mozilla\/5.0 (compatible; MJ12bot\/v1.4.8; http:\/\/mj12bot.com\/)","locale":"ar","external_id":"0","email":"e3b0c44298fc1c149afbf4c8996fb92427ae41e4649b934ca495991b7852b855","phone_number":"e3b0c44298fc1c149afbf4c8996fb92427ae41e4649b934ca495991b7852b855","first_name":"e3b0c44298fc1c149afbf4c8996fb92427ae41e4649b934ca495991b7852b855","last_name":"e3b0c44298fc1c149afbf4c8996fb92427ae41e4649b934ca495991b7852b855","zip_code":"e3b0c44298fc1c149afbf4c8996fb92427ae41e4649b934ca495991b7852b855"},"page":{"url":"http:\/\/www.ibn-sinaa.com\/en\/product-tag\/%D8%AA%D8%B5%D9%85%D9%8A%D9%85-%D8%BA%D9%84%D8%A7%D9%81-%D8%B3%D8%AC%D9%84%D8%A7%D8%AA-%D9%85%D8%AF%D8%B1%D8%B3%D9%8A%D8%A9\/page\/2\/"}}]}
 ajax: no
2025-01-20T14:31:09+00:00 DEBUG Tt4b_Mapi_Class::mapi_post: Response: 

HTTP/1.1 200 OK
Server: nginx
Content-Type: application/json
Content-Length: 92
X-Tt-Logid: 202501201431097CC38C3D2A7812A7287C
Server-Timing: inner; dur=49
x-tt-trace-host: 018e5a586174a888928d793bdac74b79b520593bf434961dbceff88e4b17f9a156e45d41797eee88a2758dd95f90c2af576dabdf6afe91e366b229bb7934efebb7fae234104482d67eb4de3122997f26c9a5808e3d4882db8a3465371694f06e56
x-tt-trace-id: 00-2501201431097CC38C3D2A7812A7287C-2AFC85109D154984-00
Expires: Mon, 20 Jan 2025 14:31:09 GMT
Cache-Control: max-age=0, no-cache, no-store
Pragma: no-cache
Date: Mon, 20 Jan 2025 14:31:09 GMT
X-Cache: TCP_MISS from a95-101-134-116.deploy.akamaitechnologies.com (AkamaiGHost/11.8.0-1debf780f7d7c834933fa9689361eec6) (-)
Connection: close
x-tt-trace-tag: id=16;cdn-cache=miss;type=dyn
Server-Timing: cdn-cache; desc=MISS, edge; dur=4, origin; dur=129
X-Origin-Response-Time: 129,95.101.134.116
X-Akamai-Request-ID: fa0f07a

{"code": 0, "message": "OK", "request_id": "202501201431097CC38C3D2A7812A7287C", "data": {}}
2025-01-20T14:31:13+00:00 DEBUG Tt4b_Pixel_Class::inject_add_to_cart_event: hit AddToCart
2025-01-20T14:31:13+00:00 DEBUG POST: https://business-api.tiktok.com/open_api/v1.3/event/track/

{"partner_name":"WooCommerce","event_source":"web","event_source_id":"CSM79Q3C77UAG1T340I0","data":[{"event":"AddToCart","event_id":"678e5e31efa1d_tt4b_woocommerce_670666209cf1f_4125","event_time":1737383473,"user":{"ip":"195.191.219.131","user_agent":"Mozilla\/5.0 (compatible; MJ12bot\/v1.4.8; http:\/\/mj12bot.com\/)","locale":"ar","external_id":"0","email":"e3b0c44298fc1c149afbf4c8996fb92427ae41e4649b934ca495991b7852b855","phone_number":"e3b0c44298fc1c149afbf4c8996fb92427ae41e4649b934ca495991b7852b855","first_name":"e3b0c44298fc1c149afbf4c8996fb92427ae41e4649b934ca495991b7852b855","last_name":"e3b0c44298fc1c149afbf4c8996fb92427ae41e4649b934ca495991b7852b855","zip_code":"e3b0c44298fc1c149afbf4c8996fb92427ae41e4649b934ca495991b7852b855"},"properties":{"contents":[{"price":65,"quantity":1,"content_id":"4125","content_name":"\u0633\u062c\u0644\u0627\u062a \u0645\u0627\u062f\u0629 \u0627\u0644\u0641\u064a\u0632\u064a\u0627\u0621","description":". \u0637\u0628\u0627\u0639\u0647 \u0633\u062c\u0644\u0627\u062a \u0645\u062f\u0631\u0633\u064a\u0629 \u0627\u062d\u062a\u0631\u0627\u0641\u064a\u0629 \u062e\u0627\u0645\u062a\u0647\u0627 \u0643\u0631\u062a\u0648\u0646 2000 \u062c\u0631\u0627\u0645,\u062a\u0636\u0627\u0641 \u0637\u0628\u0642\u0629 \u062d\u0645\u0627\u064a\u0647 \u0627\u0633\u062a\u064a\u0643\u0631 \u0645\u0639 \u0633\u0644\u0648\u0641\u0627\u0646 \u0644\u0627\u0645\u0639.\r\n. \u0645\u062a\u0648\u0641\u0631 \u0628 \u0627\u062d\u062c\u0627\u0645 \u0645\u062e\u062a\u0644\u0641\u0647 ( \u0635\u063a\u064a\u0631, \u0648\u0633\u0637 , \u0643\u0628\u064a\u0631 ).\r\n. \u064a\u062a\u0633\u0639 \u0627\u0644\u0645\u0642\u0627\u0633 \u0627\u0644\u0635\u063a\u064a\u0631 ( \u0645\u0646 50 \u0627\u0644\u0649 150 \u0648\u0631\u0642\u0629 )\r\n. \u064a\u062a\u0633\u0639 \u0627\u0644\u0648\u0633\u0637 ( \u0645\u0646 150 \u0627\u0644\u0649 300 \u0648\u0631\u0642\u0629 )\r\n. \u0627\u0644\u0643\u0628\u064a\u0631 ( \u0645\u0646 300 \u0627\u0644\u0649 400 \u0648\u0631\u0642\u0629 ).\r\n. \u0645\u062f\u0629 \u0627\u0644\u062a\u0646\u0641\u064a\u0630 : 3-5 \u0627\u064a\u0627\u0645 \u0648\u062a\u0632\u064a\u062f \u0627\u0644\u0645\u062f\u0629 \u0639\u0646 \u0637\u0644\u0628 \u0627\u0644\u0634\u062d\u0646.","availability":"IN_STOCK","sale_price":65,"on_sale":false}],"content_type":"product","currency":"SAR","value":65,"event_trigger_source":"WooCommerce"},"page":{"url":"http:\/\/www.ibn-sinaa.com\/en\/product-tag\/%D8%AA%D8%B5%D9%85%D9%8A%D9%85-%D8%BA%D9%84%D8%A7%D9%81-%D8%B3%D8%AC%D9%84%D8%A7%D8%AA-%D9%85%D8%AF%D8%B1%D8%B3%D9%8A%D8%A9\/page\/2\/?add-to-cart=4125"}}]}
 ajax: no
2025-01-20T14:31:14+00:00 DEBUG Tt4b_Mapi_Class::mapi_post: Response: 

HTTP/1.1 200 OK
Server: nginx
Content-Type: application/json
Content-Length: 92
X-Tt-Logid: 2025012014311431651D543B7F6FD53C30
x-tt-trace-host: 018e5a586174a888928d793bdac74b79b56517d7628cf0ffdff56b078ad2cf561549fef2e08b26796574d414ae9df4b1e055ea44c2ea95d0ae9b75d929df169297f4e8c959a6b7b01624acce75615de4fdcd67e2777729be39fa426dfd9dba06b3edbbfc2d4a8482dd1cc8980df8b82432
x-tt-trace-id: 00-25012014311431651D543B7F6FD53C30-4094F5B23E512803-00
X-Origin-Response-Time: 33,23.52.15.209
X-Akamai-Request-ID: 9a695c6f.1f89a8c8
Expires: Mon, 20 Jan 2025 14:31:14 GMT
Cache-Control: max-age=0, no-cache, no-store
Pragma: no-cache
Date: Mon, 20 Jan 2025 14:31:14 GMT
X-Cache: TCP_MISS from a95-101-134-92.deploy.akamaitechnologies.com (AkamaiGHost/11.8.0-1debf780f7d7c834933fa9689361eec6) (-)
Connection: close
X-Cache-Remote: TCP_MISS from a23-52-15-209.deploy.akamaitechnologies.com (AkamaiGHost/11.8.0-2d0f2d516c5d43e1487924a77ec5924a) (-)
x-tt-trace-tag: id=16;cdn-cache=miss;type=dyn
Server-Timing: cdn-cache; desc=MISS, edge; dur=87, origin; dur=33
Server-Timing: inner; dur=29
X-Parent-Response-Time: 113,95.101.134.92

{"code": 0, "message": "OK", "request_id": "2025012014311431651D543B7F6FD53C30", "data": {}}
2025-01-20T14:31:14+00:00 DEBUG POST: https://business-api.tiktok.com/open_api/v1.3/event/track/

{"partner_name":"WooCommerce","event_source":"web","event_source_id":"CSM79Q3C77UAG1T340I0","data":[{"event":"Pageview","event_id":"678e5e324c7b1_tt4b_woocommerce_670666209cf1f","event_time":1737383474,"user":{"ip":"195.191.219.131","user_agent":"Mozilla\/5.0 (compatible; MJ12bot\/v1.4.8; http:\/\/mj12bot.com\/)","locale":"ar","external_id":"0","email":"e3b0c44298fc1c149afbf4c8996fb92427ae41e4649b934ca495991b7852b855","phone_number":"e3b0c44298fc1c149afbf4c8996fb92427ae41e4649b934ca495991b7852b855","first_name":"e3b0c44298fc1c149afbf4c8996fb92427ae41e4649b934ca495991b7852b855","last_name":"e3b0c44298fc1c149afbf4c8996fb92427ae41e4649b934ca495991b7852b855","zip_code":"e3b0c44298fc1c149afbf4c8996fb92427ae41e4649b934ca495991b7852b855"},"page":{"url":"http:\/\/www.ibn-sinaa.com\/en\/product-tag\/%D8%AA%D8%B5%D9%85%D9%8A%D9%85-%D8%BA%D9%84%D8%A7%D9%81-%D8%B3%D8%AC%D9%84%D8%A7%D8%AA-%D9%85%D8%AF%D8%B1%D8%B3%D9%8A%D8%A9\/page\/2\/?add-to-cart=4125"}}]}
 ajax: no
2025-01-20T14:31:14+00:00 DEBUG Tt4b_Mapi_Class::mapi_post: Response: 

HTTP/1.1 200 OK
Server: nginx
Content-Type: application/json
Content-Length: 92
X-Tt-Logid: 202501201431147B411556E1D13E30BB77
Server-Timing: inner; dur=20
x-tt-trace-host: 018e5a586174a888928d793bdac74b79b51a437ee89a1c03eb2011d034a2e3e9f506bf311234603d00fe31ea519683301a0047d1c29ca5c9352eafed07fde7463dfedef05e57fa20852420810ebb823dda3101f13da33abb0f15bfab1c3adbe8fa
x-tt-trace-id: 00-2501201431147B411556E1D13E30BB77-3BDF8787AB1DB5F6-00
Expires: Mon, 20 Jan 2025 14:31:14 GMT
Cache-Control: max-age=0, no-cache, no-store
Pragma: no-cache
Date: Mon, 20 Jan 2025 14:31:14 GMT
X-Cache: TCP_MISS from a95-101-134-92.deploy.akamaitechnologies.com (AkamaiGHost/11.8.0-1debf780f7d7c834933fa9689361eec6) (-)
Connection: close
x-tt-trace-tag: id=16;cdn-cache=miss;type=dyn
Server-Timing: cdn-cache; desc=MISS, edge; dur=6, origin; dur=100
X-Origin-Response-Time: 101,95.101.134.92
X-Akamai-Request-ID: 1f89b410

{"code": 0, "message": "OK", "request_id": "202501201431147B411556E1D13E30BB77", "data": {}}
2025-01-20T14:31:19+00:00 DEBUG Tt4b_Pixel_Class::inject_add_to_cart_event: hit AddToCart
2025-01-20T14:31:19+00:00 DEBUG POST: https://business-api.tiktok.com/open_api/v1.3/event/track/

{"partner_name":"WooCommerce","event_source":"web","event_source_id":"CSM79Q3C77UAG1T340I0","data":[{"event":"AddToCart","event_id":"678e5e375e9ae_tt4b_woocommerce_670666209cf1f_4220","event_time":1737383479,"user":{"ip":"195.191.219.131","user_agent":"Mozilla\/5.0 (compatible; MJ12bot\/v1.4.8; http:\/\/mj12bot.com\/)","locale":"ar","external_id":"0","email":"e3b0c44298fc1c149afbf4c8996fb92427ae41e4649b934ca495991b7852b855","phone_number":"e3b0c44298fc1c149afbf4c8996fb92427ae41e4649b934ca495991b7852b855","first_name":"e3b0c44298fc1c149afbf4c8996fb92427ae41e4649b934ca495991b7852b855","last_name":"e3b0c44298fc1c149afbf4c8996fb92427ae41e4649b934ca495991b7852b855","zip_code":"e3b0c44298fc1c149afbf4c8996fb92427ae41e4649b934ca495991b7852b855"},"properties":{"contents":[{"price":120,"quantity":1,"content_id":"4220","content_name":"\u0645\u062c\u0645\u0648\u0639\u0629 \u0627\u0644\u0645\u0639\u0644\u0645","description":"\u0627\u062c\u0639\u0644 \u064a\u0648\u0645\u0643 \u0627\u0644\u062f\u0631\u0627\u0633\u064a \u0623\u0643\u062b\u0631 \u062a\u0646\u0638\u064a\u0645\u064b\u0627 \u0648\u0641\u0627\u0639\u0644\u064a\u0629 \u0645\u0639 \u0645\u062c\u0645\u0648\u0639\u0647 \u0627\u0644\u0645\u0639\u0644\u0645 \u0645\u0646 \u0645\u062a\u062c\u0631 \u0645\u0643\u062a\u0628\u0629 \u0627\u0628\u0646 \u0633\u064a\u0646\u0627 \u0627\u0644\u0625\u0644\u0643\u062a\u0631\u0648\u0646\u064a. \u0647\u0630\u0647 \u0627\u0644\u0645\u062c\u0645\u0648\u0639\u0629 \u0627\u0644\u0645\u0635\u0645\u0645\u0629 \u062e\u0635\u064a\u0635\u064b\u0627 \u0644\u0644\u0645\u062f\u0631\u0633\u064a\u0646 \u062a\u062d\u062a\u0648\u064a \u0639\u0644\u0649 \u0643\u0644 \u0645\u0627 \u064a\u062d\u062a\u0627\u062c\u0648\u0646\u0647 \u0644\u0625\u062f\u0627\u0631\u0629 \u0648\u062a\u0646\u0638\u064a\u0645 \u064a\u0648\u0645\u0647\u0645 \u0627\u0644\u062f\u0631\u0627\u0633\u064a \u0628\u0623\u0641\u0636\u0644 \u0635\u0648\u0631\u0629 \u0645\u0645\u0643\u0646\u0629.","availability":"IN_STOCK","sale_price":120,"on_sale":false}],"content_type":"product","currency":"SAR","value":120,"event_trigger_source":"WooCommerce"},"page":{"url":"http:\/\/www.ibn-sinaa.com\/en\/product-tag\/%D8%AA%D8%B5%D9%85%D9%8A%D9%85-%D8%BA%D9%84%D8%A7%D9%81-%D8%B3%D8%AC%D9%84%D8%A7%D8%AA-%D9%85%D8%AF%D8%B1%D8%B3%D9%8A%D8%A9\/page\/2\/?add-to-cart=4220"}}]}
 ajax: no
2025-01-20T14:31:19+00:00 DEBUG Tt4b_Mapi_Class::mapi_post: Response: 

HTTP/1.1 200 OK
Server: nginx
Content-Type: application/json
Content-Length: 92
X-Tt-Logid: 2025012014311974A8860511B62B9CA7C3
x-tt-trace-host: 018e5a586174a888928d793bdac74b79b519a86797e72c2eba011e03e23beee17d0f83cd1ea431930bf27a5d65bbd62f87566f9e01128752e8b4241b5ec39160f821f23ebca59fa1804eee5dd580a8f0c3b604ea06a001c5d0ace80c526bc79bc5cc350d356eeab950cacb119a08d13e6e
x-tt-trace-id: 00-25012014311974A8860511B62B9CA7C3-56156CD49F5E27E2-00
X-Origin-Response-Time: 24,23.218.219.11
X-Akamai-Request-ID: 118eb9af.fa24247
Expires: Mon, 20 Jan 2025 14:31:19 GMT
Cache-Control: max-age=0, no-cache, no-store
Pragma: no-cache
Date: Mon, 20 Jan 2025 14:31:19 GMT
X-Cache: TCP_MISS from a95-101-134-116.deploy.akamaitechnologies.com (AkamaiGHost/11.8.0-1debf780f7d7c834933fa9689361eec6) (-)
Connection: close
X-Cache-Remote: TCP_MISS from a23-218-219-11.deploy.akamaitechnologies.com (AkamaiGHost/11.8.0-2d0f2d516c5d43e1487924a77ec5924a) (-)
x-tt-trace-tag: id=16;cdn-cache=miss;type=dyn
Server-Timing: cdn-cache; desc=MISS, edge; dur=90, origin; dur=24
Server-Timing: inner; dur=20
X-Parent-Response-Time: 106,95.101.134.116

{"code": 0, "message": "OK", "request_id": "2025012014311974A8860511B62B9CA7C3", "data": {}}
2025-01-20T14:31:19+00:00 DEBUG POST: https://business-api.tiktok.com/open_api/v1.3/event/track/

{"partner_name":"WooCommerce","event_source":"web","event_source_id":"CSM79Q3C77UAG1T340I0","data":[{"event":"Pageview","event_id":"678e5e37ccbb4_tt4b_woocommerce_670666209cf1f","event_time":1737383479,"user":{"ip":"195.191.219.131","user_agent":"Mozilla\/5.0 (compatible; MJ12bot\/v1.4.8; http:\/\/mj12bot.com\/)","locale":"ar","external_id":"0","email":"e3b0c44298fc1c149afbf4c8996fb92427ae41e4649b934ca495991b7852b855","phone_number":"e3b0c44298fc1c149afbf4c8996fb92427ae41e4649b934ca495991b7852b855","first_name":"e3b0c44298fc1c149afbf4c8996fb92427ae41e4649b934ca495991b7852b855","last_name":"e3b0c44298fc1c149afbf4c8996fb92427ae41e4649b934ca495991b7852b855","zip_code":"e3b0c44298fc1c149afbf4c8996fb92427ae41e4649b934ca495991b7852b855"},"page":{"url":"http:\/\/www.ibn-sinaa.com\/en\/product-tag\/%D8%AA%D8%B5%D9%85%D9%8A%D9%85-%D8%BA%D9%84%D8%A7%D9%81-%D8%B3%D8%AC%D9%84%D8%A7%D8%AA-%D9%85%D8%AF%D8%B1%D8%B3%D9%8A%D8%A9\/page\/2\/?add-to-cart=4220"}}]}
 ajax: no
2025-01-20T14:31:20+00:00 DEBUG Tt4b_Mapi_Class::mapi_post: Response: 

HTTP/1.1 200 OK
Server: nginx
Content-Type: application/json
Content-Length: 92
X-Tt-Logid: 202501201431194907830214FEDED5341A
x-tt-trace-host: 018e5a586174a888928d793bdac74b79b56517d7628cf0ffdff56b078ad2cf56155b1586f3333ecc58452d96308a17ffa0183613407b3495463afc2e3d6dbd767ca4b28e454047992dedc26865d7e25cbdf4b96c4224d1f899a68dca808b3df60892e62f07030fee73e54f57aaeb94c6b1
x-tt-trace-id: 00-2501201431194907830214FEDED5341A-1214FB5B92109FA9-00
X-Origin-Response-Time: 182,23.55.100.200
X-Akamai-Request-ID: 167f5318.1f8a78a5
Expires: Mon, 20 Jan 2025 14:31:20 GMT
Cache-Control: max-age=0, no-cache, no-store
Pragma: no-cache
Date: Mon, 20 Jan 2025 14:31:20 GMT
X-Cache: TCP_MISS from a95-101-134-92.deploy.akamaitechnologies.com (AkamaiGHost/11.8.0-1debf780f7d7c834933fa9689361eec6) (-)
Connection: close
X-Cache-Remote: TCP_MISS from a23-55-100-200.deploy.akamaitechnologies.com (AkamaiGHost/11.8.0-1debf780f7d7c834933fa9689361eec6) (-)
x-tt-trace-tag: id=16;cdn-cache=miss;type=dyn
Server-Timing: cdn-cache; desc=MISS, edge; dur=85, origin; dur=182
Server-Timing: inner; dur=179
X-Parent-Response-Time: 262,95.101.134.92

{"code": 0, "message": "OK", "request_id": "202501201431194907830214FEDED5341A", "data": {}}
2025-01-20T14:31:24+00:00 DEBUG POST: https://business-api.tiktok.com/open_api/v1.3/event/track/

{"partner_name":"WooCommerce","event_source":"web","event_source_id":"CSM79Q3C77UAG1T340I0","data":[{"event":"Pageview","event_id":"678e5e3c63007_tt4b_woocommerce_670666209cf1f","event_time":1737383484,"user":{"ip":"195.191.219.131","user_agent":"Mozilla\/5.0 (compatible; MJ12bot\/v1.4.8; http:\/\/mj12bot.com\/)","locale":"ar","external_id":"0","email":"e3b0c44298fc1c149afbf4c8996fb92427ae41e4649b934ca495991b7852b855","phone_number":"e3b0c44298fc1c149afbf4c8996fb92427ae41e4649b934ca495991b7852b855","first_name":"e3b0c44298fc1c149afbf4c8996fb92427ae41e4649b934ca495991b7852b855","last_name":"e3b0c44298fc1c149afbf4c8996fb92427ae41e4649b934ca495991b7852b855","zip_code":"e3b0c44298fc1c149afbf4c8996fb92427ae41e4649b934ca495991b7852b855"},"page":{"url":"http:\/\/www.ibn-sinaa.com\/en\/product-tag\/%D8%AF%D8%B9%D8%A7%D9%8A%D8%A9-%D9%88%D8%A7%D8%B9%D9%84%D8%A7%D9%86\/"}}]}
 ajax: no
2025-01-20T14:31:24+00:00 DEBUG Tt4b_Mapi_Class::mapi_post: Response: 

HTTP/1.1 200 OK
Server: nginx
Content-Type: application/json
Content-Length: 92
X-Tt-Logid: 20250120143124894BCF717920D596B3FF
Server-Timing: inner; dur=24
x-tt-trace-host: 018e5a586174a888928d793bdac74b79b520593bf434961dbceff88e4b17f9a156439156b03d5e310df6b9c2c6ebfd542a57fd4d14f5160775401888b0a68da1ca6b232cd97a85acf4d75993f22a067767d072cf5f242593348c9627075b696610
x-tt-trace-id: 00-250120143124894BCF717920D596B3FF-259CB47B7317B34E-00
Expires: Mon, 20 Jan 2025 14:31:24 GMT
Cache-Control: max-age=0, no-cache, no-store
Pragma: no-cache
Date: Mon, 20 Jan 2025 14:31:24 GMT
X-Cache: TCP_MISS from a95-101-134-116.deploy.akamaitechnologies.com (AkamaiGHost/11.8.0-1debf780f7d7c834933fa9689361eec6) (-)
Connection: close
x-tt-trace-tag: id=16;cdn-cache=miss;type=dyn
Server-Timing: cdn-cache; desc=MISS, edge; dur=5, origin; dur=104
X-Origin-Response-Time: 105,95.101.134.116
X-Akamai-Request-ID: fa2eead

{"code": 0, "message": "OK", "request_id": "20250120143124894BCF717920D596B3FF", "data": {}}
2025-01-20T14:31:28+00:00 DEBUG POST: https://business-api.tiktok.com/open_api/v1.3/event/track/

{"partner_name":"WooCommerce","event_source":"web","event_source_id":"CSM79Q3C77UAG1T340I0","data":[{"event":"Pageview","event_id":"678e5e40e9125_tt4b_woocommerce_670666209cf1f","event_time":1737383488,"user":{"ip":"195.191.219.131","user_agent":"Mozilla\/5.0 (compatible; MJ12bot\/v1.4.8; http:\/\/mj12bot.com\/)","locale":"ar","external_id":"0","email":"e3b0c44298fc1c149afbf4c8996fb92427ae41e4649b934ca495991b7852b855","phone_number":"e3b0c44298fc1c149afbf4c8996fb92427ae41e4649b934ca495991b7852b855","first_name":"e3b0c44298fc1c149afbf4c8996fb92427ae41e4649b934ca495991b7852b855","last_name":"e3b0c44298fc1c149afbf4c8996fb92427ae41e4649b934ca495991b7852b855","zip_code":"e3b0c44298fc1c149afbf4c8996fb92427ae41e4649b934ca495991b7852b855"},"page":{"url":"http:\/\/www.ibn-sinaa.com\/en\/product-tag\/%D8%AF%D8%B9%D8%A7%D9%8A%D8%A9-%D9%88%D8%A7%D8%B9%D9%84%D8%A7%D9%86-%D8%AC%D8%AF%D8%A9\/"}}]}
 ajax: no
2025-01-20T14:31:29+00:00 DEBUG Tt4b_Mapi_Class::mapi_post: Response: 

HTTP/1.1 200 OK
Server: nginx
Content-Type: application/json
Content-Length: 92
X-Tt-Logid: 20250120143129723EB9EA925F70D5A076
x-tt-trace-host: 018e5a586174a888928d793bdac74b79b56517d7628cf0ffdff56b078ad2cf56156a7d767392c23debf0979b711e01cd0e0c57a99ab86702749eb0e46095085efb681b465a7d0848ae9e353281f06c3f2ebf77a8d3ea28f54b3188fbdd4380284d68e5dd9208c78d4db70096e707786d7b
x-tt-trace-id: 00-250120143129723EB9EA925F70D5A076-25D792AF75D3A9DE-00
X-Origin-Response-Time: 90,23.55.100.206
X-Akamai-Request-ID: c5100f30.1f8bc83e
Expires: Mon, 20 Jan 2025 14:31:29 GMT
Cache-Control: max-age=0, no-cache, no-store
Pragma: no-cache
Date: Mon, 20 Jan 2025 14:31:29 GMT
X-Cache: TCP_MISS from a95-101-134-92.deploy.akamaitechnologies.com (AkamaiGHost/11.8.0-1debf780f7d7c834933fa9689361eec6) (-)
Connection: close
X-Cache-Remote: TCP_MISS from a23-55-100-206.deploy.akamaitechnologies.com (AkamaiGHost/11.8.0-1debf780f7d7c834933fa9689361eec6) (-)
x-tt-trace-tag: id=16;cdn-cache=miss;type=dyn
Server-Timing: cdn-cache; desc=MISS, edge; dur=244, origin; dur=89
Server-Timing: inner; dur=82
X-Parent-Response-Time: 329,95.101.134.92

{"code": 0, "message": "OK", "request_id": "20250120143129723EB9EA925F70D5A076", "data": {}}
2025-01-20T14:31:33+00:00 DEBUG POST: https://business-api.tiktok.com/open_api/v1.3/event/track/

{"partner_name":"WooCommerce","event_source":"web","event_source_id":"CSM79Q3C77UAG1T340I0","data":[{"event":"Pageview","event_id":"678e5e45f2c1e_tt4b_woocommerce_670666209cf1f","event_time":1737383493,"user":{"ip":"85.208.96.204","user_agent":"Mozilla\/5.0 (compatible; SemrushBot\/7~bl; +http:\/\/www.semrush.com\/bot.html)","locale":"ar","external_id":"0","email":"e3b0c44298fc1c149afbf4c8996fb92427ae41e4649b934ca495991b7852b855","phone_number":"e3b0c44298fc1c149afbf4c8996fb92427ae41e4649b934ca495991b7852b855","first_name":"e3b0c44298fc1c149afbf4c8996fb92427ae41e4649b934ca495991b7852b855","last_name":"e3b0c44298fc1c149afbf4c8996fb92427ae41e4649b934ca495991b7852b855","zip_code":"e3b0c44298fc1c149afbf4c8996fb92427ae41e4649b934ca495991b7852b855"},"page":{"url":"http:\/\/mail.ibn-sinaa.com\/product-category\/digital-printing\/notes\/"}}]}
 ajax: no
2025-01-20T14:31:34+00:00 DEBUG Tt4b_Mapi_Class::mapi_post: Response: 

HTTP/1.1 200 OK
Server: nginx
Content-Type: application/json
Content-Length: 92
X-Tt-Logid: 20250120143134AA558504FA9FCED79615
x-tt-trace-host: 018e5a586174a888928d793bdac74b79b5b3c46136d344bf46da72cca5a862092ebc5f9d744f0200fa41e034c72c4fbc21ed0530a25070078ea8490868f941477dac71a6fc0f474454667cb032ad37c0f3e36ca35b23ce92542f1216268e24914cf2d4b8fd998325498af6294227b1c234
x-tt-trace-id: 00-250120143134AA558504FA9FCED79615-257B8533998E251C-00
X-Origin-Response-Time: 25,23.207.199.14
X-Akamai-Request-ID: ac9189.1f3130d8
Expires: Mon, 20 Jan 2025 14:31:34 GMT
Cache-Control: max-age=0, no-cache, no-store
Pragma: no-cache
Date: Mon, 20 Jan 2025 14:31:34 GMT
X-Cache: TCP_MISS from a95-101-134-30.deploy.akamaitechnologies.com (AkamaiGHost/11.8.0-1debf780f7d7c834933fa9689361eec6) (-)
Connection: close
X-Cache-Remote: TCP_MISS from a23-207-199-14.deploy.akamaitechnologies.com (AkamaiGHost/11.8.0-1debf780f7d7c834933fa9689361eec6) (-)
x-tt-trace-tag: id=16;cdn-cache=miss;type=dyn
Server-Timing: cdn-cache; desc=MISS, edge; dur=86, origin; dur=25
Server-Timing: inner; dur=22
X-Parent-Response-Time: 107,95.101.134.30

{"code": 0, "message": "OK", "request_id": "20250120143134AA558504FA9FCED79615", "data": {}}
2025-01-20T14:31:34+00:00 DEBUG POST: https://business-api.tiktok.com/open_api/v1.3/event/track/

{"partner_name":"WooCommerce","event_source":"web","event_source_id":"CSM79Q3C77UAG1T340I0","data":[{"event":"Pageview","event_id":"678e5e465294a_tt4b_woocommerce_670666209cf1f","event_time":1737383494,"user":{"ip":"195.191.219.131","user_agent":"Mozilla\/5.0 (compatible; MJ12bot\/v1.4.8; http:\/\/mj12bot.com\/)","locale":"ar","external_id":"0","email":"e3b0c44298fc1c149afbf4c8996fb92427ae41e4649b934ca495991b7852b855","phone_number":"e3b0c44298fc1c149afbf4c8996fb92427ae41e4649b934ca495991b7852b855","first_name":"e3b0c44298fc1c149afbf4c8996fb92427ae41e4649b934ca495991b7852b855","last_name":"e3b0c44298fc1c149afbf4c8996fb92427ae41e4649b934ca495991b7852b855","zip_code":"e3b0c44298fc1c149afbf4c8996fb92427ae41e4649b934ca495991b7852b855"},"page":{"url":"http:\/\/www.ibn-sinaa.com\/en\/product-tag\/%D8%AF%D8%B9%D8%A7%D9%8A%D8%A9-%D9%88%D8%A7%D8%B9%D9%84%D8%A7%D9%86-%D8%AC%D8%AF%D8%A9\/page\/2\/"}}]}
 ajax: no
2025-01-20T14:31:34+00:00 DEBUG Tt4b_Mapi_Class::mapi_post: Response: 

HTTP/1.1 200 OK
Server: nginx
Content-Type: application/json
Content-Length: 92
X-Tt-Logid: 202501201431348E86C5F3AC1A2FDCFC95
x-tt-trace-host: 018e5a586174a888928d793bdac74b79b5b3c46136d344bf46da72cca5a862092ebc5f9d744f0200fa41e034c72c4fbc21e91cb1bcfedf2634382b11eb7eeca998cfea9c6300fe812f1ef89a3e6c89870e074ce752aed3381434cc9a912b32871e488bf75ff414ccef4e3ab5d4b7d2da44
x-tt-trace-id: 00-2501201431348E86C5F3AC1A2FDCFC95-2B6090B08F52EB8E-00
X-Origin-Response-Time: 48,23.207.199.14
X-Akamai-Request-ID: ac93c3.1f313ee1
Expires: Mon, 20 Jan 2025 14:31:34 GMT
Cache-Control: max-age=0, no-cache, no-store
Pragma: no-cache
Date: Mon, 20 Jan 2025 14:31:34 GMT
X-Cache: TCP_MISS from a95-101-134-30.deploy.akamaitechnologies.com (AkamaiGHost/11.8.0-1debf780f7d7c834933fa9689361eec6) (-)
Connection: close
X-Cache-Remote: TCP_MISS from a23-207-199-14.deploy.akamaitechnologies.com (AkamaiGHost/11.8.0-1debf780f7d7c834933fa9689361eec6) (-)
x-tt-trace-tag: id=16;cdn-cache=miss;type=dyn
Server-Timing: cdn-cache; desc=MISS, edge; dur=85, origin; dur=48
Server-Timing: inner; dur=45
X-Parent-Response-Time: 129,95.101.134.30

{"code": 0, "message": "OK", "request_id": "202501201431348E86C5F3AC1A2FDCFC95", "data": {}}
2025-01-20T14:31:39+00:00 DEBUG POST: https://business-api.tiktok.com/open_api/v1.3/event/track/

{"partner_name":"WooCommerce","event_source":"web","event_source_id":"CSM79Q3C77UAG1T340I0","data":[{"event":"Pageview","event_id":"678e5e4b22874_tt4b_woocommerce_670666209cf1f","event_time":1737383499,"user":{"ip":"85.208.96.194","user_agent":"Mozilla\/5.0 (compatible; SemrushBot\/7~bl; +http:\/\/www.semrush.com\/bot.html)","locale":"ar","external_id":"0","email":"e3b0c44298fc1c149afbf4c8996fb92427ae41e4649b934ca495991b7852b855","phone_number":"e3b0c44298fc1c149afbf4c8996fb92427ae41e4649b934ca495991b7852b855","first_name":"e3b0c44298fc1c149afbf4c8996fb92427ae41e4649b934ca495991b7852b855","last_name":"e3b0c44298fc1c149afbf4c8996fb92427ae41e4649b934ca495991b7852b855","zip_code":"e3b0c44298fc1c149afbf4c8996fb92427ae41e4649b934ca495991b7852b855"},"page":{"url":"http:\/\/www.ibn-sinaa.com\/product-category\/digital-printing\/notes\/"}}]}
 ajax: no
2025-01-20T14:31:39+00:00 DEBUG Tt4b_Mapi_Class::mapi_post: Response: 

HTTP/1.1 200 OK
Server: nginx
Content-Type: application/json
Content-Length: 92
X-Tt-Logid: 20250120143139C13FBF3043B46789182E
x-tt-trace-host: 018e5a586174a888928d793bdac74b79b5e700587fe39153d955d7444df1af3be5e46a0edafdc6076b131c78f2fa7ec68ebec301ab3f2c4b30c54b6266d514d2a4a4d43ea798c000655378eba9b6d53615bcb4da0bca84c85ac5111fe50d22c128b690960e2806bd6d5046c0d05095abd6
x-tt-trace-id: 00-250120143139C13FBF3043B46789182E-22D94AA865956C86-00
X-Origin-Response-Time: 25,23.218.219.21
X-Akamai-Request-ID: c3ddf8.cd5035a
Expires: Mon, 20 Jan 2025 14:31:39 GMT
Cache-Control: max-age=0, no-cache, no-store
Pragma: no-cache
Date: Mon, 20 Jan 2025 14:31:39 GMT
X-Cache: TCP_MISS from a95-101-134-94.deploy.akamaitechnologies.com (AkamaiGHost/11.8.0-1debf780f7d7c834933fa9689361eec6) (-)
Connection: close
X-Cache-Remote: TCP_MISS from a23-218-219-21.deploy.akamaitechnologies.com (AkamaiGHost/11.8.0-1debf780f7d7c834933fa9689361eec6) (-)
x-tt-trace-tag: id=16;cdn-cache=miss;type=dyn
Server-Timing: cdn-cache; desc=MISS, edge; dur=86, origin; dur=24
Server-Timing: inner; dur=19
X-Parent-Response-Time: 105,95.101.134.94

{"code": 0, "message": "OK", "request_id": "20250120143139C13FBF3043B46789182E", "data": {}}
2025-01-20T14:31:40+00:00 DEBUG POST: https://business-api.tiktok.com/open_api/v1.3/event/track/

{"partner_name":"WooCommerce","event_source":"web","event_source_id":"CSM79Q3C77UAG1T340I0","data":[{"event":"Pageview","event_id":"678e5e4c73c72_tt4b_woocommerce_670666209cf1f","event_time":1737383500,"user":{"ip":"195.191.219.131","user_agent":"Mozilla\/5.0 (compatible; MJ12bot\/v1.4.8; http:\/\/mj12bot.com\/)","locale":"ar","external_id":"0","email":"e3b0c44298fc1c149afbf4c8996fb92427ae41e4649b934ca495991b7852b855","phone_number":"e3b0c44298fc1c149afbf4c8996fb92427ae41e4649b934ca495991b7852b855","first_name":"e3b0c44298fc1c149afbf4c8996fb92427ae41e4649b934ca495991b7852b855","last_name":"e3b0c44298fc1c149afbf4c8996fb92427ae41e4649b934ca495991b7852b855","zip_code":"e3b0c44298fc1c149afbf4c8996fb92427ae41e4649b934ca495991b7852b855"},"page":{"url":"http:\/\/www.ibn-sinaa.com\/en\/product-tag\/%D8%AF%D8%B9%D8%A7%D9%8A%D8%A9-%D9%88%D8%A7%D8%B9%D9%84%D8%A7%D9%86-%D8%AC%D8%AF%D8%A9\/page\/3\/"}}]}
 ajax: no
2025-01-20T14:31:40+00:00 DEBUG Tt4b_Mapi_Class::mapi_post: Response: 

HTTP/1.1 200 OK
Server: nginx
Content-Type: application/json
Content-Length: 92
X-Tt-Logid: 202501201431402AC6533B762C799B5297
x-tt-trace-host: 018e5a586174a888928d793bdac74b79b56517d7628cf0ffdff56b078ad2cf561593c5ff6da2c07f50c138308ac1ce2f8f9ddd607f6e35cdea0f16e6369afabe713b464a6b547f307c2d8bd7244cb5c745baa5899720dcbfab8e8e28ced2435d1ed05cfed59dae311683d7d5cdf1f82ca7
x-tt-trace-id: 00-2501201431402AC6533B762C799B5297-7DCD1BA89F2C4F0D-00
X-Origin-Response-Time: 26,23.207.199.9
X-Akamai-Request-ID: 1e4a883.1f8d852a
Expires: Mon, 20 Jan 2025 14:31:40 GMT
Cache-Control: max-age=0, no-cache, no-store
Pragma: no-cache
Date: Mon, 20 Jan 2025 14:31:40 GMT
X-Cache: TCP_MISS from a95-101-134-92.deploy.akamaitechnologies.com (AkamaiGHost/11.8.0-1debf780f7d7c834933fa9689361eec6) (-)
Connection: close
X-Cache-Remote: TCP_MISS from a23-207-199-9.deploy.akamaitechnologies.com (AkamaiGHost/11.8.0-2d0f2d516c5d43e1487924a77ec5924a) (-)
x-tt-trace-tag: id=16;cdn-cache=miss;type=dyn
Server-Timing: cdn-cache; desc=MISS, edge; dur=85, origin; dur=26
Server-Timing: inner; dur=23
X-Parent-Response-Time: 106,95.101.134.92

{"code": 0, "message": "OK", "request_id": "202501201431402AC6533B762C799B5297", "data": {}}
2025-01-20T14:31:41+00:00 DEBUG POST: https://business-api.tiktok.com/open_api/v1.3/event/track/

{"partner_name":"WooCommerce","event_source":"web","event_source_id":"CSM79Q3C77UAG1T340I0","data":[{"event":"Pageview","event_id":"678e5e4da416d_tt4b_woocommerce_670666209cf1f","event_time":1737383501,"user":{"ip":"54.36.148.165","user_agent":"Mozilla\/5.0 (compatible; AhrefsBot\/7.0; +http:\/\/ahrefs.com\/robot\/)","locale":"ar","external_id":"0","email":"e3b0c44298fc1c149afbf4c8996fb92427ae41e4649b934ca495991b7852b855","phone_number":"e3b0c44298fc1c149afbf4c8996fb92427ae41e4649b934ca495991b7852b855","first_name":"e3b0c44298fc1c149afbf4c8996fb92427ae41e4649b934ca495991b7852b855","last_name":"e3b0c44298fc1c149afbf4c8996fb92427ae41e4649b934ca495991b7852b855","zip_code":"e3b0c44298fc1c149afbf4c8996fb92427ae41e4649b934ca495991b7852b855"},"page":{"url":"http:\/\/mail.ibn-sinaa.com\/tag\/%D8%AF%D8%B9%D8%A7%D9%8A%D8%A9-%D9%88%D8%A7%D8%B9%D9%84%D8%A7%D9%86\/"}}]}
 ajax: no
2025-01-20T14:31:41+00:00 DEBUG Tt4b_Mapi_Class::mapi_post: Response: 

HTTP/1.1 200 OK
Server: nginx
Content-Type: application/json
Content-Length: 92
X-Tt-Logid: 2025012014314161D1823AD84F4F87075A
x-tt-trace-host: 018e5a586174a888928d793bdac74b79b5e700587fe39153d955d7444df1af3be52dfb5716167982a9cdc55dcd020c197d4450f2616264117be2af3af4bd7ff4ada95eb0d6b4d54242677238ce7ad0b65cde98e165da30fd6948fa9b2d697ad3fa122d47a49f8a8c6dfac5031ab32a4819
x-tt-trace-id: 00-25012014314161D1823AD84F4F87075A-5A90DB1C950609AD-00
X-Origin-Response-Time: 32,23.52.15.239
X-Akamai-Request-ID: 312b301e.cd55330
Expires: Mon, 20 Jan 2025 14:31:41 GMT
Cache-Control: max-age=0, no-cache, no-store
Pragma: no-cache
Date: Mon, 20 Jan 2025 14:31:41 GMT
X-Cache: TCP_MISS from a95-101-134-94.deploy.akamaitechnologies.com (AkamaiGHost/11.8.0-1debf780f7d7c834933fa9689361eec6) (-)
Connection: close
X-Cache-Remote: TCP_MISS from a23-52-15-239.deploy.akamaitechnologies.com (AkamaiGHost/11.8.0-1debf780f7d7c834933fa9689361eec6) (-)
x-tt-trace-tag: id=16;cdn-cache=miss;type=dyn
Server-Timing: cdn-cache; desc=MISS, edge; dur=86, origin; dur=32
Server-Timing: inner; dur=28
X-Parent-Response-Time: 113,95.101.134.94

{"code": 0, "message": "OK", "request_id": "2025012014314161D1823AD84F4F87075A", "data": {}}
2025-01-20T14:31:45+00:00 DEBUG POST: https://business-api.tiktok.com/open_api/v1.3/event/track/

{"partner_name":"WooCommerce","event_source":"web","event_source_id":"CSM79Q3C77UAG1T340I0","data":[{"event":"Pageview","event_id":"678e5e51043df_tt4b_woocommerce_670666209cf1f","event_time":1737383505,"user":{"ip":"195.191.219.131","user_agent":"Mozilla\/5.0 (compatible; MJ12bot\/v1.4.8; http:\/\/mj12bot.com\/)","locale":"ar","external_id":"0","email":"e3b0c44298fc1c149afbf4c8996fb92427ae41e4649b934ca495991b7852b855","phone_number":"e3b0c44298fc1c149afbf4c8996fb92427ae41e4649b934ca495991b7852b855","first_name":"e3b0c44298fc1c149afbf4c8996fb92427ae41e4649b934ca495991b7852b855","last_name":"e3b0c44298fc1c149afbf4c8996fb92427ae41e4649b934ca495991b7852b855","zip_code":"e3b0c44298fc1c149afbf4c8996fb92427ae41e4649b934ca495991b7852b855"},"page":{"url":"http:\/\/www.ibn-sinaa.com\/en\/product-tag\/%D8%AF%D8%B9%D8%A7%D9%8A%D8%A9-%D9%88%D8%A7%D8%B9%D9%84%D8%A7%D9%86\/page\/2\/"}}]}
 ajax: no
2025-01-20T14:31:45+00:00 DEBUG Tt4b_Mapi_Class::mapi_post: Response: 

HTTP/1.1 200 OK
Server: nginx
Content-Type: application/json
Content-Length: 92
X-Tt-Logid: 2025012014314549340E944F494D28092A
x-tt-trace-host: 018e5a586174a888928d793bdac74b79b519a86797e72c2eba011e03e23beee17d95a8881f3cb6a2fad9b01fe536e0dd850d32a269b85cd6a6749faca929b479f46655ad27aedf2b798fcb7b733d9b4c4d4f8078906a313e0f020f508266865679a83f5e2f9e15f8be20c2584528e2499c
x-tt-trace-id: 00-25012014314549340E944F494D28092A-370F1A9B594D347A-00
X-Origin-Response-Time: 28,23.218.219.33
X-Akamai-Request-ID: 195768c3.fa5e523
Expires: Mon, 20 Jan 2025 14:31:45 GMT
Cache-Control: max-age=0, no-cache, no-store
Pragma: no-cache
Date: Mon, 20 Jan 2025 14:31:45 GMT
X-Cache: TCP_MISS from a95-101-134-116.deploy.akamaitechnologies.com (AkamaiGHost/11.8.0-1debf780f7d7c834933fa9689361eec6) (-)
Connection: close
X-Cache-Remote: TCP_MISS from a23-218-219-33.deploy.akamaitechnologies.com (AkamaiGHost/11.8.0-1debf780f7d7c834933fa9689361eec6) (-)
x-tt-trace-tag: id=16;cdn-cache=miss;type=dyn
Server-Timing: cdn-cache; desc=MISS, edge; dur=89, origin; dur=27
Server-Timing: inner; dur=22
X-Parent-Response-Time: 111,95.101.134.116

{"code": 0, "message": "OK", "request_id": "2025012014314549340E944F494D28092A", "data": {}}
2025-01-20T14:31:49+00:00 DEBUG POST: https://business-api.tiktok.com/open_api/v1.3/event/track/

{"partner_name":"WooCommerce","event_source":"web","event_source_id":"CSM79Q3C77UAG1T340I0","data":[{"event":"Pageview","event_id":"678e5e559ff7f_tt4b_woocommerce_670666209cf1f","event_time":1737383509,"user":{"ip":"195.191.219.131","user_agent":"Mozilla\/5.0 (compatible; MJ12bot\/v1.4.8; http:\/\/mj12bot.com\/)","locale":"ar","external_id":"0","email":"e3b0c44298fc1c149afbf4c8996fb92427ae41e4649b934ca495991b7852b855","phone_number":"e3b0c44298fc1c149afbf4c8996fb92427ae41e4649b934ca495991b7852b855","first_name":"e3b0c44298fc1c149afbf4c8996fb92427ae41e4649b934ca495991b7852b855","last_name":"e3b0c44298fc1c149afbf4c8996fb92427ae41e4649b934ca495991b7852b855","zip_code":"e3b0c44298fc1c149afbf4c8996fb92427ae41e4649b934ca495991b7852b855"},"page":{"url":"http:\/\/www.ibn-sinaa.com\/en\/product-tag\/%D8%AF%D8%B9%D8%A7%D9%8A%D8%A9-%D9%88%D8%A7%D8%B9%D9%84%D8%A7%D9%86\/page\/3\/"}}]}
 ajax: no
2025-01-20T14:31:49+00:00 DEBUG Tt4b_Mapi_Class::mapi_post: Response: 

HTTP/1.1 200 OK
Server: nginx
Content-Type: application/json
Content-Length: 92
X-Tt-Logid: 202501201431493E0FB05C6746028ABABE
x-tt-trace-host: 018e5a586174a888928d793bdac74b79b5cdd7532297e8a8f10214c8d6e7f77c424c3c823efe479d5616dac15378762eb5b9f826b33f97951e8877902955454f2fd0a10abb1314fb1a46078c612c74d2843899feba9692dec5601403c9ad959a181fa3863c76616443e1d47a11d22082bb
x-tt-trace-id: 00-2501201431493E0FB05C6746028ABABE-4F33CEA488B6AD00-00
X-Origin-Response-Time: 29,23.52.15.231
X-Akamai-Request-ID: 79556da2.1bf0fc96
Expires: Mon, 20 Jan 2025 14:31:49 GMT
Cache-Control: max-age=0, no-cache, no-store
Pragma: no-cache
Date: Mon, 20 Jan 2025 14:31:49 GMT
X-Cache: TCP_MISS from a95-101-134-205.deploy.akamaitechnologies.com (AkamaiGHost/11.8.0-1debf780f7d7c834933fa9689361eec6) (-)
Connection: close
X-Cache-Remote: TCP_MISS from a23-52-15-231.deploy.akamaitechnologies.com (AkamaiGHost/11.8.0-1debf780f7d7c834933fa9689361eec6) (-)
x-tt-trace-tag: id=16;cdn-cache=miss;type=dyn
Server-Timing: cdn-cache; desc=MISS, edge; dur=85, origin; dur=29
Server-Timing: inner; dur=24
X-Parent-Response-Time: 110,95.101.134.205

{"code": 0, "message": "OK", "request_id": "202501201431493E0FB05C6746028ABABE", "data": {}}
2025-01-20T14:31:54+00:00 DEBUG POST: https://business-api.tiktok.com/open_api/v1.3/event/track/

{"partner_name":"WooCommerce","event_source":"web","event_source_id":"CSM79Q3C77UAG1T340I0","data":[{"event":"Pageview","event_id":"678e5e5a42476_tt4b_woocommerce_670666209cf1f","event_time":1737383514,"user":{"ip":"195.191.219.131","user_agent":"Mozilla\/5.0 (compatible; MJ12bot\/v1.4.8; http:\/\/mj12bot.com\/)","locale":"ar","external_id":"0","email":"e3b0c44298fc1c149afbf4c8996fb92427ae41e4649b934ca495991b7852b855","phone_number":"e3b0c44298fc1c149afbf4c8996fb92427ae41e4649b934ca495991b7852b855","first_name":"e3b0c44298fc1c149afbf4c8996fb92427ae41e4649b934ca495991b7852b855","last_name":"e3b0c44298fc1c149afbf4c8996fb92427ae41e4649b934ca495991b7852b855","zip_code":"e3b0c44298fc1c149afbf4c8996fb92427ae41e4649b934ca495991b7852b855"},"page":{"url":"http:\/\/www.ibn-sinaa.com\/en\/product-tag\/%D8%B1%D9%88%D9%84-%D8%A7%D8%A8-%D8%A7%D8%B3%D8%AA%D8%A7%D9%86%D8%AF\/"}}]}
 ajax: no
2025-01-20T14:31:54+00:00 DEBUG Tt4b_Mapi_Class::mapi_post: Response: 

HTTP/1.1 200 OK
Server: nginx
Content-Type: application/json
Content-Length: 92
X-Tt-Logid: 20250120143154A36A6D982B35FAADAFF0
x-tt-trace-host: 018e5a586174a888928d793bdac74b79b5c6f0feff1e8c603b0d907030a96d2318ab77891c07af21c958c3216dda760759e57c7c4c01676de07c3c0a9e71cc7c68590052ccef3307c3c43a07d2edff0a1137bbda7194b70c1c8b48e6dde8696c636328e5fa1576976e5ed69b689e318ef7
x-tt-trace-id: 00-250120143154A36A6D982B35FAADAFF0-042EBB6367580B2D-00
X-Origin-Response-Time: 34,23.52.15.239
X-Akamai-Request-ID: 312c99a4.1f0c6715
Expires: Mon, 20 Jan 2025 14:31:54 GMT
Cache-Control: max-age=0, no-cache, no-store
Pragma: no-cache
Date: Mon, 20 Jan 2025 14:31:54 GMT
X-Cache: TCP_MISS from a95-101-134-204.deploy.akamaitechnologies.com (AkamaiGHost/11.8.0-1debf780f7d7c834933fa9689361eec6) (-)
Connection: close
X-Cache-Remote: TCP_MISS from a23-52-15-239.deploy.akamaitechnologies.com (AkamaiGHost/11.8.0-1debf780f7d7c834933fa9689361eec6) (-)
x-tt-trace-tag: id=16;cdn-cache=miss;type=dyn
Server-Timing: cdn-cache; desc=MISS, edge; dur=87, origin; dur=33
Server-Timing: inner; dur=29
X-Parent-Response-Time: 115,95.101.134.204

{"code": 0, "message": "OK", "request_id": "20250120143154A36A6D982B35FAADAFF0", "data": {}}
2025-01-20T14:31:59+00:00 DEBUG POST: https://business-api.tiktok.com/open_api/v1.3/event/track/

{"partner_name":"WooCommerce","event_source":"web","event_source_id":"CSM79Q3C77UAG1T340I0","data":[{"event":"Pageview","event_id":"678e5e5f3cb59_tt4b_woocommerce_670666209cf1f","event_time":1737383519,"user":{"ip":"195.191.219.131","user_agent":"Mozilla\/5.0 (compatible; MJ12bot\/v1.4.8; http:\/\/mj12bot.com\/)","locale":"ar","external_id":"0","email":"e3b0c44298fc1c149afbf4c8996fb92427ae41e4649b934ca495991b7852b855","phone_number":"e3b0c44298fc1c149afbf4c8996fb92427ae41e4649b934ca495991b7852b855","first_name":"e3b0c44298fc1c149afbf4c8996fb92427ae41e4649b934ca495991b7852b855","last_name":"e3b0c44298fc1c149afbf4c8996fb92427ae41e4649b934ca495991b7852b855","zip_code":"e3b0c44298fc1c149afbf4c8996fb92427ae41e4649b934ca495991b7852b855"},"page":{"url":"http:\/\/www.ibn-sinaa.com\/en\/product-tag\/%D8%B1%D9%88%D9%84-%D8%A7%D8%A8-%D8%A8%D9%86%D8%B1\/"}}]}
 ajax: no
2025-01-20T14:31:59+00:00 DEBUG Tt4b_Mapi_Class::mapi_post: Response: 

HTTP/1.1 200 OK
Server: nginx
Content-Type: application/json
Content-Length: 92
X-Tt-Logid: 20250120143159C68FF399EB375929C234
x-tt-trace-host: 018e5a586174a888928d793bdac74b79b52a36c08622bbc2ac99357be22beb959a92dbceb021bd1f7f7194efec0331b8ca663b6e7771b5fe231a57734da2f35da998d346e2882bdf2fe1d4b98cd74e3a1dac01fbcf9140e9002801417a2a982f2b84c10db4cb73108142494540915f0cdd
x-tt-trace-id: 00-250120143159C68FF399EB375929C234-14914173395A5275-00
X-Origin-Response-Time: 33,23.207.199.39
X-Akamai-Request-ID: 2003fd8b.e400963
Expires: Mon, 20 Jan 2025 14:31:59 GMT
Cache-Control: max-age=0, no-cache, no-store
Pragma: no-cache
Date: Mon, 20 Jan 2025 14:31:59 GMT
X-Cache: TCP_MISS from a95-101-134-36.deploy.akamaitechnologies.com (AkamaiGHost/11.8.0-1debf780f7d7c834933fa9689361eec6) (-)
Connection: close
X-Cache-Remote: TCP_MISS from a23-207-199-39.deploy.akamaitechnologies.com (AkamaiGHost/11.8.0-1debf780f7d7c834933fa9689361eec6) (-)
x-tt-trace-tag: id=16;cdn-cache=miss;type=dyn
Server-Timing: cdn-cache; desc=MISS, edge; dur=87, origin; dur=33
Server-Timing: inner; dur=28
X-Parent-Response-Time: 115,95.101.134.36

{"code": 0, "message": "OK", "request_id": "20250120143159C68FF399EB375929C234", "data": {}}
2025-01-20T14:32:03+00:00 DEBUG POST: https://business-api.tiktok.com/open_api/v1.3/event/track/

{"partner_name":"WooCommerce","event_source":"web","event_source_id":"CSM79Q3C77UAG1T340I0","data":[{"event":"Pageview","event_id":"678e5e63b76ee_tt4b_woocommerce_670666209cf1f","event_time":1737383523,"user":{"ip":"195.191.219.131","user_agent":"Mozilla\/5.0 (compatible; MJ12bot\/v1.4.8; http:\/\/mj12bot.com\/)","locale":"ar","external_id":"0","email":"e3b0c44298fc1c149afbf4c8996fb92427ae41e4649b934ca495991b7852b855","phone_number":"e3b0c44298fc1c149afbf4c8996fb92427ae41e4649b934ca495991b7852b855","first_name":"e3b0c44298fc1c149afbf4c8996fb92427ae41e4649b934ca495991b7852b855","last_name":"e3b0c44298fc1c149afbf4c8996fb92427ae41e4649b934ca495991b7852b855","zip_code":"e3b0c44298fc1c149afbf4c8996fb92427ae41e4649b934ca495991b7852b855"},"page":{"url":"http:\/\/www.ibn-sinaa.com\/en\/product-tag\/%D8%B1%D9%88%D9%84-%D8%A8%D9%88%D8%A8"}}]}
 ajax: no
2025-01-20T14:32:03+00:00 DEBUG Tt4b_Mapi_Class::mapi_post: Response: 

HTTP/1.1 200 OK
Server: nginx
Content-Type: application/json
Content-Length: 92
X-Tt-Logid: 202501201432031F96C938B4C0E3EC7248
Server-Timing: inner; dur=26
x-tt-trace-host: 018e5a586174a888928d793bdac74b79b51a437ee89a1c03eb2011d034a2e3e9f58a09757c505f97dfc84d292b58c9a9f65eaf80adba707af682b472c4b88d723c726b05688f796c238f81365d470f7ff46f2e7a4cc4c17f5cf9165602cf825d08
x-tt-trace-id: 00-2501201432031F96C938B4C0E3EC7248-5679D430551BEE54-00
Expires: Mon, 20 Jan 2025 14:32:03 GMT
Cache-Control: max-age=0, no-cache, no-store
Pragma: no-cache
Date: Mon, 20 Jan 2025 14:32:03 GMT
X-Cache: TCP_MISS from a95-101-134-92.deploy.akamaitechnologies.com (AkamaiGHost/11.8.0-1debf780f7d7c834933fa9689361eec6) (-)
Connection: close
x-tt-trace-tag: id=16;cdn-cache=miss;type=dyn
Server-Timing: cdn-cache; desc=MISS, edge; dur=5, origin; dur=108
X-Origin-Response-Time: 109,95.101.134.92
X-Akamai-Request-ID: 1f91039e

{"code": 0, "message": "OK", "request_id": "202501201432031F96C938B4C0E3EC7248", "data": {}}
2025-01-20T14:32:08+00:00 DEBUG POST: https://business-api.tiktok.com/open_api/v1.3/event/track/

{"partner_name":"WooCommerce","event_source":"web","event_source_id":"CSM79Q3C77UAG1T340I0","data":[{"event":"Pageview","event_id":"678e5e6829623_tt4b_woocommerce_670666209cf1f","event_time":1737383528,"user":{"ip":"195.191.219.131","user_agent":"Mozilla\/5.0 (compatible; MJ12bot\/v1.4.8; http:\/\/mj12bot.com\/)","locale":"ar","external_id":"0","email":"e3b0c44298fc1c149afbf4c8996fb92427ae41e4649b934ca495991b7852b855","phone_number":"e3b0c44298fc1c149afbf4c8996fb92427ae41e4649b934ca495991b7852b855","first_name":"e3b0c44298fc1c149afbf4c8996fb92427ae41e4649b934ca495991b7852b855","last_name":"e3b0c44298fc1c149afbf4c8996fb92427ae41e4649b934ca495991b7852b855","zip_code":"e3b0c44298fc1c149afbf4c8996fb92427ae41e4649b934ca495991b7852b855"},"page":{"url":"http:\/\/www.ibn-sinaa.com\/en\/product-tag\/%D8%B3%D8%AA%D8%A7%D9%86%D8%AF-%D9%81%D9%88%D8%B1%D9%83%D8%B3\/"}}]}
 ajax: no
2025-01-20T14:32:08+00:00 DEBUG Tt4b_Mapi_Class::mapi_post: Response: 

HTTP/1.1 200 OK
Server: nginx
Content-Type: application/json
Content-Length: 92
X-Tt-Logid: 20250120143208493128048159159681A0
x-tt-trace-host: 018e5a586174a888928d793bdac74b79b568cc7452706a589a0060bcc966412597267309ed06e1c12a30808bcaa30dd4018eb26eeaf2fa8472c062e3c67c1fbb998746d1e1335d4206643520847d347a93da082d73ada17a97512feb47421919360ccb994f347846e9334d92d604434c1f
x-tt-trace-id: 00-250120143208493128048159159681A0-3604906049352B1D-00
X-Origin-Response-Time: 34,23.207.199.14
X-Akamai-Request-ID: adb414.135d25b4
Expires: Mon, 20 Jan 2025 14:32:08 GMT
Cache-Control: max-age=0, no-cache, no-store
Pragma: no-cache
Date: Mon, 20 Jan 2025 14:32:08 GMT
X-Cache: TCP_MISS from a95-101-134-103.deploy.akamaitechnologies.com (AkamaiGHost/11.8.0-1debf780f7d7c834933fa9689361eec6) (-)
Connection: close
X-Cache-Remote: TCP_MISS from a23-207-199-14.deploy.akamaitechnologies.com (AkamaiGHost/11.8.0-1debf780f7d7c834933fa9689361eec6) (-)
x-tt-trace-tag: id=16;cdn-cache=miss;type=dyn
Server-Timing: cdn-cache; desc=MISS, edge; dur=85, origin; dur=34
Server-Timing: inner; dur=30
X-Parent-Response-Time: 114,95.101.134.103

{"code": 0, "message": "OK", "request_id": "20250120143208493128048159159681A0", "data": {}}
2025-01-20T14:32:12+00:00 DEBUG POST: https://business-api.tiktok.com/open_api/v1.3/event/track/

{"partner_name":"WooCommerce","event_source":"web","event_source_id":"CSM79Q3C77UAG1T340I0","data":[{"event":"Pageview","event_id":"678e5e6ccbb1e_tt4b_woocommerce_670666209cf1f","event_time":1737383532,"user":{"ip":"195.191.219.131","user_agent":"Mozilla\/5.0 (compatible; MJ12bot\/v1.4.8; http:\/\/mj12bot.com\/)","locale":"ar","external_id":"0","email":"e3b0c44298fc1c149afbf4c8996fb92427ae41e4649b934ca495991b7852b855","phone_number":"e3b0c44298fc1c149afbf4c8996fb92427ae41e4649b934ca495991b7852b855","first_name":"e3b0c44298fc1c149afbf4c8996fb92427ae41e4649b934ca495991b7852b855","last_name":"e3b0c44298fc1c149afbf4c8996fb92427ae41e4649b934ca495991b7852b855","zip_code":"e3b0c44298fc1c149afbf4c8996fb92427ae41e4649b934ca495991b7852b855"},"page":{"url":"http:\/\/www.ibn-sinaa.com\/en\/product-tag\/%D8%B3%D8%AC%D9%84%D8%A7%D8%AA-%D9%85%D8%AF%D8%B1%D8%B3%D9%8A%D8%A9-%D8%AC%D8%A7%D9%87%D8%B2%D8%A9\/"}}]}
 ajax: no
2025-01-20T14:32:12+00:00 DEBUG Tt4b_Mapi_Class::mapi_post: Response: 

HTTP/1.1 200 OK
Server: nginx
Content-Type: application/json
Content-Length: 92
X-Tt-Logid: 202501201432125857A38D037B7DA50A8C
x-tt-trace-host: 018e5a586174a888928d793bdac74b79b568cc7452706a589a0060bcc966412597eab11530bf36f0d39f82046a070a236aa51fc3bad7fc2da4f25dbca13b2ac7ee79a451046524e394f962867ad31063e000ef046d01cbe304c75f26255ec50e6e04a625e3c1d1a9261089b76234cd809b
x-tt-trace-id: 00-2501201432125857A38D037B7DA50A8C-32AB4EE8A33BD455-00
X-Origin-Response-Time: 25,23.207.199.13
X-Akamai-Request-ID: 2de1832f.135dc75d
Expires: Mon, 20 Jan 2025 14:32:12 GMT
Cache-Control: max-age=0, no-cache, no-store
Pragma: no-cache
Date: Mon, 20 Jan 2025 14:32:12 GMT
X-Cache: TCP_MISS from a95-101-134-103.deploy.akamaitechnologies.com (AkamaiGHost/11.8.0-1debf780f7d7c834933fa9689361eec6) (-)
Connection: close
X-Cache-Remote: TCP_MISS from a23-207-199-13.deploy.akamaitechnologies.com (AkamaiGHost/11.8.0-2d0f2d516c5d43e1487924a77ec5924a) (-)
x-tt-trace-tag: id=16;cdn-cache=miss;type=dyn
Server-Timing: cdn-cache; desc=MISS, edge; dur=84, origin; dur=25
Server-Timing: inner; dur=21
X-Parent-Response-Time: 104,95.101.134.103

{"code": 0, "message": "OK", "request_id": "202501201432125857A38D037B7DA50A8C", "data": {}}
2025-01-20T14:32:17+00:00 DEBUG Tt4b_Pixel_Class::inject_add_to_cart_event: hit AddToCart
2025-01-20T14:32:17+00:00 DEBUG POST: https://business-api.tiktok.com/open_api/v1.3/event/track/

{"partner_name":"WooCommerce","event_source":"web","event_source_id":"CSM79Q3C77UAG1T340I0","data":[{"event":"AddToCart","event_id":"678e5e714d8e5_tt4b_woocommerce_670666209cf1f_4125","event_time":1737383537,"user":{"ip":"195.191.219.131","user_agent":"Mozilla\/5.0 (compatible; MJ12bot\/v1.4.8; http:\/\/mj12bot.com\/)","locale":"ar","external_id":"0","email":"e3b0c44298fc1c149afbf4c8996fb92427ae41e4649b934ca495991b7852b855","phone_number":"e3b0c44298fc1c149afbf4c8996fb92427ae41e4649b934ca495991b7852b855","first_name":"e3b0c44298fc1c149afbf4c8996fb92427ae41e4649b934ca495991b7852b855","last_name":"e3b0c44298fc1c149afbf4c8996fb92427ae41e4649b934ca495991b7852b855","zip_code":"e3b0c44298fc1c149afbf4c8996fb92427ae41e4649b934ca495991b7852b855"},"properties":{"contents":[{"price":65,"quantity":1,"content_id":"4125","content_name":"\u0633\u062c\u0644\u0627\u062a \u0645\u0627\u062f\u0629 \u0627\u0644\u0641\u064a\u0632\u064a\u0627\u0621","description":". \u0637\u0628\u0627\u0639\u0647 \u0633\u062c\u0644\u0627\u062a \u0645\u062f\u0631\u0633\u064a\u0629 \u0627\u062d\u062a\u0631\u0627\u0641\u064a\u0629 \u062e\u0627\u0645\u062a\u0647\u0627 \u0643\u0631\u062a\u0648\u0646 2000 \u062c\u0631\u0627\u0645,\u062a\u0636\u0627\u0641 \u0637\u0628\u0642\u0629 \u062d\u0645\u0627\u064a\u0647 \u0627\u0633\u062a\u064a\u0643\u0631 \u0645\u0639 \u0633\u0644\u0648\u0641\u0627\u0646 \u0644\u0627\u0645\u0639.\r\n. \u0645\u062a\u0648\u0641\u0631 \u0628 \u0627\u062d\u062c\u0627\u0645 \u0645\u062e\u062a\u0644\u0641\u0647 ( \u0635\u063a\u064a\u0631, \u0648\u0633\u0637 , \u0643\u0628\u064a\u0631 ).\r\n. \u064a\u062a\u0633\u0639 \u0627\u0644\u0645\u0642\u0627\u0633 \u0627\u0644\u0635\u063a\u064a\u0631 ( \u0645\u0646 50 \u0627\u0644\u0649 150 \u0648\u0631\u0642\u0629 )\r\n. \u064a\u062a\u0633\u0639 \u0627\u0644\u0648\u0633\u0637 ( \u0645\u0646 150 \u0627\u0644\u0649 300 \u0648\u0631\u0642\u0629 )\r\n. \u0627\u0644\u0643\u0628\u064a\u0631 ( \u0645\u0646 300 \u0627\u0644\u0649 400 \u0648\u0631\u0642\u0629 ).\r\n. \u0645\u062f\u0629 \u0627\u0644\u062a\u0646\u0641\u064a\u0630 : 3-5 \u0627\u064a\u0627\u0645 \u0648\u062a\u0632\u064a\u062f \u0627\u0644\u0645\u062f\u0629 \u0639\u0646 \u0637\u0644\u0628 \u0627\u0644\u0634\u062d\u0646.","availability":"IN_STOCK","sale_price":65,"on_sale":false}],"content_type":"product","currency":"SAR","value":65,"event_trigger_source":"WooCommerce"},"page":{"url":"http:\/\/www.ibn-sinaa.com\/en\/product-tag\/%D8%B3%D8%AC%D9%84%D8%A7%D8%AA-%D9%85%D8%AF%D8%B1%D8%B3%D9%8A%D8%A9-%D8%AC%D8%A7%D9%87%D8%B2%D8%A9\/?add-to-cart=4125"}}]}
 ajax: no
2025-01-20T14:32:17+00:00 DEBUG Tt4b_Mapi_Class::mapi_post: Response: 

HTTP/1.1 200 OK
Server: nginx
Content-Type: application/json
Content-Length: 92
X-Tt-Logid: 20250120143217156622710C3098D66554
x-tt-trace-host: 018e5a586174a888928d793bdac74b79b52a36c08622bbc2ac99357be22beb959abf9b3edb1699d94dad43898c62543b88a009519e17e1dfb03d6551b76ee94d18533c14a56268e32eccbe0dab4c201d3ac028fee5a455b7f1e0710bac4064817ea97cad777552b3e0c4c12f812ad94e9f
x-tt-trace-id: 00-250120143217156622710C3098D66554-54B342B6562CE3B2-00
X-Origin-Response-Time: 98,23.207.199.4
X-Akamai-Request-ID: 28e94a46.e41fbb1
Expires: Mon, 20 Jan 2025 14:32:17 GMT
Cache-Control: max-age=0, no-cache, no-store
Pragma: no-cache
Date: Mon, 20 Jan 2025 14:32:17 GMT
X-Cache: TCP_MISS from a95-101-134-36.deploy.akamaitechnologies.com (AkamaiGHost/11.8.0-1debf780f7d7c834933fa9689361eec6) (-)
Connection: close
X-Cache-Remote: TCP_MISS from a23-207-199-4.deploy.akamaitechnologies.com (AkamaiGHost/11.8.0-1debf780f7d7c834933fa9689361eec6) (-)
x-tt-trace-tag: id=16;cdn-cache=miss;type=dyn
Server-Timing: cdn-cache; desc=MISS, edge; dur=91, origin; dur=98
Server-Timing: inner; dur=94
X-Parent-Response-Time: 181,95.101.134.36

{"code": 0, "message": "OK", "request_id": "20250120143217156622710C3098D66554", "data": {}}
2025-01-20T14:32:17+00:00 DEBUG POST: https://business-api.tiktok.com/open_api/v1.3/event/track/

{"partner_name":"WooCommerce","event_source":"web","event_source_id":"CSM79Q3C77UAG1T340I0","data":[{"event":"Pageview","event_id":"678e5e71b1abf_tt4b_woocommerce_670666209cf1f","event_time":1737383537,"user":{"ip":"195.191.219.131","user_agent":"Mozilla\/5.0 (compatible; MJ12bot\/v1.4.8; http:\/\/mj12bot.com\/)","locale":"ar","external_id":"0","email":"e3b0c44298fc1c149afbf4c8996fb92427ae41e4649b934ca495991b7852b855","phone_number":"e3b0c44298fc1c149afbf4c8996fb92427ae41e4649b934ca495991b7852b855","first_name":"e3b0c44298fc1c149afbf4c8996fb92427ae41e4649b934ca495991b7852b855","last_name":"e3b0c44298fc1c149afbf4c8996fb92427ae41e4649b934ca495991b7852b855","zip_code":"e3b0c44298fc1c149afbf4c8996fb92427ae41e4649b934ca495991b7852b855"},"page":{"url":"http:\/\/www.ibn-sinaa.com\/en\/product-tag\/%D8%B3%D8%AC%D9%84%D8%A7%D8%AA-%D9%85%D8%AF%D8%B1%D8%B3%D9%8A%D8%A9-%D8%AC%D8%A7%D9%87%D8%B2%D8%A9\/?add-to-cart=4125"}}]}
 ajax: no
2025-01-20T14:32:17+00:00 DEBUG Tt4b_Mapi_Class::mapi_post: Response: 

HTTP/1.1 200 OK
Server: nginx
Content-Type: application/json
Content-Length: 92
X-Tt-Logid: 20250120143217F4F5ED2C8EC62A89377F
x-tt-trace-host: 018e5a586174a888928d793bdac74b79b56517d7628cf0ffdff56b078ad2cf56158548960fb94794b615ac301e3cb86a539d493966a26e648c910a0d3c947ae4f33fd3ff0ba4dc2a194204eb2ef83e112ad392d83c1d4e60988849cd93dcff387300a7d7e721bc20e85c973f3c11d5efd9
x-tt-trace-id: 00-250120143217F4F5ED2C8EC62A89377F-171F0F6D2EA90D91-00
X-Origin-Response-Time: 28,23.52.15.205
X-Akamai-Request-ID: 136f5e71.1f92f7b4
Expires: Mon, 20 Jan 2025 14:32:17 GMT
Cache-Control: max-age=0, no-cache, no-store
Pragma: no-cache
Date: Mon, 20 Jan 2025 14:32:17 GMT
X-Cache: TCP_MISS from a95-101-134-92.deploy.akamaitechnologies.com (AkamaiGHost/11.8.0-1debf780f7d7c834933fa9689361eec6) (-)
Connection: close
X-Cache-Remote: TCP_MISS from a23-52-15-205.deploy.akamaitechnologies.com (AkamaiGHost/11.8.0-2d0f2d516c5d43e1487924a77ec5924a) (-)
x-tt-trace-tag: id=16;cdn-cache=miss;type=dyn
Server-Timing: cdn-cache; desc=MISS, edge; dur=87, origin; dur=28
Server-Timing: inner; dur=24
X-Parent-Response-Time: 108,95.101.134.92

{"code": 0, "message": "OK", "request_id": "20250120143217F4F5ED2C8EC62A89377F", "data": {}}
2025-01-20T14:32:22+00:00 DEBUG POST: https://business-api.tiktok.com/open_api/v1.3/event/track/

{"partner_name":"WooCommerce","event_source":"web","event_source_id":"CSM79Q3C77UAG1T340I0","data":[{"event":"Pageview","event_id":"678e5e768629c_tt4b_woocommerce_670666209cf1f","event_time":1737383542,"user":{"ip":"195.191.219.131","user_agent":"Mozilla\/5.0 (compatible; MJ12bot\/v1.4.8; http:\/\/mj12bot.com\/)","locale":"ar","external_id":"0","email":"e3b0c44298fc1c149afbf4c8996fb92427ae41e4649b934ca495991b7852b855","phone_number":"e3b0c44298fc1c149afbf4c8996fb92427ae41e4649b934ca495991b7852b855","first_name":"e3b0c44298fc1c149afbf4c8996fb92427ae41e4649b934ca495991b7852b855","last_name":"e3b0c44298fc1c149afbf4c8996fb92427ae41e4649b934ca495991b7852b855","zip_code":"e3b0c44298fc1c149afbf4c8996fb92427ae41e4649b934ca495991b7852b855"},"page":{"url":"http:\/\/www.ibn-sinaa.com\/en\/product-tag\/%D8%B3%D8%AC%D9%84%D8%A7%D8%AA-%D9%85%D8%AF%D8%B1%D8%B3%D9%8A%D8%A9-%D8%AC%D8%A7%D9%87%D8%B2%D8%A9\/page\/2\/"}}]}
 ajax: no
2025-01-20T14:32:22+00:00 DEBUG Tt4b_Mapi_Class::mapi_post: Response: 

HTTP/1.1 200 OK
Server: nginx
Content-Type: application/json
Content-Length: 92
X-Tt-Logid: 202501201432226F739F69F46613796B90
x-tt-trace-host: 018e5a586174a888928d793bdac74b79b5b3c46136d344bf46da72cca5a862092ee8fb6686855d9aceb4a1dcbed51e663598096449859717adf638ad1618855ed3c0dc898319fe2e556c74f8ffef59254006407a9bfccd056aa7703f7005b20ad350c3baf94d44d7f1c137378728db1b48
x-tt-trace-id: 00-2501201432226F739F69F46613796B90-7042359D36AAB305-00
X-Origin-Response-Time: 35,23.218.219.16
X-Akamai-Request-ID: cebd13.1f388c5c
Expires: Mon, 20 Jan 2025 14:32:22 GMT
Cache-Control: max-age=0, no-cache, no-store
Pragma: no-cache
Date: Mon, 20 Jan 2025 14:32:22 GMT
X-Cache: TCP_MISS from a95-101-134-30.deploy.akamaitechnologies.com (AkamaiGHost/11.8.0-1debf780f7d7c834933fa9689361eec6) (-)
Connection: close
X-Cache-Remote: TCP_MISS from a23-218-219-16.deploy.akamaitechnologies.com (AkamaiGHost/11.8.0-1debf780f7d7c834933fa9689361eec6) (-)
x-tt-trace-tag: id=16;cdn-cache=miss;type=dyn
Server-Timing: cdn-cache; desc=MISS, edge; dur=85, origin; dur=35
Server-Timing: inner; dur=32
X-Parent-Response-Time: 116,95.101.134.30

{"code": 0, "message": "OK", "request_id": "202501201432226F739F69F46613796B90", "data": {}}
2025-01-20T14:32:27+00:00 DEBUG Tt4b_Pixel_Class::inject_add_to_cart_event: hit AddToCart
2025-01-20T14:32:27+00:00 DEBUG POST: https://business-api.tiktok.com/open_api/v1.3/event/track/

{"partner_name":"WooCommerce","event_source":"web","event_source_id":"CSM79Q3C77UAG1T340I0","data":[{"event":"AddToCart","event_id":"678e5e7b66a2a_tt4b_woocommerce_670666209cf1f_4125","event_time":1737383547,"user":{"ip":"195.191.219.131","user_agent":"Mozilla\/5.0 (compatible; MJ12bot\/v1.4.8; http:\/\/mj12bot.com\/)","locale":"ar","external_id":"0","email":"e3b0c44298fc1c149afbf4c8996fb92427ae41e4649b934ca495991b7852b855","phone_number":"e3b0c44298fc1c149afbf4c8996fb92427ae41e4649b934ca495991b7852b855","first_name":"e3b0c44298fc1c149afbf4c8996fb92427ae41e4649b934ca495991b7852b855","last_name":"e3b0c44298fc1c149afbf4c8996fb92427ae41e4649b934ca495991b7852b855","zip_code":"e3b0c44298fc1c149afbf4c8996fb92427ae41e4649b934ca495991b7852b855"},"properties":{"contents":[{"price":65,"quantity":1,"content_id":"4125","content_name":"\u0633\u062c\u0644\u0627\u062a \u0645\u0627\u062f\u0629 \u0627\u0644\u0641\u064a\u0632\u064a\u0627\u0621","description":". \u0637\u0628\u0627\u0639\u0647 \u0633\u062c\u0644\u0627\u062a \u0645\u062f\u0631\u0633\u064a\u0629 \u0627\u062d\u062a\u0631\u0627\u0641\u064a\u0629 \u062e\u0627\u0645\u062a\u0647\u0627 \u0643\u0631\u062a\u0648\u0646 2000 \u062c\u0631\u0627\u0645,\u062a\u0636\u0627\u0641 \u0637\u0628\u0642\u0629 \u062d\u0645\u0627\u064a\u0647 \u0627\u0633\u062a\u064a\u0643\u0631 \u0645\u0639 \u0633\u0644\u0648\u0641\u0627\u0646 \u0644\u0627\u0645\u0639.\r\n. \u0645\u062a\u0648\u0641\u0631 \u0628 \u0627\u062d\u062c\u0627\u0645 \u0645\u062e\u062a\u0644\u0641\u0647 ( \u0635\u063a\u064a\u0631, \u0648\u0633\u0637 , \u0643\u0628\u064a\u0631 ).\r\n. \u064a\u062a\u0633\u0639 \u0627\u0644\u0645\u0642\u0627\u0633 \u0627\u0644\u0635\u063a\u064a\u0631 ( \u0645\u0646 50 \u0627\u0644\u0649 150 \u0648\u0631\u0642\u0629 )\r\n. \u064a\u062a\u0633\u0639 \u0627\u0644\u0648\u0633\u0637 ( \u0645\u0646 150 \u0627\u0644\u0649 300 \u0648\u0631\u0642\u0629 )\r\n. \u0627\u0644\u0643\u0628\u064a\u0631 ( \u0645\u0646 300 \u0627\u0644\u0649 400 \u0648\u0631\u0642\u0629 ).\r\n. \u0645\u062f\u0629 \u0627\u0644\u062a\u0646\u0641\u064a\u0630 : 3-5 \u0627\u064a\u0627\u0645 \u0648\u062a\u0632\u064a\u062f \u0627\u0644\u0645\u062f\u0629 \u0639\u0646 \u0637\u0644\u0628 \u0627\u0644\u0634\u062d\u0646.","availability":"IN_STOCK","sale_price":65,"on_sale":false}],"content_type":"product","currency":"SAR","value":65,"event_trigger_source":"WooCommerce"},"page":{"url":"http:\/\/www.ibn-sinaa.com\/en\/product-tag\/%D8%B3%D8%AC%D9%84%D8%A7%D8%AA-%D9%85%D8%AF%D8%B1%D8%B3%D9%8A%D8%A9-%D8%AC%D8%A7%D9%87%D8%B2%D8%A9\/page\/2\/?add-to-cart=4125"}}]}
 ajax: no
2025-01-20T14:32:27+00:00 DEBUG Tt4b_Mapi_Class::mapi_post: Response: 

HTTP/1.1 200 OK
Server: nginx
Content-Type: application/json
Content-Length: 92
X-Tt-Logid: 20250120143227AA1216F6541D5BD43E16
x-tt-trace-host: 018e5a586174a888928d793bdac74b79b568cc7452706a589a0060bcc96641259715568b368064d124c38539f1c97393f21fd5858746b5a071ec85e129b0a926f184015875de0459e273abad74aed929913fab12c707022412de971efa340c519886ea4ee3161ca2f64fb4df3741d65d4f
x-tt-trace-id: 00-250120143227AA1216F6541D5BD43E16-2B21AD3B579F3758-00
X-Origin-Response-Time: 34,23.52.15.133
X-Akamai-Request-ID: a4e02dd1.135ff66e
Expires: Mon, 20 Jan 2025 14:32:27 GMT
Cache-Control: max-age=0, no-cache, no-store
Pragma: no-cache
Date: Mon, 20 Jan 2025 14:32:27 GMT
X-Cache: TCP_MISS from a95-101-134-103.deploy.akamaitechnologies.com (AkamaiGHost/11.8.0-1debf780f7d7c834933fa9689361eec6) (-)
Connection: close
X-Cache-Remote: TCP_MISS from a23-52-15-133.deploy.akamaitechnologies.com (AkamaiGHost/11.8.0-1debf780f7d7c834933fa9689361eec6) (-)
x-tt-trace-tag: id=16;cdn-cache=miss;type=dyn
Server-Timing: cdn-cache; desc=MISS, edge; dur=89, origin; dur=34
Server-Timing: inner; dur=31
X-Parent-Response-Time: 116,95.101.134.103

{"code": 0, "message": "OK", "request_id": "20250120143227AA1216F6541D5BD43E16", "data": {}}
2025-01-20T14:32:27+00:00 DEBUG POST: https://business-api.tiktok.com/open_api/v1.3/event/track/

{"partner_name":"WooCommerce","event_source":"web","event_source_id":"CSM79Q3C77UAG1T340I0","data":[{"event":"Pageview","event_id":"678e5e7bb8764_tt4b_woocommerce_670666209cf1f","event_time":1737383547,"user":{"ip":"195.191.219.131","user_agent":"Mozilla\/5.0 (compatible; MJ12bot\/v1.4.8; http:\/\/mj12bot.com\/)","locale":"ar","external_id":"0","email":"e3b0c44298fc1c149afbf4c8996fb92427ae41e4649b934ca495991b7852b855","phone_number":"e3b0c44298fc1c149afbf4c8996fb92427ae41e4649b934ca495991b7852b855","first_name":"e3b0c44298fc1c149afbf4c8996fb92427ae41e4649b934ca495991b7852b855","last_name":"e3b0c44298fc1c149afbf4c8996fb92427ae41e4649b934ca495991b7852b855","zip_code":"e3b0c44298fc1c149afbf4c8996fb92427ae41e4649b934ca495991b7852b855"},"page":{"url":"http:\/\/www.ibn-sinaa.com\/en\/product-tag\/%D8%B3%D8%AC%D9%84%D8%A7%D8%AA-%D9%85%D8%AF%D8%B1%D8%B3%D9%8A%D8%A9-%D8%AC%D8%A7%D9%87%D8%B2%D8%A9\/page\/2\/?add-to-cart=4125"}}]}
 ajax: no
2025-01-20T14:32:27+00:00 DEBUG Tt4b_Mapi_Class::mapi_post: Response: 

HTTP/1.1 200 OK
Server: nginx
Content-Type: application/json
Content-Length: 92
X-Tt-Logid: 20250120143227B4A9EF1A5204EB308D6F
x-tt-trace-host: 018e5a586174a888928d793bdac74b79b568cc7452706a589a0060bcc9664125971b7e3917b9547b428eddc2584c83f226641016c17df5f81dcfd3cad90a16769769c84f6c3611bfa0373c5ee9960d3b5b330401dd1c5a4fa1c302a35321b943e653439ce272b91b2f9d950cb033f53bc2
x-tt-trace-id: 00-250120143227B4A9EF1A5204EB308D6F-5C59848D3E620C89-00
X-Origin-Response-Time: 33,23.218.219.36
X-Akamai-Request-ID: 17c9cbd9.136002ad
Expires: Mon, 20 Jan 2025 14:32:27 GMT
Cache-Control: max-age=0, no-cache, no-store
Pragma: no-cache
Date: Mon, 20 Jan 2025 14:32:27 GMT
X-Cache: TCP_MISS from a95-101-134-103.deploy.akamaitechnologies.com (AkamaiGHost/11.8.0-1debf780f7d7c834933fa9689361eec6) (-)
Connection: close
X-Cache-Remote: TCP_MISS from a23-218-219-36.deploy.akamaitechnologies.com (AkamaiGHost/11.8.0-1debf780f7d7c834933fa9689361eec6) (-)
x-tt-trace-tag: id=16;cdn-cache=miss;type=dyn
Server-Timing: cdn-cache; desc=MISS, edge; dur=87, origin; dur=33
Server-Timing: inner; dur=30
X-Parent-Response-Time: 115,95.101.134.103

{"code": 0, "message": "OK", "request_id": "20250120143227B4A9EF1A5204EB308D6F", "data": {}}
2025-01-20T14:32:32+00:00 DEBUG Tt4b_Pixel_Class::inject_add_to_cart_event: hit AddToCart
2025-01-20T14:32:32+00:00 DEBUG POST: https://business-api.tiktok.com/open_api/v1.3/event/track/

{"partner_name":"WooCommerce","event_source":"web","event_source_id":"CSM79Q3C77UAG1T340I0","data":[{"event":"AddToCart","event_id":"678e5e8063b6c_tt4b_woocommerce_670666209cf1f_4220","event_time":1737383552,"user":{"ip":"195.191.219.131","user_agent":"Mozilla\/5.0 (compatible; MJ12bot\/v1.4.8; http:\/\/mj12bot.com\/)","locale":"ar","external_id":"0","email":"e3b0c44298fc1c149afbf4c8996fb92427ae41e4649b934ca495991b7852b855","phone_number":"e3b0c44298fc1c149afbf4c8996fb92427ae41e4649b934ca495991b7852b855","first_name":"e3b0c44298fc1c149afbf4c8996fb92427ae41e4649b934ca495991b7852b855","last_name":"e3b0c44298fc1c149afbf4c8996fb92427ae41e4649b934ca495991b7852b855","zip_code":"e3b0c44298fc1c149afbf4c8996fb92427ae41e4649b934ca495991b7852b855"},"properties":{"contents":[{"price":120,"quantity":1,"content_id":"4220","content_name":"\u0645\u062c\u0645\u0648\u0639\u0629 \u0627\u0644\u0645\u0639\u0644\u0645","description":"\u0627\u062c\u0639\u0644 \u064a\u0648\u0645\u0643 \u0627\u0644\u062f\u0631\u0627\u0633\u064a \u0623\u0643\u062b\u0631 \u062a\u0646\u0638\u064a\u0645\u064b\u0627 \u0648\u0641\u0627\u0639\u0644\u064a\u0629 \u0645\u0639 \u0645\u062c\u0645\u0648\u0639\u0647 \u0627\u0644\u0645\u0639\u0644\u0645 \u0645\u0646 \u0645\u062a\u062c\u0631 \u0645\u0643\u062a\u0628\u0629 \u0627\u0628\u0646 \u0633\u064a\u0646\u0627 \u0627\u0644\u0625\u0644\u0643\u062a\u0631\u0648\u0646\u064a. \u0647\u0630\u0647 \u0627\u0644\u0645\u062c\u0645\u0648\u0639\u0629 \u0627\u0644\u0645\u0635\u0645\u0645\u0629 \u062e\u0635\u064a\u0635\u064b\u0627 \u0644\u0644\u0645\u062f\u0631\u0633\u064a\u0646 \u062a\u062d\u062a\u0648\u064a \u0639\u0644\u0649 \u0643\u0644 \u0645\u0627 \u064a\u062d\u062a\u0627\u062c\u0648\u0646\u0647 \u0644\u0625\u062f\u0627\u0631\u0629 \u0648\u062a\u0646\u0638\u064a\u0645 \u064a\u0648\u0645\u0647\u0645 \u0627\u0644\u062f\u0631\u0627\u0633\u064a \u0628\u0623\u0641\u0636\u0644 \u0635\u0648\u0631\u0629 \u0645\u0645\u0643\u0646\u0629.","availability":"IN_STOCK","sale_price":120,"on_sale":false}],"content_type":"product","currency":"SAR","value":120,"event_trigger_source":"WooCommerce"},"page":{"url":"http:\/\/www.ibn-sinaa.com\/en\/product-tag\/%D8%B3%D8%AC%D9%84%D8%A7%D8%AA-%D9%85%D8%AF%D8%B1%D8%B3%D9%8A%D8%A9-%D8%AC%D8%A7%D9%87%D8%B2%D8%A9\/page\/2\/?add-to-cart=4220"}}]}
 ajax: no
2025-01-20T14:32:32+00:00 DEBUG Tt4b_Mapi_Class::mapi_post: Response: 

HTTP/1.1 200 OK
Server: nginx
Content-Type: application/json
Content-Length: 92
X-Tt-Logid: 202501201432326EDF40C61B70ECB002A1
Server-Timing: inner; dur=24
x-tt-trace-host: 018e5a586174a888928d793bdac74b79b51a437ee89a1c03eb2011d034a2e3e9f51c27d037bc89b665d8b9d293fd1e07f20d3d4098244a3afd31bce1a4d0511743cffb87fab579fc6547c046bd38da219f2b772f9470607265e6a3ea737edc838c
x-tt-trace-id: 00-2501201432326EDF40C61B70ECB002A1-3B6E06979F57515E-00
Expires: Mon, 20 Jan 2025 14:32:32 GMT
Cache-Control: max-age=0, no-cache, no-store
Pragma: no-cache
Date: Mon, 20 Jan 2025 14:32:32 GMT
X-Cache: TCP_MISS from a95-101-134-92.deploy.akamaitechnologies.com (AkamaiGHost/11.8.0-1debf780f7d7c834933fa9689361eec6) (-)
Connection: close
x-tt-trace-tag: id=16;cdn-cache=miss;type=dyn
Server-Timing: cdn-cache; desc=MISS, edge; dur=7, origin; dur=107
X-Origin-Response-Time: 108,95.101.134.92
X-Akamai-Request-ID: 1f954ad4

{"code": 0, "message": "OK", "request_id": "202501201432326EDF40C61B70ECB002A1", "data": {}}
2025-01-20T14:32:32+00:00 DEBUG POST: https://business-api.tiktok.com/open_api/v1.3/event/track/

{"partner_name":"WooCommerce","event_source":"web","event_source_id":"CSM79Q3C77UAG1T340I0","data":[{"event":"Pageview","event_id":"678e5e80b674d_tt4b_woocommerce_670666209cf1f","event_time":1737383552,"user":{"ip":"195.191.219.131","user_agent":"Mozilla\/5.0 (compatible; MJ12bot\/v1.4.8; http:\/\/mj12bot.com\/)","locale":"ar","external_id":"0","email":"e3b0c44298fc1c149afbf4c8996fb92427ae41e4649b934ca495991b7852b855","phone_number":"e3b0c44298fc1c149afbf4c8996fb92427ae41e4649b934ca495991b7852b855","first_name":"e3b0c44298fc1c149afbf4c8996fb92427ae41e4649b934ca495991b7852b855","last_name":"e3b0c44298fc1c149afbf4c8996fb92427ae41e4649b934ca495991b7852b855","zip_code":"e3b0c44298fc1c149afbf4c8996fb92427ae41e4649b934ca495991b7852b855"},"page":{"url":"http:\/\/www.ibn-sinaa.com\/en\/product-tag\/%D8%B3%D8%AC%D9%84%D8%A7%D8%AA-%D9%85%D8%AF%D8%B1%D8%B3%D9%8A%D8%A9-%D8%AC%D8%A7%D9%87%D8%B2%D8%A9\/page\/2\/?add-to-cart=4220"}}]}
 ajax: no
2025-01-20T14:32:32+00:00 DEBUG Tt4b_Mapi_Class::mapi_post: Response: 

HTTP/1.1 200 OK
Server: nginx
Content-Type: application/json
Content-Length: 92
X-Tt-Logid: 20250120143232869C09B8D0F6A3DB6586
x-tt-trace-host: 018e5a586174a888928d793bdac74b79b5e700587fe39153d955d7444df1af3be563dfc288b77a88add6928f0933ddbbe73191e82080de566e5f53d0305715e4091e065c9ebd247ca3498e60034581ae3233b2af186bafb92da7fa19fa5188540d065fd921bba8f6252fb763afa79299ad
x-tt-trace-id: 00-250120143232869C09B8D0F6A3DB6586-2CB23D9277E797D3-00
X-Origin-Response-Time: 79,23.207.199.14
X-Akamai-Request-ID: aebc87.cdc166c
Expires: Mon, 20 Jan 2025 14:32:32 GMT
Cache-Control: max-age=0, no-cache, no-store
Pragma: no-cache
Date: Mon, 20 Jan 2025 14:32:32 GMT
X-Cache: TCP_MISS from a95-101-134-94.deploy.akamaitechnologies.com (AkamaiGHost/11.8.0-1debf780f7d7c834933fa9689361eec6) (-)
Connection: close
X-Cache-Remote: TCP_MISS from a23-207-199-14.deploy.akamaitechnologies.com (AkamaiGHost/11.8.0-1debf780f7d7c834933fa9689361eec6) (-)
x-tt-trace-tag: id=16;cdn-cache=miss;type=dyn
Server-Timing: cdn-cache; desc=MISS, edge; dur=88, origin; dur=79
Server-Timing: inner; dur=74
X-Parent-Response-Time: 163,95.101.134.94

{"code": 0, "message": "OK", "request_id": "20250120143232869C09B8D0F6A3DB6586", "data": {}}
2025-01-20T14:32:37+00:00 DEBUG POST: https://business-api.tiktok.com/open_api/v1.3/event/track/

{"partner_name":"WooCommerce","event_source":"web","event_source_id":"CSM79Q3C77UAG1T340I0","data":[{"event":"Pageview","event_id":"678e5e8574841_tt4b_woocommerce_670666209cf1f","event_time":1737383557,"user":{"ip":"195.191.219.131","user_agent":"Mozilla\/5.0 (compatible; MJ12bot\/v1.4.8; http:\/\/mj12bot.com\/)","locale":"ar","external_id":"0","email":"e3b0c44298fc1c149afbf4c8996fb92427ae41e4649b934ca495991b7852b855","phone_number":"e3b0c44298fc1c149afbf4c8996fb92427ae41e4649b934ca495991b7852b855","first_name":"e3b0c44298fc1c149afbf4c8996fb92427ae41e4649b934ca495991b7852b855","last_name":"e3b0c44298fc1c149afbf4c8996fb92427ae41e4649b934ca495991b7852b855","zip_code":"e3b0c44298fc1c149afbf4c8996fb92427ae41e4649b934ca495991b7852b855"},"page":{"url":"http:\/\/www.ibn-sinaa.com\/en\/product-tag\/%D8%B3%D8%AC%D9%84%D8%A7%D8%AA-%D9%85%D8%AF%D9%8A%D8%B1-%D8%A7%D9%84%D9%85%D8%AF%D8%B1%D8%B3%D8%A9\/"}}]}
 ajax: no
2025-01-20T14:32:37+00:00 DEBUG Tt4b_Mapi_Class::mapi_post: Response: 

HTTP/1.1 200 OK
Server: nginx
Content-Type: application/json
Content-Length: 92
X-Tt-Logid: 20250120143237174A5F7467CF028F723D
x-tt-trace-host: 018e5a586174a888928d793bdac74b79b5b3c46136d344bf46da72cca5a862092e9025efe5ea62d2e9a1ef63b42e9ea0fa3f19f17789a3ee2e17bf8e43405abcdb5469cf52b5a23fdc12cc3771a478cd67b21750128a83a60b80a01293f91b7afba220b61e92149c9e7827203168740284
x-tt-trace-id: 00-250120143237174A5F7467CF028F723D-60F9FF8C77CCE046-00
X-Origin-Response-Time: 22,23.207.199.6
X-Akamai-Request-ID: f60f85.1f3ac70c
Expires: Mon, 20 Jan 2025 14:32:37 GMT
Cache-Control: max-age=0, no-cache, no-store
Pragma: no-cache
Date: Mon, 20 Jan 2025 14:32:37 GMT
X-Cache: TCP_MISS from a95-101-134-30.deploy.akamaitechnologies.com (AkamaiGHost/11.8.0-1debf780f7d7c834933fa9689361eec6) (-)
Connection: close
X-Cache-Remote: TCP_MISS from a23-207-199-6.deploy.akamaitechnologies.com (AkamaiGHost/11.8.0-1debf780f7d7c834933fa9689361eec6) (-)
x-tt-trace-tag: id=16;cdn-cache=miss;type=dyn
Server-Timing: cdn-cache; desc=MISS, edge; dur=87, origin; dur=21
Server-Timing: inner; dur=18
X-Parent-Response-Time: 103,95.101.134.30

{"code": 0, "message": "OK", "request_id": "20250120143237174A5F7467CF028F723D", "data": {}}
2025-01-20T14:32:41+00:00 DEBUG Tt4b_Pixel_Class::inject_add_to_cart_event: hit AddToCart
2025-01-20T14:32:41+00:00 DEBUG POST: https://business-api.tiktok.com/open_api/v1.3/event/track/

{"partner_name":"WooCommerce","event_source":"web","event_source_id":"CSM79Q3C77UAG1T340I0","data":[{"event":"AddToCart","event_id":"678e5e898f0f9_tt4b_woocommerce_670666209cf1f_4125","event_time":1737383561,"user":{"ip":"195.191.219.131","user_agent":"Mozilla\/5.0 (compatible; MJ12bot\/v1.4.8; http:\/\/mj12bot.com\/)","locale":"ar","external_id":"0","email":"e3b0c44298fc1c149afbf4c8996fb92427ae41e4649b934ca495991b7852b855","phone_number":"e3b0c44298fc1c149afbf4c8996fb92427ae41e4649b934ca495991b7852b855","first_name":"e3b0c44298fc1c149afbf4c8996fb92427ae41e4649b934ca495991b7852b855","last_name":"e3b0c44298fc1c149afbf4c8996fb92427ae41e4649b934ca495991b7852b855","zip_code":"e3b0c44298fc1c149afbf4c8996fb92427ae41e4649b934ca495991b7852b855"},"properties":{"contents":[{"price":65,"quantity":1,"content_id":"4125","content_name":"\u0633\u062c\u0644\u0627\u062a \u0645\u0627\u062f\u0629 \u0627\u0644\u0641\u064a\u0632\u064a\u0627\u0621","description":". \u0637\u0628\u0627\u0639\u0647 \u0633\u062c\u0644\u0627\u062a \u0645\u062f\u0631\u0633\u064a\u0629 \u0627\u062d\u062a\u0631\u0627\u0641\u064a\u0629 \u062e\u0627\u0645\u062a\u0647\u0627 \u0643\u0631\u062a\u0648\u0646 2000 \u062c\u0631\u0627\u0645,\u062a\u0636\u0627\u0641 \u0637\u0628\u0642\u0629 \u062d\u0645\u0627\u064a\u0647 \u0627\u0633\u062a\u064a\u0643\u0631 \u0645\u0639 \u0633\u0644\u0648\u0641\u0627\u0646 \u0644\u0627\u0645\u0639.\r\n. \u0645\u062a\u0648\u0641\u0631 \u0628 \u0627\u062d\u062c\u0627\u0645 \u0645\u062e\u062a\u0644\u0641\u0647 ( \u0635\u063a\u064a\u0631, \u0648\u0633\u0637 , \u0643\u0628\u064a\u0631 ).\r\n. \u064a\u062a\u0633\u0639 \u0627\u0644\u0645\u0642\u0627\u0633 \u0627\u0644\u0635\u063a\u064a\u0631 ( \u0645\u0646 50 \u0627\u0644\u0649 150 \u0648\u0631\u0642\u0629 )\r\n. \u064a\u062a\u0633\u0639 \u0627\u0644\u0648\u0633\u0637 ( \u0645\u0646 150 \u0627\u0644\u0649 300 \u0648\u0631\u0642\u0629 )\r\n. \u0627\u0644\u0643\u0628\u064a\u0631 ( \u0645\u0646 300 \u0627\u0644\u0649 400 \u0648\u0631\u0642\u0629 ).\r\n. \u0645\u062f\u0629 \u0627\u0644\u062a\u0646\u0641\u064a\u0630 : 3-5 \u0627\u064a\u0627\u0645 \u0648\u062a\u0632\u064a\u062f \u0627\u0644\u0645\u062f\u0629 \u0639\u0646 \u0637\u0644\u0628 \u0627\u0644\u0634\u062d\u0646.","availability":"IN_STOCK","sale_price":65,"on_sale":false}],"content_type":"product","currency":"SAR","value":65,"event_trigger_source":"WooCommerce"},"page":{"url":"http:\/\/www.ibn-sinaa.com\/en\/product-tag\/%D8%B3%D8%AC%D9%84%D8%A7%D8%AA-%D9%85%D8%AF%D9%8A%D8%B1-%D8%A7%D9%84%D9%85%D8%AF%D8%B1%D8%B3%D8%A9\/?add-to-cart=4125"}}]}
 ajax: no
2025-01-20T14:32:41+00:00 DEBUG Tt4b_Mapi_Class::mapi_post: Response: 

HTTP/1.1 200 OK
Server: nginx
Content-Type: application/json
Content-Length: 92
X-Tt-Logid: 202501201432417FBF6A7370F03E9D9D7E
x-tt-trace-host: 018e5a586174a888928d793bdac74b79b5b3c46136d344bf46da72cca5a862092ede49c0ff5d4ee18011b9482893c0906f0a989f1d0d3af9c8543d2e01d7e593ff93fad57ba194b7d80599633943217e89f06166ec83b69abf5f1c155c45669ea0ea5d03f97fba6686d6089a18ed71d6d3
x-tt-trace-id: 00-2501201432417FBF6A7370F03E9D9D7E-1BC41EA48E4FC35E-00
X-Origin-Response-Time: 136,23.218.219.32
X-Akamai-Request-ID: 1577e33f.1f3b7725
Expires: Mon, 20 Jan 2025 14:32:41 GMT
Cache-Control: max-age=0, no-cache, no-store
Pragma: no-cache
Date: Mon, 20 Jan 2025 14:32:41 GMT
X-Cache: TCP_MISS from a95-101-134-30.deploy.akamaitechnologies.com (AkamaiGHost/11.8.0-1debf780f7d7c834933fa9689361eec6) (-)
Connection: close
X-Cache-Remote: TCP_MISS from a23-218-219-32.deploy.akamaitechnologies.com (AkamaiGHost/11.8.0-1debf780f7d7c834933fa9689361eec6) (-)
x-tt-trace-tag: id=16;cdn-cache=miss;type=dyn
Server-Timing: cdn-cache; desc=MISS, edge; dur=105, origin; dur=136
Server-Timing: inner; dur=125
X-Parent-Response-Time: 231,95.101.134.30

{"code": 0, "message": "OK", "request_id": "202501201432417FBF6A7370F03E9D9D7E", "data": {}}
2025-01-20T14:32:42+00:00 DEBUG POST: https://business-api.tiktok.com/open_api/v1.3/event/track/

{"partner_name":"WooCommerce","event_source":"web","event_source_id":"CSM79Q3C77UAG1T340I0","data":[{"event":"Pageview","event_id":"678e5e8a1eb6f_tt4b_woocommerce_670666209cf1f","event_time":1737383562,"user":{"ip":"195.191.219.131","user_agent":"Mozilla\/5.0 (compatible; MJ12bot\/v1.4.8; http:\/\/mj12bot.com\/)","locale":"ar","external_id":"0","email":"e3b0c44298fc1c149afbf4c8996fb92427ae41e4649b934ca495991b7852b855","phone_number":"e3b0c44298fc1c149afbf4c8996fb92427ae41e4649b934ca495991b7852b855","first_name":"e3b0c44298fc1c149afbf4c8996fb92427ae41e4649b934ca495991b7852b855","last_name":"e3b0c44298fc1c149afbf4c8996fb92427ae41e4649b934ca495991b7852b855","zip_code":"e3b0c44298fc1c149afbf4c8996fb92427ae41e4649b934ca495991b7852b855"},"page":{"url":"http:\/\/www.ibn-sinaa.com\/en\/product-tag\/%D8%B3%D8%AC%D9%84%D8%A7%D8%AA-%D9%85%D8%AF%D9%8A%D8%B1-%D8%A7%D9%84%D9%85%D8%AF%D8%B1%D8%B3%D8%A9\/?add-to-cart=4125"}}]}
 ajax: no
2025-01-20T14:32:42+00:00 DEBUG Tt4b_Mapi_Class::mapi_post: Response: 

HTTP/1.1 200 OK
Server: nginx
Content-Type: application/json
Content-Length: 92
X-Tt-Logid: 202501201432424234119D4C09B589E1E0
x-tt-trace-host: 018e5a586174a888928d793bdac74b79b5e700587fe39153d955d7444df1af3be515c20c9fe6fbbb65a5f4d7bb136673c435b336540ef2e933f764a3b9bb4e9399640132cba672a0ce262ea2dd6792e811618f3fe108cb82577aec276580b24014c6a1b08691e4bcf38d811ca3575bfc31
x-tt-trace-id: 00-2501201432424234119D4C09B589E1E0-3B5670C04916CB45-00
X-Origin-Response-Time: 36,23.55.100.229
X-Akamai-Request-ID: 67d43959.cdd4c38
Expires: Mon, 20 Jan 2025 14:32:42 GMT
Cache-Control: max-age=0, no-cache, no-store
Pragma: no-cache
Date: Mon, 20 Jan 2025 14:32:42 GMT
X-Cache: TCP_MISS from a95-101-134-94.deploy.akamaitechnologies.com (AkamaiGHost/11.8.0-1debf780f7d7c834933fa9689361eec6) (-)
Connection: close
X-Cache-Remote: TCP_MISS from a23-55-100-229.deploy.akamaitechnologies.com (AkamaiGHost/11.8.0-2d0f2d516c5d43e1487924a77ec5924a) (-)
x-tt-trace-tag: id=16;cdn-cache=miss;type=dyn
Server-Timing: cdn-cache; desc=MISS, edge; dur=85, origin; dur=36
Server-Timing: inner; dur=31
X-Parent-Response-Time: 116,95.101.134.94

{"code": 0, "message": "OK", "request_id": "202501201432424234119D4C09B589E1E0", "data": {}}
2025-01-20T14:32:46+00:00 DEBUG POST: https://business-api.tiktok.com/open_api/v1.3/event/track/

{"partner_name":"WooCommerce","event_source":"web","event_source_id":"CSM79Q3C77UAG1T340I0","data":[{"event":"Pageview","event_id":"678e5e8ec8a70_tt4b_woocommerce_670666209cf1f","event_time":1737383566,"user":{"ip":"195.191.219.131","user_agent":"Mozilla\/5.0 (compatible; MJ12bot\/v1.4.8; http:\/\/mj12bot.com\/)","locale":"ar","external_id":"0","email":"e3b0c44298fc1c149afbf4c8996fb92427ae41e4649b934ca495991b7852b855","phone_number":"e3b0c44298fc1c149afbf4c8996fb92427ae41e4649b934ca495991b7852b855","first_name":"e3b0c44298fc1c149afbf4c8996fb92427ae41e4649b934ca495991b7852b855","last_name":"e3b0c44298fc1c149afbf4c8996fb92427ae41e4649b934ca495991b7852b855","zip_code":"e3b0c44298fc1c149afbf4c8996fb92427ae41e4649b934ca495991b7852b855"},"page":{"url":"http:\/\/www.ibn-sinaa.com\/en\/product-tag\/%D8%B3%D8%AC%D9%84%D8%A7%D8%AA-%D9%85%D8%AF%D9%8A%D8%B1-%D8%A7%D9%84%D9%85%D8%AF%D8%B1%D8%B3%D8%A9\/page\/2\/"}}]}
 ajax: no
2025-01-20T14:32:46+00:00 DEBUG Tt4b_Mapi_Class::mapi_post: Response: 

HTTP/1.1 200 OK
Server: nginx
Content-Type: application/json
Content-Length: 92
X-Tt-Logid: 202501201432460B0D6986D4DBEAD582AC
x-tt-trace-host: 018e5a586174a888928d793bdac74b79b5310accf38e2255f21a0075e0ed7c94ff94e372bae3bd677ca221eaa596156b3b4937e82119802f7e481e7d44391634032cbe034b6336d1931358424cf12e21d4281a51502bf26609c53b544e81c5c3ba8f7175634b7cb71f4305d781432dd27d
x-tt-trace-id: 00-2501201432460B0D6986D4DBEAD582AC-616ECB89755F3DC9-00
X-Origin-Response-Time: 26,23.207.199.41
X-Akamai-Request-ID: 202ab18b.22112d6f
Expires: Mon, 20 Jan 2025 14:32:46 GMT
Cache-Control: max-age=0, no-cache, no-store
Pragma: no-cache
Date: Mon, 20 Jan 2025 14:32:46 GMT
X-Cache: TCP_MISS from a95-101-134-135.deploy.akamaitechnologies.com (AkamaiGHost/11.8.0-1debf780f7d7c834933fa9689361eec6) (-)
Connection: close
X-Cache-Remote: TCP_MISS from a23-207-199-41.deploy.akamaitechnologies.com (AkamaiGHost/11.8.0-2d0f2d516c5d43e1487924a77ec5924a) (-)
x-tt-trace-tag: id=16;cdn-cache=miss;type=dyn
Server-Timing: cdn-cache; desc=MISS, edge; dur=88, origin; dur=25
Server-Timing: inner; dur=22
X-Parent-Response-Time: 108,95.101.134.135

{"code": 0, "message": "OK", "request_id": "202501201432460B0D6986D4DBEAD582AC", "data": {}}
2025-01-20T14:32:51+00:00 DEBUG Tt4b_Pixel_Class::inject_add_to_cart_event: hit AddToCart
2025-01-20T14:32:51+00:00 DEBUG POST: https://business-api.tiktok.com/open_api/v1.3/event/track/

{"partner_name":"WooCommerce","event_source":"web","event_source_id":"CSM79Q3C77UAG1T340I0","data":[{"event":"AddToCart","event_id":"678e5e9340d52_tt4b_woocommerce_670666209cf1f_4220","event_time":1737383571,"user":{"ip":"195.191.219.131","user_agent":"Mozilla\/5.0 (compatible; MJ12bot\/v1.4.8; http:\/\/mj12bot.com\/)","locale":"ar","external_id":"0","email":"e3b0c44298fc1c149afbf4c8996fb92427ae41e4649b934ca495991b7852b855","phone_number":"e3b0c44298fc1c149afbf4c8996fb92427ae41e4649b934ca495991b7852b855","first_name":"e3b0c44298fc1c149afbf4c8996fb92427ae41e4649b934ca495991b7852b855","last_name":"e3b0c44298fc1c149afbf4c8996fb92427ae41e4649b934ca495991b7852b855","zip_code":"e3b0c44298fc1c149afbf4c8996fb92427ae41e4649b934ca495991b7852b855"},"properties":{"contents":[{"price":120,"quantity":1,"content_id":"4220","content_name":"\u0645\u062c\u0645\u0648\u0639\u0629 \u0627\u0644\u0645\u0639\u0644\u0645","description":"\u0627\u062c\u0639\u0644 \u064a\u0648\u0645\u0643 \u0627\u0644\u062f\u0631\u0627\u0633\u064a \u0623\u0643\u062b\u0631 \u062a\u0646\u0638\u064a\u0645\u064b\u0627 \u0648\u0641\u0627\u0639\u0644\u064a\u0629 \u0645\u0639 \u0645\u062c\u0645\u0648\u0639\u0647 \u0627\u0644\u0645\u0639\u0644\u0645 \u0645\u0646 \u0645\u062a\u062c\u0631 \u0645\u0643\u062a\u0628\u0629 \u0627\u0628\u0646 \u0633\u064a\u0646\u0627 \u0627\u0644\u0625\u0644\u0643\u062a\u0631\u0648\u0646\u064a. \u0647\u0630\u0647 \u0627\u0644\u0645\u062c\u0645\u0648\u0639\u0629 \u0627\u0644\u0645\u0635\u0645\u0645\u0629 \u062e\u0635\u064a\u0635\u064b\u0627 \u0644\u0644\u0645\u062f\u0631\u0633\u064a\u0646 \u062a\u062d\u062a\u0648\u064a \u0639\u0644\u0649 \u0643\u0644 \u0645\u0627 \u064a\u062d\u062a\u0627\u062c\u0648\u0646\u0647 \u0644\u0625\u062f\u0627\u0631\u0629 \u0648\u062a\u0646\u0638\u064a\u0645 \u064a\u0648\u0645\u0647\u0645 \u0627\u0644\u062f\u0631\u0627\u0633\u064a \u0628\u0623\u0641\u0636\u0644 \u0635\u0648\u0631\u0629 \u0645\u0645\u0643\u0646\u0629.","availability":"IN_STOCK","sale_price":120,"on_sale":false}],"content_type":"product","currency":"SAR","value":120,"event_trigger_source":"WooCommerce"},"page":{"url":"http:\/\/www.ibn-sinaa.com\/en\/product-tag\/%D8%B3%D8%AC%D9%84%D8%A7%D8%AA-%D9%85%D8%AF%D9%8A%D8%B1-%D8%A7%D9%84%D9%85%D8%AF%D8%B1%D8%B3%D8%A9\/page\/2\/?add-to-cart=4220"}}]}
 ajax: no
2025-01-20T14:32:51+00:00 DEBUG Tt4b_Mapi_Class::mapi_post: Response: 

HTTP/1.1 200 OK
Server: nginx
Content-Type: application/json
Content-Length: 92
X-Tt-Logid: 202501201432513C259B9173A7CF874975
x-tt-trace-host: 018e5a586174a888928d793bdac74b79b5310accf38e2255f21a0075e0ed7c94ff822986728532fac8423998a3bade0af7f1cf204206caaba55659067072cc1a9cad34b073d13f548da352d8a225a32d54b4b3e384565d7900abaf7cac32f01e43dd429c3eecb651f056c3d0d0801d8e4a
x-tt-trace-id: 00-2501201432513C259B9173A7CF874975-6D497CBC9F1F6033-00
X-Origin-Response-Time: 23,23.218.219.32
X-Akamai-Request-ID: 15782d36.2211e276
Expires: Mon, 20 Jan 2025 14:32:51 GMT
Cache-Control: max-age=0, no-cache, no-store
Pragma: no-cache
Date: Mon, 20 Jan 2025 14:32:51 GMT
X-Cache: TCP_MISS from a95-101-134-135.deploy.akamaitechnologies.com (AkamaiGHost/11.8.0-1debf780f7d7c834933fa9689361eec6) (-)
Connection: close
X-Cache-Remote: TCP_MISS from a23-218-219-32.deploy.akamaitechnologies.com (AkamaiGHost/11.8.0-1debf780f7d7c834933fa9689361eec6) (-)
x-tt-trace-tag: id=16;cdn-cache=miss;type=dyn
Server-Timing: cdn-cache; desc=MISS, edge; dur=95, origin; dur=23
Server-Timing: inner; dur=19
X-Parent-Response-Time: 108,95.101.134.135

{"code": 0, "message": "OK", "request_id": "202501201432513C259B9173A7CF874975", "data": {}}
2025-01-20T14:32:51+00:00 DEBUG POST: https://business-api.tiktok.com/open_api/v1.3/event/track/

{"partner_name":"WooCommerce","event_source":"web","event_source_id":"CSM79Q3C77UAG1T340I0","data":[{"event":"Pageview","event_id":"678e5e9394e73_tt4b_woocommerce_670666209cf1f","event_time":1737383571,"user":{"ip":"195.191.219.131","user_agent":"Mozilla\/5.0 (compatible; MJ12bot\/v1.4.8; http:\/\/mj12bot.com\/)","locale":"ar","external_id":"0","email":"e3b0c44298fc1c149afbf4c8996fb92427ae41e4649b934ca495991b7852b855","phone_number":"e3b0c44298fc1c149afbf4c8996fb92427ae41e4649b934ca495991b7852b855","first_name":"e3b0c44298fc1c149afbf4c8996fb92427ae41e4649b934ca495991b7852b855","last_name":"e3b0c44298fc1c149afbf4c8996fb92427ae41e4649b934ca495991b7852b855","zip_code":"e3b0c44298fc1c149afbf4c8996fb92427ae41e4649b934ca495991b7852b855"},"page":{"url":"http:\/\/www.ibn-sinaa.com\/en\/product-tag\/%D8%B3%D8%AC%D9%84%D8%A7%D8%AA-%D9%85%D8%AF%D9%8A%D8%B1-%D8%A7%D9%84%D9%85%D8%AF%D8%B1%D8%B3%D8%A9\/page\/2\/?add-to-cart=4220"}}]}
 ajax: no
2025-01-20T14:32:51+00:00 DEBUG Tt4b_Mapi_Class::mapi_post: Response: 

HTTP/1.1 200 OK
Server: nginx
Content-Type: application/json
Content-Length: 92
X-Tt-Logid: 20250120143251EAC3FF000EDDBCE6986A
x-tt-trace-host: 018e5a586174a888928d793bdac74b79b5b3c46136d344bf46da72cca5a862092e9554614a4cc0e33d6d3432379b65a68f1dc79714dc8be6d785c7b0e47e2bb848685817787f697b7918118fefa3a801b97fa68beb4072b0571d43fe867f5a5a8dc5e450d84e19be0f9a0d74486f89fa48
x-tt-trace-id: 00-250120143251EAC3FF000EDDBCE6986A-345345AC7B4BEC0D-00
X-Origin-Response-Time: 46,23.55.100.200
X-Akamai-Request-ID: 16964edc.1f3d1bbe
Expires: Mon, 20 Jan 2025 14:32:51 GMT
Cache-Control: max-age=0, no-cache, no-store
Pragma: no-cache
Date: Mon, 20 Jan 2025 14:32:51 GMT
X-Cache: TCP_MISS from a95-101-134-30.deploy.akamaitechnologies.com (AkamaiGHost/11.8.0-1debf780f7d7c834933fa9689361eec6) (-)
Connection: close
X-Cache-Remote: TCP_MISS from a23-55-100-200.deploy.akamaitechnologies.com (AkamaiGHost/11.8.0-1debf780f7d7c834933fa9689361eec6) (-)
x-tt-trace-tag: id=16;cdn-cache=miss;type=dyn
Server-Timing: cdn-cache; desc=MISS, edge; dur=87, origin; dur=45
Server-Timing: inner; dur=43
X-Parent-Response-Time: 127,95.101.134.30

{"code": 0, "message": "OK", "request_id": "20250120143251EAC3FF000EDDBCE6986A", "data": {}}
2025-01-20T14:32:56+00:00 DEBUG POST: https://business-api.tiktok.com/open_api/v1.3/event/track/

{"partner_name":"WooCommerce","event_source":"web","event_source_id":"CSM79Q3C77UAG1T340I0","data":[{"event":"Pageview","event_id":"678e5e98525ae_tt4b_woocommerce_670666209cf1f","event_time":1737383576,"user":{"ip":"195.191.219.131","user_agent":"Mozilla\/5.0 (compatible; MJ12bot\/v1.4.8; http:\/\/mj12bot.com\/)","locale":"ar","external_id":"0","email":"e3b0c44298fc1c149afbf4c8996fb92427ae41e4649b934ca495991b7852b855","phone_number":"e3b0c44298fc1c149afbf4c8996fb92427ae41e4649b934ca495991b7852b855","first_name":"e3b0c44298fc1c149afbf4c8996fb92427ae41e4649b934ca495991b7852b855","last_name":"e3b0c44298fc1c149afbf4c8996fb92427ae41e4649b934ca495991b7852b855","zip_code":"e3b0c44298fc1c149afbf4c8996fb92427ae41e4649b934ca495991b7852b855"},"page":{"url":"http:\/\/www.ibn-sinaa.com\/en\/product-tag\/%D8%B7%D8%A7%D9%88%D9%84%D8%A9-%D8%A8%D9%88%D8%A8-%D8%A7%D8%A8\/"}}]}
 ajax: no
2025-01-20T14:32:56+00:00 DEBUG Tt4b_Mapi_Class::mapi_post: Response: 

HTTP/1.1 200 OK
Server: nginx
Content-Type: application/json
Content-Length: 92
X-Tt-Logid: 2025012014325617E692C88B6B3227DA6D
x-tt-trace-host: 018e5a586174a888928d793bdac74b79b5cdd7532297e8a8f10214c8d6e7f77c42dca2e0986e27eee1a895c5df6d63705418dfc3260c283a36b3117310c8acfc8c79ce066d47ef261e69951314f12575ccabf951f52307f7aff47ee22f355cec9071f0f9c5ae511c5088252fa99b582546
x-tt-trace-id: 00-25012014325617E692C88B6B3227DA6D-27FFCEE780D106E6-00
X-Origin-Response-Time: 34,23.213.246.198
X-Akamai-Request-ID: fd10b464.1bfa19c1
Expires: Mon, 20 Jan 2025 14:32:56 GMT
Cache-Control: max-age=0, no-cache, no-store
Pragma: no-cache
Date: Mon, 20 Jan 2025 14:32:56 GMT
X-Cache: TCP_MISS from a95-101-134-205.deploy.akamaitechnologies.com (AkamaiGHost/11.8.0-1debf780f7d7c834933fa9689361eec6) (-)
Connection: close
X-Cache-Remote: TCP_MISS from a23-213-246-198.deploy.akamaitechnologies.com (AkamaiGHost/11.8.0-1debf780f7d7c834933fa9689361eec6) (-)
x-tt-trace-tag: id=16;cdn-cache=miss;type=dyn
Server-Timing: cdn-cache; desc=MISS, edge; dur=96, origin; dur=33
Server-Timing: inner; dur=30
X-Parent-Response-Time: 124,95.101.134.205

{"code": 0, "message": "OK", "request_id": "2025012014325617E692C88B6B3227DA6D", "data": {}}
2025-01-20T14:33:00+00:00 DEBUG POST: https://business-api.tiktok.com/open_api/v1.3/event/track/

{"partner_name":"WooCommerce","event_source":"web","event_source_id":"CSM79Q3C77UAG1T340I0","data":[{"event":"Pageview","event_id":"678e5e9ca60ef_tt4b_woocommerce_670666209cf1f","event_time":1737383580,"user":{"ip":"195.191.219.131","user_agent":"Mozilla\/5.0 (compatible; MJ12bot\/v1.4.8; http:\/\/mj12bot.com\/)","locale":"ar","external_id":"0","email":"e3b0c44298fc1c149afbf4c8996fb92427ae41e4649b934ca495991b7852b855","phone_number":"e3b0c44298fc1c149afbf4c8996fb92427ae41e4649b934ca495991b7852b855","first_name":"e3b0c44298fc1c149afbf4c8996fb92427ae41e4649b934ca495991b7852b855","last_name":"e3b0c44298fc1c149afbf4c8996fb92427ae41e4649b934ca495991b7852b855","zip_code":"e3b0c44298fc1c149afbf4c8996fb92427ae41e4649b934ca495991b7852b855"},"page":{"url":"http:\/\/www.ibn-sinaa.com\/en\/product-tag\/%D8%B7%D8%A8%D8%A7%D8%B9%D8%A9-%D8%A7%D9%88%D9%86-%D9%84%D8%A7%D9%8A%D9%86\/"}}]}
 ajax: no
2025-01-20T14:33:00+00:00 DEBUG Tt4b_Mapi_Class::mapi_post: Response: 

HTTP/1.1 200 OK
Server: nginx
Content-Type: application/json
Content-Length: 92
X-Tt-Logid: 2025012014330017E692C88B6B3227DE14
x-tt-trace-host: 018e5a586174a888928d793bdac74b79b5cdd7532297e8a8f10214c8d6e7f77c42dca2e0986e27eee1a895c5df6d63705418dfc3260c283a36b3117310c8acfc8c24c1a952d1021f5f2c1e6c6a61e582860f34135d7dbcf746a4a00846341e070bd8a059f71d136811bf0ab5b55a4787b3
x-tt-trace-id: 00-25012014330017E692C88B6B3227DE14-47314E079709BC98-00
X-Origin-Response-Time: 27,23.213.246.198
X-Akamai-Request-ID: fd1169dd.1bfab2ee
Expires: Mon, 20 Jan 2025 14:33:00 GMT
Cache-Control: max-age