2025-01-03T00:00:45+00:00 DEBUG POST: https://business-api.tiktok.com/open_api/v1.3/event/track/

{"partner_name":"WooCommerce","event_source":"web","event_source_id":"CSM79Q3C77UAG1T340I0","data":[{"event":"Pageview","event_id":"677728adb2605_tt4b_woocommerce_670666209cf1f","event_time":1735862445,"user":{"ip":"127.0.0.1","user_agent":"Mozlila\/5.0 (Linux; Android 7.0; SM-G892A Bulid\/NRD90M; wv) AppleWebKit\/537.36 (KHTML, like Gecko) Version\/4.0 Chrome\/60.0.3112.107 Moblie Safari\/537.36","locale":"ar","external_id":"0","email":"e3b0c44298fc1c149afbf4c8996fb92427ae41e4649b934ca495991b7852b855","phone_number":"e3b0c44298fc1c149afbf4c8996fb92427ae41e4649b934ca495991b7852b855","first_name":"e3b0c44298fc1c149afbf4c8996fb92427ae41e4649b934ca495991b7852b855","last_name":"e3b0c44298fc1c149afbf4c8996fb92427ae41e4649b934ca495991b7852b855","zip_code":"e3b0c44298fc1c149afbf4c8996fb92427ae41e4649b934ca495991b7852b855"},"page":{"url":"http:\/\/ibn-sinaa.com\/wp-content\/plugins\/WordPressCore\/include.php"}}]}
 ajax: no
2025-01-03T00:00:45+00:00 DEBUG Tt4b_Mapi_Class::mapi_post: Response: 

HTTP/1.1 200 OK
Server: nginx
Content-Type: application/json
Content-Length: 92
X-Tt-Logid: 20250103000045F7E8D8028C4C592FD43F
Server-Timing: inner; dur=27
x-tt-trace-host: 018e5a586174a888928d793bdac74b79b51a437ee89a1c03eb2011d034a2e3e9f56fec18b908abd10a270e80611d0afe0407d305c28f364729e862f7f3f132e28dd54fed00d743d1c3e70a952d93b7354655ec9c4214d0c13c9b2d8ce00f4f89f4
x-tt-trace-id: 00-250103000045F7E8D8028C4C592FD43F-49F73E9B17DF5EFD-00
Expires: Fri, 03 Jan 2025 00:00:45 GMT
Cache-Control: max-age=0, no-cache, no-store
Pragma: no-cache
Date: Fri, 03 Jan 2025 00:00:45 GMT
X-Cache: TCP_MISS from a95-101-134-92.deploy.akamaitechnologies.com (AkamaiGHost/11.7.2.1-9611f29bef89eba7b18045b10aa2af98) (-)
Connection: close
x-tt-trace-tag: id=16;cdn-cache=miss;type=dyn
Server-Timing: cdn-cache; desc=MISS, edge; dur=0, origin; dur=110
X-Origin-Response-Time: 110,95.101.134.92
X-Akamai-Request-ID: 1206237a

{"code": 0, "message": "OK", "request_id": "20250103000045F7E8D8028C4C592FD43F", "data": {}}
2025-01-03T00:01:15+00:00 DEBUG POST: https://business-api.tiktok.com/open_api/v1.3/event/track/

{"partner_name":"WooCommerce","event_source":"web","event_source_id":"CSM79Q3C77UAG1T340I0","data":[{"event":"Pageview","event_id":"677728cb7f8a6_tt4b_woocommerce_670666209cf1f","event_time":1735862475,"user":{"ip":"127.0.0.1","user_agent":"Mozlila\/5.0 (Linux; Android 7.0; SM-G892A Bulid\/NRD90M; wv) AppleWebKit\/537.36 (KHTML, like Gecko) Version\/4.0 Chrome\/60.0.3112.107 Moblie Safari\/537.36","locale":"ar","external_id":"0","email":"e3b0c44298fc1c149afbf4c8996fb92427ae41e4649b934ca495991b7852b855","phone_number":"e3b0c44298fc1c149afbf4c8996fb92427ae41e4649b934ca495991b7852b855","first_name":"e3b0c44298fc1c149afbf4c8996fb92427ae41e4649b934ca495991b7852b855","last_name":"e3b0c44298fc1c149afbf4c8996fb92427ae41e4649b934ca495991b7852b855","zip_code":"e3b0c44298fc1c149afbf4c8996fb92427ae41e4649b934ca495991b7852b855"},"page":{"url":"http:\/\/ibn-sinaa.com\/wp-content\/plugins\/WordPressCore\/include.php"}}]}
 ajax: no
2025-01-03T00:01:15+00:00 DEBUG Tt4b_Mapi_Class::mapi_post: Response: 

HTTP/1.1 200 OK
Server: nginx
Content-Type: application/json
Content-Length: 92
X-Tt-Logid: 202501030001158405532A6973AEB23CF6
Server-Timing: inner; dur=26
x-tt-trace-host: 018e5a586174a888928d793bdac74b79b51a437ee89a1c03eb2011d034a2e3e9f5ffb69bef33fe224d9a7400ac6c7fd21e1825a98db359d56be6822841f5a912ed0d655e9fa66cd6af042b1f68e8a9fa8ce7de0460364c92f4e82393f45830d01c
x-tt-trace-id: 00-2501030001158405532A6973AEB23CF6-3D3D85C98DFA2CDB-00
Expires: Fri, 03 Jan 2025 00:01:15 GMT
Cache-Control: max-age=0, no-cache, no-store
Pragma: no-cache
Date: Fri, 03 Jan 2025 00:01:15 GMT
X-Cache: TCP_MISS from a95-101-134-92.deploy.akamaitechnologies.com (AkamaiGHost/11.7.2.1-9611f29bef89eba7b18045b10aa2af98) (-)
Connection: close
x-tt-trace-tag: id=16;cdn-cache=miss;type=dyn
Server-Timing: cdn-cache; desc=MISS, edge; dur=1, origin; dur=106
X-Origin-Response-Time: 107,95.101.134.92
X-Akamai-Request-ID: 1207a2a2

{"code": 0, "message": "OK", "request_id": "202501030001158405532A6973AEB23CF6", "data": {}}
2025-01-03T00:01:44+00:00 DEBUG POST: https://business-api.tiktok.com/open_api/v1.3/event/track/

{"partner_name":"WooCommerce","event_source":"web","event_source_id":"CSM79Q3C77UAG1T340I0","data":[{"event":"Pageview","event_id":"677728e80d574_tt4b_woocommerce_670666209cf1f","event_time":1735862504,"user":{"ip":"127.0.0.1","user_agent":"Mozlila\/5.0 (Linux; Android 7.0; SM-G892A Bulid\/NRD90M; wv) AppleWebKit\/537.36 (KHTML, like Gecko) Version\/4.0 Chrome\/60.0.3112.107 Moblie Safari\/537.36","locale":"ar","external_id":"0","email":"e3b0c44298fc1c149afbf4c8996fb92427ae41e4649b934ca495991b7852b855","phone_number":"e3b0c44298fc1c149afbf4c8996fb92427ae41e4649b934ca495991b7852b855","first_name":"e3b0c44298fc1c149afbf4c8996fb92427ae41e4649b934ca495991b7852b855","last_name":"e3b0c44298fc1c149afbf4c8996fb92427ae41e4649b934ca495991b7852b855","zip_code":"e3b0c44298fc1c149afbf4c8996fb92427ae41e4649b934ca495991b7852b855"},"page":{"url":"http:\/\/ibn-sinaa.com\/wp-includes\/images\/include.php"}}]}
 ajax: no
2025-01-03T00:01:44+00:00 DEBUG Tt4b_Mapi_Class::mapi_post: Response: 

HTTP/1.1 200 OK
Server: nginx
Content-Type: application/json
Content-Length: 92
X-Tt-Logid: 20250103000144B6EA8AB59B7A4C633220
Server-Timing: inner; dur=23
x-tt-trace-host: 018e5a586174a888928d793bdac74b79b520593bf434961dbceff88e4b17f9a1564cba96245e8b7bdf69d1f6f26b684faf74406822d55cdc32f7600d594555737b91d43835ae510c72ece0372e7e4148ca2a9191a50da4e3e02c1081a561efe067
x-tt-trace-id: 00-250103000144B6EA8AB59B7A4C633220-714758876D310A35-00
Expires: Fri, 03 Jan 2025 00:01:44 GMT
Cache-Control: max-age=0, no-cache, no-store
Pragma: no-cache
Date: Fri, 03 Jan 2025 00:01:44 GMT
X-Cache: TCP_MISS from a95-101-134-116.deploy.akamaitechnologies.com (AkamaiGHost/11.7.2.1-9611f29bef89eba7b18045b10aa2af98) (-)
Connection: close
x-tt-trace-tag: id=16;cdn-cache=miss;type=dyn
Server-Timing: cdn-cache; desc=MISS, edge; dur=1, origin; dur=103
X-Origin-Response-Time: 104,95.101.134.116
X-Akamai-Request-ID: 1068df24

{"code": 0, "message": "OK", "request_id": "20250103000144B6EA8AB59B7A4C633220", "data": {}}
2025-01-03T00:02:12+00:00 DEBUG POST: https://business-api.tiktok.com/open_api/v1.3/event/track/

{"partner_name":"WooCommerce","event_source":"web","event_source_id":"CSM79Q3C77UAG1T340I0","data":[{"event":"Pageview","event_id":"6777290408a66_tt4b_woocommerce_670666209cf1f","event_time":1735862532,"user":{"ip":"127.0.0.1","user_agent":"Mozlila\/5.0 (Linux; Android 7.0; SM-G892A Bulid\/NRD90M; wv) AppleWebKit\/537.36 (KHTML, like Gecko) Version\/4.0 Chrome\/60.0.3112.107 Moblie Safari\/537.36","locale":"ar","external_id":"0","email":"e3b0c44298fc1c149afbf4c8996fb92427ae41e4649b934ca495991b7852b855","phone_number":"e3b0c44298fc1c149afbf4c8996fb92427ae41e4649b934ca495991b7852b855","first_name":"e3b0c44298fc1c149afbf4c8996fb92427ae41e4649b934ca495991b7852b855","last_name":"e3b0c44298fc1c149afbf4c8996fb92427ae41e4649b934ca495991b7852b855","zip_code":"e3b0c44298fc1c149afbf4c8996fb92427ae41e4649b934ca495991b7852b855"},"page":{"url":"http:\/\/ibn-sinaa.com\/wp-includes\/images\/include.php"}}]}
 ajax: no
2025-01-03T00:02:12+00:00 DEBUG Tt4b_Mapi_Class::mapi_post: Response: 

HTTP/1.1 200 OK
Server: nginx
Content-Type: application/json
Content-Length: 92
X-Tt-Logid: 2025010300021279024FD67ED57701FA35
Server-Timing: inner; dur=28
x-tt-trace-host: 018e5a586174a888928d793bdac74b79b520593bf434961dbceff88e4b17f9a1560b84dbcc07a9cd405db759fdce67513bfa9824a6c824a121b7437cb67f47e943c2211699188434639443fa5bdb09e73ed06ef76f91426e5876ddecbd962f575d
x-tt-trace-id: 00-25010300021279024FD67ED57701FA35-61010C1E8C81C1D7-00
Expires: Fri, 03 Jan 2025 00:02:12 GMT
Cache-Control: max-age=0, no-cache, no-store
Pragma: no-cache
Date: Fri, 03 Jan 2025 00:02:12 GMT
X-Cache: TCP_MISS from a95-101-134-116.deploy.akamaitechnologies.com (AkamaiGHost/11.7.2.1-9611f29bef89eba7b18045b10aa2af98) (-)
Connection: close
x-tt-trace-tag: id=16;cdn-cache=miss;type=dyn
Server-Timing: cdn-cache; desc=MISS, edge; dur=0, origin; dur=114
X-Origin-Response-Time: 114,95.101.134.116
X-Akamai-Request-ID: 106a0b87

{"code": 0, "message": "OK", "request_id": "2025010300021279024FD67ED57701FA35", "data": {}}
2025-01-03T00:02:18+00:00 DEBUG POST: https://business-api.tiktok.com/open_api/v1.3/event/track/

{"partner_name":"WooCommerce","event_source":"web","event_source_id":"CSM79Q3C77UAG1T340I0","data":[{"event":"Pageview","event_id":"6777290acd864_tt4b_woocommerce_670666209cf1f","event_time":1735862538,"user":{"ip":"66.249.66.70","user_agent":"Mozilla\/5.0 AppleWebKit\/537.36 (KHTML, like Gecko; compatible; Googlebot\/2.1; +http:\/\/www.google.com\/bot.html) Chrome\/131.0.6778.139 Safari\/537.36","locale":"ar","external_id":"0","email":"e3b0c44298fc1c149afbf4c8996fb92427ae41e4649b934ca495991b7852b855","phone_number":"e3b0c44298fc1c149afbf4c8996fb92427ae41e4649b934ca495991b7852b855","first_name":"e3b0c44298fc1c149afbf4c8996fb92427ae41e4649b934ca495991b7852b855","last_name":"e3b0c44298fc1c149afbf4c8996fb92427ae41e4649b934ca495991b7852b855","zip_code":"e3b0c44298fc1c149afbf4c8996fb92427ae41e4649b934ca495991b7852b855"},"page":{"url":"http:\/\/ibn-sinaa.com\/wp-content\/cache\/background-css\/ibn-sinaa.com\/wp-content\/uploads\/elementor\/css\/post-1843.css?ver=1735569511&wpr_t=1735836151","referrer":"https:\/\/ibn-sinaa.com\/"}}]}
 ajax: no
2025-01-03T00:02:19+00:00 DEBUG Tt4b_Mapi_Class::mapi_post: Response: 

HTTP/1.1 200 OK
Server: nginx
Content-Type: application/json
Content-Length: 92
X-Tt-Logid: 202501030002181A2E38A5D11F89BA615A
Server-Timing: inner; dur=39
x-tt-trace-host: 018e5a586174a888928d793bdac74b79b51a437ee89a1c03eb2011d034a2e3e9f5b8278b8e736351247dc4d007a39979f5a36904d862dd1696a3b94ba96c0fe466aecae7cb31e465136cf9c0a27df92db066ef9964aa7036bedeb246278c9624e3
x-tt-trace-id: 00-2501030002181A2E38A5D11F89BA615A-60747A608A811C24-00
Expires: Fri, 03 Jan 2025 00:02:19 GMT
Cache-Control: max-age=0, no-cache, no-store
Pragma: no-cache
Date: Fri, 03 Jan 2025 00:02:19 GMT
X-Cache: TCP_MISS from a95-101-134-92.deploy.akamaitechnologies.com (AkamaiGHost/11.7.2.1-9611f29bef89eba7b18045b10aa2af98) (-)
Connection: close
x-tt-trace-tag: id=16;cdn-cache=miss;type=dyn
Server-Timing: cdn-cache; desc=MISS, edge; dur=0, origin; dur=122
X-Origin-Response-Time: 122,95.101.134.92
X-Akamai-Request-ID: 120af18a

{"code": 0, "message": "OK", "request_id": "202501030002181A2E38A5D11F89BA615A", "data": {}}
2025-01-03T00:02:39+00:00 DEBUG POST: https://business-api.tiktok.com/open_api/v1.3/event/track/

{"partner_name":"WooCommerce","event_source":"web","event_source_id":"CSM79Q3C77UAG1T340I0","data":[{"event":"Pageview","event_id":"6777291f08cce_tt4b_woocommerce_670666209cf1f","event_time":1735862559,"user":{"ip":"127.0.0.1","user_agent":"Mozlila\/5.0 (Linux; Android 7.0; SM-G892A Bulid\/NRD90M; wv) AppleWebKit\/537.36 (KHTML, like Gecko) Version\/4.0 Chrome\/60.0.3112.107 Moblie Safari\/537.36","locale":"ar","external_id":"0","email":"e3b0c44298fc1c149afbf4c8996fb92427ae41e4649b934ca495991b7852b855","phone_number":"e3b0c44298fc1c149afbf4c8996fb92427ae41e4649b934ca495991b7852b855","first_name":"e3b0c44298fc1c149afbf4c8996fb92427ae41e4649b934ca495991b7852b855","last_name":"e3b0c44298fc1c149afbf4c8996fb92427ae41e4649b934ca495991b7852b855","zip_code":"e3b0c44298fc1c149afbf4c8996fb92427ae41e4649b934ca495991b7852b855"},"page":{"url":"http:\/\/ibn-sinaa.com\/wp-content\/themes\/include.php"}}]}
 ajax: no
2025-01-03T00:02:39+00:00 DEBUG Tt4b_Mapi_Class::mapi_post: Response: 

HTTP/1.1 200 OK
Server: nginx
Content-Type: application/json
Content-Length: 92
X-Tt-Logid: 20250103000239225425DCEF260F609942
Server-Timing: inner; dur=20
x-tt-trace-host: 018e5a586174a888928d793bdac74b79b520593bf434961dbceff88e4b17f9a1566d468f5b691e7659a679985a75eb88fd7561437e68c13a88516dd2ae34befe4e91bb2d1e7ed144480a302a2ecf025c1ebbd256ea7ccee3c34f9db29490497077
x-tt-trace-id: 00-250103000239225425DCEF260F609942-2ABE3F304C5E4754-00
Expires: Fri, 03 Jan 2025 00:02:39 GMT
Cache-Control: max-age=0, no-cache, no-store
Pragma: no-cache
Date: Fri, 03 Jan 2025 00:02:39 GMT
X-Cache: TCP_MISS from a95-101-134-116.deploy.akamaitechnologies.com (AkamaiGHost/11.7.2.1-9611f29bef89eba7b18045b10aa2af98) (-)
Connection: close
x-tt-trace-tag: id=16;cdn-cache=miss;type=dyn
Server-Timing: cdn-cache; desc=MISS, edge; dur=1, origin; dur=104
X-Origin-Response-Time: 104,95.101.134.116
X-Akamai-Request-ID: 106b1ed3

{"code": 0, "message": "OK", "request_id": "20250103000239225425DCEF260F609942", "data": {}}
2025-01-03T00:03:07+00:00 DEBUG POST: https://business-api.tiktok.com/open_api/v1.3/event/track/

{"partner_name":"WooCommerce","event_source":"web","event_source_id":"CSM79Q3C77UAG1T340I0","data":[{"event":"Pageview","event_id":"6777293bde6e6_tt4b_woocommerce_670666209cf1f","event_time":1735862587,"user":{"ip":"127.0.0.1","user_agent":"Mozlila\/5.0 (Linux; Android 7.0; SM-G892A Bulid\/NRD90M; wv) AppleWebKit\/537.36 (KHTML, like Gecko) Version\/4.0 Chrome\/60.0.3112.107 Moblie Safari\/537.36","locale":"ar","external_id":"0","email":"e3b0c44298fc1c149afbf4c8996fb92427ae41e4649b934ca495991b7852b855","phone_number":"e3b0c44298fc1c149afbf4c8996fb92427ae41e4649b934ca495991b7852b855","first_name":"e3b0c44298fc1c149afbf4c8996fb92427ae41e4649b934ca495991b7852b855","last_name":"e3b0c44298fc1c149afbf4c8996fb92427ae41e4649b934ca495991b7852b855","zip_code":"e3b0c44298fc1c149afbf4c8996fb92427ae41e4649b934ca495991b7852b855"},"page":{"url":"http:\/\/ibn-sinaa.com\/wp-content\/themes\/include.php"}}]}
 ajax: no
2025-01-03T00:03:08+00:00 DEBUG Tt4b_Mapi_Class::mapi_post: Response: 

HTTP/1.1 200 OK
Server: nginx
Content-Type: application/json
Content-Length: 92
X-Tt-Logid: 20250103000308480FC917E51259C1B2AB
Server-Timing: inner; dur=69
x-tt-trace-host: 018e5a586174a888928d793bdac74b79b520593bf434961dbceff88e4b17f9a156306e60bb45e4777ae8d002961f2507932302ac32ec1c0366f3b1d58b5419e8d8efa02eac90bdbe243676cc063bcb3117520f74d10ad9e0a0b602ff62781ac6f9
x-tt-trace-id: 00-250103000308480FC917E51259C1B2AB-1BF09D3719E9A925-00
Expires: Fri, 03 Jan 2025 00:03:08 GMT
Cache-Control: max-age=0, no-cache, no-store
Pragma: no-cache
Date: Fri, 03 Jan 2025 00:03:08 GMT
X-Cache: TCP_MISS from a95-101-134-116.deploy.akamaitechnologies.com (AkamaiGHost/11.7.2.1-9611f29bef89eba7b18045b10aa2af98) (-)
Connection: close
x-tt-trace-tag: id=16;cdn-cache=miss;type=dyn
Server-Timing: cdn-cache; desc=MISS, edge; dur=1, origin; dur=150
X-Origin-Response-Time: 151,95.101.134.116
X-Akamai-Request-ID: 106c4038

{"code": 0, "message": "OK", "request_id": "20250103000308480FC917E51259C1B2AB", "data": {}}
2025-01-03T00:03:37+00:00 DEBUG POST: https://business-api.tiktok.com/open_api/v1.3/event/track/

{"partner_name":"WooCommerce","event_source":"web","event_source_id":"CSM79Q3C77UAG1T340I0","data":[{"event":"Pageview","event_id":"6777295981d6c_tt4b_woocommerce_670666209cf1f","event_time":1735862617,"user":{"ip":"127.0.0.1","user_agent":"Mozlila\/5.0 (Linux; Android 7.0; SM-G892A Bulid\/NRD90M; wv) AppleWebKit\/537.36 (KHTML, like Gecko) Version\/4.0 Chrome\/60.0.3112.107 Moblie Safari\/537.36","locale":"ar","external_id":"0","email":"e3b0c44298fc1c149afbf4c8996fb92427ae41e4649b934ca495991b7852b855","phone_number":"e3b0c44298fc1c149afbf4c8996fb92427ae41e4649b934ca495991b7852b855","first_name":"e3b0c44298fc1c149afbf4c8996fb92427ae41e4649b934ca495991b7852b855","last_name":"e3b0c44298fc1c149afbf4c8996fb92427ae41e4649b934ca495991b7852b855","zip_code":"e3b0c44298fc1c149afbf4c8996fb92427ae41e4649b934ca495991b7852b855"},"page":{"url":"http:\/\/ibn-sinaa.com\/wp-content\/plugins\/include.php"}}]}
 ajax: no
2025-01-03T00:03:37+00:00 DEBUG Tt4b_Mapi_Class::mapi_post: Response: 

HTTP/1.1 200 OK
Server: nginx
Content-Type: application/json
Content-Length: 92
X-Tt-Logid: 20250103000337C6C88539D6C158B262A3
Server-Timing: inner; dur=38
x-tt-trace-host: 018e5a586174a888928d793bdac74b79b520593bf434961dbceff88e4b17f9a1565238e8f27831edb35d7e43f0e8c20d3296c509f966dd59816df42fd70f2725da2e9d2313840989a64a66641780cbdfcf3af046ce9013454d1429dc7335a0a62d
x-tt-trace-id: 00-250103000337C6C88539D6C158B262A3-5C97612E3920EA94-00
Expires: Fri, 03 Jan 2025 00:03:37 GMT
Cache-Control: max-age=0, no-cache, no-store
Pragma: no-cache
Date: Fri, 03 Jan 2025 00:03:37 GMT
X-Cache: TCP_MISS from a95-101-134-116.deploy.akamaitechnologies.com (AkamaiGHost/11.7.2.1-9611f29bef89eba7b18045b10aa2af98) (-)
Connection: close
x-tt-trace-tag: id=16;cdn-cache=miss;type=dyn
Server-Timing: cdn-cache; desc=MISS, edge; dur=2, origin; dur=118
X-Origin-Response-Time: 118,95.101.134.116
X-Akamai-Request-ID: 106d6433

{"code": 0, "message": "OK", "request_id": "20250103000337C6C88539D6C158B262A3", "data": {}}
2025-01-03T00:04:05+00:00 DEBUG POST: https://business-api.tiktok.com/open_api/v1.3/event/track/

{"partner_name":"WooCommerce","event_source":"web","event_source_id":"CSM79Q3C77UAG1T340I0","data":[{"event":"Pageview","event_id":"67772975a76bb_tt4b_woocommerce_670666209cf1f","event_time":1735862645,"user":{"ip":"127.0.0.1","user_agent":"Mozlila\/5.0 (Linux; Android 7.0; SM-G892A Bulid\/NRD90M; wv) AppleWebKit\/537.36 (KHTML, like Gecko) Version\/4.0 Chrome\/60.0.3112.107 Moblie Safari\/537.36","locale":"ar","external_id":"0","email":"e3b0c44298fc1c149afbf4c8996fb92427ae41e4649b934ca495991b7852b855","phone_number":"e3b0c44298fc1c149afbf4c8996fb92427ae41e4649b934ca495991b7852b855","first_name":"e3b0c44298fc1c149afbf4c8996fb92427ae41e4649b934ca495991b7852b855","last_name":"e3b0c44298fc1c149afbf4c8996fb92427ae41e4649b934ca495991b7852b855","zip_code":"e3b0c44298fc1c149afbf4c8996fb92427ae41e4649b934ca495991b7852b855"},"page":{"url":"http:\/\/ibn-sinaa.com\/wp-content\/plugins\/include.php"}}]}
 ajax: no
2025-01-03T00:04:05+00:00 DEBUG Tt4b_Mapi_Class::mapi_post: Response: 

HTTP/1.1 200 OK
Server: nginx
Content-Type: application/json
Content-Length: 92
X-Tt-Logid: 20250103000405C6C88539D6C158B26EC4
Server-Timing: inner; dur=31
x-tt-trace-host: 018e5a586174a888928d793bdac74b79b520593bf434961dbceff88e4b17f9a1565238e8f27831edb35d7e43f0e8c20d32e902c45f76c30a13fb200104286a5e261215c657cd8a7b7868f4a125ca12a3e5794d1728936021cd2a533f6f892f70b5
x-tt-trace-id: 00-250103000405C6C88539D6C158B26EC4-058A60D78FD47FE5-00
Expires: Fri, 03 Jan 2025 00:04:05 GMT
Cache-Control: max-age=0, no-cache, no-store
Pragma: no-cache
Date: Fri, 03 Jan 2025 00:04:05 GMT
X-Cache: TCP_MISS from a95-101-134-116.deploy.akamaitechnologies.com (AkamaiGHost/11.7.2.1-9611f29bef89eba7b18045b10aa2af98) (-)
Connection: close
x-tt-trace-tag: id=16;cdn-cache=miss;type=dyn
Server-Timing: cdn-cache; desc=MISS, edge; dur=1, origin; dur=111
X-Origin-Response-Time: 111,95.101.134.116
X-Akamai-Request-ID: 106e746c

{"code": 0, "message": "OK", "request_id": "20250103000405C6C88539D6C158B26EC4", "data": {}}
2025-01-03T00:04:33+00:00 DEBUG POST: https://business-api.tiktok.com/open_api/v1.3/event/track/

{"partner_name":"WooCommerce","event_source":"web","event_source_id":"CSM79Q3C77UAG1T340I0","data":[{"event":"Pageview","event_id":"67772991a7165_tt4b_woocommerce_670666209cf1f","event_time":1735862673,"user":{"ip":"66.249.66.19","user_agent":"Mozilla\/5.0 (Linux; Android 6.0.1; Nexus 5X Build\/MMB29P) AppleWebKit\/537.36 (KHTML, like Gecko) Chrome\/131.0.6778.139 Mobile Safari\/537.36 (compatible; Googlebot\/2.1; +http:\/\/www.google.com\/bot.html)","locale":"ar","external_id":"0","email":"e3b0c44298fc1c149afbf4c8996fb92427ae41e4649b934ca495991b7852b855","phone_number":"e3b0c44298fc1c149afbf4c8996fb92427ae41e4649b934ca495991b7852b855","first_name":"e3b0c44298fc1c149afbf4c8996fb92427ae41e4649b934ca495991b7852b855","last_name":"e3b0c44298fc1c149afbf4c8996fb92427ae41e4649b934ca495991b7852b855","zip_code":"e3b0c44298fc1c149afbf4c8996fb92427ae41e4649b934ca495991b7852b855"},"page":{"url":"http:\/\/mail.ibn-sinaa.com\/product\/ceramic-cup\/"}}]}
 ajax: no
2025-01-03T00:04:33+00:00 DEBUG Tt4b_Mapi_Class::mapi_post: Response: 

HTTP/1.1 200 OK
Server: nginx
Content-Type: application/json
Content-Length: 92
X-Tt-Logid: 20250103000433CFAAC4F55BD259675093
x-tt-trace-host: 018e5a586174a888928d793bdac74b79b519a86797e72c2eba011e03e23beee17d002bd321aa022b9bd15710cf35d72afaa0e8f1c54c468af898783f606aea79f38661d48df6fcc030ac61c69588bb81c229fc4e99ba225a04bac397c23ed1e37491dab4bb4d05f69c168fae24238538f0
x-tt-trace-id: 00-250103000433CFAAC4F55BD259675093-3735B9CF1A363D3C-00
X-Origin-Response-Time: 38,23.207.199.6
X-Akamai-Request-ID: 30a57967.106f7e58
Expires: Fri, 03 Jan 2025 00:04:33 GMT
Cache-Control: max-age=0, no-cache, no-store
Pragma: no-cache
Date: Fri, 03 Jan 2025 00:04:33 GMT
X-Cache: TCP_MISS from a95-101-134-116.deploy.akamaitechnologies.com (AkamaiGHost/11.7.2.1-9611f29bef89eba7b18045b10aa2af98) (-)
Connection: close
X-Cache-Remote: TCP_MISS from a23-207-199-6.deploy.akamaitechnologies.com (AkamaiGHost/11.7.2.1-9611f29bef89eba7b18045b10aa2af98) (-)
x-tt-trace-tag: id=16;cdn-cache=miss;type=dyn
Server-Timing: cdn-cache; desc=MISS, edge; dur=83, origin; dur=38
Server-Timing: inner; dur=33
X-Parent-Response-Time: 120,95.101.134.116

{"code": 0, "message": "OK", "request_id": "20250103000433CFAAC4F55BD259675093", "data": {}}
2025-01-03T00:04:33+00:00 DEBUG Tt4b_Pixel_Class::inject_view_content_event: hit ViewContent
2025-01-03T00:04:33+00:00 DEBUG POST: https://business-api.tiktok.com/open_api/v1.3/event/track/

{"partner_name":"WooCommerce","event_source":"web","event_source_id":"CSM79Q3C77UAG1T340I0","data":[{"event":"ViewContent","event_id":"67772991e29f4_tt4b_woocommerce_670666209cf1f_4399","event_time":1735862673,"user":{"ip":"66.249.66.19","user_agent":"Mozilla\/5.0 (Linux; Android 6.0.1; Nexus 5X Build\/MMB29P) AppleWebKit\/537.36 (KHTML, like Gecko) Chrome\/131.0.6778.139 Mobile Safari\/537.36 (compatible; Googlebot\/2.1; +http:\/\/www.google.com\/bot.html)","locale":"ar","external_id":"0","email":"e3b0c44298fc1c149afbf4c8996fb92427ae41e4649b934ca495991b7852b855","phone_number":"e3b0c44298fc1c149afbf4c8996fb92427ae41e4649b934ca495991b7852b855","first_name":"e3b0c44298fc1c149afbf4c8996fb92427ae41e4649b934ca495991b7852b855","last_name":"e3b0c44298fc1c149afbf4c8996fb92427ae41e4649b934ca495991b7852b855","zip_code":"e3b0c44298fc1c149afbf4c8996fb92427ae41e4649b934ca495991b7852b855"},"properties":{"contents":[{"price":23,"quantity":1,"content_id":"4399","content_name":"\u0643\u0627\u0633 \u0633\u064a\u0631\u0627\u0645\u064a\u0643 \u0645\u0639 \u0627\u0644\u0637\u0628\u0627\u0639\u0629","description":"\u0643\u0627\u0633\u0627\u062a \u0633\u064a\u0631\u0627\u0645\u064a\u0643 \u0645\u0639 \u0637\u0628\u0627\u0639\u0629 \u064a\u0648\u0641\u064a - \u0645\u0643\u062a\u0628\u0629 \u0627\u0628\u0646 \u0633\u064a\u0646\u0627 \u0644\u0644\u0637\u0628\u0627\u0639\u0629\r\n\r\n\u0627\u0633\u062a\u0645\u062a\u0639 \u0628\u0623\u0646\u0627\u0642\u0629 \u0648\u0641\u062e\u0627\u0645\u0629 \u0644\u0627 \u0645\u062b\u064a\u0644 \u0644\u0647\u0627 \u0645\u0639 \u0643\u0627\u0633\u0627\u062a \u0646\u062d\u0627\u0633\u064a\u0629 \u062e\u0627\u0635\u0629 \u0628\u0627\u0644\u0633\u064a\u0627\u0631\u0629 \u0648 \u0628\u0637\u0628\u0627\u0639\u0629 \u064a\u0648\u0641\u064a \u0628\u0627\u0631\u0632\u0629\u060c \u062a\u062a\u0645\u064a\u0632 \u0628\u0637\u0628\u0627\u0639\u0629 \u064a\u0648\u0641\u064a \u0628\u0627\u0631\u0632\u0629 \u062a\u0636\u064a\u0641 \u0644\u0645\u0633\u0629 \u0645\u0646 \u0627\u0644\u062a\u0645\u064a\u0632 \u0639\u0644\u0649 \u0643\u0644 \u0643\u0648\u0628. \u0645\u062b\u0627\u0644\u064a\u0629 \u0644\u0644\u0627\u0633\u062a\u062e\u062f\u0627\u0645 \u0627\u0644\u064a\u0648\u0645\u064a \u0648\u062a\u0642\u062f\u064a\u0645 \u0627\u0644\u0645\u0634\u0631\u0648\u0628\u0627\u062a \u0628\u0623\u0646\u0627\u0642\u0629.","availability":"IN_STOCK","sale_price":23,"on_sale":false}],"content_type":"product","currency":"SAR","value":23,"event_trigger_source":"WooCommerce"},"page":{"url":"http:\/\/mail.ibn-sinaa.com\/product\/ceramic-cup\/"}}]}
 ajax: no
2025-01-03T00:04:34+00:00 DEBUG Tt4b_Mapi_Class::mapi_post: Response: 

HTTP/1.1 200 OK
Server: nginx
Content-Type: application/json
Content-Length: 92
X-Tt-Logid: 202501030004344E650FCBD47934DA1C95
Server-Timing: inner; dur=32
x-tt-trace-host: 018e5a586174a888928d793bdac74b79b51a437ee89a1c03eb2011d034a2e3e9f58d65517240c15757ba66944525e6429baf1473aa19bd3e3085c32ab1337baf3a0f3831df4d438faf9e84e9328759f442905e22b6ecb20a4e476723df559fda94
x-tt-trace-id: 00-2501030004344E650FCBD47934DA1C95-2CA81A625D7FDF5E-00
Expires: Fri, 03 Jan 2025 00:04:34 GMT
Cache-Control: max-age=0, no-cache, no-store
Pragma: no-cache
Date: Fri, 03 Jan 2025 00:04:34 GMT
X-Cache: TCP_MISS from a95-101-134-92.deploy.akamaitechnologies.com (AkamaiGHost/11.7.2.1-9611f29bef89eba7b18045b10aa2af98) (-)
Connection: close
x-tt-trace-tag: id=16;cdn-cache=miss;type=dyn
Server-Timing: cdn-cache; desc=MISS, edge; dur=1, origin; dur=115
X-Origin-Response-Time: 116,95.101.134.92
X-Akamai-Request-ID: 12119dd5

{"code": 0, "message": "OK", "request_id": "202501030004344E650FCBD47934DA1C95", "data": {}}
2025-01-03T00:06:17+00:00 DEBUG POST: https://business-api.tiktok.com/open_api/v1.3/event/track/

{"partner_name":"WooCommerce","event_source":"web","event_source_id":"CSM79Q3C77UAG1T340I0","data":[{"event":"Pageview","event_id":"677729f9e8d8b_tt4b_woocommerce_670666209cf1f","event_time":1735862777,"user":{"ip":"66.249.66.167","user_agent":"Mozilla\/5.0 (Linux; Android 6.0.1; Nexus 5X Build\/MMB29P) AppleWebKit\/537.36 (KHTML, like Gecko) Chrome\/131.0.6778.139 Mobile Safari\/537.36 (compatible; Googlebot\/2.1; +http:\/\/www.google.com\/bot.html)","locale":"ar","external_id":"0","email":"e3b0c44298fc1c149afbf4c8996fb92427ae41e4649b934ca495991b7852b855","phone_number":"e3b0c44298fc1c149afbf4c8996fb92427ae41e4649b934ca495991b7852b855","first_name":"e3b0c44298fc1c149afbf4c8996fb92427ae41e4649b934ca495991b7852b855","last_name":"e3b0c44298fc1c149afbf4c8996fb92427ae41e4649b934ca495991b7852b855","zip_code":"e3b0c44298fc1c149afbf4c8996fb92427ae41e4649b934ca495991b7852b855"},"page":{"url":"http:\/\/www.ibn-sinaa.com\/product-category\/digital-printing\/notes\/"}}]}
 ajax: no
2025-01-03T00:06:18+00:00 DEBUG Tt4b_Mapi_Class::mapi_post: Response: 

HTTP/1.1 200 OK
Server: nginx
Content-Type: application/json
Content-Length: 92
X-Tt-Logid: 2025010300061805FC0E278893DF62017F
Server-Timing: inner; dur=28
x-tt-trace-host: 018e5a586174a888928d793bdac74b79b520593bf434961dbceff88e4b17f9a156cd1d16b6048aec1543521d50453b403a443c449c9606fedf1a69279f7606b6d573268c57e05dca20ad39301e8bcfb3e05abd2c8d041118a986a2c38e625f869d
x-tt-trace-id: 00-25010300061805FC0E278893DF62017F-54A3806E8A66824D-00
Expires: Fri, 03 Jan 2025 00:06:18 GMT
Cache-Control: max-age=0, no-cache, no-store
Pragma: no-cache
Date: Fri, 03 Jan 2025 00:06:18 GMT
X-Cache: TCP_MISS from a95-101-134-116.deploy.akamaitechnologies.com (AkamaiGHost/11.7.2.1-9611f29bef89eba7b18045b10aa2af98) (-)
Connection: close
x-tt-trace-tag: id=16;cdn-cache=miss;type=dyn
Server-Timing: cdn-cache; desc=MISS, edge; dur=0, origin; dur=108
X-Origin-Response-Time: 108,95.101.134.116
X-Akamai-Request-ID: 10734d52

{"code": 0, "message": "OK", "request_id": "2025010300061805FC0E278893DF62017F", "data": {}}
2025-01-03T00:06:25+00:00 DEBUG POST: https://business-api.tiktok.com/open_api/v1.3/event/track/

{"partner_name":"WooCommerce","event_source":"web","event_source_id":"CSM79Q3C77UAG1T340I0","data":[{"event":"Pageview","event_id":"67772a01d8ee2_tt4b_woocommerce_670666209cf1f","event_time":1735862785,"user":{"ip":"45.154.138.10","user_agent":"Mozilla\/5.0 (Windows NT 6.1; WOW64) AppleWebKit\/537.36 (KHTML, like Gecko) Chrome\/103.0.0.0 Safari\/537.36","locale":"ar","external_id":"0","email":"e3b0c44298fc1c149afbf4c8996fb92427ae41e4649b934ca495991b7852b855","phone_number":"e3b0c44298fc1c149afbf4c8996fb92427ae41e4649b934ca495991b7852b855","first_name":"e3b0c44298fc1c149afbf4c8996fb92427ae41e4649b934ca495991b7852b855","last_name":"e3b0c44298fc1c149afbf4c8996fb92427ae41e4649b934ca495991b7852b855","zip_code":"e3b0c44298fc1c149afbf4c8996fb92427ae41e4649b934ca495991b7852b855"},"page":{"url":"http:\/\/ibn-sinaa.com\/contact\/"}}]}
 ajax: no
2025-01-03T00:06:26+00:00 DEBUG Tt4b_Mapi_Class::mapi_post: Response: 

HTTP/1.1 200 OK
Server: nginx
Content-Type: application/json
Content-Length: 92
X-Tt-Logid: 20250103000625FBDF9C891E0DCA432CC7
Server-Timing: inner; dur=30
x-tt-trace-host: 018e5a586174a888928d793bdac74b79b51a437ee89a1c03eb2011d034a2e3e9f5ff8fa0d0775b88cac4dc909e1c6d2ff63c909c9b2ee216a0107c153ed9e2b38972130060c05b7c7bd3fdbf7191372376f485e0936ea6675062572a1043e33f05
x-tt-trace-id: 00-250103000625FBDF9C891E0DCA432CC7-11F35419823EC828-00
Expires: Fri, 03 Jan 2025 00:06:26 GMT
Cache-Control: max-age=0, no-cache, no-store
Pragma: no-cache
Date: Fri, 03 Jan 2025 00:06:26 GMT
X-Cache: TCP_MISS from a95-101-134-92.deploy.akamaitechnologies.com (AkamaiGHost/11.7.2.1-9611f29bef89eba7b18045b10aa2af98) (-)
Connection: close
x-tt-trace-tag: id=16;cdn-cache=miss;type=dyn
Server-Timing: cdn-cache; desc=MISS, edge; dur=0, origin; dur=114
X-Origin-Response-Time: 114,95.101.134.92
X-Akamai-Request-ID: 1216ca65

{"code": 0, "message": "OK", "request_id": "20250103000625FBDF9C891E0DCA432CC7", "data": {}}
2025-01-03T00:08:18+00:00 DEBUG POST: https://business-api.tiktok.com/open_api/v1.3/event/track/

{"partner_name":"WooCommerce","event_source":"web","event_source_id":"CSM79Q3C77UAG1T340I0","data":[{"event":"Pageview","event_id":"67772a7260671_tt4b_woocommerce_670666209cf1f","event_time":1735862898,"user":{"ip":"66.249.66.71","user_agent":"Mozilla\/5.0 AppleWebKit\/537.36 (KHTML, like Gecko; compatible; Googlebot\/2.1; +http:\/\/www.google.com\/bot.html) Chrome\/131.0.6778.139 Safari\/537.36","locale":"ar","external_id":"0","email":"e3b0c44298fc1c149afbf4c8996fb92427ae41e4649b934ca495991b7852b855","phone_number":"e3b0c44298fc1c149afbf4c8996fb92427ae41e4649b934ca495991b7852b855","first_name":"e3b0c44298fc1c149afbf4c8996fb92427ae41e4649b934ca495991b7852b855","last_name":"e3b0c44298fc1c149afbf4c8996fb92427ae41e4649b934ca495991b7852b855","zip_code":"e3b0c44298fc1c149afbf4c8996fb92427ae41e4649b934ca495991b7852b855"},"page":{"url":"http:\/\/ibn-sinaa.com\/wp-content\/cache\/background-css\/ibn-sinaa.com\/wp-content\/uploads\/elementor\/css\/post-1843.css?ver=1735569511&wpr_t=1735836151","referrer":"https:\/\/ibn-sinaa.com\/"}}]}
 ajax: no
2025-01-03T00:08:18+00:00 DEBUG Tt4b_Mapi_Class::mapi_post: Response: 

HTTP/1.1 200 OK
Server: nginx
Content-Type: application/json
Content-Length: 92
X-Tt-Logid: 202501030008181B230FE643181DB5F827
Server-Timing: inner; dur=31
x-tt-trace-host: 018e5a586174a888928d793bdac74b79b520593bf434961dbceff88e4b17f9a1568330d5268c34aad04c6ef02d2cff58fb3a09b662ac8813dc1aa97a5cf2d7b4a8ba94a6fc6b1bdade2cb55fffce86f719f099c3fd7c7fe45fe8f50a48a084c3cd
x-tt-trace-id: 00-2501030008181B230FE643181DB5F827-535E33E520396A54-00
Expires: Fri, 03 Jan 2025 00:08:18 GMT
Cache-Control: max-age=0, no-cache, no-store
Pragma: no-cache
Date: Fri, 03 Jan 2025 00:08:18 GMT
X-Cache: TCP_MISS from a95-101-134-116.deploy.akamaitechnologies.com (AkamaiGHost/11.7.2.1-9611f29bef89eba7b18045b10aa2af98) (-)
Connection: close
x-tt-trace-tag: id=16;cdn-cache=miss;type=dyn
Server-Timing: cdn-cache; desc=MISS, edge; dur=0, origin; dur=112
X-Origin-Response-Time: 112,95.101.134.116
X-Akamai-Request-ID: 1077e3ab

{"code": 0, "message": "OK", "request_id": "202501030008181B230FE643181DB5F827", "data": {}}
2025-01-03T00:08:21+00:00 DEBUG POST: https://business-api.tiktok.com/open_api/v1.3/event/track/

{"partner_name":"WooCommerce","event_source":"web","event_source_id":"CSM79Q3C77UAG1T340I0","data":[{"event":"Pageview","event_id":"67772a758e9db_tt4b_woocommerce_670666209cf1f","event_time":1735862901,"user":{"ip":"66.249.66.20","user_agent":"Mozilla\/5.0 (Linux; Android 6.0.1; Nexus 5X Build\/MMB29P) AppleWebKit\/537.36 (KHTML, like Gecko) Chrome\/131.0.6778.204 Mobile Safari\/537.36 (compatible; Googlebot\/2.1; +http:\/\/www.google.com\/bot.html)","locale":"ar","external_id":"0","email":"e3b0c44298fc1c149afbf4c8996fb92427ae41e4649b934ca495991b7852b855","phone_number":"e3b0c44298fc1c149afbf4c8996fb92427ae41e4649b934ca495991b7852b855","first_name":"e3b0c44298fc1c149afbf4c8996fb92427ae41e4649b934ca495991b7852b855","last_name":"e3b0c44298fc1c149afbf4c8996fb92427ae41e4649b934ca495991b7852b855","zip_code":"e3b0c44298fc1c149afbf4c8996fb92427ae41e4649b934ca495991b7852b855"},"page":{"url":"http:\/\/mail.ibn-sinaa.com\/product\/arched-advertising-table\/"}}]}
 ajax: no
2025-01-03T00:08:21+00:00 DEBUG Tt4b_Mapi_Class::mapi_post: Response: 

HTTP/1.1 200 OK
Server: nginx
Content-Type: application/json
Content-Length: 92
X-Tt-Logid: 202501030008210935C47EEE309BF6566E
Server-Timing: inner; dur=29
x-tt-trace-host: 018e5a586174a888928d793bdac74b79b520593bf434961dbceff88e4b17f9a156e10cfa4a1af0e5cb5eb4a293a3025d2b4ec1b52adf40b9e7c644fd9fe742343e92f8ee01cc118e079a7a77eb993ad78c2886ee22c2bd4ebc4c360cb868d712e1
x-tt-trace-id: 00-2501030008210935C47EEE309BF6566E-676EF35078EB6146-00
Expires: Fri, 03 Jan 2025 00:08:21 GMT
Cache-Control: max-age=0, no-cache, no-store
Pragma: no-cache
Date: Fri, 03 Jan 2025 00:08:21 GMT
X-Cache: TCP_MISS from a95-101-134-116.deploy.akamaitechnologies.com (AkamaiGHost/11.7.2.1-9611f29bef89eba7b18045b10aa2af98) (-)
Connection: close
x-tt-trace-tag: id=16;cdn-cache=miss;type=dyn
Server-Timing: cdn-cache; desc=MISS, edge; dur=1, origin; dur=111
X-Origin-Response-Time: 112,95.101.134.116
X-Akamai-Request-ID: 1078077f

{"code": 0, "message": "OK", "request_id": "202501030008210935C47EEE309BF6566E", "data": {}}
2025-01-03T00:08:21+00:00 DEBUG Tt4b_Pixel_Class::inject_view_content_event: hit ViewContent
2025-01-03T00:08:21+00:00 DEBUG POST: https://business-api.tiktok.com/open_api/v1.3/event/track/

{"partner_name":"WooCommerce","event_source":"web","event_source_id":"CSM79Q3C77UAG1T340I0","data":[{"event":"ViewContent","event_id":"67772a75c701c_tt4b_woocommerce_670666209cf1f_4330","event_time":1735862901,"user":{"ip":"66.249.66.20","user_agent":"Mozilla\/5.0 (Linux; Android 6.0.1; Nexus 5X Build\/MMB29P) AppleWebKit\/537.36 (KHTML, like Gecko) Chrome\/131.0.6778.204 Mobile Safari\/537.36 (compatible; Googlebot\/2.1; +http:\/\/www.google.com\/bot.html)","locale":"ar","external_id":"0","email":"e3b0c44298fc1c149afbf4c8996fb92427ae41e4649b934ca495991b7852b855","phone_number":"e3b0c44298fc1c149afbf4c8996fb92427ae41e4649b934ca495991b7852b855","first_name":"e3b0c44298fc1c149afbf4c8996fb92427ae41e4649b934ca495991b7852b855","last_name":"e3b0c44298fc1c149afbf4c8996fb92427ae41e4649b934ca495991b7852b855","zip_code":"e3b0c44298fc1c149afbf4c8996fb92427ae41e4649b934ca495991b7852b855"},"properties":{"contents":[{"price":900,"quantity":1,"content_id":"4330","content_name":"\u0637\u0627\u0648\u0644\u0629 \u062f\u0639\u0627\u0626\u064a\u0629 \u0645\u0642\u0648\u0633\u0629","description":"\u0637\u0627\u0648\u0644\u0629 \u062f\u0639\u0627\u0626\u064a\u0629 \u0645\u0642\u0648\u0633\u0629 : \u0645\u062b\u0627\u0644\u064a\u0629 \u0644\u0639\u0631\u0636 \u0627\u0644\u0645\u0646\u062a\u062c\u0627\u062a \u0648\u0627\u0644\u062e\u062f\u0645\u0627\u062a \u0628\u062c\u0648\u062f\u0629 \u0639\u0627\u0644\u064a\u0629 \u0648\u062a\u0635\u0645\u064a\u0645 \u062c\u0630\u0627\u0628. \u0645\u062b\u0627\u0644\u064a\u0629 \u0644\u0644\u0627\u0633\u062a\u062e\u062f\u0627\u0645 \u0641\u064a \u0627\u0644\u0645\u0639\u0627\u0631\u0636 \u0648\u0627\u0644\u0641\u0639\u0627\u0644\u064a\u0627\u062a \u0627\u0644\u062a\u0633\u0648\u064a\u0642\u064a\u0629\u060c \u062a\u062a\u0645\u064a\u0632 \u0628\u0645\u062a\u0627\u0646\u062a\u0647\u0627 \u0648\u0633\u0647\u0648\u0644\u0629 \u0646\u0642\u0644\u0647\u0627 \u0648\u062a\u0631\u0643\u064a\u0628\u0647\u0627. \u062a\u062c\u0639\u0644 \u0639\u0631\u0636 \u0645\u0646\u062a\u062c\u0627\u062a\u0643 \u0623\u0643\u062b\u0631 \u062c\u0627\u0630\u0628\u064a\u0629 \u0648\u062a\u0646\u0638\u064a\u0645\u064b\u0627.","availability":"IN_STOCK","sale_price":900,"on_sale":false}],"content_type":"product","currency":"SAR","value":900,"event_trigger_source":"WooCommerce"},"page":{"url":"http:\/\/mail.ibn-sinaa.com\/product\/arched-advertising-table\/"}}]}
 ajax: no
2025-01-03T00:08:21+00:00 DEBUG Tt4b_Mapi_Class::mapi_post: Response: 

HTTP/1.1 200 OK
Server: nginx
Content-Type: application/json
Content-Length: 92
X-Tt-Logid: 20250103000821CDEE2C25EAECB7BD9639
Server-Timing: inner; dur=47
x-tt-trace-host: 018e5a586174a888928d793bdac74b79b51a437ee89a1c03eb2011d034a2e3e9f54969781bb0475e8b87658e65bec985500bb2dc7ed3e8de13199afc2f91099b46e21962b80f778dbe0c00eb5e541bf6122b8508d247c0cbbca2d870cda38537ab
x-tt-trace-id: 00-250103000821CDEE2C25EAECB7BD9639-4D477F492AE293C1-00
Expires: Fri, 03 Jan 2025 00:08:21 GMT
Cache-Control: max-age=0, no-cache, no-store
Pragma: no-cache
Date: Fri, 03 Jan 2025 00:08:21 GMT
X-Cache: TCP_MISS from a95-101-134-92.deploy.akamaitechnologies.com (AkamaiGHost/11.7.2.1-9611f29bef89eba7b18045b10aa2af98) (-)
Connection: close
x-tt-trace-tag: id=16;cdn-cache=miss;type=dyn
Server-Timing: cdn-cache; desc=MISS, edge; dur=3, origin; dur=133
X-Origin-Response-Time: 133,95.101.134.92
X-Akamai-Request-ID: 121c0fb3

{"code": 0, "message": "OK", "request_id": "20250103000821CDEE2C25EAECB7BD9639", "data": {}}
2025-01-03T00:10:37+00:00 DEBUG POST: https://business-api.tiktok.com/open_api/v1.3/event/track/

{"partner_name":"WooCommerce","event_source":"web","event_source_id":"CSM79Q3C77UAG1T340I0","data":[{"event":"Pageview","event_id":"67772afd95b80_tt4b_woocommerce_670666209cf1f","event_time":1735863037,"user":{"ip":"66.249.66.166","user_agent":"Mozilla\/5.0 (Linux; Android 6.0.1; Nexus 5X Build\/MMB29P) AppleWebKit\/537.36 (KHTML, like Gecko) Chrome\/131.0.6778.139 Mobile Safari\/537.36 (compatible; Googlebot\/2.1; +http:\/\/www.google.com\/bot.html)","locale":"ar","external_id":"0","email":"e3b0c44298fc1c149afbf4c8996fb92427ae41e4649b934ca495991b7852b855","phone_number":"e3b0c44298fc1c149afbf4c8996fb92427ae41e4649b934ca495991b7852b855","first_name":"e3b0c44298fc1c149afbf4c8996fb92427ae41e4649b934ca495991b7852b855","last_name":"e3b0c44298fc1c149afbf4c8996fb92427ae41e4649b934ca495991b7852b855","zip_code":"e3b0c44298fc1c149afbf4c8996fb92427ae41e4649b934ca495991b7852b855"},"page":{"url":"http:\/\/www.ibn-sinaa.com\/product-category\/digital-printing\/personal-cards\/"}}]}
 ajax: no
2025-01-03T00:10:37+00:00 DEBUG Tt4b_Mapi_Class::mapi_post: Response: 

HTTP/1.1 200 OK
Server: nginx
Content-Type: application/json
Content-Length: 92
X-Tt-Logid: 20250103001037C9BF1902735FB3E98F36
x-tt-trace-host: 018e5a586174a888928d793bdac74b79b519a86797e72c2eba011e03e23beee17d444056a791a605b86d62f200468073283470f7c0d5b3bd4a57360f6db76ccfa3b9e92b528ec9bf204673062a5d429df500f1dc440d367ad2821ed1b2128b14d1ed75c9ad9106a7b4ae1525f3accdbfa0
x-tt-trace-id: 00-250103001037C9BF1902735FB3E98F36-042EBB634C5ED9E6-00
X-Origin-Response-Time: 27,23.207.199.51
X-Akamai-Request-ID: 1ef2acf4.107cdc0f
Expires: Fri, 03 Jan 2025 00:10:37 GMT
Cache-Control: max-age=0, no-cache, no-store
Pragma: no-cache
Date: Fri, 03 Jan 2025 00:10:37 GMT
X-Cache: TCP_MISS from a95-101-134-116.deploy.akamaitechnologies.com (AkamaiGHost/11.7.2.1-9611f29bef89eba7b18045b10aa2af98) (-)
Connection: close
X-Cache-Remote: TCP_MISS from a23-207-199-51.deploy.akamaitechnologies.com (AkamaiGHost/11.7.2.1-9611f29bef89eba7b18045b10aa2af98) (-)
x-tt-trace-tag: id=16;cdn-cache=miss;type=dyn
Server-Timing: cdn-cache; desc=MISS, edge; dur=90, origin; dur=26
Server-Timing: inner; dur=23
X-Parent-Response-Time: 116,95.101.134.116

{"code": 0, "message": "OK", "request_id": "20250103001037C9BF1902735FB3E98F36", "data": {}}
2025-01-03T00:19:01+00:00 DEBUG POST: https://business-api.tiktok.com/open_api/v1.3/event/track/

{"partner_name":"WooCommerce","event_source":"web","event_source_id":"CSM79Q3C77UAG1T340I0","data":[{"event":"Pageview","event_id":"67772cf563c48_tt4b_woocommerce_670666209cf1f","event_time":1735863541,"user":{"ip":"66.249.66.70","user_agent":"Mozilla\/5.0 (Linux; Android 6.0.1; Nexus 5X Build\/MMB29P) AppleWebKit\/537.36 (KHTML, like Gecko) Chrome\/131.0.6778.204 Mobile Safari\/537.36 (compatible; Googlebot\/2.1; +http:\/\/www.google.com\/bot.html)","locale":"ar","external_id":"0","email":"e3b0c44298fc1c149afbf4c8996fb92427ae41e4649b934ca495991b7852b855","phone_number":"e3b0c44298fc1c149afbf4c8996fb92427ae41e4649b934ca495991b7852b855","first_name":"e3b0c44298fc1c149afbf4c8996fb92427ae41e4649b934ca495991b7852b855","last_name":"e3b0c44298fc1c149afbf4c8996fb92427ae41e4649b934ca495991b7852b855","zip_code":"e3b0c44298fc1c149afbf4c8996fb92427ae41e4649b934ca495991b7852b855"},"page":{"url":"http:\/\/ibn-sinaa.com\/product\/raindrop-flag\/"}}]}
 ajax: no
2025-01-03T00:19:01+00:00 DEBUG Tt4b_Mapi_Class::mapi_post: Response: 

HTTP/1.1 200 OK
Server: nginx
Content-Type: application/json
Content-Length: 92
X-Tt-Logid: 2025010300190125B7D54996A767FE2992
x-tt-trace-host: 018e5a586174a888928d793bdac74b79b519a86797e72c2eba011e03e23beee17dec9e6ed9797fe11e20fe620a54ae977c3950e6b2a95d5e1965e0cbf521c25ef3ff814926b4bc098deeeea40162dae5a93fe1869bcd281f15688ccde1741706e08cb739f6db77cd99230130a1cfba7944
x-tt-trace-id: 00-25010300190125B7D54996A767FE2992-715EA29444D5243F-00
X-Origin-Response-Time: 128,23.55.100.229
X-Akamai-Request-ID: 525c7656.108f2546
Expires: Fri, 03 Jan 2025 00:19:01 GMT
Cache-Control: max-age=0, no-cache, no-store
Pragma: no-cache
Date: Fri, 03 Jan 2025 00:19:01 GMT
X-Cache: TCP_MISS from a95-101-134-116.deploy.akamaitechnologies.com (AkamaiGHost/11.7.2.1-9611f29bef89eba7b18045b10aa2af98) (-)
Connection: close
X-Cache-Remote: TCP_MISS from a23-55-100-229.deploy.akamaitechnologies.com (AkamaiGHost/11.7.2.1-9611f29bef89eba7b18045b10aa2af98) (-)
x-tt-trace-tag: id=16;cdn-cache=miss;type=dyn
Server-Timing: cdn-cache; desc=MISS, edge; dur=93, origin; dur=128
Server-Timing: inner; dur=113
X-Parent-Response-Time: 220,95.101.134.116

{"code": 0, "message": "OK", "request_id": "2025010300190125B7D54996A767FE2992", "data": {}}
2025-01-03T00:19:01+00:00 DEBUG Tt4b_Pixel_Class::inject_view_content_event: hit ViewContent
2025-01-03T00:19:01+00:00 DEBUG POST: https://business-api.tiktok.com/open_api/v1.3/event/track/

{"partner_name":"WooCommerce","event_source":"web","event_source_id":"CSM79Q3C77UAG1T340I0","data":[{"event":"ViewContent","event_id":"67772cf5c3693_tt4b_woocommerce_670666209cf1f_4373","event_time":1735863541,"user":{"ip":"66.249.66.70","user_agent":"Mozilla\/5.0 (Linux; Android 6.0.1; Nexus 5X Build\/MMB29P) AppleWebKit\/537.36 (KHTML, like Gecko) Chrome\/131.0.6778.204 Mobile Safari\/537.36 (compatible; Googlebot\/2.1; +http:\/\/www.google.com\/bot.html)","locale":"ar","external_id":"0","email":"e3b0c44298fc1c149afbf4c8996fb92427ae41e4649b934ca495991b7852b855","phone_number":"e3b0c44298fc1c149afbf4c8996fb92427ae41e4649b934ca495991b7852b855","first_name":"e3b0c44298fc1c149afbf4c8996fb92427ae41e4649b934ca495991b7852b855","last_name":"e3b0c44298fc1c149afbf4c8996fb92427ae41e4649b934ca495991b7852b855","zip_code":"e3b0c44298fc1c149afbf4c8996fb92427ae41e4649b934ca495991b7852b855"},"properties":{"contents":[{"price":460,"quantity":1,"content_id":"4373","content_name":"\u0639\u0644\u0645 \u0642\u0637\u0631\u0629 \u0627\u0644\u0645\u0637\u0631","description":"\u0623\u0639\u0644\u0627\u0645 \u0645\u0643\u062a\u0628\u064a\u0629 \u0635\u063a\u064a\u0631\u0629: \u0645\u062b\u0627\u0644\u064a\u0629 \u0644\u062a\u0632\u064a\u064a\u0646 \u0627\u0644\u0645\u0643\u062a\u0628 \u0628\u0644\u0645\u0633\u0629 \u0623\u0646\u064a\u0642\u0629 \u0648\u0641\u0627\u062e\u0631\u0629. \u0645\u0635\u0646\u0648\u0639\u0629 \u0645\u0646 \u0645\u0648\u0627\u062f \u0645\u062a\u064a\u0646\u0629 \u0648\u0628\u0623\u0644\u0648\u0627\u0646 \u0632\u0627\u0647\u064a\u0629\u060c \u062a\u0636\u064a\u0641 \u062c\u0627\u0630\u0628\u064a\u0629 \u0645\u0645\u064a\u0632\u0629 \u0644\u0623\u064a \u0645\u0633\u0627\u062d\u0629 \u0645\u0643\u062a\u0628\u064a\u0629 \u062f\u0648\u0646 \u0634\u063a\u0644 \u062d\u064a\u0632 \u0643\u0628\u064a\u0631. \u0645\u062b\u0627\u0644\u064a\u0629 \u0644\u0644\u0627\u062c\u062a\u0645\u0627\u0639\u0627\u062a\u060c \u0627\u0644\u0645\u0624\u062a\u0645\u0631\u0627\u062a\u060c \u0648\u0627\u0644\u0647\u062f\u0627\u064a\u0627 \u0627\u0644\u0641\u0627\u062e\u0631\u0629.","availability":"IN_STOCK","sale_price":460,"on_sale":false}],"content_type":"product","currency":"SAR","value":460,"event_trigger_source":"WooCommerce"},"page":{"url":"http:\/\/ibn-sinaa.com\/product\/raindrop-flag\/"}}]}
 ajax: no
2025-01-03T00:19:01+00:00 DEBUG Tt4b_Mapi_Class::mapi_post: Response: 

HTTP/1.1 200 OK
Server: nginx
Content-Type: application/json
Content-Length: 92
X-Tt-Logid: 202501030019012B3AC3A96A0C12450E02
x-tt-trace-host: 018e5a586174a888928d793bdac74b79b56517d7628cf0ffdff56b078ad2cf5615ab75a6832501f8bf22f27f3ce3c985bc4e6c36461a7e02dbc58326879cec65d1cfaaf3727caf781b3ee3b6590c0e75d3fb75d07df9e0b7feaf3091f16cc92d103037a5e866cd73fe9408aff26b968d0f
x-tt-trace-id: 00-2501030019012B3AC3A96A0C12450E02-3E565AE41D17D3BB-00
X-Origin-Response-Time: 48,23.207.199.21
X-Akamai-Request-ID: c3305bb.123bb643
Expires: Fri, 03 Jan 2025 00:19:01 GMT
Cache-Control: max-age=0, no-cache, no-store
Pragma: no-cache
Date: Fri, 03 Jan 2025 00:19:01 GMT
X-Cache: TCP_MISS from a95-101-134-92.deploy.akamaitechnologies.com (AkamaiGHost/11.7.2.1-9611f29bef89eba7b18045b10aa2af98) (-)
Connection: close
X-Cache-Remote: TCP_MISS from a23-207-199-21.deploy.akamaitechnologies.com (AkamaiGHost/11.7.2.1-9611f29bef89eba7b18045b10aa2af98) (-)
x-tt-trace-tag: id=16;cdn-cache=miss;type=dyn
Server-Timing: cdn-cache; desc=MISS, edge; dur=81, origin; dur=48
Server-Timing: inner; dur=43
X-Parent-Response-Time: 129,95.101.134.92

{"code": 0, "message": "OK", "request_id": "202501030019012B3AC3A96A0C12450E02", "data": {}}
2025-01-03T00:21:19+00:00 DEBUG Tt4b_Pixel_Class::inject_add_to_cart_event: hit AddToCart
2025-01-03T00:21:19+00:00 DEBUG POST: https://business-api.tiktok.com/open_api/v1.3/event/track/

{"partner_name":"WooCommerce","event_source":"web","event_source_id":"CSM79Q3C77UAG1T340I0","data":[{"event":"AddToCart","event_id":"67772d7f4012e_tt4b_woocommerce_670666209cf1f_4432","event_time":1735863679,"user":{"ip":"54.36.148.207","user_agent":"Mozilla\/5.0 (compatible; AhrefsBot\/7.0; +http:\/\/ahrefs.com\/robot\/)","locale":"ar","external_id":"0","email":"e3b0c44298fc1c149afbf4c8996fb92427ae41e4649b934ca495991b7852b855","phone_number":"e3b0c44298fc1c149afbf4c8996fb92427ae41e4649b934ca495991b7852b855","first_name":"e3b0c44298fc1c149afbf4c8996fb92427ae41e4649b934ca495991b7852b855","last_name":"e3b0c44298fc1c149afbf4c8996fb92427ae41e4649b934ca495991b7852b855","zip_code":"e3b0c44298fc1c149afbf4c8996fb92427ae41e4649b934ca495991b7852b855"},"properties":{"contents":[{"price":115,"quantity":1,"content_id":"4432","content_name":"\u062a\u0642\u0648\u064a\u0645 \u062e\u0634\u0628 \u0635\u063a\u064a\u0631","description":"\u062a\u0642\u0648\u064a\u0645 \u062e\u0634\u0628 \u0635\u063a\u064a\u0631: \u062a\u0635\u0645\u064a\u0645 \u0639\u0635\u0631\u064a \u0648\u0623\u0646\u064a\u0642\u060c \u0645\u0635\u0646\u0648\u0639 \u0645\u0646 \u0627\u0644\u062e\u0634\u0628 \u0627\u0644\u0645\u062a\u064a\u0646 \u0628\u0648\u0636\u0648\u062d \u0627\u0633\u062a\u062b\u0646\u0627\u0626\u064a \u0644\u0644\u0643\u062a\u0627\u0628\u0629 \u0648\u0627\u0644\u0631\u0624\u064a\u0629\u060c \u064a\u0636\u064a\u0641 \u0644\u0645\u0633\u0629 \u0645\u0646 \u0627\u0644\u0641\u062e\u0627\u0645\u0629 \u0648\u0627\u0644\u062a\u0646\u0638\u064a\u0645 \u0644\u0645\u0643\u062a\u0628\u0643. \u0645\u062b\u0627\u0644\u064a \u0644\u062a\u0646\u0638\u064a\u0645 \u0627\u0644\u0645\u0648\u0627\u0639\u064a\u062f \u0648\u0627\u0644\u0627\u062c\u062a\u0645\u0627\u0639\u0627\u062a\u060c \u0648\u064a\u0636\u0641\u064a \u062c\u0627\u0630\u0628\u064a\u0629 \u0639\u0644\u0649 \u0645\u0633\u0627\u062d\u0629 \u0627\u0644\u0639\u0645\u0644 \u0627\u0644\u062e\u0627\u0635\u0629 \u0628\u0643.","availability":"IN_STOCK","sale_price":115,"on_sale":false}],"content_type":"product","currency":"SAR","value":115,"event_trigger_source":"WooCommerce"},"page":{"url":"http:\/\/ibn-sinaa.com\/product\/acrylic-calendar-with-wooden-pocket\/?add-to-cart=4432"}}]}
 ajax: no
2025-01-03T00:21:19+00:00 DEBUG Tt4b_Mapi_Class::mapi_post: Response: 

HTTP/1.1 200 OK
Server: nginx
Content-Type: application/json
Content-Length: 92
X-Tt-Logid: 202501030021193542213BB93FDFB40757
Server-Timing: inner; dur=31
x-tt-trace-host: 018e5a586174a888928d793bdac74b79b520593bf434961dbceff88e4b17f9a15619388e213f441d5a9216badb6b798017e9dc5b8a9d1240988f9af2ed9a0087a860e333922ce806c301492ca7db3a46135e3544da306a6ac37dccd6c268b3cb8a
x-tt-trace-id: 00-2501030021193542213BB93FDFB40757-51D515A15E95828D-00
Expires: Fri, 03 Jan 2025 00:21:19 GMT
Cache-Control: max-age=0, no-cache, no-store
Pragma: no-cache
Date: Fri, 03 Jan 2025 00:21:19 GMT
X-Cache: TCP_MISS from a95-101-134-116.deploy.akamaitechnologies.com (AkamaiGHost/11.7.2.1-9611f29bef89eba7b18045b10aa2af98) (-)
Connection: close
x-tt-trace-tag: id=16;cdn-cache=miss;type=dyn
Server-Timing: cdn-cache; desc=MISS, edge; dur=0, origin; dur=113
X-Origin-Response-Time: 113,95.101.134.116
X-Akamai-Request-ID: 109440e7

{"code": 0, "message": "OK", "request_id": "202501030021193542213BB93FDFB40757", "data": {}}
2025-01-03T00:21:19+00:00 DEBUG POST: https://business-api.tiktok.com/open_api/v1.3/event/track/

{"partner_name":"WooCommerce","event_source":"web","event_source_id":"CSM79Q3C77UAG1T340I0","data":[{"event":"Pageview","event_id":"67772d7f99a6b_tt4b_woocommerce_670666209cf1f","event_time":1735863679,"user":{"ip":"54.36.148.207","user_agent":"Mozilla\/5.0 (compatible; AhrefsBot\/7.0; +http:\/\/ahrefs.com\/robot\/)","locale":"ar","external_id":"0","email":"e3b0c44298fc1c149afbf4c8996fb92427ae41e4649b934ca495991b7852b855","phone_number":"e3b0c44298fc1c149afbf4c8996fb92427ae41e4649b934ca495991b7852b855","first_name":"e3b0c44298fc1c149afbf4c8996fb92427ae41e4649b934ca495991b7852b855","last_name":"e3b0c44298fc1c149afbf4c8996fb92427ae41e4649b934ca495991b7852b855","zip_code":"e3b0c44298fc1c149afbf4c8996fb92427ae41e4649b934ca495991b7852b855"},"page":{"url":"http:\/\/ibn-sinaa.com\/product\/acrylic-calendar-with-wooden-pocket\/?add-to-cart=4432"}}]}
 ajax: no
2025-01-03T00:21:19+00:00 DEBUG Tt4b_Mapi_Class::mapi_post: Response: 

HTTP/1.1 200 OK
Server: nginx
Content-Type: application/json
Content-Length: 92
X-Tt-Logid: 202501030021197734EFE0B5D218AD70C9
x-tt-trace-host: 018e5a586174a888928d793bdac74b79b56517d7628cf0ffdff56b078ad2cf5615d02d71d3ede51b68e68d3829ca272f70752a7c6848be708c2d6fb4cfa57b41e7b5e5609fc361978911683c4030a65545809e7fb41aeb5723be34f01b96c9ceb6ce92757e26de992b437524e25c71fbb4
x-tt-trace-id: 00-2501030021197734EFE0B5D218AD70C9-723F1F8C2B906D6D-00
X-Origin-Response-Time: 43,23.218.219.20
X-Akamai-Request-ID: 6f5d537.1243674a
Expires: Fri, 03 Jan 2025 00:21:19 GMT
Cache-Control: max-age=0, no-cache, no-store
Pragma: no-cache
Date: Fri, 03 Jan 2025 00:21:19 GMT
X-Cache: TCP_MISS from a95-101-134-92.deploy.akamaitechnologies.com (AkamaiGHost/11.7.2.1-9611f29bef89eba7b18045b10aa2af98) (-)
Connection: close
X-Cache-Remote: TCP_MISS from a23-218-219-20.deploy.akamaitechnologies.com (AkamaiGHost/11.7.2.1-9611f29bef89eba7b18045b10aa2af98) (-)
x-tt-trace-tag: id=16;cdn-cache=miss;type=dyn
Server-Timing: cdn-cache; desc=MISS, edge; dur=84, origin; dur=43
Server-Timing: inner; dur=40
X-Parent-Response-Time: 127,95.101.134.92

{"code": 0, "message": "OK", "request_id": "202501030021197734EFE0B5D218AD70C9", "data": {}}
2025-01-03T00:21:19+00:00 DEBUG Tt4b_Pixel_Class::inject_view_content_event: hit ViewContent
2025-01-03T00:21:19+00:00 DEBUG POST: https://business-api.tiktok.com/open_api/v1.3/event/track/

{"partner_name":"WooCommerce","event_source":"web","event_source_id":"CSM79Q3C77UAG1T340I0","data":[{"event":"ViewContent","event_id":"67772d7fd3b12_tt4b_woocommerce_670666209cf1f_4426","event_time":1735863679,"user":{"ip":"54.36.148.207","user_agent":"Mozilla\/5.0 (compatible; AhrefsBot\/7.0; +http:\/\/ahrefs.com\/robot\/)","locale":"ar","external_id":"0","email":"e3b0c44298fc1c149afbf4c8996fb92427ae41e4649b934ca495991b7852b855","phone_number":"e3b0c44298fc1c149afbf4c8996fb92427ae41e4649b934ca495991b7852b855","first_name":"e3b0c44298fc1c149afbf4c8996fb92427ae41e4649b934ca495991b7852b855","last_name":"e3b0c44298fc1c149afbf4c8996fb92427ae41e4649b934ca495991b7852b855","zip_code":"e3b0c44298fc1c149afbf4c8996fb92427ae41e4649b934ca495991b7852b855"},"properties":{"contents":[{"price":180,"quantity":1,"content_id":"4426","content_name":"\u062a\u0642\u0648\u064a\u0645 \u0627\u0643\u0631\u064a\u0644\u064a\u0643 \u0645\u0639 \u062c\u064a\u0628 \u062e\u0634\u0628","description":"\u062a\u0642\u0648\u064a\u0645 \u0623\u0643\u0631\u064a\u0644\u064a\u0643 \u0645\u0639 \u062c\u064a\u0628 \u062e\u0634\u0628: \u062a\u0635\u0645\u064a\u0645 \u0639\u0635\u0631\u064a \u0648\u0623\u0646\u064a\u0642\u060c \u0645\u0635\u0646\u0648\u0639 \u0645\u0646 \u0627\u0644\u0623\u0643\u0631\u064a\u0644\u064a\u0643 \u0627\u0644\u0645\u062a\u064a\u0646 \u0628\u0648\u0636\u0648\u062d \u0627\u0633\u062a\u062b\u0646\u0627\u0626\u064a \u0644\u0644\u0643\u062a\u0627\u0628\u0629 \u0648\u0627\u0644\u0631\u0624\u064a\u0629\u060c \u064a\u0636\u064a\u0641 \u0644\u0645\u0633\u0629 \u0645\u0646 \u0627\u0644\u0641\u062e\u0627\u0645\u0629 \u0648\u0627\u0644\u062a\u0646\u0638\u064a\u0645 \u0644\u0645\u0643\u062a\u0628\u0643. \u0645\u062b\u0627\u0644\u064a \u0644\u062a\u0646\u0638\u064a\u0645 \u0627\u0644\u0645\u0648\u0627\u0639\u064a\u062f \u0648\u0627\u0644\u0627\u062c\u062a\u0645\u0627\u0639\u0627\u062a\u060c \u0648\u064a\u0636\u0641\u064a \u062c\u0627\u0630\u0628\u064a\u0629 \u0639\u0644\u0649 \u0645\u0633\u0627\u062d\u0629 \u0627\u0644\u0639\u0645\u0644 \u0627\u0644\u062e\u0627\u0635\u0629 \u0628\u0643.","availability":"IN_STOCK","sale_price":180,"on_sale":false}],"content_type":"product","currency":"SAR","value":180,"event_trigger_source":"WooCommerce"},"page":{"url":"http:\/\/ibn-sinaa.com\/product\/acrylic-calendar-with-wooden-pocket\/?add-to-cart=4432"}}]}
 ajax: no
2025-01-03T00:21:20+00:00 DEBUG Tt4b_Mapi_Class::mapi_post: Response: 

HTTP/1.1 200 OK
Server: nginx
Content-Type: application/json
Content-Length: 92
X-Tt-Logid: 202501030021194B196F6EC8C5599F4A23
Server-Timing: inner; dur=18
x-tt-trace-host: 018e5a586174a888928d793bdac74b79b520593bf434961dbceff88e4b17f9a156a49e2c0de10bb78e05f0b61c72298ac6722144b3989f4a31620bbde9b0ea764898f6bb96109811fadb3886212b2505799f6b6804fa721dd615b08659f3c9918f
x-tt-trace-id: 00-2501030021194B196F6EC8C5599F4A23-7DA6258526D9CC8D-00
Expires: Fri, 03 Jan 2025 00:21:20 GMT
Cache-Control: max-age=0, no-cache, no-store
Pragma: no-cache
Date: Fri, 03 Jan 2025 00:21:20 GMT
X-Cache: TCP_MISS from a95-101-134-116.deploy.akamaitechnologies.com (AkamaiGHost/11.7.2.1-9611f29bef89eba7b18045b10aa2af98) (-)
Connection: close
x-tt-trace-tag: id=16;cdn-cache=miss;type=dyn
Server-Timing: cdn-cache; desc=MISS, edge; dur=1, origin; dur=103
X-Origin-Response-Time: 103,95.101.134.116
X-Akamai-Request-ID: 10944645

{"code": 0, "message": "OK", "request_id": "202501030021194B196F6EC8C5599F4A23", "data": {}}
2025-01-03T00:21:26+00:00 DEBUG POST: https://business-api.tiktok.com/open_api/v1.3/event/track/

{"partner_name":"WooCommerce","event_source":"web","event_source_id":"CSM79Q3C77UAG1T340I0","data":[{"event":"Pageview","event_id":"67772d86b21b2_tt4b_woocommerce_670666209cf1f","event_time":1735863686,"user":{"ip":"66.249.66.19","user_agent":"Mozilla\/5.0 (Linux; Android 6.0.1; Nexus 5X Build\/MMB29P) AppleWebKit\/537.36 (KHTML, like Gecko) Chrome\/131.0.6778.204 Mobile Safari\/537.36 (compatible; Googlebot\/2.1; +http:\/\/www.google.com\/bot.html)","locale":"ar","external_id":"0","email":"e3b0c44298fc1c149afbf4c8996fb92427ae41e4649b934ca495991b7852b855","phone_number":"e3b0c44298fc1c149afbf4c8996fb92427ae41e4649b934ca495991b7852b855","first_name":"e3b0c44298fc1c149afbf4c8996fb92427ae41e4649b934ca495991b7852b855","last_name":"e3b0c44298fc1c149afbf4c8996fb92427ae41e4649b934ca495991b7852b855","zip_code":"e3b0c44298fc1c149afbf4c8996fb92427ae41e4649b934ca495991b7852b855"},"page":{"url":"http:\/\/mail.ibn-sinaa.com\/%D9%85%D8%B3%D8%AA%D9%88%D8%AD%D8%A7%D8%A9-%D9%85%D9%86%D9%83\/feed\/"}}]}
 ajax: no
2025-01-03T00:21:26+00:00 DEBUG Tt4b_Mapi_Class::mapi_post: Response: 

HTTP/1.1 200 OK
Server: nginx
Content-Type: application/json
Content-Length: 92
X-Tt-Logid: 2025010300212660F36142A2ABC8DFFF5C
Server-Timing: inner; dur=33
x-tt-trace-host: 018e5a586174a888928d793bdac74b79b51a437ee89a1c03eb2011d034a2e3e9f5ed66ae7199d90a9c41845c301076b16aa3054e097c41b4e922ab2d651431c419e1a21721bbc0fceac0b304442fbe0765c1e765a2e0a23afbf19591383140db5e
x-tt-trace-id: 00-25010300212660F36142A2ABC8DFFF5C-56156CD484680E17-00
Expires: Fri, 03 Jan 2025 00:21:26 GMT
Cache-Control: max-age=0, no-cache, no-store
Pragma: no-cache
Date: Fri, 03 Jan 2025 00:21:26 GMT
X-Cache: TCP_MISS from a95-101-134-92.deploy.akamaitechnologies.com (AkamaiGHost/11.7.2.1-9611f29bef89eba7b18045b10aa2af98) (-)
Connection: close
x-tt-trace-tag: id=16;cdn-cache=miss;type=dyn
Server-Timing: cdn-cache; desc=MISS, edge; dur=0, origin; dur=113
X-Origin-Response-Time: 113,95.101.134.92
X-Akamai-Request-ID: 1243cb4c

{"code": 0, "message": "OK", "request_id": "2025010300212660F36142A2ABC8DFFF5C", "data": {}}
2025-01-03T00:21:43+00:00 DEBUG POST: https://business-api.tiktok.com/open_api/v1.3/event/track/

{"partner_name":"WooCommerce","event_source":"web","event_source_id":"CSM79Q3C77UAG1T340I0","data":[{"event":"Pageview","event_id":"67772d9789a43_tt4b_woocommerce_670666209cf1f","event_time":1735863703,"user":{"ip":"66.249.66.168","user_agent":"Mozilla\/5.0 (Linux; Android 6.0.1; Nexus 5X Build\/MMB29P) AppleWebKit\/537.36 (KHTML, like Gecko) Chrome\/131.0.6778.139 Mobile Safari\/537.36 (compatible; Googlebot\/2.1; +http:\/\/www.google.com\/bot.html)","locale":"ar","external_id":"0","email":"e3b0c44298fc1c149afbf4c8996fb92427ae41e4649b934ca495991b7852b855","phone_number":"e3b0c44298fc1c149afbf4c8996fb92427ae41e4649b934ca495991b7852b855","first_name":"e3b0c44298fc1c149afbf4c8996fb92427ae41e4649b934ca495991b7852b855","last_name":"e3b0c44298fc1c149afbf4c8996fb92427ae41e4649b934ca495991b7852b855","zip_code":"e3b0c44298fc1c149afbf4c8996fb92427ae41e4649b934ca495991b7852b855"},"page":{"url":"http:\/\/www.ibn-sinaa.com\/product\/stand-curved\/"}}]}
 ajax: no
2025-01-03T00:21:43+00:00 DEBUG Tt4b_Mapi_Class::mapi_post: Response: 

HTTP/1.1 200 OK
Server: nginx
Content-Type: application/json
Content-Length: 92
X-Tt-Logid: 2025010300214378D1C6BB7B0B8CD07338
Server-Timing: inner; dur=30
x-tt-trace-host: 018e5a586174a888928d793bdac74b79b51a437ee89a1c03eb2011d034a2e3e9f5b8278b8e736351247dc4d007a39979f552149350c9fb546eaca05338e3ab4e9a4c15cab59e4be909c54e2bd2de2da3297dc771eef901915933ef0f1259eba9f9
x-tt-trace-id: 00-25010300214378D1C6BB7B0B8CD07338-197F32935CA813DC-00
Expires: Fri, 03 Jan 2025 00:21:43 GMT
Cache-Control: max-age=0, no-cache, no-store
Pragma: no-cache
Date: Fri, 03 Jan 2025 00:21:43 GMT
X-Cache: TCP_MISS from a95-101-134-92.deploy.akamaitechnologies.com (AkamaiGHost/11.7.2.1-9611f29bef89eba7b18045b10aa2af98) (-)
Connection: close
x-tt-trace-tag: id=16;cdn-cache=miss;type=dyn
Server-Timing: cdn-cache; desc=MISS, edge; dur=1, origin; dur=112
X-Origin-Response-Time: 112,95.101.134.92
X-Akamai-Request-ID: 1244b604

{"code": 0, "message": "OK", "request_id": "2025010300214378D1C6BB7B0B8CD07338", "data": {}}
2025-01-03T00:21:43+00:00 DEBUG Tt4b_Pixel_Class::inject_view_content_event: hit ViewContent
2025-01-03T00:21:43+00:00 DEBUG POST: https://business-api.tiktok.com/open_api/v1.3/event/track/

{"partner_name":"WooCommerce","event_source":"web","event_source_id":"CSM79Q3C77UAG1T340I0","data":[{"event":"ViewContent","event_id":"67772d97c2dc7_tt4b_woocommerce_670666209cf1f_4224","event_time":1735863703,"user":{"ip":"66.249.66.168","user_agent":"Mozilla\/5.0 (Linux; Android 6.0.1; Nexus 5X Build\/MMB29P) AppleWebKit\/537.36 (KHTML, like Gecko) Chrome\/131.0.6778.139 Mobile Safari\/537.36 (compatible; Googlebot\/2.1; +http:\/\/www.google.com\/bot.html)","locale":"ar","external_id":"0","email":"e3b0c44298fc1c149afbf4c8996fb92427ae41e4649b934ca495991b7852b855","phone_number":"e3b0c44298fc1c149afbf4c8996fb92427ae41e4649b934ca495991b7852b855","first_name":"e3b0c44298fc1c149afbf4c8996fb92427ae41e4649b934ca495991b7852b855","last_name":"e3b0c44298fc1c149afbf4c8996fb92427ae41e4649b934ca495991b7852b855","zip_code":"e3b0c44298fc1c149afbf4c8996fb92427ae41e4649b934ca495991b7852b855"},"properties":{"contents":[{"price":690,"quantity":1,"content_id":"4224","content_name":"\u0627\u0633\u062a\u0627\u0646\u062f \u0645\u0646\u062d\u0646\u064a","description":"\u0637\u0628\u0627\u0639\u0629 \u0627\u0633\u062a\u0627\u0646\u062f \u0645\u0646\u062d\u0646\u064a \u0645\u0646 \u0645\u062a\u062c\u0631 \u0645\u0643\u062a\u0628\u0629 \u0627\u0628\u0646 \u0633\u064a\u0646\u0627 \u0627\u0644\u0625\u0644\u0643\u062a\u0631\u0648\u0646\u064a\u060c \u0645\u0635\u0645\u0645 \u0644\u0625\u0636\u0627\u0641\u0629 \u0644\u0645\u0633\u0629 \u0645\u0646 \u0627\u0644\u0623\u0646\u0627\u0642\u0629 \u0648\u0627\u0644\u0627\u062d\u062a\u0631\u0627\u0641\u064a\u0629 \u0644\u0639\u0631\u0636 \u0645\u0646\u062a\u062c\u0627\u062a\u0643 \u0623\u0648 \u0645\u0648\u0627\u062f\u0643 \u0627\u0644\u0625\u0639\u0644\u0627\u0646\u064a\u0629. \u064a\u062a\u0645\u064a\u0632 \u0647\u0630\u0627 \u0627\u0644\u0627\u0633\u062a\u0627\u0646\u062f \u0628\u062c\u0648\u062f\u0629 \u0639\u0627\u0644\u064a\u0629 \u0648\u062a\u0635\u0645\u064a\u0645 \u0645\u0646\u062d\u0646\u064a \u064a\u0644\u0641\u062a \u0627\u0644\u0623\u0646\u0638\u0627\u0631 \u0648\u064a\u0639\u0632\u0632 \u0645\u0646 \u062c\u0627\u0630\u0628\u064a\u0629 \u0627\u0644\u0639\u0631\u0636.","availability":"IN_STOCK","sale_price":690,"on_sale":false}],"content_type":"product","currency":"SAR","value":690,"event_trigger_source":"WooCommerce"},"page":{"url":"http:\/\/www.ibn-sinaa.com\/product\/stand-curved\/"}}]}
 ajax: no
2025-01-03T00:21:43+00:00 DEBUG Tt4b_Mapi_Class::mapi_post: Response: 

HTTP/1.1 200 OK
Server: nginx
Content-Type: application/json
Content-Length: 92
X-Tt-Logid: 20250103002143205D0D032A1F8FD5B300
x-tt-trace-host: 018e5a586174a888928d793bdac74b79b519a86797e72c2eba011e03e23beee17d921dae5bd112769f86648f5db19ebd5c06bceb114133a69e191e2b7dcb521e28f054b43eacd609017ddb25b77c9a43345e2ad440f0830ffb9f1bbfe3df25e12a16092a36ba9d6d5343266afce8e6bfc6
x-tt-trace-id: 00-250103002143205D0D032A1F8FD5B300-526CD4F554525920-00
X-Origin-Response-Time: 38,23.207.199.52
X-Akamai-Request-ID: 4324726.109521d9
Expires: Fri, 03 Jan 2025 00:21:43 GMT
Cache-Control: max-age=0, no-cache, no-store
Pragma: no-cache
Date: Fri, 03 Jan 2025 00:21:43 GMT
X-Cache: TCP_MISS from a95-101-134-116.deploy.akamaitechnologies.com (AkamaiGHost/11.7.2.1-9611f29bef89eba7b18045b10aa2af98) (-)
Connection: close
X-Cache-Remote: TCP_MISS from a23-207-199-52.deploy.akamaitechnologies.com (AkamaiGHost/11.7.2.1-9611f29bef89eba7b18045b10aa2af98) (-)
x-tt-trace-tag: id=16;cdn-cache=miss;type=dyn
Server-Timing: cdn-cache; desc=MISS, edge; dur=82, origin; dur=38
Server-Timing: inner; dur=32
X-Parent-Response-Time: 119,95.101.134.116

{"code": 0, "message": "OK", "request_id": "20250103002143205D0D032A1F8FD5B300", "data": {}}
2025-01-03T00:24:20+00:00 DEBUG POST: https://business-api.tiktok.com/open_api/v1.3/event/track/

{"partner_name":"WooCommerce","event_source":"web","event_source_id":"CSM79Q3C77UAG1T340I0","data":[{"event":"Pageview","event_id":"67772e34c1078_tt4b_woocommerce_670666209cf1f","event_time":1735863860,"user":{"ip":"66.249.66.167","user_agent":"Mozilla\/5.0 (Linux; Android 6.0.1; Nexus 5X Build\/MMB29P) AppleWebKit\/537.36 (KHTML, like Gecko) Chrome\/131.0.6778.139 Mobile Safari\/537.36 (compatible; Googlebot\/2.1; +http:\/\/www.google.com\/bot.html)","locale":"ar","external_id":"0","email":"e3b0c44298fc1c149afbf4c8996fb92427ae41e4649b934ca495991b7852b855","phone_number":"e3b0c44298fc1c149afbf4c8996fb92427ae41e4649b934ca495991b7852b855","first_name":"e3b0c44298fc1c149afbf4c8996fb92427ae41e4649b934ca495991b7852b855","last_name":"e3b0c44298fc1c149afbf4c8996fb92427ae41e4649b934ca495991b7852b855","zip_code":"e3b0c44298fc1c149afbf4c8996fb92427ae41e4649b934ca495991b7852b855"},"page":{"url":"http:\/\/www.ibn-sinaa.com\/product-category\/digital-printing\/tags\/"}}]}
 ajax: no
2025-01-03T00:24:21+00:00 DEBUG Tt4b_Mapi_Class::mapi_post: Response: 

HTTP/1.1 200 OK
Server: nginx
Content-Type: application/json
Content-Length: 92
X-Tt-Logid: 20250103002420D4106A86639360C88B3E
x-tt-trace-host: 018e5a586174a888928d793bdac74b79b519a86797e72c2eba011e03e23beee17d983f0ab05f73fbadd6e87a45cc7555f039900988524bb20aa06e298aea2cdba1f68a1f755e1aba7900117ec08c1bdca20c310746cd5f6d7931580e61a66783b307caba6ccd405b536a5b1cc031573763
x-tt-trace-id: 00-250103002420D4106A86639360C88B3E-73BF290B7E9CDF9B-00
X-Origin-Response-Time: 37,23.207.199.24
X-Akamai-Request-ID: 30a73dcb.109a5781
Expires: Fri, 03 Jan 2025 00:24:21 GMT
Cache-Control: max-age=0, no-cache, no-store
Pragma: no-cache
Date: Fri, 03 Jan 2025 00:24:21 GMT
X-Cache: TCP_MISS from a95-101-134-116.deploy.akamaitechnologies.com (AkamaiGHost/11.7.2.1-9611f29bef89eba7b18045b10aa2af98) (-)
Connection: close
X-Cache-Remote: TCP_MISS from a23-207-199-24.deploy.akamaitechnologies.com (AkamaiGHost/11.7.2.1-9611f29bef89eba7b18045b10aa2af98) (-)
x-tt-trace-tag: id=16;cdn-cache=miss;type=dyn
Server-Timing: cdn-cache; desc=MISS, edge; dur=82, origin; dur=36
Server-Timing: inner; dur=32
X-Parent-Response-Time: 117,95.101.134.116

{"code": 0, "message": "OK", "request_id": "20250103002420D4106A86639360C88B3E", "data": {}}
2025-01-03T00:26:38+00:00 DEBUG Tt4b_Pixel_Class::inject_add_to_cart_event: hit AddToCart
2025-01-03T00:26:38+00:00 DEBUG POST: https://business-api.tiktok.com/open_api/v1.3/event/track/

{"partner_name":"WooCommerce","event_source":"web","event_source_id":"CSM79Q3C77UAG1T340I0","data":[{"event":"AddToCart","event_id":"67772ebe6f854_tt4b_woocommerce_670666209cf1f_4125","event_time":1735863998,"user":{"ip":"54.36.148.193","user_agent":"Mozilla\/5.0 (compatible; AhrefsBot\/7.0; +http:\/\/ahrefs.com\/robot\/)","locale":"ar","external_id":"0","email":"e3b0c44298fc1c149afbf4c8996fb92427ae41e4649b934ca495991b7852b855","phone_number":"e3b0c44298fc1c149afbf4c8996fb92427ae41e4649b934ca495991b7852b855","first_name":"e3b0c44298fc1c149afbf4c8996fb92427ae41e4649b934ca495991b7852b855","last_name":"e3b0c44298fc1c149afbf4c8996fb92427ae41e4649b934ca495991b7852b855","zip_code":"e3b0c44298fc1c149afbf4c8996fb92427ae41e4649b934ca495991b7852b855"},"properties":{"contents":[{"price":65,"quantity":1,"content_id":"4125","content_name":"\u0633\u062c\u0644\u0627\u062a \u0645\u0627\u062f\u0629 \u0627\u0644\u0641\u064a\u0632\u064a\u0627\u0621","description":". \u0637\u0628\u0627\u0639\u0647 \u0633\u062c\u0644\u0627\u062a \u0645\u062f\u0631\u0633\u064a\u0629 \u0627\u062d\u062a\u0631\u0627\u0641\u064a\u0629 \u062e\u0627\u0645\u062a\u0647\u0627 \u0643\u0631\u062a\u0648\u0646 2000 \u062c\u0631\u0627\u0645,\u062a\u0636\u0627\u0641 \u0637\u0628\u0642\u0629 \u062d\u0645\u0627\u064a\u0647 \u0627\u0633\u062a\u064a\u0643\u0631 \u0645\u0639 \u0633\u0644\u0648\u0641\u0627\u0646 \u0644\u0627\u0645\u0639.\r\n. \u0645\u062a\u0648\u0641\u0631 \u0628 \u0627\u062d\u062c\u0627\u0645 \u0645\u062e\u062a\u0644\u0641\u0647 ( \u0635\u063a\u064a\u0631, \u0648\u0633\u0637 , \u0643\u0628\u064a\u0631 ).\r\n. \u064a\u062a\u0633\u0639 \u0627\u0644\u0645\u0642\u0627\u0633 \u0627\u0644\u0635\u063a\u064a\u0631 ( \u0645\u0646 50 \u0627\u0644\u0649 150 \u0648\u0631\u0642\u0629 )\r\n. \u064a\u062a\u0633\u0639 \u0627\u0644\u0648\u0633\u0637 ( \u0645\u0646 150 \u0627\u0644\u0649 300 \u0648\u0631\u0642\u0629 )\r\n. \u0627\u0644\u0643\u0628\u064a\u0631 ( \u0645\u0646 300 \u0627\u0644\u0649 400 \u0648\u0631\u0642\u0629 ).\r\n. \u0645\u062f\u0629 \u0627\u0644\u062a\u0646\u0641\u064a\u0630 : 3-5 \u0627\u064a\u0627\u0645 \u0648\u062a\u0632\u064a\u062f \u0627\u0644\u0645\u062f\u0629 \u0639\u0646 \u0637\u0644\u0628 \u0627\u0644\u0634\u062d\u0646.","availability":"IN_STOCK","sale_price":65,"on_sale":false}],"content_type":"product","currency":"SAR","value":65,"event_trigger_source":"WooCommerce"},"page":{"url":"http:\/\/ibn-sinaa.com\/shop\/page\/6\/?add-to-cart=4125"}}]}
 ajax: no
2025-01-03T00:26:38+00:00 DEBUG Tt4b_Mapi_Class::mapi_post: Response: 

HTTP/1.1 200 OK
Server: nginx
Content-Type: application/json
Content-Length: 92
X-Tt-Logid: 2025010300263819FFC76BE6625E63187B
x-tt-trace-host: 018e5a586174a888928d793bdac74b79b56517d7628cf0ffdff56b078ad2cf5615c3df775885d1c8ee542740e737eb9d1a03c825b092621172a3e6a2455d630a49bfccb4f8fdbd8ec59b44e3375b462b59bc12df87bee30afcf3e353780e07ff996de68366f39780de3900d781b97b9066
x-tt-trace-id: 00-25010300263819FFC76BE6625E63187B-1511B18414FF197F-00
X-Origin-Response-Time: 30,23.218.219.59
X-Akamai-Request-ID: 2fa45ec5.125498d5
Expires: Fri, 03 Jan 2025 00:26:38 GMT
Cache-Control: max-age=0, no-cache, no-store
Pragma: no-cache
Date: Fri, 03 Jan 2025 00:26:38 GMT
X-Cache: TCP_MISS from a95-101-134-92.deploy.akamaitechnologies.com (AkamaiGHost/11.7.2.1-9611f29bef89eba7b18045b10aa2af98) (-)
Connection: close
X-Cache-Remote: TCP_MISS from a23-218-219-59.deploy.akamaitechnologies.com (AkamaiGHost/11.7.2.1-9611f29bef89eba7b18045b10aa2af98) (-)
x-tt-trace-tag: id=16;cdn-cache=miss;type=dyn
Server-Timing: cdn-cache; desc=MISS, edge; dur=86, origin; dur=30
Server-Timing: inner; dur=26
X-Parent-Response-Time: 116,95.101.134.92

{"code": 0, "message": "OK", "request_id": "2025010300263819FFC76BE6625E63187B", "data": {}}
2025-01-03T00:26:38+00:00 DEBUG POST: https://business-api.tiktok.com/open_api/v1.3/event/track/

{"partner_name":"WooCommerce","event_source":"web","event_source_id":"CSM79Q3C77UAG1T340I0","data":[{"event":"Pageview","event_id":"67772ebec192e_tt4b_woocommerce_670666209cf1f","event_time":1735863998,"user":{"ip":"54.36.148.193","user_agent":"Mozilla\/5.0 (compatible; AhrefsBot\/7.0; +http:\/\/ahrefs.com\/robot\/)","locale":"ar","external_id":"0","email":"e3b0c44298fc1c149afbf4c8996fb92427ae41e4649b934ca495991b7852b855","phone_number":"e3b0c44298fc1c149afbf4c8996fb92427ae41e4649b934ca495991b7852b855","first_name":"e3b0c44298fc1c149afbf4c8996fb92427ae41e4649b934ca495991b7852b855","last_name":"e3b0c44298fc1c149afbf4c8996fb92427ae41e4649b934ca495991b7852b855","zip_code":"e3b0c44298fc1c149afbf4c8996fb92427ae41e4649b934ca495991b7852b855"},"page":{"url":"http:\/\/ibn-sinaa.com\/shop\/page\/6\/?add-to-cart=4125"}}]}
 ajax: no
2025-01-03T00:26:38+00:00 DEBUG Tt4b_Mapi_Class::mapi_post: Response: 

HTTP/1.1 200 OK
Server: nginx
Content-Type: application/json
Content-Length: 92
X-Tt-Logid: 20250103002638281ADD1C26BB12DCF183
Server-Timing: inner; dur=33
x-tt-trace-host: 018e5a586174a888928d793bdac74b79b520593bf434961dbceff88e4b17f9a1564d4afa3311827e2a0f0b7d03f1e49d4bebcf25577a332b5d5919cba22bade264b3ce0eba3ff5b7549651fd16c8bbf97a40405cfe541fef12aac4c30a54bdd8e3
x-tt-trace-id: 00-250103002638281ADD1C26BB12DCF183-6F1E5F8C19DC1DB3-00
Expires: Fri, 03 Jan 2025 00:26:38 GMT
Cache-Control: max-age=0, no-cache, no-store
Pragma: no-cache
Date: Fri, 03 Jan 2025 00:26:38 GMT
X-Cache: TCP_MISS from a95-101-134-116.deploy.akamaitechnologies.com (AkamaiGHost/11.7.2.1-9611f29bef89eba7b18045b10aa2af98) (-)
Connection: close
x-tt-trace-tag: id=16;cdn-cache=miss;type=dyn
Server-Timing: cdn-cache; desc=MISS, edge; dur=0, origin; dur=114
X-Origin-Response-Time: 114,95.101.134.116
X-Akamai-Request-ID: 109ecb33

{"code": 0, "message": "OK", "request_id": "20250103002638281ADD1C26BB12DCF183", "data": {}}
2025-01-03T00:26:47+00:00 DEBUG POST: https://business-api.tiktok.com/open_api/v1.3/event/track/

{"partner_name":"WooCommerce","event_source":"web","event_source_id":"CSM79Q3C77UAG1T340I0","data":[{"event":"Pageview","event_id":"67772ec711783_tt4b_woocommerce_670666209cf1f","event_time":1735864007,"user":{"ip":"66.249.66.19","user_agent":"Mozilla\/5.0 (Linux; Android 6.0.1; Nexus 5X Build\/MMB29P) AppleWebKit\/537.36 (KHTML, like Gecko) Chrome\/131.0.6778.139 Mobile Safari\/537.36 (compatible; Googlebot\/2.1; +http:\/\/www.google.com\/bot.html)","locale":"ar","external_id":"0","email":"e3b0c44298fc1c149afbf4c8996fb92427ae41e4649b934ca495991b7852b855","phone_number":"e3b0c44298fc1c149afbf4c8996fb92427ae41e4649b934ca495991b7852b855","first_name":"e3b0c44298fc1c149afbf4c8996fb92427ae41e4649b934ca495991b7852b855","last_name":"e3b0c44298fc1c149afbf4c8996fb92427ae41e4649b934ca495991b7852b855","zip_code":"e3b0c44298fc1c149afbf4c8996fb92427ae41e4649b934ca495991b7852b855"},"page":{"url":"http:\/\/mail.ibn-sinaa.com\/product\/table-with-umbrella\/"}}]}
 ajax: no
2025-01-03T00:26:47+00:00 DEBUG Tt4b_Mapi_Class::mapi_post: Response: 

HTTP/1.1 200 OK
Server: nginx
Content-Type: application/json
Content-Length: 92
X-Tt-Logid: 2025010300264762CA9730946C55F0D45B
x-tt-trace-host: 018e5a586174a888928d793bdac74b79b519a86797e72c2eba011e03e23beee17d969279bbaa597f9946e6c6e5a91c7b73ac3f81b07e444b636aa679a6548bb0399e3c192ca5dbb11fdd0cd52261aa540c6d7ea81082fbac2303d9ab1705e6d1765d45a3ab10d3766bd7af7ba441173ad5
x-tt-trace-id: 00-25010300264762CA9730946C55F0D45B-22923391459ABE96-00
X-Origin-Response-Time: 45,23.207.199.41
X-Akamai-Request-ID: 29c71975.109f0fb8
Expires: Fri, 03 Jan 2025 00:26:47 GMT
Cache-Control: max-age=0, no-cache, no-store
Pragma: no-cache
Date: Fri, 03 Jan 2025 00:26:47 GMT
X-Cache: TCP_MISS from a95-101-134-116.deploy.akamaitechnologies.com (AkamaiGHost/11.7.2.1-9611f29bef89eba7b18045b10aa2af98) (-)
Connection: close
X-Cache-Remote: TCP_MISS from a23-207-199-41.deploy.akamaitechnologies.com (AkamaiGHost/11.7.2.1-9611f29bef89eba7b18045b10aa2af98) (-)
x-tt-trace-tag: id=16;cdn-cache=miss;type=dyn
Server-Timing: cdn-cache; desc=MISS, edge; dur=81, origin; dur=45
Server-Timing: inner; dur=41
X-Parent-Response-Time: 125,95.101.134.116

{"code": 0, "message": "OK", "request_id": "2025010300264762CA9730946C55F0D45B", "data": {}}
2025-01-03T00:26:47+00:00 DEBUG Tt4b_Pixel_Class::inject_view_content_event: hit ViewContent
2025-01-03T00:26:47+00:00 DEBUG POST: https://business-api.tiktok.com/open_api/v1.3/event/track/

{"partner_name":"WooCommerce","event_source":"web","event_source_id":"CSM79Q3C77UAG1T340I0","data":[{"event":"ViewContent","event_id":"67772ec74d82e_tt4b_woocommerce_670666209cf1f_4321","event_time":1735864007,"user":{"ip":"66.249.66.19","user_agent":"Mozilla\/5.0 (Linux; Android 6.0.1; Nexus 5X Build\/MMB29P) AppleWebKit\/537.36 (KHTML, like Gecko) Chrome\/131.0.6778.139 Mobile Safari\/537.36 (compatible; Googlebot\/2.1; +http:\/\/www.google.com\/bot.html)","locale":"ar","external_id":"0","email":"e3b0c44298fc1c149afbf4c8996fb92427ae41e4649b934ca495991b7852b855","phone_number":"e3b0c44298fc1c149afbf4c8996fb92427ae41e4649b934ca495991b7852b855","first_name":"e3b0c44298fc1c149afbf4c8996fb92427ae41e4649b934ca495991b7852b855","last_name":"e3b0c44298fc1c149afbf4c8996fb92427ae41e4649b934ca495991b7852b855","zip_code":"e3b0c44298fc1c149afbf4c8996fb92427ae41e4649b934ca495991b7852b855"},"properties":{"contents":[{"price":950,"quantity":1,"content_id":"4321","content_name":"\u0637\u0627\u0648\u0644\u0629 \u0645\u0639 \u0645\u0636\u0644\u0629","description":"\u0637\u0627\u0648\u0644\u0629 \u0645\u0639 \u0645\u0638\u0644\u0629 : \u0645\u062b\u0627\u0644\u064a\u0629 \u0644\u0639\u0631\u0636 \u0627\u0644\u0645\u0646\u062a\u062c\u0627\u062a \u0648\u0627\u0644\u062e\u062f\u0645\u0627\u062a \u0628\u062c\u0648\u062f\u0629 \u0639\u0627\u0644\u064a\u0629 \u0648\u062a\u0635\u0645\u064a\u0645 \u062c\u0630\u0627\u0628. \u0645\u062b\u0627\u0644\u064a\u0629 \u0644\u0644\u0627\u0633\u062a\u062e\u062f\u0627\u0645 \u0641\u064a \u0627\u0644\u0645\u0639\u0627\u0631\u0636 \u0648\u0627\u0644\u0641\u0639\u0627\u0644\u064a\u0627\u062a \u0627\u0644\u062a\u0633\u0648\u064a\u0642\u064a\u0629\u060c \u062a\u062a\u0645\u064a\u0632 \u0628\u0645\u062a\u0627\u0646\u062a\u0647\u0627 \u0648\u0633\u0647\u0648\u0644\u0629 \u0646\u0642\u0644\u0647\u0627 \u0648\u062a\u0631\u0643\u064a\u0628\u0647\u0627. \u062a\u062c\u0639\u0644 \u0639\u0631\u0636 \u0645\u0646\u062a\u062c\u0627\u062a\u0643 \u0623\u0643\u062b\u0631 \u062c\u0627\u0630\u0628\u064a\u0629 \u0648\u062a\u0646\u0638\u064a\u0645\u064b\u0627.","availability":"IN_STOCK","sale_price":950,"on_sale":false}],"content_type":"product","currency":"SAR","value":950,"event_trigger_source":"WooCommerce"},"page":{"url":"http:\/\/mail.ibn-sinaa.com\/product\/table-with-umbrella\/"}}]}
 ajax: no
2025-01-03T00:26:47+00:00 DEBUG Tt4b_Mapi_Class::mapi_post: Response: 

HTTP/1.1 200 OK
Server: nginx
Content-Type: application/json
Content-Length: 92
X-Tt-Logid: 202501030026477762FB7F40D1D7FA6415
Server-Timing: inner; dur=26
x-tt-trace-host: 018e5a586174a888928d793bdac74b79b51a437ee89a1c03eb2011d034a2e3e9f5cd4142dceca41d6f3c56f77a06271bfcd2f612c1f13d6a8410fcc3f69d393de83f3ee4712c6cf4c8f7b16b7e600e272fce9a57e757da1e83a9cc8bab0596c8de
x-tt-trace-id: 00-2501030026477762FB7F40D1D7FA6415-3F78CD6360E87170-00
Expires: Fri, 03 Jan 2025 00:26:47 GMT
Cache-Control: max-age=0, no-cache, no-store
Pragma: no-cache
Date: Fri, 03 Jan 2025 00:26:47 GMT
X-Cache: TCP_MISS from a95-101-134-92.deploy.akamaitechnologies.com (AkamaiGHost/11.7.2.1-9611f29bef89eba7b18045b10aa2af98) (-)
Connection: close
x-tt-trace-tag: id=16;cdn-cache=miss;type=dyn
Server-Timing: cdn-cache; desc=MISS, edge; dur=1, origin; dur=105
X-Origin-Response-Time: 106,95.101.134.92
X-Akamai-Request-ID: 125515ae

{"code": 0, "message": "OK", "request_id": "202501030026477762FB7F40D1D7FA6415", "data": {}}
2025-01-03T00:26:53+00:00 DEBUG POST: https://business-api.tiktok.com/open_api/v1.3/event/track/

{"partner_name":"WooCommerce","event_source":"web","event_source_id":"CSM79Q3C77UAG1T340I0","data":[{"event":"Pageview","event_id":"67772ecd9d0cb_tt4b_woocommerce_670666209cf1f","event_time":1735864013,"user":{"ip":"66.249.66.168","user_agent":"Mozilla\/5.0 (Linux; Android 6.0.1; Nexus 5X Build\/MMB29P) AppleWebKit\/537.36 (KHTML, like Gecko) Chrome\/131.0.6778.139 Mobile Safari\/537.36 (compatible; Googlebot\/2.1; +http:\/\/www.google.com\/bot.html)","locale":"ar","external_id":"0","email":"e3b0c44298fc1c149afbf4c8996fb92427ae41e4649b934ca495991b7852b855","phone_number":"e3b0c44298fc1c149afbf4c8996fb92427ae41e4649b934ca495991b7852b855","first_name":"e3b0c44298fc1c149afbf4c8996fb92427ae41e4649b934ca495991b7852b855","last_name":"e3b0c44298fc1c149afbf4c8996fb92427ae41e4649b934ca495991b7852b855","zip_code":"e3b0c44298fc1c149afbf4c8996fb92427ae41e4649b934ca495991b7852b855"},"page":{"url":"http:\/\/www.ibn-sinaa.com\/product\/office-boards\/"}}]}
 ajax: no
2025-01-03T00:26:53+00:00 DEBUG Tt4b_Mapi_Class::mapi_post: Response: 

HTTP/1.1 200 OK
Server: nginx
Content-Type: application/json
Content-Length: 92
X-Tt-Logid: 20250103002653302CE55800C392B2F0FB
Server-Timing: inner; dur=25
x-tt-trace-host: 018e5a586174a888928d793bdac74b79b51a437ee89a1c03eb2011d034a2e3e9f5cc1099ea09b3e81133850cf305bff6e12d7efce76d52669056d948658009bc678beeb2e251c8734d2cf99618d512a228574423d86dd29b72f1d82026f7b01a5e
x-tt-trace-id: 00-250103002653302CE55800C392B2F0FB-0DDA00E642140B0C-00
Expires: Fri, 03 Jan 2025 00:26:53 GMT
Cache-Control: max-age=0, no-cache, no-store
Pragma: no-cache
Date: Fri, 03 Jan 2025 00:26:53 GMT
X-Cache: TCP_MISS from a95-101-134-92.deploy.akamaitechnologies.com (AkamaiGHost/11.7.2.1-9611f29bef89eba7b18045b10aa2af98) (-)
Connection: close
x-tt-trace-tag: id=16;cdn-cache=miss;type=dyn
Server-Timing: cdn-cache; desc=MISS, edge; dur=1, origin; dur=107
X-Origin-Response-Time: 107,95.101.134.92
X-Akamai-Request-ID: 12556ffa

{"code": 0, "message": "OK", "request_id": "20250103002653302CE55800C392B2F0FB", "data": {}}
2025-01-03T00:26:53+00:00 DEBUG Tt4b_Pixel_Class::inject_view_content_event: hit ViewContent
2025-01-03T00:26:53+00:00 DEBUG POST: https://business-api.tiktok.com/open_api/v1.3/event/track/

{"partner_name":"WooCommerce","event_source":"web","event_source_id":"CSM79Q3C77UAG1T340I0","data":[{"event":"ViewContent","event_id":"67772ecdd5c03_tt4b_woocommerce_670666209cf1f_4407","event_time":1735864013,"user":{"ip":"66.249.66.168","user_agent":"Mozilla\/5.0 (Linux; Android 6.0.1; Nexus 5X Build\/MMB29P) AppleWebKit\/537.36 (KHTML, like Gecko) Chrome\/131.0.6778.139 Mobile Safari\/537.36 (compatible; Googlebot\/2.1; +http:\/\/www.google.com\/bot.html)","locale":"ar","external_id":"0","email":"e3b0c44298fc1c149afbf4c8996fb92427ae41e4649b934ca495991b7852b855","phone_number":"e3b0c44298fc1c149afbf4c8996fb92427ae41e4649b934ca495991b7852b855","first_name":"e3b0c44298fc1c149afbf4c8996fb92427ae41e4649b934ca495991b7852b855","last_name":"e3b0c44298fc1c149afbf4c8996fb92427ae41e4649b934ca495991b7852b855","zip_code":"e3b0c44298fc1c149afbf4c8996fb92427ae41e4649b934ca495991b7852b855"},"properties":{"contents":[{"price":125,"quantity":1,"content_id":"4407","content_name":"\u0644\u0648\u062d\u0627\u062a \u0645\u0643\u062a\u0628\u064a\u0629 \u062e\u0634\u0628 \u0645\u0639 \u0637\u0628\u0627\u0639\u0629 \u062d\u0631\u0627\u0631\u064a\u0629 \u0646\u062d\u0627\u0633","description":"\u0644\u0648\u062d\u0627\u062a \u0645\u0643\u062a\u0628\u064a\u0629 \u062e\u0634\u0628\u064a\u0629 \u0645\u0639 \u0637\u0628\u0627\u0639\u0629 \u062d\u0631\u0627\u0631\u064a\u0629: \u0645\u062b\u0627\u0644\u064a\u0629 \u0644\u062a\u0632\u064a\u064a\u0646 \u0627\u0644\u0645\u0643\u0627\u062a\u0628 \u0628\u0645\u0638\u0647\u0631 \u0623\u0646\u064a\u0642 \u0648\u0641\u0631\u064a\u062f. \u0645\u0635\u0646\u0648\u0639\u0629 \u0645\u0646 \u062e\u0634\u0628 \u0639\u0627\u0644\u064a \u0627\u0644\u062c\u0648\u062f\u0629 \u0648\u062a\u062a\u0645\u064a\u0632 \u0628\u0637\u0628\u0627\u0639\u0629 \u062d\u0631\u0627\u0631\u064a\u0629 \u062a\u0636\u064a\u0641 \u0644\u0645\u0633\u0629 \u0645\u0646 \u0627\u0644\u062a\u0645\u064a\u0632 \u0648\u0627\u0644\u0627\u062d\u062a\u0631\u0627\u0641\u064a\u0629 \u0625\u0644\u0649 \u0623\u064a \u0645\u0633\u0627\u062d\u0629 \u0645\u0643\u062a\u0628\u064a\u0629.","availability":"IN_STOCK","sale_price":125,"on_sale":false}],"content_type":"product","currency":"SAR","value":125,"event_trigger_source":"WooCommerce"},"page":{"url":"http:\/\/www.ibn-sinaa.com\/product\/office-boards\/"}}]}
 ajax: no
2025-01-03T00:26:54+00:00 DEBUG Tt4b_Mapi_Class::mapi_post: Response: 

HTTP/1.1 200 OK
Server: nginx
Content-Type: application/json
Content-Length: 92
X-Tt-Logid: 20250103002653911BE38AC549A5E63613
x-tt-trace-host: 018e5a586174a888928d793bdac74b79b519a86797e72c2eba011e03e23beee17d4b08160833216bd1bb13a3756b7012bbc297917af463e0ee526796e89e7c7fd9237b0cd84c2a842462872b43ab490f83f790ccd71e1998fd9110f5e16e42c4416362a416e6fc9c731f0a482f6230b139
x-tt-trace-id: 00-250103002653911BE38AC549A5E63613-345345AC608EB459-00
X-Origin-Response-Time: 26,23.55.100.233
X-Akamai-Request-ID: 1f9e2386.109f4859
Expires: Fri, 03 Jan 2025 00:26:54 GMT
Cache-Control: max-age=0, no-cache, no-store
Pragma: no-cache
Date: Fri, 03 Jan 2025 00:26:54 GMT
X-Cache: TCP_MISS from a95-101-134-116.deploy.akamaitechnologies.com (AkamaiGHost/11.7.2.1-9611f29bef89eba7b18045b10aa2af98) (-)
Connection: close
X-Cache-Remote: TCP_MISS from a23-55-100-233.deploy.akamaitechnologies.com (AkamaiGHost/11.7.2.1-9611f29bef89eba7b18045b10aa2af98) (-)
x-tt-trace-tag: id=16;cdn-cache=miss;type=dyn
Server-Timing: cdn-cache; desc=MISS, edge; dur=81, origin; dur=26
Server-Timing: inner; dur=22
X-Parent-Response-Time: 107,95.101.134.116

{"code": 0, "message": "OK", "request_id": "20250103002653911BE38AC549A5E63613", "data": {}}
2025-01-03T00:29:33+00:00 DEBUG POST: https://business-api.tiktok.com/open_api/v1.3/event/track/

{"partner_name":"WooCommerce","event_source":"web","event_source_id":"CSM79Q3C77UAG1T340I0","data":[{"event":"Pageview","event_id":"67772f6dbb9ae_tt4b_woocommerce_670666209cf1f","event_time":1735864173,"user":{"ip":"207.46.13.111","user_agent":"Mozilla\/5.0 AppleWebKit\/537.36 (KHTML, like Gecko; compatible; bingbot\/2.0; +http:\/\/www.bing.com\/bingbot.htm) Chrome\/116.0.1938.76 Safari\/537.36","locale":"ar","external_id":"0","email":"e3b0c44298fc1c149afbf4c8996fb92427ae41e4649b934ca495991b7852b855","phone_number":"e3b0c44298fc1c149afbf4c8996fb92427ae41e4649b934ca495991b7852b855","first_name":"e3b0c44298fc1c149afbf4c8996fb92427ae41e4649b934ca495991b7852b855","last_name":"e3b0c44298fc1c149afbf4c8996fb92427ae41e4649b934ca495991b7852b855","zip_code":"e3b0c44298fc1c149afbf4c8996fb92427ae41e4649b934ca495991b7852b855"},"page":{"url":"http:\/\/mail.ibn-sinaa.com\/product-category\/digital-printing\/envelopes\/"}}]}
 ajax: no
2025-01-03T00:29:33+00:00 DEBUG Tt4b_Mapi_Class::mapi_post: Response: 

HTTP/1.1 200 OK
Server: nginx
Content-Type: application/json
Content-Length: 92
X-Tt-Logid: 202501030029332E3561F28E847E6B4FC7
x-tt-trace-host: 018e5a586174a888928d793bdac74b79b519a86797e72c2eba011e03e23beee17da623e0f79e5d944edf03c3184791aca0a1e10f9ff1aeb2453c0b63c0f342780016fd47c6e8a00f5bd9ecf34aa3955b51acb8446cfb5037711d7dbaa79887d136c9a058dc396fc65bc8969e12e4dec0e9
x-tt-trace-id: 00-2501030029332E3561F28E847E6B4FC7-160205E61BA5D613-00
X-Origin-Response-Time: 29,23.218.219.32
X-Akamai-Request-ID: 23d1582f.10a4b397
Expires: Fri, 03 Jan 2025 00:29:33 GMT
Cache-Control: max-age=0, no-cache, no-store
Pragma: no-cache
Date: Fri, 03 Jan 2025 00:29:33 GMT
X-Cache: TCP_MISS from a95-101-134-116.deploy.akamaitechnologies.com (AkamaiGHost/11.7.2.1-9611f29bef89eba7b18045b10aa2af98) (-)
Connection: close
X-Cache-Remote: TCP_MISS from a23-218-219-32.deploy.akamaitechnologies.com (AkamaiGHost/11.7.2.1-9611f29bef89eba7b18045b10aa2af98) (-)
x-tt-trace-tag: id=16;cdn-cache=miss;type=dyn
Server-Timing: cdn-cache; desc=MISS, edge; dur=87, origin; dur=29
Server-Timing: inner; dur=20
X-Parent-Response-Time: 116,95.101.134.116

{"code": 0, "message": "OK", "request_id": "202501030029332E3561F28E847E6B4FC7", "data": {}}
2025-01-03T00:30:12+00:00 DEBUG POST: https://business-api.tiktok.com/open_api/v1.3/event/track/

{"partner_name":"WooCommerce","event_source":"web","event_source_id":"CSM79Q3C77UAG1T340I0","data":[{"event":"Pageview","event_id":"67772f94439af_tt4b_woocommerce_670666209cf1f","event_time":1735864212,"user":{"ip":"66.249.66.167","user_agent":"Mozilla\/5.0 (Linux; Android 6.0.1; Nexus 5X Build\/MMB29P) AppleWebKit\/537.36 (KHTML, like Gecko) Chrome\/131.0.6778.139 Mobile Safari\/537.36 (compatible; Googlebot\/2.1; +http:\/\/www.google.com\/bot.html)","locale":"ar","external_id":"0","email":"e3b0c44298fc1c149afbf4c8996fb92427ae41e4649b934ca495991b7852b855","phone_number":"e3b0c44298fc1c149afbf4c8996fb92427ae41e4649b934ca495991b7852b855","first_name":"e3b0c44298fc1c149afbf4c8996fb92427ae41e4649b934ca495991b7852b855","last_name":"e3b0c44298fc1c149afbf4c8996fb92427ae41e4649b934ca495991b7852b855","zip_code":"e3b0c44298fc1c149afbf4c8996fb92427ae41e4649b934ca495991b7852b855"},"page":{"url":"http:\/\/www.ibn-sinaa.com\/product-tag\/%D8%B7%D8%A8%D8%A7%D8%B9%D8%A9-%D8%B9%D9%84%D9%85-%D9%85%D9%83%D8%AA%D8%A8%D9%8A\/"}}]}
 ajax: no
2025-01-03T00:30:12+00:00 DEBUG Tt4b_Mapi_Class::mapi_post: Response: 

HTTP/1.1 200 OK
Server: nginx
Content-Type: application/json
Content-Length: 92
X-Tt-Logid: 20250103003012353C156750FE4B3FBFC9
x-tt-trace-host: 018e5a586174a888928d793bdac74b79b519a86797e72c2eba011e03e23beee17dd532faf26f586d47416444bf31770d50608f2fc26753d877b6b90615a6e7da3553335e96b4291a24e345ab93dabfcd3f215fe0cae39d0dac122f470377f1f635f1375592f2f72331897a61b0e25e360c
x-tt-trace-id: 00-250103003012353C156750FE4B3FBFC9-0B5BF12075381A74-00
X-Origin-Response-Time: 26,23.218.219.37
X-Akamai-Request-ID: 254a41f5.10a5f3b8
Expires: Fri, 03 Jan 2025 00:30:12 GMT
Cache-Control: max-age=0, no-cache, no-store
Pragma: no-cache
Date: Fri, 03 Jan 2025 00:30:12 GMT
X-Cache: TCP_MISS from a95-101-134-116.deploy.akamaitechnologies.com (AkamaiGHost/11.7.2.1-9611f29bef89eba7b18045b10aa2af98) (-)
Connection: close
X-Cache-Remote: TCP_MISS from a23-218-219-37.deploy.akamaitechnologies.com (AkamaiGHost/11.7.2.1-9611f29bef89eba7b18045b10aa2af98) (-)
x-tt-trace-tag: id=16;cdn-cache=miss;type=dyn
Server-Timing: cdn-cache; desc=MISS, edge; dur=97, origin; dur=26
Server-Timing: inner; dur=22
X-Parent-Response-Time: 123,95.101.134.116

{"code": 0, "message": "OK", "request_id": "20250103003012353C156750FE4B3FBFC9", "data": {}}
2025-01-03T00:31:10+00:00 DEBUG POST: https://business-api.tiktok.com/open_api/v1.3/event/track/

{"partner_name":"WooCommerce","event_source":"web","event_source_id":"CSM79Q3C77UAG1T340I0","data":[{"event":"Pageview","event_id":"67772fce6bad3_tt4b_woocommerce_670666209cf1f","event_time":1735864270,"user":{"ip":"34.41.194.115","user_agent":"Mozilla\/5.0 (X11; Linux x86_64) AppleWebKit\/537.36 (KHTML, like Gecko) Chrome\/133.0.0.0 Safari\/537.36","locale":"ar","external_id":"0","email":"e3b0c44298fc1c149afbf4c8996fb92427ae41e4649b934ca495991b7852b855","phone_number":"e3b0c44298fc1c149afbf4c8996fb92427ae41e4649b934ca495991b7852b855","first_name":"e3b0c44298fc1c149afbf4c8996fb92427ae41e4649b934ca495991b7852b855","last_name":"e3b0c44298fc1c149afbf4c8996fb92427ae41e4649b934ca495991b7852b855","zip_code":"e3b0c44298fc1c149afbf4c8996fb92427ae41e4649b934ca495991b7852b855"},"page":{"url":"http:\/\/ibn-sinaa.com\/wp-content\/cache\/background-css\/ibn-sinaa.com\/wp-content\/uploads\/elementor\/css\/post-1843.css?ver=1735569511&wpr_t=1735836151","referrer":"https:\/\/ibn-sinaa.com\/"}}]}
 ajax: no
2025-01-03T00:31:10+00:00 DEBUG Tt4b_Mapi_Class::mapi_post: Response: 

HTTP/1.1 200 OK
Server: nginx
Content-Type: application/json
Content-Length: 92
X-Tt-Logid: 20250103003110B0EEF7587140794D275A
x-tt-trace-host: 018e5a586174a888928d793bdac74b79b56517d7628cf0ffdff56b078ad2cf56153dbe34994f7d4db12d5a251edcc1d1189be04ee2edf693690349001e2ef4835014770d53d1ff05f9cd17f9d79b1a6bb6ffd991766861a22a08f9e6ac04ff981336a3adcfc68c9c3d6671c47f712619f6
x-tt-trace-id: 00-250103003110B0EEF7587140794D275A-4DC3679848C37492-00
X-Origin-Response-Time: 41,23.207.199.42
X-Akamai-Request-ID: a0ad07f.12638b90
Expires: Fri, 03 Jan 2025 00:31:10 GMT
Cache-Control: max-age=0, no-cache, no-store
Pragma: no-cache
Date: Fri, 03 Jan 2025 00:31:10 GMT
X-Cache: TCP_MISS from a95-101-134-92.deploy.akamaitechnologies.com (AkamaiGHost/11.7.2.1-9611f29bef89eba7b18045b10aa2af98) (-)
Connection: close
X-Cache-Remote: TCP_MISS from a23-207-199-42.deploy.akamaitechnologies.com (AkamaiGHost/11.7.2.1-9611f29bef89eba7b18045b10aa2af98) (-)
x-tt-trace-tag: id=16;cdn-cache=miss;type=dyn
Server-Timing: cdn-cache; desc=MISS, edge; dur=89, origin; dur=41
Server-Timing: inner; dur=27
X-Parent-Response-Time: 130,95.101.134.92

{"code": 0, "message": "OK", "request_id": "20250103003110B0EEF7587140794D275A", "data": {}}
2025-01-03T00:32:11+00:00 DEBUG Tt4b_Pixel_Class::inject_add_to_cart_event: hit AddToCart
2025-01-03T00:32:11+00:00 DEBUG POST: https://business-api.tiktok.com/open_api/v1.3/event/track/

{"partner_name":"WooCommerce","event_source":"web","event_source_id":"CSM79Q3C77UAG1T340I0","data":[{"event":"AddToCart","event_id":"6777300b1609c_tt4b_woocommerce_670666209cf1f_4442","event_time":1735864331,"user":{"ip":"54.36.148.93","user_agent":"Mozilla\/5.0 (compatible; AhrefsBot\/7.0; +http:\/\/ahrefs.com\/robot\/)","locale":"ar","external_id":"0","email":"e3b0c44298fc1c149afbf4c8996fb92427ae41e4649b934ca495991b7852b855","phone_number":"e3b0c44298fc1c149afbf4c8996fb92427ae41e4649b934ca495991b7852b855","first_name":"e3b0c44298fc1c149afbf4c8996fb92427ae41e4649b934ca495991b7852b855","last_name":"e3b0c44298fc1c149afbf4c8996fb92427ae41e4649b934ca495991b7852b855","zip_code":"e3b0c44298fc1c149afbf4c8996fb92427ae41e4649b934ca495991b7852b855"},"properties":{"contents":[{"price":230,"quantity":1,"content_id":"4442","content_name":"\u062a\u0642\u0648\u064a\u0645 \u0645\u064a\u0644\u0627\u062f\u064a \u0645\u062f\u0631\u062c","description":"\u062a\u0642\u0648\u064a\u0645 \u0645\u064a\u0644\u0627\u062f\u064a \u062e\u0634\u0628: \u062a\u0635\u0645\u064a\u0645 \u0639\u0635\u0631\u064a \u0648\u0623\u0646\u064a\u0642\u060c \u0645\u0635\u0646\u0648\u0639 \u0645\u0646 \u0627\u0644\u062c\u0644\u062f \u0627\u0644\u0645\u062a\u064a\u0646 \u0628\u0648\u0636\u0648\u062d \u0627\u0633\u062a\u062b\u0646\u0627\u0626\u064a \u0644\u0644\u0643\u062a\u0627\u0628\u0629 \u0648\u0627\u0644\u0631\u0624\u064a\u0629\u060c \u064a\u0636\u064a\u0641 \u0644\u0645\u0633\u0629 \u0645\u0646 \u0627\u0644\u0641\u062e\u0627\u0645\u0629 \u0648\u0627\u0644\u062a\u0646\u0638\u064a\u0645 \u0644\u0645\u0643\u062a\u0628\u0643. \u0645\u062b\u0627\u0644\u064a \u0644\u062a\u0646\u0638\u064a\u0645 \u0627\u0644\u0645\u0648\u0627\u0639\u064a\u062f \u0648\u0627\u0644\u0627\u062c\u062a\u0645\u0627\u0639\u0627\u062a\u060c \u0648\u064a\u0636\u0641\u064a \u062c\u0627\u0630\u0628\u064a\u0629 \u0639\u0644\u0649 \u0645\u0633\u0627\u062d\u0629 \u0627\u0644\u0639\u0645\u0644 \u0627\u0644\u062e\u0627\u0635\u0629 \u0628\u0643.","availability":"IN_STOCK","sale_price":230,"on_sale":false}],"content_type":"product","currency":"SAR","value":230,"event_trigger_source":"WooCommerce"},"page":{"url":"http:\/\/ibn-sinaa.com\/product-tag\/%D8%AF%D8%B1%D9%88%D8%B9-%D9%88-%D9%87%D8%AF%D8%A7%D9%8A%D8%A7\/page\/2\/?add-to-cart=4442"}}]}
 ajax: no
2025-01-03T00:32:11+00:00 DEBUG Tt4b_Mapi_Class::mapi_post: Response: 

HTTP/1.1 200 OK
Server: nginx
Content-Type: application/json
Content-Length: 92
X-Tt-Logid: 20250103003211C712A61749D984B6D90A
Server-Timing: inner; dur=41
x-tt-trace-host: 018e5a586174a888928d793bdac74b79b520593bf434961dbceff88e4b17f9a156fb39e86c4b289c4b9ea0f3ab2cfd7439d615095a23c3944cbb570f6e1d88f051ffda545181c6ee74351070c571bc3242e0f8fc592b237b8d7943a90e44b6c451
x-tt-trace-id: 00-250103003211C712A61749D984B6D90A-007F0C855C6BF520-00
Expires: Fri, 03 Jan 2025 00:32:11 GMT
Cache-Control: max-age=0, no-cache, no-store
Pragma: no-cache
Date: Fri, 03 Jan 2025 00:32:11 GMT
X-Cache: TCP_MISS from a95-101-134-116.deploy.akamaitechnologies.com (AkamaiGHost/11.7.2.1-9611f29bef89eba7b18045b10aa2af98) (-)
Connection: close
x-tt-trace-tag: id=16;cdn-cache=miss;type=dyn
Server-Timing: cdn-cache; desc=MISS, edge; dur=0, origin; dur=277
X-Origin-Response-Time: 277,95.101.134.116
X-Akamai-Request-ID: 10a9b028

{"code": 0, "message": "OK", "request_id": "20250103003211C712A61749D984B6D90A", "data": {}}
2025-01-03T00:32:11+00:00 DEBUG POST: https://business-api.tiktok.com/open_api/v1.3/event/track/

{"partner_name":"WooCommerce","event_source":"web","event_source_id":"CSM79Q3C77UAG1T340I0","data":[{"event":"Pageview","event_id":"6777300b994fc_tt4b_woocommerce_670666209cf1f","event_time":1735864331,"user":{"ip":"54.36.148.93","user_agent":"Mozilla\/5.0 (compatible; AhrefsBot\/7.0; +http:\/\/ahrefs.com\/robot\/)","locale":"ar","external_id":"0","email":"e3b0c44298fc1c149afbf4c8996fb92427ae41e4649b934ca495991b7852b855","phone_number":"e3b0c44298fc1c149afbf4c8996fb92427ae41e4649b934ca495991b7852b855","first_name":"e3b0c44298fc1c149afbf4c8996fb92427ae41e4649b934ca495991b7852b855","last_name":"e3b0c44298fc1c149afbf4c8996fb92427ae41e4649b934ca495991b7852b855","zip_code":"e3b0c44298fc1c149afbf4c8996fb92427ae41e4649b934ca495991b7852b855"},"page":{"url":"http:\/\/ibn-sinaa.com\/product-tag\/%D8%AF%D8%B1%D9%88%D8%B9-%D9%88-%D9%87%D8%AF%D8%A7%D9%8A%D8%A7\/page\/2\/?add-to-cart=4442"}}]}
 ajax: no
2025-01-03T00:32:11+00:00 DEBUG Tt4b_Mapi_Class::mapi_post: Response: 

HTTP/1.1 200 OK
Server: nginx
Content-Type: application/json
Content-Length: 92
X-Tt-Logid: 2025010300321155AFBF485917CDB87D29
Server-Timing: inner; dur=35
x-tt-trace-host: 018e5a586174a888928d793bdac74b79b51a437ee89a1c03eb2011d034a2e3e9f57b82ee7e2c9bf9a81fc8b3a0205ac50fd21f4eda9ae02880028cc8e4b26c5d9a370c207b13d25243d7fd5a7bf89c65ccee2c27f40a091be8f30378a0e5b3a1ef
x-tt-trace-id: 00-25010300321155AFBF485917CDB87D29-2C7C21F7274FD7A4-00
Expires: Fri, 03 Jan 2025 00:32:11 GMT
Cache-Control: max-age=0, no-cache, no-store
Pragma: no-cache
Date: Fri, 03 Jan 2025 00:32:11 GMT
X-Cache: TCP_MISS from a95-101-134-92.deploy.akamaitechnologies.com (AkamaiGHost/11.7.2.1-9611f29bef89eba7b18045b10aa2af98) (-)
Connection: close
x-tt-trace-tag: id=16;cdn-cache=miss;type=dyn
Server-Timing: cdn-cache; desc=MISS, edge; dur=0, origin; dur=118
X-Origin-Response-Time: 118,95.101.134.92
X-Akamai-Request-ID: 1266d5d3

{"code": 0, "message": "OK", "request_id": "2025010300321155AFBF485917CDB87D29", "data": {}}
2025-01-03T00:32:16+00:00 DEBUG POST: https://business-api.tiktok.com/open_api/v1.3/event/track/

{"partner_name":"WooCommerce","event_source":"web","event_source_id":"CSM79Q3C77UAG1T340I0","data":[{"event":"Pageview","event_id":"67773010719d7_tt4b_woocommerce_670666209cf1f","event_time":1735864336,"user":{"ip":"66.249.66.167","user_agent":"Mozilla\/5.0 (Linux; Android 6.0.1; Nexus 5X Build\/MMB29P) AppleWebKit\/537.36 (KHTML, like Gecko) Chrome\/131.0.6778.139 Mobile Safari\/537.36 (compatible; Googlebot\/2.1; +http:\/\/www.google.com\/bot.html)","locale":"ar","external_id":"0","email":"e3b0c44298fc1c149afbf4c8996fb92427ae41e4649b934ca495991b7852b855","phone_number":"e3b0c44298fc1c149afbf4c8996fb92427ae41e4649b934ca495991b7852b855","first_name":"e3b0c44298fc1c149afbf4c8996fb92427ae41e4649b934ca495991b7852b855","last_name":"e3b0c44298fc1c149afbf4c8996fb92427ae41e4649b934ca495991b7852b855","zip_code":"e3b0c44298fc1c149afbf4c8996fb92427ae41e4649b934ca495991b7852b855"},"page":{"url":"http:\/\/www.ibn-sinaa.com\/product\/school-records-islamic-education\/"}}]}
 ajax: no
2025-01-03T00:32:16+00:00 DEBUG Tt4b_Mapi_Class::mapi_post: Response: 

HTTP/1.1 200 OK
Server: nginx
Content-Type: application/json
Content-Length: 92
X-Tt-Logid: 2025010300321623039F45CBEF45F9290D
x-tt-trace-host: 018e5a586174a888928d793bdac74b79b519a86797e72c2eba011e03e23beee17d1993591dfc48dcfc3b8c12cc342970f3d9586ced7e1c4c8205682b0b9495a221e9e5b52a2441aac4b3f15cfc544aceac59859458622a8f9b13310743fac0998446e149be5f5e5a434704ba377cafa751
x-tt-trace-id: 00-25010300321623039F45CBEF45F9290D-2AFC8510822D7440-00
X-Origin-Response-Time: 27,23.213.246.203
X-Akamai-Request-ID: ae9ca264.10a9daac
Expires: Fri, 03 Jan 2025 00:32:16 GMT
Cache-Control: max-age=0, no-cache, no-store
Pragma: no-cache
Date: Fri, 03 Jan 2025 00:32:16 GMT
X-Cache: TCP_MISS from a95-101-134-116.deploy.akamaitechnologies.com (AkamaiGHost/11.7.2.1-9611f29bef89eba7b18045b10aa2af98) (-)
Connection: close
X-Cache-Remote: TCP_MISS from a23-213-246-203.deploy.akamaitechnologies.com (AkamaiGHost/11.7.2.1-9611f29bef89eba7b18045b10aa2af98) (-)
x-tt-trace-tag: id=16;cdn-cache=miss;type=dyn
Server-Timing: cdn-cache; desc=MISS, edge; dur=83, origin; dur=27
Server-Timing: inner; dur=22
X-Parent-Response-Time: 108,95.101.134.116

{"code": 0, "message": "OK", "request_id": "2025010300321623039F45CBEF45F9290D", "data": {}}
2025-01-03T00:32:16+00:00 DEBUG Tt4b_Pixel_Class::inject_view_content_event: hit ViewContent
2025-01-03T00:32:16+00:00 DEBUG POST: https://business-api.tiktok.com/open_api/v1.3/event/track/

{"partner_name":"WooCommerce","event_source":"web","event_source_id":"CSM79Q3C77UAG1T340I0","data":[{"event":"ViewContent","event_id":"67773010ac1f7_tt4b_woocommerce_670666209cf1f_4079","event_time":1735864336,"user":{"ip":"66.249.66.167","user_agent":"Mozilla\/5.0 (Linux; Android 6.0.1; Nexus 5X Build\/MMB29P) AppleWebKit\/537.36 (KHTML, like Gecko) Chrome\/131.0.6778.139 Mobile Safari\/537.36 (compatible; Googlebot\/2.1; +http:\/\/www.google.com\/bot.html)","locale":"ar","external_id":"0","email":"e3b0c44298fc1c149afbf4c8996fb92427ae41e4649b934ca495991b7852b855","phone_number":"e3b0c44298fc1c149afbf4c8996fb92427ae41e4649b934ca495991b7852b855","first_name":"e3b0c44298fc1c149afbf4c8996fb92427ae41e4649b934ca495991b7852b855","last_name":"e3b0c44298fc1c149afbf4c8996fb92427ae41e4649b934ca495991b7852b855","zip_code":"e3b0c44298fc1c149afbf4c8996fb92427ae41e4649b934ca495991b7852b855"},"properties":{"contents":[{"price":65,"quantity":1,"content_id":"4079","content_name":"\u0633\u062c\u0644\u0627\u062a \u0645\u0627\u062f\u0629 \u0627\u0644\u062a\u0631\u0628\u064a\u0629 \u0627\u0644\u0627\u0633\u0644\u0627\u0645\u064a\u0629","description":". \u0637\u0628\u0627\u0639\u0647 \u0633\u062c\u0644\u0627\u062a \u0645\u062f\u0631\u0633\u064a\u0629 \u0627\u062d\u062a\u0631\u0627\u0641\u064a\u0629 \u062e\u0627\u0645\u062a\u0647\u0627 \u0643\u0631\u062a\u0648\u0646 2000 \u062c\u0631\u0627\u0645,\u062a\u0636\u0627\u0641 \u0637\u0628\u0642\u0629 \u062d\u0645\u0627\u064a\u0647 \u0627\u0633\u062a\u064a\u0643\u0631 \u0645\u0639 \u0633\u0644\u0648\u0641\u0627\u0646 \u0644\u0627\u0645\u0639.\r\n. \u0645\u062a\u0648\u0641\u0631 \u0628 \u0627\u062d\u062c\u0627\u0645 \u0645\u062e\u062a\u0644\u0641\u0647 ( \u0635\u063a\u064a\u0631, \u0648\u0633\u0637 , \u0643\u0628\u064a\u0631 ).\r\n. \u064a\u062a\u0633\u0639 \u0627\u0644\u0645\u0642\u0627\u0633 \u0627\u0644\u0635\u063a\u064a\u0631 ( \u0645\u0646 50 \u0627\u0644\u0649 150 \u0648\u0631\u0642\u0629 )\r\n. \u064a\u062a\u0633\u0639 \u0627\u0644\u0648\u0633\u0637 ( \u0645\u0646 150 \u0627\u0644\u0649 300 \u0648\u0631\u0642\u0629 )\r\n. \u0627\u0644\u0643\u0628\u064a\u0631 ( \u0645\u0646 300 \u0627\u0644\u0649 400 \u0648\u0631\u0642\u0629 ).\r\n. \u0645\u062f\u0629 \u0627\u0644\u062a\u0646\u0641\u064a\u0630 : 3-5 \u0627\u064a\u0627\u0645 \u0648\u062a\u0632\u064a\u062f \u0627\u0644\u0645\u062f\u0629 \u0639\u0646 \u0637\u0644\u0628 \u0627\u0644\u0634\u062d\u0646.","availability":"IN_STOCK","sale_price":65,"on_sale":false}],"content_type":"product","currency":"SAR","value":65,"event_trigger_source":"WooCommerce"},"page":{"url":"http:\/\/www.ibn-sinaa.com\/product\/school-records-islamic-education\/"}}]}
 ajax: no
2025-01-03T00:32:16+00:00 DEBUG Tt4b_Mapi_Class::mapi_post: Response: 

HTTP/1.1 200 OK
Server: nginx
Content-Type: application/json
Content-Length: 92
X-Tt-Logid: 2025010300321646D77EE03AE613676E27
Server-Timing: inner; dur=45
x-tt-trace-host: 018e5a586174a888928d793bdac74b79b51a437ee89a1c03eb2011d034a2e3e9f599e0410087f5bd26f87cd31aca29262b3704f07ab872917918cb5169096f9d49b292bb6c7e754b1068147abdf51fb535e8fdec5e090084986d5f8df36646afb0
x-tt-trace-id: 00-25010300321646D77EE03AE613676E27-47314E077B1970DD-00
Expires: Fri, 03 Jan 2025 00:32:16 GMT
Cache-Control: max-age=0, no-cache, no-store
Pragma: no-cache
Date: Fri, 03 Jan 2025 00:32:16 GMT
X-Cache: TCP_MISS from a95-101-134-92.deploy.akamaitechnologies.com (AkamaiGHost/11.7.2.1-9611f29bef89eba7b18045b10aa2af98) (-)
Connection: close
x-tt-trace-tag: id=16;cdn-cache=miss;type=dyn
Server-Timing: cdn-cache; desc=MISS, edge; dur=0, origin; dur=129
X-Origin-Response-Time: 129,95.101.134.92
X-Akamai-Request-ID: 126719fd

{"code": 0, "message": "OK", "request_id": "2025010300321646D77EE03AE613676E27", "data": {}}
2025-01-03T00:36:59+00:00 DEBUG Tt4b_Pixel_Class::inject_add_to_cart_event: hit AddToCart
2025-01-03T00:36:59+00:00 DEBUG POST: https://business-api.tiktok.com/open_api/v1.3/event/track/

{"partner_name":"WooCommerce","event_source":"web","event_source_id":"CSM79Q3C77UAG1T340I0","data":[{"event":"AddToCart","event_id":"6777312bb4fa5_tt4b_woocommerce_670666209cf1f_3545","event_time":1735864619,"user":{"ip":"54.36.148.81","user_agent":"Mozilla\/5.0 (compatible; AhrefsBot\/7.0; +http:\/\/ahrefs.com\/robot\/)","locale":"ar","external_id":"0","email":"e3b0c44298fc1c149afbf4c8996fb92427ae41e4649b934ca495991b7852b855","phone_number":"e3b0c44298fc1c149afbf4c8996fb92427ae41e4649b934ca495991b7852b855","first_name":"e3b0c44298fc1c149afbf4c8996fb92427ae41e4649b934ca495991b7852b855","last_name":"e3b0c44298fc1c149afbf4c8996fb92427ae41e4649b934ca495991b7852b855","zip_code":"e3b0c44298fc1c149afbf4c8996fb92427ae41e4649b934ca495991b7852b855"},"properties":{"contents":[{"price":0,"quantity":1,"content_id":"3545","content_name":"\u0637\u0628\u0627\u0639\u0629 \u0641\u0648\u0644\u062f\u0631\u0627\u062a \u062c\u064a\u0628 \u0639\u0627\u062f\u064a","description":"\u0641\u0648\u0644\u062f\u0631 \u062c\u064a\u0628 \u0623\u0628\u064a\u0636 \u0639\u0627\u062f\u064a.\r\n\u0646\u0648\u0639 \u0627\u0644\u0648\u0631\u0642: \u0648\u0631\u0642 \u0643\u0648\u0634\u064a\u0647 350 \u062c\u0631\u0627\u0645 \u0645\u0639 \u0633\u0644\u0641\u0627\u0646\r\n\u0645\u062f\u0629 \u0627\u0644\u062a\u0646\u0641\u064a\u0630 \u0627\u0644\u0645\u062a\u0648\u0642\u0639\u0629: \u0645\u0646 4 \u0625\u0644\u0649 7 \u0623\u064a\u0627\u0645 \u0639\u0645\u0644 \u0628\u0639\u062f \u0627\u0639\u062a\u0645\u0627\u062f \u0627\u0644\u0637\u0644\u0628 \u0648\u0627\u0644\u0643\u0645\u064a\u0629 (\u062a\u0632\u064a\u062f \u0627\u0644\u0645\u062f\u0629 \u0639\u0646\u062f \u0637\u0644\u0628 \u0627\u0644\u0634\u062d\u0646).","availability":"IN_STOCK","sale_price":0,"on_sale":false}],"content_type":"product","currency":"SAR","value":0,"event_trigger_source":"WooCommerce"},"page":{"url":"http:\/\/ibn-sinaa.com\/product\/print-envelopes-a5\/?add-to-cart=3545"}}]}
 ajax: no
2025-01-03T00:36:59+00:00 DEBUG Tt4b_Mapi_Class::mapi_post: Response: 

HTTP/1.1 200 OK
Server: nginx
Content-Type: application/json
Content-Length: 92
X-Tt-Logid: 2025010300365951D29BF01D97D0FA81C5
Server-Timing: inner; dur=33
x-tt-trace-host: 018e5a586174a888928d793bdac74b79b520593bf434961dbceff88e4b17f9a1560c790eecad02429a59f3799686a903131e4ced5fbdd0d6f933e561f4f0d18fe106b1bc840d5494283c13e7d92513117b26c8c8860b56bcf441834b7dd3175fdc
x-tt-trace-id: 00-25010300365951D29BF01D97D0FA81C5-6EDD8FD41D9503D0-00
Expires: Fri, 03 Jan 2025 00:36:59 GMT
Cache-Control: max-age=0, no-cache, no-store
Pragma: no-cache
Date: Fri, 03 Jan 2025 00:36:59 GMT
X-Cache: TCP_MISS from a95-101-134-116.deploy.akamaitechnologies.com (AkamaiGHost/11.7.2.1-9611f29bef89eba7b18045b10aa2af98) (-)
Connection: close
x-tt-trace-tag: id=16;cdn-cache=miss;type=dyn
Server-Timing: cdn-cache; desc=MISS, edge; dur=1, origin; dur=112
X-Origin-Response-Time: 113,95.101.134.116
X-Akamai-Request-ID: 10b1147f

{"code": 0, "message": "OK", "request_id": "2025010300365951D29BF01D97D0FA81C5", "data": {}}
2025-01-03T00:37:00+00:00 DEBUG POST: https://business-api.tiktok.com/open_api/v1.3/event/track/

{"partner_name":"WooCommerce","event_source":"web","event_source_id":"CSM79Q3C77UAG1T340I0","data":[{"event":"Pageview","event_id":"6777312c1f5ea_tt4b_woocommerce_670666209cf1f","event_time":1735864620,"user":{"ip":"54.36.148.81","user_agent":"Mozilla\/5.0 (compatible; AhrefsBot\/7.0; +http:\/\/ahrefs.com\/robot\/)","locale":"ar","external_id":"0","email":"e3b0c44298fc1c149afbf4c8996fb92427ae41e4649b934ca495991b7852b855","phone_number":"e3b0c44298fc1c149afbf4c8996fb92427ae41e4649b934ca495991b7852b855","first_name":"e3b0c44298fc1c149afbf4c8996fb92427ae41e4649b934ca495991b7852b855","last_name":"e3b0c44298fc1c149afbf4c8996fb92427ae41e4649b934ca495991b7852b855","zip_code":"e3b0c44298fc1c149afbf4c8996fb92427ae41e4649b934ca495991b7852b855"},"page":{"url":"http:\/\/ibn-sinaa.com\/product\/print-envelopes-a5\/?add-to-cart=3545"}}]}
 ajax: no
2025-01-03T00:37:00+00:00 DEBUG Tt4b_Mapi_Class::mapi_post: Response: 

HTTP/1.1 200 OK
Server: nginx
Content-Type: application/json
Content-Length: 92
X-Tt-Logid: 202501030037000EE6EF6FCE18C360C359
Server-Timing: inner; dur=27
x-tt-trace-host: 018e5a586174a888928d793bdac74b79b51a437ee89a1c03eb2011d034a2e3e9f5a19e57dd82479d244806b0ad7a51bc74e24ee5ee5edf7383e15a45cb4d6adfb4d25e7ec9fa8fea7724e0ab6e2cd4cf44280054d564aad85a827dffa79518d6d7
x-tt-trace-id: 00-2501030037000EE6EF6FCE18C360C359-2514D6F9215E8547-00
Expires: Fri, 03 Jan 2025 00:37:00 GMT
Cache-Control: max-age=0, no-cache, no-store
Pragma: no-cache
Date: Fri, 03 Jan 2025 00:37:00 GMT
X-Cache: TCP_MISS from a95-101-134-92.deploy.akamaitechnologies.com (AkamaiGHost/11.7.2.1-9611f29bef89eba7b18045b10aa2af98) (-)
Connection: close
x-tt-trace-tag: id=16;cdn-cache=miss;type=dyn
Server-Timing: cdn-cache; desc=MISS, edge; dur=1, origin; dur=108
X-Origin-Response-Time: 109,95.101.134.92
X-Akamai-Request-ID: 12726080

{"code": 0, "message": "OK", "request_id": "202501030037000EE6EF6FCE18C360C359", "data": {}}
2025-01-03T00:37:00+00:00 DEBUG Tt4b_Pixel_Class::inject_view_content_event: hit ViewContent
2025-01-03T00:37:00+00:00 DEBUG POST: https://business-api.tiktok.com/open_api/v1.3/event/track/

{"partner_name":"WooCommerce","event_source":"web","event_source_id":"CSM79Q3C77UAG1T340I0","data":[{"event":"ViewContent","event_id":"6777312c5363f_tt4b_woocommerce_670666209cf1f_4021","event_time":1735864620,"user":{"ip":"54.36.148.81","user_agent":"Mozilla\/5.0 (compatible; AhrefsBot\/7.0; +http:\/\/ahrefs.com\/robot\/)","locale":"ar","external_id":"0","email":"e3b0c44298fc1c149afbf4c8996fb92427ae41e4649b934ca495991b7852b855","phone_number":"e3b0c44298fc1c149afbf4c8996fb92427ae41e4649b934ca495991b7852b855","first_name":"e3b0c44298fc1c149afbf4c8996fb92427ae41e4649b934ca495991b7852b855","last_name":"e3b0c44298fc1c149afbf4c8996fb92427ae41e4649b934ca495991b7852b855","zip_code":"e3b0c44298fc1c149afbf4c8996fb92427ae41e4649b934ca495991b7852b855"},"properties":{"contents":[{"price":179,"quantity":1,"content_id":"4021","content_name":"\u0637\u0628\u0627\u0639\u0629 \u0638\u0631\u0648\u0641 A5\\C5","description":"\u0637\u0628\u0627\u0639\u0629 \u0645\u0644\u0648\u0646\u0629 \u0639\u0644\u0649 \u062c\u0647\u0629 \u0648\u0627\u062d\u062f\u0629 \u0645\u0646 \u0627\u0644\u0638\u0631\u0641 \u0645\u0646 \u0627\u0644\u062e\u0644\u0641 \u0641\u0642\u0637 (\u0644\u0648\u0646 \u0627\u0644\u0638\u0631\u0641 \u0623\u0628\u064a\u0636).\r\n\u0645\u0644\u0627\u062d\u0638\u0629 \u0645\u0647\u0645\u0629 : \u0645\u0642\u0627\u0633 \u0627\u0644\u0638\u0631\u0641 : 25 \u00d7 17 \u0633\u0645 \u060c \u062a\u062a\u0631\u0643 \u0647\u0648\u0627\u0645\u0634 \u0641\u0627\u0631\u063a\u0629 \u0641\u064a \u062d\u0648\u0627\u0641 \u0627\u0644\u0638\u0631\u0641 \u0639\u0646\u062f \u0627\u0644\u0637\u0628\u0627\u0639\u0629\r\n\u0645\u062f\u0629 \u062a\u0646\u0641\u064a\u0630 \u0627\u0644\u0637\u0644\u0628 : 3 \u2013 5 \u0623\u064a\u0627\u0645 \u0639\u0645\u0644 \u0628\u0639\u062f \u0627\u0639\u062a\u0645\u0627\u062f \u0627\u0644\u0637\u0644\u0628 \u0648\u0627\u0644\u062a\u0635\u0645\u064a\u0645 \u0648\u062d\u0633\u0628 \u0627\u0644\u0643\u0645\u064a\u0629 (\u062a\u0632\u064a\u062f \u0627\u0644\u0645\u062f\u0629 \u0639\u0646\u062f \u0637\u0644\u0628 \u0627\u0644\u0634\u062d\u0646).","availability":"IN_STOCK","sale_price":179,"on_sale":false}],"content_type":"product","currency":"SAR","value":179,"event_trigger_source":"WooCommerce"},"page":{"url":"http:\/\/ibn-sinaa.com\/product\/print-envelopes-a5\/?add-to-cart=3545"}}]}
 ajax: no
2025-01-03T00:37:00+00:00 DEBUG Tt4b_Mapi_Class::mapi_post: Response: 

HTTP/1.1 200 OK
Server: nginx
Content-Type: application/json
Content-Length: 92
X-Tt-Logid: 20250103003700D8D931BAB2D834E38EB7
x-tt-trace-host: 018e5a586174a888928d793bdac74b79b519a86797e72c2eba011e03e23beee17d98eac3064cb2300d2b6618ff91ef52927a2892c98db789f183185ab9c5f8265935500229106fc238a192e8f1981d95ed1a35dd7f0018f8ccb5eeb9ab3aea5155e7b5c2dd9f01a789712601feddf78389
x-tt-trace-id: 00-250103003700D8D931BAB2D834E38EB7-28D9DCB78713DCCC-00
X-Origin-Response-Time: 30,23.55.100.231
X-Akamai-Request-ID: 4fc2f8b1.10b11795
Expires: Fri, 03 Jan 2025 00:37:00 GMT
Cache-Control: max-age=0, no-cache, no-store
Pragma: no-cache
Date: Fri, 03 Jan 2025 00:37:00 GMT
X-Cache: TCP_MISS from a95-101-134-116.deploy.akamaitechnologies.com (AkamaiGHost/11.7.2.1-9611f29bef89eba7b18045b10aa2af98) (-)
Connection: close
X-Cache-Remote: TCP_MISS from a23-55-100-231.deploy.akamaitechnologies.com (AkamaiGHost/11.7.2.1-9611f29bef89eba7b18045b10aa2af98) (-)
x-tt-trace-tag: id=16;cdn-cache=miss;type=dyn
Server-Timing: cdn-cache; desc=MISS, edge; dur=239, origin; dur=30
Server-Timing: inner; dur=26
X-Parent-Response-Time: 269,95.101.134.116

{"code": 0, "message": "OK", "request_id": "20250103003700D8D931BAB2D834E38EB7", "data": {}}
2025-01-03T00:38:38+00:00 DEBUG POST: https://business-api.tiktok.com/open_api/v1.3/event/track/

{"partner_name":"WooCommerce","event_source":"web","event_source_id":"CSM79Q3C77UAG1T340I0","data":[{"event":"Pageview","event_id":"6777318e33d9f_tt4b_woocommerce_670666209cf1f","event_time":1735864718,"user":{"ip":"64.227.136.202","user_agent":"Mozilla\/5.0 (X11; Ubuntu; Linux x86_64; rv:109.0) Gecko\/20100101 Firefox\/117.0","locale":"ar","external_id":"0","email":"e3b0c44298fc1c149afbf4c8996fb92427ae41e4649b934ca495991b7852b855","phone_number":"e3b0c44298fc1c149afbf4c8996fb92427ae41e4649b934ca495991b7852b855","first_name":"e3b0c44298fc1c149afbf4c8996fb92427ae41e4649b934ca495991b7852b855","last_name":"e3b0c44298fc1c149afbf4c8996fb92427ae41e4649b934ca495991b7852b855","zip_code":"e3b0c44298fc1c149afbf4c8996fb92427ae41e4649b934ca495991b7852b855"},"page":{"url":"http:\/\/ibn-sinaa.com\/wp-content\/plugins\/profile-builder\/assets\/css\/style-front-end.css"}}]}
 ajax: no
2025-01-03T00:38:38+00:00 DEBUG Tt4b_Mapi_Class::mapi_post: Response: 

HTTP/1.1 200 OK
Server: nginx
Content-Type: application/json
Content-Length: 92
X-Tt-Logid: 2025010300383804E03234D6DF984AA152
x-tt-trace-host: 018e5a586174a888928d793bdac74b79b56517d7628cf0ffdff56b078ad2cf5615f85a211392a3a10edf271a3cfe7c1973c51300340c4276b1a8ad6790ebac9a85327367abef73e4eaffc8b05193cfc66411f90e8874376c13d4fe5b0bb70ff2de1413960e1dd8788952176eebf23fa30b
x-tt-trace-id: 00-25010300383804E03234D6DF984AA152-34DB06BC23EEC4D6-00
X-Origin-Response-Time: 98,23.55.100.232
X-Akamai-Request-ID: 9cd18d14.12758274
Expires: Fri, 03 Jan 2025 00:38:38 GMT
Cache-Control: max-age=0, no-cache, no-store
Pragma: no-cache
Date: Fri, 03 Jan 2025 00:38:38 GMT
X-Cache: TCP_MISS from a95-101-134-92.deploy.akamaitechnologies.com (AkamaiGHost/11.7.2.1-9611f29bef89eba7b18045b10aa2af98) (-)
Connection: close
X-Cache-Remote: TCP_MISS from a23-55-100-232.deploy.akamaitechnologies.com (AkamaiGHost/11.7.2.1-9611f29bef89eba7b18045b10aa2af98) (-)
x-tt-trace-tag: id=16;cdn-cache=miss;type=dyn
Server-Timing: cdn-cache; desc=MISS, edge; dur=80, origin; dur=98
Server-Timing: inner; dur=92
X-Parent-Response-Time: 177,95.101.134.92

{"code": 0, "message": "OK", "request_id": "2025010300383804E03234D6DF984AA152", "data": {}}
2025-01-03T00:38:41+00:00 DEBUG POST: https://business-api.tiktok.com/open_api/v1.3/event/track/

{"partner_name":"WooCommerce","event_source":"web","event_source_id":"CSM79Q3C77UAG1T340I0","data":[{"event":"Pageview","event_id":"67773191d517b_tt4b_woocommerce_670666209cf1f","event_time":1735864721,"user":{"ip":"64.227.136.202","user_agent":"Mozilla\/5.0 (Macintosh; Intel Mac OS X 10_15_7) AppleWebKit\/537.36 (KHTML, like Gecko) Chrome\/117.0.0.0 Safari\/537.36","locale":"ar","external_id":"0","email":"e3b0c44298fc1c149afbf4c8996fb92427ae41e4649b934ca495991b7852b855","phone_number":"e3b0c44298fc1c149afbf4c8996fb92427ae41e4649b934ca495991b7852b855","first_name":"e3b0c44298fc1c149afbf4c8996fb92427ae41e4649b934ca495991b7852b855","last_name":"e3b0c44298fc1c149afbf4c8996fb92427ae41e4649b934ca495991b7852b855","zip_code":"e3b0c44298fc1c149afbf4c8996fb92427ae41e4649b934ca495991b7852b855"},"page":{"url":"http:\/\/ibn-sinaa.com\/wp-content\/plugins\/wp-seopress\/assets\/css\/seopress.css"}}]}
 ajax: no
2025-01-03T00:38:42+00:00 DEBUG Tt4b_Mapi_Class::mapi_post: Response: 

HTTP/1.1 200 OK
Server: nginx
Content-Type: application/json
Content-Length: 92
X-Tt-Logid: 202501030038418A96620879910BB03CD2
x-tt-trace-host: 018e5a586174a888928d793bdac74b79b56517d7628cf0ffdff56b078ad2cf5615ce2cef92a7799ace2d42b0dd87f03583489ff8bbc723ebca92917ee912513c6a98468353c4f5e9f763d0af3b41bcf5b419c914be8fa0eccf3a7dc1bc7a58044a87a97e6f00fa272d74572311e8a134d3
x-tt-trace-id: 00-2501030038418A96620879910BB03CD2-466DF06A63F66874-00
X-Origin-Response-Time: 73,23.213.246.207
X-Akamai-Request-ID: bda803c5.1275a091
Expires: Fri, 03 Jan 2025 00:38:42 GMT
Cache-Control: max-age=0, no-cache, no-store
Pragma: no-cache
Date: Fri, 03 Jan 2025 00:38:42 GMT
X-Cache: TCP_MISS from a95-101-134-92.deploy.akamaitechnologies.com (AkamaiGHost/11.7.2.1-9611f29bef89eba7b18045b10aa2af98) (-)
Connection: close
X-Cache-Remote: TCP_MISS from a23-213-246-207.deploy.akamaitechnologies.com (AkamaiGHost/11.7.2.1-9611f29bef89eba7b18045b10aa2af98) (-)
x-tt-trace-tag: id=16;cdn-cache=miss;type=dyn
Server-Timing: cdn-cache; desc=MISS, edge; dur=89, origin; dur=73
Server-Timing: inner; dur=67
X-Parent-Response-Time: 161,95.101.134.92

{"code": 0, "message": "OK", "request_id": "202501030038418A96620879910BB03CD2", "data": {}}
2025-01-03T00:38:45+00:00 DEBUG POST: https://business-api.tiktok.com/open_api/v1.3/event/track/

{"partner_name":"WooCommerce","event_source":"web","event_source_id":"CSM79Q3C77UAG1T340I0","data":[{"event":"Pageview","event_id":"677731954c0d9_tt4b_woocommerce_670666209cf1f","event_time":1735864725,"user":{"ip":"64.227.136.202","user_agent":"Mozilla\/5.0 (X11; Ubuntu; Linux x86_64; rv:109.0) Gecko\/20100101 Firefox\/117.0","locale":"ar","external_id":"0","email":"e3b0c44298fc1c149afbf4c8996fb92427ae41e4649b934ca495991b7852b855","phone_number":"e3b0c44298fc1c149afbf4c8996fb92427ae41e4649b934ca495991b7852b855","first_name":"e3b0c44298fc1c149afbf4c8996fb92427ae41e4649b934ca495991b7852b855","last_name":"e3b0c44298fc1c149afbf4c8996fb92427ae41e4649b934ca495991b7852b855","zip_code":"e3b0c44298fc1c149afbf4c8996fb92427ae41e4649b934ca495991b7852b855"},"page":{"url":"http:\/\/ibn-sinaa.com\/wp-content\/plugins\/wp-seopress\/readme.txt"}}]}
 ajax: no
2025-01-03T00:38:45+00:00 DEBUG Tt4b_Mapi_Class::mapi_post: Response: 

HTTP/1.1 200 OK
Server: nginx
Content-Type: application/json
Content-Length: 92
X-Tt-Logid: 20250103003845E8482ED5A199B4B4B1C4
Server-Timing: inner; dur=35
x-tt-trace-host: 018e5a586174a888928d793bdac74b79b520593bf434961dbceff88e4b17f9a1568330d5268c34aad04c6ef02d2cff58fbbb5cce5cd745d7792a9dfa4cb8bda3a09ccf5add589bc5e4862406ff65daf6d85b014256cb070e31d285a1a1d9854ff7
x-tt-trace-id: 00-250103003845E8482ED5A199B4B4B1C4-54A3806E8AD96B25-00
Expires: Fri, 03 Jan 2025 00:38:45 GMT
Cache-Control: max-age=0, no-cache, no-store
Pragma: no-cache
Date: Fri, 03 Jan 2025 00:38:45 GMT
X-Cache: TCP_MISS from a95-101-134-116.deploy.akamaitechnologies.com (AkamaiGHost/11.7.2.1-9611f29bef89eba7b18045b10aa2af98) (-)
Connection: close
x-tt-trace-tag: id=16;cdn-cache=miss;type=dyn
Server-Timing: cdn-cache; desc=MISS, edge; dur=1, origin; dur=115
X-Origin-Response-Time: 116,95.101.134.116
X-Akamai-Request-ID: 10b350c7

{"code": 0, "message": "OK", "request_id": "20250103003845E8482ED5A199B4B4B1C4", "data": {}}
2025-01-03T00:38:48+00:00 DEBUG POST: https://business-api.tiktok.com/open_api/v1.3/event/track/

{"partner_name":"WooCommerce","event_source":"web","event_source_id":"CSM79Q3C77UAG1T340I0","data":[{"event":"Pageview","event_id":"67773198735bd_tt4b_woocommerce_670666209cf1f","event_time":1735864728,"user":{"ip":"64.227.136.202","user_agent":"Mozilla\/5.0 (Windows NT 10.0; Win64; x64) AppleWebKit\/537.36 (KHTML, like Gecko) Chrome\/116.0.0.0 Safari\/537.36 OPR\/102.0.0.0","locale":"ar","external_id":"0","email":"e3b0c44298fc1c149afbf4c8996fb92427ae41e4649b934ca495991b7852b855","phone_number":"e3b0c44298fc1c149afbf4c8996fb92427ae41e4649b934ca495991b7852b855","first_name":"e3b0c44298fc1c149afbf4c8996fb92427ae41e4649b934ca495991b7852b855","last_name":"e3b0c44298fc1c149afbf4c8996fb92427ae41e4649b934ca495991b7852b855","zip_code":"e3b0c44298fc1c149afbf4c8996fb92427ae41e4649b934ca495991b7852b855"},"page":{"url":"http:\/\/ibn-sinaa.com\/wp-content\/plugins\/wp-time-capsule\/css\/opentip.css"}}]}
 ajax: no
2025-01-03T00:38:48+00:00 DEBUG Tt4b_Mapi_Class::mapi_post: Response: 

HTTP/1.1 200 OK
Server: nginx
Content-Type: application/json
Content-Length: 92
X-Tt-Logid: 202501030038489423886FEFAFBF4EA546
x-tt-trace-host: 018e5a586174a888928d793bdac74b79b56517d7628cf0ffdff56b078ad2cf56151515f2484181e372668a861a2249ee9a120d417ca2b610aafe711b5c5d9ccce71e5c083629dd90eecc0cee669fb5749b0248ca5d5d01b2186605ae269ff51f911cebe18bb2cd8289ca5e6c9ffe19fe47
x-tt-trace-id: 00-2501030038489423886FEFAFBF4EA546-361609646042ED85-00
X-Origin-Response-Time: 32,23.213.246.199
X-Akamai-Request-ID: c67f9385.1275d53e
Expires: Fri, 03 Jan 2025 00:38:48 GMT
Cache-Control: max-age=0, no-cache, no-store
Pragma: no-cache
Date: Fri, 03 Jan 2025 00:38:48 GMT
X-Cache: TCP_MISS from a95-101-134-92.deploy.akamaitechnologies.com (AkamaiGHost/11.7.2.1-9611f29bef89eba7b18045b10aa2af98) (-)
Connection: close
X-Cache-Remote: TCP_MISS from a23-213-246-199.deploy.akamaitechnologies.com (AkamaiGHost/11.7.2.1-9611f29bef89eba7b18045b10aa2af98) (-)
x-tt-trace-tag: id=16;cdn-cache=miss;type=dyn
Server-Timing: cdn-cache; desc=MISS, edge; dur=80, origin; dur=32
Server-Timing: inner; dur=29
X-Parent-Response-Time: 112,95.101.134.92

{"code": 0, "message": "OK", "request_id": "202501030038489423886FEFAFBF4EA546", "data": {}}
2025-01-03T00:38:51+00:00 DEBUG POST: https://business-api.tiktok.com/open_api/v1.3/event/track/

{"partner_name":"WooCommerce","event_source":"web","event_source_id":"CSM79Q3C77UAG1T340I0","data":[{"event":"Pageview","event_id":"6777319bb6d60_tt4b_woocommerce_670666209cf1f","event_time":1735864731,"user":{"ip":"64.227.136.202","user_agent":"Mozilla\/5.0 (Windows NT 10.0; Win64; x64; rv:109.0) Gecko\/20100101 Firefox\/117.0","locale":"ar","external_id":"0","email":"e3b0c44298fc1c149afbf4c8996fb92427ae41e4649b934ca495991b7852b855","phone_number":"e3b0c44298fc1c149afbf4c8996fb92427ae41e4649b934ca495991b7852b855","first_name":"e3b0c44298fc1c149afbf4c8996fb92427ae41e4649b934ca495991b7852b855","last_name":"e3b0c44298fc1c149afbf4c8996fb92427ae41e4649b934ca495991b7852b855","zip_code":"e3b0c44298fc1c149afbf4c8996fb92427ae41e4649b934ca495991b7852b855"},"page":{"url":"http:\/\/ibn-sinaa.com\/wp-content\/plugins\/gpt3-ai-content-generator\/public\/css\/wp-ai-content-generator-public.css"}}]}
 ajax: no
2025-01-03T00:38:51+00:00 DEBUG Tt4b_Mapi_Class::mapi_post: Response: 

HTTP/1.1 200 OK
Server: nginx
Content-Type: application/json
Content-Length: 92
X-Tt-Logid: 20250103003851138B66BAA9F517B78E3E
x-tt-trace-host: 018e5a586174a888928d793bdac74b79b56517d7628cf0ffdff56b078ad2cf5615959eabb3f846a7a11db66d15ed03f0930f50b131ac7e9b28157a6b4311c01bd5267db8439dca14e148a60fc6f01e5d91a839cffb62a172fe0a811bc88f4a10f4139fb750044cd4173e5a6459f1576a8d
x-tt-trace-id: 00-250103003851138B66BAA9F517B78E3E-0BCD002933F4188F-00
X-Origin-Response-Time: 89,23.207.199.24
X-Akamai-Request-ID: 30ca203c.1275ef85
Expires: Fri, 03 Jan 2025 00:38:51 GMT
Cache-Control: max-age=0, no-cache, no-store
Pragma: no-cache
Date: Fri, 03 Jan 2025 00:38:51 GMT
X-Cache: TCP_MISS from a95-101-134-92.deploy.akamaitechnologies.com (AkamaiGHost/11.7.2.1-9611f29bef89eba7b18045b10aa2af98) (-)
Connection: close
X-Cache-Remote: TCP_MISS from a23-207-199-24.deploy.akamaitechnologies.com (AkamaiGHost/11.7.2.1-9611f29bef89eba7b18045b10aa2af98) (-)
x-tt-trace-tag: id=16;cdn-cache=miss;type=dyn
Server-Timing: cdn-cache; desc=MISS, edge; dur=84, origin; dur=89
Server-Timing: inner; dur=81
X-Parent-Response-Time: 173,95.101.134.92

{"code": 0, "message": "OK", "request_id": "20250103003851138B66BAA9F517B78E3E", "data": {}}
2025-01-03T00:38:55+00:00 DEBUG POST: https://business-api.tiktok.com/open_api/v1.3/event/track/

{"partner_name":"WooCommerce","event_source":"web","event_source_id":"CSM79Q3C77UAG1T340I0","data":[{"event":"Pageview","event_id":"6777319f02e45_tt4b_woocommerce_670666209cf1f","event_time":1735864735,"user":{"ip":"64.227.136.202","user_agent":"Mozilla\/5.0 (Windows NT 10.0; Win64; x64; rv:109.0) Gecko\/20100101 Firefox\/118.0","locale":"ar","external_id":"0","email":"e3b0c44298fc1c149afbf4c8996fb92427ae41e4649b934ca495991b7852b855","phone_number":"e3b0c44298fc1c149afbf4c8996fb92427ae41e4649b934ca495991b7852b855","first_name":"e3b0c44298fc1c149afbf4c8996fb92427ae41e4649b934ca495991b7852b855","last_name":"e3b0c44298fc1c149afbf4c8996fb92427ae41e4649b934ca495991b7852b855","zip_code":"e3b0c44298fc1c149afbf4c8996fb92427ae41e4649b934ca495991b7852b855"},"page":{"url":"http:\/\/ibn-sinaa.com\/wp-content\/plugins\/custom-registration-form-builder-with-submission-manager\/public\/css\/theme_rm_matchmytheme_label_top.css"}}]}
 ajax: no
2025-01-03T00:38:55+00:00 DEBUG Tt4b_Mapi_Class::mapi_post: Response: 

HTTP/1.1 200 OK
Server: nginx
Content-Type: application/json
Content-Length: 92
X-Tt-Logid: 202501030038553DCD00E98CDF33D31697
x-tt-trace-host: 018e5a586174a888928d793bdac74b79b519a86797e72c2eba011e03e23beee17dec9e6ed9797fe11e20fe620a54ae977cc6b02194d84a8b507d8f4d89948c45e2cea37942b26232ce3643914f841d5acaa47bd54875d43e44a299078d59cad038def639c5989b81da9ed6bd4368dc8b61
x-tt-trace-id: 00-2501030038553DCD00E98CDF33D31697-181406394ECC31AC-00
X-Origin-Response-Time: 36,23.55.100.229
X-Akamai-Request-ID: 53675885.10b384ce
Expires: Fri, 03 Jan 2025 00:38:55 GMT
Cache-Control: max-age=0, no-cache, no-store
Pragma: no-cache
Date: Fri, 03 Jan 2025 00:38:55 GMT
X-Cache: TCP_MISS from a95-101-134-116.deploy.akamaitechnologies.com (AkamaiGHost/11.7.2.1-9611f29bef89eba7b18045b10aa2af98) (-)
Connection: close
X-Cache-Remote: TCP_MISS from a23-55-100-229.deploy.akamaitechnologies.com (AkamaiGHost/11.7.2.1-9611f29bef89eba7b18045b10aa2af98) (-)
x-tt-trace-tag: id=16;cdn-cache=miss;type=dyn
Server-Timing: cdn-cache; desc=MISS, edge; dur=81, origin; dur=35
Server-Timing: inner; dur=32
X-Parent-Response-Time: 116,95.101.134.116

{"code": 0, "message": "OK", "request_id": "202501030038553DCD00E98CDF33D31697", "data": {}}
2025-01-03T00:38:58+00:00 DEBUG POST: https://business-api.tiktok.com/open_api/v1.3/event/track/

{"partner_name":"WooCommerce","event_source":"web","event_source_id":"CSM79Q3C77UAG1T340I0","data":[{"event":"Pageview","event_id":"677731a23da14_tt4b_woocommerce_670666209cf1f","event_time":1735864738,"user":{"ip":"64.227.136.202","user_agent":"Mozilla\/5.0 (Macintosh; Intel Mac OS X 10_15_7) AppleWebKit\/605.1.15 (KHTML, like Gecko) Version\/16.6 Safari\/605.1.15","locale":"ar","external_id":"0","email":"e3b0c44298fc1c149afbf4c8996fb92427ae41e4649b934ca495991b7852b855","phone_number":"e3b0c44298fc1c149afbf4c8996fb92427ae41e4649b934ca495991b7852b855","first_name":"e3b0c44298fc1c149afbf4c8996fb92427ae41e4649b934ca495991b7852b855","last_name":"e3b0c44298fc1c149afbf4c8996fb92427ae41e4649b934ca495991b7852b855","zip_code":"e3b0c44298fc1c149afbf4c8996fb92427ae41e4649b934ca495991b7852b855"},"page":{"url":"http:\/\/ibn-sinaa.com\/wp-content\/plugins\/give\/assets\/dist\/css\/give.css"}}]}
 ajax: no
2025-01-03T00:38:58+00:00 DEBUG Tt4b_Mapi_Class::mapi_post: Response: 

HTTP/1.1 200 OK
Server: nginx
Content-Type: application/json
Content-Length: 92
X-Tt-Logid: 202501030038580751F136445211A7D562
x-tt-trace-host: 018e5a586174a888928d793bdac74b79b56517d7628cf0ffdff56b078ad2cf5615b5fd7c136f06f3978c888fa9e9bec6425fa1ae9f3244830eba1d3c2b58233dbc05dcf698f96d133cc4503bbac9a2b2fd7319bcdcf3397d12f48875062ea9505f42c63d3f9cd9fff479653244f7d0ac56
x-tt-trace-id: 00-2501030038580751F136445211A7D562-3D5788C52AAD90B7-00
X-Origin-Response-Time: 30,23.218.219.36
X-Akamai-Request-ID: 26305014.12762409
Expires: Fri, 03 Jan 2025 00:38:58 GMT
Cache-Control: max-age=0, no-cache, no-store
Pragma: no-cache
Date: Fri, 03 Jan 2025 00:38:58 GMT
X-Cache: TCP_MISS from a95-101-134-92.deploy.akamaitechnologies.com (AkamaiGHost/11.7.2.1-9611f29bef89eba7b18045b10aa2af98) (-)
Connection: close
X-Cache-Remote: TCP_MISS from a23-218-219-36.deploy.akamaitechnologies.com (AkamaiGHost/11.7.2.1-9611f29bef89eba7b18045b10aa2af98) (-)
x-tt-trace-tag: id=16;cdn-cache=miss;type=dyn
Server-Timing: cdn-cache; desc=MISS, edge; dur=81, origin; dur=30
Server-Timing: inner; dur=24
X-Parent-Response-Time: 110,95.101.134.92

{"code": 0, "message": "OK", "request_id": "202501030038580751F136445211A7D562", "data": {}}
2025-01-03T00:39:02+00:00 DEBUG POST: https://business-api.tiktok.com/open_api/v1.3/event/track/

{"partner_name":"WooCommerce","event_source":"web","event_source_id":"CSM79Q3C77UAG1T340I0","data":[{"event":"Pageview","event_id":"677731a617585_tt4b_woocommerce_670666209cf1f","event_time":1735864742,"user":{"ip":"64.227.136.202","user_agent":"Mozilla\/5.0 (Macintosh; Intel Mac OS X 10_15_7) AppleWebKit\/605.1.15 (KHTML, like Gecko) Version\/16.6 Safari\/605.1.15","locale":"ar","external_id":"0","email":"e3b0c44298fc1c149afbf4c8996fb92427ae41e4649b934ca495991b7852b855","phone_number":"e3b0c44298fc1c149afbf4c8996fb92427ae41e4649b934ca495991b7852b855","first_name":"e3b0c44298fc1c149afbf4c8996fb92427ae41e4649b934ca495991b7852b855","last_name":"e3b0c44298fc1c149afbf4c8996fb92427ae41e4649b934ca495991b7852b855","zip_code":"e3b0c44298fc1c149afbf4c8996fb92427ae41e4649b934ca495991b7852b855"},"page":{"url":"http:\/\/ibn-sinaa.com\/wp-content\/plugins\/nextend-facebook-connect\/buttons\/facebook-btn.css"}}]}
 ajax: no
2025-01-03T00:39:02+00:00 DEBUG Tt4b_Mapi_Class::mapi_post: Response: 

HTTP/1.1 200 OK
Server: nginx
Content-Type: application/json
Content-Length: 92
X-Tt-Logid: 20250103003902F4FE980B05CF8EB4E0A3
x-tt-trace-host: 018e5a586174a888928d793bdac74b79b56517d7628cf0ffdff56b078ad2cf56159c95e3155c6ed357905b50908bac2aaea2482000f4db6825f99d793591550fda6aca07897f5a9f7fe064eded99450b1d38f3e69a4da09b3b31079973e15f82cbb0e94a566ac031cecbc79c5fbec4d475
x-tt-trace-id: 00-250103003902F4FE980B05CF8EB4E0A3-67F473F83259B3DB-00
X-Origin-Response-Time: 60,23.207.199.4
X-Akamai-Request-ID: 9e51924.127644d9
Expires: Fri, 03 Jan 2025 00:39:02 GMT
Cache-Control: max-age=0, no-cache, no-store
Pragma: no-cache
Date: Fri, 03 Jan 2025 00:39:02 GMT
X-Cache: TCP_MISS from a95-101-134-92.deploy.akamaitechnologies.com (AkamaiGHost/11.7.2.1-9611f29bef89eba7b18045b10aa2af98) (-)
Connection: close
X-Cache-Remote: TCP_MISS from a23-207-199-4.deploy.akamaitechnologies.com (AkamaiGHost/11.7.2.1-9611f29bef89eba7b18045b10aa2af98) (-)
x-tt-trace-tag: id=16;cdn-cache=miss;type=dyn
Server-Timing: cdn-cache; desc=MISS, edge; dur=84, origin; dur=59
Server-Timing: inner; dur=53
X-Parent-Response-Time: 143,95.101.134.92

{"code": 0, "message": "OK", "request_id": "20250103003902F4FE980B05CF8EB4E0A3", "data": {}}
2025-01-03T00:39:06+00:00 DEBUG POST: https://business-api.tiktok.com/open_api/v1.3/event/track/

{"partner_name":"WooCommerce","event_source":"web","event_source_id":"CSM79Q3C77UAG1T340I0","data":[{"event":"Pageview","event_id":"677731aa40c34_tt4b_woocommerce_670666209cf1f","event_time":1735864746,"user":{"ip":"64.227.136.202","user_agent":"Mozilla\/5.0 (Windows NT 10.0; Win64; x64) AppleWebKit\/537.36 (KHTML, like Gecko) Chrome\/116.0.0.0 Safari\/537.36 OPR\/102.0.0.0","locale":"ar","external_id":"0","email":"e3b0c44298fc1c149afbf4c8996fb92427ae41e4649b934ca495991b7852b855","phone_number":"e3b0c44298fc1c149afbf4c8996fb92427ae41e4649b934ca495991b7852b855","first_name":"e3b0c44298fc1c149afbf4c8996fb92427ae41e4649b934ca495991b7852b855","last_name":"e3b0c44298fc1c149afbf4c8996fb92427ae41e4649b934ca495991b7852b855","zip_code":"e3b0c44298fc1c149afbf4c8996fb92427ae41e4649b934ca495991b7852b855"},"page":{"url":"http:\/\/ibn-sinaa.com\/wp-content\/plugins\/gutenkit-blocks-addon\/build\/gutenkit\/frontend-common.css"}}]}
 ajax: no
2025-01-03T00:39:06+00:00 DEBUG Tt4b_Mapi_Class::mapi_post: Response: 

HTTP/1.1 200 OK
Server: nginx
Content-Type: application/json
Content-Length: 92
X-Tt-Logid: 20250103003906B2A423CA7A04E5FE8CBA
Server-Timing: inner; dur=39
x-tt-trace-host: 018e5a586174a888928d793bdac74b79b520593bf434961dbceff88e4b17f9a1560c790eecad02429a59f3799686a9031347f646c70a66a55cb76d7b0860fc8bc32cded284b48236604e6146f9b3e2d2a8566a65192766ff3151d41d6f885e4eb2
x-tt-trace-id: 00-250103003906B2A423CA7A04E5FE8CBA-0BD2127857494F69-00
Expires: Fri, 03 Jan 2025 00:39:06 GMT
Cache-Control: max-age=0, no-cache, no-store
Pragma: no-cache
Date: Fri, 03 Jan 2025 00:39:06 GMT
X-Cache: TCP_MISS from a95-101-134-116.deploy.akamaitechnologies.com (AkamaiGHost/11.7.2.1-9611f29bef89eba7b18045b10aa2af98) (-)
Connection: close
x-tt-trace-tag: id=16;cdn-cache=miss;type=dyn
Server-Timing: cdn-cache; desc=MISS, edge; dur=1, origin; dur=118
X-Origin-Response-Time: 119,95.101.134.116
X-Akamai-Request-ID: 10b3c272

{"code": 0, "message": "OK", "request_id": "20250103003906B2A423CA7A04E5FE8CBA", "data": {}}
2025-01-03T00:39:09+00:00 DEBUG POST: https://business-api.tiktok.com/open_api/v1.3/event/track/

{"partner_name":"WooCommerce","event_source":"web","event_source_id":"CSM79Q3C77UAG1T340I0","data":[{"event":"Pageview","event_id":"677731adc2e55_tt4b_woocommerce_670666209cf1f","event_time":1735864749,"user":{"ip":"64.227.136.202","user_agent":"Mozilla\/5.0 (X11; Linux x86_64) AppleWebKit\/537.36 (KHTML, like Gecko) Chrome\/117.0.0.0 Safari\/537.36","locale":"ar","external_id":"0","email":"e3b0c44298fc1c149afbf4c8996fb92427ae41e4649b934ca495991b7852b855","phone_number":"e3b0c44298fc1c149afbf4c8996fb92427ae41e4649b934ca495991b7852b855","first_name":"e3b0c44298fc1c149afbf4c8996fb92427ae41e4649b934ca495991b7852b855","last_name":"e3b0c44298fc1c149afbf4c8996fb92427ae41e4649b934ca495991b7852b855","zip_code":"e3b0c44298fc1c149afbf4c8996fb92427ae41e4649b934ca495991b7852b855"},"page":{"url":"http:\/\/ibn-sinaa.com\/wp-content\/plugins\/hunk-companion\/th-shop-mania\/assets\/custom.js"}}]}
 ajax: no
2025-01-03T00:39:09+00:00 DEBUG Tt4b_Mapi_Class::mapi_post: Response: 

HTTP/1.1 200 OK
Server: nginx
Content-Type: application/json
Content-Length: 92
X-Tt-Logid: 20250103003909DCD89F09641770D1FD9C
Server-Timing: inner; dur=47
x-tt-trace-host: 018e5a586174a888928d793bdac74b79b520593bf434961dbceff88e4b17f9a1567d169b82eb0a09210892bc78fceb990b3d1ad08999678d906c8800bf975a693dcf920138c067fa87a1090cc568c80a8304d811bde924c93cc0deefec9d8f7c3c
x-tt-trace-id: 00-250103003909DCD89F09641770D1FD9C-7C1ED3B5486DB68C-00
Expires: Fri, 03 Jan 2025 00:39:09 GMT
Cache-Control: max-age=0, no-cache, no-store
Pragma: no-cache
Date: Fri, 03 Jan 2025 00:39:09 GMT
X-Cache: TCP_MISS from a95-101-134-116.deploy.akamaitechnologies.com (AkamaiGHost/11.7.2.1-9611f29bef89eba7b18045b10aa2af98) (-)
Connection: close
x-tt-trace-tag: id=16;cdn-cache=miss;type=dyn
Server-Timing: cdn-cache; desc=MISS, edge; dur=0, origin; dur=128
X-Origin-Response-Time: 128,95.101.134.116
X-Akamai-Request-ID: 10b3d5d0

{"code": 0, "message": "OK", "request_id": "20250103003909DCD89F09641770D1FD9C", "data": {}}
2025-01-03T00:39:13+00:00 DEBUG POST: https://business-api.tiktok.com/open_api/v1.3/event/track/

{"partner_name":"WooCommerce","event_source":"web","event_source_id":"CSM79Q3C77UAG1T340I0","data":[{"event":"Pageview","event_id":"677731b1b97f5_tt4b_woocommerce_670666209cf1f","event_time":1735864753,"user":{"ip":"64.227.136.202","user_agent":"Mozilla\/5.0 (Macintosh; Intel Mac OS X 10_15_7) AppleWebKit\/605.1.15 (KHTML, like Gecko) Version\/16.6 Safari\/605.1.15","locale":"ar","external_id":"0","email":"e3b0c44298fc1c149afbf4c8996fb92427ae41e4649b934ca495991b7852b855","phone_number":"e3b0c44298fc1c149afbf4c8996fb92427ae41e4649b934ca495991b7852b855","first_name":"e3b0c44298fc1c149afbf4c8996fb92427ae41e4649b934ca495991b7852b855","last_name":"e3b0c44298fc1c149afbf4c8996fb92427ae41e4649b934ca495991b7852b855","zip_code":"e3b0c44298fc1c149afbf4c8996fb92427ae41e4649b934ca495991b7852b855"},"page":{"url":"http:\/\/ibn-sinaa.com\/wp-content\/plugins\/latepoint\/public\/stylesheets\/front.css"}}]}
 ajax: no
2025-01-03T00:39:13+00:00 DEBUG Tt4b_Mapi_Class::mapi_post: Response: 

HTTP/1.1 200 OK
Server: nginx
Content-Type: application/json
Content-Length: 92
X-Tt-Logid: 2025010300391369400BE37F594EB324D9
x-tt-trace-host: 018e5a586174a888928d793bdac74b79b519a86797e72c2eba011e03e23beee17d1993591dfc48dcfc3b8c12cc342970f3d26a211b781346b56d1736fe367963c640ccb841157f9eaa66fa9d9dc1b7202501d1c9baaeb688912e8ec0059f0e573a8a312869d110ec6fbf20fadf02f9ef7f
x-tt-trace-id: 00-25010300391369400BE37F594EB324D9-144DF0A67CE0697F-00
X-Origin-Response-Time: 36,23.213.246.203
X-Akamai-Request-ID: af03fa6a.10b3eb45
Expires: Fri, 03 Jan 2025 00:39:13 GMT
Cache-Control: max-age=0, no-cache, no-store
Pragma: no-cache
Date: Fri, 03 Jan 2025 00:39:13 GMT
X-Cache: TCP_MISS from a95-101-134-116.deploy.akamaitechnologies.com (AkamaiGHost/11.7.2.1-9611f29bef89eba7b18045b10aa2af98) (-)
Connection: close
X-Cache-Remote: TCP_MISS from a23-213-246-203.deploy.akamaitechnologies.com (AkamaiGHost/11.7.2.1-9611f29bef89eba7b18045b10aa2af98) (-)
x-tt-trace-tag: id=16;cdn-cache=miss;type=dyn
Server-Timing: cdn-cache; desc=MISS, edge; dur=92, origin; dur=35
Server-Timing: inner; dur=30
X-Parent-Response-Time: 127,95.101.134.116

{"code": 0, "message": "OK", "request_id": "2025010300391369400BE37F594EB324D9", "data": {}}
2025-01-03T00:39:17+00:00 DEBUG POST: https://business-api.tiktok.com/open_api/v1.3/event/track/

{"partner_name":"WooCommerce","event_source":"web","event_source_id":"CSM79Q3C77UAG1T340I0","data":[{"event":"Pageview","event_id":"677731b58a993_tt4b_woocommerce_670666209cf1f","event_time":1735864757,"user":{"ip":"64.227.136.202","user_agent":"Mozilla\/5.0 (Macintosh; Intel Mac OS X 10.15; rv:109.0) Gecko\/20100101 Firefox\/117.0","locale":"ar","external_id":"0","email":"e3b0c44298fc1c149afbf4c8996fb92427ae41e4649b934ca495991b7852b855","phone_number":"e3b0c44298fc1c149afbf4c8996fb92427ae41e4649b934ca495991b7852b855","first_name":"e3b0c44298fc1c149afbf4c8996fb92427ae41e4649b934ca495991b7852b855","last_name":"e3b0c44298fc1c149afbf4c8996fb92427ae41e4649b934ca495991b7852b855","zip_code":"e3b0c44298fc1c149afbf4c8996fb92427ae41e4649b934ca495991b7852b855"},"page":{"url":"http:\/\/ibn-sinaa.com\/wp-content\/plugins\/charitable\/assets\/css\/charitable.min.css"}}]}
 ajax: no
2025-01-03T00:39:17+00:00 DEBUG Tt4b_Mapi_Class::mapi_post: Response: 

HTTP/1.1 200 OK
Server: nginx
Content-Type: application/json
Content-Length: 92
X-Tt-Logid: 20250103003917FE7FE28EC2DE4DDFFC19
x-tt-trace-host: 018e5a586174a888928d793bdac74b79b56517d7628cf0ffdff56b078ad2cf5615959eabb3f846a7a11db66d15ed03f09326b99bd7b10711f2fa21ad866160524fdb0f5c3f57c8c17a59a42b4a62cd697018cf658deabd54115005b1dca9f56061a06151e1503fa08c239d4810cd458491
x-tt-trace-id: 00-250103003917FE7FE28EC2DE4DDFFC19-17A5F9E088999BDC-00
X-Origin-Response-Time: 35,23.207.199.24
X-Akamai-Request-ID: 30cb338b.1276c3ea
Expires: Fri, 03 Jan 2025 00:39:17 GMT
Cache-Control: max-age=0, no-cache, no-store
Pragma: no-cache
Date: Fri, 03 Jan 2025 00:39:17 GMT
X-Cache: TCP_MISS from a95-101-134-92.deploy.akamaitechnologies.com (AkamaiGHost/11.7.2.1-9611f29bef89eba7b18045b10aa2af98) (-)
Connection: close
X-Cache-Remote: TCP_MISS from a23-207-199-24.deploy.akamaitechnologies.com (AkamaiGHost/11.7.2.1-9611f29bef89eba7b18045b10aa2af98) (-)
x-tt-trace-tag: id=16;cdn-cache=miss;type=dyn
Server-Timing: cdn-cache; desc=MISS, edge; dur=81, origin; dur=34
Server-Timing: inner; dur=31
X-Parent-Response-Time: 115,95.101.134.92

{"code": 0, "message": "OK", "request_id": "20250103003917FE7FE28EC2DE4DDFFC19", "data": {}}
2025-01-03T00:41:18+00:00 DEBUG POST: https://business-api.tiktok.com/open_api/v1.3/event/track/

{"partner_name":"WooCommerce","event_source":"web","event_source_id":"CSM79Q3C77UAG1T340I0","data":[{"event":"Pageview","event_id":"6777322e2b5ba_tt4b_woocommerce_670666209cf1f","event_time":1735864878,"user":{"ip":"216.244.66.233","user_agent":"Mozilla\/5.0 (compatible; DotBot\/1.2; +https:\/\/opensiteexplorer.org\/dotbot; help@moz.com)","locale":"ar","external_id":"0","email":"e3b0c44298fc1c149afbf4c8996fb92427ae41e4649b934ca495991b7852b855","phone_number":"e3b0c44298fc1c149afbf4c8996fb92427ae41e4649b934ca495991b7852b855","first_name":"e3b0c44298fc1c149afbf4c8996fb92427ae41e4649b934ca495991b7852b855","last_name":"e3b0c44298fc1c149afbf4c8996fb92427ae41e4649b934ca495991b7852b855","zip_code":"e3b0c44298fc1c149afbf4c8996fb92427ae41e4649b934ca495991b7852b855"},"page":{"url":"http:\/\/mail.ibn-sinaa.com\/types-of-personal-cards\/"}}]}
 ajax: no
2025-01-03T00:41:18+00:00 DEBUG Tt4b_Mapi_Class::mapi_post: Response: 

HTTP/1.1 200 OK
Server: nginx
Content-Type: application/json
Content-Length: 92
X-Tt-Logid: 20250103004118E5B77E32E2652AC92B4F
Server-Timing: inner; dur=23
x-tt-trace-host: 018e5a586174a888928d793bdac74b79b520593bf434961dbceff88e4b17f9a156e45d41797eee88a2758dd95f90c2af57e97e7514ba72b172dec6ea27dbcc5ff7e677ec9886f5382700fd688ab7bf8651415773cbef4fc5e6c30feb7c09dffc33
x-tt-trace-id: 00-250103004118E5B77E32E2652AC92B4F-4D817CEC6641FD24-00
Expires: Fri, 03 Jan 2025 00:41:18 GMT
Cache-Control: max-age=0, no-cache, no-store
Pragma: no-cache
Date: Fri, 03 Jan 2025 00:41:18 GMT
X-Cache: TCP_MISS from a95-101-134-116.deploy.akamaitechnologies.com (AkamaiGHost/11.7.2.1-9611f29bef89eba7b18045b10aa2af98) (-)
Connection: close
x-tt-trace-tag: id=16;cdn-cache=miss;type=dyn
Server-Timing: cdn-cache; desc=MISS, edge; dur=1, origin; dur=105
X-Origin-Response-Time: 106,95.101.134.116
X-Akamai-Request-ID: 10b67beb

{"code": 0, "message": "OK", "request_id": "20250103004118E5B77E32E2652AC92B4F", "data": {}}
2025-01-03T00:42:13+00:00 DEBUG POST: https://business-api.tiktok.com/open_api/v1.3/event/track/

{"partner_name":"WooCommerce","event_source":"web","event_source_id":"CSM79Q3C77UAG1T340I0","data":[{"event":"Pageview","event_id":"6777326543419_tt4b_woocommerce_670666209cf1f","event_time":1735864933,"user":{"ip":"66.249.66.19","user_agent":"Mozilla\/5.0 (Linux; Android 6.0.1; Nexus 5X Build\/MMB29P) AppleWebKit\/537.36 (KHTML, like Gecko) Chrome\/131.0.6778.204 Mobile Safari\/537.36 (compatible; Googlebot\/2.1; +http:\/\/www.google.com\/bot.html)","locale":"ar","external_id":"0","email":"e3b0c44298fc1c149afbf4c8996fb92427ae41e4649b934ca495991b7852b855","phone_number":"e3b0c44298fc1c149afbf4c8996fb92427ae41e4649b934ca495991b7852b855","first_name":"e3b0c44298fc1c149afbf4c8996fb92427ae41e4649b934ca495991b7852b855","last_name":"e3b0c44298fc1c149afbf4c8996fb92427ae41e4649b934ca495991b7852b855","zip_code":"e3b0c44298fc1c149afbf4c8996fb92427ae41e4649b934ca495991b7852b855"},"page":{"url":"http:\/\/mail.ibn-sinaa.com\/product-tag\/%D9%88%D8%B1%D9%82-%D8%AE%D8%B7%D8%A7%D8%A8%D8%A7%D8%AA\/"}}]}
 ajax: no
2025-01-03T00:42:13+00:00 DEBUG Tt4b_Mapi_Class::mapi_post: Response: 

HTTP/1.1 200 OK
Server: nginx
Content-Type: application/json
Content-Length: 92
X-Tt-Logid: 20250103004213BEB5D2086019165271F4
x-tt-trace-host: 018e5a586174a888928d793bdac74b79b519a86797e72c2eba011e03e23beee17d4b08160833216bd1bb13a3756b7012bb4f2fc8ce2f1e54a110229924b0bd6aa4bee8be1e5267e8597eb0161b078c4cd8394fd584b0c0ff9bbca8779ee7d55512cdd2c5cf4048e72fc3f4bb0167d987a4
x-tt-trace-id: 00-250103004213BEB5D2086019165271F4-05E95303426E81F1-00
X-Origin-Response-Time: 28,23.55.100.233
X-Akamai-Request-ID: 2068f72c.10b79677
Expires: Fri, 03 Jan 2025 00:42:13 GMT
Cache-Control: max-age=0, no-cache, no-store
Pragma: no-cache
Date: Fri, 03 Jan 2025 00:42:13 GMT
X-Cache: TCP_MISS from a95-101-134-116.deploy.akamaitechnologies.com (AkamaiGHost/11.7.2.1-9611f29bef89eba7b18045b10aa2af98) (-)
Connection: close
X-Cache-Remote: TCP_MISS from a23-55-100-233.deploy.akamaitechnologies.com (AkamaiGHost/11.7.2.1-9611f29bef89eba7b18045b10aa2af98) (-)
x-tt-trace-tag: id=16;cdn-cache=miss;type=dyn
Server-Timing: cdn-cache; desc=MISS, edge; dur=83, origin; dur=28
Server-Timing: inner; dur=23
X-Parent-Response-Time: 111,95.101.134.116

{"code": 0, "message": "OK", "request_id": "20250103004213BEB5D2086019165271F4", "data": {}}
2025-01-03T00:42:28+00:00 DEBUG POST: https://business-api.tiktok.com/open_api/v1.3/event/track/

{"partner_name":"WooCommerce","event_source":"web","event_source_id":"CSM79Q3C77UAG1T340I0","data":[{"event":"Pageview","event_id":"677732748caff_tt4b_woocommerce_670666209cf1f","event_time":1735864948,"user":{"ip":"66.249.66.167","user_agent":"Mozilla\/5.0 (Linux; Android 6.0.1; Nexus 5X Build\/MMB29P) AppleWebKit\/537.36 (KHTML, like Gecko) Chrome\/131.0.6778.139 Mobile Safari\/537.36 (compatible; Googlebot\/2.1; +http:\/\/www.google.com\/bot.html)","locale":"ar","external_id":"0","email":"e3b0c44298fc1c149afbf4c8996fb92427ae41e4649b934ca495991b7852b855","phone_number":"e3b0c44298fc1c149afbf4c8996fb92427ae41e4649b934ca495991b7852b855","first_name":"e3b0c44298fc1c149afbf4c8996fb92427ae41e4649b934ca495991b7852b855","last_name":"e3b0c44298fc1c149afbf4c8996fb92427ae41e4649b934ca495991b7852b855","zip_code":"e3b0c44298fc1c149afbf4c8996fb92427ae41e4649b934ca495991b7852b855"},"page":{"url":"http:\/\/www.ibn-sinaa.com\/product-category\/digital-printing\/folders\/"}}]}
 ajax: no
2025-01-03T00:42:28+00:00 DEBUG Tt4b_Mapi_Class::mapi_post: Response: 

HTTP/1.1 200 OK
Server: nginx
Content-Type: application/json
Content-Length: 92
X-Tt-Logid: 20250103004228E5B77E32E2652AC940B5
Server-Timing: inner; dur=32
x-tt-trace-host: 018e5a586174a888928d793bdac74b79b520593bf434961dbceff88e4b17f9a156e45d41797eee88a2758dd95f90c2af570c9071641ae57165cf81fde4fdeaf2b260c38d21661faff937bced37a2962dcd0a69285adeaa36bdf35c98dbf7174037
x-tt-trace-id: 00-250103004228E5B77E32E2652AC940B5-30CCC79C4DA80F52-00
Expires: Fri, 03 Jan 2025 00:42:28 GMT
Cache-Control: max-age=0, no-cache, no-store
Pragma: no-cache
Date: Fri, 03 Jan 2025 00:42:28 GMT
X-Cache: TCP_MISS from a95-101-134-116.deploy.akamaitechnologies.com (AkamaiGHost/11.7.2.1-9611f29bef89eba7b18045b10aa2af98) (-)
Connection: close
x-tt-trace-tag: id=16;cdn-cache=miss;type=dyn
Server-Timing: cdn-cache; desc=MISS, edge; dur=2, origin; dur=114
X-Origin-Response-Time: 115,95.101.134.116
X-Akamai-Request-ID: 10b7e449

{"code": 0, "message": "OK", "request_id": "20250103004228E5B77E32E2652AC940B5", "data": {}}
2025-01-03T00:42:32+00:00 DEBUG POST: https://business-api.tiktok.com/open_api/v1.3/event/track/

{"partner_name":"WooCommerce","event_source":"web","event_source_id":"CSM79Q3C77UAG1T340I0","data":[{"event":"Pageview","event_id":"67773278d5796_tt4b_woocommerce_670666209cf1f","event_time":1735864952,"user":{"ip":"66.249.66.18","user_agent":"Mozilla\/5.0 (Linux; Android 6.0.1; Nexus 5X Build\/MMB29P) AppleWebKit\/537.36 (KHTML, like Gecko) Chrome\/131.0.6778.204 Mobile Safari\/537.36 (compatible; Googlebot\/2.1; +http:\/\/www.google.com\/bot.html)","locale":"ar","external_id":"0","email":"e3b0c44298fc1c149afbf4c8996fb92427ae41e4649b934ca495991b7852b855","phone_number":"e3b0c44298fc1c149afbf4c8996fb92427ae41e4649b934ca495991b7852b855","first_name":"e3b0c44298fc1c149afbf4c8996fb92427ae41e4649b934ca495991b7852b855","last_name":"e3b0c44298fc1c149afbf4c8996fb92427ae41e4649b934ca495991b7852b855","zip_code":"e3b0c44298fc1c149afbf4c8996fb92427ae41e4649b934ca495991b7852b855"},"page":{"url":"http:\/\/mail.ibn-sinaa.com\/product-tag\/%D9%88%D8%B1%D9%82-%D8%AE%D8%B7%D8%A7%D8%A8%D8%A7%D8%AA-%D9%85%D9%82%D9%85%D8%B4\/"}}]}
 ajax: no
2025-01-03T00:42:33+00:00 DEBUG Tt4b_Mapi_Class::mapi_post: Response: 

HTTP/1.1 200 OK
Server: nginx
Content-Type: application/json
Content-Length: 92
X-Tt-Logid: 20250103004232FDBC8C30490EA4624B2E
Server-Timing: inner; dur=19
x-tt-trace-host: 018e5a586174a888928d793bdac74b79b520593bf434961dbceff88e4b17f9a156f107333f0db9630396dd483f7e2d60185a54baa75da0333ae5e46d377f5618c9b8176df5f1958a58dc6c0677029a43fb765724828103021c1ab61492059c1cb3
x-tt-trace-id: 00-250103004232FDBC8C30490EA4624B2E-00FBFFFE795F41A8-00
Expires: Fri, 03 Jan 2025 00:42:33 GMT
Cache-Control: max-age=0, no-cache, no-store
Pragma: no-cache
Date: Fri, 03 Jan 2025 00:42:33 GMT
X-Cache: TCP_MISS from a95-101-134-116.deploy.akamaitechnologies.com (AkamaiGHost/11.7.2.1-9611f29bef89eba7b18045b10aa2af98) (-)
Connection: close
x-tt-trace-tag: id=16;cdn-cache=miss;type=dyn
Server-Timing: cdn-cache; desc=MISS, edge; dur=1, origin; dur=102
X-Origin-Response-Time: 102,95.101.134.116
X-Akamai-Request-ID: 10b7f9e6

{"code": 0, "message": "OK", "request_id": "20250103004232FDBC8C30490EA4624B2E", "data": {}}
2025-01-03T00:42:37+00:00 DEBUG Tt4b_Pixel_Class::inject_add_to_cart_event: hit AddToCart
2025-01-03T00:42:37+00:00 DEBUG POST: https://business-api.tiktok.com/open_api/v1.3/event/track/

{"partner_name":"WooCommerce","event_source":"web","event_source_id":"CSM79Q3C77UAG1T340I0","data":[{"event":"AddToCart","event_id":"6777327d04b8a_tt4b_woocommerce_670666209cf1f_SKU_197","event_time":1735864957,"user":{"ip":"54.36.148.77","user_agent":"Mozilla\/5.0 (compatible; AhrefsBot\/7.0; +http:\/\/ahrefs.com\/robot\/)","locale":"ar","external_id":"0","email":"e3b0c44298fc1c149afbf4c8996fb92427ae41e4649b934ca495991b7852b855","phone_number":"e3b0c44298fc1c149afbf4c8996fb92427ae41e4649b934ca495991b7852b855","first_name":"e3b0c44298fc1c149afbf4c8996fb92427ae41e4649b934ca495991b7852b855","last_name":"e3b0c44298fc1c149afbf4c8996fb92427ae41e4649b934ca495991b7852b855","zip_code":"e3b0c44298fc1c149afbf4c8996fb92427ae41e4649b934ca495991b7852b855"},"properties":{"contents":[{"price":0,"quantity":1,"content_id":"SKU_197","content_name":"\u0637\u0628\u0627\u0639\u0629 \u0628\u0631\u0634\u0648\u0631 \u0641\u0644\u0627\u064a\u0631 A5","description":"\u0641\u0644\u0627\u064a\u0631 \u0645\u0642\u0627\u0633 A5 \u0637\u0628\u0627\u0639\u0629 \u0631\u0642\u0645\u064a\u0629 \u0639\u0644\u0649 \u0648\u0631\u0642 \u0643\u0648\u0634\u064a\u0647.\r\n\u0645\u062f\u0629 \u0627\u0644\u062a\u0646\u0641\u064a\u0630 \u0627\u0644\u0645\u062a\u0648\u0642\u0639\u0629: 1 \u2013 3 \u0623\u064a\u0627\u0645 \u0639\u0645\u0644 \u0628\u0639\u062f \u062a\u0623\u0643\u064a\u062f \u0627\u0644\u0637\u0644\u0628 \u0648\u0627\u0644\u062a\u0635\u0645\u064a\u0645 \u0648\u062d\u0633\u0628 \u0627\u0644\u0643\u0645\u064a\u0629 (\u062a\u0632\u064a\u062f \u0627\u0644\u0645\u062f\u0629 \u0639\u0646\u062f \u0637\u0644\u0628 \u0627\u0644\u0634\u062d\u0646).","availability":"IN_STOCK","sale_price":0,"on_sale":false}],"content_type":"product","currency":"SAR","value":0,"event_trigger_source":"WooCommerce"},"page":{"url":"http:\/\/ibn-sinaa.com\/shop\/page\/2\/?add-to-cart=197"}}]}
 ajax: no
2025-01-03T00:42:37+00:00 DEBUG Tt4b_Mapi_Class::mapi_post: Response: 

HTTP/1.1 200 OK
Server: nginx
Content-Type: application/json
Content-Length: 92
X-Tt-Logid: 202501030042374EC4461877E09343D684
Server-Timing: inner; dur=33
x-tt-trace-host: 018e5a586174a888928d793bdac74b79b51a437ee89a1c03eb2011d034a2e3e9f514fdfb33acdfc246815e219bd5c96f126fc73e8507e0f5b0a48689a125a363f10257a055aeaa4f2abcfeb28cf074dd1c42d1085d366021b2f2f940970f40d7bd
x-tt-trace-id: 00-2501030042374EC4461877E09343D684-5A90DB1C79B3C7A8-00
Expires: Fri, 03 Jan 2025 00:42:37 GMT
Cache-Control: max-age=0, no-cache, no-store
Pragma: no-cache
Date: Fri, 03 Jan 2025 00:42:37 GMT
X-Cache: TCP_MISS from a95-101-134-92.deploy.akamaitechnologies.com (AkamaiGHost/11.7.2.1-9611f29bef89eba7b18045b10aa2af98) (-)
Connection: close
x-tt-trace-tag: id=16;cdn-cache=miss;type=dyn
Server-Timing: cdn-cache; desc=MISS, edge; dur=0, origin; dur=113
X-Origin-Response-Time: 113,95.101.134.92
X-Akamai-Request-ID: 127cffc7

{"code": 0, "message": "OK", "request_id": "202501030042374EC4461877E09343D684", "data": {}}
2025-01-03T00:42:37+00:00 DEBUG POST: https://business-api.tiktok.com/open_api/v1.3/event/track/

{"partner_name":"WooCommerce","event_source":"web","event_source_id":"CSM79Q3C77UAG1T340I0","data":[{"event":"Pageview","event_id":"6777327d4f2b9_tt4b_woocommerce_670666209cf1f","event_time":1735864957,"user":{"ip":"54.36.148.77","user_agent":"Mozilla\/5.0 (compatible; AhrefsBot\/7.0; +http:\/\/ahrefs.com\/robot\/)","locale":"ar","external_id":"0","email":"e3b0c44298fc1c149afbf4c8996fb92427ae41e4649b934ca495991b7852b855","phone_number":"e3b0c44298fc1c149afbf4c8996fb92427ae41e4649b934ca495991b7852b855","first_name":"e3b0c44298fc1c149afbf4c8996fb92427ae41e4649b934ca495991b7852b855","last_name":"e3b0c44298fc1c149afbf4c8996fb92427ae41e4649b934ca495991b7852b855","zip_code":"e3b0c44298fc1c149afbf4c8996fb92427ae41e4649b934ca495991b7852b855"},"page":{"url":"http:\/\/ibn-sinaa.com\/shop\/page\/2\/?add-to-cart=197"}}]}
 ajax: no
2025-01-03T00:42:37+00:00 DEBUG Tt4b_Mapi_Class::mapi_post: Response: 

HTTP/1.1 200 OK
Server: nginx
Content-Type: application/json
Content-Length: 92
X-Tt-Logid: 20250103004237A375967DC8FAFC46961F
x-tt-trace-host: 018e5a586174a888928d793bdac74b79b519a86797e72c2eba011e03e23beee17d3c45cfdb7ee339838dd09d928418b902bd8d1cc5d0b18382cc006189e4f4c7f699b3c8a8701acc91bd96fc91c5f59745777a8147e417227a1355ad117453504c10275620637e1dc087970c5ad43605f4
x-tt-trace-id: 00-250103004237A375967DC8FAFC46961F-54180E6B1943B42E-00
X-Origin-Response-Time: 44,23.207.199.45
X-Akamai-Request-ID: 50defe10.10b80fd5
Expires: Fri, 03 Jan 2025 00:42:37 GMT
Cache-Control: max-age=0, no-cache, no-store
Pragma: no-cache
Date: Fri, 03 Jan 2025 00:42:37 GMT
X-Cache: TCP_MISS from a95-101-134-116.deploy.akamaitechnologies.com (AkamaiGHost/11.7.2.1-9611f29bef89eba7b18045b10aa2af98) (-)
Connection: close
X-Cache-Remote: TCP_MISS from a23-207-199-45.deploy.akamaitechnologies.com (AkamaiGHost/11.7.2.1-9611f29bef89eba7b18045b10aa2af98) (-)
x-tt-trace-tag: id=16;cdn-cache=miss;type=dyn
Server-Timing: cdn-cache; desc=MISS, edge; dur=82, origin; dur=44
Server-Timing: inner; dur=34
X-Parent-Response-Time: 126,95.101.134.116

{"code": 0, "message": "OK", "request_id": "20250103004237A375967DC8FAFC46961F", "data": {}}
2025-01-03T00:44:20+00:00 DEBUG POST: https://business-api.tiktok.com/open_api/v1.3/event/track/

{"partner_name":"WooCommerce","event_source":"web","event_source_id":"CSM79Q3C77UAG1T340I0","data":[{"event":"Pageview","event_id":"677732e46d626_tt4b_woocommerce_670666209cf1f","event_time":1735865060,"user":{"ip":"66.249.66.166","user_agent":"Mozilla\/5.0 (Linux; Android 6.0.1; Nexus 5X Build\/MMB29P) AppleWebKit\/537.36 (KHTML, like Gecko) Chrome\/131.0.6778.139 Mobile Safari\/537.36 (compatible; Googlebot\/2.1; +http:\/\/www.google.com\/bot.html)","locale":"ar","external_id":"0","email":"e3b0c44298fc1c149afbf4c8996fb92427ae41e4649b934ca495991b7852b855","phone_number":"e3b0c44298fc1c149afbf4c8996fb92427ae41e4649b934ca495991b7852b855","first_name":"e3b0c44298fc1c149afbf4c8996fb92427ae41e4649b934ca495991b7852b855","last_name":"e3b0c44298fc1c149afbf4c8996fb92427ae41e4649b934ca495991b7852b855","zip_code":"e3b0c44298fc1c149afbf4c8996fb92427ae41e4649b934ca495991b7852b855"},"page":{"url":"http:\/\/www.ibn-sinaa.com\/shop\/page\/11\/"}}]}
 ajax: no
2025-01-03T00:44:20+00:00 DEBUG Tt4b_Mapi_Class::mapi_post: Response: 

HTTP/1.1 200 OK
Server: nginx
Content-Type: application/json
Content-Length: 92
X-Tt-Logid: 2025010300442071B23A021908B688EE92
Server-Timing: inner; dur=21
x-tt-trace-host: 018e5a586174a888928d793bdac74b79b520593bf434961dbceff88e4b17f9a1561cf0a0fcd7ca9b60893a379f7a03250121c7dc8c4d60758698b58525e048a4215dbfa8a435ccb4d931c2e01f4752c44899120b781f2c6d552654a1632494b921
x-tt-trace-id: 00-25010300442071B23A021908B688EE92-472EF2EA2C38D246-00
Expires: Fri, 03 Jan 2025 00:44:20 GMT
Cache-Control: max-age=0, no-cache, no-store
Pragma: no-cache
Date: Fri, 03 Jan 2025 00:44:20 GMT
X-Cache: TCP_MISS from a95-101-134-116.deploy.akamaitechnologies.com (AkamaiGHost/11.7.2.1-9611f29bef89eba7b18045b10aa2af98) (-)
Connection: close
x-tt-trace-tag: id=16;cdn-cache=miss;type=dyn
Server-Timing: cdn-cache; desc=MISS, edge; dur=1, origin; dur=104
X-Origin-Response-Time: 105,95.101.134.116
X-Akamai-Request-ID: 10ba14dc

{"code": 0, "message": "OK", "request_id": "2025010300442071B23A021908B688EE92", "data": {}}
2025-01-03T00:44:23+00:00 DEBUG POST: https://business-api.tiktok.com/open_api/v1.3/event/track/

{"partner_name":"WooCommerce","event_source":"web","event_source_id":"CSM79Q3C77UAG1T340I0","data":[{"event":"Pageview","event_id":"677732e7b026b_tt4b_woocommerce_670666209cf1f","event_time":1735865063,"user":{"ip":"66.249.66.18","user_agent":"Mozilla\/5.0 (Linux; Android 6.0.1; Nexus 5X Build\/MMB29P) AppleWebKit\/537.36 (KHTML, like Gecko) Chrome\/131.0.6778.139 Mobile Safari\/537.36 (compatible; Googlebot\/2.1; +http:\/\/www.google.com\/bot.html)","locale":"ar","external_id":"0","email":"e3b0c44298fc1c149afbf4c8996fb92427ae41e4649b934ca495991b7852b855","phone_number":"e3b0c44298fc1c149afbf4c8996fb92427ae41e4649b934ca495991b7852b855","first_name":"e3b0c44298fc1c149afbf4c8996fb92427ae41e4649b934ca495991b7852b855","last_name":"e3b0c44298fc1c149afbf4c8996fb92427ae41e4649b934ca495991b7852b855","zip_code":"e3b0c44298fc1c149afbf4c8996fb92427ae41e4649b934ca495991b7852b855"},"page":{"url":"http:\/\/mail.ibn-sinaa.com\/product\/print-coupons\/"}}]}
 ajax: no
2025-01-03T00:44:23+00:00 DEBUG Tt4b_Mapi_Class::mapi_post: Response: 

HTTP/1.1 200 OK
Server: nginx
Content-Type: application/json
Content-Length: 92
X-Tt-Logid: 2025010300442358B2044B706D40F6B12F
Server-Timing: inner; dur=52
x-tt-trace-host: 018e5a586174a888928d793bdac74b79b520593bf434961dbceff88e4b17f9a156310072b4e488366451ecb0f8ca82a0851251a3f90207a5e3c5c31c12192bdfd94b191d5689d65f18f466f7dc28fe48360f25008b923cf8e8c5230b67f76f75e3
x-tt-trace-id: 00-25010300442358B2044B706D40F6B12F-0F65774152BFB970-00
Expires: Fri, 03 Jan 2025 00:44:23 GMT
Cache-Control: max-age=0, no-cache, no-store
Pragma: no-cache
Date: Fri, 03 Jan 2025 00:44:23 GMT
X-Cache: TCP_MISS from a95-101-134-116.deploy.akamaitechnologies.com (AkamaiGHost/11.7.2.1-9611f29bef89eba7b18045b10aa2af98) (-)
Connection: close
x-tt-trace-tag: id=16;cdn-cache=miss;type=dyn
Server-Timing: cdn-cache; desc=MISS, edge; dur=1, origin; dur=135
X-Origin-Response-Time: 136,95.101.134.116
X-Akamai-Request-ID: 10ba258d

{"code": 0, "message": "OK", "request_id": "2025010300442358B2044B706D40F6B12F", "data": {}}
2025-01-03T00:44:23+00:00 DEBUG Tt4b_Pixel_Class::inject_view_content_event: hit ViewContent
2025-01-03T00:44:23+00:00 DEBUG POST: https://business-api.tiktok.com/open_api/v1.3/event/track/

{"partner_name":"WooCommerce","event_source":"web","event_source_id":"CSM79Q3C77UAG1T340I0","data":[{"event":"ViewContent","event_id":"677732e7f0548_tt4b_woocommerce_670666209cf1f_3993","event_time":1735865063,"user":{"ip":"66.249.66.18","user_agent":"Mozilla\/5.0 (Linux; Android 6.0.1; Nexus 5X Build\/MMB29P) AppleWebKit\/537.36 (KHTML, like Gecko) Chrome\/131.0.6778.139 Mobile Safari\/537.36 (compatible; Googlebot\/2.1; +http:\/\/www.google.com\/bot.html)","locale":"ar","external_id":"0","email":"e3b0c44298fc1c149afbf4c8996fb92427ae41e4649b934ca495991b7852b855","phone_number":"e3b0c44298fc1c149afbf4c8996fb92427ae41e4649b934ca495991b7852b855","first_name":"e3b0c44298fc1c149afbf4c8996fb92427ae41e4649b934ca495991b7852b855","last_name":"e3b0c44298fc1c149afbf4c8996fb92427ae41e4649b934ca495991b7852b855","zip_code":"e3b0c44298fc1c149afbf4c8996fb92427ae41e4649b934ca495991b7852b855"},"properties":{"contents":[{"price":60,"quantity":1,"content_id":"3993","content_name":"\u0637\u0628\u0627\u0639\u0629 \u0643\u0648\u0628\u0648\u0646\u0627\u062a","description":"\u062a\u0646\u0641\u064a\u0630 \u0637\u0628\u0627\u0639\u0629 \u0627\u0644\u0643\u0648\u0628\u0648\u0646\u0627\u062a \u0623\u0648 \u0627\u0644\u0642\u0633\u0627\u0626\u0645 \u0639\u0644\u0649 \u0648\u0631\u0642 \u0643\u0648\u0634\u064a\u0647 130 \u062c\u0631\u0627\u0645 \u0648\u062c\u0647 \u0648\u0627\u062d\u062f.\r\n\u0645\u0642\u0627\u0633 \u0627\u0644\u062f\u0641\u062a\u0631: A4 \u060c \u0639\u062f\u062f 100 ;\u0639\u062f\u062f 100 \u0643\u0648\u0628\u0648\u0646 \u0641\u064a \u0627\u0644\u062f\u0641\u062a\u0631 \u0627\u0644\u0648\u0627\u062d\u062f.\r\n\u0645\u062f\u0629 \u0627\u0644\u062a\u0646\u0641\u064a\u0630 \u0627\u0644\u0645\u062a\u0648\u0642\u0639\u0629: \u0645\u0646 3 \u0625\u0644\u0649 5 \u0623\u064a\u0627\u0645 \u0639\u0645\u0644 \u0628\u0639\u062f \u0627\u0639\u062a\u0645\u0627\u062f \u0627\u0644\u062a\u0635\u0645\u064a\u0645 \u0648\u0627\u0644\u0637\u0644\u0628 \u062d\u0633\u0628 \u0627\u0644\u0643\u0645\u064a\u0629 (\u062a\u0632\u064a\u062f \u0627\u0644\u0645\u062f\u0629 \u0639\u0646\u062f \u0637\u0644\u0628 \u0627\u0644\u0634\u062d\u0646).","availability":"IN_STOCK","sale_price":60,"on_sale":false}],"content_type":"product","currency":"SAR","value":60,"event_trigger_source":"WooCommerce"},"page":{"url":"http:\/\/mail.ibn-sinaa.com\/product\/print-coupons\/"}}]}
 ajax: no
2025-01-03T00:44:24+00:00 DEBUG Tt4b_Mapi_Class::mapi_post: Response: 

HTTP/1.1 200 OK
Server: nginx
Content-Type: application/json
Content-Length: 92
X-Tt-Logid: 202501030044244EC4461877E09343F125
Server-Timing: inner; dur=38
x-tt-trace-host: 018e5a586174a888928d793bdac74b79b51a437ee89a1c03eb2011d034a2e3e9f514fdfb33acdfc246815e219bd5c96f126c3e14cd0038cbabe0e925cecb79d9ec15a721498590b92ab0761cdcf8708ac8f5942eabdf2fba43f1652659e1c9603c
x-tt-trace-id: 00-2501030044244EC4461877E09343F125-0DFE60B7523F62CA-00
Expires: Fri, 03 Jan 2025 00:44:24 GMT
Cache-Control: max-age=0, no-cache, no-store
Pragma: no-cache
Date: Fri, 03 Jan 2025 00:44:24 GMT
X-Cache: TCP_MISS from a95-101-134-92.deploy.akamaitechnologies.com (AkamaiGHost/11.7.2.1-9611f29bef89eba7b18045b10aa2af98) (-)
Connection: close
x-tt-trace-tag: id=16;cdn-cache=miss;type=dyn
Server-Timing: cdn-cache; desc=MISS, edge; dur=0, origin; dur=118
X-Origin-Response-Time: 118,95.101.134.92
X-Akamai-Request-ID: 12804839

{"code": 0, "message": "OK", "request_id": "202501030044244EC4461877E09343F125", "data": {}}
2025-01-03T00:47:27+00:00 DEBUG POST: https://business-api.tiktok.com/open_api/v1.3/event/track/

{"partner_name":"WooCommerce","event_source":"web","event_source_id":"CSM79Q3C77UAG1T340I0","data":[{"event":"Pageview","event_id":"6777339f70674_tt4b_woocommerce_670666209cf1f","event_time":1735865247,"user":{"ip":"66.249.66.71","user_agent":"Mozilla\/5.0 (Linux; Android 6.0.1; Nexus 5X Build\/MMB29P) AppleWebKit\/537.36 (KHTML, like Gecko) Chrome\/131.0.6778.139 Mobile Safari\/537.36 (compatible; Googlebot\/2.1; +http:\/\/www.google.com\/bot.html)","locale":"ar","external_id":"0","email":"e3b0c44298fc1c149afbf4c8996fb92427ae41e4649b934ca495991b7852b855","phone_number":"e3b0c44298fc1c149afbf4c8996fb92427ae41e4649b934ca495991b7852b855","first_name":"e3b0c44298fc1c149afbf4c8996fb92427ae41e4649b934ca495991b7852b855","last_name":"e3b0c44298fc1c149afbf4c8996fb92427ae41e4649b934ca495991b7852b855","zip_code":"e3b0c44298fc1c149afbf4c8996fb92427ae41e4649b934ca495991b7852b855"},"page":{"url":"http:\/\/ibn-sinaa.com\/product\/roller-blinds\/"}}]}
 ajax: no
2025-01-03T00:47:27+00:00 DEBUG Tt4b_Mapi_Class::mapi_post: Response: 

HTTP/1.1 200 OK
Server: nginx
Content-Type: application/json
Content-Length: 92
X-Tt-Logid: 202501030047270456A3CFD76DDF630552
x-tt-trace-host: 018e5a586174a888928d793bdac74b79b56517d7628cf0ffdff56b078ad2cf5615959eabb3f846a7a11db66d15ed03f093ab954d6788514bc90efa38c8bf51125cb7b4d834e45976ea9a2f33c529ab6872a043f8cc46acc6175a3cd9390c6883e48a4f54a412774f15be68f19b02fcc8a4
x-tt-trace-id: 00-2501030047270456A3CFD76DDF630552-6C7D49ED85F47406-00
X-Origin-Response-Time: 34,23.207.199.24
X-Akamai-Request-ID: 30de5e76.1285de29
Expires: Fri, 03 Jan 2025 00:47:27 GMT
Cache-Control: max-age=0, no-cache, no-store
Pragma: no-cache
Date: Fri, 03 Jan 2025 00:47:27 GMT
X-Cache: TCP_MISS from a95-101-134-92.deploy.akamaitechnologies.com (AkamaiGHost/11.7.2.1-9611f29bef89eba7b18045b10aa2af98) (-)
Connection: close
X-Cache-Remote: TCP_MISS from a23-207-199-24.deploy.akamaitechnologies.com (AkamaiGHost/11.7.2.1-9611f29bef89eba7b18045b10aa2af98) (-)
x-tt-trace-tag: id=16;cdn-cache=miss;type=dyn
Server-Timing: cdn-cache; desc=MISS, edge; dur=89, origin; dur=34
Server-Timing: inner; dur=29
X-Parent-Response-Time: 123,95.101.134.92

{"code": 0, "message": "OK", "request_id": "202501030047270456A3CFD76DDF630552", "data": {}}
2025-01-03T00:47:27+00:00 DEBUG Tt4b_Pixel_Class::inject_view_content_event: hit ViewContent
2025-01-03T00:47:27+00:00 DEBUG POST: https://business-api.tiktok.com/open_api/v1.3/event/track/

{"partner_name":"WooCommerce","event_source":"web","event_source_id":"CSM79Q3C77UAG1T340I0","data":[{"event":"ViewContent","event_id":"6777339fbab7b_tt4b_woocommerce_670666209cf1f_4289","event_time":1735865247,"user":{"ip":"66.249.66.71","user_agent":"Mozilla\/5.0 (Linux; Android 6.0.1; Nexus 5X Build\/MMB29P) AppleWebKit\/537.36 (KHTML, like Gecko) Chrome\/131.0.6778.139 Mobile Safari\/537.36 (compatible; Googlebot\/2.1; +http:\/\/www.google.com\/bot.html)","locale":"ar","external_id":"0","email":"e3b0c44298fc1c149afbf4c8996fb92427ae41e4649b934ca495991b7852b855","phone_number":"e3b0c44298fc1c149afbf4c8996fb92427ae41e4649b934ca495991b7852b855","first_name":"e3b0c44298fc1c149afbf4c8996fb92427ae41e4649b934ca495991b7852b855","last_name":"e3b0c44298fc1c149afbf4c8996fb92427ae41e4649b934ca495991b7852b855","zip_code":"e3b0c44298fc1c149afbf4c8996fb92427ae41e4649b934ca495991b7852b855"},"properties":{"contents":[{"price":230,"quantity":1,"content_id":"4289","content_name":"\u0633\u062a\u0627\u064a\u0631 \u0631\u0648\u0644","description":"\u0633\u062a\u0627\u064a\u0631 \u0631\u0648\u0644 \u062a\u0635\u0645\u064a\u0645 \u0627\u0646\u064a\u0642, \u0648\u0645\u0642\u0627\u0633\u0627\u062a \u0645\u062a\u0646\u0648\u0639\u0629.\r\n\u0627\u0644\u062e\u0627\u0645\u0629 \u0628\u0648\u0633\u062a\u0631.\r\n\u0645\u062f\u0629 \u0627\u0644\u062a\u0646\u0641\u064a\u0630: \u0645\u0646 3 \u0625\u0644\u0649 5 \u0623\u064a\u0627\u0645 \u0639\u0645\u0644 \u0628\u0639\u062f \u0627\u0639\u062a\u0645\u0627\u062f \u0627\u0644\u062a\u0635\u0645\u064a\u0645 \u0648\u0627\u0644\u0637\u0644\u0628 \u062d\u0633\u0628 \u0627\u0644\u0643\u0645\u064a\u0629 (\u062a\u0632\u064a\u062f \u0627\u0644\u0645\u062f\u0629 \u0639\u0646\u062f \u0637\u0644\u0628 \u0627\u0644\u0634\u062d\u0646).","availability":"IN_STOCK","sale_price":230,"on_sale":false}],"content_type":"product","currency":"SAR","value":230,"event_trigger_source":"WooCommerce"},"page":{"url":"http:\/\/ibn-sinaa.com\/product\/roller-blinds\/"}}]}
 ajax: no
2025-01-03T00:47:27+00:00 DEBUG Tt4b_Mapi_Class::mapi_post: Response: 

HTTP/1.1 200 OK
Server: nginx
Content-Type: application/json
Content-Length: 92
X-Tt-Logid: 20250103004727B5277D3CF917BDE5E167
Server-Timing: inner; dur=37
x-tt-trace-host: 018e5a586174a888928d793bdac74b79b520593bf434961dbceff88e4b17f9a1566153a58a2dce3280890bb821a90bb535bd7ec4458a218bfe5d4cc11cc19a7ed6419bdd2d058d6270c9ebe1d549083551bad40a9c5b6ffe3d98a9a0f917d83d6e
x-tt-trace-id: 00-250103004727B5277D3CF917BDE5E167-18050FB5161F25A8-00
Expires: Fri, 03 Jan 2025 00:47:27 GMT
Cache-Control: max-age=0, no-cache, no-store
Pragma: no-cache
Date: Fri, 03 Jan 2025 00:47:27 GMT
X-Cache: TCP_MISS from a95-101-134-116.deploy.akamaitechnologies.com (AkamaiGHost/11.7.2.1-9611f29bef89eba7b18045b10aa2af98) (-)
Connection: close
x-tt-trace-tag: id=16;cdn-cache=miss;type=dyn
Server-Timing: cdn-cache; desc=MISS, edge; dur=1, origin; dur=119
X-Origin-Response-Time: 120,95.101.134.116
X-Akamai-Request-ID: 10bdcee6

{"code": 0, "message": "OK", "request_id": "20250103004727B5277D3CF917BDE5E167", "data": {}}
2025-01-03T00:48:06+00:00 DEBUG Tt4b_Pixel_Class::inject_add_to_cart_event: hit AddToCart
2025-01-03T00:48:06+00:00 DEBUG POST: https://business-api.tiktok.com/open_api/v1.3/event/track/

{"partner_name":"WooCommerce","event_source":"web","event_source_id":"CSM79Q3C77UAG1T340I0","data":[{"event":"AddToCart","event_id":"677733c6ab8fa_tt4b_woocommerce_670666209cf1f_SKU_198","event_time":1735865286,"user":{"ip":"54.36.149.51","user_agent":"Mozilla\/5.0 (compatible; AhrefsBot\/7.0; +http:\/\/ahrefs.com\/robot\/)","locale":"ar","external_id":"0","email":"e3b0c44298fc1c149afbf4c8996fb92427ae41e4649b934ca495991b7852b855","phone_number":"e3b0c44298fc1c149afbf4c8996fb92427ae41e4649b934ca495991b7852b855","first_name":"e3b0c44298fc1c149afbf4c8996fb92427ae41e4649b934ca495991b7852b855","last_name":"e3b0c44298fc1c149afbf4c8996fb92427ae41e4649b934ca495991b7852b855","zip_code":"e3b0c44298fc1c149afbf4c8996fb92427ae41e4649b934ca495991b7852b855"},"properties":{"contents":[{"price":0,"quantity":1,"content_id":"SKU_198","content_name":"\u0637\u0628\u0627\u0639\u0629 \u0628\u0631\u0634\u0648\u0631 \u0641\u0644\u0627\u064a\u0631 A4","description":"<ul>\r\n \t<li>\u0641\u0644\u0627\u064a\u0631 \u0645\u0642\u0627\u0633 A4 \u0637\u0628\u0627\u0639\u0629 \u0639\u0644\u0649 \u0648\u0631\u0642 \u0643\u0648\u0634\u064a\u0647 150 \u062c\u0631\u0627\u0645 \u0628\u062c\u0648\u062f\u0629 \u0639\u0627\u0644\u064a\u0629.<\/li>\r\n \t<li>\u0645\u062f\u0629 \u0627\u0644\u062a\u0646\u0641\u064a\u0630 \u0627\u0644\u0645\u062a\u0648\u0642\u0639\u0629: 1 \u2013 3 \u0623\u064a\u0627\u0645 \u0639\u0645\u0644 \u0628\u0639\u062f \u062a\u0623\u0643\u064a\u062f \u0627\u0644\u0637\u0644\u0628 \u0648\u0627\u0644\u062a\u0635\u0645\u064a\u0645 \u0648\u062d\u0633\u0628 \u0627\u0644\u0643\u0645\u064a\u0629 (\u062a\u0632\u064a\u062f \u0627\u0644\u0645\u062f\u0629 \u0639\u0646\u062f \u0637\u0644\u0628 \u0627\u0644\u0634\u062d\u0646).<\/li>\r\n<\/ul>","availability":"IN_STOCK","sale_price":0,"on_sale":false}],"content_type":"product","currency":"SAR","value":0,"event_trigger_source":"WooCommerce"},"page":{"url":"http:\/\/ibn-sinaa.com\/shop\/page\/2\/?add-to-cart=198"}}]}
 ajax: no
2025-01-03T00:48:06+00:00 DEBUG Tt4b_Mapi_Class::mapi_post: Response: 

HTTP/1.1 200 OK
Server: nginx
Content-Type: application/json
Content-Length: 92
X-Tt-Logid: 20250103004806B808BB3191C9B5BAB74C
Server-Timing: inner; dur=24
x-tt-trace-host: 018e5a586174a888928d793bdac74b79b51a437ee89a1c03eb2011d034a2e3e9f5f5632ae0b32bf73d7ff06ec77dab0d38a6eaa08d1b4efaac363c14822001805477a0582af684d73a4d12c8b391867a3cf4aa253d7f3d71ae13950a69165d3a00
x-tt-trace-id: 00-250103004806B808BB3191C9B5BAB74C-3EB3B6C388C46834-00
Expires: Fri, 03 Jan 2025 00:48:06 GMT
Cache-Control: max-age=0, no-cache, no-store
Pragma: no-cache
Date: Fri, 03 Jan 2025 00:48:06 GMT
X-Cache: TCP_MISS from a95-101-134-92.deploy.akamaitechnologies.com (AkamaiGHost/11.7.2.1-9611f29bef89eba7b18045b10aa2af98) (-)
Connection: close
x-tt-trace-tag: id=16;cdn-cache=miss;type=dyn
Server-Timing: cdn-cache; desc=MISS, edge; dur=2, origin; dur=105
X-Origin-Response-Time: 105,95.101.134.92
X-Akamai-Request-ID: 12870b93

{"code": 0, "message": "OK", "request_id": "20250103004806B808BB3191C9B5BAB74C", "data": {}}
2025-01-03T00:48:07+00:00 DEBUG POST: https://business-api.tiktok.com/open_api/v1.3/event/track/

{"partner_name":"WooCommerce","event_source":"web","event_source_id":"CSM79Q3C77UAG1T340I0","data":[{"event":"Pageview","event_id":"677733c70d6bc_tt4b_woocommerce_670666209cf1f","event_time":1735865287,"user":{"ip":"54.36.149.51","user_agent":"Mozilla\/5.0 (compatible; AhrefsBot\/7.0; +http:\/\/ahrefs.com\/robot\/)","locale":"ar","external_id":"0","email":"e3b0c44298fc1c149afbf4c8996fb92427ae41e4649b934ca495991b7852b855","phone_number":"e3b0c44298fc1c149afbf4c8996fb92427ae41e4649b934ca495991b7852b855","first_name":"e3b0c44298fc1c149afbf4c8996fb92427ae41e4649b934ca495991b7852b855","last_name":"e3b0c44298fc1c149afbf4c8996fb92427ae41e4649b934ca495991b7852b855","zip_code":"e3b0c44298fc1c149afbf4c8996fb92427ae41e4649b934ca495991b7852b855"},"page":{"url":"http:\/\/ibn-sinaa.com\/shop\/page\/2\/?add-to-cart=198"}}]}
 ajax: no
2025-01-03T00:48:07+00:00 DEBUG Tt4b_Mapi_Class::mapi_post: Response: 

HTTP/1.1 200 OK
Server: nginx
Content-Type: application/json
Content-Length: 92
X-Tt-Logid: 202501030048073E8589D42F9FD35E0842
x-tt-trace-host: 018e5a586174a888928d793bdac74b79b519a86797e72c2eba011e03e23beee17d002bd321aa022b9bd15710cf35d72afa18fdb6b8fc76b821df1696c8f50fd2c2ec1e8c77c1e1cfef0fae19d9dbf0f70c5f9e9ab203a5b1d1a3123452e59f4aa12cac18d33a806a5105bdbfe2e40c5296
x-tt-trace-id: 00-2501030048073E8589D42F9FD35E0842-4AFC296669984808-00
X-Origin-Response-Time: 31,23.207.199.6
X-Akamai-Request-ID: 310737d2.10be914e
Expires: Fri, 03 Jan 2025 00:48:07 GMT
Cache-Control: max-age=0, no-cache, no-store
Pragma: no-cache
Date: Fri, 03 Jan 2025 00:48:07 GMT
X-Cache: TCP_MISS from a95-101-134-116.deploy.akamaitechnologies.com (AkamaiGHost/11.7.2.1-9611f29bef89eba7b18045b10aa2af98) (-)
Connection: close
X-Cache-Remote: TCP_MISS from a23-207-199-6.deploy.akamaitechnologies.com (AkamaiGHost/11.7.2.1-9611f29bef89eba7b18045b10aa2af98) (-)
x-tt-trace-tag: id=16;cdn-cache=miss;type=dyn
Server-Timing: cdn-cache; desc=MISS, edge; dur=90, origin; dur=31
Server-Timing: inner; dur=23
X-Parent-Response-Time: 121,95.101.134.116

{"code": 0, "message": "OK", "request_id": "202501030048073E8589D42F9FD35E0842", "data": {}}
2025-01-03T00:48:32+00:00 DEBUG POST: https://business-api.tiktok.com/open_api/v1.3/event/track/

{"partner_name":"WooCommerce","event_source":"web","event_source_id":"CSM79Q3C77UAG1T340I0","data":[{"event":"Pageview","event_id":"677733e08d796_tt4b_woocommerce_670666209cf1f","event_time":1735865312,"user":{"ip":"66.249.66.18","user_agent":"Mozilla\/5.0 (Linux; Android 6.0.1; Nexus 5X Build\/MMB29P) AppleWebKit\/537.36 (KHTML, like Gecko) Chrome\/131.0.6778.139 Mobile Safari\/537.36 (compatible; Googlebot\/2.1; +http:\/\/www.google.com\/bot.html)","locale":"ar","external_id":"0","email":"e3b0c44298fc1c149afbf4c8996fb92427ae41e4649b934ca495991b7852b855","phone_number":"e3b0c44298fc1c149afbf4c8996fb92427ae41e4649b934ca495991b7852b855","first_name":"e3b0c44298fc1c149afbf4c8996fb92427ae41e4649b934ca495991b7852b855","last_name":"e3b0c44298fc1c149afbf4c8996fb92427ae41e4649b934ca495991b7852b855","zip_code":"e3b0c44298fc1c149afbf4c8996fb92427ae41e4649b934ca495991b7852b855"},"page":{"url":"http:\/\/mail.ibn-sinaa.com\/ibn-sina-online-store\/"}}]}
 ajax: no
2025-01-03T00:48:32+00:00 DEBUG Tt4b_Mapi_Class::mapi_post: Response: 

HTTP/1.1 200 OK
Server: nginx
Content-Type: application/json
Content-Length: 92
X-Tt-Logid: 202501030048325C397C804D3FAE4544C8
x-tt-trace-host: 018e5a586174a888928d793bdac74b79b519a86797e72c2eba011e03e23beee17d4b92427feaa9c2b57cc2cbdecf8cc6a60e68c0043d4cd82687fe357dd624dfb97600dda295e18ff586721dab2b850f9c5813f56332f99b2206a3fb292d753bf142d0bca93ea901394cabd45446815ff6
x-tt-trace-id: 00-2501030048325C397C804D3FAE4544C8-4D817CEC6633C20A-00
X-Origin-Response-Time: 34,23.207.199.25
X-Akamai-Request-ID: 19504c7b.10bf0baf
Expires: Fri, 03 Jan 2025 00:48:32 GMT
Cache-Control: max-age=0, no-cache, no-store
Pragma: no-cache
Date: Fri, 03 Jan 2025 00:48:32 GMT
X-Cache: TCP_MISS from a95-101-134-116.deploy.akamaitechnologies.com (AkamaiGHost/11.7.2.1-9611f29bef89eba7b18045b10aa2af98) (-)
Connection: close
X-Cache-Remote: TCP_MISS from a23-207-199-25.deploy.akamaitechnologies.com (AkamaiGHost/11.7.2.1-9611f29bef89eba7b18045b10aa2af98) (-)
x-tt-trace-tag: id=16;cdn-cache=miss;type=dyn
Server-Timing: cdn-cache; desc=MISS, edge; dur=82, origin; dur=33
Server-Timing: inner; dur=29
X-Parent-Response-Time: 115,95.101.134.116

{"code": 0, "message": "OK", "request_id": "202501030048325C397C804D3FAE4544C8", "data": {}}
2025-01-03T00:49:40+00:00 DEBUG POST: https://business-api.tiktok.com/open_api/v1.3/event/track/

{"partner_name":"WooCommerce","event_source":"web","event_source_id":"CSM79Q3C77UAG1T340I0","data":[{"event":"Pageview","event_id":"67773424900f0_tt4b_woocommerce_670666209cf1f","event_time":1735865380,"user":{"ip":"157.55.39.52","user_agent":"Mozilla\/5.0 AppleWebKit\/537.36 (KHTML, like Gecko; compatible; bingbot\/2.0; +http:\/\/www.bing.com\/bingbot.htm) Chrome\/116.0.1938.76 Safari\/537.36","locale":"ar","external_id":"0","email":"e3b0c44298fc1c149afbf4c8996fb92427ae41e4649b934ca495991b7852b855","phone_number":"e3b0c44298fc1c149afbf4c8996fb92427ae41e4649b934ca495991b7852b855","first_name":"e3b0c44298fc1c149afbf4c8996fb92427ae41e4649b934ca495991b7852b855","last_name":"e3b0c44298fc1c149afbf4c8996fb92427ae41e4649b934ca495991b7852b855","zip_code":"e3b0c44298fc1c149afbf4c8996fb92427ae41e4649b934ca495991b7852b855"},"page":{"url":"http:\/\/www.ibn-sinaa.com\/?lang=ar&s="}}]}
 ajax: no
2025-01-03T00:49:40+00:00 DEBUG Tt4b_Mapi_Class::mapi_post: Response: 

HTTP/1.1 200 OK
Server: nginx
Content-Type: application/json
Content-Length: 92
X-Tt-Logid: 20250103004940AE07A2D0F7625DC36E6E
Server-Timing: inner; dur=23
x-tt-trace-host: 018e5a586174a888928d793bdac74b79b520593bf434961dbceff88e4b17f9a1569d349bb66677eecc6a9efeb733bed6051b13bd434d590d44de7cac1801bef596a40671019812c91cf0414d06e1d6ec9f3d282a72fe6d8fd49ebda64281d2c0ee
x-tt-trace-id: 00-250103004940AE07A2D0F7625DC36E6E-78FC269272D84DE8-00
Expires: Fri, 03 Jan 2025 00:49:40 GMT
Cache-Control: max-age=0, no-cache, no-store
Pragma: no-cache
Date: Fri, 03 Jan 2025 00:49:40 GMT
X-Cache: TCP_MISS from a95-101-134-116.deploy.akamaitechnologies.com (AkamaiGHost/11.7.2.1-9611f29bef89eba7b18045b10aa2af98) (-)
Connection: close
x-tt-trace-tag: id=16;cdn-cache=miss;type=dyn
Server-Timing: cdn-cache; desc=MISS, edge; dur=0, origin; dur=104
X-Origin-Response-Time: 104,95.101.134.116
X-Akamai-Request-ID: 10c05229

{"code": 0, "message": "OK", "request_id": "20250103004940AE07A2D0F7625DC36E6E", "data": {}}
2025-01-03T00:53:24+00:00 DEBUG POST: https://business-api.tiktok.com/open_api/v1.3/event/track/

{"partner_name":"WooCommerce","event_source":"web","event_source_id":"CSM79Q3C77UAG1T340I0","data":[{"event":"Pageview","event_id":"67773504157b9_tt4b_woocommerce_670666209cf1f","event_time":1735865604,"user":{"ip":"66.249.66.19","user_agent":"Mozilla\/5.0 (Linux; Android 6.0.1; Nexus 5X Build\/MMB29P) AppleWebKit\/537.36 (KHTML, like Gecko) Chrome\/131.0.6778.204 Mobile Safari\/537.36 (compatible; Googlebot\/2.1; +http:\/\/www.google.com\/bot.html)","locale":"ar","external_id":"0","email":"e3b0c44298fc1c149afbf4c8996fb92427ae41e4649b934ca495991b7852b855","phone_number":"e3b0c44298fc1c149afbf4c8996fb92427ae41e4649b934ca495991b7852b855","first_name":"e3b0c44298fc1c149afbf4c8996fb92427ae41e4649b934ca495991b7852b855","last_name":"e3b0c44298fc1c149afbf4c8996fb92427ae41e4649b934ca495991b7852b855","zip_code":"e3b0c44298fc1c149afbf4c8996fb92427ae41e4649b934ca495991b7852b855"},"page":{"url":"http:\/\/mail.ibn-sinaa.com\/%D8%A7%D9%86%D9%88%D8%A7%D8%B9-%D8%A7%D9%84%D9%83%D8%B1%D9%88%D8%AA-%D8%A7%D9%84%D8%B4%D8%AE%D8%B5%D9%8A%D8%A9\/feed\/"}}]}
 ajax: no
2025-01-03T00:53:24+00:00 DEBUG Tt4b_Mapi_Class::mapi_post: Response: 

HTTP/1.1 200 OK
Server: nginx
Content-Type: application/json
Content-Length: 92
X-Tt-Logid: 20250103005324A67CB99FB377A8F5E2BC
x-tt-trace-host: 018e5a586174a888928d793bdac74b79b519a86797e72c2eba011e03e23beee17d01a7c9f1e84b090bf3dcdbc680d89f8f0a7b8cc519009eb47e4d8e8c550bedb6f3a8cd7f735e544846bae6b469765283b504d94786b4cd559a32b6f6e801c6f3b8f84499dc122902112cbd0f54302df0
x-tt-trace-id: 00-250103005324A67CB99FB377A8F5E2BC-0F3D46ED1B355F5E-00
X-Origin-Response-Time: 26,23.207.199.27
X-Akamai-Request-ID: c893934.10c4b792
Expires: Fri, 03 Jan 2025 00:53:24 GMT
Cache-Control: max-age=0, no-cache, no-store
Pragma: no-cache
Date: Fri, 03 Jan 2025 00:53:24 GMT
X-Cache: TCP_MISS from a95-101-134-116.deploy.akamaitechnologies.com (AkamaiGHost/11.7.2.1-9611f29bef89eba7b18045b10aa2af98) (-)
Connection: close
X-Cache-Remote: TCP_MISS from a23-207-199-27.deploy.akamaitechnologies.com (AkamaiGHost/11.7.2.1-9611f29bef89eba7b18045b10aa2af98) (-)
x-tt-trace-tag: id=16;cdn-cache=miss;type=dyn
Server-Timing: cdn-cache; desc=MISS, edge; dur=83, origin; dur=26
Server-Timing: inner; dur=23
X-Parent-Response-Time: 109,95.101.134.116

{"code": 0, "message": "OK", "request_id": "20250103005324A67CB99FB377A8F5E2BC", "data": {}}
2025-01-03T00:53:36+00:00 DEBUG POST: https://business-api.tiktok.com/open_api/v1.3/event/track/

{"partner_name":"WooCommerce","event_source":"web","event_source_id":"CSM79Q3C77UAG1T340I0","data":[{"event":"Pageview","event_id":"67773510c36b4_tt4b_woocommerce_670666209cf1f","event_time":1735865616,"user":{"ip":"185.191.171.9","user_agent":"Mozilla\/5.0 (compatible; SemrushBot\/7~bl; +http:\/\/www.semrush.com\/bot.html)","locale":"ar","external_id":"0","email":"e3b0c44298fc1c149afbf4c8996fb92427ae41e4649b934ca495991b7852b855","phone_number":"e3b0c44298fc1c149afbf4c8996fb92427ae41e4649b934ca495991b7852b855","first_name":"e3b0c44298fc1c149afbf4c8996fb92427ae41e4649b934ca495991b7852b855","last_name":"e3b0c44298fc1c149afbf4c8996fb92427ae41e4649b934ca495991b7852b855","zip_code":"e3b0c44298fc1c149afbf4c8996fb92427ae41e4649b934ca495991b7852b855"},"page":{"url":"http:\/\/mail.ibn-sinaa.com\/product\/print-forex\/"}}]}
 ajax: no
2025-01-03T00:53:36+00:00 DEBUG Tt4b_Mapi_Class::mapi_post: Response: 

HTTP/1.1 200 OK
Server: nginx
Content-Type: application/json
Content-Length: 92
X-Tt-Logid: 2025010300533617F4E260EEF19D60E582
Server-Timing: inner; dur=28
x-tt-trace-host: 018e5a586174a888928d793bdac74b79b520593bf434961dbceff88e4b17f9a156233d948851cbce1835590fb1b256a67be7d851d0fca5f2e868331e1059266e78808c1f2627fcf0ab59c8515b270ed6c3545b2790b3cacf900d53abab7c0f67bf
x-tt-trace-id: 00-25010300533617F4E260EEF19D60E582-08D7D56E35056D19-00
Expires: Fri, 03 Jan 2025 00:53:36 GMT
Cache-Control: max-age=0, no-cache, no-store
Pragma: no-cache
Date: Fri, 03 Jan 2025 00:53:36 GMT
X-Cache: TCP_MISS from a95-101-134-116.deploy.akamaitechnologies.com (AkamaiGHost/11.7.2.1-9611f29bef89eba7b18045b10aa2af98) (-)
Connection: close
x-tt-trace-tag: id=16;cdn-cache=miss;type=dyn
Server-Timing: cdn-cache; desc=MISS, edge; dur=1, origin; dur=108
X-Origin-Response-Time: 109,95.101.134.116
X-Akamai-Request-ID: 10c5023c

{"code": 0, "message": "OK", "request_id": "2025010300533617F4E260EEF19D60E582", "data": {}}
2025-01-03T00:53:37+00:00 DEBUG Tt4b_Pixel_Class::inject_view_content_event: hit ViewContent
2025-01-03T00:53:37+00:00 DEBUG POST: https://business-api.tiktok.com/open_api/v1.3/event/track/

{"partner_name":"WooCommerce","event_source":"web","event_source_id":"CSM79Q3C77UAG1T340I0","data":[{"event":"ViewContent","event_id":"6777351106211_tt4b_woocommerce_670666209cf1f_4301","event_time":1735865617,"user":{"ip":"185.191.171.9","user_agent":"Mozilla\/5.0 (compatible; SemrushBot\/7~bl; +http:\/\/www.semrush.com\/bot.html)","locale":"ar","external_id":"0","email":"e3b0c44298fc1c149afbf4c8996fb92427ae41e4649b934ca495991b7852b855","phone_number":"e3b0c44298fc1c149afbf4c8996fb92427ae41e4649b934ca495991b7852b855","first_name":"e3b0c44298fc1c149afbf4c8996fb92427ae41e4649b934ca495991b7852b855","last_name":"e3b0c44298fc1c149afbf4c8996fb92427ae41e4649b934ca495991b7852b855","zip_code":"e3b0c44298fc1c149afbf4c8996fb92427ae41e4649b934ca495991b7852b855"},"properties":{"contents":[{"price":100,"quantity":1,"content_id":"4301","content_name":"\u0637\u0628\u0627\u0639\u0647 \u0639\u0644\u0649 \u0641\u0648\u0631\u0643\u0633","description":"\u0627\u062d\u0635\u0644 \u0639\u0644\u0649 \u062e\u062f\u0645\u0629 \"\u0637\u0628\u0627\u0639\u0629 \u0639\u0644\u0649 \u0641\u0648\u0631\u0643\u0633\" \u0645\u0646 \u0645\u062a\u062c\u0631 \u0645\u0643\u062a\u0628\u0629 \u0627\u0628\u0646 \u0633\u064a\u0646\u0627 \u0627\u0644\u0625\u0644\u0643\u062a\u0631\u0648\u0646\u064a\u060c \u0648\u0627\u0644\u062a\u064a \u062a\u0636\u0645\u0646 \u0644\u0643 \u0639\u0631\u0636\u064b\u0627 \u062c\u0627\u0630\u0628\u064b\u0627 \u0648\u0627\u062d\u062a\u0631\u0627\u0641\u064a\u064b\u0627 \u0644\u0645\u0646\u062a\u062c\u0627\u062a\u0643 \u0623\u0648 \u0645\u0648\u0627\u062f\u0643 \u0627\u0644\u0625\u0639\u0644\u0627\u0646\u064a\u0629. \u064a\u062a\u0645\u064a\u0632 \u0647\u0630\u0627 \u0627\u0644\u0646\u0648\u0639 \u0645\u0646 \u0627\u0644\u0637\u0628\u0627\u0639\u0629 \u0628\u062c\u0648\u062f\u0629 \u0639\u0627\u0644\u064a\u0629 \u0648\u062a\u0635\u0645\u064a\u0645\u0627\u062a \u0645\u062a\u0642\u062f\u0645\u0629 \u062a\u0644\u0628\u064a \u0627\u062d\u062a\u064a\u0627\u062c\u0627\u062a\u0643 \u0627\u0644\u0645\u062a\u0646\u0648\u0639\u0629.","availability":"IN_STOCK","sale_price":100,"on_sale":false}],"content_type":"product","currency":"SAR","value":100,"event_trigger_source":"WooCommerce"},"page":{"url":"http:\/\/mail.ibn-sinaa.com\/product\/print-forex\/"}}]}
 ajax: no
2025-01-03T00:53:37+00:00 DEBUG Tt4b_Mapi_Class::mapi_post: Response: 

HTTP/1.1 200 OK
Server: nginx
Content-Type: application/json
Content-Length: 92
X-Tt-Logid: 20250103005337BE7895C9957A646561BD
Server-Timing: inner; dur=44
x-tt-trace-host: 018e5a586174a888928d793bdac74b79b520593bf434961dbceff88e4b17f9a156cd784ab054ec2e85f9462a5b609ec25b436e395076290530fdbb85a2e440fdb000bcd4b77cd18fe5495f1a4c0f6d4a8fc6b9d414fda38a95c6b6e3f986d23d29
x-tt-trace-id: 00-250103005337BE7895C9957A646561BD-535E33E51FDF638D-00
Expires: Fri, 03 Jan 2025 00:53:37 GMT
Cache-Control: max-age=0, no-cache, no-store
Pragma: no-cache
Date: Fri, 03 Jan 2025 00:53:37 GMT
X-Cache: TCP_MISS from a95-101-134-116.deploy.akamaitechnologies.com (AkamaiGHost/11.7.2.1-9611f29bef89eba7b18045b10aa2af98) (-)
Connection: close
x-tt-trace-tag: id=16;cdn-cache=miss;type=dyn
Server-Timing: cdn-cache; desc=MISS, edge; dur=1, origin; dur=126
X-Origin-Response-Time: 126,95.101.134.116
X-Akamai-Request-ID: 10c5038a

{"code": 0, "message": "OK", "request_id": "20250103005337BE7895C9957A646561BD", "data": {}}
2025-01-03T00:55:36+00:00 DEBUG POST: https://business-api.tiktok.com/open_api/v1.3/event/track/

{"partner_name":"WooCommerce","event_source":"web","event_source_id":"CSM79Q3C77UAG1T340I0","data":[{"event":"Pageview","event_id":"67773588c64c3_tt4b_woocommerce_670666209cf1f","event_time":1735865736,"user":{"ip":"66.249.66.71","user_agent":"Mozilla\/5.0 (Linux; Android 6.0.1; Nexus 5X Build\/MMB29P) AppleWebKit\/537.36 (KHTML, like Gecko) Chrome\/131.0.6778.139 Mobile Safari\/537.36 (compatible; Googlebot\/2.1; +http:\/\/www.google.com\/bot.html)","locale":"ar","external_id":"0","email":"e3b0c44298fc1c149afbf4c8996fb92427ae41e4649b934ca495991b7852b855","phone_number":"e3b0c44298fc1c149afbf4c8996fb92427ae41e4649b934ca495991b7852b855","first_name":"e3b0c44298fc1c149afbf4c8996fb92427ae41e4649b934ca495991b7852b855","last_name":"e3b0c44298fc1c149afbf4c8996fb92427ae41e4649b934ca495991b7852b855","zip_code":"e3b0c44298fc1c149afbf4c8996fb92427ae41e4649b934ca495991b7852b855"},"page":{"url":"http:\/\/ibn-sinaa.com\/product-tag\/%D8%B7%D8%A8%D8%A7%D8%B9%D8%A9-%D8%B8%D8%B1%D9%81\/"}}]}
 ajax: no
2025-01-03T00:55:36+00:00 DEBUG Tt4b_Mapi_Class::mapi_post: Response: 

HTTP/1.1 200 OK
Server: nginx
Content-Type: application/json
Content-Length: 92
X-Tt-Logid: 2025010300553692073EC344FB11450C7D
x-tt-trace-host: 018e5a586174a888928d793bdac74b79b519a86797e72c2eba011e03e23beee17d4aeb3703bb42689247a62a0124b3a32c7c84768a8c30440fa0fafc85e9d7f3ff06811d90f7fb503ad44a789b065ff7f69a2f6431b505c2a715d2f675ffcc170e3ca6c3ff00700906f35d08c60d9ce63a
x-tt-trace-id: 00-25010300553692073EC344FB11450C7D-5C2EDE723EC6DF82-00
X-Origin-Response-Time: 36,23.207.199.13
X-Akamai-Request-ID: 2e44b551.10c7c8c7
Expires: Fri, 03 Jan 2025 00:55:36 GMT
Cache-Control: max-age=0, no-cache, no-store
Pragma: no-cache
Date: Fri, 03 Jan 2025 00:55:36 GMT
X-Cache: TCP_MISS from a95-101-134-116.deploy.akamaitechnologies.com (AkamaiGHost/11.7.2.1-9611f29bef89eba7b18045b10aa2af98) (-)
Connection: close
X-Cache-Remote: TCP_MISS from a23-207-199-13.deploy.akamaitechnologies.com (AkamaiGHost/11.7.2.1-9611f29bef89eba7b18045b10aa2af98) (-)
x-tt-trace-tag: id=16;cdn-cache=miss;type=dyn
Server-Timing: cdn-cache; desc=MISS, edge; dur=82, origin; dur=36
Server-Timing: inner; dur=32
X-Parent-Response-Time: 118,95.101.134.116

{"code": 0, "message": "OK", "request_id": "2025010300553692073EC344FB11450C7D", "data": {}}
2025-01-03T00:58:13+00:00 DEBUG POST: https://business-api.tiktok.com/open_api/v1.3/event/track/

{"partner_name":"WooCommerce","event_source":"web","event_source_id":"CSM79Q3C77UAG1T340I0","data":[{"event":"Pageview","event_id":"67773625435b7_tt4b_woocommerce_670666209cf1f","event_time":1735865893,"user":{"ip":"66.249.66.18","user_agent":"Mozilla\/5.0 (Linux; Android 6.0.1; Nexus 5X Build\/MMB29P) AppleWebKit\/537.36 (KHTML, like Gecko) Chrome\/131.0.6778.139 Mobile Safari\/537.36 (compatible; Googlebot\/2.1; +http:\/\/www.google.com\/bot.html)","locale":"ar","external_id":"0","email":"e3b0c44298fc1c149afbf4c8996fb92427ae41e4649b934ca495991b7852b855","phone_number":"e3b0c44298fc1c149afbf4c8996fb92427ae41e4649b934ca495991b7852b855","first_name":"e3b0c44298fc1c149afbf4c8996fb92427ae41e4649b934ca495991b7852b855","last_name":"e3b0c44298fc1c149afbf4c8996fb92427ae41e4649b934ca495991b7852b855","zip_code":"e3b0c44298fc1c149afbf4c8996fb92427ae41e4649b934ca495991b7852b855"},"page":{"url":"http:\/\/mail.ibn-sinaa.com\/product-category\/advertising\/forex\/"}}]}
 ajax: no
2025-01-03T00:58:13+00:00 DEBUG Tt4b_Mapi_Class::mapi_post: Response: 

HTTP/1.1 200 OK
Server: nginx
Content-Type: application/json
Content-Length: 92
X-Tt-Logid: 202501030058136B98A9B60AC8C9A73932
x-tt-trace-host: 018e5a586174a888928d793bdac74b79b519a86797e72c2eba011e03e23beee17d96560d9e3b53ec36ae4c4c755cb2e382cfcfac389c350c2ca8969e43ba7096dabb492a9abed2f934c584fe6171ae37947b9b86578561869e96252293f15a640f79f665e71abdc7ff18b8d2e075480d30
x-tt-trace-id: 00-2501030058136B98A9B60AC8C9A73932-56C7C2AE6E5CB56A-00
X-Origin-Response-Time: 34,23.218.219.26
X-Akamai-Request-ID: 5164949.10cb86b7
Expires: Fri, 03 Jan 2025 00:58:13 GMT
Cache-Control: max-age=0, no-cache, no-store
Pragma: no-cache
Date: Fri, 03 Jan 2025 00:58:13 GMT
X-Cache: TCP_MISS from a95-101-134-116.deploy.akamaitechnologies.com (AkamaiGHost/11.7.2.1-9611f29bef89eba7b18045b10aa2af98) (-)
Connection: close
X-Cache-Remote: TCP_MISS from a23-218-219-26.deploy.akamaitechnologies.com (AkamaiGHost/11.7.2.1-9611f29bef89eba7b18045b10aa2af98) (-)
x-tt-trace-tag: id=16;cdn-cache=miss;type=dyn
Server-Timing: cdn-cache; desc=MISS, edge; dur=81, origin; dur=34
Server-Timing: inner; dur=31
X-Parent-Response-Time: 114,95.101.134.116

{"code": 0, "message": "OK", "request_id": "202501030058136B98A9B60AC8C9A73932", "data": {}}
2025-01-03T01:00:01+00:00 DEBUG Tt4b_Pixel_Class::inject_add_to_cart_event: hit AddToCart
2025-01-03T01:00:01+00:00 DEBUG POST: https://business-api.tiktok.com/open_api/v1.3/event/track/

{"partner_name":"WooCommerce","event_source":"web","event_source_id":"CSM79Q3C77UAG1T340I0","data":[{"event":"AddToCart","event_id":"6777369185589_tt4b_woocommerce_670666209cf1f_SKU_198","event_time":1735866001,"user":{"ip":"216.244.66.233","user_agent":"Mozilla\/5.0 (compatible; DotBot\/1.2; +https:\/\/opensiteexplorer.org\/dotbot; help@moz.com)","locale":"ar","external_id":"0","email":"e3b0c44298fc1c149afbf4c8996fb92427ae41e4649b934ca495991b7852b855","phone_number":"e3b0c44298fc1c149afbf4c8996fb92427ae41e4649b934ca495991b7852b855","first_name":"e3b0c44298fc1c149afbf4c8996fb92427ae41e4649b934ca495991b7852b855","last_name":"e3b0c44298fc1c149afbf4c8996fb92427ae41e4649b934ca495991b7852b855","zip_code":"e3b0c44298fc1c149afbf4c8996fb92427ae41e4649b934ca495991b7852b855"},"properties":{"contents":[{"price":0,"quantity":1,"content_id":"SKU_198","content_name":"\u0637\u0628\u0627\u0639\u0629 \u0628\u0631\u0634\u0648\u0631 \u0641\u0644\u0627\u064a\u0631 A4","description":"<ul>\r\n \t<li>\u0641\u0644\u0627\u064a\u0631 \u0645\u0642\u0627\u0633 A4 \u0637\u0628\u0627\u0639\u0629 \u0639\u0644\u0649 \u0648\u0631\u0642 \u0643\u0648\u0634\u064a\u0647 150 \u062c\u0631\u0627\u0645 \u0628\u062c\u0648\u062f\u0629 \u0639\u0627\u0644\u064a\u0629.<\/li>\r\n \t<li>\u0645\u062f\u0629 \u0627\u0644\u062a\u0646\u0641\u064a\u0630 \u0627\u0644\u0645\u062a\u0648\u0642\u0639\u0629: 1 \u2013 3 \u0623\u064a\u0627\u0645 \u0639\u0645\u0644 \u0628\u0639\u062f \u062a\u0623\u0643\u064a\u062f \u0627\u0644\u0637\u0644\u0628 \u0648\u0627\u0644\u062a\u0635\u0645\u064a\u0645 \u0648\u062d\u0633\u0628 \u0627\u0644\u0643\u0645\u064a\u0629 (\u062a\u0632\u064a\u062f \u0627\u0644\u0645\u062f\u0629 \u0639\u0646\u062f \u0637\u0644\u0628 \u0627\u0644\u0634\u062d\u0646).<\/li>\r\n<\/ul>","availability":"IN_STOCK","sale_price":0,"on_sale":false}],"content_type":"product","currency":"SAR","value":0,"event_trigger_source":"WooCommerce"},"page":{"url":"http:\/\/ibn-sinaa.com\/product-tag\/%D8%B7%D8%A8%D8%A7%D8%B9%D9%87-%D8%A8%D9%88%D8%B3%D8%AA%D8%B1\/page\/2\/?add-to-cart=198"}}]}
 ajax: no
2025-01-03T01:00:01+00:00 DEBUG Tt4b_Mapi_Class::mapi_post: Response: 

HTTP/1.1 200 OK
Server: nginx
Content-Type: application/json
Content-Length: 92
X-Tt-Logid: 2025010301000103C2C5DA920EC8BA8C27
x-tt-trace-host: 018e5a586174a888928d793bdac74b79b519a86797e72c2eba011e03e23beee17d7433cef50818027407e33b33fbed355d19fcd3b97e501894d941cee5e2235ddee59408b5c95be77bc826848d0cd15299bbe873d3e114a4d38c2b87b30e2d521918cbce9808ac84dcb8061d548a34571b
x-tt-trace-id: 00-25010301000103C2C5DA920EC8BA8C27-3B6E069785217D65-00
X-Origin-Response-Time: 50,23.55.100.232
X-Akamai-Request-ID: 9e25617f.10ce1520
Expires: Fri, 03 Jan 2025 01:00:01 GMT
Cache-Control: max-age=0, no-cache, no-store
Pragma: no-cache
Date: Fri, 03 Jan 2025 01:00:01 GMT
X-Cache: TCP_MISS from a95-101-134-116.deploy.akamaitechnologies.com (AkamaiGHost/11.7.2.1-9611f29bef89eba7b18045b10aa2af98) (-)
Connection: close
X-Cache-Remote: TCP_MISS from a23-55-100-232.deploy.akamaitechnologies.com (AkamaiGHost/11.7.2.1-9611f29bef89eba7b18045b10aa2af98) (-)
x-tt-trace-tag: id=16;cdn-cache=miss;type=dyn
Server-Timing: cdn-cache; desc=MISS, edge; dur=81, origin; dur=50
Server-Timing: inner; dur=46
X-Parent-Response-Time: 131,95.101.134.116

{"code": 0, "message": "OK", "request_id": "2025010301000103C2C5DA920EC8BA8C27", "data": {}}
2025-01-03T01:00:01+00:00 DEBUG POST: https://business-api.tiktok.com/open_api/v1.3/event/track/

{"partner_name":"WooCommerce","event_source":"web","event_source_id":"CSM79Q3C77UAG1T340I0","data":[{"event":"Pageview","event_id":"67773691f0a42_tt4b_woocommerce_670666209cf1f","event_time":1735866001,"user":{"ip":"216.244.66.233","user_agent":"Mozilla\/5.0 (compatible; DotBot\/1.2; +https:\/\/opensiteexplorer.org\/dotbot; help@moz.com)","locale":"ar","external_id":"0","email":"e3b0c44298fc1c149afbf4c8996fb92427ae41e4649b934ca495991b7852b855","phone_number":"e3b0c44298fc1c149afbf4c8996fb92427ae41e4649b934ca495991b7852b855","first_name":"e3b0c44298fc1c149afbf4c8996fb92427ae41e4649b934ca495991b7852b855","last_name":"e3b0c44298fc1c149afbf4c8996fb92427ae41e4649b934ca495991b7852b855","zip_code":"e3b0c44298fc1c149afbf4c8996fb92427ae41e4649b934ca495991b7852b855"},"page":{"url":"http:\/\/ibn-sinaa.com\/product-tag\/%D8%B7%D8%A8%D8%A7%D8%B9%D9%87-%D8%A8%D9%88%D8%B3%D8%AA%D8%B1\/page\/2\/?add-to-cart=198"}}]}
 ajax: no
2025-01-03T01:00:02+00:00 DEBUG Tt4b_Mapi_Class::mapi_post: Response: 

HTTP/1.1 200 OK
Server: nginx
Content-Type: application/json
Content-Length: 92
X-Tt-Logid: 20250103010002F16B6A61673EC5516A27
Server-Timing: inner; dur=31
x-tt-trace-host: 018e5a586174a888928d793bdac74b79b51a437ee89a1c03eb2011d034a2e3e9f5e1ddd66a7c96704f4ba66c4d18805d31674b1a75f04465c85e8d53838708e5f726e5696c3c695dacedf684056fde492d5d6b592658e0c2903e3db5e09feb191d
x-tt-trace-id: 00-250103010002F16B6A61673EC5516A27-72C92C9942BF6381-00
Expires: Fri, 03 Jan 2025 01:00:02 GMT
Cache-Control: max-age=0, no-cache, no-store
Pragma: no-cache
Date: Fri, 03 Jan 2025 01:00:02 GMT
X-Cache: TCP_MISS from a95-101-134-92.deploy.akamaitechnologies.com (AkamaiGHost/11.7.2.1-9611f29bef89eba7b18045b10aa2af98) (-)
Connection: close
x-tt-trace-tag: id=16;cdn-cache=miss;type=dyn
Server-Timing: cdn-cache; desc=MISS, edge; dur=0, origin; dur=111
X-Origin-Response-Time: 111,95.101.134.92
X-Akamai-Request-ID: 12a16f39

{"code": 0, "message": "OK", "request_id": "20250103010002F16B6A61673EC5516A27", "data": {}}
2025-01-03T01:00:11+00:00 DEBUG Tt4b_Pixel_Class::inject_add_to_cart_event: hit AddToCart
2025-01-03T01:00:11+00:00 DEBUG POST: https://business-api.tiktok.com/open_api/v1.3/event/track/

{"partner_name":"WooCommerce","event_source":"web","event_source_id":"CSM79Q3C77UAG1T340I0","data":[{"event":"AddToCart","event_id":"6777369bab094_tt4b_woocommerce_670666209cf1f_SKU_199","event_time":1735866011,"user":{"ip":"54.36.148.159","user_agent":"Mozilla\/5.0 (compatible; AhrefsBot\/7.0; +http:\/\/ahrefs.com\/robot\/)","locale":"ar","external_id":"0","email":"e3b0c44298fc1c149afbf4c8996fb92427ae41e4649b934ca495991b7852b855","phone_number":"e3b0c44298fc1c149afbf4c8996fb92427ae41e4649b934ca495991b7852b855","first_name":"e3b0c44298fc1c149afbf4c8996fb92427ae41e4649b934ca495991b7852b855","last_name":"e3b0c44298fc1c149afbf4c8996fb92427ae41e4649b934ca495991b7852b855","zip_code":"e3b0c44298fc1c149afbf4c8996fb92427ae41e4649b934ca495991b7852b855"},"properties":{"contents":[{"price":0,"quantity":1,"content_id":"SKU_199","content_name":"\u0637\u0628\u0627\u0639\u0629 \u0628\u0631\u0634\u0648\u0631 \u0645\u0637\u0648\u064a\u0629 A4","description":"\u0628\u0631\u0648\u0634\u0648\u0631 \u0645\u0637\u0648\u064a \u062d\u0633\u0628 \u062a\u0635\u0645\u064a\u0645 \u0627\u0644\u0639\u0645\u064a\u0644 \u0648\u0631\u0642 \u0643\u0648\u0634\u064a\u0647 \u0645\u0637\u0641\u064a 150 \u062c\u0631\u0627\u0645.\r\n\u0645\u062f\u0629 \u0627\u0644\u062a\u0646\u0641\u064a\u0630 \u0627\u0644\u0645\u062a\u0648\u0642\u0639\u0629: 3 \u2013 5 \u0623\u064a\u0627\u0645 \u0639\u0645\u0644 \u0628\u0639\u062f \u062a\u0623\u0643\u064a\u062f \u0627\u0644\u0637\u0644\u0628 \u0648\u0627\u0644\u062a\u0635\u0645\u064a\u0645 \u0648\u062d\u0633\u0628 \u0627\u0644\u0643\u0645\u064a\u0629 (\u062a\u0632\u064a\u062f \u0627\u0644\u0645\u062f\u0629 \u0639\u0646\u062f \u0637\u0644\u0628 \u0627\u0644\u0634\u062d\u0646).","availability":"IN_STOCK","sale_price":0,"on_sale":false}],"content_type":"product","currency":"SAR","value":0,"event_trigger_source":"WooCommerce"},"page":{"url":"http:\/\/ibn-sinaa.com\/shop\/page\/2\/?add-to-cart=199"}}]}
 ajax: no
2025-01-03T01:00:11+00:00 DEBUG Tt4b_Mapi_Class::mapi_post: Response: 

HTTP/1.1 200 OK
Server: nginx
Content-Type: application/json
Content-Length: 92
X-Tt-Logid: 2025010301001173DB2406E3332748B8F6
x-tt-trace-host: 018e5a586174a888928d793bdac74b79b56517d7628cf0ffdff56b078ad2cf56156d479c2c1c2c474b269eb70be4281ff74fe86b9ee6b11794f85b3d7425dd1faf4dfd55e94f3003f33430ca56628ded9c3645e33b924f5811adde9666aa9a988db67d8b73271faa8cc673ea09e5e1d9ae
x-tt-trace-id: 00-25010301001173DB2406E3332748B8F6-0E73D46833F459B1-00
X-Origin-Response-Time: 65,23.207.199.41
X-Akamai-Request-ID: 2a0fb348.12a1df28
Expires: Fri, 03 Jan 2025 01:00:11 GMT
Cache-Control: max-age=0, no-cache, no-store
Pragma: no-cache
Date: Fri, 03 Jan 2025 01:00:11 GMT
X-Cache: TCP_MISS from a95-101-134-92.deploy.akamaitechnologies.com (AkamaiGHost/11.7.2.1-9611f29bef89eba7b18045b10aa2af98) (-)
Connection: close
X-Cache-Remote: TCP_MISS from a23-207-199-41.deploy.akamaitechnologies.com (AkamaiGHost/11.7.2.1-9611f29bef89eba7b18045b10aa2af98) (-)
x-tt-trace-tag: id=16;cdn-cache=miss;type=dyn
Server-Timing: cdn-cache; desc=MISS, edge; dur=109, origin; dur=65
Server-Timing: inner; dur=37
X-Parent-Response-Time: 172,95.101.134.92

{"code": 0, "message": "OK", "request_id": "2025010301001173DB2406E3332748B8F6", "data": {}}
2025-01-03T01:00:12+00:00 DEBUG POST: https://business-api.tiktok.com/open_api/v1.3/event/track/

{"partner_name":"WooCommerce","event_source":"web","event_source_id":"CSM79Q3C77UAG1T340I0","data":[{"event":"Pageview","event_id":"6777369c19f73_tt4b_woocommerce_670666209cf1f","event_time":1735866012,"user":{"ip":"54.36.148.159","user_agent":"Mozilla\/5.0 (compatible; AhrefsBot\/7.0; +http:\/\/ahrefs.com\/robot\/)","locale":"ar","external_id":"0","email":"e3b0c44298fc1c149afbf4c8996fb92427ae41e4649b934ca495991b7852b855","phone_number":"e3b0c44298fc1c149afbf4c8996fb92427ae41e4649b934ca495991b7852b855","first_name":"e3b0c44298fc1c149afbf4c8996fb92427ae41e4649b934ca495991b7852b855","last_name":"e3b0c44298fc1c149afbf4c8996fb92427ae41e4649b934ca495991b7852b855","zip_code":"e3b0c44298fc1c149afbf4c8996fb92427ae41e4649b934ca495991b7852b855"},"page":{"url":"http:\/\/ibn-sinaa.com\/shop\/page\/2\/?add-to-cart=199"}}]}
 ajax: no
2025-01-03T01:00:12+00:00 DEBUG Tt4b_Mapi_Class::mapi_post: Response: 

HTTP/1.1 200 OK
Server: nginx
Content-Type: application/json
Content-Length: 92
X-Tt-Logid: 202501030100127872D7FD6FD3ABB188E2
x-tt-trace-host: 018e5a586174a888928d793bdac74b79b519a86797e72c2eba011e03e23beee17d969279bbaa597f9946e6c6e5a91c7b73c497afdb5dfbd5a0dc08489f206065cd8194141143fafcf9d89d3b7867e8ba261a0396a0d1cbf9e1836c5ea8e56b6bfbf2b121b98f7a024c0c7ceb62859daf67
x-tt-trace-id: 00-2501030100127872D7FD6FD3ABB188E2-616ECB895A66CA7B-00
X-Origin-Response-Time: 36,23.207.199.41
X-Akamai-Request-ID: 2a0fb83a.10ce5784
Expires: Fri, 03 Jan 2025 01:00:12 GMT
Cache-Control: max-age=0, no-cache, no-store
Pragma: no-cache
Date: Fri, 03 Jan 2025 01:00:12 GMT
X-Cache: TCP_MISS from a95-101-134-116.deploy.akamaitechnologies.com (AkamaiGHost/11.7.2.1-9611f29bef89eba7b18045b10aa2af98) (-)
Connection: close
X-Cache-Remote: TCP_MISS from a23-207-199-41.deploy.akamaitechnologies.com (AkamaiGHost/11.7.2.1-9611f29bef89eba7b18045b10aa2af98) (-)
x-tt-trace-tag: id=16;cdn-cache=miss;type=dyn
Server-Timing: cdn-cache; desc=MISS, edge; dur=86, origin; dur=36
Server-Timing: inner; dur=31
X-Parent-Response-Time: 122,95.101.134.116

{"code": 0, "message": "OK", "request_id": "202501030100127872D7FD6FD3ABB188E2", "data": {}}
2025-01-03T01:00:18+00:00 DEBUG POST: https://business-api.tiktok.com/open_api/v1.3/event/track/

{"partner_name":"WooCommerce","event_source":"web","event_source_id":"CSM79Q3C77UAG1T340I0","data":[{"event":"Pageview","event_id":"677736a2a8b2f_tt4b_woocommerce_670666209cf1f","event_time":1735866018,"user":{"ip":"66.249.66.168","user_agent":"Mozilla\/5.0 (Linux; Android 6.0.1; Nexus 5X Build\/MMB29P) AppleWebKit\/537.36 (KHTML, like Gecko) Chrome\/131.0.6778.139 Mobile Safari\/537.36 (compatible; Googlebot\/2.1; +http:\/\/www.google.com\/bot.html)","locale":"ar","external_id":"0","email":"e3b0c44298fc1c149afbf4c8996fb92427ae41e4649b934ca495991b7852b855","phone_number":"e3b0c44298fc1c149afbf4c8996fb92427ae41e4649b934ca495991b7852b855","first_name":"e3b0c44298fc1c149afbf4c8996fb92427ae41e4649b934ca495991b7852b855","last_name":"e3b0c44298fc1c149afbf4c8996fb92427ae41e4649b934ca495991b7852b855","zip_code":"e3b0c44298fc1c149afbf4c8996fb92427ae41e4649b934ca495991b7852b855"},"page":{"url":"http:\/\/www.ibn-sinaa.com\/product-category\/digital-printing\/brochures\/"}}]}
 ajax: no
2025-01-03T01:00:19+00:00 DEBUG Tt4b_Mapi_Class::mapi_post: Response: 

HTTP/1.1 200 OK
Server: nginx
Content-Type: application/json
Content-Length: 92
X-Tt-Logid: 2025010301001821974AEAE8FEBA634B05
x-tt-trace-host: 018e5a586174a888928d793bdac74b79b519a86797e72c2eba011e03e23beee17d784a0589fb435dbd8892ba86124a925f6bfffe0abce73ea71cec6cc0f6d23b4012355e88382d40bd6d23968ae6269f9e145928852d22d7fd7c60c6513ba3d3f34e2e78249b640d70190deadb6846254e
x-tt-trace-id: 00-25010301001821974AEAE8FEBA634B05-396E30CA49E75716-00
X-Origin-Response-Time: 38,23.207.199.5
X-Akamai-Request-ID: 12b4bc9c.10ce8081
Expires: Fri, 03 Jan 2025 01:00:19 GMT
Cache-Control: max-age=0, no-cache, no-store
Pragma: no-cache
Date: Fri, 03 Jan 2025 01:00:19 GMT
X-Cache: TCP_MISS from a95-101-134-116.deploy.akamaitechnologies.com (AkamaiGHost/11.7.2.1-9611f29bef89eba7b18045b10aa2af98) (-)
Connection: close
X-Cache-Remote: TCP_MISS from a23-207-199-5.deploy.akamaitechnologies.com (AkamaiGHost/11.7.2.1-9611f29bef89eba7b18045b10aa2af98) (-)
x-tt-trace-tag: id=16;cdn-cache=miss;type=dyn
Server-Timing: cdn-cache; desc=MISS, edge; dur=246, origin; dur=37
Server-Timing: inner; dur=25
X-Parent-Response-Time: 283,95.101.134.116

{"code": 0, "message": "OK", "request_id": "2025010301001821974AEAE8FEBA634B05", "data": {}}
2025-01-03T01:03:26+00:00 DEBUG POST: https://business-api.tiktok.com/open_api/v1.3/event/track/

{"partner_name":"WooCommerce","event_source":"web","event_source_id":"CSM79Q3C77UAG1T340I0","data":[{"event":"Pageview","event_id":"6777375e3c855_tt4b_woocommerce_670666209cf1f","event_time":1735866206,"user":{"ip":"195.178.110.146","user_agent":"W3C_Validator\/1.305.2.12 libwww-perl\/5.64","locale":"ar","external_id":"0","email":"e3b0c44298fc1c149afbf4c8996fb92427ae41e4649b934ca495991b7852b855","phone_number":"e3b0c44298fc1c149afbf4c8996fb92427ae41e4649b934ca495991b7852b855","first_name":"e3b0c44298fc1c149afbf4c8996fb92427ae41e4649b934ca495991b7852b855","last_name":"e3b0c44298fc1c149afbf4c8996fb92427ae41e4649b934ca495991b7852b855","zip_code":"e3b0c44298fc1c149afbf4c8996fb92427ae41e4649b934ca495991b7852b855"},"page":{"url":"http:\/\/www.ibn-sinaa.com\/.git\/config"}}]}
 ajax: no
2025-01-03T01:03:26+00:00 DEBUG Tt4b_Mapi_Class::mapi_post: Response: 

HTTP/1.1 200 OK
Server: nginx
Content-Type: application/json
Content-Length: 92
X-Tt-Logid: 20250103010326D8C634D0BB828F8E0E8C
x-tt-trace-host: 018e5a586174a888928d793bdac74b79b519a86797e72c2eba011e03e23beee17d7aebb9fea08d3a9aac68c9e259a275bade5ab1044533b26da52c4d05f72fcc57b2b9a3fdafdea80216b54a9a74de390c17194cda3b15f8182012463bb804eb01bcbc00b9ee9ac7357bcdc2cdc5b8e203
x-tt-trace-id: 00-250103010326D8C634D0BB828F8E0E8C-343152222B164E0A-00
X-Origin-Response-Time: 34,23.207.199.8
X-Akamai-Request-ID: 4ffc6b.10d2ea1d
Expires: Fri, 03 Jan 2025 01:03:26 GMT
Cache-Control: max-age=0, no-cache, no-store
Pragma: no-cache
Date: Fri, 03 Jan 2025 01:03:26 GMT
X-Cache: TCP_MISS from a95-101-134-116.deploy.akamaitechnologies.com (AkamaiGHost/11.7.2.1-9611f29bef89eba7b18045b10aa2af98) (-)
Connection: close
X-Cache-Remote: TCP_MISS from a23-207-199-8.deploy.akamaitechnologies.com (AkamaiGHost/11.7.2.1-9611f29bef89eba7b18045b10aa2af98) (-)
x-tt-trace-tag: id=16;cdn-cache=miss;type=dyn
Server-Timing: cdn-cache; desc=MISS, edge; dur=84, origin; dur=33
Server-Timing: inner; dur=30
X-Parent-Response-Time: 116,95.101.134.116

{"code": 0, "message": "OK", "request_id": "20250103010326D8C634D0BB828F8E0E8C", "data": {}}
2025-01-03T01:04:40+00:00 DEBUG Tt4b_Pixel_Class::inject_add_to_cart_event: hit AddToCart
2025-01-03T01:04:40+00:00 DEBUG POST: https://business-api.tiktok.com/open_api/v1.3/event/track/

{"partner_name":"WooCommerce","event_source":"web","event_source_id":"CSM79Q3C77UAG1T340I0","data":[{"event":"AddToCart","event_id":"677737a8241df_tt4b_woocommerce_670666209cf1f_4125","event_time":1735866280,"user":{"ip":"195.201.199.99","user_agent":"Mozilla\/5.0 (compatible; MJ12bot\/v1.4.8; http:\/\/mj12bot.com\/)","locale":"ar","external_id":"0","email":"e3b0c44298fc1c149afbf4c8996fb92427ae41e4649b934ca495991b7852b855","phone_number":"e3b0c44298fc1c149afbf4c8996fb92427ae41e4649b934ca495991b7852b855","first_name":"e3b0c44298fc1c149afbf4c8996fb92427ae41e4649b934ca495991b7852b855","last_name":"e3b0c44298fc1c149afbf4c8996fb92427ae41e4649b934ca495991b7852b855","zip_code":"e3b0c44298fc1c149afbf4c8996fb92427ae41e4649b934ca495991b7852b855"},"properties":{"contents":[{"price":65,"quantity":1,"content_id":"4125","content_name":"\u0633\u062c\u0644\u0627\u062a \u0645\u0627\u062f\u0629 \u0627\u0644\u0641\u064a\u0632\u064a\u0627\u0621","description":". \u0637\u0628\u0627\u0639\u0647 \u0633\u062c\u0644\u0627\u062a \u0645\u062f\u0631\u0633\u064a\u0629 \u0627\u062d\u062a\u0631\u0627\u0641\u064a\u0629 \u062e\u0627\u0645\u062a\u0647\u0627 \u0643\u0631\u062a\u0648\u0646 2000 \u062c\u0631\u0627\u0645,\u062a\u0636\u0627\u0641 \u0637\u0628\u0642\u0629 \u062d\u0645\u0627\u064a\u0647 \u0627\u0633\u062a\u064a\u0643\u0631 \u0645\u0639 \u0633\u0644\u0648\u0641\u0627\u0646 \u0644\u0627\u0645\u0639.\r\n. \u0645\u062a\u0648\u0641\u0631 \u0628 \u0627\u062d\u062c\u0627\u0645 \u0645\u062e\u062a\u0644\u0641\u0647 ( \u0635\u063a\u064a\u0631, \u0648\u0633\u0637 , \u0643\u0628\u064a\u0631 ).\r\n. \u064a\u062a\u0633\u0639 \u0627\u0644\u0645\u0642\u0627\u0633 \u0627\u0644\u0635\u063a\u064a\u0631 ( \u0645\u0646 50 \u0627\u0644\u0649 150 \u0648\u0631\u0642\u0629 )\r\n. \u064a\u062a\u0633\u0639 \u0627\u0644\u0648\u0633\u0637 ( \u0645\u0646 150 \u0627\u0644\u0649 300 \u0648\u0631\u0642\u0629 )\r\n. \u0627\u0644\u0643\u0628\u064a\u0631 ( \u0645\u0646 300 \u0627\u0644\u0649 400 \u0648\u0631\u0642\u0629 ).\r\n. \u0645\u062f\u0629 \u0627\u0644\u062a\u0646\u0641\u064a\u0630 : 3-5 \u0627\u064a\u0627\u0645 \u0648\u062a\u0632\u064a\u062f \u0627\u0644\u0645\u062f\u0629 \u0639\u0646 \u0637\u0644\u0628 \u0627\u0644\u0634\u062d\u0646.","availability":"IN_STOCK","sale_price":65,"on_sale":false}],"content_type":"product","currency":"SAR","value":65,"event_trigger_source":"WooCommerce"},"page":{"url":"http:\/\/ibn-sinaa.com\/en\/product-category\/school-and-student-printing\/%D8%B3%D8%AC%D9%84%D8%A7%D8%AA\/?add-to-cart=4125"}}]}
 ajax: no
2025-01-03T01:04:41+00:00 DEBUG Tt4b_Mapi_Class::mapi_post: Response: 

HTTP/1.1 200 OK
Server: nginx
Content-Type: application/json
Content-Length: 92
X-Tt-Logid: 20250103010440EF789434124FC96FBAC8
Server-Timing: inner; dur=1062
x-tt-trace-host: 018e5a586174a888928d793bdac74b79b51a437ee89a1c03eb2011d034a2e3e9f59259a2cb2228721c4ea38c99e7d2ebf1861d56f6a9f210bce7cc6b05fbe6b30e7e7c6e0f399508498333b0a0e476d5dd907888301fb0ffd1a2bf218be92e3c0e
x-tt-trace-id: 00-250103010440EF789434124FC96FBAC8-529B2F861A3E77B6-00
Expires: Fri, 03 Jan 2025 01:04:41 GMT
Cache-Control: max-age=0, no-cache, no-store
Pragma: no-cache
Date: Fri, 03 Jan 2025 01:04:41 GMT
X-Cache: TCP_MISS from a95-101-134-92.deploy.akamaitechnologies.com (AkamaiGHost/11.7.2.1-9611f29bef89eba7b18045b10aa2af98) (-)
Connection: close
x-tt-trace-tag: id=16;cdn-cache=miss;type=dyn
Server-Timing: cdn-cache; desc=MISS, edge; dur=0, origin; dur=1145
X-Origin-Response-Time: 1145,95.101.134.92
X-Akamai-Request-ID: 12ad3bcc

{"code": 0, "message": "OK", "request_id": "20250103010440EF789434124FC96FBAC8", "data": {}}
2025-01-03T01:04:41+00:00 DEBUG POST: https://business-api.tiktok.com/open_api/v1.3/event/track/

{"partner_name":"WooCommerce","event_source":"web","event_source_id":"CSM79Q3C77UAG1T340I0","data":[{"event":"Pageview","event_id":"677737a981109_tt4b_woocommerce_670666209cf1f","event_time":1735866281,"user":{"ip":"195.201.199.99","user_agent":"Mozilla\/5.0 (compatible; MJ12bot\/v1.4.8; http:\/\/mj12bot.com\/)","locale":"ar","external_id":"0","email":"e3b0c44298fc1c149afbf4c8996fb92427ae41e4649b934ca495991b7852b855","phone_number":"e3b0c44298fc1c149afbf4c8996fb92427ae41e4649b934ca495991b7852b855","first_name":"e3b0c44298fc1c149afbf4c8996fb92427ae41e4649b934ca495991b7852b855","last_name":"e3b0c44298fc1c149afbf4c8996fb92427ae41e4649b934ca495991b7852b855","zip_code":"e3b0c44298fc1c149afbf4c8996fb92427ae41e4649b934ca495991b7852b855"},"page":{"url":"http:\/\/ibn-sinaa.com\/en\/product-category\/school-and-student-printing\/%D8%B3%D8%AC%D9%84%D8%A7%D8%AA\/?add-to-cart=4125"}}]}
 ajax: no
2025-01-03T01:04:41+00:00 DEBUG Tt4b_Mapi_Class::mapi_post: Response: 

HTTP/1.1 200 OK
Server: nginx
Content-Type: application/json
Content-Length: 92
X-Tt-Logid: 202501030104414CBF62429475F9B03C54
x-tt-trace-host: 018e5a586174a888928d793bdac74b79b56517d7628cf0ffdff56b078ad2cf5615671b77d30b8620ea036ad37f4467fdb06d81357720d737a4f620dc53d403136bba6a7f77342cbda86adb154f4e707b50a2f09814608d740a30e835c7c9fa3ef1e9ae23eada8238dd058d1a6d4f3d8eac
x-tt-trace-id: 00-2501030104414CBF62429475F9B03C54-45EF5A5E2248B38B-00
X-Origin-Response-Time: 34,23.207.199.38
X-Akamai-Request-ID: 1bc6995e.12ad48d9
Expires: Fri, 03 Jan 2025 01:04:41 GMT
Cache-Control: max-age=0, no-cache, no-store
Pragma: no-cache
Date: Fri, 03 Jan 2025 01:04:41 GMT
X-Cache: TCP_MISS from a95-101-134-92.deploy.akamaitechnologies.com (AkamaiGHost/11.7.2.1-9611f29bef89eba7b18045b10aa2af98) (-)
Connection: close
X-Cache-Remote: TCP_MISS from a23-207-199-38.deploy.akamaitechnologies.com (AkamaiGHost/11.7.2.1-9611f29bef89eba7b18045b10aa2af98) (-)
x-tt-trace-tag: id=16;cdn-cache=miss;type=dyn
Server-Timing: cdn-cache; desc=MISS, edge; dur=99, origin; dur=34
Server-Timing: inner; dur=23
X-Parent-Response-Time: 133,95.101.134.92

{"code": 0, "message": "OK", "request_id": "202501030104414CBF62429475F9B03C54", "data": {}}
2025-01-03T01:04:45+00:00 DEBUG Tt4b_Pixel_Class::inject_add_to_cart_event: hit AddToCart
2025-01-03T01:04:45+00:00 DEBUG POST: https://business-api.tiktok.com/open_api/v1.3/event/track/

{"partner_name":"WooCommerce","event_source":"web","event_source_id":"CSM79Q3C77UAG1T340I0","data":[{"event":"AddToCart","event_id":"677737adb84de_tt4b_woocommerce_670666209cf1f_3593","event_time":1735866285,"user":{"ip":"195.201.199.99","user_agent":"Mozilla\/5.0 (compatible; MJ12bot\/v1.4.8; http:\/\/mj12bot.com\/)","locale":"ar","external_id":"0","email":"e3b0c44298fc1c149afbf4c8996fb92427ae41e4649b934ca495991b7852b855","phone_number":"e3b0c44298fc1c149afbf4c8996fb92427ae41e4649b934ca495991b7852b855","first_name":"e3b0c44298fc1c149afbf4c8996fb92427ae41e4649b934ca495991b7852b855","last_name":"e3b0c44298fc1c149afbf4c8996fb92427ae41e4649b934ca495991b7852b855","zip_code":"e3b0c44298fc1c149afbf4c8996fb92427ae41e4649b934ca495991b7852b855"},"properties":{"contents":[{"price":180,"quantity":1,"content_id":"3593","content_name":"\u0637\u0628\u0627\u0639\u0629 \u0641\u0648\u0627\u062a\u064a\u0631","description":"\u0637\u0628\u0627\u0639\u0629 \u062f\u0641\u0627\u062a\u0631 \u0641\u0648\u0627\u062a\u064a\u0631 \u0645\u0642\u0627\u0633 A5, \u0639\u062f\u062f \u0635\u0641\u062d\u0627\u062a 100 \u0635\u0641\u062d\u0629 ( \u0627\u0635\u0644 + \u0635\u0648\u0631\u0629 ).\r\n\u0623\u0642\u0644 \u0643\u0645\u064a\u0629 \u0644\u0644\u0637\u0644\u0628 \u0647\u064a 10 \u062f\u0641\u0627\u062a\u0631.\r\n\u0645\u062f\u0629 \u0627\u0644\u062a\u0646\u0641\u064a\u0630: \u0645\u0646 5 \u0625\u0644\u0649 7 \u0623\u064a\u0627\u0645 \u0639\u0645\u0644 \u0628\u0639\u062f \u0627\u0639\u062a\u0645\u0627\u062f \u0627\u0644\u0637\u0644\u0628 \u0648\u0627\u0644\u062a\u0635\u0645\u064a\u0645 \u062d\u0633\u0628 \u0627\u0644\u0643\u0645\u064a\u0629 (\u062a\u0632\u064a\u062f \u0627\u0644\u0645\u062f\u0629 \u0639\u0646\u062f \u0637\u0644\u0628 \u0627\u0644\u0634\u062d\u0646).","availability":"IN_STOCK","sale_price":180,"on_sale":false}],"content_type":"product","currency":"SAR","value":180,"event_trigger_source":"WooCommerce"},"page":{"url":"http:\/\/ibn-sinaa.com\/en\/product-category\/%D8%B7%D8%A8%D8%A7%D8%B9%D8%A9-%D8%AF%D9%8A%D8%AC%D8%AA%D8%A7%D9%84\/%D9%81%D9%88%D8%A7%D8%AA%D9%8A%D8%B1-%D9%88%D8%B3%D9%86%D8%AF%D8%A7%D8%AA\/?add-to-cart=3593"}}]}
 ajax: no
2025-01-03T01:04:45+00:00 DEBUG Tt4b_Mapi_Class::mapi_post: Response: 

HTTP/1.1 200 OK
Server: nginx
Content-Type: application/json
Content-Length: 92
X-Tt-Logid: 2025010301044590ECFA932851C0B405D8
x-tt-trace-host: 018e5a586174a888928d793bdac74b79b56517d7628cf0ffdff56b078ad2cf561567a8cf58d43a37e5b7c5f1813464dccee7a378e0040de2b637ba39be8422a79b5d13c3de0c645a0344f388178d25e18a0bb5ad6810381085c62edfb838b20f3b09d0d523069925265ef06e53bcea9832
x-tt-trace-id: 00-25010301044590ECFA932851C0B405D8-417806F77EC72E78-00
X-Origin-Response-Time: 33,23.207.199.19
X-Akamai-Request-ID: 2bec6af8.12ad7223
Expires: Fri, 03 Jan 2025 01:04:45 GMT
Cache-Control: max-age=0, no-cache, no-store
Pragma: no-cache
Date: Fri, 03 Jan 2025 01:04:45 GMT
X-Cache: TCP_MISS from a95-101-134-92.deploy.akamaitechnologies.com (AkamaiGHost/11.7.2.1-9611f29bef89eba7b18045b10aa2af98) (-)
Connection: close
X-Cache-Remote: TCP_MISS from a23-207-199-19.deploy.akamaitechnologies.com (AkamaiGHost/11.7.2.1-9611f29bef89eba7b18045b10aa2af98) (-)
x-tt-trace-tag: id=16;cdn-cache=miss;type=dyn
Server-Timing: cdn-cache; desc=MISS, edge; dur=84, origin; dur=33
Server-Timing: inner; dur=29
X-Parent-Response-Time: 116,95.101.134.92

{"code": 0, "message": "OK", "request_id": "2025010301044590ECFA932851C0B405D8", "data": {}}
2025-01-03T01:04:46+00:00 DEBUG POST: https://business-api.tiktok.com/open_api/v1.3/event/track/

{"partner_name":"WooCommerce","event_source":"web","event_source_id":"CSM79Q3C77UAG1T340I0","data":[{"event":"Pageview","event_id":"677737ae09ae8_tt4b_woocommerce_670666209cf1f","event_time":1735866286,"user":{"ip":"195.201.199.99","user_agent":"Mozilla\/5.0 (compatible; MJ12bot\/v1.4.8; http:\/\/mj12bot.com\/)","locale":"ar","external_id":"0","email":"e3b0c44298fc1c149afbf4c8996fb92427ae41e4649b934ca495991b7852b855","phone_number":"e3b0c44298fc1c149afbf4c8996fb92427ae41e4649b934ca495991b7852b855","first_name":"e3b0c44298fc1c149afbf4c8996fb92427ae41e4649b934ca495991b7852b855","last_name":"e3b0c44298fc1c149afbf4c8996fb92427ae41e4649b934ca495991b7852b855","zip_code":"e3b0c44298fc1c149afbf4c8996fb92427ae41e4649b934ca495991b7852b855"},"page":{"url":"http:\/\/ibn-sinaa.com\/en\/product-category\/%D8%B7%D8%A8%D8%A7%D8%B9%D8%A9-%D8%AF%D9%8A%D8%AC%D8%AA%D8%A7%D9%84\/%D9%81%D9%88%D8%A7%D8%AA%D9%8A%D8%B1-%D9%88%D8%B3%D9%86%D8%AF%D8%A7%D8%AA\/?add-to-cart=3593"}}]}
 ajax: no
2025-01-03T01:04:46+00:00 DEBUG Tt4b_Mapi_Class::mapi_post: Response: 

HTTP/1.1 200 OK
Server: nginx
Content-Type: application/json
Content-Length: 92
X-Tt-Logid: 20250103010446CDDF6A1BC8CE6AD2AF26
x-tt-trace-host: 018e5a586174a888928d793bdac74b79b519a86797e72c2eba011e03e23beee17d332c572499d07e2904ac6c997715278ef17d6e47becf7622eb8cb4b25198cb7926a072200457e5df3e71831d3bd9acfd104b209daaa483737b66ad72e87d0a765a274e4659df09ccc194761afa5e3368
x-tt-trace-id: 00-250103010446CDDF6A1BC8CE6AD2AF26-566181F13AFFE966-00
X-Origin-Response-Time: 42,23.207.199.37
X-Akamai-Request-ID: 137c0814.10d4b541
Expires: Fri, 03 Jan 2025 01:04:46 GMT
Cache-Control: max-age=0, no-cache, no-store
Pragma: no-cache
Date: Fri, 03 Jan 2025 01:04:46 GMT
X-Cache: TCP_MISS from a95-101-134-116.deploy.akamaitechnologies.com (AkamaiGHost/11.7.2.1-9611f29bef89eba7b18045b10aa2af98) (-)
Connection: close
X-Cache-Remote: TCP_MISS from a23-207-199-37.deploy.akamaitechnologies.com (AkamaiGHost/11.7.2.1-9611f29bef89eba7b18045b10aa2af98) (-)
x-tt-trace-tag: id=16;cdn-cache=miss;type=dyn
Server-Timing: cdn-cache; desc=MISS, edge; dur=82, origin; dur=42
Server-Timing: inner; dur=36
X-Parent-Response-Time: 124,95.101.134.116

{"code": 0, "message": "OK", "request_id": "20250103010446CDDF6A1BC8CE6AD2AF26", "data": {}}
2025-01-03T01:04:50+00:00 DEBUG Tt4b_Pixel_Class::inject_add_to_cart_event: hit AddToCart
2025-01-03T01:04:50+00:00 DEBUG POST: https://business-api.tiktok.com/open_api/v1.3/event/track/

{"partner_name":"WooCommerce","event_source":"web","event_source_id":"CSM79Q3C77UAG1T340I0","data":[{"event":"AddToCart","event_id":"677737b254eef_tt4b_woocommerce_670666209cf1f_3545","event_time":1735866290,"user":{"ip":"195.201.199.99","user_agent":"Mozilla\/5.0 (compatible; MJ12bot\/v1.4.8; http:\/\/mj12bot.com\/)","locale":"ar","external_id":"0","email":"e3b0c44298fc1c149afbf4c8996fb92427ae41e4649b934ca495991b7852b855","phone_number":"e3b0c44298fc1c149afbf4c8996fb92427ae41e4649b934ca495991b7852b855","first_name":"e3b0c44298fc1c149afbf4c8996fb92427ae41e4649b934ca495991b7852b855","last_name":"e3b0c44298fc1c149afbf4c8996fb92427ae41e4649b934ca495991b7852b855","zip_code":"e3b0c44298fc1c149afbf4c8996fb92427ae41e4649b934ca495991b7852b855"},"properties":{"contents":[{"price":0,"quantity":1,"content_id":"3545","content_name":"\u0637\u0628\u0627\u0639\u0629 \u0641\u0648\u0644\u062f\u0631\u0627\u062a \u062c\u064a\u0628 \u0639\u0627\u062f\u064a","description":"\u0641\u0648\u0644\u062f\u0631 \u062c\u064a\u0628 \u0623\u0628\u064a\u0636 \u0639\u0627\u062f\u064a.\r\n\u0646\u0648\u0639 \u0627\u0644\u0648\u0631\u0642: \u0648\u0631\u0642 \u0643\u0648\u0634\u064a\u0647 350 \u062c\u0631\u0627\u0645 \u0645\u0639 \u0633\u0644\u0641\u0627\u0646\r\n\u0645\u062f\u0629 \u0627\u0644\u062a\u0646\u0641\u064a\u0630 \u0627\u0644\u0645\u062a\u0648\u0642\u0639\u0629: \u0645\u0646 4 \u0625\u0644\u0649 7 \u0623\u064a\u0627\u0645 \u0639\u0645\u0644 \u0628\u0639\u062f \u0627\u0639\u062a\u0645\u0627\u062f \u0627\u0644\u0637\u0644\u0628 \u0648\u0627\u0644\u0643\u0645\u064a\u0629 (\u062a\u0632\u064a\u062f \u0627\u0644\u0645\u062f\u0629 \u0639\u0646\u062f \u0637\u0644\u0628 \u0627\u0644\u0634\u062d\u0646).","availability":"IN_STOCK","sale_price":0,"on_sale":false}],"content_type":"product","currency":"SAR","value":0,"event_trigger_source":"WooCommerce"},"page":{"url":"http:\/\/ibn-sinaa.com\/en\/product-category\/%D8%B7%D8%A8%D8%A7%D8%B9%D8%A9-%D8%AF%D9%8A%D8%AC%D8%AA%D8%A7%D9%84\/%D9%81%D9%88%D9%84%D8%AF%D8%B1%D8%A7%D8%AA\/?add-to-cart=3545"}}]}
 ajax: no
2025-01-03T01:04:50+00:00 DEBUG Tt4b_Mapi_Class::mapi_post: Response: 

HTTP/1.1 200 OK
Server: nginx
Content-Type: application/json
Content-Length: 92
X-Tt-Logid: 202501030104504EF4C19807C488E46504
x-tt-trace-host: 018e5a586174a888928d793bdac74b79b56517d7628cf0ffdff56b078ad2cf56155fb14c104bb2bd62f1d6bf4f117f3298bf6ec3094c0c8129ba9540d72f37c440c1d91f8d18ae9c4721d95b2b0a6c985f23c0b552458075d526a5a046ae058beb133abde103d3738ea5e0c5835b16acfb
x-tt-trace-id: 00-2501030104504EF4C19807C488E46504-0333B54C6F25A4B2-00
X-Origin-Response-Time: 41,23.218.219.26
X-Akamai-Request-ID: 5248a94.12ad9e66
Expires: Fri, 03 Jan 2025 01:04:50 GMT
Cache-Control: max-age=0, no-cache, no-store
Pragma: no-cache
Date: Fri, 03 Jan 2025 01:04:50 GMT
X-Cache: TCP_MISS from a95-101-134-92.deploy.akamaitechnologies.com (AkamaiGHost/11.7.2.1-9611f29bef89eba7b18045b10aa2af98) (-)
Connection: close
X-Cache-Remote: TCP_MISS from a23-218-219-26.deploy.akamaitechnologies.com (AkamaiGHost/11.7.2.1-9611f29bef89eba7b18045b10aa2af98) (-)
x-tt-trace-tag: id=16;cdn-cache=miss;type=dyn
Server-Timing: cdn-cache; desc=MISS, edge; dur=94, origin; dur=41
Server-Timing: inner; dur=25
X-Parent-Response-Time: 135,95.101.134.92

{"code": 0, "message": "OK", "request_id": "202501030104504EF4C19807C488E46504", "data": {}}
2025-01-03T01:04:50+00:00 DEBUG POST: https://business-api.tiktok.com/open_api/v1.3/event/track/

{"partner_name":"WooCommerce","event_source":"web","event_source_id":"CSM79Q3C77UAG1T340I0","data":[{"event":"Pageview","event_id":"677737b2a943a_tt4b_woocommerce_670666209cf1f","event_time":1735866290,"user":{"ip":"195.201.199.99","user_agent":"Mozilla\/5.0 (compatible; MJ12bot\/v1.4.8; http:\/\/mj12bot.com\/)","locale":"ar","external_id":"0","email":"e3b0c44298fc1c149afbf4c8996fb92427ae41e4649b934ca495991b7852b855","phone_number":"e3b0c44298fc1c149afbf4c8996fb92427ae41e4649b934ca495991b7852b855","first_name":"e3b0c44298fc1c149afbf4c8996fb92427ae41e4649b934ca495991b7852b855","last_name":"e3b0c44298fc1c149afbf4c8996fb92427ae41e4649b934ca495991b7852b855","zip_code":"e3b0c44298fc1c149afbf4c8996fb92427ae41e4649b934ca495991b7852b855"},"page":{"url":"http:\/\/ibn-sinaa.com\/en\/product-category\/%D8%B7%D8%A8%D8%A7%D8%B9%D8%A9-%D8%AF%D9%8A%D8%AC%D8%AA%D8%A7%D9%84\/%D9%81%D9%88%D9%84%D8%AF%D8%B1%D8%A7%D8%AA\/?add-to-cart=3545"}}]}
 ajax: no
2025-01-03T01:04:50+00:00 DEBUG Tt4b_Mapi_Class::mapi_post: Response: 

HTTP/1.1 200 OK
Server: nginx
Content-Type: application/json
Content-Length: 92
X-Tt-Logid: 2025010301045080E711464ADD6360E321
x-tt-trace-host: 018e5a586174a888928d793bdac74b79b519a86797e72c2eba011e03e23beee17d332c572499d07e2904ac6c997715278efdab464c0e419e5b255ff73a599ea04c2b0a38e27b3a9cccb54ace53a4b95c1717213efdc9774abe90303829bf7723bdedf5f3ac5352a7de8a1bc391ff9c392f
x-tt-trace-id: 00-25010301045080E711464ADD6360E321-7F610D5715F422CA-00
X-Origin-Response-Time: 39,23.207.199.37
X-Akamai-Request-ID: 137c4682.10d4cf7d
Expires: Fri, 03 Jan 2025 01:04:50 GMT
Cache-Control: max-age=0, no-cache, no-store
Pragma: no-cache
Date: Fri, 03 Jan 2025 01:04:50 GMT
X-Cache: TCP_MISS from a95-101-134-116.deploy.akamaitechnologies.com (AkamaiGHost/11.7.2.1-9611f29bef89eba7b18045b10aa2af98) (-)
Connection: close
X-Cache-Remote: TCP_MISS from a23-207-199-37.deploy.akamaitechnologies.com (AkamaiGHost/11.7.2.1-9611f29bef89eba7b18045b10aa2af98) (-)
x-tt-trace-tag: id=16;cdn-cache=miss;type=dyn
Server-Timing: cdn-cache; desc=MISS, edge; dur=83, origin; dur=39
Server-Timing: inner; dur=31
X-Parent-Response-Time: 122,95.101.134.116

{"code": 0, "message": "OK", "request_id": "2025010301045080E711464ADD6360E321", "data": {}}
2025-01-03T01:04:54+00:00 DEBUG Tt4b_Pixel_Class::inject_add_to_cart_event: hit AddToCart
2025-01-03T01:04:54+00:00 DEBUG POST: https://business-api.tiktok.com/open_api/v1.3/event/track/

{"partner_name":"WooCommerce","event_source":"web","event_source_id":"CSM79Q3C77UAG1T340I0","data":[{"event":"AddToCart","event_id":"677737b6c42f3_tt4b_woocommerce_670666209cf1f_4354","event_time":1735866294,"user":{"ip":"195.201.199.99","user_agent":"Mozilla\/5.0 (compatible; MJ12bot\/v1.4.8; http:\/\/mj12bot.com\/)","locale":"ar","external_id":"0","email":"e3b0c44298fc1c149afbf4c8996fb92427ae41e4649b934ca495991b7852b855","phone_number":"e3b0c44298fc1c149afbf4c8996fb92427ae41e4649b934ca495991b7852b855","first_name":"e3b0c44298fc1c149afbf4c8996fb92427ae41e4649b934ca495991b7852b855","last_name":"e3b0c44298fc1c149afbf4c8996fb92427ae41e4649b934ca495991b7852b855","zip_code":"e3b0c44298fc1c149afbf4c8996fb92427ae41e4649b934ca495991b7852b855"},"properties":{"contents":[{"price":690,"quantity":1,"content_id":"4354","content_name":"\u0628\u0648\u0628 \u0627\u0628 \u062d\u0627\u0645\u0644 \u062e\u0644\u0641\u064a\u0629","description":"\u0628\u0648\u0628 \u0627\u0628 \u062d\u0627\u0645\u0644 \u062e\u0644\u0641\u064a\u0629 - \u0639\u0631\u0636 \u0627\u062d\u062a\u0631\u0627\u0641\u064a \u0648\u062c\u0630\u0627\u0628\r\n\r\n\u0627\u062d\u0635\u0644 \u0639\u0644\u0649 \u0628\u0648\u0628 \u0627\u0628 \u062d\u0627\u0645\u0644 \u062e\u0644\u0641\u064a\u0629 \u0645\u0646 \u0645\u062a\u062c\u0631 \u0627\u0628\u0646 \u0633\u064a\u0646\u0627 \u0627\u0644\u0625\u0644\u0643\u062a\u0631\u0648\u0646\u064a. \u064a\u062a\u0645\u064a\u0632 \u0628\u062a\u0635\u0645\u064a\u0645 \u0627\u062d\u062a\u0631\u0627\u0641\u064a \u0648\u062c\u0648\u062f\u0629 \u0639\u0627\u0644\u064a\u0629\u060c \u0645\u062b\u0627\u0644\u064a \u0644\u0644\u0645\u0639\u0627\u0631\u0636 \u0648\u0627\u0644\u0641\u0639\u0627\u0644\u064a\u0627\u062a \u0627\u0644\u062a\u0631\u0648\u064a\u062c\u064a\u0629. \u064a\u0648\u0641\u0631 \u0645\u0633\u0627\u062d\u0629 \u0639\u0631\u0636 \u0648\u0627\u0633\u0639\u0629 \u0644\u0639\u0631\u0636 \u0645\u0646\u062a\u062c\u0627\u062a\u0643 \u0623\u0648 \u0645\u0648\u0627\u062f\u0643 \u0627\u0644\u0625\u0639\u0644\u0627\u0646\u064a\u0629 \u0628\u0634\u0643\u0644 \u0645\u0646\u0638\u0645 \u0648\u062c\u0630\u0627\u0628.","availability":"IN_STOCK","sale_price":690,"on_sale":false}],"content_type":"product","currency":"SAR","value":690,"event_trigger_source":"WooCommerce"},"page":{"url":"http:\/\/ibn-sinaa.com\/en\/product\/%D8%A7%D8%B3%D8%AA%D8%A7%D9%86%D8%AF-%D9%85%D9%86%D8%AD%D9%86%D9%8A\/?add-to-cart=4354"}}]}
 ajax: no
2025-01-03T01:04:54+00:00 DEBUG Tt4b_Mapi_Class::mapi_post: Response: 

HTTP/1.1 200 OK
Server: nginx
Content-Type: application/json
Content-Length: 92
X-Tt-Logid: 20250103010454C4D81F8D070579644E15
Server-Timing: inner; dur=36
x-tt-trace-host: 018e5a586174a888928d793bdac74b79b51a437ee89a1c03eb2011d034a2e3e9f54f4d80c6ec364cd4ed42d3134aa5df3932c497b14619ecabf802e258bac2f5ed1a2e84c460cb38eaeb16378dda8e730c4607a96e6880fcf09eec42699824f92f
x-tt-trace-id: 00-250103010454C4D81F8D070579644E15-66D66DEC88388AB7-00
Expires: Fri, 03 Jan 2025 01:04:54 GMT
Cache-Control: max-age=0, no-cache, no-store
Pragma: no-cache
Date: Fri, 03 Jan 2025 01:04:54 GMT
X-Cache: TCP_MISS from a95-101-134-92.deploy.akamaitechnologies.com (AkamaiGHost/11.7.2.1-9611f29bef89eba7b18045b10aa2af98) (-)
Connection: close
x-tt-trace-tag: id=16;cdn-cache=miss;type=dyn
Server-Timing: cdn-cache; desc=MISS, edge; dur=0, origin; dur=116
X-Origin-Response-Time: 116,95.101.134.92
X-Akamai-Request-ID: 12adcb39

{"code": 0, "message": "OK", "request_id": "20250103010454C4D81F8D070579644E15", "data": {}}
2025-01-03T01:04:55+00:00 DEBUG POST: https://business-api.tiktok.com/open_api/v1.3/event/track/

{"partner_name":"WooCommerce","event_source":"web","event_source_id":"CSM79Q3C77UAG1T340I0","data":[{"event":"Pageview","event_id":"677737b716ddd_tt4b_woocommerce_670666209cf1f","event_time":1735866295,"user":{"ip":"195.201.199.99","user_agent":"Mozilla\/5.0 (compatible; MJ12bot\/v1.4.8; http:\/\/mj12bot.com\/)","locale":"ar","external_id":"0","email":"e3b0c44298fc1c149afbf4c8996fb92427ae41e4649b934ca495991b7852b855","phone_number":"e3b0c44298fc1c149afbf4c8996fb92427ae41e4649b934ca495991b7852b855","first_name":"e3b0c44298fc1c149afbf4c8996fb92427ae41e4649b934ca495991b7852b855","last_name":"e3b0c44298fc1c149afbf4c8996fb92427ae41e4649b934ca495991b7852b855","zip_code":"e3b0c44298fc1c149afbf4c8996fb92427ae41e4649b934ca495991b7852b855"},"page":{"url":"http:\/\/ibn-sinaa.com\/en\/product\/%D8%A7%D8%B3%D8%AA%D8%A7%D9%86%D8%AF-%D9%85%D9%86%D8%AD%D9%86%D9%8A\/?add-to-cart=4354"}}]}
 ajax: no
2025-01-03T01:04:55+00:00 DEBUG Tt4b_Mapi_Class::mapi_post: Response: 

HTTP/1.1 200 OK
Server: nginx
Content-Type: application/json
Content-Length: 92
X-Tt-Logid: 202501030104550C1CD9E2497E51BC49CA
x-tt-trace-host: 018e5a586174a888928d793bdac74b79b519a86797e72c2eba011e03e23beee17d004ea8baff7edfa5c776e29e5d137b0770c725c5c489299b78e8a8c1ed64bd90cd4982ea79fbac6524719e03f99fe0c340fe9d29838cfc699f411e40b0128a302f4ba1f673b4c545cb5d2a000a1b8328
x-tt-trace-id: 00-2501030104550C1CD9E2497E51BC49CA-3120D53C582689C5-00
X-Origin-Response-Time: 35,23.218.219.13
X-Akamai-Request-ID: 289b1c91.10d4e950
Expires: Fri, 03 Jan 2025 01:04:55 GMT
Cache-Control: max-age=0, no-cache, no-store
Pragma: no-cache
Date: Fri, 03 Jan 2025 01:04:55 GMT
X-Cache: TCP_MISS from a95-101-134-116.deploy.akamaitechnologies.com (AkamaiGHost/11.7.2.1-9611f29bef89eba7b18045b10aa2af98) (-)
Connection: close
X-Cache-Remote: TCP_MISS from a23-218-219-13.deploy.akamaitechnologies.com (AkamaiGHost/11.7.2.1-9611f29bef89eba7b18045b10aa2af98) (-)
x-tt-trace-tag: id=16;cdn-cache=miss;type=dyn
Server-Timing: cdn-cache; desc=MISS, edge; dur=86, origin; dur=35
Server-Timing: inner; dur=26
X-Parent-Response-Time: 120,95.101.134.116

{"code": 0, "message": "OK", "request_id": "202501030104550C1CD9E2497E51BC49CA", "data": {}}
2025-01-03T01:04:59+00:00 DEBUG Tt4b_Pixel_Class::inject_add_to_cart_event: hit AddToCart
2025-01-03T01:04:59+00:00 DEBUG POST: https://business-api.tiktok.com/open_api/v1.3/event/track/

{"partner_name":"WooCommerce","event_source":"web","event_source_id":"CSM79Q3C77UAG1T340I0","data":[{"event":"AddToCart","event_id":"677737bb22e69_tt4b_woocommerce_670666209cf1f_SKU_197","event_time":1735866299,"user":{"ip":"195.201.199.99","user_agent":"Mozilla\/5.0 (compatible; MJ12bot\/v1.4.8; http:\/\/mj12bot.com\/)","locale":"ar","external_id":"0","email":"e3b0c44298fc1c149afbf4c8996fb92427ae41e4649b934ca495991b7852b855","phone_number":"e3b0c44298fc1c149afbf4c8996fb92427ae41e4649b934ca495991b7852b855","first_name":"e3b0c44298fc1c149afbf4c8996fb92427ae41e4649b934ca495991b7852b855","last_name":"e3b0c44298fc1c149afbf4c8996fb92427ae41e4649b934ca495991b7852b855","zip_code":"e3b0c44298fc1c149afbf4c8996fb92427ae41e4649b934ca495991b7852b855"},"properties":{"contents":[{"price":0,"quantity":1,"content_id":"SKU_197","content_name":"\u0637\u0628\u0627\u0639\u0629 \u0628\u0631\u0634\u0648\u0631 \u0641\u0644\u0627\u064a\u0631 A5","description":"\u0641\u0644\u0627\u064a\u0631 \u0645\u0642\u0627\u0633 A5 \u0637\u0628\u0627\u0639\u0629 \u0631\u0642\u0645\u064a\u0629 \u0639\u0644\u0649 \u0648\u0631\u0642 \u0643\u0648\u0634\u064a\u0647.\r\n\u0645\u062f\u0629 \u0627\u0644\u062a\u0646\u0641\u064a\u0630 \u0627\u0644\u0645\u062a\u0648\u0642\u0639\u0629: 1 \u2013 3 \u0623\u064a\u0627\u0645 \u0639\u0645\u0644 \u0628\u0639\u062f \u062a\u0623\u0643\u064a\u062f \u0627\u0644\u0637\u0644\u0628 \u0648\u0627\u0644\u062a\u0635\u0645\u064a\u0645 \u0648\u062d\u0633\u0628 \u0627\u0644\u0643\u0645\u064a\u0629 (\u062a\u0632\u064a\u062f \u0627\u0644\u0645\u062f\u0629 \u0639\u0646\u062f \u0637\u0644\u0628 \u0627\u0644\u0634\u062d\u0646).","availability":"IN_STOCK","sale_price":0,"on_sale":false}],"content_type":"product","currency":"SAR","value":0,"event_trigger_source":"WooCommerce"},"page":{"url":"http:\/\/ibn-sinaa.com\/en\/product\/%D8%A8%D8%B1%D8%B4%D9%88%D8%B1-%D9%81%D9%84%D8%A7%D9%8A%D8%B1-a3\/?add-to-cart=197"}}]}
 ajax: no
2025-01-03T01:04:59+00:00 DEBUG Tt4b_Mapi_Class::mapi_post: Response: 

HTTP/1.1 200 OK
Server: nginx
Content-Type: application/json
Content-Length: 92
X-Tt-Logid: 2025010301045932B8A56E5B5AC138CF2A
x-tt-trace-host: 018e5a586174a888928d793bdac74b79b56517d7628cf0ffdff56b078ad2cf561567a8cf58d43a37e5b7c5f1813464dccec53eabc7f6c4e0d79936aa2b3a1406c409f02dec699beda5068572f1582cb1ca60f49f90d28563e3f67e61a1b3c2a40f9aa88eb7a3c1416bcb3af7b7a0662d09
x-tt-trace-id: 00-25010301045932B8A56E5B5AC138CF2A-1A76F6EE4378E8E0-00
X-Origin-Response-Time: 34,23.207.199.19
X-Akamai-Request-ID: 2becf13a.12adf672
Expires: Fri, 03 Jan 2025 01:04:59 GMT
Cache-Control: max-age=0, no-cache, no-store
Pragma: no-cache
Date: Fri, 03 Jan 2025 01:04:59 GMT
X-Cache: TCP_MISS from a95-101-134-92.deploy.akamaitechnologies.com (AkamaiGHost/11.7.2.1-9611f29bef89eba7b18045b10aa2af98) (-)
Connection: close
X-Cache-Remote: TCP_MISS from a23-207-199-19.deploy.akamaitechnologies.com (AkamaiGHost/11.7.2.1-9611f29bef89eba7b18045b10aa2af98) (-)
x-tt-trace-tag: id=16;cdn-cache=miss;type=dyn
Server-Timing: cdn-cache; desc=MISS, edge; dur=81, origin; dur=34
Server-Timing: inner; dur=30
X-Parent-Response-Time: 115,95.101.134.92

{"code": 0, "message": "OK", "request_id": "2025010301045932B8A56E5B5AC138CF2A", "data": {}}
2025-01-03T01:04:59+00:00 DEBUG POST: https://business-api.tiktok.com/open_api/v1.3/event/track/

{"partner_name":"WooCommerce","event_source":"web","event_source_id":"CSM79Q3C77UAG1T340I0","data":[{"event":"Pageview","event_id":"677737bb6be44_tt4b_woocommerce_670666209cf1f","event_time":1735866299,"user":{"ip":"195.201.199.99","user_agent":"Mozilla\/5.0 (compatible; MJ12bot\/v1.4.8; http:\/\/mj12bot.com\/)","locale":"ar","external_id":"0","email":"e3b0c44298fc1c149afbf4c8996fb92427ae41e4649b934ca495991b7852b855","phone_number":"e3b0c44298fc1c149afbf4c8996fb92427ae41e4649b934ca495991b7852b855","first_name":"e3b0c44298fc1c149afbf4c8996fb92427ae41e4649b934ca495991b7852b855","last_name":"e3b0c44298fc1c149afbf4c8996fb92427ae41e4649b934ca495991b7852b855","zip_code":"e3b0c44298fc1c149afbf4c8996fb92427ae41e4649b934ca495991b7852b855"},"page":{"url":"http:\/\/ibn-sinaa.com\/en\/product\/%D8%A8%D8%B1%D8%B4%D9%88%D8%B1-%D9%81%D9%84%D8%A7%D9%8A%D8%B1-a3\/?add-to-cart=197"}}]}
 ajax: no
2025-01-03T01:05:01+00:00 DEBUG Tt4b_Mapi_Class::mapi_post: Response: 

HTTP/1.1 200 OK
Server: nginx
Content-Type: application/json
Content-Length: 92
X-Tt-Logid: 202501030104595D4C2B6073E5D73DE35A
x-tt-trace-host: 018e5a586174a888928d793bdac74b79b519a86797e72c2eba011e03e23beee17d25e3d11ba9d3b2dd1f6748d97d6a8466af7fc57f10d47b4569fc31df6bd2b2f18a1860137ed6d99e264938a0e743b142209e6d741108a81eaadf1f68a01bb4dccb793e858f4407936909acadb47abc9d
x-tt-trace-id: 00-2501030104595D4C2B6073E5D73DE35A-6DD4653D63F00C56-00
X-Origin-Response-Time: 1167,23.207.199.39
X-Akamai-Request-ID: 1f443ed7.10d501c4
Expires: Fri, 03 Jan 2025 01:05:00 GMT
Cache-Control: max-age=0, no-cache, no-store
Pragma: no-cache
Date: Fri, 03 Jan 2025 01:05:00 GMT
X-Cache: TCP_MISS from a95-101-134-116.deploy.akamaitechnologies.com (AkamaiGHost/11.7.2.1-9611f29bef89eba7b18045b10aa2af98) (-)
Connection: close
X-Cache-Remote: TCP_MISS from a23-207-199-39.deploy.akamaitechnologies.com (AkamaiGHost/11.7.2.1-9611f29bef89eba7b18045b10aa2af98) (-)
x-tt-trace-tag: id=16;cdn-cache=miss;type=dyn
Server-Timing: cdn-cache; desc=MISS, edge; dur=81, origin; dur=1167
Server-Timing: inner; dur=1162
X-Parent-Response-Time: 1248,95.101.134.116

{"code": 0, "message": "OK", "request_id": "202501030104595D4C2B6073E5D73DE35A", "data": {}}
2025-01-03T01:05:05+00:00 DEBUG Tt4b_Pixel_Class::inject_add_to_cart_event: hit AddToCart
2025-01-03T01:05:05+00:00 DEBUG POST: https://business-api.tiktok.com/open_api/v1.3/event/track/

{"partner_name":"WooCommerce","event_source":"web","event_source_id":"CSM79Q3C77UAG1T340I0","data":[{"event":"AddToCart","event_id":"677737c1bc0a5_tt4b_woocommerce_670666209cf1f_SKU_200","event_time":1735866305,"user":{"ip":"195.201.199.99","user_agent":"Mozilla\/5.0 (compatible; MJ12bot\/v1.4.8; http:\/\/mj12bot.com\/)","locale":"ar","external_id":"0","email":"e3b0c44298fc1c149afbf4c8996fb92427ae41e4649b934ca495991b7852b855","phone_number":"e3b0c44298fc1c149afbf4c8996fb92427ae41e4649b934ca495991b7852b855","first_name":"e3b0c44298fc1c149afbf4c8996fb92427ae41e4649b934ca495991b7852b855","last_name":"e3b0c44298fc1c149afbf4c8996fb92427ae41e4649b934ca495991b7852b855","zip_code":"e3b0c44298fc1c149afbf4c8996fb92427ae41e4649b934ca495991b7852b855"},"properties":{"contents":[{"price":0,"quantity":1,"content_id":"SKU_200","content_name":"\u0637\u0628\u0627\u0639\u0629 \u0628\u0631\u0634\u0648\u0631 \u0645\u0637\u0648\u064a\u0629 A3","description":"\u0628\u0631\u0648\u0634\u0648\u0631 \u0645\u0637\u0648\u064a \u062d\u0633\u0628 \u062a\u0635\u0645\u064a\u0645 \u0627\u0644\u0639\u0645\u064a\u0644 \u0648\u0631\u0642 \u0643\u0648\u0634\u064a\u0647 \u0645\u0637\u0641\u064a 150 \u062c\u0631\u0627\u0645\r\n\u0645\u062f\u0629 \u0627\u0644\u062a\u0646\u0641\u064a\u0630 \u0627\u0644\u0645\u062a\u0648\u0642\u0639\u0629: 1 \u2013 3 \u0623\u064a\u0627\u0645 \u0639\u0645\u0644 \u0628\u0639\u062f \u062a\u0623\u0643\u064a\u062f \u0627\u0644\u0637\u0644\u0628 \u0648\u0627\u0644\u062a\u0635\u0645\u064a\u0645 \u0648\u062d\u0633\u0628 \u0627\u0644\u0643\u0645\u064a\u0629 (\u062a\u0632\u064a\u062f \u0627\u0644\u0645\u062f\u0629 \u0639\u0646\u062f \u0637\u0644\u0628 \u0627\u0644\u0634\u062d\u0646).","availability":"IN_STOCK","sale_price":0,"on_sale":false}],"content_type":"product","currency":"SAR","value":0,"event_trigger_source":"WooCommerce"},"page":{"url":"http:\/\/ibn-sinaa.com\/en\/product\/%D8%A8%D8%B1%D8%B4%D9%88%D8%B1-%D9%81%D9%84%D8%A7%D9%8A%D8%B1-a3\/?add-to-cart=200"}}]}
 ajax: no
2025-01-03T01:05:05+00:00 DEBUG Tt4b_Mapi_Class::mapi_post: Response: 

HTTP/1.1 200 OK
Server: nginx
Content-Type: application/json
Content-Length: 92
X-Tt-Logid: 20250103010505E3FD352C12428FAA6963
x-tt-trace-host: 018e5a586174a888928d793bdac74b79b56517d7628cf0ffdff56b078ad2cf561593c5ff6da2c07f50c138308ac1ce2f8fec62b6557367dda07192344fbccf57e9e099152291446aa82f3fc7796b685e312f8791872c0cdbbe1d999a06bcdf1012005c9e03922aab2e3da8e36fd295bdf2
x-tt-trace-id: 00-250103010505E3FD352C12428FAA6963-5986CB1D4D632DA7-00
X-Origin-Response-Time: 42,23.207.199.9
X-Akamai-Request-ID: b398d89.12ae3c0c
Expires: Fri, 03 Jan 2025 01:05:05 GMT
Cache-Control: max-age=0, no-cache, no-store
Pragma: no-cache
Date: Fri, 03 Jan 2025 01:05:05 GMT
X-Cache: TCP_MISS from a95-101-134-92.deploy.akamaitechnologies.com (AkamaiGHost/11.7.2.1-9611f29bef89eba7b18045b10aa2af98) (-)
Connection: close
X-Cache-Remote: TCP_MISS from a23-207-199-9.deploy.akamaitechnologies.com (AkamaiGHost/11.7.2.1-9611f29bef89eba7b18045b10aa2af98) (-)
x-tt-trace-tag: id=16;cdn-cache=miss;type=dyn
Server-Timing: cdn-cache; desc=MISS, edge; dur=86, origin; dur=42
Server-Timing: inner; dur=38
X-Parent-Response-Time: 127,95.101.134.92

{"code": 0, "message": "OK", "request_id": "20250103010505E3FD352C12428FAA6963", "data": {}}
2025-01-03T01:05:06+00:00 DEBUG POST: https://business-api.tiktok.com/open_api/v1.3/event/track/

{"partner_name":"WooCommerce","event_source":"web","event_source_id":"CSM79Q3C77UAG1T340I0","data":[{"event":"Pageview","event_id":"677737c21ba39_tt4b_woocommerce_670666209cf1f","event_time":1735866306,"user":{"ip":"195.201.199.99","user_agent":"Mozilla\/5.0 (compatible; MJ12bot\/v1.4.8; http:\/\/mj12bot.com\/)","locale":"ar","external_id":"0","email":"e3b0c44298fc1c149afbf4c8996fb92427ae41e4649b934ca495991b7852b855","phone_number":"e3b0c44298fc1c149afbf4c8996fb92427ae41e4649b934ca495991b7852b855","first_name":"e3b0c44298fc1c149afbf4c8996fb92427ae41e4649b934ca495991b7852b855","last_name":"e3b0c44298fc1c149afbf4c8996fb92427ae41e4649b934ca495991b7852b855","zip_code":"e3b0c44298fc1c149afbf4c8996fb92427ae41e4649b934ca495991b7852b855"},"page":{"url":"http:\/\/ibn-sinaa.com\/en\/product\/%D8%A8%D8%B1%D8%B4%D9%88%D8%B1-%D9%81%D9%84%D8%A7%D9%8A%D8%B1-a3\/?add-to-cart=200"}}]}
 ajax: no
2025-01-03T01:05:06+00:00 DEBUG Tt4b_Mapi_Class::mapi_post: Response: 

HTTP/1.1 200 OK
Server: nginx
Content-Type: application/json
Content-Length: 92
X-Tt-Logid: 20250103010506FD66F3120B0643BFFB85
Server-Timing: inner; dur=25
x-tt-trace-host: 018e5a586174a888928d793bdac74b79b51a437ee89a1c03eb2011d034a2e3e9f5f5632ae0b32bf73d7ff06ec77dab0d38fff879feeb03b9eb8e6fc98369003bbdfb68aeb0c3b4af975f4940f9c861c719f55dceefbd54d33390608ae63c74f114
x-tt-trace-id: 00-250103010506FD66F3120B0643BFFB85-6E7FED6212C2E42D-00
Expires: Fri, 03 Jan 2025 01:05:06 GMT
Cache-Control: max-age=0, no-cache, no-store
Pragma: no-cache
Date: Fri, 03 Jan 2025 01:05:06 GMT
X-Cache: TCP_MISS from a95-101-134-92.deploy.akamaitechnologies.com (AkamaiGHost/11.7.2.1-9611f29bef89eba7b18045b10aa2af98) (-)
Connection: close
x-tt-trace-tag: id=16;cdn-cache=miss;type=dyn
Server-Timing: cdn-cache; desc=MISS, edge; dur=1, origin; dur=108
X-Origin-Response-Time: 109,95.101.134.92
X-Akamai-Request-ID: 12ae3f6b

{"code": 0, "message": "OK", "request_id": "20250103010506FD66F3120B0643BFFB85", "data": {}}
2025-01-03T01:05:10+00:00 DEBUG Tt4b_Pixel_Class::inject_add_to_cart_event: hit AddToCart
2025-01-03T01:05:10+00:00 DEBUG POST: https://business-api.tiktok.com/open_api/v1.3/event/track/

{"partner_name":"WooCommerce","event_source":"web","event_source_id":"CSM79Q3C77UAG1T340I0","data":[{"event":"AddToCart","event_id":"677737c63189c_tt4b_woocommerce_670666209cf1f_2499","event_time":1735866310,"user":{"ip":"195.201.199.99","user_agent":"Mozilla\/5.0 (compatible; MJ12bot\/v1.4.8; http:\/\/mj12bot.com\/)","locale":"ar","external_id":"0","email":"e3b0c44298fc1c149afbf4c8996fb92427ae41e4649b934ca495991b7852b855","phone_number":"e3b0c44298fc1c149afbf4c8996fb92427ae41e4649b934ca495991b7852b855","first_name":"e3b0c44298fc1c149afbf4c8996fb92427ae41e4649b934ca495991b7852b855","last_name":"e3b0c44298fc1c149afbf4c8996fb92427ae41e4649b934ca495991b7852b855","zip_code":"e3b0c44298fc1c149afbf4c8996fb92427ae41e4649b934ca495991b7852b855"},"properties":{"contents":[{"price":70,"quantity":1,"content_id":"2499","content_name":"\u0637\u0628\u0627\u0639\u0647 \u0628\u0646\u0631","description":"<ul>\r\n \t<li>\u00a0\u0637\u0628\u0627\u0639\u0629 \u0627\u0644\u0628\u0646\u0631\u0627\u062a \u0628\u062f\u0642\u0629 \u0639\u0627\u0644\u064a\u0629 \u0648 \u0627\u0641\u0636\u0644 \u062c\u0648\u062f\u0629.<\/li>\r\n \t<li>\u0627\u0642\u0635\u0649 \u0639\u0631\u0636 \u0644\u0644\u0628\u0646\u0631 1.5 \u0645\u062a\u0631.<\/li>\r\n \t<li>\u0645\u062f\u0629 \u0627\u0644\u062a\u0646\u0641\u064a\u0630: \u0645\u0646 1 \u0625\u0644\u0649 2 \u0623\u064a\u0627\u0645 \u0639\u0645\u0644 \u0628\u0639\u062f \u0627\u0639\u062a\u0645\u0627\u062f \u0627\u0644\u062a\u0635\u0645\u064a\u0645 \u0648\u0627\u0644\u0637\u0644\u0628 \u062d\u0633\u0628 \u0627\u0644\u0643\u0645\u064a\u0629.<\/li>\r\n<\/ul>","availability":"IN_STOCK","sale_price":70,"on_sale":false}],"content_type":"product","currency":"SAR","value":70,"event_trigger_source":"WooCommerce"},"page":{"url":"http:\/\/ibn-sinaa.com\/en\/product\/%D8%A8%D8%B1%D8%B4%D9%88%D8%B1-%D9%81%D9%84%D8%A7%D9%8A%D8%B1-a3\/?add-to-cart=2499"}}]}
 ajax: no
2025-01-03T01:05:10+00:00 DEBUG Tt4b_Mapi_Class::mapi_post: Response: 

HTTP/1.1 200 OK
Server: nginx
Content-Type: application/json
Content-Length: 92
X-Tt-Logid: 20250103010510AE8F3E42B09E843CAE67
x-tt-trace-host: 018e5a586174a888928d793bdac74b79b519a86797e72c2eba011e03e23beee17d002bd321aa022b9bd15710cf35d72afa1e6bb4cc9db1a85ebb7c59acc91a80df24b9c2547fe2c1b16b1d9d4074a10fed962d7e159d777534c5aa714815e899fc6c935750ace702f15ddb2cb7c88e4675
x-tt-trace-id: 00-250103010510AE8F3E42B09E843CAE67-74F61D358836A4F2-00
X-Origin-Response-Time: 45,23.207.199.6
X-Akamai-Request-ID: 312c385b.10d541f3
Expires: Fri, 03 Jan 2025 01:05:10 GMT
Cache-Control: max-age=0, no-cache, no-store
Pragma: no-cache
Date: Fri, 03 Jan 2025 01:05:10 GMT
X-Cache: TCP_MISS from a95-101-134-116.deploy.akamaitechnologies.com (AkamaiGHost/11.7.2.1-9611f29bef89eba7b18045b10aa2af98) (-)
Connection: close
X-Cache-Remote: TCP_MISS from a23-207-199-6.deploy.akamaitechnologies.com (AkamaiGHost/11.7.2.1-9611f29bef89eba7b18045b10aa2af98) (-)
x-tt-trace-tag: id=16;cdn-cache=miss;type=dyn
Server-Timing: cdn-cache; desc=MISS, edge; dur=82, origin; dur=45
Server-Timing: inner; dur=42
X-Parent-Response-Time: 126,95.101.134.116

{"code": 0, "message": "OK", "request_id": "20250103010510AE8F3E42B09E843CAE67", "data": {}}
2025-01-03T01:05:10+00:00 DEBUG POST: https://business-api.tiktok.com/open_api/v1.3/event/track/

{"partner_name":"WooCommerce","event_source":"web","event_source_id":"CSM79Q3C77UAG1T340I0","data":[{"event":"Pageview","event_id":"677737c67aa63_tt4b_woocommerce_670666209cf1f","event_time":1735866310,"user":{"ip":"195.201.199.99","user_agent":"Mozilla\/5.0 (compatible; MJ12bot\/v1.4.8; http:\/\/mj12bot.com\/)","locale":"ar","external_id":"0","email":"e3b0c44298fc1c149afbf4c8996fb92427ae41e4649b934ca495991b7852b855","phone_number":"e3b0c44298fc1c149afbf4c8996fb92427ae41e4649b934ca495991b7852b855","first_name":"e3b0c44298fc1c149afbf4c8996fb92427ae41e4649b934ca495991b7852b855","last_name":"e3b0c44298fc1c149afbf4c8996fb92427ae41e4649b934ca495991b7852b855","zip_code":"e3b0c44298fc1c149afbf4c8996fb92427ae41e4649b934ca495991b7852b855"},"page":{"url":"http:\/\/ibn-sinaa.com\/en\/product\/%D8%A8%D8%B1%D8%B4%D9%88%D8%B1-%D9%81%D9%84%D8%A7%D9%8A%D8%B1-a3\/?add-to-cart=2499"}}]}
 ajax: no
2025-01-03T01:05:10+00:00 DEBUG Tt4b_Mapi_Class::mapi_post: Response: 

HTTP/1.1 200 OK
Server: nginx
Content-Type: application/json
Content-Length: 92
X-Tt-Logid: 20250103010510FBCB88EBA2240D475960
x-tt-trace-host: 018e5a586174a888928d793bdac74b79b56517d7628cf0ffdff56b078ad2cf5615d26ce9912522b8c32b751012521a1cbceeed568e67c0eeb1db540139925fa843a2d7fd1312ac5608e0f945368e7a75dd7e9df15ef9ea922201f03fc150ce72ef0d435102de68554143101bf324fcb7d0
x-tt-trace-id: 00-250103010510FBCB88EBA2240D475960-22462AC78FA10036-00
X-Origin-Response-Time: 34,23.55.100.238
X-Akamai-Request-ID: ff41c7e1.12ae6b81
Expires: Fri, 03 Jan 2025 01:05:10 GMT
Cache-Control: max-age=0, no-cache, no-store
Pragma: no-cache
Date: Fri, 03 Jan 2025 01:05:10 GMT
X-Cache: TCP_MISS from a95-101-134-92.deploy.akamaitechnologies.com (AkamaiGHost/11.7.2.1-9611f29bef89eba7b18045b10aa2af98) (-)
Connection: close
X-Cache-Remote: TCP_MISS from a23-55-100-238.deploy.akamaitechnologies.com (AkamaiGHost/11.7.2.1-9611f29bef89eba7b18045b10aa2af98) (-)
x-tt-trace-tag: id=16;cdn-cache=miss;type=dyn
Server-Timing: cdn-cache; desc=MISS, edge; dur=81, origin; dur=34
Server-Timing: inner; dur=29
X-Parent-Response-Time: 113,95.101.134.92

{"code": 0, "message": "OK", "request_id": "20250103010510FBCB88EBA2240D475960", "data": {}}
2025-01-03T01:05:14+00:00 DEBUG Tt4b_Pixel_Class::inject_add_to_cart_event: hit AddToCart
2025-01-03T01:05:14+00:00 DEBUG POST: https://business-api.tiktok.com/open_api/v1.3/event/track/

{"partner_name":"WooCommerce","event_source":"web","event_source_id":"CSM79Q3C77UAG1T340I0","data":[{"event":"AddToCart","event_id":"677737caa258c_tt4b_woocommerce_670666209cf1f_SKU_40","event_time":1735866314,"user":{"ip":"195.201.199.99","user_agent":"Mozilla\/5.0 (compatible; MJ12bot\/v1.4.8; http:\/\/mj12bot.com\/)","locale":"ar","external_id":"0","email":"e3b0c44298fc1c149afbf4c8996fb92427ae41e4649b934ca495991b7852b855","phone_number":"e3b0c44298fc1c149afbf4c8996fb92427ae41e4649b934ca495991b7852b855","first_name":"e3b0c44298fc1c149afbf4c8996fb92427ae41e4649b934ca495991b7852b855","last_name":"e3b0c44298fc1c149afbf4c8996fb92427ae41e4649b934ca495991b7852b855","zip_code":"e3b0c44298fc1c149afbf4c8996fb92427ae41e4649b934ca495991b7852b855"},"properties":{"contents":[{"price":0,"quantity":1,"content_id":"SKU_40","content_name":"\u0637\u0628\u0627\u0639\u0629 \u0628\u0631\u0634\u0648\u0631 \u0645\u0637\u0648\u064a\u0629 A5","description":"\u0628\u0631\u0648\u0634\u0648\u0631 \u0645\u0637\u0648\u064a \u062d\u0633\u0628 \u062a\u0635\u0645\u064a\u0645 \u0627\u0644\u0639\u0645\u064a\u0644 \u0648\u0631\u0642 \u0643\u0648\u0634\u064a\u0647 \u0645\u0637\u0641\u064a 150 \u062c\u0631\u0627\u0645.\r\n\u0645\u062f\u0629 \u0627\u0644\u062a\u0646\u0641\u064a\u0630 \u0627\u0644\u0645\u062a\u0648\u0642\u0639\u0629: 3 \u2013 5 \u0623\u064a\u0627\u0645 \u0639\u0645\u0644 \u0628\u0639\u062f \u062a\u0623\u0643\u064a\u062f \u0627\u0644\u0637\u0644\u0628 \u0648\u0627\u0644\u062a\u0635\u0645\u064a\u0645 \u0648\u062d\u0633\u0628 \u0627\u0644\u0643\u0645\u064a\u0629 (\u062a\u0632\u064a\u062f \u0627\u0644\u0645\u062f\u0629 \u0639\u0646\u062f \u0637\u0644\u0628 \u0627\u0644\u0634\u062d\u0646).","availability":"IN_STOCK","sale_price":0,"on_sale":false}],"content_type":"product","currency":"SAR","value":0,"event_trigger_source":"WooCommerce"},"page":{"url":"http:\/\/ibn-sinaa.com\/en\/product\/%D8%A8%D8%B1%D8%B4%D9%88%D8%B1-%D9%85%D8%B7%D9%88%D9%8A%D8%A9-a5\/?add-to-cart=40"}}]}
 ajax: no
2025-01-03T01:05:14+00:00 DEBUG Tt4b_Mapi_Class::mapi_post: Response: 

HTTP/1.1 200 OK
Server: nginx
Content-Type: application/json
Content-Length: 92
X-Tt-Logid: 20250103010514AE8F3E42B09E843CB08E
x-tt-trace-host: 018e5a586174a888928d793bdac74b79b519a86797e72c2eba011e03e23beee17d002bd321aa022b9bd15710cf35d72afa1e6bb4cc9db1a85ebb7c59acc91a80df23f4804a5953c54ed00d1871bc16029217575020fdf06d274bcca970ed20111ab804b0614830f1c81039c4f6a82d83e6
x-tt-trace-id: 00-250103010514AE8F3E42B09E843CB08E-6EB7F10A2BF817E7-00
X-Origin-Response-Time: 42,23.207.199.6
X-Akamai-Request-ID: 312ca806.10d55ce7
Expires: Fri, 03 Jan 2025 01:05:14 GMT
Cache-Control: max-age=0, no-cache, no-store
Pragma: no-cache
Date: Fri, 03 Jan 2025 01:05:14 GMT
X-Cache: TCP_MISS from a95-101-134-116.deploy.akamaitechnologies.com (AkamaiGHost/11.7.2.1-9611f29bef89eba7b18045b10aa2af98) (-)
Connection: close
X-Cache-Remote: TCP_MISS from a23-207-199-6.deploy.akamaitechnologies.com (AkamaiGHost/11.7.2.1-9611f29bef89eba7b18045b10aa2af98) (-)
x-tt-trace-tag: id=16;cdn-cache=miss;type=dyn
Server-Timing: cdn-cache; desc=MISS, edge; dur=85, origin; dur=42
Server-Timing: inner; dur=37
X-Parent-Response-Time: 127,95.101.134.116

{"code": 0, "message": "OK", "request_id": "20250103010514AE8F3E42B09E843CB08E", "data": {}}
2025-01-03T01:05:14+00:00 DEBUG POST: https://business-api.tiktok.com/open_api/v1.3/event/track/

{"partner_name":"WooCommerce","event_source":"web","event_source_id":"CSM79Q3C77UAG1T340I0","data":[{"event":"Pageview","event_id":"677737caee0dc_tt4b_woocommerce_670666209cf1f","event_time":1735866314,"user":{"ip":"195.201.199.99","user_agent":"Mozilla\/5.0 (compatible; MJ12bot\/v1.4.8; http:\/\/mj12bot.com\/)","locale":"ar","external_id":"0","email":"e3b0c44298fc1c149afbf4c8996fb92427ae41e4649b934ca495991b7852b855","phone_number":"e3b0c44298fc1c149afbf4c8996fb92427ae41e4649b934ca495991b7852b855","first_name":"e3b0c44298fc1c149afbf4c8996fb92427ae41e4649b934ca495991b7852b855","last_name":"e3b0c44298fc1c149afbf4c8996fb92427ae41e4649b934ca495991b7852b855","zip_code":"e3b0c44298fc1c149afbf4c8996fb92427ae41e4649b934ca495991b7852b855"},"page":{"url":"http:\/\/ibn-sinaa.com\/en\/product\/%D8%A8%D8%B1%D8%B4%D9%88%D8%B1-%D9%85%D8%B7%D9%88%D9%8A%D8%A9-a5\/?add-to-cart=40"}}]}
 ajax: no
2025-01-03T01:05:15+00:00 DEBUG Tt4b_Mapi_Class::mapi_post: Response: 

HTTP/1.1 200 OK
Server: nginx
Content-Type: application/json
Content-Length: 92
X-Tt-Logid: 202501030105151F946A2D145F14AF5B7F
x-tt-trace-host: 018e5a586174a888928d793bdac74b79b519a86797e72c2eba011e03e23beee17d212a8c6b2e840985a630dd8c0d63a60342782bba01f3fb9979bf6ee349e76c7e2937fc2b79e95288fc8dc0cc51293d202a7fa55bc9cbcf52353b1aebfd7e052c87f6bad8b0929b01c55e560dabd97a4e
x-tt-trace-id: 00-2501030105151F946A2D145F14AF5B7F-370F1A9B43079AA1-00
X-Origin-Response-Time: 30,23.55.100.238
X-Akamai-Request-ID: ff42a04d.10d55e74
Expires: Fri, 03 Jan 2025 01:05:15 GMT
Cache-Control: max-age=0, no-cache, no-store
Pragma: no-cache
Date: Fri, 03 Jan 2025 01:05:15 GMT
X-Cache: TCP_MISS from a95-101-134-116.deploy.akamaitechnologies.com (AkamaiGHost/11.7.2.1-9611f29bef89eba7b18045b10aa2af98) (-)
Connection: close
X-Cache-Remote: TCP_MISS from a23-55-100-238.deploy.akamaitechnologies.com (AkamaiGHost/11.7.2.1-9611f29bef89eba7b18045b10aa2af98) (-)
x-tt-trace-tag: id=16;cdn-cache=miss;type=dyn
Server-Timing: cdn-cache; desc=MISS, edge; dur=80, origin; dur=30
Server-Timing: inner; dur=26
X-Parent-Response-Time: 110,95.101.134.116

{"code": 0, "message": "OK", "request_id": "202501030105151F946A2D145F14AF5B7F", "data": {}}
2025-01-03T01:05:19+00:00 DEBUG Tt4b_Pixel_Class::inject_add_to_cart_event: hit AddToCart
2025-01-03T01:05:19+00:00 DEBUG POST: https://business-api.tiktok.com/open_api/v1.3/event/track/

{"partner_name":"WooCommerce","event_source":"web","event_source_id":"CSM79Q3C77UAG1T340I0","data":[{"event":"AddToCart","event_id":"677737cf3a7e2_tt4b_woocommerce_670666209cf1f_SKU_197","event_time":1735866319,"user":{"ip":"195.201.199.99","user_agent":"Mozilla\/5.0 (compatible; MJ12bot\/v1.4.8; http:\/\/mj12bot.com\/)","locale":"ar","external_id":"0","email":"e3b0c44298fc1c149afbf4c8996fb92427ae41e4649b934ca495991b7852b855","phone_number":"e3b0c44298fc1c149afbf4c8996fb92427ae41e4649b934ca495991b7852b855","first_name":"e3b0c44298fc1c149afbf4c8996fb92427ae41e4649b934ca495991b7852b855","last_name":"e3b0c44298fc1c149afbf4c8996fb92427ae41e4649b934ca495991b7852b855","zip_code":"e3b0c44298fc1c149afbf4c8996fb92427ae41e4649b934ca495991b7852b855"},"properties":{"contents":[{"price":0,"quantity":1,"content_id":"SKU_197","content_name":"\u0637\u0628\u0627\u0639\u0629 \u0628\u0631\u0634\u0648\u0631 \u0641\u0644\u0627\u064a\u0631 A5","description":"\u0641\u0644\u0627\u064a\u0631 \u0645\u0642\u0627\u0633 A5 \u0637\u0628\u0627\u0639\u0629 \u0631\u0642\u0645\u064a\u0629 \u0639\u0644\u0649 \u0648\u0631\u0642 \u0643\u0648\u0634\u064a\u0647.\r\n\u0645\u062f\u0629 \u0627\u0644\u062a\u0646\u0641\u064a\u0630 \u0627\u0644\u0645\u062a\u0648\u0642\u0639\u0629: 1 \u2013 3 \u0623\u064a\u0627\u0645 \u0639\u0645\u0644 \u0628\u0639\u062f \u062a\u0623\u0643\u064a\u062f \u0627\u0644\u0637\u0644\u0628 \u0648\u0627\u0644\u062a\u0635\u0645\u064a\u0645 \u0648\u062d\u0633\u0628 \u0627\u0644\u0643\u0645\u064a\u0629 (\u062a\u0632\u064a\u062f \u0627\u0644\u0645\u062f\u0629 \u0639\u0646\u062f \u0637\u0644\u0628 \u0627\u0644\u0634\u062d\u0646).","availability":"IN_STOCK","sale_price":0,"on_sale":false}],"content_type":"product","currency":"SAR","value":0,"event_trigger_source":"WooCommerce"},"page":{"url":"http:\/\/ibn-sinaa.com\/en\/product\/%D9%83%D8%B1%D9%88%D8%AA-%D8%A8%D8%B1%D9%8A%D8%B3%D8%AA%D9%88%D9%84\/?add-to-cart=197"}}]}
 ajax: no
2025-01-03T01:05:19+00:00 DEBUG Tt4b_Mapi_Class::mapi_post: Response: 

HTTP/1.1 200 OK
Server: nginx
Content-Type: application/json
Content-Length: 92
X-Tt-Logid: 2025010301051980E711464ADD6360EA48
x-tt-trace-host: 018e5a586174a888928d793bdac74b79b519a86797e72c2eba011e03e23beee17d332c572499d07e2904ac6c997715278efdab464c0e419e5b255ff73a599ea04c8f0eba37882384e516e5d9fe630ec157a315987576494a60c32ce53619aca4e6389f96b87b25f34baec01ffaa6e533b9
x-tt-trace-id: 00-25010301051980E711464ADD6360EA48-30C4757A21DCF5A0-00
X-Origin-Response-Time: 32,23.207.199.37
X-Akamai-Request-ID: 137da9f0.10d5762d
Expires: Fri, 03 Jan 2025 01:05:19 GMT
Cache-Control: max-age=0, no-cache, no-store
Pragma: no-cache
Date: Fri, 03 Jan 2025 01:05:19 GMT
X-Cache: TCP_MISS from a95-101-134-116.deploy.akamaitechnologies.com (AkamaiGHost/11.7.2.1-9611f29bef89eba7b18045b10aa2af98) (-)
Connection: close
X-Cache-Remote: TCP_MISS from a23-207-199-37.deploy.akamaitechnologies.com (AkamaiGHost/11.7.2.1-9611f29bef89eba7b18045b10aa2af98) (-)
x-tt-trace-tag: id=16;cdn-cache=miss;type=dyn
Server-Timing: cdn-cache; desc=MISS, edge; dur=81, origin; dur=32
Server-Timing: inner; dur=27
X-Parent-Response-Time: 113,95.101.134.116

{"code": 0, "message": "OK", "request_id": "2025010301051980E711464ADD6360EA48", "data": {}}
2025-01-03T01:05:19+00:00 DEBUG POST: https://business-api.tiktok.com/open_api/v1.3/event/track/

{"partner_name":"WooCommerce","event_source":"web","event_source_id":"CSM79Q3C77UAG1T340I0","data":[{"event":"Pageview","event_id":"677737cf862d0_tt4b_woocommerce_670666209cf1f","event_time":1735866319,"user":{"ip":"195.201.199.99","user_agent":"Mozilla\/5.0 (compatible; MJ12bot\/v1.4.8; http:\/\/mj12bot.com\/)","locale":"ar","external_id":"0","email":"e3b0c44298fc1c149afbf4c8996fb92427ae41e4649b934ca495991b7852b855","phone_number":"e3b0c44298fc1c149afbf4c8996fb92427ae41e4649b934ca495991b7852b855","first_name":"e3b0c44298fc1c149afbf4c8996fb92427ae41e4649b934ca495991b7852b855","last_name":"e3b0c44298fc1c149afbf4c8996fb92427ae41e4649b934ca495991b7852b855","zip_code":"e3b0c44298fc1c149afbf4c8996fb92427ae41e4649b934ca495991b7852b855"},"page":{"url":"http:\/\/ibn-sinaa.com\/en\/product\/%D9%83%D8%B1%D9%88%D8%AA-%D8%A8%D8%B1%D9%8A%D8%B3%D8%AA%D9%88%D9%84\/?add-to-cart=197"}}]}
 ajax: no
2025-01-03T01:05:19+00:00 DEBUG Tt4b_Mapi_Class::mapi_post: Response: 

HTTP/1.1 200 OK
Server: nginx
Content-Type: application/json
Content-Length: 92
X-Tt-Logid: 20250103010519D8F163163446DDB780C0
x-tt-trace-host: 018e5a586174a888928d793bdac74b79b56517d7628cf0ffdff56b078ad2cf5615c6a152d41bea6eb14bca4b57489a3467cc6aca3aecfb3f71da96d71e998c49a3b107638ef791f49fd9c6c7c63793857440f3de277e929aeb548b7e58b237f17ec36d85ce346eebf545ab3f09372d1a60
x-tt-trace-id: 00-250103010519D8F163163446DDB780C0-5DBDB3CF51FF1E57-00
X-Origin-Response-Time: 46,23.207.199.35
X-Akamai-Request-ID: 53d61629.12aec6c8
Expires: Fri, 03 Jan 2025 01:05:19 GMT
Cache-Control: max-age=0, no-cache, no-store
Pragma: no-cache
Date: Fri, 03 Jan 2025 01:05:19 GMT
X-Cache: TCP_MISS from a95-101-134-92.deploy.akamaitechnologies.com (AkamaiGHost/11.7.2.1-9611f29bef89eba7b18045b10aa2af98) (-)
Connection: close
X-Cache-Remote: TCP_MISS from a23-207-199-35.deploy.akamaitechnologies.com (AkamaiGHost/11.7.2.1-9611f29bef89eba7b18045b10aa2af98) (-)
x-tt-trace-tag: id=16;cdn-cache=miss;type=dyn
Server-Timing: cdn-cache; desc=MISS, edge; dur=90, origin; dur=46
Server-Timing: inner; dur=38
X-Parent-Response-Time: 135,95.101.134.92

{"code": 0, "message": "OK", "request_id": "20250103010519D8F163163446DDB780C0", "data": {}}
2025-01-03T01:05:23+00:00 DEBUG Tt4b_Pixel_Class::inject_add_to_cart_event: hit AddToCart
2025-01-03T01:05:23+00:00 DEBUG POST: https://business-api.tiktok.com/open_api/v1.3/event/track/

{"partner_name":"WooCommerce","event_source":"web","event_source_id":"CSM79Q3C77UAG1T340I0","data":[{"event":"AddToCart","event_id":"677737d3d2881_tt4b_woocommerce_670666209cf1f_SKU_201","event_time":1735866323,"user":{"ip":"195.201.199.99","user_agent":"Mozilla\/5.0 (compatible; MJ12bot\/v1.4.8; http:\/\/mj12bot.com\/)","locale":"ar","external_id":"0","email":"e3b0c44298fc1c149afbf4c8996fb92427ae41e4649b934ca495991b7852b855","phone_number":"e3b0c44298fc1c149afbf4c8996fb92427ae41e4649b934ca495991b7852b855","first_name":"e3b0c44298fc1c149afbf4c8996fb92427ae41e4649b934ca495991b7852b855","last_name":"e3b0c44298fc1c149afbf4c8996fb92427ae41e4649b934ca495991b7852b855","zip_code":"e3b0c44298fc1c149afbf4c8996fb92427ae41e4649b934ca495991b7852b855"},"properties":{"contents":[{"price":0,"quantity":1,"content_id":"SKU_201","content_name":"\u0637\u0628\u0627\u0639\u0629 \u0643\u0631\u0648\u062a \u0634\u062e\u0635\u064a\u0629 \u062f\u0627\u064a \u0643\u062a","description":"\u0627\u062d\u0635\u0644 \u0639\u0644\u0649 \u0643\u0631\u0648\u062a \u062f\u0627\u064a \u0643\u062a \u0627\u0644\u0645\u0645\u064a\u0632\u0629 \u0645\u0646 \u0645\u062a\u062c\u0631 \u0627\u0628\u0646 \u0633\u064a\u0646\u0627 \u0627\u0644\u0625\u0644\u0643\u062a\u0631\u0648\u0646\u064a. \u062a\u0635\u0645\u064a\u0645\u0627\u062a \u0641\u0631\u064a\u062f\u0629 \u0648\u0623\u0634\u0643\u0627\u0644 \u0645\u062e\u0635\u0635\u0629 \u062a\u0646\u0627\u0633\u0628 \u062c\u0645\u064a\u0639 \u0627\u0644\u0645\u0646\u0627\u0633\u0628\u0627\u062a \u0627\u0644\u0631\u0633\u0645\u064a\u0629 \u0648\u0627\u0644\u0634\u062e\u0635\u064a\u0629\u060c \u0628\u062c\u0648\u062f\u0629 \u0637\u0628\u0627\u0639\u0629 \u0639\u0627\u0644\u064a\u0629 \u0648\u062f\u0642\u0629 \u0641\u064a \u0627\u0644\u062a\u0641\u0627\u0635\u064a\u0644","availability":"IN_STOCK","sale_price":0,"on_sale":false}],"content_type":"product","currency":"SAR","value":0,"event_trigger_source":"WooCommerce"},"page":{"url":"http:\/\/ibn-sinaa.com\/en\/product\/%D9%83%D8%B1%D9%88%D8%AA-%D8%A8%D8%B5%D9%85%D8%A9\/?add-to-cart=201"}}]}
 ajax: no
2025-01-03T01:05:24+00:00 DEBUG Tt4b_Mapi_Class::mapi_post: Response: 

HTTP/1.1 200 OK
Server: nginx
Content-Type: application/json
Content-Length: 92
X-Tt-Logid: 202501030105231EF5DDAF933DA0B63101
x-tt-trace-host: 018e5a586174a888928d793bdac74b79b519a86797e72c2eba011e03e23beee17d25e3d11ba9d3b2dd1f6748d97d6a846674a473fc19d504069a7954f7228d1d1fcc8400b2bff63ef560d3a4053e46d771fca8cea63e252f1a51bf6a2344afbfbb6f7f0942a9053229d5d49d9007f6a022
x-tt-trace-id: 00-2501030105231EF5DDAF933DA0B63101-392C79334FBB3889-00
X-Origin-Response-Time: 45,23.207.199.39
X-Akamai-Request-ID: 1f45c5ea.10d5901b
Expires: Fri, 03 Jan 2025 01:05:24 GMT
Cache-Control: max-age=0, no-cache, no-store
Pragma: no-cache
Date: Fri, 03 Jan 2025 01:05:24 GMT
X-Cache: TCP_MISS from a95-101-134-116.deploy.akamaitechnologies.com (AkamaiGHost/11.7.2.1-9611f29bef89eba7b18045b10aa2af98) (-)
