2025-01-19T18:37:13+00:00 DEBUG Tt4b_Pixel_Class::inject_add_to_cart_event: hit AddToCart
2025-01-19T18:37:13+00:00 DEBUG POST: https://business-api.tiktok.com/open_api/v1.3/event/track/

{"partner_name":"WooCommerce","event_source":"web","event_source_id":"CSM79Q3C77UAG1T340I0","data":[{"event":"AddToCart","event_id":"678d465918845_tt4b_woocommerce_670666209cf1f_4424","event_time":1737311833,"user":{"ip":"54.36.148.237","user_agent":"Mozilla\/5.0 (compatible; AhrefsBot\/7.0; +http:\/\/ahrefs.com\/robot\/)","locale":"ar","external_id":"0","email":"e3b0c44298fc1c149afbf4c8996fb92427ae41e4649b934ca495991b7852b855","phone_number":"e3b0c44298fc1c149afbf4c8996fb92427ae41e4649b934ca495991b7852b855","first_name":"e3b0c44298fc1c149afbf4c8996fb92427ae41e4649b934ca495991b7852b855","last_name":"e3b0c44298fc1c149afbf4c8996fb92427ae41e4649b934ca495991b7852b855","zip_code":"e3b0c44298fc1c149afbf4c8996fb92427ae41e4649b934ca495991b7852b855"},"properties":{"contents":[{"price":180,"quantity":1,"content_id":"4424","content_name":"\u062a\u0642\u0648\u064a\u0645 \u0627\u0643\u0631\u064a\u0644\u064a\u0643 \u0645\u0639 \u0632\u0648\u0627\u064a\u0627","description":"\u062a\u0642\u0648\u064a\u0645 \u0623\u0643\u0631\u064a\u0644\u064a\u0643 \u0645\u0639 \u0632\u0648\u0627\u064a\u0627: \u062a\u0635\u0645\u064a\u0645 \u0639\u0635\u0631\u064a \u0648\u0623\u0646\u064a\u0642\u060c \u0645\u0635\u0646\u0648\u0639 \u0645\u0646 \u0627\u0644\u0623\u0643\u0631\u064a\u0644\u064a\u0643 \u0627\u0644\u0645\u062a\u064a\u0646 \u0628\u0648\u0636\u0648\u062d \u0627\u0633\u062a\u062b\u0646\u0627\u0626\u064a \u0644\u0644\u0643\u062a\u0627\u0628\u0629 \u0648\u0627\u0644\u0631\u0624\u064a\u0629\u060c \u064a\u0636\u064a\u0641 \u0644\u0645\u0633\u0629 \u0645\u0646 \u0627\u0644\u0641\u062e\u0627\u0645\u0629 \u0648\u0627\u0644\u062a\u0646\u0638\u064a\u0645 \u0644\u0645\u0643\u062a\u0628\u0643. \u0645\u062b\u0627\u0644\u064a \u0644\u062a\u0646\u0638\u064a\u0645 \u0627\u0644\u0645\u0648\u0627\u0639\u064a\u062f \u0648\u0627\u0644\u0627\u062c\u062a\u0645\u0627\u0639\u0627\u062a\u060c \u0648\u064a\u0636\u0641\u064a \u062c\u0627\u0630\u0628\u064a\u0629 \u0639\u0644\u0649 \u0645\u0633\u0627\u062d\u0629 \u0627\u0644\u0639\u0645\u0644 \u0627\u0644\u062e\u0627\u0635\u0629 \u0628\u0643.","availability":"IN_STOCK","sale_price":180,"on_sale":false}],"content_type":"product","currency":"SAR","value":180,"event_trigger_source":"WooCommerce"},"page":{"url":"http:\/\/www.ibn-sinaa.com\/product\/office-boards\/?add-to-cart=4424"}}]}
 ajax: no
2025-01-19T18:37:13+00:00 DEBUG Tt4b_Mapi_Class::mapi_post: Response: 

HTTP/1.1 200 OK
Server: nginx
Content-Type: application/json
Content-Length: 92
X-Tt-Logid: 202501191837131DFAC4B8994E105D5637
Server-Timing: inner; dur=30
x-tt-trace-host: 010f944bc43be00f209e30a38bc3490442ab1f7701c43117d48e838c6cea397d5b7624bbcfc05e705f04c34a1372848ce5bcb1f41ab8c44eb460a124f118983fd0fef42537bf3981ec70ffdb36c6fa50d7a1b7fc86431c64284f9f3fd95b124bd2
x-tt-trace-id: 00-2501191837131DFAC4B8994E105D5637-566181F153D04E7B-00
Expires: Sun, 19 Jan 2025 18:37:13 GMT
Cache-Control: max-age=0, no-cache, no-store
Pragma: no-cache
Date: Sun, 19 Jan 2025 18:37:13 GMT
X-Cache: TCP_MISS from a23-77-196-94.deploy.akamaitechnologies.com (AkamaiGHost/11.8.0-1debf780f7d7c834933fa9689361eec6) (-)
Connection: close
x-tt-trace-tag: id=16;cdn-cache=miss;type=dyn
Server-Timing: cdn-cache; desc=MISS, edge; dur=7, origin; dur=114
X-Origin-Response-Time: 116,23.77.196.94
X-Akamai-Request-ID: 137d382b

{"code": 0, "message": "OK", "request_id": "202501191837131DFAC4B8994E105D5637", "data": {}}
2025-01-19T18:37:13+00:00 DEBUG POST: https://business-api.tiktok.com/open_api/v1.3/event/track/

{"partner_name":"WooCommerce","event_source":"web","event_source_id":"CSM79Q3C77UAG1T340I0","data":[{"event":"Pageview","event_id":"678d4659988e7_tt4b_woocommerce_670666209cf1f","event_time":1737311833,"user":{"ip":"54.36.148.237","user_agent":"Mozilla\/5.0 (compatible; AhrefsBot\/7.0; +http:\/\/ahrefs.com\/robot\/)","locale":"ar","external_id":"0","email":"e3b0c44298fc1c149afbf4c8996fb92427ae41e4649b934ca495991b7852b855","phone_number":"e3b0c44298fc1c149afbf4c8996fb92427ae41e4649b934ca495991b7852b855","first_name":"e3b0c44298fc1c149afbf4c8996fb92427ae41e4649b934ca495991b7852b855","last_name":"e3b0c44298fc1c149afbf4c8996fb92427ae41e4649b934ca495991b7852b855","zip_code":"e3b0c44298fc1c149afbf4c8996fb92427ae41e4649b934ca495991b7852b855"},"page":{"url":"http:\/\/www.ibn-sinaa.com\/product\/office-boards\/?add-to-cart=4424"}}]}
 ajax: no
2025-01-19T18:37:13+00:00 DEBUG Tt4b_Mapi_Class::mapi_post: Response: 

HTTP/1.1 200 OK
Server: nginx
Content-Type: application/json
Content-Length: 92
X-Tt-Logid: 2025011918371343E109FDB0213C4B3545
Server-Timing: inner; dur=27
x-tt-trace-host: 010f944bc43be00f209e30a38bc3490442ab1f7701c43117d48e838c6cea397d5b464fe4aa3fe687ea5b57a7c8a89674323d63dd236f4a5a74110c2359b131aa381a37a780bad6b0203820cce3fc6a3b3680f5e0791568fd6b1ca9fa1238996391
x-tt-trace-id: 00-25011918371343E109FDB0213C4B3545-0F3D46ED354D3020-00
Expires: Sun, 19 Jan 2025 18:37:13 GMT
Cache-Control: max-age=0, no-cache, no-store
Pragma: no-cache
Date: Sun, 19 Jan 2025 18:37:13 GMT
X-Cache: TCP_MISS from a23-77-196-94.deploy.akamaitechnologies.com (AkamaiGHost/11.8.0-1debf780f7d7c834933fa9689361eec6) (-)
Connection: close
x-tt-trace-tag: id=16;cdn-cache=miss;type=dyn
Server-Timing: cdn-cache; desc=MISS, edge; dur=5, origin; dur=112
X-Origin-Response-Time: 113,23.77.196.94
X-Akamai-Request-ID: 137d3e1d

{"code": 0, "message": "OK", "request_id": "2025011918371343E109FDB0213C4B3545", "data": {}}
2025-01-19T18:37:13+00:00 DEBUG Tt4b_Pixel_Class::inject_view_content_event: hit ViewContent
2025-01-19T18:37:13+00:00 DEBUG POST: https://business-api.tiktok.com/open_api/v1.3/event/track/

{"partner_name":"WooCommerce","event_source":"web","event_source_id":"CSM79Q3C77UAG1T340I0","data":[{"event":"ViewContent","event_id":"678d4659cbeaf_tt4b_woocommerce_670666209cf1f_4407","event_time":1737311833,"user":{"ip":"54.36.148.237","user_agent":"Mozilla\/5.0 (compatible; AhrefsBot\/7.0; +http:\/\/ahrefs.com\/robot\/)","locale":"ar","external_id":"0","email":"e3b0c44298fc1c149afbf4c8996fb92427ae41e4649b934ca495991b7852b855","phone_number":"e3b0c44298fc1c149afbf4c8996fb92427ae41e4649b934ca495991b7852b855","first_name":"e3b0c44298fc1c149afbf4c8996fb92427ae41e4649b934ca495991b7852b855","last_name":"e3b0c44298fc1c149afbf4c8996fb92427ae41e4649b934ca495991b7852b855","zip_code":"e3b0c44298fc1c149afbf4c8996fb92427ae41e4649b934ca495991b7852b855"},"properties":{"contents":[{"price":125,"quantity":1,"content_id":"4407","content_name":"\u0644\u0648\u062d\u0627\u062a \u0645\u0643\u062a\u0628\u064a\u0629 \u062e\u0634\u0628 \u0645\u0639 \u0637\u0628\u0627\u0639\u0629 \u062d\u0631\u0627\u0631\u064a\u0629 \u0646\u062d\u0627\u0633","description":"\u0644\u0648\u062d\u0627\u062a \u0645\u0643\u062a\u0628\u064a\u0629 \u062e\u0634\u0628\u064a\u0629 \u0645\u0639 \u0637\u0628\u0627\u0639\u0629 \u062d\u0631\u0627\u0631\u064a\u0629: \u0645\u062b\u0627\u0644\u064a\u0629 \u0644\u062a\u0632\u064a\u064a\u0646 \u0627\u0644\u0645\u0643\u0627\u062a\u0628 \u0628\u0645\u0638\u0647\u0631 \u0623\u0646\u064a\u0642 \u0648\u0641\u0631\u064a\u062f. \u0645\u0635\u0646\u0648\u0639\u0629 \u0645\u0646 \u062e\u0634\u0628 \u0639\u0627\u0644\u064a \u0627\u0644\u062c\u0648\u062f\u0629 \u0648\u062a\u062a\u0645\u064a\u0632 \u0628\u0637\u0628\u0627\u0639\u0629 \u062d\u0631\u0627\u0631\u064a\u0629 \u062a\u0636\u064a\u0641 \u0644\u0645\u0633\u0629 \u0645\u0646 \u0627\u0644\u062a\u0645\u064a\u0632 \u0648\u0627\u0644\u0627\u062d\u062a\u0631\u0627\u0641\u064a\u0629 \u0625\u0644\u0649 \u0623\u064a \u0645\u0633\u0627\u062d\u0629 \u0645\u0643\u062a\u0628\u064a\u0629.","availability":"IN_STOCK","sale_price":125,"on_sale":false}],"content_type":"product","currency":"SAR","value":125,"event_trigger_source":"WooCommerce"},"page":{"url":"http:\/\/www.ibn-sinaa.com\/product\/office-boards\/?add-to-cart=4424"}}]}
 ajax: no
2025-01-19T18:37:13+00:00 DEBUG Tt4b_Mapi_Class::mapi_post: Response: 

HTTP/1.1 200 OK
Server: nginx
Content-Type: application/json
Content-Length: 92
X-Tt-Logid: 202501191837134B4AE6778EACF54C69F2
Server-Timing: inner; dur=24
x-tt-trace-host: 010f944bc43be00f209e30a38bc3490442ab1f7701c43117d48e838c6cea397d5b2eedea210b6e3112577f10d2478326c3b8d7ad8872defbe04e82c105cc879fc531e7f17b08d5edb5971bfa9539c9016fd559363b30ba1f6fec46aa8e072954c5
x-tt-trace-id: 00-2501191837134B4AE6778EACF54C69F2-17026CA98E830E71-00
Expires: Sun, 19 Jan 2025 18:37:13 GMT
Cache-Control: max-age=0, no-cache, no-store
Pragma: no-cache
Date: Sun, 19 Jan 2025 18:37:13 GMT
X-Cache: TCP_MISS from a23-77-196-94.deploy.akamaitechnologies.com (AkamaiGHost/11.8.0-1debf780f7d7c834933fa9689361eec6) (-)
Connection: close
x-tt-trace-tag: id=16;cdn-cache=miss;type=dyn
Server-Timing: cdn-cache; desc=MISS, edge; dur=6, origin; dur=110
X-Origin-Response-Time: 111,23.77.196.94
X-Akamai-Request-ID: 137d40be

{"code": 0, "message": "OK", "request_id": "202501191837134B4AE6778EACF54C69F2", "data": {}}
2025-01-19T18:39:06+00:00 DEBUG POST: https://business-api.tiktok.com/open_api/v1.3/event/track/

{"partner_name":"WooCommerce","event_source":"web","event_source_id":"CSM79Q3C77UAG1T340I0","data":[{"event":"Pageview","event_id":"678d46ca345a5_tt4b_woocommerce_670666209cf1f","event_time":1737311946,"user":{"ip":"66.249.68.68","user_agent":"Mozilla\/5.0 (Linux; Android 6.0.1; Nexus 5X Build\/MMB29P) AppleWebKit\/537.36 (KHTML, like Gecko) Chrome\/132.0.6834.83 Mobile Safari\/537.36 (compatible; Googlebot\/2.1; +http:\/\/www.google.com\/bot.html)","locale":"ar","external_id":"0","email":"e3b0c44298fc1c149afbf4c8996fb92427ae41e4649b934ca495991b7852b855","phone_number":"e3b0c44298fc1c149afbf4c8996fb92427ae41e4649b934ca495991b7852b855","first_name":"e3b0c44298fc1c149afbf4c8996fb92427ae41e4649b934ca495991b7852b855","last_name":"e3b0c44298fc1c149afbf4c8996fb92427ae41e4649b934ca495991b7852b855","zip_code":"e3b0c44298fc1c149afbf4c8996fb92427ae41e4649b934ca495991b7852b855"},"page":{"url":"http:\/\/mail.ibn-sinaa.com\/product-category\/digital-printing\/brochures\/"}}]}
 ajax: no
2025-01-19T18:39:06+00:00 DEBUG Tt4b_Mapi_Class::mapi_post: Response: 

HTTP/1.1 200 OK
Server: nginx
Content-Type: application/json
Content-Length: 92
X-Tt-Logid: 202501191839062A0A85749A59C337E239
x-tt-trace-host: 010f944bc43be00f209e30a38bc3490442e986d75a4a945d3d7df5ec7fb8a18033c2b9e1bec59ed58401e287b9505a42d0010ff34a744933b390809294110f75d9675a7ba81ff303b65cdca5708a8606fc245acdc784b7480116125722b9ca7876dfc101aea08c492a353a7bbeb923fba2
x-tt-trace-id: 00-2501191839062A0A85749A59C337E239-48189AD630BC0DE1-00
X-Origin-Response-Time: 33,23.213.246.197
X-Akamai-Request-ID: 482bedcd.f8f5699
Expires: Sun, 19 Jan 2025 18:39:06 GMT
Cache-Control: max-age=0, no-cache, no-store
Pragma: no-cache
Date: Sun, 19 Jan 2025 18:39:06 GMT
X-Cache: TCP_MISS from a23-77-196-76.deploy.akamaitechnologies.com (AkamaiGHost/11.8.0-1debf780f7d7c834933fa9689361eec6) (-)
Connection: close
X-Cache-Remote: TCP_MISS from a23-213-246-197.deploy.akamaitechnologies.com (AkamaiGHost/11.8.0-1debf780f7d7c834933fa9689361eec6) (-)
x-tt-trace-tag: id=16;cdn-cache=miss;type=dyn
Server-Timing: cdn-cache; desc=MISS, edge; dur=86, origin; dur=33
Server-Timing: inner; dur=28
X-Parent-Response-Time: 115,23.77.196.76

{"code": 0, "message": "OK", "request_id": "202501191839062A0A85749A59C337E239", "data": {}}
2025-01-19T18:39:06+00:00 DEBUG Tt4b_Pixel_Class::inject_add_to_cart_event: hit AddToCart
2025-01-19T18:39:06+00:00 DEBUG POST: https://business-api.tiktok.com/open_api/v1.3/event/track/

{"partner_name":"WooCommerce","event_source":"web","event_source_id":"CSM79Q3C77UAG1T340I0","data":[{"event":"AddToCart","event_id":"678d46cacac80_tt4b_woocommerce_670666209cf1f_4424","event_time":1737311946,"user":{"ip":"54.36.148.167","user_agent":"Mozilla\/5.0 (compatible; AhrefsBot\/7.0; +http:\/\/ahrefs.com\/robot\/)","locale":"ar","external_id":"0","email":"e3b0c44298fc1c149afbf4c8996fb92427ae41e4649b934ca495991b7852b855","phone_number":"e3b0c44298fc1c149afbf4c8996fb92427ae41e4649b934ca495991b7852b855","first_name":"e3b0c44298fc1c149afbf4c8996fb92427ae41e4649b934ca495991b7852b855","last_name":"e3b0c44298fc1c149afbf4c8996fb92427ae41e4649b934ca495991b7852b855","zip_code":"e3b0c44298fc1c149afbf4c8996fb92427ae41e4649b934ca495991b7852b855"},"properties":{"contents":[{"price":180,"quantity":1,"content_id":"4424","content_name":"\u062a\u0642\u0648\u064a\u0645 \u0627\u0643\u0631\u064a\u0644\u064a\u0643 \u0645\u0639 \u0632\u0648\u0627\u064a\u0627","description":"\u062a\u0642\u0648\u064a\u0645 \u0623\u0643\u0631\u064a\u0644\u064a\u0643 \u0645\u0639 \u0632\u0648\u0627\u064a\u0627: \u062a\u0635\u0645\u064a\u0645 \u0639\u0635\u0631\u064a \u0648\u0623\u0646\u064a\u0642\u060c \u0645\u0635\u0646\u0648\u0639 \u0645\u0646 \u0627\u0644\u0623\u0643\u0631\u064a\u0644\u064a\u0643 \u0627\u0644\u0645\u062a\u064a\u0646 \u0628\u0648\u0636\u0648\u062d \u0627\u0633\u062a\u062b\u0646\u0627\u0626\u064a \u0644\u0644\u0643\u062a\u0627\u0628\u0629 \u0648\u0627\u0644\u0631\u0624\u064a\u0629\u060c \u064a\u0636\u064a\u0641 \u0644\u0645\u0633\u0629 \u0645\u0646 \u0627\u0644\u0641\u062e\u0627\u0645\u0629 \u0648\u0627\u0644\u062a\u0646\u0638\u064a\u0645 \u0644\u0645\u0643\u062a\u0628\u0643. \u0645\u062b\u0627\u0644\u064a \u0644\u062a\u0646\u0638\u064a\u0645 \u0627\u0644\u0645\u0648\u0627\u0639\u064a\u062f \u0648\u0627\u0644\u0627\u062c\u062a\u0645\u0627\u0639\u0627\u062a\u060c \u0648\u064a\u0636\u0641\u064a \u062c\u0627\u0630\u0628\u064a\u0629 \u0639\u0644\u0649 \u0645\u0633\u0627\u062d\u0629 \u0627\u0644\u0639\u0645\u0644 \u0627\u0644\u062e\u0627\u0635\u0629 \u0628\u0643.","availability":"IN_STOCK","sale_price":180,"on_sale":false}],"content_type":"product","currency":"SAR","value":180,"event_trigger_source":"WooCommerce"},"page":{"url":"http:\/\/ibn-sinaa.com\/product-category\/shields-and-gifts\/%D8%AA%D9%82%D9%88%D9%8A%D9%85%D8%A7%D8%AA\/?add-to-cart=4424"}}]}
 ajax: no
2025-01-19T18:39:07+00:00 DEBUG Tt4b_Mapi_Class::mapi_post: Response: 

HTTP/1.1 200 OK
Server: nginx
Content-Type: application/json
Content-Length: 92
X-Tt-Logid: 2025011918390651E0DD3AD0C60347AB45
Server-Timing: inner; dur=133
x-tt-trace-host: 010f944bc43be00f209e30a38bc3490442ab1f7701c43117d48e838c6cea397d5b2f39e76cf4215a8af31c77bf148d3b3899bea7eb2d125491aa100af61d19632e79e681057f0a4bf39eecd29089f76d8feec301689fe07fdf930b46ca1b7abe00
x-tt-trace-id: 00-25011918390651E0DD3AD0C60347AB45-043C26985EA1792E-00
Expires: Sun, 19 Jan 2025 18:39:07 GMT
Cache-Control: max-age=0, no-cache, no-store
Pragma: no-cache
Date: Sun, 19 Jan 2025 18:39:07 GMT
X-Cache: TCP_MISS from a23-77-196-94.deploy.akamaitechnologies.com (AkamaiGHost/11.8.0-1debf780f7d7c834933fa9689361eec6) (-)
Connection: close
x-tt-trace-tag: id=16;cdn-cache=miss;type=dyn
Server-Timing: cdn-cache; desc=MISS, edge; dur=5, origin; dur=224
X-Origin-Response-Time: 224,23.77.196.94
X-Akamai-Request-ID: 13824c60

{"code": 0, "message": "OK", "request_id": "2025011918390651E0DD3AD0C60347AB45", "data": {}}
2025-01-19T18:39:07+00:00 DEBUG POST: https://business-api.tiktok.com/open_api/v1.3/event/track/

{"partner_name":"WooCommerce","event_source":"web","event_source_id":"CSM79Q3C77UAG1T340I0","data":[{"event":"Pageview","event_id":"678d46cb54e22_tt4b_woocommerce_670666209cf1f","event_time":1737311947,"user":{"ip":"54.36.148.167","user_agent":"Mozilla\/5.0 (compatible; AhrefsBot\/7.0; +http:\/\/ahrefs.com\/robot\/)","locale":"ar","external_id":"0","email":"e3b0c44298fc1c149afbf4c8996fb92427ae41e4649b934ca495991b7852b855","phone_number":"e3b0c44298fc1c149afbf4c8996fb92427ae41e4649b934ca495991b7852b855","first_name":"e3b0c44298fc1c149afbf4c8996fb92427ae41e4649b934ca495991b7852b855","last_name":"e3b0c44298fc1c149afbf4c8996fb92427ae41e4649b934ca495991b7852b855","zip_code":"e3b0c44298fc1c149afbf4c8996fb92427ae41e4649b934ca495991b7852b855"},"page":{"url":"http:\/\/ibn-sinaa.com\/product-category\/shields-and-gifts\/%D8%AA%D9%82%D9%88%D9%8A%D9%85%D8%A7%D8%AA\/?add-to-cart=4424"}}]}
 ajax: no
2025-01-19T18:39:07+00:00 DEBUG Tt4b_Mapi_Class::mapi_post: Response: 

HTTP/1.1 200 OK
Server: nginx
Content-Type: application/json
Content-Length: 92
X-Tt-Logid: 2025011918390782DF290A9D262B4AEB5B
x-tt-trace-host: 010f944bc43be00f209e30a38bc3490442eaa3404e11bcf4b9ac1c333e5763d409127552cec5423599eac9fcac96656963b72a980497da14b29d941561090e77c49935deef4e48b5ce73b8080d569857f4674a6dbb149023a8b45997c97044424d03753e2fe638dba862d36b3a9fb2f1bd
x-tt-trace-id: 00-25011918390782DF290A9D262B4AEB5B-72C92C995D8037B1-00
X-Origin-Response-Time: 69,23.57.70.81
X-Akamai-Request-ID: 68a89c99.138251b4
Expires: Sun, 19 Jan 2025 18:39:07 GMT
Cache-Control: max-age=0, no-cache, no-store
Pragma: no-cache
Date: Sun, 19 Jan 2025 18:39:07 GMT
X-Cache: TCP_MISS from a23-77-196-94.deploy.akamaitechnologies.com (AkamaiGHost/11.8.0-1debf780f7d7c834933fa9689361eec6) (-)
Connection: close
X-Cache-Remote: TCP_MISS from a23-57-70-81.deploy.akamaitechnologies.com (AkamaiGHost/11.8.0-1debf780f7d7c834933fa9689361eec6) (-)
x-tt-trace-tag: id=16;cdn-cache=miss;type=dyn
Server-Timing: cdn-cache; desc=MISS, edge; dur=101, origin; dur=69
Server-Timing: inner; dur=22
X-Parent-Response-Time: 166,23.77.196.94

{"code": 0, "message": "OK", "request_id": "2025011918390782DF290A9D262B4AEB5B", "data": {}}
2025-01-19T18:39:21+00:00 DEBUG POST: https://business-api.tiktok.com/open_api/v1.3/event/track/

{"partner_name":"WooCommerce","event_source":"web","event_source_id":"CSM79Q3C77UAG1T340I0","data":[{"event":"Pageview","event_id":"678d46d9c8a4e_tt4b_woocommerce_670666209cf1f","event_time":1737311961,"user":{"ip":"66.249.68.2","user_agent":"Mozilla\/5.0 (Linux; Android 6.0.1; Nexus 5X Build\/MMB29P) AppleWebKit\/537.36 (KHTML, like Gecko) Chrome\/132.0.6834.83 Mobile Safari\/537.36 (compatible; Googlebot\/2.1; +http:\/\/www.google.com\/bot.html)","locale":"ar","external_id":"0","email":"e3b0c44298fc1c149afbf4c8996fb92427ae41e4649b934ca495991b7852b855","phone_number":"e3b0c44298fc1c149afbf4c8996fb92427ae41e4649b934ca495991b7852b855","first_name":"e3b0c44298fc1c149afbf4c8996fb92427ae41e4649b934ca495991b7852b855","last_name":"e3b0c44298fc1c149afbf4c8996fb92427ae41e4649b934ca495991b7852b855","zip_code":"e3b0c44298fc1c149afbf4c8996fb92427ae41e4649b934ca495991b7852b855"},"page":{"url":"http:\/\/www.ibn-sinaa.com\/product-tag\/%D9%84%D9%88%D8%AD%D8%A7%D8%AA-%D8%A7%D8%B3%D9%85%D8%A7-%D9%85%D9%83%D8%AA%D8%A8%D9%8A%D8%A9\/"}}]}
 ajax: no
2025-01-19T18:39:21+00:00 DEBUG Tt4b_Mapi_Class::mapi_post: Response: 

HTTP/1.1 200 OK
Server: nginx
Content-Type: application/json
Content-Length: 92
X-Tt-Logid: 202501191839217123660A77BA5F5709CF
Server-Timing: inner; dur=25
x-tt-trace-host: 010f944bc43be00f209e30a38bc3490442d13bbf9d2c86c006e6fe6e7ba6cbdb2a42367a64ec9d585fdb83b4d4d60113f733aab6ef94e957975344b4f07e5767c03a93cfaf07e47cb4815f2a1f543b205d83e29d7e05b3f9c0a889af05361266fb
x-tt-trace-id: 00-2501191839217123660A77BA5F5709CF-10301D4E940D78E9-00
Expires: Sun, 19 Jan 2025 18:39:21 GMT
Cache-Control: max-age=0, no-cache, no-store
Pragma: no-cache
Date: Sun, 19 Jan 2025 18:39:21 GMT
X-Cache: TCP_MISS from a23-77-196-76.deploy.akamaitechnologies.com (AkamaiGHost/11.8.0-1debf780f7d7c834933fa9689361eec6) (-)
Connection: close
x-tt-trace-tag: id=16;cdn-cache=miss;type=dyn
Server-Timing: cdn-cache; desc=MISS, edge; dur=4, origin; dur=109
X-Origin-Response-Time: 109,23.77.196.76
X-Akamai-Request-ID: f8fda12

{"code": 0, "message": "OK", "request_id": "202501191839217123660A77BA5F5709CF", "data": {}}
2025-01-19T18:40:01+00:00 DEBUG POST: https://business-api.tiktok.com/open_api/v1.3/event/track/

{"partner_name":"WooCommerce","event_source":"web","event_source_id":"CSM79Q3C77UAG1T340I0","data":[{"event":"Pageview","event_id":"678d47011e13c_tt4b_woocommerce_670666209cf1f","event_time":1737312001,"user":{"ip":"66.249.76.134","user_agent":"Mozilla\/5.0 (Linux; Android 6.0.1; Nexus 5X Build\/MMB29P) AppleWebKit\/537.36 (KHTML, like Gecko) Chrome\/132.0.6834.83 Mobile Safari\/537.36 (compatible; Googlebot\/2.1; +http:\/\/www.google.com\/bot.html)","locale":"ar","external_id":"0","email":"e3b0c44298fc1c149afbf4c8996fb92427ae41e4649b934ca495991b7852b855","phone_number":"e3b0c44298fc1c149afbf4c8996fb92427ae41e4649b934ca495991b7852b855","first_name":"e3b0c44298fc1c149afbf4c8996fb92427ae41e4649b934ca495991b7852b855","last_name":"e3b0c44298fc1c149afbf4c8996fb92427ae41e4649b934ca495991b7852b855","zip_code":"e3b0c44298fc1c149afbf4c8996fb92427ae41e4649b934ca495991b7852b855"},"page":{"url":"http:\/\/www.ibn-sinaa.com\/product-tag\/%D9%84%D9%88%D8%AD%D8%A9-%D8%A7%D8%B3%D9%85-%D9%85%D9%83%D8%AA%D8%A8%D9%8A%D8%A9\/"}}]}
 ajax: no
2025-01-19T18:40:01+00:00 DEBUG Tt4b_Mapi_Class::mapi_post: Response: 

HTTP/1.1 200 OK
Server: nginx
Content-Type: application/json
Content-Length: 92
X-Tt-Logid: 20250119184001A944A33B4DA6DE5341CD
x-tt-trace-host: 010f944bc43be00f209e30a38bc3490442eaa3404e11bcf4b9ac1c333e5763d409766de456bb5e0bd677b6a7672ccf9483e33c0ad4571d3bb36a6da5cae79d5f519ffbb22ec330b35668036ca26bf1c725d768f4d823dc6cae1814d85817c9da9a7752cf9d4786ac9995e46c49306645b6
x-tt-trace-id: 00-250119184001A944A33B4DA6DE5341CD-54B342B654E17B40-00
X-Origin-Response-Time: 28,23.213.246.196
X-Akamai-Request-ID: ee4d12de.13845a1a
Expires: Sun, 19 Jan 2025 18:40:01 GMT
Cache-Control: max-age=0, no-cache, no-store
Pragma: no-cache
Date: Sun, 19 Jan 2025 18:40:01 GMT
X-Cache: TCP_MISS from a23-77-196-94.deploy.akamaitechnologies.com (AkamaiGHost/11.8.0-1debf780f7d7c834933fa9689361eec6) (-)
Connection: close
X-Cache-Remote: TCP_MISS from a23-213-246-196.deploy.akamaitechnologies.com (AkamaiGHost/11.8.0-1debf780f7d7c834933fa9689361eec6) (-)
x-tt-trace-tag: id=16;cdn-cache=miss;type=dyn
Server-Timing: cdn-cache; desc=MISS, edge; dur=86, origin; dur=28
Server-Timing: inner; dur=25
X-Parent-Response-Time: 110,23.77.196.94

{"code": 0, "message": "OK", "request_id": "20250119184001A944A33B4DA6DE5341CD", "data": {}}
2025-01-19T18:42:09+00:00 DEBUG POST: https://business-api.tiktok.com/open_api/v1.3/event/track/

{"partner_name":"WooCommerce","event_source":"web","event_source_id":"CSM79Q3C77UAG1T340I0","data":[{"event":"Pageview","event_id":"678d4781692b8_tt4b_woocommerce_670666209cf1f","event_time":1737312129,"user":{"ip":"66.249.79.35","user_agent":"Mozilla\/5.0 (Linux; Android 6.0.1; Nexus 5X Build\/MMB29P) AppleWebKit\/537.36 (KHTML, like Gecko) Chrome\/132.0.6834.83 Mobile Safari\/537.36 (compatible; Googlebot\/2.1; +http:\/\/www.google.com\/bot.html)","locale":"ar","external_id":"0","email":"e3b0c44298fc1c149afbf4c8996fb92427ae41e4649b934ca495991b7852b855","phone_number":"e3b0c44298fc1c149afbf4c8996fb92427ae41e4649b934ca495991b7852b855","first_name":"e3b0c44298fc1c149afbf4c8996fb92427ae41e4649b934ca495991b7852b855","last_name":"e3b0c44298fc1c149afbf4c8996fb92427ae41e4649b934ca495991b7852b855","zip_code":"e3b0c44298fc1c149afbf4c8996fb92427ae41e4649b934ca495991b7852b855"},"page":{"url":"http:\/\/ibn-sinaa.com\/product\/print-on-cork\/"}}]}
 ajax: no
2025-01-19T18:42:09+00:00 DEBUG Tt4b_Mapi_Class::mapi_post: Response: 

HTTP/1.1 200 OK
Server: nginx
Content-Type: application/json
Content-Length: 92
X-Tt-Logid: 202501191842096F7A38CA4D72085377D3
x-tt-trace-host: 010f944bc43be00f209e30a38bc3490442e986d75a4a945d3d7df5ec7fb8a18033d213ebf9062bf78f7a04ee0887dc18f8f57e2f30ffaee78727352cb7900cd85d2250c2920dc3bd26a88ab35f6f229ac0001327b88e42942a7bde53fa290e130d8c9dcdea99e5e289c1e4425fbe191669
x-tt-trace-id: 00-2501191842096F7A38CA4D72085377D3-73BF290B98B09BB8-00
X-Origin-Response-Time: 45,23.213.246.198
X-Akamai-Request-ID: d38c47ba.f969921
Expires: Sun, 19 Jan 2025 18:42:09 GMT
Cache-Control: max-age=0, no-cache, no-store
Pragma: no-cache
Date: Sun, 19 Jan 2025 18:42:09 GMT
X-Cache: TCP_MISS from a23-77-196-76.deploy.akamaitechnologies.com (AkamaiGHost/11.8.0-1debf780f7d7c834933fa9689361eec6) (-)
Connection: close
X-Cache-Remote: TCP_MISS from a23-213-246-198.deploy.akamaitechnologies.com (AkamaiGHost/11.8.0-1debf780f7d7c834933fa9689361eec6) (-)
x-tt-trace-tag: id=16;cdn-cache=miss;type=dyn
Server-Timing: cdn-cache; desc=MISS, edge; dur=83, origin; dur=45
Server-Timing: inner; dur=42
X-Parent-Response-Time: 125,23.77.196.76

{"code": 0, "message": "OK", "request_id": "202501191842096F7A38CA4D72085377D3", "data": {}}
2025-01-19T18:42:09+00:00 DEBUG Tt4b_Pixel_Class::inject_view_content_event: hit ViewContent
2025-01-19T18:42:09+00:00 DEBUG POST: https://business-api.tiktok.com/open_api/v1.3/event/track/

{"partner_name":"WooCommerce","event_source":"web","event_source_id":"CSM79Q3C77UAG1T340I0","data":[{"event":"ViewContent","event_id":"678d4781a2e3b_tt4b_woocommerce_670666209cf1f_4297","event_time":1737312129,"user":{"ip":"66.249.79.35","user_agent":"Mozilla\/5.0 (Linux; Android 6.0.1; Nexus 5X Build\/MMB29P) AppleWebKit\/537.36 (KHTML, like Gecko) Chrome\/132.0.6834.83 Mobile Safari\/537.36 (compatible; Googlebot\/2.1; +http:\/\/www.google.com\/bot.html)","locale":"ar","external_id":"0","email":"e3b0c44298fc1c149afbf4c8996fb92427ae41e4649b934ca495991b7852b855","phone_number":"e3b0c44298fc1c149afbf4c8996fb92427ae41e4649b934ca495991b7852b855","first_name":"e3b0c44298fc1c149afbf4c8996fb92427ae41e4649b934ca495991b7852b855","last_name":"e3b0c44298fc1c149afbf4c8996fb92427ae41e4649b934ca495991b7852b855","zip_code":"e3b0c44298fc1c149afbf4c8996fb92427ae41e4649b934ca495991b7852b855"},"properties":{"contents":[{"price":70,"quantity":1,"content_id":"4297","content_name":"\u0637\u0628\u0627\u0639\u0647 \u0639\u0644\u0649 \u0641\u0644\u064a\u0646","description":"\u0627\u062d\u0635\u0644 \u0639\u0644\u0649 \u062e\u062f\u0645\u0629 \"\u0637\u0628\u0627\u0639\u0629 \u0639\u0644\u0649 \u0641\u0644\u064a\u0646\" \u0645\u0646 \u0645\u062a\u062c\u0631 \u0645\u0643\u062a\u0628\u0629 \u0627\u0628\u0646 \u0633\u064a\u0646\u0627 \u0627\u0644\u0625\u0644\u0643\u062a\u0631\u0648\u0646\u064a\u060c \u0648\u0627\u0644\u062a\u064a \u062a\u0636\u0645\u0646 \u0644\u0643 \u0639\u0631\u0636\u064b\u0627 \u062c\u0627\u0630\u0628\u064b\u0627 \u0648\u0627\u062d\u062a\u0631\u0627\u0641\u064a\u064b\u0627 \u0644\u0645\u0646\u062a\u062c\u0627\u062a\u0643 \u0623\u0648 \u0645\u0648\u0627\u062f\u0643 \u0627\u0644\u0625\u0639\u0644\u0627\u0646\u064a\u0629. \u064a\u062a\u0645\u064a\u0632 \u0647\u0630\u0627 \u0627\u0644\u0646\u0648\u0639 \u0645\u0646 \u0627\u0644\u0637\u0628\u0627\u0639\u0629 \u0628\u062c\u0648\u062f\u0629 \u0639\u0627\u0644\u064a\u0629 \u0648\u062a\u0635\u0645\u064a\u0645\u0627\u062a \u0645\u062a\u0642\u062f\u0645\u0629 \u062a\u0644\u0628\u064a \u0627\u062d\u062a\u064a\u0627\u062c\u0627\u062a\u0643 \u0627\u0644\u0645\u062a\u0646\u0648\u0639\u0629.","availability":"IN_STOCK","sale_price":70,"on_sale":false}],"content_type":"product","currency":"SAR","value":70,"event_trigger_source":"WooCommerce"},"page":{"url":"http:\/\/ibn-sinaa.com\/product\/print-on-cork\/"}}]}
 ajax: no
2025-01-19T18:42:09+00:00 DEBUG Tt4b_Mapi_Class::mapi_post: Response: 

HTTP/1.1 200 OK
Server: nginx
Content-Type: application/json
Content-Length: 92
X-Tt-Logid: 20250119184209AEDDE9D36794515C230B
Server-Timing: inner; dur=35
x-tt-trace-host: 010f944bc43be00f209e30a38bc3490442ab1f7701c43117d48e838c6cea397d5b44415f09cf30b3607ad9a45b8eaeb5c456d5535aeee53bee9bb9bc29adc77bb687c08ca9326fbe860fc4afc33b73cb443fa2d4d1b2877a357124acd1efe72576
x-tt-trace-id: 00-250119184209AEDDE9D36794515C230B-4C370B2D66413892-00
Expires: Sun, 19 Jan 2025 18:42:09 GMT
Cache-Control: max-age=0, no-cache, no-store
Pragma: no-cache
Date: Sun, 19 Jan 2025 18:42:09 GMT
X-Cache: TCP_MISS from a23-77-196-94.deploy.akamaitechnologies.com (AkamaiGHost/11.8.0-1debf780f7d7c834933fa9689361eec6) (-)
Connection: close
x-tt-trace-tag: id=16;cdn-cache=miss;type=dyn
Server-Timing: cdn-cache; desc=MISS, edge; dur=7, origin; dur=126
X-Origin-Response-Time: 127,23.77.196.94
X-Akamai-Request-ID: 1389cf69

{"code": 0, "message": "OK", "request_id": "20250119184209AEDDE9D36794515C230B", "data": {}}
2025-01-19T18:42:45+00:00 DEBUG Tt4b_Pixel_Class::inject_add_to_cart_event: hit AddToCart
2025-01-19T18:42:45+00:00 DEBUG POST: https://business-api.tiktok.com/open_api/v1.3/event/track/

{"partner_name":"WooCommerce","event_source":"web","event_source_id":"CSM79Q3C77UAG1T340I0","data":[{"event":"AddToCart","event_id":"678d47a518323_tt4b_woocommerce_670666209cf1f_4426","event_time":1737312165,"user":{"ip":"54.36.148.87","user_agent":"Mozilla\/5.0 (compatible; AhrefsBot\/7.0; +http:\/\/ahrefs.com\/robot\/)","locale":"ar","external_id":"0","email":"e3b0c44298fc1c149afbf4c8996fb92427ae41e4649b934ca495991b7852b855","phone_number":"e3b0c44298fc1c149afbf4c8996fb92427ae41e4649b934ca495991b7852b855","first_name":"e3b0c44298fc1c149afbf4c8996fb92427ae41e4649b934ca495991b7852b855","last_name":"e3b0c44298fc1c149afbf4c8996fb92427ae41e4649b934ca495991b7852b855","zip_code":"e3b0c44298fc1c149afbf4c8996fb92427ae41e4649b934ca495991b7852b855"},"properties":{"contents":[{"price":180,"quantity":1,"content_id":"4426","content_name":"\u062a\u0642\u0648\u064a\u0645 \u0627\u0643\u0631\u064a\u0644\u064a\u0643 \u0645\u0639 \u062c\u064a\u0628 \u062e\u0634\u0628","description":"\u062a\u0642\u0648\u064a\u0645 \u0623\u0643\u0631\u064a\u0644\u064a\u0643 \u0645\u0639 \u062c\u064a\u0628 \u062e\u0634\u0628: \u062a\u0635\u0645\u064a\u0645 \u0639\u0635\u0631\u064a \u0648\u0623\u0646\u064a\u0642\u060c \u0645\u0635\u0646\u0648\u0639 \u0645\u0646 \u0627\u0644\u0623\u0643\u0631\u064a\u0644\u064a\u0643 \u0627\u0644\u0645\u062a\u064a\u0646 \u0628\u0648\u0636\u0648\u062d \u0627\u0633\u062a\u062b\u0646\u0627\u0626\u064a \u0644\u0644\u0643\u062a\u0627\u0628\u0629 \u0648\u0627\u0644\u0631\u0624\u064a\u0629\u060c \u064a\u0636\u064a\u0641 \u0644\u0645\u0633\u0629 \u0645\u0646 \u0627\u0644\u0641\u062e\u0627\u0645\u0629 \u0648\u0627\u0644\u062a\u0646\u0638\u064a\u0645 \u0644\u0645\u0643\u062a\u0628\u0643. \u0645\u062b\u0627\u0644\u064a \u0644\u062a\u0646\u0638\u064a\u0645 \u0627\u0644\u0645\u0648\u0627\u0639\u064a\u062f \u0648\u0627\u0644\u0627\u062c\u062a\u0645\u0627\u0639\u0627\u062a\u060c \u0648\u064a\u0636\u0641\u064a \u062c\u0627\u0630\u0628\u064a\u0629 \u0639\u0644\u0649 \u0645\u0633\u0627\u062d\u0629 \u0627\u0644\u0639\u0645\u0644 \u0627\u0644\u062e\u0627\u0635\u0629 \u0628\u0643.","availability":"IN_STOCK","sale_price":180,"on_sale":false}],"content_type":"product","currency":"SAR","value":180,"event_trigger_source":"WooCommerce"},"page":{"url":"http:\/\/ibn-sinaa.com\/product-category\/shields-and-gifts\/%D8%AA%D9%82%D9%88%D9%8A%D9%85%D8%A7%D8%AA\/?add-to-cart=4426"}}]}
 ajax: no
2025-01-19T18:42:45+00:00 DEBUG Tt4b_Mapi_Class::mapi_post: Response: 

HTTP/1.1 200 OK
Server: nginx
Content-Type: application/json
Content-Length: 92
X-Tt-Logid: 20250119184245813A864F92A75C385001
Server-Timing: inner; dur=42
x-tt-trace-host: 010f944bc43be00f209e30a38bc3490442ab1f7701c43117d48e838c6cea397d5bcd01926461eafd9387892781abd875c07e98bd96d8a020c425e2051714ee901f6db3305f756147d88b298305ae3d8a2fe3c6e2cc4d9091d581526916e47eab8f
x-tt-trace-id: 00-250119184245813A864F92A75C385001-392C793369800980-00
Expires: Sun, 19 Jan 2025 18:42:45 GMT
Cache-Control: max-age=0, no-cache, no-store
Pragma: no-cache
Date: Sun, 19 Jan 2025 18:42:45 GMT
X-Cache: TCP_MISS from a23-77-196-94.deploy.akamaitechnologies.com (AkamaiGHost/11.8.0-1debf780f7d7c834933fa9689361eec6) (-)
Connection: close
x-tt-trace-tag: id=16;cdn-cache=miss;type=dyn
Server-Timing: cdn-cache; desc=MISS, edge; dur=6, origin; dur=121
X-Origin-Response-Time: 121,23.77.196.94
X-Akamai-Request-ID: 138b2e85

{"code": 0, "message": "OK", "request_id": "20250119184245813A864F92A75C385001", "data": {}}
2025-01-19T18:42:45+00:00 DEBUG POST: https://business-api.tiktok.com/open_api/v1.3/event/track/

{"partner_name":"WooCommerce","event_source":"web","event_source_id":"CSM79Q3C77UAG1T340I0","data":[{"event":"Pageview","event_id":"678d47a59165a_tt4b_woocommerce_670666209cf1f","event_time":1737312165,"user":{"ip":"54.36.148.87","user_agent":"Mozilla\/5.0 (compatible; AhrefsBot\/7.0; +http:\/\/ahrefs.com\/robot\/)","locale":"ar","external_id":"0","email":"e3b0c44298fc1c149afbf4c8996fb92427ae41e4649b934ca495991b7852b855","phone_number":"e3b0c44298fc1c149afbf4c8996fb92427ae41e4649b934ca495991b7852b855","first_name":"e3b0c44298fc1c149afbf4c8996fb92427ae41e4649b934ca495991b7852b855","last_name":"e3b0c44298fc1c149afbf4c8996fb92427ae41e4649b934ca495991b7852b855","zip_code":"e3b0c44298fc1c149afbf4c8996fb92427ae41e4649b934ca495991b7852b855"},"page":{"url":"http:\/\/ibn-sinaa.com\/product-category\/shields-and-gifts\/%D8%AA%D9%82%D9%88%D9%8A%D9%85%D8%A7%D8%AA\/?add-to-cart=4426"}}]}
 ajax: no
2025-01-19T18:42:45+00:00 DEBUG Tt4b_Mapi_Class::mapi_post: Response: 

HTTP/1.1 200 OK
Server: nginx
Content-Type: application/json
Content-Length: 92
X-Tt-Logid: 20250119184245C3657E04ED7EFB38192E
Server-Timing: inner; dur=31
x-tt-trace-host: 010f944bc43be00f209e30a38bc3490442ab1f7701c43117d48e838c6cea397d5bf0ff68fa9028f5686937cd8570330c76354047451ad8fa3fe6d378dbad2dc7d53abd01718bc280ae1479fcd652a1685ced9d09f4c2bcbfdeefaf4f31fea635ad
x-tt-trace-id: 00-250119184245C3657E04ED7EFB38192E-63D74F192FB4AA56-00
Expires: Sun, 19 Jan 2025 18:42:45 GMT
Cache-Control: max-age=0, no-cache, no-store
Pragma: no-cache
Date: Sun, 19 Jan 2025 18:42:45 GMT
X-Cache: TCP_MISS from a23-77-196-94.deploy.akamaitechnologies.com (AkamaiGHost/11.8.0-1debf780f7d7c834933fa9689361eec6) (-)
Connection: close
x-tt-trace-tag: id=16;cdn-cache=miss;type=dyn
Server-Timing: cdn-cache; desc=MISS, edge; dur=4, origin; dur=111
X-Origin-Response-Time: 111,23.77.196.94
X-Akamai-Request-ID: 138b3367

{"code": 0, "message": "OK", "request_id": "20250119184245C3657E04ED7EFB38192E", "data": {}}
2025-01-19T18:44:10+00:00 DEBUG POST: https://business-api.tiktok.com/open_api/v1.3/event/track/

{"partner_name":"WooCommerce","event_source":"web","event_source_id":"CSM79Q3C77UAG1T340I0","data":[{"event":"Pageview","event_id":"678d47fad630a_tt4b_woocommerce_670666209cf1f","event_time":1737312250,"user":{"ip":"66.249.79.170","user_agent":"Mozilla\/5.0 (Linux; Android 6.0.1; Nexus 5X Build\/MMB29P) AppleWebKit\/537.36 (KHTML, like Gecko) Chrome\/132.0.6834.83 Mobile Safari\/537.36 (compatible; Googlebot\/2.1; +http:\/\/www.google.com\/bot.html)","locale":"ar","external_id":"0","email":"e3b0c44298fc1c149afbf4c8996fb92427ae41e4649b934ca495991b7852b855","phone_number":"e3b0c44298fc1c149afbf4c8996fb92427ae41e4649b934ca495991b7852b855","first_name":"e3b0c44298fc1c149afbf4c8996fb92427ae41e4649b934ca495991b7852b855","last_name":"e3b0c44298fc1c149afbf4c8996fb92427ae41e4649b934ca495991b7852b855","zip_code":"e3b0c44298fc1c149afbf4c8996fb92427ae41e4649b934ca495991b7852b855"},"page":{"url":"http:\/\/mail.ibn-sinaa.com\/product\/roll-up-printing\/"}}]}
 ajax: no
2025-01-19T18:44:11+00:00 DEBUG Tt4b_Mapi_Class::mapi_post: Response: 

HTTP/1.1 200 OK
Server: nginx
Content-Type: application/json
Content-Length: 92
X-Tt-Logid: 2025011918441009CFD6BDF88256816113
x-tt-trace-host: 010f944bc43be00f209e30a38bc3490442eaa3404e11bcf4b9ac1c333e5763d409127552cec5423599eac9fcac96656963f45ec84ed0ae3e369648ba4d0083da6941b0a4ab036d65b0a70a809b53374f5aeec0c86efee42cb83e642057df7208198837bbb46df64449f916b329ea1010d7
x-tt-trace-id: 00-25011918441009CFD6BDF88256816113-3EBCFAF73F2362C1-00
X-Origin-Response-Time: 55,23.57.70.81
X-Akamai-Request-ID: 68e60457.138e955a
Expires: Sun, 19 Jan 2025 18:44:11 GMT
Cache-Control: max-age=0, no-cache, no-store
Pragma: no-cache
Date: Sun, 19 Jan 2025 18:44:11 GMT
X-Cache: TCP_MISS from a23-77-196-94.deploy.akamaitechnologies.com (AkamaiGHost/11.8.0-1debf780f7d7c834933fa9689361eec6) (-)
Connection: close
X-Cache-Remote: TCP_MISS from a23-57-70-81.deploy.akamaitechnologies.com (AkamaiGHost/11.8.0-1debf780f7d7c834933fa9689361eec6) (-)
x-tt-trace-tag: id=16;cdn-cache=miss;type=dyn
Server-Timing: cdn-cache; desc=MISS, edge; dur=84, origin; dur=55
Server-Timing: inner; dur=41
X-Parent-Response-Time: 135,23.77.196.94

{"code": 0, "message": "OK", "request_id": "2025011918441009CFD6BDF88256816113", "data": {}}
2025-01-19T18:44:11+00:00 DEBUG Tt4b_Pixel_Class::inject_view_content_event: hit ViewContent
2025-01-19T18:44:11+00:00 DEBUG POST: https://business-api.tiktok.com/open_api/v1.3/event/track/

{"partner_name":"WooCommerce","event_source":"web","event_source_id":"CSM79Q3C77UAG1T340I0","data":[{"event":"ViewContent","event_id":"678d47fb2300b_tt4b_woocommerce_670666209cf1f_3667","event_time":1737312251,"user":{"ip":"66.249.79.170","user_agent":"Mozilla\/5.0 (Linux; Android 6.0.1; Nexus 5X Build\/MMB29P) AppleWebKit\/537.36 (KHTML, like Gecko) Chrome\/132.0.6834.83 Mobile Safari\/537.36 (compatible; Googlebot\/2.1; +http:\/\/www.google.com\/bot.html)","locale":"ar","external_id":"0","email":"e3b0c44298fc1c149afbf4c8996fb92427ae41e4649b934ca495991b7852b855","phone_number":"e3b0c44298fc1c149afbf4c8996fb92427ae41e4649b934ca495991b7852b855","first_name":"e3b0c44298fc1c149afbf4c8996fb92427ae41e4649b934ca495991b7852b855","last_name":"e3b0c44298fc1c149afbf4c8996fb92427ae41e4649b934ca495991b7852b855","zip_code":"e3b0c44298fc1c149afbf4c8996fb92427ae41e4649b934ca495991b7852b855"},"properties":{"contents":[{"price":120,"quantity":1,"content_id":"3667","content_name":"\u0637\u0628\u0627\u0639\u0629 \u0631\u0648\u0644 \u0627\u0628","description":"\u0631\u0648\u0644 \u0627\u0628 \u0645\u0642\u0627\u0633\u0627\u062a \u0645\u062a\u0646\u0648\u0639\u0629.\r\n\u0627\u0644\u062e\u0627\u0645\u0629 \u0628\u0648\u0633\u062a\u0631.\r\n\u0645\u062f\u0629 \u0627\u0644\u062a\u0646\u0641\u064a\u0630: \u0645\u0646 3 \u0625\u0644\u0649 5 \u0623\u064a\u0627\u0645 \u0639\u0645\u0644 \u0628\u0639\u062f \u0627\u0639\u062a\u0645\u0627\u062f \u0627\u0644\u062a\u0635\u0645\u064a\u0645 \u0648\u0627\u0644\u0637\u0644\u0628 \u062d\u0633\u0628 \u0627\u0644\u0643\u0645\u064a\u0629 (\u062a\u0632\u064a\u062f \u0627\u0644\u0645\u062f\u0629 \u0639\u0646\u062f \u0637\u0644\u0628 \u0627\u0644\u0634\u062d\u0646).","availability":"IN_STOCK","sale_price":120,"on_sale":false}],"content_type":"product","currency":"SAR","value":120,"event_trigger_source":"WooCommerce"},"page":{"url":"http:\/\/mail.ibn-sinaa.com\/product\/roll-up-printing\/"}}]}
 ajax: no
2025-01-19T18:44:11+00:00 DEBUG Tt4b_Mapi_Class::mapi_post: Response: 

HTTP/1.1 200 OK
Server: nginx
Content-Type: application/json
Content-Length: 92
X-Tt-Logid: 202501191844110D6CF383FB2F78A0513D
Server-Timing: inner; dur=40
x-tt-trace-host: 010f944bc43be00f209e30a38bc3490442d13bbf9d2c86c006e6fe6e7ba6cbdb2aabaead823c9fabe59be07cdb2e16a6382f56983904cdc4dd4bb34f8a568c31c42392a0dc6456b2a209c37a19e739d9ea09a19c1c0c020ac20532756e3b886715
x-tt-trace-id: 00-2501191844110D6CF383FB2F78A0513D-5764D98344CED187-00
Expires: Sun, 19 Jan 2025 18:44:11 GMT
Cache-Control: max-age=0, no-cache, no-store
Pragma: no-cache
Date: Sun, 19 Jan 2025 18:44:11 GMT
X-Cache: TCP_MISS from a23-77-196-76.deploy.akamaitechnologies.com (AkamaiGHost/11.8.0-1debf780f7d7c834933fa9689361eec6) (-)
Connection: close
x-tt-trace-tag: id=16;cdn-cache=miss;type=dyn
Server-Timing: cdn-cache; desc=MISS, edge; dur=4, origin; dur=121
X-Origin-Response-Time: 121,23.77.196.76
X-Akamai-Request-ID: f9b9886

{"code": 0, "message": "OK", "request_id": "202501191844110D6CF383FB2F78A0513D", "data": {}}
2025-01-19T18:44:15+00:00 DEBUG POST: https://business-api.tiktok.com/open_api/v1.3/event/track/

{"partner_name":"WooCommerce","event_source":"web","event_source_id":"CSM79Q3C77UAG1T340I0","data":[{"event":"Pageview","event_id":"678d47ff1ccab_tt4b_woocommerce_670666209cf1f","event_time":1737312255,"user":{"ip":"52.167.144.166","user_agent":"Mozilla\/5.0 AppleWebKit\/537.36 (KHTML, like Gecko; compatible; bingbot\/2.0; +http:\/\/www.bing.com\/bingbot.htm) Chrome\/116.0.1938.76 Safari\/537.36","locale":"ar","external_id":"0","email":"e3b0c44298fc1c149afbf4c8996fb92427ae41e4649b934ca495991b7852b855","phone_number":"e3b0c44298fc1c149afbf4c8996fb92427ae41e4649b934ca495991b7852b855","first_name":"e3b0c44298fc1c149afbf4c8996fb92427ae41e4649b934ca495991b7852b855","last_name":"e3b0c44298fc1c149afbf4c8996fb92427ae41e4649b934ca495991b7852b855","zip_code":"e3b0c44298fc1c149afbf4c8996fb92427ae41e4649b934ca495991b7852b855"},"page":{"url":"http:\/\/ibn-sinaa.com\/?s=2024"}}]}
 ajax: no
2025-01-19T18:44:15+00:00 DEBUG Tt4b_Mapi_Class::mapi_post: Response: 

HTTP/1.1 200 OK
Server: nginx
Content-Type: application/json
Content-Length: 92
X-Tt-Logid: 202501191844158C8D786D04B77D44201B
x-tt-trace-host: 010f944bc43be00f209e30a38bc3490442eaa3404e11bcf4b9ac1c333e5763d409127552cec5423599eac9fcac96656963380ffad39ad1eb08c4a98c3fd2fbc82290e5119d30af9ca3a5f91755bd4de5e5a3d2d97263d8eca3d61a689e2e4d41c2ccdebcf80ff60bdf6722bddf9bfca57f
x-tt-trace-id: 00-2501191844158C8D786D04B77D44201B-572A5CE039593BAF-00
X-Origin-Response-Time: 42,23.57.70.81
X-Akamai-Request-ID: 68e6efb0.138ec0ba
Expires: Sun, 19 Jan 2025 18:44:15 GMT
Cache-Control: max-age=0, no-cache, no-store
Pragma: no-cache
Date: Sun, 19 Jan 2025 18:44:15 GMT
X-Cache: TCP_MISS from a23-77-196-94.deploy.akamaitechnologies.com (AkamaiGHost/11.8.0-1debf780f7d7c834933fa9689361eec6) (-)
Connection: close
X-Cache-Remote: TCP_MISS from a23-57-70-81.deploy.akamaitechnologies.com (AkamaiGHost/11.8.0-1debf780f7d7c834933fa9689361eec6) (-)
x-tt-trace-tag: id=16;cdn-cache=miss;type=dyn
Server-Timing: cdn-cache; desc=MISS, edge; dur=77, origin; dur=42
Server-Timing: inner; dur=30
X-Parent-Response-Time: 116,23.77.196.94

{"code": 0, "message": "OK", "request_id": "202501191844158C8D786D04B77D44201B", "data": {}}
2025-01-19T18:45:28+00:00 DEBUG Tt4b_Pixel_Class::inject_add_to_cart_event: hit AddToCart
2025-01-19T18:45:28+00:00 DEBUG POST: https://business-api.tiktok.com/open_api/v1.3/event/track/

{"partner_name":"WooCommerce","event_source":"web","event_source_id":"CSM79Q3C77UAG1T340I0","data":[{"event":"AddToCart","event_id":"678d484865a12_tt4b_woocommerce_670666209cf1f_4428","event_time":1737312328,"user":{"ip":"54.36.148.181","user_agent":"Mozilla\/5.0 (compatible; AhrefsBot\/7.0; +http:\/\/ahrefs.com\/robot\/)","locale":"ar","external_id":"0","email":"e3b0c44298fc1c149afbf4c8996fb92427ae41e4649b934ca495991b7852b855","phone_number":"e3b0c44298fc1c149afbf4c8996fb92427ae41e4649b934ca495991b7852b855","first_name":"e3b0c44298fc1c149afbf4c8996fb92427ae41e4649b934ca495991b7852b855","last_name":"e3b0c44298fc1c149afbf4c8996fb92427ae41e4649b934ca495991b7852b855","zip_code":"e3b0c44298fc1c149afbf4c8996fb92427ae41e4649b934ca495991b7852b855"},"properties":{"contents":[{"price":180,"quantity":1,"content_id":"4428","content_name":"\u062a\u0642\u0648\u064a\u0645 \u0627\u0643\u0631\u064a\u0644\u064a\u0643 \u0627\u0633\u0648\u062f \u0645\u0639 \u062e\u0634\u0628","description":"\u062a\u0642\u0648\u064a\u0645 \u0623\u0643\u0631\u064a\u0644\u064a\u0643 \u0627\u0633\u0648\u062f \u0645\u0639 \u062e\u0634\u0628: \u062a\u0635\u0645\u064a\u0645 \u0639\u0635\u0631\u064a \u0648\u0623\u0646\u064a\u0642\u060c \u0645\u0635\u0646\u0648\u0639 \u0645\u0646 \u0627\u0644\u0623\u0643\u0631\u064a\u0644\u064a\u0643 \u0627\u0644\u0645\u062a\u064a\u0646 \u0628\u0648\u0636\u0648\u062d \u0627\u0633\u062a\u062b\u0646\u0627\u0626\u064a \u0644\u0644\u0643\u062a\u0627\u0628\u0629 \u0648\u0627\u0644\u0631\u0624\u064a\u0629\u060c \u064a\u0636\u064a\u0641 \u0644\u0645\u0633\u0629 \u0645\u0646 \u0627\u0644\u0641\u062e\u0627\u0645\u0629 \u0648\u0627\u0644\u062a\u0646\u0638\u064a\u0645 \u0644\u0645\u0643\u062a\u0628\u0643. \u0645\u062b\u0627\u0644\u064a \u0644\u062a\u0646\u0638\u064a\u0645 \u0627\u0644\u0645\u0648\u0627\u0639\u064a\u062f \u0648\u0627\u0644\u0627\u062c\u062a\u0645\u0627\u0639\u0627\u062a\u060c \u0648\u064a\u0636\u0641\u064a \u062c\u0627\u0630\u0628\u064a\u0629 \u0639\u0644\u0649 \u0645\u0633\u0627\u062d\u0629 \u0627\u0644\u0639\u0645\u0644 \u0627\u0644\u062e\u0627\u0635\u0629 \u0628\u0643.","availability":"IN_STOCK","sale_price":180,"on_sale":false}],"content_type":"product","currency":"SAR","value":180,"event_trigger_source":"WooCommerce"},"page":{"url":"http:\/\/ibn-sinaa.com\/product-category\/shields-and-gifts\/%D8%AA%D9%82%D9%88%D9%8A%D9%85%D8%A7%D8%AA\/?add-to-cart=4428"}}]}
 ajax: no
2025-01-19T18:45:28+00:00 DEBUG Tt4b_Mapi_Class::mapi_post: Response: 

HTTP/1.1 200 OK
Server: nginx
Content-Type: application/json
Content-Length: 92
X-Tt-Logid: 202501191845283B68DAE177737052FFB0
x-tt-trace-host: 010f944bc43be00f209e30a38bc3490442e986d75a4a945d3d7df5ec7fb8a1803315da51477b10889aa09a1d80df4940f3afc483def0f2f5b687ad0d9a992f919aff5f93a60bf8e8e306617563b1e20f780c0c817ce3c6281bc4a9d520b71238932cf9f59b74173a26a7170a976c01cae7
x-tt-trace-id: 00-2501191845283B68DAE177737052FFB0-072BE5135AE5B27A-00
X-Origin-Response-Time: 61,23.52.15.133
X-Akamai-Request-ID: 7d90d320.f9f390f
Expires: Sun, 19 Jan 2025 18:45:28 GMT
Cache-Control: max-age=0, no-cache, no-store
Pragma: no-cache
Date: Sun, 19 Jan 2025 18:45:28 GMT
X-Cache: TCP_MISS from a23-77-196-76.deploy.akamaitechnologies.com (AkamaiGHost/11.8.0-1debf780f7d7c834933fa9689361eec6) (-)
Connection: close
X-Cache-Remote: TCP_MISS from a23-52-15-133.deploy.akamaitechnologies.com (AkamaiGHost/11.8.0-1debf780f7d7c834933fa9689361eec6) (-)
x-tt-trace-tag: id=16;cdn-cache=miss;type=dyn
Server-Timing: cdn-cache; desc=MISS, edge; dur=97, origin; dur=61
Server-Timing: inner; dur=58
X-Parent-Response-Time: 152,23.77.196.76

{"code": 0, "message": "OK", "request_id": "202501191845283B68DAE177737052FFB0", "data": {}}
2025-01-19T18:45:28+00:00 DEBUG POST: https://business-api.tiktok.com/open_api/v1.3/event/track/

{"partner_name":"WooCommerce","event_source":"web","event_source_id":"CSM79Q3C77UAG1T340I0","data":[{"event":"Pageview","event_id":"678d4848e8eec_tt4b_woocommerce_670666209cf1f","event_time":1737312328,"user":{"ip":"54.36.148.181","user_agent":"Mozilla\/5.0 (compatible; AhrefsBot\/7.0; +http:\/\/ahrefs.com\/robot\/)","locale":"ar","external_id":"0","email":"e3b0c44298fc1c149afbf4c8996fb92427ae41e4649b934ca495991b7852b855","phone_number":"e3b0c44298fc1c149afbf4c8996fb92427ae41e4649b934ca495991b7852b855","first_name":"e3b0c44298fc1c149afbf4c8996fb92427ae41e4649b934ca495991b7852b855","last_name":"e3b0c44298fc1c149afbf4c8996fb92427ae41e4649b934ca495991b7852b855","zip_code":"e3b0c44298fc1c149afbf4c8996fb92427ae41e4649b934ca495991b7852b855"},"page":{"url":"http:\/\/ibn-sinaa.com\/product-category\/shields-and-gifts\/%D8%AA%D9%82%D9%88%D9%8A%D9%85%D8%A7%D8%AA\/?add-to-cart=4428"}}]}
 ajax: no
2025-01-19T18:45:29+00:00 DEBUG Tt4b_Mapi_Class::mapi_post: Response: 

HTTP/1.1 200 OK
Server: nginx
Content-Type: application/json
Content-Length: 92
X-Tt-Logid: 2025011918452906C5E18D3A787A398D72
x-tt-trace-host: 010f944bc43be00f209e30a38bc3490442eaa3404e11bcf4b9ac1c333e5763d40927a9d075f8da0b6e3c52b74e6dce3020e090149d0fb4847993feefe5ef45ea95fc2aee4b39c113b94c0dafbdc2793dbf51fe73753b0ef02a1f0c3fcff77e18b17b70cf6b44e37875afdede3b61986533
x-tt-trace-id: 00-25011918452906C5E18D3A787A398D72-3B6E06979DADD26D-00
X-Origin-Response-Time: 32,23.218.219.61
X-Akamai-Request-ID: 26295698.1391fbcc
Expires: Sun, 19 Jan 2025 18:45:29 GMT
Cache-Control: max-age=0, no-cache, no-store
Pragma: no-cache
Date: Sun, 19 Jan 2025 18:45:29 GMT
X-Cache: TCP_MISS from a23-77-196-94.deploy.akamaitechnologies.com (AkamaiGHost/11.8.0-1debf780f7d7c834933fa9689361eec6) (-)
Connection: close
X-Cache-Remote: TCP_MISS from a23-218-219-61.deploy.akamaitechnologies.com (AkamaiGHost/11.8.0-1debf780f7d7c834933fa9689361eec6) (-)
x-tt-trace-tag: id=16;cdn-cache=miss;type=dyn
Server-Timing: cdn-cache; desc=MISS, edge; dur=87, origin; dur=32
Server-Timing: inner; dur=27
X-Parent-Response-Time: 115,23.77.196.94

{"code": 0, "message": "OK", "request_id": "2025011918452906C5E18D3A787A398D72", "data": {}}
2025-01-19T18:46:49+00:00 DEBUG Tt4b_Pixel_Class::inject_add_to_cart_event: hit AddToCart
2025-01-19T18:46:49+00:00 DEBUG POST: https://business-api.tiktok.com/open_api/v1.3/event/track/

{"partner_name":"WooCommerce","event_source":"web","event_source_id":"CSM79Q3C77UAG1T340I0","data":[{"event":"AddToCart","event_id":"678d489928554_tt4b_woocommerce_670666209cf1f_4430","event_time":1737312409,"user":{"ip":"54.36.148.78","user_agent":"Mozilla\/5.0 (compatible; AhrefsBot\/7.0; +http:\/\/ahrefs.com\/robot\/)","locale":"ar","external_id":"0","email":"e3b0c44298fc1c149afbf4c8996fb92427ae41e4649b934ca495991b7852b855","phone_number":"e3b0c44298fc1c149afbf4c8996fb92427ae41e4649b934ca495991b7852b855","first_name":"e3b0c44298fc1c149afbf4c8996fb92427ae41e4649b934ca495991b7852b855","last_name":"e3b0c44298fc1c149afbf4c8996fb92427ae41e4649b934ca495991b7852b855","zip_code":"e3b0c44298fc1c149afbf4c8996fb92427ae41e4649b934ca495991b7852b855"},"properties":{"contents":[{"price":230,"quantity":1,"content_id":"4430","content_name":"\u062a\u0642\u0648\u064a\u0645 \u0627\u0643\u0631\u064a\u0644\u064a\u0643 \u0645\u0639 \u062d\u0627\u0645\u0644 \u0645\u0648\u0628\u0627\u064a\u0644","description":"\u062a\u0642\u0648\u064a\u0645 \u0623\u0643\u0631\u064a\u0644\u064a\u0643 \u0645\u0639 \u062d\u0627\u0645\u0644 \u0645\u0648\u0628\u0627\u064a\u0644: \u062a\u0635\u0645\u064a\u0645 \u0639\u0635\u0631\u064a \u0648\u0623\u0646\u064a\u0642\u060c \u0645\u0635\u0646\u0648\u0639 \u0645\u0646 \u0627\u0644\u0623\u0643\u0631\u064a\u0644\u064a\u0643 \u0627\u0644\u0645\u062a\u064a\u0646 \u0628\u0648\u0636\u0648\u062d \u0627\u0633\u062a\u062b\u0646\u0627\u0626\u064a \u0644\u0644\u0643\u062a\u0627\u0628\u0629 \u0648\u0627\u0644\u0631\u0624\u064a\u0629\u060c \u064a\u0636\u064a\u0641 \u0644\u0645\u0633\u0629 \u0645\u0646 \u0627\u0644\u0641\u062e\u0627\u0645\u0629 \u0648\u0627\u0644\u062a\u0646\u0638\u064a\u0645 \u0644\u0645\u0643\u062a\u0628\u0643. \u0645\u062b\u0627\u0644\u064a \u0644\u062a\u0646\u0638\u064a\u0645 \u0627\u0644\u0645\u0648\u0627\u0639\u064a\u062f \u0648\u0627\u0644\u0627\u062c\u062a\u0645\u0627\u0639\u0627\u062a\u060c \u0648\u064a\u0636\u0641\u064a \u062c\u0627\u0630\u0628\u064a\u0629 \u0639\u0644\u0649 \u0645\u0633\u0627\u062d\u0629 \u0627\u0644\u0639\u0645\u0644 \u0627\u0644\u062e\u0627\u0635\u0629 \u0628\u0643.","availability":"IN_STOCK","sale_price":230,"on_sale":false}],"content_type":"product","currency":"SAR","value":230,"event_trigger_source":"WooCommerce"},"page":{"url":"http:\/\/ibn-sinaa.com\/product-category\/shields-and-gifts\/%D8%AA%D9%82%D9%88%D9%8A%D9%85%D8%A7%D8%AA\/?add-to-cart=4430"}}]}
 ajax: no
2025-01-19T18:46:49+00:00 DEBUG Tt4b_Mapi_Class::mapi_post: Response: 

HTTP/1.1 200 OK
Server: nginx
Content-Type: application/json
Content-Length: 92
X-Tt-Logid: 2025011918464921C457AE3606D98005DC
x-tt-trace-host: 010f944bc43be00f209e30a38bc3490442e986d75a4a945d3d7df5ec7fb8a180338691d693683d2a78dd06392e6176efa6876bf8e7b84fe2387f6b9a6c2ea2cce97b0297c43ff7cc2bb27a7fe6e7aa478a8c853b9eae089ec5c9226df6c7b4a9e2c5c17d7e1eb0e0e0699fbe18f3569c6b
x-tt-trace-id: 00-25011918464921C457AE3606D98005DC-535E33E5391B6DE3-00
X-Origin-Response-Time: 29,23.52.15.142
X-Akamai-Request-ID: bd2a7281.fa2aec9
Expires: Sun, 19 Jan 2025 18:46:49 GMT
Cache-Control: max-age=0, no-cache, no-store
Pragma: no-cache
Date: Sun, 19 Jan 2025 18:46:49 GMT
X-Cache: TCP_MISS from a23-77-196-76.deploy.akamaitechnologies.com (AkamaiGHost/11.8.0-1debf780f7d7c834933fa9689361eec6) (-)
Connection: close
X-Cache-Remote: TCP_MISS from a23-52-15-142.deploy.akamaitechnologies.com (AkamaiGHost/11.8.0-1debf780f7d7c834933fa9689361eec6) (-)
x-tt-trace-tag: id=16;cdn-cache=miss;type=dyn
Server-Timing: cdn-cache; desc=MISS, edge; dur=94, origin; dur=28
Server-Timing: inner; dur=24
X-Parent-Response-Time: 116,23.77.196.76

{"code": 0, "message": "OK", "request_id": "2025011918464921C457AE3606D98005DC", "data": {}}
2025-01-19T18:46:49+00:00 DEBUG POST: https://business-api.tiktok.com/open_api/v1.3/event/track/

{"partner_name":"WooCommerce","event_source":"web","event_source_id":"CSM79Q3C77UAG1T340I0","data":[{"event":"Pageview","event_id":"678d48999a2c9_tt4b_woocommerce_670666209cf1f","event_time":1737312409,"user":{"ip":"54.36.148.78","user_agent":"Mozilla\/5.0 (compatible; AhrefsBot\/7.0; +http:\/\/ahrefs.com\/robot\/)","locale":"ar","external_id":"0","email":"e3b0c44298fc1c149afbf4c8996fb92427ae41e4649b934ca495991b7852b855","phone_number":"e3b0c44298fc1c149afbf4c8996fb92427ae41e4649b934ca495991b7852b855","first_name":"e3b0c44298fc1c149afbf4c8996fb92427ae41e4649b934ca495991b7852b855","last_name":"e3b0c44298fc1c149afbf4c8996fb92427ae41e4649b934ca495991b7852b855","zip_code":"e3b0c44298fc1c149afbf4c8996fb92427ae41e4649b934ca495991b7852b855"},"page":{"url":"http:\/\/ibn-sinaa.com\/product-category\/shields-and-gifts\/%D8%AA%D9%82%D9%88%D9%8A%D9%85%D8%A7%D8%AA\/?add-to-cart=4430"}}]}
 ajax: no
2025-01-19T18:46:49+00:00 DEBUG Tt4b_Mapi_Class::mapi_post: Response: 

HTTP/1.1 200 OK
Server: nginx
Content-Type: application/json
Content-Length: 92
X-Tt-Logid: 20250119184649F9A885C754B22E8B9832
x-tt-trace-host: 010f944bc43be00f209e30a38bc3490442e986d75a4a945d3d7df5ec7fb8a18033d6945c343a97cc771eee1b3ff45215984ffede4986ccf2aca12e253ad356cdc90d32eb91c81b24edd5eb3d44b2f1d7bb5fd335ff6e0b29f4c9aed7df5da1e6754212d4af3dad0b550fb721b48d596242
x-tt-trace-id: 00-250119184649F9A885C754B22E8B9832-5DBDB3CF6B4764BC-00
X-Origin-Response-Time: 43,23.218.219.40
X-Akamai-Request-ID: 24580a1e.fa2b2f9
Expires: Sun, 19 Jan 2025 18:46:49 GMT
Cache-Control: max-age=0, no-cache, no-store
Pragma: no-cache
Date: Sun, 19 Jan 2025 18:46:49 GMT
X-Cache: TCP_MISS from a23-77-196-76.deploy.akamaitechnologies.com (AkamaiGHost/11.8.0-1debf780f7d7c834933fa9689361eec6) (-)
Connection: close
X-Cache-Remote: TCP_MISS from a23-218-219-40.deploy.akamaitechnologies.com (AkamaiGHost/11.8.0-1debf780f7d7c834933fa9689361eec6) (-)
x-tt-trace-tag: id=16;cdn-cache=miss;type=dyn
Server-Timing: cdn-cache; desc=MISS, edge; dur=89, origin; dur=43
Server-Timing: inner; dur=32
X-Parent-Response-Time: 128,23.77.196.76

{"code": 0, "message": "OK", "request_id": "20250119184649F9A885C754B22E8B9832", "data": {}}
2025-01-19T18:47:12+00:00 DEBUG POST: https://business-api.tiktok.com/open_api/v1.3/event/track/

{"partner_name":"WooCommerce","event_source":"web","event_source_id":"CSM79Q3C77UAG1T340I0","data":[{"event":"Pageview","event_id":"678d48b054d02_tt4b_woocommerce_670666209cf1f","event_time":1737312432,"user":{"ip":"66.249.79.33","user_agent":"Mozilla\/5.0 (Linux; Android 6.0.1; Nexus 5X Build\/MMB29P) AppleWebKit\/537.36 (KHTML, like Gecko) Chrome\/132.0.6834.83 Mobile Safari\/537.36 (compatible; Googlebot\/2.1; +http:\/\/www.google.com\/bot.html)","locale":"ar","external_id":"0","email":"e3b0c44298fc1c149afbf4c8996fb92427ae41e4649b934ca495991b7852b855","phone_number":"e3b0c44298fc1c149afbf4c8996fb92427ae41e4649b934ca495991b7852b855","first_name":"e3b0c44298fc1c149afbf4c8996fb92427ae41e4649b934ca495991b7852b855","last_name":"e3b0c44298fc1c149afbf4c8996fb92427ae41e4649b934ca495991b7852b855","zip_code":"e3b0c44298fc1c149afbf4c8996fb92427ae41e4649b934ca495991b7852b855"},"page":{"url":"http:\/\/mail.ibn-sinaa.com\/product-tag\/%D8%B7%D8%A8%D8%A7%D8%B9%D8%A9-%D8%AA%D9%82%D9%88%D9%8A%D9%85-2025\/page\/2\/"}}]}
 ajax: no
2025-01-19T18:47:12+00:00 DEBUG Tt4b_Mapi_Class::mapi_post: Response: 

HTTP/1.1 200 OK
Server: nginx
Content-Type: application/json
Content-Length: 92
X-Tt-Logid: 202501191847122C07D039B82C595E4607
x-tt-trace-host: 010f944bc43be00f209e30a38bc3490442e986d75a4a945d3d7df5ec7fb8a18033c6ed72f93381cb29e657465591feeeb4cd7f8353836b81e816de2c5aa4eb5b1b27aa2c737b96da590122c30e52cb7466543fc71680d67253f79fe73b85e3385aaf198feecdd6d02d96da9302e5256656
x-tt-trace-id: 00-2501191847122C07D039B82C595E4607-0739FDD078328D51-00
X-Origin-Response-Time: 43,23.57.70.81
X-Akamai-Request-ID: 690cf125.fa3889f
Expires: Sun, 19 Jan 2025 18:47:12 GMT
Cache-Control: max-age=0, no-cache, no-store
Pragma: no-cache
Date: Sun, 19 Jan 2025 18:47:12 GMT
X-Cache: TCP_MISS from a23-77-196-76.deploy.akamaitechnologies.com (AkamaiGHost/11.8.0-1debf780f7d7c834933fa9689361eec6) (-)
Connection: close
X-Cache-Remote: TCP_MISS from a23-57-70-81.deploy.akamaitechnologies.com (AkamaiGHost/11.8.0-1debf780f7d7c834933fa9689361eec6) (-)
x-tt-trace-tag: id=16;cdn-cache=miss;type=dyn
Server-Timing: cdn-cache; desc=MISS, edge; dur=90, origin; dur=43
Server-Timing: inner; dur=33
X-Parent-Response-Time: 128,23.77.196.76

{"code": 0, "message": "OK", "request_id": "202501191847122C07D039B82C595E4607", "data": {}}
2025-01-19T18:48:06+00:00 DEBUG POST: https://business-api.tiktok.com/open_api/v1.3/event/track/

{"partner_name":"WooCommerce","event_source":"web","event_source_id":"CSM79Q3C77UAG1T340I0","data":[{"event":"Pageview","event_id":"678d48e60c2e3_tt4b_woocommerce_670666209cf1f","event_time":1737312486,"user":{"ip":"52.167.144.171","user_agent":"Mozilla\/5.0 AppleWebKit\/537.36 (KHTML, like Gecko; compatible; bingbot\/2.0; +http:\/\/www.bing.com\/bingbot.htm) Chrome\/116.0.1938.76 Safari\/537.36","locale":"ar","external_id":"0","email":"e3b0c44298fc1c149afbf4c8996fb92427ae41e4649b934ca495991b7852b855","phone_number":"e3b0c44298fc1c149afbf4c8996fb92427ae41e4649b934ca495991b7852b855","first_name":"e3b0c44298fc1c149afbf4c8996fb92427ae41e4649b934ca495991b7852b855","last_name":"e3b0c44298fc1c149afbf4c8996fb92427ae41e4649b934ca495991b7852b855","zip_code":"e3b0c44298fc1c149afbf4c8996fb92427ae41e4649b934ca495991b7852b855"},"page":{"url":"http:\/\/www.ibn-sinaa.com\/?s=2024"}}]}
 ajax: no
2025-01-19T18:48:06+00:00 DEBUG Tt4b_Mapi_Class::mapi_post: Response: 

HTTP/1.1 200 OK
Server: nginx
Content-Type: application/json
Content-Length: 92
X-Tt-Logid: 2025011918480663B19B1E3B66B03E6496
Server-Timing: inner; dur=58
x-tt-trace-host: 010f944bc43be00f209e30a38bc3490442d13bbf9d2c86c006e6fe6e7ba6cbdb2a15e461bbc7aad0eaf814a175bd7bbbc542ea96b2f3b0cbb550886a47677e689ba226c08d34e2775be5684fbe02dfe9cc5892626cfd2f1ad012299cfa3f875768
x-tt-trace-id: 00-25011918480663B19B1E3B66B03E6496-0C13EA3DA2EA7B7C-00
Expires: Sun, 19 Jan 2025 18:48:06 GMT
Cache-Control: max-age=0, no-cache, no-store
Pragma: no-cache
Date: Sun, 19 Jan 2025 18:48:06 GMT
X-Cache: TCP_MISS from a23-77-196-76.deploy.akamaitechnologies.com (AkamaiGHost/11.8.0-1debf780f7d7c834933fa9689361eec6) (-)
Connection: close
x-tt-trace-tag: id=16;cdn-cache=miss;type=dyn
Server-Timing: cdn-cache; desc=MISS, edge; dur=4, origin; dur=138
X-Origin-Response-Time: 139,23.77.196.76
X-Akamai-Request-ID: fa57824

{"code": 0, "message": "OK", "request_id": "2025011918480663B19B1E3B66B03E6496", "data": {}}
2025-01-19T18:48:16+00:00 DEBUG POST: https://business-api.tiktok.com/open_api/v1.3/event/track/

{"partner_name":"WooCommerce","event_source":"web","event_source_id":"CSM79Q3C77UAG1T340I0","data":[{"event":"Pageview","event_id":"678d48f011677_tt4b_woocommerce_670666209cf1f","event_time":1737312496,"user":{"ip":"66.249.76.235","user_agent":"Mozilla\/5.0 (Linux; Android 6.0.1; Nexus 5X Build\/MMB29P) AppleWebKit\/537.36 (KHTML, like Gecko) Chrome\/132.0.6834.83 Mobile Safari\/537.36 (compatible; Googlebot\/2.1; +http:\/\/www.google.com\/bot.html)","locale":"ar","external_id":"0","email":"e3b0c44298fc1c149afbf4c8996fb92427ae41e4649b934ca495991b7852b855","phone_number":"e3b0c44298fc1c149afbf4c8996fb92427ae41e4649b934ca495991b7852b855","first_name":"e3b0c44298fc1c149afbf4c8996fb92427ae41e4649b934ca495991b7852b855","last_name":"e3b0c44298fc1c149afbf4c8996fb92427ae41e4649b934ca495991b7852b855","zip_code":"e3b0c44298fc1c149afbf4c8996fb92427ae41e4649b934ca495991b7852b855"},"page":{"url":"http:\/\/mail.ibn-sinaa.com\/product-tag\/%D8%AF%D8%B9%D8%A7%D9%8A%D8%A9-%D9%88%D8%A7%D8%B9%D9%84%D8%A7%D9%86\/"}}]}
 ajax: no
2025-01-19T18:48:16+00:00 DEBUG Tt4b_Mapi_Class::mapi_post: Response: 

HTTP/1.1 200 OK
Server: nginx
Content-Type: application/json
Content-Length: 92
X-Tt-Logid: 20250119184816447C96E3B457093F224A
x-tt-trace-host: 010f944bc43be00f209e30a38bc3490442eaa3404e11bcf4b9ac1c333e5763d409c0e7b9cd10f286b080c6f416b03b8a3a4cf43aae4990243f2b86d3d40888c2362a2ce7b37f629203e47876bcd338afee97b4e0d22a143b1c72dd3c43306c2c17d2b55ad83a270480de984930e9978cda
x-tt-trace-id: 00-250119184816447C96E3B457093F224A-3B7F8171463C8A9C-00
X-Origin-Response-Time: 40,23.52.15.204
X-Akamai-Request-ID: 8205bb2c.13981098
Expires: Sun, 19 Jan 2025 18:48:16 GMT
Cache-Control: max-age=0, no-cache, no-store
Pragma: no-cache
Date: Sun, 19 Jan 2025 18:48:16 GMT
X-Cache: TCP_MISS from a23-77-196-94.deploy.akamaitechnologies.com (AkamaiGHost/11.8.0-1debf780f7d7c834933fa9689361eec6) (-)
Connection: close
X-Cache-Remote: TCP_MISS from a23-52-15-204.deploy.akamaitechnologies.com (AkamaiGHost/11.8.0-1debf780f7d7c834933fa9689361eec6) (-)
x-tt-trace-tag: id=16;cdn-cache=miss;type=dyn
Server-Timing: cdn-cache; desc=MISS, edge; dur=83, origin; dur=40
Server-Timing: inner; dur=37
X-Parent-Response-Time: 120,23.77.196.94

{"code": 0, "message": "OK", "request_id": "20250119184816447C96E3B457093F224A", "data": {}}
2025-01-19T18:48:49+00:00 DEBUG Tt4b_Pixel_Class::inject_add_to_cart_event: hit AddToCart
2025-01-19T18:48:49+00:00 DEBUG POST: https://business-api.tiktok.com/open_api/v1.3/event/track/

{"partner_name":"WooCommerce","event_source":"web","event_source_id":"CSM79Q3C77UAG1T340I0","data":[{"event":"AddToCart","event_id":"678d4911b5abe_tt4b_woocommerce_670666209cf1f_4432","event_time":1737312529,"user":{"ip":"54.36.148.72","user_agent":"Mozilla\/5.0 (compatible; AhrefsBot\/7.0; +http:\/\/ahrefs.com\/robot\/)","locale":"ar","external_id":"0","email":"e3b0c44298fc1c149afbf4c8996fb92427ae41e4649b934ca495991b7852b855","phone_number":"e3b0c44298fc1c149afbf4c8996fb92427ae41e4649b934ca495991b7852b855","first_name":"e3b0c44298fc1c149afbf4c8996fb92427ae41e4649b934ca495991b7852b855","last_name":"e3b0c44298fc1c149afbf4c8996fb92427ae41e4649b934ca495991b7852b855","zip_code":"e3b0c44298fc1c149afbf4c8996fb92427ae41e4649b934ca495991b7852b855"},"properties":{"contents":[{"price":115,"quantity":1,"content_id":"4432","content_name":"\u062a\u0642\u0648\u064a\u0645 \u062e\u0634\u0628 \u0635\u063a\u064a\u0631","description":"\u062a\u0642\u0648\u064a\u0645 \u062e\u0634\u0628 \u0635\u063a\u064a\u0631: \u062a\u0635\u0645\u064a\u0645 \u0639\u0635\u0631\u064a \u0648\u0623\u0646\u064a\u0642\u060c \u0645\u0635\u0646\u0648\u0639 \u0645\u0646 \u0627\u0644\u062e\u0634\u0628 \u0627\u0644\u0645\u062a\u064a\u0646 \u0628\u0648\u0636\u0648\u062d \u0627\u0633\u062a\u062b\u0646\u0627\u0626\u064a \u0644\u0644\u0643\u062a\u0627\u0628\u0629 \u0648\u0627\u0644\u0631\u0624\u064a\u0629\u060c \u064a\u0636\u064a\u0641 \u0644\u0645\u0633\u0629 \u0645\u0646 \u0627\u0644\u0641\u062e\u0627\u0645\u0629 \u0648\u0627\u0644\u062a\u0646\u0638\u064a\u0645 \u0644\u0645\u0643\u062a\u0628\u0643. \u0645\u062b\u0627\u0644\u064a \u0644\u062a\u0646\u0638\u064a\u0645 \u0627\u0644\u0645\u0648\u0627\u0639\u064a\u062f \u0648\u0627\u0644\u0627\u062c\u062a\u0645\u0627\u0639\u0627\u062a\u060c \u0648\u064a\u0636\u0641\u064a \u062c\u0627\u0630\u0628\u064a\u0629 \u0639\u0644\u0649 \u0645\u0633\u0627\u062d\u0629 \u0627\u0644\u0639\u0645\u0644 \u0627\u0644\u062e\u0627\u0635\u0629 \u0628\u0643.","availability":"IN_STOCK","sale_price":115,"on_sale":false}],"content_type":"product","currency":"SAR","value":115,"event_trigger_source":"WooCommerce"},"page":{"url":"http:\/\/ibn-sinaa.com\/product-category\/shields-and-gifts\/%D8%AA%D9%82%D9%88%D9%8A%D9%85%D8%A7%D8%AA\/?add-to-cart=4432"}}]}
 ajax: no
2025-01-19T18:48:50+00:00 DEBUG Tt4b_Mapi_Class::mapi_post: Response: 

HTTP/1.1 200 OK
Server: nginx
Content-Type: application/json
Content-Length: 92
X-Tt-Logid: 202501191848491B16573327A7C954A427
x-tt-trace-host: 010f944bc43be00f209e30a38bc3490442eaa3404e11bcf4b9ac1c333e5763d409127552cec5423599eac9fcac96656963be1d1d56289b156d36f74b7b702cf98d6088560b158fd0963a926a3ebdeaed1fe487a2140f99fd6815251ed244f5abf4090da599b28ae414ecac7035583157ed
x-tt-trace-id: 00-2501191848491B16573327A7C954A427-40C30B9A53E986B8-00
X-Origin-Response-Time: 206,23.57.70.81
X-Akamai-Request-ID: 69225e25.13996313
Expires: Sun, 19 Jan 2025 18:48:50 GMT
Cache-Control: max-age=0, no-cache, no-store
Pragma: no-cache
Date: Sun, 19 Jan 2025 18:48:50 GMT
X-Cache: TCP_MISS from a23-77-196-94.deploy.akamaitechnologies.com (AkamaiGHost/11.8.0-1debf780f7d7c834933fa9689361eec6) (-)
Connection: close
X-Cache-Remote: TCP_MISS from a23-57-70-81.deploy.akamaitechnologies.com (AkamaiGHost/11.8.0-1debf780f7d7c834933fa9689361eec6) (-)
x-tt-trace-tag: id=16;cdn-cache=miss;type=dyn
Server-Timing: cdn-cache; desc=MISS, edge; dur=85, origin; dur=206
Server-Timing: inner; dur=195
X-Parent-Response-Time: 285,23.77.196.94

{"code": 0, "message": "OK", "request_id": "202501191848491B16573327A7C954A427", "data": {}}
2025-01-19T18:48:50+00:00 DEBUG POST: https://business-api.tiktok.com/open_api/v1.3/event/track/

{"partner_name":"WooCommerce","event_source":"web","event_source_id":"CSM79Q3C77UAG1T340I0","data":[{"event":"Pageview","event_id":"678d4912a9fb6_tt4b_woocommerce_670666209cf1f","event_time":1737312530,"user":{"ip":"54.36.148.72","user_agent":"Mozilla\/5.0 (compatible; AhrefsBot\/7.0; +http:\/\/ahrefs.com\/robot\/)","locale":"ar","external_id":"0","email":"e3b0c44298fc1c149afbf4c8996fb92427ae41e4649b934ca495991b7852b855","phone_number":"e3b0c44298fc1c149afbf4c8996fb92427ae41e4649b934ca495991b7852b855","first_name":"e3b0c44298fc1c149afbf4c8996fb92427ae41e4649b934ca495991b7852b855","last_name":"e3b0c44298fc1c149afbf4c8996fb92427ae41e4649b934ca495991b7852b855","zip_code":"e3b0c44298fc1c149afbf4c8996fb92427ae41e4649b934ca495991b7852b855"},"page":{"url":"http:\/\/ibn-sinaa.com\/product-category\/shields-and-gifts\/%D8%AA%D9%82%D9%88%D9%8A%D9%85%D8%A7%D8%AA\/?add-to-cart=4432"}}]}
 ajax: no
2025-01-19T18:48:50+00:00 DEBUG Tt4b_Mapi_Class::mapi_post: Response: 

HTTP/1.1 200 OK
Server: nginx
Content-Type: application/json
Content-Length: 92
X-Tt-Logid: 20250119184850C68FF399EB37597B8A98
x-tt-trace-host: 010f944bc43be00f209e30a38bc3490442e986d75a4a945d3d7df5ec7fb8a18033b1a807e381c58f9611750cf040f8b9305efc62e01fbd0fc66e1a09351bed6d4ff5075da5fdb0545b678f7206e10f91188af64bfa1661925797d7a85cd79677dea149ee03320028f8ac137c6b99b10b7d
x-tt-trace-id: 00-250119184850C68FF399EB37597B8A98-4853EFC274CD6593-00
X-Origin-Response-Time: 47,23.213.246.229
X-Akamai-Request-ID: a26a25b8.fa721ce
Expires: Sun, 19 Jan 2025 18:48:50 GMT
Cache-Control: max-age=0, no-cache, no-store
Pragma: no-cache
Date: Sun, 19 Jan 2025 18:48:50 GMT
X-Cache: TCP_MISS from a23-77-196-76.deploy.akamaitechnologies.com (AkamaiGHost/11.8.0-1debf780f7d7c834933fa9689361eec6) (-)
Connection: close
X-Cache-Remote: TCP_MISS from a23-213-246-229.deploy.akamaitechnologies.com (AkamaiGHost/11.8.0-2d0f2d516c5d43e1487924a77ec5924a) (-)
x-tt-trace-tag: id=16;cdn-cache=miss;type=dyn
Server-Timing: cdn-cache; desc=MISS, edge; dur=93, origin; dur=47
Server-Timing: inner; dur=44
X-Parent-Response-Time: 137,23.77.196.76

{"code": 0, "message": "OK", "request_id": "20250119184850C68FF399EB37597B8A98", "data": {}}
2025-01-19T18:50:37+00:00 DEBUG Tt4b_Pixel_Class::inject_add_to_cart_event: hit AddToCart
2025-01-19T18:50:37+00:00 DEBUG POST: https://business-api.tiktok.com/open_api/v1.3/event/track/

{"partner_name":"WooCommerce","event_source":"web","event_source_id":"CSM79Q3C77UAG1T340I0","data":[{"event":"AddToCart","event_id":"678d497d542c4_tt4b_woocommerce_670666209cf1f_4434","event_time":1737312637,"user":{"ip":"54.36.148.77","user_agent":"Mozilla\/5.0 (compatible; AhrefsBot\/7.0; +http:\/\/ahrefs.com\/robot\/)","locale":"ar","external_id":"0","email":"e3b0c44298fc1c149afbf4c8996fb92427ae41e4649b934ca495991b7852b855","phone_number":"e3b0c44298fc1c149afbf4c8996fb92427ae41e4649b934ca495991b7852b855","first_name":"e3b0c44298fc1c149afbf4c8996fb92427ae41e4649b934ca495991b7852b855","last_name":"e3b0c44298fc1c149afbf4c8996fb92427ae41e4649b934ca495991b7852b855","zip_code":"e3b0c44298fc1c149afbf4c8996fb92427ae41e4649b934ca495991b7852b855"},"properties":{"contents":[{"price":115,"quantity":1,"content_id":"4434","content_name":"\u062a\u0642\u0648\u064a\u0645 \u062e\u0634\u0628 \u0635\u063a\u064a\u0631 \u0645\u0639 \u062c\u0644\u062f","description":"\u062a\u0642\u0648\u064a\u0645 \u062e\u0634\u0628 \u0635\u063a\u064a\u0631: \u062a\u0635\u0645\u064a\u0645 \u0639\u0635\u0631\u064a \u0648\u0623\u0646\u064a\u0642\u060c \u0645\u0635\u0646\u0648\u0639 \u0645\u0646 \u0627\u0644\u062e\u0634\u0628 \u0627\u0644\u0645\u062a\u064a\u0646 \u0628\u0648\u0636\u0648\u062d \u0627\u0633\u062a\u062b\u0646\u0627\u0626\u064a \u0644\u0644\u0643\u062a\u0627\u0628\u0629 \u0648\u0627\u0644\u0631\u0624\u064a\u0629\u060c \u064a\u0636\u064a\u0641 \u0644\u0645\u0633\u0629 \u0645\u0646 \u0627\u0644\u0641\u062e\u0627\u0645\u0629 \u0648\u0627\u0644\u062a\u0646\u0638\u064a\u0645 \u0644\u0645\u0643\u062a\u0628\u0643. \u0645\u062b\u0627\u0644\u064a \u0644\u062a\u0646\u0638\u064a\u0645 \u0627\u0644\u0645\u0648\u0627\u0639\u064a\u062f \u0648\u0627\u0644\u0627\u062c\u062a\u0645\u0627\u0639\u0627\u062a\u060c \u0648\u064a\u0636\u0641\u064a \u062c\u0627\u0630\u0628\u064a\u0629 \u0639\u0644\u0649 \u0645\u0633\u0627\u062d\u0629 \u0627\u0644\u0639\u0645\u0644 \u0627\u0644\u062e\u0627\u0635\u0629 \u0628\u0643.","availability":"IN_STOCK","sale_price":115,"on_sale":false}],"content_type":"product","currency":"SAR","value":115,"event_trigger_source":"WooCommerce"},"page":{"url":"http:\/\/ibn-sinaa.com\/product-category\/shields-and-gifts\/%D8%AA%D9%82%D9%88%D9%8A%D9%85%D8%A7%D8%AA\/?add-to-cart=4434"}}]}
 ajax: no
2025-01-19T18:50:37+00:00 DEBUG Tt4b_Mapi_Class::mapi_post: Response: 

HTTP/1.1 200 OK
Server: nginx
Content-Type: application/json
Content-Length: 92
X-Tt-Logid: 2025011918503755CD32101AB0584D3328
x-tt-trace-host: 010f944bc43be00f209e30a38bc3490442eaa3404e11bcf4b9ac1c333e5763d409578a7fa487e0ce6860a601971f03a24127af440a97e7548fe9e5cdba7fc443d2e6ec56c211cada021c2b253417d3115478b87fc841f35b319b30e822a6fa814acc1476681cc0ffc8f3eb0f1f1c05fda4
x-tt-trace-id: 00-25011918503755CD32101AB0584D3328-5314B4106A32EEE8-00
X-Origin-Response-Time: 109,23.213.246.203
X-Akamai-Request-ID: 8c910f1b.139cdfd1
Expires: Sun, 19 Jan 2025 18:50:37 GMT
Cache-Control: max-age=0, no-cache, no-store
Pragma: no-cache
Date: Sun, 19 Jan 2025 18:50:37 GMT
X-Cache: TCP_MISS from a23-77-196-94.deploy.akamaitechnologies.com (AkamaiGHost/11.8.0-1debf780f7d7c834933fa9689361eec6) (-)
Connection: close
X-Cache-Remote: TCP_MISS from a23-213-246-203.deploy.akamaitechnologies.com (AkamaiGHost/11.8.0-2d0f2d516c5d43e1487924a77ec5924a) (-)
x-tt-trace-tag: id=16;cdn-cache=miss;type=dyn
Server-Timing: cdn-cache; desc=MISS, edge; dur=83, origin; dur=109
Server-Timing: inner; dur=105
X-Parent-Response-Time: 188,23.77.196.94

{"code": 0, "message": "OK", "request_id": "2025011918503755CD32101AB0584D3328", "data": {}}
2025-01-19T18:50:37+00:00 DEBUG POST: https://business-api.tiktok.com/open_api/v1.3/event/track/

{"partner_name":"WooCommerce","event_source":"web","event_source_id":"CSM79Q3C77UAG1T340I0","data":[{"event":"Pageview","event_id":"678d497dbab2b_tt4b_woocommerce_670666209cf1f","event_time":1737312637,"user":{"ip":"54.36.148.77","user_agent":"Mozilla\/5.0 (compatible; AhrefsBot\/7.0; +http:\/\/ahrefs.com\/robot\/)","locale":"ar","external_id":"0","email":"e3b0c44298fc1c149afbf4c8996fb92427ae41e4649b934ca495991b7852b855","phone_number":"e3b0c44298fc1c149afbf4c8996fb92427ae41e4649b934ca495991b7852b855","first_name":"e3b0c44298fc1c149afbf4c8996fb92427ae41e4649b934ca495991b7852b855","last_name":"e3b0c44298fc1c149afbf4c8996fb92427ae41e4649b934ca495991b7852b855","zip_code":"e3b0c44298fc1c149afbf4c8996fb92427ae41e4649b934ca495991b7852b855"},"page":{"url":"http:\/\/ibn-sinaa.com\/product-category\/shields-and-gifts\/%D8%AA%D9%82%D9%88%D9%8A%D9%85%D8%A7%D8%AA\/?add-to-cart=4434"}}]}
 ajax: no
2025-01-19T18:50:37+00:00 DEBUG Tt4b_Mapi_Class::mapi_post: Response: 

HTTP/1.1 200 OK
Server: nginx
Content-Type: application/json
Content-Length: 92
X-Tt-Logid: 2025011918503772624A9AC3B2DC3812A6
Server-Timing: inner; dur=47
x-tt-trace-host: 010f944bc43be00f209e30a38bc3490442d13bbf9d2c86c006e6fe6e7ba6cbdb2aa6d07768ad429dec67bbc6bd3bd1feee49dd661612a31d539ae1eb395d68ee2f301dcd1ab5acee1e8af0ad9d06a19fa3f2b75f2d0f1059a1660d7cb490537019
x-tt-trace-id: 00-25011918503772624A9AC3B2DC3812A6-02DB19E14E1B2D7A-00
Expires: Sun, 19 Jan 2025 18:50:37 GMT
Cache-Control: max-age=0, no-cache, no-store
Pragma: no-cache
Date: Sun, 19 Jan 2025 18:50:37 GMT
X-Cache: TCP_MISS from a23-77-196-76.deploy.akamaitechnologies.com (AkamaiGHost/11.8.0-1debf780f7d7c834933fa9689361eec6) (-)
Connection: close
x-tt-trace-tag: id=16;cdn-cache=miss;type=dyn
Server-Timing: cdn-cache; desc=MISS, edge; dur=4, origin; dur=139
X-Origin-Response-Time: 139,23.77.196.76
X-Akamai-Request-ID: fab10c6

{"code": 0, "message": "OK", "request_id": "2025011918503772624A9AC3B2DC3812A6", "data": {}}
2025-01-19T18:52:54+00:00 DEBUG Tt4b_Pixel_Class::inject_add_to_cart_event: hit AddToCart
2025-01-19T18:52:54+00:00 DEBUG POST: https://business-api.tiktok.com/open_api/v1.3/event/track/

{"partner_name":"WooCommerce","event_source":"web","event_source_id":"CSM79Q3C77UAG1T340I0","data":[{"event":"AddToCart","event_id":"678d4a0625046_tt4b_woocommerce_670666209cf1f_4436","event_time":1737312774,"user":{"ip":"54.36.148.124","user_agent":"Mozilla\/5.0 (compatible; AhrefsBot\/7.0; +http:\/\/ahrefs.com\/robot\/)","locale":"ar","external_id":"0","email":"e3b0c44298fc1c149afbf4c8996fb92427ae41e4649b934ca495991b7852b855","phone_number":"e3b0c44298fc1c149afbf4c8996fb92427ae41e4649b934ca495991b7852b855","first_name":"e3b0c44298fc1c149afbf4c8996fb92427ae41e4649b934ca495991b7852b855","last_name":"e3b0c44298fc1c149afbf4c8996fb92427ae41e4649b934ca495991b7852b855","zip_code":"e3b0c44298fc1c149afbf4c8996fb92427ae41e4649b934ca495991b7852b855"},"properties":{"contents":[{"price":180,"quantity":1,"content_id":"4436","content_name":"\u062a\u0642\u0648\u064a\u0645 \u062e\u0634\u0628 \u0648\u0633\u0637 \u0645\u0639 \u062c\u0644\u062f","description":"\u062a\u0642\u0648\u064a\u0645 \u0645\u064a\u0644\u0627\u062f\u064a \u062e\u0634\u0628: \u062a\u0635\u0645\u064a\u0645 \u0639\u0635\u0631\u064a \u0648\u0623\u0646\u064a\u0642\u060c \u0645\u0635\u0646\u0648\u0639 \u0645\u0646 \u0627\u0644\u062e\u0634\u0628 \u0627\u0644\u0645\u062a\u064a\u0646 \u0628\u0648\u0636\u0648\u062d \u0627\u0633\u062a\u062b\u0646\u0627\u0626\u064a \u0644\u0644\u0643\u062a\u0627\u0628\u0629 \u0648\u0627\u0644\u0631\u0624\u064a\u0629\u060c \u064a\u0636\u064a\u0641 \u0644\u0645\u0633\u0629 \u0645\u0646 \u0627\u0644\u0641\u062e\u0627\u0645\u0629 \u0648\u0627\u0644\u062a\u0646\u0638\u064a\u0645 \u0644\u0645\u0643\u062a\u0628\u0643. \u0645\u062b\u0627\u0644\u064a \u0644\u062a\u0646\u0638\u064a\u0645 \u0627\u0644\u0645\u0648\u0627\u0639\u064a\u062f \u0648\u0627\u0644\u0627\u062c\u062a\u0645\u0627\u0639\u0627\u062a\u060c \u0648\u064a\u0636\u0641\u064a \u062c\u0627\u0630\u0628\u064a\u0629 \u0639\u0644\u0649 \u0645\u0633\u0627\u062d\u0629 \u0627\u0644\u0639\u0645\u0644 \u0627\u0644\u062e\u0627\u0635\u0629 \u0628\u0643.","availability":"IN_STOCK","sale_price":180,"on_sale":false}],"content_type":"product","currency":"SAR","value":180,"event_trigger_source":"WooCommerce"},"page":{"url":"http:\/\/ibn-sinaa.com\/product-category\/shields-and-gifts\/%D8%AA%D9%82%D9%88%D9%8A%D9%85%D8%A7%D8%AA\/?add-to-cart=4436"}}]}
 ajax: no
2025-01-19T18:52:54+00:00 DEBUG Tt4b_Mapi_Class::mapi_post: Response: 

HTTP/1.1 200 OK
Server: nginx
Content-Type: application/json
Content-Length: 92
X-Tt-Logid: 20250119185254F3E19862722D924611F8
x-tt-trace-host: 010f944bc43be00f209e30a38bc3490442eaa3404e11bcf4b9ac1c333e5763d409bc98e0be1a80e1c7aafc6e3614444af284120b84e2c4815b74da622058e7888b64f5ca6699be83d1583dd80ccbfe9db7a3dbd7604ff829162b00f34285181ad43ccc4d285480dc6311424002a0303dd0
x-tt-trace-id: 00-250119185254F3E19862722D924611F8-49F73E9B31F475E8-00
X-Origin-Response-Time: 212,23.218.219.26
X-Akamai-Request-ID: be4d523.13a11b9d
Expires: Sun, 19 Jan 2025 18:52:54 GMT
Cache-Control: max-age=0, no-cache, no-store
Pragma: no-cache
Date: Sun, 19 Jan 2025 18:52:54 GMT
X-Cache: TCP_MISS from a23-77-196-94.deploy.akamaitechnologies.com (AkamaiGHost/11.8.0-1debf780f7d7c834933fa9689361eec6) (-)
Connection: close
X-Cache-Remote: TCP_MISS from a23-218-219-26.deploy.akamaitechnologies.com (AkamaiGHost/11.8.0-1debf780f7d7c834933fa9689361eec6) (-)
x-tt-trace-tag: id=16;cdn-cache=miss;type=dyn
Server-Timing: cdn-cache; desc=MISS, edge; dur=87, origin; dur=212
Server-Timing: inner; dur=209
X-Parent-Response-Time: 293,23.77.196.94

{"code": 0, "message": "OK", "request_id": "20250119185254F3E19862722D924611F8", "data": {}}
2025-01-19T18:52:54+00:00 DEBUG POST: https://business-api.tiktok.com/open_api/v1.3/event/track/

{"partner_name":"WooCommerce","event_source":"web","event_source_id":"CSM79Q3C77UAG1T340I0","data":[{"event":"Pageview","event_id":"678d4a06cebca_tt4b_woocommerce_670666209cf1f","event_time":1737312774,"user":{"ip":"54.36.148.124","user_agent":"Mozilla\/5.0 (compatible; AhrefsBot\/7.0; +http:\/\/ahrefs.com\/robot\/)","locale":"ar","external_id":"0","email":"e3b0c44298fc1c149afbf4c8996fb92427ae41e4649b934ca495991b7852b855","phone_number":"e3b0c44298fc1c149afbf4c8996fb92427ae41e4649b934ca495991b7852b855","first_name":"e3b0c44298fc1c149afbf4c8996fb92427ae41e4649b934ca495991b7852b855","last_name":"e3b0c44298fc1c149afbf4c8996fb92427ae41e4649b934ca495991b7852b855","zip_code":"e3b0c44298fc1c149afbf4c8996fb92427ae41e4649b934ca495991b7852b855"},"page":{"url":"http:\/\/ibn-sinaa.com\/product-category\/shields-and-gifts\/%D8%AA%D9%82%D9%88%D9%8A%D9%85%D8%A7%D8%AA\/?add-to-cart=4436"}}]}
 ajax: no
2025-01-19T18:52:54+00:00 DEBUG Tt4b_Mapi_Class::mapi_post: Response: 

HTTP/1.1 200 OK
Server: nginx
Content-Type: application/json
Content-Length: 92
X-Tt-Logid: 20250119185254BCAE7424302D5745201A
Server-Timing: inner; dur=28
x-tt-trace-host: 010f944bc43be00f209e30a38bc3490442ab1f7701c43117d48e838c6cea397d5b5eec6a0b9ad463fb5dda04376e95399c2db5b66f122b6205deaf16caeb3ae83af5e913052c1be0ac2b866b245e81a04089451f9f7fdf00d428bca6181e002478
x-tt-trace-id: 00-250119185254BCAE7424302D5745201A-0B5BF1208FA80E15-00
Expires: Sun, 19 Jan 2025 18:52:54 GMT
Cache-Control: max-age=0, no-cache, no-store
Pragma: no-cache
Date: Sun, 19 Jan 2025 18:52:54 GMT
X-Cache: TCP_MISS from a23-77-196-94.deploy.akamaitechnologies.com (AkamaiGHost/11.8.0-1debf780f7d7c834933fa9689361eec6) (-)
Connection: close
x-tt-trace-tag: id=16;cdn-cache=miss;type=dyn
Server-Timing: cdn-cache; desc=MISS, edge; dur=4, origin; dur=112
X-Origin-Response-Time: 113,23.77.196.94
X-Akamai-Request-ID: 13a120db

{"code": 0, "message": "OK", "request_id": "20250119185254BCAE7424302D5745201A", "data": {}}
2025-01-19T18:53:22+00:00 DEBUG POST: https://business-api.tiktok.com/open_api/v1.3/event/track/

{"partner_name":"WooCommerce","event_source":"web","event_source_id":"CSM79Q3C77UAG1T340I0","data":[{"event":"Pageview","event_id":"678d4a222419f_tt4b_woocommerce_670666209cf1f","event_time":1737312802,"user":{"ip":"66.249.79.202","user_agent":"Mozilla\/5.0 (Linux; Android 6.0.1; Nexus 5X Build\/MMB29P) AppleWebKit\/537.36 (KHTML, like Gecko) Chrome\/132.0.6834.83 Mobile Safari\/537.36 (compatible; Googlebot\/2.1; +http:\/\/www.google.com\/bot.html)","locale":"ar","external_id":"0","email":"e3b0c44298fc1c149afbf4c8996fb92427ae41e4649b934ca495991b7852b855","phone_number":"e3b0c44298fc1c149afbf4c8996fb92427ae41e4649b934ca495991b7852b855","first_name":"e3b0c44298fc1c149afbf4c8996fb92427ae41e4649b934ca495991b7852b855","last_name":"e3b0c44298fc1c149afbf4c8996fb92427ae41e4649b934ca495991b7852b855","zip_code":"e3b0c44298fc1c149afbf4c8996fb92427ae41e4649b934ca495991b7852b855"},"page":{"url":"http:\/\/mail.ibn-sinaa.com\/faq\/"}}]}
 ajax: no
2025-01-19T18:53:22+00:00 DEBUG Tt4b_Mapi_Class::mapi_post: Response: 

HTTP/1.1 200 OK
Server: nginx
Content-Type: application/json
Content-Length: 92
X-Tt-Logid: 202501191853224B6D87A08B63694CD9AD
Server-Timing: inner; dur=33
x-tt-trace-host: 010f944bc43be00f209e30a38bc3490442d13bbf9d2c86c006e6fe6e7ba6cbdb2a0bf3d70e08c2a866cc2eb550556ee99ec3a6cc54381f70e782d42ed8a192fbf6b17ceba5bba22e9cff84c01aa178ebf174707187d912c5a7a6efef11375f9472
x-tt-trace-id: 00-2501191853224B6D87A08B63694CD9AD-7E44618E99E1C94F-00
Expires: Sun, 19 Jan 2025 18:53:22 GMT
Cache-Control: max-age=0, no-cache, no-store
Pragma: no-cache
Date: Sun, 19 Jan 2025 18:53:22 GMT
X-Cache: TCP_MISS from a23-77-196-76.deploy.akamaitechnologies.com (AkamaiGHost/11.8.0-1debf780f7d7c834933fa9689361eec6) (-)
Connection: close
x-tt-trace-tag: id=16;cdn-cache=miss;type=dyn
Server-Timing: cdn-cache; desc=MISS, edge; dur=6, origin; dur=124
X-Origin-Response-Time: 124,23.77.196.76
X-Akamai-Request-ID: fb09b2b

{"code": 0, "message": "OK", "request_id": "202501191853224B6D87A08B63694CD9AD", "data": {}}
2025-01-19T18:54:59+00:00 DEBUG POST: https://business-api.tiktok.com/open_api/v1.3/event/track/

{"partner_name":"WooCommerce","event_source":"web","event_source_id":"CSM79Q3C77UAG1T340I0","data":[{"event":"Pageview","event_id":"678d4a830366e_tt4b_woocommerce_670666209cf1f","event_time":1737312899,"user":{"ip":"54.36.149.28","user_agent":"Mozilla\/5.0 (compatible; AhrefsBot\/7.0; +http:\/\/ahrefs.com\/robot\/)","locale":"ar","external_id":"0","email":"e3b0c44298fc1c149afbf4c8996fb92427ae41e4649b934ca495991b7852b855","phone_number":"e3b0c44298fc1c149afbf4c8996fb92427ae41e4649b934ca495991b7852b855","first_name":"e3b0c44298fc1c149afbf4c8996fb92427ae41e4649b934ca495991b7852b855","last_name":"e3b0c44298fc1c149afbf4c8996fb92427ae41e4649b934ca495991b7852b855","zip_code":"e3b0c44298fc1c149afbf4c8996fb92427ae41e4649b934ca495991b7852b855"},"page":{"url":"http:\/\/ibn-sinaa.com\/product-tag\/%D9%86%D9%88%D8%AA%D8%A7%D8%AA\/"}}]}
 ajax: no
2025-01-19T18:54:59+00:00 DEBUG Tt4b_Mapi_Class::mapi_post: Response: 

HTTP/1.1 200 OK
Server: nginx
Content-Type: application/json
Content-Length: 92
X-Tt-Logid: 20250119185459D6AEC193AB5D6353E182
x-tt-trace-host: 010f944bc43be00f209e30a38bc3490442eaa3404e11bcf4b9ac1c333e5763d409295aae509c452039b701da8924331df0ffa0637569954fac389dd207ecbf2be102a0de04ef3d29945e5fbd18f6f802918635a36cf6af4dd78caa658158f1851a151f5117ee82e4c34d3720cbb84791cf
x-tt-trace-id: 00-250119185459D6AEC193AB5D6353E182-3DD4DF97A41A5114-00
X-Origin-Response-Time: 60,23.57.70.79
X-Akamai-Request-ID: 66811529.13a4e073
Expires: Sun, 19 Jan 2025 18:54:59 GMT
Cache-Control: max-age=0, no-cache, no-store
Pragma: no-cache
Date: Sun, 19 Jan 2025 18:54:59 GMT
X-Cache: TCP_MISS from a23-77-196-94.deploy.akamaitechnologies.com (AkamaiGHost/11.8.0-1debf780f7d7c834933fa9689361eec6) (-)
Connection: close
X-Cache-Remote: TCP_MISS from a23-57-70-79.deploy.akamaitechnologies.com (AkamaiGHost/11.8.0-2d0f2d516c5d43e1487924a77ec5924a) (-)
x-tt-trace-tag: id=16;cdn-cache=miss;type=dyn
Server-Timing: cdn-cache; desc=MISS, edge; dur=93, origin; dur=60
Server-Timing: inner; dur=47
X-Parent-Response-Time: 150,23.77.196.94

{"code": 0, "message": "OK", "request_id": "20250119185459D6AEC193AB5D6353E182", "data": {}}
2025-01-19T18:56:17+00:00 DEBUG POST: https://business-api.tiktok.com/open_api/v1.3/event/track/

{"partner_name":"WooCommerce","event_source":"web","event_source_id":"CSM79Q3C77UAG1T340I0","data":[{"event":"Pageview","event_id":"678d4ad1de19f_tt4b_woocommerce_670666209cf1f","event_time":1737312977,"user":{"ip":"66.249.76.134","user_agent":"Mozilla\/5.0 (Linux; Android 6.0.1; Nexus 5X Build\/MMB29P) AppleWebKit\/537.36 (KHTML, like Gecko) Chrome\/132.0.6834.83 Mobile Safari\/537.36 (compatible; Googlebot\/2.1; +http:\/\/www.google.com\/bot.html)","locale":"ar","external_id":"0","email":"e3b0c44298fc1c149afbf4c8996fb92427ae41e4649b934ca495991b7852b855","phone_number":"e3b0c44298fc1c149afbf4c8996fb92427ae41e4649b934ca495991b7852b855","first_name":"e3b0c44298fc1c149afbf4c8996fb92427ae41e4649b934ca495991b7852b855","last_name":"e3b0c44298fc1c149afbf4c8996fb92427ae41e4649b934ca495991b7852b855","zip_code":"e3b0c44298fc1c149afbf4c8996fb92427ae41e4649b934ca495991b7852b855"},"page":{"url":"http:\/\/www.ibn-sinaa.com\/product-tag\/%D9%85%D8%AA%D8%AC%D8%B1-%D8%B1%D9%82%D9%85%D9%8A-%D9%84%D9%84%D8%B3%D8%AC%D9%84%D8%A7%D8%AA-%D8%A7%D9%84%D9%85%D8%AF%D8%B1%D8%B3%D9%8A%D8%A9\/"}}]}
 ajax: no
2025-01-19T18:56:18+00:00 DEBUG Tt4b_Mapi_Class::mapi_post: Response: 

HTTP/1.1 200 OK
Server: nginx
Content-Type: application/json
Content-Length: 92
X-Tt-Logid: 20250119185618974ED31EEA81AD43FE5B
x-tt-trace-host: 010f944bc43be00f209e30a38bc3490442e986d75a4a945d3d7df5ec7fb8a18033cb2dc1dfd530d2ce115857b49d3ab53ab4bad59cea756605b50e92b448e81811debb67d0af796373ce3d8ef19e412d57e8f566a617e23f3f4c6d44016d723124772e439e2a8b59db0024088ed81fd14b
x-tt-trace-id: 00-250119185618974ED31EEA81AD43FE5B-3D3E113A49EDF30B-00
X-Origin-Response-Time: 40,23.213.246.231
X-Akamai-Request-ID: 4d02e084.fb61ac2
Expires: Sun, 19 Jan 2025 18:56:18 GMT
Cache-Control: max-age=0, no-cache, no-store
Pragma: no-cache
Date: Sun, 19 Jan 2025 18:56:18 GMT
X-Cache: TCP_MISS from a23-77-196-76.deploy.akamaitechnologies.com (AkamaiGHost/11.8.0-1debf780f7d7c834933fa9689361eec6) (-)
Connection: close
X-Cache-Remote: TCP_MISS from a23-213-246-231.deploy.akamaitechnologies.com (AkamaiGHost/11.8.0-1debf780f7d7c834933fa9689361eec6) (-)
x-tt-trace-tag: id=16;cdn-cache=miss;type=dyn
Server-Timing: cdn-cache; desc=MISS, edge; dur=84, origin; dur=40
Server-Timing: inner; dur=34
X-Parent-Response-Time: 121,23.77.196.76

{"code": 0, "message": "OK", "request_id": "20250119185618974ED31EEA81AD43FE5B", "data": {}}
2025-01-19T18:59:04+00:00 DEBUG POST: https://business-api.tiktok.com/open_api/v1.3/event/track/

{"partner_name":"WooCommerce","event_source":"web","event_source_id":"CSM79Q3C77UAG1T340I0","data":[{"event":"Pageview","event_id":"678d4b78b5a02_tt4b_woocommerce_670666209cf1f","event_time":1737313144,"user":{"ip":"54.36.148.197","user_agent":"Mozilla\/5.0 (compatible; AhrefsBot\/7.0; +http:\/\/ahrefs.com\/robot\/)","locale":"ar","external_id":"0","email":"e3b0c44298fc1c149afbf4c8996fb92427ae41e4649b934ca495991b7852b855","phone_number":"e3b0c44298fc1c149afbf4c8996fb92427ae41e4649b934ca495991b7852b855","first_name":"e3b0c44298fc1c149afbf4c8996fb92427ae41e4649b934ca495991b7852b855","last_name":"e3b0c44298fc1c149afbf4c8996fb92427ae41e4649b934ca495991b7852b855","zip_code":"e3b0c44298fc1c149afbf4c8996fb92427ae41e4649b934ca495991b7852b855"},"page":{"url":"http:\/\/www.ibn-sinaa.com\/product-tag\/%D8%A7%D9%83%D9%88%D8%A7%D8%A8-%D8%A7%D8%B3%D9%85%D8%A7%D8%A1\/"}}]}
 ajax: no
2025-01-19T18:59:04+00:00 DEBUG Tt4b_Mapi_Class::mapi_post: Response: 

HTTP/1.1 200 OK
Server: nginx
Content-Type: application/json
Content-Length: 92
X-Tt-Logid: 20250119185904C7845D2C6A04C25ECF8F
x-tt-trace-host: 010f944bc43be00f209e30a38bc3490442eaa3404e11bcf4b9ac1c333e5763d409646e966ace576b8b6f391c2aa0f26198050e60d0c9d20fb79520dd02b9807d0f3c12c9d8d6b28324977c8492565c7963e847d076da0884e3f873460ec8d3d89ad54fedc2e8213d6887ff8ad4b64c2782
x-tt-trace-id: 00-250119185904C7845D2C6A04C25ECF8F-7E4701237AA149D0-00
X-Origin-Response-Time: 38,23.52.15.134
X-Akamai-Request-ID: 9eb2e3dd.13ad2cc8
Expires: Sun, 19 Jan 2025 18:59:04 GMT
Cache-Control: max-age=0, no-cache, no-store
Pragma: no-cache
Date: Sun, 19 Jan 2025 18:59:04 GMT
X-Cache: TCP_MISS from a23-77-196-94.deploy.akamaitechnologies.com (AkamaiGHost/11.8.0-1debf780f7d7c834933fa9689361eec6) (-)
Connection: close
X-Cache-Remote: TCP_MISS from a23-52-15-134.deploy.akamaitechnologies.com (AkamaiGHost/11.8.0-1debf780f7d7c834933fa9689361eec6) (-)
x-tt-trace-tag: id=16;cdn-cache=miss;type=dyn
Server-Timing: cdn-cache; desc=MISS, edge; dur=83, origin; dur=38
Server-Timing: inner; dur=34
X-Parent-Response-Time: 117,23.77.196.94

{"code": 0, "message": "OK", "request_id": "20250119185904C7845D2C6A04C25ECF8F", "data": {}}
2025-01-19T19:00:55+00:00 DEBUG Tt4b_Pixel_Class::inject_add_to_cart_event: hit AddToCart
2025-01-19T19:00:55+00:00 DEBUG POST: https://business-api.tiktok.com/open_api/v1.3/event/track/

{"partner_name":"WooCommerce","event_source":"web","event_source_id":"CSM79Q3C77UAG1T340I0","data":[{"event":"AddToCart","event_id":"678d4be75006a_tt4b_woocommerce_670666209cf1f_4125","event_time":1737313255,"user":{"ip":"54.36.148.123","user_agent":"Mozilla\/5.0 (compatible; AhrefsBot\/7.0; +http:\/\/ahrefs.com\/robot\/)","locale":"ar","external_id":"0","email":"e3b0c44298fc1c149afbf4c8996fb92427ae41e4649b934ca495991b7852b855","phone_number":"e3b0c44298fc1c149afbf4c8996fb92427ae41e4649b934ca495991b7852b855","first_name":"e3b0c44298fc1c149afbf4c8996fb92427ae41e4649b934ca495991b7852b855","last_name":"e3b0c44298fc1c149afbf4c8996fb92427ae41e4649b934ca495991b7852b855","zip_code":"e3b0c44298fc1c149afbf4c8996fb92427ae41e4649b934ca495991b7852b855"},"properties":{"contents":[{"price":65,"quantity":1,"content_id":"4125","content_name":"\u0633\u062c\u0644\u0627\u062a \u0645\u0627\u062f\u0629 \u0627\u0644\u0641\u064a\u0632\u064a\u0627\u0621","description":". \u0637\u0628\u0627\u0639\u0647 \u0633\u062c\u0644\u0627\u062a \u0645\u062f\u0631\u0633\u064a\u0629 \u0627\u062d\u062a\u0631\u0627\u0641\u064a\u0629 \u062e\u0627\u0645\u062a\u0647\u0627 \u0643\u0631\u062a\u0648\u0646 2000 \u062c\u0631\u0627\u0645,\u062a\u0636\u0627\u0641 \u0637\u0628\u0642\u0629 \u062d\u0645\u0627\u064a\u0647 \u0627\u0633\u062a\u064a\u0643\u0631 \u0645\u0639 \u0633\u0644\u0648\u0641\u0627\u0646 \u0644\u0627\u0645\u0639.\r\n. \u0645\u062a\u0648\u0641\u0631 \u0628 \u0627\u062d\u062c\u0627\u0645 \u0645\u062e\u062a\u0644\u0641\u0647 ( \u0635\u063a\u064a\u0631, \u0648\u0633\u0637 , \u0643\u0628\u064a\u0631 ).\r\n. \u064a\u062a\u0633\u0639 \u0627\u0644\u0645\u0642\u0627\u0633 \u0627\u0644\u0635\u063a\u064a\u0631 ( \u0645\u0646 50 \u0627\u0644\u0649 150 \u0648\u0631\u0642\u0629 )\r\n. \u064a\u062a\u0633\u0639 \u0627\u0644\u0648\u0633\u0637 ( \u0645\u0646 150 \u0627\u0644\u0649 300 \u0648\u0631\u0642\u0629 )\r\n. \u0627\u0644\u0643\u0628\u064a\u0631 ( \u0645\u0646 300 \u0627\u0644\u0649 400 \u0648\u0631\u0642\u0629 ).\r\n. \u0645\u062f\u0629 \u0627\u0644\u062a\u0646\u0641\u064a\u0630 : 3-5 \u0627\u064a\u0627\u0645 \u0648\u062a\u0632\u064a\u062f \u0627\u0644\u0645\u062f\u0629 \u0639\u0646 \u0637\u0644\u0628 \u0627\u0644\u0634\u062d\u0646.","availability":"IN_STOCK","sale_price":65,"on_sale":false}],"content_type":"product","currency":"SAR","value":65,"event_trigger_source":"WooCommerce"},"page":{"url":"http:\/\/mail.ibn-sinaa.com\/product-tag\/%D8%B7%D8%A8%D8%A7%D8%B9%D9%87-%D8%AF%D9%8A%D8%AC%D9%8A%D8%AA%D8%A7%D9%84\/page\/2\/?add-to-cart=4125"}}]}
 ajax: no
2025-01-19T19:00:55+00:00 DEBUG Tt4b_Mapi_Class::mapi_post: Response: 

HTTP/1.1 200 OK
Server: nginx
Content-Type: application/json
Content-Length: 92
X-Tt-Logid: 2025011919005512387A176E15627F5D50
x-tt-trace-host: 010f944bc43be00f209e30a38bc3490442e986d75a4a945d3d7df5ec7fb8a18033f93b780c7bbd3d1080710d6feeb31d3e471d2b65504f87793a72ed0988ff4719312bb2ee61c8f95d45367b0d6d76a5dc2571b9d73663da76cc68915702f4242b0f59cd8738c41a59be1758713190c8f0
x-tt-trace-id: 00-25011919005512387A176E15627F5D50-0D923C2FA57C59FE-00
X-Origin-Response-Time: 45,23.57.70.78
X-Akamai-Request-ID: 146e1649.fbf6688
Expires: Sun, 19 Jan 2025 19:00:55 GMT
Cache-Control: max-age=0, no-cache, no-store
Pragma: no-cache
Date: Sun, 19 Jan 2025 19:00:55 GMT
X-Cache: TCP_MISS from a23-77-196-76.deploy.akamaitechnologies.com (AkamaiGHost/11.8.0-1debf780f7d7c834933fa9689361eec6) (-)
Connection: close
X-Cache-Remote: TCP_MISS from a23-57-70-78.deploy.akamaitechnologies.com (AkamaiGHost/11.8.0-1debf780f7d7c834933fa9689361eec6) (-)
x-tt-trace-tag: id=16;cdn-cache=miss;type=dyn
Server-Timing: cdn-cache; desc=MISS, edge; dur=88, origin; dur=45
Server-Timing: inner; dur=36
X-Parent-Response-Time: 127,23.77.196.76

{"code": 0, "message": "OK", "request_id": "2025011919005512387A176E15627F5D50", "data": {}}
2025-01-19T19:00:55+00:00 DEBUG POST: https://business-api.tiktok.com/open_api/v1.3/event/track/

{"partner_name":"WooCommerce","event_source":"web","event_source_id":"CSM79Q3C77UAG1T340I0","data":[{"event":"Pageview","event_id":"678d4be7d892e_tt4b_woocommerce_670666209cf1f","event_time":1737313255,"user":{"ip":"54.36.148.123","user_agent":"Mozilla\/5.0 (compatible; AhrefsBot\/7.0; +http:\/\/ahrefs.com\/robot\/)","locale":"ar","external_id":"0","email":"e3b0c44298fc1c149afbf4c8996fb92427ae41e4649b934ca495991b7852b855","phone_number":"e3b0c44298fc1c149afbf4c8996fb92427ae41e4649b934ca495991b7852b855","first_name":"e3b0c44298fc1c149afbf4c8996fb92427ae41e4649b934ca495991b7852b855","last_name":"e3b0c44298fc1c149afbf4c8996fb92427ae41e4649b934ca495991b7852b855","zip_code":"e3b0c44298fc1c149afbf4c8996fb92427ae41e4649b934ca495991b7852b855"},"page":{"url":"http:\/\/mail.ibn-sinaa.com\/product-tag\/%D8%B7%D8%A8%D8%A7%D8%B9%D9%87-%D8%AF%D9%8A%D8%AC%D9%8A%D8%AA%D8%A7%D9%84\/page\/2\/?add-to-cart=4125"}}]}
 ajax: no
2025-01-19T19:00:56+00:00 DEBUG Tt4b_Mapi_Class::mapi_post: Response: 

HTTP/1.1 200 OK
Server: nginx
Content-Type: application/json
Content-Length: 92
X-Tt-Logid: 20250119190055902B9BEA85676A598FC1
Server-Timing: inner; dur=24
x-tt-trace-host: 010f944bc43be00f209e30a38bc3490442ab1f7701c43117d48e838c6cea397d5b8164886b3f4e58c4704d7558a4890372838c4b151fde2c6cfda1f7896c64794ee4cd775fb9dcdfde1d0dc31521bfb7a743f2ac1e00f569f476d16111a635bfe1
x-tt-trace-id: 00-250119190055902B9BEA85676A598FC1-20CC5C533C7C4579-00
Expires: Sun, 19 Jan 2025 19:00:56 GMT
Cache-Control: max-age=0, no-cache, no-store
Pragma: no-cache
Date: Sun, 19 Jan 2025 19:00:56 GMT
X-Cache: TCP_MISS from a23-77-196-94.deploy.akamaitechnologies.com (AkamaiGHost/11.8.0-1debf780f7d7c834933fa9689361eec6) (-)
Connection: close
x-tt-trace-tag: id=16;cdn-cache=miss;type=dyn
Server-Timing: cdn-cache; desc=MISS, edge; dur=5, origin; dur=114
X-Origin-Response-Time: 114,23.77.196.94
X-Akamai-Request-ID: 13b1da78

{"code": 0, "message": "OK", "request_id": "20250119190055902B9BEA85676A598FC1", "data": {}}
2025-01-19T19:02:26+00:00 DEBUG POST: https://business-api.tiktok.com/open_api/v1.3/event/track/

{"partner_name":"WooCommerce","event_source":"web","event_source_id":"CSM79Q3C77UAG1T340I0","data":[{"event":"Pageview","event_id":"678d4c428726f_tt4b_woocommerce_670666209cf1f","event_time":1737313346,"user":{"ip":"151.255.50.95","user_agent":"Mozilla\/5.0 (iPhone; CPU iPhone OS 18_2_1 like Mac OS X) AppleWebKit\/605.1.15 (KHTML, like Gecko) GSA\/351.0.713349843 Mobile\/15E148 Safari\/604.1","locale":"ar","external_id":"0","email":"e3b0c44298fc1c149afbf4c8996fb92427ae41e4649b934ca495991b7852b855","phone_number":"e3b0c44298fc1c149afbf4c8996fb92427ae41e4649b934ca495991b7852b855","first_name":"e3b0c44298fc1c149afbf4c8996fb92427ae41e4649b934ca495991b7852b855","last_name":"e3b0c44298fc1c149afbf4c8996fb92427ae41e4649b934ca495991b7852b855","zip_code":"e3b0c44298fc1c149afbf4c8996fb92427ae41e4649b934ca495991b7852b855"},"page":{"url":"http:\/\/ibn-sinaa.com\/product-tag\/%D8%B7%D8%A8%D8%A7%D8%B9%D8%A9-%D8%AA%D9%82%D9%88%D9%8A%D9%85-2025\/?srsltid=AfmBOopww8eh2FOafEH8fMp7VZEeBVCJnUkGwE7C0IcWSdr0gFKb94mW"}}]}
 ajax: no
2025-01-19T19:02:26+00:00 DEBUG POST: https://business-api.tiktok.com/open_api/v1.3/event/track/

{"partner_name":"WooCommerce","event_source":"web","event_source_id":"CSM79Q3C77UAG1T340I0","data":[{"event":"Pageview","event_id":"678d4c42b6791_tt4b_woocommerce_670666209cf1f","event_time":1737313346,"user":{"ip":"66.249.79.96","user_agent":"Mozilla\/5.0 (Linux; Android 6.0.1; Nexus 5X Build\/MMB29P) AppleWebKit\/537.36 (KHTML, like Gecko) Chrome\/132.0.6834.83 Mobile Safari\/537.36 (compatible; Googlebot\/2.1; +http:\/\/www.google.com\/bot.html)","locale":"ar","external_id":"0","email":"e3b0c44298fc1c149afbf4c8996fb92427ae41e4649b934ca495991b7852b855","phone_number":"e3b0c44298fc1c149afbf4c8996fb92427ae41e4649b934ca495991b7852b855","first_name":"e3b0c44298fc1c149afbf4c8996fb92427ae41e4649b934ca495991b7852b855","last_name":"e3b0c44298fc1c149afbf4c8996fb92427ae41e4649b934ca495991b7852b855","zip_code":"e3b0c44298fc1c149afbf4c8996fb92427ae41e4649b934ca495991b7852b855"},"page":{"url":"http:\/\/www.ibn-sinaa.com\/product\/foundation-day-box-001\/"}}]}
 ajax: no
2025-01-19T19:02:26+00:00 DEBUG Tt4b_Mapi_Class::mapi_post: Response: 

HTTP/1.1 200 OK
Server: nginx
Content-Type: application/json
Content-Length: 92
X-Tt-Logid: 202501191902268A15E5058ACDC74DE88F
x-tt-trace-host: 010f944bc43be00f209e30a38bc3490442e986d75a4a945d3d7df5ec7fb8a18033f7ac1362852644ace80a7195c7a109c898468e6ccd05bfcfd841e3d124287b1bd661ca9a7a0a1ec77f54eed9299a8a984fb2f4170c185362acb0a2271e97e88d3fa5402a2dbe6955e0d9f5f657b6eea5
x-tt-trace-id: 00-2501191902268A15E5058ACDC74DE88F-7A6187AE4C271356-00
X-Origin-Response-Time: 39,23.57.70.71
X-Akamai-Request-ID: 5c957b54.fc2e509
Expires: Sun, 19 Jan 2025 19:02:26 GMT
Cache-Control: max-age=0, no-cache, no-store
Pragma: no-cache
Date: Sun, 19 Jan 2025 19:02:26 GMT
X-Cache: TCP_MISS from a23-77-196-76.deploy.akamaitechnologies.com (AkamaiGHost/11.8.0-1debf780f7d7c834933fa9689361eec6) (-)
Connection: close
X-Cache-Remote: TCP_MISS from a23-57-70-71.deploy.akamaitechnologies.com (AkamaiGHost/11.8.0-2d0f2d516c5d43e1487924a77ec5924a) (-)
x-tt-trace-tag: id=16;cdn-cache=miss;type=dyn
Server-Timing: cdn-cache; desc=MISS, edge; dur=82, origin; dur=39
Server-Timing: inner; dur=31
X-Parent-Response-Time: 116,23.77.196.76

{"code": 0, "message": "OK", "request_id": "202501191902268A15E5058ACDC74DE88F", "data": {}}
2025-01-19T19:02:26+00:00 DEBUG Tt4b_Mapi_Class::mapi_post: Response: 

HTTP/1.1 200 OK
Server: nginx
Content-Type: application/json
Content-Length: 92
X-Tt-Logid: 20250119190226C8787F70F7CC6E3A9D31
Server-Timing: inner; dur=37
x-tt-trace-host: 010f944bc43be00f209e30a38bc3490442ab1f7701c43117d48e838c6cea397d5bdb1560951cae979d2f3b8f73b839503dbaad04cc502e6af53c0cc1c9d29c9a1e1e7bda72dd891f78e096584f3d0b5ec11f8cbbb3416f1d68083e60796aadd154
x-tt-trace-id: 00-250119190226C8787F70F7CC6E3A9D31-1C977204A0298F0F-00
Expires: Sun, 19 Jan 2025 19:02:26 GMT
Cache-Control: max-age=0, no-cache, no-store
Pragma: no-cache
Date: Sun, 19 Jan 2025 19:02:26 GMT
X-Cache: TCP_MISS from a23-77-196-94.deploy.akamaitechnologies.com (AkamaiGHost/11.8.0-1debf780f7d7c834933fa9689361eec6) (-)
Connection: close
x-tt-trace-tag: id=16;cdn-cache=miss;type=dyn
Server-Timing: cdn-cache; desc=MISS, edge; dur=3, origin; dur=123
X-Origin-Response-Time: 123,23.77.196.94
X-Akamai-Request-ID: 13b5b51b

{"code": 0, "message": "OK", "request_id": "20250119190226C8787F70F7CC6E3A9D31", "data": {}}
2025-01-19T19:02:27+00:00 DEBUG Tt4b_Pixel_Class::inject_view_content_event: hit ViewContent
2025-01-19T19:02:27+00:00 DEBUG POST: https://business-api.tiktok.com/open_api/v1.3/event/track/

{"partner_name":"WooCommerce","event_source":"web","event_source_id":"CSM79Q3C77UAG1T340I0","data":[{"event":"ViewContent","event_id":"678d4c430540b_tt4b_woocommerce_670666209cf1f_BX-001","event_time":1737313347,"user":{"ip":"66.249.79.96","user_agent":"Mozilla\/5.0 (Linux; Android 6.0.1; Nexus 5X Build\/MMB29P) AppleWebKit\/537.36 (KHTML, like Gecko) Chrome\/132.0.6834.83 Mobile Safari\/537.36 (compatible; Googlebot\/2.1; +http:\/\/www.google.com\/bot.html)","locale":"ar","external_id":"0","email":"e3b0c44298fc1c149afbf4c8996fb92427ae41e4649b934ca495991b7852b855","phone_number":"e3b0c44298fc1c149afbf4c8996fb92427ae41e4649b934ca495991b7852b855","first_name":"e3b0c44298fc1c149afbf4c8996fb92427ae41e4649b934ca495991b7852b855","last_name":"e3b0c44298fc1c149afbf4c8996fb92427ae41e4649b934ca495991b7852b855","zip_code":"e3b0c44298fc1c149afbf4c8996fb92427ae41e4649b934ca495991b7852b855"},"properties":{"contents":[{"price":110,"quantity":1,"content_id":"BX-001","content_name":"\u0628\u0648\u0643\u0633 \u064a\u0648\u0645 \u0627\u0644\u062a\u0623\u0633\u064a\u0633 001","description":"<ul>\r\n \t<li><strong>\u0648\u0635\u0641 \u0627\u0644\u0645\u0646\u062a\u062c :<\/strong>\r\n&gt; \u0628\u0648\u0643\u0633 \u064a\u0648\u0645 \u0627\u0644\u062a\u0627\u0633\u064a\u0633 \u0647\u0627\u0631\u062f\u0643\u0641\u0631 \u0641\u0627\u062e\u0631 \u0645\u0639 \u0637\u0628\u0627\u0639\u0647 \u064a\u0648\u0641\u064a.\r\n&gt; \u0637\u0628\u0627\u0639\u0629 \u0645\u0644\u0648\u0646\u0629 \u0639\u0644\u0649 \u0643\u0627\u0645\u0644 \u0627\u0644\u0628\u0648\u0643\u0633 \u0645\u0646 \u0627\u0644\u062e\u0627\u0631\u062c.\r\n&gt; \u0627\u0636\u0627\u0641\u0629 \u0634\u0639\u0627\u0631 \u0627\u0644\u0639\u0645\u064a\u0644 \u0639\u0644\u0649 \u0645\u062d\u062a\u0648\u064a\u0627\u062a \u0627\u0644\u0628\u0648\u0643\u0633 \u0648\u0627\u0644\u0648\u062c\u0629 \u0627\u0644\u062e\u0627\u0631\u062c\u064a.<\/li>\r\n<\/ul>\r\n<ul>\r\n \t<li><strong>\u0637\u0631\u064a\u0642\u0629 \u0627\u0644\u0637\u0644\u0628:<\/strong>\r\n&gt; \u062d\u062f\u062f \u0627\u0644\u0643\u0645\u064a\u0629 \u0628\u0627\u0644\u0627\u0633\u0641\u0644 \u0648 \u0627\u0631\u0641\u0642 \u0634\u0639\u0627\u0631 \u0648\u0627\u0644\u0630\u0647\u0627\u0628 \u0644\u0644\u062f\u0641\u0639.\r\n&gt; \u0627\u0644\u0637\u0644\u0628 \u0639\u0646 \u0637\u0631\u064a\u0642 \u0627\u0644\u0648\u062a\u0633 \u0628\u0627\u0644\u0638\u063a\u0637 \u0639\u0644\u0649 \u0632\u0631 \u0627\u0644\u0648\u0627\u062a\u0633\u0627\u0628.<\/li>\r\n<\/ul>\r\n<ul>\r\n \t<li><strong>\u0645\u062f\u0629 \u062a\u0646\u0641\u064a\u0630 \u0627\u0644\u0637\u0644\u0628 :<\/strong>\r\n&gt; \u062a\u0631\u0627\u0648\u062d \u0645\u0646 5 - 7 \u0627\u064a\u0627\u0645 \u0639\u0645\u0644 \u0648 \u0642\u062f \u062a\u0632\u064a\u062f \u0639\u0646\u062f \u0632\u064a\u0627\u062f\u0629 \u0627\u0644\u0643\u0645\u064a\u0627\u062a.\r\n&gt; \u0644\u0644\u0643\u0645\u064a\u0627\u062a \u0627\u0644\u0643\u0628\u064a\u0631\u0629 \u0641\u0642\u0637 \u062a\u0628\u062f\u0627\u0621 \u0645\u062f\u0629 \u0627\u0644\u0637\u0644\u0628 \u0628\u0639\u062f \u0627\u0639\u062a\u0645\u0627\u062f \u0627\u0644\u062a\u0635\u0645\u064a\u0645.<\/li>\r\n<\/ul>","availability":"IN_STOCK","sale_price":110,"on_sale":false}],"content_type":"product","currency":"SAR","value":110,"event_trigger_source":"WooCommerce"},"page":{"url":"http:\/\/www.ibn-sinaa.com\/product\/foundation-day-box-001\/"}}]}
 ajax: no
2025-01-19T19:02:27+00:00 DEBUG Tt4b_Mapi_Class::mapi_post: Response: 

HTTP/1.1 200 OK
Server: nginx
Content-Type: application/json
Content-Length: 92
X-Tt-Logid: 2025011919022779A6A7ECCF4A265A0A78
Server-Timing: inner; dur=48
x-tt-trace-host: 010f944bc43be00f209e30a38bc3490442d13bbf9d2c86c006e6fe6e7ba6cbdb2ab0c1f574f23442f8d4c104d09ca929f5c631d895350d088c6797d1d4d5e34f609acce3acf603b905e2a7c8dda739834d989089086c77b7a7e23d1a06f59f8bcc
x-tt-trace-id: 00-25011919022779A6A7ECCF4A265A0A78-0C3F64122C41F138-00
Expires: Sun, 19 Jan 2025 19:02:27 GMT
Cache-Control: max-age=0, no-cache, no-store
Pragma: no-cache
Date: Sun, 19 Jan 2025 19:02:27 GMT
X-Cache: TCP_MISS from a23-77-196-76.deploy.akamaitechnologies.com (AkamaiGHost/11.8.0-1debf780f7d7c834933fa9689361eec6) (-)
Connection: close
x-tt-trace-tag: id=16;cdn-cache=miss;type=dyn
Server-Timing: cdn-cache; desc=MISS, edge; dur=8, origin; dur=128
X-Origin-Response-Time: 128,23.77.196.76
X-Akamai-Request-ID: fc2e974

{"code": 0, "message": "OK", "request_id": "2025011919022779A6A7ECCF4A265A0A78", "data": {}}
2025-01-19T19:03:13+00:00 DEBUG POST: https://business-api.tiktok.com/open_api/v1.3/event/track/

{"partner_name":"WooCommerce","event_source":"web","event_source_id":"CSM79Q3C77UAG1T340I0","data":[{"event":"Pageview","event_id":"678d4c71a2c77_tt4b_woocommerce_670666209cf1f","event_time":1737313393,"user":{"ip":"66.249.68.68","user_agent":"Mozilla\/5.0 (Linux; Android 6.0.1; Nexus 5X Build\/MMB29P) AppleWebKit\/537.36 (KHTML, like Gecko) Chrome\/132.0.6834.83 Mobile Safari\/537.36 (compatible; Googlebot\/2.1; +http:\/\/www.google.com\/bot.html)","locale":"ar","external_id":"0","email":"e3b0c44298fc1c149afbf4c8996fb92427ae41e4649b934ca495991b7852b855","phone_number":"e3b0c44298fc1c149afbf4c8996fb92427ae41e4649b934ca495991b7852b855","first_name":"e3b0c44298fc1c149afbf4c8996fb92427ae41e4649b934ca495991b7852b855","last_name":"e3b0c44298fc1c149afbf4c8996fb92427ae41e4649b934ca495991b7852b855","zip_code":"e3b0c44298fc1c149afbf4c8996fb92427ae41e4649b934ca495991b7852b855"},"page":{"url":"http:\/\/www.ibn-sinaa.com\/product\/%D9%83%D8%A7%D8%B3-%D8%B3%D9%8A%D8%B1%D8%A7%D9%85%D9%8A%D9%83\/feed\/"}}]}
 ajax: no
2025-01-19T19:03:13+00:00 DEBUG Tt4b_Mapi_Class::mapi_post: Response: 

HTTP/1.1 200 OK
Server: nginx
Content-Type: application/json
Content-Length: 92
X-Tt-Logid: 20250119190313BDD50E629C3A783F26B6
x-tt-trace-host: 010f944bc43be00f209e30a38bc3490442e986d75a4a945d3d7df5ec7fb8a18033f7ac1362852644ace80a7195c7a109c8482778f41108e9651fb73ba44cc5dd8e2c348451170e80529dc9ba273c727b6c8363b5e02c5c20e641a5dd5fba83086e065422205bc76e1d9ecc19579a6f8080
x-tt-trace-id: 00-250119190313BDD50E629C3A783F26B6-3EBCFAF74086FAA6-00
X-Origin-Response-Time: 48,23.57.70.71
X-Akamai-Request-ID: 5c9e15de.fc4d4d4
Expires: Sun, 19 Jan 2025 19:03:13 GMT
Cache-Control: max-age=0, no-cache, no-store
Pragma: no-cache
Date: Sun, 19 Jan 2025 19:03:13 GMT
X-Cache: TCP_MISS from a23-77-196-76.deploy.akamaitechnologies.com (AkamaiGHost/11.8.0-1debf780f7d7c834933fa9689361eec6) (-)
Connection: close
X-Cache-Remote: TCP_MISS from a23-57-70-71.deploy.akamaitechnologies.com (AkamaiGHost/11.8.0-2d0f2d516c5d43e1487924a77ec5924a) (-)
x-tt-trace-tag: id=16;cdn-cache=miss;type=dyn
Server-Timing: cdn-cache; desc=MISS, edge; dur=79, origin; dur=48
Server-Timing: inner; dur=35
X-Parent-Response-Time: 124,23.77.196.76

{"code": 0, "message": "OK", "request_id": "20250119190313BDD50E629C3A783F26B6", "data": {}}
2025-01-19T19:05:09+00:00 DEBUG POST: https://business-api.tiktok.com/open_api/v1.3/event/track/

{"partner_name":"WooCommerce","event_source":"web","event_source_id":"CSM79Q3C77UAG1T340I0","data":[{"event":"Pageview","event_id":"678d4ce52b393_tt4b_woocommerce_670666209cf1f","event_time":1737313509,"user":{"ip":"157.55.39.54","user_agent":"Mozilla\/5.0 AppleWebKit\/537.36 (KHTML, like Gecko; compatible; bingbot\/2.0; +http:\/\/www.bing.com\/bingbot.htm) Chrome\/116.0.1938.76 Safari\/537.36","locale":"ar","external_id":"0","email":"e3b0c44298fc1c149afbf4c8996fb92427ae41e4649b934ca495991b7852b855","phone_number":"e3b0c44298fc1c149afbf4c8996fb92427ae41e4649b934ca495991b7852b855","first_name":"e3b0c44298fc1c149afbf4c8996fb92427ae41e4649b934ca495991b7852b855","last_name":"e3b0c44298fc1c149afbf4c8996fb92427ae41e4649b934ca495991b7852b855","zip_code":"e3b0c44298fc1c149afbf4c8996fb92427ae41e4649b934ca495991b7852b855"},"page":{"url":"http:\/\/www.ibn-sinaa.com\/wp-content\/uploads\/2024\/11\/%D8%A7%D8%B3%D8%AA%D8%A7%D9%86%D8%AF-%D9%85%D9%86%D8%AD%D9%86%D9%8A-1000x1000.png\/"}}]}
 ajax: no
2025-01-19T19:05:09+00:00 DEBUG Tt4b_Mapi_Class::mapi_post: Response: 

HTTP/1.1 200 OK
Server: nginx
Content-Type: application/json
Content-Length: 92
X-Tt-Logid: 202501191905093D1AF5DD7A3C293A13A0
x-tt-trace-host: 010f944bc43be00f209e30a38bc3490442eaa3404e11bcf4b9ac1c333e5763d4090e1accfa6087790898fc83c3bbc4e3764fa36bc52298e324eba63524e856b102a1df727d4e361ec511b80152802fd348bcdc4c87e552a7336b9cdcb4198da2c35fd427a92417ae6d0c0516e6395d7c67
x-tt-trace-id: 00-2501191905093D1AF5DD7A3C293A13A0-503D6EFA830CFEE7-00
X-Origin-Response-Time: 52,23.32.17.17
X-Akamai-Request-ID: 133b53e4.13bcf42e
Expires: Sun, 19 Jan 2025 19:05:09 GMT
Cache-Control: max-age=0, no-cache, no-store
Pragma: no-cache
Date: Sun, 19 Jan 2025 19:05:09 GMT
X-Cache: TCP_MISS from a23-77-196-94.deploy.akamaitechnologies.com (AkamaiGHost/11.8.0-1debf780f7d7c834933fa9689361eec6) (-)
Connection: close
X-Cache-Remote: TCP_MISS from a23-32-17-17.deploy.akamaitechnologies.com (AkamaiGHost/11.8.0-1debf780f7d7c834933fa9689361eec6) (-)
x-tt-trace-tag: id=16;cdn-cache=miss;type=dyn
Server-Timing: cdn-cache; desc=MISS, edge; dur=98, origin; dur=51
Server-Timing: inner; dur=37
X-Parent-Response-Time: 145,23.77.196.94

{"code": 0, "message": "OK", "request_id": "202501191905093D1AF5DD7A3C293A13A0", "data": {}}
2025-01-19T19:05:41+00:00 DEBUG Tt4b_Pixel_Class::inject_add_to_cart_event: hit AddToCart
2025-01-19T19:05:41+00:00 DEBUG POST: https://business-api.tiktok.com/open_api/v1.3/event/track/

{"partner_name":"WooCommerce","event_source":"web","event_source_id":"CSM79Q3C77UAG1T340I0","data":[{"event":"AddToCart","event_id":"678d4d05aa753_tt4b_woocommerce_670666209cf1f_4125","event_time":1737313541,"user":{"ip":"216.244.66.233","user_agent":"Mozilla\/5.0 (compatible; DotBot\/1.2; +https:\/\/opensiteexplorer.org\/dotbot; help@moz.com)","locale":"ar","external_id":"0","email":"e3b0c44298fc1c149afbf4c8996fb92427ae41e4649b934ca495991b7852b855","phone_number":"e3b0c44298fc1c149afbf4c8996fb92427ae41e4649b934ca495991b7852b855","first_name":"e3b0c44298fc1c149afbf4c8996fb92427ae41e4649b934ca495991b7852b855","last_name":"e3b0c44298fc1c149afbf4c8996fb92427ae41e4649b934ca495991b7852b855","zip_code":"e3b0c44298fc1c149afbf4c8996fb92427ae41e4649b934ca495991b7852b855"},"properties":{"contents":[{"price":65,"quantity":1,"content_id":"4125","content_name":"\u0633\u062c\u0644\u0627\u062a \u0645\u0627\u062f\u0629 \u0627\u0644\u0641\u064a\u0632\u064a\u0627\u0621","description":". \u0637\u0628\u0627\u0639\u0647 \u0633\u062c\u0644\u0627\u062a \u0645\u062f\u0631\u0633\u064a\u0629 \u0627\u062d\u062a\u0631\u0627\u0641\u064a\u0629 \u062e\u0627\u0645\u062a\u0647\u0627 \u0643\u0631\u062a\u0648\u0646 2000 \u062c\u0631\u0627\u0645,\u062a\u0636\u0627\u0641 \u0637\u0628\u0642\u0629 \u062d\u0645\u0627\u064a\u0647 \u0627\u0633\u062a\u064a\u0643\u0631 \u0645\u0639 \u0633\u0644\u0648\u0641\u0627\u0646 \u0644\u0627\u0645\u0639.\r\n. \u0645\u062a\u0648\u0641\u0631 \u0628 \u0627\u062d\u062c\u0627\u0645 \u0645\u062e\u062a\u0644\u0641\u0647 ( \u0635\u063a\u064a\u0631, \u0648\u0633\u0637 , \u0643\u0628\u064a\u0631 ).\r\n. \u064a\u062a\u0633\u0639 \u0627\u0644\u0645\u0642\u0627\u0633 \u0627\u0644\u0635\u063a\u064a\u0631 ( \u0645\u0646 50 \u0627\u0644\u0649 150 \u0648\u0631\u0642\u0629 )\r\n. \u064a\u062a\u0633\u0639 \u0627\u0644\u0648\u0633\u0637 ( \u0645\u0646 150 \u0627\u0644\u0649 300 \u0648\u0631\u0642\u0629 )\r\n. \u0627\u0644\u0643\u0628\u064a\u0631 ( \u0645\u0646 300 \u0627\u0644\u0649 400 \u0648\u0631\u0642\u0629 ).\r\n. \u0645\u062f\u0629 \u0627\u0644\u062a\u0646\u0641\u064a\u0630 : 3-5 \u0627\u064a\u0627\u0645 \u0648\u062a\u0632\u064a\u062f \u0627\u0644\u0645\u062f\u0629 \u0639\u0646 \u0637\u0644\u0628 \u0627\u0644\u0634\u062d\u0646.","availability":"IN_STOCK","sale_price":65,"on_sale":false}],"content_type":"product","currency":"SAR","value":65,"event_trigger_source":"WooCommerce"},"page":{"url":"http:\/\/mail.ibn-sinaa.com\/product-category\/school-and-student-printing\/records\/page\/2\/?add-to-cart=4125"}}]}
 ajax: no
2025-01-19T19:05:41+00:00 DEBUG Tt4b_Mapi_Class::mapi_post: Response: 

HTTP/1.1 200 OK
Server: nginx
Content-Type: application/json
Content-Length: 92
X-Tt-Logid: 20250119190541738757091682C546B897
Server-Timing: inner; dur=54
x-tt-trace-host: 010f944bc43be00f209e30a38bc3490442d13bbf9d2c86c006e6fe6e7ba6cbdb2a3dcf06fae843cdf7a0c9c6b357b1191c5db2848a1365f8c13e08c17703dba925830651545e42bff1f8b1529983d4b14156b3d287a261a23642427f7bcd947c78
x-tt-trace-id: 00-250119190541738757091682C546B897-488CBE927D29423C-00
Expires: Sun, 19 Jan 2025 19:05:41 GMT
Cache-Control: max-age=0, no-cache, no-store
Pragma: no-cache
Date: Sun, 19 Jan 2025 19:05:41 GMT
X-Cache: TCP_MISS from a23-77-196-76.deploy.akamaitechnologies.com (AkamaiGHost/11.8.0-1debf780f7d7c834933fa9689361eec6) (-)
Connection: close
x-tt-trace-tag: id=16;cdn-cache=miss;type=dyn
Server-Timing: cdn-cache; desc=MISS, edge; dur=7, origin; dur=132
X-Origin-Response-Time: 134,23.77.196.76
X-Akamai-Request-ID: fcad81e

{"code": 0, "message": "OK", "request_id": "20250119190541738757091682C546B897", "data": {}}
2025-01-19T19:05:42+00:00 DEBUG POST: https://business-api.tiktok.com/open_api/v1.3/event/track/

{"partner_name":"WooCommerce","event_source":"web","event_source_id":"CSM79Q3C77UAG1T340I0","data":[{"event":"Pageview","event_id":"678d4d0617e7a_tt4b_woocommerce_670666209cf1f","event_time":1737313542,"user":{"ip":"216.244.66.233","user_agent":"Mozilla\/5.0 (compatible; DotBot\/1.2; +https:\/\/opensiteexplorer.org\/dotbot; help@moz.com)","locale":"ar","external_id":"0","email":"e3b0c44298fc1c149afbf4c8996fb92427ae41e4649b934ca495991b7852b855","phone_number":"e3b0c44298fc1c149afbf4c8996fb92427ae41e4649b934ca495991b7852b855","first_name":"e3b0c44298fc1c149afbf4c8996fb92427ae41e4649b934ca495991b7852b855","last_name":"e3b0c44298fc1c149afbf4c8996fb92427ae41e4649b934ca495991b7852b855","zip_code":"e3b0c44298fc1c149afbf4c8996fb92427ae41e4649b934ca495991b7852b855"},"page":{"url":"http:\/\/mail.ibn-sinaa.com\/product-category\/school-and-student-printing\/records\/page\/2\/?add-to-cart=4125"}}]}
 ajax: no
2025-01-19T19:05:42+00:00 DEBUG Tt4b_Mapi_Class::mapi_post: Response: 

HTTP/1.1 200 OK
Server: nginx
Content-Type: application/json
Content-Length: 92
X-Tt-Logid: 202501191905425F012E917B911E562B0E
Server-Timing: inner; dur=34
x-tt-trace-host: 010f944bc43be00f209e30a38bc3490442ab1f7701c43117d48e838c6cea397d5b31698b97bd296c32ba34d2d92363c21c6d65ac117f575f24a000d115f5b06aa60db056c9ee07f5deeff57b95d36536e1ad4a8c749cf95ec1ddc0c75865e0303b
x-tt-trace-id: 00-2501191905425F012E917B911E562B0E-4DC3679866313917-00
Expires: Sun, 19 Jan 2025 19:05:42 GMT
Cache-Control: max-age=0, no-cache, no-store
Pragma: no-cache
Date: Sun, 19 Jan 2025 19:05:42 GMT
X-Cache: TCP_MISS from a23-77-196-94.deploy.akamaitechnologies.com (AkamaiGHost/11.8.0-1debf780f7d7c834933fa9689361eec6) (-)
Connection: close
x-tt-trace-tag: id=16;cdn-cache=miss;type=dyn
Server-Timing: cdn-cache; desc=MISS, edge; dur=9, origin; dur=120
X-Origin-Response-Time: 120,23.77.196.94
X-Akamai-Request-ID: 13be8486

{"code": 0, "message": "OK", "request_id": "202501191905425F012E917B911E562B0E", "data": {}}
2025-01-19T19:05:56+00:00 DEBUG POST: https://business-api.tiktok.com/open_api/v1.3/event/track/

{"partner_name":"WooCommerce","event_source":"web","event_source_id":"CSM79Q3C77UAG1T340I0","data":[{"event":"Pageview","event_id":"678d4d143e992_tt4b_woocommerce_670666209cf1f","event_time":1737313556,"user":{"ip":"52.167.144.215","user_agent":"Mozilla\/5.0 AppleWebKit\/537.36 (KHTML, like Gecko; compatible; bingbot\/2.0; +http:\/\/www.bing.com\/bingbot.htm) Chrome\/116.0.1938.76 Safari\/537.36","locale":"ar","external_id":"0","email":"e3b0c44298fc1c149afbf4c8996fb92427ae41e4649b934ca495991b7852b855","phone_number":"e3b0c44298fc1c149afbf4c8996fb92427ae41e4649b934ca495991b7852b855","first_name":"e3b0c44298fc1c149afbf4c8996fb92427ae41e4649b934ca495991b7852b855","last_name":"e3b0c44298fc1c149afbf4c8996fb92427ae41e4649b934ca495991b7852b855","zip_code":"e3b0c44298fc1c149afbf4c8996fb92427ae41e4649b934ca495991b7852b855"},"page":{"url":"http:\/\/www.ibn-sinaa.com\/?lang=ar&s=2025"}}]}
 ajax: no
2025-01-19T19:05:56+00:00 DEBUG Tt4b_Mapi_Class::mapi_post: Response: 

HTTP/1.1 200 OK
Server: nginx
Content-Type: application/json
Content-Length: 92
X-Tt-Logid: 20250119190556FDF117B19F76A23A677C
Server-Timing: inner; dur=27
x-tt-trace-host: 010f944bc43be00f209e30a38bc3490442d13bbf9d2c86c006e6fe6e7ba6cbdb2aba2f4fb7a0c36aea0e60498c7ffcaab8825f965444e98b38baefe6f64b6d75c96f25eb1a0cbff12602345f7b129b0839ade696b7ebf4204dced03159c063a89a
x-tt-trace-id: 00-250119190556FDF117B19F76A23A677C-13AD5D2486FBAB7A-00
Expires: Sun, 19 Jan 2025 19:05:56 GMT
Cache-Control: max-age=0, no-cache, no-store
Pragma: no-cache
Date: Sun, 19 Jan 2025 19:05:56 GMT
X-Cache: TCP_MISS from a23-77-196-76.deploy.akamaitechnologies.com (AkamaiGHost/11.8.0-1debf780f7d7c834933fa9689361eec6) (-)
Connection: close
x-tt-trace-tag: id=16;cdn-cache=miss;type=dyn
Server-Timing: cdn-cache; desc=MISS, edge; dur=7, origin; dur=111
X-Origin-Response-Time: 113,23.77.196.76
X-Akamai-Request-ID: fcb6a91

{"code": 0, "message": "OK", "request_id": "20250119190556FDF117B19F76A23A677C", "data": {}}
2025-01-19T19:06:42+00:00 DEBUG POST: https://business-api.tiktok.com/open_api/v1.3/event/track/

{"partner_name":"WooCommerce","event_source":"web","event_source_id":"CSM79Q3C77UAG1T340I0","data":[{"event":"Pageview","event_id":"678d4d4256bdd_tt4b_woocommerce_670666209cf1f","event_time":1737313602,"user":{"ip":"95.163.255.45","user_agent":"Mozilla\/5.0 (compatible; Linux x86_64; Mail.RU_Bot\/2.0; +https:\/\/help.mail.ru\/webmaster\/indexing\/robots)","locale":"ar","external_id":"0","email":"e3b0c44298fc1c149afbf4c8996fb92427ae41e4649b934ca495991b7852b855","phone_number":"e3b0c44298fc1c149afbf4c8996fb92427ae41e4649b934ca495991b7852b855","first_name":"e3b0c44298fc1c149afbf4c8996fb92427ae41e4649b934ca495991b7852b855","last_name":"e3b0c44298fc1c149afbf4c8996fb92427ae41e4649b934ca495991b7852b855","zip_code":"e3b0c44298fc1c149afbf4c8996fb92427ae41e4649b934ca495991b7852b855"},"page":{"url":"http:\/\/www.ibn-sinaa.com\/?p=151"}}]}
 ajax: no
2025-01-19T19:06:42+00:00 DEBUG Tt4b_Mapi_Class::mapi_post: Response: 

HTTP/1.1 200 OK
Server: nginx
Content-Type: application/json
Content-Length: 92
X-Tt-Logid: 202501191906427F9333277783B560CBFB
Server-Timing: inner; dur=24
x-tt-trace-host: 010f944bc43be00f209e30a38bc3490442ab1f7701c43117d48e838c6cea397d5b7f4568684c3fd4bf81a66970bacd1f744e65b0c2fe3c9b051dfe3cc6eeec79ea3ede8e7b9dd68a50cdffbab1f32a877a75a45d5712bee037c77fc7b1b73aaa26
x-tt-trace-id: 00-2501191906427F9333277783B560CBFB-099A83935CDCAC63-00
Expires: Sun, 19 Jan 2025 19:06:42 GMT
Cache-Control: max-age=0, no-cache, no-store
Pragma: no-cache
Date: Sun, 19 Jan 2025 19:06:42 GMT
X-Cache: TCP_MISS from a23-77-196-94.deploy.akamaitechnologies.com (AkamaiGHost/11.8.0-1debf780f7d7c834933fa9689361eec6) (-)
Connection: close
x-tt-trace-tag: id=16;cdn-cache=miss;type=dyn
Server-Timing: cdn-cache; desc=MISS, edge; dur=4, origin; dur=126
X-Origin-Response-Time: 126,23.77.196.94
X-Akamai-Request-ID: 13c1825c

{"code": 0, "message": "OK", "request_id": "202501191906427F9333277783B560CBFB", "data": {}}
2025-01-19T19:06:54+00:00 DEBUG POST: https://business-api.tiktok.com/open_api/v1.3/event/track/

{"partner_name":"WooCommerce","event_source":"web","event_source_id":"CSM79Q3C77UAG1T340I0","data":[{"event":"Pageview","event_id":"678d4d4e344a9_tt4b_woocommerce_670666209cf1f","event_time":1737313614,"user":{"ip":"5.255.231.119","user_agent":"Mozilla\/5.0 (compatible; YandexBot\/3.0; +http:\/\/yandex.com\/bots)","locale":"ar","external_id":"0","email":"e3b0c44298fc1c149afbf4c8996fb92427ae41e4649b934ca495991b7852b855","phone_number":"e3b0c44298fc1c149afbf4c8996fb92427ae41e4649b934ca495991b7852b855","first_name":"e3b0c44298fc1c149afbf4c8996fb92427ae41e4649b934ca495991b7852b855","last_name":"e3b0c44298fc1c149afbf4c8996fb92427ae41e4649b934ca495991b7852b855","zip_code":"e3b0c44298fc1c149afbf4c8996fb92427ae41e4649b934ca495991b7852b855"},"page":{"url":"http:\/\/mail.ibn-sinaa.com\/product\/folding-table\/"}}]}
 ajax: no
2025-01-19T19:06:54+00:00 DEBUG Tt4b_Mapi_Class::mapi_post: Response: 

HTTP/1.1 200 OK
Server: nginx
Content-Type: application/json
Content-Length: 92
X-Tt-Logid: 202501191906547E55B64829A8AE7BB6E4
Server-Timing: inner; dur=36
x-tt-trace-host: 010f944bc43be00f209e30a38bc3490442d13bbf9d2c86c006e6fe6e7ba6cbdb2a0979246f1b2bf90f14521a6b36e4ca6a05dd01aeb61525c4f28ac8e729834ee5aedca01dfc189f730788defe07c515be8532a9dd7e897997e184d2345a70a5d4
x-tt-trace-id: 00-2501191906547E55B64829A8AE7BB6E4-6EC428C9226D4AE2-00
Expires: Sun, 19 Jan 2025 19:06:54 GMT
Cache-Control: max-age=0, no-cache, no-store
Pragma: no-cache
Date: Sun, 19 Jan 2025 19:06:54 GMT
X-Cache: TCP_MISS from a23-77-196-76.deploy.akamaitechnologies.com (AkamaiGHost/11.8.0-1debf780f7d7c834933fa9689361eec6) (-)
Connection: close
x-tt-trace-tag: id=16;cdn-cache=miss;type=dyn
Server-Timing: cdn-cache; desc=MISS, edge; dur=4, origin; dur=116
X-Origin-Response-Time: 116,23.77.196.76
X-Akamai-Request-ID: fcdafa5

{"code": 0, "message": "OK", "request_id": "202501191906547E55B64829A8AE7BB6E4", "data": {}}
2025-01-19T19:06:54+00:00 DEBUG Tt4b_Pixel_Class::inject_view_content_event: hit ViewContent
2025-01-19T19:06:54+00:00 DEBUG POST: https://business-api.tiktok.com/open_api/v1.3/event/track/

{"partner_name":"WooCommerce","event_source":"web","event_source_id":"CSM79Q3C77UAG1T340I0","data":[{"event":"ViewContent","event_id":"678d4d4e6ce38_tt4b_woocommerce_670666209cf1f_4325","event_time":1737313614,"user":{"ip":"5.255.231.119","user_agent":"Mozilla\/5.0 (compatible; YandexBot\/3.0; +http:\/\/yandex.com\/bots)","locale":"ar","external_id":"0","email":"e3b0c44298fc1c149afbf4c8996fb92427ae41e4649b934ca495991b7852b855","phone_number":"e3b0c44298fc1c149afbf4c8996fb92427ae41e4649b934ca495991b7852b855","first_name":"e3b0c44298fc1c149afbf4c8996fb92427ae41e4649b934ca495991b7852b855","last_name":"e3b0c44298fc1c149afbf4c8996fb92427ae41e4649b934ca495991b7852b855","zip_code":"e3b0c44298fc1c149afbf4c8996fb92427ae41e4649b934ca495991b7852b855"},"properties":{"contents":[{"price":1400,"quantity":1,"content_id":"4325","content_name":"\u0637\u0627\u0648\u0644\u0629 \u0642\u0627\u0628\u0644\u0629 \u0644\u0644\u0637\u064a","description":"\u0637\u0627\u0648\u0644\u0629 \u0642\u0627\u0628\u0644\u0647 \u0644\u0644\u0637\u064a : \u0645\u062b\u0627\u0644\u064a\u0629 \u0644\u0639\u0631\u0636 \u0627\u0644\u0645\u0646\u062a\u062c\u0627\u062a \u0648\u0627\u0644\u062e\u062f\u0645\u0627\u062a \u0628\u062c\u0648\u062f\u0629 \u0639\u0627\u0644\u064a\u0629 \u0648\u062a\u0635\u0645\u064a\u0645 \u062c\u0630\u0627\u0628. \u0645\u062b\u0627\u0644\u064a\u0629 \u0644\u0644\u0627\u0633\u062a\u062e\u062f\u0627\u0645 \u0641\u064a \u0627\u0644\u0645\u0639\u0627\u0631\u0636 \u0648\u0627\u0644\u0641\u0639\u0627\u0644\u064a\u0627\u062a \u0627\u0644\u062a\u0633\u0648\u064a\u0642\u064a\u0629\u060c \u062a\u062a\u0645\u064a\u0632 \u0628\u0645\u062a\u0627\u0646\u062a\u0647\u0627 \u0648\u0633\u0647\u0648\u0644\u0629 \u0646\u0642\u0644\u0647\u0627 \u0648\u062a\u0631\u0643\u064a\u0628\u0647\u0627. \u062a\u062c\u0639\u0644 \u0639\u0631\u0636 \u0645\u0646\u062a\u062c\u0627\u062a\u0643 \u0623\u0643\u062b\u0631 \u062c\u0627\u0630\u0628\u064a\u0629 \u0648\u062a\u0646\u0638\u064a\u0645\u064b\u0627.","availability":"IN_STOCK","sale_price":1400,"on_sale":false}],"content_type":"product","currency":"SAR","value":1400,"event_trigger_source":"WooCommerce"},"page":{"url":"http:\/\/mail.ibn-sinaa.com\/product\/folding-table\/"}}]}
 ajax: no
2025-01-19T19:06:54+00:00 DEBUG Tt4b_Mapi_Class::mapi_post: Response: 

HTTP/1.1 200 OK
Server: nginx
Content-Type: application/json
Content-Length: 92
X-Tt-Logid: 202501191906546D30A43761E2C23AF6A7
Server-Timing: inner; dur=53
x-tt-trace-host: 010f944bc43be00f209e30a38bc3490442ab1f7701c43117d48e838c6cea397d5bf0ff68fa9028f5686937cd8570330c76e1c38fdfa11c26189bcf9698634e58f46e56c811fbc6bf72d6853b32e65a724d0e66ffe57b7e072ba309be06b6da808b
x-tt-trace-id: 00-2501191906546D30A43761E2C23AF6A7-61C14DB14146C90A-00
Expires: Sun, 19 Jan 2025 19:06:54 GMT
Cache-Control: max-age=0, no-cache, no-store
Pragma: no-cache
Date: Sun, 19 Jan 2025 19:06:54 GMT
X-Cache: TCP_MISS from a23-77-196-94.deploy.akamaitechnologies.com (AkamaiGHost/11.8.0-1debf780f7d7c834933fa9689361eec6) (-)
Connection: close
x-tt-trace-tag: id=16;cdn-cache=miss;type=dyn
Server-Timing: cdn-cache; desc=MISS, edge; dur=9, origin; dur=137
X-Origin-Response-Time: 138,23.77.196.94
X-Akamai-Request-ID: 13c222b5

{"code": 0, "message": "OK", "request_id": "202501191906546D30A43761E2C23AF6A7", "data": {}}
2025-01-19T19:07:36+00:00 DEBUG Tt4b_Pixel_Class::inject_add_to_cart_event: hit AddToCart
2025-01-19T19:07:36+00:00 DEBUG POST: https://business-api.tiktok.com/open_api/v1.3/event/track/

{"partner_name":"WooCommerce","event_source":"web","event_source_id":"CSM79Q3C77UAG1T340I0","data":[{"event":"AddToCart","event_id":"678d4d787e31d_tt4b_woocommerce_670666209cf1f_4438","event_time":1737313656,"user":{"ip":"54.36.149.76","user_agent":"Mozilla\/5.0 (compatible; AhrefsBot\/7.0; +http:\/\/ahrefs.com\/robot\/)","locale":"ar","external_id":"0","email":"e3b0c44298fc1c149afbf4c8996fb92427ae41e4649b934ca495991b7852b855","phone_number":"e3b0c44298fc1c149afbf4c8996fb92427ae41e4649b934ca495991b7852b855","first_name":"e3b0c44298fc1c149afbf4c8996fb92427ae41e4649b934ca495991b7852b855","last_name":"e3b0c44298fc1c149afbf4c8996fb92427ae41e4649b934ca495991b7852b855","zip_code":"e3b0c44298fc1c149afbf4c8996fb92427ae41e4649b934ca495991b7852b855"},"properties":{"contents":[{"price":130,"quantity":1,"content_id":"4438","content_name":"\u062a\u0642\u0648\u064a\u0645 \u0635\u0646\u062f\u0648\u0642 \u062e\u0634\u0628","description":"\u062a\u0642\u0648\u064a\u0645 \u0645\u064a\u0644\u0627\u062f\u064a \u062e\u0634\u0628: \u062a\u0635\u0645\u064a\u0645 \u0639\u0635\u0631\u064a \u0648\u0623\u0646\u064a\u0642\u060c \u0645\u0635\u0646\u0648\u0639 \u0645\u0646 \u0627\u0644\u062e\u0634\u0628 \u0627\u0644\u0645\u062a\u064a\u0646 \u0628\u0648\u0636\u0648\u062d \u0627\u0633\u062a\u062b\u0646\u0627\u0626\u064a \u0644\u0644\u0643\u062a\u0627\u0628\u0629 \u0648\u0627\u0644\u0631\u0624\u064a\u0629\u060c \u064a\u0636\u064a\u0641 \u0644\u0645\u0633\u0629 \u0645\u0646 \u0627\u0644\u0641\u062e\u0627\u0645\u0629 \u0648\u0627\u0644\u062a\u0646\u0638\u064a\u0645 \u0644\u0645\u0643\u062a\u0628\u0643. \u0645\u062b\u0627\u0644\u064a \u0644\u062a\u0646\u0638\u064a\u0645 \u0627\u0644\u0645\u0648\u0627\u0639\u064a\u062f \u0648\u0627\u0644\u0627\u062c\u062a\u0645\u0627\u0639\u0627\u062a\u060c \u0648\u064a\u0636\u0641\u064a \u062c\u0627\u0630\u0628\u064a\u0629 \u0639\u0644\u0649 \u0645\u0633\u0627\u062d\u0629 \u0627\u0644\u0639\u0645\u0644 \u0627\u0644\u062e\u0627\u0635\u0629 \u0628\u0643.","availability":"IN_STOCK","sale_price":130,"on_sale":false}],"content_type":"product","currency":"SAR","value":130,"event_trigger_source":"WooCommerce"},"page":{"url":"http:\/\/ibn-sinaa.com\/product-category\/shields-and-gifts\/%D8%AA%D9%82%D9%88%D9%8A%D9%85%D8%A7%D8%AA\/?add-to-cart=4438"}}]}
 ajax: no
2025-01-19T19:07:36+00:00 DEBUG Tt4b_Mapi_Class::mapi_post: Response: 

HTTP/1.1 200 OK
Server: nginx
Content-Type: application/json
Content-Length: 92
X-Tt-Logid: 2025011919073693C7D61FCF0E363F67B6
Server-Timing: inner; dur=34
x-tt-trace-host: 010f944bc43be00f209e30a38bc3490442ab1f7701c43117d48e838c6cea397d5b7d47355b016025c73faa306c5dfbb526eb8561710ed71edd22882eebae77f0433ec4470148a6b5c68ff34beff4bbf4fe5d7787d3876fb76f9b3144ca300ac698
x-tt-trace-id: 00-25011919073693C7D61FCF0E363F67B6-0BC613CC50925AA5-00
Expires: Sun, 19 Jan 2025 19:07:36 GMT
Cache-Control: max-age=0, no-cache, no-store
Pragma: no-cache
Date: Sun, 19 Jan 2025 19:07:36 GMT
X-Cache: TCP_MISS from a23-77-196-94.deploy.akamaitechnologies.com (AkamaiGHost/11.8.0-1debf780f7d7c834933fa9689361eec6) (-)
Connection: close
x-tt-trace-tag: id=16;cdn-cache=miss;type=dyn
Server-Timing: cdn-cache; desc=MISS, edge; dur=8, origin; dur=120
X-Origin-Response-Time: 121,23.77.196.94
X-Akamai-Request-ID: 13c431c8

{"code": 0, "message": "OK", "request_id": "2025011919073693C7D61FCF0E363F67B6", "data": {}}
2025-01-19T19:07:37+00:00 DEBUG POST: https://business-api.tiktok.com/open_api/v1.3/event/track/

{"partner_name":"WooCommerce","event_source":"web","event_source_id":"CSM79Q3C77UAG1T340I0","data":[{"event":"Pageview","event_id":"678d4d7919949_tt4b_woocommerce_670666209cf1f","event_time":1737313657,"user":{"ip":"54.36.149.76","user_agent":"Mozilla\/5.0 (compatible; AhrefsBot\/7.0; +http:\/\/ahrefs.com\/robot\/)","locale":"ar","external_id":"0","email":"e3b0c44298fc1c149afbf4c8996fb92427ae41e4649b934ca495991b7852b855","phone_number":"e3b0c44298fc1c149afbf4c8996fb92427ae41e4649b934ca495991b7852b855","first_name":"e3b0c44298fc1c149afbf4c8996fb92427ae41e4649b934ca495991b7852b855","last_name":"e3b0c44298fc1c149afbf4c8996fb92427ae41e4649b934ca495991b7852b855","zip_code":"e3b0c44298fc1c149afbf4c8996fb92427ae41e4649b934ca495991b7852b855"},"page":{"url":"http:\/\/ibn-sinaa.com\/product-category\/shields-and-gifts\/%D8%AA%D9%82%D9%88%D9%8A%D9%85%D8%A7%D8%AA\/?add-to-cart=4438"}}]}
 ajax: no
2025-01-19T19:07:37+00:00 DEBUG Tt4b_Mapi_Class::mapi_post: Response: 

HTTP/1.1 200 OK
Server: nginx
Content-Type: application/json
Content-Length: 92
X-Tt-Logid: 20250119190737559D2BEE1CFDE43F2399
Server-Timing: inner; dur=87
x-tt-trace-host: 010f944bc43be00f209e30a38bc3490442d13bbf9d2c86c006e6fe6e7ba6cbdb2ab39943d9d1e8949f0cfc654ffaad95c8820654599484a77466a05a711e67332bec85133b4545c3693bb629978b163e83da7f53e288657cb1aa7d14041bcab119
x-tt-trace-id: 00-250119190737559D2BEE1CFDE43F2399-7E54CB7172161990-00
Expires: Sun, 19 Jan 2025 19:07:37 GMT
Cache-Control: max-age=0, no-cache, no-store
Pragma: no-cache
Date: Sun, 19 Jan 2025 19:07:37 GMT
X-Cache: TCP_MISS from a23-77-196-76.deploy.akamaitechnologies.com (AkamaiGHost/11.8.0-1debf780f7d7c834933fa9689361eec6) (-)
Connection: close
x-tt-trace-tag: id=16;cdn-cache=miss;type=dyn
Server-Timing: cdn-cache; desc=MISS, edge; dur=5, origin; dur=166
X-Origin-Response-Time: 167,23.77.196.76
X-Akamai-Request-ID: fcf7e24

{"code": 0, "message": "OK", "request_id": "20250119190737559D2BEE1CFDE43F2399", "data": {}}
2025-01-19T19:10:53+00:00 DEBUG POST: https://business-api.tiktok.com/open_api/v1.3/event/track/

{"partner_name":"WooCommerce","event_source":"web","event_source_id":"CSM79Q3C77UAG1T340I0","data":[{"event":"Pageview","event_id":"678d4e3d215b1_tt4b_woocommerce_670666209cf1f","event_time":1737313853,"user":{"ip":"66.249.79.96","user_agent":"Mozilla\/5.0 (Linux; Android 6.0.1; Nexus 5X Build\/MMB29P) AppleWebKit\/537.36 (KHTML, like Gecko) Chrome\/132.0.6834.83 Mobile Safari\/537.36 (compatible; Googlebot\/2.1; +http:\/\/www.google.com\/bot.html)","locale":"ar","external_id":"0","email":"e3b0c44298fc1c149afbf4c8996fb92427ae41e4649b934ca495991b7852b855","phone_number":"e3b0c44298fc1c149afbf4c8996fb92427ae41e4649b934ca495991b7852b855","first_name":"e3b0c44298fc1c149afbf4c8996fb92427ae41e4649b934ca495991b7852b855","last_name":"e3b0c44298fc1c149afbf4c8996fb92427ae41e4649b934ca495991b7852b855","zip_code":"e3b0c44298fc1c149afbf4c8996fb92427ae41e4649b934ca495991b7852b855"},"page":{"url":"http:\/\/www.ibn-sinaa.com\/product-category\/digital-printing\/envelopes\/"}}]}
 ajax: no
2025-01-19T19:10:53+00:00 DEBUG Tt4b_Mapi_Class::mapi_post: Response: 

HTTP/1.1 200 OK
Server: nginx
Content-Type: application/json
Content-Length: 92
X-Tt-Logid: 20250119191053DBE503A59D6BEF3AB3D4
x-tt-trace-host: 010f944bc43be00f209e30a38bc3490442e986d75a4a945d3d7df5ec7fb8a18033ed9ce553a4fdd5c6e47c1a909e57e60fcc3c30db42ad8661bb84b6ce4e2cdc4742e9719c728fef43ba3237d443252130fe2d1832d7f2c938bb108cbaff0d9f4705b6d2f35adbb91c0a60b07b6eb53ee7
x-tt-trace-id: 00-250119191053DBE503A59D6BEF3AB3D4-127A16E43C48EB5D-00
X-Origin-Response-Time: 38,23.218.219.51
X-Akamai-Request-ID: 22d5676f.fd77bb8
Expires: Sun, 19 Jan 2025 19:10:53 GMT
Cache-Control: max-age=0, no-cache, no-store
Pragma: no-cache
Date: Sun, 19 Jan 2025 19:10:53 GMT
X-Cache: TCP_MISS from a23-77-196-76.deploy.akamaitechnologies.com (AkamaiGHost/11.8.0-1debf780f7d7c834933fa9689361eec6) (-)
Connection: close
X-Cache-Remote: TCP_MISS from a23-218-219-51.deploy.akamaitechnologies.com (AkamaiGHost/11.8.0-2d0f2d516c5d43e1487924a77ec5924a) (-)
x-tt-trace-tag: id=16;cdn-cache=miss;type=dyn
Server-Timing: cdn-cache; desc=MISS, edge; dur=85, origin; dur=38
Server-Timing: inner; dur=31
X-Parent-Response-Time: 119,23.77.196.76

{"code": 0, "message": "OK", "request_id": "20250119191053DBE503A59D6BEF3AB3D4", "data": {}}
2025-01-19T19:11:32+00:00 DEBUG POST: https://business-api.tiktok.com/open_api/v1.3/event/track/

{"partner_name":"WooCommerce","event_source":"web","event_source_id":"CSM79Q3C77UAG1T340I0","data":[{"event":"Pageview","event_id":"678d4e6411ce5_tt4b_woocommerce_670666209cf1f","event_time":1737313892,"user":{"ip":"54.36.148.232","user_agent":"Mozilla\/5.0 (compatible; AhrefsBot\/7.0; +http:\/\/ahrefs.com\/robot\/)","locale":"ar","external_id":"0","email":"e3b0c44298fc1c149afbf4c8996fb92427ae41e4649b934ca495991b7852b855","phone_number":"e3b0c44298fc1c149afbf4c8996fb92427ae41e4649b934ca495991b7852b855","first_name":"e3b0c44298fc1c149afbf4c8996fb92427ae41e4649b934ca495991b7852b855","last_name":"e3b0c44298fc1c149afbf4c8996fb92427ae41e4649b934ca495991b7852b855","zip_code":"e3b0c44298fc1c149afbf4c8996fb92427ae41e4649b934ca495991b7852b855"},"page":{"url":"http:\/\/ibn-sinaa.com\/product\/print-cards-die-cut\/"}}]}
 ajax: no
2025-01-19T19:11:32+00:00 DEBUG Tt4b_Mapi_Class::mapi_post: Response: 

HTTP/1.1 200 OK
Server: nginx
Content-Type: application/json
Content-Length: 92
X-Tt-Logid: 202501191911320B04F45D3595A180649A
Server-Timing: inner; dur=57
x-tt-trace-host: 010f944bc43be00f209e30a38bc3490442d13bbf9d2c86c006e6fe6e7ba6cbdb2ae785cf8b52791a673a4732db6875fdba7ca973586eddce8d97b3f39d327ab8b72e34cf99819b6269d4155ef31bb0f96d640bc4f1a52216181bd45a60285d21a5
x-tt-trace-id: 00-2501191911320B04F45D3595A180649A-2091CD8A9EDD3480-00
Expires: Sun, 19 Jan 2025 19:11:32 GMT
Cache-Control: max-age=0, no-cache, no-store
Pragma: no-cache
Date: Sun, 19 Jan 2025 19:11:32 GMT
X-Cache: TCP_MISS from a23-77-196-76.deploy.akamaitechnologies.com (AkamaiGHost/11.8.0-1debf780f7d7c834933fa9689361eec6) (-)
Connection: close
x-tt-trace-tag: id=16;cdn-cache=miss;type=dyn
Server-Timing: cdn-cache; desc=MISS, edge; dur=3, origin; dur=148
X-Origin-Response-Time: 148,23.77.196.76
X-Akamai-Request-ID: fd92f8f

{"code": 0, "message": "OK", "request_id": "202501191911320B04F45D3595A180649A", "data": {}}
2025-01-19T19:11:32+00:00 DEBUG Tt4b_Pixel_Class::inject_view_content_event: hit ViewContent
2025-01-19T19:11:32+00:00 DEBUG POST: https://business-api.tiktok.com/open_api/v1.3/event/track/

{"partner_name":"WooCommerce","event_source":"web","event_source_id":"CSM79Q3C77UAG1T340I0","data":[{"event":"ViewContent","event_id":"678d4e6454cca_tt4b_woocommerce_670666209cf1f_SKU_201","event_time":1737313892,"user":{"ip":"54.36.148.232","user_agent":"Mozilla\/5.0 (compatible; AhrefsBot\/7.0; +http:\/\/ahrefs.com\/robot\/)","locale":"ar","external_id":"0","email":"e3b0c44298fc1c149afbf4c8996fb92427ae41e4649b934ca495991b7852b855","phone_number":"e3b0c44298fc1c149afbf4c8996fb92427ae41e4649b934ca495991b7852b855","first_name":"e3b0c44298fc1c149afbf4c8996fb92427ae41e4649b934ca495991b7852b855","last_name":"e3b0c44298fc1c149afbf4c8996fb92427ae41e4649b934ca495991b7852b855","zip_code":"e3b0c44298fc1c149afbf4c8996fb92427ae41e4649b934ca495991b7852b855"},"properties":{"contents":[{"price":0,"quantity":1,"content_id":"SKU_201","content_name":"\u0637\u0628\u0627\u0639\u0629 \u0643\u0631\u0648\u062a \u0634\u062e\u0635\u064a\u0629 \u062f\u0627\u064a \u0643\u062a","description":"\u0627\u062d\u0635\u0644 \u0639\u0644\u0649 \u0643\u0631\u0648\u062a \u062f\u0627\u064a \u0643\u062a \u0627\u0644\u0645\u0645\u064a\u0632\u0629 \u0645\u0646 \u0645\u062a\u062c\u0631 \u0627\u0628\u0646 \u0633\u064a\u0646\u0627 \u0627\u0644\u0625\u0644\u0643\u062a\u0631\u0648\u0646\u064a. \u062a\u0635\u0645\u064a\u0645\u0627\u062a \u0641\u0631\u064a\u062f\u0629 \u0648\u0623\u0634\u0643\u0627\u0644 \u0645\u062e\u0635\u0635\u0629 \u062a\u0646\u0627\u0633\u0628 \u062c\u0645\u064a\u0639 \u0627\u0644\u0645\u0646\u0627\u0633\u0628\u0627\u062a \u0627\u0644\u0631\u0633\u0645\u064a\u0629 \u0648\u0627\u0644\u0634\u062e\u0635\u064a\u0629\u060c \u0628\u062c\u0648\u062f\u0629 \u0637\u0628\u0627\u0639\u0629 \u0639\u0627\u0644\u064a\u0629 \u0648\u062f\u0642\u0629 \u0641\u064a \u0627\u0644\u062a\u0641\u0627\u0635\u064a\u0644","availability":"IN_STOCK","sale_price":0,"on_sale":false}],"content_type":"product","currency":"SAR","value":0,"event_trigger_source":"WooCommerce"},"page":{"url":"http:\/\/ibn-sinaa.com\/product\/print-cards-die-cut\/"}}]}
 ajax: no
2025-01-19T19:11:32+00:00 DEBUG Tt4b_Mapi_Class::mapi_post: Response: 

HTTP/1.1 200 OK
Server: nginx
Content-Type: application/json
Content-Length: 92
X-Tt-Logid: 20250119191132A5105BF3BEF45550F387
x-tt-trace-host: 010f944bc43be00f209e30a38bc3490442eaa3404e11bcf4b9ac1c333e5763d409ad34bd846e79a0191f003e644f9fd2510caa9a9159eaf1c110920c72c43d04c6e2687e6bf02a6c30b065490c4b266f45b85b8eb2d70dfcb33bc9baa0463d1697610f802a401ed72d5d88dbaab6ee8a98
x-tt-trace-id: 00-250119191132A5105BF3BEF45550F387-56964FCE2AA6B96A-00
X-Origin-Response-Time: 38,23.52.15.205
X-Akamai-Request-ID: aef87974.13cf53db
Expires: Sun, 19 Jan 2025 19:11:32 GMT
Cache-Control: max-age=0, no-cache, no-store
Pragma: no-cache
Date: Sun, 19 Jan 2025 19:11:32 GMT
X-Cache: TCP_MISS from a23-77-196-94.deploy.akamaitechnologies.com (AkamaiGHost/11.8.0-1debf780f7d7c834933fa9689361eec6) (-)
Connection: close
X-Cache-Remote: TCP_MISS from a23-52-15-205.deploy.akamaitechnologies.com (AkamaiGHost/11.8.0-2d0f2d516c5d43e1487924a77ec5924a) (-)
x-tt-trace-tag: id=16;cdn-cache=miss;type=dyn
Server-Timing: cdn-cache; desc=MISS, edge; dur=85, origin; dur=38
Server-Timing: inner; dur=34
X-Parent-Response-Time: 118,23.77.196.94

{"code": 0, "message": "OK", "request_id": "20250119191132A5105BF3BEF45550F387", "data": {}}
2025-01-19T19:19:32+00:00 DEBUG POST: https://business-api.tiktok.com/open_api/v1.3/event/track/

{"partner_name":"WooCommerce","event_source":"web","event_source_id":"CSM79Q3C77UAG1T340I0","data":[{"event":"Pageview","event_id":"678d504472367_tt4b_woocommerce_670666209cf1f","event_time":1737314372,"user":{"ip":"54.36.148.102","user_agent":"Mozilla\/5.0 (compatible; AhrefsBot\/7.0; +http:\/\/ahrefs.com\/robot\/)","locale":"ar","external_id":"0","email":"e3b0c44298fc1c149afbf4c8996fb92427ae41e4649b934ca495991b7852b855","phone_number":"e3b0c44298fc1c149afbf4c8996fb92427ae41e4649b934ca495991b7852b855","first_name":"e3b0c44298fc1c149afbf4c8996fb92427ae41e4649b934ca495991b7852b855","last_name":"e3b0c44298fc1c149afbf4c8996fb92427ae41e4649b934ca495991b7852b855","zip_code":"e3b0c44298fc1c149afbf4c8996fb92427ae41e4649b934ca495991b7852b855"},"page":{"url":"http:\/\/www.ibn-sinaa.com\/product\/%D8%B3%D8%AC%D9%84%D8%A7%D8%AA-%D9%85%D8%A7%D8%AF%D8%A9-%D8%A7%D9%84%D8%B1%D9%8A%D8%A7%D8%B6%D9%8A%D8%A7%D8%AA\/feed\/"}}]}
 ajax: no
2025-01-19T19:19:32+00:00 DEBUG Tt4b_Mapi_Class::mapi_post: Response: 

HTTP/1.1 200 OK
Server: nginx
Content-Type: application/json
Content-Length: 92
X-Tt-Logid: 20250119191932E011576B7787E3496B76
x-tt-trace-host: 010f944bc43be00f209e30a38bc3490442eaa3404e11bcf4b9ac1c333e5763d40986e4169ff4a9857f848ab6257aae8e1a0090174fa7157ca51c3cf8da3a32991f9361710a1b43d7665cb3d3fb9535a7682315e9cf696cc5c075c91d362e109c47a2663453a15bc03c2bab48222b4ab3a0
x-tt-trace-id: 00-250119191932E011576B7787E3496B76-557C7DB33B79D27B-00
X-Origin-Response-Time: 32,23.57.70.70
X-Akamai-Request-ID: 35233334.13e7167c
Expires: Sun, 19 Jan 2025 19:19:32 GMT
Cache-Control: max-age=0, no-cache, no-store
Pragma: no-cache
Date: Sun, 19 Jan 2025 19:19:32 GMT
X-Cache: TCP_MISS from a23-77-196-94.deploy.akamaitechnologies.com (AkamaiGHost/11.8.0-1debf780f7d7c834933fa9689361eec6) (-)
Connection: close
X-Cache-Remote: TCP_MISS from a23-57-70-70.deploy.akamaitechnologies.com (AkamaiGHost/11.8.0-1debf780f7d7c834933fa9689361eec6) (-)
x-tt-trace-tag: id=16;cdn-cache=miss;type=dyn
Server-Timing: cdn-cache; desc=MISS, edge; dur=78, origin; dur=32
Server-Timing: inner; dur=23
X-Parent-Response-Time: 106,23.77.196.94

{"code": 0, "message": "OK", "request_id": "20250119191932E011576B7787E3496B76", "data": {}}
2025-01-19T19:25:43+00:00 DEBUG Tt4b_Pixel_Class::inject_add_to_cart_event: hit AddToCart
2025-01-19T19:25:43+00:00 DEBUG POST: https://business-api.tiktok.com/open_api/v1.3/event/track/

{"partner_name":"WooCommerce","event_source":"web","event_source_id":"CSM79Q3C77UAG1T340I0","data":[{"event":"AddToCart","event_id":"678d51b7eaaf5_tt4b_woocommerce_670666209cf1f_4440","event_time":1737314743,"user":{"ip":"54.36.148.165","user_agent":"Mozilla\/5.0 (compatible; AhrefsBot\/7.0; +http:\/\/ahrefs.com\/robot\/)","locale":"ar","external_id":"0","email":"e3b0c44298fc1c149afbf4c8996fb92427ae41e4649b934ca495991b7852b855","phone_number":"e3b0c44298fc1c149afbf4c8996fb92427ae41e4649b934ca495991b7852b855","first_name":"e3b0c44298fc1c149afbf4c8996fb92427ae41e4649b934ca495991b7852b855","last_name":"e3b0c44298fc1c149afbf4c8996fb92427ae41e4649b934ca495991b7852b855","zip_code":"e3b0c44298fc1c149afbf4c8996fb92427ae41e4649b934ca495991b7852b855"},"properties":{"contents":[{"price":850,"quantity":1,"content_id":"4440","content_name":"\u062a\u0642\u0648\u064a\u0645 \u0645\u064a\u0644\u0627\u062f\u064a \u0641\u0627\u062e\u0631","description":"\u062a\u0642\u0648\u064a\u0645 \u0645\u064a\u0644\u0627\u062f\u064a \u062e\u0634\u0628: \u062a\u0635\u0645\u064a\u0645 \u0639\u0635\u0631\u064a \u0648\u0623\u0646\u064a\u0642\u060c \u0645\u0635\u0646\u0648\u0639 \u0645\u0646 \u0645\u0648\u0627\u062f \u0639\u0627\u0644\u064a\u0629 \u0627\u0644\u062c\u0648\u062f\u0629 \u0628\u0648\u0636\u0648\u062d \u0627\u0633\u062a\u062b\u0646\u0627\u0626\u064a \u0644\u0644\u0643\u062a\u0627\u0628\u0629 \u0648\u0627\u0644\u0631\u0624\u064a\u0629\u060c \u064a\u0636\u064a\u0641 \u0644\u0645\u0633\u0629 \u0645\u0646 \u0627\u0644\u0641\u062e\u0627\u0645\u0629 \u0648\u0627\u0644\u062a\u0646\u0638\u064a\u0645 \u0644\u0645\u0643\u062a\u0628\u0643. \u0645\u062b\u0627\u0644\u064a \u0644\u062a\u0646\u0638\u064a\u0645 \u0627\u0644\u0645\u0648\u0627\u0639\u064a\u062f \u0648\u0627\u0644\u0627\u062c\u062a\u0645\u0627\u0639\u0627\u062a\u060c \u0648\u064a\u0636\u0641\u064a \u062c\u0627\u0630\u0628\u064a\u0629 \u0639\u0644\u0649 \u0645\u0633\u0627\u062d\u0629 \u0627\u0644\u0639\u0645\u0644 \u0627\u0644\u062e\u0627\u0635\u0629 \u0628\u0643.","availability":"IN_STOCK","sale_price":850,"on_sale":false}],"content_type":"product","currency":"SAR","value":850,"event_trigger_source":"WooCommerce"},"page":{"url":"http:\/\/ibn-sinaa.com\/product\/black-acrylic-calendar-with-wood\/?add-to-cart=4440"}}]}
 ajax: no
2025-01-19T19:25:44+00:00 DEBUG Tt4b_Mapi_Class::mapi_post: Response: 

HTTP/1.1 200 OK
Server: nginx
Content-Type: application/json
Content-Length: 92
X-Tt-Logid: 20250119192544C0D4AC3BD75B4D57071E
x-tt-trace-host: 018e5a586174a888928d793bdac74b79b5e700587fe39153d955d7444df1af3be5c352a799ac01d141bd6a45cf3f26908661495964e07d6002756c17a2689374461ba7bd43e991fcd6bba19a7261bccc3c68cccd9c6426aaa85d5529844e0b4d932e973a2d037ca476cd58fda050922b5f
x-tt-trace-id: 00-250119192544C0D4AC3BD75B4D57071E-74A82D259733EBFF-00
X-Origin-Response-Time: 72,23.218.219.40
X-Akamai-Request-ID: 24a7aaf2.96d5e60
Expires: Sun, 19 Jan 2025 19:25:44 GMT
Cache-Control: max-age=0, no-cache, no-store
Pragma: no-cache
Date: Sun, 19 Jan 2025 19:25:44 GMT
X-Cache: TCP_MISS from a95-101-134-94.deploy.akamaitechnologies.com (AkamaiGHost/11.8.0-1debf780f7d7c834933fa9689361eec6) (-)
Connection: close
X-Cache-Remote: TCP_MISS from a23-218-219-40.deploy.akamaitechnologies.com (AkamaiGHost/11.8.0-1debf780f7d7c834933fa9689361eec6) (-)
x-tt-trace-tag: id=16;cdn-cache=miss;type=dyn
Server-Timing: cdn-cache; desc=MISS, edge; dur=93, origin; dur=72
Server-Timing: inner; dur=68
X-Parent-Response-Time: 158,95.101.134.94

{"code": 0, "message": "OK", "request_id": "20250119192544C0D4AC3BD75B4D57071E", "data": {}}
2025-01-19T19:25:44+00:00 DEBUG POST: https://business-api.tiktok.com/open_api/v1.3/event/track/

{"partner_name":"WooCommerce","event_source":"web","event_source_id":"CSM79Q3C77UAG1T340I0","data":[{"event":"Pageview","event_id":"678d51b880322_tt4b_woocommerce_670666209cf1f","event_time":1737314744,"user":{"ip":"54.36.148.165","user_agent":"Mozilla\/5.0 (compatible; AhrefsBot\/7.0; +http:\/\/ahrefs.com\/robot\/)","locale":"ar","external_id":"0","email":"e3b0c44298fc1c149afbf4c8996fb92427ae41e4649b934ca495991b7852b855","phone_number":"e3b0c44298fc1c149afbf4c8996fb92427ae41e4649b934ca495991b7852b855","first_name":"e3b0c44298fc1c149afbf4c8996fb92427ae41e4649b934ca495991b7852b855","last_name":"e3b0c44298fc1c149afbf4c8996fb92427ae41e4649b934ca495991b7852b855","zip_code":"e3b0c44298fc1c149afbf4c8996fb92427ae41e4649b934ca495991b7852b855"},"page":{"url":"http:\/\/ibn-sinaa.com\/product\/black-acrylic-calendar-with-wood\/?add-to-cart=4440"}}]}
 ajax: no
2025-01-19T19:25:44+00:00 DEBUG Tt4b_Mapi_Class::mapi_post: Response: 

HTTP/1.1 200 OK
Server: nginx
Content-Type: application/json
Content-Length: 92
X-Tt-Logid: 20250119192544242803E1C16C568221F7
x-tt-trace-host: 018e5a586174a888928d793bdac74b79b5e700587fe39153d955d7444df1af3be50dfa7436bdc8c6bcdd55edf54539865ffa4cb24131dbbdf49a48a223190833cd398e15eef1ce85c802544d1b8793046df47f738833f366f95d60c2e041300462a1159ba60a6c704ee558a4276b8c8916
x-tt-trace-id: 00-250119192544242803E1C16C568221F7-4AFC296689C97FEE-00
X-Origin-Response-Time: 30,23.218.219.51
X-Akamai-Request-ID: 22f4bc80.96d767f
Expires: Sun, 19 Jan 2025 19:25:44 GMT
Cache-Control: max-age=0, no-cache, no-store
Pragma: no-cache
Date: Sun, 19 Jan 2025 19:25:44 GMT
X-Cache: TCP_MISS from a95-101-134-94.deploy.akamaitechnologies.com (AkamaiGHost/11.8.0-1debf780f7d7c834933fa9689361eec6) (-)
Connection: close
X-Cache-Remote: TCP_MISS from a23-218-219-51.deploy.akamaitechnologies.com (AkamaiGHost/11.8.0-2d0f2d516c5d43e1487924a77ec5924a) (-)
x-tt-trace-tag: id=16;cdn-cache=miss;type=dyn
Server-Timing: cdn-cache; desc=MISS, edge; dur=259, origin; dur=30
Server-Timing: inner; dur=26
X-Parent-Response-Time: 280,95.101.134.94

{"code": 0, "message": "OK", "request_id": "20250119192544242803E1C16C568221F7", "data": {}}
2025-01-19T19:25:44+00:00 DEBUG Tt4b_Pixel_Class::inject_view_content_event: hit ViewContent
2025-01-19T19:25:44+00:00 DEBUG POST: https://business-api.tiktok.com/open_api/v1.3/event/track/

{"partner_name":"WooCommerce","event_source":"web","event_source_id":"CSM79Q3C77UAG1T340I0","data":[{"event":"ViewContent","event_id":"678d51b8dce9a_tt4b_woocommerce_670666209cf1f_4428","event_time":1737314744,"user":{"ip":"54.36.148.165","user_agent":"Mozilla\/5.0 (compatible; AhrefsBot\/7.0; +http:\/\/ahrefs.com\/robot\/)","locale":"ar","external_id":"0","email":"e3b0c44298fc1c149afbf4c8996fb92427ae41e4649b934ca495991b7852b855","phone_number":"e3b0c44298fc1c149afbf4c8996fb92427ae41e4649b934ca495991b7852b855","first_name":"e3b0c44298fc1c149afbf4c8996fb92427ae41e4649b934ca495991b7852b855","last_name":"e3b0c44298fc1c149afbf4c8996fb92427ae41e4649b934ca495991b7852b855","zip_code":"e3b0c44298fc1c149afbf4c8996fb92427ae41e4649b934ca495991b7852b855"},"properties":{"contents":[{"price":180,"quantity":1,"content_id":"4428","content_name":"\u062a\u0642\u0648\u064a\u0645 \u0627\u0643\u0631\u064a\u0644\u064a\u0643 \u0627\u0633\u0648\u062f \u0645\u0639 \u062e\u0634\u0628","description":"\u062a\u0642\u0648\u064a\u0645 \u0623\u0643\u0631\u064a\u0644\u064a\u0643 \u0627\u0633\u0648\u062f \u0645\u0639 \u062e\u0634\u0628: \u062a\u0635\u0645\u064a\u0645 \u0639\u0635\u0631\u064a \u0648\u0623\u0646\u064a\u0642\u060c \u0645\u0635\u0646\u0648\u0639 \u0645\u0646 \u0627\u0644\u0623\u0643\u0631\u064a\u0644\u064a\u0643 \u0627\u0644\u0645\u062a\u064a\u0646 \u0628\u0648\u0636\u0648\u062d \u0627\u0633\u062a\u062b\u0646\u0627\u0626\u064a \u0644\u0644\u0643\u062a\u0627\u0628\u0629 \u0648\u0627\u0644\u0631\u0624\u064a\u0629\u060c \u064a\u0636\u064a\u0641 \u0644\u0645\u0633\u0629 \u0645\u0646 \u0627\u0644\u0641\u062e\u0627\u0645\u0629 \u0648\u0627\u0644\u062a\u0646\u0638\u064a\u0645 \u0644\u0645\u0643\u062a\u0628\u0643. \u0645\u062b\u0627\u0644\u064a \u0644\u062a\u0646\u0638\u064a\u0645 \u0627\u0644\u0645\u0648\u0627\u0639\u064a\u062f \u0648\u0627\u0644\u0627\u062c\u062a\u0645\u0627\u0639\u0627\u062a\u060c \u0648\u064a\u0636\u0641\u064a \u062c\u0627\u0630\u0628\u064a\u0629 \u0639\u0644\u0649 \u0645\u0633\u0627\u062d\u0629 \u0627\u0644\u0639\u0645\u0644 \u0627\u0644\u062e\u0627\u0635\u0629 \u0628\u0643.","availability":"IN_STOCK","sale_price":180,"on_sale":false}],"content_type":"product","currency":"SAR","value":180,"event_trigger_source":"WooCommerce"},"page":{"url":"http:\/\/ibn-sinaa.com\/product\/black-acrylic-calendar-with-wood\/?add-to-cart=4440"}}]}
 ajax: no
2025-01-19T19:25:45+00:00 DEBUG Tt4b_Mapi_Class::mapi_post: Response: 

HTTP/1.1 200 OK
Server: nginx
Content-Type: application/json
Content-Length: 92
X-Tt-Logid: 20250119192545AE4501A5BE8B794DF6C1
x-tt-trace-host: 018e5a586174a888928d793bdac74b79b519a86797e72c2eba011e03e23beee17da011bd787019d6acda28a4f9fb3cf7356e18cb2419c713a25ff9c904e13131cee8ea51d7d8b86c5da56e314f6f01452b39a91663a528ad9c88bef5b9829962302460231f2ff703f6dc148e1245af42a7
x-tt-trace-id: 00-250119192545AE4501A5BE8B794DF6C1-5221A0889999C29B-00
X-Origin-Response-Time: 36,23.213.246.207
X-Akamai-Request-ID: 109473b1.2522e7bc
Expires: Sun, 19 Jan 2025 19:25:45 GMT
Cache-Control: max-age=0, no-cache, no-store
Pragma: no-cache
Date: Sun, 19 Jan 2025 19:25:45 GMT
X-Cache: TCP_MISS from a95-101-134-116.deploy.akamaitechnologies.com (AkamaiGHost/11.8.0-1debf780f7d7c834933fa9689361eec6) (-)
Connection: close
X-Cache-Remote: TCP_MISS from a23-213-246-207.deploy.akamaitechnologies.com (AkamaiGHost/11.8.0-1debf780f7d7c834933fa9689361eec6) (-)
x-tt-trace-tag: id=16;cdn-cache=miss;type=dyn
Server-Timing: cdn-cache; desc=MISS, edge; dur=89, origin; dur=36
Server-Timing: inner; dur=32
X-Parent-Response-Time: 117,95.101.134.116

{"code": 0, "message": "OK", "request_id": "20250119192545AE4501A5BE8B794DF6C1", "data": {}}
2025-01-19T19:29:49+00:00 DEBUG Tt4b_Pixel_Class::inject_add_to_cart_event: hit AddToCart
2025-01-19T19:29:49+00:00 DEBUG POST: https://business-api.tiktok.com/open_api/v1.3/event/track/

{"partner_name":"WooCommerce","event_source":"web","event_source_id":"CSM79Q3C77UAG1T340I0","data":[{"event":"AddToCart","event_id":"678d52adebcde_tt4b_woocommerce_670666209cf1f_4125","event_time":1737314989,"user":{"ip":"54.36.149.38","user_agent":"Mozilla\/5.0 (compatible; AhrefsBot\/7.0; +http:\/\/ahrefs.com\/robot\/)","locale":"ar","external_id":"0","email":"e3b0c44298fc1c149afbf4c8996fb92427ae41e4649b934ca495991b7852b855","phone_number":"e3b0c44298fc1c149afbf4c8996fb92427ae41e4649b934ca495991b7852b855","first_name":"e3b0c44298fc1c149afbf4c8996fb92427ae41e4649b934ca495991b7852b855","last_name":"e3b0c44298fc1c149afbf4c8996fb92427ae41e4649b934ca495991b7852b855","zip_code":"e3b0c44298fc1c149afbf4c8996fb92427ae41e4649b934ca495991b7852b855"},"properties":{"contents":[{"price":65,"quantity":1,"content_id":"4125","content_name":"\u0633\u062c\u0644\u0627\u062a \u0645\u0627\u062f\u0629 \u0627\u0644\u0641\u064a\u0632\u064a\u0627\u0621","description":". \u0637\u0628\u0627\u0639\u0647 \u0633\u062c\u0644\u0627\u062a \u0645\u062f\u0631\u0633\u064a\u0629 \u0627\u062d\u062a\u0631\u0627\u0641\u064a\u0629 \u062e\u0627\u0645\u062a\u0647\u0627 \u0643\u0631\u062a\u0648\u0646 2000 \u062c\u0631\u0627\u0645,\u062a\u0636\u0627\u0641 \u0637\u0628\u0642\u0629 \u062d\u0645\u0627\u064a\u0647 \u0627\u0633\u062a\u064a\u0643\u0631 \u0645\u0639 \u0633\u0644\u0648\u0641\u0627\u0646 \u0644\u0627\u0645\u0639.\r\n. \u0645\u062a\u0648\u0641\u0631 \u0628 \u0627\u062d\u062c\u0627\u0645 \u0645\u062e\u062a\u0644\u0641\u0647 ( \u0635\u063a\u064a\u0631, \u0648\u0633\u0637 , \u0643\u0628\u064a\u0631 ).\r\n. \u064a\u062a\u0633\u0639 \u0627\u0644\u0645\u0642\u0627\u0633 \u0627\u0644\u0635\u063a\u064a\u0631 ( \u0645\u0646 50 \u0627\u0644\u0649 150 \u0648\u0631\u0642\u0629 )\r\n. \u064a\u062a\u0633\u0639 \u0627\u0644\u0648\u0633\u0637 ( \u0645\u0646 150 \u0627\u0644\u0649 300 \u0648\u0631\u0642\u0629 )\r\n. \u0627\u0644\u0643\u0628\u064a\u0631 ( \u0645\u0646 300 \u0627\u0644\u0649 400 \u0648\u0631\u0642\u0629 ).\r\n. \u0645\u062f\u0629 \u0627\u0644\u062a\u0646\u0641\u064a\u0630 : 3-5 \u0627\u064a\u0627\u0645 \u0648\u062a\u0632\u064a\u062f \u0627\u0644\u0645\u062f\u0629 \u0639\u0646 \u0637\u0644\u0628 \u0627\u0644\u0634\u062d\u0646.","availability":"IN_STOCK","sale_price":65,"on_sale":false}],"content_type":"product","currency":"SAR","value":65,"event_trigger_source":"WooCommerce"},"page":{"url":"http:\/\/www.ibn-sinaa.com\/product\/%D8%A8%D8%B1%D8%B4%D9%88%D8%B1-%D9%85%D8%B7%D9%88%D9%8A%D8%A9-a4\/?add-to-cart=4125"}}]}
 ajax: no
2025-01-19T19:29:50+00:00 DEBUG Tt4b_Mapi_Class::mapi_post: Response: 

HTTP/1.1 200 OK
Server: nginx
Content-Type: application/json
Content-Length: 92
X-Tt-Logid: 20250119192950EA70CCE3C854DE5E6A30
x-tt-trace-host: 018e5a586174a888928d793bdac74b79b5b3c46136d344bf46da72cca5a862092e3b80f8bd789241c51d4140d85218a3c3dbce26af6e6f15dfe852a242304875afb53702d262abe594445aee55dde063aabdfa95eedab6343f7b7c6baeeb2cd02c0eeb6a208d139b69e506451de7c78a26
x-tt-trace-id: 00-250119192950EA70CCE3C854DE5E6A30-71ADCE35A68F6F09-00
X-Origin-Response-Time: 41,23.32.17.19
X-Akamai-Request-ID: 140cdde5.a47fa3c
Expires: Sun, 19 Jan 2025 19:29:50 GMT
Cache-Control: max-age=0, no-cache, no-store
Pragma: no-cache
Date: Sun, 19 Jan 2025 19:29:50 GMT
X-Cache: TCP_MISS from a95-101-134-30.deploy.akamaitechnologies.com (AkamaiGHost/11.8.0-1debf780f7d7c834933fa9689361eec6) (-)
Connection: close
X-Cache-Remote: TCP_MISS from a23-32-17-19.deploy.akamaitechnologies.com (AkamaiGHost/11.8.0-1debf780f7d7c834933fa9689361eec6) (-)
x-tt-trace-tag: id=16;cdn-cache=miss;type=dyn
Server-Timing: cdn-cache; desc=MISS, edge; dur=95, origin; dur=41
Server-Timing: inner; dur=34
X-Parent-Response-Time: 128,95.101.134.30

{"code": 0, "message": "OK", "request_id": "20250119192950EA70CCE3C854DE5E6A30", "data": {}}
2025-01-19T19:33:10+00:00 DEBUG POST: https://business-api.tiktok.com/open_api/v1.3/event/track/

{"partner_name":"WooCommerce","event_source":"web","event_source_id":"CSM79Q3C77UAG1T340I0","data":[{"event":"Pageview","event_id":"678d537605111_tt4b_woocommerce_670666209cf1f","event_time":1737315190,"user":{"ip":"182.42.105.144","user_agent":"Mozilla\/5.0 (iPhone; CPU iPhone OS 13_2_3 like Mac OS X) AppleWebKit\/605.1.15 (KHTML, like Gecko) Version\/13.0.3 Mobile\/15E148 Safari\/604.1","locale":"ar","external_id":"0","email":"e3b0c44298fc1c149afbf4c8996fb92427ae41e4649b934ca495991b7852b855","phone_number":"e3b0c44298fc1c149afbf4c8996fb92427ae41e4649b934ca495991b7852b855","first_name":"e3b0c44298fc1c149afbf4c8996fb92427ae41e4649b934ca495991b7852b855","last_name":"e3b0c44298fc1c149afbf4c8996fb92427ae41e4649b934ca495991b7852b855","zip_code":"e3b0c44298fc1c149afbf4c8996fb92427ae41e4649b934ca495991b7852b855"},"page":{"url":"http:\/\/www.ibn-sinaa.com\/","referrer":"http:\/\/www.ibn-sinaa.com"}}]}
 ajax: no
2025-01-19T19:33:10+00:00 DEBUG Tt4b_Mapi_Class::mapi_post: Response: 

HTTP/1.1 200 OK
Server: nginx
Content-Type: application/json
Content-Length: 92
X-Tt-Logid: 202501191933104317E69FBE4253516719
x-tt-trace-host: 018e5a586174a888928d793bdac74b79b5e700587fe39153d955d7444df1af3be5cd1faf7ae601e646ccb055f9cca1a38881d74134de42049260b12db0f670bd4782ca14d59ecc4150216970d69d49a6399bf93069721868c367db20a42a464206980f0c50155e5df211ad477c6145d48a
x-tt-trace-id: 00-2501191933104317E69FBE4253516719-7A6187AE4C8A187F-00
X-Origin-Response-Time: 43,23.32.17.11
X-Akamai-Request-ID: 1fc15ac2.9b88c99
Expires: Sun, 19 Jan 2025 19:33:10 GMT
Cache-Control: max-age=0, no-cache, no-store
Pragma: no-cache
Date: Sun, 19 Jan 2025 19:33:10 GMT
X-Cache: TCP_MISS from a95-101-134-94.deploy.akamaitechnologies.com (AkamaiGHost/11.8.0-1debf780f7d7c834933fa9689361eec6) (-)
Connection: close
X-Cache-Remote: TCP_MISS from a23-32-17-11.deploy.akamaitechnologies.com (AkamaiGHost/11.8.0-1debf780f7d7c834933fa9689361eec6) (-)
x-tt-trace-tag: id=16;cdn-cache=miss;type=dyn
Server-Timing: cdn-cache; desc=MISS, edge; dur=106, origin; dur=43
Server-Timing: inner; dur=39
X-Parent-Response-Time: 145,95.101.134.94

{"code": 0, "message": "OK", "request_id": "202501191933104317E69FBE4253516719", "data": {}}
2025-01-19T19:34:00+00:00 DEBUG POST: https://business-api.tiktok.com/open_api/v1.3/event/track/

{"partner_name":"WooCommerce","event_source":"web","event_source_id":"CSM79Q3C77UAG1T340I0","data":[{"event":"Pageview","event_id":"678d53a805911_tt4b_woocommerce_670666209cf1f","event_time":1737315240,"user":{"ip":"54.36.148.152","user_agent":"Mozilla\/5.0 (compatible; AhrefsBot\/7.0; +http:\/\/ahrefs.com\/robot\/)","locale":"ar","external_id":"0","email":"e3b0c44298fc1c149afbf4c8996fb92427ae41e4649b934ca495991b7852b855","phone_number":"e3b0c44298fc1c149afbf4c8996fb92427ae41e4649b934ca495991b7852b855","first_name":"e3b0c44298fc1c149afbf4c8996fb92427ae41e4649b934ca495991b7852b855","last_name":"e3b0c44298fc1c149afbf4c8996fb92427ae41e4649b934ca495991b7852b855","zip_code":"e3b0c44298fc1c149afbf4c8996fb92427ae41e4649b934ca495991b7852b855"},"page":{"url":"http:\/\/www.ibn-sinaa.com\/product-tag\/%D9%85%D8%B0%D9%83%D8%B1%D8%A7%D8%AA-%D8%B4%D8%AE%D8%B5%D9%8A%D8%A9\/"}}]}
 ajax: no
2025-01-19T19:34:00+00:00 DEBUG Tt4b_Mapi_Class::mapi_post: Response: 

HTTP/1.1 200 OK
Server: nginx
Content-Type: application/json
Content-Length: 92
X-Tt-Logid: 20250119193400120E2C47F8DD37598554
Server-Timing: inner; dur=32
x-tt-trace-host: 018e5a586174a888928d793bdac74b79b51a437ee89a1c03eb2011d034a2e3e9f57b82ee7e2c9bf9a81fc8b3a0205ac50f40521da21e4f5ece965636b7e1160eb2432567b94fee3b34fa337f8f04261cdf1209acc051e96a24e435d44f07c61d7b
x-tt-trace-id: 00-250119193400120E2C47F8DD37598554-35911C4D751BE1D5-00
Expires: Sun, 19 Jan 2025 19:34:00 GMT
Cache-Control: max-age=0, no-cache, no-store
Pragma: no-cache
Date: Sun, 19 Jan 2025 19:34:00 GMT
X-Cache: TCP_MISS from a95-101-134-92.deploy.akamaitechnologies.com (AkamaiGHost/11.8.0-1debf780f7d7c834933fa9689361eec6) (-)
Connection: close
x-tt-trace-tag: id=16;cdn-cache=miss;type=dyn
Server-Timing: cdn-cache; desc=MISS, edge; dur=15, origin; dur=131
X-Origin-Response-Time: 131,95.101.134.92
X-Akamai-Request-ID: 8edcf7f

{"code": 0, "message": "OK", "request_id": "20250119193400120E2C47F8DD37598554", "data": {}}
2025-01-19T19:37:37+00:00 DEBUG POST: https://business-api.tiktok.com/open_api/v1.3/event/track/

{"partner_name":"WooCommerce","event_source":"web","event_source_id":"CSM79Q3C77UAG1T340I0","data":[{"event":"Pageview","event_id":"678d54810796d_tt4b_woocommerce_670666209cf1f","event_time":1737315457,"user":{"ip":"66.249.76.134","user_agent":"Mozilla\/5.0 (Linux; Android 6.0.1; Nexus 5X Build\/MMB29P) AppleWebKit\/537.36 (KHTML, like Gecko) Chrome\/132.0.6834.83 Mobile Safari\/537.36 (compatible; Googlebot\/2.1; +http:\/\/www.google.com\/bot.html)","locale":"ar","external_id":"0","email":"e3b0c44298fc1c149afbf4c8996fb92427ae41e4649b934ca495991b7852b855","phone_number":"e3b0c44298fc1c149afbf4c8996fb92427ae41e4649b934ca495991b7852b855","first_name":"e3b0c44298fc1c149afbf4c8996fb92427ae41e4649b934ca495991b7852b855","last_name":"e3b0c44298fc1c149afbf4c8996fb92427ae41e4649b934ca495991b7852b855","zip_code":"e3b0c44298fc1c149afbf4c8996fb92427ae41e4649b934ca495991b7852b855"},"page":{"url":"http:\/\/www.ibn-sinaa.com\/product\/school-mathematics-records\/"}}]}
 ajax: no
2025-01-19T19:37:37+00:00 DEBUG Tt4b_Mapi_Class::mapi_post: Response: 

HTTP/1.1 200 OK
Server: nginx
Content-Type: application/json
Content-Length: 92
X-Tt-Logid: 202501191937376A18AEB81DA9704142E9
x-tt-trace-host: 018e5a586174a888928d793bdac74b79b52a36c08622bbc2ac99357be22beb959a088ff86cf149e42aeec1d2f0a10d203f6061760850745203f2cba47736c0c91987c29e4c6022bbcc021db70244683e0729ec57da87fdc42be79387039039c0efb070cb7b93a503007c51e6cd3e664c02
x-tt-trace-id: 00-2501191937376A18AEB81DA9704142E9-6C7D49ED9B7DABA1-00
X-Origin-Response-Time: 28,23.52.15.239
X-Akamai-Request-ID: 13242980.129a929b
Expires: Sun, 19 Jan 2025 19:37:37 GMT
Cache-Control: max-age=0, no-cache, no-store
Pragma: no-cache
Date: Sun, 19 Jan 2025 19:37:37 GMT
X-Cache: TCP_MISS from a95-101-134-36.deploy.akamaitechnologies.com (AkamaiGHost/11.8.0-1debf780f7d7c834933fa9689361eec6) (-)
Connection: close
X-Cache-Remote: TCP_MISS from a23-52-15-239.deploy.akamaitechnologies.com (AkamaiGHost/11.8.0-1debf780f7d7c834933fa9689361eec6) (-)
x-tt-trace-tag: id=16;cdn-cache=miss;type=dyn
Server-Timing: cdn-cache; desc=MISS, edge; dur=91, origin; dur=27
Server-Timing: inner; dur=25
X-Parent-Response-Time: 110,95.101.134.36

{"code": 0, "message": "OK", "request_id": "202501191937376A18AEB81DA9704142E9", "data": {}}
2025-01-19T19:37:37+00:00 DEBUG Tt4b_Pixel_Class::inject_view_content_event: hit ViewContent
2025-01-19T19:37:37+00:00 DEBUG POST: https://business-api.tiktok.com/open_api/v1.3/event/track/

{"partner_name":"WooCommerce","event_source":"web","event_source_id":"CSM79Q3C77UAG1T340I0","data":[{"event":"ViewContent","event_id":"678d54814adeb_tt4b_woocommerce_670666209cf1f_4187","event_time":1737315457,"user":{"ip":"66.249.76.134","user_agent":"Mozilla\/5.0 (Linux; Android 6.0.1; Nexus 5X Build\/MMB29P) AppleWebKit\/537.36 (KHTML, like Gecko) Chrome\/132.0.6834.83 Mobile Safari\/537.36 (compatible; Googlebot\/2.1; +http:\/\/www.google.com\/bot.html)","locale":"ar","external_id":"0","email":"e3b0c44298fc1c149afbf4c8996fb92427ae41e4649b934ca495991b7852b855","phone_number":"e3b0c44298fc1c149afbf4c8996fb92427ae41e4649b934ca495991b7852b855","first_name":"e3b0c44298fc1c149afbf4c8996fb92427ae41e4649b934ca495991b7852b855","last_name":"e3b0c44298fc1c149afbf4c8996fb92427ae41e4649b934ca495991b7852b855","zip_code":"e3b0c44298fc1c149afbf4c8996fb92427ae41e4649b934ca495991b7852b855"},"properties":{"contents":[{"price":65,"quantity":1,"content_id":"4187","content_name":"\u0633\u062c\u0644\u0627\u062a \u0645\u0627\u062f\u0629 \u0627\u0644\u0631\u064a\u0627\u0636\u064a\u0627\u062a","description":". \u0637\u0628\u0627\u0639\u0647 \u0633\u062c\u0644\u0627\u062a \u0645\u062f\u0631\u0633\u064a\u0629 \u0627\u062d\u062a\u0631\u0627\u0641\u064a\u0629 \u062e\u0627\u0645\u062a\u0647\u0627 \u0643\u0631\u062a\u0648\u0646 2000 \u062c\u0631\u0627\u0645,\u062a\u0636\u0627\u0641 \u0637\u0628\u0642\u0629 \u062d\u0645\u0627\u064a\u0647 \u0627\u0633\u062a\u064a\u0643\u0631 \u0645\u0639 \u0633\u0644\u0648\u0641\u0627\u0646 \u0644\u0627\u0645\u0639.\r\n. \u0645\u062a\u0648\u0641\u0631 \u0628 \u0627\u062d\u062c\u0627\u0645 \u0645\u062e\u062a\u0644\u0641\u0647 ( \u0635\u063a\u064a\u0631, \u0648\u0633\u0637 , \u0643\u0628\u064a\u0631 ).\r\n. \u064a\u062a\u0633\u0639 \u0627\u0644\u0645\u0642\u0627\u0633 \u0627\u0644\u0635\u063a\u064a\u0631 ( \u0645\u0646 50 \u0627\u0644\u0649 150 \u0648\u0631\u0642\u0629 )\r\n. \u064a\u062a\u0633\u0639 \u0627\u0644\u0648\u0633\u0637 ( \u0645\u0646 150 \u0627\u0644\u0649 300 \u0648\u0631\u0642\u0629 )\r\n. \u0627\u0644\u0643\u0628\u064a\u0631 ( \u0645\u0646 300 \u0627\u0644\u0649 400 \u0648\u0631\u0642\u0629 ).\r\n. \u0645\u062f\u0629 \u0627\u0644\u062a\u0646\u0641\u064a\u0630 : 3-5 \u0627\u064a\u0627\u0645 \u0648\u062a\u0632\u064a\u062f \u0627\u0644\u0645\u062f\u0629 \u0639\u0646 \u0637\u0644\u0628 \u0627\u0644\u0634\u062d\u0646.","availability":"IN_STOCK","sale_price":65,"on_sale":false}],"content_type":"product","currency":"SAR","value":65,"event_trigger_source":"WooCommerce"},"page":{"url":"http:\/\/www.ibn-sinaa.com\/product\/school-mathematics-records\/"}}]}
 ajax: no
2025-01-19T19:37:37+00:00 DEBUG Tt4b_Mapi_Class::mapi_post: Response: 

HTTP/1.1 200 OK
Server: nginx
Content-Type: application/json
Content-Length: 92
X-Tt-Logid: 2025011919373791CA4841DD7F435D6F2F
x-tt-trace-host: 018e5a586174a888928d793bdac74b79b5e700587fe39153d955d7444df1af3be5e0e3f1b2276cd2c9dff640f9d435c7cec63cae308cbbcf00e34f2fb4e914644051e30a34bb5ca3fbe5855ee61168d077f32db4c8b4f3a7e02471a546cf3275e931c5876b8f780b3dd070d76b29b3e195
x-tt-trace-id: 00-25011919373791CA4841DD7F435D6F2F-36C49E0977FC5343-00
X-Origin-Response-Time: 31,23.32.17.5
X-Akamai-Request-ID: 1adedeac.9e9657b
Expires: Sun, 19 Jan 2025 19:37:37 GMT
Cache-Control: max-age=0, no-cache, no-store
Pragma: no-cache
Date: Sun, 19 Jan 2025 19:37:37 GMT
X-Cache: TCP_MISS from a95-101-134-94.deploy.akamaitechnologies.com (AkamaiGHost/11.8.0-1debf780f7d7c834933fa9689361eec6) (-)
Connection: close
X-Cache-Remote: TCP_MISS from a23-32-17-5.deploy.akamaitechnologies.com (AkamaiGHost/11.8.0-1debf780f7d7c834933fa9689361eec6) (-)
x-tt-trace-tag: id=16;cdn-cache=miss;type=dyn
Server-Timing: cdn-cache; desc=MISS, edge; dur=93, origin; dur=31
Server-Timing: inner; dur=27
X-Parent-Response-Time: 112,95.101.134.94

{"code": 0, "message": "OK", "request_id": "2025011919373791CA4841DD7F435D6F2F", "data": {}}
2025-01-19T19:42:11+00:00 DEBUG POST: https://business-api.tiktok.com/open_api/v1.3/event/track/

{"partner_name":"WooCommerce","event_source":"web","event_source_id":"CSM79Q3C77UAG1T340I0","data":[{"event":"Pageview","event_id":"678d55930703a_tt4b_woocommerce_670666209cf1f","event_time":1737315731,"user":{"ip":"54.36.148.97","user_agent":"Mozilla\/5.0 (compatible; AhrefsBot\/7.0; +http:\/\/ahrefs.com\/robot\/)","locale":"ar","external_id":"0","email":"e3b0c44298fc1c149afbf4c8996fb92427ae41e4649b934ca495991b7852b855","phone_number":"e3b0c44298fc1c149afbf4c8996fb92427ae41e4649b934ca495991b7852b855","first_name":"e3b0c44298fc1c149afbf4c8996fb92427ae41e4649b934ca495991b7852b855","last_name":"e3b0c44298fc1c149afbf4c8996fb92427ae41e4649b934ca495991b7852b855","zip_code":"e3b0c44298fc1c149afbf4c8996fb92427ae41e4649b934ca495991b7852b855"},"page":{"url":"http:\/\/www.ibn-sinaa.com\/product\/%D9%83%D8%B1%D9%88%D8%AA-%D8%A8%D8%B5%D9%85%D8%A9\/feed\/"}}]}
 ajax: no
2025-01-19T19:42:11+00:00 DEBUG Tt4b_Mapi_Class::mapi_post: Response: 

HTTP/1.1 200 OK
Server: nginx
Content-Type: application/json
Content-Length: 92
X-Tt-Logid: 20250119194211819C22FCCA79F45F9708
Server-Timing: inner; dur=22
x-tt-trace-host: 018e5a586174a888928d793bdac74b79b51f25f865630f4fcd46fd46a69599bc6c8eb5b58c6f9f8fcf45a4bdc8a749391320731469468d2a7cf24b369dfb3cb2cfaf01dc852516a6e2b952a584b6f4afbe9ceec80d4aecb51643a3171f587cb81f
x-tt-trace-id: 00-250119194211819C22FCCA79F45F9708-344762A571F32AD5-00
Expires: Sun, 19 Jan 2025 19:42:11 GMT
Cache-Control: max-age=0, no-cache, no-store
Pragma: no-cache
Date: Sun, 19 Jan 2025 19:42:11 GMT
X-Cache: TCP_MISS from a95-101-134-101.deploy.akamaitechnologies.com (AkamaiGHost/11.8.0-2d0f2d516c5d43e1487924a77ec5924a) (-)
Connection: close
x-tt-trace-tag: id=16;cdn-cache=miss;type=dyn
Server-Timing: cdn-cache; desc=MISS, edge; dur=5, origin; dur=106
X-Origin-Response-Time: 106,95.101.134.101
X-Akamai-Request-ID: 832d24

{"code": 0, "message": "OK", "request_id": "20250119194211819C22FCCA79F45F9708", "data": {}}
2025-01-19T19:44:14+00:00 DEBUG POST: https://business-api.tiktok.com/open_api/v1.3/event/track/

{"partner_name":"WooCommerce","event_source":"web","event_source_id":"CSM79Q3C77UAG1T340I0","data":[{"event":"Pageview","event_id":"678d560e2fa47_tt4b_woocommerce_670666209cf1f","event_time":1737315854,"user":{"ip":"157.55.39.61","user_agent":"Mozilla\/5.0 AppleWebKit\/537.36 (KHTML, like Gecko; compatible; bingbot\/2.0; +http:\/\/www.bing.com\/bingbot.htm) Chrome\/116.0.1938.76 Safari\/537.36","locale":"ar","external_id":"0","email":"e3b0c44298fc1c149afbf4c8996fb92427ae41e4649b934ca495991b7852b855","phone_number":"e3b0c44298fc1c149afbf4c8996fb92427ae41e4649b934ca495991b7852b855","first_name":"e3b0c44298fc1c149afbf4c8996fb92427ae41e4649b934ca495991b7852b855","last_name":"e3b0c44298fc1c149afbf4c8996fb92427ae41e4649b934ca495991b7852b855","zip_code":"e3b0c44298fc1c149afbf4c8996fb92427ae41e4649b934ca495991b7852b855"},"page":{"url":"http:\/\/www.ibn-sinaa.com\/wp-content\/cache\/background-css\/www.ibn-sinaa.com\/wp-content\/cache\/wpo-minify\/1737021694\/assets\/wpo-minify-header-008916ee.min.css?wpr_t=1737229555"}}]}
 ajax: no
2025-01-19T19:44:14+00:00 DEBUG Tt4b_Mapi_Class::mapi_post: Response: 

HTTP/1.1 200 OK
Server: nginx
Content-Type: application/json
Content-Length: 92
X-Tt-Logid: 2025011919441426A83F4E46626E4A26B2
x-tt-trace-host: 018e5a586174a888928d793bdac74b79b52a36c08622bbc2ac99357be22beb959a7b42814ad3ca235e28bb1013985a601b9ee3ce0b99664c214a1e175f69173a22bcf4c8b46ed49fb4df7a37ae97fafef4a9ec62db84cc7da2949671825756bdecd2e67d3b697943d2a6a1ed992d7951b8
x-tt-trace-id: 00-25011919441426A83F4E46626E4A26B2-4094F5B236AE815C-00
X-Origin-Response-Time: 29,23.213.246.237
X-Akamai-Request-ID: cc412e66.12e19d6a
Expires: Sun, 19 Jan 2025 19:44:14 GMT
Cache-Control: max-age=0, no-cache, no-store
Pragma: no-cache
Date: Sun, 19 Jan 2025 19:44:14 GMT
X-Cache: TCP_MISS from a95-101-134-36.deploy.akamaitechnologies.com (AkamaiGHost/11.8.0-1debf780f7d7c834933fa9689361eec6) (-)
Connection: close
X-Cache-Remote: TCP_MISS from a23-213-246-237.deploy.akamaitechnologies.com (AkamaiGHost/11.8.0-2d0f2d516c5d43e1487924a77ec5924a) (-)
x-tt-trace-tag: id=16;cdn-cache=miss;type=dyn
Server-Timing: cdn-cache; desc=MISS, edge; dur=95, origin; dur=29
Server-Timing: inner; dur=24
X-Parent-Response-Time: 116,95.101.134.36

{"code": 0, "message": "OK", "request_id": "2025011919441426A83F4E46626E4A26B2", "data": {}}
2025-01-19T19:44:17+00:00 DEBUG POST: https://business-api.tiktok.com/open_api/v1.3/event/track/

{"partner_name":"WooCommerce","event_source":"web","event_source_id":"CSM79Q3C77UAG1T340I0","data":[{"event":"Pageview","event_id":"678d561177c1f_tt4b_woocommerce_670666209cf1f","event_time":1737315857,"user":{"ip":"157.55.39.61","user_agent":"Mozilla\/5.0 AppleWebKit\/537.36 (KHTML, like Gecko; compatible; bingbot\/2.0; +http:\/\/www.bing.com\/bingbot.htm) Chrome\/116.0.1938.76 Safari\/537.36","locale":"ar","external_id":"0","email":"e3b0c44298fc1c149afbf4c8996fb92427ae41e4649b934ca495991b7852b855","phone_number":"e3b0c44298fc1c149afbf4c8996fb92427ae41e4649b934ca495991b7852b855","first_name":"e3b0c44298fc1c149afbf4c8996fb92427ae41e4649b934ca495991b7852b855","last_name":"e3b0c44298fc1c149afbf4c8996fb92427ae41e4649b934ca495991b7852b855","zip_code":"e3b0c44298fc1c149afbf4c8996fb92427ae41e4649b934ca495991b7852b855"},"page":{"url":"http:\/\/www.ibn-sinaa.com\/wp-content\/cache\/background-css\/www.ibn-sinaa.com\/wp-content\/cache\/wpo-minify\/1737021694\/assets\/wpo-minify-header-c34169dc.min.css?wpr_t=1737229555"}}]}
 ajax: no
2025-01-19T19:44:17+00:00 DEBUG Tt4b_Mapi_Class::mapi_post: Response: 

HTTP/1.1 200 OK
Server: nginx
Content-Type: application/json
Content-Length: 92
X-Tt-Logid: 202501191944172E2E683EF84D685FB0F1
x-tt-trace-host: 018e5a586174a888928d793bdac74b79b52a36c08622bbc2ac99357be22beb959aa6d40dda0ca1e2ea5a13a2a96098a34688ce776a56a1c4f66e539997eb2d3dbc7b9a5538add55a7223e26afc858ebf5f703fc504278ab378a623c37f32792c81eec4a55c6cf82978d34fb1197b624316
x-tt-trace-id: 00-2501191944172E2E683EF84D685FB0F1-6E2185333AE71819-00
X-Origin-Response-Time: 53,23.218.219.11
X-Akamai-Request-ID: 7f7b719.12e22b15
Expires: Sun, 19 Jan 2025 19:44:17 GMT
Cache-Control: max-age=0, no-cache, no-store
Pragma: no-cache
Date: Sun, 19 Jan 2025 19:44:17 GMT
X-Cache: TCP_MISS from a95-101-134-36.deploy.akamaitechnologies.com (AkamaiGHost/11.8.0-1debf780f7d7c834933fa9689361eec6) (-)
Connection: close
X-Cache-Remote: TCP_MISS from a23-218-219-11.deploy.akamaitechnologies.com (AkamaiGHost/11.8.0-2d0f2d516c5d43e1487924a77ec5924a) (-)
x-tt-trace-tag: id=16;cdn-cache=miss;type=dyn
Server-Timing: cdn-cache; desc=MISS, edge; dur=93, origin; dur=53
Server-Timing: inner; dur=47
X-Parent-Response-Time: 138,95.101.134.36

{"code": 0, "message": "OK", "request_id": "202501191944172E2E683EF84D685FB0F1", "data": {}}
2025-01-19T19:44:30+00:00 DEBUG POST: https://business-api.tiktok.com/open_api/v1.3/event/track/

{"partner_name":"WooCommerce","event_source":"web","event_source_id":"CSM79Q3C77UAG1T340I0","data":[{"event":"Pageview","event_id":"678d561e4ec0c_tt4b_woocommerce_670666209cf1f","event_time":1737315870,"user":{"ip":"40.77.167.158","user_agent":"Mozilla\/5.0 AppleWebKit\/537.36 (KHTML, like Gecko; compatible; bingbot\/2.0; +http:\/\/www.bing.com\/bingbot.htm) Chrome\/116.0.1938.76 Safari\/537.36","locale":"ar","external_id":"0","email":"e3b0c44298fc1c149afbf4c8996fb92427ae41e4649b934ca495991b7852b855","phone_number":"e3b0c44298fc1c149afbf4c8996fb92427ae41e4649b934ca495991b7852b855","first_name":"e3b0c44298fc1c149afbf4c8996fb92427ae41e4649b934ca495991b7852b855","last_name":"e3b0c44298fc1c149afbf4c8996fb92427ae41e4649b934ca495991b7852b855","zip_code":"e3b0c44298fc1c149afbf4c8996fb92427ae41e4649b934ca495991b7852b855"},"page":{"url":"http:\/\/www.ibn-sinaa.com\/wp-content\/cache\/background-css\/www.ibn-sinaa.com\/wp-content\/cache\/wpo-minify\/1737021694\/assets\/wpo-minify-footer-ab1f5304.min.css?wpr_t=1737229555"}}]}
 ajax: no
2025-01-19T19:44:30+00:00 DEBUG Tt4b_Mapi_Class::mapi_post: Response: 

HTTP/1.1 200 OK
Server: nginx
Content-Type: application/json
Content-Length: 92
X-Tt-Logid: 2025011919443061DE442B5EF787601A3C
Server-Timing: inner; dur=28
x-tt-trace-host: 018e5a586174a888928d793bdac74b79b585778025b8c1e8b51700413ab70bd370dd8ab26c0b4d7b2a18f58b7284baa7a51bd67f1470e144dc72ea31a096af58ca816719ea0f72ecc4c775c601c2f0385e2392fbb977f1480385e0b0cbe12d4e6c
x-tt-trace-id: 00-25011919443061DE442B5EF787601A3C-147575435DB626EA-00
Expires: Sun, 19 Jan 2025 19:44:30 GMT
Cache-Control: max-age=0, no-cache, no-store
Pragma: no-cache
Date: Sun, 19 Jan 2025 19:44:30 GMT
X-Cache: TCP_MISS from a95-101-134-135.deploy.akamaitechnologies.com (AkamaiGHost/11.8.0-1debf780f7d7c834933fa9689361eec6) (-)
Connection: close
x-tt-trace-tag: id=16;cdn-cache=miss;type=dyn
Server-Timing: cdn-cache; desc=MISS, edge; dur=6, origin; dur=111
X-Origin-Response-Time: 111,95.101.134.135
X-Akamai-Request-ID: bf7fad9

{"code": 0, "message": "OK", "request_id": "2025011919443061DE442B5EF787601A3C", "data": {}}
2025-01-19T19:45:45+00:00 DEBUG POST: https://business-api.tiktok.com/open_api/v1.3/event/track/

{"partner_name":"WooCommerce","event_source":"web","event_source_id":"CSM79Q3C77UAG1T340I0","data":[{"event":"Pageview","event_id":"678d5669aaca1_tt4b_woocommerce_670666209cf1f","event_time":1737315945,"user":{"ip":"193.186.4.102","user_agent":"Mozilla\/5.0 (Linux; Android 10; K) AppleWebKit\/537.36 (KHTML, like Gecko) Chrome\/131.0.0.0 Mobile Safari\/537.36","locale":"ar","external_id":"0","email":"e3b0c44298fc1c149afbf4c8996fb92427ae41e4649b934ca495991b7852b855","phone_number":"e3b0c44298fc1c149afbf4c8996fb92427ae41e4649b934ca495991b7852b855","first_name":"e3b0c44298fc1c149afbf4c8996fb92427ae41e4649b934ca495991b7852b855","last_name":"e3b0c44298fc1c149afbf4c8996fb92427ae41e4649b934ca495991b7852b855","zip_code":"e3b0c44298fc1c149afbf4c8996fb92427ae41e4649b934ca495991b7852b855"},"page":{"url":"http:\/\/www.ibn-sinaa.com\/?srsltid=AfmBOop4t2VPzq4fB3Fvaw0E6gcaox8RaIUqKiIrUSBSpnXrJfOU06-g"}}]}
 ajax: no
2025-01-19T19:45:45+00:00 DEBUG POST: https://business-api.tiktok.com/open_api/v1.3/event/track/

{"partner_name":"WooCommerce","event_source":"web","event_source_id":"CSM79Q3C77UAG1T340I0","data":[{"event":"Pageview","event_id":"678d5669c5a5d_tt4b_woocommerce_670666209cf1f","event_time":1737315945,"user":{"ip":"66.249.93.38","user_agent":"Chrome Privacy Preserving Prefetch Proxy","locale":"ar","external_id":"0","email":"e3b0c44298fc1c149afbf4c8996fb92427ae41e4649b934ca495991b7852b855","phone_number":"e3b0c44298fc1c149afbf4c8996fb92427ae41e4649b934ca495991b7852b855","first_name":"e3b0c44298fc1c149afbf4c8996fb92427ae41e4649b934ca495991b7852b855","last_name":"e3b0c44298fc1c149afbf4c8996fb92427ae41e4649b934ca495991b7852b855","zip_code":"e3b0c44298fc1c149afbf4c8996fb92427ae41e4649b934ca495991b7852b855"},"page":{"url":"http:\/\/www.ibn-sinaa.com\/.well-known\/traffic-advice"}}]}
 ajax: no
2025-01-19T19:45:46+00:00 DEBUG Tt4b_Mapi_Class::mapi_post: Response: 

HTTP/1.1 200 OK
Server: nginx
Content-Type: application/json
Content-Length: 92
X-Tt-Logid: 2025011919454544FFCB2BA9230853FA57
x-tt-trace-host: 018e5a586174a888928d793bdac74b79b5e700587fe39153d955d7444df1af3be5a57fa890f45724a6d78b070d7525b215936d29d44821037af91e141bfda1e7e57973a4b7f3a09af24291d3561bec297b75c42973cb0597c60685b2545b27df9726f9f3eb09139daaf3dc0d4fd294b2d2
x-tt-trace-id: 00-25011919454544FFCB2BA9230853FA57-1DFAD1FC797C5DF9-00
X-Origin-Response-Time: 48,23.52.15.136
X-Akamai-Request-ID: 7e47bac6.a4197fc
Expires: Sun, 19 Jan 2025 19:45:46 GMT
Cache-Control: max-age=0, no-cache, no-store
Pragma: no-cache
Date: Sun, 19 Jan 2025 19:45:46 GMT
X-Cache: TCP_MISS from a95-101-134-94.deploy.akamaitechnologies.com (AkamaiGHost/11.8.0-1debf780f7d7c834933fa9689361eec6) (-)
Connection: close
X-Cache-Remote: TCP_MISS from a23-52-15-136.deploy.akamaitechnologies.com (AkamaiGHost/11.8.0-1debf780f7d7c834933fa9689361eec6) (-)
x-tt-trace-tag: id=16;cdn-cache=miss;type=dyn
Server-Timing: cdn-cache; desc=MISS, edge; dur=87, origin; dur=48
Server-Timing: inner; dur=42
X-Parent-Response-Time: 130,95.101.134.94

{"code": 0, "message": "OK", "request_id": "2025011919454544FFCB2BA9230853FA57", "data": {}}
2025-01-19T19:45:46+00:00 DEBUG Tt4b_Mapi_Class::mapi_post: Response: 

HTTP/1.1 200 OK
Server: nginx
Content-Type: application/json
Content-Length: 92
X-Tt-Logid: 20250119194545DF282E0614D3673D9272
x-tt-trace-host: 018e5a586174a888928d793bdac74b79b519a86797e72c2eba011e03e23beee17d2ae8b694c8d6e24d1ce984535c6a3b1490e1fd5bac58d63fe95167fd954558f9ededf1ee2989df39ace634d2b40cd72f87ba412fc9a24291a823673081ca11691de843f6a88920b5b5a2ac5f5c3d6049
x-tt-trace-id: 00-250119194545DF282E0614D3673D9272-5D41F5E64BF537D9-00
X-Origin-Response-Time: 102,23.213.246.201
X-Akamai-Request-ID: 69438cb4.25fda07e
Expires: Sun, 19 Jan 2025 19:45:46 GMT
Cache-Control: max-age=0, no-cache, no-store
Pragma: no-cache
Date: Sun, 19 Jan 2025 19:45:46 GMT
X-Cache: TCP_MISS from a95-101-134-116.deploy.akamaitechnologies.com (AkamaiGHost/11.8.0-1debf780f7d7c834933fa9689361eec6) (-)
Connection: close
X-Cache-Remote: TCP_MISS from a23-213-246-201.deploy.akamaitechnologies.com (AkamaiGHost/11.8.0-1debf780f7d7c834933fa9689361eec6) (-)
x-tt-trace-tag: id=16;cdn-cache=miss;type=dyn
Server-Timing: cdn-cache; desc=MISS, edge; dur=110, origin; dur=101
Server-Timing: inner; dur=83
X-Parent-Response-Time: 203,95.101.134.116

{"code": 0, "message": "OK", "request_id": "20250119194545DF282E0614D3673D9272", "data": {}}
2025-01-19T19:46:43+00:00 DEBUG POST: https://business-api.tiktok.com/open_api/v1.3/event/track/

{"partner_name":"WooCommerce","event_source":"web","event_source_id":"CSM79Q3C77UAG1T340I0","data":[{"event":"Pageview","event_id":"678d56a30117a_tt4b_woocommerce_670666209cf1f","event_time":1737316003,"user":{"ip":"66.249.79.164","user_agent":"Mozilla\/5.0 (Linux; Android 6.0.1; Nexus 5X Build\/MMB29P) AppleWebKit\/537.36 (KHTML, like Gecko) Chrome\/132.0.6834.83 Mobile Safari\/537.36 (compatible; Googlebot\/2.1; +http:\/\/www.google.com\/bot.html)","locale":"ar","external_id":"0","email":"e3b0c44298fc1c149afbf4c8996fb92427ae41e4649b934ca495991b7852b855","phone_number":"e3b0c44298fc1c149afbf4c8996fb92427ae41e4649b934ca495991b7852b855","first_name":"e3b0c44298fc1c149afbf4c8996fb92427ae41e4649b934ca495991b7852b855","last_name":"e3b0c44298fc1c149afbf4c8996fb92427ae41e4649b934ca495991b7852b855","zip_code":"e3b0c44298fc1c149afbf4c8996fb92427ae41e4649b934ca495991b7852b855"},"page":{"url":"http:\/\/www.ibn-sinaa.com\/product\/gregorian-calendar\/"}}]}
 ajax: no
2025-01-19T19:46:43+00:00 DEBUG Tt4b_Mapi_Class::mapi_post: Response: 

HTTP/1.1 200 OK
Server: nginx
Content-Type: application/json
Content-Length: 92
X-Tt-Logid: 20250119194643C56D3CC45B447D6799E4
x-tt-trace-host: 018e5a586174a888928d793bdac74b79b53e34eb9397648a40ba28e42d6318f0c4a4ab44ec6b1d528d2bce1e4cd4b34194c4735ec7b938a97b888edc6aa05ab47989049e7189af69bf6332090ef39f9bb8430fb93787a56760929a6e8b47d26201d7314dfd8488f5d7b645ebcf57a15a03
x-tt-trace-id: 00-250119194643C56D3CC45B447D6799E4-713A0F136DB9D458-00
X-Origin-Response-Time: 32,23.213.246.201
X-Akamai-Request-ID: 6953cc56.dfd2638
Expires: Sun, 19 Jan 2025 19:46:43 GMT
Cache-Control: max-age=0, no-cache, no-store
Pragma: no-cache
Date: Sun, 19 Jan 2025 19:46:43 GMT
X-Cache: TCP_MISS from a95-101-134-118.deploy.akamaitechnologies.com (AkamaiGHost/11.8.0-1debf780f7d7c834933fa9689361eec6) (-)
Connection: close
X-Cache-Remote: TCP_MISS from a23-213-246-201.deploy.akamaitechnologies.com (AkamaiGHost/11.8.0-1debf780f7d7c834933fa9689361eec6) (-)
x-tt-trace-tag: id=16;cdn-cache=miss;type=dyn
Server-Timing: cdn-cache; desc=MISS, edge; dur=86, origin; dur=32
Server-Timing: inner; dur=28
X-Parent-Response-Time: 112,95.101.134.118

{"code": 0, "message": "OK", "request_id": "20250119194643C56D3CC45B447D6799E4", "data": {}}
2025-01-19T19:46:43+00:00 DEBUG Tt4b_Pixel_Class::inject_view_content_event: hit ViewContent
2025-01-19T19:46:43+00:00 DEBUG POST: https://business-api.tiktok.com/open_api/v1.3/event/track/

{"partner_name":"WooCommerce","event_source":"web","event_source_id":"CSM79Q3C77UAG1T340I0","data":[{"event":"ViewContent","event_id":"678d56a3382f0_tt4b_woocommerce_670666209cf1f_4438","event_time":1737316003,"user":{"ip":"66.249.79.164","user_agent":"Mozilla\/5.0 (Linux; Android 6.0.1; Nexus 5X Build\/MMB29P) AppleWebKit\/537.36 (KHTML, like Gecko) Chrome\/132.0.6834.83 Mobile Safari\/537.36 (compatible; Googlebot\/2.1; +http:\/\/www.google.com\/bot.html)","locale":"ar","external_id":"0","email":"e3b0c44298fc1c149afbf4c8996fb92427ae41e4649b934ca495991b7852b855","phone_number":"e3b0c44298fc1c149afbf4c8996fb92427ae41e4649b934ca495991b7852b855","first_name":"e3b0c44298fc1c149afbf4c8996fb92427ae41e4649b934ca495991b7852b855","last_name":"e3b0c44298fc1c149afbf4c8996fb92427ae41e4649b934ca495991b7852b855","zip_code":"e3b0c44298fc1c149afbf4c8996fb92427ae41e4649b934ca495991b7852b855"},"properties":{"contents":[{"price":130,"quantity":1,"content_id":"4438","content_name":"\u062a\u0642\u0648\u064a\u0645 \u0635\u0646\u062f\u0648\u0642 \u062e\u0634\u0628","description":"\u062a\u0642\u0648\u064a\u0645 \u0645\u064a\u0644\u0627\u062f\u064a \u062e\u0634\u0628: \u062a\u0635\u0645\u064a\u0645 \u0639\u0635\u0631\u064a \u0648\u0623\u0646\u064a\u0642\u060c \u0645\u0635\u0646\u0648\u0639 \u0645\u0646 \u0627\u0644\u062e\u0634\u0628 \u0627\u0644\u0645\u062a\u064a\u0646 \u0628\u0648\u0636\u0648\u062d \u0627\u0633\u062a\u062b\u0646\u0627\u0626\u064a \u0644\u0644\u0643\u062a\u0627\u0628\u0629 \u0648\u0627\u0644\u0631\u0624\u064a\u0629\u060c \u064a\u0636\u064a\u0641 \u0644\u0645\u0633\u0629 \u0645\u0646 \u0627\u0644\u0641\u062e\u0627\u0645\u0629 \u0648\u0627\u0644\u062a\u0646\u0638\u064a\u0645 \u0644\u0645\u0643\u062a\u0628\u0643. \u0645\u062b\u0627\u0644\u064a \u0644\u062a\u0646\u0638\u064a\u0645 \u0627\u0644\u0645\u0648\u0627\u0639\u064a\u062f \u0648\u0627\u0644\u0627\u062c\u062a\u0645\u0627\u0639\u0627\u062a\u060c \u0648\u064a\u0636\u0641\u064a \u062c\u0627\u0630\u0628\u064a\u0629 \u0639\u0644\u0649 \u0645\u0633\u0627\u062d\u0629 \u0627\u0644\u0639\u0645\u0644 \u0627\u0644\u062e\u0627\u0635\u0629 \u0628\u0643.","availability":"IN_STOCK","sale_price":130,"on_sale":false}],"content_type":"product","currency":"SAR","value":130,"event_trigger_source":"WooCommerce"},"page":{"url":"http:\/\/www.ibn-sinaa.com\/product\/gregorian-calendar\/"}}]}
 ajax: no
2025-01-19T19:46:43+00:00 DEBUG Tt4b_Mapi_Class::mapi_post: Response: 

HTTP/1.1 200 OK
Server: nginx
Content-Type: application/json
Content-Length: 92
X-Tt-Logid: 20250119194643F2DEC70662A56A855142
x-tt-trace-host: 018e5a586174a888928d793bdac74b79b53065da58c011248cb690cab4dc78d41af21be18e37e97c9029a7453d76519071067f79f0c0cff439eb537995947fe722d80e2f01033c788ae526c9f6be5b9fd6d97c752a874fa56ddc38e547a6f5ee9620d0d2f410603da0dd47ed5b83476f3a
x-tt-trace-id: 00-250119194643F2DEC70662A56A855142-11F354199B78F5B8-00
X-Origin-Response-Time: 31,23.32.17.7
X-Akamai-Request-ID: 32d7708f.b7ad548
Expires: Sun, 19 Jan 2025 19:46:43 GMT
Cache-Control: max-age=0, no-cache, no-store
Pragma: no-cache
Date: Sun, 19 Jan 2025 19:46:43 GMT
X-Cache: TCP_MISS from a95-101-134-198.deploy.akamaitechnologies.com (AkamaiGHost/11.8.0-1debf780f7d7c834933fa9689361eec6) (-)
Connection: close
X-Cache-Remote: TCP_MISS from a23-32-17-7.deploy.akamaitechnologies.com (AkamaiGHost/11.8.0-1debf780f7d7c834933fa9689361eec6) (-)
x-tt-trace-tag: id=16;cdn-cache=miss;type=dyn
Server-Timing: cdn-cache; desc=MISS, edge; dur=257, origin; dur=31
Server-Timing: inner; dur=28
X-Parent-Response-Time: 275,95.101.134.198

{"code": 0, "message": "OK", "request_id": "20250119194643F2DEC70662A56A855142", "data": {}}
2025-01-19T19:50:25+00:00 DEBUG Tt4b_Pixel_Class::inject_add_to_cart_event: hit AddToCart
2025-01-19T19:50:25+00:00 DEBUG POST: https://business-api.tiktok.com/open_api/v1.3/event/track/

{"partner_name":"WooCommerce","event_source":"web","event_source_id":"CSM79Q3C77UAG1T340I0","data":[{"event":"AddToCart","event_id":"678d5781d076e_tt4b_woocommerce_670666209cf1f_4125","event_time":1737316225,"user":{"ip":"54.36.149.55","user_agent":"Mozilla\/5.0 (compatible; AhrefsBot\/7.0; +http:\/\/ahrefs.com\/robot\/)","locale":"ar","external_id":"0","email":"e3b0c44298fc1c149afbf4c8996fb92427ae41e4649b934ca495991b7852b855","phone_number":"e3b0c44298fc1c149afbf4c8996fb92427ae41e4649b934ca495991b7852b855","first_name":"e3b0c44298fc1c149afbf4c8996fb92427ae41e4649b934ca495991b7852b855","last_name":"e3b0c44298fc1c149afbf4c8996fb92427ae41e4649b934ca495991b7852b855","zip_code":"e3b0c44298fc1c149afbf4c8996fb92427ae41e4649b934ca495991b7852b855"},"properties":{"contents":[{"price":65,"quantity":1,"content_id":"4125","content_name":"\u0633\u062c\u0644\u0627\u062a \u0645\u0627\u062f\u0629 \u0627\u0644\u0641\u064a\u0632\u064a\u0627\u0621","description":". \u0637\u0628\u0627\u0639\u0647 \u0633\u062c\u0644\u0627\u062a \u0645\u062f\u0631\u0633\u064a\u0629 \u0627\u062d\u062a\u0631\u0627\u0641\u064a\u0629 \u062e\u0627\u0645\u062a\u0647\u0627 \u0643\u0631\u062a\u0648\u0646 2000 \u062c\u0631\u0627\u0645,\u062a\u0636\u0627\u0641 \u0637\u0628\u0642\u0629 \u062d\u0645\u0627\u064a\u0647 \u0627\u0633\u062a\u064a\u0643\u0631 \u0645\u0639 \u0633\u0644\u0648\u0641\u0627\u0646 \u0644\u0627\u0645\u0639.\r\n. \u0645\u062a\u0648\u0641\u0631 \u0628 \u0627\u062d\u062c\u0627\u0645 \u0645\u062e\u062a\u0644\u0641\u0647 ( \u0635\u063a\u064a\u0631, \u0648\u0633\u0637 , \u0643\u0628\u064a\u0631 ).\r\n. \u064a\u062a\u0633\u0639 \u0627\u0644\u0645\u0642\u0627\u0633 \u0627\u0644\u0635\u063a\u064a\u0631 ( \u0645\u0646 50 \u0627\u0644\u0649 150 \u0648\u0631\u0642\u0629 )\r\n. \u064a\u062a\u0633\u0639 \u0627\u0644\u0648\u0633\u0637 ( \u0645\u0646 150 \u0627\u0644\u0649 300 \u0648\u0631\u0642\u0629 )\r\n. \u0627\u0644\u0643\u0628\u064a\u0631 ( \u0645\u0646 300 \u0627\u0644\u0649 400 \u0648\u0631\u0642\u0629 ).\r\n. \u0645\u062f\u0629 \u0627\u0644\u062a\u0646\u0641\u064a\u0630 : 3-5 \u0627\u064a\u0627\u0645 \u0648\u062a\u0632\u064a\u062f \u0627\u0644\u0645\u062f\u0629 \u0639\u0646 \u0637\u0644\u0628 \u0627\u0644\u0634\u062d\u0646.","availability":"IN_STOCK","sale_price":65,"on_sale":false}],"content_type":"product","currency":"SAR","value":65,"event_trigger_source":"WooCommerce"},"page":{"url":"http:\/\/www.ibn-sinaa.com\/product\/%D9%88%D8%B1%D9%82-%D8%AE%D8%B7%D8%A7%D8%A8%D8%A7%D8%AA-%D9%81%D8%A7%D8%AE%D8%B1%D8%A9\/?add-to-cart=4125"}}]}
 ajax: no
2025-01-19T19:50:26+00:00 DEBUG Tt4b_Mapi_Class::mapi_post: Response: 

HTTP/1.1 200 OK
Server: nginx
Content-Type: application/json
Content-Length: 92
X-Tt-Logid: 20250119195025E462FDCE2B1C254194FC
x-tt-trace-host: 018e5a586174a888928d793bdac74b79b5b3c46136d344bf46da72cca5a862092efda5e7fdcc0c8e7ed9101df8ad468ff2b75697adbc1c904a228abdd673b0058bb03be0247ab8304d457d46611e1ef634fd505697af62955851c2b02f49b03a7d3ce62b8be8ef34015aa831c93eb8205f
x-tt-trace-id: 00-250119195025E462FDCE2B1C254194FC-458DBD997AD3CE34-00
X-Origin-Response-Time: 34,23.55.100.202
X-Akamai-Request-ID: 54e15473.b4f22d7
Expires: Sun, 19 Jan 2025 19:50:26 GMT
Cache-Control: max-age=0, no-cache, no-store
Pragma: no-cache
Date: Sun, 19 Jan 2025 19:50:26 GMT
X-Cache: TCP_MISS from a95-101-134-30.deploy.akamaitechnologies.com (AkamaiGHost/11.8.0-1debf780f7d7c834933fa9689361eec6) (-)
Connection: close
X-Cache-Remote: TCP_MISS from a23-55-100-202.deploy.akamaitechnologies.com (AkamaiGHost/11.8.0-1debf780f7d7c834933fa9689361eec6) (-)
x-tt-trace-tag: id=16;cdn-cache=miss;type=dyn
Server-Timing: cdn-cache; desc=MISS, edge; dur=97, origin; dur=34
Server-Timing: inner; dur=28
X-Parent-Response-Time: 121,95.101.134.30

{"code": 0, "message": "OK", "request_id": "20250119195025E462FDCE2B1C254194FC", "data": {}}
2025-01-19T19:52:38+00:00 DEBUG POST: https://business-api.tiktok.com/open_api/v1.3/event/track/

{"partner_name":"WooCommerce","event_source":"web","event_source_id":"CSM79Q3C77UAG1T340I0","data":[{"event":"Pageview","event_id":"678d580637280_tt4b_woocommerce_670666209cf1f","event_time":1737316358,"user":{"ip":"54.36.148.127","user_agent":"Mozilla\/5.0 (compatible; AhrefsBot\/7.0; +http:\/\/ahrefs.com\/robot\/)","locale":"ar","external_id":"0","email":"e3b0c44298fc1c149afbf4c8996fb92427ae41e4649b934ca495991b7852b855","phone_number":"e3b0c44298fc1c149afbf4c8996fb92427ae41e4649b934ca495991b7852b855","first_name":"e3b0c44298fc1c149afbf4c8996fb92427ae41e4649b934ca495991b7852b855","last_name":"e3b0c44298fc1c149afbf4c8996fb92427ae41e4649b934ca495991b7852b855","zip_code":"e3b0c44298fc1c149afbf4c8996fb92427ae41e4649b934ca495991b7852b855"},"page":{"url":"http:\/\/www.ibn-sinaa.com\/product\/%D8%B3%D8%AC%D9%84%D8%A7%D8%AA-%D9%85%D8%A7%D8%AF%D8%A9-%D8%A7%D9%84%D9%84%D8%BA%D8%A9-%D8%A7%D9%84%D8%B9%D8%B1%D8%A8%D9%8A%D8%A9\/feed\/"}}]}
 ajax: no
2025-01-19T19:52:38+00:00 DEBUG Tt4b_Mapi_Class::mapi_post: Response: 

HTTP/1.1 200 OK
Server: nginx
Content-Type: application/json
Content-Length: 92
X-Tt-Logid: 202501191952388A5C708FB033175F66A5
Server-Timing: inner; dur=47
x-tt-trace-host: 018e5a586174a888928d793bdac74b79b51a437ee89a1c03eb2011d034a2e3e9f5a1d52311243efde94b50fa5b204bbd56a38d06d03bdb9f17fbc92d5d741c051a905a81adf710ef0b3587f22ab4f9918e7a3699202379e2021713c78ba752424e
x-tt-trace-id: 00-2501191952388A5C708FB033175F66A5-0DE7EF6A63C8DA79-00
Expires: Sun, 19 Jan 2025 19:52:38 GMT
Cache-Control: max-age=0, no-cache, no-store
Pragma: no-cache
Date: Sun, 19 Jan 2025 19:52:38 GMT
X-Cache: TCP_MISS from a95-101-134-92.deploy.akamaitechnologies.com (AkamaiGHost/11.8.0-1debf780f7d7c834933fa9689361eec6) (-)
Connection: close
x-tt-trace-tag: id=16;cdn-cache=miss;type=dyn
Server-Timing: cdn-cache; desc=MISS, edge; dur=6, origin; dur=125
X-Origin-Response-Time: 126,95.101.134.92
X-Akamai-Request-ID: 9db628f

{"code": 0, "message": "OK", "request_id": "202501191952388A5C708FB033175F66A5", "data": {}}
2025-01-19T19:55:15+00:00 DEBUG POST: https://business-api.tiktok.com/open_api/v1.3/event/track/

{"partner_name":"WooCommerce","event_source":"web","event_source_id":"CSM79Q3C77UAG1T340I0","data":[{"event":"Pageview","event_id":"678d58a359452_tt4b_woocommerce_670666209cf1f","event_time":1737316515,"user":{"ip":"102.42.235.58","user_agent":"Mozilla\/5.0 (Linux; Android 10; K) AppleWebKit\/537.36 (KHTML, like Gecko) Chrome\/132.0.0.0 Mobile Safari\/537.36","locale":"ar","external_id":"0","email":"e3b0c44298fc1c149afbf4c8996fb92427ae41e4649b934ca495991b7852b855","phone_number":"e3b0c44298fc1c149afbf4c8996fb92427ae41e4649b934ca495991b7852b855","first_name":"e3b0c44298fc1c149afbf4c8996fb92427ae41e4649b934ca495991b7852b855","last_name":"e3b0c44298fc1c149afbf4c8996fb92427ae41e4649b934ca495991b7852b855","zip_code":"e3b0c44298fc1c149afbf4c8996fb92427ae41e4649b934ca495991b7852b855"},"page":{"url":"http:\/\/ibn-sinaa.com\/types-of-personal-cards\/?srsltid=AfmBOoq5QjTnlVobv7P2MY8Fa5MXE4YL9-c63JE_pg1rGG_q3UDskgm8"}}]}
 ajax: no
2025-01-19T19:55:15+00:00 DEBUG Tt4b_Mapi_Class::mapi_post: Response: 

HTTP/1.1 200 OK
Server: nginx
Content-Type: application/json
Content-Length: 92
X-Tt-Logid: 202501191955150B68BE862BBCA9551C58
x-tt-trace-host: 018e5a586174a888928d793bdac74b79b5b3c46136d344bf46da72cca5a862092e194f4da0f5034cbc24aad56918d01d3f8a4f358d1c531e7de0df9861ad1fa9cc73b35dd7327bfeca0ca12edf078240f7b5e06d4cdc39e353f8b130aa8c7cbb6d44ccb9bff1edf4172d08206ebf84b60f
x-tt-trace-id: 00-2501191955150B68BE862BBCA9551C58-0CAD601568EA45F3-00
X-Origin-Response-Time: 30,23.52.15.239
X-Akamai-Request-ID: 13d6b581.b8f75c2
Expires: Sun, 19 Jan 2025 19:55:15 GMT
Cache-Control: max-age=0, no-cache, no-store
Pragma: no-cache
Date: Sun, 19 Jan 2025 19:55:15 GMT
X-Cache: TCP_MISS from a95-101-134-30.deploy.akamaitechnologies.com (AkamaiGHost/11.8.0-1debf780f7d7c834933fa9689361eec6) (-)
Connection: close
X-Cache-Remote: TCP_MISS from a23-52-15-239.deploy.akamaitechnologies.com (AkamaiGHost/11.8.0-1debf780f7d7c834933fa9689361eec6) (-)
x-tt-trace-tag: id=16;cdn-cache=miss;type=dyn
Server-Timing: cdn-cache; desc=MISS, edge; dur=136, origin; dur=30
Server-Timing: inner; dur=27
X-Parent-Response-Time: 149,95.101.134.30

{"code": 0, "message": "OK", "request_id": "202501191955150B68BE862BBCA9551C58", "data": {}}
2025-01-19T19:58:50+00:00 DEBUG Tt4b_Pixel_Class::inject_add_to_cart_event: hit AddToCart
2025-01-19T19:58:50+00:00 DEBUG POST: https://business-api.tiktok.com/open_api/v1.3/event/track/

{"partner_name":"WooCommerce","event_source":"web","event_source_id":"CSM79Q3C77UAG1T340I0","data":[{"event":"AddToCart","event_id":"678d597a642c9_tt4b_woocommerce_670666209cf1f_4424","event_time":1737316730,"user":{"ip":"54.36.149.16","user_agent":"Mozilla\/5.0 (compatible; AhrefsBot\/7.0; +http:\/\/ahrefs.com\/robot\/)","locale":"ar","external_id":"0","email":"e3b0c44298fc1c149afbf4c8996fb92427ae41e4649b934ca495991b7852b855","phone_number":"e3b0c44298fc1c149afbf4c8996fb92427ae41e4649b934ca495991b7852b855","first_name":"e3b0c44298fc1c149afbf4c8996fb92427ae41e4649b934ca495991b7852b855","last_name":"e3b0c44298fc1c149afbf4c8996fb92427ae41e4649b934ca495991b7852b855","zip_code":"e3b0c44298fc1c149afbf4c8996fb92427ae41e4649b934ca495991b7852b855"},"properties":{"contents":[{"price":180,"quantity":1,"content_id":"4424","content_name":"\u062a\u0642\u0648\u064a\u0645 \u0627\u0643\u0631\u064a\u0644\u064a\u0643 \u0645\u0639 \u0632\u0648\u0627\u064a\u0627","description":"\u062a\u0642\u0648\u064a\u0645 \u0623\u0643\u0631\u064a\u0644\u064a\u0643 \u0645\u0639 \u0632\u0648\u0627\u064a\u0627: \u062a\u0635\u0645\u064a\u0645 \u0639\u0635\u0631\u064a \u0648\u0623\u0646\u064a\u0642\u060c \u0645\u0635\u0646\u0648\u0639 \u0645\u0646 \u0627\u0644\u0623\u0643\u0631\u064a\u0644\u064a\u0643 \u0627\u0644\u0645\u062a\u064a\u0646 \u0628\u0648\u0636\u0648\u062d \u0627\u0633\u062a\u062b\u0646\u0627\u0626\u064a \u0644\u0644\u0643\u062a\u0627\u0628\u0629 \u0648\u0627\u0644\u0631\u0624\u064a\u0629\u060c \u064a\u0636\u064a\u0641 \u0644\u0645\u0633\u0629 \u0645\u0646 \u0627\u0644\u0641\u062e\u0627\u0645\u0629 \u0648\u0627\u0644\u062a\u0646\u0638\u064a\u0645 \u0644\u0645\u0643\u062a\u0628\u0643. \u0645\u062b\u0627\u0644\u064a \u0644\u062a\u0646\u0638\u064a\u0645 \u0627\u0644\u0645\u0648\u0627\u0639\u064a\u062f \u0648\u0627\u0644\u0627\u062c\u062a\u0645\u0627\u0639\u0627\u062a\u060c \u0648\u064a\u0636\u0641\u064a \u062c\u0627\u0630\u0628\u064a\u0629 \u0639\u0644\u0649 \u0645\u0633\u0627\u062d\u0629 \u0627\u0644\u0639\u0645\u0644 \u0627\u0644\u062e\u0627\u0635\u0629 \u0628\u0643.","availability":"IN_STOCK","sale_price":180,"on_sale":false}],"content_type":"product","currency":"SAR","value":180,"event_trigger_source":"WooCommerce"},"page":{"url":"http:\/\/mail.ibn-sinaa.com\/product\/%D8%AA%D9%82%D9%88%D9%8A%D9%85-%D9%85%D9%8A%D9%84%D8%A7%D8%AF%D9%8A-%D9%85%D9%83%D8%AA%D8%A8%D9%8A-%D9%85%D8%AE%D9%85%D9%84%D9%8A\/?add-to-cart=4424"}}]}
 ajax: no
2025-01-19T19:58:50+00:00 DEBUG Tt4b_Mapi_Class::mapi_post: Response: 

HTTP/1.1 200 OK
Server: nginx
Content-Type: application/json
Content-Length: 92
X-Tt-Logid: 202501191958505765ED283D2CD13CC378
x-tt-trace-host: 018e5a586174a888928d793bdac74b79b56517d7628cf0ffdff56b078ad2cf5615e91280c4f2ccc6915387afee2ec54f38132ceb7466a7dc48abc4d75dc13ce89961f9a46889948ac4973dc5bebcddeb971b8ee30e13f3bd33d533530e1beb29ca9fa393e82e1dd83e18a17b914f06c858
x-tt-trace-id: 00-2501191958505765ED283D2CD13CC378-00FBFFFE93626A20-00
X-Origin-Response-Time: 32,23.213.246.238
X-Akamai-Request-ID: 68d30b3.a2cf2ec
Expires: Sun, 19 Jan 2025 19:58:50 GMT
Cache-Control: max-age=0, no-cache, no-store
Pragma: no-cache
Date: Sun, 19 Jan 2025 19:58:50 GMT
X-Cache: TCP_MISS from a95-101-134-92.deploy.akamaitechnologies.com (AkamaiGHost/11.8.0-1debf780f7d7c834933fa9689361eec6) (-)
Connection: close
X-Cache-Remote: TCP_MISS from a23-213-246-238.deploy.akamaitechnologies.com (AkamaiGHost/11.8.0-1debf780f7d7c834933fa9689361eec6) (-)
x-tt-trace-tag: id=16;cdn-cache=miss;type=dyn
Server-Timing: cdn-cache; desc=MISS, edge; dur=90, origin; dur=32
Server-Timing: inner; dur=28
X-Parent-Response-Time: 114,95.101.134.92

{"code": 0, "message": "OK", "request_id": "202501191958505765ED283D2CD13CC378", "data": {}}
2025-01-19T20:05:16+00:00 DEBUG Tt4b_Pixel_Class::inject_add_to_cart_event: hit AddToCart
2025-01-19T20:05:16+00:00 DEBUG POST: https://business-api.tiktok.com/open_api/v1.3/event/track/

{"partner_name":"WooCommerce","event_source":"web","event_source_id":"CSM79Q3C77UAG1T340I0","data":[{"event":"AddToCart","event_id":"678d5afc9015b_tt4b_woocommerce_670666209cf1f_SKU_200","event_time":1737317116,"user":{"ip":"54.36.148.46","user_agent":"Mozilla\/5.0 (compatible; AhrefsBot\/7.0; +http:\/\/ahrefs.com\/robot\/)","locale":"ar","external_id":"0","email":"e3b0c44298fc1c149afbf4c8996fb92427ae41e4649b934ca495991b7852b855","phone_number":"e3b0c44298fc1c149afbf4c8996fb92427ae41e4649b934ca495991b7852b855","first_name":"e3b0c44298fc1c149afbf4c8996fb92427ae41e4649b934ca495991b7852b855","last_name":"e3b0c44298fc1c149afbf4c8996fb92427ae41e4649b934ca495991b7852b855","zip_code":"e3b0c44298fc1c149afbf4c8996fb92427ae41e4649b934ca495991b7852b855"},"properties":{"contents":[{"price":0,"quantity":1,"content_id":"SKU_200","content_name":"\u0637\u0628\u0627\u0639\u0629 \u0628\u0631\u0634\u0648\u0631 \u0645\u0637\u0648\u064a\u0629 A3","description":"\u0628\u0631\u0648\u0634\u0648\u0631 \u0645\u0637\u0648\u064a \u062d\u0633\u0628 \u062a\u0635\u0645\u064a\u0645 \u0627\u0644\u0639\u0645\u064a\u0644 \u0648\u0631\u0642 \u0643\u0648\u0634\u064a\u0647 \u0645\u0637\u0641\u064a 150 \u062c\u0631\u0627\u0645\r\n\u0645\u062f\u0629 \u0627\u0644\u062a\u0646\u0641\u064a\u0630 \u0627\u0644\u0645\u062a\u0648\u0642\u0639\u0629: 1 \u2013 3 \u0623\u064a\u0627\u0645 \u0639\u0645\u0644 \u0628\u0639\u062f \u062a\u0623\u0643\u064a\u062f \u0627\u0644\u0637\u0644\u0628 \u0648\u0627\u0644\u062a\u0635\u0645\u064a\u0645 \u0648\u062d\u0633\u0628 \u0627\u0644\u0643\u0645\u064a\u0629 (\u062a\u0632\u064a\u062f \u0627\u0644\u0645\u062f\u0629 \u0639\u0646\u062f \u0637\u0644\u0628 \u0627\u0644\u0634\u062d\u0646).","availability":"IN_STOCK","sale_price":0,"on_sale":false}],"content_type":"product","currency":"SAR","value":0,"event_trigger_source":"WooCommerce"},"page":{"url":"http:\/\/ibn-sinaa.com\/product\/print-brochure-flyer-a5\/?add-to-cart=200"}}]}
 ajax: no
2025-01-19T20:05:16+00:00 DEBUG Tt4b_Mapi_Class::mapi_post: Response: 

HTTP/1.1 200 OK
Server: nginx
Content-Type: application/json
Content-Length: 92
X-Tt-Logid: 2025011920051691714F88F412215452EE
Server-Timing: inner; dur=27
x-tt-trace-host: 018e5a586174a888928d793bdac74b79b53a1238f90c9d366fdafad424a6081c4a41425a8cb74bfed63571cf4921f2296cd387806fc5abc1e1a67146274f0a6e8cb9626fda8c6d0713a521b06fc0c6204e404e3d95c2aaaa7e8513023d683ea4f0
x-tt-trace-id: 00-25011920051691714F88F412215452EE-27E6E7CB849E8EB5-00
Expires: Sun, 19 Jan 2025 20:05:16 GMT
Cache-Control: max-age=0, no-cache, no-store
Pragma: no-cache
Date: Sun, 19 Jan 2025 20:05:16 GMT
X-Cache: TCP_MISS from a95-101-134-37.deploy.akamaitechnologies.com (AkamaiGHost/11.8.0-1debf780f7d7c834933fa9689361eec6) (-)
Connection: close
x-tt-trace-tag: id=16;cdn-cache=miss;type=dyn
Server-Timing: cdn-cache; desc=MISS, edge; dur=8, origin; dur=110
X-Origin-Response-Time: 110,95.101.134.37
X-Akamai-Request-ID: 109b35

{"code": 0, "message": "OK", "request_id": "2025011920051691714F88F412215452EE", "data": {}}
2025-01-19T20:05:17+00:00 DEBUG POST: https://business-api.tiktok.com/open_api/v1.3/event/track/

{"partner_name":"WooCommerce","event_source":"web","event_source_id":"CSM79Q3C77UAG1T340I0","data":[{"event":"Pageview","event_id":"678d5afd20a1d_tt4b_woocommerce_670666209cf1f","event_time":1737317117,"user":{"ip":"54.36.148.46","user_agent":"Mozilla\/5.0 (compatible; AhrefsBot\/7.0; +http:\/\/ahrefs.com\/robot\/)","locale":"ar","external_id":"0","email":"e3b0c44298fc1c149afbf4c8996fb92427ae41e4649b934ca495991b7852b855","phone_number":"e3b0c44298fc1c149afbf4c8996fb92427ae41e4649b934ca495991b7852b855","first_name":"e3b0c44298fc1c149afbf4c8996fb92427ae41e4649b934ca495991b7852b855","last_name":"e3b0c44298fc1c149afbf4c8996fb92427ae41e4649b934ca495991b7852b855","zip_code":"e3b0c44298fc1c149afbf4c8996fb92427ae41e4649b934ca495991b7852b855"},"page":{"url":"http:\/\/ibn-sinaa.com\/product\/print-brochure-flyer-a5\/?add-to-cart=200"}}]}
 ajax: no
2025-01-19T20:05:17+00:00 DEBUG Tt4b_Mapi_Class::mapi_post: Response: 

HTTP/1.1 200 OK
Server: nginx
Content-Type: application/json
Content-Length: 92
X-Tt-Logid: 202501192005171657E78888714B68907A
x-tt-trace-host: 018e5a586174a888928d793bdac74b79b5b3c46136d344bf46da72cca5a862092e0aaedd5a43a6ab0bc963bbda201c185930a9d1828dff5b35cb6d158fb5a21b23848d381da1b6551cc142ad591d8dce313b60cfe2112ecfc1373533165d3dfe40e8f0ee0721aed4a01c0b1a4a379e270e
x-tt-trace-id: 00-2501192005171657E78888714B68907A-60CA7D6C41097CA1-00
X-Origin-Response-Time: 28,23.52.15.140
X-Akamai-Request-ID: d077c315.c0ce1f4
Expires: Sun, 19 Jan 2025 20:05:17 GMT
Cache-Control: max-age=0, no-cache, no-store
Pragma: no-cache
Date: Sun, 19 Jan 2025 20:05:17 GMT
X-Cache: TCP_MISS from a95-101-134-30.deploy.akamaitechnologies.com (AkamaiGHost/11.8.0-1debf780f7d7c834933fa9689361eec6) (-)
Connection: close
X-Cache-Remote: TCP_MISS from a23-52-15-140.deploy.akamaitechnologies.com (AkamaiGHost/11.8.0-1debf780f7d7c834933fa9689361eec6) (-)
x-tt-trace-tag: id=16;cdn-cache=miss;type=dyn
Server-Timing: cdn-cache; desc=MISS, edge; dur=86, origin; dur=28
Server-Timing: inner; dur=23
X-Parent-Response-Time: 108,95.101.134.30

{"code": 0, "message": "OK", "request_id": "202501192005171657E78888714B68907A", "data": {}}
2025-01-19T20:05:17+00:00 DEBUG Tt4b_Pixel_Class::inject_view_content_event: hit ViewContent
2025-01-19T20:05:17+00:00 DEBUG POST: https://business-api.tiktok.com/open_api/v1.3/event/track/

{"partner_name":"WooCommerce","event_source":"web","event_source_id":"CSM79Q3C77UAG1T340I0","data":[{"event":"ViewContent","event_id":"678d5afd526e3_tt4b_woocommerce_670666209cf1f_SKU_197","event_time":1737317117,"user":{"ip":"54.36.148.46","user_agent":"Mozilla\/5.0 (compatible; AhrefsBot\/7.0; +http:\/\/ahrefs.com\/robot\/)","locale":"ar","external_id":"0","email":"e3b0c44298fc1c149afbf4c8996fb92427ae41e4649b934ca495991b7852b855","phone_number":"e3b0c44298fc1c149afbf4c8996fb92427ae41e4649b934ca495991b7852b855","first_name":"e3b0c44298fc1c149afbf4c8996fb92427ae41e4649b934ca495991b7852b855","last_name":"e3b0c44298fc1c149afbf4c8996fb92427ae41e4649b934ca495991b7852b855","zip_code":"e3b0c44298fc1c149afbf4c8996fb92427ae41e4649b934ca495991b7852b855"},"properties":{"contents":[{"price":0,"quantity":1,"content_id":"SKU_197","content_name":"\u0637\u0628\u0627\u0639\u0629 \u0628\u0631\u0634\u0648\u0631 \u0641\u0644\u0627\u064a\u0631 A5","description":"\u0641\u0644\u0627\u064a\u0631 \u0645\u0642\u0627\u0633 A5 \u0637\u0628\u0627\u0639\u0629 \u0631\u0642\u0645\u064a\u0629 \u0639\u0644\u0649 \u0648\u0631\u0642 \u0643\u0648\u0634\u064a\u0647.\r\n\u0645\u062f\u0629 \u0627\u0644\u062a\u0646\u0641\u064a\u0630 \u0627\u0644\u0645\u062a\u0648\u0642\u0639\u0629: 1 \u2013 3 \u0623\u064a\u0627\u0645 \u0639\u0645\u0644 \u0628\u0639\u062f \u062a\u0623\u0643\u064a\u062f \u0627\u0644\u0637\u0644\u0628 \u0648\u0627\u0644\u062a\u0635\u0645\u064a\u0645 \u0648\u062d\u0633\u0628 \u0627\u0644\u0643\u0645\u064a\u0629 (\u062a\u0632\u064a\u062f \u0627\u0644\u0645\u062f\u0629 \u0639\u0646\u062f \u0637\u0644\u0628 \u0627\u0644\u0634\u062d\u0646).","availability":"IN_STOCK","sale_price":0,"on_sale":false}],"content_type":"product","currency":"SAR","value":0,"event_trigger_source":"WooCommerce"},"page":{"url":"http:\/\/ibn-sinaa.com\/product\/print-brochure-flyer-a5\/?add-to-cart=200"}}]}
 ajax: no
2025-01-19T20:05:17+00:00 DEBUG Tt4b_Mapi_Class::mapi_post: Response: 

HTTP/1.1 200 OK
Server: nginx
Content-Type: application/json
Content-Length: 92
X-Tt-Logid: 2025011920051791714F88F4122154536A
Server-Timing: inner; dur=33
x-tt-trace-host: 018e5a586174a888928d793bdac74b79b53a1238f90c9d366fdafad424a6081c4a41425a8cb74bfed63571cf4921f2296cf6dce49a52ff1f3aafdbefe73bbfa578252a2daf8951f3bd5eee36fb2f83d3b2364604c1107e5263856dcdc312214e24
x-tt-trace-id: 00-25011920051791714F88F4122154536A-4D87958A76A461FF-00
Expires: Sun, 19 Jan 2025 20:05:17 GMT
Cache-Control: max-age=0, no-cache, no-store
Pragma: no-cache
Date: Sun, 19 Jan 2025 20:05:17 GMT
X-Cache: TCP_MISS from a95-101-134-37.deploy.akamaitechnologies.com (AkamaiGHost/11.8.0-1debf780f7d7c834933fa9689361eec6) (-)
Connection: close
x-tt-trace-tag: id=16;cdn-cache=miss;type=dyn
Server-Timing: cdn-cache; desc=MISS, edge; dur=7, origin; dur=117
X-Origin-Response-Time: 118,95.101.134.37
X-Akamai-Request-ID: 10b017

{"code": 0, "message": "OK", "request_id": "2025011920051791714F88F4122154536A", "data": {}}
2025-01-19T20:07:09+00:00 DEBUG Tt4b_Pixel_Class::inject_add_to_cart_event: hit AddToCart
2025-01-19T20:07:09+00:00 DEBUG POST: https://business-api.tiktok.com/open_api/v1.3/event/track/

{"partner_name":"WooCommerce","event_source":"web","event_source_id":"CSM79Q3C77UAG1T340I0","data":[{"event":"AddToCart","event_id":"678d5b6dd96ab_tt4b_woocommerce_670666209cf1f_4428","event_time":1737317229,"user":{"ip":"54.36.148.146","user_agent":"Mozilla\/5.0 (compatible; AhrefsBot\/7.0; +http:\/\/ahrefs.com\/robot\/)","locale":"ar","external_id":"0","email":"e3b0c44298fc1c149afbf4c8996fb92427ae41e4649b934ca495991b7852b855","phone_number":"e3b0c44298fc1c149afbf4c8996fb92427ae41e4649b934ca495991b7852b855","first_name":"e3b0c44298fc1c149afbf4c8996fb92427ae41e4649b934ca495991b7852b855","last_name":"e3b0c44298fc1c149afbf4c8996fb92427ae41e4649b934ca495991b7852b855","zip_code":"e3b0c44298fc1c149afbf4c8996fb92427ae41e4649b934ca495991b7852b855"},"properties":{"contents":[{"price":180,"quantity":1,"content_id":"4428","content_name":"\u062a\u0642\u0648\u064a\u0645 \u0627\u0643\u0631\u064a\u0644\u064a\u0643 \u0627\u0633\u0648\u062f \u0645\u0639 \u062e\u0634\u0628","description":"\u062a\u0642\u0648\u064a\u0645 \u0623\u0643\u0631\u064a\u0644\u064a\u0643 \u0627\u0633\u0648\u062f \u0645\u0639 \u062e\u0634\u0628: \u062a\u0635\u0645\u064a\u0645 \u0639\u0635\u0631\u064a \u0648\u0623\u0646\u064a\u0642\u060c \u0645\u0635\u0646\u0648\u0639 \u0645\u0646 \u0627\u0644\u0623\u0643\u0631\u064a\u0644\u064a\u0643 \u0627\u0644\u0645\u062a\u064a\u0646 \u0628\u0648\u0636\u0648\u062d \u0627\u0633\u062a\u062b\u0646\u0627\u0626\u064a \u0644\u0644\u0643\u062a\u0627\u0628\u0629 \u0648\u0627\u0644\u0631\u0624\u064a\u0629\u060c \u064a\u0636\u064a\u0641 \u0644\u0645\u0633\u0629 \u0645\u0646 \u0627\u0644\u0641\u062e\u0627\u0645\u0629 \u0648\u0627\u0644\u062a\u0646\u0638\u064a\u0645 \u0644\u0645\u0643\u062a\u0628\u0643. \u0645\u062b\u0627\u0644\u064a \u0644\u062a\u0646\u0638\u064a\u0645 \u0627\u0644\u0645\u0648\u0627\u0639\u064a\u062f \u0648\u0627\u0644\u0627\u062c\u062a\u0645\u0627\u0639\u0627\u062a\u060c \u0648\u064a\u0636\u0641\u064a \u062c\u0627\u0630\u0628\u064a\u0629 \u0639\u0644\u0649 \u0645\u0633\u0627\u062d\u0629 \u0627\u0644\u0639\u0645\u0644 \u0627\u0644\u062e\u0627\u0635\u0629 \u0628\u0643.","availability":"IN_STOCK","sale_price":180,"on_sale":false}],"content_type":"product","currency":"SAR","value":180,"event_trigger_source":"WooCommerce"},"page":{"url":"http:\/\/ibn-sinaa.com\/product\/acrylic-calendar-with-wooden-pocket\/?add-to-cart=4428"}}]}
 ajax: no
2025-01-19T20:07:10+00:00 DEBUG Tt4b_Mapi_Class::mapi_post: Response: 

HTTP/1.1 200 OK
Server: nginx
Content-Type: application/json
Content-Length: 92
X-Tt-Logid: 202501192007108E24C660A3BB164B923F
x-tt-trace-host: 011291ccac9bcdd88cf53f55ca8172dbb3620e3976afa26af292a756b15a88f3b03664c90f17c4d1cdeb086161d2fa690a5451a728e23c47d54f250c873bec3576ee84dddd7fe3a3cde9efd0a835f2c394a6ac0b44fad85278ca445ff7f8b2742cb2e5a4478e9579570dc07bd56c9eb962
x-tt-trace-id: 00-2501192007108E24C660A3BB164B923F-0240E1D86195D028-00
X-Origin-Response-Time: 36,23.218.219.56
X-Akamai-Request-ID: 171ad2e8.2df5c1bd
Expires: Sun, 19 Jan 2025 20:07:10 GMT
Cache-Control: max-age=0, no-cache, no-store
Pragma: no-cache
Date: Sun, 19 Jan 2025 20:07:10 GMT
X-Cache: TCP_MISS from a104-90-7-60.deploy.akamaitechnologies.com (AkamaiGHost/11.8.0-1debf780f7d7c834933fa9689361eec6) (-)
Connection: close
X-Cache-Remote: TCP_MISS from a23-218-219-56.deploy.akamaitechnologies.com (AkamaiGHost/11.8.0-1debf780f7d7c834933fa9689361eec6) (-)
x-tt-trace-tag: id=16;cdn-cache=miss;type=dyn
Server-Timing: cdn-cache; desc=MISS, edge; dur=207, origin; dur=36
Server-Timing: inner; dur=32
X-Parent-Response-Time: 237,104.90.7.60

{"code": 0, "message": "OK", "request_id": "202501192007108E24C660A3BB164B923F", "data": {}}
2025-01-19T20:07:11+00:00 DEBUG POST: https://business-api.tiktok.com/open_api/v1.3/event/track/

{"partner_name":"WooCommerce","event_source":"web","event_source_id":"CSM79Q3C77UAG1T340I0","data":[{"event":"Pageview","event_id":"678d5b6f17966_tt4b_woocommerce_670666209cf1f","event_time":1737317231,"user":{"ip":"54.36.148.146","user_agent":"Mozilla\/5.0 (compatible; AhrefsBot\/7.0; +http:\/\/ahrefs.com\/robot\/)","locale":"ar","external_id":"0","email":"e3b0c44298fc1c149afbf4c8996fb92427ae41e4649b934ca495991b7852b855","phone_number":"e3b0c44298fc1c149afbf4c8996fb92427ae41e4649b934ca495991b7852b855","first_name":"e3b0c44298fc1c149afbf4c8996fb92427ae41e4649b934ca495991b7852b855","last_name":"e3b0c44298fc1c149afbf4c8996fb92427ae41e4649b934ca495991b7852b855","zip_code":"e3b0c44298fc1c149afbf4c8996fb92427ae41e4649b934ca495991b7852b855"},"page":{"url":"http:\/\/ibn-sinaa.com\/product\/acrylic-calendar-with-wooden-pocket\/?add-to-cart=4428"}}]}
 ajax: no
2025-01-19T20:07:11+00:00 DEBUG Tt4b_Mapi_Class::mapi_post: Response: 

HTTP/1.1 200 OK
Server: nginx
Content-Type: application/json
Content-Length: 92
X-Tt-Logid: 202501192007118A1AA9888DF0828780E5
x-tt-trace-host: 011291ccac9bcdd88cf53f55ca8172dbb33ed947afc9d1ff2abbaca6ebf9b1e5da1798734e435f6451b6053a2b9921fdfd376749b6a00c548e67c55c00f2d9726ab7adfaee187d78ce4da4216b840a972759eae7c795a04f8550461f4308c915d21069e0aa1818491b8eabfc1b4982ff0e
x-tt-trace-id: 00-2501192007118A1AA9888DF0828780E5-78FC26928C06C52C-00
X-Origin-Response-Time: 28,23.218.219.33
X-Akamai-Request-ID: 1009ecf4.381722c8
Expires: Sun, 19 Jan 2025 20:07:11 GMT
Cache-Control: max-age=0, no-cache, no-store
Pragma: no-cache
Date: Sun, 19 Jan 2025 20:07:11 GMT
X-Cache: TCP_MISS from a104-90-7-15.deploy.akamaitechnologies.com (AkamaiGHost/11.8.0-1debf780f7d7c834933fa9689361eec6) (-)
Connection: close
X-Cache-Remote: TCP_MISS from a23-218-219-33.deploy.akamaitechnologies.com (AkamaiGHost/11.8.0-1debf780f7d7c834933fa9689361eec6) (-)
x-tt-trace-tag: id=16;cdn-cache=miss;type=dyn
Server-Timing: cdn-cache; desc=MISS, edge; dur=206, origin; dur=28
Server-Timing: inner; dur=25
X-Parent-Response-Time: 230,104.90.7.15

{"code": 0, "message": "OK", "request_id": "202501192007118A1AA9888DF0828780E5", "data": {}}
2025-01-19T20:07:12+00:00 DEBUG Tt4b_Pixel_Class::inject_view_content_event: hit ViewContent
2025-01-19T20:07:12+00:00 DEBUG POST: https://business-api.tiktok.com/open_api/v1.3/event/track/

{"partner_name":"WooCommerce","event_source":"web","event_source_id":"CSM79Q3C77UAG1T340I0","data":[{"event":"ViewContent","event_id":"678d5b700461c_tt4b_woocommerce_670666209cf1f_4426","event_time":1737317232,"user":{"ip":"54.36.148.146","user_agent":"Mozilla\/5.0 (compatible; AhrefsBot\/7.0; +http:\/\/ahrefs.com\/robot\/)","locale":"ar","external_id":"0","email":"e3b0c44298fc1c149afbf4c8996fb92427ae41e4649b934ca495991b7852b855","phone_number":"e3b0c44298fc1c149afbf4c8996fb92427ae41e4649b934ca495991b7852b855","first_name":"e3b0c44298fc1c149afbf4c8996fb92427ae41e4649b934ca495991b7852b855","last_name":"e3b0c44298fc1c149afbf4c8996fb92427ae41e4649b934ca495991b7852b855","zip_code":"e3b0c44298fc1c149afbf4c8996fb92427ae41e4649b934ca495991b7852b855"},"properties":{"contents":[{"price":180,"quantity":1,"content_id":"4426","content_name":"\u062a\u0642\u0648\u064a\u0645 \u0627\u0643\u0631\u064a\u0644\u064a\u0643 \u0645\u0639 \u062c\u064a\u0628 \u062e\u0634\u0628","description":"\u062a\u0642\u0648\u064a\u0645 \u0623\u0643\u0631\u064a\u0644\u064a\u0643 \u0645\u0639 \u062c\u064a\u0628 \u062e\u0634\u0628: \u062a\u0635\u0645\u064a\u0645 \u0639\u0635\u0631\u064a \u0648\u0623\u0646\u064a\u0642\u060c \u0645\u0635\u0646\u0648\u0639 \u0645\u0646 \u0627\u0644\u0623\u0643\u0631\u064a\u0644\u064a\u0643 \u0627\u0644\u0645\u062a\u064a\u0646 \u0628\u0648\u0636\u0648\u062d \u0627\u0633\u062a\u062b\u0646\u0627\u0626\u064a \u0644\u0644\u0643\u062a\u0627\u0628\u0629 \u0648\u0627\u0644\u0631\u0624\u064a\u0629\u060c \u064a\u0636\u064a\u0641 \u0644\u0645\u0633\u0629 \u0645\u0646 \u0627\u0644\u0641\u062e\u0627\u0645\u0629 \u0648\u0627\u0644\u062a\u0646\u0638\u064a\u0645 \u0644\u0645\u0643\u062a\u0628\u0643. \u0645\u062b\u0627\u0644\u064a \u0644\u062a\u0646\u0638\u064a\u0645 \u0627\u0644\u0645\u0648\u0627\u0639\u064a\u062f \u0648\u0627\u0644\u0627\u062c\u062a\u0645\u0627\u0639\u0627\u062a\u060c \u0648\u064a\u0636\u0641\u064a \u062c\u0627\u0630\u0628\u064a\u0629 \u0639\u0644\u0649 \u0645\u0633\u0627\u062d\u0629 \u0627\u0644\u0639\u0645\u0644 \u0627\u0644\u062e\u0627\u0635\u0629 \u0628\u0643.","availability":"IN_STOCK","sale_price":180,"on_sale":false}],"content_type":"product","currency":"SAR","value":180,"event_trigger_source":"WooCommerce"},"page":{"url":"http:\/\/ibn-sinaa.com\/product\/acrylic-calendar-with-wooden-pocket\/?add-to-cart=4428"}}]}
 ajax: no
2025-01-19T20:07:12+00:00 DEBUG Tt4b_Mapi_Class::mapi_post: Response: 

HTTP/1.1 200 OK
Server: nginx
Content-Type: application/json
Content-Length: 92
X-Tt-Logid: 20250119200712221F074B21DB154BF7DF
x-tt-trace-host: 011291ccac9bcdd88cf53f55ca8172dbb3620e3976afa26af292a756b15a88f3b041da66f1a57f0a85f6d7c0e78e7e0e66d2ca47577eae97176da0947d42b42c521f931f7b7dd4bcb93cab82eedd1cb231d9ea5cae568044b4c68df6e96a0b64f22cbcdaa7ea25b797d529f564e9cbddc1
x-tt-trace-id: 00-250119200712221F074B21DB154BF7DF-58AB90BC67F80C6E-00
X-Origin-Response-Time: 56,23.218.219.32
X-Akamai-Request-ID: dfa2555.2df5ce16
Expires: Sun, 19 Jan 2025 20:07:12 GMT
Cache-Control: max-age=0, no-cache, no-store
Pragma: no-cache
Date: Sun, 19 Jan 2025 20:07:12 GMT
X-Cache: TCP_MISS from a104-90-7-60.deploy.akamaitechnologies.com (AkamaiGHost/11.8.0-1debf780f7d7c834933fa9689361eec6) (-)
Connection: close
X-Cache-Remote: TCP_MISS from a23-218-219-32.deploy.akamaitechnologies.com (AkamaiGHost/11.8.0-1debf780f7d7c834933fa9689361eec6) (-)
x-tt-trace-tag: id=16;cdn-cache=miss;type=dyn
Server-Timing: cdn-cache; desc=MISS, edge; dur=204, origin; dur=55
Server-Timing: inner; dur=50
X-Parent-Response-Time: 253,104.90.7.60

{"code": 0, "message": "OK", "request_id": "20250119200712221F074B21DB154BF7DF", "data": {}}
2025-01-19T20:09:20+00:00 DEBUG POST: https://business-api.tiktok.com/open_api/v1.3/event/track/

{"partner_name":"WooCommerce","event_source":"web","event_source_id":"CSM79Q3C77UAG1T340I0","data":[{"event":"Pageview","event_id":"678d5bf022810_tt4b_woocommerce_670666209cf1f","event_time":1737317360,"user":{"ip":"54.36.148.215","user_agent":"Mozilla\/5.0 (compatible; AhrefsBot\/7.0; +http:\/\/ahrefs.com\/robot\/)","locale":"ar","external_id":"0","email":"e3b0c44298fc1c149afbf4c8996fb92427ae41e4649b934ca495991b7852b855","phone_number":"e3b0c44298fc1c149afbf4c8996fb92427ae41e4649b934ca495991b7852b855","first_name":"e3b0c44298fc1c149afbf4c8996fb92427ae41e4649b934ca495991b7852b855","last_name":"e3b0c44298fc1c149afbf4c8996fb92427ae41e4649b934ca495991b7852b855","zip_code":"e3b0c44298fc1c149afbf4c8996fb92427ae41e4649b934ca495991b7852b855"},"page":{"url":"http:\/\/www.ibn-sinaa.com\/product-category\/print-occasions\/"}}]}
 ajax: no
2025-01-19T20:09:20+00:00 DEBUG Tt4b_Mapi_Class::mapi_post: Response: 

HTTP/1.1 200 OK
Server: nginx
Content-Type: application/json
Content-Length: 92
X-Tt-Logid: 2025011920092026811FE95C40B488ECD3
x-tt-trace-host: 018e5a586174a888928d793bdac74b79b5e700587fe39153d955d7444df1af3be5894c07310f86a3c6e59b84f45cc64cac5bf2166aaa173cd82748263ae9a30f962ca0a9bd6efcd66f2f28be2e8e4b0b9419e5122375bbc5256f4c51f4eb0b0bfa65001c5f88830093b0e76d4f8ecf8138
x-tt-trace-id: 00-25011920092026811FE95C40B488ECD3-33D140C03E7C601C-00
X-Origin-Response-Time: 29,23.218.219.13
X-Akamai-Request-ID: 29a50a50.b3f8bf6
Expires: Sun, 19 Jan 2025 20:09:20 GMT
Cache-Control: max-age=0, no-cache, no-store
Pragma: no-cache
Date: Sun, 19 Jan 2025 20:09:20 GMT
X-Cache: TCP_MISS from a95-101-134-94.deploy.akamaitechnologies.com (AkamaiGHost/11.8.0-1debf780f7d7c834933fa9689361eec6) (-)
Connection: close
X-Cache-Remote: TCP_MISS from a23-218-219-13.deploy.akamaitechnologies.com (AkamaiGHost/11.8.0-1debf780f7d7c834933fa9689361eec6) (-)
x-tt-trace-tag: id=16;cdn-cache=miss;type=dyn
Server-Timing: cdn-cache; desc=MISS, edge; dur=125, origin; dur=29
Server-Timing: inner; dur=25
X-Parent-Response-Time: 126,95.101.134.94

{"code": 0, "message": "OK", "request_id": "2025011920092026811FE95C40B488ECD3", "data": {}}
2025-01-19T20:09:47+00:00 DEBUG POST: https://business-api.tiktok.com/open_api/v1.3/event/track/

{"partner_name":"WooCommerce","event_source":"web","event_source_id":"CSM79Q3C77UAG1T340I0","data":[{"event":"Pageview","event_id":"678d5c0b11b8e_tt4b_woocommerce_670666209cf1f","event_time":1737317387,"user":{"ip":"78.95.45.126","user_agent":"Mozilla\/5.0 (iPhone; CPU iPhone OS 18_3 like Mac OS X) AppleWebKit\/605.1.15 (KHTML, like Gecko) GSA\/346.1.704810410 Mobile\/15E148 Safari\/604.1","locale":"ar","external_id":"0","email":"e3b0c44298fc1c149afbf4c8996fb92427ae41e4649b934ca495991b7852b855","phone_number":"e3b0c44298fc1c149afbf4c8996fb92427ae41e4649b934ca495991b7852b855","first_name":"e3b0c44298fc1c149afbf4c8996fb92427ae41e4649b934ca495991b7852b855","last_name":"e3b0c44298fc1c149afbf4c8996fb92427ae41e4649b934ca495991b7852b855","zip_code":"e3b0c44298fc1c149afbf4c8996fb92427ae41e4649b934ca495991b7852b855"},"page":{"url":"http:\/\/www.ibn-sinaa.com\/?s=%D8%A7%D9%84%D8%AA%D8%B9%D9%84%D9%8A%D9%82+%D8%A7%D9%84%D9%85%D9%82%D9%86%D8%B9+%D8%B9%D9%84%D9%8A+%D8%B2%D8%A7%D8%AF+%D8%A7%D9%84%D9%85%D8%B3%D8%AA%D9%82%D9%86%D8%B9","referrer":"https:\/\/www.ibn-sinaa.com\/"}}]}
 ajax: no
2025-01-19T20:09:47+00:00 DEBUG Tt4b_Mapi_Class::mapi_post: Response: 

HTTP/1.1 200 OK
Server: nginx
Content-Type: application/json
Content-Length: 92
X-Tt-Logid: 20250119200947B5FE7307DE3DC53D37DC
Server-Timing: inner; dur=29
x-tt-trace-host: 018e5a586174a888928d793bdac74b79b54a6bc2bb5944ae517554d983961f0ab5812bc2b5ae6f247e7a34a0aa785128ebe046936d756bf6d36f8afb6ea7daf7b3d458ada2c169abced23c414c5bf0e7ebb038ecc2a2a380700d65c18ac770b3fe
x-tt-trace-id: 00-250119200947B5FE7307DE3DC53D37DC-17F0691784A066B8-00
Expires: Sun, 19 Jan 2025 20:09:47 GMT
Cache-Control: max-age=0, no-cache, no-store
Pragma: no-cache
Date: Sun, 19 Jan 2025 20:09:47 GMT
X-Cache: TCP_MISS from a95-101-134-103.deploy.akamaitechnologies.com (AkamaiGHost/11.8.0-1debf780f7d7c834933fa9689361eec6) (-)
Connection: close
x-tt-trace-tag: id=16;cdn-cache=miss;type=dyn
Server-Timing: cdn-cache; desc=MISS, edge; dur=4, origin; dur=109
X-Origin-Response-Time: 109,95.101.134.103
X-Akamai-Request-ID: 3fe3a9

{"code": 0, "message": "OK", "request_id": "20250119200947B5FE7307DE3DC53D37DC", "data": {}}
2025-01-19T20:11:50+00:00 DEBUG Tt4b_Pixel_Class::inject_add_to_cart_event: hit AddToCart
2025-01-19T20:11:50+00:00 DEBUG POST: https://business-api.tiktok.com/open_api/v1.3/event/track/

{"partner_name":"WooCommerce","event_source":"web","event_source_id":"CSM79Q3C77UAG1T340I0","data":[{"event":"AddToCart","event_id":"678d5c8687b33_tt4b_woocommerce_670666209cf1f_4125","event_time":1737317510,"user":{"ip":"54.36.148.209","user_agent":"Mozilla\/5.0 (compatible; AhrefsBot\/7.0; +http:\/\/ahrefs.com\/robot\/)","locale":"ar","external_id":"0","email":"e3b0c44298fc1c149afbf4c8996fb92427ae41e4649b934ca495991b7852b855","phone_number":"e3b0c44298fc1c149afbf4c8996fb92427ae41e4649b934ca495991b7852b855","first_name":"e3b0c44298fc1c149afbf4c8996fb92427ae41e4649b934ca495991b7852b855","last_name":"e3b0c44298fc1c149afbf4c8996fb92427ae41e4649b934ca495991b7852b855","zip_code":"e3b0c44298fc1c149afbf4c8996fb92427ae41e4649b934ca495991b7852b855"},"properties":{"contents":[{"price":65,"quantity":1,"content_id":"4125","content_name":"\u0633\u062c\u0644\u0627\u062a \u0645\u0627\u062f\u0629 \u0627\u0644\u0641\u064a\u0632\u064a\u0627\u0621","description":". \u0637\u0628\u0627\u0639\u0647 \u0633\u062c\u0644\u0627\u062a \u0645\u062f\u0631\u0633\u064a\u0629 \u0627\u062d\u062a\u0631\u0627\u0641\u064a\u0629 \u062e\u0627\u0645\u062a\u0647\u0627 \u0643\u0631\u062a\u0648\u0646 2000 \u062c\u0631\u0627\u0645,\u062a\u0636\u0627\u0641 \u0637\u0628\u0642\u0629 \u062d\u0645\u0627\u064a\u0647 \u0627\u0633\u062a\u064a\u0643\u0631 \u0645\u0639 \u0633\u0644\u0648\u0641\u0627\u0646 \u0644\u0627\u0645\u0639.\r\n. \u0645\u062a\u0648\u0641\u0631 \u0628 \u0627\u062d\u062c\u0627\u0645 \u0645\u062e\u062a\u0644\u0641\u0647 ( \u0635\u063a\u064a\u0631, \u0648\u0633\u0637 , \u0643\u0628\u064a\u0631 ).\r\n. \u064a\u062a\u0633\u0639 \u0627\u0644\u0645\u0642\u0627\u0633 \u0627\u0644\u0635\u063a\u064a\u0631 ( \u0645\u0646 50 \u0627\u0644\u0649 150 \u0648\u0631\u0642\u0629 )\r\n. \u064a\u062a\u0633\u0639 \u0627\u0644\u0648\u0633\u0637 ( \u0645\u0646 150 \u0627\u0644\u0649 300 \u0648\u0631\u0642\u0629 )\r\n. \u0627\u0644\u0643\u0628\u064a\u0631 ( \u0645\u0646 300 \u0627\u0644\u0649 400 \u0648\u0631\u0642\u0629 ).\r\n. \u0645\u062f\u0629 \u0627\u0644\u062a\u0646\u0641\u064a\u0630 : 3-5 \u0627\u064a\u0627\u0645 \u0648\u062a\u0632\u064a\u062f \u0627\u0644\u0645\u062f\u0629 \u0639\u0646 \u0637\u0644\u0628 \u0627\u0644\u0634\u062d\u0646.","availability":"IN_STOCK","sale_price":65,"on_sale":false}],"content_type":"product","currency":"SAR","value":65,"event_trigger_source":"WooCommerce"},"page":{"url":"http:\/\/www.ibn-sinaa.com\/product\/school-records-physical-education\/?add-to-cart=4125"}}]}
 ajax: no
2025-01-19T20:11:50+00:00 DEBUG Tt4b_Mapi_Class::mapi_post: Response: 

HTTP/1.1 200 OK
Server: nginx
Content-Type: application/json
Content-Length: 92
X-Tt-Logid: 202501192011507AC7EBB450868A43BB68
x-tt-trace-host: 018e5a586174a888928d793bdac74b79b56517d7628cf0ffdff56b078ad2cf56151c0dc832fe7aca1087c30caeb1d7714bf3eadafa9d4fa3eee09a84e8be53a253c0277aa48af46448ec8be21d794d022542668e2d1d0e2c2873ceffe1607437bd34207f6c7265610af92ee3ebc0a00172
x-tt-trace-id: 00-2501192011507AC7EBB450868A43BB68-0739FDD07803F56F-00
X-Origin-Response-Time: 96,23.213.246.228
X-Akamai-Request-ID: 4e45c866.ac8da12
Expires: Sun, 19 Jan 2025 20:11:50 GMT
Cache-Control: max-age=0, no-cache, no-store
Pragma: no-cache
Date: Sun, 19 Jan 2025 20:11:50 GMT
X-Cache: TCP_MISS from a95-101-134-92.deploy.akamaitechnologies.com (AkamaiGHost/11.8.0-1debf780f7d7c834933fa9689361eec6) (-)
Connection: close
X-Cache-Remote: TCP_MISS from a23-213-246-228.deploy.akamaitechnologies.com (AkamaiGHost/11.8.0-1debf780f7d7c834933fa9689361eec6) (-)
x-tt-trace-tag: id=16;cdn-cache=miss;type=dyn
Server-Timing: cdn-cache; desc=MISS, edge; dur=91, origin; dur=96
Server-Timing: inner; dur=86
X-Parent-Response-Time: 177,95.101.134.92

{"code": 0, "message": "OK", "request_id": "202501192011507AC7EBB450868A43BB68", "data": {}}
2025-01-19T20:11:51+00:00 DEBUG POST: https://business-api.tiktok.com/open_api/v1.3/event/track/

{"partner_name":"WooCommerce","event_source":"web","event_source_id":"CSM79Q3C77UAG1T340I0","data":[{"event":"Pageview","event_id":"678d5c8721d5b_tt4b_woocommerce_670666209cf1f","event_time":1737317511,"user":{"ip":"54.36.148.209","user_agent":"Mozilla\/5.0 (compatible; AhrefsBot\/7.0; +http:\/\/ahrefs.com\/robot\/)","locale":"ar","external_id":"0","email":"e3b0c44298fc1c149afbf4c8996fb92427ae41e4649b934ca495991b7852b855","phone_number":"e3b0c44298fc1c149afbf4c8996fb92427ae41e4649b934ca495991b7852b855","first_name":"e3b0c44298fc1c149afbf4c8996fb92427ae41e4649b934ca495991b7852b855","last_name":"e3b0c44298fc1c149afbf4c8996fb92427ae41e4649b934ca495991b7852b855","zip_code":"e3b0c44298fc1c149afbf4c8996fb92427ae41e4649b934ca495991b7852b855"},"page":{"url":"http:\/\/www.ibn-sinaa.com\/product\/school-records-physical-education\/?add-to-cart=4125"}}]}
 ajax: no
2025-01-19T20:11:51+00:00 DEBUG Tt4b_Mapi_Class::mapi_post: Response: 

HTTP/1.1 200 OK
Server: nginx
Content-Type: application/json
Content-Length: 92
X-Tt-Logid: 202501192011516D4B7F5C2A201F3E9B20
x-tt-trace-host: 018e5a586174a888928d793bdac74b79b56517d7628cf0ffdff56b078ad2cf56153c28e32c84b20847f792ee9dd8fbaa32d7a209d67bd33f5c80a4bd5ddfc9e68cc51e3dd9e105254754776e15fad3b9c5b91d9c58a417059700fc931b1d4ea238aa42af1978e45094e04f763911eb7706
x-tt-trace-id: 00-2501192011516D4B7F5C2A201F3E9B20-42D5FBB02DFDC362-00
X-Origin-Response-Time: 30,23.218.219.48
X-Akamai-Request-ID: 7ff531d.ac8f7b7
Expires: Sun, 19 Jan 2025 20:11:51 GMT
Cache-Control: max-age=0, no-cache, no-store
Pragma: no-cache
Date: Sun, 19 Jan 2025 20:11:51 GMT
X-Cache: TCP_MISS from a95-101-134-92.deploy.akamaitechnologies.com (AkamaiGHost/11.8.0-1debf780f7d7c834933fa9689361eec6) (-)
Connection: close
X-Cache-Remote: TCP_MISS from a23-218-219-48.deploy.akamaitechnologies.com (AkamaiGHost/11.8.0-1debf780f7d7c834933fa9689361eec6) (-)
x-tt-trace-tag: id=16;cdn-cache=miss;type=dyn
Server-Timing: cdn-cache; desc=MISS, edge; dur=91, origin; dur=30
Server-Timing: inner; dur=26
X-Parent-Response-Time: 115,95.101.134.92

{"code": 0, "message": "OK", "request_id": "202501192011516D4B7F5C2A201F3E9B20", "data": {}}
2025-01-19T20:11:51+00:00 DEBUG Tt4b_Pixel_Class::inject_view_content_event: hit ViewContent
2025-01-19T20:11:51+00:00 DEBUG POST: https://business-api.tiktok.com/open_api/v1.3/event/track/

{"partner_name":"WooCommerce","event_source":"web","event_source_id":"CSM79Q3C77UAG1T340I0","data":[{"event":"ViewContent","event_id":"678d5c875a8c3_tt4b_woocommerce_670666209cf1f_4097","event_time":1737317511,"user":{"ip":"54.36.148.209","user_agent":"Mozilla\/5.0 (compatible; AhrefsBot\/7.0; +http:\/\/ahrefs.com\/robot\/)","locale":"ar","external_id":"0","email":"e3b0c44298fc1c149afbf4c8996fb92427ae41e4649b934ca495991b7852b855","phone_number":"e3b0c44298fc1c149afbf4c8996fb92427ae41e4649b934ca495991b7852b855","first_name":"e3b0c44298fc1c149afbf4c8996fb92427ae41e4649b934ca495991b7852b855","last_name":"e3b0c44298fc1c149afbf4c8996fb92427ae41e4649b934ca495991b7852b855","zip_code":"e3b0c44298fc1c149afbf4c8996fb92427ae41e4649b934ca495991b7852b855"},"properties":{"contents":[{"price":65,"quantity":1,"content_id":"4097","content_name":"\u0633\u062c\u0644\u0627\u062a \u0645\u0627\u062f\u0629 \u0627\u0644\u062a\u0631\u0628\u064a\u0629 \u0627\u0644\u0628\u062f\u0646\u064a\u0629","description":". \u0637\u0628\u0627\u0639\u0647 \u0633\u062c\u0644\u0627\u062a \u0645\u062f\u0631\u0633\u064a\u0629 \u0627\u062d\u062a\u0631\u0627\u0641\u064a\u0629 \u062e\u0627\u0645\u062a\u0647\u0627 \u0643\u0631\u062a\u0648\u0646 2000 \u062c\u0631\u0627\u0645,\u062a\u0636\u0627\u0641 \u0637\u0628\u0642\u0629 \u062d\u0645\u0627\u064a\u0647 \u0627\u0633\u062a\u064a\u0643\u0631 \u0645\u0639 \u0633\u0644\u0648\u0641\u0627\u0646 \u0644\u0627\u0645\u0639.\r\n. \u0645\u062a\u0648\u0641\u0631 \u0628 \u0627\u062d\u062c\u0627\u0645 \u0645\u062e\u062a\u0644\u0641\u0647 ( \u0635\u063a\u064a\u0631, \u0648\u0633\u0637 , \u0643\u0628\u064a\u0631 ).\r\n. \u064a\u062a\u0633\u0639 \u0627\u0644\u0645\u0642\u0627\u0633 \u0627\u0644\u0635\u063a\u064a\u0631 ( \u0645\u0646 50 \u0627\u0644\u0649 150 \u0648\u0631\u0642\u0629 )\r\n. \u064a\u062a\u0633\u0639 \u0627\u0644\u0648\u0633\u0637 ( \u0645\u0646 150 \u0627\u0644\u0649 300 \u0648\u0631\u0642\u0629 )\r\n. \u0627\u0644\u0643\u0628\u064a\u0631 ( \u0645\u0646 300 \u0627\u0644\u0649 400 \u0648\u0631\u0642\u0629 ).\r\n. \u0645\u062f\u0629 \u0627\u0644\u062a\u0646\u0641\u064a\u0630 : 3-5 \u0627\u064a\u0627\u0645 \u0648\u062a\u0632\u064a\u062f \u0627\u0644\u0645\u062f\u0629 \u0639\u0646 \u0637\u0644\u0628 \u0627\u0644\u0634\u062d\u0646.","availability":"IN_STOCK","sale_price":65,"on_sale":false}],"content_type":"product","currency":"SAR","value":65,"event_trigger_source":"WooCommerce"},"page":{"url":"http:\/\/www.ibn-sinaa.com\/product\/school-records-physical-education\/?add-to-cart=4125"}}]}
 ajax: no
2025-01-19T20:11:51+00:00 DEBUG Tt4b_Mapi_Class::mapi_post: Response: 

HTTP/1.1 200 OK
Server: nginx
Content-Type: application/json
Content-Length: 92
X-Tt-Logid: 2025011920115178A3C5C0A6CC663E7966
Server-Timing: inner; dur=31
x-tt-trace-host: 018e5a586174a888928d793bdac74b79b53a1238f90c9d366fdafad424a6081c4a80a9585b600feee713899649053949b5c0a3f4474b6ab14d0af3a2d66b6f2d1867ebdfb90466f75e2bf494ffa08fd59db0a42eaa3af961c158c86e1260f7714a
x-tt-trace-id: 00-25011920115178A3C5C0A6CC663E7966-46B1E6700DA223AF-00
Expires: Sun, 19 Jan 2025 20:11:51 GMT
Cache-Control: max-age=0, no-cache, no-store
Pragma: no-cache
Date: Sun, 19 Jan 2025 20:11:51 GMT
X-Cache: TCP_MISS from a95-101-134-37.deploy.akamaitechnologies.com (AkamaiGHost/11.8.0-1debf780f7d7c834933fa9689361eec6) (-)
Connection: close
x-tt-trace-tag: id=16;cdn-cache=miss;type=dyn
Server-Timing: cdn-cache; desc=MISS, edge; dur=8, origin; dur=110
X-Origin-Response-Time: 110,95.101.134.37
X-Akamai-Request-ID: 4a0049

{"code": 0, "message": "OK", "request_id": "2025011920115178A3C5C0A6CC663E7966", "data": {}}
2025-01-19T20:12:06+00:00 DEBUG POST: https://business-api.tiktok.com/open_api/v1.3/event/track/

{"partner_name":"WooCommerce","event_source":"web","event_source_id":"CSM79Q3C77UAG1T340I0","data":[{"event":"Pageview","event_id":"678d5c96dcac4_tt4b_woocommerce_670666209cf1f","event_time":1737317526,"user":{"ip":"66.249.79.163","user_agent":"Mozilla\/5.0 (Linux; Android 6.0.1; Nexus 5X Build\/MMB29P) AppleWebKit\/537.36 (KHTML, like Gecko) Chrome\/132.0.6834.83 Mobile Safari\/537.36 (compatible; Googlebot\/2.1; +http:\/\/www.google.com\/bot.html)","locale":"ar","external_id":"0","email":"e3b0c44298fc1c149afbf4c8996fb92427ae41e4649b934ca495991b7852b855","phone_number":"e3b0c44298fc1c149afbf4c8996fb92427ae41e4649b934ca495991b7852b855","first_name":"e3b0c44298fc1c149afbf4c8996fb92427ae41e4649b934ca495991b7852b855","last_name":"e3b0c44298fc1c149afbf4c8996fb92427ae41e4649b934ca495991b7852b855","zip_code":"e3b0c44298fc1c149afbf4c8996fb92427ae41e4649b934ca495991b7852b855"},"page":{"url":"http:\/\/ibn-sinaa.com\/product\/small-office-media\/"}}]}
 ajax: no
2025-01-19T20:12:07+00:00 DEBUG Tt4b_Mapi_Class::mapi_post: Response: 

HTTP/1.1 200 OK
Server: nginx
Content-Type: application/json
Content-Length: 92
X-Tt-Logid: 20250119201207E4F7971B6C137A62650A
x-tt-trace-host: 018e5a586174a888928d793bdac74b79b5e700587fe39153d955d7444df1af3be5a23d93d97ea7c51d67677a6a713170a2bc2fed6ef97a2ee1368014d03090e741d05c72f570fdd43c773c2b6d53bc032ff9b6fd8e3ec7616f1355ed0f60dcd2a62c5ba63d08e45e07c63cc4b5f077f94b
x-tt-trace-id: 00-250119201207E4F7971B6C137A62650A-10EBAB9260CDFD36-00
X-Origin-Response-Time: 36,23.218.219.26
X-Akamai-Request-ID: c8057fd.b5c2860
Expires: Sun, 19 Jan 2025 20:12:07 GMT
Cache-Control: max-age=0, no-cache, no-store
Pragma: no-cache
Date: Sun, 19 Jan 2025 20:12:07 GMT
X-Cache: TCP_MISS from a95-101-134-94.deploy.akamaitechnologies.com (AkamaiGHost/11.8.0-1debf780f7d7c834933fa9689361eec6) (-)
Connection: close
X-Cache-Remote: TCP_MISS from a23-218-219-26.deploy.akamaitechnologies.com (AkamaiGHost/11.8.0-1debf780f7d7c834933fa9689361eec6) (-)
x-tt-trace-tag: id=16;cdn-cache=miss;type=dyn
Server-Timing: cdn-cache; desc=MISS, edge; dur=85, origin; dur=35
Server-Timing: inner; dur=31
X-Parent-Response-Time: 116,95.101.134.94

{"code": 0, "message": "OK", "request_id": "20250119201207E4F7971B6C137A62650A", "data": {}}
2025-01-19T20:12:07+00:00 DEBUG Tt4b_Pixel_Class::inject_view_content_event: hit ViewContent
2025-01-19T20:12:07+00:00 DEBUG POST: https://business-api.tiktok.com/open_api/v1.3/event/track/

{"partner_name":"WooCommerce","event_source":"web","event_source_id":"CSM79Q3C77UAG1T340I0","data":[{"event":"ViewContent","event_id":"678d5c9720c4c_tt4b_woocommerce_670666209cf1f_4362","event_time":1737317527,"user":{"ip":"66.249.79.163","user_agent":"Mozilla\/5.0 (Linux; Android 6.0.1; Nexus 5X Build\/MMB29P) AppleWebKit\/537.36 (KHTML, like Gecko) Chrome\/132.0.6834.83 Mobile Safari\/537.36 (compatible; Googlebot\/2.1; +http:\/\/www.google.com\/bot.html)","locale":"ar","external_id":"0","email":"e3b0c44298fc1c149afbf4c8996fb92427ae41e4649b934ca495991b7852b855","phone_number":"e3b0c44298fc1c149afbf4c8996fb92427ae41e4649b934ca495991b7852b855","first_name":"e3b0c44298fc1c149afbf4c8996fb92427ae41e4649b934ca495991b7852b855","last_name":"e3b0c44298fc1c149afbf4c8996fb92427ae41e4649b934ca495991b7852b855","zip_code":"e3b0c44298fc1c149afbf4c8996fb92427ae41e4649b934ca495991b7852b855"},"properties":{"contents":[{"price":80,"quantity":1,"content_id":"4362","content_name":"\u0627\u0639\u0644\u0627\u0645 \u0645\u0643\u062a\u0628\u064a\u0629 \u0635\u063a\u064a\u0631\u0629","description":"\u0623\u0639\u0644\u0627\u0645 \u0645\u0643\u062a\u0628\u064a\u0629 \u0635\u063a\u064a\u0631\u0629: \u0645\u062b\u0627\u0644\u064a\u0629 \u0644\u062a\u0632\u064a\u064a\u0646 \u0627\u0644\u0645\u0643\u062a\u0628 \u0628\u0644\u0645\u0633\u0629 \u0623\u0646\u064a\u0642\u0629 \u0648\u0641\u0627\u062e\u0631\u0629. \u0645\u0635\u0646\u0648\u0639\u0629 \u0645\u0646 \u0645\u0648\u0627\u062f \u0645\u062a\u064a\u0646\u0629 \u0648\u0628\u0623\u0644\u0648\u0627\u0646 \u0632\u0627\u0647\u064a\u0629\u060c \u062a\u0636\u064a\u0641 \u062c\u0627\u0630\u0628\u064a\u0629 \u0645\u0645\u064a\u0632\u0629 \u0644\u0623\u064a \u0645\u0633\u0627\u062d\u0629 \u0645\u0643\u062a\u0628\u064a\u0629 \u062f\u0648\u0646 \u0634\u063a\u0644 \u062d\u064a\u0632 \u0643\u0628\u064a\u0631. \u0645\u062b\u0627\u0644\u064a\u0629 \u0644\u0644\u0627\u062c\u062a\u0645\u0627\u0639\u0627\u062a\u060c \u0627\u0644\u0645\u0624\u062a\u0645\u0631\u0627\u062a\u060c \u0648\u0627\u0644\u0647\u062f\u0627\u064a\u0627 \u0627\u0644\u0641\u0627\u062e\u0631\u0629.","availability":"IN_STOCK","sale_price":80,"on_sale":false}],"content_type":"product","currency":"SAR","value":80,"event_trigger_source":"WooCommerce"},"page":{"url":"http:\/\/ibn-sinaa.com\/product\/small-office-media\/"}}]}
 ajax: no
2025-01-19T20:12:07+00:00 DEBUG Tt4b_Mapi_Class::mapi_post: Response: 

HTTP/1.1 200 OK
Server: nginx
Content-Type: application/json
Content-Length: 92
X-Tt-Logid: 20250119201207CF7D7DDF3F7A61553B42
Server-Timing: inner; dur=33
x-tt-trace-host: 018e5a586174a888928d793bdac74b79b53a1238f90c9d366fdafad424a6081c4aa41afbd384ee849fbaa28fb74abb249895fd29d25d8f6e1357247a10191212cb90563f9229a8356bc694b073fd14ef4c3137cad9cfbfd3568aa6e1b67beaeb5c
x-tt-trace-id: 00-250119201207CF7D7DDF3F7A61553B42-4BFD1D1E8AA02324-00
Expires: Sun, 19 Jan 2025 20:12:07 GMT
Cache-Control: max-age=0, no-cache, no-store
Pragma: no-cache
Date: Sun, 19 Jan 2025 20:12:07 GMT
X-Cache: TCP_MISS from a95-101-134-37.deploy.akamaitechnologies.com (AkamaiGHost/11.8.0-1debf780f7d7c834933fa9689361eec6) (-)
Connection: close
x-tt-trace-tag: id=16;cdn-cache=miss;type=dyn
Server-Timing: cdn-cache; desc=MISS, edge; dur=8, origin; dur=115
X-Origin-Response-Time: 115,95.101.134.37
X-Akamai-Request-ID: 4c8d9f

{"code": 0, "message": "OK", "request_id": "20250119201207CF7D7DDF3F7A61553B42", "data": {}}
2025-01-19T20:14:27+00:00 DEBUG POST: https://business-api.tiktok.com/open_api/v1.3/event/track/

{"partner_name":"WooCommerce","event_source":"web","event_source_id":"CSM79Q3C77UAG1T340I0","data":[{"event":"Pageview","event_id":"678d5d23b2ccf_tt4b_woocommerce_670666209cf1f","event_time":1737317667,"user":{"ip":"54.36.148.204","user_agent":"Mozilla\/5.0 (compatible; AhrefsBot\/7.0; +http:\/\/ahrefs.com\/robot\/)","locale":"ar","external_id":"0","email":"e3b0c44298fc1c149afbf4c8996fb92427ae41e4649b934ca495991b7852b855","phone_number":"e3b0c44298fc1c149afbf4c8996fb92427ae41e4649b934ca495991b7852b855","first_name":"e3b0c44298fc1c149afbf4c8996fb92427ae41e4649b934ca495991b7852b855","last_name":"e3b0c44298fc1c149afbf4c8996fb92427ae41e4649b934ca495991b7852b855","zip_code":"e3b0c44298fc1c149afbf4c8996fb92427ae41e4649b934ca495991b7852b855"},"page":{"url":"http:\/\/www.ibn-sinaa.com\/product\/arched-advertising-table\/"}}]}
 ajax: no
2025-01-19T20:14:27+00:00 DEBUG Tt4b_Mapi_Class::mapi_post: Response: 

HTTP/1.1 200 OK
Server: nginx
Content-Type: application/json
Content-Length: 92
X-Tt-Logid: 202501192014274203865D4E21C45C6D33
Server-Timing: inner; dur=27
x-tt-trace-host: 018e5a586174a888928d793bdac74b79b520593bf434961dbceff88e4b17f9a1563ac0cfbc1cc98092977e3b33d7cf1725999eaeb04b291683253a4e9030c2f6996c56e251da3cdccd04a1d7ac8ad68fc0713400f441256c6682f1e6d81b6edc6a
x-tt-trace-id: 00-2501192014274203865D4E21C45C6D33-49F73E9B31E76197-00
Expires: Sun, 19 Jan 2025 20:14:27 GMT
Cache-Control: max-age=0, no-cache, no-store
Pragma: no-cache
Date: Sun, 19 Jan 2025 20:14:27 GMT
X-Cache: TCP_MISS from a95-101-134-116.deploy.akamaitechnologies.com (AkamaiGHost/11.8.0-1debf780f7d7c834933fa9689361eec6) (-)
Connection: close
x-tt-trace-tag: id=16;cdn-cache=miss;type=dyn
Server-Timing: cdn-cache; desc=MISS, edge; dur=11, origin; dur=107
X-Origin-Response-Time: 107,95.101.134.116
X-Akamai-Request-ID: aba06

{"code": 0, "message": "OK", "request_id": "202501192014274203865D4E21C45C6D33", "data": {}}
2025-01-19T20:14:28+00:00 DEBUG Tt4b_Pixel_Class::inject_view_content_event: hit ViewContent
2025-01-19T20:14:28+00:00 DEBUG POST: https://business-api.tiktok.com/open_api/v1.3/event/track/

{"partner_name":"WooCommerce","event_source":"web","event_source_id":"CSM79Q3C77UAG1T340I0","data":[{"event":"ViewContent","event_id":"678d5d240d25f_tt4b_woocommerce_670666209cf1f_4330","event_time":1737317668,"user":{"ip":"54.36.148.204","user_agent":"Mozilla\/5.0 (compatible; AhrefsBot\/7.0; +http:\/\/ahrefs.com\/robot\/)","locale":"ar","external_id":"0","email":"e3b0c44298fc1c149afbf4c8996fb92427ae41e4649b934ca495991b7852b855","phone_number":"e3b0c44298fc1c149afbf4c8996fb92427ae41e4649b934ca495991b7852b855","first_name":"e3b0c44298fc1c149afbf4c8996fb92427ae41e4649b934ca495991b7852b855","last_name":"e3b0c44298fc1c149afbf4c8996fb92427ae41e4649b934ca495991b7852b855","zip_code":"e3b0c44298fc1c149afbf4c8996fb92427ae41e4649b934ca495991b7852b855"},"properties":{"contents":[{"price":900,"quantity":1,"content_id":"4330","content_name":"\u0637\u0627\u0648\u0644\u0629 \u062f\u0639\u0627\u0626\u064a\u0629 \u0645\u0642\u0648\u0633\u0629","description":"\u0637\u0627\u0648\u0644\u0629 \u062f\u0639\u0627\u0626\u064a\u0629 \u0645\u0642\u0648\u0633\u0629 : \u0645\u062b\u0627\u0644\u064a\u0629 \u0644\u0639\u0631\u0636 \u0627\u0644\u0645\u0646\u062a\u062c\u0627\u062a \u0648\u0627\u0644\u062e\u062f\u0645\u0627\u062a \u0628\u062c\u0648\u062f\u0629 \u0639\u0627\u0644\u064a\u0629 \u0648\u062a\u0635\u0645\u064a\u0645 \u062c\u0630\u0627\u0628. \u0645\u062b\u0627\u0644\u064a\u0629 \u0644\u0644\u0627\u0633\u062a\u062e\u062f\u0627\u0645 \u0641\u064a \u0627\u0644\u0645\u0639\u0627\u0631\u0636 \u0648\u0627\u0644\u0641\u0639\u0627\u0644\u064a\u0627\u062a \u0627\u0644\u062a\u0633\u0648\u064a\u0642\u064a\u0629\u060c \u062a\u062a\u0645\u064a\u0632 \u0628\u0645\u062a\u0627\u0646\u062a\u0647\u0627 \u0648\u0633\u0647\u0648\u0644\u0629 \u0646\u0642\u0644\u0647\u0627 \u0648\u062a\u0631\u0643\u064a\u0628\u0647\u0627. \u062a\u062c\u0639\u0644 \u0639\u0631\u0636 \u0645\u0646\u062a\u062c\u0627\u062a\u0643 \u0623\u0643\u062b\u0631 \u062c\u0627\u0630\u0628\u064a\u0629 \u0648\u062a\u0646\u0638\u064a\u0645\u064b\u0627.","availability":"IN_STOCK","sale_price":900,"on_sale":false}],"content_type":"product","currency":"SAR","value":900,"event_trigger_source":"WooCommerce"},"page":{"url":"http:\/\/www.ibn-sinaa.com\/product\/arched-advertising-table\/"}}]}
 ajax: no
2025-01-19T20:14:28+00:00 DEBUG Tt4b_Mapi_Class::mapi_post: Response: 

HTTP/1.1 200 OK
Server: nginx
Content-Type: application/json
Content-Length: 92
X-Tt-Logid: 20250119201428EC5D4E32DFFBAEE4C975
Server-Timing: inner; dur=31
x-tt-trace-host: 018e5a586174a888928d793bdac74b79b51a437ee89a1c03eb2011d034a2e3e9f58a09757c505f97dfc84d292b58c9a9f639445aa832a18a73b5491b4be3175aacb9c7eacb4e0dafc277ca72d3d73ccc03f0fbb06fa457589fb1dcb21f2c4b45a7
x-tt-trace-id: 00-250119201428EC5D4E32DFFBAEE4C975-259CB47B70D00C71-00
Expires: Sun, 19 Jan 2025 20:14:28 GMT
Cache-Control: max-age=0, no-cache, no-store
Pragma: no-cache
Date: Sun, 19 Jan 2025 20:14:28 GMT
X-Cache: TCP_MISS from a95-101-134-92.deploy.akamaitechnologies.com (AkamaiGHost/11.8.0-1debf780f7d7c834933fa9689361eec6) (-)
Connection: close
x-tt-trace-tag: id=16;cdn-cache=miss;type=dyn
Server-Timing: cdn-cache; desc=MISS, edge; dur=10, origin; dur=114
X-Origin-Response-Time: 115,95.101.134.92
X-Akamai-Request-ID: ae96c6e

{"code": 0, "message": "OK", "request_id": "20250119201428EC5D4E32DFFBAEE4C975", "data": {}}
2025-01-19T20:16:48+00:00 DEBUG POST: https://business-api.tiktok.com/open_api/v1.3/event/track/

{"partner_name":"WooCommerce","event_source":"web","event_source_id":"CSM79Q3C77UAG1T340I0","data":[{"event":"Pageview","event_id":"678d5db0d0313_tt4b_woocommerce_670666209cf1f","event_time":1737317808,"user":{"ip":"54.36.148.83","user_agent":"Mozilla\/5.0 (compatible; AhrefsBot\/7.0; +http:\/\/ahrefs.com\/robot\/)","locale":"ar","external_id":"0","email":"e3b0c44298fc1c149afbf4c8996fb92427ae41e4649b934ca495991b7852b855","phone_number":"e3b0c44298fc1c149afbf4c8996fb92427ae41e4649b934ca495991b7852b855","first_name":"e3b0c44298fc1c149afbf4c8996fb92427ae41e4649b934ca495991b7852b855","last_name":"e3b0c44298fc1c149afbf4c8996fb92427ae41e4649b934ca495991b7852b855","zip_code":"e3b0c44298fc1c149afbf4c8996fb92427ae41e4649b934ca495991b7852b855"},"page":{"url":"http:\/\/www.ibn-sinaa.com\/product\/table-with-umbrella\/"}}]}
 ajax: no
2025-01-19T20:16:49+00:00 DEBUG Tt4b_Mapi_Class::mapi_post: Response: 

HTTP/1.1 200 OK
Server: nginx
Content-Type: application/json
Content-Length: 92
X-Tt-Logid: 20250119201648C750496E1EEDF94E2DC5
Server-Timing: inner; dur=29
x-tt-trace-host: 018e5a586174a888928d793bdac74b79b5ad707aeae3c73e258680035dfad0d1c024434259f9dcceedcb5001fd8539e091e41b068db39134896a613627859794a997e285071dc05d283a9a4f9e1f586a8e2742533cb38d498d4b718f75f3303151
x-tt-trace-id: 00-250119201648C750496E1EEDF94E2DC5-4424E52C87285475-00
Expires: Sun, 19 Jan 2025 20:16:49 GMT
Cache-Control: max-age=0, no-cache, no-store
Pragma: no-cache
Date: Sun, 19 Jan 2025 20:16:49 GMT
X-Cache: TCP_MISS from a95-101-134-36.deploy.akamaitechnologies.com (AkamaiGHost/11.8.0-1debf780f7d7c834933fa9689361eec6) (-)
Connection: close
x-tt-trace-tag: id=16;cdn-cache=miss;type=dyn
Server-Timing: cdn-cache; desc=MISS, edge; dur=4, origin; dur=111
X-Origin-Response-Time: 112,95.101.134.36
X-Akamai-Request-ID: 1ae534

{"code": 0, "message": "OK", "request_id": "20250119201648C750496E1EEDF94E2DC5", "data": {}}
2025-01-19T20:16:49+00:00 DEBUG Tt4b_Pixel_Class::inject_view_content_event: hit ViewContent
2025-01-19T20:16:49+00:00 DEBUG POST: https://business-api.tiktok.com/open_api/v1.3/event/track/

{"partner_name":"WooCommerce","event_source":"web","event_source_id":"CSM79Q3C77UAG1T340I0","data":[{"event":"ViewContent","event_id":"678d5db11bb56_tt4b_woocommerce_670666209cf1f_4321","event_time":1737317809,"user":{"ip":"54.36.148.83","user_agent":"Mozilla\/5.0 (compatible; AhrefsBot\/7.0; +http:\/\/ahrefs.com\/robot\/)","locale":"ar","external_id":"0","email":"e3b0c44298fc1c149afbf4c8996fb92427ae41e4649b934ca495991b7852b855","phone_number":"e3b0c44298fc1c149afbf4c8996fb92427ae41e4649b934ca495991b7852b855","first_name":"e3b0c44298fc1c149afbf4c8996fb92427ae41e4649b934ca495991b7852b855","last_name":"e3b0c44298fc1c149afbf4c8996fb92427ae41e4649b934ca495991b7852b855","zip_code":"e3b0c44298fc1c149afbf4c8996fb92427ae41e4649b934ca495991b7852b855"},"properties":{"contents":[{"price":950,"quantity":1,"content_id":"4321","content_name":"\u0637\u0627\u0648\u0644\u0629 \u0645\u0639 \u0645\u0636\u0644\u0629","description":"\u0637\u0627\u0648\u0644\u0629 \u0645\u0639 \u0645\u0638\u0644\u0629 : \u0645\u062b\u0627\u0644\u064a\u0629 \u0644\u0639\u0631\u0636 \u0627\u0644\u0645\u0646\u062a\u062c\u0627\u062a \u0648\u0627\u0644\u062e\u062f\u0645\u0627\u062a \u0628\u062c\u0648\u062f\u0629 \u0639\u0627\u0644\u064a\u0629 \u0648\u062a\u0635\u0645\u064a\u0645 \u062c\u0630\u0627\u0628. \u0645\u062b\u0627\u0644\u064a\u0629 \u0644\u0644\u0627\u0633\u062a\u062e\u062f\u0627\u0645 \u0641\u064a \u0627\u0644\u0645\u0639\u0627\u0631\u0636 \u0648\u0627\u0644\u0641\u0639\u0627\u0644\u064a\u0627\u062a \u0627\u0644\u062a\u0633\u0648\u064a\u0642\u064a\u0629\u060c \u062a\u062a\u0645\u064a\u0632 \u0628\u0645\u062a\u0627\u0646\u062a\u0647\u0627 \u0648\u0633\u0647\u0648\u0644\u0629 \u0646\u0642\u0644\u0647\u0627 \u0648\u062a\u0631\u0643\u064a\u0628\u0647\u0627. \u062a\u062c\u0639\u0644 \u0639\u0631\u0636 \u0645\u0646\u062a\u062c\u0627\u062a\u0643 \u0623\u0643\u062b\u0631 \u062c\u0627\u0630\u0628\u064a\u0629 \u0648\u062a\u0646\u0638\u064a\u0645\u064b\u0627.","availability":"IN_STOCK","sale_price":950,"on_sale":false}],"content_type":"product","currency":"SAR","value":950,"event_trigger_source":"WooCommerce"},"page":{"url":"http:\/\/www.ibn-sinaa.com\/product\/table-with-umbrella\/"}}]}
 ajax: no
2025-01-19T20:16:49+00:00 DEBUG Tt4b_Mapi_Class::mapi_post: Response: 

HTTP/1.1 200 OK
Server: nginx
Content-Type: application/json
Content-Length: 92
X-Tt-Logid: 20250119201649E94D8EF99C96BD43E6F3
Server-Timing: inner; dur=87
x-tt-trace-host: 018e5a586174a888928d793bdac74b79b520593bf434961dbceff88e4b17f9a156cf98c2542fd3319010cece17aa714360ff13bcf87d898641ab3f76963efae24cd41ade5cd530250086d7f83bb7b4e95093faa3b4b99eeea51ff574224f6f53e4
x-tt-trace-id: 00-250119201649E94D8EF99C96BD43E6F3-397780776ECD922C-00
Expires: Sun, 19 Jan 2025 20:16:49 GMT
Cache-Control: max-age=0, no-cache, no-store
Pragma: no-cache
Date: Sun, 19 Jan 2025 20:16:49 GMT
X-Cache: TCP_MISS from a95-101-134-116.deploy.akamaitechnologies.com (AkamaiGHost/11.8.0-1debf780f7d7c834933fa9689361eec6) (-)
Connection: close
x-tt-trace-tag: id=16;cdn-cache=miss;type=dyn
Server-Timing: cdn-cache; desc=MISS, edge; dur=6, origin; dur=167
X-Origin-Response-Time: 167,95.101.134.116
X-Akamai-Request-ID: 1f0de7

{"code": 0, "message": "OK", "request_id": "20250119201649E94D8EF99C96BD43E6F3", "data": {}}
2025-01-19T20:18:37+00:00 DEBUG POST: https://business-api.tiktok.com/open_api/v1.3/event/track/

{"partner_name":"WooCommerce","event_source":"web","event_source_id":"CSM79Q3C77UAG1T340I0","data":[{"event":"Pageview","event_id":"678d5e1dd25d3_tt4b_woocommerce_670666209cf1f","event_time":1737317917,"user":{"ip":"54.36.148.168","user_agent":"Mozilla\/5.0 (compatible; AhrefsBot\/7.0; +http:\/\/ahrefs.com\/robot\/)","locale":"ar","external_id":"0","email":"e3b0c44298fc1c149afbf4c8996fb92427ae41e4649b934ca495991b7852b855","phone_number":"e3b0c44298fc1c149afbf4c8996fb92427ae41e4649b934ca495991b7852b855","first_name":"e3b0c44298fc1c149afbf4c8996fb92427ae41e4649b934ca495991b7852b855","last_name":"e3b0c44298fc1c149afbf4c8996fb92427ae41e4649b934ca495991b7852b855","zip_code":"e3b0c44298fc1c149afbf4c8996fb92427ae41e4649b934ca495991b7852b855"},"page":{"url":"http:\/\/mail.ibn-sinaa.com\/product\/roll-up-plastic-base\/"}}]}
 ajax: no
2025-01-19T20:18:38+00:00 DEBUG Tt4b_Mapi_Class::mapi_post: Response: 

HTTP/1.1 200 OK
Server: nginx
Content-Type: application/json
Content-Length: 92
X-Tt-Logid: 20250119201837159406B5C3B7BB3FA624
Server-Timing: inner; dur=27
x-tt-trace-host: 018e5a586174a888928d793bdac74b79b520593bf434961dbceff88e4b17f9a15665b50765aed602d2bcd9dce76cef2c2cac15ec1b5da4302fc227277ea767af2afceaa8fe1efe790361b107ab9b5ec7bb442b1d2773ceb9bd14c1e6d5bf5031c1
x-tt-trace-id: 00-250119201837159406B5C3B7BB3FA624-370F1A9B36DB6AFB-00
Expires: Sun, 19 Jan 2025 20:18:38 GMT
Cache-Control: max-age=0, no-cache, no-store
Pragma: no-cache
Date: Sun, 19 Jan 2025 20:18:38 GMT
X-Cache: TCP_MISS from a95-101-134-116.deploy.akamaitechnologies.com (AkamaiGHost/11.8.0-1debf780f7d7c834933fa9689361eec6) (-)
Connection: close
x-tt-trace-tag: id=16;cdn-cache=miss;type=dyn
Server-Timing: cdn-cache; desc=MISS, edge; dur=5, origin; dur=112
X-Origin-Response-Time: 112,95.101.134.116
X-Akamai-Request-ID: 2ffdbd

{"code": 0, "message": "OK", "request_id": "20250119201837159406B5C3B7BB3FA624", "data": {}}
2025-01-19T20:18:38+00:00 DEBUG Tt4b_Pixel_Class::inject_view_content_event: hit ViewContent
2025-01-19T20:18:38+00:00 DEBUG POST: https://business-api.tiktok.com/open_api/v1.3/event/track/

{"partner_name":"WooCommerce","event_source":"web","event_source_id":"CSM79Q3C77UAG1T340I0","data":[{"event":"ViewContent","event_id":"678d5e1e1f753_tt4b_woocommerce_670666209cf1f_4293","event_time":1737317918,"user":{"ip":"54.36.148.168","user_agent":"Mozilla\/5.0 (compatible; AhrefsBot\/7.0; +http:\/\/ahrefs.com\/robot\/)","locale":"ar","external_id":"0","email":"e3b0c44298fc1c149afbf4c8996fb92427ae41e4649b934ca495991b7852b855","phone_number":"e3b0c44298fc1c149afbf4c8996fb92427ae41e4649b934ca495991b7852b855","first_name":"e3b0c44298fc1c149afbf4c8996fb92427ae41e4649b934ca495991b7852b855","last_name":"e3b0c44298fc1c149afbf4c8996fb92427ae41e4649b934ca495991b7852b855","zip_code":"e3b0c44298fc1c149afbf4c8996fb92427ae41e4649b934ca495991b7852b855"},"properties":{"contents":[{"price":180,"quantity":1,"content_id":"4293","content_name":"\u0631\u0648\u0644 \u0627\u0628 \u0642\u0627\u0639\u062f\u0629 \u0628\u0644\u0627\u0633\u062a\u064a\u0643\u0629","description":"\u0631\u0648\u0644 \u0627\u0628 \u0642\u0627\u0639\u062f\u0629 \u0628\u0644\u0627\u0633\u062a\u064a\u0643\u064a\u0629 \u062a\u0635\u0645\u064a\u0645 \u0627\u0646\u064a\u0642, \u0648\u0645\u0642\u0627\u0633\u0627\u062a \u0645\u062a\u0646\u0648\u0639\u0629.\r\n\u0627\u0644\u062e\u0627\u0645\u0629 \u0628\u0648\u0633\u062a\u0631.\r\n\u0645\u062f\u0629 \u0627\u0644\u062a\u0646\u0641\u064a\u0630: \u0645\u0646 3 \u0625\u0644\u0649 5 \u0623\u064a\u0627\u0645 \u0639\u0645\u0644 \u0628\u0639\u062f \u0627\u0639\u062a\u0645\u0627\u062f \u0627\u0644\u062a\u0635\u0645\u064a\u0645 \u0648\u0627\u0644\u0637\u0644\u0628 \u062d\u0633\u0628 \u0627\u0644\u0643\u0645\u064a\u0629 (\u062a\u0632\u064a\u062f \u0627\u0644\u0645\u062f\u0629 \u0639\u0646\u062f \u0637\u0644\u0628 \u0627\u0644\u0634\u062d\u0646).","availability":"IN_STOCK","sale_price":180,"on_sale":false}],"content_type":"product","currency":"SAR","value":180,"event_trigger_source":"WooCommerce"},"page":{"url":"http:\/\/mail.ibn-sinaa.com\/product\/roll-up-plastic-base\/"}}]}
 ajax: no
2025-01-19T20:18:38+00:00 DEBUG Tt4b_Mapi_Class::mapi_post: Response: 

HTTP/1.1 200 OK
Server: nginx
Content-Type: application/json
Content-Length: 92
X-Tt-Logid: 2025011920183865ED3FB183414855D2A6
Server-Timing: inner; dur=31
x-tt-trace-host: 018e5a586174a888928d793bdac74b79b546481499826e61e341177deeedfd94a42cd67e3139200e1e34bf7ea957b4d5f161d08635913aa290e314b1f4523d171824809779a8471641534a959568188562d83fa9fd67764b79e98f26afac2a3c41
x-tt-trace-id: 00-25011920183865ED3FB183414855D2A6-5551663042278B70-00
Expires: Sun, 19 Jan 2025 20:18:38 GMT
Cache-Control: max-age=0, no-cache, no-store
Pragma: no-cache
Date: Sun, 19 Jan 2025 20:18:38 GMT
X-Cache: TCP_MISS from a95-101-134-30.deploy.akamaitechnologies.com (AkamaiGHost/11.8.0-1debf780f7d7c834933fa9689361eec6) (-)
Connection: close
x-tt-trace-tag: id=16;cdn-cache=miss;type=dyn
Server-Timing: cdn-cache; desc=MISS, edge; dur=9, origin; dur=116
X-Origin-Response-Time: 116,95.101.134.30
X-Akamai-Request-ID: cb24639

{"code": 0, "message": "OK", "request_id": "2025011920183865ED3FB183414855D2A6", "data": {}}
2025-01-19T20:19:10+00:00 DEBUG POST: https://business-api.tiktok.com/open_api/v1.3/event/track/

{"partner_name":"WooCommerce","event_source":"web","event_source_id":"CSM79Q3C77UAG1T340I0","data":[{"event":"Pageview","event_id":"678d5e3ed26cc_tt4b_woocommerce_670666209cf1f","event_time":1737317950,"user":{"ip":"66.249.79.200","user_agent":"Mozilla\/5.0 (Linux; Android 6.0.1; Nexus 5X Build\/MMB29P) AppleWebKit\/537.36 (KHTML, like Gecko) Chrome\/132.0.6834.83 Mobile Safari\/537.36 (compatible; Googlebot\/2.1; +http:\/\/www.google.com\/bot.html)","locale":"ar","external_id":"0","email":"e3b0c44298fc1c149afbf4c8996fb92427ae41e4649b934ca495991b7852b855","phone_number":"e3b0c44298fc1c149afbf4c8996fb92427ae41e4649b934ca495991b7852b855","first_name":"e3b0c44298fc1c149afbf4c8996fb92427ae41e4649b934ca495991b7852b855","last_name":"e3b0c44298fc1c149afbf4c8996fb92427ae41e4649b934ca495991b7852b855","zip_code":"e3b0c44298fc1c149afbf4c8996fb92427ae41e4649b934ca495991b7852b855"},"page":{"url":"http:\/\/ibn-sinaa.com\/product\/science-telescope\/"}}]}
 ajax: no
2025-01-19T20:19:11+00:00 DEBUG Tt4b_Mapi_Class::mapi_post: Response: 

HTTP/1.1 200 OK
Server: nginx
Content-Type: application/json
Content-Length: 92
X-Tt-Logid: 202501192019105BAF9F0C15553345C75B
Server-Timing: inner; dur=49
x-tt-trace-host: 018e5a586174a888928d793bdac74b79b51a437ee89a1c03eb2011d034a2e3e9f5c0d7104e6bfddb6b0137a5a2f8eab7e5759e61bfad8d37aa05f29a5226ff3bba5641ed94477fb4eb881a5af8152203fd30eb13f28d0f93b1f9560a2a8988d7d2
x-tt-trace-id: 00-2501192019105BAF9F0C15553345C75B-5AA9F84C4DD83346-00
Expires: Sun, 19 Jan 2025 20:19:11 GMT
Cache-Control: max-age=0, no-cache, no-store
Pragma: no-cache
Date: Sun, 19 Jan 2025 20:19:11 GMT
X-Cache: TCP_MISS from a95-101-134-92.deploy.akamaitechnologies.com (AkamaiGHost/11.8.0-1debf780f7d7c834933fa9689361eec6) (-)
Connection: close
x-tt-trace-tag: id=16;cdn-cache=miss;type=dyn
Server-Timing: cdn-cache; desc=MISS, edge; dur=6, origin; dur=129
X-Origin-Response-Time: 130,95.101.134.92
X-Akamai-Request-ID: b2556d3

{"code": 0, "message": "OK", "request_id": "202501192019105BAF9F0C15553345C75B", "data": {}}
2025-01-19T20:19:11+00:00 DEBUG Tt4b_Pixel_Class::inject_view_content_event: hit ViewContent
2025-01-19T20:19:11+00:00 DEBUG POST: https://business-api.tiktok.com/open_api/v1.3/event/track/

{"partner_name":"WooCommerce","event_source":"web","event_source_id":"CSM79Q3C77UAG1T340I0","data":[{"event":"ViewContent","event_id":"678d5e3f1c9ac_tt4b_woocommerce_670666209cf1f_4381","event_time":1737317951,"user":{"ip":"66.249.79.200","user_agent":"Mozilla\/5.0 (Linux; Android 6.0.1; Nexus 5X Build\/MMB29P) AppleWebKit\/537.36 (KHTML, like Gecko) Chrome\/132.0.6834.83 Mobile Safari\/537.36 (compatible; Googlebot\/2.1; +http:\/\/www.google.com\/bot.html)","locale":"ar","external_id":"0","email":"e3b0c44298fc1c149afbf4c8996fb92427ae41e4649b934ca495991b7852b855","phone_number":"e3b0c44298fc1c149afbf4c8996fb92427ae41e4649b934ca495991b7852b855","first_name":"e3b0c44298fc1c149afbf4c8996fb92427ae41e4649b934ca495991b7852b855","last_name":"e3b0c44298fc1c149afbf4c8996fb92427ae41e4649b934ca495991b7852b855","zip_code":"e3b0c44298fc1c149afbf4c8996fb92427ae41e4649b934ca495991b7852b855"},"properties":{"contents":[{"price":1745,"quantity":1,"content_id":"4381","content_name":"\u0639\u0644\u0645 \u062a\u0633\u0644\u0643\u0648\u0628","description":"\u0623\u0639\u0644\u0627\u0645 \u0627\u0644\u062a\u0644\u0633\u0643\u0648\u0628 \u0627\u0644\u062f\u0639\u0627\u0626\u064a\u0629 : \u0645\u062b\u0627\u0644\u064a\u0629 \u0644\u062a\u0632\u064a\u064a\u0646 \u0627\u0644\u0645\u0643\u062a\u0628 \u0628\u0644\u0645\u0633\u0629 \u0623\u0646\u064a\u0642\u0629 \u0648\u0641\u0627\u062e\u0631\u0629. \u0645\u0635\u0646\u0648\u0639\u0629 \u0645\u0646 \u0645\u0648\u0627\u062f \u0645\u062a\u064a\u0646\u0629 \u0648\u0628\u0623\u0644\u0648\u0627\u0646 \u0632\u0627\u0647\u064a\u0629\u060c \u062a\u0636\u064a\u0641 \u062c\u0627\u0630\u0628\u064a\u0629 \u0645\u0645\u064a\u0632\u0629 \u0644\u0623\u064a \u0645\u0633\u0627\u062d\u0629 \u0645\u0643\u062a\u0628\u064a\u0629 \u062f\u0648\u0646 \u0634\u063a\u0644 \u062d\u064a\u0632 \u0643\u0628\u064a\u0631. \u0645\u062b\u0627\u0644\u064a\u0629 \u0644\u0644\u0627\u062c\u062a\u0645\u0627\u0639\u0627\u062a\u060c \u0627\u0644\u0645\u0624\u062a\u0645\u0631\u0627\u062a\u060c \u0648\u0627\u0644\u0647\u062f\u0627\u064a\u0627 \u0627\u0644\u0641\u0627\u062e\u0631\u0629.","availability":"IN_STOCK","sale_price":1745,"on_sale":false}],"content_type":"product","currency":"SAR","value":1745,"event_trigger_source":"WooCommerce"},"page":{"url":"http:\/\/ibn-sinaa.com\/product\/science-telescope\/"}}]}
 ajax: no
2025-01-19T20:19:11+00:00 DEBUG Tt4b_Mapi_Class::mapi_post: Response: 

HTTP/1.1 200 OK
Server: nginx
Content-Type: application/json
Content-Length: 92
X-Tt-Logid: 2025011920191159FF809992DBAE4DAA36
x-tt-trace-host: 018e5a586174a888928d793bdac74b79b56517d7628cf0ffdff56b078ad2cf5615e1916859531b0f5bc0df6e765bcfefcd726f19bbee4507f3e81168916326d5be5d797004789cdedc61133c92843489e4ee7c5211f1075ebe10ffe9bab59e1e33e36f47394e3512762a413d689fe42de1
x-tt-trace-id: 00-25011920191159FF809992DBAE4DAA36-535E33E539B282B0-00
X-Origin-Response-Time: 48,23.218.219.32
X-Akamai-Request-ID: e0e1787.b25634f
Expires: Sun, 19 Jan 2025 20:19:11 GMT
Cache-Control: max-age=0, no-cache, no-store
Pragma: no-cache
Date: Sun, 19 Jan 2025 20:19:11 GMT
X-Cache: TCP_MISS from a95-101-134-92.deploy.akamaitechnologies.com (AkamaiGHost/11.8.0-1debf780f7d7c834933fa9689361eec6) (-)
Connection: close
X-Cache-Remote: TCP_MISS from a23-218-219-32.deploy.akamaitechnologies.com (AkamaiGHost/11.8.0-1debf780f7d7c834933fa9689361eec6) (-)
x-tt-trace-tag: id=16;cdn-cache=miss;type=dyn
Server-Timing: cdn-cache; desc=MISS, edge; dur=89, origin; dur=48
Server-Timing: inner; dur=45
X-Parent-Response-Time: 130,95.101.134.92

{"code": 0, "message": "OK", "request_id": "2025011920191159FF809992DBAE4DAA36", "data": {}}
2025-01-19T20:20:35+00:00 DEBUG POST: https://business-api.tiktok.com/open_api/v1.3/event/track/

{"partner_name":"WooCommerce","event_source":"web","event_source_id":"CSM79Q3C77UAG1T340I0","data":[{"event":"Pageview","event_id":"678d5e936cefe_tt4b_woocommerce_670666209cf1f","event_time":1737318035,"user":{"ip":"54.36.149.41","user_agent":"Mozilla\/5.0 (compatible; AhrefsBot\/7.0; +http:\/\/ahrefs.com\/robot\/)","locale":"ar","external_id":"0","email":"e3b0c44298fc1c149afbf4c8996fb92427ae41e4649b934ca495991b7852b855","phone_number":"e3b0c44298fc1c149afbf4c8996fb92427ae41e4649b934ca495991b7852b855","first_name":"e3b0c44298fc1c149afbf4c8996fb92427ae41e4649b934ca495991b7852b855","last_name":"e3b0c44298fc1c149afbf4c8996fb92427ae41e4649b934ca495991b7852b855","zip_code":"e3b0c44298fc1c149afbf4c8996fb92427ae41e4649b934ca495991b7852b855"},"page":{"url":"http:\/\/mail.ibn-sinaa.com\/product-tag\/%D8%B7%D8%A8%D8%A7%D8%B9%D9%87-%D8%A8%D9%88%D8%B3%D8%AA%D8%B1\/page\/2\/"}}]}
 ajax: no
2025-01-19T20:20:35+00:00 DEBUG Tt4b_Mapi_Class::mapi_post: Response: 

HTTP/1.1 200 OK
Server: nginx
Content-Type: application/json
Content-Length: 92
X-Tt-Logid: 20250119202035322E039C07183763A384
x-tt-trace-host: 018e5a586174a888928d793bdac74b79b52a36c08622bbc2ac99357be22beb959ab2de232bc5e8ff772e7bda82a59a9ae60e7e1a662027dca177262b6b0dc460576dfc4cfd50b532b706eaba63b00b559377ad85f38bd9b63f36157d7d6d349ffcb3c108579ae0c25766c081ca2027c02e
x-tt-trace-id: 00-250119202035322E039C07183763A384-29E5936238D93F29-00
X-Origin-Response-Time: 41,23.218.219.40
X-Akamai-Request-ID: 2515d21f.3d6ac2
Expires: Sun, 19 Jan 2025 20:20:35 GMT
Cache-Control: max-age=0, no-cache, no-store
Pragma: no-cache
Date: Sun, 19 Jan 2025 20:20:35 GMT
X-Cache: TCP_MISS from a95-101-134-36.deploy.akamaitechnologies.com (AkamaiGHost/11.8.0-1debf780f7d7c834933fa9689361eec6) (-)
Connection: close
X-Cache-Remote: TCP_MISS from a23-218-219-40.deploy.akamaitechnologies.com (AkamaiGHost/11.8.0-1debf780f7d7c834933fa9689361eec6) (-)
x-tt-trace-tag: id=16;cdn-cache=miss;type=dyn
Server-Timing: cdn-cache; desc=MISS, edge; dur=93, origin; dur=41
Server-Timing: inner; dur=29
X-Parent-Response-Time: 131,95.101.134.36

{"code": 0, "message": "OK", "request_id": "20250119202035322E039C07183763A384", "data": {}}
2025-01-19T20:20:58+00:00 DEBUG POST: https://business-api.tiktok.com/open_api/v1.3/event/track/

{"partner_name":"WooCommerce","event_source":"web","event_source_id":"CSM79Q3C77UAG1T340I0","data":[{"event":"Pageview","event_id":"678d5eaac788e_tt4b_woocommerce_670666209cf1f","event_time":1737318058,"user":{"ip":"43.163.6.124","user_agent":"Mozilla\/5.0 (iPhone; CPU iPhone OS 13_2_3 like Mac OS X) AppleWebKit\/605.1.15 (KHTML, like Gecko) Version\/13.0.3 Mobile\/15E148 Safari\/604.1","locale":"ar","external_id":"0","email":"e3b0c44298fc1c149afbf4c8996fb92427ae41e4649b934ca495991b7852b855","phone_number":"e3b0c44298fc1c149afbf4c8996fb92427ae41e4649b934ca495991b7852b855","first_name":"e3b0c44298fc1c149afbf4c8996fb92427ae41e4649b934ca495991b7852b855","last_name":"e3b0c44298fc1c149afbf4c8996fb92427ae41e4649b934ca495991b7852b855","zip_code":"e3b0c44298fc1c149afbf4c8996fb92427ae41e4649b934ca495991b7852b855"},"page":{"url":"http:\/\/ibn-sinaa.com\/","referrer":"http:\/\/ibn-sinaa.com"}}]}
 ajax: no
2025-01-19T20:20:59+00:00 DEBUG Tt4b_Mapi_Class::mapi_post: Response: 

HTTP/1.1 200 OK
Server: nginx
Content-Type: application/json
Content-Length: 92
X-Tt-Logid: 202501192020583722F708C1A35F5F4014
x-tt-trace-ho