2025-01-02T00:01:00+00:00 DEBUG POST: https://business-api.tiktok.com/open_api/v1.3/event/track/

{"partner_name":"WooCommerce","event_source":"web","event_source_id":"CSM79Q3C77UAG1T340I0","data":[{"event":"Pageview","event_id":"6775d73c2852b_tt4b_woocommerce_670666209cf1f","event_time":1735776060,"user":{"ip":"66.249.66.167","user_agent":"Mozilla\/5.0 (Linux; Android 6.0.1; Nexus 5X Build\/MMB29P) AppleWebKit\/537.36 (KHTML, like Gecko) Chrome\/131.0.6778.204 Mobile Safari\/537.36 (compatible; Googlebot\/2.1; +http:\/\/www.google.com\/bot.html)","locale":"ar","external_id":"0","email":"e3b0c44298fc1c149afbf4c8996fb92427ae41e4649b934ca495991b7852b855","phone_number":"e3b0c44298fc1c149afbf4c8996fb92427ae41e4649b934ca495991b7852b855","first_name":"e3b0c44298fc1c149afbf4c8996fb92427ae41e4649b934ca495991b7852b855","last_name":"e3b0c44298fc1c149afbf4c8996fb92427ae41e4649b934ca495991b7852b855","zip_code":"e3b0c44298fc1c149afbf4c8996fb92427ae41e4649b934ca495991b7852b855"},"page":{"url":"http:\/\/www.ibn-sinaa.com\/product\/%D9%84%D9%88%D8%AD%D8%A7%D8%AA-%D9%85%D9%83%D8%AA%D8%A8%D9%8A%D8%A9\/feed\/"}}]}
 ajax: no
2025-01-02T00:01:00+00:00 DEBUG Tt4b_Mapi_Class::mapi_post: Response: 

HTTP/1.1 200 OK
Server: nginx
Content-Type: application/json
Content-Length: 92
X-Tt-Logid: 202501020001004FEBF9F4AA76386D8F58
x-tt-trace-host: 018e5a586174a888928d793bdac74b79b56517d7628cf0ffdff56b078ad2cf561570033f556e319968c6226d75114bce4e06480aea01c7c966c8a8d9e201e5a442d4e45cc206ec1188b8f2ba9c9ccd8d42e827ce11bc4e4976688fd58eb50dc950ed63d5b577b7bc58b1341fba99bf09d7
x-tt-trace-id: 00-2501020001004FEBF9F4AA76386D8F58-5210D1027B95D75C-00
X-Origin-Response-Time: 31,23.55.100.176
X-Akamai-Request-ID: cd3efe7.1703dac9
Expires: Thu, 02 Jan 2025 00:01:00 GMT
Cache-Control: max-age=0, no-cache, no-store
Pragma: no-cache
Date: Thu, 02 Jan 2025 00:01:00 GMT
X-Cache: TCP_MISS from a95-101-134-92.deploy.akamaitechnologies.com (AkamaiGHost/11.7.2.1-9611f29bef89eba7b18045b10aa2af98) (-)
Connection: close
X-Cache-Remote: TCP_MISS from a23-55-100-176.deploy.akamaitechnologies.com (AkamaiGHost/11.7.2.1-9611f29bef89eba7b18045b10aa2af98) (-)
x-tt-trace-tag: id=16;cdn-cache=miss;type=dyn
Server-Timing: cdn-cache; desc=MISS, edge; dur=87, origin; dur=30
Server-Timing: inner; dur=26
X-Parent-Response-Time: 116,95.101.134.92

{"code": 0, "message": "OK", "request_id": "202501020001004FEBF9F4AA76386D8F58", "data": {}}
2025-01-02T00:02:17+00:00 DEBUG POST: https://business-api.tiktok.com/open_api/v1.3/event/track/

{"partner_name":"WooCommerce","event_source":"web","event_source_id":"CSM79Q3C77UAG1T340I0","data":[{"event":"Pageview","event_id":"6775d789d27ac_tt4b_woocommerce_670666209cf1f","event_time":1735776137,"user":{"ip":"66.249.66.166","user_agent":"Mozilla\/5.0 (Linux; Android 6.0.1; Nexus 5X Build\/MMB29P) AppleWebKit\/537.36 (KHTML, like Gecko) Chrome\/131.0.6778.204 Mobile Safari\/537.36 (compatible; Googlebot\/2.1; +http:\/\/www.google.com\/bot.html)","locale":"ar","external_id":"0","email":"e3b0c44298fc1c149afbf4c8996fb92427ae41e4649b934ca495991b7852b855","phone_number":"e3b0c44298fc1c149afbf4c8996fb92427ae41e4649b934ca495991b7852b855","first_name":"e3b0c44298fc1c149afbf4c8996fb92427ae41e4649b934ca495991b7852b855","last_name":"e3b0c44298fc1c149afbf4c8996fb92427ae41e4649b934ca495991b7852b855","zip_code":"e3b0c44298fc1c149afbf4c8996fb92427ae41e4649b934ca495991b7852b855"},"page":{"url":"http:\/\/www.ibn-sinaa.com\/product\/%D9%83%D8%A7%D8%B3%D8%A7%D8%AA-%D8%B3%D9%8A%D8%B1%D8%A7%D9%85%D9%8A%D9%83\/feed\/"}}]}
 ajax: no
2025-01-02T00:02:18+00:00 DEBUG Tt4b_Mapi_Class::mapi_post: Response: 

HTTP/1.1 200 OK
Server: nginx
Content-Type: application/json
Content-Length: 92
X-Tt-Logid: 20250102000217E0372025B73D88D5D5F6
x-tt-trace-host: 018e5a586174a888928d793bdac74b79b56517d7628cf0ffdff56b078ad2cf5615f936b0c4b24df086eb8e585baa82982e240bbb106011f6b43911f19dc638933d69a1ddc026d32f78acb4d25807d8ea5198ed81ccd3b47e27364b8592788ed2aacc1bfba7e216d74f24743270c42bdc33
x-tt-trace-id: 00-250102000217E0372025B73D88D5D5F6-27FFCEE763716D28-00
X-Origin-Response-Time: 40,23.32.17.12
X-Akamai-Request-ID: ffebc2b.1708bfd3
Expires: Thu, 02 Jan 2025 00:02:18 GMT
Cache-Control: max-age=0, no-cache, no-store
Pragma: no-cache
Date: Thu, 02 Jan 2025 00:02:18 GMT
X-Cache: TCP_MISS from a95-101-134-92.deploy.akamaitechnologies.com (AkamaiGHost/11.7.2.1-9611f29bef89eba7b18045b10aa2af98) (-)
Connection: close
X-Cache-Remote: TCP_MISS from a23-32-17-12.deploy.akamaitechnologies.com (AkamaiGHost/11.7.2.1-9611f29bef89eba7b18045b10aa2af98) (-)
x-tt-trace-tag: id=16;cdn-cache=miss;type=dyn
Server-Timing: cdn-cache; desc=MISS, edge; dur=87, origin; dur=40
Server-Timing: inner; dur=27
X-Parent-Response-Time: 127,95.101.134.92

{"code": 0, "message": "OK", "request_id": "20250102000217E0372025B73D88D5D5F6", "data": {}}
2025-01-02T00:04:40+00:00 DEBUG POST: https://business-api.tiktok.com/open_api/v1.3/event/track/

{"partner_name":"WooCommerce","event_source":"web","event_source_id":"CSM79Q3C77UAG1T340I0","data":[{"event":"Pageview","event_id":"6775d818528a5_tt4b_woocommerce_670666209cf1f","event_time":1735776280,"user":{"ip":"66.249.66.70","user_agent":"Mozilla\/5.0 (Linux; Android 6.0.1; Nexus 5X Build\/MMB29P) AppleWebKit\/537.36 (KHTML, like Gecko) Chrome\/131.0.6778.139 Mobile Safari\/537.36 (compatible; Googlebot\/2.1; +http:\/\/www.google.com\/bot.html)","locale":"ar","external_id":"0","email":"e3b0c44298fc1c149afbf4c8996fb92427ae41e4649b934ca495991b7852b855","phone_number":"e3b0c44298fc1c149afbf4c8996fb92427ae41e4649b934ca495991b7852b855","first_name":"e3b0c44298fc1c149afbf4c8996fb92427ae41e4649b934ca495991b7852b855","last_name":"e3b0c44298fc1c149afbf4c8996fb92427ae41e4649b934ca495991b7852b855","zip_code":"e3b0c44298fc1c149afbf4c8996fb92427ae41e4649b934ca495991b7852b855"},"page":{"url":"http:\/\/ibn-sinaa.com\/product\/arched-advertising-table\/"}}]}
 ajax: no
2025-01-02T00:04:40+00:00 DEBUG Tt4b_Mapi_Class::mapi_post: Response: 

HTTP/1.1 200 OK
Server: nginx
Content-Type: application/json
Content-Length: 92
X-Tt-Logid: 20250102000440F4922556ACB79EF90EA8
Server-Timing: inner; dur=45
x-tt-trace-host: 018e5a586174a888928d793bdac74b79b520593bf434961dbceff88e4b17f9a1564de374c1303799daf3f509557834ab78d96849b111268cf9d976753a708ee6c9df31c5c3c9800f9b8288ebc87d4c04a82e9ef6551579fdf5d41830a6e1fea056
x-tt-trace-id: 00-250102000440F4922556ACB79EF90EA8-29C424AD8E81269F-00
Expires: Thu, 02 Jan 2025 00:04:40 GMT
Cache-Control: max-age=0, no-cache, no-store
Pragma: no-cache
Date: Thu, 02 Jan 2025 00:04:40 GMT
X-Cache: TCP_MISS from a95-101-134-116.deploy.akamaitechnologies.com (AkamaiGHost/11.7.2.1-9611f29bef89eba7b18045b10aa2af98) (-)
Connection: close
x-tt-trace-tag: id=16;cdn-cache=miss;type=dyn
Server-Timing: cdn-cache; desc=MISS, edge; dur=0, origin; dur=125
X-Origin-Response-Time: 125,95.101.134.116
X-Akamai-Request-ID: eb17323

{"code": 0, "message": "OK", "request_id": "20250102000440F4922556ACB79EF90EA8", "data": {}}
2025-01-02T00:04:40+00:00 DEBUG Tt4b_Pixel_Class::inject_view_content_event: hit ViewContent
2025-01-02T00:04:40+00:00 DEBUG POST: https://business-api.tiktok.com/open_api/v1.3/event/track/

{"partner_name":"WooCommerce","event_source":"web","event_source_id":"CSM79Q3C77UAG1T340I0","data":[{"event":"ViewContent","event_id":"6775d818b29a5_tt4b_woocommerce_670666209cf1f_4330","event_time":1735776280,"user":{"ip":"66.249.66.70","user_agent":"Mozilla\/5.0 (Linux; Android 6.0.1; Nexus 5X Build\/MMB29P) AppleWebKit\/537.36 (KHTML, like Gecko) Chrome\/131.0.6778.139 Mobile Safari\/537.36 (compatible; Googlebot\/2.1; +http:\/\/www.google.com\/bot.html)","locale":"ar","external_id":"0","email":"e3b0c44298fc1c149afbf4c8996fb92427ae41e4649b934ca495991b7852b855","phone_number":"e3b0c44298fc1c149afbf4c8996fb92427ae41e4649b934ca495991b7852b855","first_name":"e3b0c44298fc1c149afbf4c8996fb92427ae41e4649b934ca495991b7852b855","last_name":"e3b0c44298fc1c149afbf4c8996fb92427ae41e4649b934ca495991b7852b855","zip_code":"e3b0c44298fc1c149afbf4c8996fb92427ae41e4649b934ca495991b7852b855"},"properties":{"contents":[{"price":900,"quantity":1,"content_id":"4330","content_name":"\u0637\u0627\u0648\u0644\u0629 \u062f\u0639\u0627\u0626\u064a\u0629 \u0645\u0642\u0648\u0633\u0629","description":"\u0637\u0627\u0648\u0644\u0629 \u062f\u0639\u0627\u0626\u064a\u0629 \u0645\u0642\u0648\u0633\u0629 : \u0645\u062b\u0627\u0644\u064a\u0629 \u0644\u0639\u0631\u0636 \u0627\u0644\u0645\u0646\u062a\u062c\u0627\u062a \u0648\u0627\u0644\u062e\u062f\u0645\u0627\u062a \u0628\u062c\u0648\u062f\u0629 \u0639\u0627\u0644\u064a\u0629 \u0648\u062a\u0635\u0645\u064a\u0645 \u062c\u0630\u0627\u0628. \u0645\u062b\u0627\u0644\u064a\u0629 \u0644\u0644\u0627\u0633\u062a\u062e\u062f\u0627\u0645 \u0641\u064a \u0627\u0644\u0645\u0639\u0627\u0631\u0636 \u0648\u0627\u0644\u0641\u0639\u0627\u0644\u064a\u0627\u062a \u0627\u0644\u062a\u0633\u0648\u064a\u0642\u064a\u0629\u060c \u062a\u062a\u0645\u064a\u0632 \u0628\u0645\u062a\u0627\u0646\u062a\u0647\u0627 \u0648\u0633\u0647\u0648\u0644\u0629 \u0646\u0642\u0644\u0647\u0627 \u0648\u062a\u0631\u0643\u064a\u0628\u0647\u0627. \u062a\u062c\u0639\u0644 \u0639\u0631\u0636 \u0645\u0646\u062a\u062c\u0627\u062a\u0643 \u0623\u0643\u062b\u0631 \u062c\u0627\u0630\u0628\u064a\u0629 \u0648\u062a\u0646\u0638\u064a\u0645\u064b\u0627.","availability":"IN_STOCK","sale_price":900,"on_sale":false}],"content_type":"product","currency":"SAR","value":900,"event_trigger_source":"WooCommerce"},"page":{"url":"http:\/\/ibn-sinaa.com\/product\/arched-advertising-table\/"}}]}
 ajax: no
2025-01-02T00:04:40+00:00 DEBUG Tt4b_Mapi_Class::mapi_post: Response: 

HTTP/1.1 200 OK
Server: nginx
Content-Type: application/json
Content-Length: 92
X-Tt-Logid: 20250102000440D10199240B752251E1F1
Server-Timing: inner; dur=31
x-tt-trace-host: 018e5a586174a888928d793bdac74b79b51a437ee89a1c03eb2011d034a2e3e9f5ee611ac32e4db0bca46e7383992ca00c6b9e83a9c35fcc13819a807161f77a428b35b6b1525b76e662fda3a1e00dc2ff21fbb347d446a34939e0fa1536413ff5
x-tt-trace-id: 00-250102000440D10199240B752251E1F1-34DB06BC22C4EB0E-00
Expires: Thu, 02 Jan 2025 00:04:40 GMT
Cache-Control: max-age=0, no-cache, no-store
Pragma: no-cache
Date: Thu, 02 Jan 2025 00:04:40 GMT
X-Cache: TCP_MISS from a95-101-134-92.deploy.akamaitechnologies.com (AkamaiGHost/11.7.2.1-9611f29bef89eba7b18045b10aa2af98) (-)
Connection: close
x-tt-trace-tag: id=16;cdn-cache=miss;type=dyn
Server-Timing: cdn-cache; desc=MISS, edge; dur=1, origin; dur=114
X-Origin-Response-Time: 114,95.101.134.92
X-Akamai-Request-ID: 1711a205

{"code": 0, "message": "OK", "request_id": "20250102000440D10199240B752251E1F1", "data": {}}
2025-01-02T00:04:44+00:00 DEBUG POST: https://business-api.tiktok.com/open_api/v1.3/event/track/

{"partner_name":"WooCommerce","event_source":"web","event_source_id":"CSM79Q3C77UAG1T340I0","data":[{"event":"Pageview","event_id":"6775d81cf12da_tt4b_woocommerce_670666209cf1f","event_time":1735776284,"user":{"ip":"62.210.13.154","user_agent":"WP Rocket\/Preload","locale":"ar","external_id":"0","email":"e3b0c44298fc1c149afbf4c8996fb92427ae41e4649b934ca495991b7852b855","phone_number":"e3b0c44298fc1c149afbf4c8996fb92427ae41e4649b934ca495991b7852b855","first_name":"e3b0c44298fc1c149afbf4c8996fb92427ae41e4649b934ca495991b7852b855","last_name":"e3b0c44298fc1c149afbf4c8996fb92427ae41e4649b934ca495991b7852b855","zip_code":"e3b0c44298fc1c149afbf4c8996fb92427ae41e4649b934ca495991b7852b855"},"page":{"url":"http:\/\/www.ibn-sinaa.com\/product\/acrylic-calendar-with-wooden-pocket\/"}}]}
 ajax: no
2025-01-02T00:04:45+00:00 DEBUG Tt4b_Mapi_Class::mapi_post: Response: 

HTTP/1.1 200 OK
Server: nginx
Content-Type: application/json
Content-Length: 92
X-Tt-Logid: 2025010200044500C07E54DF9DC361CE1F
x-tt-trace-host: 018e5a586174a888928d793bdac74b79b519a86797e72c2eba011e03e23beee17d3a80c53038f64101b1149f88635832b9898bbbbe5fa73d47326b0b301ffb78048a20402c362c621bddf99d179151e23a95d2c0d9028a86d013c9e96481f0213cd4bbba9d69f590f18d77d938bfd88ae3
x-tt-trace-id: 00-25010200044500C07E54DF9DC361CE1F-20C377B52AA9FFAB-00
X-Origin-Response-Time: 31,23.32.17.17
X-Akamai-Request-ID: 1e53cd3.eb1a36d
Expires: Thu, 02 Jan 2025 00:04:45 GMT
Cache-Control: max-age=0, no-cache, no-store
Pragma: no-cache
Date: Thu, 02 Jan 2025 00:04:45 GMT
X-Cache: TCP_MISS from a95-101-134-116.deploy.akamaitechnologies.com (AkamaiGHost/11.7.2.1-9611f29bef89eba7b18045b10aa2af98) (-)
Connection: close
X-Cache-Remote: TCP_MISS from a23-32-17-17.deploy.akamaitechnologies.com (AkamaiGHost/11.7.2.1-9611f29bef89eba7b18045b10aa2af98) (-)
x-tt-trace-tag: id=16;cdn-cache=miss;type=dyn
Server-Timing: cdn-cache; desc=MISS, edge; dur=84, origin; dur=31
Server-Timing: inner; dur=28
X-Parent-Response-Time: 115,95.101.134.116

{"code": 0, "message": "OK", "request_id": "2025010200044500C07E54DF9DC361CE1F", "data": {}}
2025-01-02T00:04:45+00:00 DEBUG Tt4b_Pixel_Class::inject_view_content_event: hit ViewContent
2025-01-02T00:04:45+00:00 DEBUG POST: https://business-api.tiktok.com/open_api/v1.3/event/track/

{"partner_name":"WooCommerce","event_source":"web","event_source_id":"CSM79Q3C77UAG1T340I0","data":[{"event":"ViewContent","event_id":"6775d81d3805d_tt4b_woocommerce_670666209cf1f_4426","event_time":1735776285,"user":{"ip":"62.210.13.154","user_agent":"WP Rocket\/Preload","locale":"ar","external_id":"0","email":"e3b0c44298fc1c149afbf4c8996fb92427ae41e4649b934ca495991b7852b855","phone_number":"e3b0c44298fc1c149afbf4c8996fb92427ae41e4649b934ca495991b7852b855","first_name":"e3b0c44298fc1c149afbf4c8996fb92427ae41e4649b934ca495991b7852b855","last_name":"e3b0c44298fc1c149afbf4c8996fb92427ae41e4649b934ca495991b7852b855","zip_code":"e3b0c44298fc1c149afbf4c8996fb92427ae41e4649b934ca495991b7852b855"},"properties":{"contents":[{"price":180,"quantity":1,"content_id":"4426","content_name":"\u062a\u0642\u0648\u064a\u0645 \u0627\u0643\u0631\u064a\u0644\u064a\u0643 \u0645\u0639 \u062c\u064a\u0628 \u062e\u0634\u0628","description":"\u062a\u0642\u0648\u064a\u0645 \u0623\u0643\u0631\u064a\u0644\u064a\u0643 \u0645\u0639 \u062c\u064a\u0628 \u062e\u0634\u0628: \u062a\u0635\u0645\u064a\u0645 \u0639\u0635\u0631\u064a \u0648\u0623\u0646\u064a\u0642\u060c \u0645\u0635\u0646\u0648\u0639 \u0645\u0646 \u0627\u0644\u0623\u0643\u0631\u064a\u0644\u064a\u0643 \u0627\u0644\u0645\u062a\u064a\u0646 \u0628\u0648\u0636\u0648\u062d \u0627\u0633\u062a\u062b\u0646\u0627\u0626\u064a \u0644\u0644\u0643\u062a\u0627\u0628\u0629 \u0648\u0627\u0644\u0631\u0624\u064a\u0629\u060c \u064a\u0636\u064a\u0641 \u0644\u0645\u0633\u0629 \u0645\u0646 \u0627\u0644\u0641\u062e\u0627\u0645\u0629 \u0648\u0627\u0644\u062a\u0646\u0638\u064a\u0645 \u0644\u0645\u0643\u062a\u0628\u0643. \u0645\u062b\u0627\u0644\u064a \u0644\u062a\u0646\u0638\u064a\u0645 \u0627\u0644\u0645\u0648\u0627\u0639\u064a\u062f \u0648\u0627\u0644\u0627\u062c\u062a\u0645\u0627\u0639\u0627\u062a\u060c \u0648\u064a\u0636\u0641\u064a \u062c\u0627\u0630\u0628\u064a\u0629 \u0639\u0644\u0649 \u0645\u0633\u0627\u062d\u0629 \u0627\u0644\u0639\u0645\u0644 \u0627\u0644\u062e\u0627\u0635\u0629 \u0628\u0643.","availability":"IN_STOCK","sale_price":180,"on_sale":false}],"content_type":"product","currency":"SAR","value":180,"event_trigger_source":"WooCommerce"},"page":{"url":"http:\/\/www.ibn-sinaa.com\/product\/acrylic-calendar-with-wooden-pocket\/"}}]}
 ajax: no
2025-01-02T00:04:45+00:00 DEBUG Tt4b_Mapi_Class::mapi_post: Response: 

HTTP/1.1 200 OK
Server: nginx
Content-Type: application/json
Content-Length: 92
X-Tt-Logid: 20250102000445AD164DE56381859F7BE2
x-tt-trace-host: 018e5a586174a888928d793bdac74b79b56517d7628cf0ffdff56b078ad2cf5615e72529700b5e1b9923a68be84895c1de7f2a186a678adfb642c637221ef1e5d3a31a87308a191d0c7df6ff649e2b49160445236eb7c36155ff002671815717a384226167767ab67aa09c28c6e7a6b78d
x-tt-trace-id: 00-250102000445AD164DE56381859F7BE2-5D819404871D540C-00
X-Origin-Response-Time: 59,23.55.100.231
X-Akamai-Request-ID: 24a19d95.1711e748
Expires: Thu, 02 Jan 2025 00:04:45 GMT
Cache-Control: max-age=0, no-cache, no-store
Pragma: no-cache
Date: Thu, 02 Jan 2025 00:04:45 GMT
X-Cache: TCP_MISS from a95-101-134-92.deploy.akamaitechnologies.com (AkamaiGHost/11.7.2.1-9611f29bef89eba7b18045b10aa2af98) (-)
Connection: close
X-Cache-Remote: TCP_MISS from a23-55-100-231.deploy.akamaitechnologies.com (AkamaiGHost/11.7.2.1-9611f29bef89eba7b18045b10aa2af98) (-)
x-tt-trace-tag: id=16;cdn-cache=miss;type=dyn
Server-Timing: cdn-cache; desc=MISS, edge; dur=90, origin; dur=58
Server-Timing: inner; dur=55
X-Parent-Response-Time: 148,95.101.134.92

{"code": 0, "message": "OK", "request_id": "20250102000445AD164DE56381859F7BE2", "data": {}}
2025-01-02T00:04:49+00:00 DEBUG POST: https://business-api.tiktok.com/open_api/v1.3/event/track/

{"partner_name":"WooCommerce","event_source":"web","event_source_id":"CSM79Q3C77UAG1T340I0","data":[{"event":"Pageview","event_id":"6775d821b9a59_tt4b_woocommerce_670666209cf1f","event_time":1735776289,"user":{"ip":"62.210.13.154","user_agent":"WP Rocket\/Preload","locale":"ar","external_id":"0","email":"e3b0c44298fc1c149afbf4c8996fb92427ae41e4649b934ca495991b7852b855","phone_number":"e3b0c44298fc1c149afbf4c8996fb92427ae41e4649b934ca495991b7852b855","first_name":"e3b0c44298fc1c149afbf4c8996fb92427ae41e4649b934ca495991b7852b855","last_name":"e3b0c44298fc1c149afbf4c8996fb92427ae41e4649b934ca495991b7852b855","zip_code":"e3b0c44298fc1c149afbf4c8996fb92427ae41e4649b934ca495991b7852b855"},"page":{"url":"http:\/\/www.ibn-sinaa.com\/product\/print-envelopes-a4\/"}}]}
 ajax: no
2025-01-02T00:04:49+00:00 DEBUG Tt4b_Mapi_Class::mapi_post: Response: 

HTTP/1.1 200 OK
Server: nginx
Content-Type: application/json
Content-Length: 92
X-Tt-Logid: 20250102000449A6440422B1AA2DE1CF07
Server-Timing: inner; dur=35
x-tt-trace-host: 018e5a586174a888928d793bdac74b79b51a437ee89a1c03eb2011d034a2e3e9f5961eb073980a0e8a0b8c24de1981f0b83fc17042b4489f8f3b550402a8110f955c8fea4b336ba9d17c4b9973a1c1010f02077d98e82556c57ced987d204cb181
x-tt-trace-id: 00-250102000449A6440422B1AA2DE1CF07-3F5C11B459F520F9-00
Expires: Thu, 02 Jan 2025 00:04:49 GMT
Cache-Control: max-age=0, no-cache, no-store
Pragma: no-cache
Date: Thu, 02 Jan 2025 00:04:49 GMT
X-Cache: TCP_MISS from a95-101-134-92.deploy.akamaitechnologies.com (AkamaiGHost/11.7.2.1-9611f29bef89eba7b18045b10aa2af98) (-)
Connection: close
x-tt-trace-tag: id=16;cdn-cache=miss;type=dyn
Server-Timing: cdn-cache; desc=MISS, edge; dur=0, origin; dur=118
X-Origin-Response-Time: 118,95.101.134.92
X-Akamai-Request-ID: 171230b4

{"code": 0, "message": "OK", "request_id": "20250102000449A6440422B1AA2DE1CF07", "data": {}}
2025-01-02T00:04:50+00:00 DEBUG Tt4b_Pixel_Class::inject_view_content_event: hit ViewContent
2025-01-02T00:04:50+00:00 DEBUG POST: https://business-api.tiktok.com/open_api/v1.3/event/track/

{"partner_name":"WooCommerce","event_source":"web","event_source_id":"CSM79Q3C77UAG1T340I0","data":[{"event":"ViewContent","event_id":"6775d8220f3f4_tt4b_woocommerce_670666209cf1f_4018","event_time":1735776290,"user":{"ip":"62.210.13.154","user_agent":"WP Rocket\/Preload","locale":"ar","external_id":"0","email":"e3b0c44298fc1c149afbf4c8996fb92427ae41e4649b934ca495991b7852b855","phone_number":"e3b0c44298fc1c149afbf4c8996fb92427ae41e4649b934ca495991b7852b855","first_name":"e3b0c44298fc1c149afbf4c8996fb92427ae41e4649b934ca495991b7852b855","last_name":"e3b0c44298fc1c149afbf4c8996fb92427ae41e4649b934ca495991b7852b855","zip_code":"e3b0c44298fc1c149afbf4c8996fb92427ae41e4649b934ca495991b7852b855"},"properties":{"contents":[{"price":199,"quantity":1,"content_id":"4018","content_name":"\u0637\u0628\u0627\u0639\u0629 \u0638\u0631\u0648\u0641 A4\\C4","description":"\u0637\u0628\u0627\u0639\u0629 \u0645\u0644\u0648\u0646\u0629 \u0639\u0644\u0649 \u062c\u0647\u0629 \u0648\u0627\u062d\u062f\u0629 \u0645\u0646 \u0627\u0644\u0638\u0631\u0641 \u0645\u0646 \u0627\u0644\u062e\u0644\u0641 \u0641\u0642\u0637 (\u0644\u0648\u0646 \u0627\u0644\u0638\u0631\u0641 \u0623\u0628\u064a\u0636).\r\n\u0645\u0644\u0627\u062d\u0638\u0629 \u0645\u0647\u0645\u0629 : \u0645\u0642\u0627\u0633 \u0627\u0644\u0638\u0631\u0641 : 25 \u00d7 35 \u0633\u0645 \u060c \u062a\u062a\u0631\u0643 \u0647\u0648\u0627\u0645\u0634 \u0641\u0627\u0631\u063a\u0629 \u0641\u064a \u062d\u0648\u0627\u0641 \u0627\u0644\u0638\u0631\u0641 \u0639\u0646\u062f \u0627\u0644\u0637\u0628\u0627\u0639\u0629\r\n\u0645\u062f\u0629 \u062a\u0646\u0641\u064a\u0630 \u0627\u0644\u0637\u0644\u0628 : 3 \u2013 5 \u0623\u064a\u0627\u0645 \u0639\u0645\u0644 \u0628\u0639\u062f \u0627\u0639\u062a\u0645\u0627\u062f \u0627\u0644\u0637\u0644\u0628 \u0648\u0627\u0644\u062a\u0635\u0645\u064a\u0645 \u0648\u062d\u0633\u0628 \u0627\u0644\u0643\u0645\u064a\u0629 (\u062a\u0632\u064a\u062f \u0627\u0644\u0645\u062f\u0629 \u0639\u0646\u062f \u0637\u0644\u0628 \u0627\u0644\u0634\u062d\u0646).","availability":"IN_STOCK","sale_price":199,"on_sale":false}],"content_type":"product","currency":"SAR","value":199,"event_trigger_source":"WooCommerce"},"page":{"url":"http:\/\/www.ibn-sinaa.com\/product\/print-envelopes-a4\/"}}]}
 ajax: no
2025-01-02T00:04:50+00:00 DEBUG Tt4b_Mapi_Class::mapi_post: Response: 

HTTP/1.1 200 OK
Server: nginx
Content-Type: application/json
Content-Length: 92
X-Tt-Logid: 20250102000450470C3875C7B8A94A04EF
x-tt-trace-host: 018e5a586174a888928d793bdac74b79b519a86797e72c2eba011e03e23beee17d913bd14519de7b73ba852629d3b6c206823cf463a79e962b26e6a16af2b3da1c1e008b3eb6ef2d63b4c5a7c9487622b893e31612179fe6d9bbae5de87449632cb7392bc03f40f89030ee5d22b3a6aff6
x-tt-trace-id: 00-250102000450470C3875C7B8A94A04EF-4C370B2D4C161B2D-00
X-Origin-Response-Time: 33,23.218.219.29
X-Akamai-Request-ID: 41b5b0ca.eb1d704
Expires: Thu, 02 Jan 2025 00:04:50 GMT
Cache-Control: max-age=0, no-cache, no-store
Pragma: no-cache
Date: Thu, 02 Jan 2025 00:04:50 GMT
X-Cache: TCP_MISS from a95-101-134-116.deploy.akamaitechnologies.com (AkamaiGHost/11.7.2.1-9611f29bef89eba7b18045b10aa2af98) (-)
Connection: close
X-Cache-Remote: TCP_MISS from a23-218-219-29.deploy.akamaitechnologies.com (AkamaiGHost/11.7.2.1-9611f29bef89eba7b18045b10aa2af98) (-)
x-tt-trace-tag: id=16;cdn-cache=miss;type=dyn
Server-Timing: cdn-cache; desc=MISS, edge; dur=91, origin; dur=33
Server-Timing: inner; dur=30
X-Parent-Response-Time: 124,95.101.134.116

{"code": 0, "message": "OK", "request_id": "20250102000450470C3875C7B8A94A04EF", "data": {}}
2025-01-02T00:04:51+00:00 DEBUG POST: https://business-api.tiktok.com/open_api/v1.3/event/track/

{"partner_name":"WooCommerce","event_source":"web","event_source_id":"CSM79Q3C77UAG1T340I0","data":[{"event":"Pageview","event_id":"6775d823eca1e_tt4b_woocommerce_670666209cf1f","event_time":1735776291,"user":{"ip":"62.210.13.154","user_agent":"WP Rocket\/Preload","locale":"ar","external_id":"0","email":"e3b0c44298fc1c149afbf4c8996fb92427ae41e4649b934ca495991b7852b855","phone_number":"e3b0c44298fc1c149afbf4c8996fb92427ae41e4649b934ca495991b7852b855","first_name":"e3b0c44298fc1c149afbf4c8996fb92427ae41e4649b934ca495991b7852b855","last_name":"e3b0c44298fc1c149afbf4c8996fb92427ae41e4649b934ca495991b7852b855","zip_code":"e3b0c44298fc1c149afbf4c8996fb92427ae41e4649b934ca495991b7852b855"},"page":{"url":"http:\/\/www.ibn-sinaa.com\/product\/school-records-art-education\/"}}]}
 ajax: no
2025-01-02T00:04:52+00:00 DEBUG Tt4b_Mapi_Class::mapi_post: Response: 

HTTP/1.1 200 OK
Server: nginx
Content-Type: application/json
Content-Length: 92
X-Tt-Logid: 2025010200045265DF7DA79F99BEDCF377
Server-Timing: inner; dur=25
x-tt-trace-host: 018e5a586174a888928d793bdac74b79b520593bf434961dbceff88e4b17f9a15651e1e2e7495a78e5f59805753c36ce6adb6ea3647016fb81aa98df93266d1ae158f89f8711313fce58d57e2ccc0c66b506c851a0e960d7bb71bd221fb80b1dcd
x-tt-trace-id: 00-25010200045265DF7DA79F99BEDCF377-1775E46365423B30-00
Expires: Thu, 02 Jan 2025 00:04:52 GMT
Cache-Control: max-age=0, no-cache, no-store
Pragma: no-cache
Date: Thu, 02 Jan 2025 00:04:52 GMT
X-Cache: TCP_MISS from a95-101-134-116.deploy.akamaitechnologies.com (AkamaiGHost/11.7.2.1-9611f29bef89eba7b18045b10aa2af98) (-)
Connection: close
x-tt-trace-tag: id=16;cdn-cache=miss;type=dyn
Server-Timing: cdn-cache; desc=MISS, edge; dur=3, origin; dur=108
X-Origin-Response-Time: 109,95.101.134.116
X-Akamai-Request-ID: eb1eb3c

{"code": 0, "message": "OK", "request_id": "2025010200045265DF7DA79F99BEDCF377", "data": {}}
2025-01-02T00:04:52+00:00 DEBUG Tt4b_Pixel_Class::inject_view_content_event: hit ViewContent
2025-01-02T00:04:52+00:00 DEBUG POST: https://business-api.tiktok.com/open_api/v1.3/event/track/

{"partner_name":"WooCommerce","event_source":"web","event_source_id":"CSM79Q3C77UAG1T340I0","data":[{"event":"ViewContent","event_id":"6775d82453566_tt4b_woocommerce_670666209cf1f_4111","event_time":1735776292,"user":{"ip":"62.210.13.154","user_agent":"WP Rocket\/Preload","locale":"ar","external_id":"0","email":"e3b0c44298fc1c149afbf4c8996fb92427ae41e4649b934ca495991b7852b855","phone_number":"e3b0c44298fc1c149afbf4c8996fb92427ae41e4649b934ca495991b7852b855","first_name":"e3b0c44298fc1c149afbf4c8996fb92427ae41e4649b934ca495991b7852b855","last_name":"e3b0c44298fc1c149afbf4c8996fb92427ae41e4649b934ca495991b7852b855","zip_code":"e3b0c44298fc1c149afbf4c8996fb92427ae41e4649b934ca495991b7852b855"},"properties":{"contents":[{"price":65,"quantity":1,"content_id":"4111","content_name":"\u0633\u062c\u0644\u0627\u062a \u0645\u0627\u062f\u0629 \u0627\u0644\u062a\u0631\u0628\u064a\u0629 \u0627\u0644\u0641\u0646\u064a\u0629","description":". \u0637\u0628\u0627\u0639\u0647 \u0633\u062c\u0644\u0627\u062a \u0645\u062f\u0631\u0633\u064a\u0629 \u0627\u062d\u062a\u0631\u0627\u0641\u064a\u0629 \u062e\u0627\u0645\u062a\u0647\u0627 \u0643\u0631\u062a\u0648\u0646 2000 \u062c\u0631\u0627\u0645,\u062a\u0636\u0627\u0641 \u0637\u0628\u0642\u0629 \u062d\u0645\u0627\u064a\u0647 \u0627\u0633\u062a\u064a\u0643\u0631 \u0645\u0639 \u0633\u0644\u0648\u0641\u0627\u0646 \u0644\u0627\u0645\u0639.\r\n. \u0645\u062a\u0648\u0641\u0631 \u0628 \u0627\u062d\u062c\u0627\u0645 \u0645\u062e\u062a\u0644\u0641\u0647 ( \u0635\u063a\u064a\u0631, \u0648\u0633\u0637 , \u0643\u0628\u064a\u0631 ).\r\n. \u064a\u062a\u0633\u0639 \u0627\u0644\u0645\u0642\u0627\u0633 \u0627\u0644\u0635\u063a\u064a\u0631 ( \u0645\u0646 50 \u0627\u0644\u0649 150 \u0648\u0631\u0642\u0629 )\r\n. \u064a\u062a\u0633\u0639 \u0627\u0644\u0648\u0633\u0637 ( \u0645\u0646 150 \u0627\u0644\u0649 300 \u0648\u0631\u0642\u0629 )\r\n. \u0627\u0644\u0643\u0628\u064a\u0631 ( \u0645\u0646 300 \u0627\u0644\u0649 400 \u0648\u0631\u0642\u0629 ).\r\n. \u0645\u062f\u0629 \u0627\u0644\u062a\u0646\u0641\u064a\u0630 : 3-5 \u0627\u064a\u0627\u0645 \u0648\u062a\u0632\u064a\u062f \u0627\u0644\u0645\u062f\u0629 \u0639\u0646 \u0637\u0644\u0628 \u0627\u0644\u0634\u062d\u0646.","availability":"IN_STOCK","sale_price":65,"on_sale":false}],"content_type":"product","currency":"SAR","value":65,"event_trigger_source":"WooCommerce"},"page":{"url":"http:\/\/www.ibn-sinaa.com\/product\/school-records-art-education\/"}}]}
 ajax: no
2025-01-02T00:04:52+00:00 DEBUG Tt4b_Mapi_Class::mapi_post: Response: 

HTTP/1.1 200 OK
Server: nginx
Content-Type: application/json
Content-Length: 92
X-Tt-Logid: 20250102000452D89FB07D90C0A8516C8A
Server-Timing: inner; dur=42
x-tt-trace-host: 018e5a586174a888928d793bdac74b79b51a437ee89a1c03eb2011d034a2e3e9f5f5632ae0b32bf73d7ff06ec77dab0d38ec4849dee56e34b53e14684ae7815ce6b8e00d716369ff2b1cac8b8df91460659f9487f1694262d33289e19660fa0332
x-tt-trace-id: 00-250102000452D89FB07D90C0A8516C8A-27DEC5F413D819CA-00
Expires: Thu, 02 Jan 2025 00:04:52 GMT
Cache-Control: max-age=0, no-cache, no-store
Pragma: no-cache
Date: Thu, 02 Jan 2025 00:04:52 GMT
X-Cache: TCP_MISS from a95-101-134-92.deploy.akamaitechnologies.com (AkamaiGHost/11.7.2.1-9611f29bef89eba7b18045b10aa2af98) (-)
Connection: close
x-tt-trace-tag: id=16;cdn-cache=miss;type=dyn
Server-Timing: cdn-cache; desc=MISS, edge; dur=1, origin; dur=126
X-Origin-Response-Time: 126,95.101.134.92
X-Akamai-Request-ID: 1712598d

{"code": 0, "message": "OK", "request_id": "20250102000452D89FB07D90C0A8516C8A", "data": {}}
2025-01-02T00:04:55+00:00 DEBUG POST: https://business-api.tiktok.com/open_api/v1.3/event/track/

{"partner_name":"WooCommerce","event_source":"web","event_source_id":"CSM79Q3C77UAG1T340I0","data":[{"event":"Pageview","event_id":"6775d82756fb4_tt4b_woocommerce_670666209cf1f","event_time":1735776295,"user":{"ip":"62.210.13.154","user_agent":"WP Rocket\/Preload","locale":"ar","external_id":"0","email":"e3b0c44298fc1c149afbf4c8996fb92427ae41e4649b934ca495991b7852b855","phone_number":"e3b0c44298fc1c149afbf4c8996fb92427ae41e4649b934ca495991b7852b855","first_name":"e3b0c44298fc1c149afbf4c8996fb92427ae41e4649b934ca495991b7852b855","last_name":"e3b0c44298fc1c149afbf4c8996fb92427ae41e4649b934ca495991b7852b855","zip_code":"e3b0c44298fc1c149afbf4c8996fb92427ae41e4649b934ca495991b7852b855"},"page":{"url":"http:\/\/www.ibn-sinaa.com\/product\/a6-wirebound-notebook-printing\/"}}]}
 ajax: no
2025-01-02T00:04:55+00:00 DEBUG POST: https://business-api.tiktok.com/open_api/v1.3/event/track/

{"partner_name":"WooCommerce","event_source":"web","event_source_id":"CSM79Q3C77UAG1T340I0","data":[{"event":"Pageview","event_id":"6775d8276d531_tt4b_woocommerce_670666209cf1f","event_time":1735776295,"user":{"ip":"62.210.13.154","user_agent":"WP Rocket\/Preload","locale":"ar","external_id":"0","email":"e3b0c44298fc1c149afbf4c8996fb92427ae41e4649b934ca495991b7852b855","phone_number":"e3b0c44298fc1c149afbf4c8996fb92427ae41e4649b934ca495991b7852b855","first_name":"e3b0c44298fc1c149afbf4c8996fb92427ae41e4649b934ca495991b7852b855","last_name":"e3b0c44298fc1c149afbf4c8996fb92427ae41e4649b934ca495991b7852b855","zip_code":"e3b0c44298fc1c149afbf4c8996fb92427ae41e4649b934ca495991b7852b855"},"page":{"url":"http:\/\/www.ibn-sinaa.com\/product\/printing-letter-paper-textured\/"}}]}
 ajax: no
2025-01-02T00:04:55+00:00 DEBUG Tt4b_Mapi_Class::mapi_post: Response: 

HTTP/1.1 200 OK
Server: nginx
Content-Type: application/json
Content-Length: 92
X-Tt-Logid: 2025010200045565DF7DA79F99BEDCF439
Server-Timing: inner; dur=59
x-tt-trace-host: 018e5a586174a888928d793bdac74b79b520593bf434961dbceff88e4b17f9a15651e1e2e7495a78e5f59805753c36ce6a957e209849768abc023f6d767b37497636d28602961fe075738941f9e2ee83113e62ba2026da53a0d1e48f5464157f2e
x-tt-trace-id: 00-25010200045565DF7DA79F99BEDCF439-628E25AA65314A82-00
Expires: Thu, 02 Jan 2025 00:04:55 GMT
Cache-Control: max-age=0, no-cache, no-store
Pragma: no-cache
Date: Thu, 02 Jan 2025 00:04:55 GMT
X-Cache: TCP_MISS from a95-101-134-116.deploy.akamaitechnologies.com (AkamaiGHost/11.7.2.1-9611f29bef89eba7b18045b10aa2af98) (-)
Connection: close
x-tt-trace-tag: id=16;cdn-cache=miss;type=dyn
Server-Timing: cdn-cache; desc=MISS, edge; dur=1, origin; dur=141
X-Origin-Response-Time: 142,95.101.134.116
X-Akamai-Request-ID: eb20dbb

{"code": 0, "message": "OK", "request_id": "2025010200045565DF7DA79F99BEDCF439", "data": {}}
2025-01-02T00:04:55+00:00 DEBUG Tt4b_Mapi_Class::mapi_post: Response: 

HTTP/1.1 200 OK
Server: nginx
Content-Type: application/json
Content-Length: 92
X-Tt-Logid: 20250102000455C79DC78194DFD121C2C0
Server-Timing: inner; dur=38
x-tt-trace-host: 018e5a586174a888928d793bdac74b79b520593bf434961dbceff88e4b17f9a156524e6f278c7fa03731a17b093e693c69efc2e6dc4794bd3054ad2381338af1548bff04115d88327c49709e056189f7a4e2744f10a77ce0e0551544f789dca880
x-tt-trace-id: 00-250102000455C79DC78194DFD121C2C0-386364126BACDCC1-00
Expires: Thu, 02 Jan 2025 00:04:55 GMT
Cache-Control: max-age=0, no-cache, no-store
Pragma: no-cache
Date: Thu, 02 Jan 2025 00:04:55 GMT
X-Cache: TCP_MISS from a95-101-134-116.deploy.akamaitechnologies.com (AkamaiGHost/11.7.2.1-9611f29bef89eba7b18045b10aa2af98) (-)
Connection: close
x-tt-trace-tag: id=16;cdn-cache=miss;type=dyn
Server-Timing: cdn-cache; desc=MISS, edge; dur=0, origin; dur=118
X-Origin-Response-Time: 118,95.101.134.116
X-Akamai-Request-ID: eb20dfd

{"code": 0, "message": "OK", "request_id": "20250102000455C79DC78194DFD121C2C0", "data": {}}
2025-01-02T00:04:55+00:00 DEBUG Tt4b_Pixel_Class::inject_view_content_event: hit ViewContent
2025-01-02T00:04:55+00:00 DEBUG POST: https://business-api.tiktok.com/open_api/v1.3/event/track/

{"partner_name":"WooCommerce","event_source":"web","event_source_id":"CSM79Q3C77UAG1T340I0","data":[{"event":"ViewContent","event_id":"6775d827aa932_tt4b_woocommerce_670666209cf1f_3989","event_time":1735776295,"user":{"ip":"62.210.13.154","user_agent":"WP Rocket\/Preload","locale":"ar","external_id":"0","email":"e3b0c44298fc1c149afbf4c8996fb92427ae41e4649b934ca495991b7852b855","phone_number":"e3b0c44298fc1c149afbf4c8996fb92427ae41e4649b934ca495991b7852b855","first_name":"e3b0c44298fc1c149afbf4c8996fb92427ae41e4649b934ca495991b7852b855","last_name":"e3b0c44298fc1c149afbf4c8996fb92427ae41e4649b934ca495991b7852b855","zip_code":"e3b0c44298fc1c149afbf4c8996fb92427ae41e4649b934ca495991b7852b855"},"properties":{"contents":[{"price":89,"quantity":1,"content_id":"3989","content_name":"\u0637\u0628\u0627\u0639\u0629 \u0648\u0631\u0642 \u062e\u0637\u0627\u0628\u0627\u062a \u0645\u0642\u0645\u0634","description":"\u0637\u0628\u0627\u0639\u0629 \u0648\u0631\u0642 \u062e\u0637\u0627\u0628\u0627\u062a \u062e\u0627\u0645\u0647 \u0648\u0631\u0642 \u0645\u0642\u0645\u0634\u0629.\r\n\u062a\u0643\u0648\u0646 \u0627\u0644\u0637\u0628\u0627\u0639\u0629 \u0639\u0644\u0649 \u0648\u062c\u0647 \u0648\u0627\u062d\u062f \u060c \u062a\u0646\u0641\u0630 \u0639\u0644\u0649 \u0634\u0643\u0644 \u062f\u0641\u062a\u0631\u0645\u0646 100 \u0648\u0631\u0642\u0629 \u0627\u0648 \u0648\u0631\u0642 \u0641\u0631\u0637.\r\n\u0645\u062f\u0629 \u0627\u0644\u062a\u0646\u0641\u064a\u0630 \u0627\u0644\u0645\u062a\u0648\u0642\u0639\u0629: 1 \u2013 3 \u0623\u064a\u0627\u0645 \u0639\u0645\u0644 \u0628\u0639\u062f \u062a\u0623\u0643\u064a\u062f \u0627\u0644\u0637\u0644\u0628 \u0648\u0627\u0644\u062a\u0635\u0645\u064a\u0645 \u0648\u062d\u0633\u0628 \u0627\u0644\u0643\u0645\u064a\u0629 (\u062a\u0632\u064a\u062f \u0627\u0644\u0645\u062f\u0629 \u0639\u0646\u062f \u0637\u0644\u0628 \u0627\u0644\u0634\u062d\u0646).","availability":"IN_STOCK","sale_price":89,"on_sale":false}],"content_type":"product","currency":"SAR","value":89,"event_trigger_source":"WooCommerce"},"page":{"url":"http:\/\/www.ibn-sinaa.com\/product\/printing-letter-paper-textured\/"}}]}
 ajax: no
2025-01-02T00:04:55+00:00 DEBUG Tt4b_Pixel_Class::inject_view_content_event: hit ViewContent
2025-01-02T00:04:55+00:00 DEBUG POST: https://business-api.tiktok.com/open_api/v1.3/event/track/

{"partner_name":"WooCommerce","event_source":"web","event_source_id":"CSM79Q3C77UAG1T340I0","data":[{"event":"ViewContent","event_id":"6775d827b84bc_tt4b_woocommerce_670666209cf1f_4015","event_time":1735776295,"user":{"ip":"62.210.13.154","user_agent":"WP Rocket\/Preload","locale":"ar","external_id":"0","email":"e3b0c44298fc1c149afbf4c8996fb92427ae41e4649b934ca495991b7852b855","phone_number":"e3b0c44298fc1c149afbf4c8996fb92427ae41e4649b934ca495991b7852b855","first_name":"e3b0c44298fc1c149afbf4c8996fb92427ae41e4649b934ca495991b7852b855","last_name":"e3b0c44298fc1c149afbf4c8996fb92427ae41e4649b934ca495991b7852b855","zip_code":"e3b0c44298fc1c149afbf4c8996fb92427ae41e4649b934ca495991b7852b855"},"properties":{"contents":[{"price":59,"quantity":1,"content_id":"4015","content_name":"\u0637\u0628\u0627\u0639\u0629 \u0646\u0648\u062a\u0629 \u063a\u0644\u0627\u0641 \u0633\u0644\u0643 A6","description":".\u0646\u0648\u062a\u0629 \u0645\u0639 \u063a\u0644\u0627\u0641 \u0633\u0644\u0643 \u0645\u0642\u0627\u0633 A6 \u0648\u0648\u0631\u0642 \u062f\u0627\u062e\u0644\u064a \u0627\u0628\u064a\u0636 \u0648 \u0627\u0633\u0648\u062f.\r\n.\u0627\u0644\u0648\u0631\u0642 \u0627\u0644\u062f\u0627\u062e\u0644\u064a: \u0648\u0631\u0642 \u0639\u0627\u062f\u064a 80 \u062c\u0631\u0627\u0645 \u0639\u062f\u062f 50 \u0648\u0631\u0642\u0629 \u060c \u0627\u0644\u063a\u0644\u0627\u0641: \u0648\u0631\u0642 \u0643\u0648\u0634\u064a\u0647 350 \u062c\u0631\u0627\u0645 \u0645\u0639 \u0633\u0644\u0641\u0627\u0646.\r\n.\u0645\u062f\u0629 \u0627\u0644\u062a\u0646\u0641\u064a\u0630 \u0627\u0644\u0645\u062a\u0648\u0642\u0639\u0629: \u0645\u0646 3 \u0625\u0644\u0649 5 \u0623\u064a\u0627\u0645 \u0639\u0645\u0644 \u0628\u0639\u062f \u0627\u0639\u062a\u0645\u0627\u062f \u0627\u0644\u062a\u0635\u0645\u064a\u0645 \u0648\u0627\u0644\u0637\u0644\u0628 \u062d\u0633\u0628 \u0627\u0644\u0643\u0645\u064a\u0629 (\u062a\u0632\u064a\u062f \u0627\u0644\u0645\u062f\u0629 \u0639\u0646\u062f \u0637\u0644\u0628 \u0627\u0644\u0634\u062d\u0646).","availability":"IN_STOCK","sale_price":59,"on_sale":false}],"content_type":"product","currency":"SAR","value":59,"event_trigger_source":"WooCommerce"},"page":{"url":"http:\/\/www.ibn-sinaa.com\/product\/a6-wirebound-notebook-printing\/"}}]}
 ajax: no
2025-01-02T00:04:55+00:00 DEBUG Tt4b_Mapi_Class::mapi_post: Response: 

HTTP/1.1 200 OK
Server: nginx
Content-Type: application/json
Content-Length: 92
X-Tt-Logid: 202501020004556C77E2F25BC984E67B02
Server-Timing: inner; dur=47
x-tt-trace-host: 018e5a586174a888928d793bdac74b79b51a437ee89a1c03eb2011d034a2e3e9f5bc1ef4614102de16d8805fe0e65b57f2332002f632740126868f4c9138c17ad4cb15b03f780d82e75838e29e3e9b1d516191724231531dc344ff29dd45135bd3
x-tt-trace-id: 00-2501020004556C77E2F25BC984E67B02-3C14C6287130D430-00
Expires: Thu, 02 Jan 2025 00:04:55 GMT
Cache-Control: max-age=0, no-cache, no-store
Pragma: no-cache
Date: Thu, 02 Jan 2025 00:04:55 GMT
X-Cache: TCP_MISS from a95-101-134-92.deploy.akamaitechnologies.com (AkamaiGHost/11.7.2.1-9611f29bef89eba7b18045b10aa2af98) (-)
Connection: close
x-tt-trace-tag: id=16;cdn-cache=miss;type=dyn
Server-Timing: cdn-cache; desc=MISS, edge; dur=1, origin; dur=130
X-Origin-Response-Time: 130,95.101.134.92
X-Akamai-Request-ID: 17128e86

{"code": 0, "message": "OK", "request_id": "202501020004556C77E2F25BC984E67B02", "data": {}}
2025-01-02T00:04:55+00:00 DEBUG Tt4b_Mapi_Class::mapi_post: Response: 

HTTP/1.1 200 OK
Server: nginx
Content-Type: application/json
Content-Length: 92
X-Tt-Logid: 202501020004551B9FA37AD70BB0D69444
x-tt-trace-host: 018e5a586174a888928d793bdac74b79b519a86797e72c2eba011e03e23beee17d0ea33c45e8f3f0f4039d568a9578c90c02886b3267bb624f0756543225f0a561cfa34111eb2e8c1f7505740ad7f13adc749772cc90ec04b10ad6ff399f5aebb06b1df1d39856e42b54cdd6ee869ec3fd
x-tt-trace-id: 00-2501020004551B9FA37AD70BB0D69444-0F3D46ED19BB6F59-00
X-Origin-Response-Time: 34,23.32.17.34
X-Akamai-Request-ID: 2466b563.eb210f4
Expires: Thu, 02 Jan 2025 00:04:55 GMT
Cache-Control: max-age=0, no-cache, no-store
Pragma: no-cache
Date: Thu, 02 Jan 2025 00:04:55 GMT
X-Cache: TCP_MISS from a95-101-134-116.deploy.akamaitechnologies.com (AkamaiGHost/11.7.2.1-9611f29bef89eba7b18045b10aa2af98) (-)
Connection: close
X-Cache-Remote: TCP_MISS from a23-32-17-34.deploy.akamaitechnologies.com (AkamaiGHost/11.7.2.1-9611f29bef89eba7b18045b10aa2af98) (-)
x-tt-trace-tag: id=16;cdn-cache=miss;type=dyn
Server-Timing: cdn-cache; desc=MISS, edge; dur=87, origin; dur=34
Server-Timing: inner; dur=30
X-Parent-Response-Time: 121,95.101.134.116

{"code": 0, "message": "OK", "request_id": "202501020004551B9FA37AD70BB0D69444", "data": {}}
2025-01-02T00:07:13+00:00 DEBUG POST: https://business-api.tiktok.com/open_api/v1.3/event/track/

{"partner_name":"WooCommerce","event_source":"web","event_source_id":"CSM79Q3C77UAG1T340I0","data":[{"event":"Pageview","event_id":"6775d8b118ccc_tt4b_woocommerce_670666209cf1f","event_time":1735776433,"user":{"ip":"66.249.66.167","user_agent":"Mozilla\/5.0 (Linux; Android 6.0.1; Nexus 5X Build\/MMB29P) AppleWebKit\/537.36 (KHTML, like Gecko) Chrome\/131.0.6778.204 Mobile Safari\/537.36 (compatible; Googlebot\/2.1; +http:\/\/www.google.com\/bot.html)","locale":"ar","external_id":"0","email":"e3b0c44298fc1c149afbf4c8996fb92427ae41e4649b934ca495991b7852b855","phone_number":"e3b0c44298fc1c149afbf4c8996fb92427ae41e4649b934ca495991b7852b855","first_name":"e3b0c44298fc1c149afbf4c8996fb92427ae41e4649b934ca495991b7852b855","last_name":"e3b0c44298fc1c149afbf4c8996fb92427ae41e4649b934ca495991b7852b855","zip_code":"e3b0c44298fc1c149afbf4c8996fb92427ae41e4649b934ca495991b7852b855"},"page":{"url":"http:\/\/www.ibn-sinaa.com\/product\/%D8%AA%D9%82%D9%88%D9%8A%D9%85-%D8%A7%D9%83%D8%B1%D9%8A%D9%84%D9%8A%D9%83-%D8%A7%D8%B3%D9%88%D8%AF-%D9%85%D8%B9-%D8%AE%D8%B4%D8%A8\/feed\/"}}]}
 ajax: no
2025-01-02T00:07:13+00:00 DEBUG Tt4b_Mapi_Class::mapi_post: Response: 

HTTP/1.1 200 OK
Server: nginx
Content-Type: application/json
Content-Length: 92
X-Tt-Logid: 20250102000713B76B5397844B88ED9F50
x-tt-trace-host: 018e5a586174a888928d793bdac74b79b56517d7628cf0ffdff56b078ad2cf56158fee0a4ea9ce088c65cc7f923a5568ee8c028443203330d629d12a080d4c9188fd02fb52b194ab8c20efa0fe8d9c156cd7d95b422d8c50de6dcd9e3b79dce1b45bc45792fb8cca2f3951b78f2e238159
x-tt-trace-id: 00-250102000713B76B5397844B88ED9F50-78512CFD57802BBE-00
X-Origin-Response-Time: 49,23.218.219.63
X-Akamai-Request-ID: 79287f6.171ab869
Expires: Thu, 02 Jan 2025 00:07:13 GMT
Cache-Control: max-age=0, no-cache, no-store
Pragma: no-cache
Date: Thu, 02 Jan 2025 00:07:13 GMT
X-Cache: TCP_MISS from a95-101-134-92.deploy.akamaitechnologies.com (AkamaiGHost/11.7.2.1-9611f29bef89eba7b18045b10aa2af98) (-)
Connection: close
X-Cache-Remote: TCP_MISS from a23-218-219-63.deploy.akamaitechnologies.com (AkamaiGHost/11.7.2.1-9611f29bef89eba7b18045b10aa2af98) (-)
x-tt-trace-tag: id=16;cdn-cache=miss;type=dyn
Server-Timing: cdn-cache; desc=MISS, edge; dur=87, origin; dur=49
Server-Timing: inner; dur=36
X-Parent-Response-Time: 135,95.101.134.92

{"code": 0, "message": "OK", "request_id": "20250102000713B76B5397844B88ED9F50", "data": {}}
2025-01-02T00:07:48+00:00 DEBUG Tt4b_Pixel_Class::inject_add_to_cart_event: hit AddToCart
2025-01-02T00:07:48+00:00 DEBUG POST: https://business-api.tiktok.com/open_api/v1.3/event/track/

{"partner_name":"WooCommerce","event_source":"web","event_source_id":"CSM79Q3C77UAG1T340I0","data":[{"event":"AddToCart","event_id":"6775d8d4d92fa_tt4b_woocommerce_670666209cf1f_4438","event_time":1735776468,"user":{"ip":"51.222.253.7","user_agent":"Mozilla\/5.0 (compatible; AhrefsBot\/7.0; +http:\/\/ahrefs.com\/robot\/)","locale":"ar","external_id":"0","email":"e3b0c44298fc1c149afbf4c8996fb92427ae41e4649b934ca495991b7852b855","phone_number":"e3b0c44298fc1c149afbf4c8996fb92427ae41e4649b934ca495991b7852b855","first_name":"e3b0c44298fc1c149afbf4c8996fb92427ae41e4649b934ca495991b7852b855","last_name":"e3b0c44298fc1c149afbf4c8996fb92427ae41e4649b934ca495991b7852b855","zip_code":"e3b0c44298fc1c149afbf4c8996fb92427ae41e4649b934ca495991b7852b855"},"properties":{"contents":[{"price":130,"quantity":1,"content_id":"4438","content_name":"\u062a\u0642\u0648\u064a\u0645 \u0635\u0646\u062f\u0648\u0642 \u062e\u0634\u0628","description":"\u062a\u0642\u0648\u064a\u0645 \u0645\u064a\u0644\u0627\u062f\u064a \u062e\u0634\u0628: \u062a\u0635\u0645\u064a\u0645 \u0639\u0635\u0631\u064a \u0648\u0623\u0646\u064a\u0642\u060c \u0645\u0635\u0646\u0648\u0639 \u0645\u0646 \u0627\u0644\u062e\u0634\u0628 \u0627\u0644\u0645\u062a\u064a\u0646 \u0628\u0648\u0636\u0648\u062d \u0627\u0633\u062a\u062b\u0646\u0627\u0626\u064a \u0644\u0644\u0643\u062a\u0627\u0628\u0629 \u0648\u0627\u0644\u0631\u0624\u064a\u0629\u060c \u064a\u0636\u064a\u0641 \u0644\u0645\u0633\u0629 \u0645\u0646 \u0627\u0644\u0641\u062e\u0627\u0645\u0629 \u0648\u0627\u0644\u062a\u0646\u0638\u064a\u0645 \u0644\u0645\u0643\u062a\u0628\u0643. \u0645\u062b\u0627\u0644\u064a \u0644\u062a\u0646\u0638\u064a\u0645 \u0627\u0644\u0645\u0648\u0627\u0639\u064a\u062f \u0648\u0627\u0644\u0627\u062c\u062a\u0645\u0627\u0639\u0627\u062a\u060c \u0648\u064a\u0636\u0641\u064a \u062c\u0627\u0630\u0628\u064a\u0629 \u0639\u0644\u0649 \u0645\u0633\u0627\u062d\u0629 \u0627\u0644\u0639\u0645\u0644 \u0627\u0644\u062e\u0627\u0635\u0629 \u0628\u0643.","availability":"IN_STOCK","sale_price":130,"on_sale":false}],"content_type":"product","currency":"SAR","value":130,"event_trigger_source":"WooCommerce"},"page":{"url":"http:\/\/www.ibn-sinaa.com\/product-category\/shields-and-gifts\/calendars\/?add-to-cart=4438"}}]}
 ajax: no
2025-01-02T00:07:49+00:00 DEBUG Tt4b_Mapi_Class::mapi_post: Response: 

HTTP/1.1 200 OK
Server: nginx
Content-Type: application/json
Content-Length: 92
X-Tt-Logid: 2025010200074893198537770FB64B5A4B
Server-Timing: inner; dur=37
x-tt-trace-host: 018e5a586174a888928d793bdac74b79b520593bf434961dbceff88e4b17f9a156bca4a190dc1eaa156c2126a787953f30fa96d6917a4fdffa277cf22a2c94f10cd33301817a512742e5c10fd6992900cb136d353afdae3292f27d5dfba9d21915
x-tt-trace-id: 00-25010200074893198537770FB64B5A4B-4C370B2D4BA79DBE-00
Expires: Thu, 02 Jan 2025 00:07:49 GMT
Cache-Control: max-age=0, no-cache, no-store
Pragma: no-cache
Date: Thu, 02 Jan 2025 00:07:49 GMT
X-Cache: TCP_MISS from a95-101-134-116.deploy.akamaitechnologies.com (AkamaiGHost/11.7.2.1-9611f29bef89eba7b18045b10aa2af98) (-)
Connection: close
x-tt-trace-tag: id=16;cdn-cache=miss;type=dyn
Server-Timing: cdn-cache; desc=MISS, edge; dur=1, origin; dur=120
X-Origin-Response-Time: 120,95.101.134.116
X-Akamai-Request-ID: eb8aee8

{"code": 0, "message": "OK", "request_id": "2025010200074893198537770FB64B5A4B", "data": {}}
2025-01-02T00:07:49+00:00 DEBUG POST: https://business-api.tiktok.com/open_api/v1.3/event/track/

{"partner_name":"WooCommerce","event_source":"web","event_source_id":"CSM79Q3C77UAG1T340I0","data":[{"event":"Pageview","event_id":"6775d8d5584ee_tt4b_woocommerce_670666209cf1f","event_time":1735776469,"user":{"ip":"51.222.253.7","user_agent":"Mozilla\/5.0 (compatible; AhrefsBot\/7.0; +http:\/\/ahrefs.com\/robot\/)","locale":"ar","external_id":"0","email":"e3b0c44298fc1c149afbf4c8996fb92427ae41e4649b934ca495991b7852b855","phone_number":"e3b0c44298fc1c149afbf4c8996fb92427ae41e4649b934ca495991b7852b855","first_name":"e3b0c44298fc1c149afbf4c8996fb92427ae41e4649b934ca495991b7852b855","last_name":"e3b0c44298fc1c149afbf4c8996fb92427ae41e4649b934ca495991b7852b855","zip_code":"e3b0c44298fc1c149afbf4c8996fb92427ae41e4649b934ca495991b7852b855"},"page":{"url":"http:\/\/www.ibn-sinaa.com\/product-category\/shields-and-gifts\/calendars\/?add-to-cart=4438"}}]}
 ajax: no
2025-01-02T00:07:49+00:00 DEBUG Tt4b_Mapi_Class::mapi_post: Response: 

HTTP/1.1 200 OK
Server: nginx
Content-Type: application/json
Content-Length: 92
X-Tt-Logid: 20250102000749751A21DC751FF9F5E614
x-tt-trace-host: 018e5a586174a888928d793bdac74b79b56517d7628cf0ffdff56b078ad2cf5615f85a211392a3a10edf271a3cfe7c19738627f4a1ce6f92239a0e7793793eec91699bf3d1ebeab4e19a4b4f09bb17e2a933c48f966c4256a78a5994e093b81ca28372a34d4f42afb1e67e1d53bb385c58
x-tt-trace-id: 00-250102000749751A21DC751FF9F5E614-08AC61E773F25EED-00
X-Origin-Response-Time: 27,23.55.100.232
X-Akamai-Request-ID: 68688239.171ca900
Expires: Thu, 02 Jan 2025 00:07:49 GMT
Cache-Control: max-age=0, no-cache, no-store
Pragma: no-cache
Date: Thu, 02 Jan 2025 00:07:49 GMT
X-Cache: TCP_MISS from a95-101-134-92.deploy.akamaitechnologies.com (AkamaiGHost/11.7.2.1-9611f29bef89eba7b18045b10aa2af98) (-)
Connection: close
X-Cache-Remote: TCP_MISS from a23-55-100-232.deploy.akamaitechnologies.com (AkamaiGHost/11.7.2.1-9611f29bef89eba7b18045b10aa2af98) (-)
x-tt-trace-tag: id=16;cdn-cache=miss;type=dyn
Server-Timing: cdn-cache; desc=MISS, edge; dur=82, origin; dur=27
Server-Timing: inner; dur=24
X-Parent-Response-Time: 108,95.101.134.92

{"code": 0, "message": "OK", "request_id": "20250102000749751A21DC751FF9F5E614", "data": {}}
2025-01-02T00:08:33+00:00 DEBUG POST: https://business-api.tiktok.com/open_api/v1.3/event/track/

{"partner_name":"WooCommerce","event_source":"web","event_source_id":"CSM79Q3C77UAG1T340I0","data":[{"event":"Pageview","event_id":"6775d9012551d_tt4b_woocommerce_670666209cf1f","event_time":1735776513,"user":{"ip":"40.77.167.75","user_agent":"Mozilla\/5.0 AppleWebKit\/537.36 (KHTML, like Gecko; compatible; bingbot\/2.0; +http:\/\/www.bing.com\/bingbot.htm) Chrome\/116.0.1938.76 Safari\/537.36","locale":"ar","external_id":"0","email":"e3b0c44298fc1c149afbf4c8996fb92427ae41e4649b934ca495991b7852b855","phone_number":"e3b0c44298fc1c149afbf4c8996fb92427ae41e4649b934ca495991b7852b855","first_name":"e3b0c44298fc1c149afbf4c8996fb92427ae41e4649b934ca495991b7852b855","last_name":"e3b0c44298fc1c149afbf4c8996fb92427ae41e4649b934ca495991b7852b855","zip_code":"e3b0c44298fc1c149afbf4c8996fb92427ae41e4649b934ca495991b7852b855"},"page":{"url":"http:\/\/ibn-sinaa.com\/product-category\/7('9)-\/j,*'d\/+je'*"}}]}
 ajax: no
2025-01-02T00:08:33+00:00 DEBUG Tt4b_Mapi_Class::mapi_post: Response: 

HTTP/1.1 200 OK
Server: nginx
Content-Type: application/json
Content-Length: 92
X-Tt-Logid: 202501020008335F6C5C9BD8FDF550A7D8
x-tt-trace-host: 018e5a586174a888928d793bdac74b79b56517d7628cf0ffdff56b078ad2cf561500791e4cd5e18574a8bce0050d22300a97841687b950b47494a2faefcb028803c8533abbb7cd2e06da68c316a89f1985b166bea92ad0d621125ac1e73795b0173f77d3e30f9b15cdae356a9f53f053da
x-tt-trace-id: 00-2501020008335F6C5C9BD8FDF550A7D8-4565E35949D21863-00
X-Origin-Response-Time: 34,23.32.17.29
X-Akamai-Request-ID: 1f61621.171f0fe8
Expires: Thu, 02 Jan 2025 00:08:33 GMT
Cache-Control: max-age=0, no-cache, no-store
Pragma: no-cache
Date: Thu, 02 Jan 2025 00:08:33 GMT
X-Cache: TCP_MISS from a95-101-134-92.deploy.akamaitechnologies.com (AkamaiGHost/11.7.2.1-9611f29bef89eba7b18045b10aa2af98) (-)
Connection: close
X-Cache-Remote: TCP_MISS from a23-32-17-29.deploy.akamaitechnologies.com (AkamaiGHost/11.7.2.1-9611f29bef89eba7b18045b10aa2af98) (-)
x-tt-trace-tag: id=16;cdn-cache=miss;type=dyn
Server-Timing: cdn-cache; desc=MISS, edge; dur=239, origin; dur=34
Server-Timing: inner; dur=28
X-Parent-Response-Time: 273,95.101.134.92

{"code": 0, "message": "OK", "request_id": "202501020008335F6C5C9BD8FDF550A7D8", "data": {}}
2025-01-02T00:14:30+00:00 DEBUG POST: https://business-api.tiktok.com/open_api/v1.3/event/track/

{"partner_name":"WooCommerce","event_source":"web","event_source_id":"CSM79Q3C77UAG1T340I0","data":[{"event":"Pageview","event_id":"6775da66dfb39_tt4b_woocommerce_670666209cf1f","event_time":1735776870,"user":{"ip":"66.249.66.167","user_agent":"Mozilla\/5.0 (Linux; Android 6.0.1; Nexus 5X Build\/MMB29P) AppleWebKit\/537.36 (KHTML, like Gecko) Chrome\/131.0.6778.139 Mobile Safari\/537.36 (compatible; Googlebot\/2.1; +http:\/\/www.google.com\/bot.html)","locale":"ar","external_id":"0","email":"e3b0c44298fc1c149afbf4c8996fb92427ae41e4649b934ca495991b7852b855","phone_number":"e3b0c44298fc1c149afbf4c8996fb92427ae41e4649b934ca495991b7852b855","first_name":"e3b0c44298fc1c149afbf4c8996fb92427ae41e4649b934ca495991b7852b855","last_name":"e3b0c44298fc1c149afbf4c8996fb92427ae41e4649b934ca495991b7852b855","zip_code":"e3b0c44298fc1c149afbf4c8996fb92427ae41e4649b934ca495991b7852b855"},"page":{"url":"http:\/\/www.ibn-sinaa.com\/product-tag\/%D8%B7%D8%A8%D8%A7%D8%B9%D8%A9-%D8%B9%D9%84%D9%85-%D9%85%D9%83%D8%AA%D8%A8%D9%8A\/"}}]}
 ajax: no
2025-01-02T00:14:31+00:00 DEBUG Tt4b_Mapi_Class::mapi_post: Response: 

HTTP/1.1 200 OK
Server: nginx
Content-Type: application/json
Content-Length: 92
X-Tt-Logid: 202501020014317D66B2F502EB4058E1E7
Server-Timing: inner; dur=22
x-tt-trace-host: 018e5a586174a888928d793bdac74b79b51a437ee89a1c03eb2011d034a2e3e9f5df89087440a7d6f908c3628e11572c1e5273868f6d474204b9a910af38b006312781c43a1f74e531a60ea9fc6a053e72c3b872325a0bc40f7fb5c0736f435b30
x-tt-trace-id: 00-2501020014317D66B2F502EB4058E1E7-44D665365380F142-00
Expires: Thu, 02 Jan 2025 00:14:31 GMT
Cache-Control: max-age=0, no-cache, no-store
Pragma: no-cache
Date: Thu, 02 Jan 2025 00:14:31 GMT
X-Cache: TCP_MISS from a95-101-134-92.deploy.akamaitechnologies.com (AkamaiGHost/11.7.2.1-9611f29bef89eba7b18045b10aa2af98) (-)
Connection: close
x-tt-trace-tag: id=16;cdn-cache=miss;type=dyn
Server-Timing: cdn-cache; desc=MISS, edge; dur=1, origin; dur=104
X-Origin-Response-Time: 105,95.101.134.92
X-Akamai-Request-ID: 173292bc

{"code": 0, "message": "OK", "request_id": "202501020014317D66B2F502EB4058E1E7", "data": {}}
2025-01-02T00:17:06+00:00 DEBUG Tt4b_Pixel_Class::inject_add_to_cart_event: hit AddToCart
2025-01-02T00:17:06+00:00 DEBUG POST: https://business-api.tiktok.com/open_api/v1.3/event/track/

{"partner_name":"WooCommerce","event_source":"web","event_source_id":"CSM79Q3C77UAG1T340I0","data":[{"event":"AddToCart","event_id":"6775db0293b52_tt4b_woocommerce_670666209cf1f_4436","event_time":1735777026,"user":{"ip":"54.36.148.191","user_agent":"Mozilla\/5.0 (compatible; AhrefsBot\/7.0; +http:\/\/ahrefs.com\/robot\/)","locale":"ar","external_id":"0","email":"e3b0c44298fc1c149afbf4c8996fb92427ae41e4649b934ca495991b7852b855","phone_number":"e3b0c44298fc1c149afbf4c8996fb92427ae41e4649b934ca495991b7852b855","first_name":"e3b0c44298fc1c149afbf4c8996fb92427ae41e4649b934ca495991b7852b855","last_name":"e3b0c44298fc1c149afbf4c8996fb92427ae41e4649b934ca495991b7852b855","zip_code":"e3b0c44298fc1c149afbf4c8996fb92427ae41e4649b934ca495991b7852b855"},"properties":{"contents":[{"price":180,"quantity":1,"content_id":"4436","content_name":"\u062a\u0642\u0648\u064a\u0645 \u062e\u0634\u0628 \u0648\u0633\u0637 \u0645\u0639 \u062c\u0644\u062f","description":"\u062a\u0642\u0648\u064a\u0645 \u0645\u064a\u0644\u0627\u062f\u064a \u062e\u0634\u0628: \u062a\u0635\u0645\u064a\u0645 \u0639\u0635\u0631\u064a \u0648\u0623\u0646\u064a\u0642\u060c \u0645\u0635\u0646\u0648\u0639 \u0645\u0646 \u0627\u0644\u062e\u0634\u0628 \u0627\u0644\u0645\u062a\u064a\u0646 \u0628\u0648\u0636\u0648\u062d \u0627\u0633\u062a\u062b\u0646\u0627\u0626\u064a \u0644\u0644\u0643\u062a\u0627\u0628\u0629 \u0648\u0627\u0644\u0631\u0624\u064a\u0629\u060c \u064a\u0636\u064a\u0641 \u0644\u0645\u0633\u0629 \u0645\u0646 \u0627\u0644\u0641\u062e\u0627\u0645\u0629 \u0648\u0627\u0644\u062a\u0646\u0638\u064a\u0645 \u0644\u0645\u0643\u062a\u0628\u0643. \u0645\u062b\u0627\u0644\u064a \u0644\u062a\u0646\u0638\u064a\u0645 \u0627\u0644\u0645\u0648\u0627\u0639\u064a\u062f \u0648\u0627\u0644\u0627\u062c\u062a\u0645\u0627\u0639\u0627\u062a\u060c \u0648\u064a\u0636\u0641\u064a \u062c\u0627\u0630\u0628\u064a\u0629 \u0639\u0644\u0649 \u0645\u0633\u0627\u062d\u0629 \u0627\u0644\u0639\u0645\u0644 \u0627\u0644\u062e\u0627\u0635\u0629 \u0628\u0643.","availability":"IN_STOCK","sale_price":180,"on_sale":false}],"content_type":"product","currency":"SAR","value":180,"event_trigger_source":"WooCommerce"},"page":{"url":"http:\/\/ibn-sinaa.com\/product\/small-wood-calendar\/?add-to-cart=4436"}}]}
 ajax: no
2025-01-02T00:17:06+00:00 DEBUG Tt4b_Mapi_Class::mapi_post: Response: 

HTTP/1.1 200 OK
Server: nginx
Content-Type: application/json
Content-Length: 92
X-Tt-Logid: 202501020017063CACD42C5C796B6B8BF6
Server-Timing: inner; dur=28
x-tt-trace-host: 018e5a586174a888928d793bdac74b79b51a437ee89a1c03eb2011d034a2e3e9f5082c984c2979d9a3a2051abe9f09445885cc394aa3a15aeb2910ea0fd9e99f159150153de6557565a32cfc8ce02faffd06206707411b0da907f7b5e27b838904
x-tt-trace-id: 00-2501020017063CACD42C5C796B6B8BF6-18251BCD7CE10062-00
Expires: Thu, 02 Jan 2025 00:17:06 GMT
Cache-Control: max-age=0, no-cache, no-store
Pragma: no-cache
Date: Thu, 02 Jan 2025 00:17:06 GMT
X-Cache: TCP_MISS from a95-101-134-92.deploy.akamaitechnologies.com (AkamaiGHost/11.7.2.1-9611f29bef89eba7b18045b10aa2af98) (-)
Connection: close
x-tt-trace-tag: id=16;cdn-cache=miss;type=dyn
Server-Timing: cdn-cache; desc=MISS, edge; dur=0, origin; dur=112
X-Origin-Response-Time: 112,95.101.134.92
X-Akamai-Request-ID: 173b1ed2

{"code": 0, "message": "OK", "request_id": "202501020017063CACD42C5C796B6B8BF6", "data": {}}
2025-01-02T00:17:07+00:00 DEBUG POST: https://business-api.tiktok.com/open_api/v1.3/event/track/

{"partner_name":"WooCommerce","event_source":"web","event_source_id":"CSM79Q3C77UAG1T340I0","data":[{"event":"Pageview","event_id":"6775db031396c_tt4b_woocommerce_670666209cf1f","event_time":1735777027,"user":{"ip":"54.36.148.191","user_agent":"Mozilla\/5.0 (compatible; AhrefsBot\/7.0; +http:\/\/ahrefs.com\/robot\/)","locale":"ar","external_id":"0","email":"e3b0c44298fc1c149afbf4c8996fb92427ae41e4649b934ca495991b7852b855","phone_number":"e3b0c44298fc1c149afbf4c8996fb92427ae41e4649b934ca495991b7852b855","first_name":"e3b0c44298fc1c149afbf4c8996fb92427ae41e4649b934ca495991b7852b855","last_name":"e3b0c44298fc1c149afbf4c8996fb92427ae41e4649b934ca495991b7852b855","zip_code":"e3b0c44298fc1c149afbf4c8996fb92427ae41e4649b934ca495991b7852b855"},"page":{"url":"http:\/\/ibn-sinaa.com\/product\/small-wood-calendar\/?add-to-cart=4436"}}]}
 ajax: no
2025-01-02T00:17:07+00:00 DEBUG Tt4b_Mapi_Class::mapi_post: Response: 

HTTP/1.1 200 OK
Server: nginx
Content-Type: application/json
Content-Length: 92
X-Tt-Logid: 2025010200170754FE54D4F19EDB5637CF
x-tt-trace-host: 018e5a586174a888928d793bdac74b79b519a86797e72c2eba011e03e23beee17d20481d648d54f0218cbad5b9f220e2a2430c6e8dfc4a1591c62b46aac92b161666539d772fd48ece8b4fa4c96906aa4a23cdd6dbbf31cd016312d00a18d674c4780509f5c27040fd91908873412afc13
x-tt-trace-id: 00-25010200170754FE54D4F19EDB5637CF-4A28A7AD51445C29-00
X-Origin-Response-Time: 43,23.32.17.6
X-Akamai-Request-ID: 2853970d.ecda1dc
Expires: Thu, 02 Jan 2025 00:17:07 GMT
Cache-Control: max-age=0, no-cache, no-store
Pragma: no-cache
Date: Thu, 02 Jan 2025 00:17:07 GMT
X-Cache: TCP_MISS from a95-101-134-116.deploy.akamaitechnologies.com (AkamaiGHost/11.7.2.1-9611f29bef89eba7b18045b10aa2af98) (-)
Connection: close
X-Cache-Remote: TCP_MISS from a23-32-17-6.deploy.akamaitechnologies.com (AkamaiGHost/11.7.2.1-9611f29bef89eba7b18045b10aa2af98) (-)
x-tt-trace-tag: id=16;cdn-cache=miss;type=dyn
Server-Timing: cdn-cache; desc=MISS, edge; dur=82, origin; dur=43
Server-Timing: inner; dur=35
X-Parent-Response-Time: 124,95.101.134.116

{"code": 0, "message": "OK", "request_id": "2025010200170754FE54D4F19EDB5637CF", "data": {}}
2025-01-02T00:17:07+00:00 DEBUG Tt4b_Pixel_Class::inject_view_content_event: hit ViewContent
2025-01-02T00:17:07+00:00 DEBUG POST: https://business-api.tiktok.com/open_api/v1.3/event/track/

{"partner_name":"WooCommerce","event_source":"web","event_source_id":"CSM79Q3C77UAG1T340I0","data":[{"event":"ViewContent","event_id":"6775db034d8e5_tt4b_woocommerce_670666209cf1f_4432","event_time":1735777027,"user":{"ip":"54.36.148.191","user_agent":"Mozilla\/5.0 (compatible; AhrefsBot\/7.0; +http:\/\/ahrefs.com\/robot\/)","locale":"ar","external_id":"0","email":"e3b0c44298fc1c149afbf4c8996fb92427ae41e4649b934ca495991b7852b855","phone_number":"e3b0c44298fc1c149afbf4c8996fb92427ae41e4649b934ca495991b7852b855","first_name":"e3b0c44298fc1c149afbf4c8996fb92427ae41e4649b934ca495991b7852b855","last_name":"e3b0c44298fc1c149afbf4c8996fb92427ae41e4649b934ca495991b7852b855","zip_code":"e3b0c44298fc1c149afbf4c8996fb92427ae41e4649b934ca495991b7852b855"},"properties":{"contents":[{"price":115,"quantity":1,"content_id":"4432","content_name":"\u062a\u0642\u0648\u064a\u0645 \u062e\u0634\u0628 \u0635\u063a\u064a\u0631","description":"\u062a\u0642\u0648\u064a\u0645 \u062e\u0634\u0628 \u0635\u063a\u064a\u0631: \u062a\u0635\u0645\u064a\u0645 \u0639\u0635\u0631\u064a \u0648\u0623\u0646\u064a\u0642\u060c \u0645\u0635\u0646\u0648\u0639 \u0645\u0646 \u0627\u0644\u062e\u0634\u0628 \u0627\u0644\u0645\u062a\u064a\u0646 \u0628\u0648\u0636\u0648\u062d \u0627\u0633\u062a\u062b\u0646\u0627\u0626\u064a \u0644\u0644\u0643\u062a\u0627\u0628\u0629 \u0648\u0627\u0644\u0631\u0624\u064a\u0629\u060c \u064a\u0636\u064a\u0641 \u0644\u0645\u0633\u0629 \u0645\u0646 \u0627\u0644\u0641\u062e\u0627\u0645\u0629 \u0648\u0627\u0644\u062a\u0646\u0638\u064a\u0645 \u0644\u0645\u0643\u062a\u0628\u0643. \u0645\u062b\u0627\u0644\u064a \u0644\u062a\u0646\u0638\u064a\u0645 \u0627\u0644\u0645\u0648\u0627\u0639\u064a\u062f \u0648\u0627\u0644\u0627\u062c\u062a\u0645\u0627\u0639\u0627\u062a\u060c \u0648\u064a\u0636\u0641\u064a \u062c\u0627\u0630\u0628\u064a\u0629 \u0639\u0644\u0649 \u0645\u0633\u0627\u062d\u0629 \u0627\u0644\u0639\u0645\u0644 \u0627\u0644\u062e\u0627\u0635\u0629 \u0628\u0643.","availability":"IN_STOCK","sale_price":115,"on_sale":false}],"content_type":"product","currency":"SAR","value":115,"event_trigger_source":"WooCommerce"},"page":{"url":"http:\/\/ibn-sinaa.com\/product\/small-wood-calendar\/?add-to-cart=4436"}}]}
 ajax: no
2025-01-02T00:17:07+00:00 DEBUG Tt4b_Mapi_Class::mapi_post: Response: 

HTTP/1.1 200 OK
Server: nginx
Content-Type: application/json
Content-Length: 92
X-Tt-Logid: 20250102001707CD29F8148C8D9ADB9350
x-tt-trace-host: 018e5a586174a888928d793bdac74b79b56517d7628cf0ffdff56b078ad2cf5615e1916859531b0f5bc0df6e765bcfefcd568318f02afc3c242280ab771720a99ae9854ff53b2b7505b20d48a245cd2291450f27a595c2ee042edf1a1da2963b03e41b13649b1d970f6d6a582958d9cb80
x-tt-trace-id: 00-250102001707CD29F8148C8D9ADB9350-0D923C2F8B7FD715-00
X-Origin-Response-Time: 162,23.218.219.32
X-Akamai-Request-ID: 18adc777.173b28a2
Expires: Thu, 02 Jan 2025 00:17:07 GMT
Cache-Control: max-age=0, no-cache, no-store
Pragma: no-cache
Date: Thu, 02 Jan 2025 00:17:07 GMT
X-Cache: TCP_MISS from a95-101-134-92.deploy.akamaitechnologies.com (AkamaiGHost/11.7.2.1-9611f29bef89eba7b18045b10aa2af98) (-)
Connection: close
X-Cache-Remote: TCP_MISS from a23-218-219-32.deploy.akamaitechnologies.com (AkamaiGHost/11.7.2.1-9611f29bef89eba7b18045b10aa2af98) (-)
x-tt-trace-tag: id=16;cdn-cache=miss;type=dyn
Server-Timing: cdn-cache; desc=MISS, edge; dur=82, origin; dur=162
Server-Timing: inner; dur=153
X-Parent-Response-Time: 244,95.101.134.92

{"code": 0, "message": "OK", "request_id": "20250102001707CD29F8148C8D9ADB9350", "data": {}}
2025-01-02T00:17:39+00:00 DEBUG POST: https://business-api.tiktok.com/open_api/v1.3/event/track/

{"partner_name":"WooCommerce","event_source":"web","event_source_id":"CSM79Q3C77UAG1T340I0","data":[{"event":"Pageview","event_id":"6775db23b6b82_tt4b_woocommerce_670666209cf1f","event_time":1735777059,"user":{"ip":"3.252.59.38","user_agent":"Mozilla\/5.0 (compatible; NetcraftSurveyAgent\/1.0; +info@netcraft.com)","locale":"ar","external_id":"0","email":"e3b0c44298fc1c149afbf4c8996fb92427ae41e4649b934ca495991b7852b855","phone_number":"e3b0c44298fc1c149afbf4c8996fb92427ae41e4649b934ca495991b7852b855","first_name":"e3b0c44298fc1c149afbf4c8996fb92427ae41e4649b934ca495991b7852b855","last_name":"e3b0c44298fc1c149afbf4c8996fb92427ae41e4649b934ca495991b7852b855","zip_code":"e3b0c44298fc1c149afbf4c8996fb92427ae41e4649b934ca495991b7852b855"},"page":{"url":"http:\/\/mail.ibn-sinaa.com\/"}}]}
 ajax: no
2025-01-02T00:17:39+00:00 DEBUG Tt4b_Mapi_Class::mapi_post: Response: 

HTTP/1.1 200 OK
Server: nginx
Content-Type: application/json
Content-Length: 92
X-Tt-Logid: 20250102001739381BCB9A926144E0FBAC
Server-Timing: inner; dur=21
x-tt-trace-host: 018e5a586174a888928d793bdac74b79b51a437ee89a1c03eb2011d034a2e3e9f5c0967178551ef67048cf439bb2d5dca722c5b6030a11c2f4bd095f8d0b84f612d39e14c769998788fa8a4b027e91677ee4125a124706492f4f62cfc9359c79cf
x-tt-trace-id: 00-250102001739381BCB9A926144E0FBAC-537F8B8A16752685-00
Expires: Thu, 02 Jan 2025 00:17:39 GMT
Cache-Control: max-age=0, no-cache, no-store
Pragma: no-cache
Date: Thu, 02 Jan 2025 00:17:39 GMT
X-Cache: TCP_MISS from a95-101-134-92.deploy.akamaitechnologies.com (AkamaiGHost/11.7.2.1-9611f29bef89eba7b18045b10aa2af98) (-)
Connection: close
x-tt-trace-tag: id=16;cdn-cache=miss;type=dyn
Server-Timing: cdn-cache; desc=MISS, edge; dur=3, origin; dur=104
X-Origin-Response-Time: 105,95.101.134.92
X-Akamai-Request-ID: 173cd333

{"code": 0, "message": "OK", "request_id": "20250102001739381BCB9A926144E0FBAC", "data": {}}
2025-01-02T00:22:13+00:00 DEBUG POST: https://business-api.tiktok.com/open_api/v1.3/event/track/

{"partner_name":"WooCommerce","event_source":"web","event_source_id":"CSM79Q3C77UAG1T340I0","data":[{"event":"Pageview","event_id":"6775dc3533113_tt4b_woocommerce_670666209cf1f","event_time":1735777333,"user":{"ip":"66.249.66.168","user_agent":"Mozilla\/5.0 (Linux; Android 6.0.1; Nexus 5X Build\/MMB29P) AppleWebKit\/537.36 (KHTML, like Gecko) Chrome\/131.0.6778.204 Mobile Safari\/537.36 (compatible; Googlebot\/2.1; +http:\/\/www.google.com\/bot.html)","locale":"ar","external_id":"0","email":"e3b0c44298fc1c149afbf4c8996fb92427ae41e4649b934ca495991b7852b855","phone_number":"e3b0c44298fc1c149afbf4c8996fb92427ae41e4649b934ca495991b7852b855","first_name":"e3b0c44298fc1c149afbf4c8996fb92427ae41e4649b934ca495991b7852b855","last_name":"e3b0c44298fc1c149afbf4c8996fb92427ae41e4649b934ca495991b7852b855","zip_code":"e3b0c44298fc1c149afbf4c8996fb92427ae41e4649b934ca495991b7852b855"},"page":{"url":"http:\/\/www.ibn-sinaa.com\/product\/%D8%B3%D8%AC%D9%84%D8%A7%D8%AA-%D9%85%D8%A7%D8%AF%D8%A9-%D8%A7%D9%84%D9%81%D9%8A%D8%B2%D9%8A%D8%A7%D8%A1\/feed\/"}}]}
 ajax: no
2025-01-02T00:22:13+00:00 DEBUG Tt4b_Mapi_Class::mapi_post: Response: 

HTTP/1.1 200 OK
Server: nginx
Content-Type: application/json
Content-Length: 92
X-Tt-Logid: 202501020022134987719E974A8A61D592
x-tt-trace-host: 018e5a586174a888928d793bdac74b79b519a86797e72c2eba011e03e23beee17d4b08160833216bd1bb13a3756b7012bbaa53f2a550a27149d6936e6e058217be9fae9dd2f9fbb580f57b2888bd424dd079379fbd715cae9d47cba55a7063787ae8eae898afdd3b331e6fe0bccc258a2d
x-tt-trace-id: 00-2501020022134987719E974A8A61D592-4404C9CE85EDFEEE-00
X-Origin-Response-Time: 34,23.55.100.233
X-Akamai-Request-ID: f35a0301.ed7ec52
Expires: Thu, 02 Jan 2025 00:22:13 GMT
Cache-Control: max-age=0, no-cache, no-store
Pragma: no-cache
Date: Thu, 02 Jan 2025 00:22:13 GMT
X-Cache: TCP_MISS from a95-101-134-116.deploy.akamaitechnologies.com (AkamaiGHost/11.7.2.1-9611f29bef89eba7b18045b10aa2af98) (-)
Connection: close
X-Cache-Remote: TCP_MISS from a23-55-100-233.deploy.akamaitechnologies.com (AkamaiGHost/11.7.2.1-9611f29bef89eba7b18045b10aa2af98) (-)
x-tt-trace-tag: id=16;cdn-cache=miss;type=dyn
Server-Timing: cdn-cache; desc=MISS, edge; dur=81, origin; dur=34
Server-Timing: inner; dur=31
X-Parent-Response-Time: 115,95.101.134.116

{"code": 0, "message": "OK", "request_id": "202501020022134987719E974A8A61D592", "data": {}}
2025-01-02T00:22:52+00:00 DEBUG POST: https://business-api.tiktok.com/open_api/v1.3/event/track/

{"partner_name":"WooCommerce","event_source":"web","event_source_id":"CSM79Q3C77UAG1T340I0","data":[{"event":"Pageview","event_id":"6775dc5c5ed68_tt4b_woocommerce_670666209cf1f","event_time":1735777372,"user":{"ip":"66.249.66.70","user_agent":"Mozilla\/5.0 (Linux; Android 6.0.1; Nexus 5X Build\/MMB29P) AppleWebKit\/537.36 (KHTML, like Gecko) Chrome\/99.0.4844.84 Mobile Safari\/537.36 (compatible; Googlebot\/2.1; +http:\/\/www.google.com\/bot.html)","locale":"ar","external_id":"0","email":"e3b0c44298fc1c149afbf4c8996fb92427ae41e4649b934ca495991b7852b855","phone_number":"e3b0c44298fc1c149afbf4c8996fb92427ae41e4649b934ca495991b7852b855","first_name":"e3b0c44298fc1c149afbf4c8996fb92427ae41e4649b934ca495991b7852b855","last_name":"e3b0c44298fc1c149afbf4c8996fb92427ae41e4649b934ca495991b7852b855","zip_code":"e3b0c44298fc1c149afbf4c8996fb92427ae41e4649b934ca495991b7852b855"},"page":{"url":"http:\/\/ibn-sinaa.com\/"}}]}
 ajax: no
2025-01-02T00:22:52+00:00 DEBUG Tt4b_Mapi_Class::mapi_post: Response: 

HTTP/1.1 200 OK
Server: nginx
Content-Type: application/json
Content-Length: 92
X-Tt-Logid: 20250102002252A7DEBD02FDF6104FA6B2
Server-Timing: inner; dur=37
x-tt-trace-host: 018e5a586174a888928d793bdac74b79b51a437ee89a1c03eb2011d034a2e3e9f5e605282d1e7f2061845146ea3a349542aed373d887123caddbf15feedc4b4f806b0bde060d5036a14b7b3c1f90081cfc9f153f00c3fccd37cb48a4cf64cc67ad
x-tt-trace-id: 00-250102002252A7DEBD02FDF6104FA6B2-49E9FA3944115530-00
Expires: Thu, 02 Jan 2025 00:22:52 GMT
Cache-Control: max-age=0, no-cache, no-store
Pragma: no-cache
Date: Thu, 02 Jan 2025 00:22:52 GMT
X-Cache: TCP_MISS from a95-101-134-92.deploy.akamaitechnologies.com (AkamaiGHost/11.7.2.1-9611f29bef89eba7b18045b10aa2af98) (-)
Connection: close
x-tt-trace-tag: id=16;cdn-cache=miss;type=dyn
Server-Timing: cdn-cache; desc=MISS, edge; dur=1, origin; dur=119
X-Origin-Response-Time: 120,95.101.134.92
X-Akamai-Request-ID: 174b8f79

{"code": 0, "message": "OK", "request_id": "20250102002252A7DEBD02FDF6104FA6B2", "data": {}}
2025-01-02T00:26:27+00:00 DEBUG POST: https://business-api.tiktok.com/open_api/v1.3/event/track/

{"partner_name":"WooCommerce","event_source":"web","event_source_id":"CSM79Q3C77UAG1T340I0","data":[{"event":"Pageview","event_id":"6775dd33b3284_tt4b_woocommerce_670666209cf1f","event_time":1735777587,"user":{"ip":"66.249.66.72","user_agent":"Googlebot-Image\/1.0","locale":"ar","external_id":"0","email":"e3b0c44298fc1c149afbf4c8996fb92427ae41e4649b934ca495991b7852b855","phone_number":"e3b0c44298fc1c149afbf4c8996fb92427ae41e4649b934ca495991b7852b855","first_name":"e3b0c44298fc1c149afbf4c8996fb92427ae41e4649b934ca495991b7852b855","last_name":"e3b0c44298fc1c149afbf4c8996fb92427ae41e4649b934ca495991b7852b855","zip_code":"e3b0c44298fc1c149afbf4c8996fb92427ae41e4649b934ca495991b7852b855"},"page":{"url":"http:\/\/ibn-sinaa.com\/wp-content\/uploads\/2022\/04\/4.png"}}]}
 ajax: no
2025-01-02T00:26:27+00:00 DEBUG Tt4b_Mapi_Class::mapi_post: Response: 

HTTP/1.1 200 OK
Server: nginx
Content-Type: application/json
Content-Length: 92
X-Tt-Logid: 20250102002627B7D317CFDD245A450E21
Server-Timing: inner; dur=30
x-tt-trace-host: 018e5a586174a888928d793bdac74b79b51a437ee89a1c03eb2011d034a2e3e9f58d977a219890e1683417aad994f995c70015edee7ad2a197c84657aca51b3708567cbedf575954286c000c09fc36e1d2d44c331259ff0dad5f88f79ea33537b2
x-tt-trace-id: 00-250102002627B7D317CFDD245A450E21-5DBDB3CF50449356-00
Expires: Thu, 02 Jan 2025 00:26:27 GMT
Cache-Control: max-age=0, no-cache, no-store
Pragma: no-cache
Date: Thu, 02 Jan 2025 00:26:27 GMT
X-Cache: TCP_MISS from a95-101-134-92.deploy.akamaitechnologies.com (AkamaiGHost/11.7.2.1-9611f29bef89eba7b18045b10aa2af98) (-)
Connection: close
x-tt-trace-tag: id=16;cdn-cache=miss;type=dyn
Server-Timing: cdn-cache; desc=MISS, edge; dur=0, origin; dur=109
X-Origin-Response-Time: 109,95.101.134.92
X-Akamai-Request-ID: 1752ebb8

{"code": 0, "message": "OK", "request_id": "20250102002627B7D317CFDD245A450E21", "data": {}}
2025-01-02T00:31:06+00:00 DEBUG POST: https://business-api.tiktok.com/open_api/v1.3/event/track/

{"partner_name":"WooCommerce","event_source":"web","event_source_id":"CSM79Q3C77UAG1T340I0","data":[{"event":"Pageview","event_id":"6775de4a41c14_tt4b_woocommerce_670666209cf1f","event_time":1735777866,"user":{"ip":"207.46.13.7","user_agent":"Mozilla\/5.0 AppleWebKit\/537.36 (KHTML, like Gecko; compatible; bingbot\/2.0; +http:\/\/www.bing.com\/bingbot.htm) Chrome\/116.0.1938.76 Safari\/537.36","locale":"ar","external_id":"0","email":"e3b0c44298fc1c149afbf4c8996fb92427ae41e4649b934ca495991b7852b855","phone_number":"e3b0c44298fc1c149afbf4c8996fb92427ae41e4649b934ca495991b7852b855","first_name":"e3b0c44298fc1c149afbf4c8996fb92427ae41e4649b934ca495991b7852b855","last_name":"e3b0c44298fc1c149afbf4c8996fb92427ae41e4649b934ca495991b7852b855","zip_code":"e3b0c44298fc1c149afbf4c8996fb92427ae41e4649b934ca495991b7852b855"},"page":{"url":"http:\/\/mail.ibn-sinaa.com\/product-tag\/%D8%AF%D8%B9%D8%A7%D9%8A%D8%A9-%D9%88%D8%A7%D8%B9%D9%84%D8%A7%D9%86-%D8%AC%D8%AF%D8%A9\/page\/2\/"}}]}
 ajax: no
2025-01-02T00:31:06+00:00 DEBUG Tt4b_Mapi_Class::mapi_post: Response: 

HTTP/1.1 200 OK
Server: nginx
Content-Type: application/json
Content-Length: 92
X-Tt-Logid: 20250102003106FFF697C2B1D3044A17D6
x-tt-trace-host: 018e5a586174a888928d793bdac74b79b519a86797e72c2eba011e03e23beee17df2a05f3c503e5f28c1cad067464a304e4f8a8ee562cb5e06d18834c503543323c5328e78d95a6d2e776b581838d27f66200cbb0e02ed281004109498e7cfecc97724629f2a50249eb220a3f2b8e61cc6
x-tt-trace-id: 00-250102003106FFF697C2B1D3044A17D6-27FFCEE76378D2AA-00
X-Origin-Response-Time: 39,23.55.100.176
X-Akamai-Request-ID: e4b7e3b.ee5944b
Expires: Thu, 02 Jan 2025 00:31:06 GMT
Cache-Control: max-age=0, no-cache, no-store
Pragma: no-cache
Date: Thu, 02 Jan 2025 00:31:06 GMT
X-Cache: TCP_MISS from a95-101-134-116.deploy.akamaitechnologies.com (AkamaiGHost/11.7.2.1-9611f29bef89eba7b18045b10aa2af98) (-)
Connection: close
X-Cache-Remote: TCP_MISS from a23-55-100-176.deploy.akamaitechnologies.com (AkamaiGHost/11.7.2.1-9611f29bef89eba7b18045b10aa2af98) (-)
x-tt-trace-tag: id=16;cdn-cache=miss;type=dyn
Server-Timing: cdn-cache; desc=MISS, edge; dur=83, origin; dur=38
Server-Timing: inner; dur=34
X-Parent-Response-Time: 120,95.101.134.116

{"code": 0, "message": "OK", "request_id": "20250102003106FFF697C2B1D3044A17D6", "data": {}}
2025-01-02T00:36:29+00:00 DEBUG POST: https://business-api.tiktok.com/open_api/v1.3/event/track/

{"partner_name":"WooCommerce","event_source":"web","event_source_id":"CSM79Q3C77UAG1T340I0","data":[{"event":"Pageview","event_id":"6775df8d1f49d_tt4b_woocommerce_670666209cf1f","event_time":1735778189,"user":{"ip":"66.249.66.167","user_agent":"Mozilla\/5.0 (Linux; Android 6.0.1; Nexus 5X Build\/MMB29P) AppleWebKit\/537.36 (KHTML, like Gecko) Chrome\/131.0.6778.204 Mobile Safari\/537.36 (compatible; Googlebot\/2.1; +http:\/\/www.google.com\/bot.html)","locale":"ar","external_id":"0","email":"e3b0c44298fc1c149afbf4c8996fb92427ae41e4649b934ca495991b7852b855","phone_number":"e3b0c44298fc1c149afbf4c8996fb92427ae41e4649b934ca495991b7852b855","first_name":"e3b0c44298fc1c149afbf4c8996fb92427ae41e4649b934ca495991b7852b855","last_name":"e3b0c44298fc1c149afbf4c8996fb92427ae41e4649b934ca495991b7852b855","zip_code":"e3b0c44298fc1c149afbf4c8996fb92427ae41e4649b934ca495991b7852b855"},"page":{"url":"http:\/\/www.ibn-sinaa.com\/product\/roll-up-mini\/"}}]}
 ajax: no
2025-01-02T00:36:29+00:00 DEBUG Tt4b_Mapi_Class::mapi_post: Response: 

HTTP/1.1 200 OK
Server: nginx
Content-Type: application/json
Content-Length: 92
X-Tt-Logid: 202501020036294D042E84FFE944534FEF
Server-Timing: inner; dur=24
x-tt-trace-host: 018e5a586174a888928d793bdac74b79b520593bf434961dbceff88e4b17f9a156cfbd3a6f6b12565f99f6377f6dbde04b2a6474d9508407a95f59bc35a63d8c86e9b8a69e19c6795fc587e63e438bdbf6841fe892cfc806503163e9d169afcac8
x-tt-trace-id: 00-2501020036294D042E84FFE944534FEF-2ABE3F304A4F34B9-00
Expires: Thu, 02 Jan 2025 00:36:29 GMT
Cache-Control: max-age=0, no-cache, no-store
Pragma: no-cache
Date: Thu, 02 Jan 2025 00:36:29 GMT
X-Cache: TCP_MISS from a95-101-134-116.deploy.akamaitechnologies.com (AkamaiGHost/11.7.2.1-9611f29bef89eba7b18045b10aa2af98) (-)
Connection: close
x-tt-trace-tag: id=16;cdn-cache=miss;type=dyn
Server-Timing: cdn-cache; desc=MISS, edge; dur=0, origin; dur=107
X-Origin-Response-Time: 107,95.101.134.116
X-Akamai-Request-ID: eee3a47

{"code": 0, "message": "OK", "request_id": "202501020036294D042E84FFE944534FEF", "data": {}}
2025-01-02T00:36:29+00:00 DEBUG Tt4b_Pixel_Class::inject_view_content_event: hit ViewContent
2025-01-02T00:36:29+00:00 DEBUG POST: https://business-api.tiktok.com/open_api/v1.3/event/track/

{"partner_name":"WooCommerce","event_source":"web","event_source_id":"CSM79Q3C77UAG1T340I0","data":[{"event":"ViewContent","event_id":"6775df8d61641_tt4b_woocommerce_670666209cf1f_4263","event_time":1735778189,"user":{"ip":"66.249.66.167","user_agent":"Mozilla\/5.0 (Linux; Android 6.0.1; Nexus 5X Build\/MMB29P) AppleWebKit\/537.36 (KHTML, like Gecko) Chrome\/131.0.6778.204 Mobile Safari\/537.36 (compatible; Googlebot\/2.1; +http:\/\/www.google.com\/bot.html)","locale":"ar","external_id":"0","email":"e3b0c44298fc1c149afbf4c8996fb92427ae41e4649b934ca495991b7852b855","phone_number":"e3b0c44298fc1c149afbf4c8996fb92427ae41e4649b934ca495991b7852b855","first_name":"e3b0c44298fc1c149afbf4c8996fb92427ae41e4649b934ca495991b7852b855","last_name":"e3b0c44298fc1c149afbf4c8996fb92427ae41e4649b934ca495991b7852b855","zip_code":"e3b0c44298fc1c149afbf4c8996fb92427ae41e4649b934ca495991b7852b855"},"properties":{"contents":[{"price":80,"quantity":1,"content_id":"4263","content_name":"\u0631\u0648\u0644 \u0627\u0628 \u0645\u064a\u0646\u064a","description":"\u0631\u0648\u0644 \u0627\u0628 \u0645\u064a\u0646\u064a \u0645\u0642\u0627\u0633\u0627\u062a \u0645\u062a\u0646\u0648\u0639\u0629.\r\n\u0627\u0644\u062e\u0627\u0645\u0629 \u0628\u0648\u0633\u062a\u0631.\r\n\u0645\u062f\u0629 \u0627\u0644\u062a\u0646\u0641\u064a\u0630: \u0645\u0646 3 \u0625\u0644\u0649 5 \u0623\u064a\u0627\u0645 \u0639\u0645\u0644 \u0628\u0639\u062f \u0627\u0639\u062a\u0645\u0627\u062f \u0627\u0644\u062a\u0635\u0645\u064a\u0645 \u0648\u0627\u0644\u0637\u0644\u0628 \u062d\u0633\u0628 \u0627\u0644\u0643\u0645\u064a\u0629 (\u062a\u0632\u064a\u062f \u0627\u0644\u0645\u062f\u0629 \u0639\u0646\u062f \u0637\u0644\u0628 \u0627\u0644\u0634\u062d\u0646).","availability":"IN_STOCK","sale_price":80,"on_sale":false}],"content_type":"product","currency":"SAR","value":80,"event_trigger_source":"WooCommerce"},"page":{"url":"http:\/\/www.ibn-sinaa.com\/product\/roll-up-mini\/"}}]}
 ajax: no
2025-01-02T00:36:29+00:00 DEBUG Tt4b_Mapi_Class::mapi_post: Response: 

HTTP/1.1 200 OK
Server: nginx
Content-Type: application/json
Content-Length: 92
X-Tt-Logid: 202501020036290E49A50A77D38752AC08
x-tt-trace-host: 018e5a586174a888928d793bdac74b79b56517d7628cf0ffdff56b078ad2cf5615ac72e97d1a0829265000023be5809f3c6bee83a14e0e5171d75d8bf63d52b10a28792677eb9fb89000899f225c91005711a4d63b8ded6c2f90859a6f64b1e73b9ef0f75fcf326b2d49de5ea9cdc5f20e
x-tt-trace-id: 00-2501020036290E49A50A77D38752AC08-3D3E113A2E8F93CB-00
X-Origin-Response-Time: 39,23.218.219.21
X-Akamai-Request-ID: 3aaa6b53.176a56d3
Expires: Thu, 02 Jan 2025 00:36:29 GMT
Cache-Control: max-age=0, no-cache, no-store
Pragma: no-cache
Date: Thu, 02 Jan 2025 00:36:29 GMT
X-Cache: TCP_MISS from a95-101-134-92.deploy.akamaitechnologies.com (AkamaiGHost/11.7.2.1-9611f29bef89eba7b18045b10aa2af98) (-)
Connection: close
X-Cache-Remote: TCP_MISS from a23-218-219-21.deploy.akamaitechnologies.com (AkamaiGHost/11.7.2.1-9611f29bef89eba7b18045b10aa2af98) (-)
x-tt-trace-tag: id=16;cdn-cache=miss;type=dyn
Server-Timing: cdn-cache; desc=MISS, edge; dur=82, origin; dur=39
Server-Timing: inner; dur=31
X-Parent-Response-Time: 121,95.101.134.92

{"code": 0, "message": "OK", "request_id": "202501020036290E49A50A77D38752AC08", "data": {}}
2025-01-02T00:36:58+00:00 DEBUG Tt4b_Pixel_Class::inject_add_to_cart_event: hit AddToCart
2025-01-02T00:36:58+00:00 DEBUG POST: https://business-api.tiktok.com/open_api/v1.3/event/track/

{"partner_name":"WooCommerce","event_source":"web","event_source_id":"CSM79Q3C77UAG1T340I0","data":[{"event":"AddToCart","event_id":"6775dfaa3651d_tt4b_woocommerce_670666209cf1f_3545","event_time":1735778218,"user":{"ip":"216.244.66.233","user_agent":"Mozilla\/5.0 (compatible; DotBot\/1.2; +https:\/\/opensiteexplorer.org\/dotbot; help@moz.com)","locale":"ar","external_id":"0","email":"e3b0c44298fc1c149afbf4c8996fb92427ae41e4649b934ca495991b7852b855","phone_number":"e3b0c44298fc1c149afbf4c8996fb92427ae41e4649b934ca495991b7852b855","first_name":"e3b0c44298fc1c149afbf4c8996fb92427ae41e4649b934ca495991b7852b855","last_name":"e3b0c44298fc1c149afbf4c8996fb92427ae41e4649b934ca495991b7852b855","zip_code":"e3b0c44298fc1c149afbf4c8996fb92427ae41e4649b934ca495991b7852b855"},"properties":{"contents":[{"price":0,"quantity":1,"content_id":"3545","content_name":"\u0637\u0628\u0627\u0639\u0629 \u0641\u0648\u0644\u062f\u0631\u0627\u062a \u062c\u064a\u0628 \u0639\u0627\u062f\u064a","description":"\u0641\u0648\u0644\u062f\u0631 \u062c\u064a\u0628 \u0623\u0628\u064a\u0636 \u0639\u0627\u062f\u064a.\r\n\u0646\u0648\u0639 \u0627\u0644\u0648\u0631\u0642: \u0648\u0631\u0642 \u0643\u0648\u0634\u064a\u0647 350 \u062c\u0631\u0627\u0645 \u0645\u0639 \u0633\u0644\u0641\u0627\u0646\r\n\u0645\u062f\u0629 \u0627\u0644\u062a\u0646\u0641\u064a\u0630 \u0627\u0644\u0645\u062a\u0648\u0642\u0639\u0629: \u0645\u0646 4 \u0625\u0644\u0649 7 \u0623\u064a\u0627\u0645 \u0639\u0645\u0644 \u0628\u0639\u062f \u0627\u0639\u062a\u0645\u0627\u062f \u0627\u0644\u0637\u0644\u0628 \u0648\u0627\u0644\u0643\u0645\u064a\u0629 (\u062a\u0632\u064a\u062f \u0627\u0644\u0645\u062f\u0629 \u0639\u0646\u062f \u0637\u0644\u0628 \u0627\u0644\u0634\u062d\u0646).","availability":"IN_STOCK","sale_price":0,"on_sale":false}],"content_type":"product","currency":"SAR","value":0,"event_trigger_source":"WooCommerce"},"page":{"url":"http:\/\/ibn-sinaa.com\/product-tag\/%D8%B7%D8%A8%D8%A7%D8%B9%D8%A9-%D9%85%D9%84%D9%88%D9%86\/page\/4\/?add-to-cart=3545"}}]}
 ajax: no
2025-01-02T00:36:58+00:00 DEBUG Tt4b_Mapi_Class::mapi_post: Response: 

HTTP/1.1 200 OK
Server: nginx
Content-Type: application/json
Content-Length: 92
X-Tt-Logid: 20250102003658671216B7CC6BCC741645
Server-Timing: inner; dur=25
x-tt-trace-host: 018e5a586174a888928d793bdac74b79b51a437ee89a1c03eb2011d034a2e3e9f51c27d037bc89b665d8b9d293fd1e07f207cff3fc7d08ee97457b4ea698e64bdc12347bcff58a38282179d7fccd9941ea3d0a2e00826b9074a58049e201e599a3
x-tt-trace-id: 00-250102003658671216B7CC6BCC741645-3D3E113A2E7EDAE5-00
Expires: Thu, 02 Jan 2025 00:36:58 GMT
Cache-Control: max-age=0, no-cache, no-store
Pragma: no-cache
Date: Thu, 02 Jan 2025 00:36:58 GMT
X-Cache: TCP_MISS from a95-101-134-92.deploy.akamaitechnologies.com (AkamaiGHost/11.7.2.1-9611f29bef89eba7b18045b10aa2af98) (-)
Connection: close
x-tt-trace-tag: id=16;cdn-cache=miss;type=dyn
Server-Timing: cdn-cache; desc=MISS, edge; dur=0, origin; dur=105
X-Origin-Response-Time: 105,95.101.134.92
X-Akamai-Request-ID: 176bd606

{"code": 0, "message": "OK", "request_id": "20250102003658671216B7CC6BCC741645", "data": {}}
2025-01-02T00:36:58+00:00 DEBUG POST: https://business-api.tiktok.com/open_api/v1.3/event/track/

{"partner_name":"WooCommerce","event_source":"web","event_source_id":"CSM79Q3C77UAG1T340I0","data":[{"event":"Pageview","event_id":"6775dfaa98d02_tt4b_woocommerce_670666209cf1f","event_time":1735778218,"user":{"ip":"216.244.66.233","user_agent":"Mozilla\/5.0 (compatible; DotBot\/1.2; +https:\/\/opensiteexplorer.org\/dotbot; help@moz.com)","locale":"ar","external_id":"0","email":"e3b0c44298fc1c149afbf4c8996fb92427ae41e4649b934ca495991b7852b855","phone_number":"e3b0c44298fc1c149afbf4c8996fb92427ae41e4649b934ca495991b7852b855","first_name":"e3b0c44298fc1c149afbf4c8996fb92427ae41e4649b934ca495991b7852b855","last_name":"e3b0c44298fc1c149afbf4c8996fb92427ae41e4649b934ca495991b7852b855","zip_code":"e3b0c44298fc1c149afbf4c8996fb92427ae41e4649b934ca495991b7852b855"},"page":{"url":"http:\/\/ibn-sinaa.com\/product-tag\/%D8%B7%D8%A8%D8%A7%D8%B9%D8%A9-%D9%85%D9%84%D9%88%D9%86\/page\/4\/?add-to-cart=3545"}}]}
 ajax: no
2025-01-02T00:36:58+00:00 DEBUG Tt4b_Mapi_Class::mapi_post: Response: 

HTTP/1.1 200 OK
Server: nginx
Content-Type: application/json
Content-Length: 92
X-Tt-Logid: 20250102003658424A1DFD4FD090D96BE6
x-tt-trace-host: 018e5a586174a888928d793bdac74b79b519a86797e72c2eba011e03e23beee17d47f53c8e65804a56682bf58d7ac80fc32c729e892ec9b6f52d1e537d7ea52a275ac0369e1cdd0a11f97cbdbac010777eb9dd38585f9e5cd075beee0f3306045a955a0775592ad57d5995b4f0e924629b
x-tt-trace-id: 00-250102003658424A1DFD4FD090D96BE6-3E4F75A01087FD22-00
X-Origin-Response-Time: 34,23.218.219.12
X-Akamai-Request-ID: 20387432.eef1e9e
Expires: Thu, 02 Jan 2025 00:36:58 GMT
Cache-Control: max-age=0, no-cache, no-store
Pragma: no-cache
Date: Thu, 02 Jan 2025 00:36:58 GMT
X-Cache: TCP_MISS from a95-101-134-116.deploy.akamaitechnologies.com (AkamaiGHost/11.7.2.1-9611f29bef89eba7b18045b10aa2af98) (-)
Connection: close
X-Cache-Remote: TCP_MISS from a23-218-219-12.deploy.akamaitechnologies.com (AkamaiGHost/11.7.2.1-9611f29bef89eba7b18045b10aa2af98) (-)
x-tt-trace-tag: id=16;cdn-cache=miss;type=dyn
Server-Timing: cdn-cache; desc=MISS, edge; dur=82, origin; dur=34
Server-Timing: inner; dur=31
X-Parent-Response-Time: 116,95.101.134.116

{"code": 0, "message": "OK", "request_id": "20250102003658424A1DFD4FD090D96BE6", "data": {}}
2025-01-02T00:38:39+00:00 DEBUG POST: https://business-api.tiktok.com/open_api/v1.3/event/track/

{"partner_name":"WooCommerce","event_source":"web","event_source_id":"CSM79Q3C77UAG1T340I0","data":[{"event":"Pageview","event_id":"6775e00f04e81_tt4b_woocommerce_670666209cf1f","event_time":1735778319,"user":{"ip":"66.249.66.168","user_agent":"Mozilla\/5.0 (Linux; Android 6.0.1; Nexus 5X Build\/MMB29P) AppleWebKit\/537.36 (KHTML, like Gecko) Chrome\/131.0.6778.139 Mobile Safari\/537.36 (compatible; Googlebot\/2.1; +http:\/\/www.google.com\/bot.html)","locale":"ar","external_id":"0","email":"e3b0c44298fc1c149afbf4c8996fb92427ae41e4649b934ca495991b7852b855","phone_number":"e3b0c44298fc1c149afbf4c8996fb92427ae41e4649b934ca495991b7852b855","first_name":"e3b0c44298fc1c149afbf4c8996fb92427ae41e4649b934ca495991b7852b855","last_name":"e3b0c44298fc1c149afbf4c8996fb92427ae41e4649b934ca495991b7852b855","zip_code":"e3b0c44298fc1c149afbf4c8996fb92427ae41e4649b934ca495991b7852b855"},"page":{"url":"http:\/\/www.ibn-sinaa.com\/product\/print-banner\/"}}]}
 ajax: no
2025-01-02T00:38:39+00:00 DEBUG Tt4b_Mapi_Class::mapi_post: Response: 

HTTP/1.1 200 OK
Server: nginx
Content-Type: application/json
Content-Length: 92
X-Tt-Logid: 20250102003839671216B7CC6BCC743A83
Server-Timing: inner; dur=173
x-tt-trace-host: 018e5a586174a888928d793bdac74b79b51a437ee89a1c03eb2011d034a2e3e9f51c27d037bc89b665d8b9d293fd1e07f220cf7c62d2ec657d58c363ee82ba5536e401aedbb9c19f092f85207a1e586cabe547928efb38ce8071caa781e504de0a
x-tt-trace-id: 00-250102003839671216B7CC6BCC743A83-67E56A278C1F2085-00
Expires: Thu, 02 Jan 2025 00:38:39 GMT
Cache-Control: max-age=0, no-cache, no-store
Pragma: no-cache
Date: Thu, 02 Jan 2025 00:38:39 GMT
X-Cache: TCP_MISS from a95-101-134-92.deploy.akamaitechnologies.com (AkamaiGHost/11.7.2.1-9611f29bef89eba7b18045b10aa2af98) (-)
Connection: close
x-tt-trace-tag: id=16;cdn-cache=miss;type=dyn
Server-Timing: cdn-cache; desc=MISS, edge; dur=1, origin; dur=254
X-Origin-Response-Time: 254,95.101.134.92
X-Akamai-Request-ID: 177122d0

{"code": 0, "message": "OK", "request_id": "20250102003839671216B7CC6BCC743A83", "data": {}}
2025-01-02T00:38:39+00:00 DEBUG Tt4b_Pixel_Class::inject_view_content_event: hit ViewContent
2025-01-02T00:38:39+00:00 DEBUG POST: https://business-api.tiktok.com/open_api/v1.3/event/track/

{"partner_name":"WooCommerce","event_source":"web","event_source_id":"CSM79Q3C77UAG1T340I0","data":[{"event":"ViewContent","event_id":"6775e00f64382_tt4b_woocommerce_670666209cf1f_2499","event_time":1735778319,"user":{"ip":"66.249.66.168","user_agent":"Mozilla\/5.0 (Linux; Android 6.0.1; Nexus 5X Build\/MMB29P) AppleWebKit\/537.36 (KHTML, like Gecko) Chrome\/131.0.6778.139 Mobile Safari\/537.36 (compatible; Googlebot\/2.1; +http:\/\/www.google.com\/bot.html)","locale":"ar","external_id":"0","email":"e3b0c44298fc1c149afbf4c8996fb92427ae41e4649b934ca495991b7852b855","phone_number":"e3b0c44298fc1c149afbf4c8996fb92427ae41e4649b934ca495991b7852b855","first_name":"e3b0c44298fc1c149afbf4c8996fb92427ae41e4649b934ca495991b7852b855","last_name":"e3b0c44298fc1c149afbf4c8996fb92427ae41e4649b934ca495991b7852b855","zip_code":"e3b0c44298fc1c149afbf4c8996fb92427ae41e4649b934ca495991b7852b855"},"properties":{"contents":[{"price":70,"quantity":1,"content_id":"2499","content_name":"\u0637\u0628\u0627\u0639\u0647 \u0628\u0646\u0631","description":"<ul>\r\n \t<li>\u00a0\u0637\u0628\u0627\u0639\u0629 \u0627\u0644\u0628\u0646\u0631\u0627\u062a \u0628\u062f\u0642\u0629 \u0639\u0627\u0644\u064a\u0629 \u0648 \u0627\u0641\u0636\u0644 \u062c\u0648\u062f\u0629.<\/li>\r\n \t<li>\u0627\u0642\u0635\u0649 \u0639\u0631\u0636 \u0644\u0644\u0628\u0646\u0631 1.5 \u0645\u062a\u0631.<\/li>\r\n \t<li>\u0645\u062f\u0629 \u0627\u0644\u062a\u0646\u0641\u064a\u0630: \u0645\u0646 1 \u0625\u0644\u0649 2 \u0623\u064a\u0627\u0645 \u0639\u0645\u0644 \u0628\u0639\u062f \u0627\u0639\u062a\u0645\u0627\u062f \u0627\u0644\u062a\u0635\u0645\u064a\u0645 \u0648\u0627\u0644\u0637\u0644\u0628 \u062d\u0633\u0628 \u0627\u0644\u0643\u0645\u064a\u0629.<\/li>\r\n<\/ul>","availability":"IN_STOCK","sale_price":70,"on_sale":false}],"content_type":"product","currency":"SAR","value":70,"event_trigger_source":"WooCommerce"},"page":{"url":"http:\/\/www.ibn-sinaa.com\/product\/print-banner\/"}}]}
 ajax: no
2025-01-02T00:38:39+00:00 DEBUG Tt4b_Mapi_Class::mapi_post: Response: 

HTTP/1.1 200 OK
Server: nginx
Content-Type: application/json
Content-Length: 92
X-Tt-Logid: 202501020038395F9334E2DF0C2BB8A950
Server-Timing: inner; dur=35
x-tt-trace-host: 018e5a586174a888928d793bdac74b79b51a437ee89a1c03eb2011d034a2e3e9f5a1d52311243efde94b50fa5b204bbd564fd8cfb0990ddfa29335f197b6f8c294269644fd631b06cd95cf8bae5fa1f2eb1d1cb864f032f7966d817e6ced388faa
x-tt-trace-id: 00-2501020038395F9334E2DF0C2BB8A950-45E39071260B6D51-00
Expires: Thu, 02 Jan 2025 00:38:39 GMT
Cache-Control: max-age=0, no-cache, no-store
Pragma: no-cache
Date: Thu, 02 Jan 2025 00:38:39 GMT
X-Cache: TCP_MISS from a95-101-134-92.deploy.akamaitechnologies.com (AkamaiGHost/11.7.2.1-9611f29bef89eba7b18045b10aa2af98) (-)
Connection: close
x-tt-trace-tag: id=16;cdn-cache=miss;type=dyn
Server-Timing: cdn-cache; desc=MISS, edge; dur=0, origin; dur=118
X-Origin-Response-Time: 118,95.101.134.92
X-Akamai-Request-ID: 17712750

{"code": 0, "message": "OK", "request_id": "202501020038395F9334E2DF0C2BB8A950", "data": {}}
2025-01-02T00:39:43+00:00 DEBUG POST: https://business-api.tiktok.com/open_api/v1.3/event/track/

{"partner_name":"WooCommerce","event_source":"web","event_source_id":"CSM79Q3C77UAG1T340I0","data":[{"event":"Pageview","event_id":"6775e04f4a564_tt4b_woocommerce_670666209cf1f","event_time":1735778383,"user":{"ip":"66.249.66.70","user_agent":"Mozilla\/5.0 (Linux; Android 6.0.1; Nexus 5X Build\/MMB29P) AppleWebKit\/537.36 (KHTML, like Gecko) Chrome\/131.0.6778.139 Mobile Safari\/537.36 (compatible; Googlebot\/2.1; +http:\/\/www.google.com\/bot.html)","locale":"ar","external_id":"0","email":"e3b0c44298fc1c149afbf4c8996fb92427ae41e4649b934ca495991b7852b855","phone_number":"e3b0c44298fc1c149afbf4c8996fb92427ae41e4649b934ca495991b7852b855","first_name":"e3b0c44298fc1c149afbf4c8996fb92427ae41e4649b934ca495991b7852b855","last_name":"e3b0c44298fc1c149afbf4c8996fb92427ae41e4649b934ca495991b7852b855","zip_code":"e3b0c44298fc1c149afbf4c8996fb92427ae41e4649b934ca495991b7852b855"},"page":{"url":"http:\/\/ibn-sinaa.com\/tag\/%D8%B7%D8%A8%D8%A7%D8%B9%D8%A9-%D8%B3%D8%B1%D9%8A%D8%B9%D8%A9\/"}}]}
 ajax: no
2025-01-02T00:39:43+00:00 DEBUG Tt4b_Mapi_Class::mapi_post: Response: 

HTTP/1.1 200 OK
Server: nginx
Content-Type: application/json
Content-Length: 92
X-Tt-Logid: 2025010200394328B020A7BCEA93E1AC3A
x-tt-trace-host: 018e5a586174a888928d793bdac74b79b56517d7628cf0ffdff56b078ad2cf5615c3df775885d1c8ee542740e737eb9d1a90e41626c148983899c5f4ddee24fcd3cc7252f971a20f1ef06a435f60d226ee33470c25220d5c93195f6f841f762eb3ca1bf785953c60b06d0e8c1df651d742
x-tt-trace-id: 00-25010200394328B020A7BCEA93E1AC3A-0739FDD05D3B1117-00
X-Origin-Response-Time: 95,23.218.219.59
X-Akamai-Request-ID: 22350375.17747fc7
Expires: Thu, 02 Jan 2025 00:39:43 GMT
Cache-Control: max-age=0, no-cache, no-store
Pragma: no-cache
Date: Thu, 02 Jan 2025 00:39:43 GMT
X-Cache: TCP_MISS from a95-101-134-92.deploy.akamaitechnologies.com (AkamaiGHost/11.7.2.1-9611f29bef89eba7b18045b10aa2af98) (-)
Connection: close
X-Cache-Remote: TCP_MISS from a23-218-219-59.deploy.akamaitechnologies.com (AkamaiGHost/11.7.2.1-9611f29bef89eba7b18045b10aa2af98) (-)
x-tt-trace-tag: id=16;cdn-cache=miss;type=dyn
Server-Timing: cdn-cache; desc=MISS, edge; dur=90, origin; dur=95
Server-Timing: inner; dur=77
X-Parent-Response-Time: 185,95.101.134.92

{"code": 0, "message": "OK", "request_id": "2025010200394328B020A7BCEA93E1AC3A", "data": {}}
2025-01-02T00:39:58+00:00 DEBUG POST: https://business-api.tiktok.com/open_api/v1.3/event/track/

{"partner_name":"WooCommerce","event_source":"web","event_source_id":"CSM79Q3C77UAG1T340I0","data":[{"event":"Pageview","event_id":"6775e05e0485f_tt4b_woocommerce_670666209cf1f","event_time":1735778398,"user":{"ip":"207.46.13.83","user_agent":"Mozilla\/5.0 AppleWebKit\/537.36 (KHTML, like Gecko; compatible; bingbot\/2.0; +http:\/\/www.bing.com\/bingbot.htm) Chrome\/116.0.1938.76 Safari\/537.36","locale":"ar","external_id":"0","email":"e3b0c44298fc1c149afbf4c8996fb92427ae41e4649b934ca495991b7852b855","phone_number":"e3b0c44298fc1c149afbf4c8996fb92427ae41e4649b934ca495991b7852b855","first_name":"e3b0c44298fc1c149afbf4c8996fb92427ae41e4649b934ca495991b7852b855","last_name":"e3b0c44298fc1c149afbf4c8996fb92427ae41e4649b934ca495991b7852b855","zip_code":"e3b0c44298fc1c149afbf4c8996fb92427ae41e4649b934ca495991b7852b855"},"page":{"url":"http:\/\/www.ibn-sinaa.com\/?product_cat=classic"}}]}
 ajax: no
2025-01-02T00:39:58+00:00 DEBUG Tt4b_Mapi_Class::mapi_post: Response: 

HTTP/1.1 200 OK
Server: nginx
Content-Type: application/json
Content-Length: 92
X-Tt-Logid: 2025010200395801E07D2406FD624DB6D8
x-tt-trace-host: 018e5a586174a888928d793bdac74b79b56517d7628cf0ffdff56b078ad2cf561524048892cd917ccac628011b3cf09e232a17b2a7c0205751b24f3f55e970e3b193e7c098b81078e3922170c00e49c7096e79a6ee0deb6ed3977041c861b75757adfd7c8f048f108b47c97a68882e8a67
x-tt-trace-id: 00-25010200395801E07D2406FD624DB6D8-1A76F6EE42940D2F-00
X-Origin-Response-Time: 31,23.218.219.6
X-Akamai-Request-ID: 9d25350f.177544e5
Expires: Thu, 02 Jan 2025 00:39:58 GMT
Cache-Control: max-age=0, no-cache, no-store
Pragma: no-cache
Date: Thu, 02 Jan 2025 00:39:58 GMT
X-Cache: TCP_MISS from a95-101-134-92.deploy.akamaitechnologies.com (AkamaiGHost/11.7.2.1-9611f29bef89eba7b18045b10aa2af98) (-)
Connection: close
X-Cache-Remote: TCP_MISS from a23-218-219-6.deploy.akamaitechnologies.com (AkamaiGHost/11.7.2.1-9611f29bef89eba7b18045b10aa2af98) (-)
x-tt-trace-tag: id=16;cdn-cache=miss;type=dyn
Server-Timing: cdn-cache; desc=MISS, edge; dur=84, origin; dur=31
Server-Timing: inner; dur=27
X-Parent-Response-Time: 113,95.101.134.92

{"code": 0, "message": "OK", "request_id": "2025010200395801E07D2406FD624DB6D8", "data": {}}
2025-01-02T00:40:45+00:00 DEBUG POST: https://business-api.tiktok.com/open_api/v1.3/event/track/

{"partner_name":"WooCommerce","event_source":"web","event_source_id":"CSM79Q3C77UAG1T340I0","data":[{"event":"Pageview","event_id":"6775e08d4c9a6_tt4b_woocommerce_670666209cf1f","event_time":1735778445,"user":{"ip":"66.249.66.71","user_agent":"Mozilla\/5.0 (Linux; Android 6.0.1; Nexus 5X Build\/MMB29P) AppleWebKit\/537.36 (KHTML, like Gecko) Chrome\/131.0.6778.139 Mobile Safari\/537.36 (compatible; Googlebot\/2.1; +http:\/\/www.google.com\/bot.html)","locale":"ar","external_id":"0","email":"e3b0c44298fc1c149afbf4c8996fb92427ae41e4649b934ca495991b7852b855","phone_number":"e3b0c44298fc1c149afbf4c8996fb92427ae41e4649b934ca495991b7852b855","first_name":"e3b0c44298fc1c149afbf4c8996fb92427ae41e4649b934ca495991b7852b855","last_name":"e3b0c44298fc1c149afbf4c8996fb92427ae41e4649b934ca495991b7852b855","zip_code":"e3b0c44298fc1c149afbf4c8996fb92427ae41e4649b934ca495991b7852b855"},"page":{"url":"http:\/\/ibn-sinaa.com\/product\/luxury-letterhead-printing\/"}}]}
 ajax: no
2025-01-02T00:40:45+00:00 DEBUG Tt4b_Mapi_Class::mapi_post: Response: 

HTTP/1.1 200 OK
Server: nginx
Content-Type: application/json
Content-Length: 92
X-Tt-Logid: 20250102004045AB2526611C37E057355D
Server-Timing: inner; dur=30
x-tt-trace-host: 018e5a586174a888928d793bdac74b79b520593bf434961dbceff88e4b17f9a1569d349bb66677eecc6a9efeb733bed605b139917a9a15c759fd85c7087c25b8eb51275a70b46afaa64f5aad3aa10e7f627e51db8c9033724bfb70333457c7cafd
x-tt-trace-id: 00-250102004045AB2526611C37E057355D-2E5155CB25EF3408-00
Expires: Thu, 02 Jan 2025 00:40:45 GMT
Cache-Control: max-age=0, no-cache, no-store
Pragma: no-cache
Date: Thu, 02 Jan 2025 00:40:45 GMT
X-Cache: TCP_MISS from a95-101-134-116.deploy.akamaitechnologies.com (AkamaiGHost/11.7.2.1-9611f29bef89eba7b18045b10aa2af98) (-)
Connection: close
x-tt-trace-tag: id=16;cdn-cache=miss;type=dyn
Server-Timing: cdn-cache; desc=MISS, edge; dur=0, origin; dur=112
X-Origin-Response-Time: 112,95.101.134.116
X-Akamai-Request-ID: ef5dda7

{"code": 0, "message": "OK", "request_id": "20250102004045AB2526611C37E057355D", "data": {}}
2025-01-02T00:40:45+00:00 DEBUG Tt4b_Pixel_Class::inject_view_content_event: hit ViewContent
2025-01-02T00:40:45+00:00 DEBUG POST: https://business-api.tiktok.com/open_api/v1.3/event/track/

{"partner_name":"WooCommerce","event_source":"web","event_source_id":"CSM79Q3C77UAG1T340I0","data":[{"event":"ViewContent","event_id":"6775e08d854b1_tt4b_woocommerce_670666209cf1f_3986","event_time":1735778445,"user":{"ip":"66.249.66.71","user_agent":"Mozilla\/5.0 (Linux; Android 6.0.1; Nexus 5X Build\/MMB29P) AppleWebKit\/537.36 (KHTML, like Gecko) Chrome\/131.0.6778.139 Mobile Safari\/537.36 (compatible; Googlebot\/2.1; +http:\/\/www.google.com\/bot.html)","locale":"ar","external_id":"0","email":"e3b0c44298fc1c149afbf4c8996fb92427ae41e4649b934ca495991b7852b855","phone_number":"e3b0c44298fc1c149afbf4c8996fb92427ae41e4649b934ca495991b7852b855","first_name":"e3b0c44298fc1c149afbf4c8996fb92427ae41e4649b934ca495991b7852b855","last_name":"e3b0c44298fc1c149afbf4c8996fb92427ae41e4649b934ca495991b7852b855","zip_code":"e3b0c44298fc1c149afbf4c8996fb92427ae41e4649b934ca495991b7852b855"},"properties":{"contents":[{"price":89,"quantity":1,"content_id":"3986","content_name":"\u0637\u0628\u0627\u0639\u0629 \u0648\u0631\u0642 \u062e\u0637\u0627\u0628\u0627\u062a \u0641\u0627\u062e\u0631\u0629","description":"\u0637\u0628\u0627\u0639\u0629 \u0648\u0631\u0642 \u0627\u0644\u062e\u0637\u0627\u0628\u0627\u062a \u0639\u0644\u0649 \u0648\u0631\u0642 \u0641\u0627\u062e\u0631 \u062c\u0648\u062f\u0629 \u0645\u0645\u062a\u0627\u0632\u0629.\r\n\u062a\u0643\u0648\u0646 \u0627\u0644\u0637\u0628\u0627\u0639\u0629 \u0639\u0644\u0649 \u0648\u062c\u0647 \u0648\u0627\u062d\u062f.\r\n\u0645\u062f\u0629 \u0627\u0644\u062a\u0646\u0641\u064a\u0630 \u0627\u0644\u0645\u062a\u0648\u0642\u0639\u0629: 1 \u2013 3 \u0623\u064a\u0627\u0645 \u0639\u0645\u0644 \u0628\u0639\u062f \u062a\u0623\u0643\u064a\u062f \u0627\u0644\u0637\u0644\u0628 \u0648\u0627\u0644\u062a\u0635\u0645\u064a\u0645 \u0648\u062d\u0633\u0628 \u0627\u0644\u0643\u0645\u064a\u0629 (\u062a\u0632\u064a\u062f \u0627\u0644\u0645\u062f\u0629 \u0639\u0646\u062f \u0637\u0644\u0628 \u0627\u0644\u0634\u062d\u0646).","availability":"IN_STOCK","sale_price":89,"on_sale":false}],"content_type":"product","currency":"SAR","value":89,"event_trigger_source":"WooCommerce"},"page":{"url":"http:\/\/ibn-sinaa.com\/product\/luxury-letterhead-printing\/"}}]}
 ajax: no
2025-01-02T00:40:45+00:00 DEBUG Tt4b_Mapi_Class::mapi_post: Response: 

HTTP/1.1 200 OK
Server: nginx
Content-Type: application/json
Content-Length: 92
X-Tt-Logid: 20250102004045CBBDB65EC19FEF7FFCBD
x-tt-trace-host: 018e5a586174a888928d793bdac74b79b56517d7628cf0ffdff56b078ad2cf56150a63bc62a8c758286ca80d3754e629453f87dd61b2c92b8cb8336e4e33f11afb7d45707d52d24503415aa71816651c3175370ea697b6d5d27203247a7eaf1bd58da5dadeafdc89fe3c3b96d763ca5289
x-tt-trace-id: 00-250102004045CBBDB65EC19FEF7FFCBD-01DF8A7733A537C4-00
X-Origin-Response-Time: 32,23.32.17.6
X-Akamai-Request-ID: 2896a7b4.1777bfd6
Expires: Thu, 02 Jan 2025 00:40:45 GMT
Cache-Control: max-age=0, no-cache, no-store
Pragma: no-cache
Date: Thu, 02 Jan 2025 00:40:45 GMT
X-Cache: TCP_MISS from a95-101-134-92.deploy.akamaitechnologies.com (AkamaiGHost/11.7.2.1-9611f29bef89eba7b18045b10aa2af98) (-)
Connection: close
X-Cache-Remote: TCP_MISS from a23-32-17-6.deploy.akamaitechnologies.com (AkamaiGHost/11.7.2.1-9611f29bef89eba7b18045b10aa2af98) (-)
x-tt-trace-tag: id=16;cdn-cache=miss;type=dyn
Server-Timing: cdn-cache; desc=MISS, edge; dur=83, origin; dur=32
Server-Timing: inner; dur=29
X-Parent-Response-Time: 114,95.101.134.92

{"code": 0, "message": "OK", "request_id": "20250102004045CBBDB65EC19FEF7FFCBD", "data": {}}
2025-01-02T00:43:21+00:00 DEBUG Tt4b_Pixel_Class::inject_add_to_cart_event: hit AddToCart
2025-01-02T00:43:21+00:00 DEBUG POST: https://business-api.tiktok.com/open_api/v1.3/event/track/

{"partner_name":"WooCommerce","event_source":"web","event_source_id":"CSM79Q3C77UAG1T340I0","data":[{"event":"AddToCart","event_id":"6775e129e3b98_tt4b_woocommerce_670666209cf1f_4440","event_time":1735778601,"user":{"ip":"216.244.66.233","user_agent":"Mozilla\/5.0 (compatible; DotBot\/1.2; +https:\/\/opensiteexplorer.org\/dotbot; help@moz.com)","locale":"ar","external_id":"0","email":"e3b0c44298fc1c149afbf4c8996fb92427ae41e4649b934ca495991b7852b855","phone_number":"e3b0c44298fc1c149afbf4c8996fb92427ae41e4649b934ca495991b7852b855","first_name":"e3b0c44298fc1c149afbf4c8996fb92427ae41e4649b934ca495991b7852b855","last_name":"e3b0c44298fc1c149afbf4c8996fb92427ae41e4649b934ca495991b7852b855","zip_code":"e3b0c44298fc1c149afbf4c8996fb92427ae41e4649b934ca495991b7852b855"},"properties":{"contents":[{"price":850,"quantity":1,"content_id":"4440","content_name":"\u062a\u0642\u0648\u064a\u0645 \u0645\u064a\u0644\u0627\u062f\u064a \u0641\u0627\u062e\u0631","description":"\u062a\u0642\u0648\u064a\u0645 \u0645\u064a\u0644\u0627\u062f\u064a \u062e\u0634\u0628: \u062a\u0635\u0645\u064a\u0645 \u0639\u0635\u0631\u064a \u0648\u0623\u0646\u064a\u0642\u060c \u0645\u0635\u0646\u0648\u0639 \u0645\u0646 \u0645\u0648\u0627\u062f \u0639\u0627\u0644\u064a\u0629 \u0627\u0644\u062c\u0648\u062f\u0629 \u0628\u0648\u0636\u0648\u062d \u0627\u0633\u062a\u062b\u0646\u0627\u0626\u064a \u0644\u0644\u0643\u062a\u0627\u0628\u0629 \u0648\u0627\u0644\u0631\u0624\u064a\u0629\u060c \u064a\u0636\u064a\u0641 \u0644\u0645\u0633\u0629 \u0645\u0646 \u0627\u0644\u0641\u062e\u0627\u0645\u0629 \u0648\u0627\u0644\u062a\u0646\u0638\u064a\u0645 \u0644\u0645\u0643\u062a\u0628\u0643. \u0645\u062b\u0627\u0644\u064a \u0644\u062a\u0646\u0638\u064a\u0645 \u0627\u0644\u0645\u0648\u0627\u0639\u064a\u062f \u0648\u0627\u0644\u0627\u062c\u062a\u0645\u0627\u0639\u0627\u062a\u060c \u0648\u064a\u0636\u0641\u064a \u062c\u0627\u0630\u0628\u064a\u0629 \u0639\u0644\u0649 \u0645\u0633\u0627\u062d\u0629 \u0627\u0644\u0639\u0645\u0644 \u0627\u0644\u062e\u0627\u0635\u0629 \u0628\u0643.","availability":"IN_STOCK","sale_price":850,"on_sale":false}],"content_type":"product","currency":"SAR","value":850,"event_trigger_source":"WooCommerce"},"page":{"url":"http:\/\/www.ibn-sinaa.com\/product-tag\/%D8%B7%D8%A8%D8%A7%D8%B9%D8%A9-%D8%AA%D9%82%D9%88%D9%8A%D9%85-2025\/page\/2\/?add-to-cart=4440"}}]}
 ajax: no
2025-01-02T00:43:22+00:00 DEBUG Tt4b_Mapi_Class::mapi_post: Response: 

HTTP/1.1 200 OK
Server: nginx
Content-Type: application/json
Content-Length: 92
X-Tt-Logid: 2025010200432298916AA965CA2302EFB6
x-tt-trace-host: 018e5a586174a888928d793bdac74b79b519a86797e72c2eba011e03e23beee17de14dfb9fb241cef89176ce4f156aaa4f9139506f2a3c9daadd2223caf80bcd27ae0e6cb80f8e543ece46dbdd13403655c4bdc913cb0c6cc4b669ba3eea15c13b6d624bd044f5073d38fe2dfd9d57c70a
x-tt-trace-id: 00-25010200432298916AA965CA2302EFB6-54B342B6395C48DA-00
X-Origin-Response-Time: 41,23.218.219.41
X-Akamai-Request-ID: 79df6e4b.efaa0ee
Expires: Thu, 02 Jan 2025 00:43:22 GMT
Cache-Control: max-age=0, no-cache, no-store
Pragma: no-cache
Date: Thu, 02 Jan 2025 00:43:22 GMT
X-Cache: TCP_MISS from a95-101-134-116.deploy.akamaitechnologies.com (AkamaiGHost/11.7.2.1-9611f29bef89eba7b18045b10aa2af98) (-)
Connection: close
X-Cache-Remote: TCP_MISS from a23-218-219-41.deploy.akamaitechnologies.com (AkamaiGHost/11.7.2.1-9611f29bef89eba7b18045b10aa2af98) (-)
x-tt-trace-tag: id=16;cdn-cache=miss;type=dyn
Server-Timing: cdn-cache; desc=MISS, edge; dur=81, origin; dur=41
Server-Timing: inner; dur=38
X-Parent-Response-Time: 122,95.101.134.116

{"code": 0, "message": "OK", "request_id": "2025010200432298916AA965CA2302EFB6", "data": {}}
2025-01-02T00:43:22+00:00 DEBUG POST: https://business-api.tiktok.com/open_api/v1.3/event/track/

{"partner_name":"WooCommerce","event_source":"web","event_source_id":"CSM79Q3C77UAG1T340I0","data":[{"event":"Pageview","event_id":"6775e12a50e3d_tt4b_woocommerce_670666209cf1f","event_time":1735778602,"user":{"ip":"216.244.66.233","user_agent":"Mozilla\/5.0 (compatible; DotBot\/1.2; +https:\/\/opensiteexplorer.org\/dotbot; help@moz.com)","locale":"ar","external_id":"0","email":"e3b0c44298fc1c149afbf4c8996fb92427ae41e4649b934ca495991b7852b855","phone_number":"e3b0c44298fc1c149afbf4c8996fb92427ae41e4649b934ca495991b7852b855","first_name":"e3b0c44298fc1c149afbf4c8996fb92427ae41e4649b934ca495991b7852b855","last_name":"e3b0c44298fc1c149afbf4c8996fb92427ae41e4649b934ca495991b7852b855","zip_code":"e3b0c44298fc1c149afbf4c8996fb92427ae41e4649b934ca495991b7852b855"},"page":{"url":"http:\/\/www.ibn-sinaa.com\/product-tag\/%D8%B7%D8%A8%D8%A7%D8%B9%D8%A9-%D8%AA%D9%82%D9%88%D9%8A%D9%85-2025\/page\/2\/?add-to-cart=4440"}}]}
 ajax: no
2025-01-02T00:43:22+00:00 DEBUG Tt4b_Mapi_Class::mapi_post: Response: 

HTTP/1.1 200 OK
Server: nginx
Content-Type: application/json
Content-Length: 92
X-Tt-Logid: 2025010200432288AEB15D25BFBB64F59F
Server-Timing: inner; dur=26
x-tt-trace-host: 018e5a586174a888928d793bdac74b79b51a437ee89a1c03eb2011d034a2e3e9f5ffb69bef33fe224d9a7400ac6c7fd21e9c6beb81ac060ad39fc5c3714c9dd0b68303b2cffc3670bbd6edaacbe9f130e437e89b7526d20f0fce3a99cc6f5f9b80
x-tt-trace-id: 00-25010200432288AEB15D25BFBB64F59F-1E72D2E44981C0B8-00
Expires: Thu, 02 Jan 2025 00:43:22 GMT
Cache-Control: max-age=0, no-cache, no-store
Pragma: no-cache
Date: Thu, 02 Jan 2025 00:43:22 GMT
X-Cache: TCP_MISS from a95-101-134-92.deploy.akamaitechnologies.com (AkamaiGHost/11.7.2.1-9611f29bef89eba7b18045b10aa2af98) (-)
Connection: close
x-tt-trace-tag: id=16;cdn-cache=miss;type=dyn
Server-Timing: cdn-cache; desc=MISS, edge; dur=1, origin; dur=105
X-Origin-Response-Time: 105,95.101.134.92
X-Akamai-Request-ID: 17801c14

{"code": 0, "message": "OK", "request_id": "2025010200432288AEB15D25BFBB64F59F", "data": {}}
2025-01-02T00:46:18+00:00 DEBUG POST: https://business-api.tiktok.com/open_api/v1.3/event/track/

{"partner_name":"WooCommerce","event_source":"web","event_source_id":"CSM79Q3C77UAG1T340I0","data":[{"event":"Pageview","event_id":"6775e1dac2411_tt4b_woocommerce_670666209cf1f","event_time":1735778778,"user":{"ip":"52.167.144.203","user_agent":"Mozilla\/5.0 AppleWebKit\/537.36 (KHTML, like Gecko; compatible; bingbot\/2.0; +http:\/\/www.bing.com\/bingbot.htm) Chrome\/116.0.1938.76 Safari\/537.36","locale":"ar","external_id":"0","email":"e3b0c44298fc1c149afbf4c8996fb92427ae41e4649b934ca495991b7852b855","phone_number":"e3b0c44298fc1c149afbf4c8996fb92427ae41e4649b934ca495991b7852b855","first_name":"e3b0c44298fc1c149afbf4c8996fb92427ae41e4649b934ca495991b7852b855","last_name":"e3b0c44298fc1c149afbf4c8996fb92427ae41e4649b934ca495991b7852b855","zip_code":"e3b0c44298fc1c149afbf4c8996fb92427ae41e4649b934ca495991b7852b855"},"page":{"url":"http:\/\/ibn-sinaa.com\/?s="}}]}
 ajax: no
2025-01-02T00:46:19+00:00 DEBUG Tt4b_Mapi_Class::mapi_post: Response: 

HTTP/1.1 200 OK
Server: nginx
Content-Type: application/json
Content-Length: 92
X-Tt-Logid: 20250102004619B6B11594E9923569F696
Server-Timing: inner; dur=26
x-tt-trace-host: 018e5a586174a888928d793bdac74b79b520593bf434961dbceff88e4b17f9a156c517c495591f67d0e67ccbdc6961815505dabb834a2284e753c3005eb38eff6f7b1b2e964ae431cfe732a4769b0383e9ae222bf87e5c667f0793ae0a93a49d9b
x-tt-trace-id: 00-250102004619B6B11594E9923569F696-59C750BB63085564-00
Expires: Thu, 02 Jan 2025 00:46:19 GMT
Cache-Control: max-age=0, no-cache, no-store
Pragma: no-cache
Date: Thu, 02 Jan 2025 00:46:19 GMT
X-Cache: TCP_MISS from a95-101-134-116.deploy.akamaitechnologies.com (AkamaiGHost/11.7.2.1-9611f29bef89eba7b18045b10aa2af98) (-)
Connection: close
x-tt-trace-tag: id=16;cdn-cache=miss;type=dyn
Server-Timing: cdn-cache; desc=MISS, edge; dur=0, origin; dur=109
X-Origin-Response-Time: 109,95.101.134.116
X-Akamai-Request-ID: eff7870

{"code": 0, "message": "OK", "request_id": "20250102004619B6B11594E9923569F696", "data": {}}
2025-01-02T00:46:27+00:00 DEBUG POST: https://business-api.tiktok.com/open_api/v1.3/event/track/

{"partner_name":"WooCommerce","event_source":"web","event_source_id":"CSM79Q3C77UAG1T340I0","data":[{"event":"Pageview","event_id":"6775e1e3ea937_tt4b_woocommerce_670666209cf1f","event_time":1735778787,"user":{"ip":"66.249.66.167","user_agent":"Mozilla\/5.0 (Linux; Android 6.0.1; Nexus 5X Build\/MMB29P) AppleWebKit\/537.36 (KHTML, like Gecko) Chrome\/131.0.6778.204 Mobile Safari\/537.36 (compatible; Googlebot\/2.1; +http:\/\/www.google.com\/bot.html)","locale":"ar","external_id":"0","email":"e3b0c44298fc1c149afbf4c8996fb92427ae41e4649b934ca495991b7852b855","phone_number":"e3b0c44298fc1c149afbf4c8996fb92427ae41e4649b934ca495991b7852b855","first_name":"e3b0c44298fc1c149afbf4c8996fb92427ae41e4649b934ca495991b7852b855","last_name":"e3b0c44298fc1c149afbf4c8996fb92427ae41e4649b934ca495991b7852b855","zip_code":"e3b0c44298fc1c149afbf4c8996fb92427ae41e4649b934ca495991b7852b855"},"page":{"url":"http:\/\/www.ibn-sinaa.com\/en\/product-category\/%D8%B7%D8%A8%D8%A7%D8%B9%D8%A9-%D8%AF%D9%8A%D8%AC%D8%AA%D8%A7%D9%84\/%D9%83%D9%88%D8%A8%D9%88%D9%86%D8%A7%D8%AA\/"}}]}
 ajax: no
2025-01-02T00:46:28+00:00 DEBUG Tt4b_Mapi_Class::mapi_post: Response: 

HTTP/1.1 200 OK
Server: nginx
Content-Type: application/json
Content-Length: 92
X-Tt-Logid: 20250102004628A1953CEEC9AF64452774
x-tt-trace-host: 018e5a586174a888928d793bdac74b79b519a86797e72c2eba011e03e23beee17df2a05f3c503e5f28c1cad067464a304e96d0d4c7297e00ab92fed74a052f5643f849a7f30dfc82ffa678a8d6c1879f505d0c840e8473ced5333aa6f2cb02365e996a96f63667b59176a698433fac3be0
x-tt-trace-id: 00-250102004628A1953CEEC9AF64452774-3B5670C02C3AA51E-00
X-Origin-Response-Time: 32,23.55.100.176
X-Akamai-Request-ID: f30c7fb.effb502
Expires: Thu, 02 Jan 2025 00:46:28 GMT
Cache-Control: max-age=0, no-cache, no-store
Pragma: no-cache
Date: Thu, 02 Jan 2025 00:46:28 GMT
X-Cache: TCP_MISS from a95-101-134-116.deploy.akamaitechnologies.com (AkamaiGHost/11.7.2.1-9611f29bef89eba7b18045b10aa2af98) (-)
Connection: close
X-Cache-Remote: TCP_MISS from a23-55-100-176.deploy.akamaitechnologies.com (AkamaiGHost/11.7.2.1-9611f29bef89eba7b18045b10aa2af98) (-)
x-tt-trace-tag: id=16;cdn-cache=miss;type=dyn
Server-Timing: cdn-cache; desc=MISS, edge; dur=80, origin; dur=32
Server-Timing: inner; dur=26
X-Parent-Response-Time: 112,95.101.134.116

{"code": 0, "message": "OK", "request_id": "20250102004628A1953CEEC9AF64452774", "data": {}}
2025-01-02T00:50:53+00:00 DEBUG POST: https://business-api.tiktok.com/open_api/v1.3/event/track/

{"partner_name":"WooCommerce","event_source":"web","event_source_id":"CSM79Q3C77UAG1T340I0","data":[{"event":"Pageview","event_id":"6775e2ed371cf_tt4b_woocommerce_670666209cf1f","event_time":1735779053,"user":{"ip":"66.249.66.168","user_agent":"Mozilla\/5.0 (Linux; Android 6.0.1; Nexus 5X Build\/MMB29P) AppleWebKit\/537.36 (KHTML, like Gecko) Chrome\/131.0.6778.139 Mobile Safari\/537.36 (compatible; Googlebot\/2.1; +http:\/\/www.google.com\/bot.html)","locale":"ar","external_id":"0","email":"e3b0c44298fc1c149afbf4c8996fb92427ae41e4649b934ca495991b7852b855","phone_number":"e3b0c44298fc1c149afbf4c8996fb92427ae41e4649b934ca495991b7852b855","first_name":"e3b0c44298fc1c149afbf4c8996fb92427ae41e4649b934ca495991b7852b855","last_name":"e3b0c44298fc1c149afbf4c8996fb92427ae41e4649b934ca495991b7852b855","zip_code":"e3b0c44298fc1c149afbf4c8996fb92427ae41e4649b934ca495991b7852b855"},"page":{"url":"http:\/\/www.ibn-sinaa.com\/en\/product-tag\/%D8%B1%D9%88%D9%84-%D8%A7%D8%A8-%D8%A8%D9%86%D8%B1\/"}}]}
 ajax: no
2025-01-02T00:50:53+00:00 DEBUG Tt4b_Mapi_Class::mapi_post: Response: 

HTTP/1.1 200 OK
Server: nginx
Content-Type: application/json
Content-Length: 92
X-Tt-Logid: 20250102005053E825841C2A24523BE9FA
x-tt-trace-host: 018e5a586174a888928d793bdac74b79b519a86797e72c2eba011e03e23beee17d98eac3064cb2300d2b6618ff91ef529269981fb1e996dc278bef6fe73bec0eae961e49975fce0a6c43c5a131f90a5ad4a4a898d5104f6ea4276d0df36a29f8be3cf1bf155e9257efd24d546900d2d39d
x-tt-trace-id: 00-250102005053E825841C2A24523BE9FA-6B3006F1622097C8-00
X-Origin-Response-Time: 58,23.55.100.231
X-Akamai-Request-ID: 2737504a.f05f3f5
Expires: Thu, 02 Jan 2025 00:50:53 GMT
Cache-Control: max-age=0, no-cache, no-store
Pragma: no-cache
Date: Thu, 02 Jan 2025 00:50:53 GMT
X-Cache: TCP_MISS from a95-101-134-116.deploy.akamaitechnologies.com (AkamaiGHost/11.7.2.1-9611f29bef89eba7b18045b10aa2af98) (-)
Connection: close
X-Cache-Remote: TCP_MISS from a23-55-100-231.deploy.akamaitechnologies.com (AkamaiGHost/11.7.2.1-9611f29bef89eba7b18045b10aa2af98) (-)
x-tt-trace-tag: id=16;cdn-cache=miss;type=dyn
Server-Timing: cdn-cache; desc=MISS, edge; dur=243, origin; dur=58
Server-Timing: inner; dur=54
X-Parent-Response-Time: 301,95.101.134.116

{"code": 0, "message": "OK", "request_id": "20250102005053E825841C2A24523BE9FA", "data": {}}
2025-01-02T00:53:25+00:00 DEBUG POST: https://business-api.tiktok.com/open_api/v1.3/event/track/

{"partner_name":"WooCommerce","event_source":"web","event_source_id":"CSM79Q3C77UAG1T340I0","data":[{"event":"Pageview","event_id":"6775e385e3f37_tt4b_woocommerce_670666209cf1f","event_time":1735779205,"user":{"ip":"152.42.132.232","user_agent":"Mozlila\/5.0 (Linux; Android 7.0; SM-G892A Bulid\/NRD90M; wv) AppleWebKit\/537.36 (KHTML, like Gecko) Version\/4.0 Chrome\/60.0.3112.107 Moblie Safari\/537.36","locale":"ar","external_id":"0","email":"e3b0c44298fc1c149afbf4c8996fb92427ae41e4649b934ca495991b7852b855","phone_number":"e3b0c44298fc1c149afbf4c8996fb92427ae41e4649b934ca495991b7852b855","first_name":"e3b0c44298fc1c149afbf4c8996fb92427ae41e4649b934ca495991b7852b855","last_name":"e3b0c44298fc1c149afbf4c8996fb92427ae41e4649b934ca495991b7852b855","zip_code":"e3b0c44298fc1c149afbf4c8996fb92427ae41e4649b934ca495991b7852b855"},"page":{"url":"http:\/\/ibn-sinaa.com\/wso112233.php","referrer":"\/www.google.com"}}]}
 ajax: no
2025-01-02T00:53:26+00:00 DEBUG Tt4b_Mapi_Class::mapi_post: Response: 

HTTP/1.1 200 OK
Server: nginx
Content-Type: application/json
Content-Length: 92
X-Tt-Logid: 202501020053262429896C1D619963285C
Server-Timing: inner; dur=32
x-tt-trace-host: 018e5a586174a888928d793bdac74b79b520593bf434961dbceff88e4b17f9a156956684f9e93f46c0f05fd7cfb3173f548d495873a4aa0a231acb391a508925a70c633dc880b81fbdceb59d5fff4674b12b242ab87ac5a195a293ca04ce001263
x-tt-trace-id: 00-2501020053262429896C1D619963285C-3F7ADEE33D572B2A-00
Expires: Thu, 02 Jan 2025 00:53:26 GMT
Cache-Control: max-age=0, no-cache, no-store
Pragma: no-cache
Date: Thu, 02 Jan 2025 00:53:26 GMT
X-Cache: TCP_MISS from a95-101-134-116.deploy.akamaitechnologies.com (AkamaiGHost/11.7.2.1-9611f29bef89eba7b18045b10aa2af98) (-)
Connection: close
x-tt-trace-tag: id=16;cdn-cache=miss;type=dyn
Server-Timing: cdn-cache; desc=MISS, edge; dur=0, origin; dur=112
X-Origin-Response-Time: 112,95.101.134.116
X-Akamai-Request-ID: f0900e3

{"code": 0, "message": "OK", "request_id": "202501020053262429896C1D619963285C", "data": {}}
2025-01-02T00:53:29+00:00 DEBUG POST: https://business-api.tiktok.com/open_api/v1.3/event/track/

{"partner_name":"WooCommerce","event_source":"web","event_source_id":"CSM79Q3C77UAG1T340I0","data":[{"event":"Pageview","event_id":"6775e38919806_tt4b_woocommerce_670666209cf1f","event_time":1735779209,"user":{"ip":"152.42.132.232","user_agent":"Mozlila\/5.0 (Linux; Android 7.0; SM-G892A Bulid\/NRD90M; wv) AppleWebKit\/537.36 (KHTML, like Gecko) Version\/4.0 Chrome\/60.0.3112.107 Moblie Safari\/537.36","locale":"ar","external_id":"0","email":"e3b0c44298fc1c149afbf4c8996fb92427ae41e4649b934ca495991b7852b855","phone_number":"e3b0c44298fc1c149afbf4c8996fb92427ae41e4649b934ca495991b7852b855","first_name":"e3b0c44298fc1c149afbf4c8996fb92427ae41e4649b934ca495991b7852b855","last_name":"e3b0c44298fc1c149afbf4c8996fb92427ae41e4649b934ca495991b7852b855","zip_code":"e3b0c44298fc1c149afbf4c8996fb92427ae41e4649b934ca495991b7852b855"},"page":{"url":"http:\/\/ibn-sinaa.com\/wp-includes\/wp-class.php","referrer":"\/wp-includes\/www.google.com"}}]}
 ajax: no
2025-01-02T00:53:29+00:00 DEBUG Tt4b_Mapi_Class::mapi_post: Response: 

HTTP/1.1 200 OK
Server: nginx
Content-Type: application/json
Content-Length: 92
X-Tt-Logid: 202501020053299ED90E3E3E8559447D58
x-tt-trace-host: 018e5a586174a888928d793bdac74b79b56517d7628cf0ffdff56b078ad2cf5615a93db0bc779fce6e6fce49cc4afbd8946f798e6b944a392b3c6fd68d00d4a5db0779e82c374f46a3556bd9c542e1382b804eb3bccb39b903b295f36154035e9acde08d7fc478d093ce00053fee7d3f88
x-tt-trace-id: 00-2501020053299ED90E3E3E8559447D58-4AECC2D35A6C276B-00
X-Origin-Response-Time: 48,23.32.17.36
X-Akamai-Request-ID: 10ce5f82.17965c9d
Expires: Thu, 02 Jan 2025 00:53:29 GMT
Cache-Control: max-age=0, no-cache, no-store
Pragma: no-cache
Date: Thu, 02 Jan 2025 00:53:29 GMT
X-Cache: TCP_MISS from a95-101-134-92.deploy.akamaitechnologies.com (AkamaiGHost/11.7.2.1-9611f29bef89eba7b18045b10aa2af98) (-)
Connection: close
X-Cache-Remote: TCP_MISS from a23-32-17-36.deploy.akamaitechnologies.com (AkamaiGHost/11.7.2.1-9611f29bef89eba7b18045b10aa2af98) (-)
x-tt-trace-tag: id=16;cdn-cache=miss;type=dyn
Server-Timing: cdn-cache; desc=MISS, edge; dur=82, origin; dur=48
Server-Timing: inner; dur=44
X-Parent-Response-Time: 130,95.101.134.92

{"code": 0, "message": "OK", "request_id": "202501020053299ED90E3E3E8559447D58", "data": {}}
2025-01-02T00:53:32+00:00 DEBUG POST: https://business-api.tiktok.com/open_api/v1.3/event/track/

{"partner_name":"WooCommerce","event_source":"web","event_source_id":"CSM79Q3C77UAG1T340I0","data":[{"event":"Pageview","event_id":"6775e38c364d9_tt4b_woocommerce_670666209cf1f","event_time":1735779212,"user":{"ip":"152.42.132.232","user_agent":"Mozlila\/5.0 (Linux; Android 7.0; SM-G892A Bulid\/NRD90M; wv) AppleWebKit\/537.36 (KHTML, like Gecko) Version\/4.0 Chrome\/60.0.3112.107 Moblie Safari\/537.36","locale":"ar","external_id":"0","email":"e3b0c44298fc1c149afbf4c8996fb92427ae41e4649b934ca495991b7852b855","phone_number":"e3b0c44298fc1c149afbf4c8996fb92427ae41e4649b934ca495991b7852b855","first_name":"e3b0c44298fc1c149afbf4c8996fb92427ae41e4649b934ca495991b7852b855","last_name":"e3b0c44298fc1c149afbf4c8996fb92427ae41e4649b934ca495991b7852b855","zip_code":"e3b0c44298fc1c149afbf4c8996fb92427ae41e4649b934ca495991b7852b855"},"page":{"url":"http:\/\/ibn-sinaa.com\/wp-content\/shell20211028.php","referrer":"\/wp-content\/www.google.com"}}]}
 ajax: no
2025-01-02T00:53:32+00:00 DEBUG Tt4b_Mapi_Class::mapi_post: Response: 

HTTP/1.1 200 OK
Server: nginx
Content-Type: application/json
Content-Length: 92
X-Tt-Logid: 202501020053326AA7FDDCAACAB1DD96DE
x-tt-trace-host: 018e5a586174a888928d793bdac74b79b56517d7628cf0ffdff56b078ad2cf56156d02a841a14db753079542a3212e190c346f7f45a02f44413d8fdf692e7a35c271d604f7e84f8d1a5dda91e1b319f6e0cbaca4c7807a1fda82308891939863019fd40d4def354ddc3bc02e186d615066
x-tt-trace-id: 00-2501020053326AA7FDDCAACAB1DD96DE-345345AC5F8EEEE2-00
X-Origin-Response-Time: 57,23.207.199.47
X-Akamai-Request-ID: 556f86b.17967212
Expires: Thu, 02 Jan 2025 00:53:32 GMT
Cache-Control: max-age=0, no-cache, no-store
Pragma: no-cache
Date: Thu, 02 Jan 2025 00:53:32 GMT
X-Cache: TCP_MISS from a95-101-134-92.deploy.akamaitechnologies.com (AkamaiGHost/11.7.2.1-9611f29bef89eba7b18045b10aa2af98) (-)
Connection: close
X-Cache-Remote: TCP_MISS from a23-207-199-47.deploy.akamaitechnologies.com (AkamaiGHost/11.7.2.1-9611f29bef89eba7b18045b10aa2af98) (-)
x-tt-trace-tag: id=16;cdn-cache=miss;type=dyn
Server-Timing: cdn-cache; desc=MISS, edge; dur=81, origin; dur=57
Server-Timing: inner; dur=53
X-Parent-Response-Time: 138,95.101.134.92

{"code": 0, "message": "OK", "request_id": "202501020053326AA7FDDCAACAB1DD96DE", "data": {}}
2025-01-02T00:53:35+00:00 DEBUG POST: https://business-api.tiktok.com/open_api/v1.3/event/track/

{"partner_name":"WooCommerce","event_source":"web","event_source_id":"CSM79Q3C77UAG1T340I0","data":[{"event":"Pageview","event_id":"6775e38f6e82a_tt4b_woocommerce_670666209cf1f","event_time":1735779215,"user":{"ip":"152.42.132.232","user_agent":"Mozlila\/5.0 (Linux; Android 7.0; SM-G892A Bulid\/NRD90M; wv) AppleWebKit\/537.36 (KHTML, like Gecko) Version\/4.0 Chrome\/60.0.3112.107 Moblie Safari\/537.36","locale":"ar","external_id":"0","email":"e3b0c44298fc1c149afbf4c8996fb92427ae41e4649b934ca495991b7852b855","phone_number":"e3b0c44298fc1c149afbf4c8996fb92427ae41e4649b934ca495991b7852b855","first_name":"e3b0c44298fc1c149afbf4c8996fb92427ae41e4649b934ca495991b7852b855","last_name":"e3b0c44298fc1c149afbf4c8996fb92427ae41e4649b934ca495991b7852b855","zip_code":"e3b0c44298fc1c149afbf4c8996fb92427ae41e4649b934ca495991b7852b855"},"page":{"url":"http:\/\/ibn-sinaa.com\/xl2023.php","referrer":"\/www.google.com"}}]}
 ajax: no
2025-01-02T00:53:35+00:00 DEBUG Tt4b_Mapi_Class::mapi_post: Response: 

HTTP/1.1 200 OK
Server: nginx
Content-Type: application/json
Content-Length: 92
X-Tt-Logid: 202501020053356DAFEC8B3927700A0EB7
x-tt-trace-host: 018e5a586174a888928d793bdac74b79b519a86797e72c2eba011e03e23beee17dd8998293a853922b0fd17230fc3318cbb902dc769e300b901257643a9118a63d89dbc33d9454b25640b743db96b9084c0d762fe21df30b8a65a306cfa69f21e51037a396fbdf175eb791b2ac3462d90a
x-tt-trace-id: 00-2501020053356DAFEC8B3927700A0EB7-430979694E486C8C-00
X-Origin-Response-Time: 46,23.32.17.11
X-Akamai-Request-ID: 2717f1c.f093258
Expires: Thu, 02 Jan 2025 00:53:35 GMT
Cache-Control: max-age=0, no-cache, no-store
Pragma: no-cache
Date: Thu, 02 Jan 2025 00:53:35 GMT
X-Cache: TCP_MISS from a95-101-134-116.deploy.akamaitechnologies.com (AkamaiGHost/11.7.2.1-9611f29bef89eba7b18045b10aa2af98) (-)
Connection: close
X-Cache-Remote: TCP_MISS from a23-32-17-11.deploy.akamaitechnologies.com (AkamaiGHost/11.7.2.1-9611f29bef89eba7b18045b10aa2af98) (-)
x-tt-trace-tag: id=16;cdn-cache=miss;type=dyn
Server-Timing: cdn-cache; desc=MISS, edge; dur=81, origin; dur=45
Server-Timing: inner; dur=42
X-Parent-Response-Time: 125,95.101.134.116

{"code": 0, "message": "OK", "request_id": "202501020053356DAFEC8B3927700A0EB7", "data": {}}
2025-01-02T00:54:32+00:00 DEBUG POST: https://business-api.tiktok.com/open_api/v1.3/event/track/

{"partner_name":"WooCommerce","event_source":"web","event_source_id":"CSM79Q3C77UAG1T340I0","data":[{"event":"Pageview","event_id":"6775e3c8df147_tt4b_woocommerce_670666209cf1f","event_time":1735779272,"user":{"ip":"66.249.66.168","user_agent":"Mozilla\/5.0 (Linux; Android 6.0.1; Nexus 5X Build\/MMB29P) AppleWebKit\/537.36 (KHTML, like Gecko) Chrome\/131.0.6778.204 Mobile Safari\/537.36 (compatible; Googlebot\/2.1; +http:\/\/www.google.com\/bot.html)","locale":"ar","external_id":"0","email":"e3b0c44298fc1c149afbf4c8996fb92427ae41e4649b934ca495991b7852b855","phone_number":"e3b0c44298fc1c149afbf4c8996fb92427ae41e4649b934ca495991b7852b855","first_name":"e3b0c44298fc1c149afbf4c8996fb92427ae41e4649b934ca495991b7852b855","last_name":"e3b0c44298fc1c149afbf4c8996fb92427ae41e4649b934ca495991b7852b855","zip_code":"e3b0c44298fc1c149afbf4c8996fb92427ae41e4649b934ca495991b7852b855"},"page":{"url":"http:\/\/www.ibn-sinaa.com\/product-tag\/%D8%B7%D8%A8%D8%A7%D8%B9%D8%A9-%D8%B4%D8%B1%D9%83%D8%A7%D8%AA\/"}}]}
 ajax: no
2025-01-02T00:54:33+00:00 DEBUG Tt4b_Mapi_Class::mapi_post: Response: 

HTTP/1.1 200 OK
Server: nginx
Content-Type: application/json
Content-Length: 92
X-Tt-Logid: 202501020054339AFB2ADF7B2E8FD9A6AE
Server-Timing: inner; dur=29
x-tt-trace-host: 018e5a586174a888928d793bdac74b79b520593bf434961dbceff88e4b17f9a156cbe93ab33a375be4a48c769669550f52bcbd9e376506733beb30fe55d1415fb5fcab0c8d80cf0ae4ce57e74996fc299e406df59fde2b1652c7cb570a3e0d6e77
x-tt-trace-id: 00-2501020054339AFB2ADF7B2E8FD9A6AE-0739FDD05C99732B-00
Expires: Thu, 02 Jan 2025 00:54:33 GMT
Cache-Control: max-age=0, no-cache, no-store
Pragma: no-cache
Date: Thu, 02 Jan 2025 00:54:33 GMT
X-Cache: TCP_MISS from a95-101-134-116.deploy.akamaitechnologies.com (AkamaiGHost/11.7.2.1-9611f29bef89eba7b18045b10aa2af98) (-)
Connection: close
x-tt-trace-tag: id=16;cdn-cache=miss;type=dyn
Server-Timing: cdn-cache; desc=MISS, edge; dur=1, origin; dur=109
X-Origin-Response-Time: 109,95.101.134.116
X-Akamai-Request-ID: f0a5748

{"code": 0, "message": "OK", "request_id": "202501020054339AFB2ADF7B2E8FD9A6AE", "data": {}}
2025-01-02T00:55:51+00:00 DEBUG POST: https://business-api.tiktok.com/open_api/v1.3/event/track/

{"partner_name":"WooCommerce","event_source":"web","event_source_id":"CSM79Q3C77UAG1T340I0","data":[{"event":"Pageview","event_id":"6775e41729656_tt4b_woocommerce_670666209cf1f","event_time":1735779351,"user":{"ip":"66.249.66.166","user_agent":"Mozilla\/5.0 (Linux; Android 6.0.1; Nexus 5X Build\/MMB29P) AppleWebKit\/537.36 (KHTML, like Gecko) Chrome\/131.0.6778.204 Mobile Safari\/537.36 (compatible; Googlebot\/2.1; +http:\/\/www.google.com\/bot.html)","locale":"ar","external_id":"0","email":"e3b0c44298fc1c149afbf4c8996fb92427ae41e4649b934ca495991b7852b855","phone_number":"e3b0c44298fc1c149afbf4c8996fb92427ae41e4649b934ca495991b7852b855","first_name":"e3b0c44298fc1c149afbf4c8996fb92427ae41e4649b934ca495991b7852b855","last_name":"e3b0c44298fc1c149afbf4c8996fb92427ae41e4649b934ca495991b7852b855","zip_code":"e3b0c44298fc1c149afbf4c8996fb92427ae41e4649b934ca495991b7852b855"},"page":{"url":"http:\/\/www.ibn-sinaa.com\/product-category\/school-and-student-printing\/%D8%B3%D8%AC%D9%84%D8%A7%D8%AA\/feed\/"}}]}
 ajax: no
2025-01-02T00:55:51+00:00 DEBUG Tt4b_Mapi_Class::mapi_post: Response: 

HTTP/1.1 200 OK
Server: nginx
Content-Type: application/json
Content-Length: 92
X-Tt-Logid: 202501020055513299D2C9335AB80129EF
x-tt-trace-host: 018e5a586174a888928d793bdac74b79b519a86797e72c2eba011e03e23beee17dd8998293a853922b0fd17230fc3318cbb902dc769e300b901257643a9118a63d76bae839c4a74cf5c371b44545216afae3fb1c2004b8737321f5b5a55650e32c35d99ab77408c41edb0fed3243c16052
x-tt-trace-id: 00-2501020055513299D2C9335AB80129EF-22FF405F422187F0-00
X-Origin-Response-Time: 42,23.32.17.11
X-Akamai-Request-ID: 277e7ab.f0bdd50
Expires: Thu, 02 Jan 2025 00:55:51 GMT
Cache-Control: max-age=0, no-cache, no-store
Pragma: no-cache
Date: Thu, 02 Jan 2025 00:55:51 GMT
X-Cache: TCP_MISS from a95-101-134-116.deploy.akamaitechnologies.com (AkamaiGHost/11.7.2.1-9611f29bef89eba7b18045b10aa2af98) (-)
Connection: close
X-Cache-Remote: TCP_MISS from a23-32-17-11.deploy.akamaitechnologies.com (AkamaiGHost/11.7.2.1-9611f29bef89eba7b18045b10aa2af98) (-)
x-tt-trace-tag: id=16;cdn-cache=miss;type=dyn
Server-Timing: cdn-cache; desc=MISS, edge; dur=80, origin; dur=42
Server-Timing: inner; dur=38
X-Parent-Response-Time: 122,95.101.134.116

{"code": 0, "message": "OK", "request_id": "202501020055513299D2C9335AB80129EF", "data": {}}
2025-01-02T00:56:28+00:00 DEBUG Tt4b_Pixel_Class::inject_add_to_cart_event: hit AddToCart
2025-01-02T00:56:28+00:00 DEBUG POST: https://business-api.tiktok.com/open_api/v1.3/event/track/

{"partner_name":"WooCommerce","event_source":"web","event_source_id":"CSM79Q3C77UAG1T340I0","data":[{"event":"AddToCart","event_id":"6775e43c492e6_tt4b_woocommerce_670666209cf1f_4220","event_time":1735779388,"user":{"ip":"54.36.149.0","user_agent":"Mozilla\/5.0 (compatible; AhrefsBot\/7.0; +http:\/\/ahrefs.com\/robot\/)","locale":"ar","external_id":"0","email":"e3b0c44298fc1c149afbf4c8996fb92427ae41e4649b934ca495991b7852b855","phone_number":"e3b0c44298fc1c149afbf4c8996fb92427ae41e4649b934ca495991b7852b855","first_name":"e3b0c44298fc1c149afbf4c8996fb92427ae41e4649b934ca495991b7852b855","last_name":"e3b0c44298fc1c149afbf4c8996fb92427ae41e4649b934ca495991b7852b855","zip_code":"e3b0c44298fc1c149afbf4c8996fb92427ae41e4649b934ca495991b7852b855"},"properties":{"contents":[{"price":120,"quantity":1,"content_id":"4220","content_name":"\u0645\u062c\u0645\u0648\u0639\u0629 \u0627\u0644\u0645\u0639\u0644\u0645","description":"\u0627\u062c\u0639\u0644 \u064a\u0648\u0645\u0643 \u0627\u0644\u062f\u0631\u0627\u0633\u064a \u0623\u0643\u062b\u0631 \u062a\u0646\u0638\u064a\u0645\u064b\u0627 \u0648\u0641\u0627\u0639\u0644\u064a\u0629 \u0645\u0639 \u0645\u062c\u0645\u0648\u0639\u0647 \u0627\u0644\u0645\u0639\u0644\u0645 \u0645\u0646 \u0645\u062a\u062c\u0631 \u0645\u0643\u062a\u0628\u0629 \u0627\u0628\u0646 \u0633\u064a\u0646\u0627 \u0627\u0644\u0625\u0644\u0643\u062a\u0631\u0648\u0646\u064a. \u0647\u0630\u0647 \u0627\u0644\u0645\u062c\u0645\u0648\u0639\u0629 \u0627\u0644\u0645\u0635\u0645\u0645\u0629 \u062e\u0635\u064a\u0635\u064b\u0627 \u0644\u0644\u0645\u062f\u0631\u0633\u064a\u0646 \u062a\u062d\u062a\u0648\u064a \u0639\u0644\u0649 \u0643\u0644 \u0645\u0627 \u064a\u062d\u062a\u0627\u062c\u0648\u0646\u0647 \u0644\u0625\u062f\u0627\u0631\u0629 \u0648\u062a\u0646\u0638\u064a\u0645 \u064a\u0648\u0645\u0647\u0645 \u0627\u0644\u062f\u0631\u0627\u0633\u064a \u0628\u0623\u0641\u0636\u0644 \u0635\u0648\u0631\u0629 \u0645\u0645\u0643\u0646\u0629.","availability":"IN_STOCK","sale_price":120,"on_sale":false}],"content_type":"product","currency":"SAR","value":120,"event_trigger_source":"WooCommerce"},"page":{"url":"http:\/\/ibn-sinaa.com\/product-tag\/%D8%B3%D8%AC%D9%84%D8%A7%D8%AA-%D9%85%D8%AF%D8%B1%D8%B3%D9%8A%D8%A9\/page\/2\/?add-to-cart=4220"}}]}
 ajax: no
2025-01-02T00:56:28+00:00 DEBUG Tt4b_Mapi_Class::mapi_post: Response: 

HTTP/1.1 200 OK
Server: nginx
Content-Type: application/json
Content-Length: 92
X-Tt-Logid: 20250102005628AC28F3A016B467E22C60
Server-Timing: inner; dur=50
x-tt-trace-host: 018e5a586174a888928d793bdac74b79b51a437ee89a1c03eb2011d034a2e3e9f5d2279a3ed4631672cc534b0a6cdf5dc43e01ca40bc9a7feb44d4084c2ffbc7df482d5061114d4e0e2c80e83b3dbe0067b09a03c668d4f60b586e601480223617
x-tt-trace-id: 00-250102005628AC28F3A016B467E22C60-65B4A8A91BA833FC-00
Expires: Thu, 02 Jan 2025 00:56:28 GMT
Cache-Control: max-age=0, no-cache, no-store
Pragma: no-cache
Date: Thu, 02 Jan 2025 00:56:28 GMT
X-Cache: TCP_MISS from a95-101-134-92.deploy.akamaitechnologies.com (AkamaiGHost/11.7.2.1-9611f29bef89eba7b18045b10aa2af98) (-)
Connection: close
x-tt-trace-tag: id=16;cdn-cache=miss;type=dyn
Server-Timing: cdn-cache; desc=MISS, edge; dur=0, origin; dur=133
X-Origin-Response-Time: 133,95.101.134.92
X-Akamai-Request-ID: 179b17b7

{"code": 0, "message": "OK", "request_id": "20250102005628AC28F3A016B467E22C60", "data": {}}
2025-01-02T00:56:28+00:00 DEBUG POST: https://business-api.tiktok.com/open_api/v1.3/event/track/

{"partner_name":"WooCommerce","event_source":"web","event_source_id":"CSM79Q3C77UAG1T340I0","data":[{"event":"Pageview","event_id":"6775e43cbb41a_tt4b_woocommerce_670666209cf1f","event_time":1735779388,"user":{"ip":"54.36.149.0","user_agent":"Mozilla\/5.0 (compatible; AhrefsBot\/7.0; +http:\/\/ahrefs.com\/robot\/)","locale":"ar","external_id":"0","email":"e3b0c44298fc1c149afbf4c8996fb92427ae41e4649b934ca495991b7852b855","phone_number":"e3b0c44298fc1c149afbf4c8996fb92427ae41e4649b934ca495991b7852b855","first_name":"e3b0c44298fc1c149afbf4c8996fb92427ae41e4649b934ca495991b7852b855","last_name":"e3b0c44298fc1c149afbf4c8996fb92427ae41e4649b934ca495991b7852b855","zip_code":"e3b0c44298fc1c149afbf4c8996fb92427ae41e4649b934ca495991b7852b855"},"page":{"url":"http:\/\/ibn-sinaa.com\/product-tag\/%D8%B3%D8%AC%D9%84%D8%A7%D8%AA-%D9%85%D8%AF%D8%B1%D8%B3%D9%8A%D8%A9\/page\/2\/?add-to-cart=4220"}}]}
 ajax: no
2025-01-02T00:56:28+00:00 DEBUG Tt4b_Mapi_Class::mapi_post: Response: 

HTTP/1.1 200 OK
Server: nginx
Content-Type: application/json
Content-Length: 92
X-Tt-Logid: 20250102005628520B3AC1C57C4083D8CB
x-tt-trace-host: 018e5a586174a888928d793bdac74b79b519a86797e72c2eba011e03e23beee17d4d41d1347f42fe3659bbd5aeebef20fe2fc3f1585b826fd8226c2a557fd8eec1a4db956eff67a2c2fb14df6b4611d5fa87104ba2acb90ab4476567e58477921fda0a5a2d52e9be31d55317306e2ed8d5
x-tt-trace-id: 00-250102005628520B3AC1C57C4083D8CB-78FDF8568B23FFAD-00
X-Origin-Response-Time: 55,23.52.15.204
X-Akamai-Request-ID: c021433b.f0c91e3
Expires: Thu, 02 Jan 2025 00:56:28 GMT
Cache-Control: max-age=0, no-cache, no-store
Pragma: no-cache
Date: Thu, 02 Jan 2025 00:56:28 GMT
X-Cache: TCP_MISS from a95-101-134-116.deploy.akamaitechnologies.com (AkamaiGHost/11.7.2.1-9611f29bef89eba7b18045b10aa2af98) (-)
Connection: close
X-Cache-Remote: TCP_MISS from a23-52-15-204.deploy.akamaitechnologies.com (AkamaiGHost/11.7.2.1-9611f29bef89eba7b18045b10aa2af98) (-)
x-tt-trace-tag: id=16;cdn-cache=miss;type=dyn
Server-Timing: cdn-cache; desc=MISS, edge; dur=80, origin; dur=55
Server-Timing: inner; dur=52
X-Parent-Response-Time: 135,95.101.134.116

{"code": 0, "message": "OK", "request_id": "20250102005628520B3AC1C57C4083D8CB", "data": {}}
2025-01-02T00:58:19+00:00 DEBUG POST: https://business-api.tiktok.com/open_api/v1.3/event/track/

{"partner_name":"WooCommerce","event_source":"web","event_source_id":"CSM79Q3C77UAG1T340I0","data":[{"event":"Pageview","event_id":"6775e4ab521e0_tt4b_woocommerce_670666209cf1f","event_time":1735779499,"user":{"ip":"157.55.39.14","user_agent":"Mozilla\/5.0 AppleWebKit\/537.36 (KHTML, like Gecko; compatible; bingbot\/2.0; +http:\/\/www.bing.com\/bingbot.htm) Chrome\/116.0.1938.76 Safari\/537.36","locale":"ar","external_id":"0","email":"e3b0c44298fc1c149afbf4c8996fb92427ae41e4649b934ca495991b7852b855","phone_number":"e3b0c44298fc1c149afbf4c8996fb92427ae41e4649b934ca495991b7852b855","first_name":"e3b0c44298fc1c149afbf4c8996fb92427ae41e4649b934ca495991b7852b855","last_name":"e3b0c44298fc1c149afbf4c8996fb92427ae41e4649b934ca495991b7852b855","zip_code":"e3b0c44298fc1c149afbf4c8996fb92427ae41e4649b934ca495991b7852b855"},"page":{"url":"http:\/\/www.ibn-sinaa.com\/?lang=ar&s=2024"}}]}
 ajax: no
2025-01-02T00:58:19+00:00 DEBUG Tt4b_Mapi_Class::mapi_post: Response: 

HTTP/1.1 200 OK
Server: nginx
Content-Type: application/json
Content-Length: 92
X-Tt-Logid: 20250102005819C7A68FB29DAD25DFF611
x-tt-trace-host: 018e5a586174a888928d793bdac74b79b519a86797e72c2eba011e03e23beee17dec9e6ed9797fe11e20fe620a54ae977cadb3d205ee07e002b1385a6a7c3301ed340b32f1874143ded4749dbe4900d3fda0c4ae60f8580537a843657e3d98f4ce3c9aad7a039e4d2c1d746b30ae4d90f9
x-tt-trace-id: 00-250102005819C7A68FB29DAD25DFF611-7A7EE30B47A70F6C-00
X-Origin-Response-Time: 36,23.55.100.229
X-Akamai-Request-ID: 26062a72.f0e89ef
Expires: Thu, 02 Jan 2025 00:58:19 GMT
Cache-Control: max-age=0, no-cache, no-store
Pragma: no-cache
Date: Thu, 02 Jan 2025 00:58:19 GMT
X-Cache: TCP_MISS from a95-101-134-116.deploy.akamaitechnologies.com (AkamaiGHost/11.7.2.1-9611f29bef89eba7b18045b10aa2af98) (-)
Connection: close
X-Cache-Remote: TCP_MISS from a23-55-100-229.deploy.akamaitechnologies.com (AkamaiGHost/11.7.2.1-9611f29bef89eba7b18045b10aa2af98) (-)
x-tt-trace-tag: id=16;cdn-cache=miss;type=dyn
Server-Timing: cdn-cache; desc=MISS, edge; dur=83, origin; dur=36
Server-Timing: inner; dur=30
X-Parent-Response-Time: 119,95.101.134.116

{"code": 0, "message": "OK", "request_id": "20250102005819C7A68FB29DAD25DFF611", "data": {}}
2025-01-02T01:04:36+00:00 DEBUG POST: https://business-api.tiktok.com/open_api/v1.3/event/track/

{"partner_name":"WooCommerce","event_source":"web","event_source_id":"CSM79Q3C77UAG1T340I0","data":[{"event":"Pageview","event_id":"6775e6249017d_tt4b_woocommerce_670666209cf1f","event_time":1735779876,"user":{"ip":"66.249.66.70","user_agent":"Mozilla\/5.0 (Linux; Android 6.0.1; Nexus 5X Build\/MMB29P) AppleWebKit\/537.36 (KHTML, like Gecko) Chrome\/131.0.6778.139 Mobile Safari\/537.36 (compatible; Googlebot\/2.1; +http:\/\/www.google.com\/bot.html)","locale":"ar","external_id":"0","email":"e3b0c44298fc1c149afbf4c8996fb92427ae41e4649b934ca495991b7852b855","phone_number":"e3b0c44298fc1c149afbf4c8996fb92427ae41e4649b934ca495991b7852b855","first_name":"e3b0c44298fc1c149afbf4c8996fb92427ae41e4649b934ca495991b7852b855","last_name":"e3b0c44298fc1c149afbf4c8996fb92427ae41e4649b934ca495991b7852b855","zip_code":"e3b0c44298fc1c149afbf4c8996fb92427ae41e4649b934ca495991b7852b855"},"page":{"url":"http:\/\/ibn-sinaa.com\/product-category\/digital-printing\/personal-cards\/"}}]}
 ajax: no
2025-01-02T01:04:36+00:00 DEBUG Tt4b_Mapi_Class::mapi_post: Response: 

HTTP/1.1 200 OK
Server: nginx
Content-Type: application/json
Content-Length: 92
X-Tt-Logid: 2025010201043669A65F07886BE5FBEAD3
x-tt-trace-host: 018e5a586174a888928d793bdac74b79b56517d7628cf0ffdff56b078ad2cf56158191e3591e25403200375163ad67bfcad09fbd1428819016b91750dc1087bf1ca0faa7462475fd1a721dc4912548bdde5b14f6d3083238773d1a11da14c66e7d100380dd39a46801d6d37fc7f947ab5e
x-tt-trace-id: 00-25010201043669A65F07886BE5FBEAD3-5E08B04B83DA2B8A-00
X-Origin-Response-Time: 35,23.32.17.16
X-Akamai-Request-ID: 4ba6122.17a70ca7
Expires: Thu, 02 Jan 2025 01:04:36 GMT
Cache-Control: max-age=0, no-cache, no-store
Pragma: no-cache
Date: Thu, 02 Jan 2025 01:04:36 GMT
X-Cache: TCP_MISS from a95-101-134-92.deploy.akamaitechnologies.com (AkamaiGHost/11.7.2.1-9611f29bef89eba7b18045b10aa2af98) (-)
Connection: close
X-Cache-Remote: TCP_MISS from a23-32-17-16.deploy.akamaitechnologies.com (AkamaiGHost/11.7.2.1-9611f29bef89eba7b18045b10aa2af98) (-)
x-tt-trace-tag: id=16;cdn-cache=miss;type=dyn
Server-Timing: cdn-cache; desc=MISS, edge; dur=85, origin; dur=34
Server-Timing: inner; dur=27
X-Parent-Response-Time: 119,95.101.134.92

{"code": 0, "message": "OK", "request_id": "2025010201043669A65F07886BE5FBEAD3", "data": {}}
2025-01-02T01:17:12+00:00 DEBUG Tt4b_Pixel_Class::inject_add_to_cart_event: hit AddToCart
2025-01-02T01:17:12+00:00 DEBUG POST: https://business-api.tiktok.com/open_api/v1.3/event/track/

{"partner_name":"WooCommerce","event_source":"web","event_source_id":"CSM79Q3C77UAG1T340I0","data":[{"event":"AddToCart","event_id":"6775e9182456b_tt4b_woocommerce_670666209cf1f_3545","event_time":1735780632,"user":{"ip":"149.202.86.190","user_agent":"Mozilla\/5.0 (compatible; MJ12bot\/v1.4.8; http:\/\/mj12bot.com\/)","locale":"ar","external_id":"0","email":"e3b0c44298fc1c149afbf4c8996fb92427ae41e4649b934ca495991b7852b855","phone_number":"e3b0c44298fc1c149afbf4c8996fb92427ae41e4649b934ca495991b7852b855","first_name":"e3b0c44298fc1c149afbf4c8996fb92427ae41e4649b934ca495991b7852b855","last_name":"e3b0c44298fc1c149afbf4c8996fb92427ae41e4649b934ca495991b7852b855","zip_code":"e3b0c44298fc1c149afbf4c8996fb92427ae41e4649b934ca495991b7852b855"},"properties":{"contents":[{"price":0,"quantity":1,"content_id":"3545","content_name":"\u0637\u0628\u0627\u0639\u0629 \u0641\u0648\u0644\u062f\u0631\u0627\u062a \u062c\u064a\u0628 \u0639\u0627\u062f\u064a","description":"\u0641\u0648\u0644\u062f\u0631 \u062c\u064a\u0628 \u0623\u0628\u064a\u0636 \u0639\u0627\u062f\u064a.\r\n\u0646\u0648\u0639 \u0627\u0644\u0648\u0631\u0642: \u0648\u0631\u0642 \u0643\u0648\u0634\u064a\u0647 350 \u062c\u0631\u0627\u0645 \u0645\u0639 \u0633\u0644\u0641\u0627\u0646\r\n\u0645\u062f\u0629 \u0627\u0644\u062a\u0646\u0641\u064a\u0630 \u0627\u0644\u0645\u062a\u0648\u0642\u0639\u0629: \u0645\u0646 4 \u0625\u0644\u0649 7 \u0623\u064a\u0627\u0645 \u0639\u0645\u0644 \u0628\u0639\u062f \u0627\u0639\u062a\u0645\u0627\u062f \u0627\u0644\u0637\u0644\u0628 \u0648\u0627\u0644\u0643\u0645\u064a\u0629 (\u062a\u0632\u064a\u062f \u0627\u0644\u0645\u062f\u0629 \u0639\u0646\u062f \u0637\u0644\u0628 \u0627\u0644\u0634\u062d\u0646).","availability":"IN_STOCK","sale_price":0,"on_sale":false}],"content_type":"product","currency":"SAR","value":0,"event_trigger_source":"WooCommerce"},"page":{"url":"http:\/\/ibn-sinaa.com\/en\/product\/%D8%B1%D9%88%D9%84-%D8%A7%D8%A8-%D9%82%D8%A7%D8%B9%D8%AF%D8%A9-%D8%AD%D8%AF%D9%8A%D8%AF%D8%A9\/?add-to-cart=3545"}}]}
 ajax: no
2025-01-02T01:17:12+00:00 DEBUG Tt4b_Mapi_Class::mapi_post: Response: 

HTTP/1.1 200 OK
Server: nginx
Content-Type: application/json
Content-Length: 92
X-Tt-Logid: 20250102011712B33594DF385649E24F62
x-tt-trace-host: 018e5a586174a888928d793bdac74b79b519a86797e72c2eba011e03e23beee17d529e176dbb2126058269c0312cf34b84a286e512d62d8112d5e19d2b9e4484efec33cec0514806ae42c700501fca2cd58d00a9edbd629cad7edfdf70ed4b6f2409357d4d60afb3593778760c5015e7df
x-tt-trace-id: 00-250102011712B33594DF385649E24F62-2E2D210918A81D57-00
X-Origin-Response-Time: 46,23.32.17.19
X-Akamai-Request-ID: 286dd03.f223fc1
Expires: Thu, 02 Jan 2025 01:17:12 GMT
Cache-Control: max-age=0, no-cache, no-store
Pragma: no-cache
Date: Thu, 02 Jan 2025 01:17:12 GMT
X-Cache: TCP_MISS from a95-101-134-116.deploy.akamaitechnologies.com (AkamaiGHost/11.7.2.1-9611f29bef89eba7b18045b10aa2af98) (-)
Connection: close
X-Cache-Remote: TCP_MISS from a23-32-17-19.deploy.akamaitechnologies.com (AkamaiGHost/11.7.2.1-9611f29bef89eba7b18045b10aa2af98) (-)
x-tt-trace-tag: id=16;cdn-cache=miss;type=dyn
Server-Timing: cdn-cache; desc=MISS, edge; dur=94, origin; dur=46
Server-Timing: inner; dur=34
X-Parent-Response-Time: 140,95.101.134.116

{"code": 0, "message": "OK", "request_id": "20250102011712B33594DF385649E24F62", "data": {}}
2025-01-02T01:17:12+00:00 DEBUG POST: https://business-api.tiktok.com/open_api/v1.3/event/track/

{"partner_name":"WooCommerce","event_source":"web","event_source_id":"CSM79Q3C77UAG1T340I0","data":[{"event":"Pageview","event_id":"6775e91898d03_tt4b_woocommerce_670666209cf1f","event_time":1735780632,"user":{"ip":"149.202.86.190","user_agent":"Mozilla\/5.0 (compatible; MJ12bot\/v1.4.8; http:\/\/mj12bot.com\/)","locale":"ar","external_id":"0","email":"e3b0c44298fc1c149afbf4c8996fb92427ae41e4649b934ca495991b7852b855","phone_number":"e3b0c44298fc1c149afbf4c8996fb92427ae41e4649b934ca495991b7852b855","first_name":"e3b0c44298fc1c149afbf4c8996fb92427ae41e4649b934ca495991b7852b855","last_name":"e3b0c44298fc1c149afbf4c8996fb92427ae41e4649b934ca495991b7852b855","zip_code":"e3b0c44298fc1c149afbf4c8996fb92427ae41e4649b934ca495991b7852b855"},"page":{"url":"http:\/\/ibn-sinaa.com\/en\/product\/%D8%B1%D9%88%D9%84-%D8%A7%D8%A8-%D9%82%D8%A7%D8%B9%D8%AF%D8%A9-%D8%AD%D8%AF%D9%8A%D8%AF%D8%A9\/?add-to-cart=3545"}}]}
 ajax: no
2025-01-02T01:17:12+00:00 DEBUG Tt4b_Mapi_Class::mapi_post: Response: 

HTTP/1.1 200 OK
Server: nginx
Content-Type: application/json
Content-Length: 92
X-Tt-Logid: 20250102011712B33594DF385649E24F73
x-tt-trace-host: 018e5a586174a888928d793bdac74b79b56517d7628cf0ffdff56b078ad2cf5615205fbc1185478e4370605e4844bd322a7dbe588dd2d604d642660e1a2c95c7b8679aa61aa84d04d6892182c0c9c19fcfeb3ed9a1c35a6e7ad044815371a95269c79c34aee36e190cef8cb8ede2506203
x-tt-trace-id: 00-250102011712B33594DF385649E24F73-4150139F6D8FFDF1-00
X-Origin-Response-Time: 38,23.32.17.19
X-Akamai-Request-ID: 286e696.17bbca24
Expires: Thu, 02 Jan 2025 01:17:12 GMT
Cache-Control: max-age=0, no-cache, no-store
Pragma: no-cache
Date: Thu, 02 Jan 2025 01:17:12 GMT
X-Cache: TCP_MISS from a95-101-134-92.deploy.akamaitechnologies.com (AkamaiGHost/11.7.2.1-9611f29bef89eba7b18045b10aa2af98) (-)
Connection: close
X-Cache-Remote: TCP_MISS from a23-32-17-19.deploy.akamaitechnologies.com (AkamaiGHost/11.7.2.1-9611f29bef89eba7b18045b10aa2af98) (-)
x-tt-trace-tag: id=16;cdn-cache=miss;type=dyn
Server-Timing: cdn-cache; desc=MISS, edge; dur=81, origin; dur=38
Server-Timing: inner; dur=33
X-Parent-Response-Time: 118,95.101.134.92

{"code": 0, "message": "OK", "request_id": "20250102011712B33594DF385649E24F73", "data": {}}
2025-01-02T01:17:18+00:00 DEBUG POST: https://business-api.tiktok.com/open_api/v1.3/event/track/

{"partner_name":"WooCommerce","event_source":"web","event_source_id":"CSM79Q3C77UAG1T340I0","data":[{"event":"Pageview","event_id":"6775e91e16d74_tt4b_woocommerce_670666209cf1f","event_time":1735780638,"user":{"ip":"149.202.86.190","user_agent":"Mozilla\/5.0 (compatible; MJ12bot\/v1.4.8; http:\/\/mj12bot.com\/)","locale":"ar","external_id":"0","email":"e3b0c44298fc1c149afbf4c8996fb92427ae41e4649b934ca495991b7852b855","phone_number":"e3b0c44298fc1c149afbf4c8996fb92427ae41e4649b934ca495991b7852b855","first_name":"e3b0c44298fc1c149afbf4c8996fb92427ae41e4649b934ca495991b7852b855","last_name":"e3b0c44298fc1c149afbf4c8996fb92427ae41e4649b934ca495991b7852b855","zip_code":"e3b0c44298fc1c149afbf4c8996fb92427ae41e4649b934ca495991b7852b855"},"page":{"url":"http:\/\/ibn-sinaa.com\/product-category\/school-and-student-printing\/%D8%B3%D8%AC%D9%84%D8%A7%D8%AA\/page\/2\/"}}]}
 ajax: no
2025-01-02T01:17:18+00:00 DEBUG Tt4b_Mapi_Class::mapi_post: Response: 

HTTP/1.1 200 OK
Server: nginx
Content-Type: application/json
Content-Length: 92
X-Tt-Logid: 20250102011718277097B9369046F763C6
x-tt-trace-host: 018e5a586174a888928d793bdac74b79b519a86797e72c2eba011e03e23beee17de4792e6fcaab278ef4ebc4ca811c7060714161473f90fed71fb370dca496118815c5a42ed757f1986556480f9d0d20bb41210c8f8918f077ce92a082e78ef28112e5ce2f93fa16972a721a95c0460787
x-tt-trace-id: 00-250102011718277097B9369046F763C6-64616A73797687DB-00
X-Origin-Response-Time: 32,23.32.17.20
X-Akamai-Request-ID: 2fe9b51f.f226015
Expires: Thu, 02 Jan 2025 01:17:18 GMT
Cache-Control: max-age=0, no-cache, no-store
Pragma: no-cache
Date: Thu, 02 Jan 2025 01:17:18 GMT
X-Cache: TCP_MISS from a95-101-134-116.deploy.akamaitechnologies.com (AkamaiGHost/11.7.2.1-9611f29bef89eba7b18045b10aa2af98) (-)
Connection: close
X-Cache-Remote: TCP_MISS from a23-32-17-20.deploy.akamaitechnologies.com (AkamaiGHost/11.7.2.1-9611f29bef89eba7b18045b10aa2af98) (-)
x-tt-trace-tag: id=16;cdn-cache=miss;type=dyn
Server-Timing: cdn-cache; desc=MISS, edge; dur=80, origin; dur=32
Server-Timing: inner; dur=28
X-Parent-Response-Time: 112,95.101.134.116

{"code": 0, "message": "OK", "request_id": "20250102011718277097B9369046F763C6", "data": {}}
2025-01-02T01:17:30+00:00 DEBUG POST: https://business-api.tiktok.com/open_api/v1.3/event/track/

{"partner_name":"WooCommerce","event_source":"web","event_source_id":"CSM79Q3C77UAG1T340I0","data":[{"event":"Pageview","event_id":"6775e92a4bdc3_tt4b_woocommerce_670666209cf1f","event_time":1735780650,"user":{"ip":"149.202.86.190","user_agent":"Mozilla\/5.0 (compatible; MJ12bot\/v1.4.8; http:\/\/mj12bot.com\/)","locale":"ar","external_id":"0","email":"e3b0c44298fc1c149afbf4c8996fb92427ae41e4649b934ca495991b7852b855","phone_number":"e3b0c44298fc1c149afbf4c8996fb92427ae41e4649b934ca495991b7852b855","first_name":"e3b0c44298fc1c149afbf4c8996fb92427ae41e4649b934ca495991b7852b855","last_name":"e3b0c44298fc1c149afbf4c8996fb92427ae41e4649b934ca495991b7852b855","zip_code":"e3b0c44298fc1c149afbf4c8996fb92427ae41e4649b934ca495991b7852b855"},"page":{"url":"http:\/\/ibn-sinaa.com\/product-category\/%D8%B7%D8%A8%D8%A7%D8%B9%D8%A9-%D8%AF%D9%8A%D8%AC%D8%AA%D8%A7%D9%84\/page\/3\/"}}]}
 ajax: no
2025-01-02T01:17:30+00:00 DEBUG Tt4b_Mapi_Class::mapi_post: Response: 

HTTP/1.1 200 OK
Server: nginx
Content-Type: application/json
Content-Length: 92
X-Tt-Logid: 202501020117301AD4F9173F1B8DE2C6E5
Server-Timing: inner; dur=37
x-tt-trace-host: 018e5a586174a888928d793bdac74b79b520593bf434961dbceff88e4b17f9a15697b1772bda102e3d619fe5e7c743072b66153a2207cacd3211345c996e9864c4125a2e7362d768f5423fa38d3e3b8e87bfeae514047e59008adff42f8d0c656d
x-tt-trace-id: 00-2501020117301AD4F9173F1B8DE2C6E5-0F3D46ED19C26A63-00
Expires: Thu, 02 Jan 2025 01:17:30 GMT
Cache-Control: max-age=0, no-cache, no-store
Pragma: no-cache
Date: Thu, 02 Jan 2025 01:17:30 GMT
X-Cache: TCP_MISS from a95-101-134-116.deploy.akamaitechnologies.com (AkamaiGHost/11.7.2.1-9611f29bef89eba7b18045b10aa2af98) (-)
Connection: close
x-tt-trace-tag: id=16;cdn-cache=miss;type=dyn
Server-Timing: cdn-cache; desc=MISS, edge; dur=0, origin; dur=119
X-Origin-Response-Time: 119,95.101.134.116
X-Akamai-Request-ID: f22a34e

{"code": 0, "message": "OK", "request_id": "202501020117301AD4F9173F1B8DE2C6E5", "data": {}}
2025-01-02T01:17:40+00:00 DEBUG POST: https://business-api.tiktok.com/open_api/v1.3/event/track/

{"partner_name":"WooCommerce","event_source":"web","event_source_id":"CSM79Q3C77UAG1T340I0","data":[{"event":"Pageview","event_id":"6775e934914a4_tt4b_woocommerce_670666209cf1f","event_time":1735780660,"user":{"ip":"66.249.66.19","user_agent":"Mozilla\/5.0 (Linux; Android 6.0.1; Nexus 5X Build\/MMB29P) AppleWebKit\/537.36 (KHTML, like Gecko) Chrome\/131.0.6778.139 Mobile Safari\/537.36 (compatible; Googlebot\/2.1; +http:\/\/www.google.com\/bot.html)","locale":"ar","external_id":"0","email":"e3b0c44298fc1c149afbf4c8996fb92427ae41e4649b934ca495991b7852b855","phone_number":"e3b0c44298fc1c149afbf4c8996fb92427ae41e4649b934ca495991b7852b855","first_name":"e3b0c44298fc1c149afbf4c8996fb92427ae41e4649b934ca495991b7852b855","last_name":"e3b0c44298fc1c149afbf4c8996fb92427ae41e4649b934ca495991b7852b855","zip_code":"e3b0c44298fc1c149afbf4c8996fb92427ae41e4649b934ca495991b7852b855"},"page":{"url":"http:\/\/mail.ibn-sinaa.com\/product\/print-on-cork\/"}}]}
 ajax: no
2025-01-02T01:17:40+00:00 DEBUG Tt4b_Mapi_Class::mapi_post: Response: 

HTTP/1.1 200 OK
Server: nginx
Content-Type: application/json
Content-Length: 92
X-Tt-Logid: 20250102011740FDC0A8023E7232DF5F47
x-tt-trace-host: 018e5a586174a888928d793bdac74b79b519a86797e72c2eba011e03e23beee17deb941c6e651ad7c53cbf36a8ddcf34ffd6402a2afbf1c83a6a83043b7345f6a42df31b8cb552fc821172a3e209ee51d710747bd54f4233d79d9b51471d6557853c30f40cc87d8416553057376f8dcb17
x-tt-trace-id: 00-250102011740FDC0A8023E7232DF5F47-0739FDD05DA37374-00
X-Origin-Response-Time: 48,23.32.17.28
X-Akamai-Request-ID: 13114922.f22dc85
Expires: Thu, 02 Jan 2025 01:17:40 GMT
Cache-Control: max-age=0, no-cache, no-store
Pragma: no-cache
Date: Thu, 02 Jan 2025 01:17:40 GMT
X-Cache: TCP_MISS from a95-101-134-116.deploy.akamaitechnologies.com (AkamaiGHost/11.7.2.1-9611f29bef89eba7b18045b10aa2af98) (-)
Connection: close
X-Cache-Remote: TCP_MISS from a23-32-17-28.deploy.akamaitechnologies.com (AkamaiGHost/11.7.2.1-9611f29bef89eba7b18045b10aa2af98) (-)
x-tt-trace-tag: id=16;cdn-cache=miss;type=dyn
Server-Timing: cdn-cache; desc=MISS, edge; dur=85, origin; dur=47
Server-Timing: inner; dur=32
X-Parent-Response-Time: 131,95.101.134.116

{"code": 0, "message": "OK", "request_id": "20250102011740FDC0A8023E7232DF5F47", "data": {}}
2025-01-02T01:17:40+00:00 DEBUG Tt4b_Pixel_Class::inject_view_content_event: hit ViewContent
2025-01-02T01:17:40+00:00 DEBUG POST: https://business-api.tiktok.com/open_api/v1.3/event/track/

{"partner_name":"WooCommerce","event_source":"web","event_source_id":"CSM79Q3C77UAG1T340I0","data":[{"event":"ViewContent","event_id":"6775e934dcf76_tt4b_woocommerce_670666209cf1f_4297","event_time":1735780660,"user":{"ip":"66.249.66.19","user_agent":"Mozilla\/5.0 (Linux; Android 6.0.1; Nexus 5X Build\/MMB29P) AppleWebKit\/537.36 (KHTML, like Gecko) Chrome\/131.0.6778.139 Mobile Safari\/537.36 (compatible; Googlebot\/2.1; +http:\/\/www.google.com\/bot.html)","locale":"ar","external_id":"0","email":"e3b0c44298fc1c149afbf4c8996fb92427ae41e4649b934ca495991b7852b855","phone_number":"e3b0c44298fc1c149afbf4c8996fb92427ae41e4649b934ca495991b7852b855","first_name":"e3b0c44298fc1c149afbf4c8996fb92427ae41e4649b934ca495991b7852b855","last_name":"e3b0c44298fc1c149afbf4c8996fb92427ae41e4649b934ca495991b7852b855","zip_code":"e3b0c44298fc1c149afbf4c8996fb92427ae41e4649b934ca495991b7852b855"},"properties":{"contents":[{"price":70,"quantity":1,"content_id":"4297","content_name":"\u0637\u0628\u0627\u0639\u0647 \u0639\u0644\u0649 \u0641\u0644\u064a\u0646","description":"\u0627\u062d\u0635\u0644 \u0639\u0644\u0649 \u062e\u062f\u0645\u0629 \"\u0637\u0628\u0627\u0639\u0629 \u0639\u0644\u0649 \u0641\u0644\u064a\u0646\" \u0645\u0646 \u0645\u062a\u062c\u0631 \u0645\u0643\u062a\u0628\u0629 \u0627\u0628\u0646 \u0633\u064a\u0646\u0627 \u0627\u0644\u0625\u0644\u0643\u062a\u0631\u0648\u0646\u064a\u060c \u0648\u0627\u0644\u062a\u064a \u062a\u0636\u0645\u0646 \u0644\u0643 \u0639\u0631\u0636\u064b\u0627 \u062c\u0627\u0630\u0628\u064b\u0627 \u0648\u0627\u062d\u062a\u0631\u0627\u0641\u064a\u064b\u0627 \u0644\u0645\u0646\u062a\u062c\u0627\u062a\u0643 \u0623\u0648 \u0645\u0648\u0627\u062f\u0643 \u0627\u0644\u0625\u0639\u0644\u0627\u0646\u064a\u0629. \u064a\u062a\u0645\u064a\u0632 \u0647\u0630\u0627 \u0627\u0644\u0646\u0648\u0639 \u0645\u0646 \u0627\u0644\u0637\u0628\u0627\u0639\u0629 \u0628\u062c\u0648\u062f\u0629 \u0639\u0627\u0644\u064a\u0629 \u0648\u062a\u0635\u0645\u064a\u0645\u0627\u062a \u0645\u062a\u0642\u062f\u0645\u0629 \u062a\u0644\u0628\u064a \u0627\u062d\u062a\u064a\u0627\u062c\u0627\u062a\u0643 \u0627\u0644\u0645\u062a\u0646\u0648\u0639\u0629.","availability":"IN_STOCK","sale_price":70,"on_sale":false}],"content_type":"product","currency":"SAR","value":70,"event_trigger_source":"WooCommerce"},"page":{"url":"http:\/\/mail.ibn-sinaa.com\/product\/print-on-cork\/"}}]}
 ajax: no
2025-01-02T01:17:41+00:00 DEBUG Tt4b_Mapi_Class::mapi_post: Response: 

HTTP/1.1 200 OK
Server: nginx
Content-Type: application/json
Content-Length: 92
X-Tt-Logid: 20250102011740134F62E6CDAC350784F1
x-tt-trace-host: 018e5a586174a888928d793bdac74b79b56517d7628cf0ffdff56b078ad2cf5615122d5e300ff49932d79b084c89bbbd124df3d6369f0b8863cc54633b6a545d10331a81391ee19c73fba205d9ae0773feb1e0240686a63195ac7a4bb48d88bbe0c85bb80c7a5bbeb327b00646105cf28a
x-tt-trace-id: 00-250102011740134F62E6CDAC350784F1-6223839E7E442305-00
X-Origin-Response-Time: 32,23.218.219.46
X-Akamai-Request-ID: 7f7a7cb.17bca4f2
Expires: Thu, 02 Jan 2025 01:17:41 GMT
Cache-Control: max-age=0, no-cache, no-store
Pragma: no-cache
Date: Thu, 02 Jan 2025 01:17:41 GMT
X-Cache: TCP_MISS from a95-101-134-92.deploy.akamaitechnologies.com (AkamaiGHost/11.7.2.1-9611f29bef89eba7b18045b10aa2af98) (-)
Connection: close
X-Cache-Remote: TCP_MISS from a23-218-219-46.deploy.akamaitechnologies.com (AkamaiGHost/11.7.2.1-9611f29bef89eba7b18045b10aa2af98) (-)
x-tt-trace-tag: id=16;cdn-cache=miss;type=dyn
Server-Timing: cdn-cache; desc=MISS, edge; dur=81, origin; dur=32
Server-Timing: inner; dur=29
X-Parent-Response-Time: 113,95.101.134.92

{"code": 0, "message": "OK", "request_id": "20250102011740134F62E6CDAC350784F1", "data": {}}
2025-01-02T01:17:43+00:00 DEBUG POST: https://business-api.tiktok.com/open_api/v1.3/event/track/

{"partner_name":"WooCommerce","event_source":"web","event_source_id":"CSM79Q3C77UAG1T340I0","data":[{"event":"Pageview","event_id":"6775e937a9817_tt4b_woocommerce_670666209cf1f","event_time":1735780663,"user":{"ip":"149.202.86.190","user_agent":"Mozilla\/5.0 (compatible; MJ12bot\/v1.4.8; http:\/\/mj12bot.com\/)","locale":"ar","external_id":"0","email":"e3b0c44298fc1c149afbf4c8996fb92427ae41e4649b934ca495991b7852b855","phone_number":"e3b0c44298fc1c149afbf4c8996fb92427ae41e4649b934ca495991b7852b855","first_name":"e3b0c44298fc1c149afbf4c8996fb92427ae41e4649b934ca495991b7852b855","last_name":"e3b0c44298fc1c149afbf4c8996fb92427ae41e4649b934ca495991b7852b855","zip_code":"e3b0c44298fc1c149afbf4c8996fb92427ae41e4649b934ca495991b7852b855"},"page":{"url":"http:\/\/ibn-sinaa.com\/product-category\/%D8%B7%D8%A8%D8%A7%D8%B9%D8%A9-%D8%AF%D9%8A%D8%AC%D8%AA%D8%A7%D9%84\/page\/4\/"}}]}
 ajax: no
2025-01-02T01:17:43+00:00 DEBUG Tt4b_Mapi_Class::mapi_post: Response: 

HTTP/1.1 200 OK
Server: nginx
Content-Type: application/json
Content-Length: 92
X-Tt-Logid: 202501020117437F7A648E6A5C2E94E1C5
x-tt-trace-host: 018e5a586174a888928d793bdac74b79b56517d7628cf0ffdff56b078ad2cf561570033f556e319968c6226d75114bce4e84c2a78ba4957cab3889f72f6e802b6be5967e5e1975f3c5908aae2d7e055d3c8cccf41484bc97a22dd9d6faa928de380b6320f46f7f5ae76732b5ab500756ff
x-tt-trace-id: 00-2501020117437F7A648E6A5C2E94E1C5-552B7F96870BF2F0-00
X-Origin-Response-Time: 65,23.55.100.176
X-Akamai-Request-ID: 111c4c22.17bcbae9
Expires: Thu, 02 Jan 2025 01:17:43 GMT
Cache-Control: max-age=0, no-cache, no-store
Pragma: no-cache
Date: Thu, 02 Jan 2025 01:17:43 GMT
X-Cache: TCP_MISS from a95-101-134-92.deploy.akamaitechnologies.com (AkamaiGHost/11.7.2.1-9611f29bef89eba7b18045b10aa2af98) (-)
Connection: close
X-Cache-Remote: TCP_MISS from a23-55-100-176.deploy.akamaitechnologies.com (AkamaiGHost/11.7.2.1-9611f29bef89eba7b18045b10aa2af98) (-)
x-tt-trace-tag: id=16;cdn-cache=miss;type=dyn
Server-Timing: cdn-cache; desc=MISS, edge; dur=80, origin; dur=65
Server-Timing: inner; dur=61
X-Parent-Response-Time: 145,95.101.134.92

{"code": 0, "message": "OK", "request_id": "202501020117437F7A648E6A5C2E94E1C5", "data": {}}
2025-01-02T01:18:28+00:00 DEBUG Tt4b_Pixel_Class::inject_add_to_cart_event: hit AddToCart
2025-01-02T01:18:28+00:00 DEBUG POST: https://business-api.tiktok.com/open_api/v1.3/event/track/

{"partner_name":"WooCommerce","event_source":"web","event_source_id":"CSM79Q3C77UAG1T340I0","data":[{"event":"AddToCart","event_id":"6775e9647b770_tt4b_woocommerce_670666209cf1f_4432","event_time":1735780708,"user":{"ip":"51.222.253.15","user_agent":"Mozilla\/5.0 (compatible; AhrefsBot\/7.0; +http:\/\/ahrefs.com\/robot\/)","locale":"ar","external_id":"0","email":"e3b0c44298fc1c149afbf4c8996fb92427ae41e4649b934ca495991b7852b855","phone_number":"e3b0c44298fc1c149afbf4c8996fb92427ae41e4649b934ca495991b7852b855","first_name":"e3b0c44298fc1c149afbf4c8996fb92427ae41e4649b934ca495991b7852b855","last_name":"e3b0c44298fc1c149afbf4c8996fb92427ae41e4649b934ca495991b7852b855","zip_code":"e3b0c44298fc1c149afbf4c8996fb92427ae41e4649b934ca495991b7852b855"},"properties":{"contents":[{"price":115,"quantity":1,"content_id":"4432","content_name":"\u062a\u0642\u0648\u064a\u0645 \u062e\u0634\u0628 \u0635\u063a\u064a\u0631","description":"\u062a\u0642\u0648\u064a\u0645 \u062e\u0634\u0628 \u0635\u063a\u064a\u0631: \u062a\u0635\u0645\u064a\u0645 \u0639\u0635\u0631\u064a \u0648\u0623\u0646\u064a\u0642\u060c \u0645\u0635\u0646\u0648\u0639 \u0645\u0646 \u0627\u0644\u062e\u0634\u0628 \u0627\u0644\u0645\u062a\u064a\u0646 \u0628\u0648\u0636\u0648\u062d \u0627\u0633\u062a\u062b\u0646\u0627\u0626\u064a \u0644\u0644\u0643\u062a\u0627\u0628\u0629 \u0648\u0627\u0644\u0631\u0624\u064a\u0629\u060c \u064a\u0636\u064a\u0641 \u0644\u0645\u0633\u0629 \u0645\u0646 \u0627\u0644\u0641\u062e\u0627\u0645\u0629 \u0648\u0627\u0644\u062a\u0646\u0638\u064a\u0645 \u0644\u0645\u0643\u062a\u0628\u0643. \u0645\u062b\u0627\u0644\u064a \u0644\u062a\u0646\u0638\u064a\u0645 \u0627\u0644\u0645\u0648\u0627\u0639\u064a\u062f \u0648\u0627\u0644\u0627\u062c\u062a\u0645\u0627\u0639\u0627\u062a\u060c \u0648\u064a\u0636\u0641\u064a \u062c\u0627\u0630\u0628\u064a\u0629 \u0639\u0644\u0649 \u0645\u0633\u0627\u062d\u0629 \u0627\u0644\u0639\u0645\u0644 \u0627\u0644\u062e\u0627\u0635\u0629 \u0628\u0643.","availability":"IN_STOCK","sale_price":115,"on_sale":false}],"content_type":"product","currency":"SAR","value":115,"event_trigger_source":"WooCommerce"},"page":{"url":"http:\/\/www.ibn-sinaa.com\/product-category\/shields-and-gifts\/?add-to-cart=4432"}}]}
 ajax: no
2025-01-02T01:18:28+00:00 DEBUG Tt4b_Mapi_Class::mapi_post: Response: 

HTTP/1.1 200 OK
Server: nginx
Content-Type: application/json
Content-Length: 92
X-Tt-Logid: 20250102011828F4AE082B04F62CF57A6F
x-tt-trace-host: 018e5a586174a888928d793bdac74b79b56517d7628cf0ffdff56b078ad2cf5615009dee0a6b9c25af4c77d9f143902e0669c4a0886664bbb5b99741d0d74ec445da2b6432fd7d58f80e5ed0f97543280684444e05ca64fa65da79be02bea8ae567a352f291eba23a4608065b8c635c25d
x-tt-trace-id: 00-250102011828F4AE082B04F62CF57A6F-2B62A942180A4F36-00
X-Origin-Response-Time: 52,23.52.15.197
X-Akamai-Request-ID: 8d0e5f01.17be17a7
Expires: Thu, 02 Jan 2025 01:18:28 GMT
Cache-Control: max-age=0, no-cache, no-store
Pragma: no-cache
Date: Thu, 02 Jan 2025 01:18:28 GMT
X-Cache: TCP_MISS from a95-101-134-92.deploy.akamaitechnologies.com (AkamaiGHost/11.7.2.1-9611f29bef89eba7b18045b10aa2af98) (-)
Connection: close
X-Cache-Remote: TCP_MISS from a23-52-15-197.deploy.akamaitechnologies.com (AkamaiGHost/11.7.2.1-9611f29bef89eba7b18045b10aa2af98) (-)
x-tt-trace-tag: id=16;cdn-cache=miss;type=dyn
Server-Timing: cdn-cache; desc=MISS, edge; dur=81, origin; dur=52
Server-Timing: inner; dur=47
X-Parent-Response-Time: 133,95.101.134.92

{"code": 0, "message": "OK", "request_id": "20250102011828F4AE082B04F62CF57A6F", "data": {}}
2025-01-02T01:18:28+00:00 DEBUG POST: https://business-api.tiktok.com/open_api/v1.3/event/track/

{"partner_name":"WooCommerce","event_source":"web","event_source_id":"CSM79Q3C77UAG1T340I0","data":[{"event":"Pageview","event_id":"6775e964e3216_tt4b_woocommerce_670666209cf1f","event_time":1735780708,"user":{"ip":"51.222.253.15","user_agent":"Mozilla\/5.0 (compatible; AhrefsBot\/7.0; +http:\/\/ahrefs.com\/robot\/)","locale":"ar","external_id":"0","email":"e3b0c44298fc1c149afbf4c8996fb92427ae41e4649b934ca495991b7852b855","phone_number":"e3b0c44298fc1c149afbf4c8996fb92427ae41e4649b934ca495991b7852b855","first_name":"e3b0c44298fc1c149afbf4c8996fb92427ae41e4649b934ca495991b7852b855","last_name":"e3b0c44298fc1c149afbf4c8996fb92427ae41e4649b934ca495991b7852b855","zip_code":"e3b0c44298fc1c149afbf4c8996fb92427ae41e4649b934ca495991b7852b855"},"page":{"url":"http:\/\/www.ibn-sinaa.com\/product-category\/shields-and-gifts\/?add-to-cart=4432"}}]}
 ajax: no
2025-01-02T01:18:29+00:00 DEBUG Tt4b_Mapi_Class::mapi_post: Response: 

HTTP/1.1 200 OK
Server: nginx
Content-Type: application/json
Content-Length: 92
X-Tt-Logid: 20250102011829C6125D807120AC00A1EB
Server-Timing: inner; dur=24
x-tt-trace-host: 018e5a586174a888928d793bdac74b79b520593bf434961dbceff88e4b17f9a15660f04ca5c39d45eee31369df3e2e994bccca3cf395510598a481f7fbddc8e240a6fa62c13f0a37c2812fc92163ae551978ab01b5ff3af104b51691e5df2e912b
x-tt-trace-id: 00-250102011829C6125D807120AC00A1EB-3B60C390488684C3-00
Expires: Thu, 02 Jan 2025 01:18:29 GMT
Cache-Control: max-age=0, no-cache, no-store
Pragma: no-cache
Date: Thu, 02 Jan 2025 01:18:29 GMT
X-Cache: TCP_MISS from a95-101-134-116.deploy.akamaitechnologies.com (AkamaiGHost/11.7.2.1-9611f29bef89eba7b18045b10aa2af98) (-)
Connection: close
x-tt-trace-tag: id=16;cdn-cache=miss;type=dyn
Server-Timing: cdn-cache; desc=MISS, edge; dur=0, origin; dur=104
X-Origin-Response-Time: 104,95.101.134.116
X-Akamai-Request-ID: f23e7a7

{"code": 0, "message": "OK", "request_id": "20250102011829C6125D807120AC00A1EB", "data": {}}
2025-01-02T01:22:44+00:00 DEBUG Tt4b_Pixel_Class::inject_add_to_cart_event: hit AddToCart
2025-01-02T01:22:44+00:00 DEBUG POST: https://business-api.tiktok.com/open_api/v1.3/event/track/

{"partner_name":"WooCommerce","event_source":"web","event_source_id":"CSM79Q3C77UAG1T340I0","data":[{"event":"AddToCart","event_id":"6775ea64776fa_tt4b_woocommerce_670666209cf1f_4434","event_time":1735780964,"user":{"ip":"51.222.253.11","user_agent":"Mozilla\/5.0 (compatible; AhrefsBot\/7.0; +http:\/\/ahrefs.com\/robot\/)","locale":"ar","external_id":"0","email":"e3b0c44298fc1c149afbf4c8996fb92427ae41e4649b934ca495991b7852b855","phone_number":"e3b0c44298fc1c149afbf4c8996fb92427ae41e4649b934ca495991b7852b855","first_name":"e3b0c44298fc1c149afbf4c8996fb92427ae41e4649b934ca495991b7852b855","last_name":"e3b0c44298fc1c149afbf4c8996fb92427ae41e4649b934ca495991b7852b855","zip_code":"e3b0c44298fc1c149afbf4c8996fb92427ae41e4649b934ca495991b7852b855"},"properties":{"contents":[{"price":115,"quantity":1,"content_id":"4434","content_name":"\u062a\u0642\u0648\u064a\u0645 \u062e\u0634\u0628 \u0635\u063a\u064a\u0631 \u0645\u0639 \u062c\u0644\u062f","description":"\u062a\u0642\u0648\u064a\u0645 \u062e\u0634\u0628 \u0635\u063a\u064a\u0631: \u062a\u0635\u0645\u064a\u0645 \u0639\u0635\u0631\u064a \u0648\u0623\u0646\u064a\u0642\u060c \u0645\u0635\u0646\u0648\u0639 \u0645\u0646 \u0627\u0644\u062e\u0634\u0628 \u0627\u0644\u0645\u062a\u064a\u0646 \u0628\u0648\u0636\u0648\u062d \u0627\u0633\u062a\u062b\u0646\u0627\u0626\u064a \u0644\u0644\u0643\u062a\u0627\u0628\u0629 \u0648\u0627\u0644\u0631\u0624\u064a\u0629\u060c \u064a\u0636\u064a\u0641 \u0644\u0645\u0633\u0629 \u0645\u0646 \u0627\u0644\u0641\u062e\u0627\u0645\u0629 \u0648\u0627\u0644\u062a\u0646\u0638\u064a\u0645 \u0644\u0645\u0643\u062a\u0628\u0643. \u0645\u062b\u0627\u0644\u064a \u0644\u062a\u0646\u0638\u064a\u0645 \u0627\u0644\u0645\u0648\u0627\u0639\u064a\u062f \u0648\u0627\u0644\u0627\u062c\u062a\u0645\u0627\u0639\u0627\u062a\u060c \u0648\u064a\u0636\u0641\u064a \u062c\u0627\u0630\u0628\u064a\u0629 \u0639\u0644\u0649 \u0645\u0633\u0627\u062d\u0629 \u0627\u0644\u0639\u0645\u0644 \u0627\u0644\u062e\u0627\u0635\u0629 \u0628\u0643.","availability":"IN_STOCK","sale_price":115,"on_sale":false}],"content_type":"product","currency":"SAR","value":115,"event_trigger_source":"WooCommerce"},"page":{"url":"http:\/\/www.ibn-sinaa.com\/product-category\/shields-and-gifts\/?add-to-cart=4434"}}]}
 ajax: no
2025-01-02T01:22:44+00:00 DEBUG Tt4b_Mapi_Class::mapi_post: Response: 

HTTP/1.1 200 OK
Server: nginx
Content-Type: application/json
Content-Length: 92
X-Tt-Logid: 20250102012244ABEEFEF450653528F95C
x-tt-trace-host: 018e5a586174a888928d793bdac74b79b519a86797e72c2eba011e03e23beee17d9e3592ba37e405eedf6948489c78aa9796eb7fd67a9f4c87a98114d0dbd6b058d5e7a3a2c1d67407695065bbc3c300eda21b18fba8cb51a30f0afab12d9db3091c791066733e824f74a9f3c1710884e7
x-tt-trace-id: 00-250102012244ABEEFEF450653528F95C-18E5E4051B1C4D77-00
X-Origin-Response-Time: 44,23.213.246.228
X-Akamai-Request-ID: ef1074ec.f289cc1
Expires: Thu, 02 Jan 2025 01:22:44 GMT
Cache-Control: max-age=0, no-cache, no-store
Pragma: no-cache
Date: Thu, 02 Jan 2025 01:22:44 GMT
X-Cache: TCP_MISS from a95-101-134-116.deploy.akamaitechnologies.com (AkamaiGHost/11.7.2.1-9611f29bef89eba7b18045b10aa2af98) (-)
Connection: close
X-Cache-Remote: TCP_MISS from a23-213-246-228.deploy.akamaitechnologies.com (AkamaiGHost/11.7.2.1-9611f29bef89eba7b18045b10aa2af98) (-)
x-tt-trace-tag: id=16;cdn-cache=miss;type=dyn
Server-Timing: cdn-cache; desc=MISS, edge; dur=82, origin; dur=43
Server-Timing: inner; dur=28
X-Parent-Response-Time: 125,95.101.134.116

{"code": 0, "message": "OK", "request_id": "20250102012244ABEEFEF450653528F95C", "data": {}}
2025-01-02T01:22:45+00:00 DEBUG POST: https://business-api.tiktok.com/open_api/v1.3/event/track/

{"partner_name":"WooCommerce","event_source":"web","event_source_id":"CSM79Q3C77UAG1T340I0","data":[{"event":"Pageview","event_id":"6775ea651f208_tt4b_woocommerce_670666209cf1f","event_time":1735780965,"user":{"ip":"51.222.253.11","user_agent":"Mozilla\/5.0 (compatible; AhrefsBot\/7.0; +http:\/\/ahrefs.com\/robot\/)","locale":"ar","external_id":"0","email":"e3b0c44298fc1c149afbf4c8996fb92427ae41e4649b934ca495991b7852b855","phone_number":"e3b0c44298fc1c149afbf4c8996fb92427ae41e4649b934ca495991b7852b855","first_name":"e3b0c44298fc1c149afbf4c8996fb92427ae41e4649b934ca495991b7852b855","last_name":"e3b0c44298fc1c149afbf4c8996fb92427ae41e4649b934ca495991b7852b855","zip_code":"e3b0c44298fc1c149afbf4c8996fb92427ae41e4649b934ca495991b7852b855"},"page":{"url":"http:\/\/www.ibn-sinaa.com\/product-category\/shields-and-gifts\/?add-to-cart=4434"}}]}
 ajax: no
2025-01-02T01:22:45+00:00 DEBUG Tt4b_Mapi_Class::mapi_post: Response: 

HTTP/1.1 200 OK
Server: nginx
Content-Type: application/json
Content-Length: 92
X-Tt-Logid: 20250102012245B56587B039A5E9FC8E71
Server-Timing: inner; dur=23
x-tt-trace-host: 018e5a586174a888928d793bdac74b79b51a437ee89a1c03eb2011d034a2e3e9f522deb0abb46d1688a08744e1aeb29b292b1ba89c9e4ae08c11b2736d214ade8e9caa30a30c6e524780db17cd72044da62f493b0463360592995427cd3e0ac6f2
x-tt-trace-id: 00-250102012245B56587B039A5E9FC8E71-3BFEA1964C0F6C7E-00
Expires: Thu, 02 Jan 2025 01:22:45 GMT
Cache-Control: max-age=0, no-cache, no-store
Pragma: no-cache
Date: Thu, 02 Jan 2025 01:22:45 GMT
X-Cache: TCP_MISS from a95-101-134-92.deploy.akamaitechnologies.com (AkamaiGHost/11.7.2.1-9611f29bef89eba7b18045b10aa2af98) (-)
Connection: close
x-tt-trace-tag: id=16;cdn-cache=miss;type=dyn
Server-Timing: cdn-cache; desc=MISS, edge; dur=0, origin; dur=103
X-Origin-Response-Time: 103,95.101.134.92
X-Akamai-Request-ID: 17c4530d

{"code": 0, "message": "OK", "request_id": "20250102012245B56587B039A5E9FC8E71", "data": {}}
2025-01-02T01:27:09+00:00 DEBUG Tt4b_Pixel_Class::inject_add_to_cart_event: hit AddToCart
2025-01-02T01:27:09+00:00 DEBUG POST: https://business-api.tiktok.com/open_api/v1.3/event/track/

{"partner_name":"WooCommerce","event_source":"web","event_source_id":"CSM79Q3C77UAG1T340I0","data":[{"event":"AddToCart","event_id":"6775eb6dcfa2b_tt4b_woocommerce_670666209cf1f_SKU_22","event_time":1735781229,"user":{"ip":"54.36.149.27","user_agent":"Mozilla\/5.0 (compatible; AhrefsBot\/7.0; +http:\/\/ahrefs.com\/robot\/)","locale":"ar","external_id":"0","email":"e3b0c44298fc1c149afbf4c8996fb92427ae41e4649b934ca495991b7852b855","phone_number":"e3b0c44298fc1c149afbf4c8996fb92427ae41e4649b934ca495991b7852b855","first_name":"e3b0c44298fc1c149afbf4c8996fb92427ae41e4649b934ca495991b7852b855","last_name":"e3b0c44298fc1c149afbf4c8996fb92427ae41e4649b934ca495991b7852b855","zip_code":"e3b0c44298fc1c149afbf4c8996fb92427ae41e4649b934ca495991b7852b855"},"properties":{"contents":[{"price":0,"quantity":1,"content_id":"SKU_22","content_name":"\u0637\u0628\u0627\u0639\u0629 \u0628\u0631\u0634\u0648\u0631 \u0641\u0644\u0627\u064a\u0631 A3","description":"\u0641\u0644\u0627\u064a\u0631 \u0645\u0642\u0627\u0633 A3 \u0637\u0628\u0627\u0639\u0629 \u0639\u0644\u0649 \u0648\u0631\u0642 \u0643\u0648\u0634\u064a\u0647 150 \u062c\u0631\u0627\u0645 \u0637\u0628\u0627\u0639\u0629 \u0628\u062c\u0648\u062f\u0629 \u0639\u0627\u0644\u064a\u0629.\r\n\u0645\u062f\u0629 \u0627\u0644\u062a\u0646\u0641\u064a\u0630 \u0627\u0644\u0645\u062a\u0648\u0642\u0639\u0629: 1 \u2013 3 \u0623\u064a\u0627\u0645 \u0639\u0645\u0644 \u0628\u0639\u062f \u062a\u0623\u0643\u064a\u062f \u0627\u0644\u0637\u0644\u0628 \u0648\u0627\u0644\u062a\u0635\u0645\u064a\u0645 \u0648\u062d\u0633\u0628 \u0627\u0644\u0643\u0645\u064a\u0629 (\u062a\u0632\u064a\u062f \u0627\u0644\u0645\u062f\u0629 \u0639\u0646\u062f \u0637\u0644\u0628 \u0627\u0644\u0634\u062d\u0646).","availability":"IN_STOCK","sale_price":0,"on_sale":false}],"content_type":"product","currency":"SAR","value":0,"event_trigger_source":"WooCommerce"},"page":{"url":"http:\/\/ibn-sinaa.com\/product-category\/digital-printing\/brochures\/?add-to-cart=22"}}]}
 ajax: no
2025-01-02T01:27:10+00:00 DEBUG Tt4b_Mapi_Class::mapi_post: Response: 

HTTP/1.1 200 OK
Server: nginx
Content-Type: application/json
Content-Length: 92
X-Tt-Logid: 202501020127090F30244A5173B88A748A
x-tt-trace-host: 018e5a586174a888928d793bdac74b79b519a86797e72c2eba011e03e23beee17dd8998293a853922b0fd17230fc3318cb04d572e8876a7ff84b1d9497dcebc72e602fe3747fc675541c876cf86ed60ebd037a7ab7298379d8f33bf76e26c2810ce278e805044a99f05fb2141370caee1b
x-tt-trace-id: 00-2501020127090F30244A5173B88A748A-01EA249815131635-00
X-Origin-Response-Time: 44,23.32.17.11
X-Akamai-Request-ID: 2d8a3ce.f2d31f8
Expires: Thu, 02 Jan 2025 01:27:10 GMT
Cache-Control: max-age=0, no-cache, no-store
Pragma: no-cache
Date: Thu, 02 Jan 2025 01:27:10 GMT
X-Cache: TCP_MISS from a95-101-134-116.deploy.akamaitechnologies.com (AkamaiGHost/11.7.2.1-9611f29bef89eba7b18045b10aa2af98) (-)
Connection: close
X-Cache-Remote: TCP_MISS from a23-32-17-11.deploy.akamaitechnologies.com (AkamaiGHost/11.7.2.1-9611f29bef89eba7b18045b10aa2af98) (-)
x-tt-trace-tag: id=16;cdn-cache=miss;type=dyn
Server-Timing: cdn-cache; desc=MISS, edge; dur=81, origin; dur=44
Server-Timing: inner; dur=38
X-Parent-Response-Time: 125,95.101.134.116

{"code": 0, "message": "OK", "request_id": "202501020127090F30244A5173B88A748A", "data": {}}
2025-01-02T01:27:10+00:00 DEBUG POST: https://business-api.tiktok.com/open_api/v1.3/event/track/

{"partner_name":"WooCommerce","event_source":"web","event_source_id":"CSM79Q3C77UAG1T340I0","data":[{"event":"Pageview","event_id":"6775eb6e42d7f_tt4b_woocommerce_670666209cf1f","event_time":1735781230,"user":{"ip":"54.36.149.27","user_agent":"Mozilla\/5.0 (compatible; AhrefsBot\/7.0; +http:\/\/ahrefs.com\/robot\/)","locale":"ar","external_id":"0","email":"e3b0c44298fc1c149afbf4c8996fb92427ae41e4649b934ca495991b7852b855","phone_number":"e3b0c44298fc1c149afbf4c8996fb92427ae41e4649b934ca495991b7852b855","first_name":"e3b0c44298fc1c149afbf4c8996fb92427ae41e4649b934ca495991b7852b855","last_name":"e3b0c44298fc1c149afbf4c8996fb92427ae41e4649b934ca495991b7852b855","zip_code":"e3b0c44298fc1c149afbf4c8996fb92427ae41e4649b934ca495991b7852b855"},"page":{"url":"http:\/\/ibn-sinaa.com\/product-category\/digital-printing\/brochures\/?add-to-cart=22"}}]}
 ajax: no
2025-01-02T01:27:10+00:00 DEBUG Tt4b_Mapi_Class::mapi_post: Response: 

HTTP/1.1 200 OK
Server: nginx
Content-Type: application/json
Content-Length: 92
X-Tt-Logid: 2025010201271028389CF81171BBA0334D
x-tt-trace-host: 018e5a586174a888928d793bdac74b79b56517d7628cf0ffdff56b078ad2cf5615a93db0bc779fce6e6fce49cc4afbd8946e759d52071868a16047107c57217d3b8fb280fbf704ba336c2fa1584374135e4c552f9de3c418144d046d8748e0041aa76fab9cb5a40b6d2679fd42457228da
x-tt-trace-id: 00-25010201271028389CF81171BBA0334D-35CFFA267CABD608-00
X-Origin-Response-Time: 34,23.32.17.36
X-Akamai-Request-ID: 112f0d15.17cb18cc
Expires: Thu, 02 Jan 2025 01:27:10 GMT
Cache-Control: max-age=0, no-cache, no-store
Pragma: no-cache
Date: Thu, 02 Jan 2025 01:27:10 GMT
X-Cache: TCP_MISS from a95-101-134-92.deploy.akamaitechnologies.com (AkamaiGHost/11.7.2.1-9611f29bef89eba7b18045b10aa2af98) (-)
Connection: close
X-Cache-Remote: TCP_MISS from a23-32-17-36.deploy.akamaitechnologies.com (AkamaiGHost/11.7.2.1-9611f29bef89eba7b18045b10aa2af98) (-)
x-tt-trace-tag: id=16;cdn-cache=miss;type=dyn
Server-Timing: cdn-cache; desc=MISS, edge; dur=82, origin; dur=34
Server-Timing: inner; dur=31
X-Parent-Response-Time: 116,95.101.134.92

{"code": 0, "message": "OK", "request_id": "2025010201271028389CF81171BBA0334D", "data": {}}
2025-01-02T01:31:26+00:00 DEBUG POST: https://business-api.tiktok.com/open_api/v1.3/event/track/

{"partner_name":"WooCommerce","event_source":"web","event_source_id":"CSM79Q3C77UAG1T340I0","data":[{"event":"Pageview","event_id":"6775ec6e99bba_tt4b_woocommerce_670666209cf1f","event_time":1735781486,"user":{"ip":"66.249.66.167","user_agent":"Mozilla\/5.0 (Linux; Android 6.0.1; Nexus 5X Build\/MMB29P) AppleWebKit\/537.36 (KHTML, like Gecko) Chrome\/131.0.6778.204 Mobile Safari\/537.36 (compatible; Googlebot\/2.1; +http:\/\/www.google.com\/bot.html)","locale":"ar","external_id":"0","email":"e3b0c44298fc1c149afbf4c8996fb92427ae41e4649b934ca495991b7852b855","phone_number":"e3b0c44298fc1c149afbf4c8996fb92427ae41e4649b934ca495991b7852b855","first_name":"e3b0c44298fc1c149afbf4c8996fb92427ae41e4649b934ca495991b7852b855","last_name":"e3b0c44298fc1c149afbf4c8996fb92427ae41e4649b934ca495991b7852b855","zip_code":"e3b0c44298fc1c149afbf4c8996fb92427ae41e4649b934ca495991b7852b855"},"page":{"url":"http:\/\/www.ibn-sinaa.com\/product\/%D8%A8%D8%B1%D8%B4%D9%88%D8%B1-%D9%85%D8%B7%D9%88%D9%8A%D8%A9-a4\/feed\/"}}]}
 ajax: no
2025-01-02T01:31:27+00:00 DEBUG Tt4b_Mapi_Class::mapi_post: Response: 

HTTP/1.1 200 OK
Server: nginx
Content-Type: application/json
Content-Length: 92
X-Tt-Logid: 202501020131279821BEE0EDD4EB503E3A
x-tt-trace-host: 010f944bc43be00f209e30a38bc3490442aac6da5182849e9fc82ea5c118a0e68dc3b0e5a190ddcd05e76875a10d3584c609e10515e207672f6e35b5a12999d69f5a36c1da3773b7f067726d89572adb1bb53ae0fde997d3f439e158e991cff838d137f4f9480b8d0aff7f5f6169b16fe4
x-tt-trace-id: 00-2501020131279821BEE0EDD4EB503E3A-5344F92920BAB0E7-00
X-Origin-Response-Time: 47,23.32.17.19
X-Akamai-Request-ID: 2ab342a.24e0bca9
Expires: Thu, 02 Jan 2025 01:31:27 GMT
Cache-Control: max-age=0, no-cache, no-store
Pragma: no-cache
Date: Thu, 02 Jan 2025 01:31:27 GMT
X-Cache: TCP_MISS from a23-33-91-118.deploy.akamaitechnologies.com (AkamaiGHost/11.7.2.1-9611f29bef89eba7b18045b10aa2af98) (-)
Connection: close
X-Cache-Remote: TCP_MISS from a23-32-17-19.deploy.akamaitechnologies.com (AkamaiGHost/11.7.2.1-9611f29bef89eba7b18045b10aa2af98) (-)
x-tt-trace-tag: id=16;cdn-cache=miss;type=dyn
Server-Timing: cdn-cache; desc=MISS, edge; dur=205, origin; dur=47
Server-Timing: inner; dur=41
X-Parent-Response-Time: 251,23.33.91.118

{"code": 0, "message": "OK", "request_id": "202501020131279821BEE0EDD4EB503E3A", "data": {}}
2025-01-02T01:31:42+00:00 DEBUG POST: https://business-api.tiktok.com/open_api/v1.3/event/track/

{"partner_name":"WooCommerce","event_source":"web","event_source_id":"CSM79Q3C77UAG1T340I0","data":[{"event":"Pageview","event_id":"6775ec7e5489a_tt4b_woocommerce_670666209cf1f","event_time":1735781502,"user":{"ip":"66.249.66.70","user_agent":"Mozilla\/5.0 (Linux; Android 6.0.1; Nexus 5X Build\/MMB29P) AppleWebKit\/537.36 (KHTML, like Gecko) Chrome\/131.0.6778.139 Mobile Safari\/537.36 (compatible; Googlebot\/2.1; +http:\/\/www.google.com\/bot.html)","locale":"ar","external_id":"0","email":"e3b0c44298fc1c149afbf4c8996fb92427ae41e4649b934ca495991b7852b855","phone_number":"e3b0c44298fc1c149afbf4c8996fb92427ae41e4649b934ca495991b7852b855","first_name":"e3b0c44298fc1c149afbf4c8996fb92427ae41e4649b934ca495991b7852b855","last_name":"e3b0c44298fc1c149afbf4c8996fb92427ae41e4649b934ca495991b7852b855","zip_code":"e3b0c44298fc1c149afbf4c8996fb92427ae41e4649b934ca495991b7852b855"},"page":{"url":"http:\/\/ibn-sinaa.com\/product\/acrylic-calendar-with-wooden-pocket\/"}}]}
 ajax: no
2025-01-02T01:31:43+00:00 DEBUG Tt4b_Mapi_Class::mapi_post: Response: 

HTTP/1.1 200 OK
Server: nginx
Content-Type: application/json
Content-Length: 92
X-Tt-Logid: 2025010201314316790F218CFC69ED917E
Server-Timing: inner; dur=31
x-tt-trace-host: 010f944bc43be00f209e30a38bc34904422ed23ddbd19f159bc159533afcd73335fc1ff210fce4970ad84c97fa27cd704c9803a468d0d671514aa6034ecb934f82a8654a7e47db2cd3133e1dfd263e33681045f0ded0f555fb189c4a72b5f308b2
x-tt-trace-id: 00-25010201314316790F218CFC69ED917E-28D9DCB785DC6424-00
Expires: Thu, 02 Jan 2025 01:31:43 GMT
Cache-Control: max-age=0, no-cache, no-store
Pragma: no-cache
Date: Thu, 02 Jan 2025 01:31:43 GMT
X-Cache: TCP_MISS from a23-33-91-107.deploy.akamaitechnologies.com (AkamaiGHost/11.7.2.1-9611f29bef89eba7b18045b10aa2af98) (-)
Connection: close
x-tt-trace-tag: id=16;cdn-cache=miss;type=dyn
Server-Timing: cdn-cache; desc=MISS, edge; dur=1, origin; dur=254
X-Origin-Response-Time: 254,23.33.91.107
X-Akamai-Request-ID: d703772e

{"code": 0, "message": "OK", "request_id": "2025010201314316790F218CFC69ED917E", "data": {}}
2025-01-02T01:31:43+00:00 DEBUG Tt4b_Pixel_Class::inject_view_content_event: hit ViewContent
2025-01-02T01:31:43+00:00 DEBUG POST: https://business-api.tiktok.com/open_api/v1.3/event/track/

{"partner_name":"WooCommerce","event_source":"web","event_source_id":"CSM79Q3C77UAG1T340I0","data":[{"event":"ViewContent","event_id":"6775ec7f74022_tt4b_woocommerce_670666209cf1f_4426","event_time":1735781503,"user":{"ip":"66.249.66.70","user_agent":"Mozilla\/5.0 (Linux; Android 6.0.1; Nexus 5X Build\/MMB29P) AppleWebKit\/537.36 (KHTML, like Gecko) Chrome\/131.0.6778.139 Mobile Safari\/537.36 (compatible; Googlebot\/2.1; +http:\/\/www.google.com\/bot.html)","locale":"ar","external_id":"0","email":"e3b0c44298fc1c149afbf4c8996fb92427ae41e4649b934ca495991b7852b855","phone_number":"e3b0c44298fc1c149afbf4c8996fb92427ae41e4649b934ca495991b7852b855","first_name":"e3b0c44298fc1c149afbf4c8996fb92427ae41e4649b934ca495991b7852b855","last_name":"e3b0c44298fc1c149afbf4c8996fb92427ae41e4649b934ca495991b7852b855","zip_code":"e3b0c44298fc1c149afbf4c8996fb92427ae41e4649b934ca495991b7852b855"},"properties":{"contents":[{"price":180,"quantity":1,"content_id":"4426","content_name":"\u062a\u0642\u0648\u064a\u0645 \u0627\u0643\u0631\u064a\u0644\u064a\u0643 \u0645\u0639 \u062c\u064a\u0628 \u062e\u0634\u0628","description":"\u062a\u0642\u0648\u064a\u0645 \u0623\u0643\u0631\u064a\u0644\u064a\u0643 \u0645\u0639 \u062c\u064a\u0628 \u062e\u0634\u0628: \u062a\u0635\u0645\u064a\u0645 \u0639\u0635\u0631\u064a \u0648\u0623\u0646\u064a\u0642\u060c \u0645\u0635\u0646\u0648\u0639 \u0645\u0646 \u0627\u0644\u0623\u0643\u0631\u064a\u0644\u064a\u0643 \u0627\u0644\u0645\u062a\u064a\u0646 \u0628\u0648\u0636\u0648\u062d \u0627\u0633\u062a\u062b\u0646\u0627\u0626\u064a \u0644\u0644\u0643\u062a\u0627\u0628\u0629 \u0648\u0627\u0644\u0631\u0624\u064a\u0629\u060c \u064a\u0636\u064a\u0641 \u0644\u0645\u0633\u0629 \u0645\u0646 \u0627\u0644\u0641\u062e\u0627\u0645\u0629 \u0648\u0627\u0644\u062a\u0646\u0638\u064a\u0645 \u0644\u0645\u0643\u062a\u0628\u0643. \u0645\u062b\u0627\u0644\u064a \u0644\u062a\u0646\u0638\u064a\u0645 \u0627\u0644\u0645\u0648\u0627\u0639\u064a\u062f \u0648\u0627\u0644\u0627\u062c\u062a\u0645\u0627\u0639\u0627\u062a\u060c \u0648\u064a\u0636\u0641\u064a \u062c\u0627\u0630\u0628\u064a\u0629 \u0639\u0644\u0649 \u0645\u0633\u0627\u062d\u0629 \u0627\u0644\u0639\u0645\u0644 \u0627\u0644\u062e\u0627\u0635\u0629 \u0628\u0643.","availability":"IN_STOCK","sale_price":180,"on_sale":false}],"content_type":"product","currency":"SAR","value":180,"event_trigger_source":"WooCommerce"},"page":{"url":"http:\/\/ibn-sinaa.com\/product\/acrylic-calendar-with-wooden-pocket\/"}}]}
 ajax: no
2025-01-02T01:31:44+00:00 DEBUG Tt4b_Mapi_Class::mapi_post: Response: 

HTTP/1.1 200 OK
Server: nginx
Content-Type: application/json
Content-Length: 92
X-Tt-Logid: 2025010201314467E17E04CAD5747CC8AB
Server-Timing: inner; dur=32
x-tt-trace-host: 010f944bc43be00f209e30a38bc34904422ed23ddbd19f159bc159533afcd7333529cd300af147cd00f5678d58e1b88eff9d8e4a35be5f267b9e8f46bddfc5b3bf2504b8591c26fc8959128e613bb24677d65258247ad50249d3f313c2895c8925
x-tt-trace-id: 00-25010201314467E17E04CAD5747CC8AB-4D87958A5A5F353D-00
Expires: Thu, 02 Jan 2025 01:31:44 GMT
Cache-Control: max-age=0, no-cache, no-store
Pragma: no-cache
Date: Thu, 02 Jan 2025 01:31:44 GMT
X-Cache: TCP_MISS from a23-33-91-107.deploy.akamaitechnologies.com (AkamaiGHost/11.7.2.1-9611f29bef89eba7b18045b10aa2af98) (-)
Connection: close
x-tt-trace-tag: id=16;cdn-cache=miss;type=dyn
Server-Timing: cdn-cache; desc=MISS, edge; dur=0, origin; dur=259
X-Origin-Response-Time: 259,23.33.91.107
X-Akamai-Request-ID: d7037f5e

{"code": 0, "message": "OK", "request_id": "2025010201314467E17E04CAD5747CC8AB", "data": {}}
2025-01-02T01:34:08+00:00 DEBUG POST: https://business-api.tiktok.com/open_api/v1.3/event/track/

{"partner_name":"WooCommerce","event_source":"web","event_source_id":"CSM79Q3C77UAG1T340I0","data":[{"event":"Pageview","event_id":"6775ed10dd469_tt4b_woocommerce_670666209cf1f","event_time":1735781648,"user":{"ip":"207.46.13.151","user_agent":"Mozilla\/5.0 AppleWebKit\/537.36 (KHTML, like Gecko; compatible; bingbot\/2.0; +http:\/\/www.bing.com\/bingbot.htm) Chrome\/116.0.1938.76 Safari\/537.36","locale":"ar","external_id":"0","email":"e3b0c44298fc1c149afbf4c8996fb92427ae41e4649b934ca495991b7852b855","phone_number":"e3b0c44298fc1c149afbf4c8996fb92427ae41e4649b934ca495991b7852b855","first_name":"e3b0c44298fc1c149afbf4c8996fb92427ae41e4649b934ca495991b7852b855","last_name":"e3b0c44298fc1c149afbf4c8996fb92427ae41e4649b934ca495991b7852b855","zip_code":"e3b0c44298fc1c149afbf4c8996fb92427ae41e4649b934ca495991b7852b855"},"page":{"url":"http:\/\/mail.ibn-sinaa.com\/product-tag\/%D8%B8%D8%B1%D9%81-%D8%B4%D8%B1%D9%83%D8%A9\/"}}]}
 ajax: no
2025-01-02T01:34:09+00:00 DEBUG Tt4b_Mapi_Class::mapi_post: Response: 

HTTP/1.1 200 OK
Server: nginx
Content-Type: application/json
Content-Length: 92
X-Tt-Logid: 20250102013409D090C3DE363A5357C637
Server-Timing: inner; dur=23
x-tt-trace-host: 018e5a586174a888928d793bdac74b79b51a437ee89a1c03eb2011d034a2e3e9f5d9383017bc2e6a4dd04e50329fa1f6e54c3da70d7a08dfb18c229a7c639ce2d9eded21f6be7502147425e1885628973e3b9d3e03a38add6930b3aa3d51228598
x-tt-trace-id: 00-250102013409D090C3DE363A5357C637-2B30A0B3861359D4-00
Expires: Thu, 02 Jan 2025 01:34:09 GMT
Cache-Control: max-age=0, no-cache, no-store
Pragma: no-cache
Date: Thu, 02 Jan 2025 01:34:09 GMT
X-Cache: TCP_MISS from a95-101-134-92.deploy.akamaitechnologies.com (AkamaiGHost/11.7.2.1-9611f29bef89eba7b18045b10aa2af98) (-)
Connection: close
x-tt-trace-tag: id=16;cdn-cache=miss;type=dyn
Server-Timing: cdn-cache; desc=MISS, edge; dur=1, origin; dur=106
X-Origin-Response-Time: 107,95.101.134.92
X-Akamai-Request-ID: 17d72e5a

{"code": 0, "message": "OK", "request_id": "20250102013409D090C3DE363A5357C637", "data": {}}
2025-01-02T01:41:14+00:00 DEBUG Tt4b_Pixel_Class::inject_add_to_cart_event: hit AddToCart
2025-01-02T01:41:14+00:00 DEBUG POST: https://business-api.tiktok.com/open_api/v1.3/event/track/

{"partner_name":"WooCommerce","event_source":"web","event_source_id":"CSM79Q3C77UAG1T340I0","data":[{"event":"AddToCart","event_id":"6775eeba2aeb9_tt4b_woocommerce_670666209cf1f_SKU_40","event_time":1735782074,"user":{"ip":"54.36.149.63","user_agent":"Mozilla\/5.0 (compatible; AhrefsBot\/7.0; +http:\/\/ahrefs.com\/robot\/)","locale":"ar","external_id":"0","email":"e3b0c44298fc1c149afbf4c8996fb92427ae41e4649b934ca495991b7852b855","phone_number":"e3b0c44298fc1c149afbf4c8996fb92427ae41e4649b934ca495991b7852b855","first_name":"e3b0c44298fc1c149afbf4c8996fb92427ae41e4649b934ca495991b7852b855","last_name":"e3b0c44298fc1c149afbf4c8996fb92427ae41e4649b934ca495991b7852b855","zip_code":"e3b0c44298fc1c149afbf4c8996fb92427ae41e4649b934ca495991b7852b855"},"properties":{"contents":[{"price":0,"quantity":1,"content_id":"SKU_40","content_name":"\u0637\u0628\u0627\u0639\u0629 \u0628\u0631\u0634\u0648\u0631 \u0645\u0637\u0648\u064a\u0629 A5","description":"\u0628\u0631\u0648\u0634\u0648\u0631 \u0645\u0637\u0648\u064a \u062d\u0633\u0628 \u062a\u0635\u0645\u064a\u0645 \u0627\u0644\u0639\u0645\u064a\u0644 \u0648\u0631\u0642 \u0643\u0648\u0634\u064a\u0647 \u0645\u0637\u0641\u064a 150 \u062c\u0631\u0627\u0645.\r\n\u0645\u062f\u0629 \u0627\u0644\u062a\u0646\u0641\u064a\u0630 \u0627\u0644\u0645\u062a\u0648\u0642\u0639\u0629: 3 \u2013 5 \u0623\u064a\u0627\u0645 \u0639\u0645\u0644 \u0628\u0639\u062f \u062a\u0623\u0643\u064a\u062f \u0627\u0644\u0637\u0644\u0628 \u0648\u0627\u0644\u062a\u0635\u0645\u064a\u0645 \u0648\u062d\u0633\u0628 \u0627\u0644\u0643\u0645\u064a\u0629 (\u062a\u0632\u064a\u062f \u0627\u0644\u0645\u062f\u0629 \u0639\u0646\u062f \u0637\u0644\u0628 \u0627\u0644\u0634\u062d\u0646).","availability":"IN_STOCK","sale_price":0,"on_sale":false}],"content_type":"product","currency":"SAR","value":0,"event_trigger_source":"WooCommerce"},"page":{"url":"http:\/\/ibn-sinaa.com\/product-category\/digital-printing\/brochures\/?add-to-cart=40"}}]}
 ajax: no
2025-01-02T01:41:14+00:00 DEBUG Tt4b_Mapi_Class::mapi_post: Response: 

HTTP/1.1 200 OK
Server: nginx
Content-Type: application/json
Content-Length: 92
X-Tt-Logid: 20250102014114B5E3879897BA4AE280D1
x-tt-trace-host: 018e5a586174a888928d793bdac74b79b519a86797e72c2eba011e03e23beee17de930686669feb5a25dc83da3d577280fb6eccaf8f384b7f2d0108503b869920a68edf20cfabfab3de17f1866364bfa6366fa730f24aeb62c4965012645df42ac7b6945b4ae63ec0eb1622fafb8c64e62
x-tt-trace-id: 00-250102014114B5E3879897BA4AE280D1-6C7D49ED84DCB04D-00
X-Origin-Response-Time: 72,23.218.219.34
X-Akamai-Request-ID: 8ad5cee0.f3bc450
Expires: Thu, 02 Jan 2025 01:41:14 GMT
Cache-Control: max-age=0, no-cache, no-store
Pragma: no-cache
Date: Thu, 02 Jan 2025 01:41:14 GMT
X-Cache: TCP_MISS from a95-101-134-116.deploy.akamaitechnologies.com (AkamaiGHost/11.7.2.1-9611f29bef89eba7b18045b10aa2af98) (-)
Connection: close
X-Cache-Remote: TCP_MISS from a23-218-219-34.deploy.akamaitechnologies.com (AkamaiGHost/11.7.2.1-9611f29bef89eba7b18045b10aa2af98) (-)
x-tt-trace-tag: id=16;cdn-cache=miss;type=dyn
Server-Timing: cdn-cache; desc=MISS, edge; dur=237, origin; dur=72
Server-Timing: inner; dur=39
X-Parent-Response-Time: 308,95.101.134.116

{"code": 0, "message": "OK", "request_id": "20250102014114B5E3879897BA4AE280D1", "data": {}}
2025-01-02T01:41:14+00:00 DEBUG POST: https://business-api.tiktok.com/open_api/v1.3/event/track/

{"partner_name":"WooCommerce","event_source":"web","event_source_id":"CSM79Q3C77UAG1T340I0","data":[{"event":"Pageview","event_id":"6775eebaccf87_tt4b_woocommerce_670666209cf1f","event_time":1735782074,"user":{"ip":"54.36.149.63","user_agent":"Mozilla\/5.0 (compatible; AhrefsBot\/7.0; +http:\/\/ahrefs.com\/robot\/)","locale":"ar","external_id":"0","email":"e3b0c44298fc1c149afbf4c8996fb92427ae41e4649b934ca495991b7852b855","phone_number":"e3b0c44298fc1c149afbf4c8996fb92427ae41e4649b934ca495991b7852b855","first_name":"e3b0c44298fc1c149afbf4c8996fb92427ae41e4649b934ca495991b7852b855","last_name":"e3b0c44298fc1c149afbf4c8996fb92427ae41e4649b934ca495991b7852b855","zip_code":"e3b0c44298fc1c149afbf4c8996fb92427ae41e4649b934ca495991b7852b855"},"page":{"url":"http:\/\/ibn-sinaa.com\/product-category\/digital-printing\/brochures\/?add-to-cart=40"}}]}
 ajax: no
2025-01-02T01:41:15+00:00 DEBUG Tt4b_Mapi_Class::mapi_post: Response: 

HTTP/1.1 200 OK
Server: nginx
Content-Type: application/json
Content-Length: 92
X-Tt-Logid: 20250102014115A6D158A4919A8EFBDB9D
x-tt-trace-host: 018e5a586174a888928d793bdac74b79b56517d7628cf0ffdff56b078ad2cf56150af50839cfaca56a8942166c49489cd14b1f486eb9927544f02e6c148822a583f597394b202dee50737e5354fc3d25b9dacf4e8dc572f4662dabe1dc92c92517146f9a4929e6c75862e0b7fa7409b971
x-tt-trace-id: 00-250102014115A6D158A4919A8EFBDB9D-7C22AE887A215332-00
X-Origin-Response-Time: 53,23.32.17.27
X-Akamai-Request-ID: 2438654d.17e33ea5
Expires: Thu, 02 Jan 2025 01:41:15 GMT
Cache-Control: max-age=0, no-cache, no-store
Pragma: no-cache
Date: Thu, 02 Jan 2025 01:41:15 GMT
X-Cache: TCP_MISS from a95-101-134-92.deploy.akamaitechnologies.com (AkamaiGHost/11.7.2.1-9611f29bef89eba7b18045b10aa2af98) (-)
Connection: close
X-Cache-Remote: TCP_MISS from a23-32-17-27.deploy.akamaitechnologies.com (AkamaiGHost/11.7.2.1-9611f29bef89eba7b18045b10aa2af98) (-)
x-tt-trace-tag: id=16;cdn-cache=miss;type=dyn
Server-Timing: cdn-cache; desc=MISS, edge; dur=252, origin; dur=53
Server-Timing: inner; dur=48
X-Parent-Response-Time: 305,95.101.134.92

{"code": 0, "message": "OK", "request_id": "20250102014115A6D158A4919A8EFBDB9D", "data": {}}
2025-01-02T01:42:54+00:00 DEBUG Tt4b_Pixel_Class::inject_add_to_cart_event: hit AddToCart
2025-01-02T01:42:54+00:00 DEBUG POST: https://business-api.tiktok.com/open_api/v1.3/event/track/

{"partner_name":"WooCommerce","event_source":"web","event_source_id":"CSM79Q3C77UAG1T340I0","data":[{"event":"AddToCart","event_id":"6775ef1e191ac_tt4b_woocommerce_670666209cf1f_4220","event_time":1735782174,"user":{"ip":"216.244.66.233","user_agent":"Mozilla\/5.0 (compatible; DotBot\/1.2; +https:\/\/opensiteexplorer.org\/dotbot; help@moz.com)","locale":"ar","external_id":"0","email":"e3b0c44298fc1c149afbf4c8996fb92427ae41e4649b934ca495991b7852b855","phone_number":"e3b0c44298fc1c149afbf4c8996fb92427ae41e4649b934ca495991b7852b855","first_name":"e3b0c44298fc1c149afbf4c8996fb92427ae41e4649b934ca495991b7852b855","last_name":"e3b0c44298fc1c149afbf4c8996fb92427ae41e4649b934ca495991b7852b855","zip_code":"e3b0c44298fc1c149afbf4c8996fb92427ae41e4649b934ca495991b7852b855"},"properties":{"contents":[{"price":120,"quantity":1,"content_id":"4220","content_name":"\u0645\u062c\u0645\u0648\u0639\u0629 \u0627\u0644\u0645\u0639\u0644\u0645","description":"\u0627\u062c\u0639\u0644 \u064a\u0648\u0645\u0643 \u0627\u0644\u062f\u0631\u0627\u0633\u064a \u0623\u0643\u062b\u0631 \u062a\u0646\u0638\u064a\u0645\u064b\u0627 \u0648\u0641\u0627\u0639\u0644\u064a\u0629 \u0645\u0639 \u0645\u062c\u0645\u0648\u0639\u0647 \u0627\u0644\u0645\u0639\u0644\u0645 \u0645\u0646 \u0645\u062a\u062c\u0631 \u0645\u0643\u062a\u0628\u0629 \u0627\u0628\u0646 \u0633\u064a\u0646\u0627 \u0627\u0644\u0625\u0644\u0643\u062a\u0631\u0648\u0646\u064a. \u0647\u0630\u0647 \u0627\u0644\u0645\u062c\u0645\u0648\u0639\u0629 \u0627\u0644\u0645\u0635\u0645\u0645\u0629 \u062e\u0635\u064a\u0635\u064b\u0627 \u0644\u0644\u0645\u062f\u0631\u0633\u064a\u0646 \u062a\u062d\u062a\u0648\u064a \u0639\u0644\u0649 \u0643\u0644 \u0645\u0627 \u064a\u062d\u062a\u0627\u062c\u0648\u0646\u0647 \u0644\u0625\u062f\u0627\u0631\u0629 \u0648\u062a\u0646\u0638\u064a\u0645 \u064a\u0648\u0645\u0647\u0645 \u0627\u0644\u062f\u0631\u0627\u0633\u064a \u0628\u0623\u0641\u0636\u0644 \u0635\u0648\u0631\u0629 \u0645\u0645\u0643\u0646\u0629.","availability":"IN_STOCK","sale_price":120,"on_sale":false}],"content_type":"product","currency":"SAR","value":120,"event_trigger_source":"WooCommerce"},"page":{"url":"http:\/\/mail.ibn-sinaa.com\/product-category\/school-and-student-printing\/page\/2\/?add-to-cart=4220"}}]}
 ajax: no
2025-01-02T01:42:54+00:00 DEBUG Tt4b_Mapi_Class::mapi_post: Response: 

HTTP/1.1 200 OK
Server: nginx
Content-Type: application/json
Content-Length: 92
X-Tt-Logid: 202501020142544BD66FFAB3F1A08D0E39
x-tt-trace-host: 018e5a586174a888928d793bdac74b79b519a86797e72c2eba011e03e23beee17d98eac3064cb2300d2b6618ff91ef52927a2892c98db789f183185ab9c5f82659746f378ffcfdb4e85cd4d9ad29e4b19b1490af071e59edba72209cbc58df1fcf66f9a51e3e667f1d7fc51aa19166c1cf
x-tt-trace-id: 00-2501020142544BD66FFAB3F1A08D0E39-108F1AC37A90FCEA-00
X-Origin-Response-Time: 50,23.55.100.231
X-Akamai-Request-ID: 2a0e5db3.f3d9b57
Expires: Thu, 02 Jan 2025 01:42:54 GMT
Cache-Control: max-age=0, no-cache, no-store
Pragma: no-cache
Date: Thu, 02 Jan 2025 01:42:54 GMT
X-Cache: TCP_MISS from a95-101-134-116.deploy.akamaitechnologies.com (AkamaiGHost/11.7.2.1-9611f29bef89eba7b18045b10aa2af98) (-)
Connection: close
X-Cache-Remote: TCP_MISS from a23-55-100-231.deploy.akamaitechnologies.com (AkamaiGHost/11.7.2.1-9611f29bef89eba7b18045b10aa2af98) (-)
x-tt-trace-tag: id=16;cdn-cache=miss;type=dyn
Server-Timing: cdn-cache; desc=MISS, edge; dur=82, origin; dur=50
Server-Timing: inner; dur=37
X-Parent-Response-Time: 131,95.101.134.116

{"code": 0, "message": "OK", "request_id": "202501020142544BD66FFAB3F1A08D0E39", "data": {}}
2025-01-02T01:42:54+00:00 DEBUG POST: https://business-api.tiktok.com/open_api/v1.3/event/track/

{"partner_name":"WooCommerce","event_source":"web","event_source_id":"CSM79Q3C77UAG1T340I0","data":[{"event":"Pageview","event_id":"6775ef1e82b9d_tt4b_woocommerce_670666209cf1f","event_time":1735782174,"user":{"ip":"216.244.66.233","user_agent":"Mozilla\/5.0 (compatible; DotBot\/1.2; +https:\/\/opensiteexplorer.org\/dotbot; help@moz.com)","locale":"ar","external_id":"0","email":"e3b0c44298fc1c149afbf4c8996fb92427ae41e4649b934ca495991b7852b855","phone_number":"e3b0c44298fc1c149afbf4c8996fb92427ae41e4649b934ca495991b7852b855","first_name":"e3b0c44298fc1c149afbf4c8996fb92427ae41e4649b934ca495991b7852b855","last_name":"e3b0c44298fc1c149afbf4c8996fb92427ae41e4649b934ca495991b7852b855","zip_code":"e3b0c44298fc1c149afbf4c8996fb92427ae41e4649b934ca495991b7852b855"},"page":{"url":"http:\/\/mail.ibn-sinaa.com\/product-category\/school-and-student-printing\/page\/2\/?add-to-cart=4220"}}]}
 ajax: no
2025-01-02T01:42:54+00:00 DEBUG Tt4b_Mapi_Class::mapi_post: Response: 

HTTP/1.1 200 OK
Server: nginx
Content-Type: application/json
Content-Length: 92
X-Tt-Logid: 20250102014254C748AE9E915F904882AB
Server-Timing: inner; dur=36
x-tt-trace-host: 018e5a586174a888928d793bdac74b79b51a437ee89a1c03eb2011d034a2e3e9f5ff8fa0d0775b88cac4dc909e1c6d2ff6dcde39ede47eb1070c1a7e1c271dc82d514675acfa1ea2e32d8b4b19fca13e401db4c9b5207162f9c33d0bb7188b6c94
x-tt-trace-id: 00-250102014254C748AE9E915F904882AB-2AFC8510804137C8-00
Expires: Thu, 02 Jan 2025 01:42:54 GMT
Cache-Control: max-age=0, no-cache, no-store
Pragma: no-cache
Date: Thu, 02 Jan 2025 01:42:54 GMT
X-Cache: TCP_MISS from a95-101-134-92.deploy.akamaitechnologies.com (AkamaiGHost/11.7.2.1-9611f29bef89eba7b18045b10aa2af98) (-)
Connection: close
x-tt-trace-tag: id=16;cdn-cache=miss;type=dyn
Server-Timing: cdn-cache; desc=MISS, edge; dur=0, origin; dur=116
X-Origin-Response-Time: 116,95.101.134.92
X-Akamai-Request-ID: 17e5ff53

{"code": 0, "message": "OK", "request_id": "20250102014254C748AE9E915F904882AB", "data": {}}
2025-01-02T01:43:05+00:00 DEBUG POST: https://business-api.tiktok.com/open_api/v1.3/event/track/

{"partner_name":"WooCommerce","event_source":"web","event_source_id":"CSM79Q3C77UAG1T340I0","data":[{"event":"Pageview","event_id":"6775ef2987948_tt4b_woocommerce_670666209cf1f","event_time":1735782185,"user":{"ip":"213.180.203.124","user_agent":"Mozilla\/5.0 (compatible; YandexBot\/3.0; +http:\/\/yandex.com\/bots)","locale":"ar","external_id":"0","email":"e3b0c44298fc1c149afbf4c8996fb92427ae41e4649b934ca495991b7852b855","phone_number":"e3b0c44298fc1c149afbf4c8996fb92427ae41e4649b934ca495991b7852b855","first_name":"e3b0c44298fc1c149afbf4c8996fb92427ae41e4649b934ca495991b7852b855","last_name":"e3b0c44298fc1c149afbf4c8996fb92427ae41e4649b934ca495991b7852b855","zip_code":"e3b0c44298fc1c149afbf4c8996fb92427ae41e4649b934ca495991b7852b855"},"page":{"url":"http:\/\/ibn-sinaa.com\/en\/product\/%D8%B7%D8%A7%D9%88%D9%84%D8%A9-%D9%85%D8%B9-%D9%85%D8%B8%D9%84%D8%A9\/"}}]}
 ajax: no
2025-01-02T01:43:05+00:00 DEBUG Tt4b_Mapi_Class::mapi_post: Response: 

HTTP/1.1 200 OK
Server: nginx
Content-Type: application/json
Content-Length: 92
X-Tt-Logid: 20250102014305DF15252D9BF7F2E0966C
x-tt-trace-host: 018e5a586174a888928d793bdac74b79b519a86797e72c2eba011e03e23beee17d7433cef50818027407e33b33fbed355d450431a7af6db9cabcf7f3fbef228d5b91888cb83a2579239c286c884f4ddfd68c93d2cf9632b15dc5ebbb42181eca411b9f5781968b9ce809f5769855181cad
x-tt-trace-id: 00-250102014305DF15252D9BF7F2E0966C-40A9CA5115DB57CD-00
X-Origin-Response-Time: 62,23.55.100.232
X-Akamai-Request-ID: 6ddbc93a.f3dd82d
Expires: Thu, 02 Jan 2025 01:43:05 GMT
Cache-Control: max-age=0, no-cache, no-store
Pragma: no-cache
Date: Thu, 02 Jan 2025 01:43:05 GMT
X-Cache: TCP_MISS from a95-101-134-116.deploy.akamaitechnologies.com (AkamaiGHost/11.7.2.1-9611f29bef89eba7b18045b10aa2af98) (-)
Connection: close
X-Cache-Remote: TCP_MISS from a23-55-100-232.deploy.akamaitechnologies.com (AkamaiGHost/11.7.2.1-9611f29bef89eba7b18045b10aa2af98) (-)
x-tt-trace-tag: id=16;cdn-cache=miss;type=dyn
Server-Timing: cdn-cache; desc=MISS, edge; dur=104, origin; dur=62
Server-Timing: inner; dur=42
X-Parent-Response-Time: 165,95.101.134.116

{"code": 0, "message": "OK", "request_id": "20250102014305DF15252D9BF7F2E0966C", "data": {}}
2025-01-02T01:43:39+00:00 DEBUG POST: https://business-api.tiktok.com/open_api/v1.3/event/track/

{"partner_name":"WooCommerce","event_source":"web","event_source_id":"CSM79Q3C77UAG1T340I0","data":[{"event":"Pageview","event_id":"6775ef4b02209_tt4b_woocommerce_670666209cf1f","event_time":1735782219,"user":{"ip":"66.249.66.166","user_agent":"Mozilla\/5.0 (Linux; Android 6.0.1; Nexus 5X Build\/MMB29P) AppleWebKit\/537.36 (KHTML, like Gecko) Chrome\/131.0.6778.139 Mobile Safari\/537.36 (compatible; Googlebot\/2.1; +http:\/\/www.google.com\/bot.html)","locale":"ar","external_id":"0","email":"e3b0c44298fc1c149afbf4c8996fb92427ae41e4649b934ca495991b7852b855","phone_number":"e3b0c44298fc1c149afbf4c8996fb92427ae41e4649b934ca495991b7852b855","first_name":"e3b0c44298fc1c149afbf4c8996fb92427ae41e4649b934ca495991b7852b855","last_name":"e3b0c44298fc1c149afbf4c8996fb92427ae41e4649b934ca495991b7852b855","zip_code":"e3b0c44298fc1c149afbf4c8996fb92427ae41e4649b934ca495991b7852b855"},"page":{"url":"http:\/\/www.ibn-sinaa.com\/product\/school-records-islamic-education\/"}}]}
 ajax: no
2025-01-02T01:43:39+00:00 DEBUG Tt4b_Mapi_Class::mapi_post: Response: 

HTTP/1.1 200 OK
Server: nginx
Content-Type: application/json
Content-Length: 92
X-Tt-Logid: 202501020143392907413AFAA8B6DE30B3
x-tt-trace-host: 018e5a586174a888928d793bdac74b79b56517d7628cf0ffdff56b078ad2cf5615228df5dabe0f82ab0991701b375c7ebe0212c836eb38f3b5d2921f7c25e2f97d342524511aba8e6a28009aa97d7dc7045bfcac36b0d46f141b778e260acafe7e0ab4f5489a638d02f1d3266ffee8dd2a
x-tt-trace-id: 00-2501020143392907413AFAA8B6DE30B3-35AA06AD129B48EA-00
X-Origin-Response-Time: 27,23.55.100.229
X-Akamai-Request-ID: 289d386c.17e71e66
Expires: Thu, 02 Jan 2025 01:43:39 GMT
Cache-Control: max-age=0, no-cache, no-store
Pragma: no-cache
Date: Thu, 02 Jan 2025 01:43:39 GMT
X-Cache: TCP_MISS from a95-101-134-92.deploy.akamaitechnologies.com (AkamaiGHost/11.7.2.1-9611f29bef89eba7b18045b10aa2af98) (-)
Connection: close
X-Cache-Remote: TCP_MISS from a23-55-100-229.deploy.akamaitechnologies.com (AkamaiGHost/11.7.2.1-9611f29bef89eba7b18045b10aa2af98) (-)
x-tt-trace-tag: id=16;cdn-cache=miss;type=dyn
Server-Timing: cdn-cache; desc=MISS, edge; dur=81, origin; dur=27
Server-Timing: inner; dur=24
X-Parent-Response-Time: 108,95.101.134.92

{"code": 0, "message": "OK", "request_id": "202501020143392907413AFAA8B6DE30B3", "data": {}}
2025-01-02T01:43:39+00:00 DEBUG Tt4b_Pixel_Class::inject_view_content_event: hit ViewContent
2025-01-02T01:43:39+00:00 DEBUG POST: https://business-api.tiktok.com/open_api/v1.3/event/track/

{"partner_name":"WooCommerce","event_source":"web","event_source_id":"CSM79Q3C77UAG1T340I0","data":[{"event":"ViewContent","event_id":"6775ef4b3a14c_tt4b_woocommerce_670666209cf1f_4079","event_time":1735782219,"user":{"ip":"66.249.66.166","user_agent":"Mozilla\/5.0 (Linux; Android 6.0.1; Nexus 5X Build\/MMB29P) AppleWebKit\/537.36 (KHTML, like Gecko) Chrome\/131.0.6778.139 Mobile Safari\/537.36 (compatible; Googlebot\/2.1; +http:\/\/www.google.com\/bot.html)","locale":"ar","external_id":"0","email":"e3b0c44298fc1c149afbf4c8996fb92427ae41e4649b934ca495991b7852b855","phone_number":"e3b0c44298fc1c149afbf4c8996fb92427ae41e4649b934ca495991b7852b855","first_name":"e3b0c44298fc1c149afbf4c8996fb92427ae41e4649b934ca495991b7852b855","last_name":"e3b0c44298fc1c149afbf4c8996fb92427ae41e4649b934ca495991b7852b855","zip_code":"e3b0c44298fc1c149afbf4c8996fb92427ae41e4649b934ca495991b7852b855"},"properties":{"contents":[{"price":65,"quantity":1,"content_id":"4079","content_name":"\u0633\u062c\u0644\u0627\u062a \u0645\u0627\u062f\u0629 \u0627\u0644\u062a\u0631\u0628\u064a\u0629 \u0627\u0644\u0627\u0633\u0644\u0627\u0645\u064a\u0629","description":". \u0637\u0628\u0627\u0639\u0647 \u0633\u062c\u0644\u0627\u062a \u0645\u062f\u0631\u0633\u064a\u0629 \u0627\u062d\u062a\u0631\u0627\u0641\u064a\u0629 \u062e\u0627\u0645\u062a\u0647\u0627 \u0643\u0631\u062a\u0648\u0646 2000 \u062c\u0631\u0627\u0645,\u062a\u0636\u0627\u0641 \u0637\u0628\u0642\u0629 \u062d\u0645\u0627\u064a\u0647 \u0627\u0633\u062a\u064a\u0643\u0631 \u0645\u0639 \u0633\u0644\u0648\u0641\u0627\u0646 \u0644\u0627\u0645\u0639.\r\n. \u0645\u062a\u0648\u0641\u0631 \u0628 \u0627\u062d\u062c\u0627\u0645 \u0645\u062e\u062a\u0644\u0641\u0647 ( \u0635\u063a\u064a\u0631, \u0648\u0633\u0637 , \u0643\u0628\u064a\u0631 ).\r\n. \u064a\u062a\u0633\u0639 \u0627\u0644\u0645\u0642\u0627\u0633 \u0627\u0644\u0635\u063a\u064a\u0631 ( \u0645\u0646 50 \u0627\u0644\u0649 150 \u0648\u0631\u0642\u0629 )\r\n. \u064a\u062a\u0633\u0639 \u0627\u0644\u0648\u0633\u0637 ( \u0645\u0646 150 \u0627\u0644\u0649 300 \u0648\u0631\u0642\u0629 )\r\n. \u0627\u0644\u0643\u0628\u064a\u0631 ( \u0645\u0646 300 \u0627\u0644\u0649 400 \u0648\u0631\u0642\u0629 ).\r\n. \u0645\u062f\u0629 \u0627\u0644\u062a\u0646\u0641\u064a\u0630 : 3-5 \u0627\u064a\u0627\u0645 \u0648\u062a\u0632\u064a\u062f \u0627\u0644\u0645\u062f\u0629 \u0639\u0646 \u0637\u0644\u0628 \u0627\u0644\u0634\u062d\u0646.","availability":"IN_STOCK","sale_price":65,"on_sale":false}],"content_type":"product","currency":"SAR","value":65,"event_trigger_source":"WooCommerce"},"page":{"url":"http:\/\/www.ibn-sinaa.com\/product\/school-records-islamic-education\/"}}]}
 ajax: no
2025-01-02T01:43:39+00:00 DEBUG Tt4b_Mapi_Class::mapi_post: Response: 

HTTP/1.1 200 OK
Server: nginx
Content-Type: application/json
Content-Length: 92
X-Tt-Logid: 202501020143391D3C4F88EE6FBAE05C7E
x-tt-trace-host: 018e5a586174a888928d793bdac74b79b56517d7628cf0ffdff56b078ad2cf5615f85a211392a3a10edf271a3cfe7c197303d8100f76bc6b4895f89ab29439da4c85562c4bd6f36e719eaa73feb697a649f732b843d7a7692fece1f6296f9e1d637180bc1e0b02ba322f953bfad815d19e
x-tt-trace-id: 00-2501020143391D3C4F88EE6FBAE05C7E-4E5DA87386D6767D-00
X-Origin-Response-Time: 57,23.55.100.232
X-Akamai-Request-ID: 6de54178.17e71fa8
Expires: Thu, 02 Jan 2025 01:43:39 GMT
Cache-Control: max-age=0, no-cache, no-store
Pragma: no-cache
Date: Thu, 02 Jan 2025 01:43:39 GMT
X-Cache: TCP_MISS from a95-101-134-92.deploy.akamaitechnologies.com (AkamaiGHost/11.7.2.1-9611f29bef89eba7b18045b10aa2af98) (-)
Connection: close
X-Cache-Remote: TCP_MISS from a23-55-100-232.deploy.akamaitechnologies.com (AkamaiGHost/11.7.2.1-9611f29bef89eba7b18045b10aa2af98) (-)
x-tt-trace-tag: id=16;cdn-cache=miss;type=dyn
Server-Timing: cdn-cache; desc=MISS, edge; dur=94, origin; dur=57
Server-Timing: inner; dur=42
X-Parent-Response-Time: 151,95.101.134.92

{"code": 0, "message": "OK", "request_id": "202501020143391D3C4F88EE6FBAE05C7E", "data": {}}
2025-01-02T01:47:50+00:00 DEBUG POST: https://business-api.tiktok.com/open_api/v1.3/event/track/

{"partner_name":"WooCommerce","event_source":"web","event_source_id":"CSM79Q3C77UAG1T340I0","data":[{"event":"Pageview","event_id":"6775f046ac8e4_tt4b_woocommerce_670666209cf1f","event_time":1735782470,"user":{"ip":"207.46.13.7","user_agent":"Mozilla\/5.0 AppleWebKit\/537.36 (KHTML, like Gecko; compatible; bingbot\/2.0; +http:\/\/www.bing.com\/bingbot.htm) Chrome\/116.0.1938.76 Safari\/537.36","locale":"ar","external_id":"0","email":"e3b0c44298fc1c149afbf4c8996fb92427ae41e4649b934ca495991b7852b855","phone_number":"e3b0c44298fc1c149afbf4c8996fb92427ae41e4649b934ca495991b7852b855","first_name":"e3b0c44298fc1c149afbf4c8996fb92427ae41e4649b934ca495991b7852b855","last_name":"e3b0c44298fc1c149afbf4c8996fb92427ae41e4649b934ca495991b7852b855","zip_code":"e3b0c44298fc1c149afbf4c8996fb92427ae41e4649b934ca495991b7852b855"},"page":{"url":"http:\/\/www.ibn-sinaa.com\/product\/%D8%B7%D8%A7%D9%88%D9%84%D8%A9-%D8%B9%D8%B1%D8%B6-%D9%85%D9%85%D9%88%D8%AC%D8%A9-%D9%83%D9%88%D8%B1%D8%AC%D8%AA%D9%8A%D8%AF\/feed\/"}}]}
 ajax: no
2025-01-02T01:47:51+00:00 DEBUG Tt4b_Mapi_Class::mapi_post: Response: 

HTTP/1.1 200 OK
Server: nginx
Content-Type: application/json
Content-Length: 92
X-Tt-Logid: 2025010201475000F49CD4108D6B6316B6
x-tt-trace-host: 018e5a586174a888928d793bdac74b79b519a86797e72c2eba011e03e23beee17d6e9a504637080b39773f1e1404a35047e4adc90b51c833ffd63f376a3e8e8eaf80fd2050bb1f4643ace3a73c7810c6adb8d0dc5786a84a9645826a213c10a2edda34ecba7874e49575312f555fff827b
x-tt-trace-id: 00-25010201475000F49CD4108D6B6316B6-2CA81A625C997015-00
X-Origin-Response-Time: 41,23.52.15.206
X-Akamai-Request-ID: 53409320.f428c0d
Expires: Thu, 02 Jan 2025 01:47:51 GMT
Cache-Control: max-age=0, no-cache, no-store
Pragma: no-cache
Date: Thu, 02 Jan 2025 01:47:51 GMT
X-Cache: TCP_MISS from a95-101-134-116.deploy.akamaitechnologies.com (AkamaiGHost/11.7.2.1-9611f29bef89eba7b18045b10aa2af98) (-)
Connection: close
X-Cache-Remote: TCP_MISS from a23-52-15-206.deploy.akamaitechnologies.com (AkamaiGHost/11.7.2.1-9611f29bef89eba7b18045b10aa2af98) (-)
x-tt-trace-tag: id=16;cdn-cache=miss;type=dyn
Server-Timing: cdn-cache; desc=MISS, edge; dur=239, origin; dur=41
Server-Timing: inner; dur=36
X-Parent-Response-Time: 279,95.101.134.116

{"code": 0, "message": "OK", "request_id": "2025010201475000F49CD4108D6B6316B6", "data": {}}
2025-01-02T01:53:13+00:00 DEBUG POST: https://business-api.tiktok.com/open_api/v1.3/event/track/

{"partner_name":"WooCommerce","event_source":"web","event_source_id":"CSM79Q3C77UAG1T340I0","data":[{"event":"Pageview","event_id":"6775f189473af_tt4b_woocommerce_670666209cf1f","event_time":1735782793,"user":{"ip":"66.249.66.166","user_agent":"Mozilla\/5.0 (Linux; Android 6.0.1; Nexus 5X Build\/MMB29P) AppleWebKit\/537.36 (KHTML, like Gecko) Chrome\/131.0.6778.204 Mobile Safari\/537.36 (compatible; Googlebot\/2.1; +http:\/\/www.google.com\/bot.html)","locale":"ar","external_id":"0","email":"e3b0c44298fc1c149afbf4c8996fb92427ae41e4649b934ca495991b7852b855","phone_number":"e3b0c44298fc1c149afbf4c8996fb92427ae41e4649b934ca495991b7852b855","first_name":"e3b0c44298fc1c149afbf4c8996fb92427ae41e4649b934ca495991b7852b855","last_name":"e3b0c44298fc1c149afbf4c8996fb92427ae41e4649b934ca495991b7852b855","zip_code":"e3b0c44298fc1c149afbf4c8996fb92427ae41e4649b934ca495991b7852b855"},"page":{"url":"http:\/\/www.ibn-sinaa.com\/product-category\/digital-printing\/bills-and-bonds\/"}}]}
 ajax: no
2025-01-02T01:53:13+00:00 DEBUG Tt4b_Mapi_Class::mapi_post: Response: 

HTTP/1.1 200 OK
Server: nginx
Content-Type: application/json
Content-Length: 92
X-Tt-Logid: 20250102015313D808C3E7E2D922E51128
x-tt-trace-host: 018e5a586174a888928d793bdac74b79b519a86797e72c2eba011e03e23beee17dde4fddab5785245e6741e234a8e483f7b97c1cd9cf488366f27c8532d261f8836a22cc6165c5e6a03f02f7edb21c952a8669bfc9ffe17d2adf0f3f2cac556870fde5f1194bb1eb37a52c0eb23373fca7
x-tt-trace-id: 00-250102015313D808C3E7E2D922E51128-6223839E7E672829-00
X-Origin-Response-Time: 41,23.213.246.241
X-Akamai-Request-ID: 604d6ce4.f47804f
Expires: Thu, 02 Jan 2025 01:53:13 GMT
Cache-Control: max-age=0, no-cache, no-store
Pragma: no-cache
Date: Thu, 02 Jan 2025 01:53:13 GMT
X-Cache: TCP_MISS from a95-101-134-116.deploy.akamaitechnologies.com (AkamaiGHost/11.7.2.1-9611f29bef89eba7b18045b10aa2af98) (-)
Connection: close
X-Cache-Remote: TCP_MISS from a23-213-246-241.deploy.akamaitechnologies.com (AkamaiGHost/11.7.2.1-9611f29bef89eba7b18045b10aa2af98) (-)
x-tt-trace-tag: id=16;cdn-cache=miss;type=dyn
Server-Timing: cdn-cache; desc=MISS, edge; dur=83, origin; dur=41
Server-Timing: inner; dur=30
X-Parent-Response-Time: 123,95.101.134.116

{"code": 0, "message": "OK", "request_id": "20250102015313D808C3E7E2D922E51128", "data": {}}
2025-01-02T01:54:53+00:00 DEBUG Tt4b_Pixel_Class::inject_add_to_cart_event: hit AddToCart
2025-01-02T01:54:53+00:00 DEBUG POST: https://business-api.tiktok.com/open_api/v1.3/event/track/

{"partner_name":"WooCommerce","event_source":"web","event_source_id":"CSM79Q3C77UAG1T340I0","data":[{"event":"AddToCart","event_id":"6775f1ed38018_tt4b_woocommerce_670666209cf1f_4438","event_time":1735782893,"user":{"ip":"51.222.253.6","user_agent":"Mozilla\/5.0 (compatible; AhrefsBot\/7.0; +http:\/\/ahrefs.com\/robot\/)","locale":"ar","external_id":"0","email":"e3b0c44298fc1c149afbf4c8996fb92427ae41e4649b934ca495991b7852b855","phone_number":"e3b0c44298fc1c149afbf4c8996fb92427ae41e4649b934ca495991b7852b855","first_name":"e3b0c44298fc1c149afbf4c8996fb92427ae41e4649b934ca495991b7852b855","last_name":"e3b0c44298fc1c149afbf4c8996fb92427ae41e4649b934ca495991b7852b855","zip_code":"e3b0c44298fc1c149afbf4c8996fb92427ae41e4649b934ca495991b7852b855"},"properties":{"contents":[{"price":130,"quantity":1,"content_id":"4438","content_name":"\u062a\u0642\u0648\u064a\u0645 \u0635\u0646\u062f\u0648\u0642 \u062e\u0634\u0628","description":"\u062a\u0642\u0648\u064a\u0645 \u0645\u064a\u0644\u0627\u062f\u064a \u062e\u0634\u0628: \u062a\u0635\u0645\u064a\u0645 \u0639\u0635\u0631\u064a \u0648\u0623\u0646\u064a\u0642\u060c \u0645\u0635\u0646\u0648\u0639 \u0645\u0646 \u0627\u0644\u062e\u0634\u0628 \u0627\u0644\u0645\u062a\u064a\u0646 \u0628\u0648\u0636\u0648\u062d \u0627\u0633\u062a\u062b\u0646\u0627\u0626\u064a \u0644\u0644\u0643\u062a\u0627\u0628\u0629 \u0648\u0627\u0644\u0631\u0624\u064a\u0629\u060c \u064a\u0636\u064a\u0641 \u0644\u0645\u0633\u0629 \u0645\u0646 \u0627\u0644\u0641\u062e\u0627\u0645\u0629 \u0648\u0627\u0644\u062a\u0646\u0638\u064a\u0645 \u0644\u0645\u0643\u062a\u0628\u0643. \u0645\u062b\u0627\u0644\u064a \u0644\u062a\u0646\u0638\u064a\u0645 \u0627\u0644\u0645\u0648\u0627\u0639\u064a\u062f \u0648\u0627\u0644\u0627\u062c\u062a\u0645\u0627\u0639\u0627\u062a\u060c \u0648\u064a\u0636\u0641\u064a \u062c\u0627\u0630\u0628\u064a\u0629 \u0639\u0644\u0649 \u0645\u0633\u0627\u062d\u0629 \u0627\u0644\u0639\u0645\u0644 \u0627\u0644\u062e\u0627\u0635\u0629 \u0628\u0643.","availability":"IN_STOCK","sale_price":130,"on_sale":false}],"content_type":"product","currency":"SAR","value":130,"event_trigger_source":"WooCommerce"},"page":{"url":"http:\/\/www.ibn-sinaa.com\/product-tag\/%D8%B7%D8%A8%D8%A7%D8%B9%D8%A9-%D8%AA%D9%82%D9%88%D9%8A%D9%85-%D9%87%D8%AC%D8%B1%D9%8A\/?add-to-cart=4438"}}]}
 ajax: no
2025-01-02T01:54:53+00:00 DEBUG Tt4b_Mapi_Class::mapi_post: Response: 

HTTP/1.1 200 OK
Server: nginx
Content-Type: application/json
Content-Length: 92
X-Tt-Logid: 202501020154530546DD68D1DB865DA8CB
x-tt-trace-host: 018e5a586174a888928d793bdac74b79b519a86797e72c2eba011e03e23beee17d98eac3064cb2300d2b6618ff91ef529241ab6bf6e50d6a0b9c68fc2f869ad336be22f43a67e4df8f5ec92c0006c2da01ab8570c1a91129342dfdf2d7ce9c62c0fd5f309645d5f8fdb5821792ef15f8f7
x-tt-trace-id: 00-2501020154530546DD68D1DB865DA8CB-099A839341DF94F5-00
X-Origin-Response-Time: 159,23.55.100.231
X-Akamai-Request-ID: 2abb8946.f491693
Expires: Thu, 02 Jan 2025 01:54:53 GMT
Cache-Control: max-age=0, no-cache, no-store
Pragma: no-cache
Date: Thu, 02 Jan 2025 01:54:53 GMT
X-Cache: TCP_MISS from a95-101-134-116.deploy.akamaitechnologies.com (AkamaiGHost/11.7.2.1-9611f29bef89eba7b18045b10aa2af98) (-)
Connection: close
X-Cache-Remote: TCP_MISS from a23-55-100-231.deploy.akamaitechnologies.com (AkamaiGHost/11.7.2.1-9611f29bef89eba7b18045b10aa2af98) (-)
x-tt-trace-tag: id=16;cdn-cache=miss;type=dyn
Server-Timing: cdn-cache; desc=MISS, edge; dur=79, origin; dur=159
Server-Timing: inner; dur=152
X-Parent-Response-Time: 238,95.101.134.116

{"code": 0, "message": "OK", "request_id": "202501020154530546DD68D1DB865DA8CB", "data": {}}
2025-01-02T01:54:53+00:00 DEBUG POST: https://business-api.tiktok.com/open_api/v1.3/event/track/

{"partner_name":"WooCommerce","event_source":"web","event_source_id":"CSM79Q3C77UAG1T340I0","data":[{"event":"Pageview","event_id":"6775f1edb6870_tt4b_woocommerce_670666209cf1f","event_time":1735782893,"user":{"ip":"51.222.253.6","user_agent":"Mozilla\/5.0 (compatible; AhrefsBot\/7.0; +http:\/\/ahrefs.com\/robot\/)","locale":"ar","external_id":"0","email":"e3b0c44298fc1c149afbf4c8996fb92427ae41e4649b934ca495991b7852b855","phone_number":"e3b0c44298fc1c149afbf4c8996fb92427ae41e4649b934ca495991b7852b855","first_name":"e3b0c44298fc1c149afbf4c8996fb92427ae41e4649b934ca495991b7852b855","last_name":"e3b0c44298fc1c149afbf4c8996fb92427ae41e4649b934ca495991b7852b855","zip_code":"e3b0c44298fc1c149afbf4c8996fb92427ae41e4649b934ca495991b7852b855"},"page":{"url":"http:\/\/www.ibn-sinaa.com\/product-tag\/%D8%B7%D8%A8%D8%A7%D8%B9%D8%A9-%D8%AA%D9%82%D9%88%D9%8A%D9%85-%D9%87%D8%AC%D8%B1%D9%8A\/?add-to-cart=4438"}}]}
 ajax: no
2025-01-02T01:54:53+00:00 DEBUG Tt4b_Mapi_Class::mapi_post: Response: 

HTTP/1.1 200 OK
Server: nginx
Content-Type: application/json
Content-Length: 92
X-Tt-Logid: 20250102015453F36F3BB16CBA14520C68
Server-Timing: inner; dur=31
x-tt-trace-host: 018e5a586174a888928d793bdac74b79b51a437ee89a1c03eb2011d034a2e3e9f5e99226dc3748aa85d25010accfaabf6ddd0e145e2ea0cd0b959de1ee81d1ca11915cc4a0b879fbcafb38414e9b194a27ee9ef563f5f121ad82312c217feef3d7
x-tt-trace-id: 00-250102015453F36F3BB16CBA14520C68-09E94D917A386A0D-00
Expires: Thu, 02 Jan 2025 01:54:53 GMT
Cache-Control: max-age=0, no-cache, no-store
Pragma: no-cache
Date: Thu, 02 Jan 2025 01:54:53 GMT
X-Cache: TCP_MISS from a95-101-134-92.deploy.akamaitechnologies.com (AkamaiGHost/11.7.2.1-9611f29bef89eba7b18045b10aa2af98) (-)
Connection: close
x-tt-trace-tag: id=16;cdn-cache=miss;type=dyn
Server-Timing: cdn-cache; desc=MISS, edge; dur=1, origin; dur=110
X-Origin-Response-Time: 110,95.101.134.92
X-Akamai-Request-ID: 17f6660c

{"code": 0, "message": "OK", "request_id": "20250102015453F36F3BB16CBA14520C68", "data": {}}
2025-01-02T01:55:02+00:00 DEBUG Tt4b_Pixel_Class::inject_add_to_cart_event: hit AddToCart
2025-01-02T01:55:02+00:00 DEBUG POST: https://business-api.tiktok.com/open_api/v1.3/event/track/

{"partner_name":"WooCommerce","event_source":"web","event_source_id":"CSM79Q3C77UAG1T340I0","data":[{"event":"AddToCart","event_id":"6775f1f69ed87_tt4b_woocommerce_670666209cf1f_SKU_200","event_time":1735782902,"user":{"ip":"149.202.86.190","user_agent":"Mozilla\/5.0 (compatible; MJ12bot\/v1.4.8; http:\/\/mj12bot.com\/)","locale":"ar","external_id":"0","email":"e3b0c44298fc1c149afbf4c8996fb92427ae41e4649b934ca495991b7852b855","phone_number":"e3b0c44298fc1c149afbf4c8996fb92427ae41e4649b934ca495991b7852b855","first_name":"e3b0c44298fc1c149afbf4c8996fb92427ae41e4649b934ca495991b7852b855","last_name":"e3b0c44298fc1c149afbf4c8996fb92427ae41e4649b934ca495991b7852b855","zip_code":"e3b0c44298fc1c149afbf4c8996fb92427ae41e4649b934ca495991b7852b855"},"properties":{"contents":[{"price":0,"quantity":1,"content_id":"SKU_200","content_name":"\u0637\u0628\u0627\u0639\u0629 \u0628\u0631\u0634\u0648\u0631 \u0645\u0637\u0648\u064a\u0629 A3","description":"\u0628\u0631\u0648\u0634\u0648\u0631 \u0645\u0637\u0648\u064a \u062d\u0633\u0628 \u062a\u0635\u0645\u064a\u0645 \u0627\u0644\u0639\u0645\u064a\u0644 \u0648\u0631\u0642 \u0643\u0648\u0634\u064a\u0647 \u0645\u0637\u0641\u064a 150 \u062c\u0631\u0627\u0645\r\n\u0645\u062f\u0629 \u0627\u0644\u062a\u0646\u0641\u064a\u0630 \u0627\u0644\u0645\u062a\u0648\u0642\u0639\u0629: 1 \u2013 3 \u0623\u064a\u0627\u0645 \u0639\u0645\u0644 \u0628\u0639\u062f \u062a\u0623\u0643\u064a\u062f \u0627\u0644\u0637\u0644\u0628 \u0648\u0627\u0644\u062a\u0635\u0645\u064a\u0645 \u0648\u062d\u0633\u0628 \u0627\u0644\u0643\u0645\u064a\u0629 (\u062a\u0632\u064a\u062f \u0627\u0644\u0645\u062f\u0629 \u0639\u0646\u062f \u0637\u0644\u0628 \u0627\u0644\u0634\u062d\u0646).","availability":"IN_STOCK","sale_price":0,"on_sale":false}],"content_type":"product","currency":"SAR","value":0,"event_trigger_source":"WooCommerce"},"page":{"url":"http:\/\/ibn-sinaa.com\/product-tag\/%D8%B3%D8%AC%D9%84%D8%A7%D8%AA-%D9%85%D8%AF%D8%B1%D8%B3%D9%8A%D8%A9\/?add-to-cart=200"}}]}
 ajax: no
2025-01-02T01:55:02+00:00 DEBUG Tt4b_Mapi_Class::mapi_post: Response: 

HTTP/1.1 200 OK
Server: nginx
Content-Type: application/json
Content-Length: 92
X-Tt-Logid: 202501020155026DC01DCDBE8616AABA6A
Server-Timing: inner; dur=130
x-tt-trace-host: 018e5a586174a888928d793bdac74b79b51a437ee89a1c03eb2011d034a2e3e9f5bc1ef4614102de16d8805fe0e65b57f26113a2bc246222b9de2438814db70cc6506c088f6517dca14627ed4497079aa7ba71cd4dc9cfc4a86c851a910ebbb081
x-tt-trace-id: 00-2501020155026DC01DCDBE8616AABA6A-1089E9734E91FC84-00
Expires: Thu, 02 Jan 2025 01:55:02 GMT
Cache-Control: max-age=0, no-cache, no-store
Pragma: no-cache
Date: Thu, 02 Jan 2025 01:55:02 GMT
X-Cache: TCP_MISS from a95-101-134-92.deploy.akamaitechnologies.com (AkamaiGHost/11.7.2.1-9611f29bef89eba7b18045b10aa2af98) (-)
Connection: close
x-tt-trace-tag: id=16;cdn-cache=miss;type=dyn
Server-Timing: cdn-cache; desc=MISS, edge; dur=0, origin; dur=211
X-Origin-Response-Time: 211,95.101.134.92
X-Akamai-Request-ID: 17f699a0

{"code": 0, "message": "OK", "request_id": "202501020155026DC01DCDBE8616AABA6A", "data": {}}
2025-01-02T01:55:03+00:00 DEBUG POST: https://business-api.tiktok.com/open_api/v1.3/event/track/

{"partner_name":"WooCommerce","event_source":"web","event_source_id":"CSM79Q3C77UAG1T340I0","data":[{"event":"Pageview","event_id":"6775f1f72188e_tt4b_woocommerce_670666209cf1f","event_time":1735782903,"user":{"ip":"149.202.86.190","user_agent":"Mozilla\/5.0 (compatible; MJ12bot\/v1.4.8; http:\/\/mj12bot.com\/)","locale":"ar","external_id":"0","email":"e3b0c44298fc1c149afbf4c8996fb92427ae41e4649b934ca495991b7852b855","phone_number":"e3b0c44298fc1c149afbf4c8996fb92427ae41e4649b934ca495991b7852b855","first_name":"e3b0c44298fc1c149afbf4c8996fb92427ae41e4649b934ca495991b7852b855","last_name":"e3b0c44298fc1c149afbf4c8996fb92427ae41e4649b934ca495991b7852b855","zip_code":"e3b0c44298fc1c149afbf4c8996fb92427ae41e4649b934ca495991b7852b855"},"page":{"url":"http:\/\/ibn-sinaa.com\/product-tag\/%D8%B3%D8%AC%D9%84%D8%A7%D8%AA-%D9%85%D8%AF%D8%B1%D8%B3%D9%8A%D8%A9\/?add-to-cart=200"}}]}
 ajax: no
2025-01-02T01:55:03+00:00 DEBUG Tt4b_Mapi_Class::mapi_post: Response: 

HTTP/1.1 200 OK
Server: nginx
Content-Type: application/json
Content-Length: 92
X-Tt-Logid: 20250102015503AE9C003CFD1A7A57CC6F
x-tt-trace-host: 018e5a586174a888928d793bdac74b79b519a86797e72c2eba011e03e23beee17d2858101f4c78e63ed16d8af42456a000bf426b4e29d65e1164102ad6b4ff9a0903907d2eeb8bed8439d48dc175fdc11a06d372e0911a509ce0a6ab3b5e7a167800f63c6f46db5ce1cd6fa7135f00da2c
x-tt-trace-id: 00-250102015503AE9C003CFD1A7A57CC6F-55108C064EDF4D72-00
X-Origin-Response-Time: 28,23.32.17.18
X-Akamai-Request-ID: 62ee1d5.f493b04
Expires: Thu, 02 Jan 2025 01:55:03 GMT
Cache-Control: max-age=0, no-cache, no-store
Pragma: no-cache
Date: Thu, 02 Jan 2025 01:55:03 GMT
X-Cache: TCP_MISS from a95-101-134-116.deploy.akamaitechnologies.com (AkamaiGHost/11.7.2.1-9611f29bef89eba7b18045b10aa2af98) (-)
Connection: close
X-Cache-Remote: TCP_MISS from a23-32-17-18.deploy.akamaitechnologies.com (AkamaiGHost/11.7.2.1-9611f29bef89eba7b18045b10aa2af98) (-)
x-tt-trace-tag: id=16;cdn-cache=miss;type=dyn
Server-Timing: cdn-cache; desc=MISS, edge; dur=81, origin; dur=28
Server-Timing: inner; dur=24
X-Parent-Response-Time: 108,95.101.134.116

{"code": 0, "message": "OK", "request_id": "20250102015503AE9C003CFD1A7A57CC6F", "data": {}}
2025-01-02T01:55:07+00:00 DEBUG Tt4b_Pixel_Class::inject_add_to_cart_event: hit AddToCart
2025-01-02T01:55:07+00:00 DEBUG POST: https://business-api.tiktok.com/open_api/v1.3/event/track/

{"partner_name":"WooCommerce","event_source":"web","event_source_id":"CSM79Q3C77UAG1T340I0","data":[{"event":"AddToCart","event_id":"6775f1fbc5c40_tt4b_woocommerce_670666209cf1f_SKU_1194","event_time":1735782907,"user":{"ip":"149.202.86.190","user_agent":"Mozilla\/5.0 (compatible; MJ12bot\/v1.4.8; http:\/\/mj12bot.com\/)","locale":"ar","external_id":"0","email":"e3b0c44298fc1c149afbf4c8996fb92427ae41e4649b934ca495991b7852b855","phone_number":"e3b0c44298fc1c149afbf4c8996fb92427ae41e4649b934ca495991b7852b855","first_name":"e3b0c44298fc1c149afbf4c8996fb92427ae41e4649b934ca495991b7852b855","last_name":"e3b0c44298fc1c149afbf4c8996fb92427ae41e4649b934ca495991b7852b855","zip_code":"e3b0c44298fc1c149afbf4c8996fb92427ae41e4649b934ca495991b7852b855"},"properties":{"contents":[{"price":75,"quantity":1,"content_id":"SKU_1194","content_name":"\u0637\u0628\u0627\u0639\u0629 \u0643\u0631\u0648\u062a \u0634\u062e\u0635\u064a\u0629 \u0627\u064a\u0633 \u062c\u0648\u0644\u062f","description":"<ul>\r\n \t<li>\u0637\u0628\u0627\u0639\u0629 \u0643\u0631\u0648\u062a \u0639\u0644\u0649 \u0648\u0631\u0642 \u0623\u064a\u0633 \u0642\u0648\u0644\u062f \u0627\u0648 \u0627\u0628\u064a\u0636 \u0641\u0627\u062e\u0631 250 \u062c\u0631\u0627\u0645.<\/li>\r\n \t<li>\u0645\u0642\u0627\u0633 \u0627\u0644\u0643\u0631\u062a \u0627\u0644\u0634\u062e\u0635\u064a 9 \u00d7 5 \u0633\u0645 \u2013 \u0627\u0642\u0644 \u0643\u0645\u064a\u0629 \u0644\u0644\u0637\u0644\u0628 100 \u0643\u0631\u062a.<\/li>\r\n \t<li>\u0645\u062f\u0629 \u0627\u0644\u062a\u0646\u0641\u064a\u0630 \u0627\u0644\u0645\u062a\u0648\u0642\u0639\u0629: 3 \u2013 5 \u0623\u064a\u0627\u0645 \u0639\u0645\u0644 \u0628\u0639\u062f \u062a\u0623\u0643\u064a\u062f \u0627\u0644\u0637\u0644\u0628 \u0648\u0627\u0644\u062a\u0623\u0643\u062f \u0645\u0646 \u0627\u0644\u062a\u0635\u0645\u064a\u0645 \u0648\u062d\u0633\u0628 \u0627\u0644\u0643\u0645\u064a\u0629 (\u062a\u0632\u064a\u062f \u0627\u0644\u0645\u062f\u0629 \u0639\u0646\u062f \u0637\u0644\u0628 \u0627\u0644\u0634\u062d\u0646).<\/li>\r\n<\/ul>\r\n&nbsp;","availability":"IN_STOCK","sale_price":75,"on_sale":false}],"content_type":"product","currency":"SAR","value":75,"event_trigger_source":"WooCommerce"},"page":{"url":"http:\/\/ibn-sinaa.com\/product-tag\/%D8%B7%D8%A8%D8%A7%D8%B9%D9%87-%D8%A8%D9%88%D8%B3%D8%AA%D8%B1\/?add-to-cart=1194"}}]}
 ajax: no
2025-01-02T01:55:07+00:00 DEBUG Tt4b_Mapi_Class::mapi_post: Response: 

HTTP/1.1 200 OK
Server: nginx
Content-Type: application/json
Content-Length: 92
X-Tt-Logid: 20250102015507FD26CF069AC7B60144FB
x-tt-trace-host: 018e5a586174a888928d793bdac74b79b56517d7628cf0ffdff56b078ad2cf5615e85a13cf148f55c36e7a59aa7d2f5606bb926f0cf418ed9c5353e8da4fbd7c3cfbaf67b8edb8f807eba6d2ae195d41830a923309e80727cbe92624f80eb2a47d86109639d515a41e7d2af99706bc995a
x-tt-trace-id: 00-250102015507FD26CF069AC7B60144FB-4A28A7AD517A21D4-00
X-Origin-Response-Time: 38,23.52.15.204
X-Akamai-Request-ID: c359e18a.17f6b9bf
Expires: Thu, 02 Jan 2025 01:55:07 GMT
Cache-Control: max-age=0, no-cache, no-store
Pragma: no-cache
Date: Thu, 02 Jan 2025 01:55:07 GMT
X-Cache: TCP_MISS from a95-101-134-92.deploy.akamaitechnologies.com (AkamaiGHost/11.7.2.1-9611f29bef89eba7b18045b10aa2af98) (-)
Connection: close
X-Cache-Remote: TCP_MISS from a23-52-15-204.deploy.akamaitechnologies.com (AkamaiGHost/11.7.2.1-9611f29bef89eba7b18045b10aa2af98) (-)
x-tt-trace-tag: id=16;cdn-cache=miss;type=dyn
Server-Timing: cdn-cache; desc=MISS, edge; dur=83, origin; dur=38
Server-Timing: inner; dur=31
X-Parent-Response-Time: 121,95.101.134.92

{"code": 0, "message": "OK", "request_id": "20250102015507FD26CF069AC7B60144FB", "data": {}}
2025-01-02T01:55:08+00:00 DEBUG POST: https://business-api.tiktok.com/open_api/v1.3/event/track/

{"partner_name":"WooCommerce","event_source":"web","event_source_id":"CSM79Q3C77UAG1T340I0","data":[{"event":"Pageview","event_id":"6775f1fc39b32_tt4b_woocommerce_670666209cf1f","event_time":1735782908,"user":{"ip":"149.202.86.190","user_agent":"Mozilla\/5.0 (compatible; MJ12bot\/v1.4.8; http:\/\/mj12bot.com\/)","locale":"ar","external_id":"0","email":"e3b0c44298fc1c149afbf4c8996fb92427ae41e4649b934ca495991b7852b855","phone_number":"e3b0c44298fc1c149afbf4c8996fb92427ae41e4649b934ca495991b7852b855","first_name":"e3b0c44298fc1c149afbf4c8996fb92427ae41e4649b934ca495991b7852b855","last_name":"e3b0c44298fc1c149afbf4c8996fb92427ae41e4649b934ca495991b7852b855","zip_code":"e3b0c44298fc1c149afbf4c8996fb92427ae41e4649b934ca495991b7852b855"},"page":{"url":"http:\/\/ibn-sinaa.com\/product-tag\/%D8%B7%D8%A8%D8%A7%D8%B9%D9%87-%D8%A8%D9%88%D8%B3%D8%AA%D8%B1\/?add-to-cart=1194"}}]}
 ajax: no
2025-01-02T01:55:08+00:00 DEBUG Tt4b_Mapi_Class::mapi_post: Response: 

HTTP/1.1 200 OK
Server: nginx
Content-Type: application/json
Content-Length: 92
X-Tt-Logid: 202501020155081E6BC865ED125950EF01
x-tt-trace-host: 018e5a586174a888928d793bdac74b79b519a86797e72c2eba011e03e23beee17d2858101f4c78e63ed16d8af42456a000515ea156da070a6971bcf2397928f1222d16c49ad779959e029a25652d2b78610f5f783a616c48e0e5604132d8568b070417fc9cf98048823fad036234165c7a
x-tt-trace-id: 00-2501020155081E6BC865ED125950EF01-69E232AC595DBD72-00
X-Origin-Response-Time: 28,23.32.17.18
X-Akamai-Request-ID: 62f129d.f494d8b
Expires: Thu, 02 Jan 2025 01:55:08 GMT
Cache-Control: max-age=0, no-cache, no-store
Pragma: no-cache
Date: Thu, 02 Jan 2025 01:55:08 GMT
X-Cache: TCP_MISS from a95-101-134-116.deploy.akamaitechnologies.com (AkamaiGHost/11.7.2.1-9611f29bef89eba7b18045b10aa2af98) (-)
Connection: close
X-Cache-Remote: TCP_MISS from a23-32-17-18.deploy.akamaitechnologies.com (AkamaiGHost/11.7.2.1-9611f29bef89eba7b18045b10aa2af98) (-)
x-tt-trace-tag: id=16;cdn-cache=miss;type=dyn
Server-Timing: cdn-cache; desc=MISS, edge; dur=86, origin; dur=27
Server-Timing: inner; dur=29
X-Parent-Response-Time: 113,95.101.134.116

{"code": 0, "message": "OK", "request_id": "202501020155081E6BC865ED125950EF01", "data": {}}
2025-01-02T01:55:13+00:00 DEBUG Tt4b_Pixel_Class::inject_add_to_cart_event: hit AddToCart
2025-01-02T01:55:13+00:00 DEBUG POST: https://business-api.tiktok.com/open_api/v1.3/event/track/

{"partner_name":"WooCommerce","event_source":"web","event_source_id":"CSM79Q3C77UAG1T340I0","data":[{"event":"AddToCart","event_id":"6775f201ba28e_tt4b_woocommerce_670666209cf1f_SKU_197","event_time":1735782913,"user":{"ip":"149.202.86.190","user_agent":"Mozilla\/5.0 (compatible; MJ12bot\/v1.4.8; http:\/\/mj12bot.com\/)","locale":"ar","external_id":"0","email":"e3b0c44298fc1c149afbf4c8996fb92427ae41e4649b934ca495991b7852b855","phone_number":"e3b0c44298fc1c149afbf4c8996fb92427ae41e4649b934ca495991b7852b855","first_name":"e3b0c44298fc1c149afbf4c8996fb92427ae41e4649b934ca495991b7852b855","last_name":"e3b0c44298fc1c149afbf4c8996fb92427ae41e4649b934ca495991b7852b855","zip_code":"e3b0c44298fc1c149afbf4c8996fb92427ae41e4649b934ca495991b7852b855"},"properties":{"contents":[{"price":0,"quantity":1,"content_id":"SKU_197","content_name":"\u0637\u0628\u0627\u0639\u0629 \u0628\u0631\u0634\u0648\u0631 \u0641\u0644\u0627\u064a\u0631 A5","description":"\u0641\u0644\u0627\u064a\u0631 \u0645\u0642\u0627\u0633 A5 \u0637\u0628\u0627\u0639\u0629 \u0631\u0642\u0645\u064a\u0629 \u0639\u0644\u0649 \u0648\u0631\u0642 \u0643\u0648\u0634\u064a\u0647.\r\n\u0645\u062f\u0629 \u0627\u0644\u062a\u0646\u0641\u064a\u0630 \u0627\u0644\u0645\u062a\u0648\u0642\u0639\u0629: 1 \u2013 3 \u0623\u064a\u0627\u0645 \u0639\u0645\u0644 \u0628\u0639\u062f \u062a\u0623\u0643\u064a\u062f \u0627\u0644\u0637\u0644\u0628 \u0648\u0627\u0644\u062a\u0635\u0645\u064a\u0645 \u0648\u062d\u0633\u0628 \u0627\u0644\u0643\u0645\u064a\u0629 (\u062a\u0632\u064a\u062f \u0627\u0644\u0645\u062f\u0629 \u0639\u0646\u062f \u0637\u0644\u0628 \u0627\u0644\u0634\u062d\u0646).","availability":"IN_STOCK","sale_price":0,"on_sale":false}],"content_type":"product","currency":"SAR","value":0,"event_trigger_source":"WooCommerce"},"page":{"url":"http:\/\/ibn-sinaa.com\/product-tag\/%D8%B7%D8%A8%D8%A7%D8%B9%D9%87-%D8%A8%D9%88%D8%B3%D8%AA%D8%B1\/?add-to-cart=197"}}]}
 ajax: no
2025-01-02T01:55:13+00:00 DEBUG Tt4b_Mapi_Class::mapi_post: Response: 

HTTP/1.1 200 OK
Server: nginx
Content-Type: application/json
Content-Length: 92
X-Tt-Logid: 20250102015513EEAF176BF9004A717E5A
x-tt-trace-host: 018e5a586174a888928d793bdac74b79b56517d7628cf0ffdff56b078ad2cf5615228df5dabe0f82ab0991701b375c7ebecdbe2534ce48c9efcba43034963a878470adcb558291175578f7d244e938bad2921b4245efd71c1a093ac872a3efefcd883cd994cd5794f615d41ac733e11308
x-tt-trace-id: 00-250102015513EEAF176BF9004A717E5A-3B6A0F5A538306A1-00
X-Origin-Response-Time: 26,23.55.100.229
X-Akamai-Request-ID: 293ef5cb.17f6daa9
Expires: Thu, 02 Jan 2025 01:55:13 GMT
Cache-Control: max-age=0, no-cache, no-store
Pragma: no-cache
Date: Thu, 02 Jan 2025 01:55:13 GMT
X-Cache: TCP_MISS from a95-101-134-92.deploy.akamaitechnologies.com (AkamaiGHost/11.7.2.1-9611f29bef89eba7b18045b10aa2af98) (-)
Connection: close
X-Cache-Remote: TCP_MISS from a23-55-100-229.deploy.akamaitechnologies.com (AkamaiGHost/11.7.2.1-9611f29bef89eba7b18045b10aa2af98) (-)
x-tt-trace-tag: id=16;cdn-cache=miss;type=dyn
Server-Timing: cdn-cache; desc=MISS, edge; dur=85, origin; dur=26
Server-Timing: inner; dur=23
X-Parent-Response-Time: 110,95.101.134.92

{"code": 0, "message": "OK", "request_id": "20250102015513EEAF176BF9004A717E5A", "data": {}}
2025-01-02T01:55:14+00:00 DEBUG POST: https://business-api.tiktok.com/open_api/v1.3/event/track/

{"partner_name":"WooCommerce","event_source":"web","event_source_id":"CSM79Q3C77UAG1T340I0","data":[{"event":"Pageview","event_id":"6775f2021a07f_tt4b_woocommerce_670666209cf1f","event_time":1735782914,"user":{"ip":"149.202.86.190","user_agent":"Mozilla\/5.0 (compatible; MJ12bot\/v1.4.8; http:\/\/mj12bot.com\/)","locale":"ar","external_id":"0","email":"e3b0c44298fc1c149afbf4c8996fb92427ae41e4649b934ca495991b7852b855","phone_number":"e3b0c44298fc1c149afbf4c8996fb92427ae41e4649b934ca495991b7852b855","first_name":"e3b0c44298fc1c149afbf4c8996fb92427ae41e4649b934ca495991b7852b855","last_name":"e3b0c44298fc1c149afbf4c8996fb92427ae41e4649b934ca495991b7852b855","zip_code":"e3b0c44298fc1c149afbf4c8996fb92427ae41e4649b934ca495991b7852b855"},"page":{"url":"http:\/\/ibn-sinaa.com\/product-tag\/%D8%B7%D8%A8%D8%A7%D8%B9%D9%87-%D8%A8%D9%88%D8%B3%D8%AA%D8%B1\/?add-to-cart=197"}}]}
 ajax: no
2025-01-02T01:55:14+00:00 DEBUG Tt4b_Mapi_Class::mapi_post: Response: 

HTTP/1.1 200 OK
Server: nginx
Content-Type: application/json
Content-Length: 92
X-Tt-Logid: 20250102015514A663C0D4E41B940776C9
x-tt-trace-host: 018e5a586174a888928d793bdac74b79b519a86797e72c2eba011e03e23beee17d93bd5edbe842484aff6820b77567bffbe3f25ccfcb9dc963bf033ce198e06ed203a0c738340d939ed8e83097b32950413938efc04f267ccbd7828e0ffa9acf18bb60e61b6f55905b96ee914402df4817
x-tt-trace-id: 00-250102015514A663C0D4E41B940776C9-6223839E7E617FA6-00
X-Origin-Response-Time: 27,23.32.17.10
X-Akamai-Request-ID: 425423b.f49631e
Expires: Thu, 02 Jan 2025 01:55:14 GMT
Cache-Control: max-age=0, no-cache, no-store
Pragma: no-cache
Date: Thu, 02 Jan 2025 01:55:14 GMT
X-Cache: TCP_MISS from a95-101-134-116.deploy.akamaitechnologies.com (AkamaiGHost/11.7.2.1-9611f29bef89eba7b18045b10aa2af98) (-)
Connection: close
X-Cache-Remote: TCP_MISS from a23-32-17-10.deploy.akamaitechnologies.com (AkamaiGHost/11.7.2.1-9611f29bef89eba7b18045b10aa2af98) (-)
x-tt-trace-tag: id=16;cdn-cache=miss;type=dyn
Server-Timing: cdn-cache; desc=MISS, edge; dur=81, origin; dur=27
Server-Timing: inner; dur=24
X-Parent-Response-Time: 108,95.101.134.116

{"code": 0, "message": "OK", "request_id": "20250102015514A663C0D4E41B940776C9", "data": {}}
2025-01-02T01:55:18+00:00 DEBUG Tt4b_Pixel_Class::inject_add_to_cart_event: hit AddToCart
2025-01-02T01:55:18+00:00 DEBUG POST: https://business-api.tiktok.com/open_api/v1.3/event/track/

{"partner_name":"WooCommerce","event_source":"web","event_source_id":"CSM79Q3C77UAG1T340I0","data":[{"event":"AddToCart","event_id":"6775f206b15c0_tt4b_woocommerce_670666209cf1f_SKU_198","event_time":1735782918,"user":{"ip":"149.202.86.190","user_agent":"Mozilla\/5.0 (compatible; MJ12bot\/v1.4.8; http:\/\/mj12bot.com\/)","locale":"ar","external_id":"0","email":"e3b0c44298fc1c149afbf4c8996fb92427ae41e4649b934ca495991b7852b855","phone_number":"e3b0c44298fc1c149afbf4c8996fb92427ae41e4649b934ca495991b7852b855","first_name":"e3b0c44298fc1c149afbf4c8996fb92427ae41e4649b934ca495991b7852b855","last_name":"e3b0c44298fc1c149afbf4c8996fb92427ae41e4649b934ca495991b7852b855","zip_code":"e3b0c44298fc1c149afbf4c8996fb92427ae41e4649b934ca495991b7852b855"},"properties":{"contents":[{"price":0,"quantity":1,"content_id":"SKU_198","content_name":"\u0637\u0628\u0627\u0639\u0629 \u0628\u0631\u0634\u0648\u0631 \u0641\u0644\u0627\u064a\u0631 A4","description":"<ul>\r\n \t<li>\u0641\u0644\u0627\u064a\u0631 \u0645\u0642\u0627\u0633 A4 \u0637\u0628\u0627\u0639\u0629 \u0639\u0644\u0649 \u0648\u0631\u0642 \u0643\u0648\u0634\u064a\u0647 150 \u062c\u0631\u0627\u0645 \u0628\u062c\u0648\u062f\u0629 \u0639\u0627\u0644\u064a\u0629.<\/li>\r\n \t<li>\u0645\u062f\u0629 \u0627\u0644\u062a\u0646\u0641\u064a\u0630 \u0627\u0644\u0645\u062a\u0648\u0642\u0639\u0629: 1 \u2013 3 \u0623\u064a\u0627\u0645 \u0639\u0645\u0644 \u0628\u0639\u062f \u062a\u0623\u0643\u064a\u062f \u0627\u0644\u0637\u0644\u0628 \u0648\u0627\u0644\u062a\u0635\u0645\u064a\u0645 \u0648\u062d\u0633\u0628 \u0627\u0644\u0643\u0645\u064a\u0629 (\u062a\u0632\u064a\u062f \u0627\u0644\u0645\u062f\u0629 \u0639\u0646\u062f \u0637\u0644\u0628 \u0627\u0644\u0634\u062d\u0646).<\/li>\r\n<\/ul>","availability":"IN_STOCK","sale_price":0,"on_sale":false}],"content_type":"product","currency":"SAR","value":0,"event_trigger_source":"WooCommerce"},"page":{"url":"http:\/\/ibn-sinaa.com\/product-tag\/%D8%B7%D8%A8%D8%A7%D8%B9%D9%87-%D8%A8%D9%88%D8%B3%D8%AA%D8%B1\/?add-to-cart=198"}}]}
 ajax: no
2025-01-02T01:55:18+00:00 DEBUG Tt4b_Mapi_Class::mapi_post: Response: 

HTTP/1.1 200 OK
Server: nginx
Content-Type: application/json
Content-Length: 92
X-Tt-Logid: 20250102015518A72CC981A55EEEF6BA54
x-tt-trace-host: 018e5a586174a888928d793bdac74b79b519a86797e72c2eba011e03e23beee17dec9e6ed9797fe11e20fe620a54ae977c696615be4ed1bec0250a69fbb623f00496e6828cac1a8c64f84606f54f7a3d93090419518be3198f296517c6481950b2996205c7983a894aec090e1de9797890
x-tt-trace-id: 00-250102015518A72CC981A55EEEF6BA54-76FB97C836916CB3-00
X-Origin-Response-Time: 43,23.55.100.229
X-Akamai-Request-ID: 2940000f.f49745c
Expires: Thu, 02 Jan 2025 01:55:18 GMT
Cache-Control: max-age=0, no-cache, no-store
Pragma: no-cache
Date: Thu, 02 Jan 2025 01:55:18 GMT
X-Cache: TCP_MISS from a95-101-134-116.deploy.akamaitechnologies.com (AkamaiGHost/11.7.2.1-9611f29bef89eba7b18045b10aa2af98) (-)
Connection: close
X-Cache-Remote: TCP_MISS from a23-55-100-229.deploy.akamaitechnologies.com (AkamaiGHost/11.7.2.1-9611f29bef89eba7b18045b10aa2af98) (-)
x-tt-trace-tag: id=16;cdn-cache=miss;type=dyn
Server-Timing: cdn-cache; desc=MISS, edge; dur=81, origin; dur=42
Server-Timing: inner; dur=38
X-Parent-Response-Time: 122,95.101.134.116

{"code": 0, "message": "OK", "request_id": "20250102015518A72CC981A55EEEF6BA54", "data": {}}
2025-01-02T01:55:19+00:00 DEBUG POST: https://business-api.tiktok.com/open_api/v1.3/event/track/

{"partner_name":"WooCommerce","event_source":"web","event_source_id":"CSM79Q3C77UAG1T340I0","data":[{"event":"Pageview","event_id":"6775f2071a08f_tt4b_woocommerce_670666209cf1f","event_time":1735782919,"user":{"ip":"149.202.86.190","user_agent":"Mozilla\/5.0 (compatible; MJ12bot\/v1.4.8; http:\/\/mj12bot.com\/)","locale":"ar","external_id":"0","email":"e3b0c44298fc1c149afbf4c8996fb92427ae41e4649b934ca495991b7852b855","phone_number":"e3b0c44298fc1c149afbf4c8996fb92427ae41e4649b934ca495991b7852b855","first_name":"e3b0c44298fc1c149afbf4c8996fb92427ae41e4649b934ca495991b7852b855","last_name":"e3b0c44298fc1c149afbf4c8996fb92427ae41e4649b934ca495991b7852b855","zip_code":"e3b0c44298fc1c149afbf4c8996fb92427ae41e4649b934ca495991b7852b855"},"page":{"url":"http:\/\/ibn-sinaa.com\/product-tag\/%D8%B7%D8%A8%D8%A7%D8%B9%D9%87-%D8%A8%D9%88%D8%B3%D8%AA%D8%B1\/?add-to-cart=198"}}]}
 ajax: no
2025-01-02T01:55:19+00:00 DEBUG Tt4b_Mapi_Class::mapi_post: Response: 

HTTP/1.1 200 OK
Server: nginx
Content-Type: application/json
Content-Length: 92
X-Tt-Logid: 20250102015519332574A6B170A1268300
x-tt-trace-host: 018e5a586174a888928d793bdac74b79b56517d7628cf0ffdff56b078ad2cf56158844d2513e244b767d9ca5ae92ac78e11c7c50e5f7c76eafb8d3ce94169e1bdb6847a08bdcd2522a458ac65bd4caf7789575e80891d993f6829673039d17b9f256fb5c8ae3d4684810602805b4fef825
x-tt-trace-id: 00-250102015519332574A6B170A1268300-3B60C39048DF68F4-00
X-Origin-Response-Time: 30,23.32.17.10
X-Akamai-Request-ID: 4257261.17f6f88a
Expires: Thu, 02 Jan 2025 01:55:19 GMT
Cache-Control: max-age=0, no-cache, no-store
Pragma: no-cache
Date: Thu, 02 Jan 2025 01:55:19 GMT
X-Cache: TCP_MISS from a95-101-134-92.deploy.akamaitechnologies.com (AkamaiGHost/11.7.2.1-9611f29bef89eba7b18045b10aa2af98) (-)
Connection: close
X-Cache-Remote: TCP_MISS from a23-32-17-10.deploy.akamaitechnologies.com (AkamaiGHost/11.7.2.1-9611f29bef89eba7b18045b10aa2af98) (-)
x-tt-trace-tag: id=16;cdn-cache=miss;type=dyn
Server-Timing: cdn-cache; desc=MISS, edge; dur=85, origin; dur=30
Server-Timing: inner; dur=26
X-Parent-Response-Time: 115,95.101.134.92

{"code": 0, "message": "OK", "request_id": "20250102015519332574A6B170A1268300", "data": {}}
2025-01-02T01:55:24+00:00 DEBUG Tt4b_Pixel_Class::inject_add_to_cart_event: hit AddToCart
2025-01-02T01:55:24+00:00 DEBUG POST: https://business-api.tiktok.com/open_api/v1.3/event/track/

{"partner_name":"WooCommerce","event_source":"web","event_source_id":"CSM79Q3C77UAG1T340I0","data":[{"event":"AddToCart","event_id":"6775f20c66b68_tt4b_woocommerce_670666209cf1f_SKU_203","event_time":1735782924,"user":{"ip":"149.202.86.190","user_agent":"Mozilla\/5.0 (compatible; MJ12bot\/v1.4.8; http:\/\/mj12bot.com\/)","locale":"ar","external_id":"0","email":"e3b0c44298fc1c149afbf4c8996fb92427ae41e4649b934ca495991b7852b855","phone_number":"e3b0c44298fc1c149afbf4c8996fb92427ae41e4649b934ca495991b7852b855","first_name":"e3b0c44298fc1c149afbf4c8996fb92427ae41e4649b934ca495991b7852b855","last_name":"e3b0c44298fc1c149afbf4c8996fb92427ae41e4649b934ca495991b7852b855","zip_code":"e3b0c44298fc1c149afbf4c8996fb92427ae41e4649b934ca495991b7852b855"},"properties":{"contents":[{"price":330,"quantity":1,"content_id":"SKU_203","content_name":"\u0637\u0628\u0627\u0639\u0629 \u0643\u0631\u0648\u062a \u0628\u0635\u0645\u0629","description":"\u0643\u0631\u0648\u062a \u0634\u062e\u0635\u064a\u0629 \u0645\u0639 \u0625\u0636\u0627\u0641\u0629 \u062a\u0623\u062b\u064a\u0631 \u0627\u0644\u0628\u0635\u0645\u0629.\r\n\u062a\u0646\u0641\u064a\u0630 \u0627\u0644\u0637\u0628\u0627\u0639\u0629 \u0639\u0644\u0649 \u0627\u0644\u0648\u062c\u0647\u064a\u0646 \u0648\u0631\u0642 \u0643\u0648\u0634\u064a\u0647 350 \u062c\u0631\u0627\u0645 \u0645\u0639 \u0637\u0628\u0642\u0629 \u0633\u0644\u0648\u0641\u0627\u0646 \u0648\u0642\u0635 \u062f\u0627\u0626\u0631\u064a \u0644\u0644\u0632\u0648\u0627\u064a\u0627.\r\n\u0645\u062f\u0629 \u0627\u0644\u062a\u0646\u0641\u064a\u0630 \u0627\u0644\u0645\u062a\u0648\u0642\u0639\u0629: \u0645\u0646 5 \u0625\u0644\u0649 7 \u0623\u064a\u0627\u0645 \u0639\u0645\u0644 \u0628\u0639\u062f \u0627\u0639\u062a\u0645\u0627\u062f \u0627\u0644\u062a\u0635\u0645\u064a\u0645 \u0648\u0627\u0644\u0637\u0644\u0628 \u062d\u0633\u0628 \u0627\u0644\u0643\u0645\u064a\u0629 (\u062a\u0632\u064a\u062f \u0627\u0644\u0645\u062f\u0629 \u0639\u0646\u062f \u0637\u0644\u0628 \u0627\u0644\u0634\u062d\u0646).","availability":"IN_STOCK","sale_price":330,"on_sale":false}],"content_type":"product","currency":"SAR","value":330,"event_trigger_source":"WooCommerce"},"page":{"url":"http:\/\/ibn-sinaa.com\/product-tag\/%D8%B7%D8%A8%D8%A7%D8%B9%D9%87-%D8%A8%D9%88%D8%B3%D8%AA%D8%B1\/?add-to-cart=203"}}]}
 ajax: no
2025-01-02T01:55:24+00:00 DEBUG Tt4b_Mapi_Class::mapi_post: Response: 

HTTP/1.1 200 OK
Server: nginx
Content-Type: application/json
Content-Length: 92
X-Tt-Logid: 202501020155243674FE5B88BA30E2B6C7
x-tt-trace-host: 018e5a586174a888928d793bdac74b79b519a86797e72c2eba011e03e23beee17d7433cef50818027407e33b33fbed355d46ac1e1474aef97f00366c1ad82e7671c6bbfad833fe326248d96d07343333b92e8857dc52072d343ca488d6f59c33a8b8a01d64214a9f6798f1486e12a04919
x-tt-trace-id: 00-2501020155243674FE5B88BA30E2B6C7-4E5B24A05253C7B2-00
X-Origin-Response-Time: 54,23.55.100.232
X-Akamai-Request-ID: 6e96d8c1.f498af8
Expires: Thu, 02 Jan 2025 01:55:24 GMT
Cache-Control: max-age=0, no-cache, no-store
Pragma: no-cache
Date: Thu, 02 Jan 2025 01:55:24 GMT
X-Cache: TCP_MISS from a95-101-134-116.deploy.akamaitechnologies.com (AkamaiGHost/11.7.2.1-9611f29bef89eba7b18045b10aa2af98) (-)
Connection: close
X-Cache-Remote: TCP_MISS from a23-55-100-232.deploy.akamaitechnologies.com (AkamaiGHost/11.7.2.1-9611f29bef89eba7b18045b10aa2af98) (-)
x-tt-trace-tag: id=16;cdn-cache=miss;type=dyn
Server-Timing: cdn-cache; desc=MISS, edge; dur=116, origin; dur=53
Server-Timing: inner; dur=22
X-Parent-Response-Time: 169,95.101.134.116

{"code": 0, "message": "OK", "request_id": "202501020155243674FE5B88BA30E2B6C7", "data": {}}
2025-01-02T01:55:24+00:00 DEBUG POST: https://business-api.tiktok.com/open_api/v1.3/event/track/

{"partner_name":"WooCommerce","event_source":"web","event_source_id":"CSM79Q3C77UAG1T340I0","data":[{"event":"Pageview","event_id":"6775f20ccae9a_tt4b_woocommerce_670666209cf1f","event_time":1735782924,"user":{"ip":"149.202.86.190","user_agent":"Mozilla\/5.0 (compatible; MJ12bot\/v1.4.8; http:\/\/mj12bot.com\/)","locale":"ar","external_id":"0","email":"e3b0c44298fc1c149afbf4c8996fb92427ae41e4649b934ca495991b7852b855","phone_number":"e3b0c44298fc1c149afbf4c8996fb92427ae41e4649b934ca495991b7852b855","first_name":"e3b0c44298fc1c149afbf4c8996fb92427ae41e4649b934ca495991b7852b855","last_name":"e3b0c44298fc1c149afbf4c8996fb92427ae41e4649b934ca495991b7852b855","zip_code":"e3b0c44298fc1c149afbf4c8996fb92427ae41e4649b934ca495991b7852b855"},"page":{"url":"http:\/\/ibn-sinaa.com\/product-tag\/%D8%B7%D8%A8%D8%A7%D8%B9%D9%87-%D8%A8%D9%88%D8%B3%D8%AA%D8%B1\/?add-to-cart=203"}}]}
 ajax: no
2025-01-02T01:55:24+00:00 DEBUG Tt4b_Mapi_Class::mapi_post: Response: 

HTTP/1.1 200 OK
Server: nginx
Content-Type: application/json
Content-Length: 92
X-Tt-Logid: 20250102015524E6072D8CC463C0A17F24
x-tt-trace-host: 018e5a586174a888928d793bdac74b79b519a86797e72c2eba011e03e23beee17de470fe5d3f7bf3b343e6e3a33bd0015b24676c620e26f67946ddbc447185d95b60ddd5eb7fb6dac36929e1ddc3d18150d5c6b3b291faf212794c2314c010814174db11f121e8d5e09712a8245336507a
x-tt-trace-id: 00-250102015524E6072D8CC463C0A17F24-78FC2692711AFF28-00
X-Origin-Response-Time: 30,23.32.17.15
X-Akamai-Request-ID: 113eaaff.f498c77
Expires: Thu, 02 Jan 2025 01:55:24 GMT
Cache-Control: max-age=0, no-cache, no-store
Pragma: no-cache
Date: Thu, 02 Jan 2025 01:55:24 GMT
X-Cache: TCP_MISS from a95-101-134-116.deploy.akamaitechnologies.com (AkamaiGHost/11.7.2.1-9611f29bef89eba7b18045b10aa2af98) (-)
Connection: close
X-Cache-Remote: TCP_MISS from a23-32-17-15.deploy.akamaitechnologies.com (AkamaiGHost/11.7.2.1-9611f29bef89eba7b18045b10aa2af98) (-)
x-tt-trace-tag: id=16;cdn-cache=miss;type=dyn
Server-Timing: cdn-cache; desc=MISS, edge; dur=82, origin; dur=30
Server-Timing: inner; dur=26
X-Parent-Response-Time: 112,95.101.134.116

{"code": 0, "message": "OK", "request_id": "20250102015524E6072D8CC463C0A17F24", "data": {}}
2025-01-02T01:55:29+00:00 DEBUG Tt4b_Pixel_Class::inject_add_to_cart_event: hit AddToCart
2025-01-02T01:55:29+00:00 DEBUG POST: https://business-api.tiktok.com/open_api/v1.3/event/track/

{"partner_name":"WooCommerce","event_source":"web","event_source_id":"CSM79Q3C77UAG1T340I0","data":[{"event":"AddToCart","event_id":"6775f211edd3a_tt4b_woocommerce_670666209cf1f_SKU_198","event_time":1735782929,"user":{"ip":"149.202.86.190","user_agent":"Mozilla\/5.0 (compatible; MJ12bot\/v1.4.8; http:\/\/mj12bot.com\/)","locale":"ar","external_id":"0","email":"e3b0c44298fc1c149afbf4c8996fb92427ae41e4649b934ca495991b7852b855","phone_number":"e3b0c44298fc1c149afbf4c8996fb92427ae41e4649b934ca495991b7852b855","first_name":"e3b0c44298fc1c149afbf4c8996fb92427ae41e4649b934ca495991b7852b855","last_name":"e3b0c44298fc1c149afbf4c8996fb92427ae41e4649b934ca495991b7852b855","zip_code":"e3b0c44298fc1c149afbf4c8996fb92427ae41e4649b934ca495991b7852b855"},"properties":{"contents":[{"price":0,"quantity":1,"content_id":"SKU_198","content_name":"\u0637\u0628\u0627\u0639\u0629 \u0628\u0631\u0634\u0648\u0631 \u0641\u0644\u0627\u064a\u0631 A4","description":"<ul>\r\n \t<li>\u0641\u0644\u0627\u064a\u0631 \u0645\u0642\u0627\u0633 A4 \u0637\u0628\u0627\u0639\u0629 \u0639\u0644\u0649 \u0648\u0631\u0642 \u0643\u0648\u0634\u064a\u0647 150 \u062c\u0631\u0627\u0645 \u0628\u062c\u0648\u062f\u0629 \u0639\u0627\u0644\u064a\u0629.<\/li>\r\n \t<li>\u0645\u062f\u0629 \u0627\u0644\u062a\u0646\u0641\u064a\u0630 \u0627\u0644\u0645\u062a\u0648\u0642\u0639\u0629: 1 \u2013 3 \u0623\u064a\u0627\u0645 \u0639\u0645\u0644 \u0628\u0639\u062f \u062a\u0623\u0643\u064a\u062f \u0627\u0644\u0637\u0644\u0628 \u0648\u0627\u0644\u062a\u0635\u0645\u064a\u0645 \u0648\u062d\u0633\u0628 \u0627\u0644\u0643\u0645\u064a\u0629 (\u062a\u0632\u064a\u062f \u0627\u0644\u0645\u062f\u0629 \u0639\u0646\u062f \u0637\u0644\u0628 \u0627\u0644\u0634\u062d\u0646).<\/li>\r\n<\/ul>","availability":"IN_STOCK","sale_price":0,"on_sale":false}],"content_type":"product","currency":"SAR","value":0,"event_trigger_source":"WooCommerce"},"page":{"url":"http:\/\/ibn-sinaa.com\/product-tag\/%D9%81%D9%88%D9%84%D8%AF%D8%B1%D8%A7%D8%AA\/?add-to-cart=198"}}]}
 ajax: no
2025-01-02T01:55:30+00:00 DEBUG Tt4b_Mapi_Class::mapi_post: Response: 

HTTP/1.1 200 OK
Server: nginx
Content-Type: application/json
Content-Length: 92
X-Tt-Logid: 20250102015530C521CE3B97A3DE5B3379
x-tt-trace-host: 018e5a586174a888928d793bdac74b79b56517d7628cf0ffdff56b078ad2cf561549fef2e08b26796574d414ae9df4b1e0a5b57c9417932ca42414ba26b41202f19aec0665c4b6d6df25e6d4d01fd95365d43bf5f607aae179e45a18b7cd192158958388f8dfb7b34a27fbfbcb9f291241
x-tt-trace-id: 00-250102015530C521CE3B97A3DE5B3379-7285393A1B0DD177-00
X-Origin-Response-Time: 61,23.52.15.209
X-Akamai-Request-ID: 749b3bea.17f73696
Expires: Thu, 02 Jan 2025 01:55:30 GMT
Cache-Control: max-age=0, no-cache, no-store
Pragma: no-cache
Date: Thu, 02 Jan 2025 01:55:30 GMT
X-Cache: TCP_MISS from a95-101-134-92.deploy.akamaitechnologies.com (AkamaiGHost/11.7.2.1-9611f29bef89eba7b18045b10aa2af98) (-)
Connection: close
X-Cache-Remote: TCP_MISS from a23-52-15-209.deploy.akamaitechnologies.com (AkamaiGHost/11.7.2.1-9611f29bef89eba7b18045b10aa2af98) (-)
x-tt-trace-tag: id=16;cdn-cache=miss;type=dyn
Server-Timing: cdn-cache; desc=MISS, edge; dur=124, origin; dur=61
Server-Timing: inner; dur=41
X-Parent-Response-Time: 185,95.101.134.92

{"code": 0, "message": "OK", "request_id": "20250102015530C521CE3B97A3DE5B3379", "data": {}}
2025-01-02T01:55:30+00:00 DEBUG POST: https://business-api.tiktok.com/open_api/v1.3/event/track/

{"partner_name":"WooCommerce","event_source":"web","event_source_id":"CSM79Q3C77UAG1T340I0","data":[{"event":"Pageview","event_id":"6775f2125e56a_tt4b_woocommerce_670666209cf1f","event_time":1735782930,"user":{"ip":"149.202.86.190","user_agent":"Mozilla\/5.0 (compatible; MJ12bot\/v1.4.8; http:\/\/mj12bot.com\/)","locale":"ar","external_id":"0","email":"e3b0c44298fc1c149afbf4c8996fb92427ae41e4649b934ca495991b7852b855","phone_number":"e3b0c44298fc1c149afbf4c8996fb92427ae41e4649b934ca495991b7852b855","first_name":"e3b0c44298fc1c149afbf4c8996fb92427ae41e4649b934ca495991b7852b855","last_name":"e3b0c44298fc1c149afbf4c8996fb92427ae41e4649b934ca495991b7852b855","zip_code":"e3b0c44298fc1c149afbf4c8996fb92427ae41e4649b934ca495991b7852b855"},"page":{"url":"http:\/\/ibn-sinaa.com\/product-tag\/%D9%81%D9%88%D9%84%D8%AF%D8%B1%D8%A7%D8%AA\/?add-to-cart=198"}}]}
 ajax: no
2025-01-02T01:55:30+00:00 DEBUG Tt4b_Mapi_Class::mapi_post: Response: 

HTTP/1.1 200 OK
Server: nginx
Content-Type: application/json
Content-Length: 92
X-Tt-Logid: 20250102015530C70075874CD3B7598611
x-tt-trace-host: 018e5a586174a888928d793bdac74b79b519a86797e72c2eba011e03e23beee17d7433cef50818027407e33b33fbed355dca0223b682b686d75fabb9f60446f77b584597c3539fb07b66d9a7fc48918063e13701684a9c81212d515eee10ce6e1b1a09c55ea86da78ed2e1ca9df18d7f1b
x-tt-trace-id: 00-250102015530C70075874CD3B7598611-28785FC80F3C0C44-00
X-Origin-Response-Time: 101,23.55.100.232
X-Akamai-Request-ID: 6e9b8ef0.f49a207
Expires: Thu, 02 Jan 2025 01:55:30 GMT
Cache-Control: max-age=0, no-cache, no-store
Pragma: no-cache
Date: Thu, 02 Jan 2025 01:55:30 GMT
X-Cache: TCP_MISS from a95-101-134-116.deploy.akamaitechnologies.com (AkamaiGHost/11.7.2.1-9611f29bef89eba7b18045b10aa2af98) (-)
Connection: close
X-Cache-Remote: TCP_MISS from a23-55-100-232.deploy.akamaitechnologies.com (AkamaiGHost/11.7.2.1-9611f29bef89eba7b18045b10aa2af98) (-)
x-tt-trace-tag: id=16;cdn-cache=miss;type=dyn
Server-Timing: cdn-cache; desc=MISS, edge; dur=355, origin; dur=101
Server-Timing: inner; dur=31
X-Parent-Response-Time: 456,95.101.134.116

{"code": 0, "message": "OK", "request_id": "20250102015530C70075874CD3B7598611", "data": {}}
2025-01-02T01:55:35+00:00 DEBUG Tt4b_Pixel_Class::inject_add_to_cart_event: hit AddToCart
2025-01-02T01:55:35+00:00 DEBUG POST: https://business-api.tiktok.com/open_api/v1.3/event/track/

{"partner_name":"WooCommerce","event_source":"web","event_source_id":"CSM79Q3C77UAG1T340I0","data":[{"event":"AddToCart","event_id":"6775f217c427f_tt4b_woocommerce_670666209cf1f_SKU_1192","event_time":1735782935,"user":{"ip":"149.202.86.190","user_agent":"Mozilla\/5.0 (compatible; MJ12bot\/v1.4.8; http:\/\/mj12bot.com\/)","locale":"ar","external_id":"0","email":"e3b0c44298fc1c149afbf4c8996fb92427ae41e4649b934ca495991b7852b855","phone_number":"e3b0c44298fc1c149afbf4c8996fb92427ae41e4649b934ca495991b7852b855","first_name":"e3b0c44298fc1c149afbf4c8996fb92427ae41e4649b934ca495991b7852b855","last_name":"e3b0c44298fc1c149afbf4c8996fb92427ae41e4649b934ca495991b7852b855","zip_code":"e3b0c44298fc1c149afbf4c8996fb92427ae41e4649b934ca495991b7852b855"},"properties":{"contents":[{"price":55,"quantity":1,"content_id":"SKU_1192","content_name":"\u0637\u0628\u0627\u0639\u0629 \u0643\u0631\u0648\u062a \u0628\u0631\u064a\u0633\u062a\u0648\u0644","description":"<ul>\r\n \t<li>\u0637\u0628\u0627\u0639\u0629 \u0643\u0631\u0648\u062a \u0639\u0644\u0649 \u0648\u0631\u0642 \u0628\u0631\u064a\u0633\u062a\u0648\u0644 300 \u062c\u0631\u0627\u0645.<\/li>\r\n \t<li>\u0645\u0646\u0627\u0633\u0628 \u0644\u0644\u0643\u062a\u0627\u0628\u0629 \u0623\u0648 \u0627\u0644\u062e\u062a\u0645 \u0639\u0644\u0649 \u0627\u0644\u0643\u0631\u062a \u0628\u0639\u062f \u0627\u0644\u0637\u0628\u0627\u0639\u0629.<\/li>\r\n \t<li>\u0645\u062f\u0629 \u0627\u0644\u062a\u0646\u0641\u064a\u0630 \u0627\u0644\u0645\u062a\u0648\u0642\u0639\u0629: 1 \u2013 3 \u0623\u064a\u0627\u0645 \u0639\u0645\u0644 \u0628\u0639\u062f \u062a\u0623\u0643\u064a\u062f \u0627\u0644\u0637\u0644\u0628 \u0648\u0627\u0644\u062a\u0635\u0645\u064a\u0645 \u0648\u062d\u0633\u0628 \u0627\u0644\u0643\u0645\u064a\u0629 (\u062a\u0632\u064a\u062f \u0627\u0644\u0645\u062f\u0629 \u0639\u0646\u062f \u0637\u0644\u0628 \u0627\u0644\u0634\u062d\u0646).<\/li>\r\n<\/ul>","availability":"IN_STOCK","sale_price":55,"on_sale":false}],"content_type":"product","currency":"SAR","value":55,"event_trigger_source":"WooCommerce"},"page":{"url":"http:\/\/ibn-sinaa.com\/product-tag\/%D9%83%D8%B1%D9%88%D8%AA-%D8%A8%D8%B5%D9%85%D9%87\/?add-to-cart=1192"}}]}
 ajax: no
2025-01-02T01:55:35+00:00 DEBUG Tt4b_Mapi_Class::mapi_post: Response: 

HTTP/1.1 200 OK
Server: nginx
Content-Type: application/json
Content-Length: 92
X-Tt-Logid: 20250102015535700E052D075F956FD61B
Server-Timing: inner; dur=27
x-tt-trace-host: 018e5a586174a888928d793bdac74b79b51a437ee89a1c03eb2011d034a2e3e9f5e605282d1e7f2061845146ea3a3495426dd24b4e193ab8db4148fcf837c10201d037f6ea88a746fe4ec54f0401ab0f3b45810ab56f6063bbb0bfe2dd46061bf4
x-tt-trace-id: 00-250102015535700E052D075F956FD61B-1F49D6910F0D7C1D-00
Expires: Thu, 02 Jan 2025 01:55:35 GMT
Cache-Control: max-age=0, no-cache, no-store
Pragma: no-cache
Date: Thu, 02 Jan 2025 01:55:35 GMT
X-Cache: TCP_MISS from a95-101-134-92.deploy.akamaitechnologies.com (AkamaiGHost/11.7.2.1-9611f29bef89eba7b18045b10aa2af98) (-)
Connection: close
x-tt-trace-tag: id=16;cdn-cache=miss;type=dyn
Server-Timing: cdn-cache; desc=MISS, edge; dur=1, origin; dur=109
X-Origin-Response-Time: 110,95.101.134.92
X-Akamai-Request-ID: 17f7567a

{"code": 0, "message": "OK", "request_id": "20250102015535700E052D075F956FD61B", "data": {}}
2025-01-02T01:55:36+00:00 DEBUG POST: https://business-api.tiktok.com/open_api/v1.3/event/track/

{"partner_name":"WooCommerce","event_source":"web","event_source_id":"CSM79Q3C77UAG1T340I0","data":[{"event":"Pageview","event_id":"6775f2182935e_tt4b_woocommerce_670666209cf1f","event_time":1735782936,"user":{"ip":"149.202.86.190","user_agent":"Mozilla\/5.0 (compatible; MJ12bot\/v1.4.8; http:\/\/mj12bot.com\/)","locale":"ar","external_id":"0","email":"e3b0c44298fc1c149afbf4c8996fb92427ae41e4649b934ca495991b7852b855","phone_number":"e3b0c44298fc1c149afbf4c8996fb92427ae41e4649b934ca495991b7852b855","first_name":"e3b0c44298fc1c149afbf4c8996fb92427ae41e4649b934ca495991b7852b855","last_name":"e3b0c44298fc1c149afbf4c8996fb92427ae41e4649b934ca495991b7852b855","zip_code":"e3b0c44298fc1c149afbf4c8996fb92427ae41e4649b934ca495991b7852b855"},"page":{"url":"http:\/\/ibn-sinaa.com\/product-tag\/%D9%83%D8%B1%D9%88%D8%AA-%D8%A8%D8%B5%D9%85%D9%87\/?add-to-cart=1192"}}]}
 ajax: no
2025-01-02T01:55:36+00:00 DEBUG Tt4b_Mapi_Class::mapi_post: Response: 

HTTP/1.1 200 OK
Server: nginx
Content-Type: application/json
Content-Length: 92
X-Tt-Logid: 2025010201553625E90231C5F7EF591A56
x-tt-trace-host: 018e5a586174a888928d793bdac74b79b519a86797e72c2eba011e03e23beee17d96a6d53e71e139e06ab1ca148b4e6d121c6b20866152fe30b6f7661a5dea4fa8d70a73b5a42b72f149a6a2a6bef6f8ac8458efb16c7c0f82f431b6d4103508348f84475fd6ef57fe26310fb1a97333f0
x-tt-trace-id: 00-25010201553625E90231C5F7EF591A56-32E6B25028044843-00
X-Origin-Response-Time: 52,23.52.15.209
X-Akamai-Request-ID: 749cb916.f49b95c
Expires: Thu, 02 Jan 2025 01:55:36 GMT
Cache-Control: max-age=0, no-cache, no-store
Pragma: no-cache
Date: Thu, 02 Jan 2025 01:55:36 GMT
X-Cache: TCP_MISS from a95-101-134-116.deploy.akamaitechnologies.com (AkamaiGHost/11.7.2.1-9611f29bef89eba7b18045b10aa2af98) (-)
Connection: close
X-Cache-Remote: TCP_MISS from a23-52-15-209.deploy.akamaitechnologies.com (AkamaiGHost/11.7.2.1-9611f29bef89eba7b18045b10aa2af98) (-)
x-tt-trace-tag: id=16;cdn-cache=miss;type=dyn
Server-Timing: cdn-cache; desc=MISS, edge; dur=101, origin; dur=52
Server-Timing: inner; dur=30
X-Parent-Response-Time: 152,95.101.134.116

{"code": 0, "message": "OK", "request_id": "2025010201553625E90231C5F7EF591A56", "data": {}}
2025-01-02T01:56:38+00:00 DEBUG POST: https://business-api.tiktok.com/open_api/v1.3/event/track/

{"partner_name":"WooCommerce","event_source":"web","event_source_id":"CSM79Q3C77UAG1T340I0","data":[{"event":"Pageview","event_id":"6775f256702b3_tt4b_woocommerce_670666209cf1f","event_time":1735782998,"user":{"ip":"66.249.66.167","user_agent":"Mozilla\/5.0 (Linux; Android 6.0.1; Nexus 5X Build\/MMB29P) AppleWebKit\/537.36 (KHTML, like Gecko) Chrome\/131.0.6778.139 Mobile Safari\/537.36 (compatible; Googlebot\/2.1; +http:\/\/www.google.com\/bot.html)","locale":"ar","external_id":"0","email":"e3b0c44298fc1c149afbf4c8996fb92427ae41e4649b934ca495991b7852b855","phone_number":"e3b0c44298fc1c149afbf4c8996fb92427ae41e4649b934ca495991b7852b855","first_name":"e3b0c44298fc1c149afbf4c8996fb92427ae41e4649b934ca495991b7852b855","last_name":"e3b0c44298fc1c149afbf4c8996fb92427ae41e4649b934ca495991b7852b855","zip_code":"e3b0c44298fc1c149afbf4c8996fb92427ae41e4649b934ca495991b7852b855"},"page":{"url":"http:\/\/www.ibn-sinaa.com\/product\/school-chemistry-records\/"}}]}
 ajax: no
2025-01-02T01:56:38+00:00 DEBUG Tt4b_Mapi_Class::mapi_post: Response: 

HTTP/1.1 200 OK
Server: nginx
Content-Type: application/json
Content-Length: 92
X-Tt-Logid: 20250102015638E725561B9D9BF9FF51B4
Server-Timing: inner; dur=60
x-tt-trace-host: 018e5a586174a888928d793bdac74b79b51a437ee89a1c03eb2011d034a2e3e9f5110f58d85e15748a52bb62e4b9d441a37edcd04f6c9065c0e22193136625f92cde5d5f2d607220251cb5e3404d714093d1ce902cba7cdf7a9f4241c44e7ca1da
x-tt-trace-id: 00-250102015638E725561B9D9BF9FF51B4-080223E83D97C005-00
Expires: Thu, 02 Jan 2025 01:56:38 GMT
Cache-Control: max-age=0, no-cache, no-store
Pragma: no-cache
Date: Thu, 02 Jan 2025 01:56:38 GMT
X-Cache: TCP_MISS from a95-101-134-92.deploy.akamaitechnologies.com (AkamaiGHost/11.7.2.1-9611f29bef89eba7b18045b10aa2af98) (-)
Connection: close
x-tt-trace-tag: id=16;cdn-cache=miss;type=dyn
Server-Timing: cdn-cache; desc=MISS, edge; dur=0, origin; dur=143
X-Origin-Response-Time: 143,95.101.134.92
X-Akamai-Request-ID: 17f8b3d8

{"code": 0, "message": "OK", "request_id": "20250102015638E725561B9D9BF9FF51B4", "data": {}}
2025-01-02T01:56:38+00:00 DEBUG Tt4b_Pixel_Class::inject_view_content_event: hit ViewContent
2025-01-02T01:56:38+00:00 DEBUG POST: https://business-api.tiktok.com/open_api/v1.3/event/track/

{"partner_name":"WooCommerce","event_source":"web","event_source_id":"CSM79Q3C77UAG1T340I0","data":[{"event":"ViewContent","event_id":"6775f256b7ecf_tt4b_woocommerce_670666209cf1f_4205","event_time":1735782998,"user":{"ip":"66.249.66.167","user_agent":"Mozilla\/5.0 (Linux; Android 6.0.1; Nexus 5X Build\/MMB29P) AppleWebKit\/537.36 (KHTML, like Gecko) Chrome\/131.0.6778.139 Mobile Safari\/537.36 (compatible; Googlebot\/2.1; +http:\/\/www.google.com\/bot.html)","locale":"ar","external_id":"0","email":"e3b0c44298fc1c149afbf4c8996fb92427ae41e4649b934ca495991b7852b855","phone_number":"e3b0c44298fc1c149afbf4c8996fb92427ae41e4649b934ca495991b7852b855","first_name":"e3b0c44298fc1c149afbf4c8996fb92427ae41e4649b934ca495991b7852b855","last_name":"e3b0c44298fc1c149afbf4c8996fb92427ae41e4649b934ca495991b7852b855","zip_code":"e3b0c44298fc1c149afbf4c8996fb92427ae41e4649b934ca495991b7852b855"},"properties":{"contents":[{"price":65,"quantity":1,"content_id":"4205","content_name":"\u0633\u062c\u0644\u0627\u062a \u0645\u0627\u062f\u0629 \u0627\u0644\u0643\u064a\u0645\u064a\u0627\u0621","description":". \u0637\u0628\u0627\u0639\u0647 \u0633\u062c\u0644\u0627\u062a \u0645\u062f\u0631\u0633\u064a\u0629 \u0627\u062d\u062a\u0631\u0627\u0641\u064a\u0629 \u062e\u0627\u0645\u062a\u0647\u0627 \u0643\u0631\u062a\u0648\u0646 2000 \u062c\u0631\u0627\u0645,\u062a\u0636\u0627\u0641 \u0637\u0628\u0642\u0629 \u062d\u0645\u0627\u064a\u0647 \u0627\u0633\u062a\u064a\u0643\u0631 \u0645\u0639 \u0633\u0644\u0648\u0641\u0627\u0646 \u0644\u0627\u0645\u0639.\r\n. \u0645\u062a\u0648\u0641\u0631 \u0628 \u0627\u062d\u062c\u0627\u0645 \u0645\u062e\u062a\u0644\u0641\u0647 ( \u0635\u063a\u064a\u0631, \u0648\u0633\u0637 , \u0643\u0628\u064a\u0631 ).\r\n. \u064a\u062a\u0633\u0639 \u0627\u0644\u0645\u0642\u0627\u0633 \u0627\u0644\u0635\u063a\u064a\u0631 ( \u0645\u0646 50 \u0627\u0644\u0649 150 \u0648\u0631\u0642\u0629 )\r\n. \u064a\u062a\u0633\u0639 \u0627\u0644\u0648\u0633\u0637 ( \u0645\u0646 150 \u0627\u0644\u0649 300 \u0648\u0631\u0642\u0629 )\r\n. \u0627\u0644\u0643\u0628\u064a\u0631 ( \u0645\u0646 300 \u0627\u0644\u0649 400 \u0648\u0631\u0642\u0629 ).\r\n. \u0645\u062f\u0629 \u0627\u0644\u062a\u0646\u0641\u064a\u0630 : 3-5 \u0627\u064a\u0627\u0645 \u0648\u062a\u0632\u064a\u062f \u0627\u0644\u0645\u062f\u0629 \u0639\u0646 \u0637\u0644\u0628 \u0627\u0644\u0634\u062d\u0646.","availability":"IN_STOCK","sale_price":65,"on_sale":false}],"content_type":"product","currency":"SAR","value":65,"event_trigger_source":"WooCommerce"},"page":{"url":"http:\/\/www.ibn-sinaa.com\/product\/school-chemistry-records\/"}}]}
 ajax: no
2025-01-02T01:56:38+00:00 DEBUG Tt4b_Mapi_Class::mapi_post: Response: 

HTTP/1.1 200 OK
Server: nginx
Content-Type: application/json
Content-Length: 92
X-Tt-Logid: 20250102015638FE9A2DE4B7DC96D87550
x-tt-trace-host: 018e5a586174a888928d793bdac74b79b519a86797e72c2eba011e03e23beee17dcdd40768c34585c23865ee1de88573b4980d3234f55cb2b5802b2caf62a307e5646922728df37073de75448120a9f265095568e1b9897ca4e8ea58c0bd4755fe48b93813936fe2d882ff66a64c50b74a
x-tt-trace-id: 00-250102015638FE9A2DE4B7DC96D87550-51D515A15CD164AC-00
X-Origin-Response-Time: 28,23.32.17.36
X-Akamai-Request-ID: 1182f8e6.f4aac2e
Expires: Thu, 02 Jan 2025 01:56:38 GMT
Cache-Control: max-age=0, no-cache, no-store
Pragma: no-cache
Date: Thu, 02 Jan 2025 01:56:38 GMT
X-Cache: TCP_MISS from a95-101-134-116.deploy.akamaitechnologies.com (AkamaiGHost/11.7.2.1-9611f29bef89eba7b18045b10aa2af98) (-)
Connection: close
X-Cache-Remote: TCP_MISS from a23-32-17-36.deploy.akamaitechnologies.com (AkamaiGHost/11.7.2.1-9611f29bef89eba7b18045b10aa2af98) (-)
x-tt-trace-tag: id=16;cdn-cache=miss;type=dyn
Server-Timing: cdn-cache; desc=MISS, edge; dur=81, origin; dur=28
Server-Timing: inner; dur=23
X-Parent-Response-Time: 108