2024-12-29T00:13:05+00:00 DEBUG POST: https://business-api.tiktok.com/open_api/v1.3/event/track/

{"partner_name":"WooCommerce","event_source":"web","event_source_id":"CSM79Q3C77UAG1T340I0","data":[{"event":"Pageview","event_id":"6770941103e58_tt4b_woocommerce_670666209cf1f","event_time":1735431185,"user":{"ip":"157.55.39.202","user_agent":"Mozilla\/5.0 AppleWebKit\/537.36 (KHTML, like Gecko; compatible; bingbot\/2.0; +http:\/\/www.bing.com\/bingbot.htm) Chrome\/116.0.1938.76 Safari\/537.36","locale":"ar","external_id":"0","email":"e3b0c44298fc1c149afbf4c8996fb92427ae41e4649b934ca495991b7852b855","phone_number":"e3b0c44298fc1c149afbf4c8996fb92427ae41e4649b934ca495991b7852b855","first_name":"e3b0c44298fc1c149afbf4c8996fb92427ae41e4649b934ca495991b7852b855","last_name":"e3b0c44298fc1c149afbf4c8996fb92427ae41e4649b934ca495991b7852b855","zip_code":"e3b0c44298fc1c149afbf4c8996fb92427ae41e4649b934ca495991b7852b855"},"page":{"url":"http:\/\/www.ibn-sinaa.com\/?lang=ar&s="}}]}
 ajax: no
2024-12-29T00:13:05+00:00 DEBUG Tt4b_Mapi_Class::mapi_post: Response: 

HTTP/1.1 200 OK
Server: nginx
Content-Type: application/json
Content-Length: 92
X-Tt-Logid: 202412290013057605E612DE5D67FCD2CE
Server-Timing: inner; dur=63
x-tt-trace-host: 018e5a586174a888928d793bdac74b79b520593bf434961dbceff88e4b17f9a156c36c8d7b4c3f21b3e0dd513bbb6925da4e5e3d616ff0c2e0d82eabfe11243f2e49530d080f47c7bda9529f272aec04325d3128325f82ef0a438fe49184f86dfe
x-tt-trace-id: 00-2412290013057605E612DE5D67FCD2CE-77EECA837CE2102A-00
Expires: Sun, 29 Dec 2024 00:13:05 GMT
Cache-Control: max-age=0, no-cache, no-store
Pragma: no-cache
Date: Sun, 29 Dec 2024 00:13:05 GMT
X-Cache: TCP_MISS from a95-101-134-116.deploy.akamaitechnologies.com (AkamaiGHost/11.7.2.1-9611f29bef89eba7b18045b10aa2af98) (-)
Connection: close
x-tt-trace-tag: id=16;cdn-cache=miss;type=dyn
Server-Timing: cdn-cache; desc=MISS, edge; dur=1, origin; dur=146
X-Origin-Response-Time: 146,95.101.134.116
X-Akamai-Request-ID: 22751cd1

{"code": 0, "message": "OK", "request_id": "202412290013057605E612DE5D67FCD2CE", "data": {}}
2024-12-29T00:15:39+00:00 DEBUG POST: https://business-api.tiktok.com/open_api/v1.3/event/track/

{"partner_name":"WooCommerce","event_source":"web","event_source_id":"CSM79Q3C77UAG1T340I0","data":[{"event":"Pageview","event_id":"677094ab497e3_tt4b_woocommerce_670666209cf1f","event_time":1735431339,"user":{"ip":"66.249.66.70","user_agent":"Mozilla\/5.0 (Linux; Android 6.0.1; Nexus 5X Build\/MMB29P) AppleWebKit\/537.36 (KHTML, like Gecko) Chrome\/131.0.6778.139 Mobile Safari\/537.36 (compatible; Googlebot\/2.1; +http:\/\/www.google.com\/bot.html)","locale":"ar","external_id":"0","email":"e3b0c44298fc1c149afbf4c8996fb92427ae41e4649b934ca495991b7852b855","phone_number":"e3b0c44298fc1c149afbf4c8996fb92427ae41e4649b934ca495991b7852b855","first_name":"e3b0c44298fc1c149afbf4c8996fb92427ae41e4649b934ca495991b7852b855","last_name":"e3b0c44298fc1c149afbf4c8996fb92427ae41e4649b934ca495991b7852b855","zip_code":"e3b0c44298fc1c149afbf4c8996fb92427ae41e4649b934ca495991b7852b855"},"page":{"url":"http:\/\/ibn-sinaa.com\/"}}]}
 ajax: no
2024-12-29T00:15:39+00:00 DEBUG Tt4b_Mapi_Class::mapi_post: Response: 

HTTP/1.1 200 OK
Server: nginx
Content-Type: application/json
Content-Length: 92
X-Tt-Logid: 202412290015395F638B549008AE2A2832
x-tt-trace-host: 018e5a586174a888928d793bdac74b79b56517d7628cf0ffdff56b078ad2cf5615e9532a8440ca1bcaebc628032267b3485ffbdbb685daba458e850c39733b4dc3622c0125416e2b0ad4ab1f5c1cc2f57042022965ff36f4b02f1520f5e5ceb6857825cf9654638b1f69c8190d3ea62259
x-tt-trace-id: 00-2412290015395F638B549008AE2A2832-08D7D56E2E7C7CF8-00
X-Origin-Response-Time: 27,23.218.219.12
X-Akamai-Request-ID: 9837f46.4e19861
Expires: Sun, 29 Dec 2024 00:15:39 GMT
Cache-Control: max-age=0, no-cache, no-store
Pragma: no-cache
Date: Sun, 29 Dec 2024 00:15:39 GMT
X-Cache: TCP_MISS from a95-101-134-92.deploy.akamaitechnologies.com (AkamaiGHost/11.7.2.1-9611f29bef89eba7b18045b10aa2af98) (-)
Connection: close
X-Cache-Remote: TCP_MISS from a23-218-219-12.deploy.akamaitechnologies.com (AkamaiGHost/11.7.2.1-9611f29bef89eba7b18045b10aa2af98) (-)
x-tt-trace-tag: id=16;cdn-cache=miss;type=dyn
Server-Timing: cdn-cache; desc=MISS, edge; dur=81, origin; dur=27
Server-Timing: inner; dur=24
X-Parent-Response-Time: 108,95.101.134.92

{"code": 0, "message": "OK", "request_id": "202412290015395F638B549008AE2A2832", "data": {}}
2024-12-29T00:18:00+00:00 DEBUG POST: https://business-api.tiktok.com/open_api/v1.3/event/track/

{"partner_name":"WooCommerce","event_source":"web","event_source_id":"CSM79Q3C77UAG1T340I0","data":[{"event":"Pageview","event_id":"6770953864f9c_tt4b_woocommerce_670666209cf1f","event_time":1735431480,"user":{"ip":"157.55.39.202","user_agent":"Mozilla\/5.0 AppleWebKit\/537.36 (KHTML, like Gecko; compatible; bingbot\/2.0; +http:\/\/www.bing.com\/bingbot.htm) Chrome\/116.0.1938.76 Safari\/537.36","locale":"ar","external_id":"0","email":"e3b0c44298fc1c149afbf4c8996fb92427ae41e4649b934ca495991b7852b855","phone_number":"e3b0c44298fc1c149afbf4c8996fb92427ae41e4649b934ca495991b7852b855","first_name":"e3b0c44298fc1c149afbf4c8996fb92427ae41e4649b934ca495991b7852b855","last_name":"e3b0c44298fc1c149afbf4c8996fb92427ae41e4649b934ca495991b7852b855","zip_code":"e3b0c44298fc1c149afbf4c8996fb92427ae41e4649b934ca495991b7852b855"},"page":{"url":"http:\/\/www.ibn-sinaa.com\/product\/%D8%A7%D8%B3%D8%AA%D8%A7%D9%86%D8%AF-%D9%83%D8%AA%D8%A8\/feed\/"}}]}
 ajax: no
2024-12-29T00:18:00+00:00 DEBUG Tt4b_Mapi_Class::mapi_post: Response: 

HTTP/1.1 200 OK
Server: nginx
Content-Type: application/json
Content-Length: 92
X-Tt-Logid: 20241229001800EF17FC632000FEF750BF
Server-Timing: inner; dur=126
x-tt-trace-host: 018e5a586174a888928d793bdac74b79b520593bf434961dbceff88e4b17f9a1563ac0cfbc1cc98092977e3b33d7cf1725bb9398d15d9e2b3f1f9dbaa6364090355bb02cb9a660eb1f8093404d5538a1efe15cea4a439447760420cf0f07c2cdf6
x-tt-trace-id: 00-241229001800EF17FC632000FEF750BF-72A9558915153D86-00
Expires: Sun, 29 Dec 2024 00:18:00 GMT
Cache-Control: max-age=0, no-cache, no-store
Pragma: no-cache
Date: Sun, 29 Dec 2024 00:18:00 GMT
X-Cache: TCP_MISS from a95-101-134-116.deploy.akamaitechnologies.com (AkamaiGHost/11.7.2.1-9611f29bef89eba7b18045b10aa2af98) (-)
Connection: close
x-tt-trace-tag: id=16;cdn-cache=miss;type=dyn
Server-Timing: cdn-cache; desc=MISS, edge; dur=1, origin; dur=209
X-Origin-Response-Time: 209,95.101.134.116
X-Akamai-Request-ID: 227efb35

{"code": 0, "message": "OK", "request_id": "20241229001800EF17FC632000FEF750BF", "data": {}}
2024-12-29T00:19:26+00:00 DEBUG POST: https://business-api.tiktok.com/open_api/v1.3/event/track/

{"partner_name":"WooCommerce","event_source":"web","event_source_id":"CSM79Q3C77UAG1T340I0","data":[{"event":"Pageview","event_id":"6770958e56a89_tt4b_woocommerce_670666209cf1f","event_time":1735431566,"user":{"ip":"185.237.102.124","user_agent":"Mozilla\/5.0 (iPhone; CPU iPhone OS 17_6_1 like Mac OS X) AppleWebKit\/605.1.15 (KHTML, like Gecko) Version\/17.6 Mobile\/15E148 Safari\/604.1","locale":"ar","external_id":"0","email":"e3b0c44298fc1c149afbf4c8996fb92427ae41e4649b934ca495991b7852b855","phone_number":"e3b0c44298fc1c149afbf4c8996fb92427ae41e4649b934ca495991b7852b855","first_name":"e3b0c44298fc1c149afbf4c8996fb92427ae41e4649b934ca495991b7852b855","last_name":"e3b0c44298fc1c149afbf4c8996fb92427ae41e4649b934ca495991b7852b855","zip_code":"e3b0c44298fc1c149afbf4c8996fb92427ae41e4649b934ca495991b7852b855"},"page":{"url":"http:\/\/www.ibn-sinaa.com\/product\/small-wood-calendar-with-leather\/?srsltid=AfmBOoo_KjchPW5V1T093hY_N2z6gA10bQCr3JjA862vdBNafTzHC8D3"}}]}
 ajax: no
2024-12-29T00:19:26+00:00 DEBUG Tt4b_Mapi_Class::mapi_post: Response: 

HTTP/1.1 200 OK
Server: nginx
Content-Type: application/json
Content-Length: 92
X-Tt-Logid: 202412290019261415CCF115F42D7C909E
Server-Timing: inner; dur=24
x-tt-trace-host: 018e5a586174a888928d793bdac74b79b51a437ee89a1c03eb2011d034a2e3e9f5bc1ef4614102de16d8805fe0e65b57f2e6bc5773df6748684e32d5f4f869b7e89e54c0b247d74bb3ef3cb40d82df9bba663502b276ec739458cd425fd830f7d3
x-tt-trace-id: 00-2412290019261415CCF115F42D7C909E-2C28650C34FB8A97-00
Expires: Sun, 29 Dec 2024 00:19:26 GMT
Cache-Control: max-age=0, no-cache, no-store
Pragma: no-cache
Date: Sun, 29 Dec 2024 00:19:26 GMT
X-Cache: TCP_MISS from a95-101-134-92.deploy.akamaitechnologies.com (AkamaiGHost/11.7.2.1-9611f29bef89eba7b18045b10aa2af98) (-)
Connection: close
x-tt-trace-tag: id=16;cdn-cache=miss;type=dyn
Server-Timing: cdn-cache; desc=MISS, edge; dur=1, origin; dur=103
X-Origin-Response-Time: 103,95.101.134.92
X-Akamai-Request-ID: 4eaac35

{"code": 0, "message": "OK", "request_id": "202412290019261415CCF115F42D7C909E", "data": {}}
2024-12-29T00:19:26+00:00 DEBUG Tt4b_Pixel_Class::inject_view_content_event: hit ViewContent
2024-12-29T00:19:26+00:00 DEBUG POST: https://business-api.tiktok.com/open_api/v1.3/event/track/

{"partner_name":"WooCommerce","event_source":"web","event_source_id":"CSM79Q3C77UAG1T340I0","data":[{"event":"ViewContent","event_id":"6770958e99f47_tt4b_woocommerce_670666209cf1f_4434","event_time":1735431566,"user":{"ip":"185.237.102.124","user_agent":"Mozilla\/5.0 (iPhone; CPU iPhone OS 17_6_1 like Mac OS X) AppleWebKit\/605.1.15 (KHTML, like Gecko) Version\/17.6 Mobile\/15E148 Safari\/604.1","locale":"ar","external_id":"0","email":"e3b0c44298fc1c149afbf4c8996fb92427ae41e4649b934ca495991b7852b855","phone_number":"e3b0c44298fc1c149afbf4c8996fb92427ae41e4649b934ca495991b7852b855","first_name":"e3b0c44298fc1c149afbf4c8996fb92427ae41e4649b934ca495991b7852b855","last_name":"e3b0c44298fc1c149afbf4c8996fb92427ae41e4649b934ca495991b7852b855","zip_code":"e3b0c44298fc1c149afbf4c8996fb92427ae41e4649b934ca495991b7852b855"},"properties":{"contents":[{"price":115,"quantity":1,"content_id":"4434","content_name":"\u062a\u0642\u0648\u064a\u0645 \u062e\u0634\u0628 \u0635\u063a\u064a\u0631 \u0645\u0639 \u062c\u0644\u062f","description":"\u062a\u0642\u0648\u064a\u0645 \u062e\u0634\u0628 \u0635\u063a\u064a\u0631: \u062a\u0635\u0645\u064a\u0645 \u0639\u0635\u0631\u064a \u0648\u0623\u0646\u064a\u0642\u060c \u0645\u0635\u0646\u0648\u0639 \u0645\u0646 \u0627\u0644\u062e\u0634\u0628 \u0627\u0644\u0645\u062a\u064a\u0646 \u0628\u0648\u0636\u0648\u062d \u0627\u0633\u062a\u062b\u0646\u0627\u0626\u064a \u0644\u0644\u0643\u062a\u0627\u0628\u0629 \u0648\u0627\u0644\u0631\u0624\u064a\u0629\u060c \u064a\u0636\u064a\u0641 \u0644\u0645\u0633\u0629 \u0645\u0646 \u0627\u0644\u0641\u062e\u0627\u0645\u0629 \u0648\u0627\u0644\u062a\u0646\u0638\u064a\u0645 \u0644\u0645\u0643\u062a\u0628\u0643. \u0645\u062b\u0627\u0644\u064a \u0644\u062a\u0646\u0638\u064a\u0645 \u0627\u0644\u0645\u0648\u0627\u0639\u064a\u062f \u0648\u0627\u0644\u0627\u062c\u062a\u0645\u0627\u0639\u0627\u062a\u060c \u0648\u064a\u0636\u0641\u064a \u062c\u0627\u0630\u0628\u064a\u0629 \u0639\u0644\u0649 \u0645\u0633\u0627\u062d\u0629 \u0627\u0644\u0639\u0645\u0644 \u0627\u0644\u062e\u0627\u0635\u0629 \u0628\u0643.","availability":"IN_STOCK","sale_price":115,"on_sale":false}],"content_type":"product","currency":"SAR","value":115,"event_trigger_source":"WooCommerce"},"page":{"url":"http:\/\/www.ibn-sinaa.com\/product\/small-wood-calendar-with-leather\/?srsltid=AfmBOoo_KjchPW5V1T093hY_N2z6gA10bQCr3JjA862vdBNafTzHC8D3"}}]}
 ajax: no
2024-12-29T00:19:26+00:00 DEBUG Tt4b_Mapi_Class::mapi_post: Response: 

HTTP/1.1 200 OK
Server: nginx
Content-Type: application/json
Content-Length: 92
X-Tt-Logid: 202412290019267C6C28470BCAC306A162
x-tt-trace-host: 018e5a586174a888928d793bdac74b79b519a86797e72c2eba011e03e23beee17d6edacaf7c9be4a9d35fac9b5a24bf6333609c5f47eba55c665946bd020772f7d11a190b0b1f1e30831c256e4637a6a303bc728102803c85f58533d3f0abbd59a2ff13a29bc242b34d1232c51b9f735b9
x-tt-trace-id: 00-2412290019267C6C28470BCAC306A162-3DB585BF69A86749-00
X-Origin-Response-Time: 26,23.218.219.15
X-Akamai-Request-ID: 1f2e16a5.22819c36
Expires: Sun, 29 Dec 2024 00:19:26 GMT
Cache-Control: max-age=0, no-cache, no-store
Pragma: no-cache
Date: Sun, 29 Dec 2024 00:19:26 GMT
X-Cache: TCP_MISS from a95-101-134-116.deploy.akamaitechnologies.com (AkamaiGHost/11.7.2.1-9611f29bef89eba7b18045b10aa2af98) (-)
Connection: close
X-Cache-Remote: TCP_MISS from a23-218-219-15.deploy.akamaitechnologies.com (AkamaiGHost/11.7.2.1-9611f29bef89eba7b18045b10aa2af98) (-)
x-tt-trace-tag: id=16;cdn-cache=miss;type=dyn
Server-Timing: cdn-cache; desc=MISS, edge; dur=84, origin; dur=26
Server-Timing: inner; dur=23
X-Parent-Response-Time: 109,95.101.134.116

{"code": 0, "message": "OK", "request_id": "202412290019267C6C28470BCAC306A162", "data": {}}
2024-12-29T00:19:32+00:00 DEBUG POST: https://business-api.tiktok.com/open_api/v1.3/event/track/

{"partner_name":"WooCommerce","event_source":"web","event_source_id":"CSM79Q3C77UAG1T340I0","data":[{"event":"Pageview","event_id":"677095942ee54_tt4b_woocommerce_670666209cf1f","event_time":1735431572,"user":{"ip":"185.237.102.124","user_agent":"Mozilla\/5.0 (iPhone; CPU iPhone OS 17_6_1 like Mac OS X) AppleWebKit\/605.1.15 (KHTML, like Gecko) Version\/17.6 Mobile\/15E148 Safari\/604.1","locale":"ar","external_id":"0","email":"e3b0c44298fc1c149afbf4c8996fb92427ae41e4649b934ca495991b7852b855","phone_number":"e3b0c44298fc1c149afbf4c8996fb92427ae41e4649b934ca495991b7852b855","first_name":"e3b0c44298fc1c149afbf4c8996fb92427ae41e4649b934ca495991b7852b855","last_name":"e3b0c44298fc1c149afbf4c8996fb92427ae41e4649b934ca495991b7852b855","zip_code":"e3b0c44298fc1c149afbf4c8996fb92427ae41e4649b934ca495991b7852b855"},"page":{"url":"http:\/\/www.ibn-sinaa.com\/product\/small-wood-calendar-with-leather\/?srsltid=AfmBOoo_KjchPW5V1T093hY_N2z6gA10bQCr3JjA862vdBNafTzHC8D3"}}]}
 ajax: no
2024-12-29T00:19:32+00:00 DEBUG Tt4b_Mapi_Class::mapi_post: Response: 

HTTP/1.1 200 OK
Server: nginx
Content-Type: application/json
Content-Length: 92
X-Tt-Logid: 202412290019322C8F98467E82FF101A28
Server-Timing: inner; dur=40
x-tt-trace-host: 018e5a586174a888928d793bdac74b79b51a437ee89a1c03eb2011d034a2e3e9f5c8e7aae00bfb2680f0e999e99eb9c91cb658bfc03292d8b0e588a4ded30b1120d690b1cebf3f09c1cabedb6e6a0d733bee521e3054d820418feb11bc11b0a928
x-tt-trace-id: 00-2412290019322C8F98467E82FF101A28-3DD4DF978306F7E9-00
Expires: Sun, 29 Dec 2024 00:19:32 GMT
Cache-Control: max-age=0, no-cache, no-store
Pragma: no-cache
Date: Sun, 29 Dec 2024 00:19:32 GMT
X-Cache: TCP_MISS from a95-101-134-92.deploy.akamaitechnologies.com (AkamaiGHost/11.7.2.1-9611f29bef89eba7b18045b10aa2af98) (-)
Connection: close
x-tt-trace-tag: id=16;cdn-cache=miss;type=dyn
Server-Timing: cdn-cache; desc=MISS, edge; dur=0, origin; dur=122
X-Origin-Response-Time: 122,95.101.134.92
X-Akamai-Request-ID: 4eae40c

{"code": 0, "message": "OK", "request_id": "202412290019322C8F98467E82FF101A28", "data": {}}
2024-12-29T00:19:32+00:00 DEBUG Tt4b_Pixel_Class::inject_view_content_event: hit ViewContent
2024-12-29T00:19:32+00:00 DEBUG POST: https://business-api.tiktok.com/open_api/v1.3/event/track/

{"partner_name":"WooCommerce","event_source":"web","event_source_id":"CSM79Q3C77UAG1T340I0","data":[{"event":"ViewContent","event_id":"6770959471d05_tt4b_woocommerce_670666209cf1f_4434","event_time":1735431572,"user":{"ip":"185.237.102.124","user_agent":"Mozilla\/5.0 (iPhone; CPU iPhone OS 17_6_1 like Mac OS X) AppleWebKit\/605.1.15 (KHTML, like Gecko) Version\/17.6 Mobile\/15E148 Safari\/604.1","locale":"ar","external_id":"0","email":"e3b0c44298fc1c149afbf4c8996fb92427ae41e4649b934ca495991b7852b855","phone_number":"e3b0c44298fc1c149afbf4c8996fb92427ae41e4649b934ca495991b7852b855","first_name":"e3b0c44298fc1c149afbf4c8996fb92427ae41e4649b934ca495991b7852b855","last_name":"e3b0c44298fc1c149afbf4c8996fb92427ae41e4649b934ca495991b7852b855","zip_code":"e3b0c44298fc1c149afbf4c8996fb92427ae41e4649b934ca495991b7852b855"},"properties":{"contents":[{"price":115,"quantity":1,"content_id":"4434","content_name":"\u062a\u0642\u0648\u064a\u0645 \u062e\u0634\u0628 \u0635\u063a\u064a\u0631 \u0645\u0639 \u062c\u0644\u062f","description":"\u062a\u0642\u0648\u064a\u0645 \u062e\u0634\u0628 \u0635\u063a\u064a\u0631: \u062a\u0635\u0645\u064a\u0645 \u0639\u0635\u0631\u064a \u0648\u0623\u0646\u064a\u0642\u060c \u0645\u0635\u0646\u0648\u0639 \u0645\u0646 \u0627\u0644\u062e\u0634\u0628 \u0627\u0644\u0645\u062a\u064a\u0646 \u0628\u0648\u0636\u0648\u062d \u0627\u0633\u062a\u062b\u0646\u0627\u0626\u064a \u0644\u0644\u0643\u062a\u0627\u0628\u0629 \u0648\u0627\u0644\u0631\u0624\u064a\u0629\u060c \u064a\u0636\u064a\u0641 \u0644\u0645\u0633\u0629 \u0645\u0646 \u0627\u0644\u0641\u062e\u0627\u0645\u0629 \u0648\u0627\u0644\u062a\u0646\u0638\u064a\u0645 \u0644\u0645\u0643\u062a\u0628\u0643. \u0645\u062b\u0627\u0644\u064a \u0644\u062a\u0646\u0638\u064a\u0645 \u0627\u0644\u0645\u0648\u0627\u0639\u064a\u062f \u0648\u0627\u0644\u0627\u062c\u062a\u0645\u0627\u0639\u0627\u062a\u060c \u0648\u064a\u0636\u0641\u064a \u062c\u0627\u0630\u0628\u064a\u0629 \u0639\u0644\u0649 \u0645\u0633\u0627\u062d\u0629 \u0627\u0644\u0639\u0645\u0644 \u0627\u0644\u062e\u0627\u0635\u0629 \u0628\u0643.","availability":"IN_STOCK","sale_price":115,"on_sale":false}],"content_type":"product","currency":"SAR","value":115,"event_trigger_source":"WooCommerce"},"page":{"url":"http:\/\/www.ibn-sinaa.com\/product\/small-wood-calendar-with-leather\/?srsltid=AfmBOoo_KjchPW5V1T093hY_N2z6gA10bQCr3JjA862vdBNafTzHC8D3"}}]}
 ajax: no
2024-12-29T00:19:32+00:00 DEBUG Tt4b_Mapi_Class::mapi_post: Response: 

HTTP/1.1 200 OK
Server: nginx
Content-Type: application/json
Content-Length: 92
X-Tt-Logid: 2024122900193252947A67A87015E4BED4
x-tt-trace-host: 018e5a586174a888928d793bdac74b79b519a86797e72c2eba011e03e23beee17da623e0f79e5d944edf03c3184791aca06a39bbe4d6dabef3635af9d3774bdbc90739ece00eb869374280a689884b7ee04cbb9dd64973e4b2eb1d0e3f7910c579b1b15f9df63fcc2aaa5609d3b386be32
x-tt-trace-id: 00-24122900193252947A67A87015E4BED4-294E6C70620CBC47-00
X-Origin-Response-Time: 32,23.218.219.32
X-Akamai-Request-ID: 34c8702a.2281c9a0
Expires: Sun, 29 Dec 2024 00:19:32 GMT
Cache-Control: max-age=0, no-cache, no-store
Pragma: no-cache
Date: Sun, 29 Dec 2024 00:19:32 GMT
X-Cache: TCP_MISS from a95-101-134-116.deploy.akamaitechnologies.com (AkamaiGHost/11.7.2.1-9611f29bef89eba7b18045b10aa2af98) (-)
Connection: close
X-Cache-Remote: TCP_MISS from a23-218-219-32.deploy.akamaitechnologies.com (AkamaiGHost/11.7.2.1-9611f29bef89eba7b18045b10aa2af98) (-)
x-tt-trace-tag: id=16;cdn-cache=miss;type=dyn
Server-Timing: cdn-cache; desc=MISS, edge; dur=84, origin; dur=32
Server-Timing: inner; dur=25
X-Parent-Response-Time: 116,95.101.134.116

{"code": 0, "message": "OK", "request_id": "2024122900193252947A67A87015E4BED4", "data": {}}
2024-12-29T00:30:00+00:00 DEBUG POST: https://business-api.tiktok.com/open_api/v1.3/event/track/

{"partner_name":"WooCommerce","event_source":"web","event_source_id":"CSM79Q3C77UAG1T340I0","data":[{"event":"Pageview","event_id":"6770980850e82_tt4b_woocommerce_670666209cf1f","event_time":1735432200,"user":{"ip":"157.55.39.12","user_agent":"Mozilla\/5.0 AppleWebKit\/537.36 (KHTML, like Gecko; compatible; bingbot\/2.0; +http:\/\/www.bing.com\/bingbot.htm) Chrome\/116.0.1938.76 Safari\/537.36","locale":"ar","external_id":"0","email":"e3b0c44298fc1c149afbf4c8996fb92427ae41e4649b934ca495991b7852b855","phone_number":"e3b0c44298fc1c149afbf4c8996fb92427ae41e4649b934ca495991b7852b855","first_name":"e3b0c44298fc1c149afbf4c8996fb92427ae41e4649b934ca495991b7852b855","last_name":"e3b0c44298fc1c149afbf4c8996fb92427ae41e4649b934ca495991b7852b855","zip_code":"e3b0c44298fc1c149afbf4c8996fb92427ae41e4649b934ca495991b7852b855"},"page":{"url":"http:\/\/ibn-sinaa.com\/product-tag\/%D8%AF%D8%B1%D9%88%D8%B9-%D9%88-%D9%87%D8%AF%D8%A7%D9%8A%D8%A7\/"}}]}
 ajax: no
2024-12-29T00:30:00+00:00 DEBUG Tt4b_Mapi_Class::mapi_post: Response: 

HTTP/1.1 200 OK
Server: nginx
Content-Type: application/json
Content-Length: 92
X-Tt-Logid: 20241229003000B1270B6CD0441BE82125
x-tt-trace-host: 018e5a586174a888928d793bdac74b79b519a86797e72c2eba011e03e23beee17d06fc992dc98fa48327f62ef3b896bec500908b679927ea69ec291e1f5edfd483dd811227e63d2b637edbc3be07499b7d2981bb200add51049476ed017e10191fdcbef6efcaf82da02b29c05e4e58fcfd
x-tt-trace-id: 00-241229003000B1270B6CD0441BE82125-17A5F9E081A4CD7D-00
X-Origin-Response-Time: 35,23.218.219.50
X-Akamai-Request-ID: 46bd2364.22942a2b
Expires: Sun, 29 Dec 2024 00:30:00 GMT
Cache-Control: max-age=0, no-cache, no-store
Pragma: no-cache
Date: Sun, 29 Dec 2024 00:30:00 GMT
X-Cache: TCP_MISS from a95-101-134-116.deploy.akamaitechnologies.com (AkamaiGHost/11.7.2.1-9611f29bef89eba7b18045b10aa2af98) (-)
Connection: close
X-Cache-Remote: TCP_MISS from a23-218-219-50.deploy.akamaitechnologies.com (AkamaiGHost/11.7.2.1-9611f29bef89eba7b18045b10aa2af98) (-)
x-tt-trace-tag: id=16;cdn-cache=miss;type=dyn
Server-Timing: cdn-cache; desc=MISS, edge; dur=82, origin; dur=35
Server-Timing: inner; dur=32
X-Parent-Response-Time: 116,95.101.134.116

{"code": 0, "message": "OK", "request_id": "20241229003000B1270B6CD0441BE82125", "data": {}}
2024-12-29T00:30:30+00:00 DEBUG POST: https://business-api.tiktok.com/open_api/v1.3/event/track/

{"partner_name":"WooCommerce","event_source":"web","event_source_id":"CSM79Q3C77UAG1T340I0","data":[{"event":"Pageview","event_id":"677098261a97d_tt4b_woocommerce_670666209cf1f","event_time":1735432230,"user":{"ip":"66.249.66.71","user_agent":"Mozilla\/5.0 (Linux; Android 6.0.1; Nexus 5X Build\/MMB29P) AppleWebKit\/537.36 (KHTML, like Gecko) Chrome\/131.0.6778.139 Mobile Safari\/537.36 (compatible; Googlebot\/2.1; +http:\/\/www.google.com\/bot.html)","locale":"ar","external_id":"0","email":"e3b0c44298fc1c149afbf4c8996fb92427ae41e4649b934ca495991b7852b855","phone_number":"e3b0c44298fc1c149afbf4c8996fb92427ae41e4649b934ca495991b7852b855","first_name":"e3b0c44298fc1c149afbf4c8996fb92427ae41e4649b934ca495991b7852b855","last_name":"e3b0c44298fc1c149afbf4c8996fb92427ae41e4649b934ca495991b7852b855","zip_code":"e3b0c44298fc1c149afbf4c8996fb92427ae41e4649b934ca495991b7852b855"},"page":{"url":"http:\/\/ibn-sinaa.com\/product\/print-cards-die-cut\/"}}]}
 ajax: no
2024-12-29T00:30:30+00:00 DEBUG Tt4b_Mapi_Class::mapi_post: Response: 

HTTP/1.1 200 OK
Server: nginx
Content-Type: application/json
Content-Length: 92
X-Tt-Logid: 20241229003030C559DD2C0B8F298391EE
Server-Timing: inner; dur=41
x-tt-trace-host: 018e5a586174a888928d793bdac74b79b520593bf434961dbceff88e4b17f9a156fed22672baef61ad13f523bab36c0e1b875f311015c4fd36609834d162683ef907ac57cffaeabc6fc542cf3b287667cdb6903dcc0031246c306d4434a2908c6d
x-tt-trace-id: 00-241229003030C559DD2C0B8F298391EE-54EFBA2D50DC764C-00
Expires: Sun, 29 Dec 2024 00:30:30 GMT
Cache-Control: max-age=0, no-cache, no-store
Pragma: no-cache
Date: Sun, 29 Dec 2024 00:30:30 GMT
X-Cache: TCP_MISS from a95-101-134-116.deploy.akamaitechnologies.com (AkamaiGHost/11.7.2.1-9611f29bef89eba7b18045b10aa2af98) (-)
Connection: close
x-tt-trace-tag: id=16;cdn-cache=miss;type=dyn
Server-Timing: cdn-cache; desc=MISS, edge; dur=2, origin; dur=120
X-Origin-Response-Time: 120,95.101.134.116
X-Akamai-Request-ID: 2294f683

{"code": 0, "message": "OK", "request_id": "20241229003030C559DD2C0B8F298391EE", "data": {}}
2024-12-29T00:30:30+00:00 DEBUG Tt4b_Pixel_Class::inject_view_content_event: hit ViewContent
2024-12-29T00:30:30+00:00 DEBUG POST: https://business-api.tiktok.com/open_api/v1.3/event/track/

{"partner_name":"WooCommerce","event_source":"web","event_source_id":"CSM79Q3C77UAG1T340I0","data":[{"event":"ViewContent","event_id":"6770982663643_tt4b_woocommerce_670666209cf1f_SKU_201","event_time":1735432230,"user":{"ip":"66.249.66.71","user_agent":"Mozilla\/5.0 (Linux; Android 6.0.1; Nexus 5X Build\/MMB29P) AppleWebKit\/537.36 (KHTML, like Gecko) Chrome\/131.0.6778.139 Mobile Safari\/537.36 (compatible; Googlebot\/2.1; +http:\/\/www.google.com\/bot.html)","locale":"ar","external_id":"0","email":"e3b0c44298fc1c149afbf4c8996fb92427ae41e4649b934ca495991b7852b855","phone_number":"e3b0c44298fc1c149afbf4c8996fb92427ae41e4649b934ca495991b7852b855","first_name":"e3b0c44298fc1c149afbf4c8996fb92427ae41e4649b934ca495991b7852b855","last_name":"e3b0c44298fc1c149afbf4c8996fb92427ae41e4649b934ca495991b7852b855","zip_code":"e3b0c44298fc1c149afbf4c8996fb92427ae41e4649b934ca495991b7852b855"},"properties":{"contents":[{"price":0,"quantity":1,"content_id":"SKU_201","content_name":"\u0637\u0628\u0627\u0639\u0629 \u0643\u0631\u0648\u062a \u0634\u062e\u0635\u064a\u0629 \u062f\u0627\u064a \u0643\u062a","description":"\u0627\u062d\u0635\u0644 \u0639\u0644\u0649 \u0643\u0631\u0648\u062a \u062f\u0627\u064a \u0643\u062a \u0627\u0644\u0645\u0645\u064a\u0632\u0629 \u0645\u0646 \u0645\u062a\u062c\u0631 \u0627\u0628\u0646 \u0633\u064a\u0646\u0627 \u0627\u0644\u0625\u0644\u0643\u062a\u0631\u0648\u0646\u064a. \u062a\u0635\u0645\u064a\u0645\u0627\u062a \u0641\u0631\u064a\u062f\u0629 \u0648\u0623\u0634\u0643\u0627\u0644 \u0645\u062e\u0635\u0635\u0629 \u062a\u0646\u0627\u0633\u0628 \u062c\u0645\u064a\u0639 \u0627\u0644\u0645\u0646\u0627\u0633\u0628\u0627\u062a \u0627\u0644\u0631\u0633\u0645\u064a\u0629 \u0648\u0627\u0644\u0634\u062e\u0635\u064a\u0629\u060c \u0628\u062c\u0648\u062f\u0629 \u0637\u0628\u0627\u0639\u0629 \u0639\u0627\u0644\u064a\u0629 \u0648\u062f\u0642\u0629 \u0641\u064a \u0627\u0644\u062a\u0641\u0627\u0635\u064a\u0644","availability":"IN_STOCK","sale_price":0,"on_sale":false}],"content_type":"product","currency":"SAR","value":0,"event_trigger_source":"WooCommerce"},"page":{"url":"http:\/\/ibn-sinaa.com\/product\/print-cards-die-cut\/"}}]}
 ajax: no
2024-12-29T00:30:30+00:00 DEBUG Tt4b_Mapi_Class::mapi_post: Response: 

HTTP/1.1 200 OK
Server: nginx
Content-Type: application/json
Content-Length: 92
X-Tt-Logid: 202412290030301C907C4F30B04984B2E4
Server-Timing: inner; dur=26
x-tt-trace-host: 018e5a586174a888928d793bdac74b79b520593bf434961dbceff88e4b17f9a15651e1e2e7495a78e5f59805753c36ce6ad85f8259da95ddf3e7a0447243981d30d22f0d6918015a035126d3c4b62d07f7960f71010ec31c04d97a9fd4f9f37aa2
x-tt-trace-id: 00-2412290030301C907C4F30B04984B2E4-0895695D87CDDAA6-00
Expires: Sun, 29 Dec 2024 00:30:30 GMT
Cache-Control: max-age=0, no-cache, no-store
Pragma: no-cache
Date: Sun, 29 Dec 2024 00:30:30 GMT
X-Cache: TCP_MISS from a95-101-134-116.deploy.akamaitechnologies.com (AkamaiGHost/11.7.2.1-9611f29bef89eba7b18045b10aa2af98) (-)
Connection: close
x-tt-trace-tag: id=16;cdn-cache=miss;type=dyn
Server-Timing: cdn-cache; desc=MISS, edge; dur=0, origin; dur=108
X-Origin-Response-Time: 108,95.101.134.116
X-Akamai-Request-ID: 2294f89b

{"code": 0, "message": "OK", "request_id": "202412290030301C907C4F30B04984B2E4", "data": {}}
2024-12-29T00:31:00+00:00 DEBUG POST: https://business-api.tiktok.com/open_api/v1.3/event/track/

{"partner_name":"WooCommerce","event_source":"web","event_source_id":"CSM79Q3C77UAG1T340I0","data":[{"event":"Pageview","event_id":"67709844bfe07_tt4b_woocommerce_670666209cf1f","event_time":1735432260,"user":{"ip":"66.249.76.44","user_agent":"Mozilla\/5.0 (Linux; Android 6.0.1; Nexus 5X Build\/MMB29P) AppleWebKit\/537.36 (KHTML, like Gecko) Chrome\/131.0.6778.139 Mobile Safari\/537.36 (compatible; Googlebot\/2.1; +http:\/\/www.google.com\/bot.html)","locale":"ar","external_id":"0","email":"e3b0c44298fc1c149afbf4c8996fb92427ae41e4649b934ca495991b7852b855","phone_number":"e3b0c44298fc1c149afbf4c8996fb92427ae41e4649b934ca495991b7852b855","first_name":"e3b0c44298fc1c149afbf4c8996fb92427ae41e4649b934ca495991b7852b855","last_name":"e3b0c44298fc1c149afbf4c8996fb92427ae41e4649b934ca495991b7852b855","zip_code":"e3b0c44298fc1c149afbf4c8996fb92427ae41e4649b934ca495991b7852b855"},"page":{"url":"http:\/\/mail.ibn-sinaa.com\/product\/v-screen-stand\/"}}]}
 ajax: no
2024-12-29T00:31:00+00:00 DEBUG Tt4b_Mapi_Class::mapi_post: Response: 

HTTP/1.1 200 OK
Server: nginx
Content-Type: application/json
Content-Length: 92
X-Tt-Logid: 2024122900310001B53C192C7F997FF7BA
Server-Timing: inner; dur=28
x-tt-trace-host: 018e5a586174a888928d793bdac74b79b520593bf434961dbceff88e4b17f9a15681bc234c45fe06dab0ca3492e25fc78a3eb4e523ff2e6dffefb2ead8de6f9b3197a8081981a94ec0bf49f8c8c6fc6e8c800c870860ed521e4aa974723dc1d46b
x-tt-trace-id: 00-24122900310001B53C192C7F997FF7BA-2926C1C8315277BD-00
Expires: Sun, 29 Dec 2024 00:31:00 GMT
Cache-Control: max-age=0, no-cache, no-store
Pragma: no-cache
Date: Sun, 29 Dec 2024 00:31:00 GMT
X-Cache: TCP_MISS from a95-101-134-116.deploy.akamaitechnologies.com (AkamaiGHost/11.7.2.1-9611f29bef89eba7b18045b10aa2af98) (-)
Connection: close
x-tt-trace-tag: id=16;cdn-cache=miss;type=dyn
Server-Timing: cdn-cache; desc=MISS, edge; dur=0, origin; dur=111
X-Origin-Response-Time: 111,95.101.134.116
X-Akamai-Request-ID: 2295ce48

{"code": 0, "message": "OK", "request_id": "2024122900310001B53C192C7F997FF7BA", "data": {}}
2024-12-29T00:31:01+00:00 DEBUG Tt4b_Pixel_Class::inject_view_content_event: hit ViewContent
2024-12-29T00:31:01+00:00 DEBUG POST: https://business-api.tiktok.com/open_api/v1.3/event/track/

{"partner_name":"WooCommerce","event_source":"web","event_source_id":"CSM79Q3C77UAG1T340I0","data":[{"event":"ViewContent","event_id":"6770984516c65_tt4b_woocommerce_670666209cf1f_4241","event_time":1735432261,"user":{"ip":"66.249.76.44","user_agent":"Mozilla\/5.0 (Linux; Android 6.0.1; Nexus 5X Build\/MMB29P) AppleWebKit\/537.36 (KHTML, like Gecko) Chrome\/131.0.6778.139 Mobile Safari\/537.36 (compatible; Googlebot\/2.1; +http:\/\/www.google.com\/bot.html)","locale":"ar","external_id":"0","email":"e3b0c44298fc1c149afbf4c8996fb92427ae41e4649b934ca495991b7852b855","phone_number":"e3b0c44298fc1c149afbf4c8996fb92427ae41e4649b934ca495991b7852b855","first_name":"e3b0c44298fc1c149afbf4c8996fb92427ae41e4649b934ca495991b7852b855","last_name":"e3b0c44298fc1c149afbf4c8996fb92427ae41e4649b934ca495991b7852b855","zip_code":"e3b0c44298fc1c149afbf4c8996fb92427ae41e4649b934ca495991b7852b855"},"properties":{"contents":[{"price":700,"quantity":1,"content_id":"4241","content_name":"\u0627\u0633\u062a\u0627\u0646\u062f \u0634\u0627\u0634\u0629 V","description":"\u0637\u0628\u0627\u0639\u0629 \u0627\u0633\u062a\u0627\u0646\u062f V \u0645\u0646 \u0645\u062a\u062c\u0631 \u0645\u0643\u062a\u0628\u0629 \u0627\u0628\u0646 \u0633\u064a\u0646\u0627 \u0627\u0644\u0625\u0644\u0643\u062a\u0631\u0648\u0646\u064a\u060c \u0645\u0635\u0645\u0645 \u0644\u0625\u0636\u0627\u0641\u0629 \u0644\u0645\u0633\u0629 \u0645\u0646 \u0627\u0644\u0623\u0646\u0627\u0642\u0629 \u0648\u0627\u0644\u0627\u062d\u062a\u0631\u0627\u0641\u064a\u0629 \u0644\u0639\u0631\u0636 \u0645\u0646\u062a\u062c\u0627\u062a\u0643 \u0623\u0648 \u0645\u0648\u0627\u062f\u0643 \u0627\u0644\u0625\u0639\u0644\u0627\u0646\u064a\u0629. \u064a\u062a\u0645\u064a\u0632 \u0647\u0630\u0627 \u0627\u0644\u0627\u0633\u062a\u0627\u0646\u062f \u0628\u062c\u0648\u062f\u0629 \u0639\u0627\u0644\u064a\u0629 \u0648\u062a\u0635\u0645\u064a\u0645 \u0645\u0646\u062d\u0646\u064a \u064a\u0644\u0641\u062a \u0627\u0644\u0623\u0646\u0638\u0627\u0631 \u0648\u064a\u0639\u0632\u0632 \u0645\u0646 \u062c\u0627\u0630\u0628\u064a\u0629 \u0627\u0644\u0639\u0631\u0636.","availability":"IN_STOCK","sale_price":700,"on_sale":false}],"content_type":"product","currency":"SAR","value":700,"event_trigger_source":"WooCommerce"},"page":{"url":"http:\/\/mail.ibn-sinaa.com\/product\/v-screen-stand\/"}}]}
 ajax: no
2024-12-29T00:31:01+00:00 DEBUG Tt4b_Mapi_Class::mapi_post: Response: 

HTTP/1.1 200 OK
Server: nginx
Content-Type: application/json
Content-Length: 92
X-Tt-Logid: 20241229003101DDE0905D2D1D34C75453
Server-Timing: inner; dur=45
x-tt-trace-host: 018e5a586174a888928d793bdac74b79b51a437ee89a1c03eb2011d034a2e3e9f5c0d7104e6bfddb6b0137a5a2f8eab7e5a592efa35a8ad7a643a63895b128d01f9132b7a00068e869715a1f26073d3a52bfe614d8d6a5a6cfa0d1b622d2d91229
x-tt-trace-id: 00-241229003101DDE0905D2D1D34C75453-77B871A5353E45CD-00
Expires: Sun, 29 Dec 2024 00:31:01 GMT
Cache-Control: max-age=0, no-cache, no-store
Pragma: no-cache
Date: Sun, 29 Dec 2024 00:31:01 GMT
X-Cache: TCP_MISS from a95-101-134-92.deploy.akamaitechnologies.com (AkamaiGHost/11.7.2.1-9611f29bef89eba7b18045b10aa2af98) (-)
Connection: close
x-tt-trace-tag: id=16;cdn-cache=miss;type=dyn
Server-Timing: cdn-cache; desc=MISS, edge; dur=1, origin; dur=131
X-Origin-Response-Time: 131,95.101.134.92
X-Akamai-Request-ID: 507bfd1

{"code": 0, "message": "OK", "request_id": "20241229003101DDE0905D2D1D34C75453", "data": {}}
2024-12-29T00:31:09+00:00 DEBUG POST: https://business-api.tiktok.com/open_api/v1.3/event/track/

{"partner_name":"WooCommerce","event_source":"web","event_source_id":"CSM79Q3C77UAG1T340I0","data":[{"event":"Pageview","event_id":"6770984de5b9e_tt4b_woocommerce_670666209cf1f","event_time":1735432269,"user":{"ip":"66.249.66.72","user_agent":"Mozilla\/5.0 (compatible; Googlebot\/2.1; +http:\/\/www.google.com\/bot.html)","locale":"ar","external_id":"0","email":"e3b0c44298fc1c149afbf4c8996fb92427ae41e4649b934ca495991b7852b855","phone_number":"e3b0c44298fc1c149afbf4c8996fb92427ae41e4649b934ca495991b7852b855","first_name":"e3b0c44298fc1c149afbf4c8996fb92427ae41e4649b934ca495991b7852b855","last_name":"e3b0c44298fc1c149afbf4c8996fb92427ae41e4649b934ca495991b7852b855","zip_code":"e3b0c44298fc1c149afbf4c8996fb92427ae41e4649b934ca495991b7852b855"},"page":{"url":"http:\/\/ibn-sinaa.com\/product\/v-screen-stand\/"}}]}
 ajax: no
2024-12-29T00:31:10+00:00 DEBUG Tt4b_Mapi_Class::mapi_post: Response: 

HTTP/1.1 200 OK
Server: nginx
Content-Type: application/json
Content-Length: 92
X-Tt-Logid: 20241229003110BC3A46594AC6F1A1FF1E
Server-Timing: inner; dur=73
x-tt-trace-host: 018e5a586174a888928d793bdac74b79b51a437ee89a1c03eb2011d034a2e3e9f5e00ee912ac5da7b167efbc329f41e47bb30574b51cc38fe55217e7994f3bcd401f545fef55d3c92caeb9697909df585e898c597d9f84de9d414d55f2d3659ee9
x-tt-trace-id: 00-241229003110BC3A46594AC6F1A1FF1E-5FA8E67E87D4EB1D-00
Expires: Sun, 29 Dec 2024 00:31:10 GMT
Cache-Control: max-age=0, no-cache, no-store
Pragma: no-cache
Date: Sun, 29 Dec 2024 00:31:10 GMT
X-Cache: TCP_MISS from a95-101-134-92.deploy.akamaitechnologies.com (AkamaiGHost/11.7.2.1-9611f29bef89eba7b18045b10aa2af98) (-)
Connection: close
x-tt-trace-tag: id=16;cdn-cache=miss;type=dyn
Server-Timing: cdn-cache; desc=MISS, edge; dur=1, origin; dur=155
X-Origin-Response-Time: 155,95.101.134.92
X-Akamai-Request-ID: 5081cd5

{"code": 0, "message": "OK", "request_id": "20241229003110BC3A46594AC6F1A1FF1E", "data": {}}
2024-12-29T00:31:10+00:00 DEBUG Tt4b_Pixel_Class::inject_view_content_event: hit ViewContent
2024-12-29T00:31:10+00:00 DEBUG POST: https://business-api.tiktok.com/open_api/v1.3/event/track/

{"partner_name":"WooCommerce","event_source":"web","event_source_id":"CSM79Q3C77UAG1T340I0","data":[{"event":"ViewContent","event_id":"6770984e42b93_tt4b_woocommerce_670666209cf1f_4241","event_time":1735432270,"user":{"ip":"66.249.66.72","user_agent":"Mozilla\/5.0 (compatible; Googlebot\/2.1; +http:\/\/www.google.com\/bot.html)","locale":"ar","external_id":"0","email":"e3b0c44298fc1c149afbf4c8996fb92427ae41e4649b934ca495991b7852b855","phone_number":"e3b0c44298fc1c149afbf4c8996fb92427ae41e4649b934ca495991b7852b855","first_name":"e3b0c44298fc1c149afbf4c8996fb92427ae41e4649b934ca495991b7852b855","last_name":"e3b0c44298fc1c149afbf4c8996fb92427ae41e4649b934ca495991b7852b855","zip_code":"e3b0c44298fc1c149afbf4c8996fb92427ae41e4649b934ca495991b7852b855"},"properties":{"contents":[{"price":700,"quantity":1,"content_id":"4241","content_name":"\u0627\u0633\u062a\u0627\u0646\u062f \u0634\u0627\u0634\u0629 V","description":"\u0637\u0628\u0627\u0639\u0629 \u0627\u0633\u062a\u0627\u0646\u062f V \u0645\u0646 \u0645\u062a\u062c\u0631 \u0645\u0643\u062a\u0628\u0629 \u0627\u0628\u0646 \u0633\u064a\u0646\u0627 \u0627\u0644\u0625\u0644\u0643\u062a\u0631\u0648\u0646\u064a\u060c \u0645\u0635\u0645\u0645 \u0644\u0625\u0636\u0627\u0641\u0629 \u0644\u0645\u0633\u0629 \u0645\u0646 \u0627\u0644\u0623\u0646\u0627\u0642\u0629 \u0648\u0627\u0644\u0627\u062d\u062a\u0631\u0627\u0641\u064a\u0629 \u0644\u0639\u0631\u0636 \u0645\u0646\u062a\u062c\u0627\u062a\u0643 \u0623\u0648 \u0645\u0648\u0627\u062f\u0643 \u0627\u0644\u0625\u0639\u0644\u0627\u0646\u064a\u0629. \u064a\u062a\u0645\u064a\u0632 \u0647\u0630\u0627 \u0627\u0644\u0627\u0633\u062a\u0627\u0646\u062f \u0628\u062c\u0648\u062f\u0629 \u0639\u0627\u0644\u064a\u0629 \u0648\u062a\u0635\u0645\u064a\u0645 \u0645\u0646\u062d\u0646\u064a \u064a\u0644\u0641\u062a \u0627\u0644\u0623\u0646\u0638\u0627\u0631 \u0648\u064a\u0639\u0632\u0632 \u0645\u0646 \u062c\u0627\u0630\u0628\u064a\u0629 \u0627\u0644\u0639\u0631\u0636.","availability":"IN_STOCK","sale_price":700,"on_sale":false}],"content_type":"product","currency":"SAR","value":700,"event_trigger_source":"WooCommerce"},"page":{"url":"http:\/\/ibn-sinaa.com\/product\/v-screen-stand\/"}}]}
 ajax: no
2024-12-29T00:31:10+00:00 DEBUG Tt4b_Mapi_Class::mapi_post: Response: 

HTTP/1.1 200 OK
Server: nginx
Content-Type: application/json
Content-Length: 92
X-Tt-Logid: 2024122900311024E10B7DB73072E00FEB
x-tt-trace-host: 018e5a586174a888928d793bdac74b79b519a86797e72c2eba011e03e23beee17d06fc992dc98fa48327f62ef3b896bec503847dbb132a7de000b0f122f1be0970225bd3a3595b29297bcdf436f381d985378210d9d3ca834477f490e326614be9e10fb63071a8fe7296c4f12cc2b6d612
x-tt-trace-id: 00-24122900311024E10B7DB73072E00FEB-72C92C993BF67371-00
X-Origin-Response-Time: 39,23.218.219.50
X-Akamai-Request-ID: 46c0a717.22960c27
Expires: Sun, 29 Dec 2024 00:31:10 GMT
Cache-Control: max-age=0, no-cache, no-store
Pragma: no-cache
Date: Sun, 29 Dec 2024 00:31:10 GMT
X-Cache: TCP_MISS from a95-101-134-116.deploy.akamaitechnologies.com (AkamaiGHost/11.7.2.1-9611f29bef89eba7b18045b10aa2af98) (-)
Connection: close
X-Cache-Remote: TCP_MISS from a23-218-219-50.deploy.akamaitechnologies.com (AkamaiGHost/11.7.2.1-9611f29bef89eba7b18045b10aa2af98) (-)
x-tt-trace-tag: id=16;cdn-cache=miss;type=dyn
Server-Timing: cdn-cache; desc=MISS, edge; dur=97, origin; dur=39
Server-Timing: inner; dur=25
X-Parent-Response-Time: 136,95.101.134.116

{"code": 0, "message": "OK", "request_id": "2024122900311024E10B7DB73072E00FEB", "data": {}}
2024-12-29T00:33:28+00:00 DEBUG POST: https://business-api.tiktok.com/open_api/v1.3/event/track/

{"partner_name":"WooCommerce","event_source":"web","event_source_id":"CSM79Q3C77UAG1T340I0","data":[{"event":"Pageview","event_id":"677098d8db836_tt4b_woocommerce_670666209cf1f","event_time":1735432408,"user":{"ip":"216.244.66.233","user_agent":"Mozilla\/5.0 (compatible; DotBot\/1.2; +https:\/\/opensiteexplorer.org\/dotbot; help@moz.com)","locale":"ar","external_id":"0","email":"e3b0c44298fc1c149afbf4c8996fb92427ae41e4649b934ca495991b7852b855","phone_number":"e3b0c44298fc1c149afbf4c8996fb92427ae41e4649b934ca495991b7852b855","first_name":"e3b0c44298fc1c149afbf4c8996fb92427ae41e4649b934ca495991b7852b855","last_name":"e3b0c44298fc1c149afbf4c8996fb92427ae41e4649b934ca495991b7852b855","zip_code":"e3b0c44298fc1c149afbf4c8996fb92427ae41e4649b934ca495991b7852b855"},"page":{"url":"http:\/\/mail.ibn-sinaa.com\/product-tag\/%D8%B7%D8%A8%D8%A7%D8%B9%D9%87-%D8%A8%D9%86%D8%B1\/page\/2\/"}}]}
 ajax: no
2024-12-29T00:33:29+00:00 DEBUG Tt4b_Mapi_Class::mapi_post: Response: 

HTTP/1.1 200 OK
Server: nginx
Content-Type: application/json
Content-Length: 92
X-Tt-Logid: 2024122900332956DD392BEE142C400846
x-tt-trace-host: 018e5a586174a888928d793bdac74b79b56517d7628cf0ffdff56b078ad2cf56157c300d23b0cb2f769a595a158b8fb09e55a97f2606c7cd58c3f611c6aec6eeb5c6a0a57a313e8b40df5d41b2821232aa7460f0471c70eb6019ae9d1de3f4468638067d99d44895b6f5c0194203456872
x-tt-trace-id: 00-24122900332956DD392BEE142C400846-4F34BCFE598FAB3D-00
X-Origin-Response-Time: 68,23.213.246.203
X-Akamai-Request-ID: 7bae76c7.50da83b
Expires: Sun, 29 Dec 2024 00:33:29 GMT
Cache-Control: max-age=0, no-cache, no-store
Pragma: no-cache
Date: Sun, 29 Dec 2024 00:33:29 GMT
X-Cache: TCP_MISS from a95-101-134-92.deploy.akamaitechnologies.com (AkamaiGHost/11.7.2.1-9611f29bef89eba7b18045b10aa2af98) (-)
Connection: close
X-Cache-Remote: TCP_MISS from a23-213-246-203.deploy.akamaitechnologies.com (AkamaiGHost/11.7.2.1-9611f29bef89eba7b18045b10aa2af98) (-)
x-tt-trace-tag: id=16;cdn-cache=miss;type=dyn
Server-Timing: cdn-cache; desc=MISS, edge; dur=81, origin; dur=68
Server-Timing: inner; dur=64
X-Parent-Response-Time: 149,95.101.134.92

{"code": 0, "message": "OK", "request_id": "2024122900332956DD392BEE142C400846", "data": {}}
2024-12-29T00:36:35+00:00 DEBUG POST: https://business-api.tiktok.com/open_api/v1.3/event/track/

{"partner_name":"WooCommerce","event_source":"web","event_source_id":"CSM79Q3C77UAG1T340I0","data":[{"event":"Pageview","event_id":"677099932b33f_tt4b_woocommerce_670666209cf1f","event_time":1735432595,"user":{"ip":"66.249.66.71","user_agent":"Mozilla\/5.0 (Linux; Android 6.0.1; Nexus 5X Build\/MMB29P) AppleWebKit\/537.36 (KHTML, like Gecko) Chrome\/131.0.6778.139 Mobile Safari\/537.36 (compatible; Googlebot\/2.1; +http:\/\/www.google.com\/bot.html)","locale":"ar","external_id":"0","email":"e3b0c44298fc1c149afbf4c8996fb92427ae41e4649b934ca495991b7852b855","phone_number":"e3b0c44298fc1c149afbf4c8996fb92427ae41e4649b934ca495991b7852b855","first_name":"e3b0c44298fc1c149afbf4c8996fb92427ae41e4649b934ca495991b7852b855","last_name":"e3b0c44298fc1c149afbf4c8996fb92427ae41e4649b934ca495991b7852b855","zip_code":"e3b0c44298fc1c149afbf4c8996fb92427ae41e4649b934ca495991b7852b855"},"page":{"url":"http:\/\/ibn-sinaa.com\/types-of-personal-cards\/"}}]}
 ajax: no
2024-12-29T00:36:35+00:00 DEBUG Tt4b_Mapi_Class::mapi_post: Response: 

HTTP/1.1 200 OK
Server: nginx
Content-Type: application/json
Content-Length: 92
X-Tt-Logid: 20241229003635D378DA740F3768ED5F70
Server-Timing: inner; dur=30
x-tt-trace-host: 018e5a586174a888928d793bdac74b79b51a437ee89a1c03eb2011d034a2e3e9f5588ba070a9b3990b04f701ff4874ce51b2b90ec37ea244cb551112eff11f69b60c257f0a8defede9f133fdfd2d0745dd38ab02668892c5ac176378bead9e251a
x-tt-trace-id: 00-241229003635D378DA740F3768ED5F70-3CD0581442332283-00
Expires: Sun, 29 Dec 2024 00:36:35 GMT
Cache-Control: max-age=0, no-cache, no-store
Pragma: no-cache
Date: Sun, 29 Dec 2024 00:36:35 GMT
X-Cache: TCP_MISS from a95-101-134-92.deploy.akamaitechnologies.com (AkamaiGHost/11.7.2.1-9611f29bef89eba7b18045b10aa2af98) (-)
Connection: close
x-tt-trace-tag: id=16;cdn-cache=miss;type=dyn
Server-Timing: cdn-cache; desc=MISS, edge; dur=0, origin; dur=110
X-Origin-Response-Time: 110,95.101.134.92
X-Akamai-Request-ID: 514ffeb

{"code": 0, "message": "OK", "request_id": "20241229003635D378DA740F3768ED5F70", "data": {}}
2024-12-29T00:46:57+00:00 DEBUG POST: https://business-api.tiktok.com/open_api/v1.3/event/track/

{"partner_name":"WooCommerce","event_source":"web","event_source_id":"CSM79Q3C77UAG1T340I0","data":[{"event":"Pageview","event_id":"67709c017e7ee_tt4b_woocommerce_670666209cf1f","event_time":1735433217,"user":{"ip":"185.191.171.1","user_agent":"Mozilla\/5.0 (compatible; SemrushBot\/7~bl; +http:\/\/www.semrush.com\/bot.html)","locale":"ar","external_id":"0","email":"e3b0c44298fc1c149afbf4c8996fb92427ae41e4649b934ca495991b7852b855","phone_number":"e3b0c44298fc1c149afbf4c8996fb92427ae41e4649b934ca495991b7852b855","first_name":"e3b0c44298fc1c149afbf4c8996fb92427ae41e4649b934ca495991b7852b855","last_name":"e3b0c44298fc1c149afbf4c8996fb92427ae41e4649b934ca495991b7852b855","zip_code":"e3b0c44298fc1c149afbf4c8996fb92427ae41e4649b934ca495991b7852b855"},"page":{"url":"http:\/\/mail.ibn-sinaa.com\/product-tag\/%D8%A7%D8%B3%D8%AA%D8%A7%D9%86%D8%AF%D8%A7%D8%AA\/"}}]}
 ajax: no
2024-12-29T00:46:57+00:00 DEBUG Tt4b_Mapi_Class::mapi_post: Response: 

HTTP/1.1 200 OK
Server: nginx
Content-Type: application/json
Content-Length: 92
X-Tt-Logid: 20241229004657F4B191056E956D04A097
Server-Timing: inner; dur=20
x-tt-trace-host: 018e5a586174a888928d793bdac74b79b51a437ee89a1c03eb2011d034a2e3e9f58a09757c505f97dfc84d292b58c9a9f67384cc8769b41ffd22c10c108b705831a0bf405d224e790a29e428ac8b2f223be1de3fe5079dcda7c168fa7f3da1a83b
x-tt-trace-id: 00-241229004657F4B191056E956D04A097-3B6E06977E034677-00
Expires: Sun, 29 Dec 2024 00:46:57 GMT
Cache-Control: max-age=0, no-cache, no-store
Pragma: no-cache
Date: Sun, 29 Dec 2024 00:46:57 GMT
X-Cache: TCP_MISS from a95-101-134-92.deploy.akamaitechnologies.com (AkamaiGHost/11.7.2.1-9611f29bef89eba7b18045b10aa2af98) (-)
Connection: close
x-tt-trace-tag: id=16;cdn-cache=miss;type=dyn
Server-Timing: cdn-cache; desc=MISS, edge; dur=0, origin; dur=100
X-Origin-Response-Time: 100,95.101.134.92
X-Akamai-Request-ID: 5291cb7

{"code": 0, "message": "OK", "request_id": "20241229004657F4B191056E956D04A097", "data": {}}
2024-12-29T00:49:51+00:00 DEBUG POST: https://business-api.tiktok.com/open_api/v1.3/event/track/

{"partner_name":"WooCommerce","event_source":"web","event_source_id":"CSM79Q3C77UAG1T340I0","data":[{"event":"Pageview","event_id":"67709caf0b085_tt4b_woocommerce_670666209cf1f","event_time":1735433391,"user":{"ip":"41.216.188.18","user_agent":"python-requests\/2.27.1","locale":"ar","external_id":"0","email":"e3b0c44298fc1c149afbf4c8996fb92427ae41e4649b934ca495991b7852b855","phone_number":"e3b0c44298fc1c149afbf4c8996fb92427ae41e4649b934ca495991b7852b855","first_name":"e3b0c44298fc1c149afbf4c8996fb92427ae41e4649b934ca495991b7852b855","last_name":"e3b0c44298fc1c149afbf4c8996fb92427ae41e4649b934ca495991b7852b855","zip_code":"e3b0c44298fc1c149afbf4c8996fb92427ae41e4649b934ca495991b7852b855"},"page":{"url":"http:\/\/www.ibn-sinaa.com\/style.php"}}]}
 ajax: no
2024-12-29T00:49:51+00:00 DEBUG Tt4b_Mapi_Class::mapi_post: Response: 

HTTP/1.1 200 OK
Server: nginx
Content-Type: application/json
Content-Length: 92
X-Tt-Logid: 2024122900495106070D76BADE10ED796A
x-tt-trace-host: 018e5a586174a888928d793bdac74b79b519a86797e72c2eba011e03e23beee17d778347fdd9afe77ae03051eb9e0db4030ca3cf3fbc6eeaf3bab66cdb59eafd51cea6f80d77a47f6015716a2d5ba44ce9272ff8723ea7aef2a5969ca55c6d057c549460511cf67224dbc7a22bf16c9bb4
x-tt-trace-id: 00-24122900495106070D76BADE10ED796A-3B6E06977E12F10B-00
X-Origin-Response-Time: 49,23.218.219.8
X-Akamai-Request-ID: 48f9ecbe.22af9cf0
Expires: Sun, 29 Dec 2024 00:49:51 GMT
Cache-Control: max-age=0, no-cache, no-store
Pragma: no-cache
Date: Sun, 29 Dec 2024 00:49:51 GMT
X-Cache: TCP_MISS from a95-101-134-116.deploy.akamaitechnologies.com (AkamaiGHost/11.7.2.1-9611f29bef89eba7b18045b10aa2af98) (-)
Connection: close
X-Cache-Remote: TCP_MISS from a23-218-219-8.deploy.akamaitechnologies.com (AkamaiGHost/11.7.2.1-9611f29bef89eba7b18045b10aa2af98) (-)
x-tt-trace-tag: id=16;cdn-cache=miss;type=dyn
Server-Timing: cdn-cache; desc=MISS, edge; dur=98, origin; dur=48
Server-Timing: inner; dur=45
X-Parent-Response-Time: 146,95.101.134.116

{"code": 0, "message": "OK", "request_id": "2024122900495106070D76BADE10ED796A", "data": {}}
2024-12-29T00:50:08+00:00 DEBUG POST: https://business-api.tiktok.com/open_api/v1.3/event/track/

{"partner_name":"WooCommerce","event_source":"web","event_source_id":"CSM79Q3C77UAG1T340I0","data":[{"event":"Pageview","event_id":"67709cc0d2170_tt4b_woocommerce_670666209cf1f","event_time":1735433408,"user":{"ip":"41.216.188.18","user_agent":"python-requests\/2.27.1","locale":"ar","external_id":"0","email":"e3b0c44298fc1c149afbf4c8996fb92427ae41e4649b934ca495991b7852b855","phone_number":"e3b0c44298fc1c149afbf4c8996fb92427ae41e4649b934ca495991b7852b855","first_name":"e3b0c44298fc1c149afbf4c8996fb92427ae41e4649b934ca495991b7852b855","last_name":"e3b0c44298fc1c149afbf4c8996fb92427ae41e4649b934ca495991b7852b855","zip_code":"e3b0c44298fc1c149afbf4c8996fb92427ae41e4649b934ca495991b7852b855"},"page":{"url":"http:\/\/www.ibn-sinaa.com\/wp-content\/plugins\/helloblogs\/wp-apxupx.php?apx=upx"}}]}
 ajax: no
2024-12-29T00:50:09+00:00 DEBUG Tt4b_Mapi_Class::mapi_post: Response: 

HTTP/1.1 200 OK
Server: nginx
Content-Type: application/json
Content-Length: 92
X-Tt-Logid: 2024122900500911F37E23F228B1778B73
x-tt-trace-host: 018e5a586174a888928d793bdac74b79b56517d7628cf0ffdff56b078ad2cf561533caac558e1a0d57d3426ed24118b746d1d5db573672cbba75c5111287901e0a934732c1ce9d33c3afb5cbf8cba97a66a7de4d65f284f38ff51c40168a07dff04e2d3eb087e0ade9cb0d786d2ea33a7b
x-tt-trace-id: 00-24122900500911F37E23F228B1778B73-4B3D4C2F6C72D7AB-00
X-Origin-Response-Time: 30,23.32.17.37
X-Akamai-Request-ID: 17183ac1.52e9ba5
Expires: Sun, 29 Dec 2024 00:50:09 GMT
Cache-Control: max-age=0, no-cache, no-store
Pragma: no-cache
Date: Sun, 29 Dec 2024 00:50:09 GMT
X-Cache: TCP_MISS from a95-101-134-92.deploy.akamaitechnologies.com (AkamaiGHost/11.7.2.1-9611f29bef89eba7b18045b10aa2af98) (-)
Connection: close
X-Cache-Remote: TCP_MISS from a23-32-17-37.deploy.akamaitechnologies.com (AkamaiGHost/11.7.2.1-9611f29bef89eba7b18045b10aa2af98) (-)
x-tt-trace-tag: id=16;cdn-cache=miss;type=dyn
Server-Timing: cdn-cache; desc=MISS, edge; dur=88, origin; dur=30
Server-Timing: inner; dur=26
X-Parent-Response-Time: 118,95.101.134.92

{"code": 0, "message": "OK", "request_id": "2024122900500911F37E23F228B1778B73", "data": {}}
2024-12-29T00:56:49+00:00 DEBUG POST: https://business-api.tiktok.com/open_api/v1.3/event/track/

{"partner_name":"WooCommerce","event_source":"web","event_source_id":"CSM79Q3C77UAG1T340I0","data":[{"event":"Pageview","event_id":"67709e51ce74f_tt4b_woocommerce_670666209cf1f","event_time":1735433809,"user":{"ip":"66.249.66.166","user_agent":"GoogleBot","locale":"ar","external_id":"0","email":"e3b0c44298fc1c149afbf4c8996fb92427ae41e4649b934ca495991b7852b855","phone_number":"e3b0c44298fc1c149afbf4c8996fb92427ae41e4649b934ca495991b7852b855","first_name":"e3b0c44298fc1c149afbf4c8996fb92427ae41e4649b934ca495991b7852b855","last_name":"e3b0c44298fc1c149afbf4c8996fb92427ae41e4649b934ca495991b7852b855","zip_code":"e3b0c44298fc1c149afbf4c8996fb92427ae41e4649b934ca495991b7852b855"},"page":{"url":"http:\/\/www.ibn-sinaa.com\/"}}]}
 ajax: no
2024-12-29T00:56:50+00:00 DEBUG Tt4b_Mapi_Class::mapi_post: Response: 

HTTP/1.1 200 OK
Server: nginx
Content-Type: application/json
Content-Length: 92
X-Tt-Logid: 20241229005649D5BE07A5ABE18C7F0E8B
Server-Timing: inner; dur=28
x-tt-trace-host: 018e5a586174a888928d793bdac74b79b51a437ee89a1c03eb2011d034a2e3e9f5b6ee270ac5fa612aeb7203cf0c034878b1a7caafcdb538ff597611fe21fad8fb3c9c1e74841af155ff64573c87ed982557e5835a07e753975e6e58a6151a4f70
x-tt-trace-id: 00-241229005649D5BE07A5ABE18C7F0E8B-02DB19E131F0A939-00
Expires: Sun, 29 Dec 2024 00:56:50 GMT
Cache-Control: max-age=0, no-cache, no-store
Pragma: no-cache
Date: Sun, 29 Dec 2024 00:56:50 GMT
X-Cache: TCP_MISS from a95-101-134-92.deploy.akamaitechnologies.com (AkamaiGHost/11.7.2.1-9611f29bef89eba7b18045b10aa2af98) (-)
Connection: close
x-tt-trace-tag: id=16;cdn-cache=miss;type=dyn
Server-Timing: cdn-cache; desc=MISS, edge; dur=0, origin; dur=111
X-Origin-Response-Time: 111,95.101.134.92
X-Akamai-Request-ID: 539c547

{"code": 0, "message": "OK", "request_id": "20241229005649D5BE07A5ABE18C7F0E8B", "data": {}}
2024-12-29T00:58:26+00:00 DEBUG POST: https://business-api.tiktok.com/open_api/v1.3/event/track/

{"partner_name":"WooCommerce","event_source":"web","event_source_id":"CSM79Q3C77UAG1T340I0","data":[{"event":"Pageview","event_id":"67709eb2ce6e7_tt4b_woocommerce_670666209cf1f","event_time":1735433906,"user":{"ip":"66.249.66.167","user_agent":"Mozilla\/5.0 (Linux; Android 6.0.1; Nexus 5X Build\/MMB29P) AppleWebKit\/537.36 (KHTML, like Gecko) Chrome\/131.0.6778.139 Mobile Safari\/537.36 (compatible; Googlebot\/2.1; +http:\/\/www.google.com\/bot.html)","locale":"ar","external_id":"0","email":"e3b0c44298fc1c149afbf4c8996fb92427ae41e4649b934ca495991b7852b855","phone_number":"e3b0c44298fc1c149afbf4c8996fb92427ae41e4649b934ca495991b7852b855","first_name":"e3b0c44298fc1c149afbf4c8996fb92427ae41e4649b934ca495991b7852b855","last_name":"e3b0c44298fc1c149afbf4c8996fb92427ae41e4649b934ca495991b7852b855","zip_code":"e3b0c44298fc1c149afbf4c8996fb92427ae41e4649b934ca495991b7852b855"},"page":{"url":"http:\/\/www.ibn-sinaa.com\/en\/product-tag\/%D8%B7%D8%A8%D8%A7%D8%B9%D8%A9-%D8%B4%D8%B1%D9%83%D8%A7%D8%AA\/"}}]}
 ajax: no
2024-12-29T00:58:27+00:00 DEBUG Tt4b_Mapi_Class::mapi_post: Response: 

HTTP/1.1 200 OK
Server: nginx
Content-Type: application/json
Content-Length: 92
X-Tt-Logid: 20241229005826BC56EED940EEE3A231ED
x-tt-trace-host: 018e5a586174a888928d793bdac74b79b519a86797e72c2eba011e03e23beee17d7433cef50818027407e33b33fbed355dd3c0df1485accfb6315c3aae8233bbce8825cffb4bbbf0877ec82c4d064f455d5376e716d70bd7aa2b367210726a10a98dfa8863862eb19b6349b27de1eaf468
x-tt-trace-id: 00-241229005826BC56EED940EEE3A231ED-28785FC80A896194-00
X-Origin-Response-Time: 43,23.55.100.232
X-Akamai-Request-ID: 7a8d60c1.22b94fda
Expires: Sun, 29 Dec 2024 00:58:27 GMT
Cache-Control: max-age=0, no-cache, no-store
Pragma: no-cache
Date: Sun, 29 Dec 2024 00:58:27 GMT
X-Cache: TCP_MISS from a95-101-134-116.deploy.akamaitechnologies.com (AkamaiGHost/11.7.2.1-9611f29bef89eba7b18045b10aa2af98) (-)
Connection: close
X-Cache-Remote: TCP_MISS from a23-55-100-232.deploy.akamaitechnologies.com (AkamaiGHost/11.7.2.1-9611f29bef89eba7b18045b10aa2af98) (-)
x-tt-trace-tag: id=16;cdn-cache=miss;type=dyn
Server-Timing: cdn-cache; desc=MISS, edge; dur=82, origin; dur=43
Server-Timing: inner; dur=39
X-Parent-Response-Time: 123,95.101.134.116

{"code": 0, "message": "OK", "request_id": "20241229005826BC56EED940EEE3A231ED", "data": {}}
2024-12-29T01:00:30+00:00 DEBUG POST: https://business-api.tiktok.com/open_api/v1.3/event/track/

{"partner_name":"WooCommerce","event_source":"web","event_source_id":"CSM79Q3C77UAG1T340I0","data":[{"event":"Pageview","event_id":"67709f2e785ea_tt4b_woocommerce_670666209cf1f","event_time":1735434030,"user":{"ip":"66.249.66.167","user_agent":"Mozilla\/5.0 (Linux; Android 6.0.1; Nexus 5X Build\/MMB29P) AppleWebKit\/537.36 (KHTML, like Gecko) Chrome\/131.0.6778.139 Mobile Safari\/537.36 (compatible; Googlebot\/2.1; +http:\/\/www.google.com\/bot.html)","locale":"ar","external_id":"0","email":"e3b0c44298fc1c149afbf4c8996fb92427ae41e4649b934ca495991b7852b855","phone_number":"e3b0c44298fc1c149afbf4c8996fb92427ae41e4649b934ca495991b7852b855","first_name":"e3b0c44298fc1c149afbf4c8996fb92427ae41e4649b934ca495991b7852b855","last_name":"e3b0c44298fc1c149afbf4c8996fb92427ae41e4649b934ca495991b7852b855","zip_code":"e3b0c44298fc1c149afbf4c8996fb92427ae41e4649b934ca495991b7852b855"},"page":{"url":"http:\/\/www.ibn-sinaa.com\/product\/table-with-umbrella\/"}}]}
 ajax: no
2024-12-29T01:00:30+00:00 DEBUG Tt4b_Mapi_Class::mapi_post: Response: 

HTTP/1.1 200 OK
Server: nginx
Content-Type: application/json
Content-Length: 92
X-Tt-Logid: 202412290100302FB4672495F1F68147C9
x-tt-trace-host: 018e5a586174a888928d793bdac74b79b519a86797e72c2eba011e03e23beee17d2ae8b694c8d6e24d1ce984535c6a3b1434667b842f84b251adb3c8bf9917c45346c6870056ae356fc7d6393ed481e20945c3f304bba9abc0260f49ca25b8f4937752c0f6cac80cbdf855bb353040e1a2
x-tt-trace-id: 00-2412290100302FB4672495F1F68147C9-370F1A9B3BD0E18D-00
X-Origin-Response-Time: 41,23.213.246.201
X-Akamai-Request-ID: 3c0ca6e1.22bb8e28
Expires: Sun, 29 Dec 2024 01:00:30 GMT
Cache-Control: max-age=0, no-cache, no-store
Pragma: no-cache
Date: Sun, 29 Dec 2024 01:00:30 GMT
X-Cache: TCP_MISS from a95-101-134-116.deploy.akamaitechnologies.com (AkamaiGHost/11.7.2.1-9611f29bef89eba7b18045b10aa2af98) (-)
Connection: close
X-Cache-Remote: TCP_MISS from a23-213-246-201.deploy.akamaitechnologies.com (AkamaiGHost/11.7.2.1-9611f29bef89eba7b18045b10aa2af98) (-)
x-tt-trace-tag: id=16;cdn-cache=miss;type=dyn
Server-Timing: cdn-cache; desc=MISS, edge; dur=83, origin; dur=41
Server-Timing: inner; dur=36
X-Parent-Response-Time: 124,95.101.134.116

{"code": 0, "message": "OK", "request_id": "202412290100302FB4672495F1F68147C9", "data": {}}
2024-12-29T01:00:30+00:00 DEBUG Tt4b_Pixel_Class::inject_view_content_event: hit ViewContent
2024-12-29T01:00:30+00:00 DEBUG POST: https://business-api.tiktok.com/open_api/v1.3/event/track/

{"partner_name":"WooCommerce","event_source":"web","event_source_id":"CSM79Q3C77UAG1T340I0","data":[{"event":"ViewContent","event_id":"67709f2ec53ba_tt4b_woocommerce_670666209cf1f_4321","event_time":1735434030,"user":{"ip":"66.249.66.167","user_agent":"Mozilla\/5.0 (Linux; Android 6.0.1; Nexus 5X Build\/MMB29P) AppleWebKit\/537.36 (KHTML, like Gecko) Chrome\/131.0.6778.139 Mobile Safari\/537.36 (compatible; Googlebot\/2.1; +http:\/\/www.google.com\/bot.html)","locale":"ar","external_id":"0","email":"e3b0c44298fc1c149afbf4c8996fb92427ae41e4649b934ca495991b7852b855","phone_number":"e3b0c44298fc1c149afbf4c8996fb92427ae41e4649b934ca495991b7852b855","first_name":"e3b0c44298fc1c149afbf4c8996fb92427ae41e4649b934ca495991b7852b855","last_name":"e3b0c44298fc1c149afbf4c8996fb92427ae41e4649b934ca495991b7852b855","zip_code":"e3b0c44298fc1c149afbf4c8996fb92427ae41e4649b934ca495991b7852b855"},"properties":{"contents":[{"price":950,"quantity":1,"content_id":"4321","content_name":"\u0637\u0627\u0648\u0644\u0629 \u0645\u0639 \u0645\u0636\u0644\u0629","description":"\u0637\u0627\u0648\u0644\u0629 \u0645\u0639 \u0645\u0638\u0644\u0629 : \u0645\u062b\u0627\u0644\u064a\u0629 \u0644\u0639\u0631\u0636 \u0627\u0644\u0645\u0646\u062a\u062c\u0627\u062a \u0648\u0627\u0644\u062e\u062f\u0645\u0627\u062a \u0628\u062c\u0648\u062f\u0629 \u0639\u0627\u0644\u064a\u0629 \u0648\u062a\u0635\u0645\u064a\u0645 \u062c\u0630\u0627\u0628. \u0645\u062b\u0627\u0644\u064a\u0629 \u0644\u0644\u0627\u0633\u062a\u062e\u062f\u0627\u0645 \u0641\u064a \u0627\u0644\u0645\u0639\u0627\u0631\u0636 \u0648\u0627\u0644\u0641\u0639\u0627\u0644\u064a\u0627\u062a \u0627\u0644\u062a\u0633\u0648\u064a\u0642\u064a\u0629\u060c \u062a\u062a\u0645\u064a\u0632 \u0628\u0645\u062a\u0627\u0646\u062a\u0647\u0627 \u0648\u0633\u0647\u0648\u0644\u0629 \u0646\u0642\u0644\u0647\u0627 \u0648\u062a\u0631\u0643\u064a\u0628\u0647\u0627. \u062a\u062c\u0639\u0644 \u0639\u0631\u0636 \u0645\u0646\u062a\u062c\u0627\u062a\u0643 \u0623\u0643\u062b\u0631 \u062c\u0627\u0630\u0628\u064a\u0629 \u0648\u062a\u0646\u0638\u064a\u0645\u064b\u0627.","availability":"IN_STOCK","sale_price":950,"on_sale":false}],"content_type":"product","currency":"SAR","value":950,"event_trigger_source":"WooCommerce"},"page":{"url":"http:\/\/www.ibn-sinaa.com\/product\/table-with-umbrella\/"}}]}
 ajax: no
2024-12-29T01:00:30+00:00 DEBUG Tt4b_Mapi_Class::mapi_post: Response: 

HTTP/1.1 200 OK
Server: nginx
Content-Type: application/json
Content-Length: 92
X-Tt-Logid: 2024122901003093DD59FE298654808DAF
x-tt-trace-host: 018e5a586174a888928d793bdac74b79b56517d7628cf0ffdff56b078ad2cf5615e9532a8440ca1bcaebc628032267b348267450f969cb08af2e32b2d652b5b359a9f912914fa703d3a7436b680d89fab3d6207c4d5d96770f0dded2d16f60e3293d734ec4a0939efb48fc0c5e3f0a0475
x-tt-trace-id: 00-24122901003093DD59FE298654808DAF-28785FC80A805E5C-00
X-Origin-Response-Time: 32,23.218.219.12
X-Akamai-Request-ID: 9e95e29.53fc711
Expires: Sun, 29 Dec 2024 01:00:30 GMT
Cache-Control: max-age=0, no-cache, no-store
Pragma: no-cache
Date: Sun, 29 Dec 2024 01:00:30 GMT
X-Cache: TCP_MISS from a95-101-134-92.deploy.akamaitechnologies.com (AkamaiGHost/11.7.2.1-9611f29bef89eba7b18045b10aa2af98) (-)
Connection: close
X-Cache-Remote: TCP_MISS from a23-218-219-12.deploy.akamaitechnologies.com (AkamaiGHost/11.7.2.1-9611f29bef89eba7b18045b10aa2af98) (-)
x-tt-trace-tag: id=16;cdn-cache=miss;type=dyn
Server-Timing: cdn-cache; desc=MISS, edge; dur=81, origin; dur=32
Server-Timing: inner; dur=29
X-Parent-Response-Time: 112,95.101.134.92

{"code": 0, "message": "OK", "request_id": "2024122901003093DD59FE298654808DAF", "data": {}}
2024-12-29T01:03:34+00:00 DEBUG POST: https://business-api.tiktok.com/open_api/v1.3/event/track/

{"partner_name":"WooCommerce","event_source":"web","event_source_id":"CSM79Q3C77UAG1T340I0","data":[{"event":"Pageview","event_id":"67709fe6d7b6f_tt4b_woocommerce_670666209cf1f","event_time":1735434214,"user":{"ip":"66.249.66.72","user_agent":"Mozilla\/5.0 (Linux; Android 6.0.1; Nexus 5X Build\/MMB29P) AppleWebKit\/537.36 (KHTML, like Gecko) Chrome\/131.0.6778.139 Mobile Safari\/537.36 (compatible; Googlebot\/2.1; +http:\/\/www.google.com\/bot.html)","locale":"ar","external_id":"0","email":"e3b0c44298fc1c149afbf4c8996fb92427ae41e4649b934ca495991b7852b855","phone_number":"e3b0c44298fc1c149afbf4c8996fb92427ae41e4649b934ca495991b7852b855","first_name":"e3b0c44298fc1c149afbf4c8996fb92427ae41e4649b934ca495991b7852b855","last_name":"e3b0c44298fc1c149afbf4c8996fb92427ae41e4649b934ca495991b7852b855","zip_code":"e3b0c44298fc1c149afbf4c8996fb92427ae41e4649b934ca495991b7852b855"},"page":{"url":"http:\/\/ibn-sinaa.com\/en\/product-category\/%D8%B7%D8%A8%D8%A7%D8%B9%D8%A9-%D8%AF%D9%8A%D8%AC%D8%AA%D8%A7%D9%84\/%D8%A3%D8%B8%D8%B1%D9%81\/"}}]}
 ajax: no
2024-12-29T01:03:35+00:00 DEBUG Tt4b_Mapi_Class::mapi_post: Response: 

HTTP/1.1 200 OK
Server: nginx
Content-Type: application/json
Content-Length: 92
X-Tt-Logid: 20241229010335CC1E652E6ABA037E5D1B
Server-Timing: inner; dur=34
x-tt-trace-host: 018e5a586174a888928d793bdac74b79b51a437ee89a1c03eb2011d034a2e3e9f5913989ca11c269af96d0fd13f4c1656aad2b957ccaabe99e79755a7ae6397b9b9e4918b82a09bf70a80e14e1a0827a9b9e33442a194c7a3f7c810d2262dbfbbd
x-tt-trace-id: 00-241229010335CC1E652E6ABA037E5D1B-3F85E1BC598EC72D-00
Expires: Sun, 29 Dec 2024 01:03:35 GMT
Cache-Control: max-age=0, no-cache, no-store
Pragma: no-cache
Date: Sun, 29 Dec 2024 01:03:35 GMT
X-Cache: TCP_MISS from a95-101-134-92.deploy.akamaitechnologies.com (AkamaiGHost/11.7.2.1-9611f29bef89eba7b18045b10aa2af98) (-)
Connection: close
x-tt-trace-tag: id=16;cdn-cache=miss;type=dyn
Server-Timing: cdn-cache; desc=MISS, edge; dur=3, origin; dur=119
X-Origin-Response-Time: 119,95.101.134.92
X-Akamai-Request-ID: 544d607

{"code": 0, "message": "OK", "request_id": "20241229010335CC1E652E6ABA037E5D1B", "data": {}}
2024-12-29T01:06:12+00:00 DEBUG POST: https://business-api.tiktok.com/open_api/v1.3/event/track/

{"partner_name":"WooCommerce","event_source":"web","event_source_id":"CSM79Q3C77UAG1T340I0","data":[{"event":"Pageview","event_id":"6770a084b2d1b_tt4b_woocommerce_670666209cf1f","event_time":1735434372,"user":{"ip":"216.244.66.233","user_agent":"Mozilla\/5.0 (compatible; DotBot\/1.2; +https:\/\/opensiteexplorer.org\/dotbot; help@moz.com)","locale":"ar","external_id":"0","email":"e3b0c44298fc1c149afbf4c8996fb92427ae41e4649b934ca495991b7852b855","phone_number":"e3b0c44298fc1c149afbf4c8996fb92427ae41e4649b934ca495991b7852b855","first_name":"e3b0c44298fc1c149afbf4c8996fb92427ae41e4649b934ca495991b7852b855","last_name":"e3b0c44298fc1c149afbf4c8996fb92427ae41e4649b934ca495991b7852b855","zip_code":"e3b0c44298fc1c149afbf4c8996fb92427ae41e4649b934ca495991b7852b855"},"page":{"url":"http:\/\/mail.ibn-sinaa.com\/product\/science-telescope\/"}}]}
 ajax: no
2024-12-29T01:06:12+00:00 DEBUG Tt4b_Mapi_Class::mapi_post: Response: 

HTTP/1.1 200 OK
Server: nginx
Content-Type: application/json
Content-Length: 92
X-Tt-Logid: 2024122901061215BD168AC08A5AF3E7B2
x-tt-trace-host: 018e5a586174a888928d793bdac74b79b56517d7628cf0ffdff56b078ad2cf561576c4034cffab1f6f77e23fdb8e38114f17ab28b9bf84494c0c5bb63f92fa816751a64ff9c8e525dd251d6fda2c07690ced40ecb49e7859b147fe73a457c156b54a41dc3143390e89e4c486b5b843ff7a
x-tt-trace-id: 00-24122901061215BD168AC08A5AF3E7B2-2ABE3F3044FE5C7A-00
X-Origin-Response-Time: 33,23.218.219.24
X-Akamai-Request-ID: 2aa95e18.548f66d
Expires: Sun, 29 Dec 2024 01:06:12 GMT
Cache-Control: max-age=0, no-cache, no-store
Pragma: no-cache
Date: Sun, 29 Dec 2024 01:06:12 GMT
X-Cache: TCP_MISS from a95-101-134-92.deploy.akamaitechnologies.com (AkamaiGHost/11.7.2.1-9611f29bef89eba7b18045b10aa2af98) (-)
Connection: close
X-Cache-Remote: TCP_MISS from a23-218-219-24.deploy.akamaitechnologies.com (AkamaiGHost/11.7.2.1-9611f29bef89eba7b18045b10aa2af98) (-)
x-tt-trace-tag: id=16;cdn-cache=miss;type=dyn
Server-Timing: cdn-cache; desc=MISS, edge; dur=91, origin; dur=33
Server-Timing: inner; dur=29
X-Parent-Response-Time: 124,95.101.134.92

{"code": 0, "message": "OK", "request_id": "2024122901061215BD168AC08A5AF3E7B2", "data": {}}
2024-12-29T01:06:13+00:00 DEBUG Tt4b_Pixel_Class::inject_view_content_event: hit ViewContent
2024-12-29T01:06:13+00:00 DEBUG POST: https://business-api.tiktok.com/open_api/v1.3/event/track/

{"partner_name":"WooCommerce","event_source":"web","event_source_id":"CSM79Q3C77UAG1T340I0","data":[{"event":"ViewContent","event_id":"6770a0850c428_tt4b_woocommerce_670666209cf1f_4381","event_time":1735434373,"user":{"ip":"216.244.66.233","user_agent":"Mozilla\/5.0 (compatible; DotBot\/1.2; +https:\/\/opensiteexplorer.org\/dotbot; help@moz.com)","locale":"ar","external_id":"0","email":"e3b0c44298fc1c149afbf4c8996fb92427ae41e4649b934ca495991b7852b855","phone_number":"e3b0c44298fc1c149afbf4c8996fb92427ae41e4649b934ca495991b7852b855","first_name":"e3b0c44298fc1c149afbf4c8996fb92427ae41e4649b934ca495991b7852b855","last_name":"e3b0c44298fc1c149afbf4c8996fb92427ae41e4649b934ca495991b7852b855","zip_code":"e3b0c44298fc1c149afbf4c8996fb92427ae41e4649b934ca495991b7852b855"},"properties":{"contents":[{"price":1745,"quantity":1,"content_id":"4381","content_name":"\u0639\u0644\u0645 \u062a\u0633\u0644\u0643\u0648\u0628","description":"\u0623\u0639\u0644\u0627\u0645 \u0627\u0644\u062a\u0644\u0633\u0643\u0648\u0628 \u0627\u0644\u062f\u0639\u0627\u0626\u064a\u0629 : \u0645\u062b\u0627\u0644\u064a\u0629 \u0644\u062a\u0632\u064a\u064a\u0646 \u0627\u0644\u0645\u0643\u062a\u0628 \u0628\u0644\u0645\u0633\u0629 \u0623\u0646\u064a\u0642\u0629 \u0648\u0641\u0627\u062e\u0631\u0629. \u0645\u0635\u0646\u0648\u0639\u0629 \u0645\u0646 \u0645\u0648\u0627\u062f \u0645\u062a\u064a\u0646\u0629 \u0648\u0628\u0623\u0644\u0648\u0627\u0646 \u0632\u0627\u0647\u064a\u0629\u060c \u062a\u0636\u064a\u0641 \u062c\u0627\u0630\u0628\u064a\u0629 \u0645\u0645\u064a\u0632\u0629 \u0644\u0623\u064a \u0645\u0633\u0627\u062d\u0629 \u0645\u0643\u062a\u0628\u064a\u0629 \u062f\u0648\u0646 \u0634\u063a\u0644 \u062d\u064a\u0632 \u0643\u0628\u064a\u0631. \u0645\u062b\u0627\u0644\u064a\u0629 \u0644\u0644\u0627\u062c\u062a\u0645\u0627\u0639\u0627\u062a\u060c \u0627\u0644\u0645\u0624\u062a\u0645\u0631\u0627\u062a\u060c \u0648\u0627\u0644\u0647\u062f\u0627\u064a\u0627 \u0627\u0644\u0641\u0627\u062e\u0631\u0629.","availability":"IN_STOCK","sale_price":1745,"on_sale":false}],"content_type":"product","currency":"SAR","value":1745,"event_trigger_source":"WooCommerce"},"page":{"url":"http:\/\/mail.ibn-sinaa.com\/product\/science-telescope\/"}}]}
 ajax: no
2024-12-29T01:06:13+00:00 DEBUG Tt4b_Mapi_Class::mapi_post: Response: 

HTTP/1.1 200 OK
Server: nginx
Content-Type: application/json
Content-Length: 92
X-Tt-Logid: 20241229010613E8D1CC6F3632D480B3C7
Server-Timing: inner; dur=24
x-tt-trace-host: 018e5a586174a888928d793bdac74b79b520593bf434961dbceff88e4b17f9a1566f9fa52096e714d8cf71cfb0a25736a16045fc523dc820ec4333237055c0c976d58a083a5814647cb01c23427c635bb1d5af56010acfe063a74a591cfc2cfdb8
x-tt-trace-id: 00-241229010613E8D1CC6F3632D480B3C7-729CE55129D8CAAC-00
Expires: Sun, 29 Dec 2024 01:06:13 GMT
Cache-Control: max-age=0, no-cache, no-store
Pragma: no-cache
Date: Sun, 29 Dec 2024 01:06:13 GMT
X-Cache: TCP_MISS from a95-101-134-116.deploy.akamaitechnologies.com (AkamaiGHost/11.7.2.1-9611f29bef89eba7b18045b10aa2af98) (-)
Connection: close
x-tt-trace-tag: id=16;cdn-cache=miss;type=dyn
Server-Timing: cdn-cache; desc=MISS, edge; dur=1, origin; dur=103
X-Origin-Response-Time: 104,95.101.134.116
X-Akamai-Request-ID: 22c1a908

{"code": 0, "message": "OK", "request_id": "20241229010613E8D1CC6F3632D480B3C7", "data": {}}
2024-12-29T01:11:25+00:00 DEBUG POST: https://business-api.tiktok.com/open_api/v1.3/event/track/

{"partner_name":"WooCommerce","event_source":"web","event_source_id":"CSM79Q3C77UAG1T340I0","data":[{"event":"Pageview","event_id":"6770a1bdb7c8d_tt4b_woocommerce_670666209cf1f","event_time":1735434685,"user":{"ip":"185.191.171.12","user_agent":"Mozilla\/5.0 (compatible; SemrushBot\/7~bl; +http:\/\/www.semrush.com\/bot.html)","locale":"ar","external_id":"0","email":"e3b0c44298fc1c149afbf4c8996fb92427ae41e4649b934ca495991b7852b855","phone_number":"e3b0c44298fc1c149afbf4c8996fb92427ae41e4649b934ca495991b7852b855","first_name":"e3b0c44298fc1c149afbf4c8996fb92427ae41e4649b934ca495991b7852b855","last_name":"e3b0c44298fc1c149afbf4c8996fb92427ae41e4649b934ca495991b7852b855","zip_code":"e3b0c44298fc1c149afbf4c8996fb92427ae41e4649b934ca495991b7852b855"},"page":{"url":"http:\/\/mail.ibn-sinaa.com\/product\/school-records-physical-education\/"}}]}
 ajax: no
2024-12-29T01:11:25+00:00 DEBUG Tt4b_Mapi_Class::mapi_post: Response: 

HTTP/1.1 200 OK
Server: nginx
Content-Type: application/json
Content-Length: 92
X-Tt-Logid: 20241229011125F76E1FE745B116F654DB
Server-Timing: inner; dur=50
x-tt-trace-host: 018e5a586174a888928d793bdac74b79b520593bf434961dbceff88e4b17f9a1568330d5268c34aad04c6ef02d2cff58fba0fabd626295a0f39f1f3f494a59340814eb86bb2920bf606d5ad9d05c103fc8cd2b4cb196f4bd8a27a221ba91df0496
x-tt-trace-id: 00-241229011125F76E1FE745B116F654DB-259CB47B5163A5DF-00
Expires: Sun, 29 Dec 2024 01:11:25 GMT
Cache-Control: max-age=0, no-cache, no-store
Pragma: no-cache
Date: Sun, 29 Dec 2024 01:11:25 GMT
X-Cache: TCP_MISS from a95-101-134-116.deploy.akamaitechnologies.com (AkamaiGHost/11.7.2.1-9611f29bef89eba7b18045b10aa2af98) (-)
Connection: close
x-tt-trace-tag: id=16;cdn-cache=miss;type=dyn
Server-Timing: cdn-cache; desc=MISS, edge; dur=0, origin; dur=129
X-Origin-Response-Time: 129,95.101.134.116
X-Akamai-Request-ID: 22c74191

{"code": 0, "message": "OK", "request_id": "20241229011125F76E1FE745B116F654DB", "data": {}}
2024-12-29T01:11:26+00:00 DEBUG Tt4b_Pixel_Class::inject_view_content_event: hit ViewContent
2024-12-29T01:11:26+00:00 DEBUG POST: https://business-api.tiktok.com/open_api/v1.3/event/track/

{"partner_name":"WooCommerce","event_source":"web","event_source_id":"CSM79Q3C77UAG1T340I0","data":[{"event":"ViewContent","event_id":"6770a1be1779e_tt4b_woocommerce_670666209cf1f_4097","event_time":1735434686,"user":{"ip":"185.191.171.12","user_agent":"Mozilla\/5.0 (compatible; SemrushBot\/7~bl; +http:\/\/www.semrush.com\/bot.html)","locale":"ar","external_id":"0","email":"e3b0c44298fc1c149afbf4c8996fb92427ae41e4649b934ca495991b7852b855","phone_number":"e3b0c44298fc1c149afbf4c8996fb92427ae41e4649b934ca495991b7852b855","first_name":"e3b0c44298fc1c149afbf4c8996fb92427ae41e4649b934ca495991b7852b855","last_name":"e3b0c44298fc1c149afbf4c8996fb92427ae41e4649b934ca495991b7852b855","zip_code":"e3b0c44298fc1c149afbf4c8996fb92427ae41e4649b934ca495991b7852b855"},"properties":{"contents":[{"price":65,"quantity":1,"content_id":"4097","content_name":"\u0633\u062c\u0644\u0627\u062a \u0645\u0627\u062f\u0629 \u0627\u0644\u062a\u0631\u0628\u064a\u0629 \u0627\u0644\u0628\u062f\u0646\u064a\u0629","description":". \u0637\u0628\u0627\u0639\u0647 \u0633\u062c\u0644\u0627\u062a \u0645\u062f\u0631\u0633\u064a\u0629 \u0627\u062d\u062a\u0631\u0627\u0641\u064a\u0629 \u062e\u0627\u0645\u062a\u0647\u0627 \u0643\u0631\u062a\u0648\u0646 2000 \u062c\u0631\u0627\u0645,\u062a\u0636\u0627\u0641 \u0637\u0628\u0642\u0629 \u062d\u0645\u0627\u064a\u0647 \u0627\u0633\u062a\u064a\u0643\u0631 \u0645\u0639 \u0633\u0644\u0648\u0641\u0627\u0646 \u0644\u0627\u0645\u0639.\r\n. \u0645\u062a\u0648\u0641\u0631 \u0628 \u0627\u062d\u062c\u0627\u0645 \u0645\u062e\u062a\u0644\u0641\u0647 ( \u0635\u063a\u064a\u0631, \u0648\u0633\u0637 , \u0643\u0628\u064a\u0631 ).\r\n. \u064a\u062a\u0633\u0639 \u0627\u0644\u0645\u0642\u0627\u0633 \u0627\u0644\u0635\u063a\u064a\u0631 ( \u0645\u0646 50 \u0627\u0644\u0649 150 \u0648\u0631\u0642\u0629 )\r\n. \u064a\u062a\u0633\u0639 \u0627\u0644\u0648\u0633\u0637 ( \u0645\u0646 150 \u0627\u0644\u0649 300 \u0648\u0631\u0642\u0629 )\r\n. \u0627\u0644\u0643\u0628\u064a\u0631 ( \u0645\u0646 300 \u0627\u0644\u0649 400 \u0648\u0631\u0642\u0629 ).\r\n. \u0645\u062f\u0629 \u0627\u0644\u062a\u0646\u0641\u064a\u0630 : 3-5 \u0627\u064a\u0627\u0645 \u0648\u062a\u0632\u064a\u062f \u0627\u0644\u0645\u062f\u0629 \u0639\u0646 \u0637\u0644\u0628 \u0627\u0644\u0634\u062d\u0646.","availability":"IN_STOCK","sale_price":65,"on_sale":false}],"content_type":"product","currency":"SAR","value":65,"event_trigger_source":"WooCommerce"},"page":{"url":"http:\/\/mail.ibn-sinaa.com\/product\/school-records-physical-education\/"}}]}
 ajax: no
2024-12-29T01:11:26+00:00 DEBUG Tt4b_Mapi_Class::mapi_post: Response: 

HTTP/1.1 200 OK
Server: nginx
Content-Type: application/json
Content-Length: 92
X-Tt-Logid: 20241229011126AFA0C72152E861FBE80A
x-tt-trace-host: 018e5a586174a888928d793bdac74b79b56517d7628cf0ffdff56b078ad2cf5615e72529700b5e1b9923a68be84895c1dee20fa8ca821db9afd2eb7df84b6aecd70d4afe2a712701ef093b946085107ac97f083453d7145fac558494eef3a9e7a6a25109da5e4cdcfc32cb6800ca3b3b78
x-tt-trace-id: 00-241229011126AFA0C72152E861FBE80A-7CDF273E4CEDEF31-00
X-Origin-Response-Time: 36,23.55.100.231
X-Akamai-Request-ID: 6e679dd3.551ab87
Expires: Sun, 29 Dec 2024 01:11:26 GMT
Cache-Control: max-age=0, no-cache, no-store
Pragma: no-cache
Date: Sun, 29 Dec 2024 01:11:26 GMT
X-Cache: TCP_MISS from a95-101-134-92.deploy.akamaitechnologies.com (AkamaiGHost/11.7.2.1-9611f29bef89eba7b18045b10aa2af98) (-)
Connection: close
X-Cache-Remote: TCP_MISS from a23-55-100-231.deploy.akamaitechnologies.com (AkamaiGHost/11.7.2.1-9611f29bef89eba7b18045b10aa2af98) (-)
x-tt-trace-tag: id=16;cdn-cache=miss;type=dyn
Server-Timing: cdn-cache; desc=MISS, edge; dur=83, origin; dur=36
Server-Timing: inner; dur=32
X-Parent-Response-Time: 119,95.101.134.92

{"code": 0, "message": "OK", "request_id": "20241229011126AFA0C72152E861FBE80A", "data": {}}
2024-12-29T01:11:38+00:00 DEBUG POST: https://business-api.tiktok.com/open_api/v1.3/event/track/

{"partner_name":"WooCommerce","event_source":"web","event_source_id":"CSM79Q3C77UAG1T340I0","data":[{"event":"Pageview","event_id":"6770a1ca42782_tt4b_woocommerce_670666209cf1f","event_time":1735434698,"user":{"ip":"85.208.96.198","user_agent":"Mozilla\/5.0 (compatible; SemrushBot\/7~bl; +http:\/\/www.semrush.com\/bot.html)","locale":"ar","external_id":"0","email":"e3b0c44298fc1c149afbf4c8996fb92427ae41e4649b934ca495991b7852b855","phone_number":"e3b0c44298fc1c149afbf4c8996fb92427ae41e4649b934ca495991b7852b855","first_name":"e3b0c44298fc1c149afbf4c8996fb92427ae41e4649b934ca495991b7852b855","last_name":"e3b0c44298fc1c149afbf4c8996fb92427ae41e4649b934ca495991b7852b855","zip_code":"e3b0c44298fc1c149afbf4c8996fb92427ae41e4649b934ca495991b7852b855"},"page":{"url":"http:\/\/www.ibn-sinaa.com\/product\/school-records-physical-education\/"}}]}
 ajax: no
2024-12-29T01:11:38+00:00 DEBUG Tt4b_Mapi_Class::mapi_post: Response: 

HTTP/1.1 200 OK
Server: nginx
Content-Type: application/json
Content-Length: 92
X-Tt-Logid: 20241229011138AD798DE4260BDE834976
x-tt-trace-host: 018e5a586174a888928d793bdac74b79b519a86797e72c2eba011e03e23beee17d0040824dd41d20082839afd2fc5b67ba14b9cfb8489e55179f7a6745a2a033aa78b307adc3fef5075ba592daf9af144741518242c2eca364cb87749e07ce0966c5873b6b15a6e665f9ed5da3426333f2
x-tt-trace-id: 00-241229011138AD798DE4260BDE834976-0B5BF1206E68ED7B-00
X-Origin-Response-Time: 29,23.218.219.7
X-Akamai-Request-ID: 7e1a15f.22c77ac7
Expires: Sun, 29 Dec 2024 01:11:38 GMT
Cache-Control: max-age=0, no-cache, no-store
Pragma: no-cache
Date: Sun, 29 Dec 2024 01:11:38 GMT
X-Cache: TCP_MISS from a95-101-134-116.deploy.akamaitechnologies.com (AkamaiGHost/11.7.2.1-9611f29bef89eba7b18045b10aa2af98) (-)
Connection: close
X-Cache-Remote: TCP_MISS from a23-218-219-7.deploy.akamaitechnologies.com (AkamaiGHost/11.7.2.1-9611f29bef89eba7b18045b10aa2af98) (-)
x-tt-trace-tag: id=16;cdn-cache=miss;type=dyn
Server-Timing: cdn-cache; desc=MISS, edge; dur=82, origin; dur=29
Server-Timing: inner; dur=26
X-Parent-Response-Time: 110,95.101.134.116

{"code": 0, "message": "OK", "request_id": "20241229011138AD798DE4260BDE834976", "data": {}}
2024-12-29T01:11:38+00:00 DEBUG Tt4b_Pixel_Class::inject_view_content_event: hit ViewContent
2024-12-29T01:11:38+00:00 DEBUG POST: https://business-api.tiktok.com/open_api/v1.3/event/track/

{"partner_name":"WooCommerce","event_source":"web","event_source_id":"CSM79Q3C77UAG1T340I0","data":[{"event":"ViewContent","event_id":"6770a1ca8b1dd_tt4b_woocommerce_670666209cf1f_4097","event_time":1735434698,"user":{"ip":"85.208.96.198","user_agent":"Mozilla\/5.0 (compatible; SemrushBot\/7~bl; +http:\/\/www.semrush.com\/bot.html)","locale":"ar","external_id":"0","email":"e3b0c44298fc1c149afbf4c8996fb92427ae41e4649b934ca495991b7852b855","phone_number":"e3b0c44298fc1c149afbf4c8996fb92427ae41e4649b934ca495991b7852b855","first_name":"e3b0c44298fc1c149afbf4c8996fb92427ae41e4649b934ca495991b7852b855","last_name":"e3b0c44298fc1c149afbf4c8996fb92427ae41e4649b934ca495991b7852b855","zip_code":"e3b0c44298fc1c149afbf4c8996fb92427ae41e4649b934ca495991b7852b855"},"properties":{"contents":[{"price":65,"quantity":1,"content_id":"4097","content_name":"\u0633\u062c\u0644\u0627\u062a \u0645\u0627\u062f\u0629 \u0627\u0644\u062a\u0631\u0628\u064a\u0629 \u0627\u0644\u0628\u062f\u0646\u064a\u0629","description":". \u0637\u0628\u0627\u0639\u0647 \u0633\u062c\u0644\u0627\u062a \u0645\u062f\u0631\u0633\u064a\u0629 \u0627\u062d\u062a\u0631\u0627\u0641\u064a\u0629 \u062e\u0627\u0645\u062a\u0647\u0627 \u0643\u0631\u062a\u0648\u0646 2000 \u062c\u0631\u0627\u0645,\u062a\u0636\u0627\u0641 \u0637\u0628\u0642\u0629 \u062d\u0645\u0627\u064a\u0647 \u0627\u0633\u062a\u064a\u0643\u0631 \u0645\u0639 \u0633\u0644\u0648\u0641\u0627\u0646 \u0644\u0627\u0645\u0639.\r\n. \u0645\u062a\u0648\u0641\u0631 \u0628 \u0627\u062d\u062c\u0627\u0645 \u0645\u062e\u062a\u0644\u0641\u0647 ( \u0635\u063a\u064a\u0631, \u0648\u0633\u0637 , \u0643\u0628\u064a\u0631 ).\r\n. \u064a\u062a\u0633\u0639 \u0627\u0644\u0645\u0642\u0627\u0633 \u0627\u0644\u0635\u063a\u064a\u0631 ( \u0645\u0646 50 \u0627\u0644\u0649 150 \u0648\u0631\u0642\u0629 )\r\n. \u064a\u062a\u0633\u0639 \u0627\u0644\u0648\u0633\u0637 ( \u0645\u0646 150 \u0627\u0644\u0649 300 \u0648\u0631\u0642\u0629 )\r\n. \u0627\u0644\u0643\u0628\u064a\u0631 ( \u0645\u0646 300 \u0627\u0644\u0649 400 \u0648\u0631\u0642\u0629 ).\r\n. \u0645\u062f\u0629 \u0627\u0644\u062a\u0646\u0641\u064a\u0630 : 3-5 \u0627\u064a\u0627\u0645 \u0648\u062a\u0632\u064a\u062f \u0627\u0644\u0645\u062f\u0629 \u0639\u0646 \u0637\u0644\u0628 \u0627\u0644\u0634\u062d\u0646.","availability":"IN_STOCK","sale_price":65,"on_sale":false}],"content_type":"product","currency":"SAR","value":65,"event_trigger_source":"WooCommerce"},"page":{"url":"http:\/\/www.ibn-sinaa.com\/product\/school-records-physical-education\/"}}]}
 ajax: no
2024-12-29T01:11:38+00:00 DEBUG Tt4b_Mapi_Class::mapi_post: Response: 

HTTP/1.1 200 OK
Server: nginx
Content-Type: application/json
Content-Length: 92
X-Tt-Logid: 20241229011138627FB0FBD0D1B660F608
x-tt-trace-host: 018e5a586174a888928d793bdac74b79b56517d7628cf0ffdff56b078ad2cf56151075bf95f316928e699b1ab7a0582f6531283609f7f06b5887cdb6c2186c30e952256bb517c2ff1805fe34820cd4adcd179d4967fe23145b70f565db3d7acb5d9712bd8b83310d70ac3f3f8a07e4ef1d
x-tt-trace-id: 00-241229011138627FB0FBD0D1B660F608-74C31C8F7C623173-00
X-Origin-Response-Time: 38,23.218.219.31
X-Akamai-Request-ID: 80e5343.552088e
Expires: Sun, 29 Dec 2024 01:11:38 GMT
Cache-Control: max-age=0, no-cache, no-store
Pragma: no-cache
Date: Sun, 29 Dec 2024 01:11:38 GMT
X-Cache: TCP_MISS from a95-101-134-92.deploy.akamaitechnologies.com (AkamaiGHost/11.7.2.1-9611f29bef89eba7b18045b10aa2af98) (-)
Connection: close
X-Cache-Remote: TCP_MISS from a23-218-219-31.deploy.akamaitechnologies.com (AkamaiGHost/11.7.2.1-9611f29bef89eba7b18045b10aa2af98) (-)
x-tt-trace-tag: id=16;cdn-cache=miss;type=dyn
Server-Timing: cdn-cache; desc=MISS, edge; dur=243, origin; dur=38
Server-Timing: inner; dur=35
X-Parent-Response-Time: 281,95.101.134.92

{"code": 0, "message": "OK", "request_id": "20241229011138627FB0FBD0D1B660F608", "data": {}}
2024-12-29T01:13:55+00:00 DEBUG POST: https://business-api.tiktok.com/open_api/v1.3/event/track/

{"partner_name":"WooCommerce","event_source":"web","event_source_id":"CSM79Q3C77UAG1T340I0","data":[{"event":"Pageview","event_id":"6770a25307f56_tt4b_woocommerce_670666209cf1f","event_time":1735434835,"user":{"ip":"178.150.14.250","user_agent":"Mozilla\/5.0 (compatible; MJ12bot\/v1.4.8; http:\/\/mj12bot.com\/)","locale":"ar","external_id":"0","email":"e3b0c44298fc1c149afbf4c8996fb92427ae41e4649b934ca495991b7852b855","phone_number":"e3b0c44298fc1c149afbf4c8996fb92427ae41e4649b934ca495991b7852b855","first_name":"e3b0c44298fc1c149afbf4c8996fb92427ae41e4649b934ca495991b7852b855","last_name":"e3b0c44298fc1c149afbf4c8996fb92427ae41e4649b934ca495991b7852b855","zip_code":"e3b0c44298fc1c149afbf4c8996fb92427ae41e4649b934ca495991b7852b855"},"page":{"url":"http:\/\/ibn-sinaa.com\/types-of-personal-cards\/"}}]}
 ajax: no
2024-12-29T01:13:55+00:00 DEBUG Tt4b_Mapi_Class::mapi_post: Response: 

HTTP/1.1 200 OK
Server: nginx
Content-Type: application/json
Content-Length: 92
X-Tt-Logid: 2024122901135503C2C5DA920EC8F80BB9
Server-Timing: inner; dur=28
x-tt-trace-host: 018e5a586174a888928d793bdac74b79b520593bf434961dbceff88e4b17f9a156c84306ea4ea886d9898e572c5ddb660b46acaae3648b4303d2b2f31efbd5073449b30571a2dcfc1300d3d47a591275f696cbb56ae4f33b54b336f7da5ee42421
x-tt-trace-id: 00-24122901135503C2C5DA920EC8F80BB9-693621E16C49135F-00
Expires: Sun, 29 Dec 2024 01:13:55 GMT
Cache-Control: max-age=0, no-cache, no-store
Pragma: no-cache
Date: Sun, 29 Dec 2024 01:13:55 GMT
X-Cache: TCP_MISS from a95-101-134-116.deploy.akamaitechnologies.com (AkamaiGHost/11.7.2.1-9611f29bef89eba7b18045b10aa2af98) (-)
Connection: close
x-tt-trace-tag: id=16;cdn-cache=miss;type=dyn
Server-Timing: cdn-cache; desc=MISS, edge; dur=0, origin; dur=114
X-Origin-Response-Time: 114,95.101.134.116
X-Akamai-Request-ID: 22c9f697

{"code": 0, "message": "OK", "request_id": "2024122901135503C2C5DA920EC8F80BB9", "data": {}}
2024-12-29T01:13:59+00:00 DEBUG Tt4b_Pixel_Class::inject_add_to_cart_event: hit AddToCart
2024-12-29T01:13:59+00:00 DEBUG POST: https://business-api.tiktok.com/open_api/v1.3/event/track/

{"partner_name":"WooCommerce","event_source":"web","event_source_id":"CSM79Q3C77UAG1T340I0","data":[{"event":"AddToCart","event_id":"6770a257c3737_tt4b_woocommerce_670666209cf1f_4125","event_time":1735434839,"user":{"ip":"178.150.14.250","user_agent":"Mozilla\/5.0 (compatible; MJ12bot\/v1.4.8; http:\/\/mj12bot.com\/)","locale":"ar","external_id":"0","email":"e3b0c44298fc1c149afbf4c8996fb92427ae41e4649b934ca495991b7852b855","phone_number":"e3b0c44298fc1c149afbf4c8996fb92427ae41e4649b934ca495991b7852b855","first_name":"e3b0c44298fc1c149afbf4c8996fb92427ae41e4649b934ca495991b7852b855","last_name":"e3b0c44298fc1c149afbf4c8996fb92427ae41e4649b934ca495991b7852b855","zip_code":"e3b0c44298fc1c149afbf4c8996fb92427ae41e4649b934ca495991b7852b855"},"properties":{"contents":[{"price":65,"quantity":1,"content_id":"4125","content_name":"\u0633\u062c\u0644\u0627\u062a \u0645\u0627\u062f\u0629 \u0627\u0644\u0641\u064a\u0632\u064a\u0627\u0621","description":". \u0637\u0628\u0627\u0639\u0647 \u0633\u062c\u0644\u0627\u062a \u0645\u062f\u0631\u0633\u064a\u0629 \u0627\u062d\u062a\u0631\u0627\u0641\u064a\u0629 \u062e\u0627\u0645\u062a\u0647\u0627 \u0643\u0631\u062a\u0648\u0646 2000 \u062c\u0631\u0627\u0645,\u062a\u0636\u0627\u0641 \u0637\u0628\u0642\u0629 \u062d\u0645\u0627\u064a\u0647 \u0627\u0633\u062a\u064a\u0643\u0631 \u0645\u0639 \u0633\u0644\u0648\u0641\u0627\u0646 \u0644\u0627\u0645\u0639.\r\n. \u0645\u062a\u0648\u0641\u0631 \u0628 \u0627\u062d\u062c\u0627\u0645 \u0645\u062e\u062a\u0644\u0641\u0647 ( \u0635\u063a\u064a\u0631, \u0648\u0633\u0637 , \u0643\u0628\u064a\u0631 ).\r\n. \u064a\u062a\u0633\u0639 \u0627\u0644\u0645\u0642\u0627\u0633 \u0627\u0644\u0635\u063a\u064a\u0631 ( \u0645\u0646 50 \u0627\u0644\u0649 150 \u0648\u0631\u0642\u0629 )\r\n. \u064a\u062a\u0633\u0639 \u0627\u0644\u0648\u0633\u0637 ( \u0645\u0646 150 \u0627\u0644\u0649 300 \u0648\u0631\u0642\u0629 )\r\n. \u0627\u0644\u0643\u0628\u064a\u0631 ( \u0645\u0646 300 \u0627\u0644\u0649 400 \u0648\u0631\u0642\u0629 ).\r\n. \u0645\u062f\u0629 \u0627\u0644\u062a\u0646\u0641\u064a\u0630 : 3-5 \u0627\u064a\u0627\u0645 \u0648\u062a\u0632\u064a\u062f \u0627\u0644\u0645\u062f\u0629 \u0639\u0646 \u0637\u0644\u0628 \u0627\u0644\u0634\u062d\u0646.","availability":"IN_STOCK","sale_price":65,"on_sale":false}],"content_type":"product","currency":"SAR","value":65,"event_trigger_source":"WooCommerce"},"page":{"url":"http:\/\/ibn-sinaa.com\/en\/product-category\/school-and-student-printing\/%D8%B3%D8%AC%D9%84%D8%A7%D8%AA\/page\/2\/?add-to-cart=4125"}}]}
 ajax: no
2024-12-29T01:13:59+00:00 DEBUG Tt4b_Mapi_Class::mapi_post: Response: 

HTTP/1.1 200 OK
Server: nginx
Content-Type: application/json
Content-Length: 92
X-Tt-Logid: 202412290113595D7F62A5F08203CCC440
Server-Timing: inner; dur=23
x-tt-trace-host: 018e5a586174a888928d793bdac74b79b520593bf434961dbceff88e4b17f9a156fb39e86c4b289c4b9ea0f3ab2cfd7439c8d5f9a0588969697828050dda8559858ed070941de4fe26b92d21dec61ae288871c8f5668aacf6f43eb452f4ec80420
x-tt-trace-id: 00-2412290113595D7F62A5F08203CCC440-48C3F3561757B121-00
Expires: Sun, 29 Dec 2024 01:13:59 GMT
Cache-Control: max-age=0, no-cache, no-store
Pragma: no-cache
Date: Sun, 29 Dec 2024 01:13:59 GMT
X-Cache: TCP_MISS from a95-101-134-116.deploy.akamaitechnologies.com (AkamaiGHost/11.7.2.1-9611f29bef89eba7b18045b10aa2af98) (-)
Connection: close
x-tt-trace-tag: id=16;cdn-cache=miss;type=dyn
Server-Timing: cdn-cache; desc=MISS, edge; dur=0, origin; dur=106
X-Origin-Response-Time: 106,95.101.134.116
X-Akamai-Request-ID: 22ca0c8b

{"code": 0, "message": "OK", "request_id": "202412290113595D7F62A5F08203CCC440", "data": {}}
2024-12-29T01:14:00+00:00 DEBUG POST: https://business-api.tiktok.com/open_api/v1.3/event/track/

{"partner_name":"WooCommerce","event_source":"web","event_source_id":"CSM79Q3C77UAG1T340I0","data":[{"event":"Pageview","event_id":"6770a25813161_tt4b_woocommerce_670666209cf1f","event_time":1735434840,"user":{"ip":"178.150.14.250","user_agent":"Mozilla\/5.0 (compatible; MJ12bot\/v1.4.8; http:\/\/mj12bot.com\/)","locale":"ar","external_id":"0","email":"e3b0c44298fc1c149afbf4c8996fb92427ae41e4649b934ca495991b7852b855","phone_number":"e3b0c44298fc1c149afbf4c8996fb92427ae41e4649b934ca495991b7852b855","first_name":"e3b0c44298fc1c149afbf4c8996fb92427ae41e4649b934ca495991b7852b855","last_name":"e3b0c44298fc1c149afbf4c8996fb92427ae41e4649b934ca495991b7852b855","zip_code":"e3b0c44298fc1c149afbf4c8996fb92427ae41e4649b934ca495991b7852b855"},"page":{"url":"http:\/\/ibn-sinaa.com\/en\/product-category\/school-and-student-printing\/%D8%B3%D8%AC%D9%84%D8%A7%D8%AA\/page\/2\/?add-to-cart=4125"}}]}
 ajax: no
2024-12-29T01:14:00+00:00 DEBUG Tt4b_Mapi_Class::mapi_post: Response: 

HTTP/1.1 200 OK
Server: nginx
Content-Type: application/json
Content-Length: 92
X-Tt-Logid: 202412290114006C3162B881A06D128B03
x-tt-trace-host: 018e5a586174a888928d793bdac74b79b56517d7628cf0ffdff56b078ad2cf5615ddd5f71ea8921c750adfcc80749fccb45684d00bc89f50812b5bec67dca5b8946effee3872d93bb5a07abe41aa2d8669b0a44d6c17237cb074260783f63cce9962ddec34d49c1bc4410b399dd5fb03ab
x-tt-trace-id: 00-2412290114006C3162B881A06D128B03-417806F77864CCC0-00
X-Origin-Response-Time: 53,23.218.219.58
X-Akamai-Request-ID: 7f7b2e3.55615fc
Expires: Sun, 29 Dec 2024 01:14:00 GMT
Cache-Control: max-age=0, no-cache, no-store
Pragma: no-cache
Date: Sun, 29 Dec 2024 01:14:00 GMT
X-Cache: TCP_MISS from a95-101-134-92.deploy.akamaitechnologies.com (AkamaiGHost/11.7.2.1-9611f29bef89eba7b18045b10aa2af98) (-)
Connection: close
X-Cache-Remote: TCP_MISS from a23-218-219-58.deploy.akamaitechnologies.com (AkamaiGHost/11.7.2.1-9611f29bef89eba7b18045b10aa2af98) (-)
x-tt-trace-tag: id=16;cdn-cache=miss;type=dyn
Server-Timing: cdn-cache; desc=MISS, edge; dur=86, origin; dur=53
Server-Timing: inner; dur=48
X-Parent-Response-Time: 138,95.101.134.92

{"code": 0, "message": "OK", "request_id": "202412290114006C3162B881A06D128B03", "data": {}}
2024-12-29T01:14:04+00:00 DEBUG POST: https://business-api.tiktok.com/open_api/v1.3/event/track/

{"partner_name":"WooCommerce","event_source":"web","event_source_id":"CSM79Q3C77UAG1T340I0","data":[{"event":"Pageview","event_id":"6770a25c64633_tt4b_woocommerce_670666209cf1f","event_time":1735434844,"user":{"ip":"178.150.14.250","user_agent":"Mozilla\/5.0 (compatible; MJ12bot\/v1.4.8; http:\/\/mj12bot.com\/)","locale":"ar","external_id":"0","email":"e3b0c44298fc1c149afbf4c8996fb92427ae41e4649b934ca495991b7852b855","phone_number":"e3b0c44298fc1c149afbf4c8996fb92427ae41e4649b934ca495991b7852b855","first_name":"e3b0c44298fc1c149afbf4c8996fb92427ae41e4649b934ca495991b7852b855","last_name":"e3b0c44298fc1c149afbf4c8996fb92427ae41e4649b934ca495991b7852b855","zip_code":"e3b0c44298fc1c149afbf4c8996fb92427ae41e4649b934ca495991b7852b855"},"page":{"url":"http:\/\/ibn-sinaa.com\/en\/product-tag\/%D8%A8%D9%88%D8%A8-%D8%A7%D8%B3%D8%AA%D8%A7%D9%86%D8%AF"}}]}
 ajax: no
2024-12-29T01:14:04+00:00 DEBUG Tt4b_Mapi_Class::mapi_post: Response: 

HTTP/1.1 200 OK
Server: nginx
Content-Type: application/json
Content-Length: 92
X-Tt-Logid: 2024122901140403C2C5DA920EC8F80E64
Server-Timing: inner; dur=22
x-tt-trace-host: 018e5a586174a888928d793bdac74b79b520593bf434961dbceff88e4b17f9a156c84306ea4ea886d9898e572c5ddb660b6b61f76316fa297a47ac2eb2efe20ec81267c636cb81b4df4a767f2de775d0d1b270809f095b5af93857a3c794543f90
x-tt-trace-id: 00-24122901140403C2C5DA920EC8F80E64-00FBFFFE727DAE27-00
Expires: Sun, 29 Dec 2024 01:14:04 GMT
Cache-Control: max-age=0, no-cache, no-store
Pragma: no-cache
Date: Sun, 29 Dec 2024 01:14:04 GMT
X-Cache: TCP_MISS from a95-101-134-116.deploy.akamaitechnologies.com (AkamaiGHost/11.7.2.1-9611f29bef89eba7b18045b10aa2af98) (-)
Connection: close
x-tt-trace-tag: id=16;cdn-cache=miss;type=dyn
Server-Timing: cdn-cache; desc=MISS, edge; dur=1, origin; dur=101
X-Origin-Response-Time: 102,95.101.134.116
X-Akamai-Request-ID: 22ca218d

{"code": 0, "message": "OK", "request_id": "2024122901140403C2C5DA920EC8F80E64", "data": {}}
2024-12-29T01:14:09+00:00 DEBUG Tt4b_Pixel_Class::inject_add_to_cart_event: hit AddToCart
2024-12-29T01:14:09+00:00 DEBUG POST: https://business-api.tiktok.com/open_api/v1.3/event/track/

{"partner_name":"WooCommerce","event_source":"web","event_source_id":"CSM79Q3C77UAG1T340I0","data":[{"event":"AddToCart","event_id":"6770a26154ed7_tt4b_woocommerce_670666209cf1f_SKU_22","event_time":1735434849,"user":{"ip":"178.150.14.250","user_agent":"Mozilla\/5.0 (compatible; MJ12bot\/v1.4.8; http:\/\/mj12bot.com\/)","locale":"ar","external_id":"0","email":"e3b0c44298fc1c149afbf4c8996fb92427ae41e4649b934ca495991b7852b855","phone_number":"e3b0c44298fc1c149afbf4c8996fb92427ae41e4649b934ca495991b7852b855","first_name":"e3b0c44298fc1c149afbf4c8996fb92427ae41e4649b934ca495991b7852b855","last_name":"e3b0c44298fc1c149afbf4c8996fb92427ae41e4649b934ca495991b7852b855","zip_code":"e3b0c44298fc1c149afbf4c8996fb92427ae41e4649b934ca495991b7852b855"},"properties":{"contents":[{"price":0,"quantity":1,"content_id":"SKU_22","content_name":"\u0637\u0628\u0627\u0639\u0629 \u0628\u0631\u0634\u0648\u0631 \u0641\u0644\u0627\u064a\u0631 A3","description":"\u0641\u0644\u0627\u064a\u0631 \u0645\u0642\u0627\u0633 A3 \u0637\u0628\u0627\u0639\u0629 \u0639\u0644\u0649 \u0648\u0631\u0642 \u0643\u0648\u0634\u064a\u0647 150 \u062c\u0631\u0627\u0645 \u0637\u0628\u0627\u0639\u0629 \u0628\u062c\u0648\u062f\u0629 \u0639\u0627\u0644\u064a\u0629.\r\n\u0645\u062f\u0629 \u0627\u0644\u062a\u0646\u0641\u064a\u0630 \u0627\u0644\u0645\u062a\u0648\u0642\u0639\u0629: 1 \u2013 3 \u0623\u064a\u0627\u0645 \u0639\u0645\u0644 \u0628\u0639\u062f \u062a\u0623\u0643\u064a\u062f \u0627\u0644\u0637\u0644\u0628 \u0648\u0627\u0644\u062a\u0635\u0645\u064a\u0645 \u0648\u062d\u0633\u0628 \u0627\u0644\u0643\u0645\u064a\u0629 (\u062a\u0632\u064a\u062f \u0627\u0644\u0645\u062f\u0629 \u0639\u0646\u062f \u0637\u0644\u0628 \u0627\u0644\u0634\u062d\u0646).","availability":"IN_STOCK","sale_price":0,"on_sale":false}],"content_type":"product","currency":"SAR","value":0,"event_trigger_source":"WooCommerce"},"page":{"url":"http:\/\/ibn-sinaa.com\/en\/product\/%D8%A8%D8%B1%D8%B4%D9%88%D8%B1-%D9%81%D9%84%D8%A7%D9%8A%D8%B1-a3\/?add-to-cart=22"}}]}
 ajax: no
2024-12-29T01:14:09+00:00 DEBUG Tt4b_Mapi_Class::mapi_post: Response: 

HTTP/1.1 200 OK
Server: nginx
Content-Type: application/json
Content-Length: 92
X-Tt-Logid: 20241229011409AE7122B99793B8A5045B
Server-Timing: inner; dur=29
x-tt-trace-host: 018e5a586174a888928d793bdac74b79b51a437ee89a1c03eb2011d034a2e3e9f554d9810602c3be4c6df7e1a64da30f575a3312b8358dc90935f868f426615c92beb5104f44f5ec6b0a0e0e095e8568451a0bf0bbc16c8758d47eefe1ed7f91d9
x-tt-trace-id: 00-241229011409AE7122B99793B8A5045B-5B9BB4CE369E149D-00
Expires: Sun, 29 Dec 2024 01:14:09 GMT
Cache-Control: max-age=0, no-cache, no-store
Pragma: no-cache
Date: Sun, 29 Dec 2024 01:14:09 GMT
X-Cache: TCP_MISS from a95-101-134-92.deploy.akamaitechnologies.com (AkamaiGHost/11.7.2.1-9611f29bef89eba7b18045b10aa2af98) (-)
Connection: close
x-tt-trace-tag: id=16;cdn-cache=miss;type=dyn
Server-Timing: cdn-cache; desc=MISS, edge; dur=0, origin; dur=113
X-Origin-Response-Time: 113,95.101.134.92
X-Akamai-Request-ID: 5565cb5

{"code": 0, "message": "OK", "request_id": "20241229011409AE7122B99793B8A5045B", "data": {}}
2024-12-29T01:14:09+00:00 DEBUG POST: https://business-api.tiktok.com/open_api/v1.3/event/track/

{"partner_name":"WooCommerce","event_source":"web","event_source_id":"CSM79Q3C77UAG1T340I0","data":[{"event":"Pageview","event_id":"6770a2619f6f5_tt4b_woocommerce_670666209cf1f","event_time":1735434849,"user":{"ip":"178.150.14.250","user_agent":"Mozilla\/5.0 (compatible; MJ12bot\/v1.4.8; http:\/\/mj12bot.com\/)","locale":"ar","external_id":"0","email":"e3b0c44298fc1c149afbf4c8996fb92427ae41e4649b934ca495991b7852b855","phone_number":"e3b0c44298fc1c149afbf4c8996fb92427ae41e4649b934ca495991b7852b855","first_name":"e3b0c44298fc1c149afbf4c8996fb92427ae41e4649b934ca495991b7852b855","last_name":"e3b0c44298fc1c149afbf4c8996fb92427ae41e4649b934ca495991b7852b855","zip_code":"e3b0c44298fc1c149afbf4c8996fb92427ae41e4649b934ca495991b7852b855"},"page":{"url":"http:\/\/ibn-sinaa.com\/en\/product\/%D8%A8%D8%B1%D8%B4%D9%88%D8%B1-%D9%81%D9%84%D8%A7%D9%8A%D8%B1-a3\/?add-to-cart=22"}}]}
 ajax: no
2024-12-29T01:14:09+00:00 DEBUG Tt4b_Mapi_Class::mapi_post: Response: 

HTTP/1.1 200 OK
Server: nginx
Content-Type: application/json
Content-Length: 92
X-Tt-Logid: 20241229011409C248591BB4C53DA27713
Server-Timing: inner; dur=25
x-tt-trace-host: 018e5a586174a888928d793bdac74b79b51a437ee89a1c03eb2011d034a2e3e9f512b18e79958bf66dc197bdff320a6e5e0740ddacd065ddebf2c3b4e8ce6aade729d1e0e6f71547487423f4f1943926c6e2cede049b79243455ec761d794a2ba0
x-tt-trace-id: 00-241229011409C248591BB4C53DA27713-0F24764963BD1283-00
Expires: Sun, 29 Dec 2024 01:14:09 GMT
Cache-Control: max-age=0, no-cache, no-store
Pragma: no-cache
Date: Sun, 29 Dec 2024 01:14:09 GMT
X-Cache: TCP_MISS from a95-101-134-92.deploy.akamaitechnologies.com (AkamaiGHost/11.7.2.1-9611f29bef89eba7b18045b10aa2af98) (-)
Connection: close
x-tt-trace-tag: id=16;cdn-cache=miss;type=dyn
Server-Timing: cdn-cache; desc=MISS, edge; dur=0, origin; dur=105
X-Origin-Response-Time: 105,95.101.134.92
X-Akamai-Request-ID: 5565ed8

{"code": 0, "message": "OK", "request_id": "20241229011409C248591BB4C53DA27713", "data": {}}
2024-12-29T01:14:15+00:00 DEBUG Tt4b_Pixel_Class::inject_add_to_cart_event: hit AddToCart
2024-12-29T01:14:15+00:00 DEBUG POST: https://business-api.tiktok.com/open_api/v1.3/event/track/

{"partner_name":"WooCommerce","event_source":"web","event_source_id":"CSM79Q3C77UAG1T340I0","data":[{"event":"AddToCart","event_id":"6770a2671ef30_tt4b_woocommerce_670666209cf1f_SKU_22","event_time":1735434855,"user":{"ip":"178.150.14.250","user_agent":"Mozilla\/5.0 (compatible; MJ12bot\/v1.4.8; http:\/\/mj12bot.com\/)","locale":"ar","external_id":"0","email":"e3b0c44298fc1c149afbf4c8996fb92427ae41e4649b934ca495991b7852b855","phone_number":"e3b0c44298fc1c149afbf4c8996fb92427ae41e4649b934ca495991b7852b855","first_name":"e3b0c44298fc1c149afbf4c8996fb92427ae41e4649b934ca495991b7852b855","last_name":"e3b0c44298fc1c149afbf4c8996fb92427ae41e4649b934ca495991b7852b855","zip_code":"e3b0c44298fc1c149afbf4c8996fb92427ae41e4649b934ca495991b7852b855"},"properties":{"contents":[{"price":0,"quantity":1,"content_id":"SKU_22","content_name":"\u0637\u0628\u0627\u0639\u0629 \u0628\u0631\u0634\u0648\u0631 \u0641\u0644\u0627\u064a\u0631 A3","description":"\u0641\u0644\u0627\u064a\u0631 \u0645\u0642\u0627\u0633 A3 \u0637\u0628\u0627\u0639\u0629 \u0639\u0644\u0649 \u0648\u0631\u0642 \u0643\u0648\u0634\u064a\u0647 150 \u062c\u0631\u0627\u0645 \u0637\u0628\u0627\u0639\u0629 \u0628\u062c\u0648\u062f\u0629 \u0639\u0627\u0644\u064a\u0629.\r\n\u0645\u062f\u0629 \u0627\u0644\u062a\u0646\u0641\u064a\u0630 \u0627\u0644\u0645\u062a\u0648\u0642\u0639\u0629: 1 \u2013 3 \u0623\u064a\u0627\u0645 \u0639\u0645\u0644 \u0628\u0639\u062f \u062a\u0623\u0643\u064a\u062f \u0627\u0644\u0637\u0644\u0628 \u0648\u0627\u0644\u062a\u0635\u0645\u064a\u0645 \u0648\u062d\u0633\u0628 \u0627\u0644\u0643\u0645\u064a\u0629 (\u062a\u0632\u064a\u062f \u0627\u0644\u0645\u062f\u0629 \u0639\u0646\u062f \u0637\u0644\u0628 \u0627\u0644\u0634\u062d\u0646).","availability":"IN_STOCK","sale_price":0,"on_sale":false}],"content_type":"product","currency":"SAR","value":0,"event_trigger_source":"WooCommerce"},"page":{"url":"http:\/\/ibn-sinaa.com\/en\/product\/%D8%A8%D8%B1%D8%B4%D9%88%D8%B1-%D9%85%D8%B7%D9%88%D9%8A%D8%A9-a3\/?add-to-cart=22"}}]}
 ajax: no
2024-12-29T01:14:15+00:00 DEBUG Tt4b_Mapi_Class::mapi_post: Response: 

HTTP/1.1 200 OK
Server: nginx
Content-Type: application/json
Content-Length: 92
X-Tt-Logid: 20241229011415F9E12676332AC5837918
Server-Timing: inner; dur=40
x-tt-trace-host: 018e5a586174a888928d793bdac74b79b51a437ee89a1c03eb2011d034a2e3e9f5ffc82f446ca6f82a9308f886d69de8bac7ae4fb8a527f0dcfd316bac202ef2abf99ce47b94359c51db185275d39a1b2bf610abf41e322e43913743512261f983
x-tt-trace-id: 00-241229011415F9E12676332AC5837918-2ED953EE0C71D972-00
Expires: Sun, 29 Dec 2024 01:14:15 GMT
Cache-Control: max-age=0, no-cache, no-store
Pragma: no-cache
Date: Sun, 29 Dec 2024 01:14:15 GMT
X-Cache: TCP_MISS from a95-101-134-92.deploy.akamaitechnologies.com (AkamaiGHost/11.7.2.1-9611f29bef89eba7b18045b10aa2af98) (-)
Connection: close
x-tt-trace-tag: id=16;cdn-cache=miss;type=dyn
Server-Timing: cdn-cache; desc=MISS, edge; dur=2, origin; dur=122
X-Origin-Response-Time: 123,95.101.134.92
X-Akamai-Request-ID: 5568749

{"code": 0, "message": "OK", "request_id": "20241229011415F9E12676332AC5837918", "data": {}}
2024-12-29T01:14:15+00:00 DEBUG POST: https://business-api.tiktok.com/open_api/v1.3/event/track/

{"partner_name":"WooCommerce","event_source":"web","event_source_id":"CSM79Q3C77UAG1T340I0","data":[{"event":"Pageview","event_id":"6770a267a839f_tt4b_woocommerce_670666209cf1f","event_time":1735434855,"user":{"ip":"178.150.14.250","user_agent":"Mozilla\/5.0 (compatible; MJ12bot\/v1.4.8; http:\/\/mj12bot.com\/)","locale":"ar","external_id":"0","email":"e3b0c44298fc1c149afbf4c8996fb92427ae41e4649b934ca495991b7852b855","phone_number":"e3b0c44298fc1c149afbf4c8996fb92427ae41e4649b934ca495991b7852b855","first_name":"e3b0c44298fc1c149afbf4c8996fb92427ae41e4649b934ca495991b7852b855","last_name":"e3b0c44298fc1c149afbf4c8996fb92427ae41e4649b934ca495991b7852b855","zip_code":"e3b0c44298fc1c149afbf4c8996fb92427ae41e4649b934ca495991b7852b855"},"page":{"url":"http:\/\/ibn-sinaa.com\/en\/product\/%D8%A8%D8%B1%D8%B4%D9%88%D8%B1-%D9%85%D8%B7%D9%88%D9%8A%D8%A9-a3\/?add-to-cart=22"}}]}
 ajax: no
2024-12-29T01:14:15+00:00 DEBUG Tt4b_Mapi_Class::mapi_post: Response: 

HTTP/1.1 200 OK
Server: nginx
Content-Type: application/json
Content-Length: 92
X-Tt-Logid: 2024122901141529DE2F699A4DF6CDBB42
x-tt-trace-host: 018e5a586174a888928d793bdac74b79b519a86797e72c2eba011e03e23beee17d380bcbefd4348a4740a6a7724147ec3ed8fd3306d0849c340bb428d1bbc246e315774d3647189a90e7ef5b73e271a0e2aab67f240a09840b75093d16c290a4eb41b45eeee2ede25c21abd478541dac5b
x-tt-trace-id: 00-24122901141529DE2F699A4DF6CDBB42-690BFC137BF6F429-00
X-Origin-Response-Time: 33,23.218.219.48
X-Akamai-Request-ID: 47be094c.22ca5587
Expires: Sun, 29 Dec 2024 01:14:15 GMT
Cache-Control: max-age=0, no-cache, no-store
Pragma: no-cache
Date: Sun, 29 Dec 2024 01:14:15 GMT
X-Cache: TCP_MISS from a95-101-134-116.deploy.akamaitechnologies.com (AkamaiGHost/11.7.2.1-9611f29bef89eba7b18045b10aa2af98) (-)
Connection: close
X-Cache-Remote: TCP_MISS from a23-218-219-48.deploy.akamaitechnologies.com (AkamaiGHost/11.7.2.1-9611f29bef89eba7b18045b10aa2af98) (-)
x-tt-trace-tag: id=16;cdn-cache=miss;type=dyn
Server-Timing: cdn-cache; desc=MISS, edge; dur=81, origin; dur=33
Server-Timing: inner; dur=29
X-Parent-Response-Time: 114,95.101.134.116

{"code": 0, "message": "OK", "request_id": "2024122901141529DE2F699A4DF6CDBB42", "data": {}}
2024-12-29T01:14:20+00:00 DEBUG Tt4b_Pixel_Class::inject_add_to_cart_event: hit AddToCart
2024-12-29T01:14:20+00:00 DEBUG POST: https://business-api.tiktok.com/open_api/v1.3/event/track/

{"partner_name":"WooCommerce","event_source":"web","event_source_id":"CSM79Q3C77UAG1T340I0","data":[{"event":"AddToCart","event_id":"6770a26cdf6ee_tt4b_woocommerce_670666209cf1f_SKU_198","event_time":1735434860,"user":{"ip":"178.150.14.250","user_agent":"Mozilla\/5.0 (compatible; MJ12bot\/v1.4.8; http:\/\/mj12bot.com\/)","locale":"ar","external_id":"0","email":"e3b0c44298fc1c149afbf4c8996fb92427ae41e4649b934ca495991b7852b855","phone_number":"e3b0c44298fc1c149afbf4c8996fb92427ae41e4649b934ca495991b7852b855","first_name":"e3b0c44298fc1c149afbf4c8996fb92427ae41e4649b934ca495991b7852b855","last_name":"e3b0c44298fc1c149afbf4c8996fb92427ae41e4649b934ca495991b7852b855","zip_code":"e3b0c44298fc1c149afbf4c8996fb92427ae41e4649b934ca495991b7852b855"},"properties":{"contents":[{"price":0,"quantity":1,"content_id":"SKU_198","content_name":"\u0637\u0628\u0627\u0639\u0629 \u0628\u0631\u0634\u0648\u0631 \u0641\u0644\u0627\u064a\u0631 A4","description":"<ul>\r\n \t<li>\u0641\u0644\u0627\u064a\u0631 \u0645\u0642\u0627\u0633 A4 \u0637\u0628\u0627\u0639\u0629 \u0639\u0644\u0649 \u0648\u0631\u0642 \u0643\u0648\u0634\u064a\u0647 150 \u062c\u0631\u0627\u0645 \u0628\u062c\u0648\u062f\u0629 \u0639\u0627\u0644\u064a\u0629.<\/li>\r\n \t<li>\u0645\u062f\u0629 \u0627\u0644\u062a\u0646\u0641\u064a\u0630 \u0627\u0644\u0645\u062a\u0648\u0642\u0639\u0629: 1 \u2013 3 \u0623\u064a\u0627\u0645 \u0639\u0645\u0644 \u0628\u0639\u062f \u062a\u0623\u0643\u064a\u062f \u0627\u0644\u0637\u0644\u0628 \u0648\u0627\u0644\u062a\u0635\u0645\u064a\u0645 \u0648\u062d\u0633\u0628 \u0627\u0644\u0643\u0645\u064a\u0629 (\u062a\u0632\u064a\u062f \u0627\u0644\u0645\u062f\u0629 \u0639\u0646\u062f \u0637\u0644\u0628 \u0627\u0644\u0634\u062d\u0646).<\/li>\r\n<\/ul>","availability":"IN_STOCK","sale_price":0,"on_sale":false}],"content_type":"product","currency":"SAR","value":0,"event_trigger_source":"WooCommerce"},"page":{"url":"http:\/\/ibn-sinaa.com\/en\/product\/%D8%A8%D8%B1%D8%B4%D9%88%D8%B1-%D9%85%D8%B7%D9%88%D9%8A%D8%A9-a4\/?add-to-cart=198"}}]}
 ajax: no
2024-12-29T01:14:21+00:00 DEBUG Tt4b_Mapi_Class::mapi_post: Response: 

HTTP/1.1 200 OK
Server: nginx
Content-Type: application/json
Content-Length: 92
X-Tt-Logid: 20241229011421962E5E06F638B8881AB0
x-tt-trace-host: 018e5a586174a888928d793bdac74b79b519a86797e72c2eba011e03e23beee17d5ccdd42bbf80e0ab2ea9a51de061eac8b086d19fba76f045fd3dcd69eb293a4e62752a610965b8caa2140869591562f94b6649918a58822feaaa35843aebf8dc1185bec6e30b680bd0bd37b2650ecfda
x-tt-trace-id: 00-241229011421962E5E06F638B8881AB0-3E30DFD61D879141-00
X-Origin-Response-Time: 32,23.218.219.36
X-Akamai-Request-ID: 1475a26f.22ca6d03
Expires: Sun, 29 Dec 2024 01:14:21 GMT
Cache-Control: max-age=0, no-cache, no-store
Pragma: no-cache
Date: Sun, 29 Dec 2024 01:14:21 GMT
X-Cache: TCP_MISS from a95-101-134-116.deploy.akamaitechnologies.com (AkamaiGHost/11.7.2.1-9611f29bef89eba7b18045b10aa2af98) (-)
Connection: close
X-Cache-Remote: TCP_MISS from a23-218-219-36.deploy.akamaitechnologies.com (AkamaiGHost/11.7.2.1-9611f29bef89eba7b18045b10aa2af98) (-)
x-tt-trace-tag: id=16;cdn-cache=miss;type=dyn
Server-Timing: cdn-cache; desc=MISS, edge; dur=82, origin; dur=32
Server-Timing: inner; dur=29
X-Parent-Response-Time: 113,95.101.134.116

{"code": 0, "message": "OK", "request_id": "20241229011421962E5E06F638B8881AB0", "data": {}}
2024-12-29T01:14:21+00:00 DEBUG POST: https://business-api.tiktok.com/open_api/v1.3/event/track/

{"partner_name":"WooCommerce","event_source":"web","event_source_id":"CSM79Q3C77UAG1T340I0","data":[{"event":"Pageview","event_id":"6770a26d3a358_tt4b_woocommerce_670666209cf1f","event_time":1735434861,"user":{"ip":"178.150.14.250","user_agent":"Mozilla\/5.0 (compatible; MJ12bot\/v1.4.8; http:\/\/mj12bot.com\/)","locale":"ar","external_id":"0","email":"e3b0c44298fc1c149afbf4c8996fb92427ae41e4649b934ca495991b7852b855","phone_number":"e3b0c44298fc1c149afbf4c8996fb92427ae41e4649b934ca495991b7852b855","first_name":"e3b0c44298fc1c149afbf4c8996fb92427ae41e4649b934ca495991b7852b855","last_name":"e3b0c44298fc1c149afbf4c8996fb92427ae41e4649b934ca495991b7852b855","zip_code":"e3b0c44298fc1c149afbf4c8996fb92427ae41e4649b934ca495991b7852b855"},"page":{"url":"http:\/\/ibn-sinaa.com\/en\/product\/%D8%A8%D8%B1%D8%B4%D9%88%D8%B1-%D9%85%D8%B7%D9%88%D9%8A%D8%A9-a4\/?add-to-cart=198"}}]}
 ajax: no
2024-12-29T01:14:21+00:00 DEBUG Tt4b_Mapi_Class::mapi_post: Response: 

HTTP/1.1 200 OK
Server: nginx
Content-Type: application/json
Content-Length: 92
X-Tt-Logid: 2024122901142119E6D5ACB775D8A27FAD
Server-Timing: inner; dur=105
x-tt-trace-host: 018e5a586174a888928d793bdac74b79b51a437ee89a1c03eb2011d034a2e3e9f5e90b7042ab7ff969b1fac78086ec03f657df996a127b440642b8b7e3846833fd210f2f06665f82bd3922e9555f7aeaf09a6ba79e12f0f5ead4e85c99074c735d
x-tt-trace-id: 00-24122901142119E6D5ACB775D8A27FAD-450BB89E7EC18209-00
Expires: Sun, 29 Dec 2024 01:14:21 GMT
Cache-Control: max-age=0, no-cache, no-store
Pragma: no-cache
Date: Sun, 29 Dec 2024 01:14:21 GMT
X-Cache: TCP_MISS from a95-101-134-92.deploy.akamaitechnologies.com (AkamaiGHost/11.7.2.1-9611f29bef89eba7b18045b10aa2af98) (-)
Connection: close
x-tt-trace-tag: id=16;cdn-cache=miss;type=dyn
Server-Timing: cdn-cache; desc=MISS, edge; dur=0, origin; dur=188
X-Origin-Response-Time: 188,95.101.134.92
X-Akamai-Request-ID: 556b2a4

{"code": 0, "message": "OK", "request_id": "2024122901142119E6D5ACB775D8A27FAD", "data": {}}
2024-12-29T01:14:26+00:00 DEBUG Tt4b_Pixel_Class::inject_add_to_cart_event: hit AddToCart
2024-12-29T01:14:26+00:00 DEBUG POST: https://business-api.tiktok.com/open_api/v1.3/event/track/

{"partner_name":"WooCommerce","event_source":"web","event_source_id":"CSM79Q3C77UAG1T340I0","data":[{"event":"AddToCart","event_id":"6770a27207ca7_tt4b_woocommerce_670666209cf1f_SKU_198","event_time":1735434866,"user":{"ip":"178.150.14.250","user_agent":"Mozilla\/5.0 (compatible; MJ12bot\/v1.4.8; http:\/\/mj12bot.com\/)","locale":"ar","external_id":"0","email":"e3b0c44298fc1c149afbf4c8996fb92427ae41e4649b934ca495991b7852b855","phone_number":"e3b0c44298fc1c149afbf4c8996fb92427ae41e4649b934ca495991b7852b855","first_name":"e3b0c44298fc1c149afbf4c8996fb92427ae41e4649b934ca495991b7852b855","last_name":"e3b0c44298fc1c149afbf4c8996fb92427ae41e4649b934ca495991b7852b855","zip_code":"e3b0c44298fc1c149afbf4c8996fb92427ae41e4649b934ca495991b7852b855"},"properties":{"contents":[{"price":0,"quantity":1,"content_id":"SKU_198","content_name":"\u0637\u0628\u0627\u0639\u0629 \u0628\u0631\u0634\u0648\u0631 \u0641\u0644\u0627\u064a\u0631 A4","description":"<ul>\r\n \t<li>\u0641\u0644\u0627\u064a\u0631 \u0645\u0642\u0627\u0633 A4 \u0637\u0628\u0627\u0639\u0629 \u0639\u0644\u0649 \u0648\u0631\u0642 \u0643\u0648\u0634\u064a\u0647 150 \u062c\u0631\u0627\u0645 \u0628\u062c\u0648\u062f\u0629 \u0639\u0627\u0644\u064a\u0629.<\/li>\r\n \t<li>\u0645\u062f\u0629 \u0627\u0644\u062a\u0646\u0641\u064a\u0630 \u0627\u0644\u0645\u062a\u0648\u0642\u0639\u0629: 1 \u2013 3 \u0623\u064a\u0627\u0645 \u0639\u0645\u0644 \u0628\u0639\u062f \u062a\u0623\u0643\u064a\u062f \u0627\u0644\u0637\u0644\u0628 \u0648\u0627\u0644\u062a\u0635\u0645\u064a\u0645 \u0648\u062d\u0633\u0628 \u0627\u0644\u0643\u0645\u064a\u0629 (\u062a\u0632\u064a\u062f \u0627\u0644\u0645\u062f\u0629 \u0639\u0646\u062f \u0637\u0644\u0628 \u0627\u0644\u0634\u062d\u0646).<\/li>\r\n<\/ul>","availability":"IN_STOCK","sale_price":0,"on_sale":false}],"content_type":"product","currency":"SAR","value":0,"event_trigger_source":"WooCommerce"},"page":{"url":"http:\/\/ibn-sinaa.com\/en\/product\/%D8%B1%D9%88%D9%84-%D8%A7%D9%83%D8%B3-%D8%A8%D9%86%D8%B1\/?add-to-cart=198"}}]}
 ajax: no
2024-12-29T01:14:26+00:00 DEBUG Tt4b_Mapi_Class::mapi_post: Response: 

HTTP/1.1 200 OK
Server: nginx
Content-Type: application/json
Content-Length: 92
X-Tt-Logid: 20241229011426F9E12676332AC5837CD6
Server-Timing: inner; dur=22
x-tt-trace-host: 018e5a586174a888928d793bdac74b79b51a437ee89a1c03eb2011d034a2e3e9f5ffc82f446ca6f82a9308f886d69de8ba797986da7f59d6f6f68f829e92ef9ace933729b0c79928924932448b411646704952b52e169978afe6ccdfaa4e5772e3
x-tt-trace-id: 00-241229011426F9E12676332AC5837CD6-48F48F9F5C69AA3B-00
Expires: Sun, 29 Dec 2024 01:14:26 GMT
Cache-Control: max-age=0, no-cache, no-store
Pragma: no-cache
Date: Sun, 29 Dec 2024 01:14:26 GMT
X-Cache: TCP_MISS from a95-101-134-92.deploy.akamaitechnologies.com (AkamaiGHost/11.7.2.1-9611f29bef89eba7b18045b10aa2af98) (-)
Connection: close
x-tt-trace-tag: id=16;cdn-cache=miss;type=dyn
Server-Timing: cdn-cache; desc=MISS, edge; dur=0, origin; dur=102
X-Origin-Response-Time: 102,95.101.134.92
X-Akamai-Request-ID: 556d6ad

{"code": 0, "message": "OK", "request_id": "20241229011426F9E12676332AC5837CD6", "data": {}}
2024-12-29T01:14:26+00:00 DEBUG POST: https://business-api.tiktok.com/open_api/v1.3/event/track/

{"partner_name":"WooCommerce","event_source":"web","event_source_id":"CSM79Q3C77UAG1T340I0","data":[{"event":"Pageview","event_id":"6770a2724a529_tt4b_woocommerce_670666209cf1f","event_time":1735434866,"user":{"ip":"178.150.14.250","user_agent":"Mozilla\/5.0 (compatible; MJ12bot\/v1.4.8; http:\/\/mj12bot.com\/)","locale":"ar","external_id":"0","email":"e3b0c44298fc1c149afbf4c8996fb92427ae41e4649b934ca495991b7852b855","phone_number":"e3b0c44298fc1c149afbf4c8996fb92427ae41e4649b934ca495991b7852b855","first_name":"e3b0c44298fc1c149afbf4c8996fb92427ae41e4649b934ca495991b7852b855","last_name":"e3b0c44298fc1c149afbf4c8996fb92427ae41e4649b934ca495991b7852b855","zip_code":"e3b0c44298fc1c149afbf4c8996fb92427ae41e4649b934ca495991b7852b855"},"page":{"url":"http:\/\/ibn-sinaa.com\/en\/product\/%D8%B1%D9%88%D9%84-%D8%A7%D9%83%D8%B3-%D8%A8%D9%86%D8%B1\/?add-to-cart=198"}}]}
 ajax: no
2024-12-29T01:14:26+00:00 DEBUG Tt4b_Mapi_Class::mapi_post: Response: 

HTTP/1.1 200 OK
Server: nginx
Content-Type: application/json
Content-Length: 92
X-Tt-Logid: 202412290114266D3709AC13062EF5EEE2
x-tt-trace-host: 018e5a586174a888928d793bdac74b79b519a86797e72c2eba011e03e23beee17d4a5c41ced4e556e7050338e12ec1a44e717b89d6a5024ab75820af9e84ebf78c2f7831ba9f57c1784a3b1a11674e1533d63245c0f37ba2748c53363c7141fcf590d5f603151f7265abf471803cc2bddf
x-tt-trace-id: 00-2412290114266D3709AC13062EF5EEE2-4309796949252136-00
X-Origin-Response-Time: 44,23.218.219.54
X-Akamai-Request-ID: 4d728c39.22ca84a5
Expires: Sun, 29 Dec 2024 01:14:26 GMT
Cache-Control: max-age=0, no-cache, no-store
Pragma: no-cache
Date: Sun, 29 Dec 2024 01:14:26 GMT
X-Cache: TCP_MISS from a95-101-134-116.deploy.akamaitechnologies.com (AkamaiGHost/11.7.2.1-9611f29bef89eba7b18045b10aa2af98) (-)
Connection: close
X-Cache-Remote: TCP_MISS from a23-218-219-54.deploy.akamaitechnologies.com (AkamaiGHost/11.7.2.1-9611f29bef89eba7b18045b10aa2af98) (-)
x-tt-trace-tag: id=16;cdn-cache=miss;type=dyn
Server-Timing: cdn-cache; desc=MISS, edge; dur=80, origin; dur=44
Server-Timing: inner; dur=40
X-Parent-Response-Time: 124,95.101.134.116

{"code": 0, "message": "OK", "request_id": "202412290114266D3709AC13062EF5EEE2", "data": {}}
2024-12-29T01:14:30+00:00 DEBUG Tt4b_Pixel_Class::inject_add_to_cart_event: hit AddToCart
2024-12-29T01:14:30+00:00 DEBUG POST: https://business-api.tiktok.com/open_api/v1.3/event/track/

{"partner_name":"WooCommerce","event_source":"web","event_source_id":"CSM79Q3C77UAG1T340I0","data":[{"event":"AddToCart","event_id":"6770a276b8ca7_tt4b_woocommerce_670666209cf1f_4125","event_time":1735434870,"user":{"ip":"178.150.14.250","user_agent":"Mozilla\/5.0 (compatible; MJ12bot\/v1.4.8; http:\/\/mj12bot.com\/)","locale":"ar","external_id":"0","email":"e3b0c44298fc1c149afbf4c8996fb92427ae41e4649b934ca495991b7852b855","phone_number":"e3b0c44298fc1c149afbf4c8996fb92427ae41e4649b934ca495991b7852b855","first_name":"e3b0c44298fc1c149afbf4c8996fb92427ae41e4649b934ca495991b7852b855","last_name":"e3b0c44298fc1c149afbf4c8996fb92427ae41e4649b934ca495991b7852b855","zip_code":"e3b0c44298fc1c149afbf4c8996fb92427ae41e4649b934ca495991b7852b855"},"properties":{"contents":[{"price":65,"quantity":1,"content_id":"4125","content_name":"\u0633\u062c\u0644\u0627\u062a \u0645\u0627\u062f\u0629 \u0627\u0644\u0641\u064a\u0632\u064a\u0627\u0621","description":". \u0637\u0628\u0627\u0639\u0647 \u0633\u062c\u0644\u0627\u062a \u0645\u062f\u0631\u0633\u064a\u0629 \u0627\u062d\u062a\u0631\u0627\u0641\u064a\u0629 \u062e\u0627\u0645\u062a\u0647\u0627 \u0643\u0631\u062a\u0648\u0646 2000 \u062c\u0631\u0627\u0645,\u062a\u0636\u0627\u0641 \u0637\u0628\u0642\u0629 \u062d\u0645\u0627\u064a\u0647 \u0627\u0633\u062a\u064a\u0643\u0631 \u0645\u0639 \u0633\u0644\u0648\u0641\u0627\u0646 \u0644\u0627\u0645\u0639.\r\n. \u0645\u062a\u0648\u0641\u0631 \u0628 \u0627\u062d\u062c\u0627\u0645 \u0645\u062e\u062a\u0644\u0641\u0647 ( \u0635\u063a\u064a\u0631, \u0648\u0633\u0637 , \u0643\u0628\u064a\u0631 ).\r\n. \u064a\u062a\u0633\u0639 \u0627\u0644\u0645\u0642\u0627\u0633 \u0627\u0644\u0635\u063a\u064a\u0631 ( \u0645\u0646 50 \u0627\u0644\u0649 150 \u0648\u0631\u0642\u0629 )\r\n. \u064a\u062a\u0633\u0639 \u0627\u0644\u0648\u0633\u0637 ( \u0645\u0646 150 \u0627\u0644\u0649 300 \u0648\u0631\u0642\u0629 )\r\n. \u0627\u0644\u0643\u0628\u064a\u0631 ( \u0645\u0646 300 \u0627\u0644\u0649 400 \u0648\u0631\u0642\u0629 ).\r\n. \u0645\u062f\u0629 \u0627\u0644\u062a\u0646\u0641\u064a\u0630 : 3-5 \u0627\u064a\u0627\u0645 \u0648\u062a\u0632\u064a\u062f \u0627\u0644\u0645\u062f\u0629 \u0639\u0646 \u0637\u0644\u0628 \u0627\u0644\u0634\u062d\u0646.","availability":"IN_STOCK","sale_price":65,"on_sale":false}],"content_type":"product","currency":"SAR","value":65,"event_trigger_source":"WooCommerce"},"page":{"url":"http:\/\/ibn-sinaa.com\/en\/product\/%D8%B3%D8%AC%D9%84%D8%A7%D8%AA-%D9%85%D8%A7%D8%AF%D8%A9-%D8%A7%D9%84%D8%AA%D8%B1%D8%A8%D9%8A%D8%A9-%D8%A7%D9%84%D8%A8%D8%AF%D9%86%D9%8A%D8%A9\/?add-to-cart=4125"}}]}
 ajax: no
2024-12-29T01:14:30+00:00 DEBUG Tt4b_Mapi_Class::mapi_post: Response: 

HTTP/1.1 200 OK
Server: nginx
Content-Type: application/json
Content-Length: 92
X-Tt-Logid: 20241229011430A3D317BE0E2735A315E5
Server-Timing: inner; dur=71
x-tt-trace-host: 018e5a586174a888928d793bdac74b79b520593bf434961dbceff88e4b17f9a1564de374c1303799daf3f509557834ab782da91c770e46a3384e9797f2e5734b932731da5a27619da0604fadab0c201653bd68a0743c221c4c86556330f33951ae
x-tt-trace-id: 00-241229011430A3D317BE0E2735A315E5-73BF290B77EC13A0-00
Expires: Sun, 29 Dec 2024 01:14:30 GMT
Cache-Control: max-age=0, no-cache, no-store
Pragma: no-cache
Date: Sun, 29 Dec 2024 01:14:30 GMT
X-Cache: TCP_MISS from a95-101-134-116.deploy.akamaitechnologies.com (AkamaiGHost/11.7.2.1-9611f29bef89eba7b18045b10aa2af98) (-)
Connection: close
x-tt-trace-tag: id=16;cdn-cache=miss;type=dyn
Server-Timing: cdn-cache; desc=MISS, edge; dur=0, origin; dur=151
X-Origin-Response-Time: 151,95.101.134.116
X-Akamai-Request-ID: 22ca9831

{"code": 0, "message": "OK", "request_id": "20241229011430A3D317BE0E2735A315E5", "data": {}}
2024-12-29T01:14:31+00:00 DEBUG POST: https://business-api.tiktok.com/open_api/v1.3/event/track/

{"partner_name":"WooCommerce","event_source":"web","event_source_id":"CSM79Q3C77UAG1T340I0","data":[{"event":"Pageview","event_id":"6770a27717bcd_tt4b_woocommerce_670666209cf1f","event_time":1735434871,"user":{"ip":"178.150.14.250","user_agent":"Mozilla\/5.0 (compatible; MJ12bot\/v1.4.8; http:\/\/mj12bot.com\/)","locale":"ar","external_id":"0","email":"e3b0c44298fc1c149afbf4c8996fb92427ae41e4649b934ca495991b7852b855","phone_number":"e3b0c44298fc1c149afbf4c8996fb92427ae41e4649b934ca495991b7852b855","first_name":"e3b0c44298fc1c149afbf4c8996fb92427ae41e4649b934ca495991b7852b855","last_name":"e3b0c44298fc1c149afbf4c8996fb92427ae41e4649b934ca495991b7852b855","zip_code":"e3b0c44298fc1c149afbf4c8996fb92427ae41e4649b934ca495991b7852b855"},"page":{"url":"http:\/\/ibn-sinaa.com\/en\/product\/%D8%B3%D8%AC%D9%84%D8%A7%D8%AA-%D9%85%D8%A7%D8%AF%D8%A9-%D8%A7%D9%84%D8%AA%D8%B1%D8%A8%D9%8A%D8%A9-%D8%A7%D9%84%D8%A8%D8%AF%D9%86%D9%8A%D8%A9\/?add-to-cart=4125"}}]}
 ajax: no
2024-12-29T01:14:31+00:00 DEBUG Tt4b_Mapi_Class::mapi_post: Response: 

HTTP/1.1 200 OK
Server: nginx
Content-Type: application/json
Content-Length: 92
X-Tt-Logid: 2024122901143117DB22C1D6B32949E22E
x-tt-trace-host: 018e5a586174a888928d793bdac74b79b519a86797e72c2eba011e03e23beee17d4a5c41ced4e556e7050338e12ec1a44e05dc66851bc5f8feaeca1154f30c0d8c39234fb0579bc32e5d0361be481b3b93e7ad81040b273b6274cf0221a0df516a80d3213d6dadbc733e4d4b09fcef6d7a
x-tt-trace-id: 00-24122901143117DB22C1D6B32949E22E-1640084D0CAB1516-00
X-Origin-Response-Time: 32,23.218.219.54
X-Akamai-Request-ID: 4d72c5ab.22ca99c8
Expires: Sun, 29 Dec 2024 01:14:31 GMT
Cache-Control: max-age=0, no-cache, no-store
Pragma: no-cache
Date: Sun, 29 Dec 2024 01:14:31 GMT
X-Cache: TCP_MISS from a95-101-134-116.deploy.akamaitechnologies.com (AkamaiGHost/11.7.2.1-9611f29bef89eba7b18045b10aa2af98) (-)
Connection: close
X-Cache-Remote: TCP_MISS from a23-218-219-54.deploy.akamaitechnologies.com (AkamaiGHost/11.7.2.1-9611f29bef89eba7b18045b10aa2af98) (-)
x-tt-trace-tag: id=16;cdn-cache=miss;type=dyn
Server-Timing: cdn-cache; desc=MISS, edge; dur=97, origin; dur=32
Server-Timing: inner; dur=26
X-Parent-Response-Time: 129,95.101.134.116

{"code": 0, "message": "OK", "request_id": "2024122901143117DB22C1D6B32949E22E", "data": {}}
2024-12-29T01:16:14+00:00 DEBUG POST: https://business-api.tiktok.com/open_api/v1.3/event/track/

{"partner_name":"WooCommerce","event_source":"web","event_source_id":"CSM79Q3C77UAG1T340I0","data":[{"event":"Pageview","event_id":"6770a2de6ec9c_tt4b_woocommerce_670666209cf1f","event_time":1735434974,"user":{"ip":"46.27.49.133","user_agent":"Mozilla\/5.0 (X11; Ubuntu; Linux x86_64; rv:109.0) Gecko\/20100101 Firefox\/117.0","locale":"ar","external_id":"0","email":"e3b0c44298fc1c149afbf4c8996fb92427ae41e4649b934ca495991b7852b855","phone_number":"e3b0c44298fc1c149afbf4c8996fb92427ae41e4649b934ca495991b7852b855","first_name":"e3b0c44298fc1c149afbf4c8996fb92427ae41e4649b934ca495991b7852b855","last_name":"e3b0c44298fc1c149afbf4c8996fb92427ae41e4649b934ca495991b7852b855","zip_code":"e3b0c44298fc1c149afbf4c8996fb92427ae41e4649b934ca495991b7852b855"},"page":{"url":"http:\/\/ibn-sinaa.com\/"}}]}
 ajax: no
2024-12-29T01:16:14+00:00 DEBUG Tt4b_Mapi_Class::mapi_post: Response: 

HTTP/1.1 200 OK
Server: nginx
Content-Type: application/json
Content-Length: 92
X-Tt-Logid: 20241229011614B46257EDE3FC3F36448F
x-tt-trace-host: 018e5a586174a888928d793bdac74b79b56517d7628cf0ffdff56b078ad2cf56157c2c5b758c581417da362c822d852dcdd951dad8deb4ed0ef0bbc70c63db5d56eebb135c4cf8264f220d627029c6da49b4df3a4c22704750df8f2277304f6306f5a0892b3fe4fd563f7488c4363a39da
x-tt-trace-id: 00-241229011614B46257EDE3FC3F36448F-0A8C2A7A80BD649E-00
X-Origin-Response-Time: 26,23.218.219.11
X-Akamai-Request-ID: 1fe778c3.559f9a1
Expires: Sun, 29 Dec 2024 01:16:14 GMT
Cache-Control: max-age=0, no-cache, no-store
Pragma: no-cache
Date: Sun, 29 Dec 2024 01:16:14 GMT
X-Cache: TCP_MISS from a95-101-134-92.deploy.akamaitechnologies.com (AkamaiGHost/11.7.2.1-9611f29bef89eba7b18045b10aa2af98) (-)
Connection: close
X-Cache-Remote: TCP_MISS from a23-218-219-11.deploy.akamaitechnologies.com (AkamaiGHost/11.7.2.1-9611f29bef89eba7b18045b10aa2af98) (-)
x-tt-trace-tag: id=16;cdn-cache=miss;type=dyn
Server-Timing: cdn-cache; desc=MISS, edge; dur=81, origin; dur=25
Server-Timing: inner; dur=23
X-Parent-Response-Time: 106,95.101.134.92

{"code": 0, "message": "OK", "request_id": "20241229011614B46257EDE3FC3F36448F", "data": {}}
2024-12-29T01:16:21+00:00 DEBUG POST: https://business-api.tiktok.com/open_api/v1.3/event/track/

{"partner_name":"WooCommerce","event_source":"web","event_source_id":"CSM79Q3C77UAG1T340I0","data":[{"event":"Pageview","event_id":"6770a2e5c8bfe_tt4b_woocommerce_670666209cf1f","event_time":1735434981,"user":{"ip":"46.27.49.133","user_agent":"Mozilla\/5.0 (X11; Linux x86_64; rv:109.0) Gecko\/20100101 Firefox\/117.0","locale":"ar","external_id":"0","email":"e3b0c44298fc1c149afbf4c8996fb92427ae41e4649b934ca495991b7852b855","phone_number":"e3b0c44298fc1c149afbf4c8996fb92427ae41e4649b934ca495991b7852b855","first_name":"e3b0c44298fc1c149afbf4c8996fb92427ae41e4649b934ca495991b7852b855","last_name":"e3b0c44298fc1c149afbf4c8996fb92427ae41e4649b934ca495991b7852b855","zip_code":"e3b0c44298fc1c149afbf4c8996fb92427ae41e4649b934ca495991b7852b855"},"page":{"url":"http:\/\/ibn-sinaa.com\/"}}]}
 ajax: no
2024-12-29T01:16:22+00:00 DEBUG Tt4b_Mapi_Class::mapi_post: Response: 

HTTP/1.1 200 OK
Server: nginx
Content-Type: application/json
Content-Length: 92
X-Tt-Logid: 2024122901162147D8AE08A02EFBD0C0C9
Server-Timing: inner; dur=22
x-tt-trace-host: 018e5a586174a888928d793bdac74b79b51a437ee89a1c03eb2011d034a2e3e9f50df8abaca4c38be74acfe429e6eb3f48cfd07eedee94655b3f23a390cefa4e2bf3fc7d834313ba5982a4d6fb0ffea704ad33af9dfcd89555492510b4ea106d18
x-tt-trace-id: 00-24122901162147D8AE08A02EFBD0C0C9-35150F50681475F7-00
Expires: Sun, 29 Dec 2024 01:16:22 GMT
Cache-Control: max-age=0, no-cache, no-store
Pragma: no-cache
Date: Sun, 29 Dec 2024 01:16:22 GMT
X-Cache: TCP_MISS from a95-101-134-92.deploy.akamaitechnologies.com (AkamaiGHost/11.7.2.1-9611f29bef89eba7b18045b10aa2af98) (-)
Connection: close
x-tt-trace-tag: id=16;cdn-cache=miss;type=dyn
Server-Timing: cdn-cache; desc=MISS, edge; dur=0, origin; dur=106
X-Origin-Response-Time: 106,95.101.134.92
X-Akamai-Request-ID: 55a2f00

{"code": 0, "message": "OK", "request_id": "2024122901162147D8AE08A02EFBD0C0C9", "data": {}}
2024-12-29T01:18:30+00:00 DEBUG Tt4b_Pixel_Class::inject_add_to_cart_event: hit AddToCart
2024-12-29T01:18:30+00:00 DEBUG POST: https://business-api.tiktok.com/open_api/v1.3/event/track/

{"partner_name":"WooCommerce","event_source":"web","event_source_id":"CSM79Q3C77UAG1T340I0","data":[{"event":"AddToCart","event_id":"6770a366b57bf_tt4b_woocommerce_670666209cf1f_3545","event_time":1735435110,"user":{"ip":"178.150.14.250","user_agent":"Mozilla\/5.0 (compatible; MJ12bot\/v1.4.8; http:\/\/mj12bot.com\/)","locale":"ar","external_id":"0","email":"e3b0c44298fc1c149afbf4c8996fb92427ae41e4649b934ca495991b7852b855","phone_number":"e3b0c44298fc1c149afbf4c8996fb92427ae41e4649b934ca495991b7852b855","first_name":"e3b0c44298fc1c149afbf4c8996fb92427ae41e4649b934ca495991b7852b855","last_name":"e3b0c44298fc1c149afbf4c8996fb92427ae41e4649b934ca495991b7852b855","zip_code":"e3b0c44298fc1c149afbf4c8996fb92427ae41e4649b934ca495991b7852b855"},"properties":{"contents":[{"price":0,"quantity":1,"content_id":"3545","content_name":"\u0637\u0628\u0627\u0639\u0629 \u0641\u0648\u0644\u062f\u0631\u0627\u062a \u062c\u064a\u0628 \u0639\u0627\u062f\u064a","description":"\u0641\u0648\u0644\u062f\u0631 \u062c\u064a\u0628 \u0623\u0628\u064a\u0636 \u0639\u0627\u062f\u064a.\r\n\u0646\u0648\u0639 \u0627\u0644\u0648\u0631\u0642: \u0648\u0631\u0642 \u0643\u0648\u0634\u064a\u0647 350 \u062c\u0631\u0627\u0645 \u0645\u0639 \u0633\u0644\u0641\u0627\u0646\r\n\u0645\u062f\u0629 \u0627\u0644\u062a\u0646\u0641\u064a\u0630 \u0627\u0644\u0645\u062a\u0648\u0642\u0639\u0629: \u0645\u0646 4 \u0625\u0644\u0649 7 \u0623\u064a\u0627\u0645 \u0639\u0645\u0644 \u0628\u0639\u062f \u0627\u0639\u062a\u0645\u0627\u062f \u0627\u0644\u0637\u0644\u0628 \u0648\u0627\u0644\u0643\u0645\u064a\u0629 (\u062a\u0632\u064a\u062f \u0627\u0644\u0645\u062f\u0629 \u0639\u0646\u062f \u0637\u0644\u0628 \u0627\u0644\u0634\u062d\u0646).","availability":"IN_STOCK","sale_price":0,"on_sale":false}],"content_type":"product","currency":"SAR","value":0,"event_trigger_source":"WooCommerce"},"page":{"url":"http:\/\/ibn-sinaa.com\/en\/product\/%D8%B8%D8%B1%D9%81-a5\/?add-to-cart=3545"}}]}
 ajax: no
2024-12-29T01:18:30+00:00 DEBUG Tt4b_Mapi_Class::mapi_post: Response: 

HTTP/1.1 200 OK
Server: nginx
Content-Type: application/json
Content-Length: 92
X-Tt-Logid: 202412290118304D682F53B6D411810419
Server-Timing: inner; dur=30
x-tt-trace-host: 018e5a586174a888928d793bdac74b79b520593bf434961dbceff88e4b17f9a1564f5ffaf697dee444bf7dc6ecebfd594fb33f28bb7af2e9941ea011271ce102c9b97cfa9b96a50e5f138f7e6f29f8cbd23b938aad6a79fd80ec8968d723dbb6f0
x-tt-trace-id: 00-2412290118304D682F53B6D411810419-4396CEDE2311BBC5-00
Expires: Sun, 29 Dec 2024 01:18:30 GMT
Cache-Control: max-age=0, no-cache, no-store
Pragma: no-cache
Date: Sun, 29 Dec 2024 01:18:30 GMT
X-Cache: TCP_MISS from a95-101-134-116.deploy.akamaitechnologies.com (AkamaiGHost/11.7.2.1-9611f29bef89eba7b18045b10aa2af98) (-)
Connection: close
x-tt-trace-tag: id=16;cdn-cache=miss;type=dyn
Server-Timing: cdn-cache; desc=MISS, edge; dur=0, origin; dur=113
X-Origin-Response-Time: 113,95.101.134.116
X-Akamai-Request-ID: 22cef5fe

{"code": 0, "message": "OK", "request_id": "202412290118304D682F53B6D411810419", "data": {}}
2024-12-29T01:18:31+00:00 DEBUG POST: https://business-api.tiktok.com/open_api/v1.3/event/track/

{"partner_name":"WooCommerce","event_source":"web","event_source_id":"CSM79Q3C77UAG1T340I0","data":[{"event":"Pageview","event_id":"6770a3670fc30_tt4b_woocommerce_670666209cf1f","event_time":1735435111,"user":{"ip":"178.150.14.250","user_agent":"Mozilla\/5.0 (compatible; MJ12bot\/v1.4.8; http:\/\/mj12bot.com\/)","locale":"ar","external_id":"0","email":"e3b0c44298fc1c149afbf4c8996fb92427ae41e4649b934ca495991b7852b855","phone_number":"e3b0c44298fc1c149afbf4c8996fb92427ae41e4649b934ca495991b7852b855","first_name":"e3b0c44298fc1c149afbf4c8996fb92427ae41e4649b934ca495991b7852b855","last_name":"e3b0c44298fc1c149afbf4c8996fb92427ae41e4649b934ca495991b7852b855","zip_code":"e3b0c44298fc1c149afbf4c8996fb92427ae41e4649b934ca495991b7852b855"},"page":{"url":"http:\/\/ibn-sinaa.com\/en\/product\/%D8%B8%D8%B1%D9%81-a5\/?add-to-cart=3545"}}]}
 ajax: no
2024-12-29T01:18:31+00:00 DEBUG Tt4b_Mapi_Class::mapi_post: Response: 

HTTP/1.1 200 OK
Server: nginx
Content-Type: application/json
Content-Length: 92
X-Tt-Logid: 202412290118312ED529266C63E208B6AA
Server-Timing: inner; dur=27
x-tt-trace-host: 018e5a586174a888928d793bdac74b79b51a437ee89a1c03eb2011d034a2e3e9f5ffb69bef33fe224d9a7400ac6c7fd21e1007e73986134f652a837d7a98f74f2a2690523a01b4a257eba7bf050f3ea11edbf226f137989b41a9963e7c274b7a55
x-tt-trace-id: 00-2412290118312ED529266C63E208B6AA-3E6C0BDC2FB80405-00
Expires: Sun, 29 Dec 2024 01:18:31 GMT
Cache-Control: max-age=0, no-cache, no-store
Pragma: no-cache
Date: Sun, 29 Dec 2024 01:18:31 GMT
X-Cache: TCP_MISS from a95-101-134-92.deploy.akamaitechnologies.com (AkamaiGHost/11.7.2.1-9611f29bef89eba7b18045b10aa2af98) (-)
Connection: close
x-tt-trace-tag: id=16;cdn-cache=miss;type=dyn
Server-Timing: cdn-cache; desc=MISS, edge; dur=0, origin; dur=111
X-Origin-Response-Time: 111,95.101.134.92
X-Akamai-Request-ID: 55de4aa

{"code": 0, "message": "OK", "request_id": "202412290118312ED529266C63E208B6AA", "data": {}}
2024-12-29T01:18:40+00:00 DEBUG POST: https://business-api.tiktok.com/open_api/v1.3/event/track/

{"partner_name":"WooCommerce","event_source":"web","event_source_id":"CSM79Q3C77UAG1T340I0","data":[{"event":"Pageview","event_id":"6770a37036883_tt4b_woocommerce_670666209cf1f","event_time":1735435120,"user":{"ip":"66.249.76.2","user_agent":"Mozilla\/5.0 (Linux; Android 6.0.1; Nexus 5X Build\/MMB29P) AppleWebKit\/537.36 (KHTML, like Gecko) Chrome\/131.0.6778.139 Mobile Safari\/537.36 (compatible; Googlebot\/2.1; +http:\/\/www.google.com\/bot.html)","locale":"ar","external_id":"0","email":"e3b0c44298fc1c149afbf4c8996fb92427ae41e4649b934ca495991b7852b855","phone_number":"e3b0c44298fc1c149afbf4c8996fb92427ae41e4649b934ca495991b7852b855","first_name":"e3b0c44298fc1c149afbf4c8996fb92427ae41e4649b934ca495991b7852b855","last_name":"e3b0c44298fc1c149afbf4c8996fb92427ae41e4649b934ca495991b7852b855","zip_code":"e3b0c44298fc1c149afbf4c8996fb92427ae41e4649b934ca495991b7852b855"},"page":{"url":"http:\/\/www.ibn-sinaa.com\/product\/computer-subject-records\/"}}]}
 ajax: no
2024-12-29T01:18:40+00:00 DEBUG Tt4b_Mapi_Class::mapi_post: Response: 

HTTP/1.1 200 OK
Server: nginx
Content-Type: application/json
Content-Length: 92
X-Tt-Logid: 202412290118404D682F53B6D4118105EB
Server-Timing: inner; dur=37
x-tt-trace-host: 018e5a586174a888928d793bdac74b79b520593bf434961dbceff88e4b17f9a1564f5ffaf697dee444bf7dc6ecebfd594f5d0cb13255ba1c53170b7b923ec1635159b946770b23e14612061265acb3a5dad57ba0f43deaa321a28146ccb3f3f429
x-tt-trace-id: 00-2412290118404D682F53B6D4118105EB-3CA5303F80A3FCA7-00
Expires: Sun, 29 Dec 2024 01:18:40 GMT
Cache-Control: max-age=0, no-cache, no-store
Pragma: no-cache
Date: Sun, 29 Dec 2024 01:18:40 GMT
X-Cache: TCP_MISS from a95-101-134-116.deploy.akamaitechnologies.com (AkamaiGHost/11.7.2.1-9611f29bef89eba7b18045b10aa2af98) (-)
Connection: close
x-tt-trace-tag: id=16;cdn-cache=miss;type=dyn
Server-Timing: cdn-cache; desc=MISS, edge; dur=2, origin; dur=119
X-Origin-Response-Time: 119,95.101.134.116
X-Akamai-Request-ID: 22cf2132

{"code": 0, "message": "OK", "request_id": "202412290118404D682F53B6D4118105EB", "data": {}}
2024-12-29T01:18:40+00:00 DEBUG Tt4b_Pixel_Class::inject_view_content_event: hit ViewContent
2024-12-29T01:18:40+00:00 DEBUG POST: https://business-api.tiktok.com/open_api/v1.3/event/track/

{"partner_name":"WooCommerce","event_source":"web","event_source_id":"CSM79Q3C77UAG1T340I0","data":[{"event":"ViewContent","event_id":"6770a3707ca11_tt4b_woocommerce_670666209cf1f_4179","event_time":1735435120,"user":{"ip":"66.249.76.2","user_agent":"Mozilla\/5.0 (Linux; Android 6.0.1; Nexus 5X Build\/MMB29P) AppleWebKit\/537.36 (KHTML, like Gecko) Chrome\/131.0.6778.139 Mobile Safari\/537.36 (compatible; Googlebot\/2.1; +http:\/\/www.google.com\/bot.html)","locale":"ar","external_id":"0","email":"e3b0c44298fc1c149afbf4c8996fb92427ae41e4649b934ca495991b7852b855","phone_number":"e3b0c44298fc1c149afbf4c8996fb92427ae41e4649b934ca495991b7852b855","first_name":"e3b0c44298fc1c149afbf4c8996fb92427ae41e4649b934ca495991b7852b855","last_name":"e3b0c44298fc1c149afbf4c8996fb92427ae41e4649b934ca495991b7852b855","zip_code":"e3b0c44298fc1c149afbf4c8996fb92427ae41e4649b934ca495991b7852b855"},"properties":{"contents":[{"price":65,"quantity":1,"content_id":"4179","content_name":"\u0633\u062c\u0644\u0627\u062a \u0645\u0627\u062f\u0629 \u0627\u0644\u062d\u0627\u0633\u0628 \u0627\u0644\u0627\u0644\u064a","description":". \u0637\u0628\u0627\u0639\u0647 \u0633\u062c\u0644\u0627\u062a \u0645\u062f\u0631\u0633\u064a\u0629 \u0627\u062d\u062a\u0631\u0627\u0641\u064a\u0629 \u062e\u0627\u0645\u062a\u0647\u0627 \u0643\u0631\u062a\u0648\u0646 2000 \u062c\u0631\u0627\u0645,\u062a\u0636\u0627\u0641 \u0637\u0628\u0642\u0629 \u062d\u0645\u0627\u064a\u0647 \u0627\u0633\u062a\u064a\u0643\u0631 \u0645\u0639 \u0633\u0644\u0648\u0641\u0627\u0646 \u0644\u0627\u0645\u0639.\r\n. \u0645\u062a\u0648\u0641\u0631 \u0628 \u0627\u062d\u062c\u0627\u0645 \u0645\u062e\u062a\u0644\u0641\u0647 ( \u0635\u063a\u064a\u0631, \u0648\u0633\u0637 , \u0643\u0628\u064a\u0631 ).\r\n. \u064a\u062a\u0633\u0639 \u0627\u0644\u0645\u0642\u0627\u0633 \u0627\u0644\u0635\u063a\u064a\u0631 ( \u0645\u0646 50 \u0627\u0644\u0649 150 \u0648\u0631\u0642\u0629 )\r\n. \u064a\u062a\u0633\u0639 \u0627\u0644\u0648\u0633\u0637 ( \u0645\u0646 150 \u0627\u0644\u0649 300 \u0648\u0631\u0642\u0629 )\r\n. \u0627\u0644\u0643\u0628\u064a\u0631 ( \u0645\u0646 300 \u0627\u0644\u0649 400 \u0648\u0631\u0642\u0629 ).\r\n. \u0645\u062f\u0629 \u0627\u0644\u062a\u0646\u0641\u064a\u0630 : 3-5 \u0627\u064a\u0627\u0645 \u0648\u062a\u0632\u064a\u062f \u0627\u0644\u0645\u062f\u0629 \u0639\u0646 \u0637\u0644\u0628 \u0627\u0644\u0634\u062d\u0646.","availability":"IN_STOCK","sale_price":65,"on_sale":false}],"content_type":"product","currency":"SAR","value":65,"event_trigger_source":"WooCommerce"},"page":{"url":"http:\/\/www.ibn-sinaa.com\/product\/computer-subject-records\/"}}]}
 ajax: no
2024-12-29T01:18:40+00:00 DEBUG Tt4b_Mapi_Class::mapi_post: Response: 

HTTP/1.1 200 OK
Server: nginx
Content-Type: application/json
Content-Length: 92
X-Tt-Logid: 2024122901184011635C208D355E5F811E
x-tt-trace-host: 018e5a586174a888928d793bdac74b79b56517d7628cf0ffdff56b078ad2cf56152c2cd8570c51797a80a7c2c0d396e4dec1dddeff52fef19db92cff9163fe9b79cd7d65b3562609d71334fa22b11482879277137c1774580f5e03384582d5a3e199892634b438c31a297effe85ee5f0d2
x-tt-trace-id: 00-24122901184011635C208D355E5F811E-450BB89E7EDFF73D-00
X-Origin-Response-Time: 32,23.218.219.19
X-Akamai-Request-ID: 5a5f665.55e2951
Expires: Sun, 29 Dec 2024 01:18:40 GMT
Cache-Control: max-age=0, no-cache, no-store
Pragma: no-cache
Date: Sun, 29 Dec 2024 01:18:40 GMT
X-Cache: TCP_MISS from a95-101-134-92.deploy.akamaitechnologies.com (AkamaiGHost/11.7.2.1-9611f29bef89eba7b18045b10aa2af98) (-)
Connection: close
X-Cache-Remote: TCP_MISS from a23-218-219-19.deploy.akamaitechnologies.com (AkamaiGHost/11.7.2.1-9611f29bef89eba7b18045b10aa2af98) (-)
x-tt-trace-tag: id=16;cdn-cache=miss;type=dyn
Server-Timing: cdn-cache; desc=MISS, edge; dur=82, origin; dur=32
Server-Timing: inner; dur=27
X-Parent-Response-Time: 114,95.101.134.92

{"code": 0, "message": "OK", "request_id": "2024122901184011635C208D355E5F811E", "data": {}}
2024-12-29T01:19:41+00:00 DEBUG Tt4b_Pixel_Class::inject_add_to_cart_event: hit AddToCart
2024-12-29T01:19:41+00:00 DEBUG POST: https://business-api.tiktok.com/open_api/v1.3/event/track/

{"partner_name":"WooCommerce","event_source":"web","event_source_id":"CSM79Q3C77UAG1T340I0","data":[{"event":"AddToCart","event_id":"6770a3adc5b7d_tt4b_woocommerce_670666209cf1f_3545","event_time":1735435181,"user":{"ip":"178.150.14.250","user_agent":"Mozilla\/5.0 (compatible; MJ12bot\/v1.4.8; http:\/\/mj12bot.com\/)","locale":"ar","external_id":"0","email":"e3b0c44298fc1c149afbf4c8996fb92427ae41e4649b934ca495991b7852b855","phone_number":"e3b0c44298fc1c149afbf4c8996fb92427ae41e4649b934ca495991b7852b855","first_name":"e3b0c44298fc1c149afbf4c8996fb92427ae41e4649b934ca495991b7852b855","last_name":"e3b0c44298fc1c149afbf4c8996fb92427ae41e4649b934ca495991b7852b855","zip_code":"e3b0c44298fc1c149afbf4c8996fb92427ae41e4649b934ca495991b7852b855"},"properties":{"contents":[{"price":0,"quantity":1,"content_id":"3545","content_name":"\u0637\u0628\u0627\u0639\u0629 \u0641\u0648\u0644\u062f\u0631\u0627\u062a \u062c\u064a\u0628 \u0639\u0627\u062f\u064a","description":"\u0641\u0648\u0644\u062f\u0631 \u062c\u064a\u0628 \u0623\u0628\u064a\u0636 \u0639\u0627\u062f\u064a.\r\n\u0646\u0648\u0639 \u0627\u0644\u0648\u0631\u0642: \u0648\u0631\u0642 \u0643\u0648\u0634\u064a\u0647 350 \u062c\u0631\u0627\u0645 \u0645\u0639 \u0633\u0644\u0641\u0627\u0646\r\n\u0645\u062f\u0629 \u0627\u0644\u062a\u0646\u0641\u064a\u0630 \u0627\u0644\u0645\u062a\u0648\u0642\u0639\u0629: \u0645\u0646 4 \u0625\u0644\u0649 7 \u0623\u064a\u0627\u0645 \u0639\u0645\u0644 \u0628\u0639\u062f \u0627\u0639\u062a\u0645\u0627\u062f \u0627\u0644\u0637\u0644\u0628 \u0648\u0627\u0644\u0643\u0645\u064a\u0629 (\u062a\u0632\u064a\u062f \u0627\u0644\u0645\u062f\u0629 \u0639\u0646\u062f \u0637\u0644\u0628 \u0627\u0644\u0634\u062d\u0646).","availability":"IN_STOCK","sale_price":0,"on_sale":false}],"content_type":"product","currency":"SAR","value":0,"event_trigger_source":"WooCommerce"},"page":{"url":"http:\/\/ibn-sinaa.com\/en\/product\/%D8%B8%D8%B1%D9%81-dl\/?add-to-cart=3545"}}]}
 ajax: no
2024-12-29T01:19:41+00:00 DEBUG Tt4b_Mapi_Class::mapi_post: Response: 

HTTP/1.1 200 OK
Server: nginx
Content-Type: application/json
Content-Length: 92
X-Tt-Logid: 20241229011941A36799736229E9F5307B
x-tt-trace-host: 018e5a586174a888928d793bdac74b79b519a86797e72c2eba011e03e23beee17d2ae8b694c8d6e24d1ce984535c6a3b14845570cf072dd971216df920b2b426105fdf67b49a0c93382096a76ecf11a3dcde1f6cd969f96f6394d2e0d4147854dcf26e6b2abbd9ddea3bc34f7e727faa20
x-tt-trace-id: 00-241229011941A36799736229E9F5307B-0364111D7016533D-00
X-Origin-Response-Time: 37,23.213.246.201
X-Akamai-Request-ID: 3d04aca8.22d034bf
Expires: Sun, 29 Dec 2024 01:19:41 GMT
Cache-Control: max-age=0, no-cache, no-store
Pragma: no-cache
Date: Sun, 29 Dec 2024 01:19:41 GMT
X-Cache: TCP_MISS from a95-101-134-116.deploy.akamaitechnologies.com (AkamaiGHost/11.7.2.1-9611f29bef89eba7b18045b10aa2af98) (-)
Connection: close
X-Cache-Remote: TCP_MISS from a23-213-246-201.deploy.akamaitechnologies.com (AkamaiGHost/11.7.2.1-9611f29bef89eba7b18045b10aa2af98) (-)
x-tt-trace-tag: id=16;cdn-cache=miss;type=dyn
Server-Timing: cdn-cache; desc=MISS, edge; dur=81, origin; dur=37
Server-Timing: inner; dur=33
X-Parent-Response-Time: 118,95.101.134.116

{"code": 0, "message": "OK", "request_id": "20241229011941A36799736229E9F5307B", "data": {}}
2024-12-29T01:19:42+00:00 DEBUG POST: https://business-api.tiktok.com/open_api/v1.3/event/track/

{"partner_name":"WooCommerce","event_source":"web","event_source_id":"CSM79Q3C77UAG1T340I0","data":[{"event":"Pageview","event_id":"6770a3ae23c0a_tt4b_woocommerce_670666209cf1f","event_time":1735435182,"user":{"ip":"178.150.14.250","user_agent":"Mozilla\/5.0 (compatible; MJ12bot\/v1.4.8; http:\/\/mj12bot.com\/)","locale":"ar","external_id":"0","email":"e3b0c44298fc1c149afbf4c8996fb92427ae41e4649b934ca495991b7852b855","phone_number":"e3b0c44298fc1c149afbf4c8996fb92427ae41e4649b934ca495991b7852b855","first_name":"e3b0c44298fc1c149afbf4c8996fb92427ae41e4649b934ca495991b7852b855","last_name":"e3b0c44298fc1c149afbf4c8996fb92427ae41e4649b934ca495991b7852b855","zip_code":"e3b0c44298fc1c149afbf4c8996fb92427ae41e4649b934ca495991b7852b855"},"page":{"url":"http:\/\/ibn-sinaa.com\/en\/product\/%D8%B8%D8%B1%D9%81-dl\/?add-to-cart=3545"}}]}
 ajax: no
2024-12-29T01:19:42+00:00 DEBUG Tt4b_Mapi_Class::mapi_post: Response: 

HTTP/1.1 200 OK
Server: nginx
Content-Type: application/json
Content-Length: 92
X-Tt-Logid: 2024122901194255FC6E10E612617FF624
Server-Timing: inner; dur=27
x-tt-trace-host: 018e5a586174a888928d793bdac74b79b51a437ee89a1c03eb2011d034a2e3e9f5abb769086d21c255e2466c66ee29f981381c86b758bbb0963fda21aa09469a4c68d8ed6a31fbe1dbbcab576a4f4889861a3cd5fbb8fe88dafdf6437aa32dec7d
x-tt-trace-id: 00-24122901194255FC6E10E612617FF624-28F2D2655A11D219-00
Expires: Sun, 29 Dec 2024 01:19:42 GMT
Cache-Control: max-age=0, no-cache, no-store
Pragma: no-cache
Date: Sun, 29 Dec 2024 01:19:42 GMT
X-Cache: TCP_MISS from a95-101-134-92.deploy.akamaitechnologies.com (AkamaiGHost/11.7.2.1-9611f29bef89eba7b18045b10aa2af98) (-)
Connection: close
x-tt-trace-tag: id=16;cdn-cache=miss;type=dyn
Server-Timing: cdn-cache; desc=MISS, edge; dur=2, origin; dur=107
X-Origin-Response-Time: 107,95.101.134.92
X-Akamai-Request-ID: 55fdf34

{"code": 0, "message": "OK", "request_id": "2024122901194255FC6E10E612617FF624", "data": {}}
2024-12-29T01:20:57+00:00 DEBUG Tt4b_Pixel_Class::inject_add_to_cart_event: hit AddToCart
2024-12-29T01:20:57+00:00 DEBUG POST: https://business-api.tiktok.com/open_api/v1.3/event/track/

{"partner_name":"WooCommerce","event_source":"web","event_source_id":"CSM79Q3C77UAG1T340I0","data":[{"event":"AddToCart","event_id":"6770a3f9ac6e3_tt4b_woocommerce_670666209cf1f_SKU_199","event_time":1735435257,"user":{"ip":"178.150.14.250","user_agent":"Mozilla\/5.0 (compatible; MJ12bot\/v1.4.8; http:\/\/mj12bot.com\/)","locale":"ar","external_id":"0","email":"e3b0c44298fc1c149afbf4c8996fb92427ae41e4649b934ca495991b7852b855","phone_number":"e3b0c44298fc1c149afbf4c8996fb92427ae41e4649b934ca495991b7852b855","first_name":"e3b0c44298fc1c149afbf4c8996fb92427ae41e4649b934ca495991b7852b855","last_name":"e3b0c44298fc1c149afbf4c8996fb92427ae41e4649b934ca495991b7852b855","zip_code":"e3b0c44298fc1c149afbf4c8996fb92427ae41e4649b934ca495991b7852b855"},"properties":{"contents":[{"price":0,"quantity":1,"content_id":"SKU_199","content_name":"\u0637\u0628\u0627\u0639\u0629 \u0628\u0631\u0634\u0648\u0631 \u0645\u0637\u0648\u064a\u0629 A4","description":"\u0628\u0631\u0648\u0634\u0648\u0631 \u0645\u0637\u0648\u064a \u062d\u0633\u0628 \u062a\u0635\u0645\u064a\u0645 \u0627\u0644\u0639\u0645\u064a\u0644 \u0648\u0631\u0642 \u0643\u0648\u0634\u064a\u0647 \u0645\u0637\u0641\u064a 150 \u062c\u0631\u0627\u0645.\r\n\u0645\u062f\u0629 \u0627\u0644\u062a\u0646\u0641\u064a\u0630 \u0627\u0644\u0645\u062a\u0648\u0642\u0639\u0629: 3 \u2013 5 \u0623\u064a\u0627\u0645 \u0639\u0645\u0644 \u0628\u0639\u062f \u062a\u0623\u0643\u064a\u062f \u0627\u0644\u0637\u0644\u0628 \u0648\u0627\u0644\u062a\u0635\u0645\u064a\u0645 \u0648\u062d\u0633\u0628 \u0627\u0644\u0643\u0645\u064a\u0629 (\u062a\u0632\u064a\u062f \u0627\u0644\u0645\u062f\u0629 \u0639\u0646\u062f \u0637\u0644\u0628 \u0627\u0644\u0634\u062d\u0646).","availability":"IN_STOCK","sale_price":0,"on_sale":false}],"content_type":"product","currency":"SAR","value":0,"event_trigger_source":"WooCommerce"},"page":{"url":"http:\/\/ibn-sinaa.com\/en\/product\/%D9%83%D8%B1%D9%88%D8%AA-%D8%A8%D8%B1%D9%8A%D8%B3%D8%AA%D9%88%D9%84\/?add-to-cart=199"}}]}
 ajax: no
2024-12-29T01:20:57+00:00 DEBUG Tt4b_Mapi_Class::mapi_post: Response: 

HTTP/1.1 200 OK
Server: nginx
Content-Type: application/json
Content-Length: 92
X-Tt-Logid: 20241229012057EED0353515E176012D0C
Server-Timing: inner; dur=59
x-tt-trace-host: 018e5a586174a888928d793bdac74b79b520593bf434961dbceff88e4b17f9a15635fb145f1b5b84584ea0d962cda3f5371744f56c8d88e18063441a669a3a9bb6b3d562db695bec8865fc5407ead36d64f79ba6e4a618fe9fcec29ba519c966bc
x-tt-trace-id: 00-241229012057EED0353515E176012D0C-7EFBB38532D20F91-00
Expires: Sun, 29 Dec 2024 01:20:57 GMT
Cache-Control: max-age=0, no-cache, no-store
Pragma: no-cache
Date: Sun, 29 Dec 2024 01:20:57 GMT
X-Cache: TCP_MISS from a95-101-134-116.deploy.akamaitechnologies.com (AkamaiGHost/11.7.2.1-9611f29bef89eba7b18045b10aa2af98) (-)
Connection: close
x-tt-trace-tag: id=16;cdn-cache=miss;type=dyn
Server-Timing: cdn-cache; desc=MISS, edge; dur=2, origin; dur=140
X-Origin-Response-Time: 140,95.101.134.116
X-Akamai-Request-ID: 22d18b10

{"code": 0, "message": "OK", "request_id": "20241229012057EED0353515E176012D0C", "data": {}}
2024-12-29T01:20:58+00:00 DEBUG POST: https://business-api.tiktok.com/open_api/v1.3/event/track/

{"partner_name":"WooCommerce","event_source":"web","event_source_id":"CSM79Q3C77UAG1T340I0","data":[{"event":"Pageview","event_id":"6770a3fa1cc73_tt4b_woocommerce_670666209cf1f","event_time":1735435258,"user":{"ip":"178.150.14.250","user_agent":"Mozilla\/5.0 (compatible; MJ12bot\/v1.4.8; http:\/\/mj12bot.com\/)","locale":"ar","external_id":"0","email":"e3b0c44298fc1c149afbf4c8996fb92427ae41e4649b934ca495991b7852b855","phone_number":"e3b0c44298fc1c149afbf4c8996fb92427ae41e4649b934ca495991b7852b855","first_name":"e3b0c44298fc1c149afbf4c8996fb92427ae41e4649b934ca495991b7852b855","last_name":"e3b0c44298fc1c149afbf4c8996fb92427ae41e4649b934ca495991b7852b855","zip_code":"e3b0c44298fc1c149afbf4c8996fb92427ae41e4649b934ca495991b7852b855"},"page":{"url":"http:\/\/ibn-sinaa.com\/en\/product\/%D9%83%D8%B1%D9%88%D8%AA-%D8%A8%D8%B1%D9%8A%D8%B3%D8%AA%D9%88%D9%84\/?add-to-cart=199"}}]}
 ajax: no
2024-12-29T01:20:58+00:00 DEBUG Tt4b_Mapi_Class::mapi_post: Response: 

HTTP/1.1 200 OK
Server: nginx
Content-Type: application/json
Content-Length: 92
X-Tt-Logid: 20241229012058E0CB675AEB1A4EBC529E
x-tt-trace-host: 018e5a586174a888928d793bdac74b79b56517d7628cf0ffdff56b078ad2cf5615ac72e97d1a0829265000023be5809f3c0c44fac90118f7f99733a1a46c8786ef9de2c5313b65f2e502a7fb178234db9b874493579b1d7260efa21003ed42a4020992870cf491fc29a952bfb3b734e71e
x-tt-trace-id: 00-241229012058E0CB675AEB1A4EBC529E-6185DB3C42287F9A-00
X-Origin-Response-Time: 33,23.218.219.21
X-Akamai-Request-ID: 6cb987e.561fdf4
Expires: Sun, 29 Dec 2024 01:20:58 GMT
Cache-Control: max-age=0, no-cache, no-store
Pragma: no-cache
Date: Sun, 29 Dec 2024 01:20:58 GMT
X-Cache: TCP_MISS from a95-101-134-92.deploy.akamaitechnologies.com (AkamaiGHost/11.7.2.1-9611f29bef89eba7b18045b10aa2af98) (-)
Connection: close
X-Cache-Remote: TCP_MISS from a23-218-219-21.deploy.akamaitechnologies.com (AkamaiGHost/11.7.2.1-9611f29bef89eba7b18045b10aa2af98) (-)
x-tt-trace-tag: id=16;cdn-cache=miss;type=dyn
Server-Timing: cdn-cache; desc=MISS, edge; dur=81, origin; dur=33
Server-Timing: inner; dur=27
X-Parent-Response-Time: 114,95.101.134.92

{"code": 0, "message": "OK", "request_id": "20241229012058E0CB675AEB1A4EBC529E", "data": {}}
2024-12-29T01:21:09+00:00 DEBUG Tt4b_Pixel_Class::inject_add_to_cart_event: hit AddToCart
2024-12-29T01:21:09+00:00 DEBUG POST: https://business-api.tiktok.com/open_api/v1.3/event/track/

{"partner_name":"WooCommerce","event_source":"web","event_source_id":"CSM79Q3C77UAG1T340I0","data":[{"event":"AddToCart","event_id":"6770a40516ba3_tt4b_woocommerce_670666209cf1f_SKU_1194","event_time":1735435269,"user":{"ip":"178.150.14.250","user_agent":"Mozilla\/5.0 (compatible; MJ12bot\/v1.4.8; http:\/\/mj12bot.com\/)","locale":"ar","external_id":"0","email":"e3b0c44298fc1c149afbf4c8996fb92427ae41e4649b934ca495991b7852b855","phone_number":"e3b0c44298fc1c149afbf4c8996fb92427ae41e4649b934ca495991b7852b855","first_name":"e3b0c44298fc1c149afbf4c8996fb92427ae41e4649b934ca495991b7852b855","last_name":"e3b0c44298fc1c149afbf4c8996fb92427ae41e4649b934ca495991b7852b855","zip_code":"e3b0c44298fc1c149afbf4c8996fb92427ae41e4649b934ca495991b7852b855"},"properties":{"contents":[{"price":75,"quantity":1,"content_id":"SKU_1194","content_name":"\u0637\u0628\u0627\u0639\u0629 \u0643\u0631\u0648\u062a \u0634\u062e\u0635\u064a\u0629 \u0627\u064a\u0633 \u062c\u0648\u0644\u062f","description":"<ul>\r\n \t<li>\u0637\u0628\u0627\u0639\u0629 \u0643\u0631\u0648\u062a \u0639\u0644\u0649 \u0648\u0631\u0642 \u0623\u064a\u0633 \u0642\u0648\u0644\u062f \u0627\u0648 \u0627\u0628\u064a\u0636 \u0641\u0627\u062e\u0631 250 \u062c\u0631\u0627\u0645.<\/li>\r\n \t<li>\u0645\u0642\u0627\u0633 \u0627\u0644\u0643\u0631\u062a \u0627\u0644\u0634\u062e\u0635\u064a 9 \u00d7 5 \u0633\u0645 \u2013 \u0627\u0642\u0644 \u0643\u0645\u064a\u0629 \u0644\u0644\u0637\u0644\u0628 100 \u0643\u0631\u062a.<\/li>\r\n \t<li>\u0645\u062f\u0629 \u0627\u0644\u062a\u0646\u0641\u064a\u0630 \u0627\u0644\u0645\u062a\u0648\u0642\u0639\u0629: 3 \u2013 5 \u0623\u064a\u0627\u0645 \u0639\u0645\u0644 \u0628\u0639\u062f \u062a\u0623\u0643\u064a\u062f \u0627\u0644\u0637\u0644\u0628 \u0648\u0627\u0644\u062a\u0623\u0643\u062f \u0645\u0646 \u0627\u0644\u062a\u0635\u0645\u064a\u0645 \u0648\u062d\u0633\u0628 \u0627\u0644\u0643\u0645\u064a\u0629 (\u062a\u0632\u064a\u062f \u0627\u0644\u0645\u062f\u0629 \u0639\u0646\u062f \u0637\u0644\u0628 \u0627\u0644\u0634\u062d\u0646).<\/li>\r\n<\/ul>\r\n&nbsp;","availability":"IN_STOCK","sale_price":75,"on_sale":false}],"content_type":"product","currency":"SAR","value":75,"event_trigger_source":"WooCommerce"},"page":{"url":"http:\/\/ibn-sinaa.com\/product-category\/%D8%B7%D8%A8%D8%A7%D8%B9%D8%A9-%D8%AF%D9%8A%D8%AC%D8%AA%D8%A7%D9%84\/page\/2\/?add-to-cart=1194"}}]}
 ajax: no
2024-12-29T01:21:09+00:00 DEBUG Tt4b_Mapi_Class::mapi_post: Response: 

HTTP/1.1 200 OK
Server: nginx
Content-Type: application/json
Content-Length: 92
X-Tt-Logid: 20241229012109CCEA927C225474A0BD46
Server-Timing: inner; dur=33
x-tt-trace-host: 018e5a586174a888928d793bdac74b79b51a437ee89a1c03eb2011d034a2e3e9f522deb0abb46d1688a08744e1aeb29b29b4e982a079fa60bca92b2fa866589ef293ae8c5967ca267904135962ca719fab9b00cd5e53085a412ad689372550d0f6
x-tt-trace-id: 00-241229012109CCEA927C225474A0BD46-533036896FDADF65-00
Expires: Sun, 29 Dec 2024 01:21:09 GMT
Cache-Control: max-age=0, no-cache, no-store
Pragma: no-cache
Date: Sun, 29 Dec 2024 01:21:09 GMT
X-Cache: TCP_MISS from a95-101-134-92.deploy.akamaitechnologies.com (AkamaiGHost/11.7.2.1-9611f29bef89eba7b18045b10aa2af98) (-)
Connection: close
x-tt-trace-tag: id=16;cdn-cache=miss;type=dyn
Server-Timing: cdn-cache; desc=MISS, edge; dur=1, origin; dur=115
X-Origin-Response-Time: 115,95.101.134.92
X-Akamai-Request-ID: 5624da7

{"code": 0, "message": "OK", "request_id": "20241229012109CCEA927C225474A0BD46", "data": {}}
2024-12-29T01:21:09+00:00 DEBUG POST: https://business-api.tiktok.com/open_api/v1.3/event/track/

{"partner_name":"WooCommerce","event_source":"web","event_source_id":"CSM79Q3C77UAG1T340I0","data":[{"event":"Pageview","event_id":"6770a40584945_tt4b_woocommerce_670666209cf1f","event_time":1735435269,"user":{"ip":"178.150.14.250","user_agent":"Mozilla\/5.0 (compatible; MJ12bot\/v1.4.8; http:\/\/mj12bot.com\/)","locale":"ar","external_id":"0","email":"e3b0c44298fc1c149afbf4c8996fb92427ae41e4649b934ca495991b7852b855","phone_number":"e3b0c44298fc1c149afbf4c8996fb92427ae41e4649b934ca495991b7852b855","first_name":"e3b0c44298fc1c149afbf4c8996fb92427ae41e4649b934ca495991b7852b855","last_name":"e3b0c44298fc1c149afbf4c8996fb92427ae41e4649b934ca495991b7852b855","zip_code":"e3b0c44298fc1c149afbf4c8996fb92427ae41e4649b934ca495991b7852b855"},"page":{"url":"http:\/\/ibn-sinaa.com\/product-category\/%D8%B7%D8%A8%D8%A7%D8%B9%D8%A9-%D8%AF%D9%8A%D8%AC%D8%AA%D8%A7%D9%84\/page\/2\/?add-to-cart=1194"}}]}
 ajax: no
2024-12-29T01:21:09+00:00 DEBUG Tt4b_Mapi_Class::mapi_post: Response: 

HTTP/1.1 200 OK
Server: nginx
Content-Type: application/json
Content-Length: 92
X-Tt-Logid: 202412290121091E1D2DCC8AAECBA38EB2
Server-Timing: inner; dur=27
x-tt-trace-host: 018e5a586174a888928d793bdac74b79b520593bf434961dbceff88e4b17f9a1565aef44c415a4d2f466bdb2483660634409122128520203ba4d8a2d0e93268ae1b08984e0519c2223a2ea44fd94289149a464d49407046d1fb03cc12798dd7c7c
x-tt-trace-id: 00-2412290121091E1D2DCC8AAECBA38EB2-572A5CE01A97DFAF-00
Expires: Sun, 29 Dec 2024 01:21:09 GMT
Cache-Control: max-age=0, no-cache, no-store
Pragma: no-cache
Date: Sun, 29 Dec 2024 01:21:09 GMT
X-Cache: TCP_MISS from a95-101-134-116.deploy.akamaitechnologies.com (AkamaiGHost/11.7.2.1-9611f29bef89eba7b18045b10aa2af98) (-)
Connection: close
x-tt-trace-tag: id=16;cdn-cache=miss;type=dyn
Server-Timing: cdn-cache; desc=MISS, edge; dur=0, origin; dur=106
X-Origin-Response-Time: 106,95.101.134.116
X-Akamai-Request-ID: 22d1c1d8

{"code": 0, "message": "OK", "request_id": "202412290121091E1D2DCC8AAECBA38EB2", "data": {}}
2024-12-29T01:21:29+00:00 DEBUG POST: https://business-api.tiktok.com/open_api/v1.3/event/track/

{"partner_name":"WooCommerce","event_source":"web","event_source_id":"CSM79Q3C77UAG1T340I0","data":[{"event":"Pageview","event_id":"6770a41900457_tt4b_woocommerce_670666209cf1f","event_time":1735435289,"user":{"ip":"178.150.14.250","user_agent":"Mozilla\/5.0 (compatible; MJ12bot\/v1.4.8; http:\/\/mj12bot.com\/)","locale":"ar","external_id":"0","email":"e3b0c44298fc1c149afbf4c8996fb92427ae41e4649b934ca495991b7852b855","phone_number":"e3b0c44298fc1c149afbf4c8996fb92427ae41e4649b934ca495991b7852b855","first_name":"e3b0c44298fc1c149afbf4c8996fb92427ae41e4649b934ca495991b7852b855","last_name":"e3b0c44298fc1c149afbf4c8996fb92427ae41e4649b934ca495991b7852b855","zip_code":"e3b0c44298fc1c149afbf4c8996fb92427ae41e4649b934ca495991b7852b855"},"page":{"url":"http:\/\/ibn-sinaa.com\/product-tag\/%D8%B7%D8%A8%D8%A7%D8%B9%D8%A9-%D8%A7%D9%88%D9%86-%D9%84%D8%A7%D9%8A%D9%86\/"}}]}
 ajax: no
2024-12-29T01:21:29+00:00 DEBUG Tt4b_Mapi_Class::mapi_post: Response: 

HTTP/1.1 200 OK
Server: nginx
Content-Type: application/json
Content-Length: 92
X-Tt-Logid: 20241229012129C0B106C88C2C784BC126
x-tt-trace-host: 018e5a586174a888928d793bdac74b79b519a86797e72c2eba011e03e23beee17d1993591dfc48dcfc3b8c12cc342970f346275a2407a7d6917c254c2493d3eb76f949af674e281047798f69a40086fa1e1b2313f1e8da0edff26549311271d20ff66c7942db8e7942427b400a8f5187ae
x-tt-trace-id: 00-241229012129C0B106C88C2C784BC126-328B26E0463269C1-00
X-Origin-Response-Time: 40,23.213.246.203
X-Akamai-Request-ID: 7e29fb27.22d21a4e
Expires: Sun, 29 Dec 2024 01:21:29 GMT
Cache-Control: max-age=0, no-cache, no-store
Pragma: no-cache
Date: Sun, 29 Dec 2024 01:21:29 GMT
X-Cache: TCP_MISS from a95-101-134-116.deploy.akamaitechnologies.com (AkamaiGHost/11.7.2.1-9611f29bef89eba7b18045b10aa2af98) (-)
Connection: close
X-Cache-Remote: TCP_MISS from a23-213-246-203.deploy.akamaitechnologies.com (AkamaiGHost/11.7.2.1-9611f29bef89eba7b18045b10aa2af98) (-)
x-tt-trace-tag: id=16;cdn-cache=miss;type=dyn
Server-Timing: cdn-cache; desc=MISS, edge; dur=240, origin; dur=40
Server-Timing: inner; dur=33
X-Parent-Response-Time: 280,95.101.134.116

{"code": 0, "message": "OK", "request_id": "20241229012129C0B106C88C2C784BC126", "data": {}}
2024-12-29T01:21:33+00:00 DEBUG POST: https://business-api.tiktok.com/open_api/v1.3/event/track/

{"partner_name":"WooCommerce","event_source":"web","event_source_id":"CSM79Q3C77UAG1T340I0","data":[{"event":"Pageview","event_id":"6770a41de9e36_tt4b_woocommerce_670666209cf1f","event_time":1735435293,"user":{"ip":"178.150.14.250","user_agent":"Mozilla\/5.0 (compatible; MJ12bot\/v1.4.8; http:\/\/mj12bot.com\/)","locale":"ar","external_id":"0","email":"e3b0c44298fc1c149afbf4c8996fb92427ae41e4649b934ca495991b7852b855","phone_number":"e3b0c44298fc1c149afbf4c8996fb92427ae41e4649b934ca495991b7852b855","first_name":"e3b0c44298fc1c149afbf4c8996fb92427ae41e4649b934ca495991b7852b855","last_name":"e3b0c44298fc1c149afbf4c8996fb92427ae41e4649b934ca495991b7852b855","zip_code":"e3b0c44298fc1c149afbf4c8996fb92427ae41e4649b934ca495991b7852b855"},"page":{"url":"http:\/\/ibn-sinaa.com\/product-tag\/%D8%B7%D8%A8%D8%A7%D8%B9%D8%A9-%D9%85%D9%84%D9%88%D9%86\/"}}]}
 ajax: no
2024-12-29T01:21:34+00:00 DEBUG Tt4b_Mapi_Class::mapi_post: Response: 

HTTP/1.1 200 OK
Server: nginx
Content-Type: application/json
Content-Length: 92
X-Tt-Logid: 20241229012134CCEA927C225474A0C360
Server-Timing: inner; dur=27
x-tt-trace-host: 018e5a586174a888928d793bdac74b79b51a437ee89a1c03eb2011d034a2e3e9f522deb0abb46d1688a08744e1aeb29b29966414b0fdf06e65d44a7a237e3dd3aac09ef0032521baffda76ad94e2fd198da25648aa773b12f64f2fa1a750d0208b
x-tt-trace-id: 00-241229012134CCEA927C225474A0C360-569045E34307C125-00
Expires: Sun, 29 Dec 2024 01:21:34 GMT
Cache-Control: max-age=0, no-cache, no-store
Pragma: no-cache
Date: Sun, 29 Dec 2024 01:21:34 GMT
X-Cache: TCP_MISS from a95-101-134-92.deploy.akamaitechnologies.com (AkamaiGHost/11.7.2.1-9611f29bef89eba7b18045b10aa2af98) (-)
Connection: close
x-tt-trace-tag: id=16;cdn-cache=miss;type=dyn
Server-Timing: cdn-cache; desc=MISS, edge; dur=2, origin; dur=109
X-Origin-Response-Time: 110,95.101.134.92
X-Akamai-Request-ID: 562fea5

{"code": 0, "message": "OK", "request_id": "20241229012134CCEA927C225474A0C360", "data": {}}
2024-12-29T01:21:38+00:00 DEBUG POST: https://business-api.tiktok.com/open_api/v1.3/event/track/

{"partner_name":"WooCommerce","event_source":"web","event_source_id":"CSM79Q3C77UAG1T340I0","data":[{"event":"Pageview","event_id":"6770a422be0bb_tt4b_woocommerce_670666209cf1f","event_time":1735435298,"user":{"ip":"178.150.14.250","user_agent":"Mozilla\/5.0 (compatible; MJ12bot\/v1.4.8; http:\/\/mj12bot.com\/)","locale":"ar","external_id":"0","email":"e3b0c44298fc1c149afbf4c8996fb92427ae41e4649b934ca495991b7852b855","phone_number":"e3b0c44298fc1c149afbf4c8996fb92427ae41e4649b934ca495991b7852b855","first_name":"e3b0c44298fc1c149afbf4c8996fb92427ae41e4649b934ca495991b7852b855","last_name":"e3b0c44298fc1c149afbf4c8996fb92427ae41e4649b934ca495991b7852b855","zip_code":"e3b0c44298fc1c149afbf4c8996fb92427ae41e4649b934ca495991b7852b855"},"page":{"url":"http:\/\/ibn-sinaa.com\/product-tag\/%D8%B7%D8%A8%D8%A7%D8%B9%D8%A9-%D9%85%D9%84%D9%88%D9%86\/page\/2\/"}}]}
 ajax: no
2024-12-29T01:21:39+00:00 DEBUG Tt4b_Mapi_Class::mapi_post: Response: 

HTTP/1.1 200 OK
Server: nginx
Content-Type: application/json
Content-Length: 92
X-Tt-Logid: 202412290121396EEE854551078DFB3E4A
x-tt-trace-host: 018e5a586174a888928d793bdac74b79b56517d7628cf0ffdff56b078ad2cf5615b62bc9e4a45ce406dcb9b3cbed1ca36baa1a43030d1157b825b6b1a9b4b8d2490101eeca8d5573a470523661e53fc0e375c80b910200c5076f594dc26c1faa6ec48fbcab2e4e908055d40ceeafa377c2
x-tt-trace-id: 00-2412290121396EEE854551078DFB3E4A-3FF438E11D9E2F8F-00
X-Origin-Response-Time: 36,23.218.219.37
X-Akamai-Request-ID: 4653adee.56320d4
Expires: Sun, 29 Dec 2024 01:21:39 GMT
Cache-Control: max-age=0, no-cache, no-store
Pragma: no-cache
Date: Sun, 29 Dec 2024 01:21:39 GMT
X-Cache: TCP_MISS from a95-101-134-92.deploy.akamaitechnologies.com (AkamaiGHost/11.7.2.1-9611f29bef89eba7b18045b10aa2af98) (-)
Connection: close
X-Cache-Remote: TCP_MISS from a23-218-219-37.deploy.akamaitechnologies.com (AkamaiGHost/11.7.2.1-9611f29bef89eba7b18045b10aa2af98) (-)
x-tt-trace-tag: id=16;cdn-cache=miss;type=dyn
Server-Timing: cdn-cache; desc=MISS, edge; dur=246, origin; dur=35
Server-Timing: inner; dur=32
X-Parent-Response-Time: 280,95.101.134.92

{"code": 0, "message": "OK", "request_id": "202412290121396EEE854551078DFB3E4A", "data": {}}
2024-12-29T01:21:43+00:00 DEBUG POST: https://business-api.tiktok.com/open_api/v1.3/event/track/

{"partner_name":"WooCommerce","event_source":"web","event_source_id":"CSM79Q3C77UAG1T340I0","data":[{"event":"Pageview","event_id":"6770a427b33c5_tt4b_woocommerce_670666209cf1f","event_time":1735435303,"user":{"ip":"178.150.14.250","user_agent":"Mozilla\/5.0 (compatible; MJ12bot\/v1.4.8; http:\/\/mj12bot.com\/)","locale":"ar","external_id":"0","email":"e3b0c44298fc1c149afbf4c8996fb92427ae41e4649b934ca495991b7852b855","phone_number":"e3b0c44298fc1c149afbf4c8996fb92427ae41e4649b934ca495991b7852b855","first_name":"e3b0c44298fc1c149afbf4c8996fb92427ae41e4649b934ca495991b7852b855","last_name":"e3b0c44298fc1c149afbf4c8996fb92427ae41e4649b934ca495991b7852b855","zip_code":"e3b0c44298fc1c149afbf4c8996fb92427ae41e4649b934ca495991b7852b855"},"page":{"url":"http:\/\/ibn-sinaa.com\/product-tag\/%D8%B7%D8%A8%D8%A7%D8%B9%D8%A9-%D9%85%D9%84%D9%88%D9%86\/page\/3\/"}}]}
 ajax: no
2024-12-29T01:21:43+00:00 DEBUG Tt4b_Mapi_Class::mapi_post: Response: 

HTTP/1.1 200 OK
Server: nginx
Content-Type: application/json
Content-Length: 92
X-Tt-Logid: 20241229012143D2616029137A5815B709
x-tt-trace-host: 018e5a586174a888928d793bdac74b79b56517d7628cf0ffdff56b078ad2cf56154c3553174eb306402809c86651aef0e8c3d8d9b1172aa7a3b3df2b044bc42ed221cf27f6c3cf9da2e90d008414bc55a7a3eb2a5d79756632b54eff49bc40372b1cc03886b2543dda061cf5c64a120f78
x-tt-trace-id: 00-241229012143D2616029137A5815B709-5926C0A743D7C9D7-00
X-Origin-Response-Time: 33,23.32.17.22
X-Akamai-Request-ID: 141bf7ae.5634325
Expires: Sun, 29 Dec 2024 01:21:43 GMT
Cache-Control: max-age=0, no-cache, no-store
Pragma: no-cache
Date: Sun, 29 Dec 2024 01:21:43 GMT
X-Cache: TCP_MISS from a95-101-134-92.deploy.akamaitechnologies.com (AkamaiGHost/11.7.2.1-9611f29bef89eba7b18045b10aa2af98) (-)
Connection: close
X-Cache-Remote: TCP_MISS from a23-32-17-22.deploy.akamaitechnologies.com (AkamaiGHost/11.7.2.1-9611f29bef89eba7b18045b10aa2af98) (-)
x-tt-trace-tag: id=16;cdn-cache=miss;type=dyn
Server-Timing: cdn-cache; desc=MISS, edge; dur=83, origin; dur=33
Server-Timing: inner; dur=29
X-Parent-Response-Time: 115,95.101.134.92

{"code": 0, "message": "OK", "request_id": "20241229012143D2616029137A5815B709", "data": {}}
2024-12-29T01:21:48+00:00 DEBUG POST: https://business-api.tiktok.com/open_api/v1.3/event/track/

{"partner_name":"WooCommerce","event_source":"web","event_source_id":"CSM79Q3C77UAG1T340I0","data":[{"event":"Pageview","event_id":"6770a42cb6a1f_tt4b_woocommerce_670666209cf1f","event_time":1735435308,"user":{"ip":"178.150.14.250","user_agent":"Mozilla\/5.0 (compatible; MJ12bot\/v1.4.8; http:\/\/mj12bot.com\/)","locale":"ar","external_id":"0","email":"e3b0c44298fc1c149afbf4c8996fb92427ae41e4649b934ca495991b7852b855","phone_number":"e3b0c44298fc1c149afbf4c8996fb92427ae41e4649b934ca495991b7852b855","first_name":"e3b0c44298fc1c149afbf4c8996fb92427ae41e4649b934ca495991b7852b855","last_name":"e3b0c44298fc1c149afbf4c8996fb92427ae41e4649b934ca495991b7852b855","zip_code":"e3b0c44298fc1c149afbf4c8996fb92427ae41e4649b934ca495991b7852b855"},"page":{"url":"http:\/\/ibn-sinaa.com\/product-tag\/%D8%B7%D8%A8%D8%A7%D8%B9%D8%A9-%D9%85%D9%84%D9%88%D9%86\/page\/4\/"}}]}
 ajax: no
2024-12-29T01:21:48+00:00 DEBUG Tt4b_Mapi_Class::mapi_post: Response: 

HTTP/1.1 200 OK
Server: nginx
Content-Type: application/json
Content-Length: 92
X-Tt-Logid: 20241229012148CF7D5E4F7CD3AB84D119
x-tt-trace-host: 018e5a586174a888928d793bdac74b79b56517d7628cf0ffdff56b078ad2cf56155d54e5d357a995a4eb631e5b2e68e049af533f13beef481fde67e61ae40b7cd0f046c096ecbdad7d00ce2b4ef372cffb0838cc9a1e979fe22bf6e2f6f9d2421108dd6ed677ee0ecffaa485d71da7ee69
x-tt-trace-id: 00-241229012148CF7D5E4F7CD3AB84D119-59028A030B4F8B21-00
X-Origin-Response-Time: 29,23.52.15.171
X-Akamai-Request-ID: 1d4a67e0.56366cf
Expires: Sun, 29 Dec 2024 01:21:48 GMT
Cache-Control: max-age=0, no-cache, no-store
Pragma: no-cache
Date: Sun, 29 Dec 2024 01:21:48 GMT
X-Cache: TCP_MISS from a95-101-134-92.deploy.akamaitechnologies.com (AkamaiGHost/11.7.2.1-9611f29bef89eba7b18045b10aa2af98) (-)
Connection: close
X-Cache-Remote: TCP_MISS from a23-52-15-171.deploy.akamaitechnologies.com (AkamaiGHost/11.7.2.1-9611f29bef89eba7b18045b10aa2af98) (-)
x-tt-trace-tag: id=16;cdn-cache=miss;type=dyn
Server-Timing: cdn-cache; desc=MISS, edge; dur=81, origin; dur=29
Server-Timing: inner; dur=26
X-Parent-Response-Time: 110,95.101.134.92

{"code": 0, "message": "OK", "request_id": "20241229012148CF7D5E4F7CD3AB84D119", "data": {}}
2024-12-29T01:21:53+00:00 DEBUG POST: https://business-api.tiktok.com/open_api/v1.3/event/track/

{"partner_name":"WooCommerce","event_source":"web","event_source_id":"CSM79Q3C77UAG1T340I0","data":[{"event":"Pageview","event_id":"6770a4319455b_tt4b_woocommerce_670666209cf1f","event_time":1735435313,"user":{"ip":"178.150.14.250","user_agent":"Mozilla\/5.0 (compatible; MJ12bot\/v1.4.8; http:\/\/mj12bot.com\/)","locale":"ar","external_id":"0","email":"e3b0c44298fc1c149afbf4c8996fb92427ae41e4649b934ca495991b7852b855","phone_number":"e3b0c44298fc1c149afbf4c8996fb92427ae41e4649b934ca495991b7852b855","first_name":"e3b0c44298fc1c149afbf4c8996fb92427ae41e4649b934ca495991b7852b855","last_name":"e3b0c44298fc1c149afbf4c8996fb92427ae41e4649b934ca495991b7852b855","zip_code":"e3b0c44298fc1c149afbf4c8996fb92427ae41e4649b934ca495991b7852b855"},"page":{"url":"http:\/\/ibn-sinaa.com\/product-tag\/%D9%81%D9%84%D8%A7%D9%8A%D8%B1\/"}}]}
 ajax: no
2024-12-29T01:21:53+00:00 DEBUG Tt4b_Mapi_Class::mapi_post: Response: 

HTTP/1.1 200 OK
Server: nginx
Content-Type: application/json
Content-Length: 92
X-Tt-Logid: 2024122901215349A8FA818E8C45CB6A36
Server-Timing: inner; dur=139
x-tt-trace-host: 018e5a586174a888928d793bdac74b79b520593bf434961dbceff88e4b17f9a156524e6f278c7fa03731a17b093e693c69708406d49ebb530851c34ebba613519b8d8b2e0b495dac55e2e81ad66d4677450dd57d7ea515c06d4cd8752128ad41ea
x-tt-trace-id: 00-24122901215349A8FA818E8C45CB6A36-0BC613CC3013D325-00
Expires: Sun, 29 Dec 2024 01:21:53 GMT
Cache-Control: max-age=0, no-cache, no-store
Pragma: no-cache
Date: Sun, 29 Dec 2024 01:21:53 GMT
X-Cache: TCP_MISS from a95-101-134-116.deploy.akamaitechnologies.com (AkamaiGHost/11.7.2.1-9611f29bef89eba7b18045b10aa2af98) (-)
Connection: close
x-tt-trace-tag: id=16;cdn-cache=miss;type=dyn
Server-Timing: cdn-cache; desc=MISS, edge; dur=0, origin; dur=220
X-Origin-Response-Time: 220,95.101.134.116
X-Akamai-Request-ID: 22d286b0

{"code": 0, "message": "OK", "request_id": "2024122901215349A8FA818E8C45CB6A36", "data": {}}
2024-12-29T01:21:58+00:00 DEBUG POST: https://business-api.tiktok.com/open_api/v1.3/event/track/

{"partner_name":"WooCommerce","event_source":"web","event_source_id":"CSM79Q3C77UAG1T340I0","data":[{"event":"Pageview","event_id":"6770a436279bb_tt4b_woocommerce_670666209cf1f","event_time":1735435318,"user":{"ip":"178.150.14.250","user_agent":"Mozilla\/5.0 (compatible; MJ12bot\/v1.4.8; http:\/\/mj12bot.com\/)","locale":"ar","external_id":"0","email":"e3b0c44298fc1c149afbf4c8996fb92427ae41e4649b934ca495991b7852b855","phone_number":"e3b0c44298fc1c149afbf4c8996fb92427ae41e4649b934ca495991b7852b855","first_name":"e3b0c44298fc1c149afbf4c8996fb92427ae41e4649b934ca495991b7852b855","last_name":"e3b0c44298fc1c149afbf4c8996fb92427ae41e4649b934ca495991b7852b855","zip_code":"e3b0c44298fc1c149afbf4c8996fb92427ae41e4649b934ca495991b7852b855"},"page":{"url":"http:\/\/ibn-sinaa.com\/product-tag\/%D9%85%D8%AA%D8%AC%D8%B1-%D8%B7%D8%A8%D8%A7%D8%B9%D8%A9\/"}}]}
 ajax: no
2024-12-29T01:21:58+00:00 DEBUG Tt4b_Mapi_Class::mapi_post: Response: 

HTTP/1.1 200 OK
Server: nginx
Content-Type: application/json
Content-Length: 92
X-Tt-Logid: 2024122901215874DB6500FDB9929E8CAE
Server-Timing: inner; dur=32
x-tt-trace-host: 018e5a586174a888928d793bdac74b79b520593bf434961dbceff88e4b17f9a156646bb502c09abe6200e02a5cdb3c9d5d5af51b0159fd86faa1e61622ae2201fa5627804ad83bb736885406aff36ca20c906f6235cab2d3a58e70c63b0ca5b3a8
x-tt-trace-id: 00-24122901215874DB6500FDB9929E8CAE-0739FDD05829B295-00
Expires: Sun, 29 Dec 2024 01:21:58 GMT
Cache-Control: max-age=0, no-cache, no-store
Pragma: no-cache
Date: Sun, 29 Dec 2024 01:21:58 GMT
X-Cache: TCP_MISS from a95-101-134-116.deploy.akamaitechnologies.com (AkamaiGHost/11.7.2.1-9611f29bef89eba7b18045b10aa2af98) (-)
Connection: close
x-tt-trace-tag: id=16;cdn-cache=miss;type=dyn
Server-Timing: cdn-cache; desc=MISS, edge; dur=1, origin; dur=116
X-Origin-Response-Time: 117,95.101.134.116
X-Akamai-Request-ID: 22d29ad3

{"code": 0, "message": "OK", "request_id": "2024122901215874DB6500FDB9929E8CAE", "data": {}}
2024-12-29T01:22:02+00:00 DEBUG POST: https://business-api.tiktok.com/open_api/v1.3/event/track/

{"partner_name":"WooCommerce","event_source":"web","event_source_id":"CSM79Q3C77UAG1T340I0","data":[{"event":"Pageview","event_id":"6770a43aef9a4_tt4b_woocommerce_670666209cf1f","event_time":1735435322,"user":{"ip":"178.150.14.250","user_agent":"Mozilla\/5.0 (compatible; MJ12bot\/v1.4.8; http:\/\/mj12bot.com\/)","locale":"ar","external_id":"0","email":"e3b0c44298fc1c149afbf4c8996fb92427ae41e4649b934ca495991b7852b855","phone_number":"e3b0c44298fc1c149afbf4c8996fb92427ae41e4649b934ca495991b7852b855","first_name":"e3b0c44298fc1c149afbf4c8996fb92427ae41e4649b934ca495991b7852b855","last_name":"e3b0c44298fc1c149afbf4c8996fb92427ae41e4649b934ca495991b7852b855","zip_code":"e3b0c44298fc1c149afbf4c8996fb92427ae41e4649b934ca495991b7852b855"},"page":{"url":"http:\/\/ibn-sinaa.com\/product-tag\/%D9%85%D8%AA%D8%AC%D8%B1-%D8%B7%D8%A8%D8%A7%D8%B9%D8%A9\/page\/2\/"}}]}
 ajax: no
2024-12-29T01:22:03+00:00 DEBUG Tt4b_Mapi_Class::mapi_post: Response: 

HTTP/1.1 200 OK
Server: nginx
Content-Type: application/json
Content-Length: 92
X-Tt-Logid: 20241229012203475F893267B40E0860EA
x-tt-trace-host: 018e5a586174a888928d793bdac74b79b56517d7628cf0ffdff56b078ad2cf56152c2cd8570c51797a80a7c2c0d396e4de5c5262ae53625df1e566cbefe31284e1fe8ffe98aba2f3f21bb9c6ce810bbfeaf0876c56176a68a97b6029b74e93318aef9c296268835da5e8430f7d342cab75
x-tt-trace-id: 00-241229012203475F893267B40E0860EA-7147588765F4BCA6-00
X-Origin-Response-Time: 31,23.218.219.19
X-Akamai-Request-ID: 5addc2f.563cd6d
Expires: Sun, 29 Dec 2024 01:22:03 GMT
Cache-Control: max-age=0, no-cache, no-store
Pragma: no-cache
Date: Sun, 29 Dec 2024 01:22:03 GMT
X-Cache: TCP_MISS from a95-101-134-92.deploy.akamaitechnologies.com (AkamaiGHost/11.7.2.1-9611f29bef89eba7b18045b10aa2af98) (-)
Connection: close
X-Cache-Remote: TCP_MISS from a23-218-219-19.deploy.akamaitechnologies.com (AkamaiGHost/11.7.2.1-9611f29bef89eba7b18045b10aa2af98) (-)
x-tt-trace-tag: id=16;cdn-cache=miss;type=dyn
Server-Timing: cdn-cache; desc=MISS, edge; dur=83, origin; dur=31
Server-Timing: inner; dur=26
X-Parent-Response-Time: 114,95.101.134.92

{"code": 0, "message": "OK", "request_id": "20241229012203475F893267B40E0860EA", "data": {}}
2024-12-29T01:22:07+00:00 DEBUG POST: https://business-api.tiktok.com/open_api/v1.3/event/track/

{"partner_name":"WooCommerce","event_source":"web","event_source_id":"CSM79Q3C77UAG1T340I0","data":[{"event":"Pageview","event_id":"6770a43fdc983_tt4b_woocommerce_670666209cf1f","event_time":1735435327,"user":{"ip":"178.150.14.250","user_agent":"Mozilla\/5.0 (compatible; MJ12bot\/v1.4.8; http:\/\/mj12bot.com\/)","locale":"ar","external_id":"0","email":"e3b0c44298fc1c149afbf4c8996fb92427ae41e4649b934ca495991b7852b855","phone_number":"e3b0c44298fc1c149afbf4c8996fb92427ae41e4649b934ca495991b7852b855","first_name":"e3b0c44298fc1c149afbf4c8996fb92427ae41e4649b934ca495991b7852b855","last_name":"e3b0c44298fc1c149afbf4c8996fb92427ae41e4649b934ca495991b7852b855","zip_code":"e3b0c44298fc1c149afbf4c8996fb92427ae41e4649b934ca495991b7852b855"},"page":{"url":"http:\/\/ibn-sinaa.com\/product\/%D8%B3%D8%AC%D9%84%D8%A7%D8%AA-%D8%A7%D9%84%D8%A7%D9%86%D8%AC%D8%A7%D8%B2-%D8%A7%D9%84%D9%85%D8%AF%D8%B1%D8%B3%D9%8A%D8%A9\/feed\/"}}]}
 ajax: no
2024-12-29T01:22:08+00:00 DEBUG Tt4b_Mapi_Class::mapi_post: Response: 

HTTP/1.1 200 OK
Server: nginx
Content-Type: application/json
Content-Length: 92
X-Tt-Logid: 202412290122081408BA5F68ADAA7B2C01
x-tt-trace-host: 018e5a586174a888928d793bdac74b79b56517d7628cf0ffdff56b078ad2cf5615b5fd7c136f06f3978c888fa9e9bec642c202d729c2eec9c343b1afd8ea47e5788ab675a0121ee117eaccb0aa76b559530ea6927dc6684b39decd66fe959c8587c29519097f1afc1fd3ca84aa8759315c
x-tt-trace-id: 00-2412290122081408BA5F68ADAA7B2C01-782486F01496C274-00
X-Origin-Response-Time: 34,23.218.219.36
X-Akamai-Request-ID: 1489b008.563f29e
Expires: Sun, 29 Dec 2024 01:22:08 GMT
Cache-Control: max-age=0, no-cache, no-store
Pragma: no-cache
Date: Sun, 29 Dec 2024 01:22:08 GMT
X-Cache: TCP_MISS from a95-101-134-92.deploy.akamaitechnologies.com (AkamaiGHost/11.7.2.1-9611f29bef89eba7b18045b10aa2af98) (-)
Connection: close
X-Cache-Remote: TCP_MISS from a23-218-219-36.deploy.akamaitechnologies.com (AkamaiGHost/11.7.2.1-9611f29bef89eba7b18045b10aa2af98) (-)
x-tt-trace-tag: id=16;cdn-cache=miss;type=dyn
Server-Timing: cdn-cache; desc=MISS, edge; dur=84, origin; dur=34
Server-Timing: inner; dur=30
X-Parent-Response-Time: 117,95.101.134.92

{"code": 0, "message": "OK", "request_id": "202412290122081408BA5F68ADAA7B2C01", "data": {}}
2024-12-29T01:22:13+00:00 DEBUG POST: https://business-api.tiktok.com/open_api/v1.3/event/track/

{"partner_name":"WooCommerce","event_source":"web","event_source_id":"CSM79Q3C77UAG1T340I0","data":[{"event":"Pageview","event_id":"6770a4459f232_tt4b_woocommerce_670666209cf1f","event_time":1735435333,"user":{"ip":"178.150.14.250","user_agent":"Mozilla\/5.0 (compatible; MJ12bot\/v1.4.8; http:\/\/mj12bot.com\/)","locale":"ar","external_id":"0","email":"e3b0c44298fc1c149afbf4c8996fb92427ae41e4649b934ca495991b7852b855","phone_number":"e3b0c44298fc1c149afbf4c8996fb92427ae41e4649b934ca495991b7852b855","first_name":"e3b0c44298fc1c149afbf4c8996fb92427ae41e4649b934ca495991b7852b855","last_name":"e3b0c44298fc1c149afbf4c8996fb92427ae41e4649b934ca495991b7852b855","zip_code":"e3b0c44298fc1c149afbf4c8996fb92427ae41e4649b934ca495991b7852b855"},"page":{"url":"http:\/\/ibn-sinaa.com\/product\/%D8%B3%D8%AC%D9%84%D8%A7%D8%AA-%D9%85%D8%A7%D8%AF%D8%A9-%D8%A7%D9%84%D8%A7%D8%AC%D8%AA%D9%85%D8%A7%D8%B9%D9%8A%D8%A7%D8%AA\/feed\/"}}]}
 ajax: no
2024-12-29T01:22:13+00:00 DEBUG Tt4b_Mapi_Class::mapi_post: Response: 

HTTP/1.1 200 OK
Server: nginx
Content-Type: application/json
Content-Length: 92
X-Tt-Logid: 20241229012213ED5DC0B318169C601511
Server-Timing: inner; dur=32
x-tt-trace-host: 018e5a586174a888928d793bdac74b79b51a437ee89a1c03eb2011d034a2e3e9f5961eb073980a0e8a0b8c24de1981f0b866d0746086be0f6965eb1b9ca18a1b05caafe850edfa6857900cb255d8ea6433a49069680664e22fe2bedf70dbd92bba
x-tt-trace-id: 00-241229012213ED5DC0B318169C601511-17A5F9E081689B30-00
Expires: Sun, 29 Dec 2024 01:22:13 GMT
Cache-Control: max-age=0, no-cache, no-store
Pragma: no-cache
Date: Sun, 29 Dec 2024 01:22:13 GMT
X-Cache: TCP_MISS from a95-101-134-92.deploy.akamaitechnologies.com (AkamaiGHost/11.7.2.1-9611f29bef89eba7b18045b10aa2af98) (-)
Connection: close
x-tt-trace-tag: id=16;cdn-cache=miss;type=dyn
Server-Timing: cdn-cache; desc=MISS, edge; dur=1, origin; dur=112
X-Origin-Response-Time: 113,95.101.134.92
X-Akamai-Request-ID: 5641b13

{"code": 0, "message": "OK", "request_id": "20241229012213ED5DC0B318169C601511", "data": {}}
2024-12-29T01:22:28+00:00 DEBUG POST: https://business-api.tiktok.com/open_api/v1.3/event/track/

{"partner_name":"WooCommerce","event_source":"web","event_source_id":"CSM79Q3C77UAG1T340I0","data":[{"event":"Pageview","event_id":"6770a4548b832_tt4b_woocommerce_670666209cf1f","event_time":1735435348,"user":{"ip":"66.249.76.8","user_agent":"Mozilla\/5.0 (Linux; Android 6.0.1; Nexus 5X Build\/MMB29P) AppleWebKit\/537.36 (KHTML, like Gecko) Chrome\/131.0.6778.139 Mobile Safari\/537.36 (compatible; Googlebot\/2.1; +http:\/\/www.google.com\/bot.html)","locale":"ar","external_id":"0","email":"e3b0c44298fc1c149afbf4c8996fb92427ae41e4649b934ca495991b7852b855","phone_number":"e3b0c44298fc1c149afbf4c8996fb92427ae41e4649b934ca495991b7852b855","first_name":"e3b0c44298fc1c149afbf4c8996fb92427ae41e4649b934ca495991b7852b855","last_name":"e3b0c44298fc1c149afbf4c8996fb92427ae41e4649b934ca495991b7852b855","zip_code":"e3b0c44298fc1c149afbf4c8996fb92427ae41e4649b934ca495991b7852b855"},"page":{"url":"http:\/\/www.ibn-sinaa.com\/product\/a5-wirebound-notebook-printing\/"}}]}
 ajax: no
2024-12-29T01:22:28+00:00 DEBUG Tt4b_Mapi_Class::mapi_post: Response: 

HTTP/1.1 200 OK
Server: nginx
Content-Type: application/json
Content-Length: 92
X-Tt-Logid: 20241229012228DC782789AAABB509FC3F
Server-Timing: inner; dur=103
x-tt-trace-host: 018e5a586174a888928d793bdac74b79b51a437ee89a1c03eb2011d034a2e3e9f582006531df41ebbada2cee73ee71f1038cec001521c86028c567df1dff9269a590df4159afefc2b8f59f142869e97f096ae0e9ec94e09c225e36ae104540de7c
x-tt-trace-id: 00-241229012228DC782789AAABB509FC3F-78155BC04F1983DA-00
Expires: Sun, 29 Dec 2024 01:22:28 GMT
Cache-Control: max-age=0, no-cache, no-store
Pragma: no-cache
Date: Sun, 29 Dec 2024 01:22:28 GMT
X-Cache: TCP_MISS from a95-101-134-92.deploy.akamaitechnologies.com (AkamaiGHost/11.7.2.1-9611f29bef89eba7b18045b10aa2af98) (-)
Connection: close
x-tt-trace-tag: id=16;cdn-cache=miss;type=dyn
Server-Timing: cdn-cache; desc=MISS, edge; dur=0, origin; dur=184
X-Origin-Response-Time: 184,95.101.134.92
X-Akamai-Request-ID: 56484c3

{"code": 0, "message": "OK", "request_id": "20241229012228DC782789AAABB509FC3F", "data": {}}
2024-12-29T01:22:28+00:00 DEBUG Tt4b_Pixel_Class::inject_view_content_event: hit ViewContent
2024-12-29T01:22:28+00:00 DEBUG POST: https://business-api.tiktok.com/open_api/v1.3/event/track/

{"partner_name":"WooCommerce","event_source":"web","event_source_id":"CSM79Q3C77UAG1T340I0","data":[{"event":"ViewContent","event_id":"6770a454e119d_tt4b_woocommerce_670666209cf1f_4009","event_time":1735435348,"user":{"ip":"66.249.76.8","user_agent":"Mozilla\/5.0 (Linux; Android 6.0.1; Nexus 5X Build\/MMB29P) AppleWebKit\/537.36 (KHTML, like Gecko) Chrome\/131.0.6778.139 Mobile Safari\/537.36 (compatible; Googlebot\/2.1; +http:\/\/www.google.com\/bot.html)","locale":"ar","external_id":"0","email":"e3b0c44298fc1c149afbf4c8996fb92427ae41e4649b934ca495991b7852b855","phone_number":"e3b0c44298fc1c149afbf4c8996fb92427ae41e4649b934ca495991b7852b855","first_name":"e3b0c44298fc1c149afbf4c8996fb92427ae41e4649b934ca495991b7852b855","last_name":"e3b0c44298fc1c149afbf4c8996fb92427ae41e4649b934ca495991b7852b855","zip_code":"e3b0c44298fc1c149afbf4c8996fb92427ae41e4649b934ca495991b7852b855"},"properties":{"contents":[{"price":99,"quantity":1,"content_id":"4009","content_name":"\u0637\u0628\u0627\u0639\u0629 \u0646\u0648\u062a\u0629 \u063a\u0644\u0627\u0641 \u0633\u0644\u0643 A5","description":"\u0646\u0648\u062a\u0629 \u0645\u0639 \u063a\u0644\u0627\u0641 \u0633\u0644\u0643 \u0645\u0642\u0627\u0633 A5 \u0648\u0648\u0631\u0642 \u062f\u0627\u062e\u0644\u064a \u0627\u0628\u064a\u0636 \u0648 \u0627\u0633\u0648\u062f.\r\n\u0627\u0644\u0648\u0631\u0642 \u0627\u0644\u062f\u0627\u062e\u0644\u064a: \u0648\u0631\u0642 \u0639\u0627\u062f\u064a 80 \u062c\u0631\u0627\u0645 \u0639\u062f\u062f 50 \u0648\u0631\u0642\u0629 \u060c \u0627\u0644\u063a\u0644\u0627\u0641: \u0648\u0631\u0642 \u0643\u0648\u0634\u064a\u0647 350 \u062c\u0631\u0627\u0645 \u0645\u0639 \u0633\u0644\u0641\u0627\u0646.\r\n\u0645\u062f\u0629 \u0627\u0644\u062a\u0646\u0641\u064a\u0630 \u0627\u0644\u0645\u062a\u0648\u0642\u0639\u0629: \u0645\u0646 3 \u0625\u0644\u0649 5 \u0623\u064a\u0627\u0645 \u0639\u0645\u0644 \u0628\u0639\u062f \u0627\u0639\u062a\u0645\u0627\u062f \u0627\u0644\u062a\u0635\u0645\u064a\u0645 \u0648\u0627\u0644\u0637\u0644\u0628 \u062d\u0633\u0628 \u0627\u0644\u0643\u0645\u064a\u0629 (\u062a\u0632\u064a\u062f \u0627\u0644\u0645\u062f\u0629 \u0639\u0646\u062f \u0637\u0644\u0628 \u0627\u0644\u0634\u062d\u0646).","availability":"IN_STOCK","sale_price":99,"on_sale":false}],"content_type":"product","currency":"SAR","value":99,"event_trigger_source":"WooCommerce"},"page":{"url":"http:\/\/www.ibn-sinaa.com\/product\/a5-wirebound-notebook-printing\/"}}]}
 ajax: no
2024-12-29T01:22:29+00:00 DEBUG Tt4b_Mapi_Class::mapi_post: Response: 

HTTP/1.1 200 OK
Server: nginx
Content-Type: application/json
Content-Length: 92
X-Tt-Logid: 2024122901222800CA5E608F86BC445424
Server-Timing: inner; dur=31
x-tt-trace-host: 018e5a586174a888928d793bdac74b79b520593bf434961dbceff88e4b17f9a1560b84dbcc07a9cd405db759fdce67513b2700efbf0f742a538d8a4e41d9064911dbd1dbc754072cecc5393c49860d3fe4e2cc77758c6c62d0f8c978d42161864a
x-tt-trace-id: 00-24122901222800CA5E608F86BC445424-6BE6AB0539CDFFEF-00
Expires: Sun, 29 Dec 2024 01:22:29 GMT
Cache-Control: max-age=0, no-cache, no-store
Pragma: no-cache
Date: Sun, 29 Dec 2024 01:22:29 GMT
X-Cache: TCP_MISS from a95-101-134-116.deploy.akamaitechnologies.com (AkamaiGHost/11.7.2.1-9611f29bef89eba7b18045b10aa2af98) (-)
Connection: close
x-tt-trace-tag: id=16;cdn-cache=miss;type=dyn
Server-Timing: cdn-cache; desc=MISS, edge; dur=1, origin; dur=113
X-Origin-Response-Time: 113,95.101.134.116
X-Akamai-Request-ID: 22d3233e

{"code": 0, "message": "OK", "request_id": "2024122901222800CA5E608F86BC445424", "data": {}}
2024-12-29T01:23:02+00:00 DEBUG POST: https://business-api.tiktok.com/open_api/v1.3/event/track/

{"partner_name":"WooCommerce","event_source":"web","event_source_id":"CSM79Q3C77UAG1T340I0","data":[{"event":"Pageview","event_id":"6770a4768847e_tt4b_woocommerce_670666209cf1f","event_time":1735435382,"user":{"ip":"178.150.14.250","user_agent":"Mozilla\/5.0 (compatible; MJ12bot\/v1.4.8; http:\/\/mj12bot.com\/)","locale":"ar","external_id":"0","email":"e3b0c44298fc1c149afbf4c8996fb92427ae41e4649b934ca495991b7852b855","phone_number":"e3b0c44298fc1c149afbf4c8996fb92427ae41e4649b934ca495991b7852b855","first_name":"e3b0c44298fc1c149afbf4c8996fb92427ae41e4649b934ca495991b7852b855","last_name":"e3b0c44298fc1c149afbf4c8996fb92427ae41e4649b934ca495991b7852b855","zip_code":"e3b0c44298fc1c149afbf4c8996fb92427ae41e4649b934ca495991b7852b855"},"page":{"url":"http:\/\/ibn-sinaa.com\/product\/%D8%B3%D8%AC%D9%84%D8%A7%D8%AA-%D9%85%D8%A7%D8%AF%D8%A9-%D8%A7%D9%84%D8%A7%D8%AD%D9%8A%D8%A7%D8%A1\/feed\/"}}]}
 ajax: no
2024-12-29T01:23:02+00:00 DEBUG Tt4b_Mapi_Class::mapi_post: Response: 

HTTP/1.1 200 OK
Server: nginx
Content-Type: application/json
Content-Length: 92
X-Tt-Logid: 20241229012302E6AFBCA73981C51689DA
Server-Timing: inner; dur=77
x-tt-trace-host: 018e5a586174a888928d793bdac74b79b520593bf434961dbceff88e4b17f9a156a49e2c0de10bb78e05f0b61c72298ac6cda87a4c6af800f00d69bd59384b3433a0ff6e417c27212f0a808e077624dc0ef9d9f56e987421d2557220517fdb421e
x-tt-trace-id: 00-241229012302E6AFBCA73981C51689DA-0C13EA3D813B6A5F-00
Expires: Sun, 29 Dec 2024 01:23:02 GMT
Cache-Control: max-age=0, no-cache, no-store
Pragma: no-cache
Date: Sun, 29 Dec 2024 01:23:02 GMT
X-Cache: TCP_MISS from a95-101-134-116.deploy.akamaitechnologies.com (AkamaiGHost/11.7.2.1-9611f29bef89eba7b18045b10aa2af98) (-)
Connection: close
x-tt-trace-tag: id=16;cdn-cache=miss;type=dyn
Server-Timing: cdn-cache; desc=MISS, edge; dur=1, origin; dur=159
X-Origin-Response-Time: 159,95.101.134.116
X-Akamai-Request-ID: 22d3b905

{"code": 0, "message": "OK", "request_id": "20241229012302E6AFBCA73981C51689DA", "data": {}}
2024-12-29T01:23:51+00:00 DEBUG POST: https://business-api.tiktok.com/open_api/v1.3/event/track/

{"partner_name":"WooCommerce","event_source":"web","event_source_id":"CSM79Q3C77UAG1T340I0","data":[{"event":"Pageview","event_id":"6770a4a783556_tt4b_woocommerce_670666209cf1f","event_time":1735435431,"user":{"ip":"178.150.14.250","user_agent":"Mozilla\/5.0 (compatible; MJ12bot\/v1.4.8; http:\/\/mj12bot.com\/)","locale":"ar","external_id":"0","email":"e3b0c44298fc1c149afbf4c8996fb92427ae41e4649b934ca495991b7852b855","phone_number":"e3b0c44298fc1c149afbf4c8996fb92427ae41e4649b934ca495991b7852b855","first_name":"e3b0c44298fc1c149afbf4c8996fb92427ae41e4649b934ca495991b7852b855","last_name":"e3b0c44298fc1c149afbf4c8996fb92427ae41e4649b934ca495991b7852b855","zip_code":"e3b0c44298fc1c149afbf4c8996fb92427ae41e4649b934ca495991b7852b855"},"page":{"url":"http:\/\/ibn-sinaa.com\/product\/%D8%B3%D8%AC%D9%84%D8%A7%D8%AA-%D9%85%D8%A7%D8%AF%D8%A9-%D8%A7%D9%84%D8%AA%D8%B1%D8%A8%D9%8A%D8%A9-%D8%A7%D9%84%D8%A7%D8%B3%D8%B1%D9%8A%D8%A9\/feed\/"}}]}
 ajax: no
2024-12-29T01:23:51+00:00 DEBUG Tt4b_Mapi_Class::mapi_post: Response: 

HTTP/1.1 200 OK
Server: nginx
Content-Type: application/json
Content-Length: 92
X-Tt-Logid: 20241229012351C16B5B022BB6DAA2C809
Server-Timing: inner; dur=28
x-tt-trace-host: 018e5a586174a888928d793bdac74b79b51a437ee89a1c03eb2011d034a2e3e9f54f4d80c6ec364cd4ed42d3134aa5df3997f4494444585191daf0f5367475c668597b9cc8116adef8ba9729329631c92f77f87af5d19f0f875a3068be332543d3
x-tt-trace-id: 00-241229012351C16B5B022BB6DAA2C809-690BFC137BA827BC-00
Expires: Sun, 29 Dec 2024 01:23:51 GMT
Cache-Control: max-age=0, no-cache, no-store
Pragma: no-cache
Date: Sun, 29 Dec 2024 01:23:51 GMT
X-Cache: TCP_MISS from a95-101-134-92.deploy.akamaitechnologies.com (AkamaiGHost/11.7.2.1-9611f29bef89eba7b18045b10aa2af98) (-)
Connection: close
x-tt-trace-tag: id=16;cdn-cache=miss;type=dyn
Server-Timing: cdn-cache; desc=MISS, edge; dur=1, origin; dur=107
X-Origin-Response-Time: 107,95.101.134.92
X-Akamai-Request-ID: 566c8ef

{"code": 0, "message": "OK", "request_id": "20241229012351C16B5B022BB6DAA2C809", "data": {}}
2024-12-29T01:23:56+00:00 DEBUG POST: https://business-api.tiktok.com/open_api/v1.3/event/track/

{"partner_name":"WooCommerce","event_source":"web","event_source_id":"CSM79Q3C77UAG1T340I0","data":[{"event":"Pageview","event_id":"6770a4ac7d588_tt4b_woocommerce_670666209cf1f","event_time":1735435436,"user":{"ip":"178.150.14.250","user_agent":"Mozilla\/5.0 (compatible; MJ12bot\/v1.4.8; http:\/\/mj12bot.com\/)","locale":"ar","external_id":"0","email":"e3b0c44298fc1c149afbf4c8996fb92427ae41e4649b934ca495991b7852b855","phone_number":"e3b0c44298fc1c149afbf4c8996fb92427ae41e4649b934ca495991b7852b855","first_name":"e3b0c44298fc1c149afbf4c8996fb92427ae41e4649b934ca495991b7852b855","last_name":"e3b0c44298fc1c149afbf4c8996fb92427ae41e4649b934ca495991b7852b855","zip_code":"e3b0c44298fc1c149afbf4c8996fb92427ae41e4649b934ca495991b7852b855"},"page":{"url":"http:\/\/ibn-sinaa.com\/product\/%D8%B3%D8%AC%D9%84%D8%A7%D8%AA-%D9%85%D8%A7%D8%AF%D8%A9-%D8%A7%D9%84%D8%AA%D8%B1%D8%A8%D9%8A%D8%A9-%D8%A7%D9%84%D8%A7%D8%B3%D9%84%D8%A7%D9%85%D9%8A%D8%A9\/feed\/"}}]}
 ajax: no
2024-12-29T01:23:56+00:00 DEBUG Tt4b_Mapi_Class::mapi_post: Response: 

HTTP/1.1 200 OK
Server: nginx
Content-Type: application/json
Content-Length: 92
X-Tt-Logid: 20241229012356B0CF1133A8AC00BE3592
x-tt-trace-host: 018e5a586174a888928d793bdac74b79b519a86797e72c2eba011e03e23beee17d1993591dfc48dcfc3b8c12cc342970f39600eb292d36739122228fe1007a9da647675794f65347785244f5c8881a05991d96eef9af77ab4f5a3a1744ef7c14e72e6894f32c730acf2f2b073f11c3d7ca
x-tt-trace-id: 00-241229012356B0CF1133A8AC00BE3592-3CA5303F87B5C35E-00
X-Origin-Response-Time: 29,23.213.246.203
X-Akamai-Request-ID: 7e4a42a0.22d4a5bc
Expires: Sun, 29 Dec 2024 01:23:56 GMT
Cache-Control: max-age=0, no-cache, no-store
Pragma: no-cache
Date: Sun, 29 Dec 2024 01:23:56 GMT
X-Cache: TCP_MISS from a95-101-134-116.deploy.akamaitechnologies.com (AkamaiGHost/11.7.2.1-9611f29bef89eba7b18045b10aa2af98) (-)
Connection: close
X-Cache-Remote: TCP_MISS from a23-213-246-203.deploy.akamaitechnologies.com (AkamaiGHost/11.7.2.1-9611f29bef89eba7b18045b10aa2af98) (-)
x-tt-trace-tag: id=16;cdn-cache=miss;type=dyn
Server-Timing: cdn-cache; desc=MISS, edge; dur=94, origin; dur=28
Server-Timing: inner; dur=24
X-Parent-Response-Time: 122,95.101.134.116

{"code": 0, "message": "OK", "request_id": "20241229012356B0CF1133A8AC00BE3592", "data": {}}
2024-12-29T01:24:45+00:00 DEBUG POST: https://business-api.tiktok.com/open_api/v1.3/event/track/

{"partner_name":"WooCommerce","event_source":"web","event_source_id":"CSM79Q3C77UAG1T340I0","data":[{"event":"Pageview","event_id":"6770a4dd59669_tt4b_woocommerce_670666209cf1f","event_time":1735435485,"user":{"ip":"178.150.14.250","user_agent":"Mozilla\/5.0 (compatible; MJ12bot\/v1.4.8; http:\/\/mj12bot.com\/)","locale":"ar","external_id":"0","email":"e3b0c44298fc1c149afbf4c8996fb92427ae41e4649b934ca495991b7852b855","phone_number":"e3b0c44298fc1c149afbf4c8996fb92427ae41e4649b934ca495991b7852b855","first_name":"e3b0c44298fc1c149afbf4c8996fb92427ae41e4649b934ca495991b7852b855","last_name":"e3b0c44298fc1c149afbf4c8996fb92427ae41e4649b934ca495991b7852b855","zip_code":"e3b0c44298fc1c149afbf4c8996fb92427ae41e4649b934ca495991b7852b855"},"page":{"url":"http:\/\/ibn-sinaa.com\/product\/%D8%B7%D8%A7%D9%88%D9%84%D8%A9-%D8%AF%D8%B9%D8%A7%D8%A6%D9%8A%D8%A9-%D9%85%D9%82%D9%88%D8%B3%D8%A9\/feed\/"}}]}
 ajax: no
2024-12-29T01:24:45+00:00 DEBUG Tt4b_Mapi_Class::mapi_post: Response: 

HTTP/1.1 200 OK
Server: nginx
Content-Type: application/json
Content-Length: 92
X-Tt-Logid: 202412290124457614F629037E308A7169
Server-Timing: inner; dur=26
x-tt-trace-host: 018e5a586174a888928d793bdac74b79b51a437ee89a1c03eb2011d034a2e3e9f5050c6f40bc5b16e32b9df3d47e47d323e5d6c7f8d5b34a8a0ec57d42fdf7b8797cffb6e36f1535b002c28bd9a43f36d6e400addf7f470d52bf89390b784920a9
x-tt-trace-id: 00-2412290124457614F629037E308A7169-008FEBF7776198AA-00
Expires: Sun, 29 Dec 2024 01:24:45 GMT
Cache-Control: max-age=0, no-cache, no-store
Pragma: no-cache
Date: Sun, 29 Dec 2024 01:24:45 GMT
X-Cache: TCP_MISS from a95-101-134-92.deploy.akamaitechnologies.com (AkamaiGHost/11.7.2.1-9611f29bef89eba7b18045b10aa2af98) (-)
Connection: close
x-tt-trace-tag: id=16;cdn-cache=miss;type=dyn
Server-Timing: cdn-cache; desc=MISS, edge; dur=1, origin; dur=106
X-Origin-Response-Time: 106,95.101.134.92
X-Akamai-Request-ID: 568431d

{"code": 0, "message": "OK", "request_id": "202412290124457614F629037E308A7169", "data": {}}
2024-12-29T01:27:02+00:00 DEBUG POST: https://business-api.tiktok.com/open_api/v1.3/event/track/

{"partner_name":"WooCommerce","event_source":"web","event_source_id":"CSM79Q3C77UAG1T340I0","data":[{"event":"Pageview","event_id":"6770a566e4e43_tt4b_woocommerce_670666209cf1f","event_time":1735435622,"user":{"ip":"178.150.14.250","user_agent":"Mozilla\/5.0 (compatible; MJ12bot\/v1.4.8; http:\/\/mj12bot.com\/)","locale":"ar","external_id":"0","email":"e3b0c44298fc1c149afbf4c8996fb92427ae41e4649b934ca495991b7852b855","phone_number":"e3b0c44298fc1c149afbf4c8996fb92427ae41e4649b934ca495991b7852b855","first_name":"e3b0c44298fc1c149afbf4c8996fb92427ae41e4649b934ca495991b7852b855","last_name":"e3b0c44298fc1c149afbf4c8996fb92427ae41e4649b934ca495991b7852b855","zip_code":"e3b0c44298fc1c149afbf4c8996fb92427ae41e4649b934ca495991b7852b855"},"page":{"url":"http:\/\/ibn-sinaa.com\/product\/%D9%81%D9%88%D9%84%D8%AF%D8%B1-2\/feed\/"}}]}
 ajax: no
2024-12-29T01:27:03+00:00 DEBUG Tt4b_Mapi_Class::mapi_post: Response: 

HTTP/1.1 200 OK
Server: nginx
Content-Type: application/json
Content-Length: 92
X-Tt-Logid: 20241229012703CE3C6078AE2895480C34
x-tt-trace-host: 018e5a586174a888928d793bdac74b79b56517d7628cf0ffdff56b078ad2cf561500791e4cd5e18574a8bce0050d22300a4f78447f4f43db5be88ab1c67f5941eb5852e7c9f350b4fcc1822a6fa8a1da7b86ebbbb204bdbc54f53920a92e12bd812e90a60966dc2886e034b12c5ceb827f
x-tt-trace-id: 00-241229012703CE3C6078AE2895480C34-072BE5133E7C5FD7-00
X-Origin-Response-Time: 32,23.32.17.29
X-Akamai-Request-ID: 29f0e3ac.56bf502
Expires: Sun, 29 Dec 2024 01:27:03 GMT
Cache-Control: max-age=0, no-cache, no-store
Pragma: no-cache
Date: Sun, 29 Dec 2024 01:27:03 GMT
X-Cache: TCP_MISS from a95-101-134-92.deploy.akamaitechnologies.com (AkamaiGHost/11.7.2.1-9611f29bef89eba7b18045b10aa2af98) (-)
Connection: close
X-Cache-Remote: TCP_MISS from a23-32-17-29.deploy.akamaitechnologies.com (AkamaiGHost/11.7.2.1-9611f29bef89eba7b18045b10aa2af98) (-)
x-tt-trace-tag: id=16;cdn-cache=miss;type=dyn
Server-Timing: cdn-cache; desc=MISS, edge; dur=86, origin; dur=32
Server-Timing: inner; dur=28
X-Parent-Response-Time: 118,95.101.134.92

{"code": 0, "message": "OK", "request_id": "20241229012703CE3C6078AE2895480C34", "data": {}}
2024-12-29T01:27:07+00:00 DEBUG POST: https://business-api.tiktok.com/open_api/v1.3/event/track/

{"partner_name":"WooCommerce","event_source":"web","event_source_id":"CSM79Q3C77UAG1T340I0","data":[{"event":"Pageview","event_id":"6770a56be29c0_tt4b_woocommerce_670666209cf1f","event_time":1735435627,"user":{"ip":"178.150.14.250","user_agent":"Mozilla\/5.0 (compatible; MJ12bot\/v1.4.8; http:\/\/mj12bot.com\/)","locale":"ar","external_id":"0","email":"e3b0c44298fc1c149afbf4c8996fb92427ae41e4649b934ca495991b7852b855","phone_number":"e3b0c44298fc1c149afbf4c8996fb92427ae41e4649b934ca495991b7852b855","first_name":"e3b0c44298fc1c149afbf4c8996fb92427ae41e4649b934ca495991b7852b855","last_name":"e3b0c44298fc1c149afbf4c8996fb92427ae41e4649b934ca495991b7852b855","zip_code":"e3b0c44298fc1c149afbf4c8996fb92427ae41e4649b934ca495991b7852b855"},"page":{"url":"http:\/\/ibn-sinaa.com\/product\/%D9%81%D9%88%D9%84%D8%AF%D8%B1\/feed\/"}}]}
 ajax: no
2024-12-29T01:27:08+00:00 DEBUG Tt4b_Mapi_Class::mapi_post: Response: 

HTTP/1.1 200 OK
Server: nginx
Content-Type: application/json
Content-Length: 92
X-Tt-Logid: 20241229012708F8B64A9ECB290A87315C
x-tt-trace-host: 018e5a586174a888928d793bdac74b79b56517d7628cf0ffdff56b078ad2cf561506587938093cd8afaf943fcd880d3e14897d5ab8dcde36c605355a36a2d23933493cd00f1193e72ff3259bfd40dd84e02ecbbb6bc6e5e7f4f0ff992e4aad2562f99b04d0b16f1bee11ff7113c65ff42a
x-tt-trace-id: 00-241229012708F8B64A9ECB290A87315C-5D4B80BB76382628-00
X-Origin-Response-Time: 45,23.218.219.44
X-Akamai-Request-ID: 46465954.56c1865
Expires: Sun, 29 Dec 2024 01:27:08 GMT
Cache-Control: max-age=0, no-cache, no-store
Pragma: no-cache
Date: Sun, 29 Dec 2024 01:27:08 GMT
X-Cache: TCP_MISS from a95-101-134-92.deploy.akamaitechnologies.com (AkamaiGHost/11.7.2.1-9611f29bef89eba7b18045b10aa2af98) (-)
Connection: close
X-Cache-Remote: TCP_MISS from a23-218-219-44.deploy.akamaitechnologies.com (AkamaiGHost/11.7.2.1-9611f29bef89eba7b18045b10aa2af98) (-)
x-tt-trace-tag: id=16;cdn-cache=miss;type=dyn
Server-Timing: cdn-cache; desc=MISS, edge; dur=80, origin; dur=45
Server-Timing: inner; dur=39
X-Parent-Response-Time: 125,95.101.134.92

{"code": 0, "message": "OK", "request_id": "20241229012708F8B64A9ECB290A87315C", "data": {}}
2024-12-29T01:29:31+00:00 DEBUG POST: https://business-api.tiktok.com/open_api/v1.3/event/track/

{"partner_name":"WooCommerce","event_source":"web","event_source_id":"CSM79Q3C77UAG1T340I0","data":[{"event":"Pageview","event_id":"6770a5fb08a58_tt4b_woocommerce_670666209cf1f","event_time":1735435771,"user":{"ip":"178.150.14.250","user_agent":"Mozilla\/5.0 (compatible; MJ12bot\/v1.4.8; http:\/\/mj12bot.com\/)","locale":"ar","external_id":"0","email":"e3b0c44298fc1c149afbf4c8996fb92427ae41e4649b934ca495991b7852b855","phone_number":"e3b0c44298fc1c149afbf4c8996fb92427ae41e4649b934ca495991b7852b855","first_name":"e3b0c44298fc1c149afbf4c8996fb92427ae41e4649b934ca495991b7852b855","last_name":"e3b0c44298fc1c149afbf4c8996fb92427ae41e4649b934ca495991b7852b855","zip_code":"e3b0c44298fc1c149afbf4c8996fb92427ae41e4649b934ca495991b7852b855"},"page":{"url":"http:\/\/ibn-sinaa.com\/product\/%D9%83%D8%B1%D9%88%D8%AA-%D8%A8%D8%B5%D9%85%D8%A9\/feed\/"}}]}
 ajax: no
2024-12-29T01:29:31+00:00 DEBUG Tt4b_Mapi_Class::mapi_post: Response: 

HTTP/1.1 200 OK
Server: nginx
Content-Type: application/json
Content-Length: 92
X-Tt-Logid: 2024122901293136E93D3CAC6E14A692EE
x-tt-trace-host: 018e5a586174a888928d793bdac74b79b519a86797e72c2eba011e03e23beee17ddb7f2a2bc17477f449bfa05f0ae2fe0951b7e2a5d4c56c4c07ff9a4e2efa6946201950504711c7373e34930e5823583ed3c6a1bffed58d325538d2c12cc22fd40d86fff5da9ed9a602b227db6c129143
x-tt-trace-id: 00-24122901293136E93D3CAC6E14A692EE-0F24764963359A26-00
X-Origin-Response-Time: 41,23.218.219.59
X-Akamai-Request-ID: 5aa5cdab.22da394b
Expires: Sun, 29 Dec 2024 01:29:31 GMT
Cache-Control: max-age=0, no-cache, no-store
Pragma: no-cache
Date: Sun, 29 Dec 2024 01:29:31 GMT
X-Cache: TCP_MISS from a95-101-134-116.deploy.akamaitechnologies.com (AkamaiGHost/11.7.2.1-9611f29bef89eba7b18045b10aa2af98) (-)
Connection: close
X-Cache-Remote: TCP_MISS from a23-218-219-59.deploy.akamaitechnologies.com (AkamaiGHost/11.7.2.1-9611f29bef89eba7b18045b10aa2af98) (-)
x-tt-trace-tag: id=16;cdn-cache=miss;type=dyn
Server-Timing: cdn-cache; desc=MISS, edge; dur=85, origin; dur=41
Server-Timing: inner; dur=37
X-Parent-Response-Time: 126,95.101.134.116

{"code": 0, "message": "OK", "request_id": "2024122901293136E93D3CAC6E14A692EE", "data": {}}
2024-12-29T01:30:20+00:00 DEBUG POST: https://business-api.tiktok.com/open_api/v1.3/event/track/

{"partner_name":"WooCommerce","event_source":"web","event_source_id":"CSM79Q3C77UAG1T340I0","data":[{"event":"Pageview","event_id":"6770a62c46556_tt4b_woocommerce_670666209cf1f","event_time":1735435820,"user":{"ip":"178.150.14.250","user_agent":"Mozilla\/5.0 (compatible; MJ12bot\/v1.4.8; http:\/\/mj12bot.com\/)","locale":"ar","external_id":"0","email":"e3b0c44298fc1c149afbf4c8996fb92427ae41e4649b934ca495991b7852b855","phone_number":"e3b0c44298fc1c149afbf4c8996fb92427ae41e4649b934ca495991b7852b855","first_name":"e3b0c44298fc1c149afbf4c8996fb92427ae41e4649b934ca495991b7852b855","last_name":"e3b0c44298fc1c149afbf4c8996fb92427ae41e4649b934ca495991b7852b855","zip_code":"e3b0c44298fc1c149afbf4c8996fb92427ae41e4649b934ca495991b7852b855"},"page":{"url":"http:\/\/ibn-sinaa.com\/product\/%D9%83%D8%B1%D9%88%D8%AA-%D8%A8%D9%84%D8%A7%D8%B3%D8%AA%D9%8A%D9%83\/feed\/"}}]}
 ajax: no
2024-12-29T01:30:20+00:00 DEBUG Tt4b_Mapi_Class::mapi_post: Response: 

HTTP/1.1 200 OK
Server: nginx
Content-Type: application/json
Content-Length: 92
X-Tt-Logid: 2024122901302022E9B8FF1AC72913112C
Server-Timing: inner; dur=30
x-tt-trace-host: 018e5a586174a888928d793bdac74b79b51a437ee89a1c03eb2011d034a2e3e9f51c27d037bc89b665d8b9d293fd1e07f28cc333d7a24cdc38f80aacb5cfc84ffcce6070f0b29caf8c295e0b406d098ab0947e779f0472a4c3c107d124ffaa1b0e
x-tt-trace-id: 00-24122901302022E9B8FF1AC72913112C-2B30A0B38064C02A-00
Expires: Sun, 29 Dec 2024 01:30:20 GMT
Cache-Control: max-age=0, no-cache, no-store
Pragma: no-cache
Date: Sun, 29 Dec 2024 01:30:20 GMT
X-Cache: TCP_MISS from a95-101-134-92.deploy.akamaitechnologies.com (AkamaiGHost/11.7.2.1-9611f29bef89eba7b18045b10aa2af98) (-)
Connection: close
x-tt-trace-tag: id=16;cdn-cache=miss;type=dyn
Server-Timing: cdn-cache; desc=MISS, edge; dur=0, origin; dur=109
X-Origin-Response-Time: 109,95.101.134.92
X-Akamai-Request-ID: 5712aff

{"code": 0, "message": "OK", "request_id": "2024122901302022E9B8FF1AC72913112C", "data": {}}
2024-12-29T01:34:00+00:00 DEBUG POST: https://business-api.tiktok.com/open_api/v1.3/event/track/

{"partner_name":"WooCommerce","event_source":"web","event_source_id":"CSM79Q3C77UAG1T340I0","data":[{"event":"Pageview","event_id":"6770a70843d7b_tt4b_woocommerce_670666209cf1f","event_time":1735436040,"user":{"ip":"178.150.14.250","user_agent":"Mozilla\/5.0 (compatible; MJ12bot\/v1.4.8; http:\/\/mj12bot.com\/)","locale":"ar","external_id":"0","email":"e3b0c44298fc1c149afbf4c8996fb92427ae41e4649b934ca495991b7852b855","phone_number":"e3b0c44298fc1c149afbf4c8996fb92427ae41e4649b934ca495991b7852b855","first_name":"e3b0c44298fc1c149afbf4c8996fb92427ae41e4649b934ca495991b7852b855","last_name":"e3b0c44298fc1c149afbf4c8996fb92427ae41e4649b934ca495991b7852b855","zip_code":"e3b0c44298fc1c149afbf4c8996fb92427ae41e4649b934ca495991b7852b855"},"page":{"url":"http:\/\/ibn-sinaa.com\/product\/%D9%83%D8%B1%D9%88%D8%AA-%D8%B4%D8%AE%D8%B5%D9%8A%D8%A9-%D9%82%D8%B5-%D9%83%D9%8A%D8%B1%D9%81%D9%8A\/feed\/"}}]}
 ajax: no
2024-12-29T01:34:00+00:00 DEBUG Tt4b_Mapi_Class::mapi_post: Response: 

HTTP/1.1 200 OK
Server: nginx
Content-Type: application/json
Content-Length: 92
X-Tt-Logid: 20241229013400B00C183B775D907EF102
Server-Timing: inner; dur=108
x-tt-trace-host: 018e5a586174a888928d793bdac74b79b520593bf434961dbceff88e4b17f9a156db83f7af26d6309c1e128dcd614c6847fbe58d1697009da9e96c5ae4d77a0c632dcbc7c3d37e8476797b0d0b0ba5ceb165435632a772beebf8839edc040b7120
x-tt-trace-id: 00-241229013400B00C183B775D907EF102-7BF62F4C398D2F02-00
Expires: Sun, 29 Dec 2024 01:34:00 GMT
Cache-Control: max-age=0, no-cache, no-store
Pragma: no-cache
Date: Sun, 29 Dec 2024 01:34:00 GMT
X-Cache: TCP_MISS from a95-101-134-116.deploy.akamaitechnologies.com (AkamaiGHost/11.7.2.1-9611f29bef89eba7b18045b10aa2af98) (-)
Connection: close
x-tt-trace-tag: id=16;cdn-cache=miss;type=dyn
Server-Timing: cdn-cache; desc=MISS, edge; dur=0, origin; dur=191
X-Origin-Response-Time: 191,95.101.134.116
X-Akamai-Request-ID: 22de9c4e

{"code": 0, "message": "OK", "request_id": "20241229013400B00C183B775D907EF102", "data": {}}
2024-12-29T01:34:11+00:00 DEBUG POST: https://business-api.tiktok.com/open_api/v1.3/event/track/

{"partner_name":"WooCommerce","event_source":"web","event_source_id":"CSM79Q3C77UAG1T340I0","data":[{"event":"Pageview","event_id":"6770a7134773b_tt4b_woocommerce_670666209cf1f","event_time":1735436051,"user":{"ip":"178.150.14.250","user_agent":"Mozilla\/5.0 (compatible; MJ12bot\/v1.4.8; http:\/\/mj12bot.com\/)","locale":"ar","external_id":"0","email":"e3b0c44298fc1c149afbf4c8996fb92427ae41e4649b934ca495991b7852b855","phone_number":"e3b0c44298fc1c149afbf4c8996fb92427ae41e4649b934ca495991b7852b855","first_name":"e3b0c44298fc1c149afbf4c8996fb92427ae41e4649b934ca495991b7852b855","last_name":"e3b0c44298fc1c149afbf4c8996fb92427ae41e4649b934ca495991b7852b855","zip_code":"e3b0c44298fc1c149afbf4c8996fb92427ae41e4649b934ca495991b7852b855"},"page":{"url":"http:\/\/www.ibn-sinaa.com\/tag\/%D8%A7%D9%84%D9%88%D8%B5%D9%81\/feed\/"}}]}
 ajax: no
2024-12-29T01:34:11+00:00 DEBUG Tt4b_Mapi_Class::mapi_post: Response: 

HTTP/1.1 200 OK
Server: nginx
Content-Type: application/json
Content-Length: 92
X-Tt-Logid: 2024122901341163487ECE70CACB02576C
Server-Timing: inner; dur=41
x-tt-trace-host: 018e5a586174a888928d793bdac74b79b51a437ee89a1c03eb2011d034a2e3e9f5287b2ccb55a39056eac292f5ccf4839112f5d5b5da8b2de9b3522aae286d3a3723992f080e329a7d26fe1ad836a6c630198c7239d79b319594b83e33bcfc2461
x-tt-trace-id: 00-24122901341163487ECE70CACB02576C-63C8790B47569E81-00
Expires: Sun, 29 Dec 2024 01:34:11 GMT
Cache-Control: max-age=0, no-cache, no-store
Pragma: no-cache
Date: Sun, 29 Dec 2024 01:34:11 GMT
X-Cache: TCP_MISS from a95-101-134-92.deploy.akamaitechnologies.com (AkamaiGHost/11.7.2.1-9611f29bef89eba7b18045b10aa2af98) (-)
Connection: close
x-tt-trace-tag: id=16;cdn-cache=miss;type=dyn
Server-Timing: cdn-cache; desc=MISS, edge; dur=1, origin; dur=121
X-Origin-Response-Time: 121,95.101.134.92
X-Akamai-Request-ID: 5772ef7

{"code": 0, "message": "OK", "request_id": "2024122901341163487ECE70CACB02576C", "data": {}}
2024-12-29T01:34:30+00:00 DEBUG POST: https://business-api.tiktok.com/open_api/v1.3/event/track/

{"partner_name":"WooCommerce","event_source":"web","event_source_id":"CSM79Q3C77UAG1T340I0","data":[{"event":"Pageview","event_id":"6770a726b46c5_tt4b_woocommerce_670666209cf1f","event_time":1735436070,"user":{"ip":"178.150.14.250","user_agent":"Mozilla\/5.0 (compatible; MJ12bot\/v1.4.8; http:\/\/mj12bot.com\/)","locale":"ar","external_id":"0","email":"e3b0c44298fc1c149afbf4c8996fb92427ae41e4649b934ca495991b7852b855","phone_number":"e3b0c44298fc1c149afbf4c8996fb92427ae41e4649b934ca495991b7852b855","first_name":"e3b0c44298fc1c149afbf4c8996fb92427ae41e4649b934ca495991b7852b855","last_name":"e3b0c44298fc1c149afbf4c8996fb92427ae41e4649b934ca495991b7852b855","zip_code":"e3b0c44298fc1c149afbf4c8996fb92427ae41e4649b934ca495991b7852b855"},"page":{"url":"http:\/\/www.ibn-sinaa.com\/"}}]}
 ajax: no
2024-12-29T01:34:30+00:00 DEBUG Tt4b_Mapi_Class::mapi_post: Response: 

HTTP/1.1 200 OK
Server: nginx
Content-Type: application/json
Content-Length: 92
X-Tt-Logid: 20241229013430B00C183B775D907EF800
Server-Timing: inner; dur=40
x-tt-trace-host: 018e5a586174a888928d793bdac74b79b520593bf434961dbceff88e4b17f9a156db83f7af26d6309c1e128dcd614c6847aa17524045afa2c5bdfa83242e1f283906c59a90f7d270706e1c10facec282b6e0cc3dc1f4c59eda03682818fb12ef64
x-tt-trace-id: 00-241229013430B00C183B775D907EF800-512136A162FCC981-00
Expires: Sun, 29 Dec 2024 01:34:30 GMT
Cache-Control: max-age=0, no-cache, no-store
Pragma: no-cache
Date: Sun, 29 Dec 2024 01:34:30 GMT
X-Cache: TCP_MISS from a95-101-134-116.deploy.akamaitechnologies.com (AkamaiGHost/11.7.2.1-9611f29bef89eba7b18045b10aa2af98) (-)
Connection: close
x-tt-trace-tag: id=16;cdn-cache=miss;type=dyn
Server-Timing: cdn-cache; desc=MISS, edge; dur=0, origin; dur=123
X-Origin-Response-Time: 123,95.101.134.116
X-Akamai-Request-ID: 22df131d

{"code": 0, "message": "OK", "request_id": "20241229013430B00C183B775D907EF800", "data": {}}
2024-12-29T01:34:35+00:00 DEBUG POST: https://business-api.tiktok.com/open_api/v1.3/event/track/

{"partner_name":"WooCommerce","event_source":"web","event_source_id":"CSM79Q3C77UAG1T340I0","data":[{"event":"Pageview","event_id":"6770a72b772ff_tt4b_woocommerce_670666209cf1f","event_time":1735436075,"user":{"ip":"178.150.14.250","user_agent":"Mozilla\/5.0 (compatible; MJ12bot\/v1.4.8; http:\/\/mj12bot.com\/)","locale":"ar","external_id":"0","email":"e3b0c44298fc1c149afbf4c8996fb92427ae41e4649b934ca495991b7852b855","phone_number":"e3b0c44298fc1c149afbf4c8996fb92427ae41e4649b934ca495991b7852b855","first_name":"e3b0c44298fc1c149afbf4c8996fb92427ae41e4649b934ca495991b7852b855","last_name":"e3b0c44298fc1c149afbf4c8996fb92427ae41e4649b934ca495991b7852b855","zip_code":"e3b0c44298fc1c149afbf4c8996fb92427ae41e4649b934ca495991b7852b855"},"page":{"url":"http:\/\/www.ibn-sinaa.com\/tag\/%D9%84%D9%88%D8%B1%D9%8A%D9%85-%D8%A7%D9%8A%D8%A8%D8%B3%D9%88%D9%85\/"}}]}
 ajax: no
2024-12-29T01:34:35+00:00 DEBUG Tt4b_Mapi_Class::mapi_post: Response: 

HTTP/1.1 200 OK
Server: nginx
Content-Type: application/json
Content-Length: 92
X-Tt-Logid: 202412290134354034541156B3A36230FB
Server-Timing: inner; dur=27
x-tt-trace-host: 018e5a586174a888928d793bdac74b79b51a437ee89a1c03eb2011d034a2e3e9f5800c93c2019f82c29a21fc485d68f0a7f37feeb850296df43c9cc090ae7f2a3006959944caafe36f52aad4e1b27c52972009fedf3f294bd2e8545424e334e593
x-tt-trace-id: 00-2412290134354034541156B3A36230FB-4D477F49242E0710-00
Expires: Sun, 29 Dec 2024 01:34:35 GMT
Cache-Control: max-age=0, no-cache, no-store
Pragma: no-cache
Date: Sun, 29 Dec 2024 01:34:35 GMT
X-Cache: TCP_MISS from a95-101-134-92.deploy.akamaitechnologies.com (AkamaiGHost/11.7.2.1-9611f29bef89eba7b18045b10aa2af98) (-)
Connection: close
x-tt-trace-tag: id=16;cdn-cache=miss;type=dyn
Server-Timing: cdn-cache; desc=MISS, edge; dur=2, origin; dur=110
X-Origin-Response-Time: 110,95.101.134.92
X-Akamai-Request-ID: 577ce1f

{"code": 0, "message": "OK", "request_id": "202412290134354034541156B3A36230FB", "data": {}}
2024-12-29T01:34:39+00:00 DEBUG POST: https://business-api.tiktok.com/open_api/v1.3/event/track/

{"partner_name":"WooCommerce","event_source":"web","event_source_id":"CSM79Q3C77UAG1T340I0","data":[{"event":"Pageview","event_id":"6770a72ff1ba1_tt4b_woocommerce_670666209cf1f","event_time":1735436079,"user":{"ip":"178.150.14.250","user_agent":"Mozilla\/5.0 (compatible; MJ12bot\/v1.4.8; http:\/\/mj12bot.com\/)","locale":"ar","external_id":"0","email":"e3b0c44298fc1c149afbf4c8996fb92427ae41e4649b934ca495991b7852b855","phone_number":"e3b0c44298fc1c149afbf4c8996fb92427ae41e4649b934ca495991b7852b855","first_name":"e3b0c44298fc1c149afbf4c8996fb92427ae41e4649b934ca495991b7852b855","last_name":"e3b0c44298fc1c149afbf4c8996fb92427ae41e4649b934ca495991b7852b855","zip_code":"e3b0c44298fc1c149afbf4c8996fb92427ae41e4649b934ca495991b7852b855"},"page":{"url":"http:\/\/www.ibn-sinaa.com\/tag\/%D9%84%D9%88%D8%B1%D9%8A%D9%85-%D8%A7%D9%8A%D8%A8%D8%B3%D9%88%D9%85\/feed\/"}}]}
 ajax: no
2024-12-29T01:34:40+00:00 DEBUG Tt4b_Mapi_Class::mapi_post: Response: 

HTTP/1.1 200 OK
Server: nginx
Content-Type: application/json
Content-Length: 92
X-Tt-Logid: 20241229013440B06223FC568AF683EB49
Server-Timing: inner; dur=36
x-tt-trace-host: 018e5a586174a888928d793bdac74b79b51a437ee89a1c03eb2011d034a2e3e9f5720716f9cdc8b4792647be35a1e2510f7482a49c5688aea66b030535819a2073e21537526821f74f1c49676df417f414cdbc740f59519cab97a6818bfec35232
x-tt-trace-id: 00-241229013440B06223FC568AF683EB49-4309796949516C30-00
Expires: Sun, 29 Dec 2024 01:34:40 GMT
Cache-Control: max-age=0, no-cache, no-store
Pragma: no-cache
Date: Sun, 29 Dec 2024 01:34:40 GMT
X-Cache: TCP_MISS from a95-101-134-92.deploy.akamaitechnologies.com (AkamaiGHost/11.7.2.1-9611f29bef89eba7b18045b10aa2af98) (-)
Connection: close
x-tt-trace-tag: id=16;cdn-cache=miss;type=dyn
Server-Timing: cdn-cache; desc=MISS, edge; dur=1, origin; dur=116
X-Origin-Response-Time: 117,95.101.134.92
X-Akamai-Request-ID: 577eca4

{"code": 0, "message": "OK", "request_id": "20241229013440B06223FC568AF683EB49", "data": {}}
2024-12-29T01:34:44+00:00 DEBUG POST: https://business-api.tiktok.com/open_api/v1.3/event/track/

{"partner_name":"WooCommerce","event_source":"web","event_source_id":"CSM79Q3C77UAG1T340I0","data":[{"event":"Pageview","event_id":"6770a734d6340_tt4b_woocommerce_670666209cf1f","event_time":1735436084,"user":{"ip":"178.150.14.250","user_agent":"Mozilla\/5.0 (compatible; MJ12bot\/v1.4.8; http:\/\/mj12bot.com\/)","locale":"ar","external_id":"0","email":"e3b0c44298fc1c149afbf4c8996fb92427ae41e4649b934ca495991b7852b855","phone_number":"e3b0c44298fc1c149afbf4c8996fb92427ae41e4649b934ca495991b7852b855","first_name":"e3b0c44298fc1c149afbf4c8996fb92427ae41e4649b934ca495991b7852b855","last_name":"e3b0c44298fc1c149afbf4c8996fb92427ae41e4649b934ca495991b7852b855","zip_code":"e3b0c44298fc1c149afbf4c8996fb92427ae41e4649b934ca495991b7852b855"},"page":{"url":"http:\/\/www.ibn-sinaa.com\/tag\/%D9%84%D9%88%D8%B1%D9%8A%D9%85\/feed\/"}}]}
 ajax: no
2024-12-29T01:34:45+00:00 DEBUG Tt4b_Mapi_Class::mapi_post: Response: 

HTTP/1.1 200 OK
Server: nginx
Content-Type: application/json
Content-Length: 92
X-Tt-Logid: 202412290134447F219B0DC8317B0CF753
Server-Timing: inner; dur=22
x-tt-trace-host: 018e5a586174a888928d793bdac74b79b51a437ee89a1c03eb2011d034a2e3e9f506bf311234603d00fe31ea519683301aef34cfc835d097157704adecbe62f7b5308a2f9568835ad33b3adb93349076654c45fcb32f449272fc664af6468aecb6
x-tt-trace-id: 00-2412290134447F219B0DC8317B0CF753-48189AD6119513C8-00
Expires: Sun, 29 Dec 2024 01:34:45 GMT
Cache-Control: max-age=0, no-cache, no-store
Pragma: no-cache
Date: Sun, 29 Dec 2024 01:34:45 GMT
X-Cache: TCP_MISS from a95-101-134-92.deploy.akamaitechnologies.com (AkamaiGHost/11.7.2.1-9611f29bef89eba7b18045b10aa2af98) (-)
Connection: close
x-tt-trace-tag: id=16;cdn-cache=miss;type=dyn
Server-Timing: cdn-cache; desc=MISS, edge; dur=1, origin; dur=105
X-Origin-Response-Time: 106,95.101.134.92
X-Akamai-Request-ID: 5780cdf

{"code": 0, "message": "OK", "request_id": "202412290134447F219B0DC8317B0CF753", "data": {}}
2024-12-29T01:34:52+00:00 DEBUG POST: https://business-api.tiktok.com/open_api/v1.3/event/track/

{"partner_name":"WooCommerce","event_source":"web","event_source_id":"CSM79Q3C77UAG1T340I0","data":[{"event":"Pageview","event_id":"6770a73c3fb9d_tt4b_woocommerce_670666209cf1f","event_time":1735436092,"user":{"ip":"178.150.14.250","user_agent":"Mozilla\/5.0 (compatible; MJ12bot\/v1.4.8; http:\/\/mj12bot.com\/)","locale":"ar","external_id":"0","email":"e3b0c44298fc1c149afbf4c8996fb92427ae41e4649b934ca495991b7852b855","phone_number":"e3b0c44298fc1c149afbf4c8996fb92427ae41e4649b934ca495991b7852b855","first_name":"e3b0c44298fc1c149afbf4c8996fb92427ae41e4649b934ca495991b7852b855","last_name":"e3b0c44298fc1c149afbf4c8996fb92427ae41e4649b934ca495991b7852b855","zip_code":"e3b0c44298fc1c149afbf4c8996fb92427ae41e4649b934ca495991b7852b855"},"page":{"url":"http:\/\/www.ibn-sinaa.com\/"}}]}
 ajax: no
2024-12-29T01:34:52+00:00 DEBUG Tt4b_Mapi_Class::mapi_post: Response: 

HTTP/1.1 200 OK
Server: nginx
Content-Type: application/json
Content-Length: 92
X-Tt-Logid: 20241229013452306AABDB8BAE07835553
Server-Timing: inner; dur=45
x-tt-trace-host: 018e5a586174a888928d793bdac74b79b520593bf434961dbceff88e4b17f9a156db83f7af26d6309c1e128dcd614c684790341195926d8963c484030e4115629318b84c79233d691e1e980ab209b633a0fc6285c8229d865c4366fd48399f860b
x-tt-trace-id: 00-241229013452306AABDB8BAE07835553-69140AA545A80E20-00
Expires: Sun, 29 Dec 2024 01:34:52 GMT
Cache-Control: max-age=0, no-cache, no-store
Pragma: no-cache
Date: Sun, 29 Dec 2024 01:34:52 GMT
X-Cache: TCP_MISS from a95-101-134-116.deploy.akamaitechnologies.com (AkamaiGHost/11.7.2.1-9611f29bef89eba7b18045b10aa2af98) (-)
Connection: close
x-tt-trace-tag: id=16;cdn-cache=miss;type=dyn
Server-Timing: cdn-cache; desc=MISS, edge; dur=0, origin; dur=128
X-Origin-Response-Time: 128,95.101.134.116
X-Akamai-Request-ID: 22df6c93

{"code": 0, "message": "OK", "request_id": "20241229013452306AABDB8BAE07835553", "data": {}}
2024-12-29T01:34:57+00:00 DEBUG POST: https://business-api.tiktok.com/open_api/v1.3/event/track/

{"partner_name":"WooCommerce","event_source":"web","event_source_id":"CSM79Q3C77UAG1T340I0","data":[{"event":"Pageview","event_id":"6770a741264ab_tt4b_woocommerce_670666209cf1f","event_time":1735436097,"user":{"ip":"178.150.14.250","user_agent":"Mozilla\/5.0 (compatible; MJ12bot\/v1.4.8; http:\/\/mj12bot.com\/)","locale":"ar","external_id":"0","email":"e3b0c44298fc1c149afbf4c8996fb92427ae41e4649b934ca495991b7852b855","phone_number":"e3b0c44298fc1c149afbf4c8996fb92427ae41e4649b934ca495991b7852b855","first_name":"e3b0c44298fc1c149afbf4c8996fb92427ae41e4649b934ca495991b7852b855","last_name":"e3b0c44298fc1c149afbf4c8996fb92427ae41e4649b934ca495991b7852b855","zip_code":"e3b0c44298fc1c149afbf4c8996fb92427ae41e4649b934ca495991b7852b855"},"page":{"url":"http:\/\/www.ibn-sinaa.com\/tag\/%D9%85%D9%88%D8%A7%D9%82%D8%B9-%D8%A7%D9%86%D8%AA%D8%B1%D9%86%D8%AA\/feed\/"}}]}
 ajax: no
2024-12-29T01:34:57+00:00 DEBUG Tt4b_Mapi_Class::mapi_post: Response: 

HTTP/1.1 200 OK
Server: nginx
Content-Type: application/json
Content-Length: 92
X-Tt-Logid: 20241229013457306AABDB8BAE078356C3
Server-Timing: inner; dur=29
x-tt-trace-host: 018e5a586174a888928d793bdac74b79b520593bf434961dbceff88e4b17f9a156db83f7af26d6309c1e128dcd614c6847f08ab96d23d1bff9d4aa7f05b04954618f54494c0390595e506a9e50cb523afe7d75f7fcfc6fbaea9ab6d17c9267c140
x-tt-trace-id: 00-241229013457306AABDB8BAE078356C3-200A38A724BB2BA3-00
Expires: Sun, 29 Dec 2024 01:34:57 GMT
Cache-Control: max-age=0, no-cache, no-store
Pragma: no-cache
Date: Sun, 29 Dec 2024 01:34:57 GMT
X-Cache: TCP_MISS from a95-101-134-116.deploy.akamaitechnologies.com (AkamaiGHost/11.7.2.1-9611f29bef89eba7b18045b10aa2af98) (-)
Connection: close
x-tt-trace-tag: id=16;cdn-cache=miss;type=dyn
Server-Timing: cdn-cache; desc=MISS, edge; dur=0, origin; dur=112
X-Origin-Response-Time: 112,95.101.134.116
X-Akamai-Request-ID: 22df810b

{"code": 0, "message": "OK", "request_id": "20241229013457306AABDB8BAE078356C3", "data": {}}
2024-12-29T01:35:01+00:00 DEBUG POST: https://business-api.tiktok.com/open_api/v1.3/event/track/

{"partner_name":"WooCommerce","event_source":"web","event_source_id":"CSM79Q3C77UAG1T340I0","data":[{"event":"Pageview","event_id":"6770a7458d250_tt4b_woocommerce_670666209cf1f","event_time":1735436101,"user":{"ip":"178.150.14.250","user_agent":"Mozilla\/5.0 (compatible; MJ12bot\/v1.4.8; http:\/\/mj12bot.com\/)","locale":"ar","external_id":"0","email":"e3b0c44298fc1c149afbf4c8996fb92427ae41e4649b934ca495991b7852b855","phone_number":"e3b0c44298fc1c149afbf4c8996fb92427ae41e4649b934ca495991b7852b855","first_name":"e3b0c44298fc1c149afbf4c8996fb92427ae41e4649b934ca495991b7852b855","last_name":"e3b0c44298fc1c149afbf4c8996fb92427ae41e4649b934ca495991b7852b855","zip_code":"e3b0c44298fc1c149afbf4c8996fb92427ae41e4649b934ca495991b7852b855"},"page":{"url":"http:\/\/www.ibn-sinaa.com\/tag\/%D9%85%D9%88%D8%A7%D9%82%D8%B9\/feed\/"}}]}
 ajax: no
2024-12-29T01:35:01+00:00 DEBUG Tt4b_Mapi_Class::mapi_post: Response: 

HTTP/1.1 200 OK
Server: nginx
Content-Type: application/json
Content-Length: 92
X-Tt-Logid: 20241229013501AB4AFD4790BF9D8531B7
Server-Timing: inner; dur=33
x-tt-trace-host: 018e5a586174a888928d793bdac74b79b520593bf434961dbceff88e4b17f9a15659d082bd812a5fcd5785c9f078fbf71b71738b3c1ef8bfe714cc348ca73abb92e0f413afaf8be34fcf99973ef2ffafea5f8a7552d799b3e6d0a53ba9451da980
x-tt-trace-id: 00-241229013501AB4AFD4790BF9D8531B7-53BD2CEB5719714D-00
Expires: Sun, 29 Dec 2024 01:35:01 GMT
Cache-Control: max-age=0, no-cache, no-store
Pragma: no-cache
Date: Sun, 29 Dec 2024 01:35:01 GMT
X-Cache: TCP_MISS from a95-101-134-116.deploy.akamaitechnologies.com (AkamaiGHost/11.7.2.1-9611f29bef89eba7b18045b10aa2af98) (-)
Connection: close
x-tt-trace-tag: id=16;cdn-cache=miss;type=dyn
Server-Timing: cdn-cache; desc=MISS, edge; dur=1, origin; dur=115
X-Origin-Response-Time: 116,95.101.134.116
X-Akamai-Request-ID: 22df935d

{"code": 0, "message": "OK", "request_id": "20241229013501AB4AFD4790BF9D8531B7", "data": {}}
2024-12-29T01:35:07+00:00 DEBUG POST: https://business-api.tiktok.com/open_api/v1.3/event/track/

{"partner_name":"WooCommerce","event_source":"web","event_source_id":"CSM79Q3C77UAG1T340I0","data":[{"event":"Pageview","event_id":"6770a74b15a7d_tt4b_woocommerce_670666209cf1f","event_time":1735436107,"user":{"ip":"178.150.14.250","user_agent":"Mozilla\/5.0 (compatible; MJ12bot\/v1.4.8; http:\/\/mj12bot.com\/)","locale":"ar","external_id":"0","email":"e3b0c44298fc1c149afbf4c8996fb92427ae41e4649b934ca495991b7852b855","phone_number":"e3b0c44298fc1c149afbf4c8996fb92427ae41e4649b934ca495991b7852b855","first_name":"e3b0c44298fc1c149afbf4c8996fb92427ae41e4649b934ca495991b7852b855","last_name":"e3b0c44298fc1c149afbf4c8996fb92427ae41e4649b934ca495991b7852b855","zip_code":"e3b0c44298fc1c149afbf4c8996fb92427ae41e4649b934ca495991b7852b855"},"page":{"url":"http:\/\/www.ibn-sinaa.com\/tag\/%D9%85%DA%A9%D8%AA%D9%88%D8%A8\/"}}]}
 ajax: no
2024-12-29T01:35:07+00:00 DEBUG Tt4b_Mapi_Class::mapi_post: Response: 

HTTP/1.1 200 OK
Server: nginx
Content-Type: application/json
Content-Length: 92
X-Tt-Logid: 20241229013507E89A9C6B1CAA7250BE14
x-tt-trace-host: 018e5a586174a888928d793bdac74b79b519a86797e72c2eba011e03e23beee17d9e4fbb5b8ced418d2a3eff2193c009d73a31b9a58013551d8bab7fddaddbaa8c246c5a21a1bee9cb9710268cfbfbcaafb32f4fb77fe3f655f0251c7456c46a977cb44a40969df5eca55ad98e7304a5d9
x-tt-trace-id: 00-241229013507E89A9C6B1CAA7250BE14-193280DC50104341-00
X-Origin-Response-Time: 27,23.52.15.239
X-Akamai-Request-ID: 47222181.22dfaa7a
Expires: Sun, 29 Dec 2024 01:35:07 GMT
Cache-Control: max-age=0, no-cache, no-store
Pragma: no-cache
Date: Sun, 29 Dec 2024 01:35:07 GMT
X-Cache: TCP_MISS from a95-101-134-116.deploy.akamaitechnologies.com (AkamaiGHost/11.7.2.1-9611f29bef89eba7b18045b10aa2af98) (-)
Connection: close
X-Cache-Remote: TCP_MISS from a23-52-15-239.deploy.akamaitechnologies.com (AkamaiGHost/11.7.2.1-9611f29bef89eba7b18045b10aa2af98) (-)
x-tt-trace-tag: id=16;cdn-cache=miss;type=dyn
Server-Timing: cdn-cache; desc=MISS, edge; dur=81, origin; dur=27
Server-Timing: inner; dur=23
X-Parent-Response-Time: 108,95.101.134.116

{"code": 0, "message": "OK", "request_id": "20241229013507E89A9C6B1CAA7250BE14", "data": {}}
2024-12-29T01:35:13+00:00 DEBUG POST: https://business-api.tiktok.com/open_api/v1.3/event/track/

{"partner_name":"WooCommerce","event_source":"web","event_source_id":"CSM79Q3C77UAG1T340I0","data":[{"event":"Pageview","event_id":"6770a7513f7df_tt4b_woocommerce_670666209cf1f","event_time":1735436113,"user":{"ip":"178.150.14.250","user_agent":"Mozilla\/5.0 (compatible; MJ12bot\/v1.4.8; http:\/\/mj12bot.com\/)","locale":"ar","external_id":"0","email":"e3b0c44298fc1c149afbf4c8996fb92427ae41e4649b934ca495991b7852b855","phone_number":"e3b0c44298fc1c149afbf4c8996fb92427ae41e4649b934ca495991b7852b855","first_name":"e3b0c44298fc1c149afbf4c8996fb92427ae41e4649b934ca495991b7852b855","last_name":"e3b0c44298fc1c149afbf4c8996fb92427ae41e4649b934ca495991b7852b855","zip_code":"e3b0c44298fc1c149afbf4c8996fb92427ae41e4649b934ca495991b7852b855"},"page":{"url":"http:\/\/www.ibn-sinaa.com\/tag\/%D9%85%DA%A9%D8%AA%D9%88%D8%A8\/feed\/"}}]}
 ajax: no
2024-12-29T01:35:13+00:00 DEBUG Tt4b_Mapi_Class::mapi_post: Response: 

HTTP/1.1 200 OK
Server: nginx
Content-Type: application/json
Content-Length: 92
X-Tt-Logid: 202412290135132A381888F07F94A255E5
Server-Timing: inner; dur=26
x-tt-trace-host: 018e5a586174a888928d793bdac74b79b51a437ee89a1c03eb2011d034a2e3e9f512b18e79958bf66dc197bdff320a6e5e859b3906302295ff37e6cb23ca9ed05db8a014abc66cec445737f0ec42cdd8c682b2916c7a69945b98aba82c9e8bc095
x-tt-trace-id: 00-2412290135132A381888F07F94A255E5-54180E6B11FD2088-00
Expires: Sun, 29 Dec 2024 01:35:13 GMT
Cache-Control: max-age=0, no-cache, no-store
Pragma: no-cache
Date: Sun, 29 Dec 2024 01:35:13 GMT
X-Cache: TCP_MISS from a95-101-134-92.deploy.akamaitechnologies.com (AkamaiGHost/11.7.2.1-9611f29bef89eba7b18045b10aa2af98) (-)
Connection: close
x-tt-trace-tag: id=16;cdn-cache=miss;type=dyn
Server-Timing: cdn-cache; desc=MISS, edge; dur=1, origin; dur=106
X-Origin-Response-Time: 106,95.101.134.92
X-Akamai-Request-ID: 578c73f

{"code": 0, "message": "OK", "request_id": "202412290135132A381888F07F94A255E5", "data": {}}
2024-12-29T01:35:21+00:00 DEBUG POST: https://business-api.tiktok.com/open_api/v1.3/event/track/

{"partner_name":"WooCommerce","event_source":"web","event_source_id":"CSM79Q3C77UAG1T340I0","data":[{"event":"Pageview","event_id":"6770a7591bf8f_tt4b_woocommerce_670666209cf1f","event_time":1735436121,"user":{"ip":"178.150.14.250","user_agent":"Mozilla\/5.0 (compatible; MJ12bot\/v1.4.8; http:\/\/mj12bot.com\/)","locale":"ar","external_id":"0","email":"e3b0c44298fc1c149afbf4c8996fb92427ae41e4649b934ca495991b7852b855","phone_number":"e3b0c44298fc1c149afbf4c8996fb92427ae41e4649b934ca495991b7852b855","first_name":"e3b0c44298fc1c149afbf4c8996fb92427ae41e4649b934ca495991b7852b855","last_name":"e3b0c44298fc1c149afbf4c8996fb92427ae41e4649b934ca495991b7852b855","zip_code":"e3b0c44298fc1c149afbf4c8996fb92427ae41e4649b934ca495991b7852b855"},"page":{"url":"http:\/\/www.ibn-sinaa.com\/tag\/%D8%B7%D8%A8%D8%A7%D8%B9%D8%A9-%D9%85%D8%AF%D8%B1%D8%B3%D9%8A%D8%A9\/"}}]}
 ajax: no
2024-12-29T01:35:21+00:00 DEBUG Tt4b_Mapi_Class::mapi_post: Response: 

HTTP/1.1 200 OK
Server: nginx
Content-Type: application/json
Content-Length: 92
X-Tt-Logid: 2024122901352107844CCB0C0E072B389F
Server-Timing: inner; dur=33
x-tt-trace-host: 018e5a586174a888928d793bdac74b79b51a437ee89a1c03eb2011d034a2e3e9f5913989ca11c269af96d0fd13f4c1656a636efbd34d5d9de0847dae274f7e3c8dd13f84c79758f1e98cf590a0736aa58f48514c2b69e77455044efb1f0d6a13bf
x-tt-trace-id: 00-24122901352107844CCB0C0E072B389F-30DDD46E6D472561-00
Expires: Sun, 29 Dec 2024 01:35:21 GMT
Cache-Control: max-age=0, no-cache, no-store
Pragma: no-cache
Date: Sun, 29 Dec 2024 01:35:21 GMT
X-Cache: TCP_MISS from a95-101-134-92.deploy.akamaitechnologies.com (AkamaiGHost/11.7.2.1-9611f29bef89eba7b18045b10aa2af98) (-)
Connection: close
x-tt-trace-tag: id=16;cdn-cache=miss;type=dyn
Server-Timing: cdn-cache; desc=MISS, edge; dur=0, origin; dur=115
X-Origin-Response-Time: 115,95.101.134.92
X-Akamai-Request-ID: 578faf4

{"code": 0, "message": "OK", "request_id": "2024122901352107844CCB0C0E072B389F", "data": {}}
2024-12-29T01:35:25+00:00 DEBUG POST: https://business-api.tiktok.com/open_api/v1.3/event/track/

{"partner_name":"WooCommerce","event_source":"web","event_source_id":"CSM79Q3C77UAG1T340I0","data":[{"event":"Pageview","event_id":"6770a75dd20dc_tt4b_woocommerce_670666209cf1f","event_time":1735436125,"user":{"ip":"178.150.14.250","user_agent":"Mozilla\/5.0 (compatible; MJ12bot\/v1.4.8; http:\/\/mj12bot.com\/)","locale":"ar","external_id":"0","email":"e3b0c44298fc1c149afbf4c8996fb92427ae41e4649b934ca495991b7852b855","phone_number":"e3b0c44298fc1c149afbf4c8996fb92427ae41e4649b934ca495991b7852b855","first_name":"e3b0c44298fc1c149afbf4c8996fb92427ae41e4649b934ca495991b7852b855","last_name":"e3b0c44298fc1c149afbf4c8996fb92427ae41e4649b934ca495991b7852b855","zip_code":"e3b0c44298fc1c149afbf4c8996fb92427ae41e4649b934ca495991b7852b855"},"page":{"url":"http:\/\/www.ibn-sinaa.com\/tag\/%D9%88%D8%B3%D9%85%D8%A7%D9%8B-%D8%AC%D8%AF%D9%8A%D8%AF%D8%A7%D9%8B\/feed\/"}}]}
 ajax: no
2024-12-29T01:35:26+00:00 DEBUG Tt4b_Mapi_Class::mapi_post: Response: 

HTTP/1.1 200 OK
Server: nginx
Content-Type: application/json
Content-Length: 92
X-Tt-Logid: 2024122901352521C12BACF008D351C117
x-tt-trace-host: 018e5a586174a888928d793bdac74b79b519a86797e72c2eba011e03e23beee17d66f35b39f27032443c4fda53c9dfbec2e3442ed660817573b16e40bb2fb5628180678b0a614fc0d38ec5b0db4e92069d7f708874c1c2c2417b912e37d0760ee61ced67c77253506b07eb2b605f35eace
x-tt-trace-id: 00-24122901352521C12BACF008D351C117-51C82ACA85FB2E06-00
X-Origin-Response-Time: 32,23.52.15.231
X-Akamai-Request-ID: bbcf6e64.22dff603
Expires: Sun, 29 Dec 2024 01:35:26 GMT
Cache-Control: max-age=0, no-cache, no-store
Pragma: no-cache
Date: Sun, 29 Dec 2024 01:35:26 GMT
X-Cache: TCP_MISS from a95-101-134-116.deploy.akamaitechnologies.com (AkamaiGHost/11.7.2.1-9611f29bef89eba7b18045b10aa2af98) (-)
Connection: close
X-Cache-Remote: TCP_MISS from a23-52-15-231.deploy.akamaitechnologies.com (AkamaiGHost/11.7.2.1-9611f29bef89eba7b18045b10aa2af98) (-)
x-tt-trace-tag: id=16;cdn-cache=miss;type=dyn
Server-Timing: cdn-cache; desc=MISS, edge; dur=81, origin; dur=32
Server-Timing: inner; dur=27
X-Parent-Response-Time: 113,95.101.134.116

{"code": 0, "message": "OK", "request_id": "2024122901352521C12BACF008D351C117", "data": {}}
2024-12-29T01:35:30+00:00 DEBUG POST: https://business-api.tiktok.com/open_api/v1.3/event/track/

{"partner_name":"WooCommerce","event_source":"web","event_source_id":"CSM79Q3C77UAG1T340I0","data":[{"event":"Pageview","event_id":"6770a76273f48_tt4b_woocommerce_670666209cf1f","event_time":1735436130,"user":{"ip":"178.150.14.250","user_agent":"Mozilla\/5.0 (compatible; MJ12bot\/v1.4.8; http:\/\/mj12bot.com\/)","locale":"ar","external_id":"0","email":"e3b0c44298fc1c149afbf4c8996fb92427ae41e4649b934ca495991b7852b855","phone_number":"e3b0c44298fc1c149afbf4c8996fb92427ae41e4649b934ca495991b7852b855","first_name":"e3b0c44298fc1c149afbf4c8996fb92427ae41e4649b934ca495991b7852b855","last_name":"e3b0c44298fc1c149afbf4c8996fb92427ae41e4649b934ca495991b7852b855","zip_code":"e3b0c44298fc1c149afbf4c8996fb92427ae41e4649b934ca495991b7852b855"},"page":{"url":"http:\/\/www.ibn-sinaa.com\/tag\/%D9%8A%D8%AA%D8%B9%D9%84%D9%85\/"}}]}
 ajax: no
2024-12-29T01:35:30+00:00 DEBUG Tt4b_Mapi_Class::mapi_post: Response: 

HTTP/1.1 200 OK
Server: nginx
Content-Type: application/json
Content-Length: 92
X-Tt-Logid: 20241229013530689EBC875375709FABBE
x-tt-trace-host: 018e5a586174a888928d793bdac74b79b519a86797e72c2eba011e03e23beee17d2ae8b694c8d6e24d1ce984535c6a3b14141843397f40dc3e31171b292dd1bbb9bc49139d15ddb50e2adb96a8df247df0f653c8b4a903f785ed862e1b71f7a877e007ad4858e6b44b3181a7426b1b9fd1
x-tt-trace-id: 00-241229013530689EBC875375709FABBE-16DB220B4FCFD2D2-00
X-Origin-Response-Time: 45,23.213.246.201
X-Akamai-Request-ID: 3dcc5ca1.22e008f0
Expires: Sun, 29 Dec 2024 01:35:30 GMT
Cache-Control: max-age=0, no-cache, no-store
Pragma: no-cache
Date: Sun, 29 Dec 2024 01:35:30 GMT
X-Cache: TCP_MISS from a95-101-134-116.deploy.akamaitechnologies.com (AkamaiGHost/11.7.2.1-9611f29bef89eba7b18045b10aa2af98) (-)
Connection: close
X-Cache-Remote: TCP_MISS from a23-213-246-201.deploy.akamaitechnologies.com (AkamaiGHost/11.7.2.1-9611f29bef89eba7b18045b10aa2af98) (-)
x-tt-trace-tag: id=16;cdn-cache=miss;type=dyn
Server-Timing: cdn-cache; desc=MISS, edge; dur=83, origin; dur=45
Server-Timing: inner; dur=34
X-Parent-Response-Time: 126,95.101.134.116

{"code": 0, "message": "OK", "request_id": "20241229013530689EBC875375709FABBE", "data": {}}
2024-12-29T01:35:34+00:00 DEBUG POST: https://business-api.tiktok.com/open_api/v1.3/event/track/

{"partner_name":"WooCommerce","event_source":"web","event_source_id":"CSM79Q3C77UAG1T340I0","data":[{"event":"Pageview","event_id":"6770a766e2548_tt4b_woocommerce_670666209cf1f","event_time":1735436134,"user":{"ip":"178.150.14.250","user_agent":"Mozilla\/5.0 (compatible; MJ12bot\/v1.4.8; http:\/\/mj12bot.com\/)","locale":"ar","external_id":"0","email":"e3b0c44298fc1c149afbf4c8996fb92427ae41e4649b934ca495991b7852b855","phone_number":"e3b0c44298fc1c149afbf4c8996fb92427ae41e4649b934ca495991b7852b855","first_name":"e3b0c44298fc1c149afbf4c8996fb92427ae41e4649b934ca495991b7852b855","last_name":"e3b0c44298fc1c149afbf4c8996fb92427ae41e4649b934ca495991b7852b855","zip_code":"e3b0c44298fc1c149afbf4c8996fb92427ae41e4649b934ca495991b7852b855"},"page":{"url":"http:\/\/www.ibn-sinaa.com\/tag\/%D9%8A%D8%AA%D8%B9%D9%84%D9%85\/feed\/"}}]}
 ajax: no
2024-12-29T01:35:35+00:00 DEBUG Tt4b_Mapi_Class::mapi_post: Response: 

HTTP/1.1 200 OK
Server: nginx
Content-Type: application/json
Content-Length: 92
X-Tt-Logid: 20241229013535F1F02E6A206C38D84DC2
x-tt-trace-host: 018e5a586174a888928d793bdac74b79b519a86797e72c2eba011e03e23beee17d66f35b39f27032443c4fda53c9dfbec2e14d272caee5258b559e4658890039db09715dd513789853139a9a7de2b55f6438850042a59b91dc71f58e1db149d0b314971543dbebbcf7f5b65b35ce394159
x-tt-trace-id: 00-241229013535F1F02E6A206C38D84DC2-21F1C91129B88FB7-00
X-Origin-Response-Time: 29,23.52.15.231
X-Akamai-Request-ID: bbd11f2e.22e01ab9
Expires: Sun, 29 Dec 2024 01:35:35 GMT
Cache-Control: max-age=0, no-cache, no-store
Pragma: no-cache
Date: Sun, 29 Dec 2024 01:35:35 GMT
X-Cache: TCP_MISS from a95-101-134-116.deploy.akamaitechnologies.com (AkamaiGHost/11.7.2.1-9611f29bef89eba7b18045b10aa2af98) (-)
Connection: close
X-Cache-Remote: TCP_MISS from a23-52-15-231.deploy.akamaitechnologies.com (AkamaiGHost/11.7.2.1-9611f29bef89eba7b18045b10aa2af98) (-)
x-tt-trace-tag: id=16;cdn-cache=miss;type=dyn
Server-Timing: cdn-cache; desc=MISS, edge; dur=82, origin; dur=29
Server-Timing: inner; dur=25
X-Parent-Response-Time: 111,95.101.134.116

{"code": 0, "message": "OK", "request_id": "20241229013535F1F02E6A206C38D84DC2", "data": {}}
2024-12-29T01:35:42+00:00 DEBUG POST: https://business-api.tiktok.com/open_api/v1.3/event/track/

{"partner_name":"WooCommerce","event_source":"web","event_source_id":"CSM79Q3C77UAG1T340I0","data":[{"event":"Pageview","event_id":"6770a76e3e715_tt4b_woocommerce_670666209cf1f","event_time":1735436142,"user":{"ip":"178.150.14.250","user_agent":"Mozilla\/5.0 (compatible; MJ12bot\/v1.4.8; http:\/\/mj12bot.com\/)","locale":"ar","external_id":"0","email":"e3b0c44298fc1c149afbf4c8996fb92427ae41e4649b934ca495991b7852b855","phone_number":"e3b0c44298fc1c149afbf4c8996fb92427ae41e4649b934ca495991b7852b855","first_name":"e3b0c44298fc1c149afbf4c8996fb92427ae41e4649b934ca495991b7852b855","last_name":"e3b0c44298fc1c149afbf4c8996fb92427ae41e4649b934ca495991b7852b855","zip_code":"e3b0c44298fc1c149afbf4c8996fb92427ae41e4649b934ca495991b7852b855"},"page":{"url":"http:\/\/www.ibn-sinaa.com\/tag\/%D8%B7%D8%A8%D8%A7%D8%B9%D8%A9\/"}}]}
 ajax: no
2024-12-29T01:35:42+00:00 DEBUG Tt4b_Mapi_Class::mapi_post: Response: 

HTTP/1.1 200 OK
Server: nginx
Content-Type: application/json
Content-Length: 92
X-Tt-Logid: 20241229013542858C1D11727ECEB622A0
x-tt-trace-host: 018e5a586174a888928d793bdac74b79b56517d7628cf0ffdff56b078ad2cf5615f2f092ec6c934468c6736956be282f18d00c5a0569ca4e9732b441b7f12628f528a829a585d76178f0043d3fc9dcba5dbeeb8e3d6fbf0c9f40e1b07bb42af12e510d8d7926f13ada6ccb341e2a3df5a0
x-tt-trace-id: 00-241229013542858C1D11727ECEB622A0-0F84A60F75F87109-00
X-Origin-Response-Time: 32,23.218.219.55
X-Akamai-Request-ID: 61bf31a.57980ad
Expires: Sun, 29 Dec 2024 01:35:42 GMT
Cache-Control: max-age=0, no-cache, no-store
Pragma: no-cache
Date: Sun, 29 Dec 2024 01:35:42 GMT
X-Cache: TCP_MISS from a95-101-134-92.deploy.akamaitechnologies.com (AkamaiGHost/11.7.2.1-9611f29bef89eba7b18045b10aa2af98) (-)
Connection: close
X-Cache-Remote: TCP_MISS from a23-218-219-55.deploy.akamaitechnologies.com (AkamaiGHost/11.7.2.1-9611f29bef89eba7b18045b10aa2af98) (-)
x-tt-trace-tag: id=16;cdn-cache=miss;type=dyn
Server-Timing: cdn-cache; desc=MISS, edge; dur=80, origin; dur=32
Server-Timing: inner; dur=27
X-Parent-Response-Time: 111,95.101.134.92

{"code": 0, "message": "OK", "request_id": "20241229013542858C1D11727ECEB622A0", "data": {}}
2024-12-29T01:35:50+00:00 DEBUG POST: https://business-api.tiktok.com/open_api/v1.3/event/track/

{"partner_name":"WooCommerce","event_source":"web","event_source_id":"CSM79Q3C77UAG1T340I0","data":[{"event":"Pageview","event_id":"6770a77693abf_tt4b_woocommerce_670666209cf1f","event_time":1735436150,"user":{"ip":"178.150.14.250","user_agent":"Mozilla\/5.0 (compatible; MJ12bot\/v1.4.8; http:\/\/mj12bot.com\/)","locale":"ar","external_id":"0","email":"e3b0c44298fc1c149afbf4c8996fb92427ae41e4649b934ca495991b7852b855","phone_number":"e3b0c44298fc1c149afbf4c8996fb92427ae41e4649b934ca495991b7852b855","first_name":"e3b0c44298fc1c149afbf4c8996fb92427ae41e4649b934ca495991b7852b855","last_name":"e3b0c44298fc1c149afbf4c8996fb92427ae41e4649b934ca495991b7852b855","zip_code":"e3b0c44298fc1c149afbf4c8996fb92427ae41e4649b934ca495991b7852b855"},"page":{"url":"http:\/\/www.ibn-sinaa.com\/tag\/%D8%AF%D8%B9%D8%A7%D9%8A%D8%A9-%D9%88%D8%A7%D8%B9%D9%84%D8%A7%D9%86\/"}}]}
 ajax: no
2024-12-29T01:35:50+00:00 DEBUG Tt4b_Mapi_Class::mapi_post: Response: 

HTTP/1.1 200 OK
Server: nginx
Content-Type: application/json
Content-Length: 92
X-Tt-Logid: 20241229013550E0168A73222CBC830D4A
x-tt-trace-host: 018e5a586174a888928d793bdac74b79b519a86797e72c2eba011e03e23beee17d98eac3064cb2300d2b6618ff91ef52929196fd65131d141f5fadab6f9cab8690d19887029aee833bcc59882d92149e09af22b835e7a0d50c97d8d7d8760033d398f4984317066339083b710f291c8fd8
x-tt-trace-id: 00-241229013550E0168A73222CBC830D4A-4A28A7AD4C9DA7B1-00
X-Origin-Response-Time: 35,23.55.100.231
X-Akamai-Request-ID: 6fb13f97.22e05ac0
Expires: Sun, 29 Dec 2024 01:35:50 GMT
Cache-Control: max-age=0, no-cache, no-store
Pragma: no-cache
Date: Sun, 29 Dec 2024 01:35:50 GMT
X-Cache: TCP_MISS from a95-101-134-116.deploy.akamaitechnologies.com (AkamaiGHost/11.7.2.1-9611f29bef89eba7b18045b10aa2af98) (-)
Connection: close
X-Cache-Remote: TCP_MISS from a23-55-100-231.deploy.akamaitechnologies.com (AkamaiGHost/11.7.2.1-9611f29bef89eba7b18045b10aa2af98) (-)
x-tt-trace-tag: id=16;cdn-cache=miss;type=dyn
Server-Timing: cdn-cache; desc=MISS, edge; dur=90, origin; dur=35
Server-Timing: inner; dur=28
X-Parent-Response-Time: 123,95.101.134.116

{"code": 0, "message": "OK", "request_id": "20241229013550E0168A73222CBC830D4A", "data": {}}
2024-12-29T01:35:55+00:00 DEBUG POST: https://business-api.tiktok.com/open_api/v1.3/event/track/

{"partner_name":"WooCommerce","event_source":"web","event_source_id":"CSM79Q3C77UAG1T340I0","data":[{"event":"Pageview","event_id":"6770a77b4cc86_tt4b_woocommerce_670666209cf1f","event_time":1735436155,"user":{"ip":"178.150.14.250","user_agent":"Mozilla\/5.0 (compatible; MJ12bot\/v1.4.8; http:\/\/mj12bot.com\/)","locale":"ar","external_id":"0","email":"e3b0c44298fc1c149afbf4c8996fb92427ae41e4649b934ca495991b7852b855","phone_number":"e3b0c44298fc1c149afbf4c8996fb92427ae41e4649b934ca495991b7852b855","first_name":"e3b0c44298fc1c149afbf4c8996fb92427ae41e4649b934ca495991b7852b855","last_name":"e3b0c44298fc1c149afbf4c8996fb92427ae41e4649b934ca495991b7852b855","zip_code":"e3b0c44298fc1c149afbf4c8996fb92427ae41e4649b934ca495991b7852b855"},"page":{"url":"http:\/\/www.ibn-sinaa.com\/tag\/%D8%A7%D9%84%D8%AA%D8%B5%D9%88%D9%8A%D8%B1\/"}}]}
 ajax: no
2024-12-29T01:35:55+00:00 DEBUG Tt4b_Mapi_Class::mapi_post: Response: 

HTTP/1.1 200 OK
Server: nginx
Content-Type: application/json
Content-Length: 92
X-Tt-Logid: 202412290135551E65A36FD24DD4ED30D3
Server-Timing: inner; dur=34
x-tt-trace-host: 018e5a586174a888928d793bdac74b79b51a437ee89a1c03eb2011d034a2e3e9f5e605282d1e7f2061845146ea3a3495426b3a246e2507c4d5d8ffa33abc8395e98e8e237ac9f7445ce2f7479062ce3cefc110b13e9b76983402ea436f63f61c5a
x-tt-trace-id: 00-2412290135551E65A36FD24DD4ED30D3-38A0688E78F58472-00
Expires: Sun, 29 Dec 2024 01:35:55 GMT
Cache-Control: max-age=0, no-cache, no-store
Pragma: no-cache
Date: Sun, 29 Dec 2024 01:35:55 GMT
X-Cache: TCP_MISS from a95-101-134-92.deploy.akamaitechnologies.com (AkamaiGHost/11.7.2.1-9611f29bef89eba7b18045b10aa2af98) (-)
Connection: close
x-tt-trace-tag: id=16;cdn-cache=miss;type=dyn
Server-Timing: cdn-cache; desc=MISS, edge; dur=1, origin; dur=116
X-Origin-Response-Time: 117,95.101.134.92
X-Akamai-Request-ID: 579d4a6

{"code": 0, "message": "OK", "request_id": "202412290135551E65A36FD24DD4ED30D3", "data": {}}
2024-12-29T01:36:02+00:00 DEBUG POST: https://business-api.tiktok.com/open_api/v1.3/event/track/

{"partner_name":"WooCommerce","event_source":"web","event_source_id":"CSM79Q3C77UAG1T340I0","data":[{"event":"Pageview","event_id":"6770a78289da8_tt4b_woocommerce_670666209cf1f","event_time":1735436162,"user":{"ip":"178.150.14.250","user_agent":"Mozilla\/5.0 (compatible; MJ12bot\/v1.4.8; http:\/\/mj12bot.com\/)","locale":"ar","external_id":"0","email":"e3b0c44298fc1c149afbf4c8996fb92427ae41e4649b934ca495991b7852b855","phone_number":"e3b0c44298fc1c149afbf4c8996fb92427ae41e4649b934ca495991b7852b855","first_name":"e3b0c44298fc1c149afbf4c8996fb92427ae41e4649b934ca495991b7852b855","last_name":"e3b0c44298fc1c149afbf4c8996fb92427ae41e4649b934ca495991b7852b855","zip_code":"e3b0c44298fc1c149afbf4c8996fb92427ae41e4649b934ca495991b7852b855"},"page":{"url":"http:\/\/www.ibn-sinaa.com\/tag\/%D8%B7%D8%A8%D8%A7%D8%B9%D8%A9-%D8%B9%D8%A7%D9%84%D9%8A%D8%A9-%D8%A7%D9%84%D8%AC%D9%88%D8%AF%D8%A9\/"}}]}
 ajax: no
2024-12-29T01:36:02+00:00 DEBUG Tt4b_Mapi_Class::mapi_post: Response: 

HTTP/1.1 200 OK
Server: nginx
Content-Type: application/json
Content-Length: 92
X-Tt-Logid: 20241229013602A16DC01FF8B42F6E56A4
x-tt-trace-host: 018e5a586174a888928d793bdac74b79b519a86797e72c2eba011e03e23beee17dd7bcf481031583f8a86de7171413ab78a64fb16d3b6922fab0a41001bf8eb81b2f4924e70b423a2fc1fbb176c86c751758d2e62afd8c88bf85a76b221d74fbe973bed81f7c49c15f93c40d480cf620e6
x-tt-trace-id: 00-241229013602A16DC01FF8B42F6E56A4-61C14DB1214DC655-00
X-Origin-Response-Time: 35,23.52.15.170
X-Akamai-Request-ID: f7a188d8.22e08b6b
Expires: Sun, 29 Dec 2024 01:36:02 GMT
Cache-Control: max-age=0, no-cache, no-store
Pragma: no-cache
Date: Sun, 29 Dec 2024 01:36:02 GMT
X-Cache: TCP_MISS from a95-101-134-116.deploy.akamaitechnologies.com (AkamaiGHost/11.7.2.1-9611f29bef89eba7b18045b10aa2af98) (-)
Connection: close
X-Cache-Remote: TCP_MISS from a23-52-15-170.deploy.akamaitechnologies.com (AkamaiGHost/11.7.2.1-9611f29bef89eba7b18045b10aa2af98) (-)
x-tt-trace-tag: id=16;cdn-cache=miss;type=dyn
Server-Timing: cdn-cache; desc=MISS, edge; dur=81, origin; dur=35
Server-Timing: inner; dur=28
X-Parent-Response-Time: 116,95.101.134.116

{"code": 0, "message": "OK", "request_id": "20241229013602A16DC01FF8B42F6E56A4", "data": {}}
2024-12-29T01:36:11+00:00 DEBUG POST: https://business-api.tiktok.com/open_api/v1.3/event/track/

{"partner_name":"WooCommerce","event_source":"web","event_source_id":"CSM79Q3C77UAG1T340I0","data":[{"event":"Pageview","event_id":"6770a78b6eff1_tt4b_woocommerce_670666209cf1f","event_time":1735436171,"user":{"ip":"178.150.14.250","user_agent":"Mozilla\/5.0 (compatible; MJ12bot\/v1.4.8; http:\/\/mj12bot.com\/)","locale":"ar","external_id":"0","email":"e3b0c44298fc1c149afbf4c8996fb92427ae41e4649b934ca495991b7852b855","phone_number":"e3b0c44298fc1c149afbf4c8996fb92427ae41e4649b934ca495991b7852b855","first_name":"e3b0c44298fc1c149afbf4c8996fb92427ae41e4649b934ca495991b7852b855","last_name":"e3b0c44298fc1c149afbf4c8996fb92427ae41e4649b934ca495991b7852b855","zip_code":"e3b0c44298fc1c149afbf4c8996fb92427ae41e4649b934ca495991b7852b855"},"page":{"url":"http:\/\/www.ibn-sinaa.com\/"}}]}
 ajax: no
2024-12-29T01:36:11+00:00 DEBUG Tt4b_Mapi_Class::mapi_post: Response: 

HTTP/1.1 200 OK
Server: nginx
Content-Type: application/json
Content-Length: 92
X-Tt-Logid: 20241229013611ADA6591C8E0EA46A0D56
x-tt-trace-host: 018e5a586174a888928d793bdac74b79b56517d7628cf0ffdff56b078ad2cf56157c300d23b0cb2f769a595a158b8fb09e178b119cacf10c748dd04d88e46f24a085d7a0bc4c1e15a1765eb2a4edb3f41104ca9df73a91c4185694d0811303a505deefdc4b34d22d2d12c7f74e9e325c47
x-tt-trace-id: 00-241229013611ADA6591C8E0EA46A0D56-2D0C33533692BB37-00
X-Origin-Response-Time: 45,23.213.246.203
X-Akamai-Request-ID: 7eea7960.57a402a
Expires: Sun, 29 Dec 2024 01:36:11 GMT
Cache-Control: max-age=0, no-cache, no-store
Pragma: no-cache
Date: Sun, 29 Dec 2024 01:36:11 GMT
X-Cache: TCP_MISS from a95-101-134-92.deploy.akamaitechnologies.com (AkamaiGHost/11.7.2.1-9611f29bef89eba7b18045b10aa2af98) (-)
Connection: close
X-Cache-Remote: TCP_MISS from a23-213-246-203.deploy.akamaitechnologies.com (AkamaiGHost/11.7.2.1-9611f29bef89eba7b18045b10aa2af98) (-)
x-tt-trace-tag: id=16;cdn-cache=miss;type=dyn
Server-Timing: cdn-cache; desc=MISS, edge; dur=94, origin; dur=45
Server-Timing: inner; dur=25
X-Parent-Response-Time: 138,95.101.134.92

{"code": 0, "message": "OK", "request_id": "20241229013611ADA6591C8E0EA46A0D56", "data": {}}
2024-12-29T01:36:16+00:00 DEBUG POST: https://business-api.tiktok.com/open_api/v1.3/event/track/

{"partner_name":"WooCommerce","event_source":"web","event_source_id":"CSM79Q3C77UAG1T340I0","data":[{"event":"Pageview","event_id":"6770a7906de04_tt4b_woocommerce_670666209cf1f","event_time":1735436176,"user":{"ip":"178.150.14.250","user_agent":"Mozilla\/5.0 (compatible; MJ12bot\/v1.4.8; http:\/\/mj12bot.com\/)","locale":"ar","external_id":"0","email":"e3b0c44298fc1c149afbf4c8996fb92427ae41e4649b934ca495991b7852b855","phone_number":"e3b0c44298fc1c149afbf4c8996fb92427ae41e4649b934ca495991b7852b855","first_name":"e3b0c44298fc1c149afbf4c8996fb92427ae41e4649b934ca495991b7852b855","last_name":"e3b0c44298fc1c149afbf4c8996fb92427ae41e4649b934ca495991b7852b855","zip_code":"e3b0c44298fc1c149afbf4c8996fb92427ae41e4649b934ca495991b7852b855"},"page":{"url":"http:\/\/www.ibn-sinaa.com\/tag\/%D8%AA%D9%82%D9%86%D9%8A%D8%A9\/"}}]}
 ajax: no
2024-12-29T01:36:16+00:00 DEBUG Tt4b_Mapi_Class::mapi_post: Response: 

HTTP/1.1 200 OK
Server: nginx
Content-Type: application/json
Content-Length: 92
X-Tt-Logid: 202412290136161D462C6A6394305EAA63
Server-Timing: inner; dur=36
x-tt-trace-host: 018e5a586174a888928d793bdac74b79b51a437ee89a1c03eb2011d034a2e3e9f552808e09d81d1cab24058c5e036ff3c717de8a79a62ac36b5ca90e0dd165d97b0ffa313955438ca85a7b4368a8a671068f5d3f420ef8e1437534b0a2efcf8f1c
x-tt-trace-id: 00-2412290136161D462C6A6394305EAA63-01EA24980FDA625C-00
Expires: Sun, 29 Dec 2024 01:36:16 GMT
Cache-Control: max-age=0, no-cache, no-store
Pragma: no-cache
Date: Sun, 29 Dec 2024 01:36:16 GMT
X-Cache: TCP_MISS from a95-101-134-92.deploy.akamaitechnologies.com (AkamaiGHost/11.7.2.1-9611f29bef89eba7b18045b10aa2af98) (-)
Connection: close
x-tt-trace-tag: id=16;cdn-cache=miss;type=dyn
Server-Timing: cdn-cache; desc=MISS, edge; dur=0, origin; dur=118
X-Origin-Response-Time: 118,95.101.134.92
X-Akamai-Request-ID: 57a616a

{"code": 0, "message": "OK", "request_id": "202412290136161D462C6A6394305EAA63", "data": {}}
2024-12-29T01:36:22+00:00 DEBUG POST: https://business-api.tiktok.com/open_api/v1.3/event/track/

{"partner_name":"WooCommerce","event_source":"web","event_source_id":"CSM79Q3C77UAG1T340I0","data":[{"event":"Pageview","event_id":"6770a79632efc_tt4b_woocommerce_670666209cf1f","event_time":1735436182,"user":{"ip":"4.213.98.139","user_agent":"Mozlila\/5.0 (Linux; Android 7.0; SM-G892A Bulid\/NRD90M; wv) AppleWebKit\/537.36 (KHTML, like Gecko) Version\/4.0 Chrome\/60.0.3112.107 Moblie Safari\/537.36","locale":"ar","external_id":"0","email":"e3b0c44298fc1c149afbf4c8996fb92427ae41e4649b934ca495991b7852b855","phone_number":"e3b0c44298fc1c149afbf4c8996fb92427ae41e4649b934ca495991b7852b855","first_name":"e3b0c44298fc1c149afbf4c8996fb92427ae41e4649b934ca495991b7852b855","last_name":"e3b0c44298fc1c149afbf4c8996fb92427ae41e4649b934ca495991b7852b855","zip_code":"e3b0c44298fc1c149afbf4c8996fb92427ae41e4649b934ca495991b7852b855"},"page":{"url":"http:\/\/ibn-sinaa.com\/wp-content\/plugins\/shell\/about.php","referrer":"\/wp-content\/plugins\/shell\/www.google.com"}}]}
 ajax: no
2024-12-29T01:36:22+00:00 DEBUG Tt4b_Mapi_Class::mapi_post: Response: 

HTTP/1.1 200 OK
Server: nginx
Content-Type: application/json
Content-Length: 92
X-Tt-Logid: 202412290136221D462C6A6394305EAB0B
Server-Timing: inner; dur=31
x-tt-trace-host: 018e5a586174a888928d793bdac74b79b51a437ee89a1c03eb2011d034a2e3e9f552808e09d81d1cab24058c5e036ff3c741b6bbe8c6ef8aff18d2486124dc56c172f03a2eccf81a31e9c3b63207d6df7312b5d840ad1c645eb6e55f3fd91e754d
x-tt-trace-id: 00-2412290136221D462C6A6394305EAB0B-232F288C77448551-00
Expires: Sun, 29 Dec 2024 01:36:22 GMT
Cache-Control: max-age=0, no-cache, no-store
Pragma: no-cache
Date: Sun, 29 Dec 2024 01:36:22 GMT
X-Cache: TCP_MISS from a95-101-134-92.deploy.akamaitechnologies.com (AkamaiGHost/11.7.2.1-9611f29bef89eba7b18045b10aa2af98) (-)
Connection: close
x-tt-trace-tag: id=16;cdn-cache=miss;type=dyn
Server-Timing: cdn-cache; desc=MISS, edge; dur=0, origin; dur=114
X-Origin-Response-Time: 114,95.101.134.92
X-Akamai-Request-ID: 57a868d

{"code": 0, "message": "OK", "request_id": "202412290136221D462C6A6394305EAB0B", "data": {}}
2024-12-29T01:36:24+00:00 DEBUG POST: https://business-api.tiktok.com/open_api/v1.3/event/track/

{"partner_name":"WooCommerce","event_source":"web","event_source_id":"CSM79Q3C77UAG1T340I0","data":[{"event":"Pageview","event_id":"6770a7985e37b_tt4b_woocommerce_670666209cf1f","event_time":1735436184,"user":{"ip":"178.150.14.250","user_agent":"Mozilla\/5.0 (compatible; MJ12bot\/v1.4.8; http:\/\/mj12bot.com\/)","locale":"ar","external_id":"0","email":"e3b0c44298fc1c149afbf4c8996fb92427ae41e4649b934ca495991b7852b855","phone_number":"e3b0c44298fc1c149afbf4c8996fb92427ae41e4649b934ca495991b7852b855","first_name":"e3b0c44298fc1c149afbf4c8996fb92427ae41e4649b934ca495991b7852b855","last_name":"e3b0c44298fc1c149afbf4c8996fb92427ae41e4649b934ca495991b7852b855","zip_code":"e3b0c44298fc1c149afbf4c8996fb92427ae41e4649b934ca495991b7852b855"},"page":{"url":"http:\/\/www.ibn-sinaa.com\/tag\/%D8%B7%D8%A8%D8%A7%D8%B9%D8%A9-%D8%A8%D9%86%D8%B1%D8%A7%D8%AA\/"}}]}
 ajax: no
2024-12-29T01:36:24+00:00 DEBUG Tt4b_Mapi_Class::mapi_post: Response: 

HTTP/1.1 200 OK
Server: nginx
Content-Type: application/json
Content-Length: 92
X-Tt-Logid: 202412290136241D462C6A6394305EAB40
Server-Timing: inner; dur=33
x-tt-trace-host: 018e5a586174a888928d793bdac74b79b51a437ee89a1c03eb2011d034a2e3e9f552808e09d81d1cab24058c5e036ff3c78f90ca8e03aa72e9a74b3b128cdb48a6c2aea9bbdb0a96027535b79d562aeabe0cf216d6d8f9c69f26751b368c0389ae
x-tt-trace-id: 00-2412290136241D462C6A6394305EAB40-69140AA545E9140F-00
Expires: Sun, 29 Dec 2024 01:36:24 GMT
Cache-Control: max-age=0, no-cache, no-store
Pragma: no-cache
Date: Sun, 29 Dec 2024 01:36:24 GMT
X-Cache: TCP_MISS from a95-101-134-92.deploy.akamaitechnologies.com (AkamaiGHost/11.7.2.1-9611f29bef89eba7b18045b10aa2af98) (-)
Connection: close
x-tt-trace-tag: id=16;cdn-cache=miss;type=dyn
Server-Timing: cdn-cache; desc=MISS, edge; dur=0, origin; dur=116
X-Origin-Response-Time: 116,95.101.134.92
X-Akamai-Request-ID: 57a943a

{"code": 0, "message": "OK", "request_id": "202412290136241D462C6A6394305EAB40", "data": {}}
2024-12-29T01:36:29+00:00 DEBUG POST: https://business-api.tiktok.com/open_api/v1.3/event/track/

{"partner_name":"WooCommerce","event_source":"web","event_source_id":"CSM79Q3C77UAG1T340I0","data":[{"event":"Pageview","event_id":"6770a79d3af6a_tt4b_woocommerce_670666209cf1f","event_time":1735436189,"user":{"ip":"178.150.14.250","user_agent":"Mozilla\/5.0 (compatible; MJ12bot\/v1.4.8; http:\/\/mj12bot.com\/)","locale":"ar","external_id":"0","email":"e3b0c44298fc1c149afbf4c8996fb92427ae41e4649b934ca495991b7852b855","phone_number":"e3b0c44298fc1c149afbf4c8996fb92427ae41e4649b934ca495991b7852b855","first_name":"e3b0c44298fc1c149afbf4c8996fb92427ae41e4649b934ca495991b7852b855","last_name":"e3b0c44298fc1c149afbf4c8996fb92427ae41e4649b934ca495991b7852b855","zip_code":"e3b0c44298fc1c149afbf4c8996fb92427ae41e4649b934ca495991b7852b855"},"page":{"url":"http:\/\/www.ibn-sinaa.com\/tag\/%D8%AF%D8%B9%D8%A7%D9%8A%D8%A9-%D9%88%D8%A7%D8%B9%D9%84%D8%A7%D9%86\/"}}]}
 ajax: no
2024-12-29T01:36:29+00:00 DEBUG Tt4b_Mapi_Class::mapi_post: Response: 

HTTP/1.1 200 OK
Server: nginx
Content-Type: application/json
Content-Length: 92
X-Tt-Logid: 2024122901362986D77513F19185DE6886
x-tt-trace-host: 018e5a586174a888928d793bdac74b79b56517d7628cf0ffdff56b078ad2cf5615577e1e1535dc3e087ee70d52a758e6d4fcaa110a2ed4065efe81f0f5c200cf307945196b4ae023e1406e5dd4af1df91396c349cbe8de319ec70c7aa9de50082d16182d0fd0a95bd35d281e72ceb13624
x-tt-trace-id: 00-24122901362986D77513F19185DE6886-39C987931B1F5190-00
X-Origin-Response-Time: 68,23.218.219.13
X-Akamai-Request-ID: 68d60459.57ab33c
Expires: Sun, 29 Dec 2024 01:36:29 GMT
Cache-Control: max-age=0, no-cache, no-store
Pragma: no-cache
Date: Sun, 29 Dec 2024 01:36:29 GMT
X-Cache: TCP_MISS from a95-101-134-92.deploy.akamaitechnologies.com (AkamaiGHost/11.7.2.1-9611f29bef89eba7b18045b10aa2af98) (-)
Connection: close
X-Cache-Remote: TCP_MISS from a23-218-219-13.deploy.akamaitechnologies.com (AkamaiGHost/11.7.2.1-9611f29bef89eba7b18045b10aa2af98) (-)
x-tt-trace-tag: id=16;cdn-cache=miss;type=dyn
Server-Timing: cdn-cache; desc=MISS, edge; dur=252, origin; dur=68
Server-Timing: inner; dur=57
X-Parent-Response-Time: 320,95.101.134.92

{"code": 0, "message": "OK", "request_id": "2024122901362986D77513F19185DE6886", "data": {}}
2024-12-29T01:36:31+00:00 DEBUG POST: https://business-api.tiktok.com/open_api/v1.3/event/track/

{"partner_name":"WooCommerce","event_source":"web","event_source_id":"CSM79Q3C77UAG1T340I0","data":[{"event":"Pageview","event_id":"6770a79f6c029_tt4b_woocommerce_670666209cf1f","event_time":1735436191,"user":{"ip":"4.213.98.139","user_agent":"Mozlila\/5.0 (Linux; Android 7.0; SM-G892A Bulid\/NRD90M; wv) AppleWebKit\/537.36 (KHTML, like Gecko) Version\/4.0 Chrome\/60.0.3112.107 Moblie Safari\/537.36","locale":"ar","external_id":"0","email":"e3b0c44298fc1c149afbf4c8996fb92427ae41e4649b934ca495991b7852b855","phone_number":"e3b0c44298fc1c149afbf4c8996fb92427ae41e4649b934ca495991b7852b855","first_name":"e3b0c44298fc1c149afbf4c8996fb92427ae41e4649b934ca495991b7852b855","last_name":"e3b0c44298fc1c149afbf4c8996fb92427ae41e4649b934ca495991b7852b855","zip_code":"e3b0c44298fc1c149afbf4c8996fb92427ae41e4649b934ca495991b7852b855"},"page":{"url":"http:\/\/ibn-sinaa.com\/wp-content\/plugins\/pwnd\/pwnd.php","referrer":"\/wp-content\/plugins\/pwnd\/www.google.com"}}]}
 ajax: no
2024-12-29T01:36:31+00:00 DEBUG Tt4b_Mapi_Class::mapi_post: Response: 

HTTP/1.1 200 OK
Server: nginx
Content-Type: application/json
Content-Length: 92
X-Tt-Logid: 20241229013631FE88D818AD2743EC0962
x-tt-trace-host: 018e5a586174a888928d793bdac74b79b519a86797e72c2eba011e03e23beee17d7fa9aa374f84f251c9730c186b5599657bf7065d1cc2257a25c48b714af9d0a6dfa1b1910ab6bc058f5ae45e09eb7c8ede14a5f8ca434d9207f8941e1862fbb0e535d664b7e5c0844da6f79f81cb3ee2
x-tt-trace-id: 00-241229013631FE88D818AD2743EC0962-5DBDB3CF4AF6EED5-00
X-Origin-Response-Time: 45,23.218.219.6
X-Akamai-Request-ID: 6028f87a.22e0fc5d
Expires: Sun, 29 Dec 2024 01:36:31 GMT
Cache-Control: max-age=0, no-cache, no-store
Pragma: no-cache
Date: Sun, 29 Dec 2024 01:36:31 GMT
X-Cache: TCP_MISS from a95-101-134-116.deploy.akamaitechnologies.com (AkamaiGHost/11.7.2.1-9611f29bef89eba7b18045b10aa2af98) (-)
Connection: close
X-Cache-Remote: TCP_MISS from a23-218-219-6.deploy.akamaitechnologies.com (AkamaiGHost/11.7.2.1-9611f29bef89eba7b18045b10aa2af98) (-)
x-tt-trace-tag: id=16;cdn-cache=miss;type=dyn
Server-Timing: cdn-cache; desc=MISS, edge; dur=84, origin; dur=45
Server-Timing: inner; dur=40
X-Parent-Response-Time: 128,95.101.134.116

{"code": 0, "message": "OK", "request_id": "20241229013631FE88D818AD2743EC0962", "data": {}}
2024-12-29T01:36:46+00:00 DEBUG POST: https://business-api.tiktok.com/open_api/v1.3/event/track/

{"partner_name":"WooCommerce","event_source":"web","event_source_id":"CSM79Q3C77UAG1T340I0","data":[{"event":"Pageview","event_id":"6770a7ae3300e_tt4b_woocommerce_670666209cf1f","event_time":1735436206,"user":{"ip":"4.213.98.139","user_agent":"Mozlila\/5.0 (Linux; Android 7.0; SM-G892A Bulid\/NRD90M; wv) AppleWebKit\/537.36 (KHTML, like Gecko) Version\/4.0 Chrome\/60.0.3112.107 Moblie Safari\/537.36","locale":"ar","external_id":"0","email":"e3b0c44298fc1c149afbf4c8996fb92427ae41e4649b934ca495991b7852b855","phone_number":"e3b0c44298fc1c149afbf4c8996fb92427ae41e4649b934ca495991b7852b855","first_name":"e3b0c44298fc1c149afbf4c8996fb92427ae41e4649b934ca495991b7852b855","last_name":"e3b0c44298fc1c149afbf4c8996fb92427ae41e4649b934ca495991b7852b855","zip_code":"e3b0c44298fc1c149afbf4c8996fb92427ae41e4649b934ca495991b7852b855"},"page":{"url":"http:\/\/ibn-sinaa.com\/wp-content\/plugins\/fix\/up.php","referrer":"\/wp-content\/plugins\/fix\/www.google.com"}}]}
 ajax: no
2024-12-29T01:36:46+00:00 DEBUG Tt4b_Mapi_Class::mapi_post: Response: 

HTTP/1.1 200 OK
Server: nginx
Content-Type: application/json
Content-Length: 92
X-Tt-Logid: 2024122901364667B597080F4528123D26
x-tt-trace-host: 018e5a586174a888928d793bdac74b79b519a86797e72c2eba011e03e23beee17d2ae8b694c8d6e24d1ce984535c6a3b145bc0b1ef7e91fdf98a094f38493d0dedc54d8210a446a60652fcdc5045fa5f64555e7dd50f08624c992483e11df842ca45437f89787fb4fc68b847e29ad4dc88
x-tt-trace-id: 00-24122901364667B597080F4528123D26-5210D10276562BB5-00
X-Origin-Response-Time: 57,23.213.246.201
X-Akamai-Request-ID: 3ddbb5db.22e137b0
Expires: Sun, 29 Dec 2024 01:36:46 GMT
Cache-Control: max-age=0, no-cache, no-store
Pragma: no-cache
Date: Sun, 29 Dec 2024 01:36:46 GMT
X-Cache: TCP_MISS from a95-101-134-116.deploy.akamaitechnologies.com (AkamaiGHost/11.7.2.1-9611f29bef89eba7b18045b10aa2af98) (-)
Connection: close
X-Cache-Remote: TCP_MISS from a23-213-246-201.deploy.akamaitechnologies.com (AkamaiGHost/11.7.2.1-9611f29bef89eba7b18045b10aa2af98) (-)
x-tt-trace-tag: id=16;cdn-cache=miss;type=dyn
Server-Timing: cdn-cache; desc=MISS, edge; dur=81, origin; dur=57
Server-Timing: inner; dur=54
X-Parent-Response-Time: 138,95.101.134.116

{"code": 0, "message": "OK", "request_id": "2024122901364667B597080F4528123D26", "data": {}}
2024-12-29T01:36:54+00:00 DEBUG POST: https://business-api.tiktok.com/open_api/v1.3/event/track/

{"partner_name":"WooCommerce","event_source":"web","event_source_id":"CSM79Q3C77UAG1T340I0","data":[{"event":"Pageview","event_id":"6770a7b6cbe8f_tt4b_woocommerce_670666209cf1f","event_time":1735436214,"user":{"ip":"4.213.98.139","user_agent":"Mozlila\/5.0 (Linux; Android 7.0; SM-G892A Bulid\/NRD90M; wv) AppleWebKit\/537.36 (KHTML, like Gecko) Version\/4.0 Chrome\/60.0.3112.107 Moblie Safari\/537.36","locale":"ar","external_id":"0","email":"e3b0c44298fc1c149afbf4c8996fb92427ae41e4649b934ca495991b7852b855","phone_number":"e3b0c44298fc1c149afbf4c8996fb92427ae41e4649b934ca495991b7852b855","first_name":"e3b0c44298fc1c149afbf4c8996fb92427ae41e4649b934ca495991b7852b855","last_name":"e3b0c44298fc1c149afbf4c8996fb92427ae41e4649b934ca495991b7852b855","zip_code":"e3b0c44298fc1c149afbf4c8996fb92427ae41e4649b934ca495991b7852b855"},"page":{"url":"http:\/\/ibn-sinaa.com\/wp-content\/plugins\/ph-file-manager\/wp-file.php","referrer":"\/wp-content\/plugins\/ph-file-manager\/www.google.com"}}]}
 ajax: no
2024-12-29T01:36:55+00:00 DEBUG Tt4b_Mapi_Class::mapi_post: Response: 

HTTP/1.1 200 OK
Server: nginx
Content-Type: application/json
Content-Length: 92
X-Tt-Logid: 20241229013654DA5C8434301E60766C17
x-tt-trace-host: 018e5a586174a888928d793bdac74b79b519a86797e72c2eba011e03e23beee17dc247b9a32b2dab5249a957f272a4495935de7005787c1d711ccdc32490ce9824045d7cb2b49a3f15166660796269c7723241d80de4bf7de8f1899d1813d65d406d31729f23cdbbe6a9fc4885874c4acb
x-tt-trace-id: 00-241229013654DA5C8434301E60766C17-56D2325B1F93BDC9-00
X-Origin-Response-Time: 46,23.32.17.31
X-Akamai-Request-ID: 9ee6bcc.22e15b1a
Expires: Sun, 29 Dec 2024 01:36:55 GMT
Cache-Control: max-age=0, no-cache, no-store
Pragma: no-cache
Date: Sun, 29 Dec 2024 01:36:55 GMT
X-Cache: TCP_MISS from a95-101-134-116.deploy.akamaitechnologies.com (AkamaiGHost/11.7.2.1-9611f29bef89eba7b18045b10aa2af98) (-)
Connection: close
X-Cache-Remote: TCP_MISS from a23-32-17-31.deploy.akamaitechnologies.com (AkamaiGHost/11.7.2.1-9611f29bef89eba7b18045b10aa2af98) (-)
x-tt-trace-tag: id=16;cdn-cache=miss;type=dyn
Server-Timing: cdn-cache; desc=MISS, edge; dur=86, origin; dur=46
Server-Timing: inner; dur=42
X-Parent-Response-Time: 132,95.101.134.116

{"code": 0, "message": "OK", "request_id": "20241229013654DA5C8434301E60766C17", "data": {}}
2024-12-29T01:37:05+00:00 DEBUG POST: https://business-api.tiktok.com/open_api/v1.3/event/track/

{"partner_name":"WooCommerce","event_source":"web","event_source_id":"CSM79Q3C77UAG1T340I0","data":[{"event":"Pageview","event_id":"6770a7c10d888_tt4b_woocommerce_670666209cf1f","event_time":1735436225,"user":{"ip":"4.213.98.139","user_agent":"Mozlila\/5.0 (Linux; Android 7.0; SM-G892A Bulid\/NRD90M; wv) AppleWebKit\/537.36 (KHTML, like Gecko) Version\/4.0 Chrome\/60.0.3112.107 Moblie Safari\/537.36","locale":"ar","external_id":"0","email":"e3b0c44298fc1c149afbf4c8996fb92427ae41e4649b934ca495991b7852b855","phone_number":"e3b0c44298fc1c149afbf4c8996fb92427ae41e4649b934ca495991b7852b855","first_name":"e3b0c44298fc1c149afbf4c8996fb92427ae41e4649b934ca495991b7852b855","last_name":"e3b0c44298fc1c149afbf4c8996fb92427ae41e4649b934ca495991b7852b855","zip_code":"e3b0c44298fc1c149afbf4c8996fb92427ae41e4649b934ca495991b7852b855"},"page":{"url":"http:\/\/ibn-sinaa.com\/wp-content\/plugins\/root-file-manager\/wp-file.php","referrer":"\/wp-content\/plugins\/root-file-manager\/www.google.com"}}]}
 ajax: no
2024-12-29T01:37:05+00:00 DEBUG Tt4b_Mapi_Class::mapi_post: Response: 

HTTP/1.1 200 OK
Server: nginx
Content-Type: application/json
Content-Length: 92
X-Tt-Logid: 20241229013705F7011B64A758B3F78851
Server-Timing: inner; dur=38
x-tt-trace-host: 018e5a586174a888928d793bdac74b79b51a437ee89a1c03eb2011d034a2e3e9f5dd84462460164b811091298f24845831be6746fc821913954be6331e5054130ccd2374ab50fe9f754bac6c6f6801269fe9637dc4ecb046faed6485cf6065a399
x-tt-trace-id: 00-241229013705F7011B64A758B3F78851-2AFC85107B6172FE-00
Expires: Sun, 29 Dec 2024 01:37:05 GMT
Cache-Control: max-age=0, no-cache, no-store
Pragma: no-cache
Date: Sun, 29 Dec 2024 01:37:05 GMT
X-Cache: TCP_MISS from a95-101-134-92.deploy.akamaitechnologies.com (AkamaiGHost/11.7.2.1-9611f29bef89eba7b18045b10aa2af98) (-)
Connection: close
x-tt-trace-tag: id=16;cdn-cache=miss;type=dyn
Server-Timing: cdn-cache; desc=MISS, edge; dur=0, origin; dur=118
X-Origin-Response-Time: 118,95.101.134.92
X-Akamai-Request-ID: 57ba00e

{"code": 0, "message": "OK", "request_id": "20241229013705F7011B64A758B3F78851", "data": {}}
2024-12-29T01:37:20+00:00 DEBUG POST: https://business-api.tiktok.com/open_api/v1.3/event/track/

{"partner_name":"WooCommerce","event_source":"web","event_source_id":"CSM79Q3C77UAG1T340I0","data":[{"event":"Pageview","event_id":"6770a7d083e66_tt4b_woocommerce_670666209cf1f","event_time":1735436240,"user":{"ip":"4.213.98.139","user_agent":"Mozlila\/5.0 (Linux; Android 7.0; SM-G892A Bulid\/NRD90M; wv) AppleWebKit\/537.36 (KHTML, like Gecko) Version\/4.0 Chrome\/60.0.3112.107 Moblie Safari\/537.36","locale":"ar","external_id":"0","email":"e3b0c44298fc1c149afbf4c8996fb92427ae41e4649b934ca495991b7852b855","phone_number":"e3b0c44298fc1c149afbf4c8996fb92427ae41e4649b934ca495991b7852b855","first_name":"e3b0c44298fc1c149afbf4c8996fb92427ae41e4649b934ca495991b7852b855","last_name":"e3b0c44298fc1c149afbf4c8996fb92427ae41e4649b934ca495991b7852b855","zip_code":"e3b0c44298fc1c149afbf4c8996fb92427ae41e4649b934ca495991b7852b855"},"page":{"url":"http:\/\/ibn-sinaa.com\/wp-content\/plugins\/wp-help\/mini.php","referrer":"\/wp-content\/plugins\/wp-help\/www.google.com"}}]}
 ajax: no
2024-12-29T01:37:20+00:00 DEBUG Tt4b_Mapi_Class::mapi_post: Response: 

HTTP/1.1 200 OK
Server: nginx
Content-Type: application/json
Content-Length: 92
X-Tt-Logid: 2024122901372040E721592560EB86B65B
x-tt-trace-host: 018e5a586174a888928d793bdac74b79b519a86797e72c2eba011e03e23beee17dd7bcf481031583f8a86de7171413ab7856ef7bfcfecfa631dca4f1491376c83efc49e735ce03b0ef7a76393f6e16ebefb256efb217219269b3933ad307dff500f3fa616249c1f85f6117ca2d89c53258
x-tt-trace-id: 00-24122901372040E721592560EB86B65B-6FC2958D2EBD2CD5-00
X-Origin-Response-Time: 29,23.52.15.170
X-Akamai-Request-ID: f7b3a40e.22e1c09b
Expires: Sun, 29 Dec 2024 01:37:20 GMT
Cache-Control: max-age=0, no-cache, no-store
Pragma: no-cache
Date: Sun, 29 Dec 2024 01:37:20 GMT
X-Cache: TCP_MISS from a95-101-134-116.deploy.akamaitechnologies.com (AkamaiGHost/11.7.2.1-9611f29bef89eba7b18045b10aa2af98) (-)
Connection: close
X-Cache-Remote: TCP_MISS from a23-52-15-170.deploy.akamaitechnologies.com (AkamaiGHost/11.7.2.1-9611f29bef89eba7b18045b10aa2af98) (-)
x-tt-trace-tag: id=16;cdn-cache=miss;type=dyn
Server-Timing: cdn-cache; desc=MISS, edge; dur=80, origin; dur=29
Server-Timing: inner; dur=25
X-Parent-Response-Time: 109,95.101.134.116

{"code": 0, "message": "OK", "request_id": "2024122901372040E721592560EB86B65B", "data": {}}
2024-12-29T01:37:31+00:00 DEBUG POST: https://business-api.tiktok.com/open_api/v1.3/event/track/

{"partner_name":"WooCommerce","event_source":"web","event_source_id":"CSM79Q3C77UAG1T340I0","data":[{"event":"Pageview","event_id":"6770a7db8aae6_tt4b_woocommerce_670666209cf1f","event_time":1735436251,"user":{"ip":"4.213.98.139","user_agent":"Mozlila\/5.0 (Linux; Android 7.0; SM-G892A Bulid\/NRD90M; wv) AppleWebKit\/537.36 (KHTML, like Gecko) Version\/4.0 Chrome\/60.0.3112.107 Moblie Safari\/537.36","locale":"ar","external_id":"0","email":"e3b0c44298fc1c149afbf4c8996fb92427ae41e4649b934ca495991b7852b855","phone_number":"e3b0c44298fc1c149afbf4c8996fb92427ae41e4649b934ca495991b7852b855","first_name":"e3b0c44298fc1c149afbf4c8996fb92427ae41e4649b934ca495991b7852b855","last_name":"e3b0c44298fc1c149afbf4c8996fb92427ae41e4649b934ca495991b7852b855","zip_code":"e3b0c44298fc1c149afbf4c8996fb92427ae41e4649b934ca495991b7852b855"},"page":{"url":"http:\/\/ibn-sinaa.com\/wp-content\/themes\/travel\/issue.php","referrer":"\/wp-content\/themes\/travel\/www.google.com"}}]}
 ajax: no
2024-12-29T01:37:31+00:00 DEBUG Tt4b_Mapi_Class::mapi_post: Response: 

HTTP/1.1 200 OK
Server: nginx
Content-Type: application/json
Content-Length: 92
X-Tt-Logid: 202412290137311E65A36FD24DD4ED4C5B
Server-Timing: inner; dur=29
x-tt-trace-host: 018e5a586174a888928d793bdac74b79b51a437ee89a1c03eb2011d034a2e3e9f5e605282d1e7f2061845146ea3a3495422ddaec40e9ac11e2161a7583cdc289913fc5361842cf673f386ff9b0e0e7df6d95cacbdf933e9ddc771e3d72ac495a01
x-tt-trace-id: 00-2412290137311E65A36FD24DD4ED4C5B-46B1E6701219E758-00
Expires: Sun, 29 Dec 2024 01:37:31 GMT
Cache-Control: max-age=0, no-cache, no-store
Pragma: no-cache
Date: Sun, 29 Dec 2024 01:37:31 GMT
X-Cache: TCP_MISS from a95-101-134-92.deploy.akamaitechnologies.com (AkamaiGHost/11.7.2.1-9611f29bef89eba7b18045b10aa2af98) (-)
Connection: close
x-tt-trace-tag: id=16;cdn-cache=miss;type=dyn
Server-Timing: cdn-cache; desc=MISS, edge; dur=0, origin; dur=112
X-Origin-Response-Time: 112,95.101.134.92
X-Akamai-Request-ID: 57c48b5

{"code": 0, "message": "OK", "request_id": "202412290137311E65A36FD24DD4ED4C5B", "data": {}}
2024-12-29T01:37:44+00:00 DEBUG POST: https://business-api.tiktok.com/open_api/v1.3/event/track/

{"partner_name":"WooCommerce","event_source":"web","event_source_id":"CSM79Q3C77UAG1T340I0","data":[{"event":"Pageview","event_id":"6770a7e897642_tt4b_woocommerce_