2024-12-29T13:39:35+00:00 DEBUG POST: https://business-api.tiktok.com/open_api/v1.3/event/track/

{"partner_name":"WooCommerce","event_source":"web","event_source_id":"CSM79Q3C77UAG1T340I0","data":[{"event":"Pageview","event_id":"677151178c4a0_tt4b_woocommerce_670666209cf1f","event_time":1735479575,"user":{"ip":"157.55.39.61","user_agent":"Mozilla\/5.0 AppleWebKit\/537.36 (KHTML, like Gecko; compatible; bingbot\/2.0; +http:\/\/www.bing.com\/bingbot.htm) Chrome\/116.0.1938.76 Safari\/537.36","locale":"ar","external_id":"0","email":"e3b0c44298fc1c149afbf4c8996fb92427ae41e4649b934ca495991b7852b855","phone_number":"e3b0c44298fc1c149afbf4c8996fb92427ae41e4649b934ca495991b7852b855","first_name":"e3b0c44298fc1c149afbf4c8996fb92427ae41e4649b934ca495991b7852b855","last_name":"e3b0c44298fc1c149afbf4c8996fb92427ae41e4649b934ca495991b7852b855","zip_code":"e3b0c44298fc1c149afbf4c8996fb92427ae41e4649b934ca495991b7852b855"},"page":{"url":"http:\/\/ibn-sinaa.com\/product-category\/digital-printing\/envelopes\/"}}]}
 ajax: no
2024-12-29T13:39:35+00:00 DEBUG Tt4b_Mapi_Class::mapi_post: Response: 

HTTP/1.1 200 OK
Server: nginx
Content-Type: application/json
Content-Length: 92
X-Tt-Logid: 20241229133935D5A6C9D7FEB88612F8A9
Server-Timing: inner; dur=25
x-tt-trace-host: 018e5a586174a888928d793bdac74b79b520593bf434961dbceff88e4b17f9a1569d349bb66677eecc6a9efeb733bed605f160c1cb1f41add8523d5cfccbcf918b6b353fc0a50a01fc9e20e3e9246d423caf67c16c5e92e8d98ff2cf6d4978d506
x-tt-trace-id: 00-241229133935D5A6C9D7FEB88612F8A9-50FE5CC71EF79594-00
Expires: Sun, 29 Dec 2024 13:39:35 GMT
Cache-Control: max-age=0, no-cache, no-store
Pragma: no-cache
Date: Sun, 29 Dec 2024 13:39:35 GMT
X-Cache: TCP_MISS from a95-101-134-116.deploy.akamaitechnologies.com (AkamaiGHost/11.7.2.1-9611f29bef89eba7b18045b10aa2af98) (-)
Connection: close
x-tt-trace-tag: id=16;cdn-cache=miss;type=dyn
Server-Timing: cdn-cache; desc=MISS, edge; dur=0, origin; dur=108
X-Origin-Response-Time: 108,95.101.134.116
X-Akamai-Request-ID: 2936658b

{"code": 0, "message": "OK", "request_id": "20241229133935D5A6C9D7FEB88612F8A9", "data": {}}
2024-12-29T13:41:50+00:00 DEBUG POST: https://business-api.tiktok.com/open_api/v1.3/event/track/

{"partner_name":"WooCommerce","event_source":"web","event_source_id":"CSM79Q3C77UAG1T340I0","data":[{"event":"Pageview","event_id":"6771519e3251e_tt4b_woocommerce_670666209cf1f","event_time":1735479710,"user":{"ip":"157.55.39.60","user_agent":"Mozilla\/5.0 AppleWebKit\/537.36 (KHTML, like Gecko; compatible; bingbot\/2.0; +http:\/\/www.bing.com\/bingbot.htm) Chrome\/116.0.1938.76 Safari\/537.36","locale":"ar","external_id":"0","email":"e3b0c44298fc1c149afbf4c8996fb92427ae41e4649b934ca495991b7852b855","phone_number":"e3b0c44298fc1c149afbf4c8996fb92427ae41e4649b934ca495991b7852b855","first_name":"e3b0c44298fc1c149afbf4c8996fb92427ae41e4649b934ca495991b7852b855","last_name":"e3b0c44298fc1c149afbf4c8996fb92427ae41e4649b934ca495991b7852b855","zip_code":"e3b0c44298fc1c149afbf4c8996fb92427ae41e4649b934ca495991b7852b855"},"page":{"url":"http:\/\/ibn-sinaa.com\/product\/reception-stand-with-lighting\/"}}]}
 ajax: no
2024-12-29T13:41:50+00:00 DEBUG Tt4b_Mapi_Class::mapi_post: Response: 

HTTP/1.1 200 OK
Server: nginx
Content-Type: application/json
Content-Length: 92
X-Tt-Logid: 20241229134150E66EBEBF6CEDB43160F1
x-tt-trace-host: 018e5a586174a888928d793bdac74b79b56517d7628cf0ffdff56b078ad2cf5615f66ce83ac6a20d76f0e298179a0c8264da98dfacd566617c41ca0c5562ce2d46d8ab1bb416e12777527443723604dae54ea4fd8fa2591bf5841e9da239febd0e2ed1a0bdd381b5a4dc290ebe84dae11d
x-tt-trace-id: 00-241229134150E66EBEBF6CEDB43160F1-655E8784472E8BAD-00
X-Origin-Response-Time: 29,23.218.219.51
X-Akamai-Request-ID: 46768db9.deb33d5
Expires: Sun, 29 Dec 2024 13:41:50 GMT
Cache-Control: max-age=0, no-cache, no-store
Pragma: no-cache
Date: Sun, 29 Dec 2024 13:41:50 GMT
X-Cache: TCP_MISS from a95-101-134-92.deploy.akamaitechnologies.com (AkamaiGHost/11.7.2.1-9611f29bef89eba7b18045b10aa2af98) (-)
Connection: close
X-Cache-Remote: TCP_MISS from a23-218-219-51.deploy.akamaitechnologies.com (AkamaiGHost/11.7.2.1-9611f29bef89eba7b18045b10aa2af98) (-)
x-tt-trace-tag: id=16;cdn-cache=miss;type=dyn
Server-Timing: cdn-cache; desc=MISS, edge; dur=89, origin; dur=29
Server-Timing: inner; dur=27
X-Parent-Response-Time: 117,95.101.134.92

{"code": 0, "message": "OK", "request_id": "20241229134150E66EBEBF6CEDB43160F1", "data": {}}
2024-12-29T13:41:50+00:00 DEBUG Tt4b_Pixel_Class::inject_view_content_event: hit ViewContent
2024-12-29T13:41:50+00:00 DEBUG POST: https://business-api.tiktok.com/open_api/v1.3/event/track/

{"partner_name":"WooCommerce","event_source":"web","event_source_id":"CSM79Q3C77UAG1T340I0","data":[{"event":"ViewContent","event_id":"6771519e7b195_tt4b_woocommerce_670666209cf1f_4232","event_time":1735479710,"user":{"ip":"157.55.39.60","user_agent":"Mozilla\/5.0 AppleWebKit\/537.36 (KHTML, like Gecko; compatible; bingbot\/2.0; +http:\/\/www.bing.com\/bingbot.htm) Chrome\/116.0.1938.76 Safari\/537.36","locale":"ar","external_id":"0","email":"e3b0c44298fc1c149afbf4c8996fb92427ae41e4649b934ca495991b7852b855","phone_number":"e3b0c44298fc1c149afbf4c8996fb92427ae41e4649b934ca495991b7852b855","first_name":"e3b0c44298fc1c149afbf4c8996fb92427ae41e4649b934ca495991b7852b855","last_name":"e3b0c44298fc1c149afbf4c8996fb92427ae41e4649b934ca495991b7852b855","zip_code":"e3b0c44298fc1c149afbf4c8996fb92427ae41e4649b934ca495991b7852b855"},"properties":{"contents":[{"price":499,"quantity":1,"content_id":"4232","content_name":"\u0627\u0633\u062a\u0627\u0646\u062f \u0627\u0633\u062a\u0642\u0628\u0627\u0644 \u0645\u0639 \u0627\u0636\u0627\u0621\u0629","description":"\u0637\u0628\u0627\u0639\u0629 \u0627\u0633\u062a\u0627\u0646\u062f \u0627\u0633\u062a\u0642\u0628\u0627\u0644 \u0645\u0639 \u0625\u0636\u0627\u0621\u0629 \u0645\u0646 \u0645\u062a\u062c\u0631 \u0627\u0628\u0646 \u0633\u064a\u0646\u0627 \u0627\u0644\u0625\u0644\u0643\u062a\u0631\u0648\u0646\u064a\u060c \u0645\u0635\u0645\u0645 \u0644\u0625\u0636\u0627\u0641\u0629 \u0644\u0645\u0633\u0629 \u0645\u0646 \u0627\u0644\u0623\u0646\u0627\u0642\u0629 \u0648\u0627\u0644\u0627\u062d\u062a\u0631\u0627\u0641\u064a\u0629 \u0644\u0639\u0631\u0636 \u0645\u0646\u062a\u062c\u0627\u062a\u0643 \u0623\u0648 \u0645\u0648\u0627\u062f\u0643 \u0627\u0644\u0625\u0639\u0644\u0627\u0646\u064a\u0629. \u064a\u062a\u0645\u064a\u0632 \u0647\u0630\u0627 \u0627\u0644\u0627\u0633\u062a\u0627\u0646\u062f \u0628\u062c\u0648\u062f\u0629 \u0639\u0627\u0644\u064a\u0629 \u0648\u062a\u0635\u0645\u064a\u0645 \u0645\u0646\u062d\u0646\u064a \u064a\u0644\u0641\u062a \u0627\u0644\u0623\u0646\u0638\u0627\u0631 \u0648\u064a\u0639\u0632\u0632 \u0645\u0646 \u062c\u0627\u0630\u0628\u064a\u0629 \u0627\u0644\u0639\u0631\u0636.","availability":"IN_STOCK","sale_price":499,"on_sale":false}],"content_type":"product","currency":"SAR","value":499,"event_trigger_source":"WooCommerce"},"page":{"url":"http:\/\/ibn-sinaa.com\/product\/reception-stand-with-lighting\/"}}]}
 ajax: no
2024-12-29T13:41:50+00:00 DEBUG Tt4b_Mapi_Class::mapi_post: Response: 

HTTP/1.1 200 OK
Server: nginx
Content-Type: application/json
Content-Length: 92
X-Tt-Logid: 20241229134150726F8749E36CD7333B96
Server-Timing: inner; dur=38
x-tt-trace-host: 018e5a586174a888928d793bdac74b79b520593bf434961dbceff88e4b17f9a156c36c8d7b4c3f21b3e0dd513bbb6925dacd3313a3b38bf630618ad3a385353806cf7be503b7dcb933e94b7dfda648197ef2b153aeee02071f97909b81aead93b9
x-tt-trace-id: 00-241229134150726F8749E36CD7333B96-31C9456D74304DF0-00
Expires: Sun, 29 Dec 2024 13:41:50 GMT
Cache-Control: max-age=0, no-cache, no-store
Pragma: no-cache
Date: Sun, 29 Dec 2024 13:41:50 GMT
X-Cache: TCP_MISS from a95-101-134-116.deploy.akamaitechnologies.com (AkamaiGHost/11.7.2.1-9611f29bef89eba7b18045b10aa2af98) (-)
Connection: close
x-tt-trace-tag: id=16;cdn-cache=miss;type=dyn
Server-Timing: cdn-cache; desc=MISS, edge; dur=2, origin; dur=117
X-Origin-Response-Time: 119,95.101.134.116
X-Akamai-Request-ID: 293dc85b

{"code": 0, "message": "OK", "request_id": "20241229134150726F8749E36CD7333B96", "data": {}}
2024-12-29T13:47:39+00:00 DEBUG POST: https://business-api.tiktok.com/open_api/v1.3/event/track/

{"partner_name":"WooCommerce","event_source":"web","event_source_id":"CSM79Q3C77UAG1T340I0","data":[{"event":"Pageview","event_id":"677152fbdb8d1_tt4b_woocommerce_670666209cf1f","event_time":1735480059,"user":{"ip":"66.249.66.166","user_agent":"Mozilla\/5.0 (Linux; Android 6.0.1; Nexus 5X Build\/MMB29P) AppleWebKit\/537.36 (KHTML, like Gecko) Chrome\/131.0.6778.139 Mobile Safari\/537.36 (compatible; Googlebot\/2.1; +http:\/\/www.google.com\/bot.html)","locale":"ar","external_id":"0","email":"e3b0c44298fc1c149afbf4c8996fb92427ae41e4649b934ca495991b7852b855","phone_number":"e3b0c44298fc1c149afbf4c8996fb92427ae41e4649b934ca495991b7852b855","first_name":"e3b0c44298fc1c149afbf4c8996fb92427ae41e4649b934ca495991b7852b855","last_name":"e3b0c44298fc1c149afbf4c8996fb92427ae41e4649b934ca495991b7852b855","zip_code":"e3b0c44298fc1c149afbf4c8996fb92427ae41e4649b934ca495991b7852b855"},"page":{"url":"http:\/\/www.ibn-sinaa.com\/en\/product\/%D8%AA%D9%82%D9%88%D9%8A%D9%85-%D8%B5%D9%86%D8%AF%D9%88%D9%82-%D8%AE%D8%B4%D8%A8\/"}}]}
 ajax: no
2024-12-29T13:47:40+00:00 DEBUG Tt4b_Mapi_Class::mapi_post: Response: 

HTTP/1.1 200 OK
Server: nginx
Content-Type: application/json
Content-Length: 92
X-Tt-Logid: 20241229134740A2ED49FC317982E8D1E9
Server-Timing: inner; dur=22
x-tt-trace-host: 018e5a586174a888928d793bdac74b79b520593bf434961dbceff88e4b17f9a156d4908f7e4b833170e304a552b6aaa03674cd5f29c6fc0fe9fbfab72fd5e0bea4ff007f5cfdd45f2573e68ca71caa2a70d0fa5c5d14e3d97f78d63a5ef57629cb
x-tt-trace-id: 00-241229134740A2ED49FC317982E8D1E9-371056A5844B9169-00
Expires: Sun, 29 Dec 2024 13:47:40 GMT
Cache-Control: max-age=0, no-cache, no-store
Pragma: no-cache
Date: Sun, 29 Dec 2024 13:47:40 GMT
X-Cache: TCP_MISS from a95-101-134-116.deploy.akamaitechnologies.com (AkamaiGHost/11.7.2.1-9611f29bef89eba7b18045b10aa2af98) (-)
Connection: close
x-tt-trace-tag: id=16;cdn-cache=miss;type=dyn
Server-Timing: cdn-cache; desc=MISS, edge; dur=0, origin; dur=106
X-Origin-Response-Time: 106,95.101.134.116
X-Akamai-Request-ID: 29543315

{"code": 0, "message": "OK", "request_id": "20241229134740A2ED49FC317982E8D1E9", "data": {}}
2024-12-29T13:49:43+00:00 DEBUG POST: https://business-api.tiktok.com/open_api/v1.3/event/track/

{"partner_name":"WooCommerce","event_source":"web","event_source_id":"CSM79Q3C77UAG1T340I0","data":[{"event":"Pageview","event_id":"677153775f5a2_tt4b_woocommerce_670666209cf1f","event_time":1735480183,"user":{"ip":"66.249.66.166","user_agent":"Mozilla\/5.0 (compatible; Googlebot\/2.1; +http:\/\/www.google.com\/bot.html)","locale":"ar","external_id":"0","email":"e3b0c44298fc1c149afbf4c8996fb92427ae41e4649b934ca495991b7852b855","phone_number":"e3b0c44298fc1c149afbf4c8996fb92427ae41e4649b934ca495991b7852b855","first_name":"e3b0c44298fc1c149afbf4c8996fb92427ae41e4649b934ca495991b7852b855","last_name":"e3b0c44298fc1c149afbf4c8996fb92427ae41e4649b934ca495991b7852b855","zip_code":"e3b0c44298fc1c149afbf4c8996fb92427ae41e4649b934ca495991b7852b855"},"page":{"url":"http:\/\/www.ibn-sinaa.com\/product\/a6-wirebound-notebook-printing\/"}}]}
 ajax: no
2024-12-29T13:49:43+00:00 DEBUG Tt4b_Mapi_Class::mapi_post: Response: 

HTTP/1.1 200 OK
Server: nginx
Content-Type: application/json
Content-Length: 92
X-Tt-Logid: 202412291349436296E32328AA0D01DF90
x-tt-trace-host: 018e5a586174a888928d793bdac74b79b56517d7628cf0ffdff56b078ad2cf5615228df5dabe0f82ab0991701b375c7ebed45f9079c77c6b6b7a6abe72b849921128b764a669d708b00a64b8ac97e04999f26f3cd3ed7a2646184c5ddcf66e28c5ea78be40ab58f29392d5fec39e289fb8
x-tt-trace-id: 00-2412291349436296E32328AA0D01DF90-1B3B1957101FC50B-00
X-Origin-Response-Time: 37,23.55.100.229
X-Akamai-Request-ID: 73677eca.e17a024
Expires: Sun, 29 Dec 2024 13:49:43 GMT
Cache-Control: max-age=0, no-cache, no-store
Pragma: no-cache
Date: Sun, 29 Dec 2024 13:49:43 GMT
X-Cache: TCP_MISS from a95-101-134-92.deploy.akamaitechnologies.com (AkamaiGHost/11.7.2.1-9611f29bef89eba7b18045b10aa2af98) (-)
Connection: close
X-Cache-Remote: TCP_MISS from a23-55-100-229.deploy.akamaitechnologies.com (AkamaiGHost/11.7.2.1-9611f29bef89eba7b18045b10aa2af98) (-)
x-tt-trace-tag: id=16;cdn-cache=miss;type=dyn
Server-Timing: cdn-cache; desc=MISS, edge; dur=82, origin; dur=37
Server-Timing: inner; dur=34
X-Parent-Response-Time: 118,95.101.134.92

{"code": 0, "message": "OK", "request_id": "202412291349436296E32328AA0D01DF90", "data": {}}
2024-12-29T13:49:43+00:00 DEBUG Tt4b_Pixel_Class::inject_view_content_event: hit ViewContent
2024-12-29T13:49:43+00:00 DEBUG POST: https://business-api.tiktok.com/open_api/v1.3/event/track/

{"partner_name":"WooCommerce","event_source":"web","event_source_id":"CSM79Q3C77UAG1T340I0","data":[{"event":"ViewContent","event_id":"67715377a5ca7_tt4b_woocommerce_670666209cf1f_4015","event_time":1735480183,"user":{"ip":"66.249.66.166","user_agent":"Mozilla\/5.0 (compatible; Googlebot\/2.1; +http:\/\/www.google.com\/bot.html)","locale":"ar","external_id":"0","email":"e3b0c44298fc1c149afbf4c8996fb92427ae41e4649b934ca495991b7852b855","phone_number":"e3b0c44298fc1c149afbf4c8996fb92427ae41e4649b934ca495991b7852b855","first_name":"e3b0c44298fc1c149afbf4c8996fb92427ae41e4649b934ca495991b7852b855","last_name":"e3b0c44298fc1c149afbf4c8996fb92427ae41e4649b934ca495991b7852b855","zip_code":"e3b0c44298fc1c149afbf4c8996fb92427ae41e4649b934ca495991b7852b855"},"properties":{"contents":[{"price":59,"quantity":1,"content_id":"4015","content_name":"\u0637\u0628\u0627\u0639\u0629 \u0646\u0648\u062a\u0629 \u063a\u0644\u0627\u0641 \u0633\u0644\u0643 A6","description":".\u0646\u0648\u062a\u0629 \u0645\u0639 \u063a\u0644\u0627\u0641 \u0633\u0644\u0643 \u0645\u0642\u0627\u0633 A6 \u0648\u0648\u0631\u0642 \u062f\u0627\u062e\u0644\u064a \u0627\u0628\u064a\u0636 \u0648 \u0627\u0633\u0648\u062f.\r\n.\u0627\u0644\u0648\u0631\u0642 \u0627\u0644\u062f\u0627\u062e\u0644\u064a: \u0648\u0631\u0642 \u0639\u0627\u062f\u064a 80 \u062c\u0631\u0627\u0645 \u0639\u062f\u062f 50 \u0648\u0631\u0642\u0629 \u060c \u0627\u0644\u063a\u0644\u0627\u0641: \u0648\u0631\u0642 \u0643\u0648\u0634\u064a\u0647 350 \u062c\u0631\u0627\u0645 \u0645\u0639 \u0633\u0644\u0641\u0627\u0646.\r\n.\u0645\u062f\u0629 \u0627\u0644\u062a\u0646\u0641\u064a\u0630 \u0627\u0644\u0645\u062a\u0648\u0642\u0639\u0629: \u0645\u0646 3 \u0625\u0644\u0649 5 \u0623\u064a\u0627\u0645 \u0639\u0645\u0644 \u0628\u0639\u062f \u0627\u0639\u062a\u0645\u0627\u062f \u0627\u0644\u062a\u0635\u0645\u064a\u0645 \u0648\u0627\u0644\u0637\u0644\u0628 \u062d\u0633\u0628 \u0627\u0644\u0643\u0645\u064a\u0629 (\u062a\u0632\u064a\u062f \u0627\u0644\u0645\u062f\u0629 \u0639\u0646\u062f \u0637\u0644\u0628 \u0627\u0644\u0634\u062d\u0646).","availability":"IN_STOCK","sale_price":59,"on_sale":false}],"content_type":"product","currency":"SAR","value":59,"event_trigger_source":"WooCommerce"},"page":{"url":"http:\/\/www.ibn-sinaa.com\/product\/a6-wirebound-notebook-printing\/"}}]}
 ajax: no
2024-12-29T13:49:43+00:00 DEBUG Tt4b_Mapi_Class::mapi_post: Response: 

HTTP/1.1 200 OK
Server: nginx
Content-Type: application/json
Content-Length: 92
X-Tt-Logid: 20241229134943E5B2494689284C831E43
x-tt-trace-host: 018e5a586174a888928d793bdac74b79b519a86797e72c2eba011e03e23beee17d6be5cf7bd78f30ecf80310f702df7d3515305bf420ffafec737855af56e3309362c1762cae171dd9b696ccfa7798eaf4375cb9d13caf70e49c2002987f6bb4ed1d62fe02b169a67f4ce61c25c7940c7b
x-tt-trace-id: 00-241229134943E5B2494689284C831E43-6BC13F1D441A4D63-00
X-Origin-Response-Time: 63,23.213.246.237
X-Akamai-Request-ID: 8fc87c.295bd492
Expires: Sun, 29 Dec 2024 13:49:43 GMT
Cache-Control: max-age=0, no-cache, no-store
Pragma: no-cache
Date: Sun, 29 Dec 2024 13:49:43 GMT
X-Cache: TCP_MISS from a95-101-134-116.deploy.akamaitechnologies.com (AkamaiGHost/11.7.2.1-9611f29bef89eba7b18045b10aa2af98) (-)
Connection: close
X-Cache-Remote: TCP_MISS from a23-213-246-237.deploy.akamaitechnologies.com (AkamaiGHost/11.7.2.1-9611f29bef89eba7b18045b10aa2af98) (-)
x-tt-trace-tag: id=16;cdn-cache=miss;type=dyn
Server-Timing: cdn-cache; desc=MISS, edge; dur=87, origin; dur=63
Server-Timing: inner; dur=57
X-Parent-Response-Time: 149,95.101.134.116

{"code": 0, "message": "OK", "request_id": "20241229134943E5B2494689284C831E43", "data": {}}
2024-12-29T13:50:34+00:00 DEBUG POST: https://business-api.tiktok.com/open_api/v1.3/event/track/

{"partner_name":"WooCommerce","event_source":"web","event_source_id":"CSM79Q3C77UAG1T340I0","data":[{"event":"Pageview","event_id":"677153aa06b17_tt4b_woocommerce_670666209cf1f","event_time":1735480234,"user":{"ip":"193.186.4.95","user_agent":"Mozilla\/5.0 (Windows NT 10.0; Win64; x64) AppleWebKit\/537.36 (KHTML, like Gecko) Chrome\/131.0.0.0 Safari\/537.36","locale":"ar","external_id":"0","email":"e3b0c44298fc1c149afbf4c8996fb92427ae41e4649b934ca495991b7852b855","phone_number":"e3b0c44298fc1c149afbf4c8996fb92427ae41e4649b934ca495991b7852b855","first_name":"e3b0c44298fc1c149afbf4c8996fb92427ae41e4649b934ca495991b7852b855","last_name":"e3b0c44298fc1c149afbf4c8996fb92427ae41e4649b934ca495991b7852b855","zip_code":"e3b0c44298fc1c149afbf4c8996fb92427ae41e4649b934ca495991b7852b855"},"page":{"url":"http:\/\/ibn-sinaa.com\/product\/print-on-cork\/?srsltid=AfmBOoph9mYWw1AS_A47xdho5iZ38MxghV-H3vBxUemiqCegqW4T-QLc"}}]}
 ajax: no
2024-12-29T13:50:34+00:00 DEBUG Tt4b_Mapi_Class::mapi_post: Response: 

HTTP/1.1 200 OK
Server: nginx
Content-Type: application/json
Content-Length: 92
X-Tt-Logid: 202412291350344A2CE133E84801AD0F73
x-tt-trace-host: 018e5a586174a888928d793bdac74b79b519a86797e72c2eba011e03e23beee17d1f99b3e5cf74e0e1384cb35c642c6245e61f8a3241815abca62ba897e0ed8da6ced9b59888ef0005bf38c9f724de22d86f8593680c6a43af2c389f3d214cfcc6c21bff19372c189f183a0462810d99d2
x-tt-trace-id: 00-2412291350344A2CE133E84801AD0F73-78FC26926C8250E4-00
X-Origin-Response-Time: 86,23.218.219.56
X-Akamai-Request-ID: 4e5469ec.295f27a4
Expires: Sun, 29 Dec 2024 13:50:34 GMT
Cache-Control: max-age=0, no-cache, no-store
Pragma: no-cache
Date: Sun, 29 Dec 2024 13:50:34 GMT
X-Cache: TCP_MISS from a95-101-134-116.deploy.akamaitechnologies.com (AkamaiGHost/11.7.2.1-9611f29bef89eba7b18045b10aa2af98) (-)
Connection: close
X-Cache-Remote: TCP_MISS from a23-218-219-56.deploy.akamaitechnologies.com (AkamaiGHost/11.7.2.1-9611f29bef89eba7b18045b10aa2af98) (-)
x-tt-trace-tag: id=16;cdn-cache=miss;type=dyn
Server-Timing: cdn-cache; desc=MISS, edge; dur=81, origin; dur=86
Server-Timing: inner; dur=83
X-Parent-Response-Time: 166,95.101.134.116

{"code": 0, "message": "OK", "request_id": "202412291350344A2CE133E84801AD0F73", "data": {}}
2024-12-29T13:50:34+00:00 DEBUG Tt4b_Pixel_Class::inject_view_content_event: hit ViewContent
2024-12-29T13:50:34+00:00 DEBUG POST: https://business-api.tiktok.com/open_api/v1.3/event/track/

{"partner_name":"WooCommerce","event_source":"web","event_source_id":"CSM79Q3C77UAG1T340I0","data":[{"event":"ViewContent","event_id":"677153aa5a759_tt4b_woocommerce_670666209cf1f_4297","event_time":1735480234,"user":{"ip":"193.186.4.95","user_agent":"Mozilla\/5.0 (Windows NT 10.0; Win64; x64) AppleWebKit\/537.36 (KHTML, like Gecko) Chrome\/131.0.0.0 Safari\/537.36","locale":"ar","external_id":"0","email":"e3b0c44298fc1c149afbf4c8996fb92427ae41e4649b934ca495991b7852b855","phone_number":"e3b0c44298fc1c149afbf4c8996fb92427ae41e4649b934ca495991b7852b855","first_name":"e3b0c44298fc1c149afbf4c8996fb92427ae41e4649b934ca495991b7852b855","last_name":"e3b0c44298fc1c149afbf4c8996fb92427ae41e4649b934ca495991b7852b855","zip_code":"e3b0c44298fc1c149afbf4c8996fb92427ae41e4649b934ca495991b7852b855"},"properties":{"contents":[{"price":70,"quantity":1,"content_id":"4297","content_name":"\u0637\u0628\u0627\u0639\u0647 \u0639\u0644\u0649 \u0641\u0644\u064a\u0646","description":"\u0627\u062d\u0635\u0644 \u0639\u0644\u0649 \u062e\u062f\u0645\u0629 \"\u0637\u0628\u0627\u0639\u0629 \u0639\u0644\u0649 \u0641\u0644\u064a\u0646\" \u0645\u0646 \u0645\u062a\u062c\u0631 \u0645\u0643\u062a\u0628\u0629 \u0627\u0628\u0646 \u0633\u064a\u0646\u0627 \u0627\u0644\u0625\u0644\u0643\u062a\u0631\u0648\u0646\u064a\u060c \u0648\u0627\u0644\u062a\u064a \u062a\u0636\u0645\u0646 \u0644\u0643 \u0639\u0631\u0636\u064b\u0627 \u062c\u0627\u0630\u0628\u064b\u0627 \u0648\u0627\u062d\u062a\u0631\u0627\u0641\u064a\u064b\u0627 \u0644\u0645\u0646\u062a\u062c\u0627\u062a\u0643 \u0623\u0648 \u0645\u0648\u0627\u062f\u0643 \u0627\u0644\u0625\u0639\u0644\u0627\u0646\u064a\u0629. \u064a\u062a\u0645\u064a\u0632 \u0647\u0630\u0627 \u0627\u0644\u0646\u0648\u0639 \u0645\u0646 \u0627\u0644\u0637\u0628\u0627\u0639\u0629 \u0628\u062c\u0648\u062f\u0629 \u0639\u0627\u0644\u064a\u0629 \u0648\u062a\u0635\u0645\u064a\u0645\u0627\u062a \u0645\u062a\u0642\u062f\u0645\u0629 \u062a\u0644\u0628\u064a \u0627\u062d\u062a\u064a\u0627\u062c\u0627\u062a\u0643 \u0627\u0644\u0645\u062a\u0646\u0648\u0639\u0629.","availability":"IN_STOCK","sale_price":70,"on_sale":false}],"content_type":"product","currency":"SAR","value":70,"event_trigger_source":"WooCommerce"},"page":{"url":"http:\/\/ibn-sinaa.com\/product\/print-on-cork\/?srsltid=AfmBOoph9mYWw1AS_A47xdho5iZ38MxghV-H3vBxUemiqCegqW4T-QLc"}}]}
 ajax: no
2024-12-29T13:50:34+00:00 DEBUG Tt4b_Mapi_Class::mapi_post: Response: 

HTTP/1.1 200 OK
Server: nginx
Content-Type: application/json
Content-Length: 92
X-Tt-Logid: 20241229135034902B01DD2EF7B4CA649C
Server-Timing: inner; dur=34
x-tt-trace-host: 018e5a586174a888928d793bdac74b79b51a437ee89a1c03eb2011d034a2e3e9f544cae1e3f9978db33d7107161e0f6adc051a3a88a47cc75771084db044a1d67f65e3030b33e710835958c143502203108a36140e4a9cdbab6c052f8227f01f82
x-tt-trace-id: 00-241229135034902B01DD2EF7B4CA649C-072BE5133ED7F23F-00
Expires: Sun, 29 Dec 2024 13:50:34 GMT
Cache-Control: max-age=0, no-cache, no-store
Pragma: no-cache
Date: Sun, 29 Dec 2024 13:50:34 GMT
X-Cache: TCP_MISS from a95-101-134-92.deploy.akamaitechnologies.com (AkamaiGHost/11.7.2.1-9611f29bef89eba7b18045b10aa2af98) (-)
Connection: close
x-tt-trace-tag: id=16;cdn-cache=miss;type=dyn
Server-Timing: cdn-cache; desc=MISS, edge; dur=0, origin; dur=117
X-Origin-Response-Time: 117,95.101.134.92
X-Akamai-Request-ID: e1c31a4

{"code": 0, "message": "OK", "request_id": "20241229135034902B01DD2EF7B4CA649C", "data": {}}
2024-12-29T13:55:39+00:00 DEBUG POST: https://business-api.tiktok.com/open_api/v1.3/event/track/

{"partner_name":"WooCommerce","event_source":"web","event_source_id":"CSM79Q3C77UAG1T340I0","data":[{"event":"Pageview","event_id":"677154db61934_tt4b_woocommerce_670666209cf1f","event_time":1735480539,"user":{"ip":"157.55.39.51","user_agent":"Mozilla\/5.0 AppleWebKit\/537.36 (KHTML, like Gecko; compatible; bingbot\/2.0; +http:\/\/www.bing.com\/bingbot.htm) Chrome\/116.0.1938.76 Safari\/537.36","locale":"ar","external_id":"0","email":"e3b0c44298fc1c149afbf4c8996fb92427ae41e4649b934ca495991b7852b855","phone_number":"e3b0c44298fc1c149afbf4c8996fb92427ae41e4649b934ca495991b7852b855","first_name":"e3b0c44298fc1c149afbf4c8996fb92427ae41e4649b934ca495991b7852b855","last_name":"e3b0c44298fc1c149afbf4c8996fb92427ae41e4649b934ca495991b7852b855","zip_code":"e3b0c44298fc1c149afbf4c8996fb92427ae41e4649b934ca495991b7852b855"},"page":{"url":"http:\/\/ibn-sinaa.com\/product\/school-records-islamic-education\/"}}]}
 ajax: no
2024-12-29T13:55:39+00:00 DEBUG Tt4b_Mapi_Class::mapi_post: Response: 

HTTP/1.1 200 OK
Server: nginx
Content-Type: application/json
Content-Length: 92
X-Tt-Logid: 202412291355391320CD686CA062CA321F
x-tt-trace-host: 018e5a586174a888928d793bdac74b79b519a86797e72c2eba011e03e23beee17d004ea8baff7edfa5c776e29e5d137b074fbf3c9ffe60ae843268430cef9b37ef4e2cb635066f4bc8e9ab6517b0de87af8f7eac6760df5875b37d36b811c1dc8d68718af58a904f62108e5490472e606f
x-tt-trace-id: 00-2412291355391320CD686CA062CA321F-0BB68318346C873A-00
X-Origin-Response-Time: 27,23.218.219.13
X-Akamai-Request-ID: 6fc3dcf9.29744244
Expires: Sun, 29 Dec 2024 13:55:39 GMT
Cache-Control: max-age=0, no-cache, no-store
Pragma: no-cache
Date: Sun, 29 Dec 2024 13:55:39 GMT
X-Cache: TCP_MISS from a95-101-134-116.deploy.akamaitechnologies.com (AkamaiGHost/11.7.2.1-9611f29bef89eba7b18045b10aa2af98) (-)
Connection: close
X-Cache-Remote: TCP_MISS from a23-218-219-13.deploy.akamaitechnologies.com (AkamaiGHost/11.7.2.1-9611f29bef89eba7b18045b10aa2af98) (-)
x-tt-trace-tag: id=16;cdn-cache=miss;type=dyn
Server-Timing: cdn-cache; desc=MISS, edge; dur=80, origin; dur=27
Server-Timing: inner; dur=23
X-Parent-Response-Time: 107,95.101.134.116

{"code": 0, "message": "OK", "request_id": "202412291355391320CD686CA062CA321F", "data": {}}
2024-12-29T13:55:39+00:00 DEBUG Tt4b_Pixel_Class::inject_view_content_event: hit ViewContent
2024-12-29T13:55:39+00:00 DEBUG POST: https://business-api.tiktok.com/open_api/v1.3/event/track/

{"partner_name":"WooCommerce","event_source":"web","event_source_id":"CSM79Q3C77UAG1T340I0","data":[{"event":"ViewContent","event_id":"677154dbb006e_tt4b_woocommerce_670666209cf1f_4079","event_time":1735480539,"user":{"ip":"157.55.39.51","user_agent":"Mozilla\/5.0 AppleWebKit\/537.36 (KHTML, like Gecko; compatible; bingbot\/2.0; +http:\/\/www.bing.com\/bingbot.htm) Chrome\/116.0.1938.76 Safari\/537.36","locale":"ar","external_id":"0","email":"e3b0c44298fc1c149afbf4c8996fb92427ae41e4649b934ca495991b7852b855","phone_number":"e3b0c44298fc1c149afbf4c8996fb92427ae41e4649b934ca495991b7852b855","first_name":"e3b0c44298fc1c149afbf4c8996fb92427ae41e4649b934ca495991b7852b855","last_name":"e3b0c44298fc1c149afbf4c8996fb92427ae41e4649b934ca495991b7852b855","zip_code":"e3b0c44298fc1c149afbf4c8996fb92427ae41e4649b934ca495991b7852b855"},"properties":{"contents":[{"price":65,"quantity":1,"content_id":"4079","content_name":"\u0633\u062c\u0644\u0627\u062a \u0645\u0627\u062f\u0629 \u0627\u0644\u062a\u0631\u0628\u064a\u0629 \u0627\u0644\u0627\u0633\u0644\u0627\u0645\u064a\u0629","description":". \u0637\u0628\u0627\u0639\u0647 \u0633\u062c\u0644\u0627\u062a \u0645\u062f\u0631\u0633\u064a\u0629 \u0627\u062d\u062a\u0631\u0627\u0641\u064a\u0629 \u062e\u0627\u0645\u062a\u0647\u0627 \u0643\u0631\u062a\u0648\u0646 2000 \u062c\u0631\u0627\u0645,\u062a\u0636\u0627\u0641 \u0637\u0628\u0642\u0629 \u062d\u0645\u0627\u064a\u0647 \u0627\u0633\u062a\u064a\u0643\u0631 \u0645\u0639 \u0633\u0644\u0648\u0641\u0627\u0646 \u0644\u0627\u0645\u0639.\r\n. \u0645\u062a\u0648\u0641\u0631 \u0628 \u0627\u062d\u062c\u0627\u0645 \u0645\u062e\u062a\u0644\u0641\u0647 ( \u0635\u063a\u064a\u0631, \u0648\u0633\u0637 , \u0643\u0628\u064a\u0631 ).\r\n. \u064a\u062a\u0633\u0639 \u0627\u0644\u0645\u0642\u0627\u0633 \u0627\u0644\u0635\u063a\u064a\u0631 ( \u0645\u0646 50 \u0627\u0644\u0649 150 \u0648\u0631\u0642\u0629 )\r\n. \u064a\u062a\u0633\u0639 \u0627\u0644\u0648\u0633\u0637 ( \u0645\u0646 150 \u0627\u0644\u0649 300 \u0648\u0631\u0642\u0629 )\r\n. \u0627\u0644\u0643\u0628\u064a\u0631 ( \u0645\u0646 300 \u0627\u0644\u0649 400 \u0648\u0631\u0642\u0629 ).\r\n. \u0645\u062f\u0629 \u0627\u0644\u062a\u0646\u0641\u064a\u0630 : 3-5 \u0627\u064a\u0627\u0645 \u0648\u062a\u0632\u064a\u062f \u0627\u0644\u0645\u062f\u0629 \u0639\u0646 \u0637\u0644\u0628 \u0627\u0644\u0634\u062d\u0646.","availability":"IN_STOCK","sale_price":65,"on_sale":false}],"content_type":"product","currency":"SAR","value":65,"event_trigger_source":"WooCommerce"},"page":{"url":"http:\/\/ibn-sinaa.com\/product\/school-records-islamic-education\/"}}]}
 ajax: no
2024-12-29T13:55:39+00:00 DEBUG Tt4b_Mapi_Class::mapi_post: Response: 

HTTP/1.1 200 OK
Server: nginx
Content-Type: application/json
Content-Length: 92
X-Tt-Logid: 202412291355397F7A648E6A5C2E61A973
Server-Timing: inner; dur=32
x-tt-trace-host: 018e5a586174a888928d793bdac74b79b51a437ee89a1c03eb2011d034a2e3e9f55c80304090f2e984d73575f6ecc9b5981e9fee997bf848eedf3ddb188d70effaa2c664419cf04aee166d664e65ede57ca0df68ebac9c7c4b894b307faf9dbed1
x-tt-trace-id: 00-2412291355397F7A648E6A5C2E61A973-007D462B4216628B-00
Expires: Sun, 29 Dec 2024 13:55:39 GMT
Cache-Control: max-age=0, no-cache, no-store
Pragma: no-cache
Date: Sun, 29 Dec 2024 13:55:39 GMT
X-Cache: TCP_MISS from a95-101-134-92.deploy.akamaitechnologies.com (AkamaiGHost/11.7.2.1-9611f29bef89eba7b18045b10aa2af98) (-)
Connection: close
x-tt-trace-tag: id=16;cdn-cache=miss;type=dyn
Server-Timing: cdn-cache; desc=MISS, edge; dur=1, origin; dur=114
X-Origin-Response-Time: 115,95.101.134.92
X-Akamai-Request-ID: e346985

{"code": 0, "message": "OK", "request_id": "202412291355397F7A648E6A5C2E61A973", "data": {}}
2024-12-29T13:57:14+00:00 DEBUG POST: https://business-api.tiktok.com/open_api/v1.3/event/track/

{"partner_name":"WooCommerce","event_source":"web","event_source_id":"CSM79Q3C77UAG1T340I0","data":[{"event":"Pageview","event_id":"6771553a7ca8a_tt4b_woocommerce_670666209cf1f","event_time":1735480634,"user":{"ip":"180.102.110.165","user_agent":"Sogou web spider\/4.0(+http:\/\/www.sogou.com\/docs\/help\/webmasters.htm#07)","locale":"ar","external_id":"0","email":"e3b0c44298fc1c149afbf4c8996fb92427ae41e4649b934ca495991b7852b855","phone_number":"e3b0c44298fc1c149afbf4c8996fb92427ae41e4649b934ca495991b7852b855","first_name":"e3b0c44298fc1c149afbf4c8996fb92427ae41e4649b934ca495991b7852b855","last_name":"e3b0c44298fc1c149afbf4c8996fb92427ae41e4649b934ca495991b7852b855","zip_code":"e3b0c44298fc1c149afbf4c8996fb92427ae41e4649b934ca495991b7852b855"},"page":{"url":"http:\/\/www.ibn-sinaa.com\/"}}]}
 ajax: no
2024-12-29T13:57:14+00:00 DEBUG Tt4b_Mapi_Class::mapi_post: Response: 

HTTP/1.1 200 OK
Server: nginx
Content-Type: application/json
Content-Length: 92
X-Tt-Logid: 202412291357146C21366857B11DCB2EED
Server-Timing: inner; dur=25
x-tt-trace-host: 018e5a586174a888928d793bdac74b79b51a437ee89a1c03eb2011d034a2e3e9f512b18e79958bf66dc197bdff320a6e5e937ba05c65a871defef0b0533255cd1b416b8455ce6ec5a818b496ff4c0ecffff56bcabfd56e096a0834324ea330a765
x-tt-trace-id: 00-2412291357146C21366857B11DCB2EED-2091CD8A7F46B9D9-00
Expires: Sun, 29 Dec 2024 13:57:14 GMT
Cache-Control: max-age=0, no-cache, no-store
Pragma: no-cache
Date: Sun, 29 Dec 2024 13:57:14 GMT
X-Cache: TCP_MISS from a95-101-134-92.deploy.akamaitechnologies.com (AkamaiGHost/11.7.2.1-9611f29bef89eba7b18045b10aa2af98) (-)
Connection: close
x-tt-trace-tag: id=16;cdn-cache=miss;type=dyn
Server-Timing: cdn-cache; desc=MISS, edge; dur=0, origin; dur=109
X-Origin-Response-Time: 109,95.101.134.92
X-Akamai-Request-ID: e3d5b05

{"code": 0, "message": "OK", "request_id": "202412291357146C21366857B11DCB2EED", "data": {}}
2024-12-29T13:58:53+00:00 DEBUG POST: https://business-api.tiktok.com/open_api/v1.3/event/track/

{"partner_name":"WooCommerce","event_source":"web","event_source_id":"CSM79Q3C77UAG1T340I0","data":[{"event":"Pageview","event_id":"6771559da1e8a_tt4b_woocommerce_670666209cf1f","event_time":1735480733,"user":{"ip":"197.134.248.30","user_agent":"Mozilla\/5.0 (Windows NT 10.0; Win64; x64) AppleWebKit\/537.36 (KHTML, like Gecko) Chrome\/131.0.0.0 Safari\/537.36","locale":"ar","external_id":"1","email":"12d1c9af965c58a2b107c343361ece72f81466a995a43e43290230ce7bec8820"},"page":{"url":"http:\/\/ibn-sinaa.com\/","referrer":"https:\/\/ibn-sinaa.com\/wp-admin\/"}}]}
 ajax: no
2024-12-29T13:58:53+00:00 DEBUG Tt4b_Mapi_Class::mapi_post: Response: 

HTTP/1.1 200 OK
Server: nginx
Content-Type: application/json
Content-Length: 92
X-Tt-Logid: 20241229135853CB0C8D25B66100AC390E
x-tt-trace-host: 018e5a586174a888928d793bdac74b79b519a86797e72c2eba011e03e23beee17d4b59978c809817c6e3b410ad533853ac70b078e75bc54f91509c71699994e864c6f7c96792d631550eb3f04f9dfd36cc92683d0ad62cb4d5ca47bf633e1ee0486fcddf3cfe6ac6855361bbe13c3e6744
x-tt-trace-id: 00-241229135853CB0C8D25B66100AC390E-51D515A157DC818E-00
X-Origin-Response-Time: 48,23.218.219.22
X-Akamai-Request-ID: 46c6d72f.2984c48d
Expires: Sun, 29 Dec 2024 13:58:53 GMT
Cache-Control: max-age=0, no-cache, no-store
Pragma: no-cache
Date: Sun, 29 Dec 2024 13:58:53 GMT
X-Cache: TCP_MISS from a95-101-134-116.deploy.akamaitechnologies.com (AkamaiGHost/11.7.2.1-9611f29bef89eba7b18045b10aa2af98) (-)
Connection: close
X-Cache-Remote: TCP_MISS from a23-218-219-22.deploy.akamaitechnologies.com (AkamaiGHost/11.7.2.1-9611f29bef89eba7b18045b10aa2af98) (-)
x-tt-trace-tag: id=16;cdn-cache=miss;type=dyn
Server-Timing: cdn-cache; desc=MISS, edge; dur=82, origin; dur=48
Server-Timing: inner; dur=45
X-Parent-Response-Time: 129,95.101.134.116

{"code": 0, "message": "OK", "request_id": "20241229135853CB0C8D25B66100AC390E", "data": {}}
2024-12-29T13:59:06+00:00 DEBUG POST: https://business-api.tiktok.com/open_api/v1.3/event/track/

{"partner_name":"WooCommerce","event_source":"web","event_source_id":"CSM79Q3C77UAG1T340I0","data":[{"event":"Pageview","event_id":"677155aa0d2ee_tt4b_woocommerce_670666209cf1f","event_time":1735480746,"user":{"ip":"197.134.250.188","user_agent":"Mozilla\/5.0 (Windows NT 10.0; Win64; x64) AppleWebKit\/537.36 (KHTML, like Gecko) Chrome\/131.0.0.0 Safari\/537.36","locale":"ar","external_id":"1","email":"12d1c9af965c58a2b107c343361ece72f81466a995a43e43290230ce7bec8820"},"page":{"url":"http:\/\/ibn-sinaa.com\/wp-admin\/undefinedjetpack\/v4\/site\/benefits?_cacheBuster=1735480742799","referrer":"https:\/\/ibn-sinaa.com\/wp-admin\/plugins.php"}}]}
 ajax: no
2024-12-29T13:59:06+00:00 DEBUG Tt4b_Mapi_Class::mapi_post: Response: 

HTTP/1.1 200 OK
Server: nginx
Content-Type: application/json
Content-Length: 92
X-Tt-Logid: 2024122913590675AB8531408902CD4676
Server-Timing: inner; dur=24
x-tt-trace-host: 018e5a586174a888928d793bdac74b79b51a437ee89a1c03eb2011d034a2e3e9f59259a2cb2228721c4ea38c99e7d2ebf12c45da65e20ac30f950b7f21f32908a9a2c31a2d7797184aab89f76362c3c24ca20269a17288bd5cee188d8b07c538df
x-tt-trace-id: 00-24122913590675AB8531408902CD4676-676EF35073143FD6-00
Expires: Sun, 29 Dec 2024 13:59:06 GMT
Cache-Control: max-age=0, no-cache, no-store
Pragma: no-cache
Date: Sun, 29 Dec 2024 13:59:06 GMT
X-Cache: TCP_MISS from a95-101-134-92.deploy.akamaitechnologies.com (AkamaiGHost/11.7.2.1-9611f29bef89eba7b18045b10aa2af98) (-)
Connection: close
x-tt-trace-tag: id=16;cdn-cache=miss;type=dyn
Server-Timing: cdn-cache; desc=MISS, edge; dur=2, origin; dur=111
X-Origin-Response-Time: 112,95.101.134.92
X-Akamai-Request-ID: e46e01c

{"code": 0, "message": "OK", "request_id": "2024122913590675AB8531408902CD4676", "data": {}}
2024-12-29T13:59:07+00:00 DEBUG POST: https://business-api.tiktok.com/open_api/v1.3/event/track/

{"partner_name":"WooCommerce","event_source":"web","event_source_id":"CSM79Q3C77UAG1T340I0","data":[{"event":"Pageview","event_id":"677155abcbd98_tt4b_woocommerce_670666209cf1f","event_time":1735480747,"user":{"ip":"197.134.250.188","user_agent":"Mozilla\/5.0 (Windows NT 10.0; Win64; x64) AppleWebKit\/537.36 (KHTML, like Gecko) Chrome\/131.0.0.0 Safari\/537.36","locale":"ar","external_id":"1","email":"12d1c9af965c58a2b107c343361ece72f81466a995a43e43290230ce7bec8820"},"page":{"url":"http:\/\/ibn-sinaa.com\/wp-admin\/undefinedjetpack\/v4\/connection\/data?_cacheBuster=1735480742800","referrer":"https:\/\/ibn-sinaa.com\/wp-admin\/plugins.php"}}]}
 ajax: no
2024-12-29T13:59:08+00:00 DEBUG Tt4b_Mapi_Class::mapi_post: Response: 

HTTP/1.1 200 OK
Server: nginx
Content-Type: application/json
Content-Length: 92
X-Tt-Logid: 202412291359083A832FE4EA9DAE1121B0
x-tt-trace-host: 018e5a586174a888928d793bdac74b79b56517d7628cf0ffdff56b078ad2cf56158fee0a4ea9ce088c65cc7f923a5568ee15c39adf18dd9d2f5b27fba491ce9efed4076a521d88432cc30d84c72d7286fd5e021ca4e0c34bdda34615a9789c1a19bf690f96031a84add0997c2216a61402
x-tt-trace-id: 00-2412291359083A832FE4EA9DAE1121B0-08D7D56E2F64D92C-00
X-Origin-Response-Time: 31,23.218.219.63
X-Akamai-Request-ID: e4c62e4.e470b92
Expires: Sun, 29 Dec 2024 13:59:08 GMT
Cache-Control: max-age=0, no-cache, no-store
Pragma: no-cache
Date: Sun, 29 Dec 2024 13:59:08 GMT
X-Cache: TCP_MISS from a95-101-134-92.deploy.akamaitechnologies.com (AkamaiGHost/11.7.2.1-9611f29bef89eba7b18045b10aa2af98) (-)
Connection: close
X-Cache-Remote: TCP_MISS from a23-218-219-63.deploy.akamaitechnologies.com (AkamaiGHost/11.7.2.1-9611f29bef89eba7b18045b10aa2af98) (-)
x-tt-trace-tag: id=16;cdn-cache=miss;type=dyn
Server-Timing: cdn-cache; desc=MISS, edge; dur=83, origin; dur=31
Server-Timing: inner; dur=29
X-Parent-Response-Time: 113,95.101.134.92

{"code": 0, "message": "OK", "request_id": "202412291359083A832FE4EA9DAE1121B0", "data": {}}
2024-12-29T14:00:10+00:00 DEBUG POST: https://business-api.tiktok.com/open_api/v1.3/event/track/

{"partner_name":"WooCommerce","event_source":"web","event_source_id":"CSM79Q3C77UAG1T340I0","data":[{"event":"Pageview","event_id":"677155ea9cb92_tt4b_woocommerce_670666209cf1f","event_time":1735480810,"user":{"ip":"62.210.13.154","user_agent":"WordPress\/6.7.1; https:\/\/ibn-sinaa.com","locale":"ar","external_id":"0","email":"e3b0c44298fc1c149afbf4c8996fb92427ae41e4649b934ca495991b7852b855","phone_number":"e3b0c44298fc1c149afbf4c8996fb92427ae41e4649b934ca495991b7852b855","first_name":"e3b0c44298fc1c149afbf4c8996fb92427ae41e4649b934ca495991b7852b855","last_name":"e3b0c44298fc1c149afbf4c8996fb92427ae41e4649b934ca495991b7852b855","zip_code":"e3b0c44298fc1c149afbf4c8996fb92427ae41e4649b934ca495991b7852b855"},"page":{"url":"http:\/\/ibn-sinaa.com\/wp-content\/uploads\/woocommerce_uploads\/"}}]}
 ajax: no
2024-12-29T14:00:10+00:00 DEBUG Tt4b_Mapi_Class::mapi_post: Response: 

HTTP/1.1 200 OK
Server: nginx
Content-Type: application/json
Content-Length: 92
X-Tt-Logid: 20241229140010A54CB1F2BCC227B0B265
x-tt-trace-host: 018e5a586174a888928d793bdac74b79b519a86797e72c2eba011e03e23beee17da4ecc4bbfeb8dd8a2295dbd663c3986889df6c2a188f7ab695fa9bf6cf05e65361c4d49538cdd7aee653ed10423c913217a7edbe76d982d3405525864c68b69069918f9ed4be314662f2228180c533c6
x-tt-trace-id: 00-241229140010A54CB1F2BCC227B0B265-269D5BE62F327D88-00
X-Origin-Response-Time: 34,23.218.219.39
X-Akamai-Request-ID: 56840eae.298b4d3f
Expires: Sun, 29 Dec 2024 14:00:10 GMT
Cache-Control: max-age=0, no-cache, no-store
Pragma: no-cache
Date: Sun, 29 Dec 2024 14:00:10 GMT
X-Cache: TCP_MISS from a95-101-134-116.deploy.akamaitechnologies.com (AkamaiGHost/11.7.2.1-9611f29bef89eba7b18045b10aa2af98) (-)
Connection: close
X-Cache-Remote: TCP_MISS from a23-218-219-39.deploy.akamaitechnologies.com (AkamaiGHost/11.7.2.1-9611f29bef89eba7b18045b10aa2af98) (-)
x-tt-trace-tag: id=16;cdn-cache=miss;type=dyn
Server-Timing: cdn-cache; desc=MISS, edge; dur=107, origin; dur=34
Server-Timing: inner; dur=29
X-Parent-Response-Time: 137,95.101.134.116

{"code": 0, "message": "OK", "request_id": "20241229140010A54CB1F2BCC227B0B265", "data": {}}
2024-12-29T14:00:11+00:00 DEBUG POST: https://business-api.tiktok.com/open_api/v1.3/event/track/

{"partner_name":"WooCommerce","event_source":"web","event_source_id":"CSM79Q3C77UAG1T340I0","data":[{"event":"Pageview","event_id":"677155eb70930_tt4b_woocommerce_670666209cf1f","event_time":1735480811,"user":{"ip":"62.210.13.154","user_agent":"WordPress\/6.7.1; https:\/\/ibn-sinaa.com","locale":"ar","external_id":"0","email":"e3b0c44298fc1c149afbf4c8996fb92427ae41e4649b934ca495991b7852b855","phone_number":"e3b0c44298fc1c149afbf4c8996fb92427ae41e4649b934ca495991b7852b855","first_name":"e3b0c44298fc1c149afbf4c8996fb92427ae41e4649b934ca495991b7852b855","last_name":"e3b0c44298fc1c149afbf4c8996fb92427ae41e4649b934ca495991b7852b855","zip_code":"e3b0c44298fc1c149afbf4c8996fb92427ae41e4649b934ca495991b7852b855"},"page":{"url":"http:\/\/ibn-sinaa.com\/wp-content\/uploads\/woocommerce_uploads\/"}}]}
 ajax: no
2024-12-29T14:00:11+00:00 DEBUG Tt4b_Mapi_Class::mapi_post: Response: 

HTTP/1.1 200 OK
Server: nginx
Content-Type: application/json
Content-Length: 92
X-Tt-Logid: 20241229140011C8D014A1790BAFCC9E0D
x-tt-trace-host: 018e5a586174a888928d793bdac74b79b56517d7628cf0ffdff56b078ad2cf5615577e1e1535dc3e087ee70d52a758e6d4c1dda71739034be536fcc36f8cf7621c769b002bfa6dfcd06ddf7c797ddddcb4ddcb904ab8a109d66d4a2d24d46ff4cd0c2ec1116702a083b4c71270e0c9768d
x-tt-trace-id: 00-241229140011C8D014A1790BAFCC9E0D-3BFEA196474796F3-00
X-Origin-Response-Time: 31,23.218.219.13
X-Akamai-Request-ID: 6fcf6e29.e4c8392
Expires: Sun, 29 Dec 2024 14:00:11 GMT
Cache-Control: max-age=0, no-cache, no-store
Pragma: no-cache
Date: Sun, 29 Dec 2024 14:00:11 GMT
X-Cache: TCP_MISS from a95-101-134-92.deploy.akamaitechnologies.com (AkamaiGHost/11.7.2.1-9611f29bef89eba7b18045b10aa2af98) (-)
Connection: close
X-Cache-Remote: TCP_MISS from a23-218-219-13.deploy.akamaitechnologies.com (AkamaiGHost/11.7.2.1-9611f29bef89eba7b18045b10aa2af98) (-)
x-tt-trace-tag: id=16;cdn-cache=miss;type=dyn
Server-Timing: cdn-cache; desc=MISS, edge; dur=82, origin; dur=31
Server-Timing: inner; dur=28
X-Parent-Response-Time: 112,95.101.134.92

{"code": 0, "message": "OK", "request_id": "20241229140011C8D014A1790BAFCC9E0D", "data": {}}
2024-12-29T14:01:00+00:00 DEBUG POST: https://business-api.tiktok.com/open_api/v1.3/event/track/

{"partner_name":"WooCommerce","event_source":"web","event_source_id":"CSM79Q3C77UAG1T340I0","data":[{"event":"Pageview","event_id":"6771561ca56e8_tt4b_woocommerce_670666209cf1f","event_time":1735480860,"user":{"ip":"197.134.248.30","user_agent":"Mozilla\/5.0 (Windows NT 10.0; Win64; x64) AppleWebKit\/537.36 (KHTML, like Gecko) Chrome\/131.0.0.0 Safari\/537.36","locale":"ar","external_id":"1","ttp":"xLtx8NLe22XyqbD29nYmxlJoHng.tt.1","email":"12d1c9af965c58a2b107c343361ece72f81466a995a43e43290230ce7bec8820"},"page":{"url":"http:\/\/ibn-sinaa.com\/","referrer":"https:\/\/ibn-sinaa.com\/wp-admin\/plugins.php"}}]}
 ajax: no
2024-12-29T14:01:00+00:00 DEBUG Tt4b_Mapi_Class::mapi_post: Response: 

HTTP/1.1 200 OK
Server: nginx
Content-Type: application/json
Content-Length: 92
X-Tt-Logid: 20241229140100CA4FE61F97A216FE27DE
x-tt-trace-host: 018e5a586174a888928d793bdac74b79b519a86797e72c2eba011e03e23beee17d66f35b39f27032443c4fda53c9dfbec2e14d272caee5258b559e4658890039db5a841fb7631628a8c620aa112503ab6059712f86ba63ae6634dba55a3b9d538f3be441e00ac451adcff7cbd760e8eeea
x-tt-trace-id: 00-241229140100CA4FE61F97A216FE27DE-1BF09D3713ADCF1F-00
X-Origin-Response-Time: 68,23.52.15.231
X-Akamai-Request-ID: cd1841a4.298f6c11
Expires: Sun, 29 Dec 2024 14:01:00 GMT
Cache-Control: max-age=0, no-cache, no-store
Pragma: no-cache
Date: Sun, 29 Dec 2024 14:01:00 GMT
X-Cache: TCP_MISS from a95-101-134-116.deploy.akamaitechnologies.com (AkamaiGHost/11.7.2.1-9611f29bef89eba7b18045b10aa2af98) (-)
Connection: close
X-Cache-Remote: TCP_MISS from a23-52-15-231.deploy.akamaitechnologies.com (AkamaiGHost/11.7.2.1-9611f29bef89eba7b18045b10aa2af98) (-)
x-tt-trace-tag: id=16;cdn-cache=miss;type=dyn
Server-Timing: cdn-cache; desc=MISS, edge; dur=79, origin; dur=68
Server-Timing: inner; dur=64
X-Parent-Response-Time: 147,95.101.134.116

{"code": 0, "message": "OK", "request_id": "20241229140100CA4FE61F97A216FE27DE", "data": {}}
2024-12-29T14:01:14+00:00 DEBUG POST: https://business-api.tiktok.com/open_api/v1.3/event/track/

{"partner_name":"WooCommerce","event_source":"web","event_source_id":"CSM79Q3C77UAG1T340I0","data":[{"event":"Pageview","event_id":"6771562ade399_tt4b_woocommerce_670666209cf1f","event_time":1735480874,"user":{"ip":"149.109.110.25","user_agent":"Mozilla\/5.0 (iPhone; CPU iPhone OS 16_1_2 like Mac OS X) AppleWebKit\/605.1.15 (KHTML, like Gecko) Version\/16.1 Mobile\/15E148 Safari\/604.1","locale":"ar","external_id":"0","email":"e3b0c44298fc1c149afbf4c8996fb92427ae41e4649b934ca495991b7852b855","phone_number":"e3b0c44298fc1c149afbf4c8996fb92427ae41e4649b934ca495991b7852b855","first_name":"e3b0c44298fc1c149afbf4c8996fb92427ae41e4649b934ca495991b7852b855","last_name":"e3b0c44298fc1c149afbf4c8996fb92427ae41e4649b934ca495991b7852b855","zip_code":"e3b0c44298fc1c149afbf4c8996fb92427ae41e4649b934ca495991b7852b855"},"page":{"url":"http:\/\/www.ibn-sinaa.com\/product\/plastic-cards-printing\/?srsltid=AfmBOor0JPLiZNA3DCoqMYXFQh3_QPH5d9P_m5AGB1z_JlRaB8bq1mXO"}}]}
 ajax: no
2024-12-29T14:01:15+00:00 DEBUG Tt4b_Mapi_Class::mapi_post: Response: 

HTTP/1.1 200 OK
Server: nginx
Content-Type: application/json
Content-Length: 92
X-Tt-Logid: 202412291401152FB2DF5E55E160ABE863
x-tt-trace-host: 018e5a586174a888928d793bdac74b79b519a86797e72c2eba011e03e23beee17dd7bcf481031583f8a86de7171413ab78019a8b1babbd873c2362adfd8c8b2e71eb34f2c00c6f9bc1aab7be83173e0acbb22e6c62336b8888946b79ab974fe7cfd7df8d6ee6a554ee163ade783f9c02ad
x-tt-trace-id: 00-2412291401152FB2DF5E55E160ABE863-6E0E1ACB0E950DE2-00
X-Origin-Response-Time: 24,23.52.15.170
X-Akamai-Request-ID: eebc275.2990874b
Expires: Sun, 29 Dec 2024 14:01:15 GMT
Cache-Control: max-age=0, no-cache, no-store
Pragma: no-cache
Date: Sun, 29 Dec 2024 14:01:15 GMT
X-Cache: TCP_MISS from a95-101-134-116.deploy.akamaitechnologies.com (AkamaiGHost/11.7.2.1-9611f29bef89eba7b18045b10aa2af98) (-)
Connection: close
X-Cache-Remote: TCP_MISS from a23-52-15-170.deploy.akamaitechnologies.com (AkamaiGHost/11.7.2.1-9611f29bef89eba7b18045b10aa2af98) (-)
x-tt-trace-tag: id=16;cdn-cache=miss;type=dyn
Server-Timing: cdn-cache; desc=MISS, edge; dur=82, origin; dur=24
Server-Timing: inner; dur=21
X-Parent-Response-Time: 104,95.101.134.116

{"code": 0, "message": "OK", "request_id": "202412291401152FB2DF5E55E160ABE863", "data": {}}
2024-12-29T14:01:15+00:00 DEBUG Tt4b_Pixel_Class::inject_view_content_event: hit ViewContent
2024-12-29T14:01:15+00:00 DEBUG POST: https://business-api.tiktok.com/open_api/v1.3/event/track/

{"partner_name":"WooCommerce","event_source":"web","event_source_id":"CSM79Q3C77UAG1T340I0","data":[{"event":"ViewContent","event_id":"6771562b2b890_tt4b_woocommerce_670666209cf1f_2948","event_time":1735480875,"user":{"ip":"149.109.110.25","user_agent":"Mozilla\/5.0 (iPhone; CPU iPhone OS 16_1_2 like Mac OS X) AppleWebKit\/605.1.15 (KHTML, like Gecko) Version\/16.1 Mobile\/15E148 Safari\/604.1","locale":"ar","external_id":"0","email":"e3b0c44298fc1c149afbf4c8996fb92427ae41e4649b934ca495991b7852b855","phone_number":"e3b0c44298fc1c149afbf4c8996fb92427ae41e4649b934ca495991b7852b855","first_name":"e3b0c44298fc1c149afbf4c8996fb92427ae41e4649b934ca495991b7852b855","last_name":"e3b0c44298fc1c149afbf4c8996fb92427ae41e4649b934ca495991b7852b855","zip_code":"e3b0c44298fc1c149afbf4c8996fb92427ae41e4649b934ca495991b7852b855"},"properties":{"contents":[{"price":85,"quantity":1,"content_id":"2948","content_name":"\u0637\u0628\u0627\u0639\u0629 \u0643\u0631\u0648\u062a \u0628\u0644\u0627\u0633\u062a\u064a\u0643","description":"<ul>\r\n \t<li>\u0643\u0631\u0648\u062a \u0634\u062e\u0635\u064a\u0629 \u0645\u0635\u0646\u0648\u0639\u0629 \u0645\u0646 \u0648\u0631\u0642 \u062e\u0627\u0635 \u0645\u062e\u0644\u0648\u0637 \u0645\u0639 \u0627\u0644\u0628\u0644\u0627\u0633\u062a\u064a\u0643 \u0644\u064a\u0639\u0637\u064a \u0645\u0642\u0627\u0648\u0645\u0629 \u0644\u0644\u0633\u0648\u0627\u0626\u0644 \u0648\u0644\u0644\u0642\u0637\u0639.<\/li>\r\n \t<li>\u0645\u062f\u0629 \u0627\u0644\u062a\u0646\u0641\u064a\u0630 \u0627\u0644\u0645\u062a\u0648\u0642\u0639\u0629: 1 \u2013 3 \u0623\u064a\u0627\u0645 \u0639\u0645\u0644 \u0628\u0639\u062f \u062a\u0623\u0643\u064a\u062f \u0627\u0644\u0637\u0644\u0628 \u0648\u0627\u0644\u062a\u0635\u0645\u064a\u0645 \u0648\u062d\u0633\u0628 \u0627\u0644\u0643\u0645\u064a\u0629 (\u062a\u0632\u064a\u062f \u0627\u0644\u0645\u062f\u0629 \u0639\u0646\u062f \u0637\u0644\u0628 \u0627\u0644\u0634\u062d\u0646).<\/li>\r\n<\/ul>","availability":"IN_STOCK","sale_price":85,"on_sale":false}],"content_type":"product","currency":"SAR","value":85,"event_trigger_source":"WooCommerce"},"page":{"url":"http:\/\/www.ibn-sinaa.com\/product\/plastic-cards-printing\/?srsltid=AfmBOor0JPLiZNA3DCoqMYXFQh3_QPH5d9P_m5AGB1z_JlRaB8bq1mXO"}}]}
 ajax: no
2024-12-29T14:01:15+00:00 DEBUG Tt4b_Mapi_Class::mapi_post: Response: 

HTTP/1.1 200 OK
Server: nginx
Content-Type: application/json
Content-Length: 92
X-Tt-Logid: 20241229140115399F82CC8C95017146A9
Server-Timing: inner; dur=29
x-tt-trace-host: 018e5a586174a888928d793bdac74b79b520593bf434961dbceff88e4b17f9a1566153a58a2dce3280890bb821a90bb5351e60c3bab33f5a161b3d1057254de2e7e1e6e2696a4c2a4e11510f8abd819ef5202b2e3c19138a67edf5e75565793b7f
x-tt-trace-id: 00-241229140115399F82CC8C95017146A9-7E54CB71518231DD-00
Expires: Sun, 29 Dec 2024 14:01:15 GMT
Cache-Control: max-age=0, no-cache, no-store
Pragma: no-cache
Date: Sun, 29 Dec 2024 14:01:15 GMT
X-Cache: TCP_MISS from a95-101-134-116.deploy.akamaitechnologies.com (AkamaiGHost/11.7.2.1-9611f29bef89eba7b18045b10aa2af98) (-)
Connection: close
x-tt-trace-tag: id=16;cdn-cache=miss;type=dyn
Server-Timing: cdn-cache; desc=MISS, edge; dur=0, origin; dur=113
X-Origin-Response-Time: 113,95.101.134.116
X-Akamai-Request-ID: 29908cdd

{"code": 0, "message": "OK", "request_id": "20241229140115399F82CC8C95017146A9", "data": {}}
2024-12-29T14:01:21+00:00 DEBUG POST: https://business-api.tiktok.com/open_api/v1.3/event/track/

{"partner_name":"WooCommerce","event_source":"web","event_source_id":"CSM79Q3C77UAG1T340I0","data":[{"event":"Pageview","event_id":"6771563113d1d_tt4b_woocommerce_670666209cf1f","event_time":1735480881,"user":{"ip":"197.134.250.188","user_agent":"Mozilla\/5.0 (Windows NT 10.0; Win64; x64) AppleWebKit\/537.36 (KHTML, like Gecko) Chrome\/131.0.0.0 Safari\/537.36","locale":"ar","external_id":"0","email":"e3b0c44298fc1c149afbf4c8996fb92427ae41e4649b934ca495991b7852b855","phone_number":"e3b0c44298fc1c149afbf4c8996fb92427ae41e4649b934ca495991b7852b855","first_name":"e3b0c44298fc1c149afbf4c8996fb92427ae41e4649b934ca495991b7852b855","last_name":"e3b0c44298fc1c149afbf4c8996fb92427ae41e4649b934ca495991b7852b855","zip_code":"e3b0c44298fc1c149afbf4c8996fb92427ae41e4649b934ca495991b7852b855"},"page":{"url":"http:\/\/ibn-sinaa.com\/"}}]}
 ajax: no
2024-12-29T14:01:21+00:00 DEBUG Tt4b_Mapi_Class::mapi_post: Response: 

HTTP/1.1 200 OK
Server: nginx
Content-Type: application/json
Content-Length: 92
X-Tt-Logid: 20241229140121E4FF387D38D974FD2D84
x-tt-trace-host: 018e5a586174a888928d793bdac74b79b519a86797e72c2eba011e03e23beee17dd8b3721a2bd0d338d46b7355a7c54e7acc538bd66e07184c4a1250a3570e2e90e1508be51619404835913c69dbfec02a95d2700814df3f22d6936f42914b52ec8a177fa21b59f0b43f9db637fe0ecbf4
x-tt-trace-id: 00-241229140121E4FF387D38D974FD2D84-7E54CB71518318E2-00
X-Origin-Response-Time: 176,23.218.219.19
X-Akamai-Request-ID: c473604.299107f5
Expires: Sun, 29 Dec 2024 14:01:21 GMT
Cache-Control: max-age=0, no-cache, no-store
Pragma: no-cache
Date: Sun, 29 Dec 2024 14:01:21 GMT
X-Cache: TCP_MISS from a95-101-134-116.deploy.akamaitechnologies.com (AkamaiGHost/11.7.2.1-9611f29bef89eba7b18045b10aa2af98) (-)
Connection: close
X-Cache-Remote: TCP_MISS from a23-218-219-19.deploy.akamaitechnologies.com (AkamaiGHost/11.7.2.1-9611f29bef89eba7b18045b10aa2af98) (-)
x-tt-trace-tag: id=16;cdn-cache=miss;type=dyn
Server-Timing: cdn-cache; desc=MISS, edge; dur=80, origin; dur=176
Server-Timing: inner; dur=173
X-Parent-Response-Time: 256,95.101.134.116

{"code": 0, "message": "OK", "request_id": "20241229140121E4FF387D38D974FD2D84", "data": {}}
2024-12-29T14:01:23+00:00 DEBUG POST: https://business-api.tiktok.com/open_api/v1.3/event/track/

{"partner_name":"WooCommerce","event_source":"web","event_source_id":"CSM79Q3C77UAG1T340I0","data":[{"event":"Pageview","event_id":"6771563380b4c_tt4b_woocommerce_670666209cf1f","event_time":1735480883,"user":{"ip":"149.109.110.25","user_agent":"Mozilla\/5.0 (iPhone; CPU iPhone OS 16_1_2 like Mac OS X) AppleWebKit\/605.1.15 (KHTML, like Gecko) Version\/16.1 Mobile\/15E148 Safari\/604.1","locale":"ar","external_id":"0","ttp":"d1b86qKR1oraBpOhZsrk2RdTDJn.tt.1","email":"e3b0c44298fc1c149afbf4c8996fb92427ae41e4649b934ca495991b7852b855","phone_number":"e3b0c44298fc1c149afbf4c8996fb92427ae41e4649b934ca495991b7852b855","first_name":"e3b0c44298fc1c149afbf4c8996fb92427ae41e4649b934ca495991b7852b855","last_name":"e3b0c44298fc1c149afbf4c8996fb92427ae41e4649b934ca495991b7852b855","zip_code":"e3b0c44298fc1c149afbf4c8996fb92427ae41e4649b934ca495991b7852b855"},"page":{"url":"http:\/\/www.ibn-sinaa.com\/product\/plastic-cards-printing\/?srsltid=AfmBOor0JPLiZNA3DCoqMYXFQh3_QPH5d9P_m5AGB1z_JlRaB8bq1mXO"}}]}
 ajax: no
2024-12-29T14:01:23+00:00 DEBUG Tt4b_Mapi_Class::mapi_post: Response: 

HTTP/1.1 200 OK
Server: nginx
Content-Type: application/json
Content-Length: 92
X-Tt-Logid: 202412291401237F7D06CF2DC4C92063D4
Server-Timing: inner; dur=34
x-tt-trace-host: 018e5a586174a888928d793bdac74b79b520593bf434961dbceff88e4b17f9a1563ac0cfbc1cc98092977e3b33d7cf1725c86eb56bcfb4583712bf23397f7f04d97cddde4332a3ecfb59cbbd1d61835233c615c78bbce4fd506f5229e0bf02cbe8
x-tt-trace-id: 00-2412291401237F7D06CF2DC4C92063D4-6D390AAC558B7A24-00
Expires: Sun, 29 Dec 2024 14:01:23 GMT
Cache-Control: max-age=0, no-cache, no-store
Pragma: no-cache
Date: Sun, 29 Dec 2024 14:01:23 GMT
X-Cache: TCP_MISS from a95-101-134-116.deploy.akamaitechnologies.com (AkamaiGHost/11.7.2.1-9611f29bef89eba7b18045b10aa2af98) (-)
Connection: close
x-tt-trace-tag: id=16;cdn-cache=miss;type=dyn
Server-Timing: cdn-cache; desc=MISS, edge; dur=0, origin; dur=115
X-Origin-Response-Time: 115,95.101.134.116
X-Akamai-Request-ID: 29913a75

{"code": 0, "message": "OK", "request_id": "202412291401237F7D06CF2DC4C92063D4", "data": {}}
2024-12-29T14:01:23+00:00 DEBUG Tt4b_Pixel_Class::inject_view_content_event: hit ViewContent
2024-12-29T14:01:23+00:00 DEBUG POST: https://business-api.tiktok.com/open_api/v1.3/event/track/

{"partner_name":"WooCommerce","event_source":"web","event_source_id":"CSM79Q3C77UAG1T340I0","data":[{"event":"ViewContent","event_id":"67715633ca009_tt4b_woocommerce_670666209cf1f_2948","event_time":1735480883,"user":{"ip":"149.109.110.25","user_agent":"Mozilla\/5.0 (iPhone; CPU iPhone OS 16_1_2 like Mac OS X) AppleWebKit\/605.1.15 (KHTML, like Gecko) Version\/16.1 Mobile\/15E148 Safari\/604.1","locale":"ar","external_id":"0","ttp":"d1b86qKR1oraBpOhZsrk2RdTDJn.tt.1","email":"e3b0c44298fc1c149afbf4c8996fb92427ae41e4649b934ca495991b7852b855","phone_number":"e3b0c44298fc1c149afbf4c8996fb92427ae41e4649b934ca495991b7852b855","first_name":"e3b0c44298fc1c149afbf4c8996fb92427ae41e4649b934ca495991b7852b855","last_name":"e3b0c44298fc1c149afbf4c8996fb92427ae41e4649b934ca495991b7852b855","zip_code":"e3b0c44298fc1c149afbf4c8996fb92427ae41e4649b934ca495991b7852b855"},"properties":{"contents":[{"price":85,"quantity":1,"content_id":"2948","content_name":"\u0637\u0628\u0627\u0639\u0629 \u0643\u0631\u0648\u062a \u0628\u0644\u0627\u0633\u062a\u064a\u0643","description":"<ul>\r\n \t<li>\u0643\u0631\u0648\u062a \u0634\u062e\u0635\u064a\u0629 \u0645\u0635\u0646\u0648\u0639\u0629 \u0645\u0646 \u0648\u0631\u0642 \u062e\u0627\u0635 \u0645\u062e\u0644\u0648\u0637 \u0645\u0639 \u0627\u0644\u0628\u0644\u0627\u0633\u062a\u064a\u0643 \u0644\u064a\u0639\u0637\u064a \u0645\u0642\u0627\u0648\u0645\u0629 \u0644\u0644\u0633\u0648\u0627\u0626\u0644 \u0648\u0644\u0644\u0642\u0637\u0639.<\/li>\r\n \t<li>\u0645\u062f\u0629 \u0627\u0644\u062a\u0646\u0641\u064a\u0630 \u0627\u0644\u0645\u062a\u0648\u0642\u0639\u0629: 1 \u2013 3 \u0623\u064a\u0627\u0645 \u0639\u0645\u0644 \u0628\u0639\u062f \u062a\u0623\u0643\u064a\u062f \u0627\u0644\u0637\u0644\u0628 \u0648\u0627\u0644\u062a\u0635\u0645\u064a\u0645 \u0648\u062d\u0633\u0628 \u0627\u0644\u0643\u0645\u064a\u0629 (\u062a\u0632\u064a\u062f \u0627\u0644\u0645\u062f\u0629 \u0639\u0646\u062f \u0637\u0644\u0628 \u0627\u0644\u0634\u062d\u0646).<\/li>\r\n<\/ul>","availability":"IN_STOCK","sale_price":85,"on_sale":false}],"content_type":"product","currency":"SAR","value":85,"event_trigger_source":"WooCommerce"},"page":{"url":"http:\/\/www.ibn-sinaa.com\/product\/plastic-cards-printing\/?srsltid=AfmBOor0JPLiZNA3DCoqMYXFQh3_QPH5d9P_m5AGB1z_JlRaB8bq1mXO"}}]}
 ajax: no
2024-12-29T14:01:23+00:00 DEBUG Tt4b_Mapi_Class::mapi_post: Response: 

HTTP/1.1 200 OK
Server: nginx
Content-Type: application/json
Content-Length: 92
X-Tt-Logid: 2024122914012371D419D11219BF1D3254
x-tt-trace-host: 018e5a586174a888928d793bdac74b79b519a86797e72c2eba011e03e23beee17dec9e6ed9797fe11e20fe620a54ae977cd750ee488755ce67609fdf34cfe9d3c3f6899f768c92807a52cafb66823199f10ec6ea3faf53824e895a04b8559812275a29e2d4c7487da3f10184bd5996cd30
x-tt-trace-id: 00-24122914012371D419D11219BF1D3254-32E4F7AB66431069-00
X-Origin-Response-Time: 38,23.55.100.229
X-Akamai-Request-ID: 73a45a45.299140f0
Expires: Sun, 29 Dec 2024 14:01:23 GMT
Cache-Control: max-age=0, no-cache, no-store
Pragma: no-cache
Date: Sun, 29 Dec 2024 14:01:23 GMT
X-Cache: TCP_MISS from a95-101-134-116.deploy.akamaitechnologies.com (AkamaiGHost/11.7.2.1-9611f29bef89eba7b18045b10aa2af98) (-)
Connection: close
X-Cache-Remote: TCP_MISS from a23-55-100-229.deploy.akamaitechnologies.com (AkamaiGHost/11.7.2.1-9611f29bef89eba7b18045b10aa2af98) (-)
x-tt-trace-tag: id=16;cdn-cache=miss;type=dyn
Server-Timing: cdn-cache; desc=MISS, edge; dur=81, origin; dur=38
Server-Timing: inner; dur=35
X-Parent-Response-Time: 118,95.101.134.116

{"code": 0, "message": "OK", "request_id": "2024122914012371D419D11219BF1D3254", "data": {}}
2024-12-29T14:01:27+00:00 DEBUG POST: https://business-api.tiktok.com/open_api/v1.3/event/track/

{"partner_name":"WooCommerce","event_source":"web","event_source_id":"CSM79Q3C77UAG1T340I0","data":[{"event":"Pageview","event_id":"677156379a826_tt4b_woocommerce_670666209cf1f","event_time":1735480887,"user":{"ip":"197.134.250.188","user_agent":"Mozilla\/5.0 (Windows NT 10.0; Win64; x64) AppleWebKit\/537.36 (KHTML, like Gecko) Chrome\/131.0.0.0 Safari\/537.36","locale":"ar","external_id":"0","email":"e3b0c44298fc1c149afbf4c8996fb92427ae41e4649b934ca495991b7852b855","phone_number":"e3b0c44298fc1c149afbf4c8996fb92427ae41e4649b934ca495991b7852b855","first_name":"e3b0c44298fc1c149afbf4c8996fb92427ae41e4649b934ca495991b7852b855","last_name":"e3b0c44298fc1c149afbf4c8996fb92427ae41e4649b934ca495991b7852b855","zip_code":"e3b0c44298fc1c149afbf4c8996fb92427ae41e4649b934ca495991b7852b855"},"page":{"url":"http:\/\/ibn-sinaa.com\/"}}]}
 ajax: no
2024-12-29T14:01:27+00:00 DEBUG Tt4b_Mapi_Class::mapi_post: Response: 

HTTP/1.1 200 OK
Server: nginx
Content-Type: application/json
Content-Length: 92
X-Tt-Logid: 2024122914012765FB7C747E711C8B53CE
x-tt-trace-host: 018e5a586174a888928d793bdac74b79b519a86797e72c2eba011e03e23beee17d90f7935ab636d31a600acfd93a2582af75fa682eb3287cf9dca8558bbbec06dade0262500abe298cc8cd79c735c188c5797f464ed487bcba08ac2250cb3840245eed6aa17b816c1e9f8c1770bd457d65
x-tt-trace-id: 00-24122914012765FB7C747E711C8B53CE-7DCD1BA87F07EE0F-00
X-Origin-Response-Time: 30,23.207.199.7
X-Akamai-Request-ID: 17eed3d2.299197e7
Expires: Sun, 29 Dec 2024 14:01:27 GMT
Cache-Control: max-age=0, no-cache, no-store
Pragma: no-cache
Date: Sun, 29 Dec 2024 14:01:27 GMT
X-Cache: TCP_MISS from a95-101-134-116.deploy.akamaitechnologies.com (AkamaiGHost/11.7.2.1-9611f29bef89eba7b18045b10aa2af98) (-)
Connection: close
X-Cache-Remote: TCP_MISS from a23-207-199-7.deploy.akamaitechnologies.com (AkamaiGHost/11.7.2.1-9611f29bef89eba7b18045b10aa2af98) (-)
x-tt-trace-tag: id=16;cdn-cache=miss;type=dyn
Server-Timing: cdn-cache; desc=MISS, edge; dur=86, origin; dur=30
Server-Timing: inner; dur=28
X-Parent-Response-Time: 114,95.101.134.116

{"code": 0, "message": "OK", "request_id": "2024122914012765FB7C747E711C8B53CE", "data": {}}
2024-12-29T14:01:32+00:00 DEBUG POST: https://business-api.tiktok.com/open_api/v1.3/event/track/

{"partner_name":"WooCommerce","event_source":"web","event_source_id":"CSM79Q3C77UAG1T340I0","data":[{"event":"Pageview","event_id":"6771563c2a8bf_tt4b_woocommerce_670666209cf1f","event_time":1735480892,"user":{"ip":"197.134.250.188","user_agent":"Mozilla\/5.0 (Windows NT 10.0; Win64; x64) AppleWebKit\/537.36 (KHTML, like Gecko) Chrome\/131.0.0.0 Safari\/537.36","locale":"ar","external_id":"0","email":"e3b0c44298fc1c149afbf4c8996fb92427ae41e4649b934ca495991b7852b855","phone_number":"e3b0c44298fc1c149afbf4c8996fb92427ae41e4649b934ca495991b7852b855","first_name":"e3b0c44298fc1c149afbf4c8996fb92427ae41e4649b934ca495991b7852b855","last_name":"e3b0c44298fc1c149afbf4c8996fb92427ae41e4649b934ca495991b7852b855","zip_code":"e3b0c44298fc1c149afbf4c8996fb92427ae41e4649b934ca495991b7852b855"},"page":{"url":"http:\/\/ibn-sinaa.com\/"}}]}
 ajax: no
2024-12-29T14:01:32+00:00 DEBUG Tt4b_Mapi_Class::mapi_post: Response: 

HTTP/1.1 200 OK
Server: nginx
Content-Type: application/json
Content-Length: 92
X-Tt-Logid: 2024122914013210335E67FFCDC2561C75
Server-Timing: inner; dur=22
x-tt-trace-host: 018e5a586174a888928d793bdac74b79b520593bf434961dbceff88e4b17f9a1568330d5268c34aad04c6ef02d2cff58fb757c3b0b5808f5d96e6822d866c87dc517801a9496f906b5fe5face423d89cbe6856759ccbc3794cee58204c007c959e
x-tt-trace-id: 00-24122914013210335E67FFCDC2561C75-6D497CBC7E6FAE4A-00
Expires: Sun, 29 Dec 2024 14:01:32 GMT
Cache-Control: max-age=0, no-cache, no-store
Pragma: no-cache
Date: Sun, 29 Dec 2024 14:01:32 GMT
X-Cache: TCP_MISS from a95-101-134-116.deploy.akamaitechnologies.com (AkamaiGHost/11.7.2.1-9611f29bef89eba7b18045b10aa2af98) (-)
Connection: close
x-tt-trace-tag: id=16;cdn-cache=miss;type=dyn
Server-Timing: cdn-cache; desc=MISS, edge; dur=6, origin; dur=106
X-Origin-Response-Time: 106,95.101.134.116
X-Akamai-Request-ID: 299202ef

{"code": 0, "message": "OK", "request_id": "2024122914013210335E67FFCDC2561C75", "data": {}}
2024-12-29T14:01:36+00:00 DEBUG POST: https://business-api.tiktok.com/open_api/v1.3/event/track/

{"partner_name":"WooCommerce","event_source":"web","event_source_id":"CSM79Q3C77UAG1T340I0","data":[{"event":"Pageview","event_id":"67715640afea5_tt4b_woocommerce_670666209cf1f","event_time":1735480896,"user":{"ip":"197.134.250.188","user_agent":"Mozilla\/5.0 (Windows NT 10.0; Win64; x64) AppleWebKit\/537.36 (KHTML, like Gecko) Chrome\/131.0.0.0 Safari\/537.36","locale":"ar","external_id":"0","email":"e3b0c44298fc1c149afbf4c8996fb92427ae41e4649b934ca495991b7852b855","phone_number":"e3b0c44298fc1c149afbf4c8996fb92427ae41e4649b934ca495991b7852b855","first_name":"e3b0c44298fc1c149afbf4c8996fb92427ae41e4649b934ca495991b7852b855","last_name":"e3b0c44298fc1c149afbf4c8996fb92427ae41e4649b934ca495991b7852b855","zip_code":"e3b0c44298fc1c149afbf4c8996fb92427ae41e4649b934ca495991b7852b855"},"page":{"url":"http:\/\/ibn-sinaa.com\/"}}]}
 ajax: no
2024-12-29T14:01:36+00:00 DEBUG Tt4b_Mapi_Class::mapi_post: Response: 

HTTP/1.1 200 OK
Server: nginx
Content-Type: application/json
Content-Length: 92
X-Tt-Logid: 2024122914013668A5AB822BEF5C27BB40
x-tt-trace-host: 018e5a586174a888928d793bdac74b79b519a86797e72c2eba011e03e23beee17d5ccdd42bbf80e0ab2ea9a51de061eac8d0d4dc7f9b853fcb3a28daaeb11ffade9d961b7bbef30d2a4f581b04b11cc76f4b1051581a19793bf8867d3b50275e684b55b815086e55fe8e72846da3a2a96e
x-tt-trace-id: 00-24122914013668A5AB822BEF5C27BB40-0C9429EF3D5649E3-00
X-Origin-Response-Time: 33,23.218.219.36
X-Akamai-Request-ID: 1bf226e9.29927086
Expires: Sun, 29 Dec 2024 14:01:36 GMT
Cache-Control: max-age=0, no-cache, no-store
Pragma: no-cache
Date: Sun, 29 Dec 2024 14:01:36 GMT
X-Cache: TCP_MISS from a95-101-134-116.deploy.akamaitechnologies.com (AkamaiGHost/11.7.2.1-9611f29bef89eba7b18045b10aa2af98) (-)
Connection: close
X-Cache-Remote: TCP_MISS from a23-218-219-36.deploy.akamaitechnologies.com (AkamaiGHost/11.7.2.1-9611f29bef89eba7b18045b10aa2af98) (-)
x-tt-trace-tag: id=16;cdn-cache=miss;type=dyn
Server-Timing: cdn-cache; desc=MISS, edge; dur=96, origin; dur=33
Server-Timing: inner; dur=29
X-Parent-Response-Time: 120,95.101.134.116

{"code": 0, "message": "OK", "request_id": "2024122914013668A5AB822BEF5C27BB40", "data": {}}
2024-12-29T14:01:41+00:00 DEBUG POST: https://business-api.tiktok.com/open_api/v1.3/event/track/

{"partner_name":"WooCommerce","event_source":"web","event_source_id":"CSM79Q3C77UAG1T340I0","data":[{"event":"Pageview","event_id":"677156454a5d9_tt4b_woocommerce_670666209cf1f","event_time":1735480901,"user":{"ip":"197.134.250.188","user_agent":"Mozilla\/5.0 (Windows NT 10.0; Win64; x64) AppleWebKit\/537.36 (KHTML, like Gecko) Chrome\/131.0.0.0 Safari\/537.36","locale":"ar","external_id":"0","email":"e3b0c44298fc1c149afbf4c8996fb92427ae41e4649b934ca495991b7852b855","phone_number":"e3b0c44298fc1c149afbf4c8996fb92427ae41e4649b934ca495991b7852b855","first_name":"e3b0c44298fc1c149afbf4c8996fb92427ae41e4649b934ca495991b7852b855","last_name":"e3b0c44298fc1c149afbf4c8996fb92427ae41e4649b934ca495991b7852b855","zip_code":"e3b0c44298fc1c149afbf4c8996fb92427ae41e4649b934ca495991b7852b855"},"page":{"url":"http:\/\/ibn-sinaa.com\/"}}]}
 ajax: no
2024-12-29T14:01:41+00:00 DEBUG Tt4b_Mapi_Class::mapi_post: Response: 

HTTP/1.1 200 OK
Server: nginx
Content-Type: application/json
Content-Length: 92
X-Tt-Logid: 202412291401417354305B39471434C2ED
x-tt-trace-host: 018e5a586174a888928d793bdac74b79b519a86797e72c2eba011e03e23beee17d90f7935ab636d31a600acfd93a2582affe34e272452f52e44bfee07a673421f41afa92798c077b0f08245f4950657b00a0224e36a7579a1c0dc4525336a14fca005b4f95271ba19ddcb8763b85e0c4db
x-tt-trace-id: 00-2412291401417354305B39471434C2ED-6BC13F1D446FA776-00
X-Origin-Response-Time: 36,23.207.199.7
X-Akamai-Request-ID: 17ef49ca.2992dca4
Expires: Sun, 29 Dec 2024 14:01:41 GMT
Cache-Control: max-age=0, no-cache, no-store
Pragma: no-cache
Date: Sun, 29 Dec 2024 14:01:41 GMT
X-Cache: TCP_MISS from a95-101-134-116.deploy.akamaitechnologies.com (AkamaiGHost/11.7.2.1-9611f29bef89eba7b18045b10aa2af98) (-)
Connection: close
X-Cache-Remote: TCP_MISS from a23-207-199-7.deploy.akamaitechnologies.com (AkamaiGHost/11.7.2.1-9611f29bef89eba7b18045b10aa2af98) (-)
x-tt-trace-tag: id=16;cdn-cache=miss;type=dyn
Server-Timing: cdn-cache; desc=MISS, edge; dur=92, origin; dur=36
Server-Timing: inner; dur=30
X-Parent-Response-Time: 128,95.101.134.116

{"code": 0, "message": "OK", "request_id": "202412291401417354305B39471434C2ED", "data": {}}
2024-12-29T14:01:45+00:00 DEBUG POST: https://business-api.tiktok.com/open_api/v1.3/event/track/

{"partner_name":"WooCommerce","event_source":"web","event_source_id":"CSM79Q3C77UAG1T340I0","data":[{"event":"Pageview","event_id":"67715649e47a3_tt4b_woocommerce_670666209cf1f","event_time":1735480905,"user":{"ip":"197.134.250.188","user_agent":"Mozilla\/5.0 (Windows NT 10.0; Win64; x64) AppleWebKit\/537.36 (KHTML, like Gecko) Chrome\/131.0.0.0 Safari\/537.36","locale":"ar","external_id":"0","email":"e3b0c44298fc1c149afbf4c8996fb92427ae41e4649b934ca495991b7852b855","phone_number":"e3b0c44298fc1c149afbf4c8996fb92427ae41e4649b934ca495991b7852b855","first_name":"e3b0c44298fc1c149afbf4c8996fb92427ae41e4649b934ca495991b7852b855","last_name":"e3b0c44298fc1c149afbf4c8996fb92427ae41e4649b934ca495991b7852b855","zip_code":"e3b0c44298fc1c149afbf4c8996fb92427ae41e4649b934ca495991b7852b855"},"page":{"url":"http:\/\/ibn-sinaa.com\/"}}]}
 ajax: no
2024-12-29T14:01:46+00:00 DEBUG Tt4b_Mapi_Class::mapi_post: Response: 

HTTP/1.1 200 OK
Server: nginx
Content-Type: application/json
Content-Length: 92
X-Tt-Logid: 20241229140146CCE90EEF1E6840AF5787
Server-Timing: inner; dur=24
x-tt-trace-host: 018e5a586174a888928d793bdac74b79b51a437ee89a1c03eb2011d034a2e3e9f54752c23c39c6cfe3833f25e235e99f6779135e01370e663a3335a9c7d8c31c56e49181fe3e8067a2e0f7a6c37d7c8aa0740cd446f52f18e2d696cb5b4a880e99
x-tt-trace-id: 00-241229140146CCE90EEF1E6840AF5787-041ABBD976B7ACBF-00
Expires: Sun, 29 Dec 2024 14:01:46 GMT
Cache-Control: max-age=0, no-cache, no-store
Pragma: no-cache
Date: Sun, 29 Dec 2024 14:01:46 GMT
X-Cache: TCP_MISS from a95-101-134-92.deploy.akamaitechnologies.com (AkamaiGHost/11.7.2.1-9611f29bef89eba7b18045b10aa2af98) (-)
Connection: close
x-tt-trace-tag: id=16;cdn-cache=miss;type=dyn
Server-Timing: cdn-cache; desc=MISS, edge; dur=0, origin; dur=107
X-Origin-Response-Time: 107,95.101.134.92
X-Akamai-Request-ID: e545cfd

{"code": 0, "message": "OK", "request_id": "20241229140146CCE90EEF1E6840AF5787", "data": {}}
2024-12-29T14:01:50+00:00 DEBUG POST: https://business-api.tiktok.com/open_api/v1.3/event/track/

{"partner_name":"WooCommerce","event_source":"web","event_source_id":"CSM79Q3C77UAG1T340I0","data":[{"event":"Pageview","event_id":"6771564eae2e1_tt4b_woocommerce_670666209cf1f","event_time":1735480910,"user":{"ip":"197.134.250.188","user_agent":"Mozilla\/5.0 (Windows NT 10.0; Win64; x64) AppleWebKit\/537.36 (KHTML, like Gecko) Chrome\/131.0.0.0 Safari\/537.36","locale":"ar","external_id":"0","email":"e3b0c44298fc1c149afbf4c8996fb92427ae41e4649b934ca495991b7852b855","phone_number":"e3b0c44298fc1c149afbf4c8996fb92427ae41e4649b934ca495991b7852b855","first_name":"e3b0c44298fc1c149afbf4c8996fb92427ae41e4649b934ca495991b7852b855","last_name":"e3b0c44298fc1c149afbf4c8996fb92427ae41e4649b934ca495991b7852b855","zip_code":"e3b0c44298fc1c149afbf4c8996fb92427ae41e4649b934ca495991b7852b855"},"page":{"url":"http:\/\/ibn-sinaa.com\/"}}]}
 ajax: no
2024-12-29T14:01:50+00:00 DEBUG Tt4b_Mapi_Class::mapi_post: Response: 

HTTP/1.1 200 OK
Server: nginx
Content-Type: application/json
Content-Length: 92
X-Tt-Logid: 20241229140150AAD9A2E78C00F48C741F
Server-Timing: inner; dur=48
x-tt-trace-host: 018e5a586174a888928d793bdac74b79b520593bf434961dbceff88e4b17f9a1566f9fa52096e714d8cf71cfb0a25736a1fadf127a7ecd67b82f73dff7c27d6f6b9ed89d7f7ce0560a30b5692662f7944e396bb3d194a7ca91bc69d99f44a29b9f
x-tt-trace-id: 00-241229140150AAD9A2E78C00F48C741F-028F2FAD162EFAD8-00
Expires: Sun, 29 Dec 2024 14:01:50 GMT
Cache-Control: max-age=0, no-cache, no-store
Pragma: no-cache
Date: Sun, 29 Dec 2024 14:01:50 GMT
X-Cache: TCP_MISS from a95-101-134-116.deploy.akamaitechnologies.com (AkamaiGHost/11.7.2.1-9611f29bef89eba7b18045b10aa2af98) (-)
Connection: close
x-tt-trace-tag: id=16;cdn-cache=miss;type=dyn
Server-Timing: cdn-cache; desc=MISS, edge; dur=0, origin; dur=127
X-Origin-Response-Time: 127,95.101.134.116
X-Akamai-Request-ID: 2993b629

{"code": 0, "message": "OK", "request_id": "20241229140150AAD9A2E78C00F48C741F", "data": {}}
2024-12-29T14:01:55+00:00 DEBUG POST: https://business-api.tiktok.com/open_api/v1.3/event/track/

{"partner_name":"WooCommerce","event_source":"web","event_source_id":"CSM79Q3C77UAG1T340I0","data":[{"event":"Pageview","event_id":"6771565323075_tt4b_woocommerce_670666209cf1f","event_time":1735480915,"user":{"ip":"197.134.250.188","user_agent":"Mozilla\/5.0 (Windows NT 10.0; Win64; x64) AppleWebKit\/537.36 (KHTML, like Gecko) Chrome\/131.0.0.0 Safari\/537.36","locale":"ar","external_id":"0","email":"e3b0c44298fc1c149afbf4c8996fb92427ae41e4649b934ca495991b7852b855","phone_number":"e3b0c44298fc1c149afbf4c8996fb92427ae41e4649b934ca495991b7852b855","first_name":"e3b0c44298fc1c149afbf4c8996fb92427ae41e4649b934ca495991b7852b855","last_name":"e3b0c44298fc1c149afbf4c8996fb92427ae41e4649b934ca495991b7852b855","zip_code":"e3b0c44298fc1c149afbf4c8996fb92427ae41e4649b934ca495991b7852b855"},"page":{"url":"http:\/\/ibn-sinaa.com\/"}}]}
 ajax: no
2024-12-29T14:01:55+00:00 DEBUG Tt4b_Mapi_Class::mapi_post: Response: 

HTTP/1.1 200 OK
Server: nginx
Content-Type: application/json
Content-Length: 92
X-Tt-Logid: 202412291401555C1B50272F62DC1F58BE
Server-Timing: inner; dur=36
x-tt-trace-host: 018e5a586174a888928d793bdac74b79b51a437ee89a1c03eb2011d034a2e3e9f51c27d037bc89b665d8b9d293fd1e07f208246e2f104734cd05aa3881515a12f39b32bf86bcef94a2dbfdb432c78efcff3aafeec2660e9a468dbfb3837a83486e
x-tt-trace-id: 00-2412291401555C1B50272F62DC1F58BE-71755EC579443BAF-00
Expires: Sun, 29 Dec 2024 14:01:55 GMT
Cache-Control: max-age=0, no-cache, no-store
Pragma: no-cache
Date: Sun, 29 Dec 2024 14:01:55 GMT
X-Cache: TCP_MISS from a95-101-134-92.deploy.akamaitechnologies.com (AkamaiGHost/11.7.2.1-9611f29bef89eba7b18045b10aa2af98) (-)
Connection: close
x-tt-trace-tag: id=16;cdn-cache=miss;type=dyn
Server-Timing: cdn-cache; desc=MISS, edge; dur=2, origin; dur=118
X-Origin-Response-Time: 120,95.101.134.92
X-Akamai-Request-ID: e55221b

{"code": 0, "message": "OK", "request_id": "202412291401555C1B50272F62DC1F58BE", "data": {}}
2024-12-29T14:02:00+00:00 DEBUG POST: https://business-api.tiktok.com/open_api/v1.3/event/track/

{"partner_name":"WooCommerce","event_source":"web","event_source_id":"CSM79Q3C77UAG1T340I0","data":[{"event":"Pageview","event_id":"6771565812b50_tt4b_woocommerce_670666209cf1f","event_time":1735480920,"user":{"ip":"197.134.250.188","user_agent":"Mozilla\/5.0 (Windows NT 10.0; Win64; x64) AppleWebKit\/537.36 (KHTML, like Gecko) Chrome\/131.0.0.0 Safari\/537.36","locale":"ar","external_id":"0","email":"e3b0c44298fc1c149afbf4c8996fb92427ae41e4649b934ca495991b7852b855","phone_number":"e3b0c44298fc1c149afbf4c8996fb92427ae41e4649b934ca495991b7852b855","first_name":"e3b0c44298fc1c149afbf4c8996fb92427ae41e4649b934ca495991b7852b855","last_name":"e3b0c44298fc1c149afbf4c8996fb92427ae41e4649b934ca495991b7852b855","zip_code":"e3b0c44298fc1c149afbf4c8996fb92427ae41e4649b934ca495991b7852b855"},"page":{"url":"http:\/\/ibn-sinaa.com\/"}}]}
 ajax: no
2024-12-29T14:02:00+00:00 DEBUG Tt4b_Mapi_Class::mapi_post: Response: 

HTTP/1.1 200 OK
Server: nginx
Content-Type: application/json
Content-Length: 92
X-Tt-Logid: 20241229140200A5081D89CEB2DD4448B0
x-tt-trace-host: 018e5a586174a888928d793bdac74b79b519a86797e72c2eba011e03e23beee17d60522e51f41fb50b8dfd840b739a57e0a5104f49d84e4e2a26e1bc566ff7414ca4c90fffeefbb0d28689c6d82112232735f97302d14b1bdcbe99c0f8b4acd258485208093e68fda61ac95324a2684a11
x-tt-trace-id: 00-241229140200A5081D89CEB2DD4448B0-7511F59D41E0EFBB-00
X-Origin-Response-Time: 27,23.218.219.17
X-Akamai-Request-ID: 30348228.29947fac
Expires: Sun, 29 Dec 2024 14:02:00 GMT
Cache-Control: max-age=0, no-cache, no-store
Pragma: no-cache
Date: Sun, 29 Dec 2024 14:02:00 GMT
X-Cache: TCP_MISS from a95-101-134-116.deploy.akamaitechnologies.com (AkamaiGHost/11.7.2.1-9611f29bef89eba7b18045b10aa2af98) (-)
Connection: close
X-Cache-Remote: TCP_MISS from a23-218-219-17.deploy.akamaitechnologies.com (AkamaiGHost/11.7.2.1-9611f29bef89eba7b18045b10aa2af98) (-)
x-tt-trace-tag: id=16;cdn-cache=miss;type=dyn
Server-Timing: cdn-cache; desc=MISS, edge; dur=81, origin; dur=27
Server-Timing: inner; dur=24
X-Parent-Response-Time: 108,95.101.134.116

{"code": 0, "message": "OK", "request_id": "20241229140200A5081D89CEB2DD4448B0", "data": {}}
2024-12-29T14:02:04+00:00 DEBUG POST: https://business-api.tiktok.com/open_api/v1.3/event/track/

{"partner_name":"WooCommerce","event_source":"web","event_source_id":"CSM79Q3C77UAG1T340I0","data":[{"event":"Pageview","event_id":"6771565c6c9d8_tt4b_woocommerce_670666209cf1f","event_time":1735480924,"user":{"ip":"197.134.250.188","user_agent":"Mozilla\/5.0 (Windows NT 10.0; Win64; x64) AppleWebKit\/537.36 (KHTML, like Gecko) Chrome\/131.0.0.0 Safari\/537.36","locale":"ar","external_id":"0","email":"e3b0c44298fc1c149afbf4c8996fb92427ae41e4649b934ca495991b7852b855","phone_number":"e3b0c44298fc1c149afbf4c8996fb92427ae41e4649b934ca495991b7852b855","first_name":"e3b0c44298fc1c149afbf4c8996fb92427ae41e4649b934ca495991b7852b855","last_name":"e3b0c44298fc1c149afbf4c8996fb92427ae41e4649b934ca495991b7852b855","zip_code":"e3b0c44298fc1c149afbf4c8996fb92427ae41e4649b934ca495991b7852b855"},"page":{"url":"http:\/\/ibn-sinaa.com\/"}}]}
 ajax: no
2024-12-29T14:02:04+00:00 DEBUG Tt4b_Mapi_Class::mapi_post: Response: 

HTTP/1.1 200 OK
Server: nginx
Content-Type: application/json
Content-Length: 92
X-Tt-Logid: 20241229140204A517EC99AE10F12320E2
x-tt-trace-host: 018e5a586174a888928d793bdac74b79b56517d7628cf0ffdff56b078ad2cf5615f9164d9a8a008cc56978e60bf378495844e8ccfbd0cf4617757c9d694048a0fea6d0f65aa5d9a8a732f1e07d8e7ec7848442034c8f3f8e64d3d8e73e1aa4d12f24c910698bab40fd3653cc6cdd77ac71
x-tt-trace-id: 00-241229140204A517EC99AE10F12320E2-529B2F8613DD3EB3-00
X-Origin-Response-Time: 25,23.218.219.16
X-Akamai-Request-ID: 12bc222b.e55e6d9
Expires: Sun, 29 Dec 2024 14:02:04 GMT
Cache-Control: max-age=0, no-cache, no-store
Pragma: no-cache
Date: Sun, 29 Dec 2024 14:02:04 GMT
X-Cache: TCP_MISS from a95-101-134-92.deploy.akamaitechnologies.com (AkamaiGHost/11.7.2.1-9611f29bef89eba7b18045b10aa2af98) (-)
Connection: close
X-Cache-Remote: TCP_MISS from a23-218-219-16.deploy.akamaitechnologies.com (AkamaiGHost/11.7.2.1-9611f29bef89eba7b18045b10aa2af98) (-)
x-tt-trace-tag: id=16;cdn-cache=miss;type=dyn
Server-Timing: cdn-cache; desc=MISS, edge; dur=82, origin; dur=24
Server-Timing: inner; dur=20
X-Parent-Response-Time: 106,95.101.134.92

{"code": 0, "message": "OK", "request_id": "20241229140204A517EC99AE10F12320E2", "data": {}}
2024-12-29T14:02:09+00:00 DEBUG POST: https://business-api.tiktok.com/open_api/v1.3/event/track/

{"partner_name":"WooCommerce","event_source":"web","event_source_id":"CSM79Q3C77UAG1T340I0","data":[{"event":"Pageview","event_id":"6771566163b2e_tt4b_woocommerce_670666209cf1f","event_time":1735480929,"user":{"ip":"197.134.250.188","user_agent":"Mozilla\/5.0 (Windows NT 10.0; Win64; x64) AppleWebKit\/537.36 (KHTML, like Gecko) Chrome\/131.0.0.0 Safari\/537.36","locale":"ar","external_id":"0","email":"e3b0c44298fc1c149afbf4c8996fb92427ae41e4649b934ca495991b7852b855","phone_number":"e3b0c44298fc1c149afbf4c8996fb92427ae41e4649b934ca495991b7852b855","first_name":"e3b0c44298fc1c149afbf4c8996fb92427ae41e4649b934ca495991b7852b855","last_name":"e3b0c44298fc1c149afbf4c8996fb92427ae41e4649b934ca495991b7852b855","zip_code":"e3b0c44298fc1c149afbf4c8996fb92427ae41e4649b934ca495991b7852b855"},"page":{"url":"http:\/\/ibn-sinaa.com\/"}}]}
 ajax: no
2024-12-29T14:02:10+00:00 DEBUG Tt4b_Mapi_Class::mapi_post: Response: 

HTTP/1.1 200 OK
Server: nginx
Content-Type: application/json
Content-Length: 92
X-Tt-Logid: 202412291402093B6FD4688F1C531D4323
Server-Timing: inner; dur=1028
x-tt-trace-host: 018e5a586174a888928d793bdac74b79b51a437ee89a1c03eb2011d034a2e3e9f5d9383017bc2e6a4dd04e50329fa1f6e5590de6637ad89c63f75333924e24b80b63235213cf93a1184e01875eec179d180deebe1d72914413d06061c0f8a51839
x-tt-trace-id: 00-2412291402093B6FD4688F1C531D4323-2E0BC11474AE1AFE-00
Expires: Sun, 29 Dec 2024 14:02:10 GMT
Cache-Control: max-age=0, no-cache, no-store
Pragma: no-cache
Date: Sun, 29 Dec 2024 14:02:10 GMT
X-Cache: TCP_MISS from a95-101-134-92.deploy.akamaitechnologies.com (AkamaiGHost/11.7.2.1-9611f29bef89eba7b18045b10aa2af98) (-)
Connection: close
x-tt-trace-tag: id=16;cdn-cache=miss;type=dyn
Server-Timing: cdn-cache; desc=MISS, edge; dur=1, origin; dur=1111
X-Origin-Response-Time: 1111,95.101.134.92
X-Akamai-Request-ID: e564369

{"code": 0, "message": "OK", "request_id": "202412291402093B6FD4688F1C531D4323", "data": {}}
2024-12-29T14:02:14+00:00 DEBUG POST: https://business-api.tiktok.com/open_api/v1.3/event/track/

{"partner_name":"WooCommerce","event_source":"web","event_source_id":"CSM79Q3C77UAG1T340I0","data":[{"event":"Pageview","event_id":"67715666ea55a_tt4b_woocommerce_670666209cf1f","event_time":1735480934,"user":{"ip":"197.134.250.188","user_agent":"Mozilla\/5.0 (Windows NT 10.0; Win64; x64) AppleWebKit\/537.36 (KHTML, like Gecko) Chrome\/131.0.0.0 Safari\/537.36","locale":"ar","external_id":"0","email":"e3b0c44298fc1c149afbf4c8996fb92427ae41e4649b934ca495991b7852b855","phone_number":"e3b0c44298fc1c149afbf4c8996fb92427ae41e4649b934ca495991b7852b855","first_name":"e3b0c44298fc1c149afbf4c8996fb92427ae41e4649b934ca495991b7852b855","last_name":"e3b0c44298fc1c149afbf4c8996fb92427ae41e4649b934ca495991b7852b855","zip_code":"e3b0c44298fc1c149afbf4c8996fb92427ae41e4649b934ca495991b7852b855"},"page":{"url":"http:\/\/ibn-sinaa.com\/"}}]}
 ajax: no
2024-12-29T14:02:15+00:00 DEBUG Tt4b_Mapi_Class::mapi_post: Response: 

HTTP/1.1 200 OK
Server: nginx
Content-Type: application/json
Content-Length: 92
X-Tt-Logid: 20241229140215236F3C495ABE98ADD162
Server-Timing: inner; dur=30
x-tt-trace-host: 018e5a586174a888928d793bdac74b79b51a437ee89a1c03eb2011d034a2e3e9f5dadaaba3a440952660d86bad856ea8940522c894d12bf57e9649fd966f0f6c5f552c67ae0833bac7719d827c246d3948af99bb9e2bd5f9c0bbab8fae02e6b868
x-tt-trace-id: 00-241229140215236F3C495ABE98ADD162-1775E46360DD5105-00
Expires: Sun, 29 Dec 2024 14:02:15 GMT
Cache-Control: max-age=0, no-cache, no-store
Pragma: no-cache
Date: Sun, 29 Dec 2024 14:02:15 GMT
X-Cache: TCP_MISS from a95-101-134-92.deploy.akamaitechnologies.com (AkamaiGHost/11.7.2.1-9611f29bef89eba7b18045b10aa2af98) (-)
Connection: close
x-tt-trace-tag: id=16;cdn-cache=miss;type=dyn
Server-Timing: cdn-cache; desc=MISS, edge; dur=3, origin; dur=123
X-Origin-Response-Time: 123,95.101.134.92
X-Akamai-Request-ID: e56a96e

{"code": 0, "message": "OK", "request_id": "20241229140215236F3C495ABE98ADD162", "data": {}}
2024-12-29T14:02:19+00:00 DEBUG POST: https://business-api.tiktok.com/open_api/v1.3/event/track/

{"partner_name":"WooCommerce","event_source":"web","event_source_id":"CSM79Q3C77UAG1T340I0","data":[{"event":"Pageview","event_id":"6771566b8859f_tt4b_woocommerce_670666209cf1f","event_time":1735480939,"user":{"ip":"197.134.250.188","user_agent":"Mozilla\/5.0 (Windows NT 10.0; Win64; x64) AppleWebKit\/537.36 (KHTML, like Gecko) Chrome\/131.0.0.0 Safari\/537.36","locale":"ar","external_id":"0","email":"e3b0c44298fc1c149afbf4c8996fb92427ae41e4649b934ca495991b7852b855","phone_number":"e3b0c44298fc1c149afbf4c8996fb92427ae41e4649b934ca495991b7852b855","first_name":"e3b0c44298fc1c149afbf4c8996fb92427ae41e4649b934ca495991b7852b855","last_name":"e3b0c44298fc1c149afbf4c8996fb92427ae41e4649b934ca495991b7852b855","zip_code":"e3b0c44298fc1c149afbf4c8996fb92427ae41e4649b934ca495991b7852b855"},"page":{"url":"http:\/\/ibn-sinaa.com\/"}}]}
 ajax: no
2024-12-29T14:02:19+00:00 DEBUG Tt4b_Mapi_Class::mapi_post: Response: 

HTTP/1.1 200 OK
Server: nginx
Content-Type: application/json
Content-Length: 92
X-Tt-Logid: 202412291402195DB867DC69798CCDD002
x-tt-trace-host: 018e5a586174a888928d793bdac74b79b56517d7628cf0ffdff56b078ad2cf5615228df5dabe0f82ab0991701b375c7ebec4e5fa2b416d181e5c6ab5ed989566fc6ad2cb88b4acdeb55ddc0816a4dbd7e17a16a4abf67f7b8a1ea7e44f75863467a9d5b8a506e97988109854f2c7052ec2
x-tt-trace-id: 00-2412291402195DB867DC69798CCDD002-2CB23D925754B242-00
X-Origin-Response-Time: 29,23.55.100.229
X-Akamai-Request-ID: 73a9a01c.e56fa4c
Expires: Sun, 29 Dec 2024 14:02:19 GMT
Cache-Control: max-age=0, no-cache, no-store
Pragma: no-cache
Date: Sun, 29 Dec 2024 14:02:19 GMT
X-Cache: TCP_MISS from a95-101-134-92.deploy.akamaitechnologies.com (AkamaiGHost/11.7.2.1-9611f29bef89eba7b18045b10aa2af98) (-)
Connection: close
X-Cache-Remote: TCP_MISS from a23-55-100-229.deploy.akamaitechnologies.com (AkamaiGHost/11.7.2.1-9611f29bef89eba7b18045b10aa2af98) (-)
x-tt-trace-tag: id=16;cdn-cache=miss;type=dyn
Server-Timing: cdn-cache; desc=MISS, edge; dur=81, origin; dur=29
Server-Timing: inner; dur=25
X-Parent-Response-Time: 109,95.101.134.92

{"code": 0, "message": "OK", "request_id": "202412291402195DB867DC69798CCDD002", "data": {}}
2024-12-29T14:02:23+00:00 DEBUG POST: https://business-api.tiktok.com/open_api/v1.3/event/track/

{"partner_name":"WooCommerce","event_source":"web","event_source_id":"CSM79Q3C77UAG1T340I0","data":[{"event":"Pageview","event_id":"6771566fe274f_tt4b_woocommerce_670666209cf1f","event_time":1735480943,"user":{"ip":"197.134.250.188","user_agent":"Mozilla\/5.0 (Windows NT 10.0; Win64; x64) AppleWebKit\/537.36 (KHTML, like Gecko) Chrome\/131.0.0.0 Safari\/537.36","locale":"ar","external_id":"0","email":"e3b0c44298fc1c149afbf4c8996fb92427ae41e4649b934ca495991b7852b855","phone_number":"e3b0c44298fc1c149afbf4c8996fb92427ae41e4649b934ca495991b7852b855","first_name":"e3b0c44298fc1c149afbf4c8996fb92427ae41e4649b934ca495991b7852b855","last_name":"e3b0c44298fc1c149afbf4c8996fb92427ae41e4649b934ca495991b7852b855","zip_code":"e3b0c44298fc1c149afbf4c8996fb92427ae41e4649b934ca495991b7852b855"},"page":{"url":"http:\/\/ibn-sinaa.com\/"}}]}
 ajax: no
2024-12-29T14:02:24+00:00 DEBUG Tt4b_Mapi_Class::mapi_post: Response: 

HTTP/1.1 200 OK
Server: nginx
Content-Type: application/json
Content-Length: 92
X-Tt-Logid: 20241229140224D61AEC5E76E424546C59
x-tt-trace-host: 018e5a586174a888928d793bdac74b79b56517d7628cf0ffdff56b078ad2cf561505638c6d29d48c99a6b1bdeb05d9a5c2e04b39fbd641a3ee8e89f70e93ae0eab86d3af194121b8f5c7f2450ec7eb2415c0e4eac977b4d16e88d5eaacb89a25444931cfa82a049c438f823b90f08f05c4
x-tt-trace-id: 00-241229140224D61AEC5E76E424546C59-1D92C8113117FA23-00
X-Origin-Response-Time: 34,23.218.219.56
X-Akamai-Request-ID: 4e71bffc.e574592
Expires: Sun, 29 Dec 2024 14:02:24 GMT
Cache-Control: max-age=0, no-cache, no-store
Pragma: no-cache
Date: Sun, 29 Dec 2024 14:02:24 GMT
X-Cache: TCP_MISS from a95-101-134-92.deploy.akamaitechnologies.com (AkamaiGHost/11.7.2.1-9611f29bef89eba7b18045b10aa2af98) (-)
Connection: close
X-Cache-Remote: TCP_MISS from a23-218-219-56.deploy.akamaitechnologies.com (AkamaiGHost/11.7.2.1-9611f29bef89eba7b18045b10aa2af98) (-)
x-tt-trace-tag: id=16;cdn-cache=miss;type=dyn
Server-Timing: cdn-cache; desc=MISS, edge; dur=80, origin; dur=34
Server-Timing: inner; dur=30
X-Parent-Response-Time: 114,95.101.134.92

{"code": 0, "message": "OK", "request_id": "20241229140224D61AEC5E76E424546C59", "data": {}}
2024-12-29T14:02:28+00:00 DEBUG POST: https://business-api.tiktok.com/open_api/v1.3/event/track/

{"partner_name":"WooCommerce","event_source":"web","event_source_id":"CSM79Q3C77UAG1T340I0","data":[{"event":"Pageview","event_id":"6771567452835_tt4b_woocommerce_670666209cf1f","event_time":1735480948,"user":{"ip":"197.134.250.188","user_agent":"Mozilla\/5.0 (Windows NT 10.0; Win64; x64) AppleWebKit\/537.36 (KHTML, like Gecko) Chrome\/131.0.0.0 Safari\/537.36","locale":"ar","external_id":"0","email":"e3b0c44298fc1c149afbf4c8996fb92427ae41e4649b934ca495991b7852b855","phone_number":"e3b0c44298fc1c149afbf4c8996fb92427ae41e4649b934ca495991b7852b855","first_name":"e3b0c44298fc1c149afbf4c8996fb92427ae41e4649b934ca495991b7852b855","last_name":"e3b0c44298fc1c149afbf4c8996fb92427ae41e4649b934ca495991b7852b855","zip_code":"e3b0c44298fc1c149afbf4c8996fb92427ae41e4649b934ca495991b7852b855"},"page":{"url":"http:\/\/ibn-sinaa.com\/"}}]}
 ajax: no
2024-12-29T14:02:28+00:00 DEBUG Tt4b_Mapi_Class::mapi_post: Response: 

HTTP/1.1 200 OK
Server: nginx
Content-Type: application/json
Content-Length: 92
X-Tt-Logid: 2024122914022807A2FAB2D9B6CC6C7DE7
Server-Timing: inner; dur=24
x-tt-trace-host: 018e5a586174a888928d793bdac74b79b520593bf434961dbceff88e4b17f9a156e10cfa4a1af0e5cb5eb4a293a3025d2b35a0d729ab15987abc6b44984a456c66c4c4f7a45653c206c2a25ea8e9e3eb4ffe0baf371c374a47891918ba6d24a524
x-tt-trace-id: 00-24122914022807A2FAB2D9B6CC6C7DE7-471AAC8B6613CF93-00
Expires: Sun, 29 Dec 2024 14:02:28 GMT
Cache-Control: max-age=0, no-cache, no-store
Pragma: no-cache
Date: Sun, 29 Dec 2024 14:02:28 GMT
X-Cache: TCP_MISS from a95-101-134-116.deploy.akamaitechnologies.com (AkamaiGHost/11.7.2.1-9611f29bef89eba7b18045b10aa2af98) (-)
Connection: close
x-tt-trace-tag: id=16;cdn-cache=miss;type=dyn
Server-Timing: cdn-cache; desc=MISS, edge; dur=1, origin; dur=104
X-Origin-Response-Time: 104,95.101.134.116
X-Akamai-Request-ID: 2996f8c1

{"code": 0, "message": "OK", "request_id": "2024122914022807A2FAB2D9B6CC6C7DE7", "data": {}}
2024-12-29T14:02:32+00:00 DEBUG POST: https://business-api.tiktok.com/open_api/v1.3/event/track/

{"partner_name":"WooCommerce","event_source":"web","event_source_id":"CSM79Q3C77UAG1T340I0","data":[{"event":"Pageview","event_id":"6771567838cc2_tt4b_woocommerce_670666209cf1f","event_time":1735480952,"user":{"ip":"197.165.163.165","user_agent":"Mozilla\/5.0 (Windows NT 10.0; Win64; x64) AppleWebKit\/537.36 (KHTML, like Gecko) Chrome\/131.0.0.0 Safari\/537.36","locale":"ar","external_id":"1","ttp":"xLtx8NLe22XyqbD29nYmxlJoHng.tt.1","email":"12d1c9af965c58a2b107c343361ece72f81466a995a43e43290230ce7bec8820"},"page":{"url":"http:\/\/ibn-sinaa.com\/","referrer":"https:\/\/ibn-sinaa.com\/wp-admin\/plugins.php"}}]}
 ajax: no
2024-12-29T14:02:32+00:00 DEBUG Tt4b_Mapi_Class::mapi_post: Response: 

HTTP/1.1 200 OK
Server: nginx
Content-Type: application/json
Content-Length: 92
X-Tt-Logid: 202412291402323B6FD4688F1C531D4A76
Server-Timing: inner; dur=33
x-tt-trace-host: 018e5a586174a888928d793bdac74b79b51a437ee89a1c03eb2011d034a2e3e9f5d9383017bc2e6a4dd04e50329fa1f6e5d0bf6b0618f77caaa49fd8cb31a0e957ef0a8d01dcece0a6d68ae95d97107fade5cc0bb222a1c5cb13ad8591f45fa7af
x-tt-trace-id: 00-2412291402323B6FD4688F1C531D4A76-17DC98763D99EB64-00
Expires: Sun, 29 Dec 2024 14:02:32 GMT
Cache-Control: max-age=0, no-cache, no-store
Pragma: no-cache
Date: Sun, 29 Dec 2024 14:02:32 GMT
X-Cache: TCP_MISS from a95-101-134-92.deploy.akamaitechnologies.com (AkamaiGHost/11.7.2.1-9611f29bef89eba7b18045b10aa2af98) (-)
Connection: close
x-tt-trace-tag: id=16;cdn-cache=miss;type=dyn
Server-Timing: cdn-cache; desc=MISS, edge; dur=1, origin; dur=115
X-Origin-Response-Time: 115,95.101.134.92
X-Akamai-Request-ID: e57e5a6

{"code": 0, "message": "OK", "request_id": "202412291402323B6FD4688F1C531D4A76", "data": {}}
2024-12-29T14:02:32+00:00 DEBUG POST: https://business-api.tiktok.com/open_api/v1.3/event/track/

{"partner_name":"WooCommerce","event_source":"web","event_source_id":"CSM79Q3C77UAG1T340I0","data":[{"event":"Pageview","event_id":"6771567876c1b_tt4b_woocommerce_670666209cf1f","event_time":1735480952,"user":{"ip":"197.134.250.188","user_agent":"Mozilla\/5.0 (Windows NT 10.0; Win64; x64) AppleWebKit\/537.36 (KHTML, like Gecko) Chrome\/131.0.0.0 Safari\/537.36","locale":"ar","external_id":"0","email":"e3b0c44298fc1c149afbf4c8996fb92427ae41e4649b934ca495991b7852b855","phone_number":"e3b0c44298fc1c149afbf4c8996fb92427ae41e4649b934ca495991b7852b855","first_name":"e3b0c44298fc1c149afbf4c8996fb92427ae41e4649b934ca495991b7852b855","last_name":"e3b0c44298fc1c149afbf4c8996fb92427ae41e4649b934ca495991b7852b855","zip_code":"e3b0c44298fc1c149afbf4c8996fb92427ae41e4649b934ca495991b7852b855"},"page":{"url":"http:\/\/ibn-sinaa.com\/"}}]}
 ajax: no
2024-12-29T14:02:32+00:00 DEBUG Tt4b_Mapi_Class::mapi_post: Response: 

HTTP/1.1 200 OK
Server: nginx
Content-Type: application/json
Content-Length: 92
X-Tt-Logid: 202412291402324CFE33E33DA42002769D
Server-Timing: inner; dur=27
x-tt-trace-host: 018e5a586174a888928d793bdac74b79b520593bf434961dbceff88e4b17f9a156c2da21e0d9a0c334d80beb10395e2dae09039d9362a4cdaaa411e72be3b72d6000aa90c762821ad445323fe3c03235233e8d8a3b36b718cf75dc4b1ff9a2caba
x-tt-trace-id: 00-2412291402324CFE33E33DA42002769D-2314CC0B1BCFB391-00
Expires: Sun, 29 Dec 2024 14:02:32 GMT
Cache-Control: max-age=0, no-cache, no-store
Pragma: no-cache
Date: Sun, 29 Dec 2024 14:02:32 GMT
X-Cache: TCP_MISS from a95-101-134-116.deploy.akamaitechnologies.com (AkamaiGHost/11.7.2.1-9611f29bef89eba7b18045b10aa2af98) (-)
Connection: close
x-tt-trace-tag: id=16;cdn-cache=miss;type=dyn
Server-Timing: cdn-cache; desc=MISS, edge; dur=0, origin; dur=110
X-Origin-Response-Time: 110,95.101.134.116
X-Akamai-Request-ID: 29974bfb

{"code": 0, "message": "OK", "request_id": "202412291402324CFE33E33DA42002769D", "data": {}}
2024-12-29T14:02:37+00:00 DEBUG POST: https://business-api.tiktok.com/open_api/v1.3/event/track/

{"partner_name":"WooCommerce","event_source":"web","event_source_id":"CSM79Q3C77UAG1T340I0","data":[{"event":"Pageview","event_id":"6771567d2b2fb_tt4b_woocommerce_670666209cf1f","event_time":1735480957,"user":{"ip":"197.134.250.188","user_agent":"Mozilla\/5.0 (Windows NT 10.0; Win64; x64) AppleWebKit\/537.36 (KHTML, like Gecko) Chrome\/131.0.0.0 Safari\/537.36","locale":"ar","external_id":"0","email":"e3b0c44298fc1c149afbf4c8996fb92427ae41e4649b934ca495991b7852b855","phone_number":"e3b0c44298fc1c149afbf4c8996fb92427ae41e4649b934ca495991b7852b855","first_name":"e3b0c44298fc1c149afbf4c8996fb92427ae41e4649b934ca495991b7852b855","last_name":"e3b0c44298fc1c149afbf4c8996fb92427ae41e4649b934ca495991b7852b855","zip_code":"e3b0c44298fc1c149afbf4c8996fb92427ae41e4649b934ca495991b7852b855"},"page":{"url":"http:\/\/ibn-sinaa.com\/"}}]}
 ajax: no
2024-12-29T14:02:37+00:00 DEBUG Tt4b_Mapi_Class::mapi_post: Response: 

HTTP/1.1 200 OK
Server: nginx
Content-Type: application/json
Content-Length: 92
X-Tt-Logid: 202412291402373BA77E23FBA29432E772
Server-Timing: inner; dur=21
x-tt-trace-host: 018e5a586174a888928d793bdac74b79b51a437ee89a1c03eb2011d034a2e3e9f5d9383017bc2e6a4dd04e50329fa1f6e599dba2aa1ad9e1b2dfa77ceb1d66f4f20850521b045299a1893da3f1733bd6203eeebf935b8d8adaf9c354a6239a4e7e
x-tt-trace-id: 00-2412291402373BA77E23FBA29432E772-25DF4F1859F1D71E-00
Expires: Sun, 29 Dec 2024 14:02:37 GMT
Cache-Control: max-age=0, no-cache, no-store
Pragma: no-cache
Date: Sun, 29 Dec 2024 14:02:37 GMT
X-Cache: TCP_MISS from a95-101-134-92.deploy.akamaitechnologies.com (AkamaiGHost/11.7.2.1-9611f29bef89eba7b18045b10aa2af98) (-)
Connection: close
x-tt-trace-tag: id=16;cdn-cache=miss;type=dyn
Server-Timing: cdn-cache; desc=MISS, edge; dur=0, origin; dur=101
X-Origin-Response-Time: 101,95.101.134.92
X-Akamai-Request-ID: e584f9c

{"code": 0, "message": "OK", "request_id": "202412291402373BA77E23FBA29432E772", "data": {}}
2024-12-29T14:02:42+00:00 DEBUG POST: https://business-api.tiktok.com/open_api/v1.3/event/track/

{"partner_name":"WooCommerce","event_source":"web","event_source_id":"CSM79Q3C77UAG1T340I0","data":[{"event":"Pageview","event_id":"67715682124f0_tt4b_woocommerce_670666209cf1f","event_time":1735480962,"user":{"ip":"197.134.250.188","user_agent":"Mozilla\/5.0 (Windows NT 10.0; Win64; x64) AppleWebKit\/537.36 (KHTML, like Gecko) Chrome\/131.0.0.0 Safari\/537.36","locale":"ar","external_id":"0","email":"e3b0c44298fc1c149afbf4c8996fb92427ae41e4649b934ca495991b7852b855","phone_number":"e3b0c44298fc1c149afbf4c8996fb92427ae41e4649b934ca495991b7852b855","first_name":"e3b0c44298fc1c149afbf4c8996fb92427ae41e4649b934ca495991b7852b855","last_name":"e3b0c44298fc1c149afbf4c8996fb92427ae41e4649b934ca495991b7852b855","zip_code":"e3b0c44298fc1c149afbf4c8996fb92427ae41e4649b934ca495991b7852b855"},"page":{"url":"http:\/\/ibn-sinaa.com\/"}}]}
 ajax: no
2024-12-29T14:02:42+00:00 DEBUG Tt4b_Mapi_Class::mapi_post: Response: 

HTTP/1.1 200 OK
Server: nginx
Content-Type: application/json
Content-Length: 92
X-Tt-Logid: 20241229140242FB7EE2AD8AAF76512837
Server-Timing: inner; dur=28
x-tt-trace-host: 018e5a586174a888928d793bdac74b79b520593bf434961dbceff88e4b17f9a1563ed2da85a5285f788532a6543adaf597d28fd014b2cb0258f1fdd80047240b0462c82f80e40cca5a72de4049913846c153e65a335b20561eacc1624ca89a51a7
x-tt-trace-id: 00-241229140242FB7EE2AD8AAF76512837-392C79334992DC87-00
Expires: Sun, 29 Dec 2024 14:02:42 GMT
Cache-Control: max-age=0, no-cache, no-store
Pragma: no-cache
Date: Sun, 29 Dec 2024 14:02:42 GMT
X-Cache: TCP_MISS from a95-101-134-116.deploy.akamaitechnologies.com (AkamaiGHost/11.7.2.1-9611f29bef89eba7b18045b10aa2af98) (-)
Connection: close
x-tt-trace-tag: id=16;cdn-cache=miss;type=dyn
Server-Timing: cdn-cache; desc=MISS, edge; dur=2, origin; dur=112
X-Origin-Response-Time: 114,95.101.134.116
X-Akamai-Request-ID: 29981e11

{"code": 0, "message": "OK", "request_id": "20241229140242FB7EE2AD8AAF76512837", "data": {}}
2024-12-29T14:02:46+00:00 DEBUG POST: https://business-api.tiktok.com/open_api/v1.3/event/track/

{"partner_name":"WooCommerce","event_source":"web","event_source_id":"CSM79Q3C77UAG1T340I0","data":[{"event":"Pageview","event_id":"67715686ae889_tt4b_woocommerce_670666209cf1f","event_time":1735480966,"user":{"ip":"197.134.250.188","user_agent":"Mozilla\/5.0 (Windows NT 10.0; Win64; x64) AppleWebKit\/537.36 (KHTML, like Gecko) Chrome\/131.0.0.0 Safari\/537.36","locale":"ar","external_id":"0","email":"e3b0c44298fc1c149afbf4c8996fb92427ae41e4649b934ca495991b7852b855","phone_number":"e3b0c44298fc1c149afbf4c8996fb92427ae41e4649b934ca495991b7852b855","first_name":"e3b0c44298fc1c149afbf4c8996fb92427ae41e4649b934ca495991b7852b855","last_name":"e3b0c44298fc1c149afbf4c8996fb92427ae41e4649b934ca495991b7852b855","zip_code":"e3b0c44298fc1c149afbf4c8996fb92427ae41e4649b934ca495991b7852b855"},"page":{"url":"http:\/\/ibn-sinaa.com\/"}}]}
 ajax: no
2024-12-29T14:02:46+00:00 DEBUG Tt4b_Mapi_Class::mapi_post: Response: 

HTTP/1.1 200 OK
Server: nginx
Content-Type: application/json
Content-Length: 92
X-Tt-Logid: 2024122914024609122C229EA22C25BC73
x-tt-trace-host: 018e5a586174a888928d793bdac74b79b519a86797e72c2eba011e03e23beee17dec9e6ed9797fe11e20fe620a54ae977c58608c77d6680c9676420180f0f591830a95feb0c3e0f892470843f397be86c821064fe4c7f4856018c70911f4ec3611cc03df4d83cfec44c7cac6d4b41e6bee
x-tt-trace-id: 00-24122914024609122C229EA22C25BC73-0C27B5128715763F-00
X-Origin-Response-Time: 39,23.55.100.229
X-Akamai-Request-ID: 73ac7591.2998863c
Expires: Sun, 29 Dec 2024 14:02:46 GMT
Cache-Control: max-age=0, no-cache, no-store
Pragma: no-cache
Date: Sun, 29 Dec 2024 14:02:46 GMT
X-Cache: TCP_MISS from a95-101-134-116.deploy.akamaitechnologies.com (AkamaiGHost/11.7.2.1-9611f29bef89eba7b18045b10aa2af98) (-)
Connection: close
X-Cache-Remote: TCP_MISS from a23-55-100-229.deploy.akamaitechnologies.com (AkamaiGHost/11.7.2.1-9611f29bef89eba7b18045b10aa2af98) (-)
x-tt-trace-tag: id=16;cdn-cache=miss;type=dyn
Server-Timing: cdn-cache; desc=MISS, edge; dur=83, origin; dur=39
Server-Timing: inner; dur=36
X-Parent-Response-Time: 121,95.101.134.116

{"code": 0, "message": "OK", "request_id": "2024122914024609122C229EA22C25BC73", "data": {}}
2024-12-29T14:02:51+00:00 DEBUG POST: https://business-api.tiktok.com/open_api/v1.3/event/track/

{"partner_name":"WooCommerce","event_source":"web","event_source_id":"CSM79Q3C77UAG1T340I0","data":[{"event":"Pageview","event_id":"6771568ba835a_tt4b_woocommerce_670666209cf1f","event_time":1735480971,"user":{"ip":"197.134.250.188","user_agent":"Mozilla\/5.0 (Windows NT 10.0; Win64; x64) AppleWebKit\/537.36 (KHTML, like Gecko) Chrome\/131.0.0.0 Safari\/537.36","locale":"ar","external_id":"0","email":"e3b0c44298fc1c149afbf4c8996fb92427ae41e4649b934ca495991b7852b855","phone_number":"e3b0c44298fc1c149afbf4c8996fb92427ae41e4649b934ca495991b7852b855","first_name":"e3b0c44298fc1c149afbf4c8996fb92427ae41e4649b934ca495991b7852b855","last_name":"e3b0c44298fc1c149afbf4c8996fb92427ae41e4649b934ca495991b7852b855","zip_code":"e3b0c44298fc1c149afbf4c8996fb92427ae41e4649b934ca495991b7852b855"},"page":{"url":"http:\/\/ibn-sinaa.com\/"}}]}
 ajax: no
2024-12-29T14:02:51+00:00 DEBUG Tt4b_Mapi_Class::mapi_post: Response: 

HTTP/1.1 200 OK
Server: nginx
Content-Type: application/json
Content-Length: 92
X-Tt-Logid: 202412291402517663BD800730D8CB6A10
x-tt-trace-host: 018e5a586174a888928d793bdac74b79b56517d7628cf0ffdff56b078ad2cf5615c3f9348e073aecd46921ca3d1b6f7c01282b9a95f8a524c1cb43834be46d37c52255cc820346a00c90e0d8129ca3fea009aa11e6e7ff4f84a8e2299588b66c99b5b04badb62d2cdfca21d3943a73a4df
x-tt-trace-id: 00-2412291402517663BD800730D8CB6A10-73BF290B788D0312-00
X-Origin-Response-Time: 27,23.218.219.39
X-Akamai-Request-ID: 5689a48f.e598029
Expires: Sun, 29 Dec 2024 14:02:51 GMT
Cache-Control: max-age=0, no-cache, no-store
Pragma: no-cache
Date: Sun, 29 Dec 2024 14:02:51 GMT
X-Cache: TCP_MISS from a95-101-134-92.deploy.akamaitechnologies.com (AkamaiGHost/11.7.2.1-9611f29bef89eba7b18045b10aa2af98) (-)
Connection: close
X-Cache-Remote: TCP_MISS from a23-218-219-39.deploy.akamaitechnologies.com (AkamaiGHost/11.7.2.1-9611f29bef89eba7b18045b10aa2af98) (-)
x-tt-trace-tag: id=16;cdn-cache=miss;type=dyn
Server-Timing: cdn-cache; desc=MISS, edge; dur=85, origin; dur=27
Server-Timing: inner; dur=24
X-Parent-Response-Time: 112,95.101.134.92

{"code": 0, "message": "OK", "request_id": "202412291402517663BD800730D8CB6A10", "data": {}}
2024-12-29T14:02:55+00:00 DEBUG POST: https://business-api.tiktok.com/open_api/v1.3/event/track/

{"partner_name":"WooCommerce","event_source":"web","event_source_id":"CSM79Q3C77UAG1T340I0","data":[{"event":"Pageview","event_id":"6771568fdab18_tt4b_woocommerce_670666209cf1f","event_time":1735480975,"user":{"ip":"197.134.250.188","user_agent":"Mozilla\/5.0 (Windows NT 10.0; Win64; x64) AppleWebKit\/537.36 (KHTML, like Gecko) Chrome\/131.0.0.0 Safari\/537.36","locale":"ar","external_id":"0","email":"e3b0c44298fc1c149afbf4c8996fb92427ae41e4649b934ca495991b7852b855","phone_number":"e3b0c44298fc1c149afbf4c8996fb92427ae41e4649b934ca495991b7852b855","first_name":"e3b0c44298fc1c149afbf4c8996fb92427ae41e4649b934ca495991b7852b855","last_name":"e3b0c44298fc1c149afbf4c8996fb92427ae41e4649b934ca495991b7852b855","zip_code":"e3b0c44298fc1c149afbf4c8996fb92427ae41e4649b934ca495991b7852b855"},"page":{"url":"http:\/\/ibn-sinaa.com\/"}}]}
 ajax: no
2024-12-29T14:02:56+00:00 DEBUG Tt4b_Mapi_Class::mapi_post: Response: 

HTTP/1.1 200 OK
Server: nginx
Content-Type: application/json
Content-Length: 92
X-Tt-Logid: 202412291402555BC85781EFFDA51C5993
x-tt-trace-host: 018e5a586174a888928d793bdac74b79b56517d7628cf0ffdff56b078ad2cf561505638c6d29d48c99a6b1bdeb05d9a5c2dcea8e7c5ad2428af03396ca4025d6d852c471adafdf1bc215ca0be95606ec4b3231e1f981c3fb95d57bfc571318a81f92cabecc824ec65d075c4b1762d692a3
x-tt-trace-id: 00-2412291402555BC85781EFFDA51C5993-6889E7245D69D69F-00
X-Origin-Response-Time: 21,23.218.219.56
X-Akamai-Request-ID: 4e72bd14.e59d819
Expires: Sun, 29 Dec 2024 14:02:56 GMT
Cache-Control: max-age=0, no-cache, no-store
Pragma: no-cache
Date: Sun, 29 Dec 2024 14:02:56 GMT
X-Cache: TCP_MISS from a95-101-134-92.deploy.akamaitechnologies.com (AkamaiGHost/11.7.2.1-9611f29bef89eba7b18045b10aa2af98) (-)
Connection: close
X-Cache-Remote: TCP_MISS from a23-218-219-56.deploy.akamaitechnologies.com (AkamaiGHost/11.7.2.1-9611f29bef89eba7b18045b10aa2af98) (-)
x-tt-trace-tag: id=16;cdn-cache=miss;type=dyn
Server-Timing: cdn-cache; desc=MISS, edge; dur=90, origin; dur=21
Server-Timing: inner; dur=18
X-Parent-Response-Time: 110,95.101.134.92

{"code": 0, "message": "OK", "request_id": "202412291402555BC85781EFFDA51C5993", "data": {}}
2024-12-29T14:03:00+00:00 DEBUG POST: https://business-api.tiktok.com/open_api/v1.3/event/track/

{"partner_name":"WooCommerce","event_source":"web","event_source_id":"CSM79Q3C77UAG1T340I0","data":[{"event":"Pageview","event_id":"677156943d725_tt4b_woocommerce_670666209cf1f","event_time":1735480980,"user":{"ip":"197.134.250.188","user_agent":"Mozilla\/5.0 (Windows NT 10.0; Win64; x64) AppleWebKit\/537.36 (KHTML, like Gecko) Chrome\/131.0.0.0 Safari\/537.36","locale":"ar","external_id":"0","email":"e3b0c44298fc1c149afbf4c8996fb92427ae41e4649b934ca495991b7852b855","phone_number":"e3b0c44298fc1c149afbf4c8996fb92427ae41e4649b934ca495991b7852b855","first_name":"e3b0c44298fc1c149afbf4c8996fb92427ae41e4649b934ca495991b7852b855","last_name":"e3b0c44298fc1c149afbf4c8996fb92427ae41e4649b934ca495991b7852b855","zip_code":"e3b0c44298fc1c149afbf4c8996fb92427ae41e4649b934ca495991b7852b855"},"page":{"url":"http:\/\/ibn-sinaa.com\/"}}]}
 ajax: no
2024-12-29T14:03:00+00:00 DEBUG Tt4b_Mapi_Class::mapi_post: Response: 

HTTP/1.1 200 OK
Server: nginx
Content-Type: application/json
Content-Length: 92
X-Tt-Logid: 202412291403004CFE33E33DA420028108
Server-Timing: inner; dur=27
x-tt-trace-host: 018e5a586174a888928d793bdac74b79b520593bf434961dbceff88e4b17f9a156c2da21e0d9a0c334d80beb10395e2dae2b8d3ee1e1635099096b2ebfc479d82655d550909d3045b12cfd1454d0fc62edef5b35c82730c26ab117754e7a9d3a43
x-tt-trace-id: 00-2412291403004CFE33E33DA420028108-552A8F0F70155B8F-00
Expires: Sun, 29 Dec 2024 14:03:00 GMT
Cache-Control: max-age=0, no-cache, no-store
Pragma: no-cache
Date: Sun, 29 Dec 2024 14:03:00 GMT
X-Cache: TCP_MISS from a95-101-134-116.deploy.akamaitechnologies.com (AkamaiGHost/11.7.2.1-9611f29bef89eba7b18045b10aa2af98) (-)
Connection: close
x-tt-trace-tag: id=16;cdn-cache=miss;type=dyn
Server-Timing: cdn-cache; desc=MISS, edge; dur=0, origin; dur=109
X-Origin-Response-Time: 109,95.101.134.116
X-Akamai-Request-ID: 2999ad7b

{"code": 0, "message": "OK", "request_id": "202412291403004CFE33E33DA420028108", "data": {}}
2024-12-29T14:03:04+00:00 DEBUG POST: https://business-api.tiktok.com/open_api/v1.3/event/track/

{"partner_name":"WooCommerce","event_source":"web","event_source_id":"CSM79Q3C77UAG1T340I0","data":[{"event":"Pageview","event_id":"67715698b95b5_tt4b_woocommerce_670666209cf1f","event_time":1735480984,"user":{"ip":"197.134.250.188","user_agent":"Mozilla\/5.0 (Windows NT 10.0; Win64; x64) AppleWebKit\/537.36 (KHTML, like Gecko) Chrome\/131.0.0.0 Safari\/537.36","locale":"ar","external_id":"0","email":"e3b0c44298fc1c149afbf4c8996fb92427ae41e4649b934ca495991b7852b855","phone_number":"e3b0c44298fc1c149afbf4c8996fb92427ae41e4649b934ca495991b7852b855","first_name":"e3b0c44298fc1c149afbf4c8996fb92427ae41e4649b934ca495991b7852b855","last_name":"e3b0c44298fc1c149afbf4c8996fb92427ae41e4649b934ca495991b7852b855","zip_code":"e3b0c44298fc1c149afbf4c8996fb92427ae41e4649b934ca495991b7852b855"},"page":{"url":"http:\/\/ibn-sinaa.com\/"}}]}
 ajax: no
2024-12-29T14:03:04+00:00 DEBUG Tt4b_Mapi_Class::mapi_post: Response: 

HTTP/1.1 200 OK
Server: nginx
Content-Type: application/json
Content-Length: 92
X-Tt-Logid: 20241229140304C4CA8A6D588B072280B1
Server-Timing: inner; dur=25
x-tt-trace-host: 018e5a586174a888928d793bdac74b79b520593bf434961dbceff88e4b17f9a156c36c8d7b4c3f21b3e0dd513bbb6925da4e1ae5e7417f1094f0e197826b9c9ca2aaf2920444a51fc02f9d03e0a4f7d7250573619d86a3814f72d7424dba154a6d
x-tt-trace-id: 00-241229140304C4CA8A6D588B072280B1-4E5DA87381C09CE5-00
Expires: Sun, 29 Dec 2024 14:03:04 GMT
Cache-Control: max-age=0, no-cache, no-store
Pragma: no-cache
Date: Sun, 29 Dec 2024 14:03:04 GMT
X-Cache: TCP_MISS from a95-101-134-116.deploy.akamaitechnologies.com (AkamaiGHost/11.7.2.1-9611f29bef89eba7b18045b10aa2af98) (-)
Connection: close
x-tt-trace-tag: id=16;cdn-cache=miss;type=dyn
Server-Timing: cdn-cache; desc=MISS, edge; dur=1, origin; dur=105
X-Origin-Response-Time: 105,95.101.134.116
X-Akamai-Request-ID: 299a0df0

{"code": 0, "message": "OK", "request_id": "20241229140304C4CA8A6D588B072280B1", "data": {}}
2024-12-29T14:03:05+00:00 DEBUG POST: https://business-api.tiktok.com/open_api/v1.3/event/track/

{"partner_name":"WooCommerce","event_source":"web","event_source_id":"CSM79Q3C77UAG1T340I0","data":[{"event":"Pageview","event_id":"67715699a9fea_tt4b_woocommerce_670666209cf1f","event_time":1735480985,"user":{"ip":"157.55.39.196","user_agent":"Mozilla\/5.0 AppleWebKit\/537.36 (KHTML, like Gecko; compatible; bingbot\/2.0; +http:\/\/www.bing.com\/bingbot.htm) Chrome\/116.0.1938.76 Safari\/537.36","locale":"ar","external_id":"0","email":"e3b0c44298fc1c149afbf4c8996fb92427ae41e4649b934ca495991b7852b855","phone_number":"e3b0c44298fc1c149afbf4c8996fb92427ae41e4649b934ca495991b7852b855","first_name":"e3b0c44298fc1c149afbf4c8996fb92427ae41e4649b934ca495991b7852b855","last_name":"e3b0c44298fc1c149afbf4c8996fb92427ae41e4649b934ca495991b7852b855","zip_code":"e3b0c44298fc1c149afbf4c8996fb92427ae41e4649b934ca495991b7852b855"},"page":{"url":"http:\/\/www.ibn-sinaa.com\/product-tag\/%D8%A7%D9%83%D9%88%D8%A7%D8%A8-%D8%A7%D8%B3%D9%85%D8%A7%D8%A1\/"}}]}
 ajax: no
2024-12-29T14:03:05+00:00 DEBUG Tt4b_Mapi_Class::mapi_post: Response: 

HTTP/1.1 200 OK
Server: nginx
Content-Type: application/json
Content-Length: 92
X-Tt-Logid: 20241229140305910A9B8990B6D5397BCB
x-tt-trace-host: 018e5a586174a888928d793bdac74b79b56517d7628cf0ffdff56b078ad2cf5615d02d71d3ede51b68e68d3829ca272f704c2615230213d78befab1bf40234146e8d48d2d3973f3ec9238fa09a0020f7afd2bb178387b5fa88a91e6ea2f0ecad56368baf67b4d6a8a83aa3896bc7faff48
x-tt-trace-id: 00-241229140305910A9B8990B6D5397BCB-5360BBA6480F6FCC-00
X-Origin-Response-Time: 32,23.218.219.20
X-Akamai-Request-ID: 26ddb821.e5aa217
Expires: Sun, 29 Dec 2024 14:03:05 GMT
Cache-Control: max-age=0, no-cache, no-store
Pragma: no-cache
Date: Sun, 29 Dec 2024 14:03:05 GMT
X-Cache: TCP_MISS from a95-101-134-92.deploy.akamaitechnologies.com (AkamaiGHost/11.7.2.1-9611f29bef89eba7b18045b10aa2af98) (-)
Connection: close
X-Cache-Remote: TCP_MISS from a23-218-219-20.deploy.akamaitechnologies.com (AkamaiGHost/11.7.2.1-9611f29bef89eba7b18045b10aa2af98) (-)
x-tt-trace-tag: id=16;cdn-cache=miss;type=dyn
Server-Timing: cdn-cache; desc=MISS, edge; dur=83, origin; dur=32
Server-Timing: inner; dur=28
X-Parent-Response-Time: 114,95.101.134.92

{"code": 0, "message": "OK", "request_id": "20241229140305910A9B8990B6D5397BCB", "data": {}}
2024-12-29T14:03:09+00:00 DEBUG POST: https://business-api.tiktok.com/open_api/v1.3/event/track/

{"partner_name":"WooCommerce","event_source":"web","event_source_id":"CSM79Q3C77UAG1T340I0","data":[{"event":"Pageview","event_id":"6771569d6d2aa_tt4b_woocommerce_670666209cf1f","event_time":1735480989,"user":{"ip":"197.134.250.188","user_agent":"Mozilla\/5.0 (Windows NT 10.0; Win64; x64) AppleWebKit\/537.36 (KHTML, like Gecko) Chrome\/131.0.0.0 Safari\/537.36","locale":"ar","external_id":"0","email":"e3b0c44298fc1c149afbf4c8996fb92427ae41e4649b934ca495991b7852b855","phone_number":"e3b0c44298fc1c149afbf4c8996fb92427ae41e4649b934ca495991b7852b855","first_name":"e3b0c44298fc1c149afbf4c8996fb92427ae41e4649b934ca495991b7852b855","last_name":"e3b0c44298fc1c149afbf4c8996fb92427ae41e4649b934ca495991b7852b855","zip_code":"e3b0c44298fc1c149afbf4c8996fb92427ae41e4649b934ca495991b7852b855"},"page":{"url":"http:\/\/ibn-sinaa.com\/"}}]}
 ajax: no
2024-12-29T14:03:09+00:00 DEBUG Tt4b_Mapi_Class::mapi_post: Response: 

HTTP/1.1 200 OK
Server: nginx
Content-Type: application/json
Content-Length: 92
X-Tt-Logid: 202412291403098368F84273FC4F547F57
Server-Timing: inner; dur=31
x-tt-trace-host: 018e5a586174a888928d793bdac74b79b51a437ee89a1c03eb2011d034a2e3e9f5ae45e875e9e8842596beb738243249e0baa10d37e0e56c3ee392daf0644f5399f4798f4ab0584acb29395f0d7f5a8fdb4356d958e5218b5fb6ce3dd72019da66
x-tt-trace-id: 00-2412291403098368F84273FC4F547F57-0C9429EF3DB2608E-00
Expires: Sun, 29 Dec 2024 14:03:09 GMT
Cache-Control: max-age=0, no-cache, no-store
Pragma: no-cache
Date: Sun, 29 Dec 2024 14:03:09 GMT
X-Cache: TCP_MISS from a95-101-134-92.deploy.akamaitechnologies.com (AkamaiGHost/11.7.2.1-9611f29bef89eba7b18045b10aa2af98) (-)
Connection: close
x-tt-trace-tag: id=16;cdn-cache=miss;type=dyn
Server-Timing: cdn-cache; desc=MISS, edge; dur=1, origin; dur=114
X-Origin-Response-Time: 114,95.101.134.92
X-Akamai-Request-ID: e5aee85

{"code": 0, "message": "OK", "request_id": "202412291403098368F84273FC4F547F57", "data": {}}
2024-12-29T14:03:14+00:00 DEBUG POST: https://business-api.tiktok.com/open_api/v1.3/event/track/

{"partner_name":"WooCommerce","event_source":"web","event_source_id":"CSM79Q3C77UAG1T340I0","data":[{"event":"Pageview","event_id":"677156a24e398_tt4b_woocommerce_670666209cf1f","event_time":1735480994,"user":{"ip":"197.165.163.165","user_agent":"Mozilla\/5.0 (Windows NT 10.0; Win64; x64) AppleWebKit\/537.36 (KHTML, like Gecko) Chrome\/131.0.0.0 Safari\/537.36","locale":"ar","external_id":"1","ttp":"xLtx8NLe22XyqbD29nYmxlJoHng.tt.1","email":"12d1c9af965c58a2b107c343361ece72f81466a995a43e43290230ce7bec8820"},"page":{"url":"http:\/\/ibn-sinaa.com\/"}}]}
 ajax: no
2024-12-29T14:03:14+00:00 DEBUG Tt4b_Mapi_Class::mapi_post: Response: 

HTTP/1.1 200 OK
Server: nginx
Content-Type: application/json
Content-Length: 92
X-Tt-Logid: 202412291403145013692F49159246C52E
x-tt-trace-host: 018e5a586174a888928d793bdac74b79b56517d7628cf0ffdff56b078ad2cf5615b62bc9e4a45ce406dcb9b3cbed1ca36bbd1de3318e39181aa5b375548ddec419495ff52a2b183712d39f46289a6a20b9600c5396d0e27a6851c6e14e76f2c5cb88168c485f1c8e1e02b00b10ed75ac9c
x-tt-trace-id: 00-2412291403145013692F49159246C52E-5B24C46C8128F036-00
X-Origin-Response-Time: 88,23.218.219.37
X-Akamai-Request-ID: 4dc61ae8.e5b550e
Expires: Sun, 29 Dec 2024 14:03:14 GMT
Cache-Control: max-age=0, no-cache, no-store
Pragma: no-cache
Date: Sun, 29 Dec 2024 14:03:14 GMT
X-Cache: TCP_MISS from a95-101-134-92.deploy.akamaitechnologies.com (AkamaiGHost/11.7.2.1-9611f29bef89eba7b18045b10aa2af98) (-)
Connection: close
X-Cache-Remote: TCP_MISS from a23-218-219-37.deploy.akamaitechnologies.com (AkamaiGHost/11.7.2.1-9611f29bef89eba7b18045b10aa2af98) (-)
x-tt-trace-tag: id=16;cdn-cache=miss;type=dyn
Server-Timing: cdn-cache; desc=MISS, edge; dur=89, origin; dur=88
Server-Timing: inner; dur=79
X-Parent-Response-Time: 175,95.101.134.92

{"code": 0, "message": "OK", "request_id": "202412291403145013692F49159246C52E", "data": {}}
2024-12-29T14:03:15+00:00 DEBUG POST: https://business-api.tiktok.com/open_api/v1.3/event/track/

{"partner_name":"WooCommerce","event_source":"web","event_source_id":"CSM79Q3C77UAG1T340I0","data":[{"event":"Pageview","event_id":"677156a3146cb_tt4b_woocommerce_670666209cf1f","event_time":1735480995,"user":{"ip":"197.134.250.188","user_agent":"Mozilla\/5.0 (Windows NT 10.0; Win64; x64) AppleWebKit\/537.36 (KHTML, like Gecko) Chrome\/131.0.0.0 Safari\/537.36","locale":"ar","external_id":"0","email":"e3b0c44298fc1c149afbf4c8996fb92427ae41e4649b934ca495991b7852b855","phone_number":"e3b0c44298fc1c149afbf4c8996fb92427ae41e4649b934ca495991b7852b855","first_name":"e3b0c44298fc1c149afbf4c8996fb92427ae41e4649b934ca495991b7852b855","last_name":"e3b0c44298fc1c149afbf4c8996fb92427ae41e4649b934ca495991b7852b855","zip_code":"e3b0c44298fc1c149afbf4c8996fb92427ae41e4649b934ca495991b7852b855"},"page":{"url":"http:\/\/ibn-sinaa.com\/"}}]}
 ajax: no
2024-12-29T14:03:15+00:00 DEBUG Tt4b_Mapi_Class::mapi_post: Response: 

HTTP/1.1 200 OK
Server: nginx
Content-Type: application/json
Content-Length: 92
X-Tt-Logid: 2024122914031507A2FAB2D9B6CC6C94AA
Server-Timing: inner; dur=28
x-tt-trace-host: 018e5a586174a888928d793bdac74b79b520593bf434961dbceff88e4b17f9a156e10cfa4a1af0e5cb5eb4a293a3025d2b4d049a01129eb3c7a1c850e73fdda8527f2dcd012888bda10371abf63f27722db1592e81d8aee1547d2e2de4d967a31f
x-tt-trace-id: 00-24122914031507A2FAB2D9B6CC6C94AA-4404C9CE80934585-00
Expires: Sun, 29 Dec 2024 14:03:15 GMT
Cache-Control: max-age=0, no-cache, no-store
Pragma: no-cache
Date: Sun, 29 Dec 2024 14:03:15 GMT
X-Cache: TCP_MISS from a95-101-134-116.deploy.akamaitechnologies.com (AkamaiGHost/11.7.2.1-9611f29bef89eba7b18045b10aa2af98) (-)
Connection: close
x-tt-trace-tag: id=16;cdn-cache=miss;type=dyn
Server-Timing: cdn-cache; desc=MISS, edge; dur=0, origin; dur=109
X-Origin-Response-Time: 109,95.101.134.116
X-Akamai-Request-ID: 299aed58

{"code": 0, "message": "OK", "request_id": "2024122914031507A2FAB2D9B6CC6C94AA", "data": {}}
2024-12-29T14:03:19+00:00 DEBUG POST: https://business-api.tiktok.com/open_api/v1.3/event/track/

{"partner_name":"WooCommerce","event_source":"web","event_source_id":"CSM79Q3C77UAG1T340I0","data":[{"event":"Pageview","event_id":"677156a7b00c6_tt4b_woocommerce_670666209cf1f","event_time":1735480999,"user":{"ip":"197.134.250.188","user_agent":"Mozilla\/5.0 (Windows NT 10.0; Win64; x64) AppleWebKit\/537.36 (KHTML, like Gecko) Chrome\/131.0.0.0 Safari\/537.36","locale":"ar","external_id":"0","email":"e3b0c44298fc1c149afbf4c8996fb92427ae41e4649b934ca495991b7852b855","phone_number":"e3b0c44298fc1c149afbf4c8996fb92427ae41e4649b934ca495991b7852b855","first_name":"e3b0c44298fc1c149afbf4c8996fb92427ae41e4649b934ca495991b7852b855","last_name":"e3b0c44298fc1c149afbf4c8996fb92427ae41e4649b934ca495991b7852b855","zip_code":"e3b0c44298fc1c149afbf4c8996fb92427ae41e4649b934ca495991b7852b855"},"page":{"url":"http:\/\/ibn-sinaa.com\/"}}]}
 ajax: no
2024-12-29T14:03:19+00:00 DEBUG Tt4b_Mapi_Class::mapi_post: Response: 

HTTP/1.1 200 OK
Server: nginx
Content-Type: application/json
Content-Length: 92
X-Tt-Logid: 20241229140319DB6B86D58802FF22F6C3
Server-Timing: inner; dur=17
x-tt-trace-host: 018e5a586174a888928d793bdac74b79b520593bf434961dbceff88e4b17f9a156e45d41797eee88a2758dd95f90c2af57a4ffcf317bdc776b0e173c64f2d3d4a517d0161e75a9195867604046bf57a87b620470e75d9276ecdfbafd0882e4ab14
x-tt-trace-id: 00-241229140319DB6B86D58802FF22F6C3-064A9DA685C70592-00
Expires: Sun, 29 Dec 2024 14:03:19 GMT
Cache-Control: max-age=0, no-cache, no-store
Pragma: no-cache
Date: Sun, 29 Dec 2024 14:03:19 GMT
X-Cache: TCP_MISS from a95-101-134-116.deploy.akamaitechnologies.com (AkamaiGHost/11.7.2.1-9611f29bef89eba7b18045b10aa2af98) (-)
Connection: close
x-tt-trace-tag: id=16;cdn-cache=miss;type=dyn
Server-Timing: cdn-cache; desc=MISS, edge; dur=2, origin; dur=96
X-Origin-Response-Time: 97,95.101.134.116
X-Akamai-Request-ID: 299b55cf

{"code": 0, "message": "OK", "request_id": "20241229140319DB6B86D58802FF22F6C3", "data": {}}
2024-12-29T14:03:24+00:00 DEBUG POST: https://business-api.tiktok.com/open_api/v1.3/event/track/

{"partner_name":"WooCommerce","event_source":"web","event_source_id":"CSM79Q3C77UAG1T340I0","data":[{"event":"Pageview","event_id":"677156ac349b6_tt4b_woocommerce_670666209cf1f","event_time":1735481004,"user":{"ip":"197.134.250.188","user_agent":"Mozilla\/5.0 (Windows NT 10.0; Win64; x64) AppleWebKit\/537.36 (KHTML, like Gecko) Chrome\/131.0.0.0 Safari\/537.36","locale":"ar","external_id":"0","email":"e3b0c44298fc1c149afbf4c8996fb92427ae41e4649b934ca495991b7852b855","phone_number":"e3b0c44298fc1c149afbf4c8996fb92427ae41e4649b934ca495991b7852b855","first_name":"e3b0c44298fc1c149afbf4c8996fb92427ae41e4649b934ca495991b7852b855","last_name":"e3b0c44298fc1c149afbf4c8996fb92427ae41e4649b934ca495991b7852b855","zip_code":"e3b0c44298fc1c149afbf4c8996fb92427ae41e4649b934ca495991b7852b855"},"page":{"url":"http:\/\/ibn-sinaa.com\/"}}]}
 ajax: no
2024-12-29T14:03:24+00:00 DEBUG Tt4b_Mapi_Class::mapi_post: Response: 

HTTP/1.1 200 OK
Server: nginx
Content-Type: application/json
Content-Length: 92
X-Tt-Logid: 20241229140324B2D7D3B2F629DF40C318
x-tt-trace-host: 018e5a586174a888928d793bdac74b79b519a86797e72c2eba011e03e23beee17d8680af96ca87d786bf2f0c262a9c5e22a350e0c6482eb08a2651a856b7791a01558dc53647969236845a90c0c723b8c503735b7b5d0a6a9e8c057f4ac4cf076c4dacec7c7b22e7d81d559e0ca68efff2
x-tt-trace-id: 00-241229140324B2D7D3B2F629DF40C318-042EBB6341C3E494-00
X-Origin-Response-Time: 35,23.218.219.18
X-Akamai-Request-ID: 49cad4d5.299bba42
Expires: Sun, 29 Dec 2024 14:03:24 GMT
Cache-Control: max-age=0, no-cache, no-store
Pragma: no-cache
Date: Sun, 29 Dec 2024 14:03:24 GMT
X-Cache: TCP_MISS from a95-101-134-116.deploy.akamaitechnologies.com (AkamaiGHost/11.7.2.1-9611f29bef89eba7b18045b10aa2af98) (-)
Connection: close
X-Cache-Remote: TCP_MISS from a23-218-219-18.deploy.akamaitechnologies.com (AkamaiGHost/11.7.2.1-9611f29bef89eba7b18045b10aa2af98) (-)
x-tt-trace-tag: id=16;cdn-cache=miss;type=dyn
Server-Timing: cdn-cache; desc=MISS, edge; dur=84, origin; dur=35
Server-Timing: inner; dur=32
X-Parent-Response-Time: 119,95.101.134.116

{"code": 0, "message": "OK", "request_id": "20241229140324B2D7D3B2F629DF40C318", "data": {}}
2024-12-29T14:03:28+00:00 DEBUG POST: https://business-api.tiktok.com/open_api/v1.3/event/track/

{"partner_name":"WooCommerce","event_source":"web","event_source_id":"CSM79Q3C77UAG1T340I0","data":[{"event":"Pageview","event_id":"677156b089b3e_tt4b_woocommerce_670666209cf1f","event_time":1735481008,"user":{"ip":"197.134.250.188","user_agent":"Mozilla\/5.0 (Windows NT 10.0; Win64; x64) AppleWebKit\/537.36 (KHTML, like Gecko) Chrome\/131.0.0.0 Safari\/537.36","locale":"ar","external_id":"0","email":"e3b0c44298fc1c149afbf4c8996fb92427ae41e4649b934ca495991b7852b855","phone_number":"e3b0c44298fc1c149afbf4c8996fb92427ae41e4649b934ca495991b7852b855","first_name":"e3b0c44298fc1c149afbf4c8996fb92427ae41e4649b934ca495991b7852b855","last_name":"e3b0c44298fc1c149afbf4c8996fb92427ae41e4649b934ca495991b7852b855","zip_code":"e3b0c44298fc1c149afbf4c8996fb92427ae41e4649b934ca495991b7852b855"},"page":{"url":"http:\/\/ibn-sinaa.com\/"}}]}
 ajax: no
2024-12-29T14:03:28+00:00 DEBUG Tt4b_Mapi_Class::mapi_post: Response: 

HTTP/1.1 200 OK
Server: nginx
Content-Type: application/json
Content-Length: 92
X-Tt-Logid: 202412291403281114033CA488DD611F39
x-tt-trace-host: 018e5a586174a888928d793bdac74b79b519a86797e72c2eba011e03e23beee17d4a5c41ced4e556e7050338e12ec1a44e293278bf53df41cf61e75a62b7b66add5cbdc534a0343a5924338c9750551ec29852bff27a10181ccd777d77e42bd89a19f8213b0135b8c5b69e0e3073904194
x-tt-trace-id: 00-2412291403281114033CA488DD611F39-4BC00A6A77B54882-00
X-Origin-Response-Time: 31,23.218.219.54
X-Akamai-Request-ID: 548b61ad.299c1b72
Expires: Sun, 29 Dec 2024 14:03:28 GMT
Cache-Control: max-age=0, no-cache, no-store
Pragma: no-cache
Date: Sun, 29 Dec 2024 14:03:28 GMT
X-Cache: TCP_MISS from a95-101-134-116.deploy.akamaitechnologies.com (AkamaiGHost/11.7.2.1-9611f29bef89eba7b18045b10aa2af98) (-)
Connection: close
X-Cache-Remote: TCP_MISS from a23-218-219-54.deploy.akamaitechnologies.com (AkamaiGHost/11.7.2.1-9611f29bef89eba7b18045b10aa2af98) (-)
x-tt-trace-tag: id=16;cdn-cache=miss;type=dyn
Server-Timing: cdn-cache; desc=MISS, edge; dur=84, origin; dur=31
Server-Timing: inner; dur=27
X-Parent-Response-Time: 112,95.101.134.116

{"code": 0, "message": "OK", "request_id": "202412291403281114033CA488DD611F39", "data": {}}
2024-12-29T14:03:33+00:00 DEBUG POST: https://business-api.tiktok.com/open_api/v1.3/event/track/

{"partner_name":"WooCommerce","event_source":"web","event_source_id":"CSM79Q3C77UAG1T340I0","data":[{"event":"Pageview","event_id":"677156b510dcb_tt4b_woocommerce_670666209cf1f","event_time":1735481013,"user":{"ip":"197.134.250.188","user_agent":"Mozilla\/5.0 (Windows NT 10.0; Win64; x64) AppleWebKit\/537.36 (KHTML, like Gecko) Chrome\/131.0.0.0 Safari\/537.36","locale":"ar","external_id":"0","email":"e3b0c44298fc1c149afbf4c8996fb92427ae41e4649b934ca495991b7852b855","phone_number":"e3b0c44298fc1c149afbf4c8996fb92427ae41e4649b934ca495991b7852b855","first_name":"e3b0c44298fc1c149afbf4c8996fb92427ae41e4649b934ca495991b7852b855","last_name":"e3b0c44298fc1c149afbf4c8996fb92427ae41e4649b934ca495991b7852b855","zip_code":"e3b0c44298fc1c149afbf4c8996fb92427ae41e4649b934ca495991b7852b855"},"page":{"url":"http:\/\/ibn-sinaa.com\/"}}]}
 ajax: no
2024-12-29T14:03:33+00:00 DEBUG Tt4b_Mapi_Class::mapi_post: Response: 

HTTP/1.1 200 OK
Server: nginx
Content-Type: application/json
Content-Length: 92
X-Tt-Logid: 20241229140333236F3C495ABE98ADE870
Server-Timing: inner; dur=30
x-tt-trace-host: 018e5a586174a888928d793bdac74b79b51a437ee89a1c03eb2011d034a2e3e9f5dadaaba3a440952660d86bad856ea8947f184cadf0d8af2eddcb43064cc40182526dd8ca7b74cc8fc474127b0620a1cca8a3fc2a5b4abba3636d055fcf4dac2d
x-tt-trace-id: 00-241229140333236F3C495ABE98ADE870-00FBFFFE732408CC-00
Expires: Sun, 29 Dec 2024 14:03:33 GMT
Cache-Control: max-age=0, no-cache, no-store
Pragma: no-cache
Date: Sun, 29 Dec 2024 14:03:33 GMT
X-Cache: TCP_MISS from a95-101-134-92.deploy.akamaitechnologies.com (AkamaiGHost/11.7.2.1-9611f29bef89eba7b18045b10aa2af98) (-)
Connection: close
x-tt-trace-tag: id=16;cdn-cache=miss;type=dyn
Server-Timing: cdn-cache; desc=MISS, edge; dur=3, origin; dur=113
X-Origin-Response-Time: 114,95.101.134.92
X-Akamai-Request-ID: e5cd339

{"code": 0, "message": "OK", "request_id": "20241229140333236F3C495ABE98ADE870", "data": {}}
2024-12-29T14:03:38+00:00 DEBUG POST: https://business-api.tiktok.com/open_api/v1.3/event/track/

{"partner_name":"WooCommerce","event_source":"web","event_source_id":"CSM79Q3C77UAG1T340I0","data":[{"event":"Pageview","event_id":"677156ba5e3a5_tt4b_woocommerce_670666209cf1f","event_time":1735481018,"user":{"ip":"197.134.250.188","user_agent":"Mozilla\/5.0 (Windows NT 10.0; Win64; x64) AppleWebKit\/537.36 (KHTML, like Gecko) Chrome\/131.0.0.0 Safari\/537.36","locale":"ar","external_id":"0","email":"e3b0c44298fc1c149afbf4c8996fb92427ae41e4649b934ca495991b7852b855","phone_number":"e3b0c44298fc1c149afbf4c8996fb92427ae41e4649b934ca495991b7852b855","first_name":"e3b0c44298fc1c149afbf4c8996fb92427ae41e4649b934ca495991b7852b855","last_name":"e3b0c44298fc1c149afbf4c8996fb92427ae41e4649b934ca495991b7852b855","zip_code":"e3b0c44298fc1c149afbf4c8996fb92427ae41e4649b934ca495991b7852b855"},"page":{"url":"http:\/\/ibn-sinaa.com\/"}}]}
 ajax: no
2024-12-29T14:03:38+00:00 DEBUG Tt4b_Mapi_Class::mapi_post: Response: 

HTTP/1.1 200 OK
Server: nginx
Content-Type: application/json
Content-Length: 92
X-Tt-Logid: 202412291403388BCB2DFC864E3E1BF689
x-tt-trace-host: 018e5a586174a888928d793bdac74b79b519a86797e72c2eba011e03e23beee17d2084cb681579942df39b264b25df06a2ba0386afb0ae1963923964b680d17c88e298777e3c575eef9edeee3e9781bf8c4a8a1c396e5125535b205fde3361059327d2e95247f5f441fdb48c114874b883
x-tt-trace-id: 00-2412291403388BCB2DFC864E3E1BF689-23BDB9083BFA5427-00
X-Origin-Response-Time: 34,23.218.219.40
X-Akamai-Request-ID: 50e4c04b.299cf4b9
Expires: Sun, 29 Dec 2024 14:03:38 GMT
Cache-Control: max-age=0, no-cache, no-store
Pragma: no-cache
Date: Sun, 29 Dec 2024 14:03:38 GMT
X-Cache: TCP_MISS from a95-101-134-116.deploy.akamaitechnologies.com (AkamaiGHost/11.7.2.1-9611f29bef89eba7b18045b10aa2af98) (-)
Connection: close
X-Cache-Remote: TCP_MISS from a23-218-219-40.deploy.akamaitechnologies.com (AkamaiGHost/11.7.2.1-9611f29bef89eba7b18045b10aa2af98) (-)
x-tt-trace-tag: id=16;cdn-cache=miss;type=dyn
Server-Timing: cdn-cache; desc=MISS, edge; dur=80, origin; dur=34
Server-Timing: inner; dur=30
X-Parent-Response-Time: 114,95.101.134.116

{"code": 0, "message": "OK", "request_id": "202412291403388BCB2DFC864E3E1BF689", "data": {}}
2024-12-29T14:03:43+00:00 DEBUG POST: https://business-api.tiktok.com/open_api/v1.3/event/track/

{"partner_name":"WooCommerce","event_source":"web","event_source_id":"CSM79Q3C77UAG1T340I0","data":[{"event":"Pageview","event_id":"677156bf2d799_tt4b_woocommerce_670666209cf1f","event_time":1735481023,"user":{"ip":"197.134.250.188","user_agent":"Mozilla\/5.0 (Windows NT 10.0; Win64; x64) AppleWebKit\/537.36 (KHTML, like Gecko) Chrome\/131.0.0.0 Safari\/537.36","locale":"ar","external_id":"0","email":"e3b0c44298fc1c149afbf4c8996fb92427ae41e4649b934ca495991b7852b855","phone_number":"e3b0c44298fc1c149afbf4c8996fb92427ae41e4649b934ca495991b7852b855","first_name":"e3b0c44298fc1c149afbf4c8996fb92427ae41e4649b934ca495991b7852b855","last_name":"e3b0c44298fc1c149afbf4c8996fb92427ae41e4649b934ca495991b7852b855","zip_code":"e3b0c44298fc1c149afbf4c8996fb92427ae41e4649b934ca495991b7852b855"},"page":{"url":"http:\/\/ibn-sinaa.com\/"}}]}
 ajax: no
2024-12-29T14:03:43+00:00 DEBUG Tt4b_Mapi_Class::mapi_post: Response: 

HTTP/1.1 200 OK
Server: nginx
Content-Type: application/json
Content-Length: 92
X-Tt-Logid: 202412291403433F59DB20EBAC27AC3E2B
Server-Timing: inner; dur=28
x-tt-trace-host: 018e5a586174a888928d793bdac74b79b520593bf434961dbceff88e4b17f9a15630af4a3c3bf42853dea849713732e70f661d2c4ab042af4544b1d63f56d0d4466779b60254cb051ed3fcd5755ec179c3c638ff3a5dd601ab6050296896b26cd3
x-tt-trace-id: 00-2412291403433F59DB20EBAC27AC3E2B-7511F59D41E3EA10-00
Expires: Sun, 29 Dec 2024 14:03:43 GMT
Cache-Control: max-age=0, no-cache, no-store
Pragma: no-cache
Date: Sun, 29 Dec 2024 14:03:43 GMT
X-Cache: TCP_MISS from a95-101-134-116.deploy.akamaitechnologies.com (AkamaiGHost/11.7.2.1-9611f29bef89eba7b18045b10aa2af98) (-)
Connection: close
x-tt-trace-tag: id=16;cdn-cache=miss;type=dyn
Server-Timing: cdn-cache; desc=MISS, edge; dur=0, origin; dur=111
X-Origin-Response-Time: 111,95.101.134.116
X-Akamai-Request-ID: 299d5e27

{"code": 0, "message": "OK", "request_id": "202412291403433F59DB20EBAC27AC3E2B", "data": {}}
2024-12-29T14:03:47+00:00 DEBUG POST: https://business-api.tiktok.com/open_api/v1.3/event/track/

{"partner_name":"WooCommerce","event_source":"web","event_source_id":"CSM79Q3C77UAG1T340I0","data":[{"event":"Pageview","event_id":"677156c3e2954_tt4b_woocommerce_670666209cf1f","event_time":1735481027,"user":{"ip":"197.134.250.188","user_agent":"Mozilla\/5.0 (Windows NT 10.0; Win64; x64) AppleWebKit\/537.36 (KHTML, like Gecko) Chrome\/131.0.0.0 Safari\/537.36","locale":"ar","external_id":"0","email":"e3b0c44298fc1c149afbf4c8996fb92427ae41e4649b934ca495991b7852b855","phone_number":"e3b0c44298fc1c149afbf4c8996fb92427ae41e4649b934ca495991b7852b855","first_name":"e3b0c44298fc1c149afbf4c8996fb92427ae41e4649b934ca495991b7852b855","last_name":"e3b0c44298fc1c149afbf4c8996fb92427ae41e4649b934ca495991b7852b855","zip_code":"e3b0c44298fc1c149afbf4c8996fb92427ae41e4649b934ca495991b7852b855"},"page":{"url":"http:\/\/ibn-sinaa.com\/"}}]}
 ajax: no
2024-12-29T14:03:48+00:00 DEBUG Tt4b_Mapi_Class::mapi_post: Response: 

HTTP/1.1 200 OK
Server: nginx
Content-Type: application/json
Content-Length: 92
X-Tt-Logid: 20241229140348111A217046B38EC22DF0
Server-Timing: inner; dur=24
x-tt-trace-host: 018e5a586174a888928d793bdac74b79b51a437ee89a1c03eb2011d034a2e3e9f5abb769086d21c255e2466c66ee29f9816b831aafd1ef3703aec1b1727738de1915a269362d8f5504f6cf6515a9f99b629bcd6f2886c5c4c60f89674ae8c56957
x-tt-trace-id: 00-241229140348111A217046B38EC22DF0-1E20D9DD6D34EC24-00
Expires: Sun, 29 Dec 2024 14:03:48 GMT
Cache-Control: max-age=0, no-cache, no-store
Pragma: no-cache
Date: Sun, 29 Dec 2024 14:03:48 GMT
X-Cache: TCP_MISS from a95-101-134-92.deploy.akamaitechnologies.com (AkamaiGHost/11.7.2.1-9611f29bef89eba7b18045b10aa2af98) (-)
Connection: close
x-tt-trace-tag: id=16;cdn-cache=miss;type=dyn
Server-Timing: cdn-cache; desc=MISS, edge; dur=1, origin; dur=103
X-Origin-Response-Time: 103,95.101.134.92
X-Akamai-Request-ID: e5e115e

{"code": 0, "message": "OK", "request_id": "20241229140348111A217046B38EC22DF0", "data": {}}
2024-12-29T14:03:52+00:00 DEBUG POST: https://business-api.tiktok.com/open_api/v1.3/event/track/

{"partner_name":"WooCommerce","event_source":"web","event_source_id":"CSM79Q3C77UAG1T340I0","data":[{"event":"Pageview","event_id":"677156c87eaf8_tt4b_woocommerce_670666209cf1f","event_time":1735481032,"user":{"ip":"197.134.250.188","user_agent":"Mozilla\/5.0 (Windows NT 10.0; Win64; x64) AppleWebKit\/537.36 (KHTML, like Gecko) Chrome\/131.0.0.0 Safari\/537.36","locale":"ar","external_id":"0","email":"e3b0c44298fc1c149afbf4c8996fb92427ae41e4649b934ca495991b7852b855","phone_number":"e3b0c44298fc1c149afbf4c8996fb92427ae41e4649b934ca495991b7852b855","first_name":"e3b0c44298fc1c149afbf4c8996fb92427ae41e4649b934ca495991b7852b855","last_name":"e3b0c44298fc1c149afbf4c8996fb92427ae41e4649b934ca495991b7852b855","zip_code":"e3b0c44298fc1c149afbf4c8996fb92427ae41e4649b934ca495991b7852b855"},"page":{"url":"http:\/\/ibn-sinaa.com\/"}}]}
 ajax: no
2024-12-29T14:03:52+00:00 DEBUG Tt4b_Mapi_Class::mapi_post: Response: 

HTTP/1.1 200 OK
Server: nginx
Content-Type: application/json
Content-Length: 92
X-Tt-Logid: 20241229140352F423DA418C0BD4A9D1CC
Server-Timing: inner; dur=24
x-tt-trace-host: 018e5a586174a888928d793bdac74b79b51a437ee89a1c03eb2011d034a2e3e9f5ffc82f446ca6f82a9308f886d69de8bacf6db227a1c1125c937ea391bf685d2d7e070cbb2d8a13e597a1902b1d59b8c7475114a73de1416a4df66b1da4e4d079
x-tt-trace-id: 00-241229140352F423DA418C0BD4A9D1CC-3B6E06977EECCD81-00
Expires: Sun, 29 Dec 2024 14:03:52 GMT
Cache-Control: max-age=0, no-cache, no-store
Pragma: no-cache
Date: Sun, 29 Dec 2024 14:03:52 GMT
X-Cache: TCP_MISS from a95-101-134-92.deploy.akamaitechnologies.com (AkamaiGHost/11.7.2.1-9611f29bef89eba7b18045b10aa2af98) (-)
Connection: close
x-tt-trace-tag: id=16;cdn-cache=miss;type=dyn
Server-Timing: cdn-cache; desc=MISS, edge; dur=0, origin; dur=107
X-Origin-Response-Time: 107,95.101.134.92
X-Akamai-Request-ID: e5e6ec6

{"code": 0, "message": "OK", "request_id": "20241229140352F423DA418C0BD4A9D1CC", "data": {}}
2024-12-29T14:03:57+00:00 DEBUG POST: https://business-api.tiktok.com/open_api/v1.3/event/track/

{"partner_name":"WooCommerce","event_source":"web","event_source_id":"CSM79Q3C77UAG1T340I0","data":[{"event":"Pageview","event_id":"677156cd0f403_tt4b_woocommerce_670666209cf1f","event_time":1735481037,"user":{"ip":"197.134.250.188","user_agent":"Mozilla\/5.0 (Windows NT 10.0; Win64; x64) AppleWebKit\/537.36 (KHTML, like Gecko) Chrome\/131.0.0.0 Safari\/537.36","locale":"ar","external_id":"0","email":"e3b0c44298fc1c149afbf4c8996fb92427ae41e4649b934ca495991b7852b855","phone_number":"e3b0c44298fc1c149afbf4c8996fb92427ae41e4649b934ca495991b7852b855","first_name":"e3b0c44298fc1c149afbf4c8996fb92427ae41e4649b934ca495991b7852b855","last_name":"e3b0c44298fc1c149afbf4c8996fb92427ae41e4649b934ca495991b7852b855","zip_code":"e3b0c44298fc1c149afbf4c8996fb92427ae41e4649b934ca495991b7852b855"},"page":{"url":"http:\/\/ibn-sinaa.com\/"}}]}
 ajax: no
2024-12-29T14:03:57+00:00 DEBUG Tt4b_Mapi_Class::mapi_post: Response: 

HTTP/1.1 200 OK
Server: nginx
Content-Type: application/json
Content-Length: 92
X-Tt-Logid: 202412291403575908612B2A099D70C9AA
x-tt-trace-host: 018e5a586174a888928d793bdac74b79b519a86797e72c2eba011e03e23beee17d913bd14519de7b73ba852629d3b6c20623a122bc8e1a8c0f9f037c73041135cd42fe0cd613775cc81fb34bfc305812acc48c67f5a57d5ab4d0c0f46554b6ced6be016ddec3d141367da3c3988a5d4d9c
x-tt-trace-id: 00-2412291403575908612B2A099D70C9AA-0E7AB88B688B15D9-00
X-Origin-Response-Time: 31,23.218.219.29
X-Akamai-Request-ID: d8efdfe.299e89fb
Expires: Sun, 29 Dec 2024 14:03:57 GMT
Cache-Control: max-age=0, no-cache, no-store
Pragma: no-cache
Date: Sun, 29 Dec 2024 14:03:57 GMT
X-Cache: TCP_MISS from a95-101-134-116.deploy.akamaitechnologies.com (AkamaiGHost/11.7.2.1-9611f29bef89eba7b18045b10aa2af98) (-)
Connection: close
X-Cache-Remote: TCP_MISS from a23-218-219-29.deploy.akamaitechnologies.com (AkamaiGHost/11.7.2.1-9611f29bef89eba7b18045b10aa2af98) (-)
x-tt-trace-tag: id=16;cdn-cache=miss;type=dyn
Server-Timing: cdn-cache; desc=MISS, edge; dur=92, origin; dur=31
Server-Timing: inner; dur=27
X-Parent-Response-Time: 122,95.101.134.116

{"code": 0, "message": "OK", "request_id": "202412291403575908612B2A099D70C9AA", "data": {}}
2024-12-29T14:04:01+00:00 DEBUG POST: https://business-api.tiktok.com/open_api/v1.3/event/track/

{"partner_name":"WooCommerce","event_source":"web","event_source_id":"CSM79Q3C77UAG1T340I0","data":[{"event":"Pageview","event_id":"677156d18df68_tt4b_woocommerce_670666209cf1f","event_time":1735481041,"user":{"ip":"197.134.250.188","user_agent":"Mozilla\/5.0 (Windows NT 10.0; Win64; x64) AppleWebKit\/537.36 (KHTML, like Gecko) Chrome\/131.0.0.0 Safari\/537.36","locale":"ar","external_id":"0","email":"e3b0c44298fc1c149afbf4c8996fb92427ae41e4649b934ca495991b7852b855","phone_number":"e3b0c44298fc1c149afbf4c8996fb92427ae41e4649b934ca495991b7852b855","first_name":"e3b0c44298fc1c149afbf4c8996fb92427ae41e4649b934ca495991b7852b855","last_name":"e3b0c44298fc1c149afbf4c8996fb92427ae41e4649b934ca495991b7852b855","zip_code":"e3b0c44298fc1c149afbf4c8996fb92427ae41e4649b934ca495991b7852b855"},"page":{"url":"http:\/\/ibn-sinaa.com\/"}}]}
 ajax: no
2024-12-29T14:04:01+00:00 DEBUG Tt4b_Mapi_Class::mapi_post: Response: 

HTTP/1.1 200 OK
Server: nginx
Content-Type: application/json
Content-Length: 92
X-Tt-Logid: 202412291404015C1B50272F62DC1F7E64
Server-Timing: inner; dur=17
x-tt-trace-host: 018e5a586174a888928d793bdac74b79b51a437ee89a1c03eb2011d034a2e3e9f51c27d037bc89b665d8b9d293fd1e07f277860af92f7e4e3b36f61e0a2d83e63f52f1f49179ec5ad60fac347c7a2bbc74a3dc2755620245826e495cd419493d29
x-tt-trace-id: 00-2412291404015C1B50272F62DC1F7E64-0A09232E271AF862-00
Expires: Sun, 29 Dec 2024 14:04:01 GMT
Cache-Control: max-age=0, no-cache, no-store
Pragma: no-cache
Date: Sun, 29 Dec 2024 14:04:01 GMT
X-Cache: TCP_MISS from a95-101-134-92.deploy.akamaitechnologies.com (AkamaiGHost/11.7.2.1-9611f29bef89eba7b18045b10aa2af98) (-)
Connection: close
x-tt-trace-tag: id=16;cdn-cache=miss;type=dyn
Server-Timing: cdn-cache; desc=MISS, edge; dur=1, origin; dur=100
X-Origin-Response-Time: 100,95.101.134.92
X-Akamai-Request-ID: e5f26f7

{"code": 0, "message": "OK", "request_id": "202412291404015C1B50272F62DC1F7E64", "data": {}}
2024-12-29T14:04:06+00:00 DEBUG POST: https://business-api.tiktok.com/open_api/v1.3/event/track/

{"partner_name":"WooCommerce","event_source":"web","event_source_id":"CSM79Q3C77UAG1T340I0","data":[{"event":"Pageview","event_id":"677156d604af2_tt4b_woocommerce_670666209cf1f","event_time":1735481046,"user":{"ip":"197.134.250.188","user_agent":"Mozilla\/5.0 (Windows NT 10.0; Win64; x64) AppleWebKit\/537.36 (KHTML, like Gecko) Chrome\/131.0.0.0 Safari\/537.36","locale":"ar","external_id":"0","email":"e3b0c44298fc1c149afbf4c8996fb92427ae41e4649b934ca495991b7852b855","phone_number":"e3b0c44298fc1c149afbf4c8996fb92427ae41e4649b934ca495991b7852b855","first_name":"e3b0c44298fc1c149afbf4c8996fb92427ae41e4649b934ca495991b7852b855","last_name":"e3b0c44298fc1c149afbf4c8996fb92427ae41e4649b934ca495991b7852b855","zip_code":"e3b0c44298fc1c149afbf4c8996fb92427ae41e4649b934ca495991b7852b855"},"page":{"url":"http:\/\/ibn-sinaa.com\/"}}]}
 ajax: no
2024-12-29T14:04:06+00:00 DEBUG Tt4b_Mapi_Class::mapi_post: Response: 

HTTP/1.1 200 OK
Server: nginx
Content-Type: application/json
Content-Length: 92
X-Tt-Logid: 20241229140406EF617EE050FB6624D5E6
Server-Timing: inner; dur=35
x-tt-trace-host: 018e5a586174a888928d793bdac74b79b51a437ee89a1c03eb2011d034a2e3e9f5e99226dc3748aa85d25010accfaabf6d9b7ce57485699d03d482921905db3c679b2e22f7a491f7dafae51c97eb21c450063021465e44da5976b2072777bd417b
x-tt-trace-id: 00-241229140406EF617EE050FB6624D5E6-7A2404254CD0766E-00
Expires: Sun, 29 Dec 2024 14:04:06 GMT
Cache-Control: max-age=0, no-cache, no-store
Pragma: no-cache
Date: Sun, 29 Dec 2024 14:04:06 GMT
X-Cache: TCP_MISS from a95-101-134-92.deploy.akamaitechnologies.com (AkamaiGHost/11.7.2.1-9611f29bef89eba7b18045b10aa2af98) (-)
Connection: close
x-tt-trace-tag: id=16;cdn-cache=miss;type=dyn
Server-Timing: cdn-cache; desc=MISS, edge; dur=1, origin; dur=118
X-Origin-Response-Time: 118,95.101.134.92
X-Akamai-Request-ID: e5f75d6

{"code": 0, "message": "OK", "request_id": "20241229140406EF617EE050FB6624D5E6", "data": {}}
2024-12-29T14:04:10+00:00 DEBUG POST: https://business-api.tiktok.com/open_api/v1.3/event/track/

{"partner_name":"WooCommerce","event_source":"web","event_source_id":"CSM79Q3C77UAG1T340I0","data":[{"event":"Pageview","event_id":"677156da87756_tt4b_woocommerce_670666209cf1f","event_time":1735481050,"user":{"ip":"197.134.250.188","user_agent":"Mozilla\/5.0 (Windows NT 10.0; Win64; x64) AppleWebKit\/537.36 (KHTML, like Gecko) Chrome\/131.0.0.0 Safari\/537.36","locale":"ar","external_id":"0","email":"e3b0c44298fc1c149afbf4c8996fb92427ae41e4649b934ca495991b7852b855","phone_number":"e3b0c44298fc1c149afbf4c8996fb92427ae41e4649b934ca495991b7852b855","first_name":"e3b0c44298fc1c149afbf4c8996fb92427ae41e4649b934ca495991b7852b855","last_name":"e3b0c44298fc1c149afbf4c8996fb92427ae41e4649b934ca495991b7852b855","zip_code":"e3b0c44298fc1c149afbf4c8996fb92427ae41e4649b934ca495991b7852b855"},"page":{"url":"http:\/\/ibn-sinaa.com\/"}}]}
 ajax: no
2024-12-29T14:04:10+00:00 DEBUG Tt4b_Mapi_Class::mapi_post: Response: 

HTTP/1.1 200 OK
Server: nginx
Content-Type: application/json
Content-Length: 92
X-Tt-Logid: 202412291404103799910F2264CD1D63DF
Server-Timing: inner; dur=26
x-tt-trace-host: 018e5a586174a888928d793bdac74b79b51a437ee89a1c03eb2011d034a2e3e9f5b8278b8e736351247dc4d007a39979f5f7c87b4af39c512f8168a26b32b420dc3536161cdcf0d34cb1ef63af98c4b6d96205b2cfe155ac3642b3c4d908385376
x-tt-trace-id: 00-2412291404103799910F2264CD1D63DF-55108C0649F5B35E-00
Expires: Sun, 29 Dec 2024 14:04:10 GMT
Cache-Control: max-age=0, no-cache, no-store
Pragma: no-cache
Date: Sun, 29 Dec 2024 14:04:10 GMT
X-Cache: TCP_MISS from a95-101-134-92.deploy.akamaitechnologies.com (AkamaiGHost/11.7.2.1-9611f29bef89eba7b18045b10aa2af98) (-)
Connection: close
x-tt-trace-tag: id=16;cdn-cache=miss;type=dyn
Server-Timing: cdn-cache; desc=MISS, edge; dur=0, origin; dur=109
X-Origin-Response-Time: 109,95.101.134.92
X-Akamai-Request-ID: e5fc722

{"code": 0, "message": "OK", "request_id": "202412291404103799910F2264CD1D63DF", "data": {}}
2024-12-29T14:04:15+00:00 DEBUG POST: https://business-api.tiktok.com/open_api/v1.3/event/track/

{"partner_name":"WooCommerce","event_source":"web","event_source_id":"CSM79Q3C77UAG1T340I0","data":[{"event":"Pageview","event_id":"677156df025ba_tt4b_woocommerce_670666209cf1f","event_time":1735481055,"user":{"ip":"197.134.250.188","user_agent":"Mozilla\/5.0 (Windows NT 10.0; Win64; x64) AppleWebKit\/537.36 (KHTML, like Gecko) Chrome\/131.0.0.0 Safari\/537.36","locale":"ar","external_id":"0","email":"e3b0c44298fc1c149afbf4c8996fb92427ae41e4649b934ca495991b7852b855","phone_number":"e3b0c44298fc1c149afbf4c8996fb92427ae41e4649b934ca495991b7852b855","first_name":"e3b0c44298fc1c149afbf4c8996fb92427ae41e4649b934ca495991b7852b855","last_name":"e3b0c44298fc1c149afbf4c8996fb92427ae41e4649b934ca495991b7852b855","zip_code":"e3b0c44298fc1c149afbf4c8996fb92427ae41e4649b934ca495991b7852b855"},"page":{"url":"http:\/\/ibn-sinaa.com\/"}}]}
 ajax: no
2024-12-29T14:04:15+00:00 DEBUG Tt4b_Mapi_Class::mapi_post: Response: 

HTTP/1.1 200 OK
Server: nginx
Content-Type: application/json
Content-Length: 92
X-Tt-Logid: 202412291404159D5BFF446CC002C7B92C
Server-Timing: inner; dur=28
x-tt-trace-host: 018e5a586174a888928d793bdac74b79b520593bf434961dbceff88e4b17f9a156158d9ed318bcb7307faa2c7723836034fdcc1b0c693da600997e064f6a4ad0d9737abf53e53dccc0e4753be3f155180fa594110c795d6fd0dc352703f69086f5
x-tt-trace-id: 00-2412291404159D5BFF446CC002C7B92C-1D8E3AE027A23E31-00
Expires: Sun, 29 Dec 2024 14:04:15 GMT
Cache-Control: max-age=0, no-cache, no-store
Pragma: no-cache
Date: Sun, 29 Dec 2024 14:04:15 GMT
X-Cache: TCP_MISS from a95-101-134-116.deploy.akamaitechnologies.com (AkamaiGHost/11.7.2.1-9611f29bef89eba7b18045b10aa2af98) (-)
Connection: close
x-tt-trace-tag: id=16;cdn-cache=miss;type=dyn
Server-Timing: cdn-cache; desc=MISS, edge; dur=2, origin; dur=108
X-Origin-Response-Time: 108,95.101.134.116
X-Akamai-Request-ID: 29a01675

{"code": 0, "message": "OK", "request_id": "202412291404159D5BFF446CC002C7B92C", "data": {}}
2024-12-29T14:04:19+00:00 DEBUG POST: https://business-api.tiktok.com/open_api/v1.3/event/track/

{"partner_name":"WooCommerce","event_source":"web","event_source_id":"CSM79Q3C77UAG1T340I0","data":[{"event":"Pageview","event_id":"677156e3ab774_tt4b_woocommerce_670666209cf1f","event_time":1735481059,"user":{"ip":"85.17.194.5","user_agent":"Mozilla\/5.0 (Windows NT 10.0; Win64; x64) AppleWebKit\/537.36 (KHTML, like Gecko) Chrome\/131.0.0.0 Safari\/537.36","locale":"ar","external_id":"0","email":"e3b0c44298fc1c149afbf4c8996fb92427ae41e4649b934ca495991b7852b855","phone_number":"e3b0c44298fc1c149afbf4c8996fb92427ae41e4649b934ca495991b7852b855","first_name":"e3b0c44298fc1c149afbf4c8996fb92427ae41e4649b934ca495991b7852b855","last_name":"e3b0c44298fc1c149afbf4c8996fb92427ae41e4649b934ca495991b7852b855","zip_code":"e3b0c44298fc1c149afbf4c8996fb92427ae41e4649b934ca495991b7852b855"},"page":{"url":"http:\/\/ibn-sinaa.com\/"}}]}
 ajax: no
2024-12-29T14:04:19+00:00 DEBUG Tt4b_Mapi_Class::mapi_post: Response: 

HTTP/1.1 200 OK
Server: nginx
Content-Type: application/json
Content-Length: 92
X-Tt-Logid: 20241229140419F71E5A84552EA6F62FDB
x-tt-trace-host: 018e5a586174a888928d793bdac74b79b519a86797e72c2eba011e03e23beee17d95a8881f3cb6a2fad9b01fe536e0dd857feb50a40300ea867cd31bfc970b71a9aae0ef8c7e54c8db8d96e03a7c8616b5a2c7484c0cc5feda8d6dacd4aabbbecf0fba02bf1e31a7cdd8feaf6e3b5e6213
x-tt-trace-id: 00-241229140419F71E5A84552EA6F62FDB-2CCA9FFC3B630393-00
X-Origin-Response-Time: 27,23.218.219.33
X-Akamai-Request-ID: eaca54c.29a07e51
Expires: Sun, 29 Dec 2024 14:04:19 GMT
Cache-Control: max-age=0, no-cache, no-store
Pragma: no-cache
Date: Sun, 29 Dec 2024 14:04:19 GMT
X-Cache: TCP_MISS from a95-101-134-116.deploy.akamaitechnologies.com (AkamaiGHost/11.7.2.1-9611f29bef89eba7b18045b10aa2af98) (-)
Connection: close
X-Cache-Remote: TCP_MISS from a23-218-219-33.deploy.akamaitechnologies.com (AkamaiGHost/11.7.2.1-9611f29bef89eba7b18045b10aa2af98) (-)
x-tt-trace-tag: id=16;cdn-cache=miss;type=dyn
Server-Timing: cdn-cache; desc=MISS, edge; dur=80, origin; dur=27
Server-Timing: inner; dur=24
X-Parent-Response-Time: 107,95.101.134.116

{"code": 0, "message": "OK", "request_id": "20241229140419F71E5A84552EA6F62FDB", "data": {}}
2024-12-29T14:04:24+00:00 DEBUG POST: https://business-api.tiktok.com/open_api/v1.3/event/track/

{"partner_name":"WooCommerce","event_source":"web","event_source_id":"CSM79Q3C77UAG1T340I0","data":[{"event":"Pageview","event_id":"677156e85a3d6_tt4b_woocommerce_670666209cf1f","event_time":1735481064,"user":{"ip":"85.17.194.5","user_agent":"Mozilla\/5.0 (Windows NT 10.0; Win64; x64) AppleWebKit\/537.36 (KHTML, like Gecko) Chrome\/131.0.0.0 Safari\/537.36","locale":"ar","external_id":"0","email":"e3b0c44298fc1c149afbf4c8996fb92427ae41e4649b934ca495991b7852b855","phone_number":"e3b0c44298fc1c149afbf4c8996fb92427ae41e4649b934ca495991b7852b855","first_name":"e3b0c44298fc1c149afbf4c8996fb92427ae41e4649b934ca495991b7852b855","last_name":"e3b0c44298fc1c149afbf4c8996fb92427ae41e4649b934ca495991b7852b855","zip_code":"e3b0c44298fc1c149afbf4c8996fb92427ae41e4649b934ca495991b7852b855"},"page":{"url":"http:\/\/ibn-sinaa.com\/"}}]}
 ajax: no
2024-12-29T14:04:24+00:00 DEBUG Tt4b_Mapi_Class::mapi_post: Response: 

HTTP/1.1 200 OK
Server: nginx
Content-Type: application/json
Content-Length: 92
X-Tt-Logid: 202412291404243BA77E23FBA294330D7D
Server-Timing: inner; dur=22
x-tt-trace-host: 018e5a586174a888928d793bdac74b79b51a437ee89a1c03eb2011d034a2e3e9f5d9383017bc2e6a4dd04e50329fa1f6e5f8a71f9759fbd9186100b29b133921bc1c8c17fb7105275e21cb5e62931d4eae5a6dc478b18206bdf42fa01bbbb4d6e8
x-tt-trace-id: 00-2412291404243BA77E23FBA294330D7D-40A9CA511159ADBD-00
Expires: Sun, 29 Dec 2024 14:04:24 GMT
Cache-Control: max-age=0, no-cache, no-store
Pragma: no-cache
Date: Sun, 29 Dec 2024 14:04:24 GMT
X-Cache: TCP_MISS from a95-101-134-92.deploy.akamaitechnologies.com (AkamaiGHost/11.7.2.1-9611f29bef89eba7b18045b10aa2af98) (-)
Connection: close
x-tt-trace-tag: id=16;cdn-cache=miss;type=dyn
Server-Timing: cdn-cache; desc=MISS, edge; dur=1, origin; dur=101
X-Origin-Response-Time: 101,95.101.134.92
X-Akamai-Request-ID: e60d34a

{"code": 0, "message": "OK", "request_id": "202412291404243BA77E23FBA294330D7D", "data": {}}
2024-12-29T14:04:28+00:00 DEBUG POST: https://business-api.tiktok.com/open_api/v1.3/event/track/

{"partner_name":"WooCommerce","event_source":"web","event_source_id":"CSM79Q3C77UAG1T340I0","data":[{"event":"Pageview","event_id":"677156ecba120_tt4b_woocommerce_670666209cf1f","event_time":1735481068,"user":{"ip":"85.17.194.5","user_agent":"Mozilla\/5.0 (Windows NT 10.0; Win64; x64) AppleWebKit\/537.36 (KHTML, like Gecko) Chrome\/131.0.0.0 Safari\/537.36","locale":"ar","external_id":"0","email":"e3b0c44298fc1c149afbf4c8996fb92427ae41e4649b934ca495991b7852b855","phone_number":"e3b0c44298fc1c149afbf4c8996fb92427ae41e4649b934ca495991b7852b855","first_name":"e3b0c44298fc1c149afbf4c8996fb92427ae41e4649b934ca495991b7852b855","last_name":"e3b0c44298fc1c149afbf4c8996fb92427ae41e4649b934ca495991b7852b855","zip_code":"e3b0c44298fc1c149afbf4c8996fb92427ae41e4649b934ca495991b7852b855"},"page":{"url":"http:\/\/ibn-sinaa.com\/"}}]}
 ajax: no
2024-12-29T14:04:28+00:00 DEBUG Tt4b_Mapi_Class::mapi_post: Response: 

HTTP/1.1 200 OK
Server: nginx
Content-Type: application/json
Content-Length: 92
X-Tt-Logid: 20241229140428DC0E59D83770BD816090
x-tt-trace-host: 018e5a586174a888928d793bdac74b79b56517d7628cf0ffdff56b078ad2cf5615c581a1dc29bbdc17987f2b881ac240e1699838f6fce76ba215f15e2fb86a35b474fb276ee2f4795d2ef5619fe4e7fd00cae3ee6b9e87f574d9fe1e44d94e287e841f819833532e89cf39cf0a0679f0fb
x-tt-trace-id: 00-241229140428DC0E59D83770BD816090-2B30A0B3813ADCBF-00
X-Origin-Response-Time: 24,23.207.199.29
X-Akamai-Request-ID: 2347a86f.e612fa6
Expires: Sun, 29 Dec 2024 14:04:28 GMT
Cache-Control: max-age=0, no-cache, no-store
Pragma: no-cache
Date: Sun, 29 Dec 2024 14:04:28 GMT
X-Cache: TCP_MISS from a95-101-134-92.deploy.akamaitechnologies.com (AkamaiGHost/11.7.2.1-9611f29bef89eba7b18045b10aa2af98) (-)
Connection: close
X-Cache-Remote: TCP_MISS from a23-207-199-29.deploy.akamaitechnologies.com (AkamaiGHost/11.7.2.1-9611f29bef89eba7b18045b10aa2af98) (-)
x-tt-trace-tag: id=16;cdn-cache=miss;type=dyn
Server-Timing: cdn-cache; desc=MISS, edge; dur=83, origin; dur=24
Server-Timing: inner; dur=21
X-Parent-Response-Time: 107,95.101.134.92

{"code": 0, "message": "OK", "request_id": "20241229140428DC0E59D83770BD816090", "data": {}}
2024-12-29T14:04:33+00:00 DEBUG POST: https://business-api.tiktok.com/open_api/v1.3/event/track/

{"partner_name":"WooCommerce","event_source":"web","event_source_id":"CSM79Q3C77UAG1T340I0","data":[{"event":"Pageview","event_id":"677156f126105_tt4b_woocommerce_670666209cf1f","event_time":1735481073,"user":{"ip":"85.17.194.5","user_agent":"Mozilla\/5.0 (Windows NT 10.0; Win64; x64) AppleWebKit\/537.36 (KHTML, like Gecko) Chrome\/131.0.0.0 Safari\/537.36","locale":"ar","external_id":"0","email":"e3b0c44298fc1c149afbf4c8996fb92427ae41e4649b934ca495991b7852b855","phone_number":"e3b0c44298fc1c149afbf4c8996fb92427ae41e4649b934ca495991b7852b855","first_name":"e3b0c44298fc1c149afbf4c8996fb92427ae41e4649b934ca495991b7852b855","last_name":"e3b0c44298fc1c149afbf4c8996fb92427ae41e4649b934ca495991b7852b855","zip_code":"e3b0c44298fc1c149afbf4c8996fb92427ae41e4649b934ca495991b7852b855"},"page":{"url":"http:\/\/ibn-sinaa.com\/"}}]}
 ajax: no
2024-12-29T14:04:33+00:00 DEBUG Tt4b_Mapi_Class::mapi_post: Response: 

HTTP/1.1 200 OK
Server: nginx
Content-Type: application/json
Content-Length: 92
X-Tt-Logid: 202412291404337CD2EC576A3F03CB0731
x-tt-trace-host: 018e5a586174a888928d793bdac74b79b519a86797e72c2eba011e03e23beee17d778347fdd9afe77ae03051eb9e0db40345e7c45260ec85192e33b3c6cb17697af5694ce7a3ac5f6fd06e54eb1b2dd392049358e5853d4250e8ba5e9f5fd0df003ebf2e39901661549beced97366ca104
x-tt-trace-id: 00-2412291404337CD2EC576A3F03CB0731-0398140859F38E7E-00
X-Origin-Response-Time: 32,23.218.219.8
X-Akamai-Request-ID: 5003a465.29a1b4d9
Expires: Sun, 29 Dec 2024 14:04:33 GMT
Cache-Control: max-age=0, no-cache, no-store
Pragma: no-cache
Date: Sun, 29 Dec 2024 14:04:33 GMT
X-Cache: TCP_MISS from a95-101-134-116.deploy.akamaitechnologies.com (AkamaiGHost/11.7.2.1-9611f29bef89eba7b18045b10aa2af98) (-)
Connection: close
X-Cache-Remote: TCP_MISS from a23-218-219-8.deploy.akamaitechnologies.com (AkamaiGHost/11.7.2.1-9611f29bef89eba7b18045b10aa2af98) (-)
x-tt-trace-tag: id=16;cdn-cache=miss;type=dyn
Server-Timing: cdn-cache; desc=MISS, edge; dur=81, origin; dur=32
Server-Timing: inner; dur=25
X-Parent-Response-Time: 113,95.101.134.116

{"code": 0, "message": "OK", "request_id": "202412291404337CD2EC576A3F03CB0731", "data": {}}
2024-12-29T14:04:37+00:00 DEBUG POST: https://business-api.tiktok.com/open_api/v1.3/event/track/

{"partner_name":"WooCommerce","event_source":"web","event_source_id":"CSM79Q3C77UAG1T340I0","data":[{"event":"Pageview","event_id":"677156f583fae_tt4b_woocommerce_670666209cf1f","event_time":1735481077,"user":{"ip":"85.17.194.5","user_agent":"Mozilla\/5.0 (Windows NT 10.0; Win64; x64) AppleWebKit\/537.36 (KHTML, like Gecko) Chrome\/131.0.0.0 Safari\/537.36","locale":"ar","external_id":"0","email":"e3b0c44298fc1c149afbf4c8996fb92427ae41e4649b934ca495991b7852b855","phone_number":"e3b0c44298fc1c149afbf4c8996fb92427ae41e4649b934ca495991b7852b855","first_name":"e3b0c44298fc1c149afbf4c8996fb92427ae41e4649b934ca495991b7852b855","last_name":"e3b0c44298fc1c149afbf4c8996fb92427ae41e4649b934ca495991b7852b855","zip_code":"e3b0c44298fc1c149afbf4c8996fb92427ae41e4649b934ca495991b7852b855"},"page":{"url":"http:\/\/ibn-sinaa.com\/"}}]}
 ajax: no
2024-12-29T14:04:37+00:00 DEBUG Tt4b_Mapi_Class::mapi_post: Response: 

HTTP/1.1 200 OK
Server: nginx
Content-Type: application/json
Content-Length: 92
X-Tt-Logid: 2024122914043728F7C79867B470CDDB7B
Server-Timing: inner; dur=32
x-tt-trace-host: 018e5a586174a888928d793bdac74b79b520593bf434961dbceff88e4b17f9a156262b5f17d527e5fbe7be83d07720459f0d05713eeaed4c31f452341eb628bbf0b68e6f3a0b33c991fcd52de4259a2f4f40424fcdc6ad0baba99524528115fe08
x-tt-trace-id: 00-24122914043728F7C79867B470CDDB7B-1640084D0D69CCCB-00
Expires: Sun, 29 Dec 2024 14:04:37 GMT
Cache-Control: max-age=0, no-cache, no-store
Pragma: no-cache
Date: Sun, 29 Dec 2024 14:04:37 GMT
X-Cache: TCP_MISS from a95-101-134-116.deploy.akamaitechnologies.com (AkamaiGHost/11.7.2.1-9611f29bef89eba7b18045b10aa2af98) (-)
Connection: close
x-tt-trace-tag: id=16;cdn-cache=miss;type=dyn
Server-Timing: cdn-cache; desc=MISS, edge; dur=0, origin; dur=114
X-Origin-Response-Time: 114,95.101.134.116
X-Akamai-Request-ID: 29a2168f

{"code": 0, "message": "OK", "request_id": "2024122914043728F7C79867B470CDDB7B", "data": {}}
2024-12-29T14:04:41+00:00 DEBUG POST: https://business-api.tiktok.com/open_api/v1.3/event/track/

{"partner_name":"WooCommerce","event_source":"web","event_source_id":"CSM79Q3C77UAG1T340I0","data":[{"event":"Pageview","event_id":"677156f9c91ac_tt4b_woocommerce_670666209cf1f","event_time":1735481081,"user":{"ip":"85.17.194.5","user_agent":"Mozilla\/5.0 (Windows NT 10.0; Win64; x64) AppleWebKit\/537.36 (KHTML, like Gecko) Chrome\/131.0.0.0 Safari\/537.36","locale":"ar","external_id":"0","email":"e3b0c44298fc1c149afbf4c8996fb92427ae41e4649b934ca495991b7852b855","phone_number":"e3b0c44298fc1c149afbf4c8996fb92427ae41e4649b934ca495991b7852b855","first_name":"e3b0c44298fc1c149afbf4c8996fb92427ae41e4649b934ca495991b7852b855","last_name":"e3b0c44298fc1c149afbf4c8996fb92427ae41e4649b934ca495991b7852b855","zip_code":"e3b0c44298fc1c149afbf4c8996fb92427ae41e4649b934ca495991b7852b855"},"page":{"url":"http:\/\/ibn-sinaa.com\/"}}]}
 ajax: no
2024-12-29T14:04:42+00:00 DEBUG Tt4b_Mapi_Class::mapi_post: Response: 

HTTP/1.1 200 OK
Server: nginx
Content-Type: application/json
Content-Length: 92
X-Tt-Logid: 20241229140441D086F7712D7DF0B1A88D
x-tt-trace-host: 018e5a586174a888928d793bdac74b79b519a86797e72c2eba011e03e23beee17d7433cef50818027407e33b33fbed355d1662c7c13b8f286f663c352ec94a0f3400417d76788cdaa1b2d727319bad806024031070c399e60777ddfa940aa0bde8bbda335946446ec27d07f5ad63ab9643
x-tt-trace-id: 00-241229140441D086F7712D7DF0B1A88D-2B30A0B380BD72DA-00
X-Origin-Response-Time: 58,23.55.100.232
X-Akamai-Request-ID: 955a933e.29a27820
Expires: Sun, 29 Dec 2024 14:04:42 GMT
Cache-Control: max-age=0, no-cache, no-store
Pragma: no-cache
Date: Sun, 29 Dec 2024 14:04:42 GMT
X-Cache: TCP_MISS from a95-101-134-116.deploy.akamaitechnologies.com (AkamaiGHost/11.7.2.1-9611f29bef89eba7b18045b10aa2af98) (-)
Connection: close
X-Cache-Remote: TCP_MISS from a23-55-100-232.deploy.akamaitechnologies.com (AkamaiGHost/11.7.2.1-9611f29bef89eba7b18045b10aa2af98) (-)
x-tt-trace-tag: id=16;cdn-cache=miss;type=dyn
Server-Timing: cdn-cache; desc=MISS, edge; dur=80, origin; dur=58
Server-Timing: inner; dur=53
X-Parent-Response-Time: 138,95.101.134.116

{"code": 0, "message": "OK", "request_id": "20241229140441D086F7712D7DF0B1A88D", "data": {}}
2024-12-29T14:04:46+00:00 DEBUG POST: https://business-api.tiktok.com/open_api/v1.3/event/track/

{"partner_name":"WooCommerce","event_source":"web","event_source_id":"CSM79Q3C77UAG1T340I0","data":[{"event":"Pageview","event_id":"677156fe03752_tt4b_woocommerce_670666209cf1f","event_time":1735481086,"user":{"ip":"85.17.194.5","user_agent":"Mozilla\/5.0 (Windows NT 10.0; Win64; x64) AppleWebKit\/537.36 (KHTML, like Gecko) Chrome\/131.0.0.0 Safari\/537.36","locale":"ar","external_id":"0","email":"e3b0c44298fc1c149afbf4c8996fb92427ae41e4649b934ca495991b7852b855","phone_number":"e3b0c44298fc1c149afbf4c8996fb92427ae41e4649b934ca495991b7852b855","first_name":"e3b0c44298fc1c149afbf4c8996fb92427ae41e4649b934ca495991b7852b855","last_name":"e3b0c44298fc1c149afbf4c8996fb92427ae41e4649b934ca495991b7852b855","zip_code":"e3b0c44298fc1c149afbf4c8996fb92427ae41e4649b934ca495991b7852b855"},"page":{"url":"http:\/\/ibn-sinaa.com\/"}}]}
 ajax: no
2024-12-29T14:04:46+00:00 DEBUG Tt4b_Mapi_Class::mapi_post: Response: 

HTTP/1.1 200 OK
Server: nginx
Content-Type: application/json
Content-Length: 92
X-Tt-Logid: 20241229140446D252CB1A5E4C3D7D5409
x-tt-trace-host: 018e5a586174a888928d793bdac74b79b56517d7628cf0ffdff56b078ad2cf561516b57fcb6e6f4653fa589f53e50260c52b8d5f3e4578dcc1148ce6cc1a667378bd01b004e804bcf746cab6045883f5f494e26f092a9b594a35da95964a3d98f3f5f53438f478079153ba4668934d0241
x-tt-trace-id: 00-241229140446D252CB1A5E4C3D7D5409-362C76E42C4C7D3B-00
X-Origin-Response-Time: 79,23.218.219.35
X-Akamai-Request-ID: 4414039f.e62871d
Expires: Sun, 29 Dec 2024 14:04:46 GMT
Cache-Control: max-age=0, no-cache, no-store
Pragma: no-cache
Date: Sun, 29 Dec 2024 14:04:46 GMT
X-Cache: TCP_MISS from a95-101-134-92.deploy.akamaitechnologies.com (AkamaiGHost/11.7.2.1-9611f29bef89eba7b18045b10aa2af98) (-)
Connection: close
X-Cache-Remote: TCP_MISS from a23-218-219-35.deploy.akamaitechnologies.com (AkamaiGHost/11.7.2.1-9611f29bef89eba7b18045b10aa2af98) (-)
x-tt-trace-tag: id=16;cdn-cache=miss;type=dyn
Server-Timing: cdn-cache; desc=MISS, edge; dur=82, origin; dur=79
Server-Timing: inner; dur=76
X-Parent-Response-Time: 160,95.101.134.92

{"code": 0, "message": "OK", "request_id": "20241229140446D252CB1A5E4C3D7D5409", "data": {}}
2024-12-29T14:04:50+00:00 DEBUG POST: https://business-api.tiktok.com/open_api/v1.3/event/track/

{"partner_name":"WooCommerce","event_source":"web","event_source_id":"CSM79Q3C77UAG1T340I0","data":[{"event":"Pageview","event_id":"6771570261d75_tt4b_woocommerce_670666209cf1f","event_time":1735481090,"user":{"ip":"85.17.194.5","user_agent":"Mozilla\/5.0 (Windows NT 10.0; Win64; x64) AppleWebKit\/537.36 (KHTML, like Gecko) Chrome\/131.0.0.0 Safari\/537.36","locale":"ar","external_id":"0","email":"e3b0c44298fc1c149afbf4c8996fb92427ae41e4649b934ca495991b7852b855","phone_number":"e3b0c44298fc1c149afbf4c8996fb92427ae41e4649b934ca495991b7852b855","first_name":"e3b0c44298fc1c149afbf4c8996fb92427ae41e4649b934ca495991b7852b855","last_name":"e3b0c44298fc1c149afbf4c8996fb92427ae41e4649b934ca495991b7852b855","zip_code":"e3b0c44298fc1c149afbf4c8996fb92427ae41e4649b934ca495991b7852b855"},"page":{"url":"http:\/\/ibn-sinaa.com\/"}}]}
 ajax: no
2024-12-29T14:04:50+00:00 DEBUG Tt4b_Mapi_Class::mapi_post: Response: 

HTTP/1.1 200 OK
Server: nginx
Content-Type: application/json
Content-Length: 92
X-Tt-Logid: 20241229140450B70B1C1966C73ED354C5
Server-Timing: inner; dur=31
x-tt-trace-host: 018e5a586174a888928d793bdac74b79b51a437ee89a1c03eb2011d034a2e3e9f5573cfcf7b097b2a1e9dd760ece4424a22e495516093ff360dca0aab47d8d6be718c33fe2fcbe74f73d7e6d11de1117e803120815f5cbc6a02eb3a634d14868cd
x-tt-trace-id: 00-241229140450B70B1C1966C73ED354C5-34144DBE742AE291-00
Expires: Sun, 29 Dec 2024 14:04:50 GMT
Cache-Control: max-age=0, no-cache, no-store
Pragma: no-cache
Date: Sun, 29 Dec 2024 14:04:50 GMT
X-Cache: TCP_MISS from a95-101-134-92.deploy.akamaitechnologies.com (AkamaiGHost/11.7.2.1-9611f29bef89eba7b18045b10aa2af98) (-)
Connection: close
x-tt-trace-tag: id=16;cdn-cache=miss;type=dyn
Server-Timing: cdn-cache; desc=MISS, edge; dur=1, origin; dur=113
X-Origin-Response-Time: 113,95.101.134.92
X-Akamai-Request-ID: e62da13

{"code": 0, "message": "OK", "request_id": "20241229140450B70B1C1966C73ED354C5", "data": {}}
2024-12-29T14:04:55+00:00 DEBUG POST: https://business-api.tiktok.com/open_api/v1.3/event/track/

{"partner_name":"WooCommerce","event_source":"web","event_source_id":"CSM79Q3C77UAG1T340I0","data":[{"event":"Pageview","event_id":"67715707081dc_tt4b_woocommerce_670666209cf1f","event_time":1735481095,"user":{"ip":"85.17.194.5","user_agent":"Mozilla\/5.0 (Windows NT 10.0; Win64; x64) AppleWebKit\/537.36 (KHTML, like Gecko) Chrome\/131.0.0.0 Safari\/537.36","locale":"ar","external_id":"0","email":"e3b0c44298fc1c149afbf4c8996fb92427ae41e4649b934ca495991b7852b855","phone_number":"e3b0c44298fc1c149afbf4c8996fb92427ae41e4649b934ca495991b7852b855","first_name":"e3b0c44298fc1c149afbf4c8996fb92427ae41e4649b934ca495991b7852b855","last_name":"e3b0c44298fc1c149afbf4c8996fb92427ae41e4649b934ca495991b7852b855","zip_code":"e3b0c44298fc1c149afbf4c8996fb92427ae41e4649b934ca495991b7852b855"},"page":{"url":"http:\/\/ibn-sinaa.com\/"}}]}
 ajax: no
2024-12-29T14:04:55+00:00 DEBUG Tt4b_Mapi_Class::mapi_post: Response: 

HTTP/1.1 200 OK
Server: nginx
Content-Type: application/json
Content-Length: 92
X-Tt-Logid: 202412291404558368F84273FC4F54A4B5
Server-Timing: inner; dur=27
x-tt-trace-host: 018e5a586174a888928d793bdac74b79b51a437ee89a1c03eb2011d034a2e3e9f5ae45e875e9e8842596beb738243249e0cd9b93f4e3e1c883321a040353f021e7be521173086a607d3d6f2a236c570afe7f101dbcd8cfabcf68bc85d994109709
x-tt-trace-id: 00-2412291404558368F84273FC4F54A4B5-1814063948385C0E-00
Expires: Sun, 29 Dec 2024 14:04:55 GMT
Cache-Control: max-age=0, no-cache, no-store
Pragma: no-cache
Date: Sun, 29 Dec 2024 14:04:55 GMT
X-Cache: TCP_MISS from a95-101-134-92.deploy.akamaitechnologies.com (AkamaiGHost/11.7.2.1-9611f29bef89eba7b18045b10aa2af98) (-)
Connection: close
x-tt-trace-tag: id=16;cdn-cache=miss;type=dyn
Server-Timing: cdn-cache; desc=MISS, edge; dur=0, origin; dur=112
X-Origin-Response-Time: 112,95.101.134.92
X-Akamai-Request-ID: e633993

{"code": 0, "message": "OK", "request_id": "202412291404558368F84273FC4F54A4B5", "data": {}}
2024-12-29T14:04:59+00:00 DEBUG POST: https://business-api.tiktok.com/open_api/v1.3/event/track/

{"partner_name":"WooCommerce","event_source":"web","event_source_id":"CSM79Q3C77UAG1T340I0","data":[{"event":"Pageview","event_id":"6771570b9ac70_tt4b_woocommerce_670666209cf1f","event_time":1735481099,"user":{"ip":"85.17.194.5","user_agent":"Mozilla\/5.0 (Windows NT 10.0; Win64; x64) AppleWebKit\/537.36 (KHTML, like Gecko) Chrome\/131.0.0.0 Safari\/537.36","locale":"ar","external_id":"0","email":"e3b0c44298fc1c149afbf4c8996fb92427ae41e4649b934ca495991b7852b855","phone_number":"e3b0c44298fc1c149afbf4c8996fb92427ae41e4649b934ca495991b7852b855","first_name":"e3b0c44298fc1c149afbf4c8996fb92427ae41e4649b934ca495991b7852b855","last_name":"e3b0c44298fc1c149afbf4c8996fb92427ae41e4649b934ca495991b7852b855","zip_code":"e3b0c44298fc1c149afbf4c8996fb92427ae41e4649b934ca495991b7852b855"},"page":{"url":"http:\/\/ibn-sinaa.com\/"}}]}
 ajax: no
2024-12-29T14:04:59+00:00 DEBUG Tt4b_Mapi_Class::mapi_post: Response: 

HTTP/1.1 200 OK
Server: nginx
Content-Type: application/json
Content-Length: 92
X-Tt-Logid: 20241229140459FBA56E6722823FCBD7B2
x-tt-trace-host: 018e5a586174a888928d793bdac74b79b519a86797e72c2eba011e03e23beee17d9e4fbb5b8ced418d2a3eff2193c009d7e6546760cc4569b96a545e3953f275add3843b3fec1e0651714eda4ec80716af1f3bbbda658d73949cb358aabdc642b868124ae4fc00fb7cf55b8e1ce8a7aca5
x-tt-trace-id: 00-241229140459FBA56E6722823FCBD7B2-3A7164693E41C80C-00
X-Origin-Response-Time: 49,23.52.15.239
X-Akamai-Request-ID: 5465428d.29a41560
Expires: Sun, 29 Dec 2024 14:04:59 GMT
Cache-Control: max-age=0, no-cache, no-store
Pragma: no-cache
Date: Sun, 29 Dec 2024 14:04:59 GMT
X-Cache: TCP_MISS from a95-101-134-116.deploy.akamaitechnologies.com (AkamaiGHost/11.7.2.1-9611f29bef89eba7b18045b10aa2af98) (-)
Connection: close
X-Cache-Remote: TCP_MISS from a23-52-15-239.deploy.akamaitechnologies.com (AkamaiGHost/11.7.2.1-9611f29bef89eba7b18045b10aa2af98) (-)
x-tt-trace-tag: id=16;cdn-cache=miss;type=dyn
Server-Timing: cdn-cache; desc=MISS, edge; dur=79, origin; dur=49
Server-Timing: inner; dur=45
X-Parent-Response-Time: 128,95.101.134.116

{"code": 0, "message": "OK", "request_id": "20241229140459FBA56E6722823FCBD7B2", "data": {}}
2024-12-29T14:05:04+00:00 DEBUG POST: https://business-api.tiktok.com/open_api/v1.3/event/track/

{"partner_name":"WooCommerce","event_source":"web","event_source_id":"CSM79Q3C77UAG1T340I0","data":[{"event":"Pageview","event_id":"6771571017ab5_tt4b_woocommerce_670666209cf1f","event_time":1735481104,"user":{"ip":"85.17.194.5","user_agent":"Mozilla\/5.0 (Windows NT 10.0; Win64; x64) AppleWebKit\/537.36 (KHTML, like Gecko) Chrome\/131.0.0.0 Safari\/537.36","locale":"ar","external_id":"0","email":"e3b0c44298fc1c149afbf4c8996fb92427ae41e4649b934ca495991b7852b855","phone_number":"e3b0c44298fc1c149afbf4c8996fb92427ae41e4649b934ca495991b7852b855","first_name":"e3b0c44298fc1c149afbf4c8996fb92427ae41e4649b934ca495991b7852b855","last_name":"e3b0c44298fc1c149afbf4c8996fb92427ae41e4649b934ca495991b7852b855","zip_code":"e3b0c44298fc1c149afbf4c8996fb92427ae41e4649b934ca495991b7852b855"},"page":{"url":"http:\/\/ibn-sinaa.com\/"}}]}
 ajax: no
2024-12-29T14:05:04+00:00 DEBUG Tt4b_Mapi_Class::mapi_post: Response: 

HTTP/1.1 200 OK
Server: nginx
Content-Type: application/json
Content-Length: 92
X-Tt-Logid: 2024122914050489026112B43B3BCF3EB8
x-tt-trace-host: 018e5a586174a888928d793bdac74b79b56517d7628cf0ffdff56b078ad2cf56151c0dc832fe7aca1087c30caeb1d7714b836e41f173f1055ed61e1897487a8842308f9b1582791e49fbd4db04d430e838bd97ccb4a40e372e2d8eaea415c257cbd7a6a60ba333a08dd60ac736e5e16e2d
x-tt-trace-id: 00-24122914050489026112B43B3BCF3EB8-0E73D4682DC73C19-00
X-Origin-Response-Time: 27,23.213.246.228
X-Akamai-Request-ID: 7975f8e9.e63f7cd
Expires: Sun, 29 Dec 2024 14:05:04 GMT
Cache-Control: max-age=0, no-cache, no-store
Pragma: no-cache
Date: Sun, 29 Dec 2024 14:05:04 GMT
X-Cache: TCP_MISS from a95-101-134-92.deploy.akamaitechnologies.com (AkamaiGHost/11.7.2.1-9611f29bef89eba7b18045b10aa2af98) (-)
Connection: close
X-Cache-Remote: TCP_MISS from a23-213-246-228.deploy.akamaitechnologies.com (AkamaiGHost/11.7.2.1-9611f29bef89eba7b18045b10aa2af98) (-)
x-tt-trace-tag: id=16;cdn-cache=miss;type=dyn
Server-Timing: cdn-cache; desc=MISS, edge; dur=191, origin; dur=27
Server-Timing: inner; dur=22
X-Parent-Response-Time: 216,95.101.134.92

{"code": 0, "message": "OK", "request_id": "2024122914050489026112B43B3BCF3EB8", "data": {}}
2024-12-29T14:05:08+00:00 DEBUG POST: https://business-api.tiktok.com/open_api/v1.3/event/track/

{"partner_name":"WooCommerce","event_source":"web","event_source_id":"CSM79Q3C77UAG1T340I0","data":[{"event":"Pageview","event_id":"6771571489ebb_tt4b_woocommerce_670666209cf1f","event_time":1735481108,"user":{"ip":"85.17.194.5","user_agent":"Mozilla\/5.0 (Windows NT 10.0; Win64; x64) AppleWebKit\/537.36 (KHTML, like Gecko) Chrome\/131.0.0.0 Safari\/537.36","locale":"ar","external_id":"0","email":"e3b0c44298fc1c149afbf4c8996fb92427ae41e4649b934ca495991b7852b855","phone_number":"e3b0c44298fc1c149afbf4c8996fb92427ae41e4649b934ca495991b7852b855","first_name":"e3b0c44298fc1c149afbf4c8996fb92427ae41e4649b934ca495991b7852b855","last_name":"e3b0c44298fc1c149afbf4c8996fb92427ae41e4649b934ca495991b7852b855","zip_code":"e3b0c44298fc1c149afbf4c8996fb92427ae41e4649b934ca495991b7852b855"},"page":{"url":"http:\/\/ibn-sinaa.com\/"}}]}
 ajax: no
2024-12-29T14:05:08+00:00 DEBUG Tt4b_Mapi_Class::mapi_post: Response: 

HTTP/1.1 200 OK
Server: nginx
Content-Type: application/json
Content-Length: 92
X-Tt-Logid: 20241229140508181126D0DEFD95C7F3C9
x-tt-trace-host: 018e5a586174a888928d793bdac74b79b56517d7628cf0ffdff56b078ad2cf56159b4e0f0e08aecf3ac846d2414a0ca84e9bafa5c44000038ce02f2fab89d7cbfb669206c0bcbf1f37e9dd0cb7002f38d09763ce49f45c14c98d73466e78c120793d2ee300547ba95b52212e075e12fc29
x-tt-trace-id: 00-241229140508181126D0DEFD95C7F3C9-7627027543AEFF30-00
X-Origin-Response-Time: 32,23.218.219.33
X-Akamai-Request-ID: eaea570.e644e4e
Expires: Sun, 29 Dec 2024 14:05:08 GMT
Cache-Control: max-age=0, no-cache, no-store
Pragma: no-cache
Date: Sun, 29 Dec 2024 14:05:08 GMT
X-Cache: TCP_MISS from a95-101-134-92.deploy.akamaitechnologies.com (AkamaiGHost/11.7.2.1-9611f29bef89eba7b18045b10aa2af98) (-)
Connection: close
X-Cache-Remote: TCP_MISS from a23-218-219-33.deploy.akamaitechnologies.com (AkamaiGHost/11.7.2.1-9611f29bef89eba7b18045b10aa2af98) (-)
x-tt-trace-tag: id=16;cdn-cache=miss;type=dyn
Server-Timing: cdn-cache; desc=MISS, edge; dur=85, origin; dur=32
Server-Timing: inner; dur=27
X-Parent-Response-Time: 116,95.101.134.92

{"code": 0, "message": "OK", "request_id": "20241229140508181126D0DEFD95C7F3C9", "data": {}}
2024-12-29T14:05:13+00:00 DEBUG POST: https://business-api.tiktok.com/open_api/v1.3/event/track/

{"partner_name":"WooCommerce","event_source":"web","event_source_id":"CSM79Q3C77UAG1T340I0","data":[{"event":"Pageview","event_id":"6771571952ba6_tt4b_woocommerce_670666209cf1f","event_time":1735481113,"user":{"ip":"85.17.194.5","user_agent":"Mozilla\/5.0 (Windows NT 10.0; Win64; x64) AppleWebKit\/537.36 (KHTML, like Gecko) Chrome\/131.0.0.0 Safari\/537.36","locale":"ar","external_id":"0","email":"e3b0c44298fc1c149afbf4c8996fb92427ae41e4649b934ca495991b7852b855","phone_number":"e3b0c44298fc1c149afbf4c8996fb92427ae41e4649b934ca495991b7852b855","first_name":"e3b0c44298fc1c149afbf4c8996fb92427ae41e4649b934ca495991b7852b855","last_name":"e3b0c44298fc1c149afbf4c8996fb92427ae41e4649b934ca495991b7852b855","zip_code":"e3b0c44298fc1c149afbf4c8996fb92427ae41e4649b934ca495991b7852b855"},"page":{"url":"http:\/\/ibn-sinaa.com\/"}}]}
 ajax: no
2024-12-29T14:05:13+00:00 DEBUG Tt4b_Mapi_Class::mapi_post: Response: 

HTTP/1.1 200 OK
Server: nginx
Content-Type: application/json
Content-Length: 92
X-Tt-Logid: 2024122914051307697301FB9452B07B58
x-tt-trace-host: 018e5a586174a888928d793bdac74b79b56517d7628cf0ffdff56b078ad2cf5615d4bb7dadc1668630c3694087cb703c98985375238a44b823c156d80f90c2a6a43f946d725d74dd1fcaddae136da8b188e64ec1579b81e3881d4e894a0d232199dd97c022fc07ecf42af9827537b99716
x-tt-trace-id: 00-24122914051307697301FB9452B07B58-5F5DDE935E2B0978-00
X-Origin-Response-Time: 24,23.207.199.5
X-Akamai-Request-ID: 20c00b33.e64a8ad
Expires: Sun, 29 Dec 2024 14:05:13 GMT
Cache-Control: max-age=0, no-cache, no-store
Pragma: no-cache
Date: Sun, 29 Dec 2024 14:05:13 GMT
X-Cache: TCP_MISS from a95-101-134-92.deploy.akamaitechnologies.com (AkamaiGHost/11.7.2.1-9611f29bef89eba7b18045b10aa2af98) (-)
Connection: close
X-Cache-Remote: TCP_MISS from a23-207-199-5.deploy.akamaitechnologies.com (AkamaiGHost/11.7.2.1-9611f29bef89eba7b18045b10aa2af98) (-)
x-tt-trace-tag: id=16;cdn-cache=miss;type=dyn
Server-Timing: cdn-cache; desc=MISS, edge; dur=81, origin; dur=24
Server-Timing: inner; dur=20
X-Parent-Response-Time: 105,95.101.134.92

{"code": 0, "message": "OK", "request_id": "2024122914051307697301FB9452B07B58", "data": {}}
2024-12-29T14:05:17+00:00 DEBUG POST: https://business-api.tiktok.com/open_api/v1.3/event/track/

{"partner_name":"WooCommerce","event_source":"web","event_source_id":"CSM79Q3C77UAG1T340I0","data":[{"event":"Pageview","event_id":"6771571de2297_tt4b_woocommerce_670666209cf1f","event_time":1735481117,"user":{"ip":"85.17.194.5","user_agent":"Mozilla\/5.0 (Windows NT 10.0; Win64; x64) AppleWebKit\/537.36 (KHTML, like Gecko) Chrome\/131.0.0.0 Safari\/537.36","locale":"ar","external_id":"0","email":"e3b0c44298fc1c149afbf4c8996fb92427ae41e4649b934ca495991b7852b855","phone_number":"e3b0c44298fc1c149afbf4c8996fb92427ae41e4649b934ca495991b7852b855","first_name":"e3b0c44298fc1c149afbf4c8996fb92427ae41e4649b934ca495991b7852b855","last_name":"e3b0c44298fc1c149afbf4c8996fb92427ae41e4649b934ca495991b7852b855","zip_code":"e3b0c44298fc1c149afbf4c8996fb92427ae41e4649b934ca495991b7852b855"},"page":{"url":"http:\/\/ibn-sinaa.com\/"}}]}
 ajax: no
2024-12-29T14:05:18+00:00 DEBUG Tt4b_Mapi_Class::mapi_post: Response: 

HTTP/1.1 200 OK
Server: nginx
Content-Type: application/json
Content-Length: 92
X-Tt-Logid: 202412291405185BC30A86291F2723F0D3
Server-Timing: inner; dur=31
x-tt-trace-host: 018e5a586174a888928d793bdac74b79b520593bf434961dbceff88e4b17f9a1569d349bb66677eecc6a9efeb733bed60504a35fbac6325725e31c167efd8ff1e186af2109359651084a537be7e5599e986059befe4e69854deebc59021d3f881e
x-tt-trace-id: 00-2412291405185BC30A86291F2723F0D3-47EA9C4A5717BFBE-00
Expires: Sun, 29 Dec 2024 14:05:18 GMT
Cache-Control: max-age=0, no-cache, no-store
Pragma: no-cache
Date: Sun, 29 Dec 2024 14:05:18 GMT
X-Cache: TCP_MISS from a95-101-134-116.deploy.akamaitechnologies.com (AkamaiGHost/11.7.2.1-9611f29bef89eba7b18045b10aa2af98) (-)
Connection: close
x-tt-trace-tag: id=16;cdn-cache=miss;type=dyn
Server-Timing: cdn-cache; desc=MISS, edge; dur=1, origin; dur=118
X-Origin-Response-Time: 118,95.101.134.116
X-Akamai-Request-ID: 29a5c872

{"code": 0, "message": "OK", "request_id": "202412291405185BC30A86291F2723F0D3", "data": {}}
2024-12-29T14:05:22+00:00 DEBUG POST: https://business-api.tiktok.com/open_api/v1.3/event/track/

{"partner_name":"WooCommerce","event_source":"web","event_source_id":"CSM79Q3C77UAG1T340I0","data":[{"event":"Pageview","event_id":"677157227ab6e_tt4b_woocommerce_670666209cf1f","event_time":1735481122,"user":{"ip":"85.17.194.5","user_agent":"Mozilla\/5.0 (Windows NT 10.0; Win64; x64) AppleWebKit\/537.36 (KHTML, like Gecko) Chrome\/131.0.0.0 Safari\/537.36","locale":"ar","external_id":"0","email":"e3b0c44298fc1c149afbf4c8996fb92427ae41e4649b934ca495991b7852b855","phone_number":"e3b0c44298fc1c149afbf4c8996fb92427ae41e4649b934ca495991b7852b855","first_name":"e3b0c44298fc1c149afbf4c8996fb92427ae41e4649b934ca495991b7852b855","last_name":"e3b0c44298fc1c149afbf4c8996fb92427ae41e4649b934ca495991b7852b855","zip_code":"e3b0c44298fc1c149afbf4c8996fb92427ae41e4649b934ca495991b7852b855"},"page":{"url":"http:\/\/ibn-sinaa.com\/"}}]}
 ajax: no
2024-12-29T14:05:22+00:00 DEBUG Tt4b_Mapi_Class::mapi_post: Response: 

HTTP/1.1 200 OK
Server: nginx
Content-Type: application/json
Content-Length: 92
X-Tt-Logid: 202412291405228A7C474B632FCFCAE891
x-tt-trace-host: 018e5a586174a888928d793bdac74b79b56517d7628cf0ffdff56b078ad2cf56151924a53b9c355cc2cf7e5c8eac3d112f834fc37c7c386ad0df6b28b5b7d73eb18ed7e4461675f1dc79de18744a0c79a5dc66be8150619e9f35366b08196644a4f24fe2e8189e78a3da84cc636791ebb4
x-tt-trace-id: 00-2412291405228A7C474B632FCFCAE891-0925CD4C74E43BAA-00
X-Origin-Response-Time: 45,23.213.246.240
X-Akamai-Request-ID: a1e83f99.e655486
Expires: Sun, 29 Dec 2024 14:05:22 GMT
Cache-Control: max-age=0, no-cache, no-store
Pragma: no-cache
Date: Sun, 29 Dec 2024 14:05:22 GMT
X-Cache: TCP_MISS from a95-101-134-92.deploy.akamaitechnologies.com (AkamaiGHost/11.7.2.1-9611f29bef89eba7b18045b10aa2af98) (-)
Connection: close
X-Cache-Remote: TCP_MISS from a23-213-246-240.deploy.akamaitechnologies.com (AkamaiGHost/11.7.2.1-9611f29bef89eba7b18045b10aa2af98) (-)
x-tt-trace-tag: id=16;cdn-cache=miss;type=dyn
Server-Timing: cdn-cache; desc=MISS, edge; dur=259, origin; dur=44
Server-Timing: inner; dur=27
X-Parent-Response-Time: 303,95.101.134.92

{"code": 0, "message": "OK", "request_id": "202412291405228A7C474B632FCFCAE891", "data": {}}
2024-12-29T14:05:27+00:00 DEBUG POST: https://business-api.tiktok.com/open_api/v1.3/event/track/

{"partner_name":"WooCommerce","event_source":"web","event_source_id":"CSM79Q3C77UAG1T340I0","data":[{"event":"Pageview","event_id":"67715727279b1_tt4b_woocommerce_670666209cf1f","event_time":1735481127,"user":{"ip":"85.17.194.5","user_agent":"Mozilla\/5.0 (Windows NT 10.0; Win64; x64) AppleWebKit\/537.36 (KHTML, like Gecko) Chrome\/131.0.0.0 Safari\/537.36","locale":"ar","external_id":"0","email":"e3b0c44298fc1c149afbf4c8996fb92427ae41e4649b934ca495991b7852b855","phone_number":"e3b0c44298fc1c149afbf4c8996fb92427ae41e4649b934ca495991b7852b855","first_name":"e3b0c44298fc1c149afbf4c8996fb92427ae41e4649b934ca495991b7852b855","last_name":"e3b0c44298fc1c149afbf4c8996fb92427ae41e4649b934ca495991b7852b855","zip_code":"e3b0c44298fc1c149afbf4c8996fb92427ae41e4649b934ca495991b7852b855"},"page":{"url":"http:\/\/ibn-sinaa.com\/"}}]}
 ajax: no
2024-12-29T14:05:27+00:00 DEBUG Tt4b_Mapi_Class::mapi_post: Response: 

HTTP/1.1 200 OK
Server: nginx
Content-Type: application/json
Content-Length: 92
X-Tt-Logid: 202412291405273799910F2264CD1D8669
Server-Timing: inner; dur=31
x-tt-trace-host: 018e5a586174a888928d793bdac74b79b51a437ee89a1c03eb2011d034a2e3e9f5b8278b8e736351247dc4d007a39979f531e60118fa5b77c724f4ac463e062c00556d606ad9e15c0712adf92ee84a4e9791fedfdce978870e9fdd9f9ca376370f
x-tt-trace-id: 00-2412291405273799910F2264CD1D8669-1E72D2E444E0229F-00
Expires: Sun, 29 Dec 2024 14:05:27 GMT
Cache-Control: max-age=0, no-cache, no-store
Pragma: no-cache
Date: Sun, 29 Dec 2024 14:05:27 GMT
X-Cache: TCP_MISS from a95-101-134-92.deploy.akamaitechnologies.com (AkamaiGHost/11.7.2.1-9611f29bef89eba7b18045b10aa2af98) (-)
Connection: close
x-tt-trace-tag: id=16;cdn-cache=miss;type=dyn
Server-Timing: cdn-cache; desc=MISS, edge; dur=1, origin; dur=114
X-Origin-Response-Time: 114,95.101.134.92
X-Akamai-Request-ID: e65a9fa

{"code": 0, "message": "OK", "request_id": "202412291405273799910F2264CD1D8669", "data": {}}
2024-12-29T14:05:31+00:00 DEBUG POST: https://business-api.tiktok.com/open_api/v1.3/event/track/

{"partner_name":"WooCommerce","event_source":"web","event_source_id":"CSM79Q3C77UAG1T340I0","data":[{"event":"Pageview","event_id":"6771572b7c5bf_tt4b_woocommerce_670666209cf1f","event_time":1735481131,"user":{"ip":"85.17.194.5","user_agent":"Mozilla\/5.0 (Windows NT 10.0; Win64; x64) AppleWebKit\/537.36 (KHTML, like Gecko) Chrome\/131.0.0.0 Safari\/537.36","locale":"ar","external_id":"0","email":"e3b0c44298fc1c149afbf4c8996fb92427ae41e4649b934ca495991b7852b855","phone_number":"e3b0c44298fc1c149afbf4c8996fb92427ae41e4649b934ca495991b7852b855","first_name":"e3b0c44298fc1c149afbf4c8996fb92427ae41e4649b934ca495991b7852b855","last_name":"e3b0c44298fc1c149afbf4c8996fb92427ae41e4649b934ca495991b7852b855","zip_code":"e3b0c44298fc1c149afbf4c8996fb92427ae41e4649b934ca495991b7852b855"},"page":{"url":"http:\/\/ibn-sinaa.com\/"}}]}
 ajax: no
2024-12-29T14:05:31+00:00 DEBUG Tt4b_Mapi_Class::mapi_post: Response: 

HTTP/1.1 200 OK
Server: nginx
Content-Type: application/json
Content-Length: 92
X-Tt-Logid: 20241229140531281B7EDE2C44E99CB8F5
Server-Timing: inner; dur=22
x-tt-trace-host: 018e5a586174a888928d793bdac74b79b520593bf434961dbceff88e4b17f9a1560b84dbcc07a9cd405db759fdce67513bdf7185453e99277d5899422623e9e5b4fed14742fbd25ca54f720ab84153512f23bc652f8bd2a22f9decd7e7da76a643
x-tt-trace-id: 00-241229140531281B7EDE2C44E99CB8F5-193280DC50C5FBEC-00
Expires: Sun, 29 Dec 2024 14:05:31 GMT
Cache-Control: max-age=0, no-cache, no-store
Pragma: no-cache
Date: Sun, 29 Dec 2024 14:05:31 GMT
X-Cache: TCP_MISS from a95-101-134-116.deploy.akamaitechnologies.com (AkamaiGHost/11.7.2.1-9611f29bef89eba7b18045b10aa2af98) (-)
Connection: close
x-tt-trace-tag: id=16;cdn-cache=miss;type=dyn
Server-Timing: cdn-cache; desc=MISS, edge; dur=1, origin; dur=102
X-Origin-Response-Time: 103,95.101.134.116
X-Akamai-Request-ID: 29a70429

{"code": 0, "message": "OK", "request_id": "20241229140531281B7EDE2C44E99CB8F5", "data": {}}
2024-12-29T14:05:35+00:00 DEBUG POST: https://business-api.tiktok.com/open_api/v1.3/event/track/

{"partner_name":"WooCommerce","event_source":"web","event_source_id":"CSM79Q3C77UAG1T340I0","data":[{"event":"Pageview","event_id":"6771572fcfa47_tt4b_woocommerce_670666209cf1f","event_time":1735481135,"user":{"ip":"85.17.194.5","user_agent":"Mozilla\/5.0 (Windows NT 10.0; Win64; x64) AppleWebKit\/537.36 (KHTML, like Gecko) Chrome\/131.0.0.0 Safari\/537.36","locale":"ar","external_id":"0","email":"e3b0c44298fc1c149afbf4c8996fb92427ae41e4649b934ca495991b7852b855","phone_number":"e3b0c44298fc1c149afbf4c8996fb92427ae41e4649b934ca495991b7852b855","first_name":"e3b0c44298fc1c149afbf4c8996fb92427ae41e4649b934ca495991b7852b855","last_name":"e3b0c44298fc1c149afbf4c8996fb92427ae41e4649b934ca495991b7852b855","zip_code":"e3b0c44298fc1c149afbf4c8996fb92427ae41e4649b934ca495991b7852b855"},"page":{"url":"http:\/\/ibn-sinaa.com\/"}}]}
 ajax: no
2024-12-29T14:05:36+00:00 DEBUG Tt4b_Mapi_Class::mapi_post: Response: 

HTTP/1.1 200 OK
Server: nginx
Content-Type: application/json
Content-Length: 92
X-Tt-Logid: 20241229140535021CFEB38437F4CF7824
x-tt-trace-host: 018e5a586174a888928d793bdac74b79b519a86797e72c2eba011e03e23beee17dcf24f51a3f66ece77f80810e3829c480b0dcb661fc4c76035888bbde18fdfb4bd3cccdd15625de3c590502a11ef1d087ff8286450edaeb2d0eb784f9fa203413d57afedd906b983bb40139a650fb75d8
x-tt-trace-id: 00-241229140535021CFEB38437F4CF7824-681E819B6986CDF1-00
X-Origin-Response-Time: 30,23.218.219.5
X-Akamai-Request-ID: 1f06de59.29a76a49
Expires: Sun, 29 Dec 2024 14:05:36 GMT
Cache-Control: max-age=0, no-cache, no-store
Pragma: no-cache
Date: Sun, 29 Dec 2024 14:05:36 GMT
X-Cache: TCP_MISS from a95-101-134-116.deploy.akamaitechnologies.com (AkamaiGHost/11.7.2.1-9611f29bef89eba7b18045b10aa2af98) (-)
Connection: close
X-Cache-Remote: TCP_MISS from a23-218-219-5.deploy.akamaitechnologies.com (AkamaiGHost/11.7.2.1-9611f29bef89eba7b18045b10aa2af98) (-)
x-tt-trace-tag: id=16;cdn-cache=miss;type=dyn
Server-Timing: cdn-cache; desc=MISS, edge; dur=82, origin; dur=30
Server-Timing: inner; dur=27
X-Parent-Response-Time: 111,95.101.134.116

{"code": 0, "message": "OK", "request_id": "20241229140535021CFEB38437F4CF7824", "data": {}}
2024-12-29T14:05:40+00:00 DEBUG POST: https://business-api.tiktok.com/open_api/v1.3/event/track/

{"partner_name":"WooCommerce","event_source":"web","event_source_id":"CSM79Q3C77UAG1T340I0","data":[{"event":"Pageview","event_id":"677157346e259_tt4b_woocommerce_670666209cf1f","event_time":1735481140,"user":{"ip":"85.17.194.5","user_agent":"Mozilla\/5.0 (Windows NT 10.0; Win64; x64) AppleWebKit\/537.36 (KHTML, like Gecko) Chrome\/131.0.0.0 Safari\/537.36","locale":"ar","external_id":"0","email":"e3b0c44298fc1c149afbf4c8996fb92427ae41e4649b934ca495991b7852b855","phone_number":"e3b0c44298fc1c149afbf4c8996fb92427ae41e4649b934ca495991b7852b855","first_name":"e3b0c44298fc1c149afbf4c8996fb92427ae41e4649b934ca495991b7852b855","last_name":"e3b0c44298fc1c149afbf4c8996fb92427ae41e4649b934ca495991b7852b855","zip_code":"e3b0c44298fc1c149afbf4c8996fb92427ae41e4649b934ca495991b7852b855"},"page":{"url":"http:\/\/ibn-sinaa.com\/"}}]}
 ajax: no
2024-12-29T14:05:40+00:00 DEBUG Tt4b_Mapi_Class::mapi_post: Response: 

HTTP/1.1 200 OK
Server: nginx
Content-Type: application/json
Content-Length: 92
X-Tt-Logid: 202412291405408472031FF6DD16CC7998
Server-Timing: inner; dur=19
x-tt-trace-host: 018e5a586174a888928d793bdac74b79b520593bf434961dbceff88e4b17f9a15660f04ca5c39d45eee31369df3e2e994ba42d9a9d702aeab462065f5330b7443c4458e6ee4b5be115dfcdbd6441c86ee8f7a699ed36fabd7eaae99e3b3f9d3d89
x-tt-trace-id: 00-2412291405408472031FF6DD16CC7998-007F0C85565196D5-00
Expires: Sun, 29 Dec 2024 14:05:40 GMT
Cache-Control: max-age=0, no-cache, no-store
Pragma: no-cache
Date: Sun, 29 Dec 2024 14:05:40 GMT
X-Cache: TCP_MISS from a95-101-134-116.deploy.akamaitechnologies.com (AkamaiGHost/11.7.2.1-9611f29bef89eba7b18045b10aa2af98) (-)
Connection: close
x-tt-trace-tag: id=16;cdn-cache=miss;type=dyn
Server-Timing: cdn-cache; desc=MISS, edge; dur=2, origin; dur=103
X-Origin-Response-Time: 103,95.101.134.116
X-Akamai-Request-ID: 29a7d4cc

{"code": 0, "message": "OK", "request_id": "202412291405408472031FF6DD16CC7998", "data": {}}
2024-12-29T14:05:45+00:00 DEBUG POST: https://business-api.tiktok.com/open_api/v1.3/event/track/

{"partner_name":"WooCommerce","event_source":"web","event_source_id":"CSM79Q3C77UAG1T340I0","data":[{"event":"Pageview","event_id":"677157395dc4b_tt4b_woocommerce_670666209cf1f","event_time":1735481145,"user":{"ip":"85.17.194.5","user_agent":"Mozilla\/5.0 (Windows NT 10.0; Win64; x64) AppleWebKit\/537.36 (KHTML, like Gecko) Chrome\/131.0.0.0 Safari\/537.36","locale":"ar","external_id":"0","email":"e3b0c44298fc1c149afbf4c8996fb92427ae41e4649b934ca495991b7852b855","phone_number":"e3b0c44298fc1c149afbf4c8996fb92427ae41e4649b934ca495991b7852b855","first_name":"e3b0c44298fc1c149afbf4c8996fb92427ae41e4649b934ca495991b7852b855","last_name":"e3b0c44298fc1c149afbf4c8996fb92427ae41e4649b934ca495991b7852b855","zip_code":"e3b0c44298fc1c149afbf4c8996fb92427ae41e4649b934ca495991b7852b855"},"page":{"url":"http:\/\/ibn-sinaa.com\/"}}]}
 ajax: no
2024-12-29T14:05:45+00:00 DEBUG Tt4b_Mapi_Class::mapi_post: Response: 

HTTP/1.1 200 OK
Server: nginx
Content-Type: application/json
Content-Length: 92
X-Tt-Logid: 20241229140545C4CA8A6D588B0722B2FC
Server-Timing: inner; dur=28
x-tt-trace-host: 018e5a586174a888928d793bdac74b79b520593bf434961dbceff88e4b17f9a156c36c8d7b4c3f21b3e0dd513bbb6925da1a1c57ee0cbab287cb252a95afe3c8a70adcd568236bc4d8f848c8aa7e1ab9aee8c4964f5a91d5e5c66a8e4f7701ad1c
x-tt-trace-id: 00-241229140545C4CA8A6D588B0722B2FC-43F5887E43F06A39-00
Expires: Sun, 29 Dec 2024 14:05:45 GMT
Cache-Control: max-age=0, no-cache, no-store
Pragma: no-cache
Date: Sun, 29 Dec 2024 14:05:45 GMT
X-Cache: TCP_MISS from a95-101-134-116.deploy.akamaitechnologies.com (AkamaiGHost/11.7.2.1-9611f29bef89eba7b18045b10aa2af98) (-)
Connection: close
x-tt-trace-tag: id=16;cdn-cache=miss;type=dyn
Server-Timing: cdn-cache; desc=MISS, edge; dur=1, origin; dur=110
X-Origin-Response-Time: 110,95.101.134.116
X-Akamai-Request-ID: 29a84976

{"code": 0, "message": "OK", "request_id": "20241229140545C4CA8A6D588B0722B2FC", "data": {}}
2024-12-29T14:05:49+00:00 DEBUG POST: https://business-api.tiktok.com/open_api/v1.3/event/track/

{"partner_name":"WooCommerce","event_source":"web","event_source_id":"CSM79Q3C77UAG1T340I0","data":[{"event":"Pageview","event_id":"6771573deccc6_tt4b_woocommerce_670666209cf1f","event_time":1735481149,"user":{"ip":"85.17.194.5","user_agent":"Mozilla\/5.0 (Windows NT 10.0; Win64; x64) AppleWebKit\/537.36 (KHTML, like Gecko) Chrome\/131.0.0.0 Safari\/537.36","locale":"ar","external_id":"0","email":"e3b0c44298fc1c149afbf4c8996fb92427ae41e4649b934ca495991b7852b855","phone_number":"e3b0c44298fc1c149afbf4c8996fb92427ae41e4649b934ca495991b7852b855","first_name":"e3b0c44298fc1c149afbf4c8996fb92427ae41e4649b934ca495991b7852b855","last_name":"e3b0c44298fc1c149afbf4c8996fb92427ae41e4649b934ca495991b7852b855","zip_code":"e3b0c44298fc1c149afbf4c8996fb92427ae41e4649b934ca495991b7852b855"},"page":{"url":"http:\/\/ibn-sinaa.com\/"}}]}
 ajax: no
2024-12-29T14:05:50+00:00 DEBUG Tt4b_Mapi_Class::mapi_post: Response: 

HTTP/1.1 200 OK
Server: nginx
Content-Type: application/json
Content-Length: 92
X-Tt-Logid: 202412291405505BC30A86291F2723F907
Server-Timing: inner; dur=31
x-tt-trace-host: 018e5a586174a888928d793bdac74b79b520593bf434961dbceff88e4b17f9a1569d349bb66677eecc6a9efeb733bed605fdcac02a852aae75bc34b75af4e621bf69637dff74679396fdd51e036156a556386631aeb2b9f201ff2e9706541d68ee
x-tt-trace-id: 00-2412291405505BC30A86291F2723F907-18E5E40515DCDBE7-00
Expires: Sun, 29 Dec 2024 14:05:50 GMT
Cache-Control: max-age=0, no-cache, no-store
Pragma: no-cache
Date: Sun, 29 Dec 2024 14:05:50 GMT
X-Cache: TCP_MISS from a95-101-134-116.deploy.akamaitechnologies.com (AkamaiGHost/11.7.2.1-9611f29bef89eba7b18045b10aa2af98) (-)
Connection: close
x-tt-trace-tag: id=16;cdn-cache=miss;type=dyn
Server-Timing: cdn-cache; desc=MISS, edge; dur=1, origin; dur=113
X-Origin-Response-Time: 114,95.101.134.116
X-Akamai-Request-ID: 29a8b6e0

{"code": 0, "message": "OK", "request_id": "202412291405505BC30A86291F2723F907", "data": {}}
2024-12-29T14:05:54+00:00 DEBUG POST: https://business-api.tiktok.com/open_api/v1.3/event/track/

{"partner_name":"WooCommerce","event_source":"web","event_source_id":"CSM79Q3C77UAG1T340I0","data":[{"event":"Pageview","event_id":"67715742566ed_tt4b_woocommerce_670666209cf1f","event_time":1735481154,"user":{"ip":"85.17.194.5","user_agent":"Mozilla\/5.0 (Windows NT 10.0; Win64; x64) AppleWebKit\/537.36 (KHTML, like Gecko) Chrome\/131.0.0.0 Safari\/537.36","locale":"ar","external_id":"0","email":"e3b0c44298fc1c149afbf4c8996fb92427ae41e4649b934ca495991b7852b855","phone_number":"e3b0c44298fc1c149afbf4c8996fb92427ae41e4649b934ca495991b7852b855","first_name":"e3b0c44298fc1c149afbf4c8996fb92427ae41e4649b934ca495991b7852b855","last_name":"e3b0c44298fc1c149afbf4c8996fb92427ae41e4649b934ca495991b7852b855","zip_code":"e3b0c44298fc1c149afbf4c8996fb92427ae41e4649b934ca495991b7852b855"},"page":{"url":"http:\/\/ibn-sinaa.com\/"}}]}
 ajax: no
2024-12-29T14:05:54+00:00 DEBUG Tt4b_Mapi_Class::mapi_post: Response: 

HTTP/1.1 200 OK
Server: nginx
Content-Type: application/json
Content-Length: 92
X-Tt-Logid: 20241229140554AEDB7FEDB67FC93C3C8D
Server-Timing: inner; dur=26
x-tt-trace-host: 018e5a586174a888928d793bdac74b79b51a437ee89a1c03eb2011d034a2e3e9f5a5de970541aafcb150875d67fe753ced98d92051e7d3e7f1c6c4909814dc0880d9e0a37d3f91e7010422efac5ef3a1a6d31e071739e77813b71233be74fcc2c7
x-tt-trace-id: 00-241229140554AEDB7FEDB67FC93C3C8D-48F48F9F5D0D2EEA-00
Expires: Sun, 29 Dec 2024 14:05:54 GMT
Cache-Control: max-age=0, no-cache, no-store
Pragma: no-cache
Date: Sun, 29 Dec 2024 14:05:54 GMT
X-Cache: TCP_MISS from a95-101-134-92.deploy.akamaitechnologies.com (AkamaiGHost/11.7.2.1-9611f29bef89eba7b18045b10aa2af98) (-)
Connection: close
x-tt-trace-tag: id=16;cdn-cache=miss;type=dyn
Server-Timing: cdn-cache; desc=MISS, edge; dur=1, origin; dur=106
X-Origin-Response-Time: 106,95.101.134.92
X-Akamai-Request-ID: e67a240

{"code": 0, "message": "OK", "request_id": "20241229140554AEDB7FEDB67FC93C3C8D", "data": {}}
2024-12-29T14:05:59+00:00 DEBUG POST: https://business-api.tiktok.com/open_api/v1.3/event/track/

{"partner_name":"WooCommerce","event_source":"web","event_source_id":"CSM79Q3C77UAG1T340I0","data":[{"event":"Pageview","event_id":"67715747eec0a_tt4b_woocommerce_670666209cf1f","event_time":1735481159,"user":{"ip":"85.17.194.5","user_agent":"Mozilla\/5.0 (Windows NT 10.0; Win64; x64) AppleWebKit\/537.36 (KHTML, like Gecko) Chrome\/131.0.0.0 Safari\/537.36","locale":"ar","external_id":"0","email":"e3b0c44298fc1c149afbf4c8996fb92427ae41e4649b934ca495991b7852b855","phone_number":"e3b0c44298fc1c149afbf4c8996fb92427ae41e4649b934ca495991b7852b855","first_name":"e3b0c44298fc1c149afbf4c8996fb92427ae41e4649b934ca495991b7852b855","last_name":"e3b0c44298fc1c149afbf4c8996fb92427ae41e4649b934ca495991b7852b855","zip_code":"e3b0c44298fc1c149afbf4c8996fb92427ae41e4649b934ca495991b7852b855"},"page":{"url":"http:\/\/ibn-sinaa.com\/"}}]}
 ajax: no
2024-12-29T14:06:00+00:00 DEBUG Tt4b_Mapi_Class::mapi_post: Response: 

HTTP/1.1 200 OK
Server: nginx
Content-Type: application/json
Content-Length: 92
X-Tt-Logid: 202412291406008472031FF6DD16CC7ED9
Server-Timing: inner; dur=23
x-tt-trace-host: 018e5a586174a888928d793bdac74b79b520593bf434961dbceff88e4b17f9a15660f04ca5c39d45eee31369df3e2e994bed3377b8d9a5f66ee595df050517d87822fc5d1213f6409447a4a24b729af0fa3cff9705efc3755bc287f3785384f5aa
x-tt-trace-id: 00-2412291406008472031FF6DD16CC7ED9-6E0E1ACB0E42F971-00
Expires: Sun, 29 Dec 2024 14:06:00 GMT
Cache-Control: max-age=0, no-cache, no-store
Pragma: no-cache
Date: Sun, 29 Dec 2024 14:06:00 GMT
X-Cache: TCP_MISS from a95-101-134-116.deploy.akamaitechnologies.com (AkamaiGHost/11.7.2.1-9611f29bef89eba7b18045b10aa2af98) (-)
Connection: close
x-tt-trace-tag: id=16;cdn-cache=miss;type=dyn
Server-Timing: cdn-cache; desc=MISS, edge; dur=2, origin; dur=104
X-Origin-Response-Time: 104,95.101.134.116
X-Akamai-Request-ID: 29a9a24d

{"code": 0, "message": "OK", "request_id": "202412291406008472031FF6DD16CC7ED9", "data": {}}
2024-12-29T14:06:04+00:00 DEBUG POST: https://business-api.tiktok.com/open_api/v1.3/event/track/

{"partner_name":"WooCommerce","event_source":"web","event_source_id":"CSM79Q3C77UAG1T340I0","data":[{"event":"Pageview","event_id":"6771574ca6fae_tt4b_woocommerce_670666209cf1f","event_time":1735481164,"user":{"ip":"85.17.194.5","user_agent":"Mozilla\/5.0 (Windows NT 10.0; Win64; x64) AppleWebKit\/537.36 (KHTML, like Gecko) Chrome\/131.0.0.0 Safari\/537.36","locale":"ar","external_id":"0","email":"e3b0c44298fc1c149afbf4c8996fb92427ae41e4649b934ca495991b7852b855","phone_number":"e3b0c44298fc1c149afbf4c8996fb92427ae41e4649b934ca495991b7852b855","first_name":"e3b0c44298fc1c149afbf4c8996fb92427ae41e4649b934ca495991b7852b855","last_name":"e3b0c44298fc1c149afbf4c8996fb92427ae41e4649b934ca495991b7852b855","zip_code":"e3b0c44298fc1c149afbf4c8996fb92427ae41e4649b934ca495991b7852b855"},"page":{"url":"http:\/\/ibn-sinaa.com\/"}}]}
 ajax: no
2024-12-29T14:06:04+00:00 DEBUG Tt4b_Mapi_Class::mapi_post: Response: 

HTTP/1.1 200 OK
Server: nginx
Content-Type: application/json
Content-Length: 92
X-Tt-Logid: 20241229140604BE9EC994DFEFDDAFEECB
Server-Timing: inner; dur=57
x-tt-trace-host: 018e5a586174a888928d793bdac74b79b51a437ee89a1c03eb2011d034a2e3e9f53f6eb9053f30659ac13d42a5f9dca45ba197bef84b3ecf3c9bd2d9eb9cdd3ca3f10accfc842b9a678a28d6db6147527ca2660088e1919b1c5e2e59c9dcf4df9c
x-tt-trace-id: 00-241229140604BE9EC994DFEFDDAFEECB-2DAD317D891823FE-00
Expires: Sun, 29 Dec 2024 14:06:04 GMT
Cache-Control: max-age=0, no-cache, no-store
Pragma: no-cache
Date: Sun, 29 Dec 2024 14:06:04 GMT
X-Cache: TCP_MISS from a95-101-134-92.deploy.akamaitechnologies.com (AkamaiGHost/11.7.2.1-9611f29bef89eba7b18045b10aa2af98) (-)
Connection: close
x-tt-trace-tag: id=16;cdn-cache=miss;type=dyn
Server-Timing: cdn-cache; desc=MISS, edge; dur=2, origin; dur=136
X-Origin-Response-Time: 137,95.101.134.92
X-Akamai-Request-ID: e686ba1

{"code": 0, "message": "OK", "request_id": "20241229140604BE9EC994DFEFDDAFEECB", "data": {}}
2024-12-29T14:06:09+00:00 DEBUG POST: https://business-api.tiktok.com/open_api/v1.3/event/track/

{"partner_name":"WooCommerce","event_source":"web","event_source_id":"CSM79Q3C77UAG1T340I0","data":[{"event":"Pageview","event_id":"67715751e22f1_tt4b_woocommerce_670666209cf1f","event_time":1735481169,"user":{"ip":"85.17.194.5","user_agent":"Mozilla\/5.0 (Windows NT 10.0; Win64; x64) AppleWebKit\/537.36 (KHTML, like Gecko) Chrome\/131.0.0.0 Safari\/537.36","locale":"ar","external_id":"0","email":"e3b0c44298fc1c149afbf4c8996fb92427ae41e4649b934ca495991b7852b855","phone_number":"e3b0c44298fc1c149afbf4c8996fb92427ae41e4649b934ca495991b7852b855","first_name":"e3b0c44298fc1c149afbf4c8996fb92427ae41e4649b934ca495991b7852b855","last_name":"e3b0c44298fc1c149afbf4c8996fb92427ae41e4649b934ca495991b7852b855","zip_code":"e3b0c44298fc1c149afbf4c8996fb92427ae41e4649b934ca495991b7852b855"},"page":{"url":"http:\/\/ibn-sinaa.com\/"}}]}
 ajax: no
2024-12-29T14:06:10+00:00 DEBUG Tt4b_Mapi_Class::mapi_post: Response: 

HTTP/1.1 200 OK
Server: nginx
Content-Type: application/json
Content-Length: 92
X-Tt-Logid: 20241229140610BE9EC994DFEFDDAFF073
Server-Timing: inner; dur=22
x-tt-trace-host: 018e5a586174a888928d793bdac74b79b51a437ee89a1c03eb2011d034a2e3e9f53f6eb9053f30659ac13d42a5f9dca45ba197bef84b3ecf3c9bd2d9eb9cdd3ca3dbc5d19c26f56e78da4f9116c10572b169c8b42c213e6e4a0f13a5a7fdf7b68a
x-tt-trace-id: 00-241229140610BE9EC994DFEFDDAFF073-2DAD317D891829B7-00
Expires: Sun, 29 Dec 2024 14:06:10 GMT
Cache-Control: max-age=0, no-cache, no-store
Pragma: no-cache
Date: Sun, 29 Dec 2024 14:06:10 GMT
X-Cache: TCP_MISS from a95-101-134-92.deploy.akamaitechnologies.com (AkamaiGHost/11.7.2.1-9611f29bef89eba7b18045b10aa2af98) (-)
Connection: close
x-tt-trace-tag: id=16;cdn-cache=miss;type=dyn
Server-Timing: cdn-cache; desc=MISS, edge; dur=1, origin; dur=103
X-Origin-Response-Time: 103,95.101.134.92
X-Akamai-Request-ID: e68d4a3

{"code": 0, "message": "OK", "request_id": "20241229140610BE9EC994DFEFDDAFF073", "data": {}}
2024-12-29T14:06:16+00:00 DEBUG POST: https://business-api.tiktok.com/open_api/v1.3/event/track/

{"partner_name":"WooCommerce","event_source":"web","event_source_id":"CSM79Q3C77UAG1T340I0","data":[{"event":"Pageview","event_id":"67715758089cf_tt4b_woocommerce_670666209cf1f","event_time":1735481176,"user":{"ip":"85.17.194.5","user_agent":"Mozilla\/5.0 (Windows NT 10.0; Win64; x64) AppleWebKit\/537.36 (KHTML, like Gecko) Chrome\/131.0.0.0 Safari\/537.36","locale":"ar","external_id":"0","email":"e3b0c44298fc1c149afbf4c8996fb92427ae41e4649b934ca495991b7852b855","phone_number":"e3b0c44298fc1c149afbf4c8996fb92427ae41e4649b934ca495991b7852b855","first_name":"e3b0c44298fc1c149afbf4c8996fb92427ae41e4649b934ca495991b7852b855","last_name":"e3b0c44298fc1c149afbf4c8996fb92427ae41e4649b934ca495991b7852b855","zip_code":"e3b0c44298fc1c149afbf4c8996fb92427ae41e4649b934ca495991b7852b855"},"page":{"url":"http:\/\/ibn-sinaa.com\/"}}]}
 ajax: no
2024-12-29T14:06:16+00:00 DEBUG Tt4b_Mapi_Class::mapi_post: Response: 

HTTP/1.1 200 OK
Server: nginx
Content-Type: application/json
Content-Length: 92
X-Tt-Logid: 20241229140616A275FED03F80C725C355
x-tt-trace-host: 018e5a586174a888928d793bdac74b79b56517d7628cf0ffdff56b078ad2cf561527f4469e489240b6c3bac109d8c35523466266c701049efef11c8053ceecbf679479357dce6bd332e9ffac03c83c0a1297de5e6dad637a8695d0597241f54ea8d768ea606a49d76d8576ae4763a4282c
x-tt-trace-id: 00-241229140616A275FED03F80C725C355-392C7933497EFAD1-00
X-Origin-Response-Time: 79,23.218.219.34
X-Akamai-Request-ID: 56e47cff.e694c7d
Expires: Sun, 29 Dec 2024 14:06:16 GMT
Cache-Control: max-age=0, no-cache, no-store
Pragma: no-cache
Date: Sun, 29 Dec 2024 14:06:16 GMT
X-Cache: TCP_MISS from a95-101-134-92.deploy.akamaitechnologies.com (AkamaiGHost/11.7.2.1-9611f29bef89eba7b18045b10aa2af98) (-)
Connection: close
X-Cache-Remote: TCP_MISS from a23-218-219-34.deploy.akamaitechnologies.com (AkamaiGHost/11.7.2.1-9611f29bef89eba7b18045b10aa2af98) (-)
x-tt-trace-tag: id=16;cdn-cache=miss;type=dyn
Server-Timing: cdn-cache; desc=MISS, edge; dur=80, origin; dur=79
Server-Timing: inner; dur=75
X-Parent-Response-Time: 159,95.101.134.92

{"code": 0, "message": "OK", "request_id": "20241229140616A275FED03F80C725C355", "data": {}}
2024-12-29T14:06:20+00:00 DEBUG POST: https://business-api.tiktok.com/open_api/v1.3/event/track/

{"partner_name":"WooCommerce","event_source":"web","event_source_id":"CSM79Q3C77UAG1T340I0","data":[{"event":"Pageview","event_id":"6771575c7d0d0_tt4b_woocommerce_670666209cf1f","event_time":1735481180,"user":{"ip":"85.17.194.5","user_agent":"Mozilla\/5.0 (Windows NT 10.0; Win64; x64) AppleWebKit\/537.36 (KHTML, like Gecko) Chrome\/131.0.0.0 Safari\/537.36","locale":"ar","external_id":"0","email":"e3b0c44298fc1c149afbf4c8996fb92427ae41e4649b934ca495991b7852b855","phone_number":"e3b0c44298fc1c149afbf4c8996fb92427ae41e4649b934ca495991b7852b855","first_name":"e3b0c44298fc1c149afbf4c8996fb92427ae41e4649b934ca495991b7852b855","last_name":"e3b0c44298fc1c149afbf4c8996fb92427ae41e4649b934ca495991b7852b855","zip_code":"e3b0c44298fc1c149afbf4c8996fb92427ae41e4649b934ca495991b7852b855"},"page":{"url":"http:\/\/ibn-sinaa.com\/"}}]}
 ajax: no
2024-12-29T14:06:20+00:00 DEBUG Tt4b_Mapi_Class::mapi_post: Response: 

HTTP/1.1 200 OK
Server: nginx
Content-Type: application/json
Content-Length: 92
X-Tt-Logid: 202412291406207F15EA863FE28DCBC60A
Server-Timing: inner; dur=44
x-tt-trace-host: 018e5a586174a888928d793bdac74b79b520593bf434961dbceff88e4b17f9a1564de374c1303799daf3f509557834ab78002c0bf96c015dded07656cbf902798504cb7bd982ed2eb22b250fadd3a46be32996d9e2ed245d212d1abde752f56bd4
x-tt-trace-id: 00-2412291406207F15EA863FE28DCBC60A-40A9CA51115A1B6B-00
Expires: Sun, 29 Dec 2024 14:06:20 GMT
Cache-Control: max-age=0, no-cache, no-store
Pragma: no-cache
Date: Sun, 29 Dec 2024 14:06:20 GMT
X-Cache: TCP_MISS from a95-101-134-116.deploy.akamaitechnologies.com (AkamaiGHost/11.7.2.1-9611f29bef89eba7b18045b10aa2af98) (-)
Connection: close
x-tt-trace-tag: id=16;cdn-cache=miss;type=dyn
Server-Timing: cdn-cache; desc=MISS, edge; dur=1, origin; dur=127
X-Origin-Response-Time: 128,95.101.134.116
X-Akamai-Request-ID: 29ab8bf2

{"code": 0, "message": "OK", "request_id": "202412291406207F15EA863FE28DCBC60A", "data": {}}
2024-12-29T14:06:24+00:00 DEBUG POST: https://business-api.tiktok.com/open_api/v1.3/event/track/

{"partner_name":"WooCommerce","event_source":"web","event_source_id":"CSM79Q3C77UAG1T340I0","data":[{"event":"Pageview","event_id":"67715760c5bd9_tt4b_woocommerce_670666209cf1f","event_time":1735481184,"user":{"ip":"85.17.194.5","user_agent":"Mozilla\/5.0 (Windows NT 10.0; Win64; x64) AppleWebKit\/537.36 (KHTML, like Gecko) Chrome\/131.0.0.0 Safari\/537.36","locale":"ar","external_id":"0","email":"e3b0c44298fc1c149afbf4c8996fb92427ae41e4649b934ca495991b7852b855","phone_number":"e3b0c44298fc1c149afbf4c8996fb92427ae41e4649b934ca495991b7852b855","first_name":"e3b0c44298fc1c149afbf4c8996fb92427ae41e4649b934ca495991b7852b855","last_name":"e3b0c44298fc1c149afbf4c8996fb92427ae41e4649b934ca495991b7852b855","zip_code":"e3b0c44298fc1c149afbf4c8996fb92427ae41e4649b934ca495991b7852b855"},"page":{"url":"http:\/\/ibn-sinaa.com\/"}}]}
 ajax: no
2024-12-29T14:06:24+00:00 DEBUG Tt4b_Mapi_Class::mapi_post: Response: 

HTTP/1.1 200 OK
Server: nginx
Content-Type: application/json
Content-Length: 92
X-Tt-Logid: 20241229140624C146FDACB42E5BC816F2
Server-Timing: inner; dur=42
x-tt-trace-host: 018e5a586174a888928d793bdac74b79b520593bf434961dbceff88e4b17f9a156cd784ab054ec2e85f9462a5b609ec25bfd9956b2901f2f4809e314263399c484202992dc5944f37f3f3246dc363a95455ade62e7e77038ca820ce8704481092a
x-tt-trace-id: 00-241229140624C146FDACB42E5BC816F2-6EB7F10A26BADFF6-00
Expires: Sun, 29 Dec 2024 14:06:24 GMT
Cache-Control: max-age=0, no-cache, no-store
Pragma: no-cache
Date: Sun, 29 Dec 2024 14:06:24 GMT
X-Cache: TCP_MISS from a95-101-134-116.deploy.akamaitechnologies.com (AkamaiGHost/11.7.2.1-9611f29bef89eba7b18045b10aa2af98) (-)
Connection: close
x-tt-trace-tag: id=16;cdn-cache=miss;type=dyn
Server-Timing: cdn-cache; desc=MISS, edge; dur=1, origin; dur=124
X-Origin-Response-Time: 125,95.101.134.116
X-Akamai-Request-ID: 29abed4a

{"code": 0, "message": "OK", "request_id": "20241229140624C146FDACB42E5BC816F2", "data": {}}
2024-12-29T14:06:29+00:00 DEBUG POST: https://business-api.tiktok.com/open_api/v1.3/event/track/

{"partner_name":"WooCommerce","event_source":"web","event_source_id":"CSM79Q3C77UAG1T340I0","data":[{"event":"Pageview","event_id":"6771576536ab2_tt4b_woocommerce_670666209cf1f","event_time":1735481189,"user":{"ip":"85.17.194.5","user_agent":"Mozilla\/5.0 (Windows NT 10.0; Win64; x64) AppleWebKit\/537.36 (KHTML, like Gecko) Chrome\/131.0.0.0 Safari\/537.36","locale":"ar","external_id":"0","email":"e3b0c44298fc1c149afbf4c8996fb92427ae41e4649b934ca495991b7852b855","phone_number":"e3b0c44298fc1c149afbf4c8996fb92427ae41e4649b934ca495991b7852b855","first_name":"e3b0c44298fc1c149afbf4c8996fb92427ae41e4649b934ca495991b7852b855","last_name":"e3b0c44298fc1c149afbf4c8996fb92427ae41e4649b934ca495991b7852b855","zip_code":"e3b0c44298fc1c149afbf4c8996fb92427ae41e4649b934ca495991b7852b855"},"page":{"url":"http:\/\/ibn-sinaa.com\/"}}]}
 ajax: no
2024-12-29T14:06:29+00:00 DEBUG Tt4b_Mapi_Class::mapi_post: Response: 

HTTP/1.1 200 OK
Server: nginx
Content-Type: application/json
Content-Length: 92
X-Tt-Logid: 20241229140629AEDB7FEDB67FC93C498F
Server-Timing: inner; dur=24
x-tt-trace-host: 018e5a586174a888928d793bdac74b79b51a437ee89a1c03eb2011d034a2e3e9f5a5de970541aafcb150875d67fe753ced0e6ca925c2af42cd5894bf97e33026b85fcbb69bd1b1b845a4be0d15d75261fbcd8ecf6541f5ad33ebb377ba55146069
x-tt-trace-id: 00-241229140629AEDB7FEDB67FC93C498F-27E6E7CB64030C5F-00
Expires: Sun, 29 Dec 2024 14:06:29 GMT
Cache-Control: max-age=0, no-cache, no-store
Pragma: no-cache
Date: Sun, 29 Dec 2024 14:06:29 GMT
X-Cache: TCP_MISS from a95-101-134-92.deploy.akamaitechnologies.com (AkamaiGHost/11.7.2.1-9611f29bef89eba7b18045b10aa2af98) (-)
Connection: close
x-tt-trace-tag: id=16;cdn-cache=miss;type=dyn
Server-Timing: cdn-cache; desc=MISS, edge; dur=1, origin; dur=103
X-Origin-Response-Time: 104,95.101.134.92
X-Akamai-Request-ID: e6a525a

{"code": 0, "message": "OK", "request_id": "20241229140629AEDB7FEDB67FC93C498F", "data": {}}
2024-12-29T14:06:33+00:00 DEBUG POST: https://business-api.tiktok.com/open_api/v1.3/event/track/

{"partner_name":"WooCommerce","event_source":"web","event_source_id":"CSM79Q3C77UAG1T340I0","data":[{"event":"Pageview","event_id":"677157699c54c_tt4b_woocommerce_670666209cf1f","event_time":1735481193,"user":{"ip":"85.17.194.5","user_agent":"Mozilla\/5.0 (Windows NT 10.0; Win64; x64) AppleWebKit\/537.36 (KHTML, like Gecko) Chrome\/131.0.0.0 Safari\/537.36","locale":"ar","external_id":"0","email":"e3b0c44298fc1c149afbf4c8996fb92427ae41e4649b934ca495991b7852b855","phone_number":"e3b0c44298fc1c149afbf4c8996fb92427ae41e4649b934ca495991b7852b855","first_name":"e3b0c44298fc1c149afbf4c8996fb92427ae41e4649b934ca495991b7852b855","last_name":"e3b0c44298fc1c149afbf4c8996fb92427ae41e4649b934ca495991b7852b855","zip_code":"e3b0c44298fc1c149afbf4c8996fb92427ae41e4649b934ca495991b7852b855"},"page":{"url":"http:\/\/ibn-sinaa.com\/"}}]}
 ajax: no
2024-12-29T14:06:33+00:00 DEBUG Tt4b_Mapi_Class::mapi_post: Response: 

HTTP/1.1 200 OK
Server: nginx
Content-Type: application/json
Content-Length: 92
X-Tt-Logid: 202412291406333799910F2264CD1DA4E4
Server-Timing: inner; dur=25
x-tt-trace-host: 018e5a586174a888928d793bdac74b79b51a437ee89a1c03eb2011d034a2e3e9f5b8278b8e736351247dc4d007a39979f5f9a085f75470ad84436956ec3c8b05b274c687377f88c9e0b1bd6cf588bc5b0bb3ec184713e4413627ade6a19772d556
x-tt-trace-id: 00-2412291406333799910F2264CD1DA4E4-792898967EF4C7EE-00
Expires: Sun, 29 Dec 2024 14:06:33 GMT
Cache-Control: max-age=0, no-cache, no-store
Pragma: no-cache
Date: Sun, 29 Dec 2024 14:06:33 GMT
X-Cache: TCP_MISS from a95-101-134-92.deploy.akamaitechnologies.com (AkamaiGHost/11.7.2.1-9611f29bef89eba7b18045b10aa2af98) (-)
Connection: close
x-tt-trace-tag: id=16;cdn-cache=miss;type=dyn
Server-Timing: cdn-cache; desc=MISS, edge; dur=0, origin; dur=107
X-Origin-Response-Time: 107,95.101.134.92
X-Akamai-Request-ID: e6ab033

{"code": 0, "message": "OK", "request_id": "202412291406333799910F2264CD1DA4E4", "data": {}}
2024-12-29T14:06:38+00:00 DEBUG POST: https://business-api.tiktok.com/open_api/v1.3/event/track/

{"partner_name":"WooCommerce","event_source":"web","event_source_id":"CSM79Q3C77UAG1T340I0","data":[{"event":"Pageview","event_id":"6771576e17892_tt4b_woocommerce_670666209cf1f","event_time":1735481198,"user":{"ip":"85.17.194.5","user_agent":"Mozilla\/5.0 (Windows NT 10.0; Win64; x64) AppleWebKit\/537.36 (KHTML, like Gecko) Chrome\/131.0.0.0 Safari\/537.36","locale":"ar","external_id":"0","email":"e3b0c44298fc1c149afbf4c8996fb92427ae41e4649b934ca495991b7852b855","phone_number":"e3b0c44298fc1c149afbf4c8996fb92427ae41e4649b934ca495991b7852b855","first_name":"e3b0c44298fc1c149afbf4c8996fb92427ae41e4649b934ca495991b7852b855","last_name":"e3b0c44298fc1c149afbf4c8996fb92427ae41e4649b934ca495991b7852b855","zip_code":"e3b0c44298fc1c149afbf4c8996fb92427ae41e4649b934ca495991b7852b855"},"page":{"url":"http:\/\/ibn-sinaa.com\/"}}]}
 ajax: no
2024-12-29T14:06:38+00:00 DEBUG Tt4b_Mapi_Class::mapi_post: Response: 

HTTP/1.1 200 OK
Server: nginx
Content-Type: application/json
Content-Length: 92
X-Tt-Logid: 2024122914063857BCDFA050DE69CBBFC4
Server-Timing: inner; dur=19
x-tt-trace-host: 018e5a586174a888928d793bdac74b79b520593bf434961dbceff88e4b17f9a156cd1d16b6048aec1543521d50453b403a8f44926596b0ffe8a8c5d44203249579681f74761c2ef7fe25a29b7323d5996cac95df5a530e3ebfbfddf745aded7da4
x-tt-trace-id: 00-24122914063857BCDFA050DE69CBBFC4-5330368970357E0B-00
Expires: Sun, 29 Dec 2024 14:06:38 GMT
Cache-Control: max-age=0, no-cache, no-store
Pragma: no-cache
Date: Sun, 29 Dec 2024 14:06:38 GMT
X-Cache: TCP_MISS from a95-101-134-116.deploy.akamaitechnologies.com (AkamaiGHost/11.7.2.1-9611f29bef89eba7b18045b10aa2af98) (-)
Connection: close
x-tt-trace-tag: id=16;cdn-cache=miss;type=dyn
Server-Timing: cdn-cache; desc=MISS, edge; dur=1, origin; dur=97
X-Origin-Response-Time: 97,95.101.134.116
X-Akamai-Request-ID: 29ad2d54

{"code": 0, "message": "OK", "request_id": "2024122914063857BCDFA050DE69CBBFC4", "data": {}}
2024-12-29T14:06:42+00:00 DEBUG POST: https://business-api.tiktok.com/open_api/v1.3/event/track/

{"partner_name":"WooCommerce","event_source":"web","event_source_id":"CSM79Q3C77UAG1T340I0","data":[{"event":"Pageview","event_id":"677157726abda_tt4b_woocommerce_670666209cf1f","event_time":1735481202,"user":{"ip":"85.17.194.5","user_agent":"Mozilla\/5.0 (Windows NT 10.0; Win64; x64) AppleWebKit\/537.36 (KHTML, like Gecko) Chrome\/131.0.0.0 Safari\/537.36","locale":"ar","external_id":"0","email":"e3b0c44298fc1c149afbf4c8996fb92427ae41e4649b934ca495991b7852b855","phone_number":"e3b0c44298fc1c149afbf4c8996fb92427ae41e4649b934ca495991b7852b855","first_name":"e3b0c44298fc1c149afbf4c8996fb92427ae41e4649b934ca495991b7852b855","last_name":"e3b0c44298fc1c149afbf4c8996fb92427ae41e4649b934ca495991b7852b855","zip_code":"e3b0c44298fc1c149afbf4c8996fb92427ae41e4649b934ca495991b7852b855"},"page":{"url":"http:\/\/ibn-sinaa.com\/"}}]}
 ajax: no
2024-12-29T14:06:42+00:00 DEBUG Tt4b_Mapi_Class::mapi_post: Response: 

HTTP/1.1 200 OK
Server: nginx
Content-Type: application/json
Content-Length: 92
X-Tt-Logid: 20241229140642CF7860434382ACAAB08D
x-tt-trace-host: 018e5a586174a888928d793bdac74b79b519a86797e72c2eba011e03e23beee17d0f83cd1ea431930bf27a5d65bbd62f87ab79425da4824afd1d9e97153e6afbf50d6b52632243fdae48c90b2d015dbfbb49323e0db906067eaca2bbb33be30679b25304cd9efc62fc4b886e90f8c5f4e7
x-tt-trace-id: 00-241229140642CF7860434382ACAAB08D-2BE9E4D354D0203F-00
X-Origin-Response-Time: 27,23.218.219.11
X-Akamai-Request-ID: 263d2961.29ad948a
Expires: Sun, 29 Dec 2024 14:06:42 GMT
Cache-Control: max-age=0, no-cache, no-store
Pragma: no-cache
Date: Sun, 29 Dec 2024 14:06:42 GMT
X-Cache: TCP_MISS from a95-101-134-116.deploy.akamaitechnologies.com (AkamaiGHost/11.7.2.1-9611f29bef89eba7b18045b10aa2af98) (-)
Connection: close
X-Cache-Remote: TCP_MISS from a23-218-219-11.deploy.akamaitechnologies.com (AkamaiGHost/11.7.2.1-9611f29bef89eba7b18045b10aa2af98) (-)
x-tt-trace-tag: id=16;cdn-cache=miss;type=dyn
Server-Timing: cdn-cache; desc=MISS, edge; dur=82, origin; dur=27
Server-Timing: inner; dur=24
X-Parent-Response-Time: 109,95.101.134.116

{"code": 0, "message": "OK", "request_id": "20241229140642CF7860434382ACAAB08D", "data": {}}
2024-12-29T14:06:46+00:00 DEBUG POST: https://business-api.tiktok.com/open_api/v1.3/event/track/

{"partner_name":"WooCommerce","event_source":"web","event_source_id":"CSM79Q3C77UAG1T340I0","data":[{"event":"Pageview","event_id":"6771577692ed4_tt4b_woocommerce_670666209cf1f","event_time":1735481206,"user":{"ip":"85.17.194.5","user_agent":"Mozilla\/5.0 (Windows NT 10.0; Win64; x64) AppleWebKit\/537.36 (KHTML, like Gecko) Chrome\/131.0.0.0 Safari\/537.36","locale":"ar","external_id":"0","email":"e3b0c44298fc1c149afbf4c8996fb92427ae41e4649b934ca495991b7852b855","phone_number":"e3b0c44298fc1c149afbf4c8996fb92427ae41e4649b934ca495991b7852b855","first_name":"e3b0c44298fc1c149afbf4c8996fb92427ae41e4649b934ca495991b7852b855","last_name":"e3b0c44298fc1c149afbf4c8996fb92427ae41e4649b934ca495991b7852b855","zip_code":"e3b0c44298fc1c149afbf4c8996fb92427ae41e4649b934ca495991b7852b855"},"page":{"url":"http:\/\/ibn-sinaa.com\/"}}]}
 ajax: no
2024-12-29T14:06:46+00:00 DEBUG Tt4b_Mapi_Class::mapi_post: Response: 

HTTP/1.1 200 OK
Server: nginx
Content-Type: application/json
Content-Length: 92
X-Tt-Logid: 20241229140646057E748887EA04ADD975
x-tt-trace-host: 018e5a586174a888928d793bdac74b79b519a86797e72c2eba011e03e23beee17d6bcb143f418c0a608db9eb174c23b23e9ab4d0914fb443a6e83a9d062132282c62fbadfe30a874f9a2b8d495e75611e2fe26ead6697e643804404f207baea558d8ce4d1da68df94468d9bf10b8e7b1cc
x-tt-trace-id: 00-241229140646057E748887EA04ADD975-257B8533786FA483-00
X-Origin-Response-Time: 33,23.218.219.35
X-Akamai-Request-ID: 4418ffe3.29adf82c
Expires: Sun, 29 Dec 2024 14:06:46 GMT
Cache-Control: max-age=0, no-cache, no-store
Pragma: no-cache
Date: Sun, 29 Dec 2024 14:06:46 GMT
X-Cache: TCP_MISS from a95-101-134-116.deploy.akamaitechnologies.com (AkamaiGHost/11.7.2.1-9611f29bef89eba7b18045b10aa2af98) (-)
Connection: close
X-Cache-Remote: TCP_MISS from a23-218-219-35.deploy.akamaitechnologies.com (AkamaiGHost/11.7.2.1-9611f29bef89eba7b18045b10aa2af98) (-)
x-tt-trace-tag: id=16;cdn-cache=miss;type=dyn
Server-Timing: cdn-cache; desc=MISS, edge; dur=83, origin; dur=33
Server-Timing: inner; dur=26
X-Parent-Response-Time: 114,95.101.134.116

{"code": 0, "message": "OK", "request_id": "20241229140646057E748887EA04ADD975", "data": {}}
2024-12-29T14:06:50+00:00 DEBUG POST: https://business-api.tiktok.com/open_api/v1.3/event/track/

{"partner_name":"WooCommerce","event_source":"web","event_source_id":"CSM79Q3C77UAG1T340I0","data":[{"event":"Pageview","event_id":"6771577adb64c_tt4b_woocommerce_670666209cf1f","event_time":1735481210,"user":{"ip":"85.17.194.5","user_agent":"Mozilla\/5.0 (Windows NT 10.0; Win64; x64) AppleWebKit\/537.36 (KHTML, like Gecko) Chrome\/131.0.0.0 Safari\/537.36","locale":"ar","external_id":"0","email":"e3b0c44298fc1c149afbf4c8996fb92427ae41e4649b934ca495991b7852b855","phone_number":"e3b0c44298fc1c149afbf4c8996fb92427ae41e4649b934ca495991b7852b855","first_name":"e3b0c44298fc1c149afbf4c8996fb92427ae41e4649b934ca495991b7852b855","last_name":"e3b0c44298fc1c149afbf4c8996fb92427ae41e4649b934ca495991b7852b855","zip_code":"e3b0c44298fc1c149afbf4c8996fb92427ae41e4649b934ca495991b7852b855"},"page":{"url":"http:\/\/ibn-sinaa.com\/"}}]}
 ajax: no
2024-12-29T14:06:51+00:00 DEBUG Tt4b_Mapi_Class::mapi_post: Response: 

HTTP/1.1 200 OK
Server: nginx
Content-Type: application/json
Content-Length: 92
X-Tt-Logid: 20241229140650FE5D88EDE245FBEBFE71
x-tt-trace-host: 018e5a586174a888928d793bdac74b79b56517d7628cf0ffdff56b078ad2cf5615f85a211392a3a10edf271a3cfe7c19739c9d5c12ec264c3a757a9819c11300984863ee780ca3b07286c2d44fd39091b92f27cd5fbc101990e81fafbaa07f52f9ebc5e140aaa33d1c320f2b9759d2a342
x-tt-trace-id: 00-241229140650FE5D88EDE245FBEBFE71-1FDF823B27933D78-00
X-Origin-Response-Time: 65,23.55.100.232
X-Akamai-Request-ID: 956352e8.e6c35a2
Expires: Sun, 29 Dec 2024 14:06:51 GMT
Cache-Control: max-age=0, no-cache, no-store
Pragma: no-cache
Date: Sun, 29 Dec 2024 14:06:51 GMT
X-Cache: TCP_MISS from a95-101-134-92.deploy.akamaitechnologies.com (AkamaiGHost/11.7.2.1-9611f29bef89eba7b18045b10aa2af98) (-)
Connection: close
X-Cache-Remote: TCP_MISS from a23-55-100-232.deploy.akamaitechnologies.com (AkamaiGHost/11.7.2.1-9611f29bef89eba7b18045b10aa2af98) (-)
x-tt-trace-tag: id=16;cdn-cache=miss;type=dyn
Server-Timing: cdn-cache; desc=MISS, edge; dur=81, origin; dur=64
Server-Timing: inner; dur=61
X-Parent-Response-Time: 144,95.101.134.92

{"code": 0, "message": "OK", "request_id": "20241229140650FE5D88EDE245FBEBFE71", "data": {}}
2024-12-29T14:06:55+00:00 DEBUG POST: https://business-api.tiktok.com/open_api/v1.3/event/track/

{"partner_name":"WooCommerce","event_source":"web","event_source_id":"CSM79Q3C77UAG1T340I0","data":[{"event":"Pageview","event_id":"6771577f506d6_tt4b_woocommerce_670666209cf1f","event_time":1735481215,"user":{"ip":"85.17.194.5","user_agent":"Mozilla\/5.0 (Windows NT 10.0; Win64; x64) AppleWebKit\/537.36 (KHTML, like Gecko) Chrome\/131.0.0.0 Safari\/537.36","locale":"ar","external_id":"0","email":"e3b0c44298fc1c149afbf4c8996fb92427ae41e4649b934ca495991b7852b855","phone_number":"e3b0c44298fc1c149afbf4c8996fb92427ae41e4649b934ca495991b7852b855","first_name":"e3b0c44298fc1c149afbf4c8996fb92427ae41e4649b934ca495991b7852b855","last_name":"e3b0c44298fc1c149afbf4c8996fb92427ae41e4649b934ca495991b7852b855","zip_code":"e3b0c44298fc1c149afbf4c8996fb92427ae41e4649b934ca495991b7852b855"},"page":{"url":"http:\/\/ibn-sinaa.com\/"}}]}
 ajax: no
2024-12-29T14:06:55+00:00 DEBUG Tt4b_Mapi_Class::mapi_post: Response: 

HTTP/1.1 200 OK
Server: nginx
Content-Type: application/json
Content-Length: 92
X-Tt-Logid: 202412291406554A2482BCB1A39324F689
Server-Timing: inner; dur=16
x-tt-trace-host: 018e5a586174a888928d793bdac74b79b51a437ee89a1c03eb2011d034a2e3e9f56819e2296efb24c0d63eb329133c00399325c627d4b3f4649d24a05ddf5011fbacdd5c18cf3a65ab7ab16e561fad7ba98e0bf9106844f5154742dffbc3ebc3ce
x-tt-trace-id: 00-2412291406554A2482BCB1A39324F689-2B4176DB0C8CC775-00
Expires: Sun, 29 Dec 2024 14:06:55 GMT
Cache-Control: max-age=0, no-cache, no-store
Pragma: no-cache
Date: Sun, 29 Dec 2024 14:06:55 GMT
X-Cache: TCP_MISS from a95-101-134-92.deploy.akamaitechnologies.com (AkamaiGHost/11.7.2.1-9611f29bef89eba7b18045b10aa2af98) (-)
Connection: close
x-tt-trace-tag: id=16;cdn-cache=miss;type=dyn
Server-Timing: cdn-cache; desc=MISS, edge; dur=1, origin; dur=99
X-Origin-Response-Time: 99,95.101.134.92
X-Akamai-Request-ID: e6c94bc

{"code": 0, "message": "OK", "request_id": "202412291406554A2482BCB1A39324F689", "data": {}}
2024-12-29T14:07:00+00:00 DEBUG POST: https://business-api.tiktok.com/open_api/v1.3/event/track/

{"partner_name":"WooCommerce","event_source":"web","event_source_id":"CSM79Q3C77UAG1T340I0","data":[{"event":"Pageview","event_id":"6771578470ad4_tt4b_woocommerce_670666209cf1f","event_time":1735481220,"user":{"ip":"85.17.194.5","user_agent":"Mozilla\/5.0 (Windows NT 10.0; Win64; x64) AppleWebKit\/537.36 (KHTML, like Gecko) Chrome\/131.0.0.0 Safari\/537.36","locale":"ar","external_id":"0","email":"e3b0c44298fc1c149afbf4c8996fb92427ae41e4649b934ca495991b7852b855","phone_number":"e3b0c44298fc1c149afbf4c8996fb92427ae41e4649b934ca495991b7852b855","first_name":"e3b0c44298fc1c149afbf4c8996fb92427ae41e4649b934ca495991b7852b855","last_name":"e3b0c44298fc1c149afbf4c8996fb92427ae41e4649b934ca495991b7852b855","zip_code":"e3b0c44298fc1c149afbf4c8996fb92427ae41e4649b934ca495991b7852b855"},"page":{"url":"http:\/\/ibn-sinaa.com\/"}}]}
 ajax: no
2024-12-29T14:07:00+00:00 DEBUG Tt4b_Mapi_Class::mapi_post: Response: 

HTTP/1.1 200 OK
Server: nginx
Content-Type: application/json
Content-Length: 92
X-Tt-Logid: 2024122914070057BCDFA050DE69CBC6B6
Server-Timing: inner; dur=32
x-tt-trace-host: 018e5a586174a888928d793bdac74b79b520593bf434961dbceff88e4b17f9a156cd1d16b6048aec1543521d50453b403a02d15b16691aca5d7c9ea0d5b24f55fe44451ad89fd40253672ee54c7535ac0d415d13e8524a4db4371f4936d3a15f87
x-tt-trace-id: 00-24122914070057BCDFA050DE69CBC6B6-4565E35945098082-00
Expires: Sun, 29 Dec 2024 14:07:00 GMT
Cache-Control: max-age=0, no-cache, no-store
Pragma: no-cache
Date: Sun, 29 Dec 2024 14:07:00 GMT
X-Cache: TCP_MISS from a95-101-134-116.deploy.akamaitechnologies.com (AkamaiGHost/11.7.2.1-9611f29bef89eba7b18045b10aa2af98) (-)
Connection: close
x-tt-trace-tag: id=16;cdn-cache=miss;type=dyn
Server-Timing: cdn-cache; desc=MISS, edge; dur=10, origin; dur=116
X-Origin-Response-Time: 116,95.101.134.116
X-Akamai-Request-ID: 29af4663

{"code": 0, "message": "OK", "request_id": "2024122914070057BCDFA050DE69CBC6B6", "data": {}}
2024-12-29T14:07:04+00:00 DEBUG POST: https://business-api.tiktok.com/open_api/v1.3/event/track/

{"partner_name":"WooCommerce","event_source":"web","event_source_id":"CSM79Q3C77UAG1T340I0","data":[{"event":"Pageview","event_id":"67715788a9903_tt4b_woocommerce_670666209cf1f","event_time":1735481224,"user":{"ip":"85.17.194.5","user_agent":"Mozilla\/5.0 (Windows NT 10.0; Win64; x64) AppleWebKit\/537.36 (KHTML, like Gecko) Chrome\/131.0.0.0 Safari\/537.36","locale":"ar","external_id":"0","email":"e3b0c44298fc1c149afbf4c8996fb92427ae41e4649b934ca495991b7852b855","phone_number":"e3b0c44298fc1c149afbf4c8996fb92427ae41e4649b934ca495991b7852b855","first_name":"e3b0c44298fc1c149afbf4c8996fb92427ae41e4649b934ca495991b7852b855","last_name":"e3b0c44298fc1c149afbf4c8996fb92427ae41e4649b934ca495991b7852b855","zip_code":"e3b0c44298fc1c149afbf4c8996fb92427ae41e4649b934ca495991b7852b855"},"page":{"url":"http:\/\/ibn-sinaa.com\/"}}]}
 ajax: no
2024-12-29T14:07:04+00:00 DEBUG Tt4b_Mapi_Class::mapi_post: Response: 

HTTP/1.1 200 OK
Server: nginx
Content-Type: application/json
Content-Length: 92
X-Tt-Logid: 202412291407047704B90BF7E817AE2223
x-tt-trace-host: 018e5a586174a888928d793bdac74b79b519a86797e72c2eba011e03e23beee17d190731afbad5f94270a2ca1b3852a8b727c4566aa32550d531ec0efae6ab927490c9dfd8f568e17b0a8ed0efe8b9f52bb4e025811b7b7515ae7c1b5f5c84dfc8ba13b2429905fc77649e260546507fe7
x-tt-trace-id: 00-2412291407047704B90BF7E817AE2223-2E2D21091390C947-00
X-Origin-Response-Time: 78,23.213.246.239
X-Akamai-Request-ID: f6462e2.29afadda
Expires: Sun, 29 Dec 2024 14:07:04 GMT
Cache-Control: max-age=0, no-cache, no-store
Pragma: no-cache
Date: Sun, 29 Dec 2024 14:07:04 GMT
X-Cache: TCP_MISS from a95-101-134-116.deploy.akamaitechnologies.com (AkamaiGHost/11.7.2.1-9611f29bef89eba7b18045b10aa2af98) (-)
Connection: close
X-Cache-Remote: TCP_MISS from a23-213-246-239.deploy.akamaitechnologies.com (AkamaiGHost/11.7.2.1-9611f29bef89eba7b18045b10aa2af98) (-)
x-tt-trace-tag: id=16;cdn-cache=miss;type=dyn
Server-Timing: cdn-cache; desc=MISS, edge; dur=89, origin; dur=78
Server-Timing: inner; dur=72
X-Parent-Response-Time: 166,95.101.134.116

{"code": 0, "message": "OK", "request_id": "202412291407047704B90BF7E817AE2223", "data": {}}
2024-12-29T14:07:09+00:00 DEBUG POST: https://business-api.tiktok.com/open_api/v1.3/event/track/

{"partner_name":"WooCommerce","event_source":"web","event_source_id":"CSM79Q3C77UAG1T340I0","data":[{"event":"Pageview","event_id":"6771578d32f42_tt4b_woocommerce_670666209cf1f","event_time":1735481229,"user":{"ip":"85.17.194.5","user_agent":"Mozilla\/5.0 (Windows NT 10.0; Win64; x64) AppleWebKit\/537.36 (KHTML, like Gecko) Chrome\/131.0.0.0 Safari\/537.36","locale":"ar","external_id":"0","email":"e3b0c44298fc1c149afbf4c8996fb92427ae41e4649b934ca495991b7852b855","phone_number":"e3b0c44298fc1c149afbf4c8996fb92427ae41e4649b934ca495991b7852b855","first_name":"e3b0c44298fc1c149afbf4c8996fb92427ae41e4649b934ca495991b7852b855","last_name":"e3b0c44298fc1c149afbf4c8996fb92427ae41e4649b934ca495991b7852b855","zip_code":"e3b0c44298fc1c149afbf4c8996fb92427ae41e4649b934ca495991b7852b855"},"page":{"url":"http:\/\/ibn-sinaa.com\/"}}]}
 ajax: no
2024-12-29T14:07:09+00:00 DEBUG Tt4b_Mapi_Class::mapi_post: Response: 

HTTP/1.1 200 OK
Server: nginx
Content-Type: application/json
Content-Length: 92
X-Tt-Logid: 20241229140709E31FAC01AE9480B2AC1F
Server-Timing: inner; dur=224
x-tt-trace-host: 018e5a586174a888928d793bdac74b79b520593bf434961dbceff88e4b17f9a156ffd02928d8fc895d224fac04b5a07ff7446d05ea2d665cb9eb647e092b487b275424226fddbfd82e480bd6e15638d3cb06e6b15f5e7ee4c71f7e7b0af27a9818
x-tt-trace-id: 00-241229140709E31FAC01AE9480B2AC1F-245D5CC36053FC2B-00
Expires: Sun, 29 Dec 2024 14:07:09 GMT
Cache-Control: max-age=0, no-cache, no-store
Pragma: no-cache
Date: Sun, 29 Dec 2024 14:07:09 GMT
X-Cache: TCP_MISS from a95-101-134-116.deploy.akamaitechnologies.com (AkamaiGHost/11.7.2.1-9611f29bef89eba7b18045b10aa2af98) (-)
Connection: close
x-tt-trace-tag: id=16;cdn-cache=miss;type=dyn
Server-Timing: cdn-cache; desc=MISS, edge; dur=0, origin; dur=306
X-Origin-Response-Time: 306,95.101.134.116
X-Akamai-Request-ID: 29b019d6

{"code": 0, "message": "OK", "request_id": "20241229140709E31FAC01AE9480B2AC1F", "data": {}}
2024-12-29T14:07:14+00:00 DEBUG POST: https://business-api.tiktok.com/open_api/v1.3/event/track/

{"partner_name":"WooCommerce","event_source":"web","event_source_id":"CSM79Q3C77UAG1T340I0","data":[{"event":"Pageview","event_id":"67715792b3802_tt4b_woocommerce_670666209cf1f","event_time":1735481234,"user":{"ip":"85.17.194.5","user_agent":"Mozilla\/5.0 (Windows NT 10.0; Win64; x64) AppleWebKit\/537.36 (KHTML, like Gecko) Chrome\/131.0.0.0 Safari\/537.36","locale":"ar","external_id":"0","email":"e3b0c44298fc1c149afbf4c8996fb92427ae41e4649b934ca495991b7852b855","phone_number":"e3b0c44298fc1c149afbf4c8996fb92427ae41e4649b934ca495991b7852b855","first_name":"e3b0c44298fc1c149afbf4c8996fb92427ae41e4649b934ca495991b7852b855","last_name":"e3b0c44298fc1c149afbf4c8996fb92427ae41e4649b934ca495991b7852b855","zip_code":"e3b0c44298fc1c149afbf4c8996fb92427ae41e4649b934ca495991b7852b855"},"page":{"url":"http:\/\/ibn-sinaa.com\/"}}]}
 ajax: no
2024-12-29T14:07:14+00:00 DEBUG Tt4b_Mapi_Class::mapi_post: Response: 

HTTP/1.1 200 OK
Server: nginx
Content-Type: application/json
Content-Length: 92
X-Tt-Logid: 2024122914071402028E35260531AF443C
Server-Timing: inner; dur=26
x-tt-trace-host: 018e5a586174a888928d793bdac74b79b520593bf434961dbceff88e4b17f9a15697b1772bda102e3d619fe5e7c743072bb77bec512c894039056472a923362d99053076f6126dfbe6ad15d9ae8e067ce3b19d2537726543af885497a67b44b2ec
x-tt-trace-id: 00-24122914071402028E35260531AF443C-4278CADD6D23D770-00
Expires: Sun, 29 Dec 2024 14:07:14 GMT
Cache-Control: max-age=0, no-cache, no-store
Pragma: no-cache
Date: Sun, 29 Dec 2024 14:07:14 GMT
X-Cache: TCP_MISS from a95-101-134-116.deploy.akamaitechnologies.com (AkamaiGHost/11.7.2.1-9611f29bef89eba7b18045b10aa2af98) (-)
Connection: close
x-tt-trace-tag: id=16;cdn-cache=miss;type=dyn
Server-Timing: cdn-cache; desc=MISS, edge; dur=2, origin; dur=109
X-Origin-Response-Time: 109,95.101.134.116
X-Akamai-Request-ID: 29b09cfe

{"code": 0, "message": "OK", "request_id": "2024122914071402028E35260531AF443C", "data": {}}
2024-12-29T14:07:18+00:00 DEBUG POST: https://business-api.tiktok.com/open_api/v1.3/event/track/

{"partner_name":"WooCommerce","event_source":"web","event_source_id":"CSM79Q3C77UAG1T340I0","data":[{"event":"Pageview","event_id":"67715796efb1c_tt4b_woocommerce_670666209cf1f","event_time":1735481238,"user":{"ip":"85.17.194.5","user_agent":"Mozilla\/5.0 (Windows NT 10.0; Win64; x64) AppleWebKit\/537.36 (KHTML, like Gecko) Chrome\/131.0.0.0 Safari\/537.36","locale":"ar","external_id":"0","email":"e3b0c44298fc1c149afbf4c8996fb92427ae41e4649b934ca495991b7852b855","phone_number":"e3b0c44298fc1c149afbf4c8996fb92427ae41e4649b934ca495991b7852b855","first_name":"e3b0c44298fc1c149afbf4c8996fb92427ae41e4649b934ca495991b7852b855","last_name":"e3b0c44298fc1c149afbf4c8996fb92427ae41e4649b934ca495991b7852b855","zip_code":"e3b0c44298fc1c149afbf4c8996fb92427ae41e4649b934ca495991b7852b855"},"page":{"url":"http:\/\/ibn-sinaa.com\/"}}]}
 ajax: no
2024-12-29T14:07:19+00:00 DEBUG Tt4b_Mapi_Class::mapi_post: Response: 

HTTP/1.1 200 OK
Server: nginx
Content-Type: application/json
Content-Length: 92
X-Tt-Logid: 20241229140719BBA5601BF849A91267F6
Server-Timing: inner; dur=23
x-tt-trace-host: 018e5a586174a888928d793bdac74b79b520593bf434961dbceff88e4b17f9a1565238e8f27831edb35d7e43f0e8c20d328f4898e74139000437cc058e8ee49241e770dc74b47df3adc684041a7c4207d6b74c37924a352208fe0b942fe3d728d2
x-tt-trace-id: 00-241229140719BBA5601BF849A91267F6-3AAA5A121028C3B2-00
Expires: Sun, 29 Dec 2024 14:07:19 GMT
Cache-Control: max-age=0, no-cache, no-store
Pragma: no-cache
Date: Sun, 29 Dec 2024 14:07:19 GMT
X-Cache: TCP_MISS from a95-101-134-116.deploy.akamaitechnologies.com (AkamaiGHost/11.7.2.1-9611f29bef89eba7b18045b10aa2af98) (-)
Connection: close
x-tt-trace-tag: id=16;cdn-cache=miss;type=dyn
Server-Timing: cdn-cache; desc=MISS, edge; dur=1, origin; dur=106
X-Origin-Response-Time: 106,95.101.134.116
X-Akamai-Request-ID: 29b10086

{"code": 0, "message": "OK", "request_id": "20241229140719BBA5601BF849A91267F6", "data": {}}
2024-12-29T14:07:23+00:00 DEBUG POST: https://business-api.tiktok.com/open_api/v1.3/event/track/

{"partner_name":"WooCommerce","event_source":"web","event_source_id":"CSM79Q3C77UAG1T340I0","data":[{"event":"Pageview","event_id":"6771579b3d9ea_tt4b_woocommerce_670666209cf1f","event_time":1735481243,"user":{"ip":"85.17.194.5","user_agent":"Mozilla\/5.0 (Windows NT 10.0; Win64; x64) AppleWebKit\/537.36 (KHTML, like Gecko) Chrome\/131.0.0.0 Safari\/537.36","locale":"ar","external_id":"0","email":"e3b0c44298fc1c149afbf4c8996fb92427ae41e4649b934ca495991b7852b855","phone_number":"e3b0c44298fc1c149afbf4c8996fb92427ae41e4649b934ca495991b7852b855","first_name":"e3b0c44298fc1c149afbf4c8996fb92427ae41e4649b934ca495991b7852b855","last_name":"e3b0c44298fc1c149afbf4c8996fb92427ae41e4649b934ca495991b7852b855","zip_code":"e3b0c44298fc1c149afbf4c8996fb92427ae41e4649b934ca495991b7852b855"},"page":{"url":"http:\/\/ibn-sinaa.com\/"}}]}
 ajax: no
2024-12-29T14:07:23+00:00 DEBUG Tt4b_Mapi_Class::mapi_post: Response: 

HTTP/1.1 200 OK
Server: nginx
Content-Type: application/json
Content-Length: 92
X-Tt-Logid: 202412291407235CC3E70B976DDE3E7BEE
x-tt-trace-host: 018e5a586174a888928d793bdac74b79b56517d7628cf0ffdff56b078ad2cf5615508c5b9cba575638c525f6e303dd842f84ccf7398fe5a2a6e30fadcf28cf89cc220b004e943ff715497dbe35baad81c6d21d23ce883df9dfd6ddb816b2fc8911d7e698620318c366a234dea06fee31ba
x-tt-trace-id: 00-2412291407235CC3E70B976DDE3E7BEE-2091CD8A7F864E61-00
X-Origin-Response-Time: 24,23.218.219.18
X-Akamai-Request-ID: 49d48c3d.e6ef8d2
Expires: Sun, 29 Dec 2024 14:07:23 GMT
Cache-Control: max-age=0, no-cache, no-store
Pragma: no-cache
Date: Sun, 29 Dec 2024 14:07:23 GMT
X-Cache: TCP_MISS from a95-101-134-92.deploy.akamaitechnologies.com (AkamaiGHost/11.7.2.1-9611f29bef89eba7b18045b10aa2af98) (-)
Connection: close
X-Cache-Remote: TCP_MISS from a23-218-219-18.deploy.akamaitechnologies.com (AkamaiGHost/11.7.2.1-9611f29bef89eba7b18045b10aa2af98) (-)
x-tt-trace-tag: id=16;cdn-cache=miss;type=dyn
Server-Timing: cdn-cache; desc=MISS, edge; dur=81, origin; dur=24
Server-Timing: inner; dur=18
X-Parent-Response-Time: 105,95.101.134.92

{"code": 0, "message": "OK", "request_id": "202412291407235CC3E70B976DDE3E7BEE", "data": {}}
2024-12-29T14:07:27+00:00 DEBUG POST: https://business-api.tiktok.com/open_api/v1.3/event/track/

{"partner_name":"WooCommerce","event_source":"web","event_source_id":"CSM79Q3C77UAG1T340I0","data":[{"event":"Pageview","event_id":"6771579f7210d_tt4b_woocommerce_670666209cf1f","event_time":1735481247,"user":{"ip":"85.17.194.5","user_agent":"Mozilla\/5.0 (Windows NT 10.0; Win64; x64) AppleWebKit\/537.36 (KHTML, like Gecko) Chrome\/131.0.0.0 Safari\/537.36","locale":"ar","external_id":"0","email":"e3b0c44298fc1c149afbf4c8996fb92427ae41e4649b934ca495991b7852b855","phone_number":"e3b0c44298fc1c149afbf4c8996fb92427ae41e4649b934ca495991b7852b855","first_name":"e3b0c44298fc1c149afbf4c8996fb92427ae41e4649b934ca495991b7852b855","last_name":"e3b0c44298fc1c149afbf4c8996fb92427ae41e4649b934ca495991b7852b855","zip_code":"e3b0c44298fc1c149afbf4c8996fb92427ae41e4649b934ca495991b7852b855"},"page":{"url":"http:\/\/ibn-sinaa.com\/"}}]}
 ajax: no
2024-12-29T14:07:27+00:00 DEBUG Tt4b_Mapi_Class::mapi_post: Response: 

HTTP/1.1 200 OK
Server: nginx
Content-Type: application/json
Content-Length: 92
X-Tt-Logid: 202412291407272FF9F39F17D0E9092C7D
x-tt-trace-host: 018e5a586174a888928d793bdac74b79b56517d7628cf0ffdff56b078ad2cf56159e029f8b00bf02612827b4ef8d4bb0b90de9800f168314aa2f119da512a27ac0d289ca49dc7743e198345ffea8b43c5d2d83a5167375e1fa6816153ec8cd06971395dac2f35b06b5a9fb2d4b4ffcd07e
x-tt-trace-id: 00-2412291407272FF9F39F17D0E9092C7D-60747A6084836CAC-00
X-Origin-Response-Time: 25,23.218.219.60
X-Akamai-Request-ID: 63f552c2.e6f56be
Expires: Sun, 29 Dec 2024 14:07:27 GMT
Cache-Control: max-age=0, no-cache, no-store
Pragma: no-cache
Date: Sun, 29 Dec 2024 14:07:27 GMT
X-Cache: TCP_MISS from a95-101-134-92.deploy.akamaitechnologies.com (AkamaiGHost/11.7.2.1-9611f29bef89eba7b18045b10aa2af98) (-)
Connection: close
X-Cache-Remote: TCP_MISS from a23-218-219-60.deploy.akamaitechnologies.com (AkamaiGHost/11.7.2.1-9611f29bef89eba7b18045b10aa2af98) (-)
x-tt-trace-tag: id=16;cdn-cache=miss;type=dyn
Server-Timing: cdn-cache; desc=MISS, edge; dur=83, origin; dur=24
Server-Timing: inner; dur=22
X-Parent-Response-Time: 106,95.101.134.92

{"code": 0, "message": "OK", "request_id": "202412291407272FF9F39F17D0E9092C7D", "data": {}}
2024-12-29T14:07:31+00:00 DEBUG POST: https://business-api.tiktok.com/open_api/v1.3/event/track/

{"partner_name":"WooCommerce","event_source":"web","event_source_id":"CSM79Q3C77UAG1T340I0","data":[{"event":"Pageview","event_id":"677157a3b3716_tt4b_woocommerce_670666209cf1f","event_time":1735481251,"user":{"ip":"85.17.194.5","user_agent":"Mozilla\/5.0 (Windows NT 10.0; Win64; x64) AppleWebKit\/537.36 (KHTML, like Gecko) Chrome\/131.0.0.0 Safari\/537.36","locale":"ar","external_id":"0","email":"e3b0c44298fc1c149afbf4c8996fb92427ae41e4649b934ca495991b7852b855","phone_number":"e3b0c44298fc1c149afbf4c8996fb92427ae41e4649b934ca495991b7852b855","first_name":"e3b0c44298fc1c149afbf4c8996fb92427ae41e4649b934ca495991b7852b855","last_name":"e3b0c44298fc1c149afbf4c8996fb92427ae41e4649b934ca495991b7852b855","zip_code":"e3b0c44298fc1c149afbf4c8996fb92427ae41e4649b934ca495991b7852b855"},"page":{"url":"http:\/\/ibn-sinaa.com\/"}}]}
 ajax: no
2024-12-29T14:07:31+00:00 DEBUG Tt4b_Mapi_Class::mapi_post: Response: 

HTTP/1.1 200 OK
Server: nginx
Content-Type: application/json
Content-Length: 92
X-Tt-Logid: 2024122914073191BFEAE657E0FAAE025A
x-tt-trace-host: 018e5a586174a888928d793bdac74b79b56517d7628cf0ffdff56b078ad2cf561505638c6d29d48c99a6b1bdeb05d9a5c2327668c28d509b1095bb4404c97e412a863f8f12624e1a750f0a3dbc03151004f44d40848c695e11cb057d8fdd603cc8647f2898aa302e1e48fb5f28a18b63f6
x-tt-trace-id: 00-24122914073191BFEAE657E0FAAE025A-197F329356973081-00
X-Origin-Response-Time: 30,23.218.219.56
X-Akamai-Request-ID: 4e7d6da0.e6fb450
Expires: Sun, 29 Dec 2024 14:07:31 GMT
Cache-Control: max-age=0, no-cache, no-store
Pragma: no-cache
Date: Sun, 29 Dec 2024 14:07:31 GMT
X-Cache: TCP_MISS from a95-101-134-92.deploy.akamaitechnologies.com (AkamaiGHost/11.7.2.1-9611f29bef89eba7b18045b10aa2af98) (-)
Connection: close
X-Cache-Remote: TCP_MISS from a23-218-219-56.deploy.akamaitechnologies.com (AkamaiGHost/11.7.2.1-9611f29bef89eba7b18045b10aa2af98) (-)
x-tt-trace-tag: id=16;cdn-cache=miss;type=dyn
Server-Timing: cdn-cache; desc=MISS, edge; dur=80, origin; dur=30
Server-Timing: inner; dur=24
X-Parent-Response-Time: 110,95.101.134.92

{"code": 0, "message": "OK", "request_id": "2024122914073191BFEAE657E0FAAE025A", "data": {}}
2024-12-29T14:07:36+00:00 DEBUG POST: https://business-api.tiktok.com/open_api/v1.3/event/track/

{"partner_name":"WooCommerce","event_source":"web","event_source_id":"CSM79Q3C77UAG1T340I0","data":[{"event":"Pageview","event_id":"677157a805768_tt4b_woocommerce_670666209cf1f","event_time":1735481256,"user":{"ip":"85.17.194.5","user_agent":"Mozilla\/5.0 (Windows NT 10.0; Win64; x64) AppleWebKit\/537.36 (KHTML, like Gecko) Chrome\/131.0.0.0 Safari\/537.36","locale":"ar","external_id":"0","email":"e3b0c44298fc1c149afbf4c8996fb92427ae41e4649b934ca495991b7852b855","phone_number":"e3b0c44298fc1c149afbf4c8996fb92427ae41e4649b934ca495991b7852b855","first_name":"e3b0c44298fc1c149afbf4c8996fb92427ae41e4649b934ca495991b7852b855","last_name":"e3b0c44298fc1c149afbf4c8996fb92427ae41e4649b934ca495991b7852b855","zip_code":"e3b0c44298fc1c149afbf4c8996fb92427ae41e4649b934ca495991b7852b855"},"page":{"url":"http:\/\/ibn-sinaa.com\/"}}]}
 ajax: no
2024-12-29T14:07:36+00:00 DEBUG Tt4b_Mapi_Class::mapi_post: Response: 

HTTP/1.1 200 OK
Server: nginx
Content-Type: application/json
Content-Length: 92
X-Tt-Logid: 20241229140736B9A3DD749F48862721B1
x-tt-trace-host: 018e5a586174a888928d793bdac74b79b56517d7628cf0ffdff56b078ad2cf5615ddd5f71ea8921c750adfcc80749fccb489fdd6736af84a72dfe017c3ad0e0fb90de85fc37df667148af264db12f38b8877c82f374cc29fbeea599c8a5cb8bb42e42cf922a1c26d1274bec2be4bde1f2d
x-tt-trace-id: 00-241229140736B9A3DD749F48862721B1-5BC668B43C94F189-00
X-Origin-Response-Time: 26,23.218.219.58
X-Akamai-Request-ID: 6d1fba.e70138b
Expires: Sun, 29 Dec 2024 14:07:36 GMT
Cache-Control: max-age=0, no-cache, no-store
Pragma: no-cache
Date: Sun, 29 Dec 2024 14:07:36 GMT
X-Cache: TCP_MISS from a95-101-134-92.deploy.akamaitechnologies.com (AkamaiGHost/11.7.2.1-9611f29bef89eba7b18045b10aa2af98) (-)
Connection: close
X-Cache-Remote: TCP_MISS from a23-218-219-58.deploy.akamaitechnologies.com (AkamaiGHost/11.7.2.1-9611f29bef89eba7b18045b10aa2af98) (-)
x-tt-trace-tag: id=16;cdn-cache=miss;type=dyn
Server-Timing: cdn-cache; desc=MISS, edge; dur=81, origin; dur=25
Server-Timing: inner; dur=22
X-Parent-Response-Time: 105,95.101.134.92

{"code": 0, "message": "OK", "request_id": "20241229140736B9A3DD749F48862721B1", "data": {}}
2024-12-29T14:07:44+00:00 DEBUG POST: https://business-api.tiktok.com/open_api/v1.3/event/track/

{"partner_name":"WooCommerce","event_source":"web","event_source_id":"CSM79Q3C77UAG1T340I0","data":[{"event":"Pageview","event_id":"677157b0a8cba_tt4b_woocommerce_670666209cf1f","event_time":1735481264,"user":{"ip":"85.17.194.5","user_agent":"Mozilla\/5.0 (Windows NT 10.0; Win64; x64) AppleWebKit\/537.36 (KHTML, like Gecko) Chrome\/131.0.0.0 Safari\/537.36","locale":"ar","external_id":"0","ttp":"xLtx8NLe22XyqbD29nYmxlJoHng.tt.1","email":"e3b0c44298fc1c149afbf4c8996fb92427ae41e4649b934ca495991b7852b855","phone_number":"e3b0c44298fc1c149afbf4c8996fb92427ae41e4649b934ca495991b7852b855","first_name":"e3b0c44298fc1c149afbf4c8996fb92427ae41e4649b934ca495991b7852b855","last_name":"e3b0c44298fc1c149afbf4c8996fb92427ae41e4649b934ca495991b7852b855","zip_code":"e3b0c44298fc1c149afbf4c8996fb92427ae41e4649b934ca495991b7852b855"},"page":{"url":"http:\/\/www.ibn-sinaa.com\/"}}]}
 ajax: no
2024-12-29T14:07:44+00:00 DEBUG POST: https://business-api.tiktok.com/open_api/v1.3/event/track/

{"partner_name":"WooCommerce","event_source":"web","event_source_id":"CSM79Q3C77UAG1T340I0","data":[{"event":"Pageview","event_id":"677157b0c7d9b_tt4b_woocommerce_670666209cf1f","event_time":1735481264,"user":{"ip":"85.17.194.5","user_agent":"Mozilla\/5.0 (Windows NT 10.0; Win64; x64) AppleWebKit\/537.36 (KHTML, like Gecko) Chrome\/131.0.0.0 Safari\/537.36","locale":"ar","external_id":"0","email":"e3b0c44298fc1c149afbf4c8996fb92427ae41e4649b934ca495991b7852b855","phone_number":"e3b0c44298fc1c149afbf4c8996fb92427ae41e4649b934ca495991b7852b855","first_name":"e3b0c44298fc1c149afbf4c8996fb92427ae41e4649b934ca495991b7852b855","last_name":"e3b0c44298fc1c149afbf4c8996fb92427ae41e4649b934ca495991b7852b855","zip_code":"e3b0c44298fc1c149afbf4c8996fb92427ae41e4649b934ca495991b7852b855"},"page":{"url":"http:\/\/www.ibn-sinaa.com\/"}}]}
 ajax: no
2024-12-29T14:07:44+00:00 DEBUG Tt4b_Mapi_Class::mapi_post: Response: 

HTTP/1.1 200 OK
Server: nginx
Content-Type: application/json
Content-Length: 92
X-Tt-Logid: 20241229140744EC2CB18F43087AB36FDF
x-tt-trace-host: 018e5a586174a888928d793bdac74b79b56517d7628cf0ffdff56b078ad2cf56151c0dc832fe7aca1087c30caeb1d7714b3dbc0e8b51c075dd8b4342bd06c18927aed091e1560aea8602f39d9403cc168d5d26561ccf59d6f0a7892df3916b78e84df9d0e9ba353976d27ac28a86f57ebc
x-tt-trace-id: 00-241229140744EC2CB18F43087AB36FDF-3BDF878789685823-00
X-Origin-Response-Time: 27,23.213.246.228
X-Akamai-Request-ID: 79918f2c.e70d060
Expires: Sun, 29 Dec 2024 14:07:44 GMT
Cache-Control: max-age=0, no-cache, no-store
Pragma: no-cache
Date: Sun, 29 Dec 2024 14:07:44 GMT
X-Cache: TCP_MISS from a95-101-134-92.deploy.akamaitechnologies.com (AkamaiGHost/11.7.2.1-9611f29bef89eba7b18045b10aa2af98) (-)
Connection: close
X-Cache-Remote: TCP_MISS from a23-213-246-228.deploy.akamaitechnologies.com (AkamaiGHost/11.7.2.1-9611f29bef89eba7b18045b10aa2af98) (-)
x-tt-trace-tag: id=16;cdn-cache=miss;type=dyn
Server-Timing: cdn-cache; desc=MISS, edge; dur=82, origin; dur=27
Server-Timing: inner; dur=24
X-Parent-Response-Time: 109,95.101.134.92

{"code": 0, "message": "OK", "request_id": "20241229140744EC2CB18F43087AB36FDF", "data": {}}
2024-12-29T14:07:44+00:00 DEBUG Tt4b_Mapi_Class::mapi_post: Response: 

HTTP/1.1 200 OK
Server: nginx
Content-Type: application/json
Content-Length: 92
X-Tt-Logid: 2024122914074474DB7AD7389FAE2EA09B
x-tt-trace-host: 018e5a586174a888928d793bdac74b79b56517d7628cf0ffdff56b078ad2cf5615ddd5f71ea8921c750adfcc80749fccb4fc63941726bdc25ce8f89e0c1eeea321220eb8deae565e8ce24c17af08ed674ef34e2eb97ecf40daa8ef9cc9e205e83687602194c62cae273507e9c91d6d076e
x-tt-trace-id: 00-24122914074474DB7AD7389FAE2EA09B-1AB2EEDB1B3981F3-00
X-Origin-Response-Time: 37,23.218.219.58
X-Akamai-Request-ID: 6d7f09.e70d2bf
Expires: Sun, 29 Dec 2024 14:07:44 GMT
Cache-Control: max-age=0, no-cache, no-store
Pragma: no-cache
Date: Sun, 29 Dec 2024 14:07:44 GMT
X-Cache: TCP_MISS from a95-101-134-92.deploy.akamaitechnologies.com (AkamaiGHost/11.7.2.1-9611f29bef89eba7b18045b10aa2af98) (-)
Connection: close
X-Cache-Remote: TCP_MISS from a23-218-219-58.deploy.akamaitechnologies.com (AkamaiGHost/11.7.2.1-9611f29bef89eba7b18045b10aa2af98) (-)
x-tt-trace-tag: id=16;cdn-cache=miss;type=dyn
Server-Timing: cdn-cache; desc=MISS, edge; dur=83, origin; dur=37
Server-Timing: inner; dur=34
X-Parent-Response-Time: 119,95.101.134.92

{"code": 0, "message": "OK", "request_id": "2024122914074474DB7AD7389FAE2EA09B", "data": {}}
2024-12-29T14:07:51+00:00 DEBUG POST: https://business-api.tiktok.com/open_api/v1.3/event/track/

{"partner_name":"WooCommerce","event_source":"web","event_source_id":"CSM79Q3C77UAG1T340I0","data":[{"event":"Pageview","event_id":"677157b7b3ff9_tt4b_woocommerce_670666209cf1f","event_time":1735481271,"user":{"ip":"85.17.194.5","user_agent":"Mozilla\/5.0 (Windows NT 10.0; Win64; x64) AppleWebKit\/537.36 (KHTML, like Gecko) Chrome\/131.0.0.0 Safari\/537.36","locale":"ar","external_id":"0","ttp":"xLtx8NLe22XyqbD29nYmxlJoHng.tt.1","email":"e3b0c44298fc1c149afbf4c8996fb92427ae41e4649b934ca495991b7852b855","phone_number":"e3b0c44298fc1c149afbf4c8996fb92427ae41e4649b934ca495991b7852b855","first_name":"e3b0c44298fc1c149afbf4c8996fb92427ae41e4649b934ca495991b7852b855","last_name":"e3b0c44298fc1c149afbf4c8996fb92427ae41e4649b934ca495991b7852b855","zip_code":"e3b0c44298fc1c149afbf4c8996fb92427ae41e4649b934ca495991b7852b855"},"page":{"url":"http:\/\/www.ibn-sinaa.com\/"}}]}
 ajax: no
2024-12-29T14:07:51+00:00 DEBUG Tt4b_Mapi_Class::mapi_post: Response: 

HTTP/1.1 200 OK
Server: nginx
Content-Type: application/json
Content-Length: 92
X-Tt-Logid: 20241229140751AD471DDAE13FEB73BF21
x-tt-trace-host: 018e5a586174a888928d793bdac74b79b56517d7628cf0ffdff56b078ad2cf561576c4034cffab1f6f77e23fdb8e38114f3f2bb1421d4d730497c202f9d2a0b1916238329fe76b3773613f29c48bfbd95c6bdc90282e7187f6ad66459ae1bf4bd8d5f857762c37993fbba54cfa30400d3e
x-tt-trace-id: 00-241229140751AD471DDAE13FEB73BF21-2CB23D92571B469E-00
X-Origin-Response-Time: 30,23.218.219.24
X-Akamai-Request-ID: 317cbb69.e7167b1
Expires: Sun, 29 Dec 2024 14:07:51 GMT
Cache-Control: max-age=0, no-cache, no-store
Pragma: no-cache
Date: Sun, 29 Dec 2024 14:07:51 GMT
X-Cache: TCP_MISS from a95-101-134-92.deploy.akamaitechnologies.com (AkamaiGHost/11.7.2.1-9611f29bef89eba7b18045b10aa2af98) (-)
Connection: close
X-Cache-Remote: TCP_MISS from a23-218-219-24.deploy.akamaitechnologies.com (AkamaiGHost/11.7.2.1-9611f29bef89eba7b18045b10aa2af98) (-)
x-tt-trace-tag: id=16;cdn-cache=miss;type=dyn
Server-Timing: cdn-cache; desc=MISS, edge; dur=80, origin; dur=30
Server-Timing: inner; dur=26
X-Parent-Response-Time: 110,95.101.134.92

{"code": 0, "message": "OK", "request_id": "20241229140751AD471DDAE13FEB73BF21", "data": {}}
2024-12-29T14:07:52+00:00 DEBUG POST: https://business-api.tiktok.com/open_api/v1.3/event/track/

{"partner_name":"WooCommerce","event_source":"web","event_source_id":"CSM79Q3C77UAG1T340I0","data":[{"event":"Pageview","event_id":"677157b80dd0c_tt4b_woocommerce_670666209cf1f","event_time":1735481272,"user":{"ip":"85.17.194.5","user_agent":"Mozilla\/5.0 (Windows NT 10.0; Win64; x64) AppleWebKit\/537.36 (KHTML, like Gecko) Chrome\/131.0.0.0 Safari\/537.36","locale":"ar","external_id":"0","email":"e3b0c44298fc1c149afbf4c8996fb92427ae41e4649b934ca495991b7852b855","phone_number":"e3b0c44298fc1c149afbf4c8996fb92427ae41e4649b934ca495991b7852b855","first_name":"e3b0c44298fc1c149afbf4c8996fb92427ae41e4649b934ca495991b7852b855","last_name":"e3b0c44298fc1c149afbf4c8996fb92427ae41e4649b934ca495991b7852b855","zip_code":"e3b0c44298fc1c149afbf4c8996fb92427ae41e4649b934ca495991b7852b855"},"page":{"url":"http:\/\/www.ibn-sinaa.com\/"}}]}
 ajax: no
2024-12-29T14:07:52+00:00 DEBUG Tt4b_Mapi_Class::mapi_post: Response: 

HTTP/1.1 200 OK
Server: nginx
Content-Type: application/json
Content-Length: 92
X-Tt-Logid: 202412291407527F15EA863FE28DCBE3C9
Server-Timing: inner; dur=20
x-tt-trace-host: 018e5a586174a888928d793bdac74b79b520593bf434961dbceff88e4b17f9a1564de374c1303799daf3f509557834ab78978196d173c3a29e332910ab64d645658228a1623816c98aca6a0db5b58d7af2a4676121616bbe4c2020e83b91b51bfa
x-tt-trace-id: 00-2412291407527F15EA863FE28DCBE3C9-537F8B8A12C91768-00
Expires: Sun, 29 Dec 2024 14:07:52 GMT
Cache-Control: max-age=0, no-cache, no-store
Pragma: no-cache
Date: Sun, 29 Dec 2024 14:07:52 GMT
X-Cache: TCP_MISS from a95-101-134-116.deploy.akamaitechnologies.com (AkamaiGHost/11.7.2.1-9611f29bef89eba7b18045b10aa2af98) (-)
Connection: close
x-tt-trace-tag: id=16;cdn-cache=miss;type=dyn
Server-Timing: cdn-cache; desc=MISS, edge; dur=0, origin; dur=105
X-Origin-Response-Time: 105,95.101.134.116
X-Akamai-Request-ID: 29b4247f

{"code": 0, "message": "OK", "request_id": "202412291407527F15EA863FE28DCBE3C9", "data": {}}
2024-12-29T14:07:57+00:00 DEBUG POST: https://business-api.tiktok.com/open_api/v1.3/event/track/

{"partner_name":"WooCommerce","event_source":"web","event_source_id":"CSM79Q3C77UAG1T340I0","data":[{"event":"Pageview","event_id":"677157bd1cdd7_tt4b_woocommerce_670666209cf1f","event_time":1735481277,"user":{"ip":"85.17.194.5","user_agent":"Mozilla\/5.0 (Windows NT 10.0; Win64; x64) AppleWebKit\/537.36 (KHTML, like Gecko) Chrome\/131.0.0.0 Safari\/537.36","locale":"ar","external_id":"0","email":"e3b0c44298fc1c149afbf4c8996fb92427ae41e4649b934ca495991b7852b855","phone_number":"e3b0c44298fc1c149afbf4c8996fb92427ae41e4649b934ca495991b7852b855","first_name":"e3b0c44298fc1c149afbf4c8996fb92427ae41e4649b934ca495991b7852b855","last_name":"e3b0c44298fc1c149afbf4c8996fb92427ae41e4649b934ca495991b7852b855","zip_code":"e3b0c44298fc1c149afbf4c8996fb92427ae41e4649b934ca495991b7852b855"},"page":{"url":"http:\/\/www.ibn-sinaa.com\/"}}]}
 ajax: no
2024-12-29T14:07:57+00:00 DEBUG Tt4b_Mapi_Class::mapi_post: Response: 

HTTP/1.1 200 OK
Server: nginx
Content-Type: application/json
Content-Length: 92
X-Tt-Logid: 20241229140757AA8C81C412A847FDF7F6
x-tt-trace-host: 018e5a586174a888928d793bdac74b79b519a86797e72c2eba011e03e23beee17dde4fddab5785245e6741e234a8e483f716c94903957120c233d3f7c8d77b64c6c389b392f148c9aa5a417d0d5f999270da7febd6e21d98edf6608be218d38f95eca62be078fd9e061f841beb65922bf3
x-tt-trace-id: 00-241229140757AA8C81C412A847FDF7F6-4AE1C7DF2A3717A2-00
X-Origin-Response-Time: 51,23.213.246.241
X-Akamai-Request-ID: dc53c18c.29b49f18
Expires: Sun, 29 Dec 2024 14:07:57 GMT
Cache-Control: max-age=0, no-cache, no-store
Pragma: no-cache
Date: Sun, 29 Dec 2024 14:07:57 GMT
X-Cache: TCP_MISS from a95-101-134-116.deploy.akamaitechnologies.com (AkamaiGHost/11.7.2.1-9611f29bef89eba7b18045b10aa2af98) (-)
Connection: close
X-Cache-Remote: TCP_MISS from a23-213-246-241.deploy.akamaitechnologies.com (AkamaiGHost/11.7.2.1-9611f29bef89eba7b18045b10aa2af98) (-)
x-tt-trace-tag: id=16;cdn-cache=miss;type=dyn
Server-Timing: cdn-cache; desc=MISS, edge; dur=126, origin; dur=51
Server-Timing: inner; dur=26
X-Parent-Response-Time: 176,95.101.134.116

{"code": 0, "message": "OK", "request_id": "20241229140757AA8C81C412A847FDF7F6", "data": {}}
2024-12-29T14:08:01+00:00 DEBUG POST: https://business-api.tiktok.com/open_api/v1.3/event/track/

{"partner_name":"WooCommerce","event_source":"web","event_source_id":"CSM79Q3C77UAG1T340I0","data":[{"event":"Pageview","event_id":"677157c120941_tt4b_woocommerce_670666209cf1f","event_time":1735481281,"user":{"ip":"85.17.194.5","user_agent":"Mozilla\/5.0 (Windows NT 10.0; Win64; x64) AppleWebKit\/537.36 (KHTML, like Gecko) Chrome\/131.0.0.0 Safari\/537.36","locale":"ar","external_id":"0","ttp":"xLtx8NLe22XyqbD29nYmxlJoHng.tt.1","email":"e3b0c44298fc1c149afbf4c8996fb92427ae41e4649b934ca495991b7852b855","phone_number":"e3b0c44298fc1c149afbf4c8996fb92427ae41e4649b934ca495991b7852b855","first_name":"e3b0c44298fc1c149afbf4c8996fb92427ae41e4649b934ca495991b7852b855","last_name":"e3b0c44298fc1c149afbf4c8996fb92427ae41e4649b934ca495991b7852b855","zip_code":"e3b0c44298fc1c149afbf4c8996fb92427ae41e4649b934ca495991b7852b855"},"page":{"url":"http:\/\/www.ibn-sinaa.com\/product-category\/school-and-student-printing\/","referrer":"https:\/\/www.ibn-sinaa.com\/"}}]}
 ajax: no
2024-12-29T14:08:01+00:00 DEBUG Tt4b_Mapi_Class::mapi_post: Response: 

HTTP/1.1 200 OK
Server: nginx
Content-Type: application/json
Content-Length: 92
X-Tt-Logid: 202412291408016313B30706F8FFE00927
Server-Timing: inner; dur=33
x-tt-trace-host: 018e5a586174a888928d793bdac74b79b51a437ee89a1c03eb2011d034a2e3e9f5aedc5cffedf6e5bfe762d0f31a5aa69ff28b3af438630a95adac182e7e9f7a89fa4478a5928a64f4c24c5fb9fa6ff459cff3ac17c58833173a2ec19c26f3462a
x-tt-trace-id: 00-2412291408016313B30706F8FFE00927-5B9BB4CE3762F190-00
Expires: Sun, 29 Dec 2024 14:08:01 GMT
Cache-Control: max-age=0, no-cache, no-store
Pragma: no-cache
Date: Sun, 29 Dec 2024 14:08:01 GMT
X-Cache: TCP_MISS from a95-101-134-92.deploy.akamaitechnologies.com (AkamaiGHost/11.7.2.1-9611f29bef89eba7b18045b10aa2af98) (-)
Connection: close
x-tt-trace-tag: id=16;cdn-cache=miss;type=dyn
Server-Timing: cdn-cache; desc=MISS, edge; dur=2, origin; dur=115
X-Origin-Response-Time: 116,95.101.134.92
X-Akamai-Request-ID: e7232c7

{"code": 0, "message": "OK", "request_id": "202412291408016313B30706F8FFE00927", "data": {}}
2024-12-29T14:08:02+00:00 DEBUG POST: https://business-api.tiktok.com/open_api/v1.3/event/track/

{"partner_name":"WooCommerce","event_source":"web","event_source_id":"CSM79Q3C77UAG1T340I0","data":[{"event":"Pageview","event_id":"677157c28d007_tt4b_woocommerce_670666209cf1f","event_time":1735481282,"user":{"ip":"85.17.194.5","user_agent":"Mozilla\/5.0 (Windows NT 10.0; Win64; x64) AppleWebKit\/537.36 (KHTML, like Gecko) Chrome\/131.0.0.0 Safari\/537.36","locale":"ar","external_id":"0","email":"e3b0c44298fc1c149afbf4c8996fb92427ae41e4649b934ca495991b7852b855","phone_number":"e3b0c44298fc1c149afbf4c8996fb92427ae41e4649b934ca495991b7852b855","first_name":"e3b0c44298fc1c149afbf4c8996fb92427ae41e4649b934ca495991b7852b855","last_name":"e3b0c44298fc1c149afbf4c8996fb92427ae41e4649b934ca495991b7852b855","zip_code":"e3b0c44298fc1c149afbf4c8996fb92427ae41e4649b934ca495991b7852b855"},"page":{"url":"http:\/\/www.ibn-sinaa.com\/"}}]}
 ajax: no
2024-12-29T14:08:02+00:00 DEBUG Tt4b_Mapi_Class::mapi_post: Response: 

HTTP/1.1 200 OK
Server: nginx
Content-Type: application/json
Content-Length: 92
X-Tt-Logid: 20241229140802C146FDACB42E5BC83448
Server-Timing: inner; dur=32
x-tt-trace-host: 018e5a586174a888928d793bdac74b79b520593bf434961dbceff88e4b17f9a156cd784ab054ec2e85f9462a5b609ec25b8b9350b3c412e6b33db07636d65a5754f93c7819af5d22511dd1ce735f691e37cc5bdf0244343ef7cba0860f2f9d7cbd
x-tt-trace-id: 00-241229140802C146FDACB42E5BC83448-48C3F356182808A4-00
Expires: Sun, 29 Dec 2024 14:08:02 GMT
Cache-Control: max-age=0, no-cache, no-store
Pragma: no-cache
Date: Sun, 29 Dec 2024 14:08:02 GMT
X-Cache: TCP_MISS from a95-101-134-116.deploy.akamaitechnologies.com (AkamaiGHost/11.7.2.1-9611f29bef89eba7b18045b10aa2af98) (-)
Connection: close
x-tt-trace-tag: id=16;cdn-cache=miss;type=dyn
Server-Timing: cdn-cache; desc=MISS, edge; dur=1, origin; dur=115
X-Origin-Response-Time: 115,95.101.134.116
X-Akamai-Request-ID: 29b51f49

{"code": 0, "message": "OK", "request_id": "20241229140802C146FDACB42E5BC83448", "data": {}}
2024-12-29T14:08:06+00:00 DEBUG POST: https://business-api.tiktok.com/open_api/v1.3/event/track/

{"partner_name":"WooCommerce","event_source":"web","event_source_id":"CSM79Q3C77UAG1T340I0","data":[{"event":"Pageview","event_id":"677157c6a0845_tt4b_woocommerce_670666209cf1f","event_time":1735481286,"user":{"ip":"85.17.194.5","user_agent":"Mozilla\/5.0 (Windows NT 10.0; Win64; x64) AppleWebKit\/537.36 (KHTML, like Gecko) Chrome\/131.0.0.0 Safari\/537.36","locale":"ar","external_id":"0","email":"e3b0c44298fc1c149afbf4c8996fb92427ae41e4649b934ca495991b7852b855","phone_number":"e3b0c44298fc1c149afbf4c8996fb92427ae41e4649b934ca495991b7852b855","first_name":"e3b0c44298fc1c149afbf4c8996fb92427ae41e4649b934ca495991b7852b855","last_name":"e3b0c44298fc1c149afbf4c8996fb92427ae41e4649b934ca495991b7852b855","zip_code":"e3b0c44298fc1c149afbf4c8996fb92427ae41e4649b934ca495991b7852b855"},"page":{"url":"http:\/\/www.ibn-sinaa.com\/"}}]}
 ajax: no
2024-12-29T14:08:06+00:00 DEBUG Tt4b_Mapi_Class::mapi_post: Response: 

HTTP/1.1 200 OK
Server: nginx
Content-Type: application/json
Content-Length: 92
X-Tt-Logid: 20241229140806C9D9E6BB35CCD02DD17B
x-tt-trace-host: 018e5a586174a888928d793bdac74b79b519a86797e72c2eba011e03e23beee17d9e3592ba37e405eedf6948489c78aa9728e4cdfd6d15a83ef3982e2eeb3739b032827b28aa90f91b69d235127ec6ff5af27f38dba874be8a771c5cf30981da2dcfb91e9b1adaa6aede107cf3bb014740
x-tt-trace-id: 00-241229140806C9D9E6BB35CCD02DD17B-580480182E6E9FA3-00
X-Origin-Response-Time: 37,23.213.246.228
X-Akamai-Request-ID: 799543fa.29b58153
Expires: Sun, 29 Dec 2024 14:08:06 GMT
Cache-Control: max-age=0, no-cache, no-store
Pragma: no-cache
Date: Sun, 29 Dec 2024 14:08:06 GMT
X-Cache: TCP_MISS from a95-101-134-116.deploy.akamaitechnologies.com (AkamaiGHost/11.7.2.1-9611f29bef89eba7b18045b10aa2af98) (-)
Connection: close
X-Cache-Remote: TCP_MISS from a23-213-246-228.deploy.akamaitechnologies.com (AkamaiGHost/11.7.2.1-9611f29bef89eba7b18045b10aa2af98) (-)
x-tt-trace-tag: id=16;cdn-cache=miss;type=dyn
Server-Timing: cdn-cache; desc=MISS, edge; dur=101, origin; dur=36
Server-Timing: inner; dur=32
X-Parent-Response-Time: 137,95.101.134.116

{"code": 0, "message": "OK", "request_id": "20241229140806C9D9E6BB35CCD02DD17B", "data": {}}
2024-12-29T14:08:11+00:00 DEBUG POST: https://business-api.tiktok.com/open_api/v1.3/event/track/

{"partner_name":"WooCommerce","event_source":"web","event_source_id":"CSM79Q3C77UAG1T340I0","data":[{"event":"Pageview","event_id":"677157cb1f339_tt4b_woocommerce_670666209cf1f","event_time":1735481291,"user":{"ip":"85.17.194.5","user_agent":"Mozilla\/5.0 (Windows NT 10.0; Win64; x64) AppleWebKit\/537.36 (KHTML, like Gecko) Chrome\/131.0.0.0 Safari\/537.36","locale":"ar","external_id":"0","email":"e3b0c44298fc1c149afbf4c8996fb92427ae41e4649b934ca495991b7852b855","phone_number":"e3b0c44298fc1c149afbf4c8996fb92427ae41e4649b934ca495991b7852b855","first_name":"e3b0c44298fc1c149afbf4c8996fb92427ae41e4649b934ca495991b7852b855","last_name":"e3b0c44298fc1c149afbf4c8996fb92427ae41e4649b934ca495991b7852b855","zip_code":"e3b0c44298fc1c149afbf4c8996fb92427ae41e4649b934ca495991b7852b855"},"page":{"url":"http:\/\/www.ibn-sinaa.com\/"}}]}
 ajax: no
2024-12-29T14:08:11+00:00 DEBUG Tt4b_Mapi_Class::mapi_post: Response: 

HTTP/1.1 200 OK
Server: nginx
Content-Type: application/json
Content-Length: 92
X-Tt-Logid: 20241229140811E6B7BE632721BE9DCA42
x-tt-trace-host: 018e5a586174a888928d793bdac74b79b56517d7628cf0ffdff56b078ad2cf5615f85a211392a3a10edf271a3cfe7c1973d1d7338a806f15c6f5262956dd2fe60cdf900fac339fdd4522959afcb5edb57c8650e83419bf22874770fe4db971f92dc0475847bb0975b03e2232a65f4c233b
x-tt-trace-id: 00-241229140811E6B7BE632721BE9DCA42-1BC41EA46D759F71-00
X-Origin-Response-Time: 25,23.55.100.232
X-Akamai-Request-ID: 95690063.e7305d1
Expires: Sun, 29 Dec 2024 14:08:11 GMT
Cache-Control: max-age=0, no-cache, no-store
Pragma: no-cache
Date: Sun, 29 Dec 2024 14:08:11 GMT
X-Cache: TCP_MISS from a95-101-134-92.deploy.akamaitechnologies.com (AkamaiGHost/11.7.2.1-9611f29bef89eba7b18045b10aa2af98) (-)
Connection: close
X-Cache-Remote: TCP_MISS from a23-55-100-232.deploy.akamaitechnologies.com (AkamaiGHost/11.7.2.1-9611f29bef89eba7b18045b10aa2af98) (-)
x-tt-trace-tag: id=16;cdn-cache=miss;type=dyn
Server-Timing: cdn-cache; desc=MISS, edge; dur=80, origin; dur=25
Server-Timing: inner; dur=21
X-Parent-Response-Time: 105,95.101.134.92

{"code": 0, "message": "OK", "request_id": "20241229140811E6B7BE632721BE9DCA42", "data": {}}
2024-12-29T14:08:15+00:00 DEBUG POST: https://business-api.tiktok.com/open_api/v1.3/event/track/

{"partner_name":"WooCommerce","event_source":"web","event_source_id":"CSM79Q3C77UAG1T340I0","data":[{"event":"Pageview","event_id":"677157cf8e12d_tt4b_woocommerce_670666209cf1f","event_time":1735481295,"user":{"ip":"85.17.194.5","user_agent":"Mozilla\/5.0 (Windows NT 10.0; Win64; x64) AppleWebKit\/537.36 (KHTML, like Gecko) Chrome\/131.0.0.0 Safari\/537.36","locale":"ar","external_id":"0","email":"e3b0c44298fc1c149afbf4c8996fb92427ae41e4649b934ca495991b7852b855","phone_number":"e3b0c44298fc1c149afbf4c8996fb92427ae41e4649b934ca495991b7852b855","first_name":"e3b0c44298fc1c149afbf4c8996fb92427ae41e4649b934ca495991b7852b855","last_name":"e3b0c44298fc1c149afbf4c8996fb92427ae41e4649b934ca495991b7852b855","zip_code":"e3b0c44298fc1c149afbf4c8996fb92427ae41e4649b934ca495991b7852b855"},"page":{"url":"http:\/\/www.ibn-sinaa.com\/"}}]}
 ajax: no
2024-12-29T14:08:15+00:00 DEBUG Tt4b_Mapi_Class::mapi_post: Response: 

HTTP/1.1 200 OK
Server: nginx
Content-Type: application/json
Content-Length: 92
X-Tt-Logid: 202412291408156CC869D3E08ED41DB36A
Server-Timing: inner; dur=136
x-tt-trace-host: 018e5a586174a888928d793bdac74b79b51a437ee89a1c03eb2011d034a2e3e9f5442c7ece4145d53ce0e32afe10645312c280b413f97c0bfbc6ebd7e48fd95af53b3836e9978910f56c5dbc19e00111534076950b34d957e7e445ff49a32bf60c
x-tt-trace-id: 00-2412291408156CC869D3E08ED41DB36A-2CB23D92571B6544-00
Expires: Sun, 29 Dec 2024 14:08:15 GMT
Cache-Control: max-age=0, no-cache, no-store
Pragma: no-cache
Date: Sun, 29 Dec 2024 14:08:15 GMT
X-Cache: TCP_MISS from a95-101-134-92.deploy.akamaitechnologies.com (AkamaiGHost/11.7.2.1-9611f29bef89eba7b18045b10aa2af98) (-)
Connection: close
x-tt-trace-tag: id=16;cdn-cache=miss;type=dyn
Server-Timing: cdn-cache; desc=MISS, edge; dur=5, origin; dur=225
X-Origin-Response-Time: 225,95.101.134.92
X-Akamai-Request-ID: e7361eb

{"code": 0, "message": "OK", "request_id": "202412291408156CC869D3E08ED41DB36A", "data": {}}
2024-12-29T14:08:19+00:00 DEBUG POST: https://business-api.tiktok.com/open_api/v1.3/event/track/

{"partner_name":"WooCommerce","event_source":"web","event_source_id":"CSM79Q3C77UAG1T340I0","data":[{"event":"Pageview","event_id":"677157d3b148b_tt4b_woocommerce_670666209cf1f","event_time":1735481299,"user":{"ip":"85.17.194.5","user_agent":"Mozilla\/5.0 (Windows NT 10.0; Win64; x64) AppleWebKit\/537.36 (KHTML, like Gecko) Chrome\/131.0.0.0 Safari\/537.36","locale":"ar","external_id":"0","email":"e3b0c44298fc1c149afbf4c8996fb92427ae41e4649b934ca495991b7852b855","phone_number":"e3b0c44298fc1c149afbf4c8996fb92427ae41e4649b934ca495991b7852b855","first_name":"e3b0c44298fc1c149afbf4c8996fb92427ae41e4649b934ca495991b7852b855","last_name":"e3b0c44298fc1c149afbf4c8996fb92427ae41e4649b934ca495991b7852b855","zip_code":"e3b0c44298fc1c149afbf4c8996fb92427ae41e4649b934ca495991b7852b855"},"page":{"url":"http:\/\/www.ibn-sinaa.com\/"}}]}
 ajax: no
2024-12-29T14:08:19+00:00 DEBUG Tt4b_Mapi_Class::mapi_post: Response: 

HTTP/1.1 200 OK
Server: nginx
Content-Type: application/json
Content-Length: 92
X-Tt-Logid: 2024122914081902028E35260531AF55C9
Server-Timing: inner; dur=31
x-tt-trace-host: 018e5a586174a888928d793bdac74b79b520593bf434961dbceff88e4b17f9a15697b1772bda102e3d619fe5e7c743072be72327b88d38b0abad32b9d2d1c9459f3c6799d1d08df8977775f1d8e1d6a68ca924d40909a72285057e58ffef55717f
x-tt-trace-id: 00-24122914081902028E35260531AF55C9-244F48E733E68596-00
Expires: Sun, 29 Dec 2024 14:08:19 GMT
Cache-Control: max-age=0, no-cache, no-store
Pragma: no-cache
Date: Sun, 29 Dec 2024 14:08:19 GMT
X-Cache: TCP_MISS from a95-101-134-116.deploy.akamaitechnologies.com (AkamaiGHost/11.7.2.1-9611f29bef89eba7b18045b10aa2af98) (-)
Connection: close
x-tt-trace-tag: id=16;cdn-cache=miss;type=dyn
Server-Timing: cdn-cache; desc=MISS, edge; dur=0, origin; dur=112
X-Origin-Response-Time: 112,95.101.134.116
X-Akamai-Request-ID: 29b6bb62

{"code": 0, "message": "OK", "request_id": "2024122914081902028E35260531AF55C9", "data": {}}
2024-12-29T14:08:23+00:00 DEBUG POST: https://business-api.tiktok.com/open_api/v1.3/event/track/

{"partner_name":"WooCommerce","event_source":"web","event_source_id":"CSM79Q3C77UAG1T340I0","data":[{"event":"Pageview","event_id":"677157d7e29ed_tt4b_woocommerce_670666209cf1f","event_time":1735481303,"user":{"ip":"85.17.194.5","user_agent":"Mozilla\/5.0 (Windows NT 10.0; Win64; x64) AppleWebKit\/537.36 (KHTML, like Gecko) Chrome\/131.0.0.0 Safari\/537.36","locale":"ar","external_id":"0","email":"e3b0c44298fc1c149afbf4c8996fb92427ae41e4649b934ca495991b7852b855","phone_number":"e3b0c44298fc1c149afbf4c8996fb92427ae41e4649b934ca495991b7852b855","first_name":"e3b0c44298fc1c149afbf4c8996fb92427ae41e4649b934ca495991b7852b855","last_name":"e3b0c44298fc1c149afbf4c8996fb92427ae41e4649b934ca495991b7852b855","zip_code":"e3b0c44298fc1c149afbf4c8996fb92427ae41e4649b934ca495991b7852b855"},"page":{"url":"http:\/\/www.ibn-sinaa.com\/"}}]}
 ajax: no
2024-12-29T14:08:24+00:00 DEBUG Tt4b_Mapi_Class::mapi_post: Response: 

HTTP/1.1 200 OK
Server: nginx
Content-Type: application/json
Content-Length: 92
X-Tt-Logid: 202412291408247D59504AB69473CDC278
x-tt-trace-host: 018e5a586174a888928d793bdac74b79b519a86797e72c2eba011e03e23beee17ddd399332df3c535577788db727d2fd73b57c020479d6ca19537d3f1c9ee9daa04529ad81c316dc3cefb6aade3b78cda7a562337e667f2ff8de4fa64d2cdaa0e519fbf3624c1301c4b38c98e57baf06d8
x-tt-trace-id: 00-2412291408247D59504AB69473CDC278-41304FF3240A313F-00
X-Origin-Response-Time: 39,23.213.246.240
X-Akamai-Request-ID: a2066909.29b71f4a
Expires: Sun, 29 Dec 2024 14:08:24 GMT
Cache-Control: max-age=0, no-cache, no-store
Pragma: no-cache
Date: Sun, 29 Dec 2024 14:08:24 GMT
X-Cache: TCP_MISS from a95-101-134-116.deploy.akamaitechnologies.com (AkamaiGHost/11.7.2.1-9611f29bef89eba7b18045b10aa2af98) (-)
Connection: close
X-Cache-Remote: TCP_MISS from a23-213-246-240.deploy.akamaitechnologies.com (AkamaiGHost/11.7.2.1-9611f29bef89eba7b18045b10aa2af98) (-)
x-tt-trace-tag: id=16;cdn-cache=miss;type=dyn
Server-Timing: cdn-cache; desc=MISS, edge; dur=107, origin; dur=38
Server-Timing: inner; dur=35
X-Parent-Response-Time: 145,95.101.134.116

{"code": 0, "message": "OK", "request_id": "202412291408247D59504AB69473CDC278", "data": {}}
2024-12-29T14:08:28+00:00 DEBUG POST: https://business-api.tiktok.com/open_api/v1.3/event/track/

{"partner_name":"WooCommerce","event_source":"web","event_source_id":"CSM79Q3C77UAG1T340I0","data":[{"event":"Pageview","event_id":"677157dc3eb35_tt4b_woocommerce_670666209cf1f","event_time":1735481308,"user":{"ip":"85.17.194.5","user_agent":"Mozilla\/5.0 (Windows NT 10.0; Win64; x64) AppleWebKit\/537.36 (KHTML, like Gecko) Chrome\/131.0.