2025-01-06T00:02:13+00:00 DEBUG POST: https://business-api.tiktok.com/open_api/v1.3/event/track/

{"partner_name":"WooCommerce","event_source":"web","event_source_id":"CSM79Q3C77UAG1T340I0","data":[{"event":"Pageview","event_id":"677b1d85e61ce_tt4b_woocommerce_670666209cf1f","event_time":1736121733,"user":{"ip":"54.36.148.75","user_agent":"Mozilla\/5.0 (compatible; AhrefsBot\/7.0; +http:\/\/ahrefs.com\/robot\/)","locale":"ar","external_id":"0","email":"e3b0c44298fc1c149afbf4c8996fb92427ae41e4649b934ca495991b7852b855","phone_number":"e3b0c44298fc1c149afbf4c8996fb92427ae41e4649b934ca495991b7852b855","first_name":"e3b0c44298fc1c149afbf4c8996fb92427ae41e4649b934ca495991b7852b855","last_name":"e3b0c44298fc1c149afbf4c8996fb92427ae41e4649b934ca495991b7852b855","zip_code":"e3b0c44298fc1c149afbf4c8996fb92427ae41e4649b934ca495991b7852b855"},"page":{"url":"http:\/\/mail.ibn-sinaa.com\/product-category\/advertising\/cork\/"}}]}
 ajax: no
2025-01-06T00:02:14+00:00 DEBUG Tt4b_Mapi_Class::mapi_post: Response: 

HTTP/1.1 200 OK
Server: nginx
Content-Type: application/json
Content-Length: 92
X-Tt-Logid: 20250106000214F186F806DBC4BD71E15F
Server-Timing: inner; dur=38
x-tt-trace-host: 018e5a586174a888928d793bdac74b79b520593bf434961dbceff88e4b17f9a156ff57e63bce09bff08fbd317e6763f9c4b193e67023858ffe879e5eb39d13ac2f271d3c9f26b253f01e9f79fe86af9dfbf513873ab79637577e9cdcf34afff35d
x-tt-trace-id: 00-250106000214F186F806DBC4BD71E15F-0EF0317E468C9F54-00
Expires: Mon, 06 Jan 2025 00:02:14 GMT
Cache-Control: max-age=0, no-cache, no-store
Pragma: no-cache
Date: Mon, 06 Jan 2025 00:02:14 GMT
X-Cache: TCP_MISS from a95-101-134-116.deploy.akamaitechnologies.com (AkamaiGHost/11.7.2.1-9611f29bef89eba7b18045b10aa2af98) (-)
Connection: close
x-tt-trace-tag: id=16;cdn-cache=miss;type=dyn
Server-Timing: cdn-cache; desc=MISS, edge; dur=1, origin; dur=118
X-Origin-Response-Time: 119,95.101.134.116
X-Akamai-Request-ID: 16e89653

{"code": 0, "message": "OK", "request_id": "20250106000214F186F806DBC4BD71E15F", "data": {}}
2025-01-06T00:03:49+00:00 DEBUG POST: https://business-api.tiktok.com/open_api/v1.3/event/track/

{"partner_name":"WooCommerce","event_source":"web","event_source_id":"CSM79Q3C77UAG1T340I0","data":[{"event":"Pageview","event_id":"677b1de5d962c_tt4b_woocommerce_670666209cf1f","event_time":1736121829,"user":{"ip":"85.208.96.193","user_agent":"Mozilla\/5.0 (compatible; SemrushBot\/7~bl; +http:\/\/www.semrush.com\/bot.html)","locale":"ar","external_id":"0","email":"e3b0c44298fc1c149afbf4c8996fb92427ae41e4649b934ca495991b7852b855","phone_number":"e3b0c44298fc1c149afbf4c8996fb92427ae41e4649b934ca495991b7852b855","first_name":"e3b0c44298fc1c149afbf4c8996fb92427ae41e4649b934ca495991b7852b855","last_name":"e3b0c44298fc1c149afbf4c8996fb92427ae41e4649b934ca495991b7852b855","zip_code":"e3b0c44298fc1c149afbf4c8996fb92427ae41e4649b934ca495991b7852b855"},"page":{"url":"http:\/\/ibn-sinaa.com\/product-tag\/%D8%B7%D8%A8%D8%A7%D8%B9%D8%A9-%D9%85%D9%84%D9%88%D9%86\/page\/4\/"}}]}
 ajax: no
2025-01-06T00:03:50+00:00 DEBUG Tt4b_Mapi_Class::mapi_post: Response: 

HTTP/1.1 200 OK
Server: nginx
Content-Type: application/json
Content-Length: 92
X-Tt-Logid: 202501060003493B842C44246648917ABF
Server-Timing: inner; dur=33
x-tt-trace-host: 018e5a586174a888928d793bdac74b79b51a437ee89a1c03eb2011d034a2e3e9f5e00ee912ac5da7b167efbc329f41e47bd00d8c8ea40c5c3ca170db65b54c928989faaeae59605789470d685a653f5ad7dc540eee4127bb3d515e2f93fbb14772
x-tt-trace-id: 00-2501060003493B842C44246648917ABF-05ECD867320195D7-00
Expires: Mon, 06 Jan 2025 00:03:50 GMT
Cache-Control: max-age=0, no-cache, no-store
Pragma: no-cache
Date: Mon, 06 Jan 2025 00:03:50 GMT
X-Cache: TCP_MISS from a95-101-134-92.deploy.akamaitechnologies.com (AkamaiGHost/11.7.2.1-9611f29bef89eba7b18045b10aa2af98) (-)
Connection: close
x-tt-trace-tag: id=16;cdn-cache=miss;type=dyn
Server-Timing: cdn-cache; desc=MISS, edge; dur=0, origin; dur=112
X-Origin-Response-Time: 112,95.101.134.92
X-Akamai-Request-ID: 1982a83d

{"code": 0, "message": "OK", "request_id": "202501060003493B842C44246648917ABF", "data": {}}
2025-01-06T00:04:42+00:00 DEBUG POST: https://business-api.tiktok.com/open_api/v1.3/event/track/

{"partner_name":"WooCommerce","event_source":"web","event_source_id":"CSM79Q3C77UAG1T340I0","data":[{"event":"Pageview","event_id":"677b1e1a33bd8_tt4b_woocommerce_670666209cf1f","event_time":1736121882,"user":{"ip":"85.208.96.197","user_agent":"Mozilla\/5.0 (compatible; SemrushBot\/7~bl; +http:\/\/www.semrush.com\/bot.html)","locale":"ar","external_id":"0","email":"e3b0c44298fc1c149afbf4c8996fb92427ae41e4649b934ca495991b7852b855","phone_number":"e3b0c44298fc1c149afbf4c8996fb92427ae41e4649b934ca495991b7852b855","first_name":"e3b0c44298fc1c149afbf4c8996fb92427ae41e4649b934ca495991b7852b855","last_name":"e3b0c44298fc1c149afbf4c8996fb92427ae41e4649b934ca495991b7852b855","zip_code":"e3b0c44298fc1c149afbf4c8996fb92427ae41e4649b934ca495991b7852b855"},"page":{"url":"http:\/\/mail.ibn-sinaa.com\/product-tag\/%D8%A7%D8%B3%D8%AA%D8%A7%D9%86%D8%AF%D8%A7%D8%AA\/page\/2\/"}}]}
 ajax: no
2025-01-06T00:04:42+00:00 DEBUG Tt4b_Mapi_Class::mapi_post: Response: 

HTTP/1.1 200 OK
Server: nginx
Content-Type: application/json
Content-Length: 92
X-Tt-Logid: 20250106000442B8FBAA18F392667560F0
Server-Timing: inner; dur=31
x-tt-trace-host: 018e5a586174a888928d793bdac74b79b51a437ee89a1c03eb2011d034a2e3e9f5cd9681ead7d6e9026c0424bcd7529bdc2397c9b84f08593f583ac7f8eae01d7e47f1bf53925ce6ae16c24ef99755010931535bbb601caef907b55532ea876671
x-tt-trace-id: 00-250106000442B8FBAA18F392667560F0-40A9CA511C86DA15-00
Expires: Mon, 06 Jan 2025 00:04:42 GMT
Cache-Control: max-age=0, no-cache, no-store
Pragma: no-cache
Date: Mon, 06 Jan 2025 00:04:42 GMT
X-Cache: TCP_MISS from a95-101-134-92.deploy.akamaitechnologies.com (AkamaiGHost/11.7.2.1-9611f29bef89eba7b18045b10aa2af98) (-)
Connection: close
x-tt-trace-tag: id=16;cdn-cache=miss;type=dyn
Server-Timing: cdn-cache; desc=MISS, edge; dur=2, origin; dur=119
X-Origin-Response-Time: 120,95.101.134.92
X-Akamai-Request-ID: 1986d02d

{"code": 0, "message": "OK", "request_id": "20250106000442B8FBAA18F392667560F0", "data": {}}
2025-01-06T00:04:45+00:00 DEBUG POST: https://business-api.tiktok.com/open_api/v1.3/event/track/

{"partner_name":"WooCommerce","event_source":"web","event_source_id":"CSM79Q3C77UAG1T340I0","data":[{"event":"Pageview","event_id":"677b1e1d6b3b3_tt4b_woocommerce_670666209cf1f","event_time":1736121885,"user":{"ip":"185.191.171.6","user_agent":"Mozilla\/5.0 (compatible; SemrushBot\/7~bl; +http:\/\/www.semrush.com\/bot.html)","locale":"ar","external_id":"0","email":"e3b0c44298fc1c149afbf4c8996fb92427ae41e4649b934ca495991b7852b855","phone_number":"e3b0c44298fc1c149afbf4c8996fb92427ae41e4649b934ca495991b7852b855","first_name":"e3b0c44298fc1c149afbf4c8996fb92427ae41e4649b934ca495991b7852b855","last_name":"e3b0c44298fc1c149afbf4c8996fb92427ae41e4649b934ca495991b7852b855","zip_code":"e3b0c44298fc1c149afbf4c8996fb92427ae41e4649b934ca495991b7852b855"},"page":{"url":"http:\/\/www.ibn-sinaa.com\/product-tag\/%D8%A7%D8%B3%D8%AA%D8%A7%D9%86%D8%AF%D8%A7%D8%AA\/page\/2\/"}}]}
 ajax: no
2025-01-06T00:04:45+00:00 DEBUG Tt4b_Mapi_Class::mapi_post: Response: 

HTTP/1.1 200 OK
Server: nginx
Content-Type: application/json
Content-Length: 92
X-Tt-Logid: 20250106000445C721A414CC36F2903C30
Server-Timing: inner; dur=26
x-tt-trace-host: 018e5a586174a888928d793bdac74b79b520593bf434961dbceff88e4b17f9a156646bb502c09abe6200e02a5cdb3c9d5da2f29b112f4f1d4050e3be12eea7d0dc6d131db506c93b958d493dba5c21c37f43c0212b00b26b358672572e6a12189e
x-tt-trace-id: 00-250106000445C721A414CC36F2903C30-58E3755E30B0089E-00
Expires: Mon, 06 Jan 2025 00:04:45 GMT
Cache-Control: max-age=0, no-cache, no-store
Pragma: no-cache
Date: Mon, 06 Jan 2025 00:04:45 GMT
X-Cache: TCP_MISS from a95-101-134-116.deploy.akamaitechnologies.com (AkamaiGHost/11.7.2.1-9611f29bef89eba7b18045b10aa2af98) (-)
Connection: close
x-tt-trace-tag: id=16;cdn-cache=miss;type=dyn
Server-Timing: cdn-cache; desc=MISS, edge; dur=1, origin; dur=106
X-Origin-Response-Time: 107,95.101.134.116
X-Akamai-Request-ID: 16f0f71e

{"code": 0, "message": "OK", "request_id": "20250106000445C721A414CC36F2903C30", "data": {}}
2025-01-06T00:09:17+00:00 DEBUG POST: https://business-api.tiktok.com/open_api/v1.3/event/track/

{"partner_name":"WooCommerce","event_source":"web","event_source_id":"CSM79Q3C77UAG1T340I0","data":[{"event":"Pageview","event_id":"677b1f2d179e3_tt4b_woocommerce_670666209cf1f","event_time":1736122157,"user":{"ip":"66.249.66.72","user_agent":"Googlebot-Image\/1.0","locale":"ar","external_id":"0","email":"e3b0c44298fc1c149afbf4c8996fb92427ae41e4649b934ca495991b7852b855","phone_number":"e3b0c44298fc1c149afbf4c8996fb92427ae41e4649b934ca495991b7852b855","first_name":"e3b0c44298fc1c149afbf4c8996fb92427ae41e4649b934ca495991b7852b855","last_name":"e3b0c44298fc1c149afbf4c8996fb92427ae41e4649b934ca495991b7852b855","zip_code":"e3b0c44298fc1c149afbf4c8996fb92427ae41e4649b934ca495991b7852b855"},"page":{"url":"http:\/\/ibn-sinaa.com\/wp-content\/uploads\/2022\/04\/Viva-Aerobus-Color2021.png"}}]}
 ajax: no
2025-01-06T00:09:17+00:00 DEBUG Tt4b_Mapi_Class::mapi_post: Response: 

HTTP/1.1 200 OK
Server: nginx
Content-Type: application/json
Content-Length: 92
X-Tt-Logid: 202501060009174D9A9F304BC27808CF5C
x-tt-trace-host: 018e5a586174a888928d793bdac74b79b519a86797e72c2eba011e03e23beee17de14dfb9fb241cef89176ce4f156aaa4f56be0b64ac1b67e72618793a12d21acb94bc23472b46e69b0227d6830d36aa5279df86754219d78a2fad0da6deb92bae2eee6abca7609f3a48f002f48436b18a
x-tt-trace-id: 00-2501060009174D9A9F304BC27808CF5C-59028A031722FB31-00
X-Origin-Response-Time: 32,23.218.219.41
X-Akamai-Request-ID: 35ea93d.16ff8b7a
Expires: Mon, 06 Jan 2025 00:09:17 GMT
Cache-Control: max-age=0, no-cache, no-store
Pragma: no-cache
Date: Mon, 06 Jan 2025 00:09:17 GMT
X-Cache: TCP_MISS from a95-101-134-116.deploy.akamaitechnologies.com (AkamaiGHost/11.7.2.1-9611f29bef89eba7b18045b10aa2af98) (-)
Connection: close
X-Cache-Remote: TCP_MISS from a23-218-219-41.deploy.akamaitechnologies.com (AkamaiGHost/11.7.2.1-9611f29bef89eba7b18045b10aa2af98) (-)
x-tt-trace-tag: id=16;cdn-cache=miss;type=dyn
Server-Timing: cdn-cache; desc=MISS, edge; dur=87, origin; dur=32
Server-Timing: inner; dur=29
X-Parent-Response-Time: 118,95.101.134.116

{"code": 0, "message": "OK", "request_id": "202501060009174D9A9F304BC27808CF5C", "data": {}}
2025-01-06T00:12:03+00:00 DEBUG POST: https://business-api.tiktok.com/open_api/v1.3/event/track/

{"partner_name":"WooCommerce","event_source":"web","event_source_id":"CSM79Q3C77UAG1T340I0","data":[{"event":"Pageview","event_id":"677b1fd3707f5_tt4b_woocommerce_670666209cf1f","event_time":1736122323,"user":{"ip":"66.249.66.19","user_agent":"Mozilla\/5.0 (Linux; Android 6.0.1; Nexus 5X Build\/MMB29P) AppleWebKit\/537.36 (KHTML, like Gecko) Chrome\/131.0.6778.139 Mobile Safari\/537.36 (compatible; Googlebot\/2.1; +http:\/\/www.google.com\/bot.html)","locale":"ar","external_id":"0","email":"e3b0c44298fc1c149afbf4c8996fb92427ae41e4649b934ca495991b7852b855","phone_number":"e3b0c44298fc1c149afbf4c8996fb92427ae41e4649b934ca495991b7852b855","first_name":"e3b0c44298fc1c149afbf4c8996fb92427ae41e4649b934ca495991b7852b855","last_name":"e3b0c44298fc1c149afbf4c8996fb92427ae41e4649b934ca495991b7852b855","zip_code":"e3b0c44298fc1c149afbf4c8996fb92427ae41e4649b934ca495991b7852b855"},"page":{"url":"http:\/\/mail.ibn-sinaa.com\/product\/school-records-family-education\/"}}]}
 ajax: no
2025-01-06T00:12:03+00:00 DEBUG Tt4b_Mapi_Class::mapi_post: Response: 

HTTP/1.1 200 OK
Server: nginx
Content-Type: application/json
Content-Length: 92
X-Tt-Logid: 20250106001203EB259A5B66856396AEF2
Server-Timing: inner; dur=201
x-tt-trace-host: 018e5a586174a888928d793bdac74b79b520593bf434961dbceff88e4b17f9a156646bb502c09abe6200e02a5cdb3c9d5d0b87f455f37bc2828c1f0f918a5ef53fbfa3ef56e1c03e47fa29f3b0853cd29b49ac94ef4a36564f6405a6e847978c52
x-tt-trace-id: 00-250106001203EB259A5B66856396AEF2-05ECD86731CEE0D7-00
Expires: Mon, 06 Jan 2025 00:12:03 GMT
Cache-Control: max-age=0, no-cache, no-store
Pragma: no-cache
Date: Mon, 06 Jan 2025 00:12:03 GMT
X-Cache: TCP_MISS from a95-101-134-116.deploy.akamaitechnologies.com (AkamaiGHost/11.7.2.1-9611f29bef89eba7b18045b10aa2af98) (-)
Connection: close
x-tt-trace-tag: id=16;cdn-cache=miss;type=dyn
Server-Timing: cdn-cache; desc=MISS, edge; dur=0, origin; dur=284
X-Origin-Response-Time: 284,95.101.134.116
X-Akamai-Request-ID: 1707066e

{"code": 0, "message": "OK", "request_id": "20250106001203EB259A5B66856396AEF2", "data": {}}
2025-01-06T00:12:03+00:00 DEBUG Tt4b_Pixel_Class::inject_view_content_event: hit ViewContent
2025-01-06T00:12:03+00:00 DEBUG POST: https://business-api.tiktok.com/open_api/v1.3/event/track/

{"partner_name":"WooCommerce","event_source":"web","event_source_id":"CSM79Q3C77UAG1T340I0","data":[{"event":"ViewContent","event_id":"677b1fd3d7bfc_tt4b_woocommerce_670666209cf1f_4069","event_time":1736122323,"user":{"ip":"66.249.66.19","user_agent":"Mozilla\/5.0 (Linux; Android 6.0.1; Nexus 5X Build\/MMB29P) AppleWebKit\/537.36 (KHTML, like Gecko) Chrome\/131.0.6778.139 Mobile Safari\/537.36 (compatible; Googlebot\/2.1; +http:\/\/www.google.com\/bot.html)","locale":"ar","external_id":"0","email":"e3b0c44298fc1c149afbf4c8996fb92427ae41e4649b934ca495991b7852b855","phone_number":"e3b0c44298fc1c149afbf4c8996fb92427ae41e4649b934ca495991b7852b855","first_name":"e3b0c44298fc1c149afbf4c8996fb92427ae41e4649b934ca495991b7852b855","last_name":"e3b0c44298fc1c149afbf4c8996fb92427ae41e4649b934ca495991b7852b855","zip_code":"e3b0c44298fc1c149afbf4c8996fb92427ae41e4649b934ca495991b7852b855"},"properties":{"contents":[{"price":65,"quantity":1,"content_id":"4069","content_name":"\u0633\u062c\u0644\u0627\u062a \u0645\u0627\u062f\u0629 \u0627\u0644\u062a\u0631\u0628\u064a\u0629 \u0627\u0644\u0627\u0633\u0631\u064a\u0629","description":". \u0637\u0628\u0627\u0639\u0647 \u0633\u062c\u0644\u0627\u062a \u0645\u062f\u0631\u0633\u064a\u0629 \u0627\u062d\u062a\u0631\u0627\u0641\u064a\u0629 \u062e\u0627\u0645\u062a\u0647\u0627 \u0643\u0631\u062a\u0648\u0646 2000 \u062c\u0631\u0627\u0645,\u062a\u0636\u0627\u0641 \u0637\u0628\u0642\u0629 \u062d\u0645\u0627\u064a\u0647 \u0627\u0633\u062a\u064a\u0643\u0631 \u0645\u0639 \u0633\u0644\u0648\u0641\u0627\u0646 \u0644\u0627\u0645\u0639.\r\n. \u0645\u062a\u0648\u0641\u0631 \u0628 \u0627\u062d\u062c\u0627\u0645 \u0645\u062e\u062a\u0644\u0641\u0647 ( \u0635\u063a\u064a\u0631, \u0648\u0633\u0637 , \u0643\u0628\u064a\u0631 ).\r\n. \u064a\u062a\u0633\u0639 \u0627\u0644\u0645\u0642\u0627\u0633 \u0627\u0644\u0635\u063a\u064a\u0631 ( \u0645\u0646 50 \u0627\u0644\u0649 150 \u0648\u0631\u0642\u0629 )\r\n. \u064a\u062a\u0633\u0639 \u0627\u0644\u0648\u0633\u0637 ( \u0645\u0646 150 \u0627\u0644\u0649 300 \u0648\u0631\u0642\u0629 )\r\n. \u0627\u0644\u0643\u0628\u064a\u0631 ( \u0645\u0646 300 \u0627\u0644\u0649 400 \u0648\u0631\u0642\u0629 ).\r\n. \u0645\u062f\u0629 \u0627\u0644\u062a\u0646\u0641\u064a\u0630 : 3-5 \u0627\u064a\u0627\u0645 \u0648\u062a\u0632\u064a\u062f \u0627\u0644\u0645\u062f\u0629 \u0639\u0646 \u0637\u0644\u0628 \u0627\u0644\u0634\u062d\u0646.","availability":"IN_STOCK","sale_price":65,"on_sale":false}],"content_type":"product","currency":"SAR","value":65,"event_trigger_source":"WooCommerce"},"page":{"url":"http:\/\/mail.ibn-sinaa.com\/product\/school-records-family-education\/"}}]}
 ajax: no
2025-01-06T00:12:04+00:00 DEBUG Tt4b_Mapi_Class::mapi_post: Response: 

HTTP/1.1 200 OK
Server: nginx
Content-Type: application/json
Content-Length: 92
X-Tt-Logid: 20250106001203EB259A5B66856396AF12
Server-Timing: inner; dur=29
x-tt-trace-host: 018e5a586174a888928d793bdac74b79b520593bf434961dbceff88e4b17f9a156646bb502c09abe6200e02a5cdb3c9d5d43ff202fdd6a4500b1013b951fb74d767911305bcaca3eb3f705301cecd94446e955329fcfc1dbbe3154040a9ebd2ff3
x-tt-trace-id: 00-250106001203EB259A5B66856396AF12-259CB47B5CDE752B-00
Expires: Mon, 06 Jan 2025 00:12:04 GMT
Cache-Control: max-age=0, no-cache, no-store
Pragma: no-cache
Date: Mon, 06 Jan 2025 00:12:04 GMT
X-Cache: TCP_MISS from a95-101-134-116.deploy.akamaitechnologies.com (AkamaiGHost/11.7.2.1-9611f29bef89eba7b18045b10aa2af98) (-)
Connection: close
x-tt-trace-tag: id=16;cdn-cache=miss;type=dyn
Server-Timing: cdn-cache; desc=MISS, edge; dur=0, origin; dur=113
X-Origin-Response-Time: 113,95.101.134.116
X-Akamai-Request-ID: 17070acc

{"code": 0, "message": "OK", "request_id": "20250106001203EB259A5B66856396AF12", "data": {}}
2025-01-06T00:14:25+00:00 DEBUG POST: https://business-api.tiktok.com/open_api/v1.3/event/track/

{"partner_name":"WooCommerce","event_source":"web","event_source_id":"CSM79Q3C77UAG1T340I0","data":[{"event":"Pageview","event_id":"677b206190575_tt4b_woocommerce_670666209cf1f","event_time":1736122465,"user":{"ip":"66.249.66.19","user_agent":"Mozilla\/5.0 (Linux; Android 6.0.1; Nexus 5X Build\/MMB29P) AppleWebKit\/537.36 (KHTML, like Gecko) Chrome\/131.0.6778.204 Mobile Safari\/537.36 (compatible; Googlebot\/2.1; +http:\/\/www.google.com\/bot.html)","locale":"ar","external_id":"0","email":"e3b0c44298fc1c149afbf4c8996fb92427ae41e4649b934ca495991b7852b855","phone_number":"e3b0c44298fc1c149afbf4c8996fb92427ae41e4649b934ca495991b7852b855","first_name":"e3b0c44298fc1c149afbf4c8996fb92427ae41e4649b934ca495991b7852b855","last_name":"e3b0c44298fc1c149afbf4c8996fb92427ae41e4649b934ca495991b7852b855","zip_code":"e3b0c44298fc1c149afbf4c8996fb92427ae41e4649b934ca495991b7852b855"},"page":{"url":"http:\/\/mail.ibn-sinaa.com\/category\/advertising\/page\/2\/"}}]}
 ajax: no
2025-01-06T00:14:25+00:00 DEBUG Tt4b_Mapi_Class::mapi_post: Response: 

HTTP/1.1 200 OK
Server: nginx
Content-Type: application/json
Content-Length: 92
X-Tt-Logid: 2025010600142510C9AE43A91936711CCB
Server-Timing: inner; dur=41
x-tt-trace-host: 018e5a586174a888928d793bdac74b79b520593bf434961dbceff88e4b17f9a156679fb81a73b37eb229ec5a6e73dde3e0ee9ca73e8e439ea179145d83ffd4dd1f7024bf5f69b4fe06a86f409e8bd22eeeff39b008fcc29633b613742580abfb03
x-tt-trace-id: 00-25010600142510C9AE43A91936711CCB-7E54CB715DBC540B-00
Expires: Mon, 06 Jan 2025 00:14:25 GMT
Cache-Control: max-age=0, no-cache, no-store
Pragma: no-cache
Date: Mon, 06 Jan 2025 00:14:25 GMT
X-Cache: TCP_MISS from a95-101-134-116.deploy.akamaitechnologies.com (AkamaiGHost/11.7.2.1-9611f29bef89eba7b18045b10aa2af98) (-)
Connection: close
x-tt-trace-tag: id=16;cdn-cache=miss;type=dyn
Server-Timing: cdn-cache; desc=MISS, edge; dur=1, origin; dur=124
X-Origin-Response-Time: 125,95.101.134.116
X-Akamai-Request-ID: 170ceef5

{"code": 0, "message": "OK", "request_id": "2025010600142510C9AE43A91936711CCB", "data": {}}
2025-01-06T00:16:16+00:00 DEBUG POST: https://business-api.tiktok.com/open_api/v1.3/event/track/

{"partner_name":"WooCommerce","event_source":"web","event_source_id":"CSM79Q3C77UAG1T340I0","data":[{"event":"Pageview","event_id":"677b20d037500_tt4b_woocommerce_670666209cf1f","event_time":1736122576,"user":{"ip":"66.249.66.18","user_agent":"Mozilla\/5.0 (Linux; Android 6.0.1; Nexus 5X Build\/MMB29P) AppleWebKit\/537.36 (KHTML, like Gecko) Chrome\/131.0.6778.204 Mobile Safari\/537.36 (compatible; Googlebot\/2.1; +http:\/\/www.google.com\/bot.html)","locale":"ar","external_id":"0","email":"e3b0c44298fc1c149afbf4c8996fb92427ae41e4649b934ca495991b7852b855","phone_number":"e3b0c44298fc1c149afbf4c8996fb92427ae41e4649b934ca495991b7852b855","first_name":"e3b0c44298fc1c149afbf4c8996fb92427ae41e4649b934ca495991b7852b855","last_name":"e3b0c44298fc1c149afbf4c8996fb92427ae41e4649b934ca495991b7852b855","zip_code":"e3b0c44298fc1c149afbf4c8996fb92427ae41e4649b934ca495991b7852b855"},"page":{"url":"http:\/\/mail.ibn-sinaa.com\/product-category\/print-occasions\/"}}]}
 ajax: no
2025-01-06T00:16:16+00:00 DEBUG Tt4b_Mapi_Class::mapi_post: Response: 

HTTP/1.1 200 OK
Server: nginx
Content-Type: application/json
Content-Length: 92
X-Tt-Logid: 20250106001616EBE934CDC51BBC6244B5
x-tt-trace-host: 018e5a586174a888928d793bdac74b79b519a86797e72c2eba011e03e23beee17d5ccdd42bbf80e0ab2ea9a51de061eac8e2ae75e820f0b2959cba1e328b0ca90c17147fc877d9501238ce605447870d75367fdefb1d4457c5b2da07ce4d571d6a53f57f08ea6a338dfed47f67283e22e8
x-tt-trace-id: 00-250106001616EBE934CDC51BBC6244B5-344E057056225D91-00
X-Origin-Response-Time: 33,23.218.219.36
X-Akamai-Request-ID: 2a0b2f68.1711105f
Expires: Mon, 06 Jan 2025 00:16:16 GMT
Cache-Control: max-age=0, no-cache, no-store
Pragma: no-cache
Date: Mon, 06 Jan 2025 00:16:16 GMT
X-Cache: TCP_MISS from a95-101-134-116.deploy.akamaitechnologies.com (AkamaiGHost/11.7.2.1-9611f29bef89eba7b18045b10aa2af98) (-)
Connection: close
X-Cache-Remote: TCP_MISS from a23-218-219-36.deploy.akamaitechnologies.com (AkamaiGHost/11.7.2.1-9611f29bef89eba7b18045b10aa2af98) (-)
x-tt-trace-tag: id=16;cdn-cache=miss;type=dyn
Server-Timing: cdn-cache; desc=MISS, edge; dur=80, origin; dur=33
Server-Timing: inner; dur=27
X-Parent-Response-Time: 113,95.101.134.116

{"code": 0, "message": "OK", "request_id": "20250106001616EBE934CDC51BBC6244B5", "data": {}}
2025-01-06T00:20:16+00:00 DEBUG POST: https://business-api.tiktok.com/open_api/v1.3/event/track/

{"partner_name":"WooCommerce","event_source":"web","event_source_id":"CSM79Q3C77UAG1T340I0","data":[{"event":"Pageview","event_id":"677b21c0f2ae9_tt4b_woocommerce_670666209cf1f","event_time":1736122816,"user":{"ip":"66.249.66.20","user_agent":"Mozilla\/5.0 (Linux; Android 6.0.1; Nexus 5X Build\/MMB29P) AppleWebKit\/537.36 (KHTML, like Gecko) Chrome\/131.0.6778.204 Mobile Safari\/537.36 (compatible; Googlebot\/2.1; +http:\/\/www.google.com\/bot.html)","locale":"ar","external_id":"0","email":"e3b0c44298fc1c149afbf4c8996fb92427ae41e4649b934ca495991b7852b855","phone_number":"e3b0c44298fc1c149afbf4c8996fb92427ae41e4649b934ca495991b7852b855","first_name":"e3b0c44298fc1c149afbf4c8996fb92427ae41e4649b934ca495991b7852b855","last_name":"e3b0c44298fc1c149afbf4c8996fb92427ae41e4649b934ca495991b7852b855","zip_code":"e3b0c44298fc1c149afbf4c8996fb92427ae41e4649b934ca495991b7852b855"},"page":{"url":"http:\/\/mail.ibn-sinaa.com\/tag\/%D8%B7%D8%A8%D8%A7%D8%B9%D8%A9-%D9%85%D8%AF%D8%B1%D8%B3%D9%8A%D8%A9\/"}}]}
 ajax: no
2025-01-06T00:20:17+00:00 DEBUG Tt4b_Mapi_Class::mapi_post: Response: 

HTTP/1.1 200 OK
Server: nginx
Content-Type: application/json
Content-Length: 92
X-Tt-Logid: 20250106002017CEC11487BE4FE3E985C2
Server-Timing: inner; dur=27
x-tt-trace-host: 018e5a586174a888928d793bdac74b79b520593bf434961dbceff88e4b17f9a156ea8ec522cfd7ccea6ae510a0f725f87febe277b3bafae54e505baf2da1310012355da1914aca40bc32993646ef7dbf9673955af464d8a2163b4f4f8c988869f7
x-tt-trace-id: 00-250106002017CEC11487BE4FE3E985C2-7842780977742993-00
Expires: Mon, 06 Jan 2025 00:20:17 GMT
Cache-Control: max-age=0, no-cache, no-store
Pragma: no-cache
Date: Mon, 06 Jan 2025 00:20:17 GMT
X-Cache: TCP_MISS from a95-101-134-116.deploy.akamaitechnologies.com (AkamaiGHost/11.7.2.1-9611f29bef89eba7b18045b10aa2af98) (-)
Connection: close
x-tt-trace-tag: id=16;cdn-cache=miss;type=dyn
Server-Timing: cdn-cache; desc=MISS, edge; dur=0, origin; dur=108
X-Origin-Response-Time: 108,95.101.134.116
X-Akamai-Request-ID: 17196181

{"code": 0, "message": "OK", "request_id": "20250106002017CEC11487BE4FE3E985C2", "data": {}}
2025-01-06T00:20:27+00:00 DEBUG POST: https://business-api.tiktok.com/open_api/v1.3/event/track/

{"partner_name":"WooCommerce","event_source":"web","event_source_id":"CSM79Q3C77UAG1T340I0","data":[{"event":"Pageview","event_id":"677b21cb680df_tt4b_woocommerce_670666209cf1f","event_time":1736122827,"user":{"ip":"66.249.66.19","user_agent":"Mozilla\/5.0 (Linux; Android 6.0.1; Nexus 5X Build\/MMB29P) AppleWebKit\/537.36 (KHTML, like Gecko) Chrome\/131.0.6778.204 Mobile Safari\/537.36 (compatible; Googlebot\/2.1; +http:\/\/www.google.com\/bot.html)","locale":"ar","external_id":"0","email":"e3b0c44298fc1c149afbf4c8996fb92427ae41e4649b934ca495991b7852b855","phone_number":"e3b0c44298fc1c149afbf4c8996fb92427ae41e4649b934ca495991b7852b855","first_name":"e3b0c44298fc1c149afbf4c8996fb92427ae41e4649b934ca495991b7852b855","last_name":"e3b0c44298fc1c149afbf4c8996fb92427ae41e4649b934ca495991b7852b855","zip_code":"e3b0c44298fc1c149afbf4c8996fb92427ae41e4649b934ca495991b7852b855"},"page":{"url":"http:\/\/mail.ibn-sinaa.com\/product\/print-personal-cards-fingerprint\/"}}]}
 ajax: no
2025-01-06T00:20:27+00:00 DEBUG Tt4b_Mapi_Class::mapi_post: Response: 

HTTP/1.1 200 OK
Server: nginx
Content-Type: application/json
Content-Length: 92
X-Tt-Logid: 20250106002027CEC11487BE4FE3E98811
Server-Timing: inner; dur=55
x-tt-trace-host: 018e5a586174a888928d793bdac74b79b520593bf434961dbceff88e4b17f9a156ea8ec522cfd7ccea6ae510a0f725f87febe277b3bafae54e505baf2da1310012cf88b82c5e8316f99b9847add6c9147e97b3d3cd9f093640df049c316ea4f9a9
x-tt-trace-id: 00-250106002027CEC11487BE4FE3E98811-28D9DCB78C3F94CC-00
Expires: Mon, 06 Jan 2025 00:20:27 GMT
Cache-Control: max-age=0, no-cache, no-store
Pragma: no-cache
Date: Mon, 06 Jan 2025 00:20:27 GMT
X-Cache: TCP_MISS from a95-101-134-116.deploy.akamaitechnologies.com (AkamaiGHost/11.7.2.1-9611f29bef89eba7b18045b10aa2af98) (-)
Connection: close
x-tt-trace-tag: id=16;cdn-cache=miss;type=dyn
Server-Timing: cdn-cache; desc=MISS, edge; dur=0, origin; dur=135
X-Origin-Response-Time: 135,95.101.134.116
X-Akamai-Request-ID: 1719b80d

{"code": 0, "message": "OK", "request_id": "20250106002027CEC11487BE4FE3E98811", "data": {}}
2025-01-06T00:20:27+00:00 DEBUG Tt4b_Pixel_Class::inject_view_content_event: hit ViewContent
2025-01-06T00:20:27+00:00 DEBUG POST: https://business-api.tiktok.com/open_api/v1.3/event/track/

{"partner_name":"WooCommerce","event_source":"web","event_source_id":"CSM79Q3C77UAG1T340I0","data":[{"event":"ViewContent","event_id":"677b21cba8585_tt4b_woocommerce_670666209cf1f_SKU_203","event_time":1736122827,"user":{"ip":"66.249.66.19","user_agent":"Mozilla\/5.0 (Linux; Android 6.0.1; Nexus 5X Build\/MMB29P) AppleWebKit\/537.36 (KHTML, like Gecko) Chrome\/131.0.6778.204 Mobile Safari\/537.36 (compatible; Googlebot\/2.1; +http:\/\/www.google.com\/bot.html)","locale":"ar","external_id":"0","email":"e3b0c44298fc1c149afbf4c8996fb92427ae41e4649b934ca495991b7852b855","phone_number":"e3b0c44298fc1c149afbf4c8996fb92427ae41e4649b934ca495991b7852b855","first_name":"e3b0c44298fc1c149afbf4c8996fb92427ae41e4649b934ca495991b7852b855","last_name":"e3b0c44298fc1c149afbf4c8996fb92427ae41e4649b934ca495991b7852b855","zip_code":"e3b0c44298fc1c149afbf4c8996fb92427ae41e4649b934ca495991b7852b855"},"properties":{"contents":[{"price":330,"quantity":1,"content_id":"SKU_203","content_name":"\u0637\u0628\u0627\u0639\u0629 \u0643\u0631\u0648\u062a \u0628\u0635\u0645\u0629","description":"\u0643\u0631\u0648\u062a \u0634\u062e\u0635\u064a\u0629 \u0645\u0639 \u0625\u0636\u0627\u0641\u0629 \u062a\u0623\u062b\u064a\u0631 \u0627\u0644\u0628\u0635\u0645\u0629.\r\n\u062a\u0646\u0641\u064a\u0630 \u0627\u0644\u0637\u0628\u0627\u0639\u0629 \u0639\u0644\u0649 \u0627\u0644\u0648\u062c\u0647\u064a\u0646 \u0648\u0631\u0642 \u0643\u0648\u0634\u064a\u0647 350 \u062c\u0631\u0627\u0645 \u0645\u0639 \u0637\u0628\u0642\u0629 \u0633\u0644\u0648\u0641\u0627\u0646 \u0648\u0642\u0635 \u062f\u0627\u0626\u0631\u064a \u0644\u0644\u0632\u0648\u0627\u064a\u0627.\r\n\u0645\u062f\u0629 \u0627\u0644\u062a\u0646\u0641\u064a\u0630 \u0627\u0644\u0645\u062a\u0648\u0642\u0639\u0629: \u0645\u0646 5 \u0625\u0644\u0649 7 \u0623\u064a\u0627\u0645 \u0639\u0645\u0644 \u0628\u0639\u062f \u0627\u0639\u062a\u0645\u0627\u062f \u0627\u0644\u062a\u0635\u0645\u064a\u0645 \u0648\u0627\u0644\u0637\u0644\u0628 \u062d\u0633\u0628 \u0627\u0644\u0643\u0645\u064a\u0629 (\u062a\u0632\u064a\u062f \u0627\u0644\u0645\u062f\u0629 \u0639\u0646\u062f \u0637\u0644\u0628 \u0627\u0644\u0634\u062d\u0646).","availability":"IN_STOCK","sale_price":330,"on_sale":false}],"content_type":"product","currency":"SAR","value":330,"event_trigger_source":"WooCommerce"},"page":{"url":"http:\/\/mail.ibn-sinaa.com\/product\/print-personal-cards-fingerprint\/"}}]}
 ajax: no
2025-01-06T00:20:27+00:00 DEBUG Tt4b_Mapi_Class::mapi_post: Response: 

HTTP/1.1 200 OK
Server: nginx
Content-Type: application/json
Content-Length: 92
X-Tt-Logid: 2025010600202720C040239746B2157A26
Server-Timing: inner; dur=44
x-tt-trace-host: 018e5a586174a888928d793bdac74b79b51a437ee89a1c03eb2011d034a2e3e9f5387e8511cadd7d26f07bb0620c27a922c01e765b3aa569a100342517f47f91d0cbd5a4fe4f854bd054271aa89f4dd98552fc660e4ec5d06d64a7e3329031b523
x-tt-trace-id: 00-25010600202720C040239746B2157A26-73AE06A6343360D5-00
Expires: Mon, 06 Jan 2025 00:20:27 GMT
Cache-Control: max-age=0, no-cache, no-store
Pragma: no-cache
Date: Mon, 06 Jan 2025 00:20:27 GMT
X-Cache: TCP_MISS from a95-101-134-92.deploy.akamaitechnologies.com (AkamaiGHost/11.7.2.1-9611f29bef89eba7b18045b10aa2af98) (-)
Connection: close
x-tt-trace-tag: id=16;cdn-cache=miss;type=dyn
Server-Timing: cdn-cache; desc=MISS, edge; dur=0, origin; dur=126
X-Origin-Response-Time: 126,95.101.134.92
X-Akamai-Request-ID: 19c7c4ec

{"code": 0, "message": "OK", "request_id": "2025010600202720C040239746B2157A26", "data": {}}
2025-01-06T00:21:14+00:00 DEBUG POST: https://business-api.tiktok.com/open_api/v1.3/event/track/

{"partner_name":"WooCommerce","event_source":"web","event_source_id":"CSM79Q3C77UAG1T340I0","data":[{"event":"Pageview","event_id":"677b21fab138d_tt4b_woocommerce_670666209cf1f","event_time":1736122874,"user":{"ip":"54.36.148.36","user_agent":"Mozilla\/5.0 (compatible; AhrefsBot\/7.0; +http:\/\/ahrefs.com\/robot\/)","locale":"ar","external_id":"0","email":"e3b0c44298fc1c149afbf4c8996fb92427ae41e4649b934ca495991b7852b855","phone_number":"e3b0c44298fc1c149afbf4c8996fb92427ae41e4649b934ca495991b7852b855","first_name":"e3b0c44298fc1c149afbf4c8996fb92427ae41e4649b934ca495991b7852b855","last_name":"e3b0c44298fc1c149afbf4c8996fb92427ae41e4649b934ca495991b7852b855","zip_code":"e3b0c44298fc1c149afbf4c8996fb92427ae41e4649b934ca495991b7852b855"},"page":{"url":"http:\/\/mail.ibn-sinaa.com\/product\/luxury-ice-gold-business-card-printing\/"}}]}
 ajax: no
2025-01-06T00:21:14+00:00 DEBUG Tt4b_Mapi_Class::mapi_post: Response: 

HTTP/1.1 200 OK
Server: nginx
Content-Type: application/json
Content-Length: 92
X-Tt-Logid: 20250106002114ABE7ECE329901275B0E7
x-tt-trace-host: 018e5a586174a888928d793bdac74b79b56517d7628cf0ffdff56b078ad2cf561549fef2e08b26796574d414ae9df4b1e0d7b70fc804ac76811b454d05af167432d863e9c8d92ab2f344729aa2cbb8d6135cc5900a8e0c7a6ffe73ba893ec30ecf29c0a841f59e8f31658248e26085a892
x-tt-trace-id: 00-250106002114ABE7ECE329901275B0E7-58048018396EECDC-00
X-Origin-Response-Time: 41,23.52.15.209
X-Akamai-Request-ID: 80f4c093.19ca42fe
Expires: Mon, 06 Jan 2025 00:21:14 GMT
Cache-Control: max-age=0, no-cache, no-store
Pragma: no-cache
Date: Mon, 06 Jan 2025 00:21:14 GMT
X-Cache: TCP_MISS from a95-101-134-92.deploy.akamaitechnologies.com (AkamaiGHost/11.7.2.1-9611f29bef89eba7b18045b10aa2af98) (-)
Connection: close
X-Cache-Remote: TCP_MISS from a23-52-15-209.deploy.akamaitechnologies.com (AkamaiGHost/11.7.2.1-9611f29bef89eba7b18045b10aa2af98) (-)
x-tt-trace-tag: id=16;cdn-cache=miss;type=dyn
Server-Timing: cdn-cache; desc=MISS, edge; dur=81, origin; dur=41
Server-Timing: inner; dur=37
X-Parent-Response-Time: 122,95.101.134.92

{"code": 0, "message": "OK", "request_id": "20250106002114ABE7ECE329901275B0E7", "data": {}}
2025-01-06T00:21:14+00:00 DEBUG Tt4b_Pixel_Class::inject_view_content_event: hit ViewContent
2025-01-06T00:21:14+00:00 DEBUG POST: https://business-api.tiktok.com/open_api/v1.3/event/track/

{"partner_name":"WooCommerce","event_source":"web","event_source_id":"CSM79Q3C77UAG1T340I0","data":[{"event":"ViewContent","event_id":"677b21faf1d0c_tt4b_woocommerce_670666209cf1f_SKU_1194","event_time":1736122874,"user":{"ip":"54.36.148.36","user_agent":"Mozilla\/5.0 (compatible; AhrefsBot\/7.0; +http:\/\/ahrefs.com\/robot\/)","locale":"ar","external_id":"0","email":"e3b0c44298fc1c149afbf4c8996fb92427ae41e4649b934ca495991b7852b855","phone_number":"e3b0c44298fc1c149afbf4c8996fb92427ae41e4649b934ca495991b7852b855","first_name":"e3b0c44298fc1c149afbf4c8996fb92427ae41e4649b934ca495991b7852b855","last_name":"e3b0c44298fc1c149afbf4c8996fb92427ae41e4649b934ca495991b7852b855","zip_code":"e3b0c44298fc1c149afbf4c8996fb92427ae41e4649b934ca495991b7852b855"},"properties":{"contents":[{"price":75,"quantity":1,"content_id":"SKU_1194","content_name":"\u0637\u0628\u0627\u0639\u0629 \u0643\u0631\u0648\u062a \u0634\u062e\u0635\u064a\u0629 \u0627\u064a\u0633 \u062c\u0648\u0644\u062f","description":"<ul>\r\n \t<li>\u0637\u0628\u0627\u0639\u0629 \u0643\u0631\u0648\u062a \u0639\u0644\u0649 \u0648\u0631\u0642 \u0623\u064a\u0633 \u0642\u0648\u0644\u062f \u0627\u0648 \u0627\u0628\u064a\u0636 \u0641\u0627\u062e\u0631 250 \u062c\u0631\u0627\u0645.<\/li>\r\n \t<li>\u0645\u0642\u0627\u0633 \u0627\u0644\u0643\u0631\u062a \u0627\u0644\u0634\u062e\u0635\u064a 9 \u00d7 5 \u0633\u0645 \u2013 \u0627\u0642\u0644 \u0643\u0645\u064a\u0629 \u0644\u0644\u0637\u0644\u0628 100 \u0643\u0631\u062a.<\/li>\r\n \t<li>\u0645\u062f\u0629 \u0627\u0644\u062a\u0646\u0641\u064a\u0630 \u0627\u0644\u0645\u062a\u0648\u0642\u0639\u0629: 3 \u2013 5 \u0623\u064a\u0627\u0645 \u0639\u0645\u0644 \u0628\u0639\u062f \u062a\u0623\u0643\u064a\u062f \u0627\u0644\u0637\u0644\u0628 \u0648\u0627\u0644\u062a\u0623\u0643\u062f \u0645\u0646 \u0627\u0644\u062a\u0635\u0645\u064a\u0645 \u0648\u062d\u0633\u0628 \u0627\u0644\u0643\u0645\u064a\u0629 (\u062a\u0632\u064a\u062f \u0627\u0644\u0645\u062f\u0629 \u0639\u0646\u062f \u0637\u0644\u0628 \u0627\u0644\u0634\u062d\u0646).<\/li>\r\n<\/ul>\r\n&nbsp;","availability":"IN_STOCK","sale_price":75,"on_sale":false}],"content_type":"product","currency":"SAR","value":75,"event_trigger_source":"WooCommerce"},"page":{"url":"http:\/\/mail.ibn-sinaa.com\/product\/luxury-ice-gold-business-card-printing\/"}}]}
 ajax: no
2025-01-06T00:21:15+00:00 DEBUG Tt4b_Mapi_Class::mapi_post: Response: 

HTTP/1.1 200 OK
Server: nginx
Content-Type: application/json
Content-Length: 92
X-Tt-Logid: 20250106002115D4DA411117F9A37646F6
Server-Timing: inner; dur=40
x-tt-trace-host: 018e5a586174a888928d793bdac74b79b520593bf434961dbceff88e4b17f9a156c3aef135ce81c7e98514649bba833d0e1093ab334323dd2e5ee144627fe58c1572cf04206234ea9c2dbda81c60a605dcd8802ea47855d0a2bd234a85ea7abd70
x-tt-trace-id: 00-250106002115D4DA411117F9A37646F6-5210D10281C8F8A6-00
Expires: Mon, 06 Jan 2025 00:21:15 GMT
Cache-Control: max-age=0, no-cache, no-store
Pragma: no-cache
Date: Mon, 06 Jan 2025 00:21:15 GMT
X-Cache: TCP_MISS from a95-101-134-116.deploy.akamaitechnologies.com (AkamaiGHost/11.7.2.1-9611f29bef89eba7b18045b10aa2af98) (-)
Connection: close
x-tt-trace-tag: id=16;cdn-cache=miss;type=dyn
Server-Timing: cdn-cache; desc=MISS, edge; dur=0, origin; dur=120
X-Origin-Response-Time: 120,95.101.134.116
X-Akamai-Request-ID: 171b37e2

{"code": 0, "message": "OK", "request_id": "20250106002115D4DA411117F9A37646F6", "data": {}}
2025-01-06T00:23:28+00:00 DEBUG POST: https://business-api.tiktok.com/open_api/v1.3/event/track/

{"partner_name":"WooCommerce","event_source":"web","event_source_id":"CSM79Q3C77UAG1T340I0","data":[{"event":"Pageview","event_id":"677b228000e7c_tt4b_woocommerce_670666209cf1f","event_time":1736123008,"user":{"ip":"66.249.66.168","user_agent":"Mozilla\/5.0 (Linux; Android 6.0.1; Nexus 5X Build\/MMB29P) AppleWebKit\/537.36 (KHTML, like Gecko) Chrome\/131.0.6778.204 Mobile Safari\/537.36 (compatible; Googlebot\/2.1; +http:\/\/www.google.com\/bot.html)","locale":"ar","external_id":"0","email":"e3b0c44298fc1c149afbf4c8996fb92427ae41e4649b934ca495991b7852b855","phone_number":"e3b0c44298fc1c149afbf4c8996fb92427ae41e4649b934ca495991b7852b855","first_name":"e3b0c44298fc1c149afbf4c8996fb92427ae41e4649b934ca495991b7852b855","last_name":"e3b0c44298fc1c149afbf4c8996fb92427ae41e4649b934ca495991b7852b855","zip_code":"e3b0c44298fc1c149afbf4c8996fb92427ae41e4649b934ca495991b7852b855"},"page":{"url":"http:\/\/www.ibn-sinaa.com\/product-category\/digital-printing\/page\/2\/"}}]}
 ajax: no
2025-01-06T00:23:28+00:00 DEBUG Tt4b_Mapi_Class::mapi_post: Response: 

HTTP/1.1 200 OK
Server: nginx
Content-Type: application/json
Content-Length: 92
X-Tt-Logid: 202501060023281B7B730DAE7B16772B65
x-tt-trace-host: 018e5a586174a888928d793bdac74b79b519a86797e72c2eba011e03e23beee17dcf24f51a3f66ece77f80810e3829c48005a686724290e98725a88df10ca8dde740b546603dd8c91027d52bae7e8fd72d62138edfad9cbc95042ee1780a06929b2f6a0e93bd2cf83a30fde9f39e1751e6
x-tt-trace-id: 00-2501060023281B7B730DAE7B16772B65-61C14DB12CF265C9-00
X-Origin-Response-Time: 88,23.218.219.5
X-Akamai-Request-ID: 686bc66.171f3eaa
Expires: Mon, 06 Jan 2025 00:23:28 GMT
Cache-Control: max-age=0, no-cache, no-store
Pragma: no-cache
Date: Mon, 06 Jan 2025 00:23:28 GMT
X-Cache: TCP_MISS from a95-101-134-116.deploy.akamaitechnologies.com (AkamaiGHost/11.7.2.1-9611f29bef89eba7b18045b10aa2af98) (-)
Connection: close
X-Cache-Remote: TCP_MISS from a23-218-219-5.deploy.akamaitechnologies.com (AkamaiGHost/11.7.2.1-9611f29bef89eba7b18045b10aa2af98) (-)
x-tt-trace-tag: id=16;cdn-cache=miss;type=dyn
Server-Timing: cdn-cache; desc=MISS, edge; dur=84, origin; dur=87
Server-Timing: inner; dur=83
X-Parent-Response-Time: 171,95.101.134.116

{"code": 0, "message": "OK", "request_id": "202501060023281B7B730DAE7B16772B65", "data": {}}
2025-01-06T00:23:28+00:00 DEBUG POST: https://business-api.tiktok.com/open_api/v1.3/event/track/

{"partner_name":"WooCommerce","event_source":"web","event_source_id":"CSM79Q3C77UAG1T340I0","data":[{"event":"Pageview","event_id":"677b22808f500_tt4b_woocommerce_670666209cf1f","event_time":1736123008,"user":{"ip":"207.46.13.157","user_agent":"Mozilla\/5.0 AppleWebKit\/537.36 (KHTML, like Gecko; compatible; bingbot\/2.0; +http:\/\/www.bing.com\/bingbot.htm) Chrome\/116.0.1938.76 Safari\/537.36","locale":"ar","external_id":"0","email":"e3b0c44298fc1c149afbf4c8996fb92427ae41e4649b934ca495991b7852b855","phone_number":"e3b0c44298fc1c149afbf4c8996fb92427ae41e4649b934ca495991b7852b855","first_name":"e3b0c44298fc1c149afbf4c8996fb92427ae41e4649b934ca495991b7852b855","last_name":"e3b0c44298fc1c149afbf4c8996fb92427ae41e4649b934ca495991b7852b855","zip_code":"e3b0c44298fc1c149afbf4c8996fb92427ae41e4649b934ca495991b7852b855"},"page":{"url":"http:\/\/www.ibn-sinaa.com\/?lang=ar"}}]}
 ajax: no
2025-01-06T00:23:28+00:00 DEBUG Tt4b_Mapi_Class::mapi_post: Response: 

HTTP/1.1 200 OK
Server: nginx
Content-Type: application/json
Content-Length: 92
X-Tt-Logid: 20250106002328D9C7421BAC3DF96C01AA
x-tt-trace-host: 018e5a586174a888928d793bdac74b79b56517d7628cf0ffdff56b078ad2cf5615f85a211392a3a10edf271a3cfe7c1973e9b7e081ebd1494b12b9195dfaa8626e197d3194bf7d3a93d862ddfad5c440aaa5e19d9966f2fb5f382b2e02fb7c625d01e89431af1d0e14c9eb520b290520c7
x-tt-trace-id: 00-250106002328D9C7421BAC3DF96C01AA-7389CBE786A4A6DF-00
X-Origin-Response-Time: 41,23.55.100.232
X-Akamai-Request-ID: 46cabfb8.19d142ce
Expires: Mon, 06 Jan 2025 00:23:28 GMT
Cache-Control: max-age=0, no-cache, no-store
Pragma: no-cache
Date: Mon, 06 Jan 2025 00:23:28 GMT
X-Cache: TCP_MISS from a95-101-134-92.deploy.akamaitechnologies.com (AkamaiGHost/11.7.2.1-9611f29bef89eba7b18045b10aa2af98) (-)
Connection: close
X-Cache-Remote: TCP_MISS from a23-55-100-232.deploy.akamaitechnologies.com (AkamaiGHost/11.7.2.1-9611f29bef89eba7b18045b10aa2af98) (-)
x-tt-trace-tag: id=16;cdn-cache=miss;type=dyn
Server-Timing: cdn-cache; desc=MISS, edge; dur=110, origin; dur=40
Server-Timing: inner; dur=23
X-Parent-Response-Time: 148,95.101.134.92

{"code": 0, "message": "OK", "request_id": "20250106002328D9C7421BAC3DF96C01AA", "data": {}}
2025-01-06T00:23:50+00:00 DEBUG POST: https://business-api.tiktok.com/open_api/v1.3/event/track/

{"partner_name":"WooCommerce","event_source":"web","event_source_id":"CSM79Q3C77UAG1T340I0","data":[{"event":"Pageview","event_id":"677b22966cabb_tt4b_woocommerce_670666209cf1f","event_time":1736123030,"user":{"ip":"66.249.66.166","user_agent":"Mozilla\/5.0 (Linux; Android 6.0.1; Nexus 5X Build\/MMB29P) AppleWebKit\/537.36 (KHTML, like Gecko) Chrome\/131.0.6778.204 Mobile Safari\/537.36 (compatible; Googlebot\/2.1; +http:\/\/www.google.com\/bot.html)","locale":"ar","external_id":"0","email":"e3b0c44298fc1c149afbf4c8996fb92427ae41e4649b934ca495991b7852b855","phone_number":"e3b0c44298fc1c149afbf4c8996fb92427ae41e4649b934ca495991b7852b855","first_name":"e3b0c44298fc1c149afbf4c8996fb92427ae41e4649b934ca495991b7852b855","last_name":"e3b0c44298fc1c149afbf4c8996fb92427ae41e4649b934ca495991b7852b855","zip_code":"e3b0c44298fc1c149afbf4c8996fb92427ae41e4649b934ca495991b7852b855"},"page":{"url":"http:\/\/www.ibn-sinaa.com\/product-tag\/%D9%85%D8%AA%D8%AC%D8%B1-%D8%B7%D8%A8%D8%A7%D8%B9%D8%A9\/"}}]}
 ajax: no
2025-01-06T00:23:50+00:00 DEBUG Tt4b_Mapi_Class::mapi_post: Response: 

HTTP/1.1 200 OK
Server: nginx
Content-Type: application/json
Content-Length: 92
X-Tt-Logid: 202501060023504B151BE2DB8775F238E4
x-tt-trace-host: 018e5a586174a888928d793bdac74b79b519a86797e72c2eba011e03e23beee17d4d41d1347f42fe3659bbd5aeebef20fe2fc3f1585b826fd8226c2a557fd8eec1163d0be8739857e8739d809fd22172257915c63ade96137b28688296ab93b2f74314693dde4d2e9904708ad29dd62f87
x-tt-trace-id: 00-2501060023504B151BE2DB8775F238E4-01EA24981C8D690F-00
X-Origin-Response-Time: 31,23.52.15.204
X-Akamai-Request-ID: f1dd5554.171fe905
Expires: Mon, 06 Jan 2025 00:23:50 GMT
Cache-Control: max-age=0, no-cache, no-store
Pragma: no-cache
Date: Mon, 06 Jan 2025 00:23:50 GMT
X-Cache: TCP_MISS from a95-101-134-116.deploy.akamaitechnologies.com (AkamaiGHost/11.7.2.1-9611f29bef89eba7b18045b10aa2af98) (-)
Connection: close
X-Cache-Remote: TCP_MISS from a23-52-15-204.deploy.akamaitechnologies.com (AkamaiGHost/11.7.2.1-9611f29bef89eba7b18045b10aa2af98) (-)
x-tt-trace-tag: id=16;cdn-cache=miss;type=dyn
Server-Timing: cdn-cache; desc=MISS, edge; dur=81, origin; dur=31
Server-Timing: inner; dur=27
X-Parent-Response-Time: 112,95.101.134.116

{"code": 0, "message": "OK", "request_id": "202501060023504B151BE2DB8775F238E4", "data": {}}
2025-01-06T00:27:07+00:00 DEBUG POST: https://business-api.tiktok.com/open_api/v1.3/event/track/

{"partner_name":"WooCommerce","event_source":"web","event_source_id":"CSM79Q3C77UAG1T340I0","data":[{"event":"Pageview","event_id":"677b235b592ff_tt4b_woocommerce_670666209cf1f","event_time":1736123227,"user":{"ip":"66.249.66.167","user_agent":"Mozilla\/5.0 (Linux; Android 6.0.1; Nexus 5X Build\/MMB29P) AppleWebKit\/537.36 (KHTML, like Gecko) Chrome\/131.0.6778.139 Mobile Safari\/537.36 (compatible; Googlebot\/2.1; +http:\/\/www.google.com\/bot.html)","locale":"ar","external_id":"0","email":"e3b0c44298fc1c149afbf4c8996fb92427ae41e4649b934ca495991b7852b855","phone_number":"e3b0c44298fc1c149afbf4c8996fb92427ae41e4649b934ca495991b7852b855","first_name":"e3b0c44298fc1c149afbf4c8996fb92427ae41e4649b934ca495991b7852b855","last_name":"e3b0c44298fc1c149afbf4c8996fb92427ae41e4649b934ca495991b7852b855","zip_code":"e3b0c44298fc1c149afbf4c8996fb92427ae41e4649b934ca495991b7852b855"},"page":{"url":"http:\/\/www.ibn-sinaa.com\/"}}]}
 ajax: no
2025-01-06T00:27:07+00:00 DEBUG Tt4b_Mapi_Class::mapi_post: Response: 

HTTP/1.1 200 OK
Server: nginx
Content-Type: application/json
Content-Length: 92
X-Tt-Logid: 20250106002707E594CAF0B15652E39C9B
Server-Timing: inner; dur=23
x-tt-trace-host: 018e5a586174a888928d793bdac74b79b51a437ee89a1c03eb2011d034a2e3e9f58d65517240c15757ba66944525e6429b3105264f2fe58cd233325d037c3c0d544485aea07a77a2adcdec8e590e5d4c7540a9f105aecd62fa069449157c9cfc0f
x-tt-trace-id: 00-250106002707E594CAF0B15652E39C9B-75D99B3D2A94F256-00
Expires: Mon, 06 Jan 2025 00:27:07 GMT
Cache-Control: max-age=0, no-cache, no-store
Pragma: no-cache
Date: Mon, 06 Jan 2025 00:27:07 GMT
X-Cache: TCP_MISS from a95-101-134-92.deploy.akamaitechnologies.com (AkamaiGHost/11.7.2.1-9611f29bef89eba7b18045b10aa2af98) (-)
Connection: close
x-tt-trace-tag: id=16;cdn-cache=miss;type=dyn
Server-Timing: cdn-cache; desc=MISS, edge; dur=4, origin; dur=272
X-Origin-Response-Time: 272,95.101.134.92
X-Akamai-Request-ID: 19dc5e39

{"code": 0, "message": "OK", "request_id": "20250106002707E594CAF0B15652E39C9B", "data": {}}
2025-01-06T00:31:52+00:00 DEBUG POST: https://business-api.tiktok.com/open_api/v1.3/event/track/

{"partner_name":"WooCommerce","event_source":"web","event_source_id":"CSM79Q3C77UAG1T340I0","data":[{"event":"Pageview","event_id":"677b247881304_tt4b_woocommerce_670666209cf1f","event_time":1736123512,"user":{"ip":"54.36.148.88","user_agent":"Mozilla\/5.0 (compatible; AhrefsBot\/7.0; +http:\/\/ahrefs.com\/robot\/)","locale":"ar","external_id":"0","email":"e3b0c44298fc1c149afbf4c8996fb92427ae41e4649b934ca495991b7852b855","phone_number":"e3b0c44298fc1c149afbf4c8996fb92427ae41e4649b934ca495991b7852b855","first_name":"e3b0c44298fc1c149afbf4c8996fb92427ae41e4649b934ca495991b7852b855","last_name":"e3b0c44298fc1c149afbf4c8996fb92427ae41e4649b934ca495991b7852b855","zip_code":"e3b0c44298fc1c149afbf4c8996fb92427ae41e4649b934ca495991b7852b855"},"page":{"url":"http:\/\/mail.ibn-sinaa.com\/product\/print-notebook-thick-cover-a6\/"}}]}
 ajax: no
2025-01-06T00:31:52+00:00 DEBUG Tt4b_Mapi_Class::mapi_post: Response: 

HTTP/1.1 200 OK
Server: nginx
Content-Type: application/json
Content-Length: 92
X-Tt-Logid: 202501060031528594F31096E18CA8B862
x-tt-trace-host: 018e5a586174a888928d793bdac74b79b519a86797e72c2eba011e03e23beee17d52316988183b6e53fabe1c1dd56caa29e94c4660b50cb74243fbd0cff33ebd38116b672f79f512f4701bbc877d780a6c215e5cb5bbc822c8917efa9540db60bcd59fcfa8d3d11d1e3b3bc8824206f446
x-tt-trace-id: 00-2501060031528594F31096E18CA8B862-572A5CE0267D9CAB-00
X-Origin-Response-Time: 26,23.218.219.43
X-Akamai-Request-ID: 2a100ab1.172fd6f2
Expires: Mon, 06 Jan 2025 00:31:52 GMT
Cache-Control: max-age=0, no-cache, no-store
Pragma: no-cache
Date: Mon, 06 Jan 2025 00:31:52 GMT
X-Cache: TCP_MISS from a95-101-134-116.deploy.akamaitechnologies.com (AkamaiGHost/11.7.2.1-9611f29bef89eba7b18045b10aa2af98) (-)
Connection: close
X-Cache-Remote: TCP_MISS from a23-218-219-43.deploy.akamaitechnologies.com (AkamaiGHost/11.7.2.1-9611f29bef89eba7b18045b10aa2af98) (-)
x-tt-trace-tag: id=16;cdn-cache=miss;type=dyn
Server-Timing: cdn-cache; desc=MISS, edge; dur=85, origin; dur=26
Server-Timing: inner; dur=22
X-Parent-Response-Time: 111,95.101.134.116

{"code": 0, "message": "OK", "request_id": "202501060031528594F31096E18CA8B862", "data": {}}
2025-01-06T00:31:52+00:00 DEBUG Tt4b_Pixel_Class::inject_view_content_event: hit ViewContent
2025-01-06T00:31:52+00:00 DEBUG POST: https://business-api.tiktok.com/open_api/v1.3/event/track/

{"partner_name":"WooCommerce","event_source":"web","event_source_id":"CSM79Q3C77UAG1T340I0","data":[{"event":"ViewContent","event_id":"677b2478c44eb_tt4b_woocommerce_670666209cf1f_4003","event_time":1736123512,"user":{"ip":"54.36.148.88","user_agent":"Mozilla\/5.0 (compatible; AhrefsBot\/7.0; +http:\/\/ahrefs.com\/robot\/)","locale":"ar","external_id":"0","email":"e3b0c44298fc1c149afbf4c8996fb92427ae41e4649b934ca495991b7852b855","phone_number":"e3b0c44298fc1c149afbf4c8996fb92427ae41e4649b934ca495991b7852b855","first_name":"e3b0c44298fc1c149afbf4c8996fb92427ae41e4649b934ca495991b7852b855","last_name":"e3b0c44298fc1c149afbf4c8996fb92427ae41e4649b934ca495991b7852b855","zip_code":"e3b0c44298fc1c149afbf4c8996fb92427ae41e4649b934ca495991b7852b855"},"properties":{"contents":[{"price":59,"quantity":1,"content_id":"4003","content_name":"\u0637\u0628\u0627\u0639\u0629 \u0646\u0648\u062a\u0629 \u063a\u0644\u0627\u0641 \u0633\u0645\u064a\u0643 A6","description":"\u0646\u0648\u062a\u0629 \u0645\u0639 \u063a\u0644\u0627\u0641 \u0633\u0645\u064a\u0643 \u0645\u0642\u0627\u0633 A6 \u0648\u0648\u0631\u0642 \u062f\u0627\u062e\u0644\u064a \u0627\u0628\u064a\u0636 \u0648 \u0627\u0633\u0648\u062f.\r\n\u0627\u0644\u0648\u0631\u0642 \u0627\u0644\u062f\u0627\u062e\u0644\u064a: \u0648\u0631\u0642 \u0639\u0627\u062f\u064a 80 \u062c\u0631\u0627\u0645 \u0639\u062f\u062f 50 \u0648\u0642\u0629 \u060c \u0627\u0644\u063a\u0644\u0627\u0641: \u0648\u0631\u0642 \u0643\u0648\u0634\u064a\u0647 350 \u062c\u0631\u0627\u0645 \u0645\u0639 \u0633\u0644\u0641\u0627\u0646.\r\n\u0645\u062f\u0629 \u0627\u0644\u062a\u0646\u0641\u064a\u0630 \u0627\u0644\u0645\u062a\u0648\u0642\u0639\u0629: \u0645\u0646 3 \u0625\u0644\u0649 5 \u0623\u064a\u0627\u0645 \u0639\u0645\u0644 \u0628\u0639\u062f \u0627\u0639\u062a\u0645\u0627\u062f \u0627\u0644\u062a\u0635\u0645\u064a\u0645 \u0648\u0627\u0644\u0637\u0644\u0628 \u062d\u0633\u0628 \u0627\u0644\u0643\u0645\u064a\u0629 (\u062a\u0632\u064a\u062f \u0627\u0644\u0645\u062f\u0629 \u0639\u0646\u062f \u0637\u0644\u0628 \u0627\u0644\u0634\u062d\u0646).","availability":"IN_STOCK","sale_price":59,"on_sale":false}],"content_type":"product","currency":"SAR","value":59,"event_trigger_source":"WooCommerce"},"page":{"url":"http:\/\/mail.ibn-sinaa.com\/product\/print-notebook-thick-cover-a6\/"}}]}
 ajax: no
2025-01-06T00:31:52+00:00 DEBUG Tt4b_Mapi_Class::mapi_post: Response: 

HTTP/1.1 200 OK
Server: nginx
Content-Type: application/json
Content-Length: 92
X-Tt-Logid: 20250106003152EB94CDC44F3E84E8DF2D
Server-Timing: inner; dur=25
x-tt-trace-host: 018e5a586174a888928d793bdac74b79b51a437ee89a1c03eb2011d034a2e3e9f5b2883820e147e65d49568ccd0afe30671e4acea339bdf65dc2e89c906ca157933da3367615d6a3a908643c4075637f235a71e5ea90f332e9be1e330e4b1042d0
x-tt-trace-id: 00-250106003152EB94CDC44F3E84E8DF2D-27FFCEE769ED1CCD-00
Expires: Mon, 06 Jan 2025 00:31:52 GMT
Cache-Control: max-age=0, no-cache, no-store
Pragma: no-cache
Date: Mon, 06 Jan 2025 00:31:52 GMT
X-Cache: TCP_MISS from a95-101-134-92.deploy.akamaitechnologies.com (AkamaiGHost/11.7.2.1-9611f29bef89eba7b18045b10aa2af98) (-)
Connection: close
x-tt-trace-tag: id=16;cdn-cache=miss;type=dyn
Server-Timing: cdn-cache; desc=MISS, edge; dur=1, origin; dur=104
X-Origin-Response-Time: 104,95.101.134.92
X-Akamai-Request-ID: 19e92138

{"code": 0, "message": "OK", "request_id": "20250106003152EB94CDC44F3E84E8DF2D", "data": {}}
2025-01-06T00:33:10+00:00 DEBUG POST: https://business-api.tiktok.com/open_api/v1.3/event/track/

{"partner_name":"WooCommerce","event_source":"web","event_source_id":"CSM79Q3C77UAG1T340I0","data":[{"event":"Pageview","event_id":"677b24c652277_tt4b_woocommerce_670666209cf1f","event_time":1736123590,"user":{"ip":"207.46.13.130","user_agent":"Mozilla\/5.0 AppleWebKit\/537.36 (KHTML, like Gecko; compatible; bingbot\/2.0; +http:\/\/www.bing.com\/bingbot.htm) Chrome\/116.0.1938.76 Safari\/537.36","locale":"ar","external_id":"0","email":"e3b0c44298fc1c149afbf4c8996fb92427ae41e4649b934ca495991b7852b855","phone_number":"e3b0c44298fc1c149afbf4c8996fb92427ae41e4649b934ca495991b7852b855","first_name":"e3b0c44298fc1c149afbf4c8996fb92427ae41e4649b934ca495991b7852b855","last_name":"e3b0c44298fc1c149afbf4c8996fb92427ae41e4649b934ca495991b7852b855","zip_code":"e3b0c44298fc1c149afbf4c8996fb92427ae41e4649b934ca495991b7852b855"},"page":{"url":"http:\/\/www.ibn-sinaa.com\/page\/10\/"}}]}
 ajax: no
2025-01-06T00:33:10+00:00 DEBUG Tt4b_Mapi_Class::mapi_post: Response: 

HTTP/1.1 200 OK
Server: nginx
Content-Type: application/json
Content-Length: 92
X-Tt-Logid: 20250106003310F8D4FF53DD1789FD3664
x-tt-trace-host: 018e5a586174a888928d793bdac74b79b519a86797e72c2eba011e03e23beee17d14a17a7dd69e05a150f815b736a2cfe87d6f8e658cff35302dcb7fdeb7485ea24b1af813b9db03f61a24cbda0f02fbedd6a5ec36d43f277f3a7f4a3abbb4f9fe7c1d002d7966007644e09070e2eae617
x-tt-trace-id: 00-250106003310F8D4FF53DD1789FD3664-4577C0BD6F739E38-00
X-Origin-Response-Time: 31,23.207.199.29
X-Akamai-Request-ID: 4a7d6d2d.1731c07f
Expires: Mon, 06 Jan 2025 00:33:10 GMT
Cache-Control: max-age=0, no-cache, no-store
Pragma: no-cache
Date: Mon, 06 Jan 2025 00:33:10 GMT
X-Cache: TCP_MISS from a95-101-134-116.deploy.akamaitechnologies.com (AkamaiGHost/11.7.2.1-9611f29bef89eba7b18045b10aa2af98) (-)
Connection: close
X-Cache-Remote: TCP_MISS from a23-207-199-29.deploy.akamaitechnologies.com (AkamaiGHost/11.7.2.1-9611f29bef89eba7b18045b10aa2af98) (-)
x-tt-trace-tag: id=16;cdn-cache=miss;type=dyn
Server-Timing: cdn-cache; desc=MISS, edge; dur=84, origin; dur=31
Server-Timing: inner; dur=27
X-Parent-Response-Time: 115,95.101.134.116

{"code": 0, "message": "OK", "request_id": "20250106003310F8D4FF53DD1789FD3664", "data": {}}
2025-01-06T00:36:04+00:00 DEBUG POST: https://business-api.tiktok.com/open_api/v1.3/event/track/

{"partner_name":"WooCommerce","event_source":"web","event_source_id":"CSM79Q3C77UAG1T340I0","data":[{"event":"Pageview","event_id":"677b25749db79_tt4b_woocommerce_670666209cf1f","event_time":1736123764,"user":{"ip":"66.249.66.71","user_agent":"Mozilla\/5.0 (Linux; Android 6.0.1; Nexus 5X Build\/MMB29P) AppleWebKit\/537.36 (KHTML, like Gecko) Chrome\/131.0.6778.139 Mobile Safari\/537.36 (compatible; Googlebot\/2.1; +http:\/\/www.google.com\/bot.html)","locale":"ar","external_id":"0","email":"e3b0c44298fc1c149afbf4c8996fb92427ae41e4649b934ca495991b7852b855","phone_number":"e3b0c44298fc1c149afbf4c8996fb92427ae41e4649b934ca495991b7852b855","first_name":"e3b0c44298fc1c149afbf4c8996fb92427ae41e4649b934ca495991b7852b855","last_name":"e3b0c44298fc1c149afbf4c8996fb92427ae41e4649b934ca495991b7852b855","zip_code":"e3b0c44298fc1c149afbf4c8996fb92427ae41e4649b934ca495991b7852b855"},"page":{"url":"http:\/\/ibn-sinaa.com\/product\/roll-up-x\/"}}]}
 ajax: no
2025-01-06T00:36:04+00:00 DEBUG Tt4b_Mapi_Class::mapi_post: Response: 

HTTP/1.1 200 OK
Server: nginx
Content-Type: application/json
Content-Length: 92
X-Tt-Logid: 2025010600360470C83002401E5A032F78
Server-Timing: inner; dur=35
x-tt-trace-host: 018e5a586174a888928d793bdac74b79b51a437ee89a1c03eb2011d034a2e3e9f5287b2ccb55a39056eac292f5ccf48391248a00aa409b6de23b84f90c6b6857afdba234298c30534fddd20e36c9f525fe4534f7a3a1b3a9026ebf32560157fd73
x-tt-trace-id: 00-25010600360470C83002401E5A032F78-552B7F968D01723E-00
Expires: Mon, 06 Jan 2025 00:36:04 GMT
Cache-Control: max-age=0, no-cache, no-store
Pragma: no-cache
Date: Mon, 06 Jan 2025 00:36:04 GMT
X-Cache: TCP_MISS from a95-101-134-92.deploy.akamaitechnologies.com (AkamaiGHost/11.7.2.1-9611f29bef89eba7b18045b10aa2af98) (-)
Connection: close
x-tt-trace-tag: id=16;cdn-cache=miss;type=dyn
Server-Timing: cdn-cache; desc=MISS, edge; dur=1, origin; dur=117
X-Origin-Response-Time: 118,95.101.134.92
X-Akamai-Request-ID: 19f3dd7c

{"code": 0, "message": "OK", "request_id": "2025010600360470C83002401E5A032F78", "data": {}}
2025-01-06T00:36:04+00:00 DEBUG Tt4b_Pixel_Class::inject_view_content_event: hit ViewContent
2025-01-06T00:36:04+00:00 DEBUG POST: https://business-api.tiktok.com/open_api/v1.3/event/track/

{"partner_name":"WooCommerce","event_source":"web","event_source_id":"CSM79Q3C77UAG1T340I0","data":[{"event":"ViewContent","event_id":"677b2574e8c90_tt4b_woocommerce_670666209cf1f_4283","event_time":1736123764,"user":{"ip":"66.249.66.71","user_agent":"Mozilla\/5.0 (Linux; Android 6.0.1; Nexus 5X Build\/MMB29P) AppleWebKit\/537.36 (KHTML, like Gecko) Chrome\/131.0.6778.139 Mobile Safari\/537.36 (compatible; Googlebot\/2.1; +http:\/\/www.google.com\/bot.html)","locale":"ar","external_id":"0","email":"e3b0c44298fc1c149afbf4c8996fb92427ae41e4649b934ca495991b7852b855","phone_number":"e3b0c44298fc1c149afbf4c8996fb92427ae41e4649b934ca495991b7852b855","first_name":"e3b0c44298fc1c149afbf4c8996fb92427ae41e4649b934ca495991b7852b855","last_name":"e3b0c44298fc1c149afbf4c8996fb92427ae41e4649b934ca495991b7852b855","zip_code":"e3b0c44298fc1c149afbf4c8996fb92427ae41e4649b934ca495991b7852b855"},"properties":{"contents":[{"price":250,"quantity":1,"content_id":"4283","content_name":"\u0631\u0648\u0644 \u0627\u0628 \u0627\u0643\u0633","description":"\u0631\u0648\u0644 \u0627\u0628 \u062f\u064a\u0644\u0648\u0643\u0633 \u062a\u0635\u0645\u064a\u0645 \u0627\u0646\u064a\u0642, \u0648\u0645\u0642\u0627\u0633\u0627\u062a \u0645\u062a\u0646\u0648\u0639\u0629.\r\n\u0627\u0644\u062e\u0627\u0645\u0629 \u0628\u0648\u0633\u062a\u0631.\r\n\u0645\u062f\u0629 \u0627\u0644\u062a\u0646\u0641\u064a\u0630: \u0645\u0646 3 \u0625\u0644\u0649 5 \u0623\u064a\u0627\u0645 \u0639\u0645\u0644 \u0628\u0639\u062f \u0627\u0639\u062a\u0645\u0627\u062f \u0627\u0644\u062a\u0635\u0645\u064a\u0645 \u0648\u0627\u0644\u0637\u0644\u0628 \u062d\u0633\u0628 \u0627\u0644\u0643\u0645\u064a\u0629 (\u062a\u0632\u064a\u062f \u0627\u0644\u0645\u062f\u0629 \u0639\u0646\u062f \u0637\u0644\u0628 \u0627\u0644\u0634\u062d\u0646).","availability":"IN_STOCK","sale_price":250,"on_sale":false}],"content_type":"product","currency":"SAR","value":250,"event_trigger_source":"WooCommerce"},"page":{"url":"http:\/\/ibn-sinaa.com\/product\/roll-up-x\/"}}]}
 ajax: no
2025-01-06T00:36:05+00:00 DEBUG Tt4b_Mapi_Class::mapi_post: Response: 

HTTP/1.1 200 OK
Server: nginx
Content-Type: application/json
Content-Length: 92
X-Tt-Logid: 20250106003605638852F62EEC3FE0A1BE
x-tt-trace-host: 018e5a586174a888928d793bdac74b79b519a86797e72c2eba011e03e23beee17d23f35260cb88e4e019cc0595fb4a6b5d21d0477e38072f378730b0a70a2f8b5b47f58c23b2f2eb1697c0a3b7d487fef8ac5ad3e4d99e2dad654220d512e237688195f3c782b527900a12307fa4dd14f9
x-tt-trace-id: 00-250106003605638852F62EEC3FE0A1BE-27E6E7CB6E7268CA-00
X-Origin-Response-Time: 55,23.32.17.25
X-Akamai-Request-ID: 7aaa736.1735efcd
Expires: Mon, 06 Jan 2025 00:36:05 GMT
Cache-Control: max-age=0, no-cache, no-store
Pragma: no-cache
Date: Mon, 06 Jan 2025 00:36:05 GMT
X-Cache: TCP_MISS from a95-101-134-116.deploy.akamaitechnologies.com (AkamaiGHost/11.7.2.1-9611f29bef89eba7b18045b10aa2af98) (-)
Connection: close
X-Cache-Remote: TCP_MISS from a23-32-17-25.deploy.akamaitechnologies.com (AkamaiGHost/11.7.2.1-9611f29bef89eba7b18045b10aa2af98) (-)
x-tt-trace-tag: id=16;cdn-cache=miss;type=dyn
Server-Timing: cdn-cache; desc=MISS, edge; dur=94, origin; dur=55
Server-Timing: inner; dur=43
X-Parent-Response-Time: 149,95.101.134.116

{"code": 0, "message": "OK", "request_id": "20250106003605638852F62EEC3FE0A1BE", "data": {}}
2025-01-06T00:36:35+00:00 DEBUG POST: https://business-api.tiktok.com/open_api/v1.3/event/track/

{"partner_name":"WooCommerce","event_source":"web","event_source_id":"CSM79Q3C77UAG1T340I0","data":[{"event":"Pageview","event_id":"677b259315e3a_tt4b_woocommerce_670666209cf1f","event_time":1736123795,"user":{"ip":"54.36.148.38","user_agent":"Mozilla\/5.0 (compatible; AhrefsBot\/7.0; +http:\/\/ahrefs.com\/robot\/)","locale":"ar","external_id":"0","email":"e3b0c44298fc1c149afbf4c8996fb92427ae41e4649b934ca495991b7852b855","phone_number":"e3b0c44298fc1c149afbf4c8996fb92427ae41e4649b934ca495991b7852b855","first_name":"e3b0c44298fc1c149afbf4c8996fb92427ae41e4649b934ca495991b7852b855","last_name":"e3b0c44298fc1c149afbf4c8996fb92427ae41e4649b934ca495991b7852b855","zip_code":"e3b0c44298fc1c149afbf4c8996fb92427ae41e4649b934ca495991b7852b855"},"page":{"url":"http:\/\/www.ibn-sinaa.com\/product-tag\/%D9%85%D8%AA%D8%AC%D8%B1-%D8%B1%D9%82%D9%85%D9%8A-%D9%84%D9%84%D8%B3%D8%AC%D9%84%D8%A7%D8%AA-%D8%A7%D9%84%D9%85%D8%AF%D8%B1%D8%B3%D9%8A%D8%A9\/page\/2\/"}}]}
 ajax: no
2025-01-06T00:36:35+00:00 DEBUG Tt4b_Mapi_Class::mapi_post: Response: 

HTTP/1.1 200 OK
Server: nginx
Content-Type: application/json
Content-Length: 92
X-Tt-Logid: 20250106003635CC3071C042F43E7BE38A
Server-Timing: inner; dur=19
x-tt-trace-host: 018e5a586174a888928d793bdac74b79b51a437ee89a1c03eb2011d034a2e3e9f51b49dd132e869bc1065eeecfb98d0a05d181aee0667f61cadcca2677c8acaecf2ea8d30193de6cb4a6210779bb7e3ee83356b5cce8936775225701c38e49088d
x-tt-trace-id: 00-250106003635CC3071C042F43E7BE38A-398EF4147B22CD7F-00
Expires: Mon, 06 Jan 2025 00:36:35 GMT
Cache-Control: max-age=0, no-cache, no-store
Pragma: no-cache
Date: Mon, 06 Jan 2025 00:36:35 GMT
X-Cache: TCP_MISS from a95-101-134-92.deploy.akamaitechnologies.com (AkamaiGHost/11.7.2.1-9611f29bef89eba7b18045b10aa2af98) (-)
Connection: close
x-tt-trace-tag: id=16;cdn-cache=miss;type=dyn
Server-Timing: cdn-cache; desc=MISS, edge; dur=1, origin; dur=99
X-Origin-Response-Time: 100,95.101.134.92
X-Akamai-Request-ID: 19f51d68

{"code": 0, "message": "OK", "request_id": "20250106003635CC3071C042F43E7BE38A", "data": {}}
2025-01-06T00:43:33+00:00 DEBUG POST: https://business-api.tiktok.com/open_api/v1.3/event/track/

{"partner_name":"WooCommerce","event_source":"web","event_source_id":"CSM79Q3C77UAG1T340I0","data":[{"event":"Pageview","event_id":"677b27350ac4a_tt4b_woocommerce_670666209cf1f","event_time":1736124213,"user":{"ip":"40.77.167.60","user_agent":"Mozilla\/5.0 AppleWebKit\/537.36 (KHTML, like Gecko; compatible; bingbot\/2.0; +http:\/\/www.bing.com\/bingbot.htm) Chrome\/116.0.1938.76 Safari\/537.36","locale":"ar","external_id":"0","email":"e3b0c44298fc1c149afbf4c8996fb92427ae41e4649b934ca495991b7852b855","phone_number":"e3b0c44298fc1c149afbf4c8996fb92427ae41e4649b934ca495991b7852b855","first_name":"e3b0c44298fc1c149afbf4c8996fb92427ae41e4649b934ca495991b7852b855","last_name":"e3b0c44298fc1c149afbf4c8996fb92427ae41e4649b934ca495991b7852b855","zip_code":"e3b0c44298fc1c149afbf4c8996fb92427ae41e4649b934ca495991b7852b855"},"page":{"url":"http:\/\/mail.ibn-sinaa.com\/product\/stand-reception\/"}}]}
 ajax: no
2025-01-06T00:43:33+00:00 DEBUG Tt4b_Mapi_Class::mapi_post: Response: 

HTTP/1.1 200 OK
Server: nginx
Content-Type: application/json
Content-Length: 92
X-Tt-Logid: 20250106004333BB98E1056C80E2F6B0D8
Server-Timing: inner; dur=31
x-tt-trace-host: 018e5a586174a888928d793bdac74b79b51a437ee89a1c03eb2011d034a2e3e9f5d0233163b2e7e86c3627304892dbf528f1de1bc545eda2b9cfc67a56cc58d9853fb3b7789d92369908eee09b96d7655d62246c2eaca2628575663440ead6f668
x-tt-trace-id: 00-250106004333BB98E1056C80E2F6B0D8-44B76FFE69091BCE-00
Expires: Mon, 06 Jan 2025 00:43:33 GMT
Cache-Control: max-age=0, no-cache, no-store
Pragma: no-cache
Date: Mon, 06 Jan 2025 00:43:33 GMT
X-Cache: TCP_MISS from a95-101-134-92.deploy.akamaitechnologies.com (AkamaiGHost/11.7.2.1-9611f29bef89eba7b18045b10aa2af98) (-)
Connection: close
x-tt-trace-tag: id=16;cdn-cache=miss;type=dyn
Server-Timing: cdn-cache; desc=MISS, edge; dur=1, origin; dur=113
X-Origin-Response-Time: 113,95.101.134.92
X-Akamai-Request-ID: 1a064228

{"code": 0, "message": "OK", "request_id": "20250106004333BB98E1056C80E2F6B0D8", "data": {}}
2025-01-06T00:43:33+00:00 DEBUG Tt4b_Pixel_Class::inject_view_content_event: hit ViewContent
2025-01-06T00:43:33+00:00 DEBUG POST: https://business-api.tiktok.com/open_api/v1.3/event/track/

{"partner_name":"WooCommerce","event_source":"web","event_source_id":"CSM79Q3C77UAG1T340I0","data":[{"event":"ViewContent","event_id":"677b27355ebb5_tt4b_woocommerce_670666209cf1f_4237","event_time":1736124213,"user":{"ip":"40.77.167.60","user_agent":"Mozilla\/5.0 AppleWebKit\/537.36 (KHTML, like Gecko; compatible; bingbot\/2.0; +http:\/\/www.bing.com\/bingbot.htm) Chrome\/116.0.1938.76 Safari\/537.36","locale":"ar","external_id":"0","email":"e3b0c44298fc1c149afbf4c8996fb92427ae41e4649b934ca495991b7852b855","phone_number":"e3b0c44298fc1c149afbf4c8996fb92427ae41e4649b934ca495991b7852b855","first_name":"e3b0c44298fc1c149afbf4c8996fb92427ae41e4649b934ca495991b7852b855","last_name":"e3b0c44298fc1c149afbf4c8996fb92427ae41e4649b934ca495991b7852b855","zip_code":"e3b0c44298fc1c149afbf4c8996fb92427ae41e4649b934ca495991b7852b855"},"properties":{"contents":[{"price":399,"quantity":1,"content_id":"4237","content_name":"\u0627\u0633\u062a\u0627\u0646\u062f \u0627\u0633\u062a\u0642\u0628\u0627\u0644","description":"\u0637\u0628\u0627\u0639\u0629 \u0627\u0633\u062a\u0627\u0646\u062f \u0627\u0633\u062a\u0642\u0628\u0627\u0644 \u0645\u0646 \u0645\u062a\u062c\u0631 \u0645\u0643\u062a\u0628\u0629 \u0627\u0628\u0646 \u0633\u064a\u0646\u0627 \u0627\u0644\u0625\u0644\u0643\u062a\u0631\u0648\u0646\u064a\u060c \u0645\u0635\u0645\u0645 \u0644\u0625\u0636\u0627\u0641\u0629 \u0644\u0645\u0633\u0629 \u0645\u0646 \u0627\u0644\u0623\u0646\u0627\u0642\u0629 \u0648\u0627\u0644\u0627\u062d\u062a\u0631\u0627\u0641\u064a\u0629 \u0644\u0639\u0631\u0636 \u0645\u0646\u062a\u062c\u0627\u062a\u0643 \u0623\u0648 \u0645\u0648\u0627\u062f\u0643 \u0627\u0644\u0625\u0639\u0644\u0627\u0646\u064a\u0629. \u064a\u062a\u0645\u064a\u0632 \u0647\u0630\u0627 \u0627\u0644\u0627\u0633\u062a\u0627\u0646\u062f \u0628\u062c\u0648\u062f\u0629 \u0639\u0627\u0644\u064a\u0629 \u0648\u062a\u0635\u0645\u064a\u0645 \u0645\u0646\u062d\u0646\u064a \u064a\u0644\u0641\u062a \u0627\u0644\u0623\u0646\u0638\u0627\u0631 \u0648\u064a\u0639\u0632\u0632 \u0645\u0646 \u062c\u0627\u0630\u0628\u064a\u0629 \u0627\u0644\u0639\u0631\u0636","availability":"IN_STOCK","sale_price":399,"on_sale":false}],"content_type":"product","currency":"SAR","value":399,"event_trigger_source":"WooCommerce"},"page":{"url":"http:\/\/mail.ibn-sinaa.com\/product\/stand-reception\/"}}]}
 ajax: no
2025-01-06T00:43:33+00:00 DEBUG Tt4b_Mapi_Class::mapi_post: Response: 

HTTP/1.1 200 OK
Server: nginx
Content-Type: application/json
Content-Length: 92
X-Tt-Logid: 20250106004333E852995326E4E412CB3B
x-tt-trace-host: 018e5a586174a888928d793bdac74b79b519a86797e72c2eba011e03e23beee17d130920873fb0087b5d282ca808eeef7e88990145cdf77e558711e3978318a84bd6706e20e7fedf2555f32d51a86817a7d08771ec275706418081b9f67f07d7274616bd58bf9187dc74c9470c45d61941
x-tt-trace-id: 00-250106004333E852995326E4E412CB3B-1FDF823B332CDA3E-00
X-Origin-Response-Time: 36,23.213.246.196
X-Akamai-Request-ID: 5df7c046.1740c53d
Expires: Mon, 06 Jan 2025 00:43:33 GMT
Cache-Control: max-age=0, no-cache, no-store
Pragma: no-cache
Date: Mon, 06 Jan 2025 00:43:33 GMT
X-Cache: TCP_MISS from a95-101-134-116.deploy.akamaitechnologies.com (AkamaiGHost/11.7.2.1-9611f29bef89eba7b18045b10aa2af98) (-)
Connection: close
X-Cache-Remote: TCP_MISS from a23-213-246-196.deploy.akamaitechnologies.com (AkamaiGHost/11.7.2.1-9611f29bef89eba7b18045b10aa2af98) (-)
x-tt-trace-tag: id=16;cdn-cache=miss;type=dyn
Server-Timing: cdn-cache; desc=MISS, edge; dur=81, origin; dur=35
Server-Timing: inner; dur=32
X-Parent-Response-Time: 116,95.101.134.116

{"code": 0, "message": "OK", "request_id": "20250106004333E852995326E4E412CB3B", "data": {}}
2025-01-06T00:44:57+00:00 DEBUG POST: https://business-api.tiktok.com/open_api/v1.3/event/track/

{"partner_name":"WooCommerce","event_source":"web","event_source_id":"CSM79Q3C77UAG1T340I0","data":[{"event":"Pageview","event_id":"677b27892a4c9_tt4b_woocommerce_670666209cf1f","event_time":1736124297,"user":{"ip":"185.191.171.2","user_agent":"Mozilla\/5.0 (compatible; SemrushBot\/7~bl; +http:\/\/www.semrush.com\/bot.html)","locale":"ar","external_id":"0","email":"e3b0c44298fc1c149afbf4c8996fb92427ae41e4649b934ca495991b7852b855","phone_number":"e3b0c44298fc1c149afbf4c8996fb92427ae41e4649b934ca495991b7852b855","first_name":"e3b0c44298fc1c149afbf4c8996fb92427ae41e4649b934ca495991b7852b855","last_name":"e3b0c44298fc1c149afbf4c8996fb92427ae41e4649b934ca495991b7852b855","zip_code":"e3b0c44298fc1c149afbf4c8996fb92427ae41e4649b934ca495991b7852b855"},"page":{"url":"http:\/\/mail.ibn-sinaa.com\/product-tag\/%D8%B7%D8%A8%D8%A7%D8%B9%D8%A9-%D8%B4%D8%B1%D9%83%D8%A7%D8%AA\/"}}]}
 ajax: no
2025-01-06T00:44:57+00:00 DEBUG Tt4b_Mapi_Class::mapi_post: Response: 

HTTP/1.1 200 OK
Server: nginx
Content-Type: application/json
Content-Length: 92
X-Tt-Logid: 20250106004457752A9F10E766FB694D06
x-tt-trace-host: 018e5a586174a888928d793bdac74b79b519a86797e72c2eba011e03e23beee17d47f53c8e65804a56682bf58d7ac80fc39411f20f6ff506965d4bd32d18e06c87e19aa1949b6ac93b08f1d65c16171700dab0bef6e51fb6df6ba712e0a8ff8433cad2be25a687baaf62986ca28ca8c910
x-tt-trace-id: 00-250106004457752A9F10E766FB694D06-1AE0689A6021AF59-00
X-Origin-Response-Time: 23,23.218.219.12
X-Akamai-Request-ID: 1b221794.1742c3ea
Expires: Mon, 06 Jan 2025 00:44:57 GMT
Cache-Control: max-age=0, no-cache, no-store
Pragma: no-cache
Date: Mon, 06 Jan 2025 00:44:57 GMT
X-Cache: TCP_MISS from a95-101-134-116.deploy.akamaitechnologies.com (AkamaiGHost/11.7.2.1-9611f29bef89eba7b18045b10aa2af98) (-)
Connection: close
X-Cache-Remote: TCP_MISS from a23-218-219-12.deploy.akamaitechnologies.com (AkamaiGHost/11.7.2.1-9611f29bef89eba7b18045b10aa2af98) (-)
x-tt-trace-tag: id=16;cdn-cache=miss;type=dyn
Server-Timing: cdn-cache; desc=MISS, edge; dur=82, origin; dur=22
Server-Timing: inner; dur=19
X-Parent-Response-Time: 104,95.101.134.116

{"code": 0, "message": "OK", "request_id": "20250106004457752A9F10E766FB694D06", "data": {}}
2025-01-06T00:45:04+00:00 DEBUG POST: https://business-api.tiktok.com/open_api/v1.3/event/track/

{"partner_name":"WooCommerce","event_source":"web","event_source_id":"CSM79Q3C77UAG1T340I0","data":[{"event":"Pageview","event_id":"677b279084e7c_tt4b_woocommerce_670666209cf1f","event_time":1736124304,"user":{"ip":"66.249.66.168","user_agent":"Mozilla\/5.0 (Linux; Android 6.0.1; Nexus 5X Build\/MMB29P) AppleWebKit\/537.36 (KHTML, like Gecko) Chrome\/131.0.6778.204 Mobile Safari\/537.36 (compatible; Googlebot\/2.1; +http:\/\/www.google.com\/bot.html)","locale":"ar","external_id":"0","email":"e3b0c44298fc1c149afbf4c8996fb92427ae41e4649b934ca495991b7852b855","phone_number":"e3b0c44298fc1c149afbf4c8996fb92427ae41e4649b934ca495991b7852b855","first_name":"e3b0c44298fc1c149afbf4c8996fb92427ae41e4649b934ca495991b7852b855","last_name":"e3b0c44298fc1c149afbf4c8996fb92427ae41e4649b934ca495991b7852b855","zip_code":"e3b0c44298fc1c149afbf4c8996fb92427ae41e4649b934ca495991b7852b855"},"page":{"url":"http:\/\/www.ibn-sinaa.com\/product-tag\/%D8%A7%D8%B8%D8%B1%D9%81-%D8%AA%D8%AC%D8%A7%D8%B1%D9%8A%D8%A9\/"}}]}
 ajax: no
2025-01-06T00:45:04+00:00 DEBUG Tt4b_Mapi_Class::mapi_post: Response: 

HTTP/1.1 200 OK
Server: nginx
Content-Type: application/json
Content-Length: 92
X-Tt-Logid: 20250106004504CBD54F7CD00895FE1ACA
x-tt-trace-host: 018e5a586174a888928d793bdac74b79b519a86797e72c2eba011e03e23beee17d0f83cd1ea431930bf27a5d65bbd62f87cac59a6ce28f811cf63bbc1c7ae04924818bb0d437b8e04d3c6442b72e70e8e6ea00037feea4ca0b482b979a9f3595ea5f10066b3baffcab6ffc007ed52899b3
x-tt-trace-id: 00-250106004504CBD54F7CD00895FE1ACA-22462AC7935E17B0-00
X-Origin-Response-Time: 35,23.218.219.11
X-Akamai-Request-ID: 2e20a047.1742ee2b
Expires: Mon, 06 Jan 2025 00:45:04 GMT
Cache-Control: max-age=0, no-cache, no-store
Pragma: no-cache
Date: Mon, 06 Jan 2025 00:45:04 GMT
X-Cache: TCP_MISS from a95-101-134-116.deploy.akamaitechnologies.com (AkamaiGHost/11.7.2.1-9611f29bef89eba7b18045b10aa2af98) (-)
Connection: close
X-Cache-Remote: TCP_MISS from a23-218-219-11.deploy.akamaitechnologies.com (AkamaiGHost/11.7.2.1-9611f29bef89eba7b18045b10aa2af98) (-)
x-tt-trace-tag: id=16;cdn-cache=miss;type=dyn
Server-Timing: cdn-cache; desc=MISS, edge; dur=81, origin; dur=35
Server-Timing: inner; dur=31
X-Parent-Response-Time: 116,95.101.134.116

{"code": 0, "message": "OK", "request_id": "20250106004504CBD54F7CD00895FE1ACA", "data": {}}
2025-01-06T00:46:03+00:00 DEBUG POST: https://business-api.tiktok.com/open_api/v1.3/event/track/

{"partner_name":"WooCommerce","event_source":"web","event_source_id":"CSM79Q3C77UAG1T340I0","data":[{"event":"Pageview","event_id":"677b27cb5d0e6_tt4b_woocommerce_670666209cf1f","event_time":1736124363,"user":{"ip":"66.249.66.71","user_agent":"Mozilla\/5.0 (Linux; Android 6.0.1; Nexus 5X Build\/MMB29P) AppleWebKit\/537.36 (KHTML, like Gecko) Chrome\/131.0.6778.139 Mobile Safari\/537.36 (compatible; Googlebot\/2.1; +http:\/\/www.google.com\/bot.html)","locale":"ar","external_id":"0","email":"e3b0c44298fc1c149afbf4c8996fb92427ae41e4649b934ca495991b7852b855","phone_number":"e3b0c44298fc1c149afbf4c8996fb92427ae41e4649b934ca495991b7852b855","first_name":"e3b0c44298fc1c149afbf4c8996fb92427ae41e4649b934ca495991b7852b855","last_name":"e3b0c44298fc1c149afbf4c8996fb92427ae41e4649b934ca495991b7852b855","zip_code":"e3b0c44298fc1c149afbf4c8996fb92427ae41e4649b934ca495991b7852b855"},"page":{"url":"http:\/\/ibn-sinaa.com\/product\/rainbow-banner\/"}}]}
 ajax: no
2025-01-06T00:46:04+00:00 DEBUG Tt4b_Mapi_Class::mapi_post: Response: 

HTTP/1.1 200 OK
Server: nginx
Content-Type: application/json
Content-Length: 92
X-Tt-Logid: 202501060046047FA257D9508B7909BBC6
x-tt-trace-host: 010f944bc43be00f209e30a38bc3490442857f08ffb177fbddbab6d72f4cf28207225f9b8102e3c623043aa189fdab392769cd11d286fc1299cc14ae179c919675ff95897c239d078cf2f082b1f254e16250fb2008e48fd55016113cb28728ede4f2128fe0c2470213b57ca02db7745708
x-tt-trace-id: 00-2501060046047FA257D9508B7909BBC6-301689E482E6A3B2-00
X-Origin-Response-Time: 46,23.218.219.46
X-Akamai-Request-ID: 3041cdb9.1d076654
Expires: Mon, 06 Jan 2025 00:46:04 GMT
Cache-Control: max-age=0, no-cache, no-store
Pragma: no-cache
Date: Mon, 06 Jan 2025 00:46:04 GMT
X-Cache: TCP_MISS from a23-33-91-107.deploy.akamaitechnologies.com (AkamaiGHost/11.7.2.1-9611f29bef89eba7b18045b10aa2af98) (-)
Connection: close
X-Cache-Remote: TCP_MISS from a23-218-219-46.deploy.akamaitechnologies.com (AkamaiGHost/11.7.2.1-9611f29bef89eba7b18045b10aa2af98) (-)
x-tt-trace-tag: id=16;cdn-cache=miss;type=dyn
Server-Timing: cdn-cache; desc=MISS, edge; dur=198, origin; dur=46
Server-Timing: inner; dur=43
X-Parent-Response-Time: 244,23.33.91.107

{"code": 0, "message": "OK", "request_id": "202501060046047FA257D9508B7909BBC6", "data": {}}
2025-01-06T00:46:04+00:00 DEBUG Tt4b_Pixel_Class::inject_view_content_event: hit ViewContent
2025-01-06T00:46:04+00:00 DEBUG POST: https://business-api.tiktok.com/open_api/v1.3/event/track/

{"partner_name":"WooCommerce","event_source":"web","event_source_id":"CSM79Q3C77UAG1T340I0","data":[{"event":"ViewContent","event_id":"677b27cc75a5c_tt4b_woocommerce_670666209cf1f_4337","event_time":1736124364,"user":{"ip":"66.249.66.71","user_agent":"Mozilla\/5.0 (Linux; Android 6.0.1; Nexus 5X Build\/MMB29P) AppleWebKit\/537.36 (KHTML, like Gecko) Chrome\/131.0.6778.139 Mobile Safari\/537.36 (compatible; Googlebot\/2.1; +http:\/\/www.google.com\/bot.html)","locale":"ar","external_id":"0","email":"e3b0c44298fc1c149afbf4c8996fb92427ae41e4649b934ca495991b7852b855","phone_number":"e3b0c44298fc1c149afbf4c8996fb92427ae41e4649b934ca495991b7852b855","first_name":"e3b0c44298fc1c149afbf4c8996fb92427ae41e4649b934ca495991b7852b855","last_name":"e3b0c44298fc1c149afbf4c8996fb92427ae41e4649b934ca495991b7852b855","zip_code":"e3b0c44298fc1c149afbf4c8996fb92427ae41e4649b934ca495991b7852b855"},"properties":{"contents":[{"price":2300,"quantity":1,"content_id":"4337","content_name":"\u0631\u0627\u064a\u0629 \u0642\u0648\u0633 \u0642\u0632\u062d","description":"","availability":"IN_STOCK","sale_price":2300,"on_sale":false}],"content_type":"product","currency":"SAR","value":2300,"event_trigger_source":"WooCommerce"},"page":{"url":"http:\/\/ibn-sinaa.com\/product\/rainbow-banner\/"}}]}
 ajax: no
2025-01-06T00:46:05+00:00 DEBUG Tt4b_Mapi_Class::mapi_post: Response: 

HTTP/1.1 200 OK
Server: nginx
Content-Type: application/json
Content-Length: 92
X-Tt-Logid: 20250106004605A6A1E118C5C01A6112C0
x-tt-trace-host: 010f944bc43be00f209e30a38bc3490442857f08ffb177fbddbab6d72f4cf282073e5595ef7470af5dc43896debc1d4dde097f5ba639da6bb332d85a95bf808c24fa35c7fd28411c04367168f5e5c33e49835f7def4967fb4839f6d8650e736ea800ccef6233463d5b9d29c292591cea47
x-tt-trace-id: 00-250106004605A6A1E118C5C01A6112C0-402138848AC94807-00
X-Origin-Response-Time: 40,23.218.219.52
X-Akamai-Request-ID: 380d9d0.1d077355
Expires: Mon, 06 Jan 2025 00:46:05 GMT
Cache-Control: max-age=0, no-cache, no-store
Pragma: no-cache
Date: Mon, 06 Jan 2025 00:46:05 GMT
X-Cache: TCP_MISS from a23-33-91-107.deploy.akamaitechnologies.com (AkamaiGHost/11.7.2.1-9611f29bef89eba7b18045b10aa2af98) (-)
Connection: close
X-Cache-Remote: TCP_MISS from a23-218-219-52.deploy.akamaitechnologies.com (AkamaiGHost/11.7.2.1-9611f29bef89eba7b18045b10aa2af98) (-)
x-tt-trace-tag: id=16;cdn-cache=miss;type=dyn
Server-Timing: cdn-cache; desc=MISS, edge; dur=200, origin; dur=40
Server-Timing: inner; dur=35
X-Parent-Response-Time: 240,23.33.91.107

{"code": 0, "message": "OK", "request_id": "20250106004605A6A1E118C5C01A6112C0", "data": {}}
2025-01-06T00:46:34+00:00 DEBUG POST: https://business-api.tiktok.com/open_api/v1.3/event/track/

{"partner_name":"WooCommerce","event_source":"web","event_source_id":"CSM79Q3C77UAG1T340I0","data":[{"event":"Pageview","event_id":"677b27ea8cb75_tt4b_woocommerce_670666209cf1f","event_time":1736124394,"user":{"ip":"54.36.149.54","user_agent":"Mozilla\/5.0 (compatible; AhrefsBot\/7.0; +http:\/\/ahrefs.com\/robot\/)","locale":"ar","external_id":"0","email":"e3b0c44298fc1c149afbf4c8996fb92427ae41e4649b934ca495991b7852b855","phone_number":"e3b0c44298fc1c149afbf4c8996fb92427ae41e4649b934ca495991b7852b855","first_name":"e3b0c44298fc1c149afbf4c8996fb92427ae41e4649b934ca495991b7852b855","last_name":"e3b0c44298fc1c149afbf4c8996fb92427ae41e4649b934ca495991b7852b855","zip_code":"e3b0c44298fc1c149afbf4c8996fb92427ae41e4649b934ca495991b7852b855"},"page":{"url":"http:\/\/mail.ibn-sinaa.com\/tag\/%D8%B7%D8%A8%D8%A7%D8%B9%D8%A9-%D9%85%D8%AF%D8%B1%D8%B3%D9%8A%D8%A9\/"}}]}
 ajax: no
2025-01-06T00:46:35+00:00 DEBUG Tt4b_Mapi_Class::mapi_post: Response: 

HTTP/1.1 200 OK
Server: nginx
Content-Type: application/json
Content-Length: 92
X-Tt-Logid: 20250106004635D3400C6F1EB38CBCB1A4
x-tt-trace-host: 010f944bc43be00f209e30a38bc3490442aac6da5182849e9fc82ea5c118a0e68d4760d21483e07f52cdd96e97cdf7fd61fac5df8ed2f353418876381a257df339cbdfb8243607a52e5a6e1f1932f0a627297a809720261d0235dbd5facf4827cbbcdda7e7468a7ea20afa7fdbf97b0aea
x-tt-trace-id: 00-250106004635D3400C6F1EB38CBCB1A4-1FDF823B32F34142-00
X-Origin-Response-Time: 34,23.207.199.77
X-Akamai-Request-ID: 3864f258.2908bb8f
Expires: Mon, 06 Jan 2025 00:46:35 GMT
Cache-Control: max-age=0, no-cache, no-store
Pragma: no-cache
Date: Mon, 06 Jan 2025 00:46:35 GMT
X-Cache: TCP_MISS from a23-33-91-118.deploy.akamaitechnologies.com (AkamaiGHost/11.7.2.1-9611f29bef89eba7b18045b10aa2af98) (-)
Connection: close
X-Cache-Remote: TCP_MISS from a23-207-199-77.deploy.akamaitechnologies.com (AkamaiGHost/11.7.2.1-9611f29bef89eba7b18045b10aa2af98) (-)
x-tt-trace-tag: id=16;cdn-cache=miss;type=dyn
Server-Timing: cdn-cache; desc=MISS, edge; dur=203, origin; dur=34
Server-Timing: inner; dur=31
X-Parent-Response-Time: 237,23.33.91.118

{"code": 0, "message": "OK", "request_id": "20250106004635D3400C6F1EB38CBCB1A4", "data": {}}
2025-01-06T00:50:02+00:00 DEBUG POST: https://business-api.tiktok.com/open_api/v1.3/event/track/

{"partner_name":"WooCommerce","event_source":"web","event_source_id":"CSM79Q3C77UAG1T340I0","data":[{"event":"Pageview","event_id":"677b28ba5a8cb_tt4b_woocommerce_670666209cf1f","event_time":1736124602,"user":{"ip":"66.249.92.168","user_agent":"Mozilla\/5.0 (Linux; Android 6.0.1; Nexus 5X Build\/MMB29P) AppleWebKit\/537.36 (KHTML, like Gecko) Chrome\/131.0.6778.139 Mobile Safari\/537.36 (compatible; AdsBot-Google-Mobile; +http:\/\/www.google.com\/mobile\/adsbot.html)","locale":"ar","external_id":"0","email":"e3b0c44298fc1c149afbf4c8996fb92427ae41e4649b934ca495991b7852b855","phone_number":"e3b0c44298fc1c149afbf4c8996fb92427ae41e4649b934ca495991b7852b855","first_name":"e3b0c44298fc1c149afbf4c8996fb92427ae41e4649b934ca495991b7852b855","last_name":"e3b0c44298fc1c149afbf4c8996fb92427ae41e4649b934ca495991b7852b855","zip_code":"e3b0c44298fc1c149afbf4c8996fb92427ae41e4649b934ca495991b7852b855"},"page":{"url":"http:\/\/www.ibn-sinaa.com\/apple-app-site-association"}}]}
 ajax: no
2025-01-06T00:50:02+00:00 DEBUG Tt4b_Mapi_Class::mapi_post: Response: 

HTTP/1.1 200 OK
Server: nginx
Content-Type: application/json
Content-Length: 92
X-Tt-Logid: 20250106005002FB441F8CAEE5F4F40ED4
Server-Timing: inner; dur=20
x-tt-trace-host: 018e5a586174a888928d793bdac74b79b51a437ee89a1c03eb2011d034a2e3e9f5498c7135e75d7232e66d7123c8caef2df8e07a9691fc7ea6e90113ee918ecacb1e81061973303339333b87bd42efb029d0dda9891f4420d79a432d7f90327296
x-tt-trace-id: 00-250106005002FB441F8CAEE5F4F40ED4-3DD4DF978E2A66CB-00
Expires: Mon, 06 Jan 2025 00:50:02 GMT
Cache-Control: max-age=0, no-cache, no-store
Pragma: no-cache
Date: Mon, 06 Jan 2025 00:50:02 GMT
X-Cache: TCP_MISS from a95-101-134-92.deploy.akamaitechnologies.com (AkamaiGHost/11.7.2.1-9611f29bef89eba7b18045b10aa2af98) (-)
Connection: close
x-tt-trace-tag: id=16;cdn-cache=miss;type=dyn
Server-Timing: cdn-cache; desc=MISS, edge; dur=0, origin; dur=99
X-Origin-Response-Time: 99,95.101.134.92
X-Akamai-Request-ID: 1a1611bc

{"code": 0, "message": "OK", "request_id": "20250106005002FB441F8CAEE5F4F40ED4", "data": {}}
2025-01-06T00:50:06+00:00 DEBUG POST: https://business-api.tiktok.com/open_api/v1.3/event/track/

{"partner_name":"WooCommerce","event_source":"web","event_source_id":"CSM79Q3C77UAG1T340I0","data":[{"event":"Pageview","event_id":"677b28be1c9b9_tt4b_woocommerce_670666209cf1f","event_time":1736124606,"user":{"ip":"66.249.92.167","user_agent":"Mozilla\/5.0 (Linux; Android 6.0.1; Nexus 5X Build\/MMB29P) AppleWebKit\/537.36 (KHTML, like Gecko) Chrome\/131.0.6778.139 Mobile Safari\/537.36 (compatible; AdsBot-Google-Mobile; +http:\/\/www.google.com\/mobile\/adsbot.html)","locale":"ar","external_id":"0","email":"e3b0c44298fc1c149afbf4c8996fb92427ae41e4649b934ca495991b7852b855","phone_number":"e3b0c44298fc1c149afbf4c8996fb92427ae41e4649b934ca495991b7852b855","first_name":"e3b0c44298fc1c149afbf4c8996fb92427ae41e4649b934ca495991b7852b855","last_name":"e3b0c44298fc1c149afbf4c8996fb92427ae41e4649b934ca495991b7852b855","zip_code":"e3b0c44298fc1c149afbf4c8996fb92427ae41e4649b934ca495991b7852b855"},"page":{"url":"http:\/\/www.ibn-sinaa.com\/.well-known\/apple-app-site-association"}}]}
 ajax: no
2025-01-06T00:50:06+00:00 DEBUG Tt4b_Mapi_Class::mapi_post: Response: 

HTTP/1.1 200 OK
Server: nginx
Content-Type: application/json
Content-Length: 92
X-Tt-Logid: 202501060050060C25AAE957F5AE744D0B
x-tt-trace-host: 018e5a586174a888928d793bdac74b79b519a86797e72c2eba011e03e23beee17d2ae8b694c8d6e24d1ce984535c6a3b148804ac3bbf801ff9bd7a2c352884287d41c7b909404e88fae5afabce35ca20f66efb61a2864080cfffeab3ee6db3913d8cd61b693b8751dd7f9387151eee038a
x-tt-trace-id: 00-2501060050060C25AAE957F5AE744D0B-05869BE91C810808-00
X-Origin-Response-Time: 110,23.213.246.201
X-Akamai-Request-ID: a417319f.1749ecb1
Expires: Mon, 06 Jan 2025 00:50:06 GMT
Cache-Control: max-age=0, no-cache, no-store
Pragma: no-cache
Date: Mon, 06 Jan 2025 00:50:06 GMT
X-Cache: TCP_MISS from a95-101-134-116.deploy.akamaitechnologies.com (AkamaiGHost/11.7.2.1-9611f29bef89eba7b18045b10aa2af98) (-)
Connection: close
X-Cache-Remote: TCP_MISS from a23-213-246-201.deploy.akamaitechnologies.com (AkamaiGHost/11.7.2.1-9611f29bef89eba7b18045b10aa2af98) (-)
x-tt-trace-tag: id=16;cdn-cache=miss;type=dyn
Server-Timing: cdn-cache; desc=MISS, edge; dur=323, origin; dur=110
Server-Timing: inner; dur=28
X-Parent-Response-Time: 433,95.101.134.116

{"code": 0, "message": "OK", "request_id": "202501060050060C25AAE957F5AE744D0B", "data": {}}
2025-01-06T00:50:10+00:00 DEBUG POST: https://business-api.tiktok.com/open_api/v1.3/event/track/

{"partner_name":"WooCommerce","event_source":"web","event_source_id":"CSM79Q3C77UAG1T340I0","data":[{"event":"Pageview","event_id":"677b28c26a238_tt4b_woocommerce_670666209cf1f","event_time":1736124610,"user":{"ip":"66.249.92.134","user_agent":"Mozilla\/5.0 (Linux; Android 6.0.1; Nexus 5X Build\/MMB29P) AppleWebKit\/537.36 (KHTML, like Gecko) Chrome\/131.0.6778.139 Mobile Safari\/537.36 (compatible; AdsBot-Google-Mobile; +http:\/\/www.google.com\/mobile\/adsbot.html)","locale":"ar","external_id":"0","email":"e3b0c44298fc1c149afbf4c8996fb92427ae41e4649b934ca495991b7852b855","phone_number":"e3b0c44298fc1c149afbf4c8996fb92427ae41e4649b934ca495991b7852b855","first_name":"e3b0c44298fc1c149afbf4c8996fb92427ae41e4649b934ca495991b7852b855","last_name":"e3b0c44298fc1c149afbf4c8996fb92427ae41e4649b934ca495991b7852b855","zip_code":"e3b0c44298fc1c149afbf4c8996fb92427ae41e4649b934ca495991b7852b855"},"page":{"url":"http:\/\/ibn-sinaa.com\/apple-app-site-association"}}]}
 ajax: no
2025-01-06T00:50:10+00:00 DEBUG Tt4b_Mapi_Class::mapi_post: Response: 

HTTP/1.1 200 OK
Server: nginx
Content-Type: application/json
Content-Length: 92
X-Tt-Logid: 20250106005010747FBD65DBD0D1128405
x-tt-trace-host: 018e5a586174a888928d793bdac74b79b519a86797e72c2eba011e03e23beee17de446d1e39d1f2cd35e8a370ff9fc489b9e1ab2863dbfc2aaef03a44b2c5d9114f41668833d9256877b637ade22269180d76a718909a00f6725f170f90f836f9f12c1c1294a0d555127198508d5ae86ee
x-tt-trace-id: 00-250106005010747FBD65DBD0D1128405-0DCB11CC6669699C-00
X-Origin-Response-Time: 40,23.52.15.171
X-Akamai-Request-ID: 89c48b7c.174a06ce
Expires: Mon, 06 Jan 2025 00:50:10 GMT
Cache-Control: max-age=0, no-cache, no-store
Pragma: no-cache
Date: Mon, 06 Jan 2025 00:50:10 GMT
X-Cache: TCP_MISS from a95-101-134-116.deploy.akamaitechnologies.com (AkamaiGHost/11.7.2.1-9611f29bef89eba7b18045b10aa2af98) (-)
Connection: close
X-Cache-Remote: TCP_MISS from a23-52-15-171.deploy.akamaitechnologies.com (AkamaiGHost/11.7.2.1-9611f29bef89eba7b18045b10aa2af98) (-)
x-tt-trace-tag: id=16;cdn-cache=miss;type=dyn
Server-Timing: cdn-cache; desc=MISS, edge; dur=82, origin; dur=40
Server-Timing: inner; dur=32
X-Parent-Response-Time: 121,95.101.134.116

{"code": 0, "message": "OK", "request_id": "20250106005010747FBD65DBD0D1128405", "data": {}}
2025-01-06T00:50:14+00:00 DEBUG POST: https://business-api.tiktok.com/open_api/v1.3/event/track/

{"partner_name":"WooCommerce","event_source":"web","event_source_id":"CSM79Q3C77UAG1T340I0","data":[{"event":"Pageview","event_id":"677b28c69780d_tt4b_woocommerce_670666209cf1f","event_time":1736124614,"user":{"ip":"66.249.92.135","user_agent":"Mozilla\/5.0 (Linux; Android 6.0.1; Nexus 5X Build\/MMB29P) AppleWebKit\/537.36 (KHTML, like Gecko) Chrome\/131.0.6778.139 Mobile Safari\/537.36 (compatible; AdsBot-Google-Mobile; +http:\/\/www.google.com\/mobile\/adsbot.html)","locale":"ar","external_id":"0","email":"e3b0c44298fc1c149afbf4c8996fb92427ae41e4649b934ca495991b7852b855","phone_number":"e3b0c44298fc1c149afbf4c8996fb92427ae41e4649b934ca495991b7852b855","first_name":"e3b0c44298fc1c149afbf4c8996fb92427ae41e4649b934ca495991b7852b855","last_name":"e3b0c44298fc1c149afbf4c8996fb92427ae41e4649b934ca495991b7852b855","zip_code":"e3b0c44298fc1c149afbf4c8996fb92427ae41e4649b934ca495991b7852b855"},"page":{"url":"http:\/\/ibn-sinaa.com\/.well-known\/apple-app-site-association"}}]}
 ajax: no
2025-01-06T00:50:14+00:00 DEBUG Tt4b_Mapi_Class::mapi_post: Response: 

HTTP/1.1 200 OK
Server: nginx
Content-Type: application/json
Content-Length: 92
X-Tt-Logid: 20250106005014DA6E43FAF1164EE4132F
Server-Timing: inner; dur=29
x-tt-trace-host: 018e5a586174a888928d793bdac74b79b51a437ee89a1c03eb2011d034a2e3e9f5ee611ac32e4db0bca46e7383992ca00c041c7013a7e6262cf8e26fdc591e866e31d6bf2a4cbc83fbbc143ffb2fe9605f739c7db1c41ef6f58e1f62109b03f864
x-tt-trace-id: 00-250106005014DA6E43FAF1164EE4132F-1214FB5B7B7ADBE3-00
Expires: Mon, 06 Jan 2025 00:50:14 GMT
Cache-Control: max-age=0, no-cache, no-store
Pragma: no-cache
Date: Mon, 06 Jan 2025 00:50:14 GMT
X-Cache: TCP_MISS from a95-101-134-92.deploy.akamaitechnologies.com (AkamaiGHost/11.7.2.1-9611f29bef89eba7b18045b10aa2af98) (-)
Connection: close
x-tt-trace-tag: id=16;cdn-cache=miss;type=dyn
Server-Timing: cdn-cache; desc=MISS, edge; dur=1, origin; dur=109
X-Origin-Response-Time: 110,95.101.134.92
X-Akamai-Request-ID: 1a1692b8

{"code": 0, "message": "OK", "request_id": "20250106005014DA6E43FAF1164EE4132F", "data": {}}
2025-01-06T00:51:18+00:00 DEBUG POST: https://business-api.tiktok.com/open_api/v1.3/event/track/

{"partner_name":"WooCommerce","event_source":"web","event_source_id":"CSM79Q3C77UAG1T340I0","data":[{"event":"Pageview","event_id":"677b2906e4756_tt4b_woocommerce_670666209cf1f","event_time":1736124678,"user":{"ip":"54.36.149.68","user_agent":"Mozilla\/5.0 (compatible; AhrefsBot\/7.0; +http:\/\/ahrefs.com\/robot\/)","locale":"ar","external_id":"0","email":"e3b0c44298fc1c149afbf4c8996fb92427ae41e4649b934ca495991b7852b855","phone_number":"e3b0c44298fc1c149afbf4c8996fb92427ae41e4649b934ca495991b7852b855","first_name":"e3b0c44298fc1c149afbf4c8996fb92427ae41e4649b934ca495991b7852b855","last_name":"e3b0c44298fc1c149afbf4c8996fb92427ae41e4649b934ca495991b7852b855","zip_code":"e3b0c44298fc1c149afbf4c8996fb92427ae41e4649b934ca495991b7852b855"},"page":{"url":"http:\/\/mail.ibn-sinaa.com\/product\/a5-brochure-printing\/"}}]}
 ajax: no
2025-01-06T00:51:19+00:00 DEBUG Tt4b_Mapi_Class::mapi_post: Response: 

HTTP/1.1 200 OK
Server: nginx
Content-Type: application/json
Content-Length: 92
X-Tt-Logid: 20250106005119949A45571F20216DAD98
x-tt-trace-host: 018e5a586174a888928d793bdac74b79b56517d7628cf0ffdff56b078ad2cf561576604ff9e4608ecacf8581212c7c88a22ed8fee9c619a8ea1583ccc58437bfb10ba2a217ca78d318fd0b5b8cf38e89c32788ab30f3fe3807b1c0f9e66694874690568ad530cb783dfda83a83f42363f2
x-tt-trace-id: 00-250106005119949A45571F20216DAD98-55D90B0F7ED3EDD6-00
X-Origin-Response-Time: 51,23.218.219.53
X-Akamai-Request-ID: 27fa5409.1a194327
Expires: Mon, 06 Jan 2025 00:51:19 GMT
Cache-Control: max-age=0, no-cache, no-store
Pragma: no-cache
Date: Mon, 06 Jan 2025 00:51:19 GMT
X-Cache: TCP_MISS from a95-101-134-92.deploy.akamaitechnologies.com (AkamaiGHost/11.7.2.1-9611f29bef89eba7b18045b10aa2af98) (-)
Connection: close
X-Cache-Remote: TCP_MISS from a23-218-219-53.deploy.akamaitechnologies.com (AkamaiGHost/11.7.2.1-9611f29bef89eba7b18045b10aa2af98) (-)
x-tt-trace-tag: id=16;cdn-cache=miss;type=dyn
Server-Timing: cdn-cache; desc=MISS, edge; dur=96, origin; dur=51
Server-Timing: inner; dur=39
X-Parent-Response-Time: 147,95.101.134.92

{"code": 0, "message": "OK", "request_id": "20250106005119949A45571F20216DAD98", "data": {}}
2025-01-06T00:51:19+00:00 DEBUG Tt4b_Pixel_Class::inject_view_content_event: hit ViewContent
2025-01-06T00:51:19+00:00 DEBUG POST: https://business-api.tiktok.com/open_api/v1.3/event/track/

{"partner_name":"WooCommerce","event_source":"web","event_source_id":"CSM79Q3C77UAG1T340I0","data":[{"event":"ViewContent","event_id":"677b29073405c_tt4b_woocommerce_670666209cf1f_SKU_40","event_time":1736124679,"user":{"ip":"54.36.149.68","user_agent":"Mozilla\/5.0 (compatible; AhrefsBot\/7.0; +http:\/\/ahrefs.com\/robot\/)","locale":"ar","external_id":"0","email":"e3b0c44298fc1c149afbf4c8996fb92427ae41e4649b934ca495991b7852b855","phone_number":"e3b0c44298fc1c149afbf4c8996fb92427ae41e4649b934ca495991b7852b855","first_name":"e3b0c44298fc1c149afbf4c8996fb92427ae41e4649b934ca495991b7852b855","last_name":"e3b0c44298fc1c149afbf4c8996fb92427ae41e4649b934ca495991b7852b855","zip_code":"e3b0c44298fc1c149afbf4c8996fb92427ae41e4649b934ca495991b7852b855"},"properties":{"contents":[{"price":0,"quantity":1,"content_id":"SKU_40","content_name":"\u0637\u0628\u0627\u0639\u0629 \u0628\u0631\u0634\u0648\u0631 \u0645\u0637\u0648\u064a\u0629 A5","description":"\u0628\u0631\u0648\u0634\u0648\u0631 \u0645\u0637\u0648\u064a \u062d\u0633\u0628 \u062a\u0635\u0645\u064a\u0645 \u0627\u0644\u0639\u0645\u064a\u0644 \u0648\u0631\u0642 \u0643\u0648\u0634\u064a\u0647 \u0645\u0637\u0641\u064a 150 \u062c\u0631\u0627\u0645.\r\n\u0645\u062f\u0629 \u0627\u0644\u062a\u0646\u0641\u064a\u0630 \u0627\u0644\u0645\u062a\u0648\u0642\u0639\u0629: 3 \u2013 5 \u0623\u064a\u0627\u0645 \u0639\u0645\u0644 \u0628\u0639\u062f \u062a\u0623\u0643\u064a\u062f \u0627\u0644\u0637\u0644\u0628 \u0648\u0627\u0644\u062a\u0635\u0645\u064a\u0645 \u0648\u062d\u0633\u0628 \u0627\u0644\u0643\u0645\u064a\u0629 (\u062a\u0632\u064a\u062f \u0627\u0644\u0645\u062f\u0629 \u0639\u0646\u062f \u0637\u0644\u0628 \u0627\u0644\u0634\u062d\u0646).","availability":"IN_STOCK","sale_price":0,"on_sale":false}],"content_type":"product","currency":"SAR","value":0,"event_trigger_source":"WooCommerce"},"page":{"url":"http:\/\/mail.ibn-sinaa.com\/product\/a5-brochure-printing\/"}}]}
 ajax: no
2025-01-06T00:51:19+00:00 DEBUG Tt4b_Mapi_Class::mapi_post: Response: 

HTTP/1.1 200 OK
Server: nginx
Content-Type: application/json
Content-Length: 92
X-Tt-Logid: 202501060051199ED423265A8845949A25
x-tt-trace-host: 018e5a586174a888928d793bdac74b79b519a86797e72c2eba011e03e23beee17dd7bcf481031583f8a86de7171413ab78bd2c438c0801b6d9c02933a0c22a26c8598c61769e5b332f1e777ece0a47fb4d4822f74c610983e3ab1e639cae1112bc82a5dfb919afbc1827bcb9f31eb9d32d
x-tt-trace-id: 00-2501060051199ED423265A8845949A25-35911C4D60172635-00
X-Origin-Response-Time: 26,23.52.15.170
X-Akamai-Request-ID: 589f2472.17505fdb
Expires: Mon, 06 Jan 2025 00:51:19 GMT
Cache-Control: max-age=0, no-cache, no-store
Pragma: no-cache
Date: Mon, 06 Jan 2025 00:51:19 GMT
X-Cache: TCP_MISS from a95-101-134-116.deploy.akamaitechnologies.com (AkamaiGHost/11.7.2.1-9611f29bef89eba7b18045b10aa2af98) (-)
Connection: close
X-Cache-Remote: TCP_MISS from a23-52-15-170.deploy.akamaitechnologies.com (AkamaiGHost/11.7.2.1-9611f29bef89eba7b18045b10aa2af98) (-)
x-tt-trace-tag: id=16;cdn-cache=miss;type=dyn
Server-Timing: cdn-cache; desc=MISS, edge; dur=81, origin; dur=26
Server-Timing: inner; dur=24
X-Parent-Response-Time: 107,95.101.134.116

{"code": 0, "message": "OK", "request_id": "202501060051199ED423265A8845949A25", "data": {}}
2025-01-06T00:52:46+00:00 DEBUG POST: https://business-api.tiktok.com/open_api/v1.3/event/track/

{"partner_name":"WooCommerce","event_source":"web","event_source_id":"CSM79Q3C77UAG1T340I0","data":[{"event":"Pageview","event_id":"677b295e989ff_tt4b_woocommerce_670666209cf1f","event_time":1736124766,"user":{"ip":"40.77.167.32","user_agent":"Mozilla\/5.0 AppleWebKit\/537.36 (KHTML, like Gecko; compatible; bingbot\/2.0; +http:\/\/www.bing.com\/bingbot.htm) Chrome\/116.0.1938.76 Safari\/537.36","locale":"ar","external_id":"0","email":"e3b0c44298fc1c149afbf4c8996fb92427ae41e4649b934ca495991b7852b855","phone_number":"e3b0c44298fc1c149afbf4c8996fb92427ae41e4649b934ca495991b7852b855","first_name":"e3b0c44298fc1c149afbf4c8996fb92427ae41e4649b934ca495991b7852b855","last_name":"e3b0c44298fc1c149afbf4c8996fb92427ae41e4649b934ca495991b7852b855","zip_code":"e3b0c44298fc1c149afbf4c8996fb92427ae41e4649b934ca495991b7852b855"},"page":{"url":"http:\/\/www.ibn-sinaa.com\/product-tag\/%D8%B7%D8%A8%D8%A7%D8%B9%D8%A9-%D8%AA%D9%82%D9%88%D9%8A%D9%85-2025\/page\/2\/"}}]}
 ajax: no
2025-01-06T00:52:46+00:00 DEBUG Tt4b_Mapi_Class::mapi_post: Response: 

HTTP/1.1 200 OK
Server: nginx
Content-Type: application/json
Content-Length: 92
X-Tt-Logid: 20250106005246ED1CCA4B839EDF65F393
Server-Timing: inner; dur=25
x-tt-trace-host: 018e5a586174a888928d793bdac74b79b51a437ee89a1c03eb2011d034a2e3e9f56fec18b908abd10a270e80611d0afe04e0725ab98ccdca038e202080c31f40bf020c171f2dac9ecde9fcd2fb73eb2dc33f9168370fbfba5b89be7312b52a1e7a
x-tt-trace-id: 00-250106005246ED1CCA4B839EDF65F393-2AA3C7021A7AD426-00
Expires: Mon, 06 Jan 2025 00:52:46 GMT
Cache-Control: max-age=0, no-cache, no-store
Pragma: no-cache
Date: Mon, 06 Jan 2025 00:52:46 GMT
X-Cache: TCP_MISS from a95-101-134-92.deploy.akamaitechnologies.com (AkamaiGHost/11.7.2.1-9611f29bef89eba7b18045b10aa2af98) (-)
Connection: close
x-tt-trace-tag: id=16;cdn-cache=miss;type=dyn
Server-Timing: cdn-cache; desc=MISS, edge; dur=0, origin; dur=105
X-Origin-Response-Time: 105,95.101.134.92
X-Akamai-Request-ID: 1a1d018f

{"code": 0, "message": "OK", "request_id": "20250106005246ED1CCA4B839EDF65F393", "data": {}}
2025-01-06T00:54:13+00:00 DEBUG POST: https://business-api.tiktok.com/open_api/v1.3/event/track/

{"partner_name":"WooCommerce","event_source":"web","event_source_id":"CSM79Q3C77UAG1T340I0","data":[{"event":"Pageview","event_id":"677b29b5b83c0_tt4b_woocommerce_670666209cf1f","event_time":1736124853,"user":{"ip":"40.77.167.151","user_agent":"Mozilla\/5.0 AppleWebKit\/537.36 (KHTML, like Gecko; compatible; bingbot\/2.0; +http:\/\/www.bing.com\/bingbot.htm) Chrome\/116.0.1938.76 Safari\/537.36","locale":"ar","external_id":"0","email":"e3b0c44298fc1c149afbf4c8996fb92427ae41e4649b934ca495991b7852b855","phone_number":"e3b0c44298fc1c149afbf4c8996fb92427ae41e4649b934ca495991b7852b855","first_name":"e3b0c44298fc1c149afbf4c8996fb92427ae41e4649b934ca495991b7852b855","last_name":"e3b0c44298fc1c149afbf4c8996fb92427ae41e4649b934ca495991b7852b855","zip_code":"e3b0c44298fc1c149afbf4c8996fb92427ae41e4649b934ca495991b7852b855"},"page":{"url":"http:\/\/www.ibn-sinaa.com\/product\/%D9%81%D9%88%D9%84%D8%AF%D8%B1-2\/feed\/"}}]}
 ajax: no
2025-01-06T00:54:13+00:00 DEBUG Tt4b_Mapi_Class::mapi_post: Response: 

HTTP/1.1 200 OK
Server: nginx
Content-Type: application/json
Content-Length: 92
X-Tt-Logid: 2025010600541340F183B43C96CB15C5D7
x-tt-trace-host: 018e5a586174a888928d793bdac74b79b519a86797e72c2eba011e03e23beee17d66f35b39f27032443c4fda53c9dfbec2184ef47f0c727b292ca26e9b50e0730d46e4bb0bc9f1dc08c5d378f2ff5519b9d5c86f0bc40bd515b3766ced9b642dbb8ec190c11810725462a2fe100a8f5ffc
x-tt-trace-id: 00-25010600541340F183B43C96CB15C5D7-17E4B276808158BF-00
X-Origin-Response-Time: 26,23.52.15.231
X-Akamai-Request-ID: 34585ea7.17547813
Expires: Mon, 06 Jan 2025 00:54:13 GMT
Cache-Control: max-age=0, no-cache, no-store
Pragma: no-cache
Date: Mon, 06 Jan 2025 00:54:13 GMT
X-Cache: TCP_MISS from a95-101-134-116.deploy.akamaitechnologies.com (AkamaiGHost/11.7.2.1-9611f29bef89eba7b18045b10aa2af98) (-)
Connection: close
X-Cache-Remote: TCP_MISS from a23-52-15-231.deploy.akamaitechnologies.com (AkamaiGHost/11.7.2.1-9611f29bef89eba7b18045b10aa2af98) (-)
x-tt-trace-tag: id=16;cdn-cache=miss;type=dyn
Server-Timing: cdn-cache; desc=MISS, edge; dur=81, origin; dur=26
Server-Timing: inner; dur=22
X-Parent-Response-Time: 107,95.101.134.116

{"code": 0, "message": "OK", "request_id": "2025010600541340F183B43C96CB15C5D7", "data": {}}
2025-01-06T00:54:23+00:00 DEBUG POST: https://business-api.tiktok.com/open_api/v1.3/event/track/

{"partner_name":"WooCommerce","event_source":"web","event_source_id":"CSM79Q3C77UAG1T340I0","data":[{"event":"Pageview","event_id":"677b29bf8125c_tt4b_woocommerce_670666209cf1f","event_time":1736124863,"user":{"ip":"66.249.66.167","user_agent":"Mozilla\/5.0 (Linux; Android 6.0.1; Nexus 5X Build\/MMB29P) AppleWebKit\/537.36 (KHTML, like Gecko) Chrome\/131.0.6778.204 Mobile Safari\/537.36 (compatible; Googlebot\/2.1; +http:\/\/www.google.com\/bot.html)","locale":"ar","external_id":"0","email":"e3b0c44298fc1c149afbf4c8996fb92427ae41e4649b934ca495991b7852b855","phone_number":"e3b0c44298fc1c149afbf4c8996fb92427ae41e4649b934ca495991b7852b855","first_name":"e3b0c44298fc1c149afbf4c8996fb92427ae41e4649b934ca495991b7852b855","last_name":"e3b0c44298fc1c149afbf4c8996fb92427ae41e4649b934ca495991b7852b855","zip_code":"e3b0c44298fc1c149afbf4c8996fb92427ae41e4649b934ca495991b7852b855"},"page":{"url":"http:\/\/www.ibn-sinaa.com\/product-tag\/%D8%B7%D8%A8%D8%A7%D8%B9%D8%A9-%D8%B8%D8%B1%D9%81\/"}}]}
 ajax: no
2025-01-06T00:54:23+00:00 DEBUG Tt4b_Mapi_Class::mapi_post: Response: 

HTTP/1.1 200 OK
Server: nginx
Content-Type: application/json
Content-Length: 92
X-Tt-Logid: 2025010600542330FBD197B144256A5F96
Server-Timing: inner; dur=27
x-tt-trace-host: 018e5a586174a888928d793bdac74b79b51a437ee89a1c03eb2011d034a2e3e9f5cd4142dceca41d6f3c56f77a06271bfcb825b14e4d446ea4ba4d02ab632807a8f9ddc3506d53df2b913ad5df38a9052a5e02df44f277002b6df86c5c291a8875
x-tt-trace-id: 00-25010600542330FBD197B144256A5F96-0B5BF1207A3C2EBC-00
Expires: Mon, 06 Jan 2025 00:54:23 GMT
Cache-Control: max-age=0, no-cache, no-store
Pragma: no-cache
Date: Mon, 06 Jan 2025 00:54:23 GMT
X-Cache: TCP_MISS from a95-101-134-92.deploy.akamaitechnologies.com (AkamaiGHost/11.7.2.1-9611f29bef89eba7b18045b10aa2af98) (-)
Connection: close
x-tt-trace-tag: id=16;cdn-cache=miss;type=dyn
Server-Timing: cdn-cache; desc=MISS, edge; dur=1, origin; dur=106
X-Origin-Response-Time: 107,95.101.134.92
X-Akamai-Request-ID: 1a2102c1

{"code": 0, "message": "OK", "request_id": "2025010600542330FBD197B144256A5F96", "data": {}}
2025-01-06T00:59:17+00:00 DEBUG POST: https://business-api.tiktok.com/open_api/v1.3/event/track/

{"partner_name":"WooCommerce","event_source":"web","event_source_id":"CSM79Q3C77UAG1T340I0","data":[{"event":"Pageview","event_id":"677b2ae568e8f_tt4b_woocommerce_670666209cf1f","event_time":1736125157,"user":{"ip":"66.249.66.167","user_agent":"Mozilla\/5.0 (Linux; Android 6.0.1; Nexus 5X Build\/MMB29P) AppleWebKit\/537.36 (KHTML, like Gecko) Chrome\/131.0.6778.204 Mobile Safari\/537.36 (compatible; Googlebot\/2.1; +http:\/\/www.google.com\/bot.html)","locale":"ar","external_id":"0","email":"e3b0c44298fc1c149afbf4c8996fb92427ae41e4649b934ca495991b7852b855","phone_number":"e3b0c44298fc1c149afbf4c8996fb92427ae41e4649b934ca495991b7852b855","first_name":"e3b0c44298fc1c149afbf4c8996fb92427ae41e4649b934ca495991b7852b855","last_name":"e3b0c44298fc1c149afbf4c8996fb92427ae41e4649b934ca495991b7852b855","zip_code":"e3b0c44298fc1c149afbf4c8996fb92427ae41e4649b934ca495991b7852b855"},"page":{"url":"http:\/\/www.ibn-sinaa.com\/product-tag\/%D8%B7%D8%A8%D8%A7%D8%B9%D8%A9-%D8%A7%D9%88%D9%86-%D9%84%D8%A7%D9%8A%D9%86\/"}}]}
 ajax: no
2025-01-06T00:59:17+00:00 DEBUG Tt4b_Mapi_Class::mapi_post: Response: 

HTTP/1.1 200 OK
Server: nginx
Content-Type: application/json
Content-Length: 92
X-Tt-Logid: 202501060059170287E53DEE5AE76B9DC3
x-tt-trace-host: 018e5a586174a888928d793bdac74b79b519a86797e72c2eba011e03e23beee17d95a8881f3cb6a2fad9b01fe536e0dd858e4f785a4f18d17d5afd27b0b3dd3ed80a8430c53823024edef57bc986fb7769856ee4dc5caee5972417a2ceb924df80f36f7304ecc1a78f2fa7200ced38cd0d
x-tt-trace-id: 00-2501060059170287E53DEE5AE76B9DC3-2ABE3F304C42275C-00
X-Origin-Response-Time: 47,23.218.219.33
X-Akamai-Request-ID: 2b69ecf4.175b1560
Expires: Mon, 06 Jan 2025 00:59:17 GMT
Cache-Control: max-age=0, no-cache, no-store
Pragma: no-cache
Date: Mon, 06 Jan 2025 00:59:17 GMT
X-Cache: TCP_MISS from a95-101-134-116.deploy.akamaitechnologies.com (AkamaiGHost/11.7.2.1-9611f29bef89eba7b18045b10aa2af98) (-)
Connection: close
X-Cache-Remote: TCP_MISS from a23-218-219-33.deploy.akamaitechnologies.com (AkamaiGHost/11.7.2.1-9611f29bef89eba7b18045b10aa2af98) (-)
x-tt-trace-tag: id=16;cdn-cache=miss;type=dyn
Server-Timing: cdn-cache; desc=MISS, edge; dur=85, origin; dur=46
Server-Timing: inner; dur=42
X-Parent-Response-Time: 131,95.101.134.116

{"code": 0, "message": "OK", "request_id": "202501060059170287E53DEE5AE76B9DC3", "data": {}}
2025-01-06T01:01:08+00:00 DEBUG POST: https://business-api.tiktok.com/open_api/v1.3/event/track/

{"partner_name":"WooCommerce","event_source":"web","event_source_id":"CSM79Q3C77UAG1T340I0","data":[{"event":"Pageview","event_id":"677b2b5454f57_tt4b_woocommerce_670666209cf1f","event_time":1736125268,"user":{"ip":"66.249.66.166","user_agent":"Mozilla\/5.0 (Linux; Android 6.0.1; Nexus 5X Build\/MMB29P) AppleWebKit\/537.36 (KHTML, like Gecko) Chrome\/131.0.6778.204 Mobile Safari\/537.36 (compatible; Googlebot\/2.1; +http:\/\/www.google.com\/bot.html)","locale":"ar","external_id":"0","email":"e3b0c44298fc1c149afbf4c8996fb92427ae41e4649b934ca495991b7852b855","phone_number":"e3b0c44298fc1c149afbf4c8996fb92427ae41e4649b934ca495991b7852b855","first_name":"e3b0c44298fc1c149afbf4c8996fb92427ae41e4649b934ca495991b7852b855","last_name":"e3b0c44298fc1c149afbf4c8996fb92427ae41e4649b934ca495991b7852b855","zip_code":"e3b0c44298fc1c149afbf4c8996fb92427ae41e4649b934ca495991b7852b855"},"page":{"url":"http:\/\/www.ibn-sinaa.com\/product-tag\/%D8%A7%D8%B8%D8%B1%D9%81\/"}}]}
 ajax: no
2025-01-06T01:01:08+00:00 DEBUG Tt4b_Mapi_Class::mapi_post: Response: 

HTTP/1.1 200 OK
Server: nginx
Content-Type: application/json
Content-Length: 92
X-Tt-Logid: 20250106010108BD1EC7591F95C6714DF1
x-tt-trace-host: 018e5a586174a888928d793bdac74b79b519a86797e72c2eba011e03e23beee17dd7bcf481031583f8a86de7171413ab78a96030bcce052ce596b3db3d2b87ebf971a1e0b79b4db9048a555e047bca7a36c2e8ff7de78d532be45762c31b0919cb40adf41a8b6e57f6de25d1c487fa6f56
x-tt-trace-id: 00-250106010108BD1EC7591F95C6714DF1-4A28A7AD57AE7D69-00
X-Origin-Response-Time: 51,23.52.15.170
X-Akamai-Request-ID: 591592b7.175d6035
Expires: Mon, 06 Jan 2025 01:01:08 GMT
Cache-Control: max-age=0, no-cache, no-store
Pragma: no-cache
Date: Mon, 06 Jan 2025 01:01:08 GMT
X-Cache: TCP_MISS from a95-101-134-116.deploy.akamaitechnologies.com (AkamaiGHost/11.7.2.1-9611f29bef89eba7b18045b10aa2af98) (-)
Connection: close
X-Cache-Remote: TCP_MISS from a23-52-15-170.deploy.akamaitechnologies.com (AkamaiGHost/11.7.2.1-9611f29bef89eba7b18045b10aa2af98) (-)
x-tt-trace-tag: id=16;cdn-cache=miss;type=dyn
Server-Timing: cdn-cache; desc=MISS, edge; dur=82, origin; dur=51
Server-Timing: inner; dur=29
X-Parent-Response-Time: 133,95.101.134.116

{"code": 0, "message": "OK", "request_id": "20250106010108BD1EC7591F95C6714DF1", "data": {}}
2025-01-06T01:01:26+00:00 DEBUG POST: https://business-api.tiktok.com/open_api/v1.3/event/track/

{"partner_name":"WooCommerce","event_source":"web","event_source_id":"CSM79Q3C77UAG1T340I0","data":[{"event":"Pageview","event_id":"677b2b66ccbc5_tt4b_woocommerce_670666209cf1f","event_time":1736125286,"user":{"ip":"66.249.66.166","user_agent":"Mozilla\/5.0 (Linux; Android 6.0.1; Nexus 5X Build\/MMB29P) AppleWebKit\/537.36 (KHTML, like Gecko) Chrome\/131.0.6778.204 Mobile Safari\/537.36 (compatible; Googlebot\/2.1; +http:\/\/www.google.com\/bot.html)","locale":"ar","external_id":"0","email":"e3b0c44298fc1c149afbf4c8996fb92427ae41e4649b934ca495991b7852b855","phone_number":"e3b0c44298fc1c149afbf4c8996fb92427ae41e4649b934ca495991b7852b855","first_name":"e3b0c44298fc1c149afbf4c8996fb92427ae41e4649b934ca495991b7852b855","last_name":"e3b0c44298fc1c149afbf4c8996fb92427ae41e4649b934ca495991b7852b855","zip_code":"e3b0c44298fc1c149afbf4c8996fb92427ae41e4649b934ca495991b7852b855"},"page":{"url":"http:\/\/www.ibn-sinaa.com\/product\/school-achievement-records\/"}}]}
 ajax: no
2025-01-06T01:01:27+00:00 DEBUG Tt4b_Mapi_Class::mapi_post: Response: 

HTTP/1.1 200 OK
Server: nginx
Content-Type: application/json
Content-Length: 92
X-Tt-Logid: 202501060101266D315A0B88B203029E20
x-tt-trace-host: 018e5a586174a888928d793bdac74b79b56517d7628cf0ffdff56b078ad2cf5615ac72e97d1a0829265000023be5809f3c40d564150506373b7d3bf73320f3c791deaa0b25afe5de2fcd8e92b0b7d9081f729d4500c9538a23060812efbb9aa416915a5b75a3d1f0ca4ec92fbf6a45ac3b
x-tt-trace-id: 00-2501060101266D315A0B88B203029E20-7EFBB3853E66D460-00
X-Origin-Response-Time: 129,23.218.219.21
X-Akamai-Request-ID: 37158be.1a325fd5
Expires: Mon, 06 Jan 2025 01:01:27 GMT
Cache-Control: max-age=0, no-cache, no-store
Pragma: no-cache
Date: Mon, 06 Jan 2025 01:01:27 GMT
X-Cache: TCP_MISS from a95-101-134-92.deploy.akamaitechnologies.com (AkamaiGHost/11.7.2.1-9611f29bef89eba7b18045b10aa2af98) (-)
Connection: close
X-Cache-Remote: TCP_MISS from a23-218-219-21.deploy.akamaitechnologies.com (AkamaiGHost/11.7.2.1-9611f29bef89eba7b18045b10aa2af98) (-)
x-tt-trace-tag: id=16;cdn-cache=miss;type=dyn
Server-Timing: cdn-cache; desc=MISS, edge; dur=83, origin; dur=129
Server-Timing: inner; dur=125
X-Parent-Response-Time: 212,95.101.134.92

{"code": 0, "message": "OK", "request_id": "202501060101266D315A0B88B203029E20", "data": {}}
2025-01-06T01:01:27+00:00 DEBUG Tt4b_Pixel_Class::inject_view_content_event: hit ViewContent
2025-01-06T01:01:27+00:00 DEBUG POST: https://business-api.tiktok.com/open_api/v1.3/event/track/

{"partner_name":"WooCommerce","event_source":"web","event_source_id":"CSM79Q3C77UAG1T340I0","data":[{"event":"ViewContent","event_id":"677b2b6729e25_tt4b_woocommerce_670666209cf1f_4049","event_time":1736125287,"user":{"ip":"66.249.66.166","user_agent":"Mozilla\/5.0 (Linux; Android 6.0.1; Nexus 5X Build\/MMB29P) AppleWebKit\/537.36 (KHTML, like Gecko) Chrome\/131.0.6778.204 Mobile Safari\/537.36 (compatible; Googlebot\/2.1; +http:\/\/www.google.com\/bot.html)","locale":"ar","external_id":"0","email":"e3b0c44298fc1c149afbf4c8996fb92427ae41e4649b934ca495991b7852b855","phone_number":"e3b0c44298fc1c149afbf4c8996fb92427ae41e4649b934ca495991b7852b855","first_name":"e3b0c44298fc1c149afbf4c8996fb92427ae41e4649b934ca495991b7852b855","last_name":"e3b0c44298fc1c149afbf4c8996fb92427ae41e4649b934ca495991b7852b855","zip_code":"e3b0c44298fc1c149afbf4c8996fb92427ae41e4649b934ca495991b7852b855"},"properties":{"contents":[{"price":65,"quantity":1,"content_id":"4049","content_name":"\u0633\u062c\u0644\u0627\u062a \u0627\u0644\u0627\u0646\u062c\u0627\u0632 \u0627\u0644\u0645\u062f\u0631\u0633\u064a\u0629","description":". \u0637\u0628\u0627\u0639\u0647 \u0633\u062c\u0644\u0627\u062a \u0645\u062f\u0631\u0633\u064a\u0629 \u0627\u062d\u062a\u0631\u0627\u0641\u064a\u0629 \u062e\u0627\u0645\u062a\u0647\u0627 \u0643\u0631\u062a\u0648\u0646 2000 \u062c\u0631\u0627\u0645,\u062a\u0636\u0627\u0641 \u0637\u0628\u0642\u0629 \u062d\u0645\u0627\u064a\u0647 \u0627\u0633\u062a\u064a\u0643\u0631 \u0645\u0639 \u0633\u0644\u0648\u0641\u0627\u0646 \u0644\u0627\u0645\u0639.\r\n. \u0645\u062a\u0648\u0641\u0631 \u0628 \u0627\u062d\u062c\u0627\u0645 \u0645\u062e\u062a\u0644\u0641\u0647 ( \u0635\u063a\u064a\u0631, \u0648\u0633\u0637 , \u0643\u0628\u064a\u0631 ).\r\n. \u064a\u062a\u0633\u0639 \u0627\u0644\u0645\u0642\u0627\u0633 \u0627\u0644\u0635\u063a\u064a\u0631 ( \u0645\u0646 50 \u0627\u0644\u0649 150 \u0648\u0631\u0642\u0629 ) \u0648 \u0627\u0644\u0648\u0633\u0637 ( \u0645\u0646 150 \u0627\u0644\u0649 300 \u0648\u0631\u0642\u0629 ) \u0648 \u0627\u0644\u0643\u0628\u064a\u0631 ( \u0645\u0646 300 \u0627\u0644\u0649 400 \u0648\u0631\u0642\u0629 ).\r\n. \u0645\u062f\u0629 \u0627\u0644\u062a\u0646\u0641\u064a\u0630 : 3-5 \u0627\u064a\u0627\u0645 \u0648\u062a\u0632\u064a\u062f \u0627\u0644\u0645\u062f\u0629 \u0639\u0646 \u0637\u0644\u0628 \u0627\u0644\u0634\u062d\u0646.","availability":"IN_STOCK","sale_price":65,"on_sale":false}],"content_type":"product","currency":"SAR","value":65,"event_trigger_source":"WooCommerce"},"page":{"url":"http:\/\/www.ibn-sinaa.com\/product\/school-achievement-records\/"}}]}
 ajax: no
2025-01-06T01:01:27+00:00 DEBUG Tt4b_Mapi_Class::mapi_post: Response: 

HTTP/1.1 200 OK
Server: nginx
Content-Type: application/json
Content-Length: 92
X-Tt-Logid: 2025010601012729586EFB070482578C1C
Server-Timing: inner; dur=31
x-tt-trace-host: 018e5a586174a888928d793bdac74b79b520593bf434961dbceff88e4b17f9a15615af4a552b34a0a04d33a54646c49651d767c8c95143d4e721dffcae7a15bdd2ee8f17d3a342e06e647e7620a16c8b74ca6c7b0a0f874e6a00821a57cc6432ea
x-tt-trace-id: 00-25010601012729586EFB070482578C1C-41C2D94E72A2CD23-00
Expires: Mon, 06 Jan 2025 01:01:27 GMT
Cache-Control: max-age=0, no-cache, no-store
Pragma: no-cache
Date: Mon, 06 Jan 2025 01:01:27 GMT
X-Cache: TCP_MISS from a95-101-134-116.deploy.akamaitechnologies.com (AkamaiGHost/11.7.2.1-9611f29bef89eba7b18045b10aa2af98) (-)
Connection: close
x-tt-trace-tag: id=16;cdn-cache=miss;type=dyn
Server-Timing: cdn-cache; desc=MISS, edge; dur=0, origin; dur=111
X-Origin-Response-Time: 111,95.101.134.116
X-Akamai-Request-ID: 175dbeef

{"code": 0, "message": "OK", "request_id": "2025010601012729586EFB070482578C1C", "data": {}}
2025-01-06T01:01:34+00:00 DEBUG POST: https://business-api.tiktok.com/open_api/v1.3/event/track/

{"partner_name":"WooCommerce","event_source":"web","event_source_id":"CSM79Q3C77UAG1T340I0","data":[{"event":"Pageview","event_id":"677b2b6edb2bc_tt4b_woocommerce_670666209cf1f","event_time":1736125294,"user":{"ip":"66.249.66.166","user_agent":"Mozilla\/5.0 (Linux; Android 6.0.1; Nexus 5X Build\/MMB29P) AppleWebKit\/537.36 (KHTML, like Gecko) Chrome\/131.0.6778.139 Mobile Safari\/537.36 (compatible; Googlebot\/2.1; +http:\/\/www.google.com\/bot.html)","locale":"ar","external_id":"0","email":"e3b0c44298fc1c149afbf4c8996fb92427ae41e4649b934ca495991b7852b855","phone_number":"e3b0c44298fc1c149afbf4c8996fb92427ae41e4649b934ca495991b7852b855","first_name":"e3b0c44298fc1c149afbf4c8996fb92427ae41e4649b934ca495991b7852b855","last_name":"e3b0c44298fc1c149afbf4c8996fb92427ae41e4649b934ca495991b7852b855","zip_code":"e3b0c44298fc1c149afbf4c8996fb92427ae41e4649b934ca495991b7852b855"},"page":{"url":"http:\/\/www.ibn-sinaa.com\/product\/biology-records\/"}}]}
 ajax: no
2025-01-06T01:01:35+00:00 DEBUG Tt4b_Mapi_Class::mapi_post: Response: 

HTTP/1.1 200 OK
Server: nginx
Content-Type: application/json
Content-Length: 92
X-Tt-Logid: 202501060101347C3540471EE158078C66
Server-Timing: inner; dur=34
x-tt-trace-host: 018e5a586174a888928d793bdac74b79b520593bf434961dbceff88e4b17f9a1560675c5b0b84c6f14d769b817579ba617bf90e7a2bb55b3d72a053f57494d5050c899eeea5e379372b6d08cefdbe2852acbbee5f61d575f75ef66ec1f963a2e2c
x-tt-trace-id: 00-2501060101347C3540471EE158078C66-0A09232E36AAE5AC-00
Expires: Mon, 06 Jan 2025 01:01:35 GMT
Cache-Control: max-age=0, no-cache, no-store
Pragma: no-cache
Date: Mon, 06 Jan 2025 01:01:35 GMT
X-Cache: TCP_MISS from a95-101-134-116.deploy.akamaitechnologies.com (AkamaiGHost/11.7.2.1-9611f29bef89eba7b18045b10aa2af98) (-)
Connection: close
x-tt-trace-tag: id=16;cdn-cache=miss;type=dyn
Server-Timing: cdn-cache; desc=MISS, edge; dur=0, origin; dur=114
X-Origin-Response-Time: 114,95.101.134.116
X-Akamai-Request-ID: 175de5e0

{"code": 0, "message": "OK", "request_id": "202501060101347C3540471EE158078C66", "data": {}}
2025-01-06T01:01:35+00:00 DEBUG Tt4b_Pixel_Class::inject_view_content_event: hit ViewContent
2025-01-06T01:01:35+00:00 DEBUG POST: https://business-api.tiktok.com/open_api/v1.3/event/track/

{"partner_name":"WooCommerce","event_source":"web","event_source_id":"CSM79Q3C77UAG1T340I0","data":[{"event":"ViewContent","event_id":"677b2b6f2161c_tt4b_woocommerce_670666209cf1f_4173","event_time":1736125295,"user":{"ip":"66.249.66.166","user_agent":"Mozilla\/5.0 (Linux; Android 6.0.1; Nexus 5X Build\/MMB29P) AppleWebKit\/537.36 (KHTML, like Gecko) Chrome\/131.0.6778.139 Mobile Safari\/537.36 (compatible; Googlebot\/2.1; +http:\/\/www.google.com\/bot.html)","locale":"ar","external_id":"0","email":"e3b0c44298fc1c149afbf4c8996fb92427ae41e4649b934ca495991b7852b855","phone_number":"e3b0c44298fc1c149afbf4c8996fb92427ae41e4649b934ca495991b7852b855","first_name":"e3b0c44298fc1c149afbf4c8996fb92427ae41e4649b934ca495991b7852b855","last_name":"e3b0c44298fc1c149afbf4c8996fb92427ae41e4649b934ca495991b7852b855","zip_code":"e3b0c44298fc1c149afbf4c8996fb92427ae41e4649b934ca495991b7852b855"},"properties":{"contents":[{"price":65,"quantity":1,"content_id":"4173","content_name":"\u0633\u062c\u0644\u0627\u062a \u0645\u0627\u062f\u0629 \u0627\u0644\u0627\u062d\u064a\u0627\u0621","description":". \u0637\u0628\u0627\u0639\u0647 \u0633\u062c\u0644\u0627\u062a \u0645\u062f\u0631\u0633\u064a\u0629 \u0627\u062d\u062a\u0631\u0627\u0641\u064a\u0629 \u062e\u0627\u0645\u062a\u0647\u0627 \u0643\u0631\u062a\u0648\u0646 2000 \u062c\u0631\u0627\u0645,\u062a\u0636\u0627\u0641 \u0637\u0628\u0642\u0629 \u062d\u0645\u0627\u064a\u0647 \u0627\u0633\u062a\u064a\u0643\u0631 \u0645\u0639 \u0633\u0644\u0648\u0641\u0627\u0646 \u0644\u0627\u0645\u0639.\r\n. \u0645\u062a\u0648\u0641\u0631 \u0628 \u0627\u062d\u062c\u0627\u0645 \u0645\u062e\u062a\u0644\u0641\u0647 ( \u0635\u063a\u064a\u0631, \u0648\u0633\u0637 , \u0643\u0628\u064a\u0631 ).\r\n. \u064a\u062a\u0633\u0639 \u0627\u0644\u0645\u0642\u0627\u0633 \u0627\u0644\u0635\u063a\u064a\u0631 ( \u0645\u0646 50 \u0627\u0644\u0649 150 \u0648\u0631\u0642\u0629 )\r\n. \u064a\u062a\u0633\u0639 \u0627\u0644\u0648\u0633\u0637 ( \u0645\u0646 150 \u0627\u0644\u0649 300 \u0648\u0631\u0642\u0629 )\r\n. \u0627\u0644\u0643\u0628\u064a\u0631 ( \u0645\u0646 300 \u0627\u0644\u0649 400 \u0648\u0631\u0642\u0629 ).\r\n. \u0645\u062f\u0629 \u0627\u0644\u062a\u0646\u0641\u064a\u0630 : 3-5 \u0627\u064a\u0627\u0645 \u0648\u062a\u0632\u064a\u062f \u0627\u0644\u0645\u062f\u0629 \u0639\u0646 \u0637\u0644\u0628 \u0627\u0644\u0634\u062d\u0646.","availability":"IN_STOCK","sale_price":65,"on_sale":false}],"content_type":"product","currency":"SAR","value":65,"event_trigger_source":"WooCommerce"},"page":{"url":"http:\/\/www.ibn-sinaa.com\/product\/biology-records\/"}}]}
 ajax: no
2025-01-06T01:01:35+00:00 DEBUG Tt4b_Mapi_Class::mapi_post: Response: 

HTTP/1.1 200 OK
Server: nginx
Content-Type: application/json
Content-Length: 92
X-Tt-Logid: 20250106010135B378680DD811DE7758DA
Server-Timing: inner; dur=45
x-tt-trace-host: 018e5a586174a888928d793bdac74b79b51a437ee89a1c03eb2011d034a2e3e9f5bc1ef4614102de16d8805fe0e65b57f2d883b5b950cce2e03254aedb3c2aac7e87fb5b8497409a1285423f90915d6a6eaffce61b3d022795ce09f44d0b02bc33
x-tt-trace-id: 00-250106010135B378680DD811DE7758DA-32667E246B085CDC-00
Expires: Mon, 06 Jan 2025 01:01:35 GMT
Cache-Control: max-age=0, no-cache, no-store
Pragma: no-cache
Date: Mon, 06 Jan 2025 01:01:35 GMT
X-Cache: TCP_MISS from a95-101-134-92.deploy.akamaitechnologies.com (AkamaiGHost/11.7.2.1-9611f29bef89eba7b18045b10aa2af98) (-)
Connection: close
x-tt-trace-tag: id=16;cdn-cache=miss;type=dyn
Server-Timing: cdn-cache; desc=MISS, edge; dur=1, origin; dur=123
X-Origin-Response-Time: 123,95.101.134.92
X-Akamai-Request-ID: 1a32b35c

{"code": 0, "message": "OK", "request_id": "20250106010135B378680DD811DE7758DA", "data": {}}
2025-01-06T01:05:26+00:00 DEBUG POST: https://business-api.tiktok.com/open_api/v1.3/event/track/

{"partner_name":"WooCommerce","event_source":"web","event_source_id":"CSM79Q3C77UAG1T340I0","data":[{"event":"Pageview","event_id":"677b2c5634890_tt4b_woocommerce_670666209cf1f","event_time":1736125526,"user":{"ip":"40.77.167.32","user_agent":"Mozilla\/5.0 AppleWebKit\/537.36 (KHTML, like Gecko; compatible; bingbot\/2.0; +http:\/\/www.bing.com\/bingbot.htm) Chrome\/116.0.1938.76 Safari\/537.36","locale":"ar","external_id":"0","email":"e3b0c44298fc1c149afbf4c8996fb92427ae41e4649b934ca495991b7852b855","phone_number":"e3b0c44298fc1c149afbf4c8996fb92427ae41e4649b934ca495991b7852b855","first_name":"e3b0c44298fc1c149afbf4c8996fb92427ae41e4649b934ca495991b7852b855","last_name":"e3b0c44298fc1c149afbf4c8996fb92427ae41e4649b934ca495991b7852b855","zip_code":"e3b0c44298fc1c149afbf4c8996fb92427ae41e4649b934ca495991b7852b855"},"page":{"url":"http:\/\/mail.ibn-sinaa.com\/product-tag\/%D8%B7%D8%A7%D9%88%D9%84%D8%A9-%D8%A8%D9%88%D8%A8-%D8%A7%D8%A8\/"}}]}
 ajax: no
2025-01-06T01:05:26+00:00 DEBUG Tt4b_Mapi_Class::mapi_post: Response: 

HTTP/1.1 200 OK
Server: nginx
Content-Type: application/json
Content-Length: 92
X-Tt-Logid: 20250106010526985FE84799A5A0E8AFC3
Server-Timing: inner; dur=34
x-tt-trace-host: 018e5a586174a888928d793bdac74b79b520593bf434961dbceff88e4b17f9a156c517c495591f67d0e67ccbdc69618155e5960ff76b9b0d2d7d21cc20056d809ebb7429fa0a6e061ca98f7c42f00942a66d5bebc6c08adfcef31b2f47f133f2eb
x-tt-trace-id: 00-250106010526985FE84799A5A0E8AFC3-264BF12B60CE2757-00
Expires: Mon, 06 Jan 2025 01:05:26 GMT
Cache-Control: max-age=0, no-cache, no-store
Pragma: no-cache
Date: Mon, 06 Jan 2025 01:05:26 GMT
X-Cache: TCP_MISS from a95-101-134-116.deploy.akamaitechnologies.com (AkamaiGHost/11.7.2.1-9611f29bef89eba7b18045b10aa2af98) (-)
Connection: close
x-tt-trace-tag: id=16;cdn-cache=miss;type=dyn
Server-Timing: cdn-cache; desc=MISS, edge; dur=0, origin; dur=114
X-Origin-Response-Time: 114,95.101.134.116
X-Akamai-Request-ID: 1766b5ef

{"code": 0, "message": "OK", "request_id": "20250106010526985FE84799A5A0E8AFC3", "data": {}}
2025-01-06T01:10:50+00:00 DEBUG POST: https://business-api.tiktok.com/open_api/v1.3/event/track/

{"partner_name":"WooCommerce","event_source":"web","event_source_id":"CSM79Q3C77UAG1T340I0","data":[{"event":"Pageview","event_id":"677b2d9a794b9_tt4b_woocommerce_670666209cf1f","event_time":1736125850,"user":{"ip":"66.249.66.166","user_agent":"Mozilla\/5.0 (Linux; Android 6.0.1; Nexus 5X Build\/MMB29P) AppleWebKit\/537.36 (KHTML, like Gecko) Chrome\/131.0.6778.204 Mobile Safari\/537.36 (compatible; Googlebot\/2.1; +http:\/\/www.google.com\/bot.html)","locale":"ar","external_id":"0","email":"e3b0c44298fc1c149afbf4c8996fb92427ae41e4649b934ca495991b7852b855","phone_number":"e3b0c44298fc1c149afbf4c8996fb92427ae41e4649b934ca495991b7852b855","first_name":"e3b0c44298fc1c149afbf4c8996fb92427ae41e4649b934ca495991b7852b855","last_name":"e3b0c44298fc1c149afbf4c8996fb92427ae41e4649b934ca495991b7852b855","zip_code":"e3b0c44298fc1c149afbf4c8996fb92427ae41e4649b934ca495991b7852b855"},"page":{"url":"http:\/\/www.ibn-sinaa.com\/product\/school-records-physical-education\/"}}]}
 ajax: no
2025-01-06T01:10:50+00:00 DEBUG Tt4b_Mapi_Class::mapi_post: Response: 

HTTP/1.1 200 OK
Server: nginx
Content-Type: application/json
Content-Length: 92
X-Tt-Logid: 20250106011050AE76A293A1FC5D95398C
x-tt-trace-host: 018e5a586174a888928d793bdac74b79b56517d7628cf0ffdff56b078ad2cf5615f2f092ec6c934468c6736956be282f189ef6a83b3be7411b83501c57ed804bf27dc304b7bf4d329861942f41026c7b52f1f376e14824993cd61275efd1dee4d3d42aa97ce89a625ebc8dd00d6cdaaaeb
x-tt-trace-id: 00-250106011050AE76A293A1FC5D95398C-0C13EA3D8D17C367-00
X-Origin-Response-Time: 34,23.218.219.55
X-Akamai-Request-ID: 25bd5405.1a4b523a
Expires: Mon, 06 Jan 2025 01:10:50 GMT
Cache-Control: max-age=0, no-cache, no-store
Pragma: no-cache
Date: Mon, 06 Jan 2025 01:10:50 GMT
X-Cache: TCP_MISS from a95-101-134-92.deploy.akamaitechnologies.com (AkamaiGHost/11.7.2.1-9611f29bef89eba7b18045b10aa2af98) (-)
Connection: close
X-Cache-Remote: TCP_MISS from a23-218-219-55.deploy.akamaitechnologies.com (AkamaiGHost/11.7.2.1-9611f29bef89eba7b18045b10aa2af98) (-)
x-tt-trace-tag: id=16;cdn-cache=miss;type=dyn
Server-Timing: cdn-cache; desc=MISS, edge; dur=83, origin; dur=33
Server-Timing: inner; dur=30
X-Parent-Response-Time: 116,95.101.134.92

{"code": 0, "message": "OK", "request_id": "20250106011050AE76A293A1FC5D95398C", "data": {}}
2025-01-06T01:10:50+00:00 DEBUG Tt4b_Pixel_Class::inject_view_content_event: hit ViewContent
2025-01-06T01:10:50+00:00 DEBUG POST: https://business-api.tiktok.com/open_api/v1.3/event/track/

{"partner_name":"WooCommerce","event_source":"web","event_source_id":"CSM79Q3C77UAG1T340I0","data":[{"event":"ViewContent","event_id":"677b2d9ac04ea_tt4b_woocommerce_670666209cf1f_4097","event_time":1736125850,"user":{"ip":"66.249.66.166","user_agent":"Mozilla\/5.0 (Linux; Android 6.0.1; Nexus 5X Build\/MMB29P) AppleWebKit\/537.36 (KHTML, like Gecko) Chrome\/131.0.6778.204 Mobile Safari\/537.36 (compatible; Googlebot\/2.1; +http:\/\/www.google.com\/bot.html)","locale":"ar","external_id":"0","email":"e3b0c44298fc1c149afbf4c8996fb92427ae41e4649b934ca495991b7852b855","phone_number":"e3b0c44298fc1c149afbf4c8996fb92427ae41e4649b934ca495991b7852b855","first_name":"e3b0c44298fc1c149afbf4c8996fb92427ae41e4649b934ca495991b7852b855","last_name":"e3b0c44298fc1c149afbf4c8996fb92427ae41e4649b934ca495991b7852b855","zip_code":"e3b0c44298fc1c149afbf4c8996fb92427ae41e4649b934ca495991b7852b855"},"properties":{"contents":[{"price":65,"quantity":1,"content_id":"4097","content_name":"\u0633\u062c\u0644\u0627\u062a \u0645\u0627\u062f\u0629 \u0627\u0644\u062a\u0631\u0628\u064a\u0629 \u0627\u0644\u0628\u062f\u0646\u064a\u0629","description":". \u0637\u0628\u0627\u0639\u0647 \u0633\u062c\u0644\u0627\u062a \u0645\u062f\u0631\u0633\u064a\u0629 \u0627\u062d\u062a\u0631\u0627\u0641\u064a\u0629 \u062e\u0627\u0645\u062a\u0647\u0627 \u0643\u0631\u062a\u0648\u0646 2000 \u062c\u0631\u0627\u0645,\u062a\u0636\u0627\u0641 \u0637\u0628\u0642\u0629 \u062d\u0645\u0627\u064a\u0647 \u0627\u0633\u062a\u064a\u0643\u0631 \u0645\u0639 \u0633\u0644\u0648\u0641\u0627\u0646 \u0644\u0627\u0645\u0639.\r\n. \u0645\u062a\u0648\u0641\u0631 \u0628 \u0627\u062d\u062c\u0627\u0645 \u0645\u062e\u062a\u0644\u0641\u0647 ( \u0635\u063a\u064a\u0631, \u0648\u0633\u0637 , \u0643\u0628\u064a\u0631 ).\r\n. \u064a\u062a\u0633\u0639 \u0627\u0644\u0645\u0642\u0627\u0633 \u0627\u0644\u0635\u063a\u064a\u0631 ( \u0645\u0646 50 \u0627\u0644\u0649 150 \u0648\u0631\u0642\u0629 )\r\n. \u064a\u062a\u0633\u0639 \u0627\u0644\u0648\u0633\u0637 ( \u0645\u0646 150 \u0627\u0644\u0649 300 \u0648\u0631\u0642\u0629 )\r\n. \u0627\u0644\u0643\u0628\u064a\u0631 ( \u0645\u0646 300 \u0627\u0644\u0649 400 \u0648\u0631\u0642\u0629 ).\r\n. \u0645\u062f\u0629 \u0627\u0644\u062a\u0646\u0641\u064a\u0630 : 3-5 \u0627\u064a\u0627\u0645 \u0648\u062a\u0632\u064a\u062f \u0627\u0644\u0645\u062f\u0629 \u0639\u0646 \u0637\u0644\u0628 \u0627\u0644\u0634\u062d\u0646.","availability":"IN_STOCK","sale_price":65,"on_sale":false}],"content_type":"product","currency":"SAR","value":65,"event_trigger_source":"WooCommerce"},"page":{"url":"http:\/\/www.ibn-sinaa.com\/product\/school-records-physical-education\/"}}]}
 ajax: no
2025-01-06T01:10:50+00:00 DEBUG Tt4b_Mapi_Class::mapi_post: Response: 

HTTP/1.1 200 OK
Server: nginx
Content-Type: application/json
Content-Length: 92
X-Tt-Logid: 20250106011050C87E4FA56142E98C9378
Server-Timing: inner; dur=31
x-tt-trace-host: 018e5a586174a888928d793bdac74b79b520593bf434961dbceff88e4b17f9a156984064e5e8de7192b942607fd3f80949f8f47c766468df936f80e880489baf367cae5fb1eb0510ecb1a3ff4276468268b4a522990f8168973c34ae806098182a
x-tt-trace-id: 00-250106011050C87E4FA56142E98C9378-67AAD4684391E8BC-00
Expires: Mon, 06 Jan 2025 01:10:50 GMT
Cache-Control: max-age=0, no-cache, no-store
Pragma: no-cache
Date: Mon, 06 Jan 2025 01:10:50 GMT
X-Cache: TCP_MISS from a95-101-134-116.deploy.akamaitechnologies.com (AkamaiGHost/11.7.2.1-9611f29bef89eba7b18045b10aa2af98) (-)
Connection: close
x-tt-trace-tag: id=16;cdn-cache=miss;type=dyn
Server-Timing: cdn-cache; desc=MISS, edge; dur=0, origin; dur=114
X-Origin-Response-Time: 114,95.101.134.116
X-Akamai-Request-ID: 176dd973

{"code": 0, "message": "OK", "request_id": "20250106011050C87E4FA56142E98C9378", "data": {}}
2025-01-06T01:12:15+00:00 DEBUG POST: https://business-api.tiktok.com/open_api/v1.3/event/track/

{"partner_name":"WooCommerce","event_source":"web","event_source_id":"CSM79Q3C77UAG1T340I0","data":[{"event":"Pageview","event_id":"677b2def2bee3_tt4b_woocommerce_670666209cf1f","event_time":1736125935,"user":{"ip":"207.46.13.87","user_agent":"Mozilla\/5.0 AppleWebKit\/537.36 (KHTML, like Gecko; compatible; bingbot\/2.0; +http:\/\/www.bing.com\/bingbot.htm) Chrome\/116.0.1938.76 Safari\/537.36","locale":"ar","external_id":"0","email":"e3b0c44298fc1c149afbf4c8996fb92427ae41e4649b934ca495991b7852b855","phone_number":"e3b0c44298fc1c149afbf4c8996fb92427ae41e4649b934ca495991b7852b855","first_name":"e3b0c44298fc1c149afbf4c8996fb92427ae41e4649b934ca495991b7852b855","last_name":"e3b0c44298fc1c149afbf4c8996fb92427ae41e4649b934ca495991b7852b855","zip_code":"e3b0c44298fc1c149afbf4c8996fb92427ae41e4649b934ca495991b7852b855"},"page":{"url":"http:\/\/www.ibn-sinaa.com\/?s=2025"}}]}
 ajax: no
2025-01-06T01:12:15+00:00 DEBUG Tt4b_Mapi_Class::mapi_post: Response: 

HTTP/1.1 200 OK
Server: nginx
Content-Type: application/json
Content-Length: 92
X-Tt-Logid: 202501060112154CCBEB2E8FB846DEE085
x-tt-trace-host: 018e5a586174a888928d793bdac74b79b56517d7628cf0ffdff56b078ad2cf5615c581a1dc29bbdc17987f2b881ac240e18ac810a36713810868d6d83feabab03565a11445518da8f878a2b3c6a678983b8a8251ebfdf41d4520e86d809005187efd0381c32a1e4ac1def236e4192d402f
x-tt-trace-id: 00-2501060112154CCBEB2E8FB846DEE085-2E3CB36E85BAE1D9-00
X-Origin-Response-Time: 79,23.207.199.29
X-Akamai-Request-ID: 4ace18cc.1a4eb973
Expires: Mon, 06 Jan 2025 01:12:15 GMT
Cache-Control: max-age=0, no-cache, no-store
Pragma: no-cache
Date: Mon, 06 Jan 2025 01:12:15 GMT
X-Cache: TCP_MISS from a95-101-134-92.deploy.akamaitechnologies.com (AkamaiGHost/11.7.2.1-9611f29bef89eba7b18045b10aa2af98) (-)
Connection: close
X-Cache-Remote: TCP_MISS from a23-207-199-29.deploy.akamaitechnologies.com (AkamaiGHost/11.7.2.1-9611f29bef89eba7b18045b10aa2af98) (-)
x-tt-trace-tag: id=16;cdn-cache=miss;type=dyn
Server-Timing: cdn-cache; desc=MISS, edge; dur=266, origin; dur=79
Server-Timing: inner; dur=33
X-Parent-Response-Time: 344,95.101.134.92

{"code": 0, "message": "OK", "request_id": "202501060112154CCBEB2E8FB846DEE085", "data": {}}
2025-01-06T01:12:40+00:00 DEBUG POST: https://business-api.tiktok.com/open_api/v1.3/event/track/

{"partner_name":"WooCommerce","event_source":"web","event_source_id":"CSM79Q3C77UAG1T340I0","data":[{"event":"Pageview","event_id":"677b2e08a23bd_tt4b_woocommerce_670666209cf1f","event_time":1736125960,"user":{"ip":"54.36.148.16","user_agent":"Mozilla\/5.0 (compatible; AhrefsBot\/7.0; +http:\/\/ahrefs.com\/robot\/)","locale":"ar","external_id":"0","email":"e3b0c44298fc1c149afbf4c8996fb92427ae41e4649b934ca495991b7852b855","phone_number":"e3b0c44298fc1c149afbf4c8996fb92427ae41e4649b934ca495991b7852b855","first_name":"e3b0c44298fc1c149afbf4c8996fb92427ae41e4649b934ca495991b7852b855","last_name":"e3b0c44298fc1c149afbf4c8996fb92427ae41e4649b934ca495991b7852b855","zip_code":"e3b0c44298fc1c149afbf4c8996fb92427ae41e4649b934ca495991b7852b855"},"page":{"url":"http:\/\/mail.ibn-sinaa.com\/product\/english-language-subject-records\/"}}]}
 ajax: no
2025-01-06T01:12:40+00:00 DEBUG Tt4b_Mapi_Class::mapi_post: Response: 

HTTP/1.1 200 OK
Server: nginx
Content-Type: application/json
Content-Length: 92
X-Tt-Logid: 2025010601124094982EEBEC6E4DEF0407
x-tt-trace-host: 018e5a586174a888928d793bdac74b79b56517d7628cf0ffdff56b078ad2cf56157f6c0d4519caa6435732dd9992e03efb9bf18bcf1086093a149155834a83fdf35c5d365f8a402fe8ef9672a4357c59eaeb82d733d69bcdbaf9703b69194e580a88859ef1a84348ef49582b305715e139
x-tt-trace-id: 00-25010601124094982EEBEC6E4DEF0407-007F0C8561175CA9-00
X-Origin-Response-Time: 39,23.218.219.41
X-Akamai-Request-ID: 4140231.1a4fbb4d
Expires: Mon, 06 Jan 2025 01:12:40 GMT
Cache-Control: max-age=0, no-cache, no-store
Pragma: no-cache
Date: Mon, 06 Jan 2025 01:12:40 GMT
X-Cache: TCP_MISS from a95-101-134-92.deploy.akamaitechnologies.com (AkamaiGHost/11.7.2.1-9611f29bef89eba7b18045b10aa2af98) (-)
Connection: close
X-Cache-Remote: TCP_MISS from a23-218-219-41.deploy.akamaitechnologies.com (AkamaiGHost/11.7.2.1-9611f29bef89eba7b18045b10aa2af98) (-)
x-tt-trace-tag: id=16;cdn-cache=miss;type=dyn
Server-Timing: cdn-cache; desc=MISS, edge; dur=82, origin; dur=39
Server-Timing: inner; dur=30
X-Parent-Response-Time: 120,95.101.134.92

{"code": 0, "message": "OK", "request_id": "2025010601124094982EEBEC6E4DEF0407", "data": {}}
2025-01-06T01:12:40+00:00 DEBUG Tt4b_Pixel_Class::inject_view_content_event: hit ViewContent
2025-01-06T01:12:40+00:00 DEBUG POST: https://business-api.tiktok.com/open_api/v1.3/event/track/

{"partner_name":"WooCommerce","event_source":"web","event_source_id":"CSM79Q3C77UAG1T340I0","data":[{"event":"ViewContent","event_id":"677b2e08e1121_tt4b_woocommerce_670666209cf1f_4157","event_time":1736125960,"user":{"ip":"54.36.148.16","user_agent":"Mozilla\/5.0 (compatible; AhrefsBot\/7.0; +http:\/\/ahrefs.com\/robot\/)","locale":"ar","external_id":"0","email":"e3b0c44298fc1c149afbf4c8996fb92427ae41e4649b934ca495991b7852b855","phone_number":"e3b0c44298fc1c149afbf4c8996fb92427ae41e4649b934ca495991b7852b855","first_name":"e3b0c44298fc1c149afbf4c8996fb92427ae41e4649b934ca495991b7852b855","last_name":"e3b0c44298fc1c149afbf4c8996fb92427ae41e4649b934ca495991b7852b855","zip_code":"e3b0c44298fc1c149afbf4c8996fb92427ae41e4649b934ca495991b7852b855"},"properties":{"contents":[{"price":65,"quantity":1,"content_id":"4157","content_name":"\u0633\u062c\u0644\u0627\u062a \u0645\u0627\u062f\u0629 \u0627\u0644\u0644\u063a\u0629 \u0627\u0644\u0627\u0646\u062c\u0644\u064a\u0632\u064a\u0629","description":". \u0637\u0628\u0627\u0639\u0647 \u0633\u062c\u0644\u0627\u062a \u0645\u062f\u0631\u0633\u064a\u0629 \u0627\u062d\u062a\u0631\u0627\u0641\u064a\u0629 \u062e\u0627\u0645\u062a\u0647\u0627 \u0643\u0631\u062a\u0648\u0646 2000 \u062c\u0631\u0627\u0645,\u062a\u0636\u0627\u0641 \u0637\u0628\u0642\u0629 \u062d\u0645\u0627\u064a\u0647 \u0627\u0633\u062a\u064a\u0643\u0631 \u0645\u0639 \u0633\u0644\u0648\u0641\u0627\u0646 \u0644\u0627\u0645\u0639.\r\n. \u0645\u062a\u0648\u0641\u0631 \u0628 \u0627\u062d\u062c\u0627\u0645 \u0645\u062e\u062a\u0644\u0641\u0647 ( \u0635\u063a\u064a\u0631, \u0648\u0633\u0637 , \u0643\u0628\u064a\u0631 ).\r\n. \u064a\u062a\u0633\u0639 \u0627\u0644\u0645\u0642\u0627\u0633 \u0627\u0644\u0635\u063a\u064a\u0631 ( \u0645\u0646 50 \u0627\u0644\u0649 150 \u0648\u0631\u0642\u0629 )\r\n. \u064a\u062a\u0633\u0639 \u0627\u0644\u0648\u0633\u0637 ( \u0645\u0646 150 \u0627\u0644\u0649 300 \u0648\u0631\u0642\u0629 )\r\n. \u0627\u0644\u0643\u0628\u064a\u0631 ( \u0645\u0646 300 \u0627\u0644\u0649 400 \u0648\u0631\u0642\u0629 ).\r\n. \u0645\u062f\u0629 \u0627\u0644\u062a\u0646\u0641\u064a\u0630 : 3-5 \u0627\u064a\u0627\u0645 \u0648\u062a\u0632\u064a\u062f \u0627\u0644\u0645\u062f\u0629 \u0639\u0646 \u0637\u0644\u0628 \u0627\u0644\u0634\u062d\u0646.","availability":"IN_STOCK","sale_price":65,"on_sale":false}],"content_type":"product","currency":"SAR","value":65,"event_trigger_source":"WooCommerce"},"page":{"url":"http:\/\/mail.ibn-sinaa.com\/product\/english-language-subject-records\/"}}]}
 ajax: no
2025-01-06T01:12:41+00:00 DEBUG Tt4b_Mapi_Class::mapi_post: Response: 

HTTP/1.1 200 OK
Server: nginx
Content-Type: application/json
Content-Length: 92
X-Tt-Logid: 20250106011241445BEAAC6005A38E7B30
Server-Timing: inner; dur=26
x-tt-trace-host: 018e5a586174a888928d793bdac74b79b520593bf434961dbceff88e4b17f9a156262b5f17d527e5fbe7be83d07720459fdf47e1f2f7e006dc5694ea6cf6c7d2cee9af998d023f5dfae8cad972b37352b855803aa4b4a2f33d25b37f0c35ad41aa
x-tt-trace-id: 00-250106011241445BEAAC6005A38E7B30-03983A595AF8DB40-00
Expires: Mon, 06 Jan 2025 01:12:41 GMT
Cache-Control: max-age=0, no-cache, no-store
Pragma: no-cache
Date: Mon, 06 Jan 2025 01:12:41 GMT
X-Cache: TCP_MISS from a95-101-134-116.deploy.akamaitechnologies.com (AkamaiGHost/11.7.2.1-9611f29bef89eba7b18045b10aa2af98) (-)
Connection: close
x-tt-trace-tag: id=16;cdn-cache=miss;type=dyn
Server-Timing: cdn-cache; desc=MISS, edge; dur=0, origin; dur=105
X-Origin-Response-Time: 105,95.101.134.116
X-Akamai-Request-ID: 17701a2d

{"code": 0, "message": "OK", "request_id": "20250106011241445BEAAC6005A38E7B30", "data": {}}
2025-01-06T01:13:07+00:00 DEBUG POST: https://business-api.tiktok.com/open_api/v1.3/event/track/

{"partner_name":"WooCommerce","event_source":"web","event_source_id":"CSM79Q3C77UAG1T340I0","data":[{"event":"Pageview","event_id":"677b2e2304f1b_tt4b_woocommerce_670666209cf1f","event_time":1736125987,"user":{"ip":"66.249.66.20","user_agent":"Mozilla\/5.0 (Linux; Android 6.0.1; Nexus 5X Build\/MMB29P) AppleWebKit\/537.36 (KHTML, like Gecko) Chrome\/131.0.6778.139 Mobile Safari\/537.36 (compatible; Googlebot\/2.1; +http:\/\/www.google.com\/bot.html)","locale":"ar","external_id":"0","email":"e3b0c44298fc1c149afbf4c8996fb92427ae41e4649b934ca495991b7852b855","phone_number":"e3b0c44298fc1c149afbf4c8996fb92427ae41e4649b934ca495991b7852b855","first_name":"e3b0c44298fc1c149afbf4c8996fb92427ae41e4649b934ca495991b7852b855","last_name":"e3b0c44298fc1c149afbf4c8996fb92427ae41e4649b934ca495991b7852b855","zip_code":"e3b0c44298fc1c149afbf4c8996fb92427ae41e4649b934ca495991b7852b855"},"page":{"url":"http:\/\/mail.ibn-sinaa.com\/product-category\/school-and-student-printing\/%D8%B3%D8%AC%D9%84%D8%A7%D8%AA\/page\/2\/"}}]}
 ajax: no
2025-01-06T01:13:07+00:00 DEBUG Tt4b_Mapi_Class::mapi_post: Response: 

HTTP/1.1 200 OK
Server: nginx
Content-Type: application/json
Content-Length: 92
X-Tt-Logid: 20250106011307B130C93481E294EC34B6
Server-Timing: inner; dur=32
x-tt-trace-host: 018e5a586174a888928d793bdac74b79b51a437ee89a1c03eb2011d034a2e3e9f5dd84462460164b811091298f24845831b049886c44f0885ca2a846e7508a47f1b301fd535e2181e56db4c182c09f364bec1c87a63f99045c31c3b2763c1cd077
x-tt-trace-id: 00-250106011307B130C93481E294EC34B6-2B21AD3B42697F84-00
Expires: Mon, 06 Jan 2025 01:13:07 GMT
Cache-Control: max-age=0, no-cache, no-store
Pragma: no-cache
Date: Mon, 06 Jan 2025 01:13:07 GMT
X-Cache: TCP_MISS from a95-101-134-92.deploy.akamaitechnologies.com (AkamaiGHost/11.7.2.1-9611f29bef89eba7b18045b10aa2af98) (-)
Connection: close
x-tt-trace-tag: id=16;cdn-cache=miss;type=dyn
Server-Timing: cdn-cache; desc=MISS, edge; dur=0, origin; dur=116
X-Origin-Response-Time: 116,95.101.134.92
X-Akamai-Request-ID: 1a50c7e9

{"code": 0, "message": "OK", "request_id": "20250106011307B130C93481E294EC34B6", "data": {}}
2025-01-06T01:18:23+00:00 DEBUG POST: https://business-api.tiktok.com/open_api/v1.3/event/track/

{"partner_name":"WooCommerce","event_source":"web","event_source_id":"CSM79Q3C77UAG1T340I0","data":[{"event":"Pageview","event_id":"677b2f5f98da4_tt4b_woocommerce_670666209cf1f","event_time":1736126303,"user":{"ip":"54.36.148.68","user_agent":"Mozilla\/5.0 (compatible; AhrefsBot\/7.0; +http:\/\/ahrefs.com\/robot\/)","locale":"ar","external_id":"0","email":"e3b0c44298fc1c149afbf4c8996fb92427ae41e4649b934ca495991b7852b855","phone_number":"e3b0c44298fc1c149afbf4c8996fb92427ae41e4649b934ca495991b7852b855","first_name":"e3b0c44298fc1c149afbf4c8996fb92427ae41e4649b934ca495991b7852b855","last_name":"e3b0c44298fc1c149afbf4c8996fb92427ae41e4649b934ca495991b7852b855","zip_code":"e3b0c44298fc1c149afbf4c8996fb92427ae41e4649b934ca495991b7852b855"},"page":{"url":"http:\/\/ibn-sinaa.com\/shop\/page\/9\/"}}]}
 ajax: no
2025-01-06T01:18:24+00:00 DEBUG Tt4b_Mapi_Class::mapi_post: Response: 

HTTP/1.1 200 OK
Server: nginx
Content-Type: application/json
Content-Length: 92
X-Tt-Logid: 2025010601182351A2C7145C801EEBF67E
x-tt-trace-host: 018e5a586174a888928d793bdac74b79b56517d7628cf0ffdff56b078ad2cf561549fef2e08b26796574d414ae9df4b1e09723af220d7888e1b4a348424c149e1a198a7e5502f26a66a4b123d25058f872127643ec1cb38864fcd145ce7ad44795bcb86da3240dde00f07fb8b632089556
x-tt-trace-id: 00-25010601182351A2C7145C801EEBF67E-691ED0C61784A040-00
X-Origin-Response-Time: 247,23.52.15.209
X-Akamai-Request-ID: 84005556.1a5d36e2
Expires: Mon, 06 Jan 2025 01:18:24 GMT
Cache-Control: max-age=0, no-cache, no-store
Pragma: no-cache
Date: Mon, 06 Jan 2025 01:18:24 GMT
X-Cache: TCP_MISS from a95-101-134-92.deploy.akamaitechnologies.com (AkamaiGHost/11.7.2.1-9611f29bef89eba7b18045b10aa2af98) (-)
Connection: close
X-Cache-Remote: TCP_MISS from a23-52-15-209.deploy.akamaitechnologies.com (AkamaiGHost/11.7.2.1-9611f29bef89eba7b18045b10aa2af98) (-)
x-tt-trace-tag: id=16;cdn-cache=miss;type=dyn
Server-Timing: cdn-cache; desc=MISS, edge; dur=263, origin; dur=247
Server-Timing: inner; dur=105
X-Parent-Response-Time: 509,95.101.134.92

{"code": 0, "message": "OK", "request_id": "2025010601182351A2C7145C801EEBF67E", "data": {}}
2025-01-06T01:20:23+00:00 DEBUG POST: https://business-api.tiktok.com/open_api/v1.3/event/track/

{"partner_name":"WooCommerce","event_source":"web","event_source_id":"CSM79Q3C77UAG1T340I0","data":[{"event":"Pageview","event_id":"677b2fd704120_tt4b_woocommerce_670666209cf1f","event_time":1736126423,"user":{"ip":"66.249.66.167","user_agent":"Mozilla\/5.0 (Linux; Android 6.0.1; Nexus 5X Build\/MMB29P) AppleWebKit\/537.36 (KHTML, like Gecko) Chrome\/131.0.6778.204 Mobile Safari\/537.36 (compatible; Googlebot\/2.1; +http:\/\/www.google.com\/bot.html)","locale":"ar","external_id":"0","email":"e3b0c44298fc1c149afbf4c8996fb92427ae41e4649b934ca495991b7852b855","phone_number":"e3b0c44298fc1c149afbf4c8996fb92427ae41e4649b934ca495991b7852b855","first_name":"e3b0c44298fc1c149afbf4c8996fb92427ae41e4649b934ca495991b7852b855","last_name":"e3b0c44298fc1c149afbf4c8996fb92427ae41e4649b934ca495991b7852b855","zip_code":"e3b0c44298fc1c149afbf4c8996fb92427ae41e4649b934ca495991b7852b855"},"page":{"url":"http:\/\/www.ibn-sinaa.com\/product\/school-records-art-education\/"}}]}
 ajax: no
2025-01-06T01:20:23+00:00 DEBUG Tt4b_Mapi_Class::mapi_post: Response: 

HTTP/1.1 200 OK
Server: nginx
Content-Type: application/json
Content-Length: 92
X-Tt-Logid: 20250106012023049098E51AD2A7E5712B
x-tt-trace-host: 018e5a586174a888928d793bdac74b79b519a86797e72c2eba011e03e23beee17d4d203a6345bbdb83cce71111a766a3cafabe709224f86c9c69dafee78293eec169b50e89fca38ffc8e9d83ce49c7b6c788bae5ec47409581aef42c903d69fda7dc8e40ef4701ded839636fddb9ce3830
x-tt-trace-id: 00-250106012023049098E51AD2A7E5712B-5E95A66261FCACE1-00
X-Origin-Response-Time: 31,23.32.17.37
X-Akamai-Request-ID: 29df2fbf.1779f014
Expires: Mon, 06 Jan 2025 01:20:23 GMT
Cache-Control: max-age=0, no-cache, no-store
Pragma: no-cache
Date: Mon, 06 Jan 2025 01:20:23 GMT
X-Cache: TCP_MISS from a95-101-134-116.deploy.akamaitechnologies.com (AkamaiGHost/11.7.2.1-9611f29bef89eba7b18045b10aa2af98) (-)
Connection: close
X-Cache-Remote: TCP_MISS from a23-32-17-37.deploy.akamaitechnologies.com (AkamaiGHost/11.7.2.1-9611f29bef89eba7b18045b10aa2af98) (-)
x-tt-trace-tag: id=16;cdn-cache=miss;type=dyn
Server-Timing: cdn-cache; desc=MISS, edge; dur=83, origin; dur=30
Server-Timing: inner; dur=27
X-Parent-Response-Time: 113,95.101.134.116

{"code": 0, "message": "OK", "request_id": "20250106012023049098E51AD2A7E5712B", "data": {}}
2025-01-06T01:20:23+00:00 DEBUG Tt4b_Pixel_Class::inject_view_content_event: hit ViewContent
2025-01-06T01:20:23+00:00 DEBUG POST: https://business-api.tiktok.com/open_api/v1.3/event/track/

{"partner_name":"WooCommerce","event_source":"web","event_source_id":"CSM79Q3C77UAG1T340I0","data":[{"event":"ViewContent","event_id":"677b2fd73f56c_tt4b_woocommerce_670666209cf1f_4111","event_time":1736126423,"user":{"ip":"66.249.66.167","user_agent":"Mozilla\/5.0 (Linux; Android 6.0.1; Nexus 5X Build\/MMB29P) AppleWebKit\/537.36 (KHTML, like Gecko) Chrome\/131.0.6778.204 Mobile Safari\/537.36 (compatible; Googlebot\/2.1; +http:\/\/www.google.com\/bot.html)","locale":"ar","external_id":"0","email":"e3b0c44298fc1c149afbf4c8996fb92427ae41e4649b934ca495991b7852b855","phone_number":"e3b0c44298fc1c149afbf4c8996fb92427ae41e4649b934ca495991b7852b855","first_name":"e3b0c44298fc1c149afbf4c8996fb92427ae41e4649b934ca495991b7852b855","last_name":"e3b0c44298fc1c149afbf4c8996fb92427ae41e4649b934ca495991b7852b855","zip_code":"e3b0c44298fc1c149afbf4c8996fb92427ae41e4649b934ca495991b7852b855"},"properties":{"contents":[{"price":65,"quantity":1,"content_id":"4111","content_name":"\u0633\u062c\u0644\u0627\u062a \u0645\u0627\u062f\u0629 \u0627\u0644\u062a\u0631\u0628\u064a\u0629 \u0627\u0644\u0641\u0646\u064a\u0629","description":". \u0637\u0628\u0627\u0639\u0647 \u0633\u062c\u0644\u0627\u062a \u0645\u062f\u0631\u0633\u064a\u0629 \u0627\u062d\u062a\u0631\u0627\u0641\u064a\u0629 \u062e\u0627\u0645\u062a\u0647\u0627 \u0643\u0631\u062a\u0648\u0646 2000 \u062c\u0631\u0627\u0645,\u062a\u0636\u0627\u0641 \u0637\u0628\u0642\u0629 \u062d\u0645\u0627\u064a\u0647 \u0627\u0633\u062a\u064a\u0643\u0631 \u0645\u0639 \u0633\u0644\u0648\u0641\u0627\u0646 \u0644\u0627\u0645\u0639.\r\n. \u0645\u062a\u0648\u0641\u0631 \u0628 \u0627\u062d\u062c\u0627\u0645 \u0645\u062e\u062a\u0644\u0641\u0647 ( \u0635\u063a\u064a\u0631, \u0648\u0633\u0637 , \u0643\u0628\u064a\u0631 ).\r\n. \u064a\u062a\u0633\u0639 \u0627\u0644\u0645\u0642\u0627\u0633 \u0627\u0644\u0635\u063a\u064a\u0631 ( \u0645\u0646 50 \u0627\u0644\u0649 150 \u0648\u0631\u0642\u0629 )\r\n. \u064a\u062a\u0633\u0639 \u0627\u0644\u0648\u0633\u0637 ( \u0645\u0646 150 \u0627\u0644\u0649 300 \u0648\u0631\u0642\u0629 )\r\n. \u0627\u0644\u0643\u0628\u064a\u0631 ( \u0645\u0646 300 \u0627\u0644\u0649 400 \u0648\u0631\u0642\u0629 ).\r\n. \u0645\u062f\u0629 \u0627\u0644\u062a\u0646\u0641\u064a\u0630 : 3-5 \u0627\u064a\u0627\u0645 \u0648\u062a\u0632\u064a\u062f \u0627\u0644\u0645\u062f\u0629 \u0639\u0646 \u0637\u0644\u0628 \u0627\u0644\u0634\u062d\u0646.","availability":"IN_STOCK","sale_price":65,"on_sale":false}],"content_type":"product","currency":"SAR","value":65,"event_trigger_source":"WooCommerce"},"page":{"url":"http:\/\/www.ibn-sinaa.com\/product\/school-records-art-education\/"}}]}
 ajax: no
2025-01-06T01:20:23+00:00 DEBUG Tt4b_Mapi_Class::mapi_post: Response: 

HTTP/1.1 200 OK
Server: nginx
Content-Type: application/json
Content-Length: 92
X-Tt-Logid: 2025010601202378528DCB642D74E64B4C
x-tt-trace-host: 018e5a586174a888928d793bdac74b79b519a86797e72c2eba011e03e23beee17d0f83cd1ea431930bf27a5d65bbd62f8713cb5e5de5afe828c9227653b1cbc8e2d0c083d816dc704b52dad7cbe4c8d87c120ad0354acf43e9f53278f90f2206b547e1d8ed74e406ad45a251873ab4febe
x-tt-trace-id: 00-25010601202378528DCB642D74E64B4C-269D5BE63A3EEF13-00
X-Origin-Response-Time: 42,23.218.219.11
X-Akamai-Request-ID: 2e8ce922.1779f123
Expires: Mon, 06 Jan 2025 01:20:23 GMT
Cache-Control: max-age=0, no-cache, no-store
Pragma: no-cache
Date: Mon, 06 Jan 2025 01:20:23 GMT
X-Cache: TCP_MISS from a95-101-134-116.deploy.akamaitechnologies.com (AkamaiGHost/11.7.2.1-9611f29bef89eba7b18045b10aa2af98) (-)
Connection: close
X-Cache-Remote: TCP_MISS from a23-218-219-11.deploy.akamaitechnologies.com (AkamaiGHost/11.7.2.1-9611f29bef89eba7b18045b10aa2af98) (-)
x-tt-trace-tag: id=16;cdn-cache=miss;type=dyn
Server-Timing: cdn-cache; desc=MISS, edge; dur=251, origin; dur=42
Server-Timing: inner; dur=39
X-Parent-Response-Time: 292,95.101.134.116

{"code": 0, "message": "OK", "request_id": "2025010601202378528DCB642D74E64B4C", "data": {}}
2025-01-06T01:20:26+00:00 DEBUG POST: https://business-api.tiktok.com/open_api/v1.3/event/track/

{"partner_name":"WooCommerce","event_source":"web","event_source_id":"CSM79Q3C77UAG1T340I0","data":[{"event":"Pageview","event_id":"677b2fda971bc_tt4b_woocommerce_670666209cf1f","event_time":1736126426,"user":{"ip":"40.77.167.35","user_agent":"Mozilla\/5.0 AppleWebKit\/537.36 (KHTML, like Gecko; compatible; bingbot\/2.0; +http:\/\/www.bing.com\/bingbot.htm) Chrome\/116.0.1938.76 Safari\/537.36","locale":"ar","external_id":"0","email":"e3b0c44298fc1c149afbf4c8996fb92427ae41e4649b934ca495991b7852b855","phone_number":"e3b0c44298fc1c149afbf4c8996fb92427ae41e4649b934ca495991b7852b855","first_name":"e3b0c44298fc1c149afbf4c8996fb92427ae41e4649b934ca495991b7852b855","last_name":"e3b0c44298fc1c149afbf4c8996fb92427ae41e4649b934ca495991b7852b855","zip_code":"e3b0c44298fc1c149afbf4c8996fb92427ae41e4649b934ca495991b7852b855"},"page":{"url":"http:\/\/mail.ibn-sinaa.com\/shop\/page\/11\/"}}]}
 ajax: no
2025-01-06T01:20:26+00:00 DEBUG Tt4b_Mapi_Class::mapi_post: Response: 

HTTP/1.1 200 OK
Server: nginx
Content-Type: application/json
Content-Length: 92
X-Tt-Logid: 20250106012026527B7148F2BF6D7B99CC
x-tt-trace-host: 018e5a586174a888928d793bdac74b79b519a86797e72c2eba011e03e23beee17dd7bcf481031583f8a86de7171413ab78155522b048e40ca2313728f6a1f81334de65eeba144db21e4d1b5b813c125e921ce7ee67d0eb7c57ace57581e610d1b89dbdbda665c660ab37e114fe3f27df99
x-tt-trace-id: 00-250106012026527B7148F2BF6D7B99CC-35911C4D60436EAF-00
X-Origin-Response-Time: 71,23.52.15.170
X-Akamai-Request-ID: 5a042cbc.1779ffce
Expires: Mon, 06 Jan 2025 01:20:26 GMT
Cache-Control: max-age=0, no-cache, no-store
Pragma: no-cache
Date: Mon, 06 Jan 2025 01:20:26 GMT
X-Cache: TCP_MISS from a95-101-134-116.deploy.akamaitechnologies.com (AkamaiGHost/11.7.2.1-9611f29bef89eba7b18045b10aa2af98) (-)
Connection: close
X-Cache-Remote: TCP_MISS from a23-52-15-170.deploy.akamaitechnologies.com (AkamaiGHost/11.7.2.1-9611f29bef89eba7b18045b10aa2af98) (-)
x-tt-trace-tag: id=16;cdn-cache=miss;type=dyn
Server-Timing: cdn-cache; desc=MISS, edge; dur=92, origin; dur=71
Server-Timing: inner; dur=67
X-Parent-Response-Time: 162,95.101.134.116

{"code": 0, "message": "OK", "request_id": "20250106012026527B7148F2BF6D7B99CC", "data": {}}
2025-01-06T01:22:12+00:00 DEBUG POST: https://business-api.tiktok.com/open_api/v1.3/event/track/

{"partner_name":"WooCommerce","event_source":"web","event_source_id":"CSM79Q3C77UAG1T340I0","data":[{"event":"Pageview","event_id":"677b3044e0dff_tt4b_woocommerce_670666209cf1f","event_time":1736126532,"user":{"ip":"66.249.66.20","user_agent":"Mozilla\/5.0 (Linux; Android 6.0.1; Nexus 5X Build\/MMB29P) AppleWebKit\/537.36 (KHTML, like Gecko) Chrome\/131.0.6778.139 Mobile Safari\/537.36 (compatible; Googlebot\/2.1; +http:\/\/www.google.com\/bot.html)","locale":"ar","external_id":"0","email":"e3b0c44298fc1c149afbf4c8996fb92427ae41e4649b934ca495991b7852b855","phone_number":"e3b0c44298fc1c149afbf4c8996fb92427ae41e4649b934ca495991b7852b855","first_name":"e3b0c44298fc1c149afbf4c8996fb92427ae41e4649b934ca495991b7852b855","last_name":"e3b0c44298fc1c149afbf4c8996fb92427ae41e4649b934ca495991b7852b855","zip_code":"e3b0c44298fc1c149afbf4c8996fb92427ae41e4649b934ca495991b7852b855"},"page":{"url":"http:\/\/mail.ibn-sinaa.com\/shop\/"}}]}
 ajax: no
2025-01-06T01:22:13+00:00 DEBUG Tt4b_Mapi_Class::mapi_post: Response: 

HTTP/1.1 200 OK
Server: nginx
Content-Type: application/json
Content-Length: 92
X-Tt-Logid: 202501060122130E088BBF3DCBD4188722
Server-Timing: inner; dur=32
x-tt-trace-host: 018e5a586174a888928d793bdac74b79b51a437ee89a1c03eb2011d034a2e3e9f511298c813ad91470f35d2aac921a8abbe38c089e359e9866ff795149dac2fd45befb5515ee052c15d916546ff39853a38e619fa26617dfa52f65f3f0f026f189
x-tt-trace-id: 00-2501060122130E088BBF3DCBD4188722-61C14DB12DC2C20D-00
Expires: Mon, 06 Jan 2025 01:22:13 GMT
Cache-Control: max-age=0, no-cache, no-store
Pragma: no-cache
Date: Mon, 06 Jan 2025 01:22:13 GMT
X-Cache: TCP_MISS from a95-101-134-92.deploy.akamaitechnologies.com (AkamaiGHost/11.7.2.1-9611f29bef89eba7b18045b10aa2af98) (-)
Connection: close
x-tt-trace-tag: id=16;cdn-cache=miss;type=dyn
Server-Timing: cdn-cache; desc=MISS, edge; dur=2, origin; dur=111
X-Origin-Response-Time: 112,95.101.134.92
X-Akamai-Request-ID: 1a63e1ae

{"code": 0, "message": "OK", "request_id": "202501060122130E088BBF3DCBD4188722", "data": {}}
2025-01-06T01:22:15+00:00 DEBUG POST: https://business-api.tiktok.com/open_api/v1.3/event/track/

{"partner_name":"WooCommerce","event_source":"web","event_source_id":"CSM79Q3C77UAG1T340I0","data":[{"event":"Pageview","event_id":"677b3047e5e1a_tt4b_woocommerce_670666209cf1f","event_time":1736126535,"user":{"ip":"66.249.66.167","user_agent":"Mozilla\/5.0 (Linux; Android 6.0.1; Nexus 5X Build\/MMB29P) AppleWebKit\/537.36 (KHTML, like Gecko) Chrome\/131.0.6778.204 Mobile Safari\/537.36 (compatible; Googlebot\/2.1; +http:\/\/www.google.com\/bot.html)","locale":"ar","external_id":"0","email":"e3b0c44298fc1c149afbf4c8996fb92427ae41e4649b934ca495991b7852b855","phone_number":"e3b0c44298fc1c149afbf4c8996fb92427ae41e4649b934ca495991b7852b855","first_name":"e3b0c44298fc1c149afbf4c8996fb92427ae41e4649b934ca495991b7852b855","last_name":"e3b0c44298fc1c149afbf4c8996fb92427ae41e4649b934ca495991b7852b855","zip_code":"e3b0c44298fc1c149afbf4c8996fb92427ae41e4649b934ca495991b7852b855"},"page":{"url":"http:\/\/www.ibn-sinaa.com\/wishlist\/"}}]}
 ajax: no
2025-01-06T01:22:16+00:00 DEBUG Tt4b_Mapi_Class::mapi_post: Response: 

HTTP/1.1 200 OK
Server: nginx
Content-Type: application/json
Content-Length: 92
X-Tt-Logid: 202501060122167D171A3395A1D6E1C563
Server-Timing: inner; dur=36
x-tt-trace-host: 018e5a586174a888928d793bdac74b79b51a437ee89a1c03eb2011d034a2e3e9f58d65517240c15757ba66944525e6429b90ef8e93ec3ae067395d1b5e06e34dc0c213664b60d598214c0be271268a9c0b9e107e34fe3b2c2d033cbe8029b42577
x-tt-trace-id: 00-2501060122167D171A3395A1D6E1C563-7D93133A3EB6F8E9-00
Expires: Mon, 06 Jan 2025 01:22:16 GMT
Cache-Control: max-age=0, no-cache, no-store
Pragma: no-cache
Date: Mon, 06 Jan 2025 01:22:16 GMT
X-Cache: TCP_MISS from a95-101-134-92.deploy.akamaitechnologies.com (AkamaiGHost/11.7.2.1-9611f29bef89eba7b18045b10aa2af98) (-)
Connection: close
x-tt-trace-tag: id=16;cdn-cache=miss;type=dyn
Server-Timing: cdn-cache; desc=MISS, edge; dur=0, origin; dur=119
X-Origin-Response-Time: 119,95.101.134.92
X-Akamai-Request-ID: 1a63f85d

{"code": 0, "message": "OK", "request_id": "202501060122167D171A3395A1D6E1C563", "data": {}}
2025-01-06T01:24:16+00:00 DEBUG POST: https://business-api.tiktok.com/open_api/v1.3/event/track/

{"partner_name":"WooCommerce","event_source":"web","event_source_id":"CSM79Q3C77UAG1T340I0","data":[{"event":"Pageview","event_id":"677b30c0594fd_tt4b_woocommerce_670666209cf1f","event_time":1736126656,"user":{"ip":"66.249.66.19","user_agent":"Mozilla\/5.0 (Linux; Android 6.0.1; Nexus 5X Build\/MMB29P) AppleWebKit\/537.36 (KHTML, like Gecko) Chrome\/131.0.6778.139 Mobile Safari\/537.36 (compatible; Googlebot\/2.1; +http:\/\/www.google.com\/bot.html)","locale":"ar","external_id":"0","email":"e3b0c44298fc1c149afbf4c8996fb92427ae41e4649b934ca495991b7852b855","phone_number":"e3b0c44298fc1c149afbf4c8996fb92427ae41e4649b934ca495991b7852b855","first_name":"e3b0c44298fc1c149afbf4c8996fb92427ae41e4649b934ca495991b7852b855","last_name":"e3b0c44298fc1c149afbf4c8996fb92427ae41e4649b934ca495991b7852b855","zip_code":"e3b0c44298fc1c149afbf4c8996fb92427ae41e4649b934ca495991b7852b855"},"page":{"url":"http:\/\/mail.ibn-sinaa.com\/product\/table-with-umbrella\/"}}]}
 ajax: no
2025-01-06T01:24:16+00:00 DEBUG Tt4b_Mapi_Class::mapi_post: Response: 

HTTP/1.1 200 OK
Server: nginx
Content-Type: application/json
Content-Length: 92
X-Tt-Logid: 20250106012416A04E15A01955B9BC7F80
x-tt-trace-host: 018e5a586174a888928d793bdac74b79b519a86797e72c2eba011e03e23beee17d96a6d53e71e139e06ab1ca148b4e6d12caf89056a01b1c32dc26b1c339639f320a3bf952df23b7b54a14f3ffcf4dd441e1199d626094af9a94c143c6611fd322cd9d5f2bbe87f72c1a456151562c140c
x-tt-trace-id: 00-250106012416A04E15A01955B9BC7F80-142229C57C9413FB-00
X-Origin-Response-Time: 36,23.52.15.209
X-Akamai-Request-ID: 8459af3d.177e44f0
Expires: Mon, 06 Jan 2025 01:24:16 GMT
Cache-Control: max-age=0, no-cache, no-store
Pragma: no-cache
Date: Mon, 06 Jan 2025 01:24:16 GMT
X-Cache: TCP_MISS from a95-101-134-116.deploy.akamaitechnologies.com (AkamaiGHost/11.7.2.1-9611f29bef89eba7b18045b10aa2af98) (-)
Connection: close
X-Cache-Remote: TCP_MISS from a23-52-15-209.deploy.akamaitechnologies.com (AkamaiGHost/11.7.2.1-9611f29bef89eba7b18045b10aa2af98) (-)
x-tt-trace-tag: id=16;cdn-cache=miss;type=dyn
Server-Timing: cdn-cache; desc=MISS, edge; dur=82, origin; dur=36
Server-Timing: inner; dur=32
X-Parent-Response-Time: 118,95.101.134.116

{"code": 0, "message": "OK", "request_id": "20250106012416A04E15A01955B9BC7F80", "data": {}}
2025-01-06T01:24:16+00:00 DEBUG Tt4b_Pixel_Class::inject_view_content_event: hit ViewContent
2025-01-06T01:24:16+00:00 DEBUG POST: https://business-api.tiktok.com/open_api/v1.3/event/track/

{"partner_name":"WooCommerce","event_source":"web","event_source_id":"CSM79Q3C77UAG1T340I0","data":[{"event":"ViewContent","event_id":"677b30c0b27b2_tt4b_woocommerce_670666209cf1f_4321","event_time":1736126656,"user":{"ip":"66.249.66.19","user_agent":"Mozilla\/5.0 (Linux; Android 6.0.1; Nexus 5X Build\/MMB29P) AppleWebKit\/537.36 (KHTML, like Gecko) Chrome\/131.0.6778.139 Mobile Safari\/537.36 (compatible; Googlebot\/2.1; +http:\/\/www.google.com\/bot.html)","locale":"ar","external_id":"0","email":"e3b0c44298fc1c149afbf4c8996fb92427ae41e4649b934ca495991b7852b855","phone_number":"e3b0c44298fc1c149afbf4c8996fb92427ae41e4649b934ca495991b7852b855","first_name":"e3b0c44298fc1c149afbf4c8996fb92427ae41e4649b934ca495991b7852b855","last_name":"e3b0c44298fc1c149afbf4c8996fb92427ae41e4649b934ca495991b7852b855","zip_code":"e3b0c44298fc1c149afbf4c8996fb92427ae41e4649b934ca495991b7852b855"},"properties":{"contents":[{"price":950,"quantity":1,"content_id":"4321","content_name":"\u0637\u0627\u0648\u0644\u0629 \u0645\u0639 \u0645\u0636\u0644\u0629","description":"\u0637\u0627\u0648\u0644\u0629 \u0645\u0639 \u0645\u0638\u0644\u0629 : \u0645\u062b\u0627\u0644\u064a\u0629 \u0644\u0639\u0631\u0636 \u0627\u0644\u0645\u0646\u062a\u062c\u0627\u062a \u0648\u0627\u0644\u062e\u062f\u0645\u0627\u062a \u0628\u062c\u0648\u062f\u0629 \u0639\u0627\u0644\u064a\u0629 \u0648\u062a\u0635\u0645\u064a\u0645 \u062c\u0630\u0627\u0628. \u0645\u062b\u0627\u0644\u064a\u0629 \u0644\u0644\u0627\u0633\u062a\u062e\u062f\u0627\u0645 \u0641\u064a \u0627\u0644\u0645\u0639\u0627\u0631\u0636 \u0648\u0627\u0644\u0641\u0639\u0627\u0644\u064a\u0627\u062a \u0627\u0644\u062a\u0633\u0648\u064a\u0642\u064a\u0629\u060c \u062a\u062a\u0645\u064a\u0632 \u0628\u0645\u062a\u0627\u0646\u062a\u0647\u0627 \u0648\u0633\u0647\u0648\u0644\u0629 \u0646\u0642\u0644\u0647\u0627 \u0648\u062a\u0631\u0643\u064a\u0628\u0647\u0627. \u062a\u062c\u0639\u0644 \u0639\u0631\u0636 \u0645\u0646\u062a\u062c\u0627\u062a\u0643 \u0623\u0643\u062b\u0631 \u062c\u0627\u0630\u0628\u064a\u0629 \u0648\u062a\u0646\u0638\u064a\u0645\u064b\u0627.","availability":"IN_STOCK","sale_price":950,"on_sale":false}],"content_type":"product","currency":"SAR","value":950,"event_trigger_source":"WooCommerce"},"page":{"url":"http:\/\/mail.ibn-sinaa.com\/product\/table-with-umbrella\/"}}]}
 ajax: no
2025-01-06T01:24:16+00:00 DEBUG Tt4b_Mapi_Class::mapi_post: Response: 

HTTP/1.1 200 OK
Server: nginx
Content-Type: application/json
Content-Length: 92
X-Tt-Logid: 20250106012416E92ED691EACC8AB34085
Server-Timing: inner; dur=57
x-tt-trace-host: 018e5a586174a888928d793bdac74b79b51a437ee89a1c03eb2011d034a2e3e9f524cc94045cc8f86cdaf81d78f9bb09aca1715dd0120a7ebb66f21616e2899ebd45ba3d80ad8152d77af7d2198f89449d71edebdf6c326e6e892186cbeaa479d0
x-tt-trace-id: 00-250106012416E92ED691EACC8AB34085-71ADCE3590A1B1D3-00
Expires: Mon, 06 Jan 2025 01:24:16 GMT
Cache-Control: max-age=0, no-cache, no-store
Pragma: no-cache
Date: Mon, 06 Jan 2025 01:24:16 GMT
X-Cache: TCP_MISS from a95-101-134-92.deploy.akamaitechnologies.com (AkamaiGHost/11.7.2.1-9611f29bef89eba7b18045b10aa2af98) (-)
Connection: close
x-tt-trace-tag: id=16;cdn-cache=miss;type=dyn
Server-Timing: cdn-cache; desc=MISS, edge; dur=2, origin; dur=140
X-Origin-Response-Time: 140,95.101.134.92
X-Akamai-Request-ID: 1a678e89

{"code": 0, "message": "OK", "request_id": "20250106012416E92ED691EACC8AB34085", "data": {}}
2025-01-06T01:24:19+00:00 DEBUG Tt4b_Pixel_Class::inject_add_to_cart_event: hit AddToCart
2025-01-06T01:24:19+00:00 DEBUG POST: https://business-api.tiktok.com/open_api/v1.3/event/track/

{"partner_name":"WooCommerce","event_source":"web","event_source_id":"CSM79Q3C77UAG1T340I0","data":[{"event":"AddToCart","event_id":"677b30c34f618_tt4b_woocommerce_670666209cf1f_SKU_22","event_time":1736126659,"user":{"ip":"54.36.148.97","user_agent":"Mozilla\/5.0 (compatible; AhrefsBot\/7.0; +http:\/\/ahrefs.com\/robot\/)","locale":"ar","external_id":"0","email":"e3b0c44298fc1c149afbf4c8996fb92427ae41e4649b934ca495991b7852b855","phone_number":"e3b0c44298fc1c149afbf4c8996fb92427ae41e4649b934ca495991b7852b855","first_name":"e3b0c44298fc1c149afbf4c8996fb92427ae41e4649b934ca495991b7852b855","last_name":"e3b0c44298fc1c149afbf4c8996fb92427ae41e4649b934ca495991b7852b855","zip_code":"e3b0c44298fc1c149afbf4c8996fb92427ae41e4649b934ca495991b7852b855"},"properties":{"contents":[{"price":0,"quantity":1,"content_id":"SKU_22","content_name":"\u0637\u0628\u0627\u0639\u0629 \u0628\u0631\u0634\u0648\u0631 \u0641\u0644\u0627\u064a\u0631 A3","description":"\u0641\u0644\u0627\u064a\u0631 \u0645\u0642\u0627\u0633 A3 \u0637\u0628\u0627\u0639\u0629 \u0639\u0644\u0649 \u0648\u0631\u0642 \u0643\u0648\u0634\u064a\u0647 150 \u062c\u0631\u0627\u0645 \u0637\u0628\u0627\u0639\u0629 \u0628\u062c\u0648\u062f\u0629 \u0639\u0627\u0644\u064a\u0629.\r\n\u0645\u062f\u0629 \u0627\u0644\u062a\u0646\u0641\u064a\u0630 \u0627\u0644\u0645\u062a\u0648\u0642\u0639\u0629: 1 \u2013 3 \u0623\u064a\u0627\u0645 \u0639\u0645\u0644 \u0628\u0639\u062f \u062a\u0623\u0643\u064a\u062f \u0627\u0644\u0637\u0644\u0628 \u0648\u0627\u0644\u062a\u0635\u0645\u064a\u0645 \u0648\u062d\u0633\u0628 \u0627\u0644\u0643\u0645\u064a\u0629 (\u062a\u0632\u064a\u062f \u0627\u0644\u0645\u062f\u0629 \u0639\u0646\u062f \u0637\u0644\u0628 \u0627\u0644\u0634\u062d\u0646).","availability":"IN_STOCK","sale_price":0,"on_sale":false}],"content_type":"product","currency":"SAR","value":0,"event_trigger_source":"WooCommerce"},"page":{"url":"http:\/\/ibn-sinaa.com\/product-tag\/%D9%81%D9%88%D9%84%D8%AF%D8%B1%D8%A7%D8%AA\/?add-to-cart=22"}}]}
 ajax: no
2025-01-06T01:24:19+00:00 DEBUG Tt4b_Mapi_Class::mapi_post: Response: 

HTTP/1.1 200 OK
Server: nginx
Content-Type: application/json
Content-Length: 92
X-Tt-Logid: 202501060124198837282CDBBADE825219
Server-Timing: inner; dur=57
x-tt-trace-host: 018e5a586174a888928d793bdac74b79b51a437ee89a1c03eb2011d034a2e3e9f57e1523c25766d8ebc6f1f43c184bef0d7228aab85bf241dc23002afd7f8543dbd739a5d14265b8cb9d221bade6801131a4690e599849d1cd5dd23df2a2c2320c
x-tt-trace-id: 00-2501060124198837282CDBBADE825219-63C8790B52E3E7FE-00
Expires: Mon, 06 Jan 2025 01:24:19 GMT
Cache-Control: max-age=0, no-cache, no-store
Pragma: no-cache
Date: Mon, 06 Jan 2025 01:24:19 GMT
X-Cache: TCP_MISS from a95-101-134-92.deploy.akamaitechnologies.com (AkamaiGHost/11.7.2.1-9611f29bef89eba7b18045b10aa2af98) (-)
Connection: close
x-tt-trace-tag: id=16;cdn-cache=miss;type=dyn
Server-Timing: cdn-cache; desc=MISS, edge; dur=0, origin; dur=139
X-Origin-Response-Time: 139,95.101.134.92
X-Akamai-Request-ID: 1a67a321

{"code": 0, "message": "OK", "request_id": "202501060124198837282CDBBADE825219", "data": {}}
2025-01-06T01:24:19+00:00 DEBUG POST: https://business-api.tiktok.com/open_api/v1.3/event/track/

{"partner_name":"WooCommerce","event_source":"web","event_source_id":"CSM79Q3C77UAG1T340I0","data":[{"event":"Pageview","event_id":"677b30c3a7b90_tt4b_woocommerce_670666209cf1f","event_time":1736126659,"user":{"ip":"54.36.148.97","user_agent":"Mozilla\/5.0 (compatible; AhrefsBot\/7.0; +http:\/\/ahrefs.com\/robot\/)","locale":"ar","external_id":"0","email":"e3b0c44298fc1c149afbf4c8996fb92427ae41e4649b934ca495991b7852b855","phone_number":"e3b0c44298fc1c149afbf4c8996fb92427ae41e4649b934ca495991b7852b855","first_name":"e3b0c44298fc1c149afbf4c8996fb92427ae41e4649b934ca495991b7852b855","last_name":"e3b0c44298fc1c149afbf4c8996fb92427ae41e4649b934ca495991b7852b855","zip_code":"e3b0c44298fc1c149afbf4c8996fb92427ae41e4649b934ca495991b7852b855"},"page":{"url":"http:\/\/ibn-sinaa.com\/product-tag\/%D9%81%D9%88%D9%84%D8%AF%D8%B1%D8%A7%D8%AA\/?add-to-cart=22"}}]}
 ajax: no
2025-01-06T01:24:19+00:00 DEBUG Tt4b_Mapi_Class::mapi_post: Response: 

HTTP/1.1 200 OK
Server: nginx
Content-Type: application/json
Content-Length: 92
X-Tt-Logid: 20250106012419BE12C2B9CAB634985569
Server-Timing: inner; dur=170
x-tt-trace-host: 018e5a586174a888928d793bdac74b79b51a437ee89a1c03eb2011d034a2e3e9f540775cda537d53eae5fc30d0cf60f8a27871df94a36a6065d369a428a0556d044c522588d24584051dda2ada35dc6aca6664b3cb3243be8b610e5052977ff389
x-tt-trace-id: 00-250106012419BE12C2B9CAB634985569-2380D87C1C3912CA-00
Expires: Mon, 06 Jan 2025 01:24:19 GMT
Cache-Control: max-age=0, no-cache, no-store
Pragma: no-cache
Date: Mon, 06 Jan 2025 01:24:19 GMT
X-Cache: TCP_MISS from a95-101-134-92.deploy.akamaitechnologies.com (AkamaiGHost/11.7.2.1-9611f29bef89eba7b18045b10aa2af98) (-)
Connection: close
x-tt-trace-tag: id=16;cdn-cache=miss;type=dyn
Server-Timing: cdn-cache; desc=MISS, edge; dur=1, origin; dur=249
X-Origin-Response-Time: 249,95.101.134.92
X-Akamai-Request-ID: 1a67a5ef

{"code": 0, "message": "OK", "request_id": "20250106012419BE12C2B9CAB634985569", "data": {}}
2025-01-06T01:26:20+00:00 DEBUG POST: https://business-api.tiktok.com/open_api/v1.3/event/track/

{"partner_name":"WooCommerce","event_source":"web","event_source_id":"CSM79Q3C77UAG1T340I0","data":[{"event":"Pageview","event_id":"677b313cf04c6_tt4b_woocommerce_670666209cf1f","event_time":1736126780,"user":{"ip":"66.249.66.168","user_agent":"Mozilla\/5.0 (Linux; Android 6.0.1; Nexus 5X Build\/MMB29P) AppleWebKit\/537.36 (KHTML, like Gecko) Chrome\/131.0.6778.139 Mobile Safari\/537.36 (compatible; Googlebot\/2.1; +http:\/\/www.google.com\/bot.html)","locale":"ar","external_id":"0","email":"e3b0c44298fc1c149afbf4c8996fb92427ae41e4649b934ca495991b7852b855","phone_number":"e3b0c44298fc1c149afbf4c8996fb92427ae41e4649b934ca495991b7852b855","first_name":"e3b0c44298fc1c149afbf4c8996fb92427ae41e4649b934ca495991b7852b855","last_name":"e3b0c44298fc1c149afbf4c8996fb92427ae41e4649b934ca495991b7852b855","zip_code":"e3b0c44298fc1c149afbf4c8996fb92427ae41e4649b934ca495991b7852b855"},"page":{"url":"http:\/\/www.ibn-sinaa.com\/product-category\/advertising\/"}}]}
 ajax: no
2025-01-06T01:26:21+00:00 DEBUG Tt4b_Mapi_Class::mapi_post: Response: 

HTTP/1.1 200 OK
Server: nginx
Content-Type: application/json
Content-Length: 92
X-Tt-Logid: 202501060126213869F77F88101F932DEE
Server-Timing: inner; dur=28
x-tt-trace-host: 018e5a586174a888928d793bdac74b79b520593bf434961dbceff88e4b17f9a1564cba96245e8b7bdf69d1f6f26b684faf35f1f21479ccf23e560afc41b9626b1b6ec9e3fcda1a2b491c13ac437a17b73edbcbbc294f84b6113a2419a95e92b387
x-tt-trace-id: 00-2501060126213869F77F88101F932DEE-193EDF8916DD72D2-00
Expires: Mon, 06 Jan 2025 01:26:21 GMT
Cache-Control: max-age=0, no-cache, no-store
Pragma: no-cache
Date: Mon, 06 Jan 2025 01:26:21 GMT
X-Cache: TCP_MISS from a95-101-134-116.deploy.akamaitechnologies.com (AkamaiGHost/11.7.2.1-9611f29bef89eba7b18045b10aa2af98) (-)
Connection: close
x-tt-trace-tag: id=16;cdn-cache=miss;type=dyn
Server-Timing: cdn-cache; desc=MISS, edge; dur=0, origin; dur=120
X-Origin-Response-Time: 120,95.101.134.116
X-Akamai-Request-ID: 1780bb57

{"code": 0, "message": "OK", "request_id": "202501060126213869F77F88101F932DEE", "data": {}}
2025-01-06T01:26:31+00:00 DEBUG POST: https://business-api.tiktok.com/open_api/v1.3/event/track/

{"partner_name":"WooCommerce","event_source":"web","event_source_id":"CSM79Q3C77UAG1T340I0","data":[{"event":"Pageview","event_id":"677b3147e223b_tt4b_woocommerce_670666209cf1f","event_time":1736126791,"user":{"ip":"66.249.66.70","user_agent":"Googlebot-Image\/1.0","locale":"ar","external_id":"0","email":"e3b0c44298fc1c149afbf4c8996fb92427ae41e4649b934ca495991b7852b855","phone_number":"e3b0c44298fc1c149afbf4c8996fb92427ae41e4649b934ca495991b7852b855","first_name":"e3b0c44298fc1c149afbf4c8996fb92427ae41e4649b934ca495991b7852b855","last_name":"e3b0c44298fc1c149afbf4c8996fb92427ae41e4649b934ca495991b7852b855","zip_code":"e3b0c44298fc1c149afbf4c8996fb92427ae41e4649b934ca495991b7852b855"},"page":{"url":"http:\/\/ibn-sinaa.com\/wp-content\/litespeed\/avatar\/b0d62580b2cac9b26531744c674be5b2.jpg?ver=1734606173"}}]}
 ajax: no
2025-01-06T01:26:32+00:00 DEBUG Tt4b_Mapi_Class::mapi_post: Response: 

HTTP/1.1 200 OK
Server: nginx
Content-Type: application/json
Content-Length: 92
X-Tt-Logid: 2025010601263216D3562688DD89722373
Server-Timing: inner; dur=27
x-tt-trace-host: 018e5a586174a888928d793bdac74b79b520593bf434961dbceff88e4b17f9a1567bda18fa66574f990a7e0ad43d71ed7a99cb1cab7cc434dd3b9f3586f966d4b39cf23552ceddcd48d3b4f8dfcd916e02b3a6264deb79b6c7dd33e959c8ba4fdb
x-tt-trace-id: 00-25010601263216D3562688DD89722373-2E3CB36E8647B6B4-00
Expires: Mon, 06 Jan 2025 01:26:32 GMT
Cache-Control: max-age=0, no-cache, no-store
Pragma: no-cache
Date: Mon, 06 Jan 2025 01:26:32 GMT
X-Cache: TCP_MISS from a95-101-134-116.deploy.akamaitechnologies.com (AkamaiGHost/11.7.2.1-9611f29bef89eba7b18045b10aa2af98) (-)
Connection: close
x-tt-trace-tag: id=16;cdn-cache=miss;type=dyn
Server-Timing: cdn-cache; desc=MISS, edge; dur=1, origin; dur=107
X-Origin-Response-Time: 107,95.101.134.116
X-Akamai-Request-ID: 1780f310

{"code": 0, "message": "OK", "request_id": "2025010601263216D3562688DD89722373", "data": {}}
2025-01-06T01:28:03+00:00 DEBUG POST: https://business-api.tiktok.com/open_api/v1.3/event/track/

{"partner_name":"WooCommerce","event_source":"web","event_source_id":"CSM79Q3C77UAG1T340I0","data":[{"event":"Pageview","event_id":"677b31a3d5cd3_tt4b_woocommerce_670666209cf1f","event_time":1736126883,"user":{"ip":"66.249.66.168","user_agent":"Mozilla\/5.0 (Linux; Android 6.0.1; Nexus 5X Build\/MMB29P) AppleWebKit\/537.36 (KHTML, like Gecko) Chrome\/131.0.6778.204 Mobile Safari\/537.36 (compatible; Googlebot\/2.1; +http:\/\/www.google.com\/bot.html)","locale":"ar","external_id":"0","email":"e3b0c44298fc1c149afbf4c8996fb92427ae41e4649b934ca495991b7852b855","phone_number":"e3b0c44298fc1c149afbf4c8996fb92427ae41e4649b934ca495991b7852b855","first_name":"e3b0c44298fc1c149afbf4c8996fb92427ae41e4649b934ca495991b7852b855","last_name":"e3b0c44298fc1c149afbf4c8996fb92427ae41e4649b934ca495991b7852b855","zip_code":"e3b0c44298fc1c149afbf4c8996fb92427ae41e4649b934ca495991b7852b855"},"page":{"url":"http:\/\/www.ibn-sinaa.com\/about\/"}}]}
 ajax: no
2025-01-06T01:28:04+00:00 DEBUG Tt4b_Mapi_Class::mapi_post: Response: 

HTTP/1.1 200 OK
Server: nginx
Content-Type: application/json
Content-Length: 92
X-Tt-Logid: 20250106012803A87C869A5418CA55BBED
x-tt-trace-host: 018e5a586174a888928d793bdac74b79b56517d7628cf0ffdff56b078ad2cf5615e1916859531b0f5bc0df6e765bcfefcdb41e4fb6f52dd4b9e05ac595d929473b2982c19a05d8639de99603d794cf33eaee3769f13b2b114ac6bc41a8990612dab76a1ccd0b2eab43c3a7b4dc4803ecb2
x-tt-trace-id: 00-250106012803A87C869A5418CA55BBED-3DD4DF978F72610B-00
X-Origin-Response-Time: 39,23.218.219.32
X-Akamai-Request-ID: 1cf145cf.1a6e738b
Expires: Mon, 06 Jan 2025 01:28:04 GMT
Cache-Control: max-age=0, no-cache, no-store
Pragma: no-cache
Date: Mon, 06 Jan 2025 01:28:04 GMT
X-Cache: TCP_MISS from a95-101-134-92.deploy.akamaitechnologies.com (AkamaiGHost/11.7.2.1-9611f29bef89eba7b18045b10aa2af98) (-)
Connection: close
X-Cache-Remote: TCP_MISS from a23-218-219-32.deploy.akamaitechnologies.com (AkamaiGHost/11.7.2.1-9611f29bef89eba7b18045b10aa2af98) (-)
x-tt-trace-tag: id=16;cdn-cache=miss;type=dyn
Server-Timing: cdn-cache; desc=MISS, edge; dur=82, origin; dur=39
Server-Timing: inner; dur=36
X-Parent-Response-Time: 119,95.101.134.92

{"code": 0, "message": "OK", "request_id": "20250106012803A87C869A5418CA55BBED", "data": {}}
2025-01-06T01:28:48+00:00 DEBUG POST: https://business-api.tiktok.com/open_api/v1.3/event/track/

{"partner_name":"WooCommerce","event_source":"web","event_source_id":"CSM79Q3C77UAG1T340I0","data":[{"event":"Pageview","event_id":"677b31d067c9c_tt4b_woocommerce_670666209cf1f","event_time":1736126928,"user":{"ip":"207.46.13.7","user_agent":"Mozilla\/5.0 AppleWebKit\/537.36 (KHTML, like Gecko; compatible; bingbot\/2.0; +http:\/\/www.bing.com\/bingbot.htm) Chrome\/116.0.1938.76 Safari\/537.36","locale":"ar","external_id":"0","email":"e3b0c44298fc1c149afbf4c8996fb92427ae41e4649b934ca495991b7852b855","phone_number":"e3b0c44298fc1c149afbf4c8996fb92427ae41e4649b934ca495991b7852b855","first_name":"e3b0c44298fc1c149afbf4c8996fb92427ae41e4649b934ca495991b7852b855","last_name":"e3b0c44298fc1c149afbf4c8996fb92427ae41e4649b934ca495991b7852b855","zip_code":"e3b0c44298fc1c149afbf4c8996fb92427ae41e4649b934ca495991b7852b855"},"page":{"url":"http:\/\/mail.ibn-sinaa.com\/category\/advertising\/"}}]}
 ajax: no
2025-01-06T01:28:48+00:00 DEBUG Tt4b_Mapi_Class::mapi_post: Response: 

HTTP/1.1 200 OK
Server: nginx
Content-Type: application/json
Content-Length: 92
X-Tt-Logid: 2025010601284836417B0069C7D1863090
x-tt-trace-host: 018e5a586174a888928d793bdac74b79b519a86797e72c2eba011e03e23beee17da4ab802d1eeffb6009f624c0663425c0933e798289350583ce268c4654efd62c743b94a03b63038059d874547c1694fad5cf893d391601e152d750640f184d7c0adb86e44bc229df7868219fceef22a7
x-tt-trace-id: 00-25010601284836417B0069C7D1863090-39D53FBA2EE02915-00
X-Origin-Response-Time: 34,23.218.219.44
X-Akamai-Request-ID: 387f9da4.1783aab5
Expires: Mon, 06 Jan 2025 01:28:48 GMT
Cache-Control: max-age=0, no-cache, no-store
Pragma: no-cache
Date: Mon, 06 Jan 2025 01:28:48 GMT
X-Cache: TCP_MISS from a95-101-134-116.deploy.akamaitechnologies.com (AkamaiGHost/11.7.2.1-9611f29bef89eba7b18045b10aa2af98) (-)
Connection: close
X-Cache-Remote: TCP_MISS from a23-218-219-44.deploy.akamaitechnologies.com (AkamaiGHost/11.7.2.1-9611f29bef89eba7b18045b10aa2af98) (-)
x-tt-trace-tag: id=16;cdn-cache=miss;type=dyn
Server-Timing: cdn-cache; desc=MISS, edge; dur=84, origin; dur=34
Server-Timing: inner; dur=29
X-Parent-Response-Time: 118,95.101.134.116

{"code": 0, "message": "OK", "request_id": "2025010601284836417B0069C7D1863090", "data": {}}
2025-01-06T01:29:41+00:00 DEBUG Tt4b_Pixel_Class::inject_add_to_cart_event: hit AddToCart
2025-01-06T01:29:41+00:00 DEBUG POST: https://business-api.tiktok.com/open_api/v1.3/event/track/

{"partner_name":"WooCommerce","event_source":"web","event_source_id":"CSM79Q3C77UAG1T340I0","data":[{"event":"AddToCart","event_id":"677b32053afde_tt4b_woocommerce_670666209cf1f_SKU_40","event_time":1736126981,"user":{"ip":"54.36.148.43","user_agent":"Mozilla\/5.0 (compatible; AhrefsBot\/7.0; +http:\/\/ahrefs.com\/robot\/)","locale":"ar","external_id":"0","email":"e3b0c44298fc1c149afbf4c8996fb92427ae41e4649b934ca495991b7852b855","phone_number":"e3b0c44298fc1c149afbf4c8996fb92427ae41e4649b934ca495991b7852b855","first_name":"e3b0c44298fc1c149afbf4c8996fb92427ae41e4649b934ca495991b7852b855","last_name":"e3b0c44298fc1c149afbf4c8996fb92427ae41e4649b934ca495991b7852b855","zip_code":"e3b0c44298fc1c149afbf4c8996fb92427ae41e4649b934ca495991b7852b855"},"properties":{"contents":[{"price":0,"quantity":1,"content_id":"SKU_40","content_name":"\u0637\u0628\u0627\u0639\u0629 \u0628\u0631\u0634\u0648\u0631 \u0645\u0637\u0648\u064a\u0629 A5","description":"\u0628\u0631\u0648\u0634\u0648\u0631 \u0645\u0637\u0648\u064a \u062d\u0633\u0628 \u062a\u0635\u0645\u064a\u0645 \u0627\u0644\u0639\u0645\u064a\u0644 \u0648\u0631\u0642 \u0643\u0648\u0634\u064a\u0647 \u0645\u0637\u0641\u064a 150 \u062c\u0631\u0627\u0645.\r\n\u0645\u062f\u0629 \u0627\u0644\u062a\u0646\u0641\u064a\u0630 \u0627\u0644\u0645\u062a\u0648\u0642\u0639\u0629: 3 \u2013 5 \u0623\u064a\u0627\u0645 \u0639\u0645\u0644 \u0628\u0639\u062f \u062a\u0623\u0643\u064a\u062f \u0627\u0644\u0637\u0644\u0628 \u0648\u0627\u0644\u062a\u0635\u0645\u064a\u0645 \u0648\u062d\u0633\u0628 \u0627\u0644\u0643\u0645\u064a\u0629 (\u062a\u0632\u064a\u062f \u0627\u0644\u0645\u062f\u0629 \u0639\u0646\u062f \u0637\u0644\u0628 \u0627\u0644\u0634\u062d\u0646).","availability":"IN_STOCK","sale_price":0,"on_sale":false}],"content_type":"product","currency":"SAR","value":0,"event_trigger_source":"WooCommerce"},"page":{"url":"http:\/\/ibn-sinaa.com\/product-tag\/%D9%81%D9%88%D9%84%D8%AF%D8%B1%D8%A7%D8%AA\/?add-to-cart=40"}}]}
 ajax: no
2025-01-06T01:29:41+00:00 DEBUG Tt4b_Mapi_Class::mapi_post: Response: 

HTTP/1.1 200 OK
Server: nginx
Content-Type: application/json
Content-Length: 92
X-Tt-Logid: 20250106012941FBCC4EDC17CFF1ED379B
Server-Timing: inner; dur=23
x-tt-trace-host: 018e5a586174a888928d793bdac74b79b51a437ee89a1c03eb2011d034a2e3e9f506bf311234603d00fe31ea519683301ac5a5c3704b079801a1783608c46ebfa77fe623c205acb2284f68eb90df4d55dbe3dd88bd72f09a88015c43780f746891
x-tt-trace-id: 00-250106012941FBCC4EDC17CFF1ED379B-669ADF152526ABBB-00
Expires: Mon, 06 Jan 2025 01:29:41 GMT
Cache-Control: max-age=0, no-cache, no-store
Pragma: no-cache
Date: Mon, 06 Jan 2025 01:29:41 GMT
X-Cache: TCP_MISS from a95-101-134-92.deploy.akamaitechnologies.com (AkamaiGHost/11.7.2.1-9611f29bef89eba7b18045b10aa2af98) (-)
Connection: close
x-tt-trace-tag: id=16;cdn-cache=miss;type=dyn
Server-Timing: cdn-cache; desc=MISS, edge; dur=0, origin; dur=106
X-Origin-Response-Time: 106,95.101.134.92
X-Akamai-Request-ID: 1a716164

{"code": 0, "message": "OK", "request_id": "20250106012941FBCC4EDC17CFF1ED379B", "data": {}}
2025-01-06T01:29:41+00:00 DEBUG POST: https://business-api.tiktok.com/open_api/v1.3/event/track/

{"partner_name":"WooCommerce","event_source":"web","event_source_id":"CSM79Q3C77UAG1T340I0","data":[{"event":"Pageview","event_id":"677b3205a4b70_tt4b_woocommerce_670666209cf1f","event_time":1736126981,"user":{"ip":"54.36.148.43","user_agent":"Mozilla\/5.0 (compatible; AhrefsBot\/7.0; +http:\/\/ahrefs.com\/robot\/)","locale":"ar","external_id":"0","email":"e3b0c44298fc1c149afbf4c8996fb92427ae41e4649b934ca495991b7852b855","phone_number":"e3b0c44298fc1c149afbf4c8996fb92427ae41e4649b934ca495991b7852b855","first_name":"e3b0c44298fc1c149afbf4c8996fb92427ae41e4649b934ca495991b7852b855","last_name":"e3b0c44298fc1c149afbf4c8996fb92427ae41e4649b934ca495991b7852b855","zip_code":"e3b0c44298fc1c149afbf4c8996fb92427ae41e4649b934ca495991b7852b855"},"page":{"url":"http:\/\/ibn-sinaa.com\/product-tag\/%D9%81%D9%88%D9%84%D8%AF%D8%B1%D8%A7%D8%AA\/?add-to-cart=40"}}]}
 ajax: no
2025-01-06T01:29:41+00:00 DEBUG Tt4b_Mapi_Class::mapi_post: Response: 

HTTP/1.1 200 OK
Server: nginx
Content-Type: application/json
Content-Length: 92
X-Tt-Logid: 2025010601294138BD4493C8DBB5CBB43D
x-tt-trace-host: 018e5a586174a888928d793bdac74b79b519a86797e72c2eba011e03e23beee17d8397d5c9d0e97abeba6679f172daaf9e6f0db98e21167342f8118ab7f3599c8fe2bee4a105e475676e1ebead252514bb6d9a00c6f00456133c1fae987b146c6d9a85676ee81efa3922c99401d50c1877
x-tt-trace-id: 00-25010601294138BD4493C8DBB5CBB43D-5F5DDE936C9A7B9C-00
X-Origin-Response-Time: 37,23.55.100.171
X-Akamai-Request-ID: 487d4abb.1784c5df
Expires: Mon, 06 Jan 2025 01:29:41 GMT
Cache-Control: max-age=0, no-cache, no-store
Pragma: no-cache
Date: Mon, 06 Jan 2025 01:29:41 GMT
X-Cache: TCP_MISS from a95-101-134-116.deploy.akamaitechnologies.com (AkamaiGHost/11.7.2.1-9611f29bef89eba7b18045b10aa2af98) (-)
Connection: close
X-Cache-Remote: TCP_MISS from a23-55-100-171.deploy.akamaitechnologies.com (AkamaiGHost/11.7.2.1-9611f29bef89eba7b18045b10aa2af98) (-)
x-tt-trace-tag: id=16;cdn-cache=miss;type=dyn
Server-Timing: cdn-cache; desc=MISS, edge; dur=103, origin; dur=36
Server-Timing: inner; dur=22
X-Parent-Response-Time: 139,95.101.134.116

{"code": 0, "message": "OK", "request_id": "2025010601294138BD4493C8DBB5CBB43D", "data": {}}
2025-01-06T01:33:28+00:00 DEBUG POST: https://business-api.tiktok.com/open_api/v1.3/event/track/

{"partner_name":"WooCommerce","event_source":"web","event_source_id":"CSM79Q3C77UAG1T340I0","data":[{"event":"Pageview","event_id":"677b32e868c29_tt4b_woocommerce_670666209cf1f","event_time":1736127208,"user":{"ip":"66.249.66.168","user_agent":"Mozilla\/5.0 (Linux; Android 6.0.1; Nexus 5X Build\/MMB29P) AppleWebKit\/537.36 (KHTML, like Gecko) Chrome\/131.0.6778.204 Mobile Safari\/537.36 (compatible; Googlebot\/2.1; +http:\/\/www.google.com\/bot.html)","locale":"ar","external_id":"0","email":"e3b0c44298fc1c149afbf4c8996fb92427ae41e4649b934ca495991b7852b855","phone_number":"e3b0c44298fc1c149afbf4c8996fb92427ae41e4649b934ca495991b7852b855","first_name":"e3b0c44298fc1c149afbf4c8996fb92427ae41e4649b934ca495991b7852b855","last_name":"e3b0c44298fc1c149afbf4c8996fb92427ae41e4649b934ca495991b7852b855","zip_code":"e3b0c44298fc1c149afbf4c8996fb92427ae41e4649b934ca495991b7852b855"},"page":{"url":"http:\/\/www.ibn-sinaa.com\/terms-and-conditions\/"}}]}
 ajax: no
2025-01-06T01:33:28+00:00 DEBUG Tt4b_Mapi_Class::mapi_post: Response: 

HTTP/1.1 200 OK
Server: nginx
Content-Type: application/json
Content-Length: 92
X-Tt-Logid: 20250106013328AC282F5611571876CF68
x-tt-trace-host: 018e5a586174a888928d793bdac74b79b519a86797e72c2eba011e03e23beee17d091a4867d196c4f76f6cdabd4c0e91c4575a116acc15e6db0a771e02ed60bdc3ac9c1d924fa0fa151d2a4128cf5173bfe46321366f7a65cc4e30d186b5a0280d07a301ca37d2e6e0b3dde74a9629b4dc
x-tt-trace-id: 00-250106013328AC282F5611571876CF68-0C13EA3D8C7040F6-00
X-Origin-Response-Time: 28,23.55.100.168
X-Akamai-Request-ID: d7edb119.1788ee0f
Expires: Mon, 06 Jan 2025 01:33:28 GMT
Cache-Control: max-age=0, no-cache, no-store
Pragma: no-cache
Date: Mon, 06 Jan 2025 01:33:28 GMT
X-Cache: TCP_MISS from a95-101-134-116.deploy.akamaitechnologies.com (AkamaiGHost/11.7.2.1-9611f29bef89eba7b18045b10aa2af98) (-)
Connection: close
X-Cache-Remote: TCP_MISS from a23-55-100-168.deploy.akamaitechnologies.com (AkamaiGHost/11.7.2.1-9611f29bef89eba7b18045b10aa2af98) (-)
x-tt-trace-tag: id=16;cdn-cache=miss;type=dyn
Server-Timing: cdn-cache; desc=MISS, edge; dur=81, origin; dur=28
Server-Timing: inner; dur=24
X-Parent-Response-Time: 109,95.101.134.116

{"code": 0, "message": "OK", "request_id": "20250106013328AC282F5611571876CF68", "data": {}}
2025-01-06T01:35:04+00:00 DEBUG Tt4b_Pixel_Class::inject_add_to_cart_event: hit AddToCart
2025-01-06T01:35:04+00:00 DEBUG POST: https://business-api.tiktok.com/open_api/v1.3/event/track/

{"partner_name":"WooCommerce","event_source":"web","event_source_id":"CSM79Q3C77UAG1T340I0","data":[{"event":"AddToCart","event_id":"677b334839cd6_tt4b_woocommerce_670666209cf1f_SKU_198","event_time":1736127304,"user":{"ip":"54.36.149.45","user_agent":"Mozilla\/5.0 (compatible; AhrefsBot\/7.0; +http:\/\/ahrefs.com\/robot\/)","locale":"ar","external_id":"0","email":"e3b0c44298fc1c149afbf4c8996fb92427ae41e4649b934ca495991b7852b855","phone_number":"e3b0c44298fc1c149afbf4c8996fb92427ae41e4649b934ca495991b7852b855","first_name":"e3b0c44298fc1c149afbf4c8996fb92427ae41e4649b934ca495991b7852b855","last_name":"e3b0c44298fc1c149afbf4c8996fb92427ae41e4649b934ca495991b7852b855","zip_code":"e3b0c44298fc1c149afbf4c8996fb92427ae41e4649b934ca495991b7852b855"},"properties":{"contents":[{"price":0,"quantity":1,"content_id":"SKU_198","content_name":"\u0637\u0628\u0627\u0639\u0629 \u0628\u0631\u0634\u0648\u0631 \u0641\u0644\u0627\u064a\u0631 A4","description":"<ul>\r\n \t<li>\u0641\u0644\u0627\u064a\u0631 \u0645\u0642\u0627\u0633 A4 \u0637\u0628\u0627\u0639\u0629 \u0639\u0644\u0649 \u0648\u0631\u0642 \u0643\u0648\u0634\u064a\u0647 150 \u062c\u0631\u0627\u0645 \u0628\u062c\u0648\u062f\u0629 \u0639\u0627\u0644\u064a\u0629.<\/li>\r\n \t<li>\u0645\u062f\u0629 \u0627\u0644\u062a\u0646\u0641\u064a\u0630 \u0627\u0644\u0645\u062a\u0648\u0642\u0639\u0629: 1 \u2013 3 \u0623\u064a\u0627\u0645 \u0639\u0645\u0644 \u0628\u0639\u062f \u062a\u0623\u0643\u064a\u062f \u0627\u0644\u0637\u0644\u0628 \u0648\u0627\u0644\u062a\u0635\u0645\u064a\u0645 \u0648\u062d\u0633\u0628 \u0627\u0644\u0643\u0645\u064a\u0629 (\u062a\u0632\u064a\u062f \u0627\u0644\u0645\u062f\u0629 \u0639\u0646\u062f \u0637\u0644\u0628 \u0627\u0644\u0634\u062d\u0646).<\/li>\r\n<\/ul>","availability":"IN_STOCK","sale_price":0,"on_sale":false}],"content_type":"product","currency":"SAR","value":0,"event_trigger_source":"WooCommerce"},"page":{"url":"http:\/\/ibn-sinaa.com\/product-tag\/%D9%81%D9%88%D9%84%D8%AF%D8%B1%D8%A7%D8%AA\/?add-to-cart=198"}}]}
 ajax: no
2025-01-06T01:35:04+00:00 DEBUG Tt4b_Mapi_Class::mapi_post: Response: 

HTTP/1.1 200 OK
Server: nginx
Content-Type: application/json
Content-Length: 92
X-Tt-Logid: 20250106013504AD212BABA8C24416C042
Server-Timing: inner; dur=24
x-tt-trace-host: 018e5a586174a888928d793bdac74b79b51a437ee89a1c03eb2011d034a2e3e9f50e01b243edbef164bc611d89c74fcfe7bf272a6365acd112d82fa7b269a4a4887d2bc037d8e044455f5d816c1dc67ec7d2cb6a22f1bf33ee3d385e501c67f089
x-tt-trace-id: 00-250106013504AD212BABA8C24416C042-29C424AD95B6A911-00
Expires: Mon, 06 Jan 2025 01:35:04 GMT
Cache-Control: max-age=0, no-cache, no-store
Pragma: no-cache
Date: Mon, 06 Jan 2025 01:35:04 GMT
X-Cache: TCP_MISS from a95-101-134-92.deploy.akamaitechnologies.com (AkamaiGHost/11.7.2.1-9611f29bef89eba7b18045b10aa2af98) (-)
Connection: close
x-tt-trace-tag: id=16;cdn-cache=miss;type=dyn
Server-Timing: cdn-cache; desc=MISS, edge; dur=1, origin; dur=104
X-Origin-Response-Time: 104,95.101.134.92
X-Akamai-Request-ID: 1a79c830

{"code": 0, "message": "OK", "request_id": "20250106013504AD212BABA8C24416C042", "data": {}}
2025-01-06T01:35:04+00:00 DEBUG POST: https://business-api.tiktok.com/open_api/v1.3/event/track/

{"partner_name":"WooCommerce","event_source":"web","event_source_id":"CSM79Q3C77UAG1T340I0","data":[{"event":"Pageview","event_id":"677b3348957a9_tt4b_woocommerce_670666209cf1f","event_time":1736127304,"user":{"ip":"54.36.149.45","user_agent":"Mozilla\/5.0 (compatible; AhrefsBot\/7.0; +http:\/\/ahrefs.com\/robot\/)","locale":"ar","external_id":"0","email":"e3b0c44298fc1c149afbf4c8996fb92427ae41e4649b934ca495991b7852b855","phone_number":"e3b0c44298fc1c149afbf4c8996fb92427ae41e4649b934ca495991b7852b855","first_name":"e3b0c44298fc1c149afbf4c8996fb92427ae41e4649b934ca495991b7852b855","last_name":"e3b0c44298fc1c149afbf4c8996fb92427ae41e4649b934ca495991b7852b855","zip_code":"e3b0c44298fc1c149afbf4c8996fb92427ae41e4649b934ca495991b7852b855"},"page":{"url":"http:\/\/ibn-sinaa.com\/product-tag\/%D9%81%D9%88%D9%84%D8%AF%D8%B1%D8%A7%D8%AA\/?add-to-cart=198"}}]}
 ajax: no
2025-01-06T01:35:04+00:00 DEBUG Tt4b_Mapi_Class::mapi_post: Response: 

HTTP/1.1 200 OK
Server: nginx
Content-Type: application/json
Content-Length: 92
X-Tt-Logid: 20250106013504317C6F15EFB6ED97F932
x-tt-trace-host: 018e5a586174a888928d793bdac74b79b519a86797e72c2eba011e03e23beee17db98bb5dab1298545482cb70efde94de83869325098defd3e382cfec4eb4091731daafaab46cca802bfd175871144ce1270b93e033ae38c44b2be7fc7b6d80a1d4418dd6de03bb4df0190f00be7703904
x-tt-trace-id: 00-250106013504317C6F15EFB6ED97F932-4E105F6A3DCA30BD-00
X-Origin-Response-Time: 60,23.52.15.166
X-Akamai-Request-ID: 2bdaa1dc.178a819d
Expires: Mon, 06 Jan 2025 01:35:04 GMT
Cache-Control: max-age=0, no-cache, no-store
Pragma: no-cache
Date: Mon, 06 Jan 2025 01:35:04 GMT
X-Cache: TCP_MISS from a95-101-134-116.deploy.akamaitechnologies.com (AkamaiGHost/11.7.2.1-9611f29bef89eba7b18045b10aa2af98) (-)
Connection: close
X-Cache-Remote: TCP_MISS from a23-52-15-166.deploy.akamaitechnologies.com (AkamaiGHost/11.7.2.1-9611f29bef89eba7b18045b10aa2af98) (-)
x-tt-trace-tag: id=16;cdn-cache=miss;type=dyn
Server-Timing: cdn-cache; desc=MISS, edge; dur=111, origin; dur=60
Server-Timing: inner; dur=26
X-Parent-Response-Time: 170,95.101.134.116

{"code": 0, "message": "OK", "request_id": "20250106013504317C6F15EFB6ED97F932", "data": {}}
2025-01-06T01:37:25+00:00 DEBUG POST: https://business-api.tiktok.com/open_api/v1.3/event/track/

{"partner_name":"WooCommerce","event_source":"web","event_source_id":"CSM79Q3C77UAG1T340I0","data":[{"event":"Pageview","event_id":"677b33d5afce9_tt4b_woocommerce_670666209cf1f","event_time":1736127445,"user":{"ip":"66.249.66.167","user_agent":"Mozilla\/5.0 (Linux; Android 6.0.1; Nexus 5X Build\/MMB29P) AppleWebKit\/537.36 (KHTML, like Gecko) Chrome\/131.0.6778.204 Mobile Safari\/537.36 (compatible; Googlebot\/2.1; +http:\/\/www.google.com\/bot.html)","locale":"ar","external_id":"0","email":"e3b0c44298fc1c149afbf4c8996fb92427ae41e4649b934ca495991b7852b855","phone_number":"e3b0c44298fc1c149afbf4c8996fb92427ae41e4649b934ca495991b7852b855","first_name":"e3b0c44298fc1c149afbf4c8996fb92427ae41e4649b934ca495991b7852b855","last_name":"e3b0c44298fc1c149afbf4c8996fb92427ae41e4649b934ca495991b7852b855","zip_code":"e3b0c44298fc1c149afbf4c8996fb92427ae41e4649b934ca495991b7852b855"},"page":{"url":"http:\/\/www.ibn-sinaa.com\/our_branches\/"}}]}
 ajax: no
2025-01-06T01:37:25+00:00 DEBUG Tt4b_Mapi_Class::mapi_post: Response: 

HTTP/1.1 200 OK
Server: nginx
Content-Type: application/json
Content-Length: 92
X-Tt-Logid: 20250106013725EB48A6E8105F20242812
x-tt-trace-host: 018e5a586174a888928d793bdac74b79b519a86797e72c2eba011e03e23beee17d14a17a7dd69e05a150f815b736a2cfe85be6b3668d46a90b8ef653db647abf81383192310fccb8b6509da8c158983491c5b697b1b2fc51ee3cb6ebb2405e62460e683a16384aca6838ba2ef82ba6f58b
x-tt-trace-id: 00-250106013725EB48A6E8105F20242812-3B6E06978AA8B506-00
X-Origin-Response-Time: 26,23.207.199.29
X-Akamai-Request-ID: 4b026813.178cb1db
Expires: Mon, 06 Jan 2025 01:37:25 GMT
Cache-Control: max-age=0, no-cache, no-store
Pragma: no-cache
Date: Mon, 06 Jan 2025 01:37:25 GMT
X-Cache: TCP_MISS from a95-101-134-116.deploy.akamaitechnologies.com (AkamaiGHost/11.7.2.1-9611f29bef89eba7b18045b10aa2af98) (-)
Connection: close
X-Cache-Remote: TCP_MISS from a23-207-199-29.deploy.akamaitechnologies.com (AkamaiGHost/11.7.2.1-9611f29bef89eba7b18045b10aa2af98) (-)
x-tt-trace-tag: id=16;cdn-cache=miss;type=dyn
Server-Timing: cdn-cache; desc=MISS, edge; dur=88, origin; dur=26
Server-Timing: inner; dur=20
X-Parent-Response-Time: 114,95.101.134.116

{"code": 0, "message": "OK", "request_id": "20250106013725EB48A6E8105F20242812", "data": {}}
2025-01-06T01:37:28+00:00 DEBUG POST: https://business-api.tiktok.com/open_api/v1.3/event/track/

{"partner_name":"WooCommerce","event_source":"web","event_source_id":"CSM79Q3C77UAG1T340I0","data":[{"event":"Pageview","event_id":"677b33d839ca7_tt4b_woocommerce_670666209cf1f","event_time":1736127448,"user":{"ip":"40.77.167.79","user_agent":"Mozilla\/5.0 AppleWebKit\/537.36 (KHTML, like Gecko; compatible; bingbot\/2.0; +http:\/\/www.bing.com\/bingbot.htm) Chrome\/116.0.1938.76 Safari\/537.36","locale":"ar","external_id":"0","email":"e3b0c44298fc1c149afbf4c8996fb92427ae41e4649b934ca495991b7852b855","phone_number":"e3b0c44298fc1c149afbf4c8996fb92427ae41e4649b934ca495991b7852b855","first_name":"e3b0c44298fc1c149afbf4c8996fb92427ae41e4649b934ca495991b7852b855","last_name":"e3b0c44298fc1c149afbf4c8996fb92427ae41e4649b934ca495991b7852b855","zip_code":"e3b0c44298fc1c149afbf4c8996fb92427ae41e4649b934ca495991b7852b855"},"page":{"url":"http:\/\/mail.ibn-sinaa.com\/cart\/"}}]}
 ajax: no
2025-01-06T01:37:28+00:00 DEBUG Tt4b_Mapi_Class::mapi_post: Response: 

HTTP/1.1 200 OK
Server: nginx
Content-Type: application/json
Content-Length: 92
X-Tt-Logid: 20250106013728D0F7A268B632CB73C5C9
x-tt-trace-host: 018e5a586174a888928d793bdac74b79b519a86797e72c2eba011e03e23beee17d370e70d7f517a48496f72ad4267b6cd1a480fe17564ce6c2772f16ccce4a00360670b26c11bba606df9d4aa1bcabeaf5f4c2829bbb2493e01aa3fc70fd1217c66f8bab2d9586558547c98448110d1ed4
x-tt-trace-id: 00-250106013728D0F7A268B632CB73C5C9-4D87958A60C4EB06-00
X-Origin-Response-Time: 178,23.207.199.16
X-Akamai-Request-ID: 1d47c179.178cbb7a
Expires: Mon, 06 Jan 2025 01:37:28 GMT
Cache-Control: max-age=0, no-cache, no-store
Pragma: no-cache
Date: Mon, 06 Jan 2025 01:37:28 GMT
X-Cache: TCP_MISS from a95-101-134-116.deploy.akamaitechnologies.com (AkamaiGHost/11.7.2.1-9611f29bef89eba7b18045b10aa2af98) (-)
Connection: close
X-Cache-Remote: TCP_MISS from a23-207-199-16.deploy.akamaitechnologies.com (AkamaiGHost/11.7.2.1-9611f29bef89eba7b18045b10aa2af98) (-)
x-tt-trace-tag: id=16;cdn-cache=miss;type=dyn
Server-Timing: cdn-cache; desc=MISS, edge; dur=107, origin; dur=177
Server-Timing: inner; dur=162
X-Parent-Response-Time: 283,95.101.134.116

{"code": 0, "message": "OK", "request_id": "20250106013728D0F7A268B632CB73C5C9", "data": {}}
2025-01-06T01:39:23+00:00 DEBUG POST: https://business-api.tiktok.com/open_api/v1.3/event/track/

{"partner_name":"WooCommerce","event_source":"web","event_source_id":"CSM79Q3C77UAG1T340I0","data":[{"event":"Pageview","event_id":"677b344bc9179_tt4b_woocommerce_670666209cf1f","event_time":1736127563,"user":{"ip":"66.249.66.168","user_agent":"Mozilla\/5.0 (Linux; Android 6.0.1; Nexus 5X Build\/MMB29P) AppleWebKit\/537.36 (KHTML, like Gecko) Chrome\/131.0.6778.139 Mobile Safari\/537.36 (compatible; Googlebot\/2.1; +http:\/\/www.google.com\/bot.html)","locale":"ar","external_id":"0","email":"e3b0c44298fc1c149afbf4c8996fb92427ae41e4649b934ca495991b7852b855","phone_number":"e3b0c44298fc1c149afbf4c8996fb92427ae41e4649b934ca495991b7852b855","first_name":"e3b0c44298fc1c149afbf4c8996fb92427ae41e4649b934ca495991b7852b855","last_name":"e3b0c44298fc1c149afbf4c8996fb92427ae41e4649b934ca495991b7852b855","zip_code":"e3b0c44298fc1c149afbf4c8996fb92427ae41e4649b934ca495991b7852b855"},"page":{"url":"http:\/\/www.ibn-sinaa.com\/product\/teacher-group\/"}}]}
 ajax: no
2025-01-06T01:39:24+00:00 DEBUG Tt4b_Mapi_Class::mapi_post: Response: 

HTTP/1.1 200 OK
Server: nginx
Content-Type: application/json
Content-Length: 92
X-Tt-Logid: 2025010601392342C2E33B92C19570C947
Server-Timing: inner; dur=103
x-tt-trace-host: 018e5a586174a888928d793bdac74b79b51a437ee89a1c03eb2011d034a2e3e9f5c5baf292b2e0b24097e66c60c2ac31093fd9651734d309c253170cd9e26b0ca1736889f18f15c4a75ee255413c0cf176f1c1736c7018550af9fad9503c38216f
x-tt-trace-id: 00-25010601392342C2E33B92C19570C947-221FBCC23FE42C24-00
Expires: Mon, 06 Jan 2025 01:39:24 GMT
Cache-Control: max-age=0, no-cache, no-store
Pragma: no-cache
Date: Mon, 06 Jan 2025 01:39:24 GMT
X-Cache: TCP_MISS from a95-101-134-92.deploy.akamaitechnologies.com (AkamaiGHost/11.7.2.1-9611f29bef89eba7b18045b10aa2af98) (-)
Connection: close
x-tt-trace-tag: id=16;cdn-cache=miss;type=dyn
Server-Timing: cdn-cache; desc=MISS, edge; dur=1, origin; dur=187
X-Origin-Response-Time: 188,95.101.134.92
X-Akamai-Request-ID: 1a7ffa4d

{"code": 0, "message": "OK", "request_id": "2025010601392342C2E33B92C19570C947", "data": {}}
2025-01-06T01:39:24+00:00 DEBUG Tt4b_Pixel_Class::inject_view_content_event: hit ViewContent
2025-01-06T01:39:24+00:00 DEBUG POST: https://business-api.tiktok.com/open_api/v1.3/event/track/

{"partner_name":"WooCommerce","event_source":"web","event_source_id":"CSM79Q3C77UAG1T340I0","data":[{"event":"ViewContent","event_id":"677b344c23b73_tt4b_woocommerce_670666209cf1f_4220","event_time":1736127564,"user":{"ip":"66.249.66.168","user_agent":"Mozilla\/5.0 (Linux; Android 6.0.1; Nexus 5X Build\/MMB29P) AppleWebKit\/537.36 (KHTML, like Gecko) Chrome\/131.0.6778.139 Mobile Safari\/537.36 (compatible; Googlebot\/2.1; +http:\/\/www.google.com\/bot.html)","locale":"ar","external_id":"0","email":"e3b0c44298fc1c149afbf4c8996fb92427ae41e4649b934ca495991b7852b855","phone_number":"e3b0c44298fc1c149afbf4c8996fb92427ae41e4649b934ca495991b7852b855","first_name":"e3b0c44298fc1c149afbf4c8996fb92427ae41e4649b934ca495991b7852b855","last_name":"e3b0c44298fc1c149afbf4c8996fb92427ae41e4649b934ca495991b7852b855","zip_code":"e3b0c44298fc1c149afbf4c8996fb92427ae41e4649b934ca495991b7852b855"},"properties":{"contents":[{"price":120,"quantity":1,"content_id":"4220","content_name":"\u0645\u062c\u0645\u0648\u0639\u0629 \u0627\u0644\u0645\u0639\u0644\u0645","description":"\u0627\u062c\u0639\u0644 \u064a\u0648\u0645\u0643 \u0627\u0644\u062f\u0631\u0627\u0633\u064a \u0623\u0643\u062b\u0631 \u062a\u0646\u0638\u064a\u0645\u064b\u0627 \u0648\u0641\u0627\u0639\u0644\u064a\u0629 \u0645\u0639 \u0645\u062c\u0645\u0648\u0639\u0647 \u0627\u0644\u0645\u0639\u0644\u0645 \u0645\u0646 \u0645\u062a\u062c\u0631 \u0645\u0643\u062a\u0628\u0629 \u0627\u0628\u0646 \u0633\u064a\u0646\u0627 \u0627\u0644\u0625\u0644\u0643\u062a\u0631\u0648\u0646\u064a. \u0647\u0630\u0647 \u0627\u0644\u0645\u062c\u0645\u0648\u0639\u0629 \u0627\u0644\u0645\u0635\u0645\u0645\u0629 \u062e\u0635\u064a\u0635\u064b\u0627 \u0644\u0644\u0645\u062f\u0631\u0633\u064a\u0646 \u062a\u062d\u062a\u0648\u064a \u0639\u0644\u0649 \u0643\u0644 \u0645\u0627 \u064a\u062d\u062a\u0627\u062c\u0648\u0646\u0647 \u0644\u0625\u062f\u0627\u0631\u0629 \u0648\u062a\u0646\u0638\u064a\u0645 \u064a\u0648\u0645\u0647\u0645 \u0627\u0644\u062f\u0631\u0627\u0633\u064a \u0628\u0623\u0641\u0636\u0644 \u0635\u0648\u0631\u0629 \u0645\u0645\u0643\u0646\u0629.","availability":"IN_STOCK","sale_price":120,"on_sale":false}],"content_type":"product","currency":"SAR","value":120,"event_trigger_source":"WooCommerce"},"page":{"url":"http:\/\/www.ibn-sinaa.com\/product\/teacher-group\/"}}]}
 ajax: no
2025-01-06T01:39:24+00:00 DEBUG Tt4b_Mapi_Class::mapi_post: Response: 

HTTP/1.1 200 OK
Server: nginx
Content-Type: application/json
Content-Length: 92
X-Tt-Logid: 20250106013924404AA0C1F4B2BB7B46BB
x-tt-trace-host: 018e5a586174a888928d793bdac74b79b519a86797e72c2eba011e03e23beee17d76a919a13b0ad7508e2439e8f1d92ca29ffa3029afba390dffc39ab114fdff3acbe29fcc70dfd90c302ccb1b7cdc5a1fbcfba17983cba17d445b4859a6a5edc2b7046d420fa230df642ecf1911575c54
x-tt-trace-id: 00-250106013924404AA0C1F4B2BB7B46BB-71ADCE359191AA1B-00
X-Origin-Response-Time: 37,23.32.17.12
X-Akamai-Request-ID: 3d5de9ff.178e76de
Expires: Mon, 06 Jan 2025 01:39:24 GMT
Cache-Control: max-age=0, no-cache, no-store
Pragma: no-cache
Date: Mon, 06 Jan 2025 01:39:24 GMT
X-Cache: TCP_MISS from a95-101-134-116.deploy.akamaitechnologies.com (AkamaiGHost/11.7.2.1-9611f29bef89eba7b18045b10aa2af98) (-)
Connection: close
X-Cache-Remote: TCP_MISS from a23-32-17-12.deploy.akamaitechnologies.com (AkamaiGHost/11.7.2.1-9611f29bef89eba7b18045b10aa2af98) (-)
x-tt-trace-tag: id=16;cdn-cache=miss;type=dyn
Server-Timing: cdn-cache; desc=MISS, edge; dur=86, origin; dur=37
Server-Timing: inner; dur=30
X-Parent-Response-Time: 123,95.101.134.116

{"code": 0, "message": "OK", "request_id": "20250106013924404AA0C1F4B2BB7B46BB", "data": {}}
2025-01-06T01:40:03+00:00 DEBUG POST: https://business-api.tiktok.com/open_api/v1.3/event/track/

{"partner_name":"WooCommerce","event_source":"web","event_source_id":"CSM79Q3C77UAG1T340I0","data":[{"event":"Pageview","event_id":"677b3473edbbd_tt4b_woocommerce_670666209cf1f","event_time":1736127603,"user":{"ip":"66.249.66.18","user_agent":"Mozilla\/5.0 (Linux; Android 6.0.1; Nexus 5X Build\/MMB29P) AppleWebKit\/537.36 (KHTML, like Gecko) Chrome\/131.0.6778.139 Mobile Safari\/537.36 (compatible; Googlebot\/2.1; +http:\/\/www.google.com\/bot.html)","locale":"ar","external_id":"0","email":"e3b0c44298fc1c149afbf4c8996fb92427ae41e4649b934ca495991b7852b855","phone_number":"e3b0c44298fc1c149afbf4c8996fb92427ae41e4649b934ca495991b7852b855","first_name":"e3b0c44298fc1c149afbf4c8996fb92427ae41e4649b934ca495991b7852b855","last_name":"e3b0c44298fc1c149afbf4c8996fb92427ae41e4649b934ca495991b7852b855","zip_code":"e3b0c44298fc1c149afbf4c8996fb92427ae41e4649b934ca495991b7852b855"},"page":{"url":"http:\/\/mail.ibn-sinaa.com\/en\/product-tag\/%D8%A7%D8%B3%D8%AA%D8%A7%D9%86%D8%AF%D8%A7%D8%AA\/feed\/"}}]}
 ajax: no
2025-01-06T01:40:04+00:00 DEBUG Tt4b_Mapi_Class::mapi_post: Response: 

HTTP/1.1 200 OK
Server: nginx
Content-Type: application/json
Content-Length: 92
X-Tt-Logid: 20250106014004A55CD3DA00AD234326F3
x-tt-trace-host: 018e5a586174a888928d793bdac74b79b519a86797e72c2eba011e03e23beee17de446d1e39d1f2cd35e8a370ff9fc489b9b5bec5d7f1379bddc85d1dee484dadddb9b56e908dc693e93193e2dc3e2a75997a52e0855e10a29c8cc85779576fa5396e3e2772ded2bdaa4a689f7517b1e9a
x-tt-trace-id: 00-250106014004A55CD3DA00AD234326F3-397E3ABD724AE73D-00
X-Origin-Response-Time: 31,23.52.15.171
X-Akamai-Request-ID: 8bc4a1c9.178f0e18
Expires: Mon, 06 Jan 2025 01:40:04 GMT
Cache-Control: max-age=0, no-cache, no-store
Pragma: no-cache
Date: Mon, 06 Jan 2025 01:40:04 GMT
X-Cache: TCP_MISS from a95-101-134-116.deploy.akamaitechnologies.com (AkamaiGHost/11.7.2.1-9611f29bef89eba7b18045b10aa2af98) (-)
Connection: close
X-Cache-Remote: TCP_MISS from a23-52-15-171.deploy.akamaitechnologies.com (AkamaiGHost/11.7.2.1-9611f29bef89eba7b18045b10aa2af98) (-)
x-tt-trace-tag: id=16;cdn-cache=miss;type=dyn
Server-Timing: cdn-cache; desc=MISS, edge; dur=242, origin; dur=30
Server-Timing: inner; dur=26
X-Parent-Response-Time: 272,95.101.134.116

{"code": 0, "message": "OK", "request_id": "20250106014004A55CD3DA00AD234326F3", "data": {}}
2025-01-06T01:45:47+00:00 DEBUG POST: https://business-api.tiktok.com/open_api/v1.3/event/track/

{"partner_name":"WooCommerce","event_source":"web","event_source_id":"CSM79Q3C77UAG1T340I0","data":[{"event":"Pageview","event_id":"677b35cb1e850_tt4b_woocommerce_670666209cf1f","event_time":1736127947,"user":{"ip":"54.36.148.245","user_agent":"Mozilla\/5.0 (compatible; AhrefsBot\/7.0; +http:\/\/ahrefs.com\/robot\/)","locale":"ar","external_id":"0","email":"e3b0c44298fc1c149afbf4c8996fb92427ae41e4649b934ca495991b7852b855","phone_number":"e3b0c44298fc1c149afbf4c8996fb92427ae41e4649b934ca495991b7852b855","first_name":"e3b0c44298fc1c149afbf4c8996fb92427ae41e4649b934ca495991b7852b855","last_name":"e3b0c44298fc1c149afbf4c8996fb92427ae41e4649b934ca495991b7852b855","zip_code":"e3b0c44298fc1c149afbf4c8996fb92427ae41e4649b934ca495991b7852b855"},"page":{"url":"http:\/\/mail.ibn-sinaa.com\/terms-and-conditions\/"}}]}
 ajax: no
2025-01-06T01:45:47+00:00 DEBUG Tt4b_Mapi_Class::mapi_post: Response: 

HTTP/1.1 200 OK
Server: nginx
Content-Type: application/json
Content-Length: 92
X-Tt-Logid: 20250106014547CB13D2A0B43C1D52427B
x-tt-trace-host: 018e5a586174a888928d793bdac74b79b519a86797e72c2eba011e03e23beee17d969279bbaa597f9946e6c6e5a91c7b73ddfecee770b0d624429543ec0300b2971f42a522c54f97410737f857be4e118328928aa9f9761e88d22acc80632e53cb3415ab69a3fefdd619010822b2185b18
x-tt-trace-id: 00-250106014547CB13D2A0B43C1D52427B-6E0E1ACB198E66FD-00
X-Origin-Response-Time: 77,23.207.199.41
X-Akamai-Request-ID: 1ed6f54d.17946c58
Expires: Mon, 06 Jan 2025 01:45:47 GMT
Cache-Control: max-age=0, no-cache, no-store
Pragma: no-cache
Date: Mon, 06 Jan 2025 01:45:47 GMT
X-Cache: TCP_MISS from a95-101-134-116.deploy.akamaitechnologies.com (AkamaiGHost/11.7.2.1-9611f29bef89eba7b18045b10aa2af98) (-)
Connection: close
X-Cache-Remote: TCP_MISS from a23-207-199-41.deploy.akamaitechnologies.com (AkamaiGHost/11.7.2.1-9611f29bef89eba7b18045b10aa2af98) (-)
x-tt-trace-tag: id=16;cdn-cache=miss;type=dyn
Server-Timing: cdn-cache; desc=MISS, edge; dur=131, origin; dur=77
Server-Timing: inner; dur=42
X-Parent-Response-Time: 208,95.101.134.116

{"code": 0, "message": "OK", "request_id": "20250106014547CB13D2A0B43C1D52427B", "data": {}}
2025-01-06T01:51:17+00:00 DEBUG Tt4b_Pixel_Class::inject_add_to_cart_event: hit AddToCart
2025-01-06T01:51:17+00:00 DEBUG POST: https://business-api.tiktok.com/open_api/v1.3/event/track/

{"partner_name":"WooCommerce","event_source":"web","event_source_id":"CSM79Q3C77UAG1T340I0","data":[{"event":"AddToCart","event_id":"677b37152b5bf_tt4b_woocommerce_670666209cf1f_3545","event_time":1736128277,"user":{"ip":"54.36.149.95","user_agent":"Mozilla\/5.0 (compatible; AhrefsBot\/7.0; +http:\/\/ahrefs.com\/robot\/)","locale":"ar","external_id":"0","email":"e3b0c44298fc1c149afbf4c8996fb92427ae41e4649b934ca495991b7852b855","phone_number":"e3b0c44298fc1c149afbf4c8996fb92427ae41e4649b934ca495991b7852b855","first_name":"e3b0c44298fc1c149afbf4c8996fb92427ae41e4649b934ca495991b7852b855","last_name":"e3b0c44298fc1c149afbf4c8996fb92427ae41e4649b934ca495991b7852b855","zip_code":"e3b0c44298fc1c149afbf4c8996fb92427ae41e4649b934ca495991b7852b855"},"properties":{"contents":[{"price":0,"quantity":1,"content_id":"3545","content_name":"\u0637\u0628\u0627\u0639\u0629 \u0641\u0648\u0644\u062f\u0631\u0627\u062a \u062c\u064a\u0628 \u0639\u0627\u062f\u064a","description":"\u0641\u0648\u0644\u062f\u0631 \u062c\u064a\u0628 \u0623\u0628\u064a\u0636 \u0639\u0627\u062f\u064a.\r\n\u0646\u0648\u0639 \u0627\u0644\u0648\u0631\u0642: \u0648\u0631\u0642 \u0643\u0648\u0634\u064a\u0647 350 \u062c\u0631\u0627\u0645 \u0645\u0639 \u0633\u0644\u0641\u0627\u0646\r\n\u0645\u062f\u0629 \u0627\u0644\u062a\u0646\u0641\u064a\u0630 \u0627\u0644\u0645\u062a\u0648\u0642\u0639\u0629: \u0645\u0646 4 \u0625\u0644\u0649 7 \u0623\u064a\u0627\u0645 \u0639\u0645\u0644 \u0628\u0639\u062f \u0627\u0639\u062a\u0645\u0627\u062f \u0627\u0644\u0637\u0644\u0628 \u0648\u0627\u0644\u0643\u0645\u064a\u0629 (\u062a\u0632\u064a\u062f \u0627\u0644\u0645\u062f\u0629 \u0639\u0646\u062f \u0637\u0644\u0628 \u0627\u0644\u0634\u062d\u0646).","availability":"IN_STOCK","sale_price":0,"on_sale":false}],"content_type":"product","currency":"SAR","value":0,"event_trigger_source":"WooCommerce"},"page":{"url":"http:\/\/ibn-sinaa.com\/product\/print-receipt-issues\/?add-to-cart=3545"}}]}
 ajax: no
2025-01-06T01:51:17+00:00 DEBUG Tt4b_Mapi_Class::mapi_post: Response: 

HTTP/1.1 200 OK
Server: nginx
Content-Type: application/json
Content-Length: 92
X-Tt-Logid: 2025010601511760576DD34AA065981A6D
x-tt-trace-host: 018e5a586174a888928d793bdac74b79b519a86797e72c2eba011e03e23beee17d2ae8b694c8d6e24d1ce984535c6a3b1435560e08e63d59a9f2c530379f3ccf5197be0de3beb199c05eb5249bcf9bcd2df9213d77015a7e25e2d7d2339819daf5eb14ba807619bdf82ed1cc5aef0c93e0
x-tt-trace-id: 00-25010601511760576DD34AA065981A6D-62E7DA9620F6994F-00
X-Origin-Response-Time: 41,23.213.246.201
X-Akamai-Request-ID: a7fa0c11.1798fbb8
Expires: Mon, 06 Jan 2025 01:51:17 GMT
Cache-Control: max-age=0, no-cache, no-store
Pragma: no-cache
Date: Mon, 06 Jan 2025 01:51:17 GMT
X-Cache: TCP_MISS from a95-101-134-116.deploy.akamaitechnologies.com (AkamaiGHost/11.7.2.1-9611f29bef89eba7b18045b10aa2af98) (-)
Connection: close
X-Cache-Remote: TCP_MISS from a23-213-246-201.deploy.akamaitechnologies.com (AkamaiGHost/11.7.2.1-9611f29bef89eba7b18045b10aa2af98) (-)
x-tt-trace-tag: id=16;cdn-cache=miss;type=dyn
Server-Timing: cdn-cache; desc=MISS, edge; dur=81, origin; dur=40
Server-Timing: inner; dur=37
X-Parent-Response-Time: 121,95.101.134.116

{"code": 0, "message": "OK", "request_id": "2025010601511760576DD34AA065981A6D", "data": {}}
2025-01-06T01:51:17+00:00 DEBUG POST: https://business-api.tiktok.com/open_api/v1.3/event/track/

{"partner_name":"WooCommerce","event_source":"web","event_source_id":"CSM79Q3C77UAG1T340I0","data":[{"event":"Pageview","event_id":"677b371592b3f_tt4b_woocommerce_670666209cf1f","event_time":1736128277,"user":{"ip":"54.36.149.95","user_agent":"Mozilla\/5.0 (compatible; AhrefsBot\/7.0; +http:\/\/ahrefs.com\/robot\/)","locale":"ar","external_id":"0","email":"e3b0c44298fc1c149afbf4c8996fb92427ae41e4649b934ca495991b7852b855","phone_number":"e3b0c44298fc1c149afbf4c8996fb92427ae41e4649b934ca495991b7852b855","first_name":"e3b0c44298fc1c149afbf4c8996fb92427ae41e4649b934ca495991b7852b855","last_name":"e3b0c44298fc1c149afbf4c8996fb92427ae41e4649b934ca495991b7852b855","zip_code":"e3b0c44298fc1c149afbf4c8996fb92427ae41e4649b934ca495991b7852b855"},"page":{"url":"http:\/\/ibn-sinaa.com\/product\/print-receipt-issues\/?add-to-cart=3545"}}]}
 ajax: no
2025-01-06T01:51:17+00:00 DEBUG Tt4b_Mapi_Class::mapi_post: Response: 

HTTP/1.1 200 OK
Server: nginx
Content-Type: application/json
Content-Length: 92
X-Tt-Logid: 202501060151172646EBDC96174F3DA68F
x-tt-trace-host: 018e5a586174a888928d793bdac74b79b56517d7628cf0ffdff56b078ad2cf56153c3836327d77372713608f4a164d1ee074a18f73189a1eb1990f818d28399c59f1f56dfed41d7124083cd48edebeda6f988449faf6f4c94811ea8f663586fff0ad47c222b4560cdcc601a84df5e709c3
x-tt-trace-id: 00-2501060151172646EBDC96174F3DA68F-64FE5611176A4461-00
X-Origin-Response-Time: 29,23.52.15.239
X-Akamai-Request-ID: 8bcce197.1a904586
Expires: Mon, 06 Jan 2025 01:51:17 GMT
Cache-Control: max-age=0, no-cache, no-store
Pragma: no-cache
Date: Mon, 06 Jan 2025 01:51:17 GMT
X-Cache: TCP_MISS from a95-101-134-92.deploy.akamaitechnologies.com (AkamaiGHost/11.7.2.1-9611f29bef89eba7b18045b10aa2af98) (-)
Connection: close
X-Cache-Remote: TCP_MISS from a23-52-15-239.deploy.akamaitechnologies.com (AkamaiGHost/11.7.2.1-9611f29bef89eba7b18045b10aa2af98) (-)
x-tt-trace-tag: id=16;cdn-cache=miss;type=dyn
Server-Timing: cdn-cache; desc=MISS, edge; dur=81, origin; dur=28
Server-Timing: inner; dur=25
X-Parent-Response-Time: 109,95.101.134.92

{"code": 0, "message": "OK", "request_id": "202501060151172646EBDC96174F3DA68F", "data": {}}
2025-01-06T01:51:17+00:00 DEBUG Tt4b_Pixel_Class::inject_view_content_event: hit ViewContent
2025-01-06T01:51:17+00:00 DEBUG POST: https://business-api.tiktok.com/open_api/v1.3/event/track/

{"partner_name":"WooCommerce","event_source":"web","event_source_id":"CSM79Q3C77UAG1T340I0","data":[{"event":"ViewContent","event_id":"677b3715c7f0b_tt4b_woocommerce_670666209cf1f_3626","event_time":1736128277,"user":{"ip":"54.36.149.95","user_agent":"Mozilla\/5.0 (compatible; AhrefsBot\/7.0; +http:\/\/ahrefs.com\/robot\/)","locale":"ar","external_id":"0","email":"e3b0c44298fc1c149afbf4c8996fb92427ae41e4649b934ca495991b7852b855","phone_number":"e3b0c44298fc1c149afbf4c8996fb92427ae41e4649b934ca495991b7852b855","first_name":"e3b0c44298fc1c149afbf4c8996fb92427ae41e4649b934ca495991b7852b855","last_name":"e3b0c44298fc1c149afbf4c8996fb92427ae41e4649b934ca495991b7852b855","zip_code":"e3b0c44298fc1c149afbf4c8996fb92427ae41e4649b934ca495991b7852b855"},"properties":{"contents":[{"price":230,"quantity":1,"content_id":"3626","content_name":"\u0637\u0628\u0627\u0639\u0629 \u0633\u0646\u062f\u0627\u062a ( \u0635\u0631\u0641 - \u0642\u0628\u0636 )","description":"- \u062f\u0641\u0627\u062a\u0631 \u0633\u0646\u062f\u0627\u062a ( \u0635\u0631\u0641 - \u0642\u0628\u0636 ) \u0645\u0642\u0627\u0633 A5 \u0637\u0628\u0627\u0639\u0629 \u0648\u062c\u0647 \u0648\u0627\u062d\u062f.\r\n- \u0623\u0642\u0644 \u0643\u0645\u064a\u0629 \u0644\u0644\u0637\u0644\u0628 \u0647\u064a 10 \u062f\u0641\u0627\u062a\u0631.\r\n- \u0645\u062f\u0629 \u0627\u0644\u062a\u0646\u0641\u064a\u0630: \u0645\u0646 3 \u0625\u0644\u0649 5 \u0623\u064a\u0627\u0645 \u0639\u0645\u0644 \u0628\u0639\u062f \u0627\u0639\u062a\u0645\u0627\u062f \u0627\u0644\u0637\u0644\u0628 \u0648\u0627\u0644\u062a\u0635\u0645\u064a\u0645 \u062d\u0633\u0628 \u0627\u0644\u0643\u0645\u064a\u0629 (\u062a\u0632\u064a\u062f \u0627\u0644\u0645\u062f\u0629 \u0639\u0646\u062f \u0637\u0644\u0628 \u0627\u0644\u0634\u062d\u0646).","availability":"IN_STOCK","sale_price":230,"on_sale":false}],"content_type":"product","currency":"SAR","value":230,"event_trigger_source":"WooCommerce"},"page":{"url":"http:\/\/ibn-sinaa.com\/product\/print-receipt-issues\/?add-to-cart=3545"}}]}
 ajax: no
2025-01-06T01:51:17+00:00 DEBUG Tt4b_Mapi_Class::mapi_post: Response: 

HTTP/1.1 200 OK
Server: nginx
Content-Type: application/json
Content-Length: 92
X-Tt-Logid: 202501060151178175EB7EE7F5AB966D27
x-tt-trace-host: 018e5a586174a888928d793bdac74b79b519a86797e72c2eba011e03e23beee17d14a17a7dd69e05a150f815b736a2cfe87a65db255d165a15a05650d61396d7fda8f3b3e7d6527cf78be5cea26dcaabd95075cb830c37c09dd2c50bbedf3129b835ad135a8451f4dd2a795de7b56b0d8d
x-tt-trace-id: 00-2501060151178175EB7EE7F5AB966D27-4CCB84EA1A275B55-00
X-Origin-Response-Time: 39,23.207.199.29
X-Akamai-Request-ID: 4b20a0b9.1798fda0
Expires: Mon, 06 Jan 2025 01:51:17 GMT
Cache-Control: max-age=0, no-cache, no-store
Pragma: no-cache
Date: Mon, 06 Jan 2025 01:51:17 GMT
X-Cache: TCP_MISS from a95-101-134-116.deploy.akamaitechnologies.com (AkamaiGHost/11.7.2.1-9611f29bef89eba7b18045b10aa2af98) (-)
Connection: close
X-Cache-Remote: TCP_MISS from a23-207-199-29.deploy.akamaitechnologies.com (AkamaiGHost/11.7.2.1-9611f29bef89eba7b18045b10aa2af98) (-)
x-tt-trace-tag: id=16;cdn-cache=miss;type=dyn
Server-Timing: cdn-cache; desc=MISS, edge; dur=84, origin; dur=38
Server-Timing: inner; dur=32
X-Parent-Response-Time: 122,95.101.134.116

{"code": 0, "message": "OK", "request_id": "202501060151178175EB7EE7F5AB966D27", "data": {}}
2025-01-06T01:55:22+00:00 DEBUG POST: https://business-api.tiktok.com/open_api/v1.3/event/track/

{"partner_name":"WooCommerce","event_source":"web","event_source_id":"CSM79Q3C77UAG1T340I0","data":[{"event":"Pageview","event_id":"677b380addcc5_tt4b_woocommerce_670666209cf1f","event_time":1736128522,"user":{"ip":"66.249.66.168","user_agent":"Mozilla\/5.0 (Linux; Android 6.0.1; Nexus 5X Build\/MMB29P) AppleWebKit\/537.36 (KHTML, like Gecko) Chrome\/131.0.6778.204 Mobile Safari\/537.36 (compatible; Googlebot\/2.1; +http:\/\/www.google.com\/bot.html)","locale":"ar","external_id":"0","email":"e3b0c44298fc1c149afbf4c8996fb92427ae41e4649b934ca495991b7852b855","phone_number":"e3b0c44298fc1c149afbf4c8996fb92427ae41e4649b934ca495991b7852b855","first_name":"e3b0c44298fc1c149afbf4c8996fb92427ae41e4649b934ca495991b7852b855","last_name":"e3b0c44298fc1c149afbf4c8996fb92427ae41e4649b934ca495991b7852b855","zip_code":"e3b0c44298fc1c149afbf4c8996fb92427ae41e4649b934ca495991b7852b855"},"page":{"url":"http:\/\/www.ibn-sinaa.com\/product-tag\/%D8%B7%D8%A8%D8%A7%D8%B9%D8%A9-%D8%B4%D8%B1%D9%83%D8%A7%D8%AA\/"}}]}
 ajax: no
2025-01-06T01:55:23+00:00 DEBUG Tt4b_Mapi_Class::mapi_post: Response: 

HTTP/1.1 200 OK
Server: nginx
Content-Type: application/json
Content-Length: 92
X-Tt-Logid: 20250106015523424A1DFD4FD0907154EC
Server-Timing: inner; dur=42
x-tt-trace-host: 018e5a586174a888928d793bdac74b79b51a437ee89a1c03eb2011d034a2e3e9f514fdfb33acdfc246815e219bd5c96f12a1c26535f7d47613a360f34c5300f442c40fd42a4f0f3a809d30fe237434e18d2867a38debcb611bd1c7f9fa7406f976
x-tt-trace-id: 00-250106015523424A1DFD4FD0907154EC-6AA7319F7444B53A-00
Expires: Mon, 06 Jan 2025 01:55:23 GMT
Cache-Control: max-age=0, no-cache, no-store
Pragma: no-cache
Date: Mon, 06 Jan 2025 01:55:23 GMT
X-Cache: TCP_MISS from a95-101-134-92.deploy.akamaitechnologies.com (AkamaiGHost/11.7.2.1-9611f29bef89eba7b18045b10aa2af98) (-)
Connection: close
x-tt-trace-tag: id=16;cdn-cache=miss;type=dyn
Server-Timing: cdn-cache; desc=MISS, edge; dur=0, origin; dur=124
X-Origin-Response-Time: 124,95.101.134.92
X-Akamai-Request-ID: 1a95b54f

{"code": 0, "message": "OK", "request_id": "20250106015523424A1DFD4FD0907154EC", "data": {}}
2025-01-06T01:56:18+00:00 DEBUG Tt4b_Pixel_Class::inject_add_to_cart_event: hit AddToCart
2025-01-06T01:56:18+00:00 DEBUG POST: https://business-api.tiktok.com/open_api/v1.3/event/track/

{"partner_name":"WooCommerce","event_source":"web","event_source_id":"CSM79Q3C77UAG1T340I0","data":[{"event":"AddToCart","event_id":"677b3842389ec_tt4b_woocommerce_670666209cf1f_3545","event_time":1736128578,"user":{"ip":"54.36.148.100","user_agent":"Mozilla\/5.0 (compatible; AhrefsBot\/7.0; +http:\/\/ahrefs.com\/robot\/)","locale":"ar","external_id":"0","email":"e3b0c44298fc1c149afbf4c8996fb92427ae41e4649b934ca495991b7852b855","phone_number":"e3b0c44298fc1c149afbf4c8996fb92427ae41e4649b934ca495991b7852b855","first_name":"e3b0c44298fc1c149afbf4c8996fb92427ae41e4649b934ca495991b7852b855","last_name":"e3b0c44298fc1c149afbf4c8996fb92427ae41e4649b934ca495991b7852b855","zip_code":"e3b0c44298fc1c149afbf4c8996fb92427ae41e4649b934ca495991b7852b855"},"properties":{"contents":[{"price":0,"quantity":1,"content_id":"3545","content_name":"\u0637\u0628\u0627\u0639\u0629 \u0641\u0648\u0644\u062f\u0631\u0627\u062a \u062c\u064a\u0628 \u0639\u0627\u062f\u064a","description":"\u0641\u0648\u0644\u062f\u0631 \u062c\u064a\u0628 \u0623\u0628\u064a\u0636 \u0639\u0627\u062f\u064a.\r\n\u0646\u0648\u0639 \u0627\u0644\u0648\u0631\u0642: \u0648\u0631\u0642 \u0643\u0648\u0634\u064a\u0647 350 \u062c\u0631\u0627\u0645 \u0645\u0639 \u0633\u0644\u0641\u0627\u0646\r\n\u0645\u062f\u0629 \u0627\u0644\u062a\u0646\u0641\u064a\u0630 \u0627\u0644\u0645\u062a\u0648\u0642\u0639\u0629: \u0645\u0646 4 \u0625\u0644\u0649 7 \u0623\u064a\u0627\u0645 \u0639\u0645\u0644 \u0628\u0639\u062f \u0627\u0639\u062a\u0645\u0627\u062f \u0627\u0644\u0637\u0644\u0628 \u0648\u0627\u0644\u0643\u0645\u064a\u0629 (\u062a\u0632\u064a\u062f \u0627\u0644\u0645\u062f\u0629 \u0639\u0646\u062f \u0637\u0644\u0628 \u0627\u0644\u0634\u062d\u0646).","availability":"IN_STOCK","sale_price":0,"on_sale":false}],"content_type":"product","currency":"SAR","value":0,"event_trigger_source":"WooCommerce"},"page":{"url":"http:\/\/ibn-sinaa.com\/product-tag\/%D9%81%D9%88%D9%84%D8%AF%D8%B1%D8%A7%D8%AA\/?add-to-cart=3545"}}]}
 ajax: no
2025-01-06T01:56:18+00:00 DEBUG Tt4b_Mapi_Class::mapi_post: Response: 

HTTP/1.1 200 OK
Server: nginx
Content-Type: application/json
Content-Length: 92
X-Tt-Logid: 2025010601561843E6A52754F57CF8C5CE
Server-Timing: inner; dur=50
x-tt-trace-host: 018e5a586174a888928d793bdac74b79b51a437ee89a1c03eb2011d034a2e3e9f506bf311234603d00fe31ea519683301acb88538c8bb8351d875ca41ab3e5107e036ae987594849cf299878c3f4f41434e4055ffa1fb956bf4c27ac431771dea5
x-tt-trace-id: 00-25010601561843E6A52754F57CF8C5CE-06C5AEBC51916D6C-00
Expires: Mon, 06 Jan 2025 01:56:18 GMT
Cache-Control: max-age=0, no-cache, no-store
Pragma: no-cache
Date: Mon, 06 Jan 2025 01:56:18 GMT
X-Cache: TCP_MISS from a95-101-134-92.deploy.akamaitechnologies.com (AkamaiGHost/11.7.2.1-9611f29bef89eba7b18045b10aa2af98) (-)
Connection: close
x-tt-trace-tag: id=16;cdn-cache=miss;type=dyn
Server-Timing: cdn-cache; desc=MISS, edge; dur=1, origin; dur=131
X-Origin-Response-Time: 131,95.101.134.92
X-Akamai-Request-ID: 1a9704c2

{"code": 0, "message": "OK", "request_id": "2025010601561843E6A52754F57CF8C5CE", "data": {}}
2025-01-06T01:56:18+00:00 DEBUG POST: https://business-api.tiktok.com/open_api/v1.3/event/track/

{"partner_name":"WooCommerce","event_source":"web","event_source_id":"CSM79Q3C77UAG1T340I0","data":[{"event":"Pageview","event_id":"677b38429d430_tt4b_woocommerce_670666209cf1f","event_time":1736128578,"user":{"ip":"54.36.148.100","user_agent":"Mozilla\/5.0 (compatible; AhrefsBot\/7.0; +http:\/\/ahrefs.com\/robot\/)","locale":"ar","external_id":"0","email":"e3b0c44298fc1c149afbf4c8996fb92427ae41e4649b934ca495991b7852b855","phone_number":"e3b0c44298fc1c149afbf4c8996fb92427ae41e4649b934ca495991b7852b855","first_name":"e3b0c44298fc1c149afbf4c8996fb92427ae41e4649b934ca495991b7852b855","last_name":"e3b0c44298fc1c149afbf4c8996fb92427ae41e4649b934ca495991b7852b855","zip_code":"e3b0c44298fc1c149afbf4c8996fb92427ae41e4649b934ca495991b7852b855"},"page":{"url":"http:\/\/ibn-sinaa.com\/product-tag\/%D9%81%D9%88%D9%84%D8%AF%D8%B1%D8%A7%D8%AA\/?add-to-cart=3545"}}]}
 ajax: no
2025-01-06T01:56:18+00:00 DEBUG Tt4b_Mapi_Class::mapi_post: Response: 

HTTP/1.1 200 OK
Server: nginx
Content-Type: application/json
Content-Length: 92
X-Tt-Logid: 202501060156187020379CFEE771748CB5
x-tt-trace-host: 018e5a586174a888928d793bdac74b79b519a86797e72c2eba011e03e23beee17d8680af96ca87d786bf2f0c262a9c5e22bee80e67b93a2433748332dec8ccb65f732920e59a55297d61d3793a4fe5b2e01ac0668418ab9d9ec93ee248d07e1375282b9d3549fbf2ec0bdc9e25741d51f0
x-tt-trace-id: 00-2501060156187020379CFEE771748CB5-1F49D691163E6908-00
X-Origin-Response-Time: 78,23.218.219.18
X-Akamai-Request-ID: 2ed5bc4f.179d287c
Expires: Mon, 06 Jan 2025 01:56:18 GMT
Cache-Control: max-age=0, no-cache, no-store
Pragma: no-cache
Date: Mon, 06 Jan 2025 01:56:18 GMT
X-Cache: TCP_MISS from a95-101-134-116.deploy.akamaitechnologies.com (AkamaiGHost/11.7.2.1-9611f29bef89eba7b18045b10aa2af98) (-)
Connection: close
X-Cache-Remote: TCP_MISS from a23-218-219-18.deploy.akamaitechnologies.com (AkamaiGHost/11.7.2.1-9611f29bef89eba7b18045b10aa2af98) (-)
x-tt-trace-tag: id=16;cdn-cache=miss;type=dyn
Server-Timing: cdn-cache; desc=MISS, edge; dur=99, origin; dur=78
Server-Timing: inner; dur=24
X-Parent-Response-Time: 177,95.101.134.116

{"code": 0, "message": "OK", "request_id": "202501060156187020379CFEE771748CB5", "data": {}}
2025-01-06T01:56:37+00:00 DEBUG POST: https://business-api.tiktok.com/open_api/v1.3/event/track/

{"partner_name":"WooCommerce","event_source":"web","event_source_id":"CSM79Q3C77UAG1T340I0","data":[{"event":"Pageview","event_id":"677b38553a5ad_tt4b_woocommerce_670666209cf1f","event_time":1736128597,"user":{"ip":"217.160.25.51","user_agent":"Mozlila\/5.0 (Linux; Android 7.0; SM-G892A Bulid\/NRD90M; wv) AppleWebKit\/537.36 (KHTML, like Gecko) Version\/4.0 Chrome\/60.0.3112.107 Moblie Safari\/537.36","locale":"ar","external_id":"0","email":"e3b0c44298fc1c149afbf4c8996fb92427ae41e4649b934ca495991b7852b855","phone_number":"e3b0c44298fc1c149afbf4c8996fb92427ae41e4649b934ca495991b7852b855","first_name":"e3b0c44298fc1c149afbf4c8996fb92427ae41e4649b934ca495991b7852b855","last_name":"e3b0c44298fc1c149afbf4c8996fb92427ae41e4649b934ca495991b7852b855","zip_code":"e3b0c44298fc1c149afbf4c8996fb92427ae41e4649b934ca495991b7852b855"},"page":{"url":"http:\/\/ibn-sinaa.com\/style.php","referrer":"\/www.google.com"}}]}
 ajax: no
2025-01-06T01:56:37+00:00 DEBUG Tt4b_Mapi_Class::mapi_post: Response: 

HTTP/1.1 200 OK
Server: nginx
Content-Type: application/json
Content-Length: 92
X-Tt-Logid: 2025010601563701F1AA62D569170A5E67
x-tt-trace-host: 018e5a586174a888928d793bdac74b79b519a86797e72c2eba011e03e23beee17dff99182af5c3057d47a346ac01d22a3192b1eb021e3ef0de7416efa78b39e0c127295377978cc56fa979acd0ece28791b937a2cd081ca36e00f6cd7abeb6a797e15d927fe7763a35e8684360ca16f5a3
x-tt-trace-id: 00-25010601563701F1AA62D569170A5E67-685326943964BAC8-00
X-Origin-Response-Time: 36,23.218.219.23
X-Akamai-Request-ID: 3654be2f.179d6a81
Expires: Mon, 06 Jan 2025 01:56:37 GMT
Cache-Control: max-age=0, no-cache, no-store
Pragma: no-cache
Date: Mon, 06 Jan 2025 01:56:37 GMT
X-Cache: TCP_MISS from a95-101-134-116.deploy.akamaitechnologies.com (AkamaiGHost/11.7.2.1-9611f29bef89eba7b18045b10aa2af98) (-)
Connection: close
X-Cache-Remote: TCP_MISS from a23-218-219-23.deploy.akamaitechnologies.com (AkamaiGHost/11.7.2.1-9611f29bef89eba7b18045b10aa2af98) (-)
x-tt-trace-tag: id=16;cdn-cache=miss;type=dyn
Server-Timing: cdn-cache; desc=MISS, edge; dur=87, origin; dur=36
Server-Timing: inner; dur=31
X-Parent-Response-Time: 123,95.101.134.116

{"code": 0, "message": "OK", "request_id": "2025010601563701F1AA62D569170A5E67", "data": {}}
2025-01-06T01:59:04+00:00 DEBUG POST: https://business-api.tiktok.com/open_api/v1.3/event/track/

{"partner_name":"WooCommerce","event_source":"web","event_source_id":"CSM79Q3C77UAG1T340I0","data":[{"event":"Pageview","event_id":"677b38e82e639_tt4b_woocommerce_670666209cf1f","event_time":1736128744,"user":{"ip":"66.249.66.71","user_agent":"Mozilla\/5.0 (Linux; Android 6.0.1; Nexus 5X Build\/MMB29P) AppleWebKit\/537.36 (KHTML, like Gecko) Chrome\/131.0.6778.139 Mobile Safari\/537.36 (compatible; Googlebot\/2.1; +http:\/\/www.google.com\/bot.html)","locale":"ar","external_id":"0","email":"e3b0c44298fc1c149afbf4c8996fb92427ae41e4649b934ca495991b7852b855","phone_number":"e3b0c44298fc1c149afbf4c8996fb92427ae41e4649b934ca495991b7852b855","first_name":"e3b0c44298fc1c149afbf4c8996fb92427ae41e4649b934ca495991b7852b855","last_name":"e3b0c44298fc1c149afbf4c8996fb92427ae41e4649b934ca495991b7852b855","zip_code":"e3b0c44298fc1c149afbf4c8996fb92427ae41e4649b934ca495991b7852b855"},"page":{"url":"http:\/\/ibn-sinaa.com\/product-category\/digital-printing\/brochures\/"}}]}
 ajax: no
2025-01-06T01:59:04+00:00 DEBUG Tt4b_Mapi_Class::mapi_post: Response: 

HTTP/1.1 200 OK
Server: nginx
Content-Type: application/json
Content-Length: 92
X-Tt-Logid: 2025010601590418BFB42A545F4879101F
x-tt-trace-host: 018e5a586174a888928d793bdac74b79b519a86797e72c2eba011e03e23beee17d96a6d53e71e139e06ab1ca148b4e6d12e8241b61f7a9b6497967a24fb568662d1bb4b467ba0eaa50476fd2eef4e546d6a39712edb6b0beea1a02881522ee273e7ecfd06dba4670c4dd867fb9c23e5d1a
x-tt-trace-id: 00-25010601590418BFB42A545F4879101F-466DF06A6762FB8B-00
X-Origin-Response-Time: 38,23.52.15.209
X-Akamai-Request-ID: 864a3c3d.179f6114
Expires: Mon, 06 Jan 2025 01:59:04 GMT
Cache-Control: max-age=0, no-cache, no-store
Pragma: no-cache
Date: Mon, 06 Jan 2025 01:59:04 GMT
X-Cache: TCP_MISS from a95-101-134-116.deploy.akamaitechnologies.com (AkamaiGHost/11.7.2.1-9611f29bef89eba7b18045b10aa2af98) (-)
Connection: close
X-Cache-Remote: TCP_MISS from a23-52-15-209.deploy.akamaitechnologies.com (AkamaiGHost/11.7.2.1-9611f29bef89eba7b18045b10aa2af98) (-)
x-tt-trace-tag: id=16;cdn-cache=miss;type=dyn
Server-Timing: cdn-cache; desc=MISS, edge; dur=81, origin; dur=38
Server-Timing: inner; dur=35
X-Parent-Response-Time: 119,95.101.134.116

{"code": 0, "message": "OK", "request_id": "2025010601590418BFB42A545F4879101F", "data": {}}
2025-01-06T01:59:06+00:00 DEBUG Tt4b_Catalog_Class::catalog_sync: catalog_sync executing for ابن سينا للطباعة
2025-01-06T01:59:06+00:00 DEBUG Tt4b_Catalog_Class::catalog_sync: deleting, adding, and updating products from wc_get_products since 5 يناير 2025 05:01:19
2025-01-06T01:59:06+00:00 DEBUG Tt4b_Catalog_Class::delete_products_helper: no products retrieved from tt4b_product_delete_queue option, skipping product deletion
2025-01-06T02:02:26+00:00 DEBUG POST: https://business-api.tiktok.com/open_api/v1.3/event/track/

{"partner_name":"WooCommerce","event_source":"web","event_source_id":"CSM79Q3C77UAG1T340I0","data":[{"event":"Pageview","event_id":"677b39b24682e_tt4b_woocommerce_670666209cf1f","event_time":1736128946,"user":{"ip":"66.249.66.168","user_agent":"Mozilla\/5.0 (Linux; Android 6.0.1; Nexus 5X Build\/MMB29P) AppleWebKit\/537.36 (KHTML, like Gecko) Chrome\/131.0.6778.204 Mobile Safari\/537.36 (compatible; Googlebot\/2.1; +http:\/\/www.google.com\/bot.html)","locale":"ar","external_id":"0","email":"e3b0c44298fc1c149afbf4c8996fb92427ae41e4649b934ca495991b7852b855","phone_number":"e3b0c44298fc1c149afbf4c8996fb92427ae41e4649b934ca495991b7852b855","first_name":"e3b0c44298fc1c149afbf4c8996fb92427ae41e4649b934ca495991b7852b855","last_name":"e3b0c44298fc1c149afbf4c8996fb92427ae41e4649b934ca495991b7852b855","zip_code":"e3b0c44298fc1c149afbf4c8996fb92427ae41e4649b934ca495991b7852b855"},"page":{"url":"http:\/\/www.ibn-sinaa.com\/product-category\/school-and-student-printing\/%D8%B3%D8%AC%D9%84%D8%A7%D8%AA\/feed\/"}}]}
 ajax: no
2025-01-06T02:02:26+00:00 DEBUG Tt4b_Mapi_Class::mapi_post: Response: 

HTTP/1.1 200 OK
Server: nginx
Content-Type: application/json
Content-Length: 92
X-Tt-Logid: 2025010602022651F6917620F414EA5533
x-tt-trace-host: 018e5a586174a888928d793bdac74b79b519a86797e72c2eba011e03e23beee17d370e70d7f517a48496f72ad4267b6cd135c172d0e4ed1345a23dc1084ebf191687680da61b1412a810b249a382bab0f83b33bf22994a9356cb715aca1215aaecd69597d39cbe3c6d0b31e0ba091c83fd
x-tt-trace-id: 00-25010602022651F6917620F414EA5533-6CCFEB5387ACADC8-00
X-Origin-Response-Time: 34,23.207.199.16
X-Akamai-Request-ID: 1d7effda.17a21657
Expires: Mon, 06 Jan 2025 02:02:26 GMT
Cache-Control: max-age=0, no-cache, no-store
Pragma: no-cache
Date: Mon, 06 Jan 2025 02:02:26 GMT
X-Cache: TCP_MISS from a95-101-134-116.deploy.akamaitechnologies.com (AkamaiGHost/11.7.2.1-9611f29bef89eba7b18045b10aa2af98) (-)
Connection: close
X-Cache-Remote: TCP_MISS from a23-207-199-16.deploy.akamaitechnologies.com (AkamaiGHost/11.7.2.1-9611f29bef89eba7b18045b10aa2af98) (-)
x-tt-trace-tag: id=16;cdn-cache=miss;type=dyn
Server-Timing: cdn-cache; desc=MISS, edge; dur=80, origin; dur=34
Server-Timing: inner; dur=29
X-Parent-Response-Time: 114,95.101.134.116

{"code": 0, "message": "OK", "request_id": "2025010602022651F6917620F414EA5533", "data": {}}
2025-01-06T02:02:31+00:00 DEBUG POST: https://business-api.tiktok.com/open_api/v1.3/event/track/

{"partner_name":"WooCommerce","event_source":"web","event_source_id":"CSM79Q3C77UAG1T340I0","data":[{"event":"Pageview","event_id":"677b39b760bba_tt4b_woocommerce_670666209cf1f","event_time":1736128951,"user":{"ip":"66.249.66.72","user_agent":"Mozilla\/5.0 (Linux; Android 6.0.1; Nexus 5X Build\/MMB29P) AppleWebKit\/537.36 (KHTML, like Gecko) Chrome\/131.0.6778.204 Mobile Safari\/537.36 (compatible; Googlebot\/2.1; +http:\/\/www.google.com\/bot.html)","locale":"ar","external_id":"0","email":"e3b0c44298fc1c149afbf4c8996fb92427ae41e4649b934ca495991b7852b855","phone_number":"e3b0c44298fc1c149afbf4c8996fb92427ae41e4649b934ca495991b7852b855","first_name":"e3b0c44298fc1c149afbf4c8996fb92427ae41e4649b934ca495991b7852b855","last_name":"e3b0c44298fc1c149afbf4c8996fb92427ae41e4649b934ca495991b7852b855","zip_code":"e3b0c44298fc1c149afbf4c8996fb92427ae41e4649b934ca495991b7852b855"},"page":{"url":"http:\/\/ibn-sinaa.com\/%D9%85%D8%B3%D8%AA%D9%88%D8%AD%D8%A7%D8%A9-%D9%85%D9%86%D9%83\/feed\/"}}]}
 ajax: no
2025-01-06T02:02:31+00:00 DEBUG Tt4b_Mapi_Class::mapi_post: Response: 

HTTP/1.1 200 OK
Server: nginx
Content-Type: application/json
Content-Length: 92
X-Tt-Logid: 2025010602023101B589557CBD810C4F04
Server-Timing: inner; dur=35
x-tt-trace-host: 018e5a586174a888928d793bdac74b79b51a437ee89a1c03eb2011d034a2e3e9f57b82ee7e2c9bf9a81fc8b3a0205ac50f8764d441670137b9dc2fe210c5202adff86c4551b53e434d9cc65fb8b4f0535f67498fda423bd536aba8df06c0227346
x-tt-trace-id: 00-25010602023101B589557CBD810C4F04-54B342B640B127DA-00
Expires: Mon, 06 Jan 2025 02:02:31 GMT
Cache-Control: max-age=0, no-cache, no-store
Pragma: no-cache
Date: Mon, 06 Jan 2025 02:02:31 GMT
X-Cache: TCP_MISS from a95-101-134-92.deploy.akamaitechnologies.com (AkamaiGHost/11.7.2.1-9611f29bef89eba7b18045b10aa2af98) (-)
Connection: close
x-tt-trace-tag: id=16;cdn-cache=miss;type=dyn
Server-Timing: cdn-cache; desc=MISS, edge; dur=2, origin; dur=113
X-Origin-Response-Time: 115,95.101.134.92
X-Akamai-Request-ID: 1a9fb8db

{"code": 0, "message": "OK", "request_id": "2025010602023101B589557CBD810C4F04", "data": {}}
2025-01-06T02:05:29+00:00 DEBUG POST: https://business-api.tiktok.com/open_api/v1.3/event/track/

{"partner_name":"WooCommerce","event_source":"web","event_source_id":"CSM79Q3C77UAG1T340I0","data":[{"event":"Pageview","event_id":"677b3a692ee4f_tt4b_woocommerce_670666209cf1f","event_time":1736129129,"user":{"ip":"66.249.66.168","user_agent":"Mozilla\/5.0 (Linux; Android 6.0.1; Nexus 5X Build\/MMB29P) AppleWebKit\/537.36 (KHTML, like Gecko) Chrome\/131.0.6778.204 Mobile Safari\/537.36 (compatible; Googlebot\/2.1; +http:\/\/www.google.com\/bot.html)","locale":"ar","external_id":"0","email":"e3b0c44298fc1c149afbf4c8996fb92427ae41e4649b934ca495991b7852b855","phone_number":"e3b0c44298fc1c149afbf4c8996fb92427ae41e4649b934ca495991b7852b855","first_name":"e3b0c44298fc1c149afbf4c8996fb92427ae41e4649b934ca495991b7852b855","last_name":"e3b0c44298fc1c149afbf4c8996fb92427ae41e4649b934ca495991b7852b855","zip_code":"e3b0c44298fc1c149afbf4c8996fb92427ae41e4649b934ca495991b7852b855"},"page":{"url":"http:\/\/www.ibn-sinaa.com\/product\/roll-up-mini\/"}}]}
 ajax: no
2025-01-06T02:05:29+00:00 DEBUG Tt4b_Mapi_Class::mapi_post: Response: 

HTTP/1.1 200 OK
Server: nginx
Content-Type: application/json
Content-Length: 92
X-Tt-Logid: 20250106020529A3C6AE8CD120CDE6C7EB
x-tt-trace-host: 018e5a586174a888928d793bdac74b79b519a86797e72c2eba011e03e23beee17d1f99b3e5cf74e0e1384cb35c642c6245fa273af4dedd931fd64730af7b7952a917f2edb6f5f169038ac7095045d6e2608a8cb215e81c02751c6c05dba81b7d7a0b8798b4f942866460a091a97ced927b
x-tt-trace-id: 00-250106020529A3C6AE8CD120CDE6C7EB-116A5254162F02DE-00
X-Origin-Response-Time: 36,23.218.219.56
X-Akamai-Request-ID: 274b222f.17a558e0
Expires: Mon, 06 Jan 2025 02:05:29 GMT
Cache-Control: max-age=0, no-cache, no-store
Pragma: no-cache
Date: Mon, 06 Jan 2025 02:05:29 GMT
X-Cache: TCP_MISS from a95-101-134-116.deploy.akamaitechnologies.com (AkamaiGHost/11.7.2.1-9611f29bef89eba7b18045b10aa2af98) (-)
Connection: close
X-Cache-Remote: TCP_MISS from a23-218-219-56.deploy.akamaitechnologies.com (AkamaiGHost/11.7.2.1-9611f29bef89eba7b18045b10aa2af98) (-)
x-tt-trace-tag: id=16;cdn-cache=miss;type=dyn
Server-Timing: cdn-cache; desc=MISS, edge; dur=83, origin; dur=36
Server-Timing: inner; dur=22
X-Parent-Response-Time: 119,95.101.134.116

{"code": 0, "message": "OK", "request_id": "20250106020529A3C6AE8CD120CDE6C7EB", "data": {}}
2025-01-06T02:05:29+00:00 DEBUG Tt4b_Pixel_Class::inject_view_content_event: hit ViewContent
2025-01-06T02:05:29+00:00 DEBUG POST: https://business-api.tiktok.com/open_api/v1.3/event/track/

{"partner_name":"WooCommerce","event_source":"web","event_source_id":"CSM79Q3C77UAG1T340I0","data":[{"event":"ViewContent","event_id":"677b3a6974c82_tt4b_woocommerce_670666209cf1f_4263","event_time":1736129129,"user":{"ip":"66.249.66.168","user_agent":"Mozilla\/5.0 (Linux; Android 6.0.1; Nexus 5X Build\/MMB29P) AppleWebKit\/537.36 (KHTML, like Gecko) Chrome\/131.0.6778.204 Mobile Safari\/537.36 (compatible; Googlebot\/2.1; +http:\/\/www.google.com\/bot.html)","locale":"ar","external_id":"0","email":"e3b0c44298fc1c149afbf4c8996fb92427ae41e4649b934ca495991b7852b855","phone_number":"e3b0c44298fc1c149afbf4c8996fb92427ae41e4649b934ca495991b7852b855","first_name":"e3b0c44298fc1c149afbf4c8996fb92427ae41e4649b934ca495991b7852b855","last_name":"e3b0c44298fc1c149afbf4c8996fb92427ae41e4649b934ca495991b7852b855","zip_code":"e3b0c44298fc1c149afbf4c8996fb92427ae41e4649b934ca495991b7852b855"},"properties":{"contents":[{"price":80,"quantity":1,"content_id":"4263","content_name":"\u0631\u0648\u0644 \u0627\u0628 \u0645\u064a\u0646\u064a","description":"\u0631\u0648\u0644 \u0627\u0628 \u0645\u064a\u0646\u064a \u0645\u0642\u0627\u0633\u0627\u062a \u0645\u062a\u0646\u0648\u0639\u0629.\r\n\u0627\u0644\u062e\u0627\u0645\u0629 \u0628\u0648\u0633\u062a\u0631.\r\n\u0645\u062f\u0629 \u0627\u0644\u062a\u0646\u0641\u064a\u0630: \u0645\u0646 3 \u0625\u0644\u0649 5 \u0623\u064a\u0627\u0645 \u0639\u0645\u0644 \u0628\u0639\u062f \u0627\u0639\u062a\u0645\u0627\u062f \u0627\u0644\u062a\u0635\u0645\u064a\u0645 \u0648\u0627\u0644\u0637\u0644\u0628 \u062d\u0633\u0628 \u0627\u0644\u0643\u0645\u064a\u0629 (\u062a\u0632\u064a\u062f \u0627\u0644\u0645\u062f\u0629 \u0639\u0646\u062f \u0637\u0644\u0628 \u0627\u0644\u0634\u062d\u0646).","availability":"IN_STOCK","sale_price":80,"on_sale":false}],"content_type":"product","currency":"SAR","value":80,"event_trigger_source":"WooCommerce"},"page":{"url":"http:\/\/www.ibn-sinaa.com\/product\/roll-up-mini\/"}}]}
 ajax: no
2025-01-06T02:05:29+00:00 DEBUG Tt4b_Mapi_Class::mapi_post: Response: 

HTTP/1.1 200 OK
Server: nginx
Content-Type: application/json
Content-Length: 92
X-Tt-Logid: 202501060205295B531A8C548EDF319FBA
x-tt-trace-host: 018e5a586174a888928d793bdac74b79b56517d7628cf0ffdff56b078ad2cf561549fef2e08b26796574d414ae9df4b1e0c68b3e9d5d9deb37b6b4146e43b406d4dc0cb758defa0665bcf484911821db5884c1a084e8f8b79fd6cc00b4a5d9651c9a74bc1104a00acfaab1576213475f06
x-tt-trace-id: 00-2501060205295B531A8C548EDF319FBA-05A57A085641C2B6-00
X-Origin-Response-Time: 41,23.52.15.209
X-Akamai-Request-ID: 86a96dd7.1aa47f89
Expires: Mon, 06 Jan 2025 02:05:29 GMT
Cache-Control: max-age=0, no-cache, no-store
Pragma: no-cache
Date: Mon, 06 Jan 2025 02:05:29 GMT
X-Cache: TCP_MISS from a95-101-134-92.deploy.akamaitechnologies.com (AkamaiGHost/11.7.2.1-9611f29bef89eba7b18045b10aa2af98) (-)
Connection: close
X-Cache-Remote: TCP_MISS from a23-52-15-209.deploy.akamaitechnologies.com (AkamaiGHost/11.7.2.1-9611f29bef89eba7b18045b10aa2af98) (-)
x-tt-trace-tag: id=16;cdn-cache=miss;type=dyn
Server-Timing: cdn-cache; desc=MISS, edge; dur=85, origin; dur=41
Server-Timing: inner; dur=37
X-Parent-Response-Time: 125,95.101.134.92

{"code": 0, "message": "OK", "request_id": "202501060205295B531A8C548EDF319FBA", "data": {}}
2025-01-06T02:07:01+00:00 DEBUG POST: https://business-api.tiktok.com/open_api/v1.3/event/track/

{"partner_name":"WooCommerce","event_source":"web","event_source_id":"CSM79Q3C77UAG1T340I0","data":[{"event":"Pageview","event_id":"677b3ac56b4f4_tt4b_woocommerce_670666209cf1f","event_time":1736129221,"user":{"ip":"54.36.149.57","user_agent":"Mozilla\/5.0 (compatible; AhrefsBot\/7.0; +http:\/\/ahrefs.com\/robot\/)","locale":"ar","external_id":"0","email":"e3b0c44298fc1c149afbf4c8996fb92427ae41e4649b934ca495991b7852b855","phone_number":"e3b0c44298fc1c149afbf4c8996fb92427ae41e4649b934ca495991b7852b855","first_name":"e3b0c44298fc1c149afbf4c8996fb92427ae41e4649b934ca495991b7852b855","last_name":"e3b0c44298fc1c149afbf4c8996fb92427ae41e4649b934ca495991b7852b855","zip_code":"e3b0c44298fc1c149afbf4c8996fb92427ae41e4649b934ca495991b7852b855"},"page":{"url":"http:\/\/ibn-sinaa.com\/shop\/page\/7\/"}}]}
 ajax: no
2025-01-06T02:07:01+00:00 DEBUG Tt4b_Mapi_Class::mapi_post: Response: 

HTTP/1.1 200 OK
Server: nginx
Content-Type: application/json
Content-Length: 92
X-Tt-Logid: 2025010602070147E72B418CE24154216F
x-tt-trace-host: 018e5a586174a888928d793bdac74b79b519a86797e72c2eba011e03e23beee17d06fc992dc98fa48327f62ef3b896bec58cc87f30164c021749cb853164cd44c32a3ee41fcf87c9495b65009c852973b221b712e1313d0c23e6ac8ed91b8704665f850edecaae2de32d1ab75c4bf5a31d
x-tt-trace-id: 00-25010602070147E72B418CE24154216F-1814063953612AA9-00
X-Origin-Response-Time: 28,23.218.219.50
X-Akamai-Request-ID: 2b05c2a5.17a707af
Expires: Mon, 06 Jan 2025 02:07:01 GMT
Cache-Control: max-age=0, no-cache, no-store
Pragma: no-cache
Date: Mon, 06 Jan 2025 02:07:01 GMT
X-Cache: TCP_MISS from a95-101-134-116.deploy.akamaitechnologies.com (AkamaiGHost/11.7.2.1-9611f29bef89eba7b18045b10aa2af98) (-)
Connection: close
X-Cache-Remote: TCP_MISS from a23-218-219-50.deploy.akamaitechnologies.com (AkamaiGHost/11.7.2.1-9611f29bef89eba7b18045b10aa2af98) (-)
x-tt-trace-tag: id=16;cdn-cache=miss;type=dyn
Server-Timing: cdn-cache; desc=MISS, edge; dur=81, origin; dur=27
Server-Timing: inner; dur=23
X-Parent-Response-Time: 108,95.101.134.116

{"code": 0, "message": "OK", "request_id": "2025010602070147E72B418CE24154216F", "data": {}}
2025-01-06T02:09:21+00:00 DEBUG POST: https://business-api.tiktok.com/open_api/v1.3/event/track/

{"partner_name":"WooCommerce","event_source":"web","event_source_id":"CSM79Q3C77UAG1T340I0","data":[{"event":"Pageview","event_id":"677b3b5139599_tt4b_woocommerce_670666209cf1f","event_time":1736129361,"user":{"ip":"40.77.167.67","user_agent":"Mozilla\/5.0 AppleWebKit\/537.36 (KHTML, like Gecko; compatible; bingbot\/2.0; +http:\/\/www.bing.com\/bingbot.htm) Chrome\/116.0.1938.76 Safari\/537.36","locale":"ar","external_id":"0","email":"e3b0c44298fc1c149afbf4c8996fb92427ae41e4649b934ca495991b7852b855","phone_number":"e3b0c44298fc1c149afbf4c8996fb92427ae41e4649b934ca495991b7852b855","first_name":"e3b0c44298fc1c149afbf4c8996fb92427ae41e4649b934ca495991b7852b855","last_name":"e3b0c44298fc1c149afbf4c8996fb92427ae41e4649b934ca495991b7852b855","zip_code":"e3b0c44298fc1c149afbf4c8996fb92427ae41e4649b934ca495991b7852b855"},"page":{"url":"http:\/\/mail.ibn-sinaa.com\/product-tag\/%D8%AF%D8%B9%D8%A7%D9%8A%D8%A9-%D9%88%D8%A7%D8%B9%D9%84%D8%A7%D9%86-%D8%AC%D8%AF%D8%A9\/page\/2\/"}}]}
 ajax: no
2025-01-06T02:09:21+00:00 DEBUG Tt4b_Mapi_Class::mapi_post: Response: 

HTTP/1.1 200 OK
Server: nginx
Content-Type: application/json
Content-Length: 92
X-Tt-Logid: 20250106020921A4B0198D454B889595D1
x-tt-trace-host: 018e5a586174a888928d793bdac74b79b519a86797e72c2eba011e03e23beee17d913bd14519de7b73ba852629d3b6c2066084cc473db4d04e991f894ebdf4ee8322084f506e27c670832a5c93f00f2122068dae03037d1fec7382fcaab7de1cc55a01fd7d5b155d5231381ed91162c0c7
x-tt-trace-id: 00-250106020921A4B0198D454B889595D1-6AA7319F70A8A7B9-00
X-Origin-Response-Time: 29,23.218.219.29
X-Akamai-Request-ID: 312bb4e3.17a95bbf
Expires: Mon, 06 Jan 2025 02:09:21 GMT
Cache-Control: max-age=0, no-cache, no-store
Pragma: no-cache
Date: Mon, 06 Jan 2025 02:09:21 GMT
X-Cache: TCP_MISS from a95-101-134-116.deploy.akamaitechnologies.com (AkamaiGHost/11.7.2.1-9611f29bef89eba7b18045b10aa2af98) (-)
Connection: close
X-Cache-Remote: TCP_MISS from a23-218-219-29.deploy.akamaitechnologies.com (AkamaiGHost/11.7.2.1-9611f29bef89eba7b18045b10aa2af98) (-)
x-tt-trace-tag: id=16;cdn-cache=miss;type=dyn
Server-Timing: cdn-cache; desc=MISS, edge; dur=82, origin; dur=29
Server-Timing: inner; dur=25
X-Parent-Response-Time: 111,95.101.134.116

{"code": 0, "message": "OK", "request_id": "20250106020921A4B0198D454B889595D1", "data": {}}
2025-01-06T02:11:40+00:00 DEBUG POST: https://business-api.tiktok.com/open_api/v1.3/event/track/

{"partner_name":"WooCommerce","event_source":"web","event_source_id":"CSM79Q3C77UAG1T340I0","data":[{"event":"Pageview","event_id":"677b3bdc63ff3_tt4b_woocommerce_670666209cf1f","event_time":1736129500,"user":{"ip":"54.36.148.220","user_agent":"Mozilla\/5.0 (compatible; AhrefsBot\/7.0; +http:\/\/ahrefs.com\/robot\/)","locale":"ar","external_id":"0","email":"e3b0c44298fc1c149afbf4c8996fb92427ae41e4649b934ca495991b7852b855","phone_number":"e3b0c44298fc1c149afbf4c8996fb92427ae41e4649b934ca495991b7852b855","first_name":"e3b0c44298fc1c149afbf4c8996fb92427ae41e4649b934ca495991b7852b855","last_name":"e3b0c44298fc1c149afbf4c8996fb92427ae41e4649b934ca495991b7852b855","zip_code":"e3b0c44298fc1c149afbf4c8996fb92427ae41e4649b934ca495991b7852b855"},"page":{"url":"http:\/\/mail.ibn-sinaa.com\/product-tag\/%D8%B7%D8%A8%D8%A7%D8%B9%D9%87-%D8%AF%D9%8A%D8%AC%D9%8A%D8%AA%D8%A7%D9%84\/page\/3\/"}}]}
 ajax: no
2025-01-06T02:11:40+00:00 DEBUG Tt4b_Mapi_Class::mapi_post: Response: 

HTTP/1.1 200 OK
Server: nginx
Content-Type: application/json
Content-Length: 92
X-Tt-Logid: 202501060211402B3790EAB6E12C0B3644
Server-Timing: inner; dur=131
x-tt-trace-host: 018e5a586174a888928d793bdac74b79b51a437ee89a1c03eb2011d034a2e3e9f5800c93c2019f82c29a21fc485d68f0a742f4ebe3f0b99cbe3119e45e6d60f3feee111f37dd7958ec276f969475c52c60ea604e26226c330adaa383a6f9b9f82e
x-tt-trace-id: 00-2501060211402B3790EAB6E12C0B3644-79C8FD3E8809079D-00
Expires: Mon, 06 Jan 2025 02:11:40 GMT
Cache-Control: max-age=0, no-cache, no-store
Pragma: no-cache
Date: Mon, 06 Jan 2025 02:11:40 GMT
X-Cache: TCP_MISS from a95-101-134-92.deploy.akamaitechnologies.com (AkamaiGHost/11.7.2.1-9611f29bef89eba7b18045b10aa2af98) (-)
Connection: close
x-tt-trace-tag: id=16;cdn-cache=miss;type=dyn
Server-Timing: cdn-cache; desc=MISS, edge; dur=0, origin; dur=214
X-Origin-Response-Time: 214,95.101.134.92
X-Akamai-Request-ID: 1aaf47e0

{"code": 0, "message": "OK", "request_id": "202501060211402B3790EAB6E12C0B3644", "data": {}}
2025-01-06T02:22:02+00:00 DEBUG POST: https://business-api.tiktok.com/open_api/v1.3/event/track/

{"partner_name":"WooCommerce","event_source":"web","event_source_id":"CSM79Q3C77UAG1T340I0","data":[{"event":"Pageview","event_id":"677b3e4acc9da_tt4b_woocommerce_670666209cf1f","event_time":1736130122,"user":{"ip":"54.36.148.108","user_agent":"Mozilla\/5.0 (compatible; AhrefsBot\/7.0; +http:\/\/ahrefs.com\/robot\/)","locale":"ar","external_id":"0","email":"e3b0c44298fc1c149afbf4c8996fb92427ae41e4649b934ca495991b7852b855","phone_number":"e3b0c44298fc1c149afbf4c8996fb92427ae41e4649b934ca495991b7852b855","first_name":"e3b0c44298fc1c149afbf4c8996fb92427ae41e4649b934ca495991b7852b855","last_name":"e3b0c44298fc1c149afbf4c8996fb92427ae41e4649b934ca495991b7852b855","zip_code":"e3b0c44298fc1c149afbf4c8996fb92427ae41e4649b934ca495991b7852b855"},"page":{"url":"http:\/\/mail.ibn-sinaa.com\/product-category\/advertising\/roll-up\/"}}]}
 ajax: no
2025-01-06T02:22:03+00:00 DEBUG Tt4b_Mapi_Class::mapi_post: Response: 

HTTP/1.1 200 OK
Server: nginx
Content-Type: application/json
Content-Length: 92
X-Tt-Logid: 20250106022202F1AE6CD38A343EE1C52C
x-tt-trace-host: 018e5a586174a888928d793bdac74b79b519a86797e72c2eba011e03e23beee17d0f83cd1ea431930bf27a5d65bbd62f87ab0bf75077d7f4d7628223f127fd081b393809bbb7f87f190cd631d1fbe6116e1bd5e2a515533f1f4576e3a8b77b4fbb5f15e795eca0928dda0148995451908f
x-tt-trace-id: 00-250106022202F1AE6CD38A343EE1C52C-32EF8A8D4D64F228-00
X-Origin-Response-Time: 56,23.218.219.11
X-Akamai-Request-ID: 2f4bacbf.17b4945e
Expires: Mon, 06 Jan 2025 02:22:03 GMT
Cache-Control: max-age=0, no-cache, no-store
Pragma: no-cache
Date: Mon, 06 Jan 2025 02:22:03 GMT
X-Cache: TCP_MISS from a95-101-134-116.deploy.akamaitechnologies.com (AkamaiGHost/11.7.2.1-9611f29bef89eba7b18045b10aa2af98) (-)
Connection: close
X-Cache-Remote: TCP_MISS from a23-218-219-11.deploy.akamaitechnologies.com (AkamaiGHost/11.7.2.1-9611f29bef89eba7b18045b10aa2af98) (-)
x-tt-trace-tag: id=16;cdn-cache=miss;type=dyn
Server-Timing: cdn-cache; desc=MISS, edge; dur=83, origin; dur=56
Server-Timing: inner; dur=50
X-Parent-Response-Time: 139,95.101.134.116

{"code": 0, "message": "OK", "request_id": "20250106022202F1AE6CD38A343EE1C52C", "data": {}}
2025-01-06T02:26:00+00:00 DEBUG POST: https://business-api.tiktok.com/open_api/v1.3/event/track/

{"partner_name":"WooCommerce","event_source":"web","event_source_id":"CSM79Q3C77UAG1T340I0","data":[{"event":"Pageview","event_id":"677b3f384a0f6_tt4b_woocommerce_670666209cf1f","event_time":1736130360,"user":{"ip":"66.249.66.168","user_agent":"Mozilla\/5.0 (Linux; Android 6.0.1; Nexus 5X Build\/MMB29P) AppleWebKit\/537.36 (KHTML, like Gecko) Chrome\/131.0.6778.204 Mobile Safari\/537.36 (compatible; Googlebot\/2.1; +http:\/\/www.google.com\/bot.html)","locale":"ar","external_id":"0","email":"e3b0c44298fc1c149afbf4c8996fb92427ae41e4649b934ca495991b7852b855","phone_number":"e3b0c44298fc1c149afbf4c8996fb92427ae41e4649b934ca495991b7852b855","first_name":"e3b0c44298fc1c149afbf4c8996fb92427ae41e4649b934ca495991b7852b855","last_name":"e3b0c44298fc1c149afbf4c8996fb92427ae41e4649b934ca495991b7852b855","zip_code":"e3b0c44298fc1c149afbf4c8996fb92427ae41e4649b934ca495991b7852b855"},"page":{"url":"http:\/\/www.ibn-sinaa.com\/product\/%D8%A8%D8%B1%D8%B4%D9%88%D8%B1-%D9%85%D8%B7%D9%88%D9%8A%D8%A9-a4\/feed\/"}}]}
 ajax: no
2025-01-06T02:26:00+00:00 DEBUG Tt4b_Mapi_Class::mapi_post: Response: 

HTTP/1.1 200 OK
Server: nginx
Content-Type: application/json
Content-Length: 92
X-Tt-Logid: 20250106022600A95E641D742151EABF7A
x-tt-trace-host: 018e5a586174a888928d793bdac74b79b519a86797e72c2eba011e03e23beee17d95a8881f3cb6a2fad9b01fe536e0dd85432350ee77b50c1678c4e93c0945e79241621a45d96307d8196cfc87b4a8e02f530593a7ab4de2dcda91202cb6b97ea88823f0515f09c2d72de1542d9d034381
x-tt-trace-id: 00-250106022600A95E641D742151EABF7A-6314112E884C728D-00
X-Origin-Response-Time: 82,23.218.219.33
X-Akamai-Request-ID: 2c7d6be8.17b8102a
Expires: Mon, 06 Jan 2025 02:26:00 GMT
Cache-Control: max-age=0, no-cache, no-store
Pragma: no-cache
Date: Mon, 06 Jan 2025 02:26:00 GMT
X-Cache: TCP_MISS from a95-101-134-116.deploy.akamaitechnologies.com (AkamaiGHost/11.7.2.1-9611f29bef89eba7b18045b10aa2af98) (-)
Connection: close
X-Cache-Remote: TCP_MISS from a23-218-219-33.deploy.akamaitechnologies.com (AkamaiGHost/11.7.2.1-9611f29bef89eba7b18045b10aa2af98) (-)
x-tt-trace-tag: id=16;cdn-cache=miss;type=dyn
Server-Timing: cdn-cache; desc=MISS, edge; dur=80, origin; dur=82
Server-Timing: inner; dur=77
X-Parent-Response-Time: 162,95.101.134.116

{"code": 0, "message": "OK", "request_id": "20250106022600A95E641D742151EABF7A", "data": {}}
2025-01-06T02:26:29+00:00 DEBUG POST: https://business-api.tiktok.com/open_api/v1.3/event/track/

{"partner_name":"WooCommerce","event_source":"web","event_source_id":"CSM79Q3C77UAG1T340I0","data":[{"event":"Pageview","event_id":"677b3f5525b7c_tt4b_woocommerce_670666209cf1f","event_time":1736130389,"user":{"ip":"66.249.66.167","user_agent":"Mozilla\/5.0 (Linux; Android 6.0.1; Nexus 5X Build\/MMB29P) AppleWebKit\/537.36 (KHTML, like Gecko) Chrome\/131.0.6778.204 Mobile Safari\/537.36 (compatible; Googlebot\/2.1; +http:\/\/www.google.com\/bot.html)","locale":"ar","external_id":"0","email":"e3b0c44298fc1c149afbf4c8996fb92427ae41e4649b934ca495991b7852b855","phone_number":"e3b0c44298fc1c149afbf4c8996fb92427ae41e4649b934ca495991b7852b855","first_name":"e3b0c44298fc1c149afbf4c8996fb92427ae41e4649b934ca495991b7852b855","last_name":"e3b0c44298fc1c149afbf4c8996fb92427ae41e4649b934ca495991b7852b855","zip_code":"e3b0c44298fc1c149afbf4c8996fb92427ae41e4649b934ca495991b7852b855"},"page":{"url":"http:\/\/www.ibn-sinaa.com\/product-tag\/%D8%B7%D8%A8%D8%A7%D8%B9%D8%A9-%D8%B1%D8%B3%D9%85%D9%8A%D8%A9\/"}}]}
 ajax: no
2025-01-06T02:26:29+00:00 DEBUG Tt4b_Mapi_Class::mapi_post: Response: 

HTTP/1.1 200 OK
Server: nginx
Content-Type: application/json
Content-Length: 92
X-Tt-Logid: 2025010602262966472ABF897B2383802E
x-tt-trace-host: 018e5a586174a888928d793bdac74b79b519a86797e72c2eba011e03e23beee17d2084cb681579942df39b264b25df06a2bb967fcd94874b8fce9332cb4b4385fa8011d3cbe7d754eaa3f0c18832d055cae054dbb8c131a31a69054421150ebf49681f4f1befd9176435c55cbdd1039619
x-tt-trace-id: 00-25010602262966472ABF897B2383802E-0246E34A63B77628-00
X-Origin-Response-Time: 33,23.218.219.40
X-Akamai-Request-ID: 51264fd7.17b87ea2
Expires: Mon, 06 Jan 2025 02:26:29 GMT
Cache-Control: max-age=0, no-cache, no-store
Pragma: no-cache
Date: Mon, 06 Jan 2025 02:26:29 GMT
X-Cache: TCP_MISS from a95-101-134-116.deploy.akamaitechnologies.com (AkamaiGHost/11.7.2.1-9611f29bef89eba7b18045b10aa2af98) (-)
Connection: close
X-Cache-Remote: TCP_MISS from a23-218-219-40.deploy.akamaitechnologies.com (AkamaiGHost/11.7.2.1-9611f29bef89eba7b18045b10aa2af98) (-)
x-tt-trace-tag: id=16;cdn-cache=miss;type=dyn
Server-Timing: cdn-cache; desc=MISS, edge; dur=246, origin; dur=33
Server-Timing: inner; dur=28
X-Parent-Response-Time: 279,95.101.134.116

{"code": 0, "message": "OK", "request_id": "2025010602262966472ABF897B2383802E", "data": {}}
2025-01-06T02:27:28+00:00 DEBUG POST: https://business-api.tiktok.com/open_api/v1.3/event/track/

{"partner_name":"WooCommerce","event_source":"web","event_source_id":"CSM79Q3C77UAG1T340I0","data":[{"event":"Pageview","event_id":"677b3f90a4d1c_tt4b_woocommerce_670666209cf1f","event_time":1736130448,"user":{"ip":"54.36.148.75","user_agent":"Mozilla\/5.0 (compatible; AhrefsBot\/7.0; +http:\/\/ahrefs.com\/robot\/)","locale":"ar","external_id":"0","email":"e3b0c44298fc1c149afbf4c8996fb92427ae41e4649b934ca495991b7852b855","phone_number":"e3b0c44298fc1c149afbf4c8996fb92427ae41e4649b934ca495991b7852b855","first_name":"e3b0c44298fc1c149afbf4c8996fb92427ae41e4649b934ca495991b7852b855","last_name":"e3b0c44298fc1c149afbf4c8996fb92427ae41e4649b934ca495991b7852b855","zip_code":"e3b0c44298fc1c149afbf4c8996fb92427ae41e4649b934ca495991b7852b855"},"page":{"url":"http:\/\/mail.ibn-sinaa.com\/product\/print-notebook-thick-cover-a5\/"}}]}
 ajax: no
2025-01-06T02:27:28+00:00 DEBUG Tt4b_Mapi_Class::mapi_post: Response: 

HTTP/1.1 200 OK
Server: nginx
Content-Type: application/json
Content-Length: 92
X-Tt-Logid: 202501060227289EEF612B193623EF10CF
Server-Timing: inner; dur=25
x-tt-trace-host: 018e5a586174a888928d793bdac74b79b51a437ee89a1c03eb2011d034a2e3e9f5ffb69bef33fe224d9a7400ac6c7fd21e355fd88371f90fe90871b65f6fa85ff99dc28a699e565d4e8e16617743fc8016b43fa00b9cae3cc64791700c1633a0eb
x-tt-trace-id: 00-2501060227289EEF612B193623EF10CF-51D515A163BD4D13-00
Expires: Mon, 06 Jan 2025 02:27:28 GMT
Cache-Control: max-age=0, no-cache, no-store
Pragma: no-cache
Date: Mon, 06 Jan 2025 02:27:28 GMT
X-Cache: TCP_MISS from a95-101-134-92.deploy.akamaitechnologies.com (AkamaiGHost/11.7.2.1-9611f29bef89eba7b18045b10aa2af98) (-)
Connection: close
x-tt-trace-tag: id=16;cdn-cache=miss;type=dyn
Server-Timing: cdn-cache; desc=MISS, edge; dur=1, origin; dur=112
X-Origin-Response-Time: 112,95.101.134.92
X-Akamai-Request-ID: 1ac866c0

{"code": 0, "message": "OK", "request_id": "202501060227289EEF612B193623EF10CF", "data": {}}
2025-01-06T02:27:28+00:00 DEBUG Tt4b_Pixel_Class::inject_view_content_event: hit ViewContent
2025-01-06T02:27:28+00:00 DEBUG POST: https://business-api.tiktok.com/open_api/v1.3/event/track/

{"partner_name":"WooCommerce","event_source":"web","event_source_id":"CSM79Q3C77UAG1T340I0","data":[{"event":"ViewContent","event_id":"677b3f90e01c7_tt4b_woocommerce_670666209cf1f_3999","event_time":1736130448,"user":{"ip":"54.36.148.75","user_agent":"Mozilla\/5.0 (compatible; AhrefsBot\/7.0; +http:\/\/ahrefs.com\/robot\/)","locale":"ar","external_id":"0","email":"e3b0c44298fc1c149afbf4c8996fb92427ae41e4649b934ca495991b7852b855","phone_number":"e3b0c44298fc1c149afbf4c8996fb92427ae41e4649b934ca495991b7852b855","first_name":"e3b0c44298fc1c149afbf4c8996fb92427ae41e4649b934ca495991b7852b855","last_name":"e3b0c44298fc1c149afbf4c8996fb92427ae41e4649b934ca495991b7852b855","zip_code":"e3b0c44298fc1c149afbf4c8996fb92427ae41e4649b934ca495991b7852b855"},"properties":{"contents":[{"price":99,"quantity":1,"content_id":"3999","content_name":"\u0637\u0628\u0627\u0639\u0629 \u0646\u0648\u062a\u0629 \u063a\u0644\u0627\u0641 \u0633\u0645\u064a\u0643 A5","description":"\u0646\u0648\u062a\u0629 \u0645\u0639 \u063a\u0644\u0627\u0641 \u0633\u0645\u064a\u0643 \u0645\u0642\u0627\u0633 A5 \u0648\u0648\u0631\u0642 \u062f\u0627\u062e\u0644\u064a \u0627\u0628\u064a\u0636 \u0648 \u0627\u0633\u0648\u062f.\r\n\u0627\u0644\u0648\u0631\u0642 \u0627\u0644\u062f\u0627\u062e\u0644\u064a: \u0648\u0631\u0642 \u0639\u0627\u062f\u064a 80 \u062c\u0631\u0627\u0645 \u0639\u062f\u062f 50 \u0648\u0631\u0642\u0629\u060c \u0627\u0644\u063a\u0644\u0627\u0641: \u0648\u0631\u0642 \u0643\u0648\u0634\u064a\u0647 350 \u062c\u0631\u0627\u0645 \u0645\u0639 \u0633\u0644\u0641\u0627\u0646.\r\n\u0645\u062f\u0629 \u0627\u0644\u062a\u0646\u0641\u064a\u0630 \u0627\u0644\u0645\u062a\u0648\u0642\u0639\u0629: \u0645\u0646 3 \u0625\u0644\u0649 5 \u0623\u064a\u0627\u0645 \u0639\u0645\u0644 \u0628\u0639\u062f \u0627\u0639\u062a\u0645\u0627\u062f \u0627\u0644\u062a\u0635\u0645\u064a\u0645 \u0648\u0627\u0644\u0637\u0644\u0628 \u062d\u0633\u0628 \u0627\u0644\u0643\u0645\u064a\u0629 (\u062a\u0632\u064a\u062f \u0627\u0644\u0645\u062f\u0629 \u0639\u0646\u062f \u0637\u0644\u0628 \u0627\u0644\u0634\u062d\u0646).","availability":"IN_STOCK","sale_price":99,"on_sale":false}],"content_type":"product","currency":"SAR","value":99,"event_trigger_source":"WooCommerce"},"page":{"url":"http:\/\/mail.ibn-sinaa.com\/product\/print-notebook-thick-cover-a5\/"}}]}
 ajax: no
2025-01-06T02:27:29+00:00 DEBUG Tt4b_Mapi_Class::mapi_post: Response: 

HTTP/1.1 200 OK
Server: nginx
Content-Type: application/json
Content-Length: 92
X-Tt-Logid: 20250106022729B7A10429CE50D1770F9D
x-tt-trace-host: 018e5a586174a888928d793bdac74b79b519a86797e72c2eba011e03e23beee17dd7bcf481031583f8a86de7171413ab7827d0be99f6a1777a0ff19dda6062b79e18b97ca8cbc766210ea3014f350b03190208713d7bdbea478e97b626e23920c8891dfa6fe1dd71b1c011000153c8465e
x-tt-trace-id: 00-250106022729B7A10429CE50D1770F9D-56B93F0F53526BF8-00
X-Origin-Response-Time: 31,23.52.15.170
X-Akamai-Request-ID: 5cf818ee.17b96246
Expires: Mon, 06 Jan 2025 02:27:29 GMT
Cache-Control: max-age=0, no-cache, no-store
Pragma: no-cache
Date: Mon, 06 Jan 2025 02:27:29 GMT
X-Cache: TCP_MISS from a95-101-134-116.deploy.akamaitechnologies.com (AkamaiGHost/11.7.2.1-9611f29bef89eba7b18045b10aa2af98) (-)
Connection: close
X-Cache-Remote: TCP_MISS from a23-52-15-170.deploy.akamaitechnologies.com (AkamaiGHost/11.7.2.1-9611f29bef89eba7b18045b10aa2af98) (-)
x-tt-trace-tag: id=16;cdn-cache=miss;type=dyn
Server-Timing: cdn-cache; desc=MISS, edge; dur=81, origin; dur=31
Server-Timing: inner; dur=26
X-Parent-Response-Time: 110,95.101.134.116

{"code": 0, "message": "OK", "request_id": "20250106022729B7A10429CE50D1770F9D", "data": {}}
2025-01-06T02:27:55+00:00 DEBUG POST: https://business-api.tiktok.com/open_api/v1.3/event/track/

{"partner_name":"WooCommerce","event_source":"web","event_source_id":"CSM79Q3C77UAG1T340I0","data":[{"event":"Pageview","event_id":"677b3fabebce7_tt4b_woocommerce_670666209cf1f","event_time":1736130475,"user":{"ip":"185.191.171.16","user_agent":"Mozilla\/5.0 (compatible; SemrushBot\/7~bl; +http:\/\/www.semrush.com\/bot.html)","locale":"ar","external_id":"0","email":"e3b0c44298fc1c149afbf4c8996fb92427ae41e4649b934ca495991b7852b855","phone_number":"e3b0c44298fc1c149afbf4c8996fb92427ae41e4649b934ca495991b7852b855","first_name":"e3b0c44298fc1c149afbf4c8996fb92427ae41e4649b934ca495991b7852b855","last_name":"e3b0c44298fc1c149afbf4c8996fb92427ae41e4649b934ca495991b7852b855","zip_code":"e3b0c44298fc1c149afbf4c8996fb92427ae41e4649b934ca495991b7852b855"},"page":{"url":"http:\/\/www.ibn-sinaa.com\/blog\/page\/3\/"}}]}
 ajax: no
2025-01-06T02:27:56+00:00 DEBUG Tt4b_Mapi_Class::mapi_post: Response: 

HTTP/1.1 200 OK
Server: nginx
Content-Type: application/json
Content-Length: 92
X-Tt-Logid: 202501060227567F2FB34DD71D42EB5AEF
Server-Timing: inner; dur=29
x-tt-trace-host: 018e5a586174a888928d793bdac74b79b51a437ee89a1c03eb2011d034a2e3e9f5c574c4499c9fb7d9c2bb585db4335cf8ebf76f391106bc9bae58ed1fdaaa46e768dd5e1663703db9e21ee82d76d6c8ef4438de90f7161b1c48b5a9885673b86d
x-tt-trace-id: 00-2501060227567F2FB34DD71D42EB5AEF-0739FDD0636A38F4-00
Expires: Mon, 06 Jan 2025 02:27:56 GMT
Cache-Control: max-age=0, no-cache, no-store
Pragma: no-cache
Date: Mon, 06 Jan 2025 02:27:56 GMT
X-Cache: TCP_MISS from a95-101-134-92.deploy.akamaitechnologies.com (AkamaiGHost/11.7.2.1-9611f29bef89eba7b18045b10aa2af98) (-)
Connection: close
x-tt-trace-tag: id=16;cdn-cache=miss;type=dyn
Server-Timing: cdn-cache; desc=MISS, edge; dur=1, origin; dur=112
X-Origin-Response-Time: 113,95.101.134.92
X-Akamai-Request-ID: 1ac92b74

{"code": 0, "message": "OK", "request_id": "202501060227567F2FB34DD71D42EB5AEF", "data": {}}
2025-01-06T02:28:01+00:00 DEBUG POST: https://business-api.tiktok.com/open_api/v1.3/event/track/

{"partner_name":"WooCommerce","event_source":"web","event_source_id":"CSM79Q3C77UAG1T340I0","data":[{"event":"Pageview","event_id":"677b3fb10281b_tt4b_woocommerce_670666209cf1f","event_time":1736130481,"user":{"ip":"185.191.171.12","user_agent":"Mozilla\/5.0 (compatible; SemrushBot\/7~bl; +http:\/\/www.semrush.com\/bot.html)","locale":"ar","external_id":"0","email":"e3b0c44298fc1c149afbf4c8996fb92427ae41e4649b934ca495991b7852b855","phone_number":"e3b0c44298fc1c149afbf4c8996fb92427ae41e4649b934ca495991b7852b855","first_name":"e3b0c44298fc1c149afbf4c8996fb92427ae41e4649b934ca495991b7852b855","last_name":"e3b0c44298fc1c149afbf4c8996fb92427ae41e4649b934ca495991b7852b855","zip_code":"e3b0c44298fc1c149afbf4c8996fb92427ae41e4649b934ca495991b7852b855"},"page":{"url":"http:\/\/mail.ibn-sinaa.com\/blog\/page\/3\/"}}]}
 ajax: no
2025-01-06T02:28:01+00:00 DEBUG Tt4b_Mapi_Class::mapi_post: Response: 

HTTP/1.1 200 OK
Server: nginx
Content-Type: application/json
Content-Length: 92
X-Tt-Logid: 2025010602280181E940CD30CA4E824A37
x-tt-trace-host: 018e5a586174a888928d793bdac74b79b519a86797e72c2eba011e03e23beee17d28c4537d2bc8dc2b4890dd6673c023f0dd77dcf02a1b6548d5e8111985a62cc992aa32b1d3034457cedc06d87c59515d7c52aed10f5b077f7ee2b6c32f95d2540c1553ebd3c05cc7fedbd8107f754aee
x-tt-trace-id: 00-25010602280181E940CD30CA4E824A37-46603D7F8635FB83-00
X-Origin-Response-Time: 47,23.52.15.173
X-Akamai-Request-ID: 3e7ebe6.17b9de61
Expires: Mon, 06 Jan 2025 02:28:01 GMT
Cache-Control: max-age=0, no-cache, no-store
Pragma: no-cache
Date: Mon, 06 Jan 2025 02:28:01 GMT
X-Cache: TCP_MISS from a95-101-134-116.deploy.akamaitechnologies.com (AkamaiGHost/11.7.2.1-9611f29bef89eba7b18045b10aa2af98) (-)
Connection: close
X-Cache-Remote: TCP_MISS from a23-52-15-173.deploy.akamaitechnologies.com (AkamaiGHost/11.7.2.1-9611f29bef89eba7b18045b10aa2af98) (-)
x-tt-trace-tag: id=16;cdn-cache=miss;type=dyn
Server-Timing: cdn-cache; desc=MISS, edge; dur=248, origin; dur=47
Server-Timing: inner; dur=35
X-Parent-Response-Time: 294,95.101.134.116

{"code": 0, "message": "OK", "request_id": "2025010602280181E940CD30CA4E824A37", "data": {}}
2025-01-06T02:28:02+00:00 DEBUG POST: https://business-api.tiktok.com/open_api/v1.3/event/track/

{"partner_name":"WooCommerce","event_source":"web","event_source_id":"CSM79Q3C77UAG1T340I0","data":[{"event":"Pageview","event_id":"677b3fb21fd6e_tt4b_woocommerce_670666209cf1f","event_time":1736130482,"user":{"ip":"66.249.66.167","user_agent":"Mozilla\/5.0 (Linux; Android 6.0.1; Nexus 5X Build\/MMB29P) AppleWebKit\/537.36 (KHTML, like Gecko) Chrome\/131.0.6778.204 Mobile Safari\/537.36 (compatible; Googlebot\/2.1; +http:\/\/www.google.com\/bot.html)","locale":"ar","external_id":"0","email":"e3b0c44298fc1c149afbf4c8996fb92427ae41e4649b934ca495991b7852b855","phone_number":"e3b0c44298fc1c149afbf4c8996fb92427ae41e4649b934ca495991b7852b855","first_name":"e3b0c44298fc1c149afbf4c8996fb92427ae41e4649b934ca495991b7852b855","last_name":"e3b0c44298fc1c149afbf4c8996fb92427ae41e4649b934ca495991b7852b855","zip_code":"e3b0c44298fc1c149afbf4c8996fb92427ae41e4649b934ca495991b7852b855"},"page":{"url":"http:\/\/www.ibn-sinaa.com\/en\/product\/%D8%B8%D8%B1%D9%81-dl\/feed\/"}}]}
 ajax: no
2025-01-06T02:28:02+00:00 DEBUG Tt4b_Mapi_Class::mapi_post: Response: 

HTTP/1.1 200 OK
Server: nginx
Content-Type: application/json
Content-Length: 92
X-Tt-Logid: 2025010602280226FC10012036A7B1BECD
Server-Timing: inner; dur=60
x-tt-trace-host: 018e5a586174a888928d793bdac74b79b51a437ee89a1c03eb2011d034a2e3e9f599e0410087f5bd26f87cd31aca29262bde61dbc7097abc0a6130ec7288b7c4f10da98f93223724227d5ec526bfde49a2091c3438ce8dc0c259c5570185acc664
x-tt-trace-id: 00-25010602280226FC10012036A7B1BECD-332F412657E5E425-00
Expires: Mon, 06 Jan 2025 02:28:02 GMT
Cache-Control: max-age=0, no-cache, no-store
Pragma: no-cache
Date: Mon, 06 Jan 2025 02:28:02 GMT
X-Cache: TCP_MISS from a95-101-134-92.deploy.akamaitechnologies.com (AkamaiGHost/11.7.2.1-9611f29bef89eba7b18045b10aa2af98) (-)
Connection: close
x-tt-trace-tag: id=16;cdn-cache=miss;type=dyn
Server-Timing: cdn-cache; desc=MISS, edge; dur=1, origin; dur=142
X-Origin-Response-Time: 142,95.101.134.92
X-Akamai-Request-ID: 1ac9580d

{"code": 0, "message": "OK", "request_id": "2025010602280226FC10012036A7B1BECD", "data": {}}
2025-01-06T02:31:12+00:00 DEBUG POST: https://business-api.tiktok.com/open_api/v1.3/event/track/

{"partner_name":"WooCommerce","event_source":"web","event_source_id":"CSM79Q3C77UAG1T340I0","data":[{"event":"Pageview","event_id":"677b4070135c1_tt4b_woocommerce_670666209cf1f","event_time":1736130672,"user":{"ip":"66.249.66.167","user_agent":"Mozilla\/5.0 (Linux; Android 6.0.1; Nexus 5X Build\/MMB29P) AppleWebKit\/537.36 (KHTML, like Gecko) Chrome\/131.0.6778.204 Mobile Safari\/537.36 (compatible; Googlebot\/2.1; +http:\/\/www.google.com\/bot.html)","locale":"ar","external_id":"0","email":"e3b0c44298fc1c149afbf4c8996fb92427ae41e4649b934ca495991b7852b855","phone_number":"e3b0c44298fc1c149afbf4c8996fb92427ae41e4649b934ca495991b7852b855","first_name":"e3b0c44298fc1c149afbf4c8996fb92427ae41e4649b934ca495991b7852b855","last_name":"e3b0c44298fc1c149afbf4c8996fb92427ae41e4649b934ca495991b7852b855","zip_code":"e3b0c44298fc1c149afbf4c8996fb92427ae41e4649b934ca495991b7852b855"},"page":{"url":"http:\/\/www.ibn-sinaa.com\/en\/product\/%D9%85%D8%AC%D9%85%D9%88%D8%B9%D8%A9-%D8%A7%D9%84%D9%85%D8%B9%D9%84%D9%85\/feed\/"}}]}
 ajax: no
2025-01-06T02:31:12+00:00 DEBUG Tt4b_Mapi_Class::mapi_post: Response: 

HTTP/1.1 200 OK
Server: nginx
Content-Type: application/json
Content-Length: 92
X-Tt-Logid: 20250106023112D517A6EA955C79FA8D45
x-tt-trace-host: 018e5a586174a888928d793bdac74b79b519a86797e72c2eba011e03e23beee17de446d1e39d1f2cd35e8a370ff9fc489b98a55556236e52a92d3278e3064c5b334cb93c14368ad502181315593d4b608b3fc59edc98d2146f937303458a0bbbba18698fe4de5108b7d6aa040d1bd05e21
x-tt-trace-id: 00-250106023112D517A6EA955C79FA8D45-4C370B2D52591CF2-00
X-Origin-Response-Time: 34,23.52.15.171
X-Akamai-Request-ID: 8dc84d42.17bcf8a0
Expires: Mon, 06 Jan 2025 02:31:12 GMT
Cache-Control: max-age=0, no-cache, no-store
Pragma: no-cache
Date: Mon, 06 Jan 2025 02:31:12 GMT
X-Cache: TCP_MISS from a95-101-134-116.deploy.akamaitechnologies.com (AkamaiGHost/11.7.2.1-9611f29bef89eba7b18045b10aa2af98) (-)
Connection: close
X-Cache-Remote: TCP_MISS from a23-52-15-171.deploy.akamaitechnologies.com (AkamaiGHost/11.7.2.1-9611f29bef89eba7b18045b10aa2af98) (-)
x-tt-trace-tag: id=16;cdn-cache=miss;type=dyn
Server-Timing: cdn-cache; desc=MISS, edge; dur=95, origin; dur=33
Server-Timing: inner; dur=28
X-Parent-Response-Time: 128,95.101.134.116

{"code": 0, "message": "OK", "request_id": "20250106023112D517A6EA955C79FA8D45", "data": {}}
2025-01-06T02:31:20+00:00 DEBUG POST: https://business-api.tiktok.com/open_api/v1.3/event/track/

{"partner_name":"WooCommerce","event_source":"web","event_source_id":"CSM79Q3C77UAG1T340I0","data":[{"event":"Pageview","event_id":"677b40785290d_tt4b_woocommerce_670666209cf1f","event_time":1736130680,"user":{"ip":"66.249.66.166","user_agent":"Mozilla\/5.0 (Linux; Android 6.0.1; Nexu