2024-12-31T00:02:52+00:00 DEBUG POST: https://business-api.tiktok.com/open_api/v1.3/event/track/

{"partner_name":"WooCommerce","event_source":"web","event_source_id":"CSM79Q3C77UAG1T340I0","data":[{"event":"Pageview","event_id":"677334ac90a80_tt4b_woocommerce_670666209cf1f","event_time":1735603372,"user":{"ip":"51.222.253.15","user_agent":"Mozilla\/5.0 (compatible; AhrefsBot\/7.0; +http:\/\/ahrefs.com\/robot\/)","locale":"ar","external_id":"0","email":"e3b0c44298fc1c149afbf4c8996fb92427ae41e4649b934ca495991b7852b855","phone_number":"e3b0c44298fc1c149afbf4c8996fb92427ae41e4649b934ca495991b7852b855","first_name":"e3b0c44298fc1c149afbf4c8996fb92427ae41e4649b934ca495991b7852b855","last_name":"e3b0c44298fc1c149afbf4c8996fb92427ae41e4649b934ca495991b7852b855","zip_code":"e3b0c44298fc1c149afbf4c8996fb92427ae41e4649b934ca495991b7852b855"},"page":{"url":"http:\/\/www.ibn-sinaa.com\/faq\/"}}]}
 ajax: no
2024-12-31T00:02:52+00:00 DEBUG Tt4b_Mapi_Class::mapi_post: Response: 

HTTP/1.1 200 OK
Server: nginx
Content-Type: application/json
Content-Length: 92
X-Tt-Logid: 20241231000252D50FC3DF2640D33EC31A
Server-Timing: inner; dur=30
x-tt-trace-host: 018e5a586174a888928d793bdac74b79b51a437ee89a1c03eb2011d034a2e3e9f5c5baf292b2e0b24097e66c60c2ac3109b85514c8c39feff3b6511a258eb516d0cf7373c20e3f3be3e2d7cad31cfd13a4ec61462f06915dadbfeaa959ead17191
x-tt-trace-id: 00-241231000252D50FC3DF2640D33EC31A-362C76E42E47FE78-00
Expires: Tue, 31 Dec 2024 00:02:52 GMT
Cache-Control: max-age=0, no-cache, no-store
Pragma: no-cache
Date: Tue, 31 Dec 2024 00:02:52 GMT
X-Cache: TCP_MISS from a95-101-134-92.deploy.akamaitechnologies.com (AkamaiGHost/11.7.2.1-9611f29bef89eba7b18045b10aa2af98) (-)
Connection: close
x-tt-trace-tag: id=16;cdn-cache=miss;type=dyn
Server-Timing: cdn-cache; desc=MISS, edge; dur=2, origin; dur=112
X-Origin-Response-Time: 112,95.101.134.92
X-Akamai-Request-ID: 695af0a

{"code": 0, "message": "OK", "request_id": "20241231000252D50FC3DF2640D33EC31A", "data": {}}
2024-12-31T00:04:16+00:00 DEBUG POST: https://business-api.tiktok.com/open_api/v1.3/event/track/

{"partner_name":"WooCommerce","event_source":"web","event_source_id":"CSM79Q3C77UAG1T340I0","data":[{"event":"Pageview","event_id":"6773350051e1d_tt4b_woocommerce_670666209cf1f","event_time":1735603456,"user":{"ip":"62.210.13.154","user_agent":"WP Rocket\/Preload","locale":"ar","external_id":"0","email":"e3b0c44298fc1c149afbf4c8996fb92427ae41e4649b934ca495991b7852b855","phone_number":"e3b0c44298fc1c149afbf4c8996fb92427ae41e4649b934ca495991b7852b855","first_name":"e3b0c44298fc1c149afbf4c8996fb92427ae41e4649b934ca495991b7852b855","last_name":"e3b0c44298fc1c149afbf4c8996fb92427ae41e4649b934ca495991b7852b855","zip_code":"e3b0c44298fc1c149afbf4c8996fb92427ae41e4649b934ca495991b7852b855"},"page":{"url":"http:\/\/www.ibn-sinaa.com\/blog\/"}}]}
 ajax: no
2024-12-31T00:04:16+00:00 DEBUG Tt4b_Mapi_Class::mapi_post: Response: 

HTTP/1.1 200 OK
Server: nginx
Content-Type: application/json
Content-Length: 92
X-Tt-Logid: 202412310004161CE9978E9F611BDBD50D
x-tt-trace-host: 018e5a586174a888928d793bdac74b79b56517d7628cf0ffdff56b078ad2cf5615b62bc9e4a45ce406dcb9b3cbed1ca36b9531ee2e7a5b0dff87fcbc33e663da8271fc8a53dfc8493780c79b230dbffbd3d85384fe064d034dc107ac5e83538cffe6d3de5e178f6acef98fb489d8bb34ad
x-tt-trace-id: 00-2412310004161CE9978E9F611BDBD50D-690BFC137E49C063-00
X-Origin-Response-Time: 24,23.218.219.37
X-Akamai-Request-ID: 6216bcc1.699c6a6
Expires: Tue, 31 Dec 2024 00:04:16 GMT
Cache-Control: max-age=0, no-cache, no-store
Pragma: no-cache
Date: Tue, 31 Dec 2024 00:04:16 GMT
X-Cache: TCP_MISS from a95-101-134-92.deploy.akamaitechnologies.com (AkamaiGHost/11.7.2.1-9611f29bef89eba7b18045b10aa2af98) (-)
Connection: close
X-Cache-Remote: TCP_MISS from a23-218-219-37.deploy.akamaitechnologies.com (AkamaiGHost/11.7.2.1-9611f29bef89eba7b18045b10aa2af98) (-)
x-tt-trace-tag: id=16;cdn-cache=miss;type=dyn
Server-Timing: cdn-cache; desc=MISS, edge; dur=83, origin; dur=24
Server-Timing: inner; dur=21
X-Parent-Response-Time: 106,95.101.134.92

{"code": 0, "message": "OK", "request_id": "202412310004161CE9978E9F611BDBD50D", "data": {}}
2024-12-31T00:04:20+00:00 DEBUG POST: https://business-api.tiktok.com/open_api/v1.3/event/track/

{"partner_name":"WooCommerce","event_source":"web","event_source_id":"CSM79Q3C77UAG1T340I0","data":[{"event":"Pageview","event_id":"6773350473da4_tt4b_woocommerce_670666209cf1f","event_time":1735603460,"user":{"ip":"62.210.13.154","user_agent":"WP Rocket\/Preload","locale":"ar","external_id":"0","email":"e3b0c44298fc1c149afbf4c8996fb92427ae41e4649b934ca495991b7852b855","phone_number":"e3b0c44298fc1c149afbf4c8996fb92427ae41e4649b934ca495991b7852b855","first_name":"e3b0c44298fc1c149afbf4c8996fb92427ae41e4649b934ca495991b7852b855","last_name":"e3b0c44298fc1c149afbf4c8996fb92427ae41e4649b934ca495991b7852b855","zip_code":"e3b0c44298fc1c149afbf4c8996fb92427ae41e4649b934ca495991b7852b855"},"page":{"url":"http:\/\/www.ibn-sinaa.com\/product\/school-records-physical-education\/"}}]}
 ajax: no
2024-12-31T00:04:20+00:00 DEBUG Tt4b_Mapi_Class::mapi_post: Response: 

HTTP/1.1 200 OK
Server: nginx
Content-Type: application/json
Content-Length: 92
X-Tt-Logid: 202412310004200C23770F6529E64F7977
Server-Timing: inner; dur=28
x-tt-trace-host: 018e5a586174a888928d793bdac74b79b51a437ee89a1c03eb2011d034a2e3e9f540775cda537d53eae5fc30d0cf60f8a2f605952d7ad48bf51aa16c9e16d5b9f202fe8f7946c936000872f45643309c489b8456d242df4e9e94dd9260ff1db7e1
x-tt-trace-id: 00-2412310004200C23770F6529E64F7977-529B2F861537B0A2-00
Expires: Tue, 31 Dec 2024 00:04:20 GMT
Cache-Control: max-age=0, no-cache, no-store
Pragma: no-cache
Date: Tue, 31 Dec 2024 00:04:20 GMT
X-Cache: TCP_MISS from a95-101-134-92.deploy.akamaitechnologies.com (AkamaiGHost/11.7.2.1-9611f29bef89eba7b18045b10aa2af98) (-)
Connection: close
x-tt-trace-tag: id=16;cdn-cache=miss;type=dyn
Server-Timing: cdn-cache; desc=MISS, edge; dur=1, origin; dur=110
X-Origin-Response-Time: 111,95.101.134.92
X-Akamai-Request-ID: 699f8f0

{"code": 0, "message": "OK", "request_id": "202412310004200C23770F6529E64F7977", "data": {}}
2024-12-31T00:04:20+00:00 DEBUG Tt4b_Pixel_Class::inject_view_content_event: hit ViewContent
2024-12-31T00:04:20+00:00 DEBUG POST: https://business-api.tiktok.com/open_api/v1.3/event/track/

{"partner_name":"WooCommerce","event_source":"web","event_source_id":"CSM79Q3C77UAG1T340I0","data":[{"event":"ViewContent","event_id":"67733504d5231_tt4b_woocommerce_670666209cf1f_4097","event_time":1735603460,"user":{"ip":"62.210.13.154","user_agent":"WP Rocket\/Preload","locale":"ar","external_id":"0","email":"e3b0c44298fc1c149afbf4c8996fb92427ae41e4649b934ca495991b7852b855","phone_number":"e3b0c44298fc1c149afbf4c8996fb92427ae41e4649b934ca495991b7852b855","first_name":"e3b0c44298fc1c149afbf4c8996fb92427ae41e4649b934ca495991b7852b855","last_name":"e3b0c44298fc1c149afbf4c8996fb92427ae41e4649b934ca495991b7852b855","zip_code":"e3b0c44298fc1c149afbf4c8996fb92427ae41e4649b934ca495991b7852b855"},"properties":{"contents":[{"price":65,"quantity":1,"content_id":"4097","content_name":"\u0633\u062c\u0644\u0627\u062a \u0645\u0627\u062f\u0629 \u0627\u0644\u062a\u0631\u0628\u064a\u0629 \u0627\u0644\u0628\u062f\u0646\u064a\u0629","description":". \u0637\u0628\u0627\u0639\u0647 \u0633\u062c\u0644\u0627\u062a \u0645\u062f\u0631\u0633\u064a\u0629 \u0627\u062d\u062a\u0631\u0627\u0641\u064a\u0629 \u062e\u0627\u0645\u062a\u0647\u0627 \u0643\u0631\u062a\u0648\u0646 2000 \u062c\u0631\u0627\u0645,\u062a\u0636\u0627\u0641 \u0637\u0628\u0642\u0629 \u062d\u0645\u0627\u064a\u0647 \u0627\u0633\u062a\u064a\u0643\u0631 \u0645\u0639 \u0633\u0644\u0648\u0641\u0627\u0646 \u0644\u0627\u0645\u0639.\r\n. \u0645\u062a\u0648\u0641\u0631 \u0628 \u0627\u062d\u062c\u0627\u0645 \u0645\u062e\u062a\u0644\u0641\u0647 ( \u0635\u063a\u064a\u0631, \u0648\u0633\u0637 , \u0643\u0628\u064a\u0631 ).\r\n. \u064a\u062a\u0633\u0639 \u0627\u0644\u0645\u0642\u0627\u0633 \u0627\u0644\u0635\u063a\u064a\u0631 ( \u0645\u0646 50 \u0627\u0644\u0649 150 \u0648\u0631\u0642\u0629 )\r\n. \u064a\u062a\u0633\u0639 \u0627\u0644\u0648\u0633\u0637 ( \u0645\u0646 150 \u0627\u0644\u0649 300 \u0648\u0631\u0642\u0629 )\r\n. \u0627\u0644\u0643\u0628\u064a\u0631 ( \u0645\u0646 300 \u0627\u0644\u0649 400 \u0648\u0631\u0642\u0629 ).\r\n. \u0645\u062f\u0629 \u0627\u0644\u062a\u0646\u0641\u064a\u0630 : 3-5 \u0627\u064a\u0627\u0645 \u0648\u062a\u0632\u064a\u062f \u0627\u0644\u0645\u062f\u0629 \u0639\u0646 \u0637\u0644\u0628 \u0627\u0644\u0634\u062d\u0646.","availability":"IN_STOCK","sale_price":65,"on_sale":false}],"content_type":"product","currency":"SAR","value":65,"event_trigger_source":"WooCommerce"},"page":{"url":"http:\/\/www.ibn-sinaa.com\/product\/school-records-physical-education\/"}}]}
 ajax: no
2024-12-31T00:04:21+00:00 DEBUG Tt4b_Mapi_Class::mapi_post: Response: 

HTTP/1.1 200 OK
Server: nginx
Content-Type: application/json
Content-Length: 92
X-Tt-Logid: 20241231000420D839CCA88BD3DD2161E5
x-tt-trace-host: 018e5a586174a888928d793bdac74b79b519a86797e72c2eba011e03e23beee17d68d1eb4e7321620aa7d45e65d264cab7132c007364f14585d84b8aebc00f4752bb97d31e0b9174a001455464475fcff1ba1fd850db19349a5e9fb442019cc22967d725e5d4802ceebf9cb44ceffbed0f
x-tt-trace-id: 00-241231000420D839CCA88BD3DD2161E5-5E08B04B80FB0CC4-00
X-Origin-Response-Time: 36,23.32.17.22
X-Akamai-Request-ID: 2bee8f43.687f5f6
Expires: Tue, 31 Dec 2024 00:04:21 GMT
Cache-Control: max-age=0, no-cache, no-store
Pragma: no-cache
Date: Tue, 31 Dec 2024 00:04:21 GMT
X-Cache: TCP_MISS from a95-101-134-116.deploy.akamaitechnologies.com (AkamaiGHost/11.7.2.1-9611f29bef89eba7b18045b10aa2af98) (-)
Connection: close
X-Cache-Remote: TCP_MISS from a23-32-17-22.deploy.akamaitechnologies.com (AkamaiGHost/11.7.2.1-9611f29bef89eba7b18045b10aa2af98) (-)
x-tt-trace-tag: id=16;cdn-cache=miss;type=dyn
Server-Timing: cdn-cache; desc=MISS, edge; dur=81, origin; dur=36
Server-Timing: inner; dur=31
X-Parent-Response-Time: 117,95.101.134.116

{"code": 0, "message": "OK", "request_id": "20241231000420D839CCA88BD3DD2161E5", "data": {}}
2024-12-31T00:04:23+00:00 DEBUG POST: https://business-api.tiktok.com/open_api/v1.3/event/track/

{"partner_name":"WooCommerce","event_source":"web","event_source_id":"CSM79Q3C77UAG1T340I0","data":[{"event":"Pageview","event_id":"6773350790711_tt4b_woocommerce_670666209cf1f","event_time":1735603463,"user":{"ip":"62.210.13.154","user_agent":"WP Rocket\/Preload","locale":"ar","external_id":"0","email":"e3b0c44298fc1c149afbf4c8996fb92427ae41e4649b934ca495991b7852b855","phone_number":"e3b0c44298fc1c149afbf4c8996fb92427ae41e4649b934ca495991b7852b855","first_name":"e3b0c44298fc1c149afbf4c8996fb92427ae41e4649b934ca495991b7852b855","last_name":"e3b0c44298fc1c149afbf4c8996fb92427ae41e4649b934ca495991b7852b855","zip_code":"e3b0c44298fc1c149afbf4c8996fb92427ae41e4649b934ca495991b7852b855"},"page":{"url":"http:\/\/www.ibn-sinaa.com\/our_branches\/"}}]}
 ajax: no
2024-12-31T00:04:23+00:00 DEBUG Tt4b_Mapi_Class::mapi_post: Response: 

HTTP/1.1 200 OK
Server: nginx
Content-Type: application/json
Content-Length: 92
X-Tt-Logid: 202412310004234A9A6C51CFDE0E2F3E20
x-tt-trace-host: 018e5a586174a888928d793bdac74b79b56517d7628cf0ffdff56b078ad2cf56152d05abc66f8329b214a048fffd1cf00c98a60030e9b8763f735bd27cf74c7f97d6b32fde24d916c6a9e1ad3c7847588d706e6b6806f48303f152150e6524fdf053d02abe119297fd15663a249ffd599a
x-tt-trace-id: 00-2412310004234A9A6C51CFDE0E2F3E20-5714BFC16C4A0B06-00
X-Origin-Response-Time: 35,23.218.219.15
X-Akamai-Request-ID: 85950c9.69a1e0f
Expires: Tue, 31 Dec 2024 00:04:23 GMT
Cache-Control: max-age=0, no-cache, no-store
Pragma: no-cache
Date: Tue, 31 Dec 2024 00:04:23 GMT
X-Cache: TCP_MISS from a95-101-134-92.deploy.akamaitechnologies.com (AkamaiGHost/11.7.2.1-9611f29bef89eba7b18045b10aa2af98) (-)
Connection: close
X-Cache-Remote: TCP_MISS from a23-218-219-15.deploy.akamaitechnologies.com (AkamaiGHost/11.7.2.1-9611f29bef89eba7b18045b10aa2af98) (-)
x-tt-trace-tag: id=16;cdn-cache=miss;type=dyn
Server-Timing: cdn-cache; desc=MISS, edge; dur=81, origin; dur=35
Server-Timing: inner; dur=30
X-Parent-Response-Time: 116,95.101.134.92

{"code": 0, "message": "OK", "request_id": "202412310004234A9A6C51CFDE0E2F3E20", "data": {}}
2024-12-31T00:04:25+00:00 DEBUG POST: https://business-api.tiktok.com/open_api/v1.3/event/track/

{"partner_name":"WooCommerce","event_source":"web","event_source_id":"CSM79Q3C77UAG1T340I0","data":[{"event":"Pageview","event_id":"67733509e45dd_tt4b_woocommerce_670666209cf1f","event_time":1735603465,"user":{"ip":"62.210.13.154","user_agent":"WP Rocket\/Preload","locale":"ar","external_id":"0","email":"e3b0c44298fc1c149afbf4c8996fb92427ae41e4649b934ca495991b7852b855","phone_number":"e3b0c44298fc1c149afbf4c8996fb92427ae41e4649b934ca495991b7852b855","first_name":"e3b0c44298fc1c149afbf4c8996fb92427ae41e4649b934ca495991b7852b855","last_name":"e3b0c44298fc1c149afbf4c8996fb92427ae41e4649b934ca495991b7852b855","zip_code":"e3b0c44298fc1c149afbf4c8996fb92427ae41e4649b934ca495991b7852b855"},"page":{"url":"http:\/\/www.ibn-sinaa.com\/product\/school-mathematics-records\/"}}]}
 ajax: no
2024-12-31T00:04:26+00:00 DEBUG Tt4b_Mapi_Class::mapi_post: Response: 

HTTP/1.1 200 OK
Server: nginx
Content-Type: application/json
Content-Length: 92
X-Tt-Logid: 202412310004260C3688F9D78F4258CA8F
Server-Timing: inner; dur=25
x-tt-trace-host: 018e5a586174a888928d793bdac74b79b520593bf434961dbceff88e4b17f9a1561cf0a0fcd7ca9b60893a379f7a032501b5fc57a90d331e0a5ed5db49888db71a4752368a486a2f1192613b37dcca6e8cc1a6a91b52cf56407cc6a21e5b420a00
x-tt-trace-id: 00-2412310004260C3688F9D78F4258CA8F-7A2CD82B2845969F-00
Expires: Tue, 31 Dec 2024 00:04:26 GMT
Cache-Control: max-age=0, no-cache, no-store
Pragma: no-cache
Date: Tue, 31 Dec 2024 00:04:26 GMT
X-Cache: TCP_MISS from a95-101-134-116.deploy.akamaitechnologies.com (AkamaiGHost/11.7.2.1-9611f29bef89eba7b18045b10aa2af98) (-)
Connection: close
x-tt-trace-tag: id=16;cdn-cache=miss;type=dyn
Server-Timing: cdn-cache; desc=MISS, edge; dur=0, origin; dur=108
X-Origin-Response-Time: 108,95.101.134.116
X-Akamai-Request-ID: 68823b6

{"code": 0, "message": "OK", "request_id": "202412310004260C3688F9D78F4258CA8F", "data": {}}
2024-12-31T00:04:26+00:00 DEBUG Tt4b_Pixel_Class::inject_view_content_event: hit ViewContent
2024-12-31T00:04:26+00:00 DEBUG POST: https://business-api.tiktok.com/open_api/v1.3/event/track/

{"partner_name":"WooCommerce","event_source":"web","event_source_id":"CSM79Q3C77UAG1T340I0","data":[{"event":"ViewContent","event_id":"6773350a393b0_tt4b_woocommerce_670666209cf1f_4187","event_time":1735603466,"user":{"ip":"62.210.13.154","user_agent":"WP Rocket\/Preload","locale":"ar","external_id":"0","email":"e3b0c44298fc1c149afbf4c8996fb92427ae41e4649b934ca495991b7852b855","phone_number":"e3b0c44298fc1c149afbf4c8996fb92427ae41e4649b934ca495991b7852b855","first_name":"e3b0c44298fc1c149afbf4c8996fb92427ae41e4649b934ca495991b7852b855","last_name":"e3b0c44298fc1c149afbf4c8996fb92427ae41e4649b934ca495991b7852b855","zip_code":"e3b0c44298fc1c149afbf4c8996fb92427ae41e4649b934ca495991b7852b855"},"properties":{"contents":[{"price":65,"quantity":1,"content_id":"4187","content_name":"\u0633\u062c\u0644\u0627\u062a \u0645\u0627\u062f\u0629 \u0627\u0644\u0631\u064a\u0627\u0636\u064a\u0627\u062a","description":". \u0637\u0628\u0627\u0639\u0647 \u0633\u062c\u0644\u0627\u062a \u0645\u062f\u0631\u0633\u064a\u0629 \u0627\u062d\u062a\u0631\u0627\u0641\u064a\u0629 \u062e\u0627\u0645\u062a\u0647\u0627 \u0643\u0631\u062a\u0648\u0646 2000 \u062c\u0631\u0627\u0645,\u062a\u0636\u0627\u0641 \u0637\u0628\u0642\u0629 \u062d\u0645\u0627\u064a\u0647 \u0627\u0633\u062a\u064a\u0643\u0631 \u0645\u0639 \u0633\u0644\u0648\u0641\u0627\u0646 \u0644\u0627\u0645\u0639.\r\n. \u0645\u062a\u0648\u0641\u0631 \u0628 \u0627\u062d\u062c\u0627\u0645 \u0645\u062e\u062a\u0644\u0641\u0647 ( \u0635\u063a\u064a\u0631, \u0648\u0633\u0637 , \u0643\u0628\u064a\u0631 ).\r\n. \u064a\u062a\u0633\u0639 \u0627\u0644\u0645\u0642\u0627\u0633 \u0627\u0644\u0635\u063a\u064a\u0631 ( \u0645\u0646 50 \u0627\u0644\u0649 150 \u0648\u0631\u0642\u0629 )\r\n. \u064a\u062a\u0633\u0639 \u0627\u0644\u0648\u0633\u0637 ( \u0645\u0646 150 \u0627\u0644\u0649 300 \u0648\u0631\u0642\u0629 )\r\n. \u0627\u0644\u0643\u0628\u064a\u0631 ( \u0645\u0646 300 \u0627\u0644\u0649 400 \u0648\u0631\u0642\u0629 ).\r\n. \u0645\u062f\u0629 \u0627\u0644\u062a\u0646\u0641\u064a\u0630 : 3-5 \u0627\u064a\u0627\u0645 \u0648\u062a\u0632\u064a\u062f \u0627\u0644\u0645\u062f\u0629 \u0639\u0646 \u0637\u0644\u0628 \u0627\u0644\u0634\u062d\u0646.","availability":"IN_STOCK","sale_price":65,"on_sale":false}],"content_type":"product","currency":"SAR","value":65,"event_trigger_source":"WooCommerce"},"page":{"url":"http:\/\/www.ibn-sinaa.com\/product\/school-mathematics-records\/"}}]}
 ajax: no
2024-12-31T00:04:26+00:00 DEBUG Tt4b_Mapi_Class::mapi_post: Response: 

HTTP/1.1 200 OK
Server: nginx
Content-Type: application/json
Content-Length: 92
X-Tt-Logid: 202412310004261CE9978E9F611BDBD661
x-tt-trace-host: 018e5a586174a888928d793bdac74b79b56517d7628cf0ffdff56b078ad2cf5615b62bc9e4a45ce406dcb9b3cbed1ca36b9531ee2e7a5b0dff87fcbc33e663da821d0114d155ec7c80a83d62ded619a0698967c6823351955fd7b43e74577b3c7403f6cc4333e5923d729a47691cb51f26
x-tt-trace-id: 00-2412310004261CE9978E9F611BDBD661-2E905AEB847DEDEC-00
X-Origin-Response-Time: 34,23.218.219.37
X-Akamai-Request-ID: 6217448b.69a3c8c
Expires: Tue, 31 Dec 2024 00:04:26 GMT
Cache-Control: max-age=0, no-cache, no-store
Pragma: no-cache
Date: Tue, 31 Dec 2024 00:04:26 GMT
X-Cache: TCP_MISS from a95-101-134-92.deploy.akamaitechnologies.com (AkamaiGHost/11.7.2.1-9611f29bef89eba7b18045b10aa2af98) (-)
Connection: close
X-Cache-Remote: TCP_MISS from a23-218-219-37.deploy.akamaitechnologies.com (AkamaiGHost/11.7.2.1-9611f29bef89eba7b18045b10aa2af98) (-)
x-tt-trace-tag: id=16;cdn-cache=miss;type=dyn
Server-Timing: cdn-cache; desc=MISS, edge; dur=80, origin; dur=34
Server-Timing: inner; dur=31
X-Parent-Response-Time: 114,95.101.134.92

{"code": 0, "message": "OK", "request_id": "202412310004261CE9978E9F611BDBD661", "data": {}}
2024-12-31T00:04:26+00:00 DEBUG POST: https://business-api.tiktok.com/open_api/v1.3/event/track/

{"partner_name":"WooCommerce","event_source":"web","event_source_id":"CSM79Q3C77UAG1T340I0","data":[{"event":"Pageview","event_id":"6773350aabf13_tt4b_woocommerce_670666209cf1f","event_time":1735603466,"user":{"ip":"62.210.13.154","user_agent":"WP Rocket\/Preload","locale":"ar","external_id":"0","email":"e3b0c44298fc1c149afbf4c8996fb92427ae41e4649b934ca495991b7852b855","phone_number":"e3b0c44298fc1c149afbf4c8996fb92427ae41e4649b934ca495991b7852b855","first_name":"e3b0c44298fc1c149afbf4c8996fb92427ae41e4649b934ca495991b7852b855","last_name":"e3b0c44298fc1c149afbf4c8996fb92427ae41e4649b934ca495991b7852b855","zip_code":"e3b0c44298fc1c149afbf4c8996fb92427ae41e4649b934ca495991b7852b855"},"page":{"url":"http:\/\/www.ibn-sinaa.com\/product\/stand-reception\/"}}]}
 ajax: no
2024-12-31T00:04:26+00:00 DEBUG Tt4b_Mapi_Class::mapi_post: Response: 

HTTP/1.1 200 OK
Server: nginx
Content-Type: application/json
Content-Length: 92
X-Tt-Logid: 20241231000426298E14E0CCF54E1F505A
Server-Timing: inner; dur=32
x-tt-trace-host: 018e5a586174a888928d793bdac74b79b520593bf434961dbceff88e4b17f9a1566d468f5b691e7659a679985a75eb88fd750c3c47494e396e10214e48ff7238a238bcb018a5a4d8aea017c899f170ee9a23914d8f925ee23c7fea6943ea4ea4d5
x-tt-trace-id: 00-241231000426298E14E0CCF54E1F505A-7055FDAA5AC02BCB-00
Expires: Tue, 31 Dec 2024 00:04:26 GMT
Cache-Control: max-age=0, no-cache, no-store
Pragma: no-cache
Date: Tue, 31 Dec 2024 00:04:26 GMT
X-Cache: TCP_MISS from a95-101-134-116.deploy.akamaitechnologies.com (AkamaiGHost/11.7.2.1-9611f29bef89eba7b18045b10aa2af98) (-)
Connection: close
x-tt-trace-tag: id=16;cdn-cache=miss;type=dyn
Server-Timing: cdn-cache; desc=MISS, edge; dur=1, origin; dur=110
X-Origin-Response-Time: 110,95.101.134.116
X-Akamai-Request-ID: 6882a9b

{"code": 0, "message": "OK", "request_id": "20241231000426298E14E0CCF54E1F505A", "data": {}}
2024-12-31T00:04:26+00:00 DEBUG Tt4b_Pixel_Class::inject_view_content_event: hit ViewContent
2024-12-31T00:04:26+00:00 DEBUG POST: https://business-api.tiktok.com/open_api/v1.3/event/track/

{"partner_name":"WooCommerce","event_source":"web","event_source_id":"CSM79Q3C77UAG1T340I0","data":[{"event":"ViewContent","event_id":"6773350af2518_tt4b_woocommerce_670666209cf1f_4237","event_time":1735603466,"user":{"ip":"62.210.13.154","user_agent":"WP Rocket\/Preload","locale":"ar","external_id":"0","email":"e3b0c44298fc1c149afbf4c8996fb92427ae41e4649b934ca495991b7852b855","phone_number":"e3b0c44298fc1c149afbf4c8996fb92427ae41e4649b934ca495991b7852b855","first_name":"e3b0c44298fc1c149afbf4c8996fb92427ae41e4649b934ca495991b7852b855","last_name":"e3b0c44298fc1c149afbf4c8996fb92427ae41e4649b934ca495991b7852b855","zip_code":"e3b0c44298fc1c149afbf4c8996fb92427ae41e4649b934ca495991b7852b855"},"properties":{"contents":[{"price":399,"quantity":1,"content_id":"4237","content_name":"\u0627\u0633\u062a\u0627\u0646\u062f \u0627\u0633\u062a\u0642\u0628\u0627\u0644","description":"\u0637\u0628\u0627\u0639\u0629 \u0627\u0633\u062a\u0627\u0646\u062f \u0627\u0633\u062a\u0642\u0628\u0627\u0644 \u0645\u0646 \u0645\u062a\u062c\u0631 \u0645\u0643\u062a\u0628\u0629 \u0627\u0628\u0646 \u0633\u064a\u0646\u0627 \u0627\u0644\u0625\u0644\u0643\u062a\u0631\u0648\u0646\u064a\u060c \u0645\u0635\u0645\u0645 \u0644\u0625\u0636\u0627\u0641\u0629 \u0644\u0645\u0633\u0629 \u0645\u0646 \u0627\u0644\u0623\u0646\u0627\u0642\u0629 \u0648\u0627\u0644\u0627\u062d\u062a\u0631\u0627\u0641\u064a\u0629 \u0644\u0639\u0631\u0636 \u0645\u0646\u062a\u062c\u0627\u062a\u0643 \u0623\u0648 \u0645\u0648\u0627\u062f\u0643 \u0627\u0644\u0625\u0639\u0644\u0627\u0646\u064a\u0629. \u064a\u062a\u0645\u064a\u0632 \u0647\u0630\u0627 \u0627\u0644\u0627\u0633\u062a\u0627\u0646\u062f \u0628\u062c\u0648\u062f\u0629 \u0639\u0627\u0644\u064a\u0629 \u0648\u062a\u0635\u0645\u064a\u0645 \u0645\u0646\u062d\u0646\u064a \u064a\u0644\u0641\u062a \u0627\u0644\u0623\u0646\u0638\u0627\u0631 \u0648\u064a\u0639\u0632\u0632 \u0645\u0646 \u062c\u0627\u0630\u0628\u064a\u0629 \u0627\u0644\u0639\u0631\u0636","availability":"IN_STOCK","sale_price":399,"on_sale":false}],"content_type":"product","currency":"SAR","value":399,"event_trigger_source":"WooCommerce"},"page":{"url":"http:\/\/www.ibn-sinaa.com\/product\/stand-reception\/"}}]}
 ajax: no
2024-12-31T00:04:27+00:00 DEBUG Tt4b_Mapi_Class::mapi_post: Response: 

HTTP/1.1 200 OK
Server: nginx
Content-Type: application/json
Content-Length: 92
X-Tt-Logid: 20241231000427A818151D7FD2A721E239
x-tt-trace-host: 018e5a586174a888928d793bdac74b79b56517d7628cf0ffdff56b078ad2cf5615b62bc9e4a45ce406dcb9b3cbed1ca36b603929678cc8cea8e459c9ab0114107b56536fa04c07aa0e7036feed2f7368427278c69fc845dd2a0b73e10831b2c58958df2617f9ddd3a730440cd3a79288c1
x-tt-trace-id: 00-241231000427A818151D7FD2A721E239-421006BE42BBD368-00
X-Origin-Response-Time: 44,23.218.219.37
X-Akamai-Request-ID: 6217537d.69a45a1
Expires: Tue, 31 Dec 2024 00:04:27 GMT
Cache-Control: max-age=0, no-cache, no-store
Pragma: no-cache
Date: Tue, 31 Dec 2024 00:04:27 GMT
X-Cache: TCP_MISS from a95-101-134-92.deploy.akamaitechnologies.com (AkamaiGHost/11.7.2.1-9611f29bef89eba7b18045b10aa2af98) (-)
Connection: close
X-Cache-Remote: TCP_MISS from a23-218-219-37.deploy.akamaitechnologies.com (AkamaiGHost/11.7.2.1-9611f29bef89eba7b18045b10aa2af98) (-)
x-tt-trace-tag: id=16;cdn-cache=miss;type=dyn
Server-Timing: cdn-cache; desc=MISS, edge; dur=83, origin; dur=43
Server-Timing: inner; dur=39
X-Parent-Response-Time: 125,95.101.134.92

{"code": 0, "message": "OK", "request_id": "20241231000427A818151D7FD2A721E239", "data": {}}
2024-12-31T00:05:52+00:00 DEBUG POST: https://business-api.tiktok.com/open_api/v1.3/event/track/

{"partner_name":"WooCommerce","event_source":"web","event_source_id":"CSM79Q3C77UAG1T340I0","data":[{"event":"Pageview","event_id":"67733560b3239_tt4b_woocommerce_670666209cf1f","event_time":1735603552,"user":{"ip":"51.222.253.16","user_agent":"Mozilla\/5.0 (compatible; AhrefsBot\/7.0; +http:\/\/ahrefs.com\/robot\/)","locale":"ar","external_id":"0","email":"e3b0c44298fc1c149afbf4c8996fb92427ae41e4649b934ca495991b7852b855","phone_number":"e3b0c44298fc1c149afbf4c8996fb92427ae41e4649b934ca495991b7852b855","first_name":"e3b0c44298fc1c149afbf4c8996fb92427ae41e4649b934ca495991b7852b855","last_name":"e3b0c44298fc1c149afbf4c8996fb92427ae41e4649b934ca495991b7852b855","zip_code":"e3b0c44298fc1c149afbf4c8996fb92427ae41e4649b934ca495991b7852b855"},"page":{"url":"http:\/\/www.ibn-sinaa.com\/product\/gregorian-calendar-gradient\/"}}]}
 ajax: no
2024-12-31T00:05:52+00:00 DEBUG Tt4b_Mapi_Class::mapi_post: Response: 

HTTP/1.1 200 OK
Server: nginx
Content-Type: application/json
Content-Length: 92
X-Tt-Logid: 202412310005520C23770F6529E64F98FE
Server-Timing: inner; dur=33
x-tt-trace-host: 018e5a586174a888928d793bdac74b79b51a437ee89a1c03eb2011d034a2e3e9f540775cda537d53eae5fc30d0cf60f8a2f605952d7ad48bf51aa16c9e16d5b9f2a1a4f47cb9b2310f0b85156539ebb8acff1422ddad8807dfeaf43046e0dd562a
x-tt-trace-id: 00-2412310005520C23770F6529E64F98FE-529B2F861537FB76-00
Expires: Tue, 31 Dec 2024 00:05:52 GMT
Cache-Control: max-age=0, no-cache, no-store
Pragma: no-cache
Date: Tue, 31 Dec 2024 00:05:52 GMT
X-Cache: TCP_MISS from a95-101-134-92.deploy.akamaitechnologies.com (AkamaiGHost/11.7.2.1-9611f29bef89eba7b18045b10aa2af98) (-)
Connection: close
x-tt-trace-tag: id=16;cdn-cache=miss;type=dyn
Server-Timing: cdn-cache; desc=MISS, edge; dur=0, origin; dur=116
X-Origin-Response-Time: 116,95.101.134.92
X-Akamai-Request-ID: 69e3327

{"code": 0, "message": "OK", "request_id": "202412310005520C23770F6529E64F98FE", "data": {}}
2024-12-31T00:05:53+00:00 DEBUG Tt4b_Pixel_Class::inject_view_content_event: hit ViewContent
2024-12-31T00:05:53+00:00 DEBUG POST: https://business-api.tiktok.com/open_api/v1.3/event/track/

{"partner_name":"WooCommerce","event_source":"web","event_source_id":"CSM79Q3C77UAG1T340I0","data":[{"event":"ViewContent","event_id":"67733561097bc_tt4b_woocommerce_670666209cf1f_4442","event_time":1735603553,"user":{"ip":"51.222.253.16","user_agent":"Mozilla\/5.0 (compatible; AhrefsBot\/7.0; +http:\/\/ahrefs.com\/robot\/)","locale":"ar","external_id":"0","email":"e3b0c44298fc1c149afbf4c8996fb92427ae41e4649b934ca495991b7852b855","phone_number":"e3b0c44298fc1c149afbf4c8996fb92427ae41e4649b934ca495991b7852b855","first_name":"e3b0c44298fc1c149afbf4c8996fb92427ae41e4649b934ca495991b7852b855","last_name":"e3b0c44298fc1c149afbf4c8996fb92427ae41e4649b934ca495991b7852b855","zip_code":"e3b0c44298fc1c149afbf4c8996fb92427ae41e4649b934ca495991b7852b855"},"properties":{"contents":[{"price":230,"quantity":1,"content_id":"4442","content_name":"\u062a\u0642\u0648\u064a\u0645 \u0645\u064a\u0644\u0627\u062f\u064a \u0645\u062f\u0631\u062c","description":"\u062a\u0642\u0648\u064a\u0645 \u0645\u064a\u0644\u0627\u062f\u064a \u062e\u0634\u0628: \u062a\u0635\u0645\u064a\u0645 \u0639\u0635\u0631\u064a \u0648\u0623\u0646\u064a\u0642\u060c \u0645\u0635\u0646\u0648\u0639 \u0645\u0646 \u0627\u0644\u062c\u0644\u062f \u0627\u0644\u0645\u062a\u064a\u0646 \u0628\u0648\u0636\u0648\u062d \u0627\u0633\u062a\u062b\u0646\u0627\u0626\u064a \u0644\u0644\u0643\u062a\u0627\u0628\u0629 \u0648\u0627\u0644\u0631\u0624\u064a\u0629\u060c \u064a\u0636\u064a\u0641 \u0644\u0645\u0633\u0629 \u0645\u0646 \u0627\u0644\u0641\u062e\u0627\u0645\u0629 \u0648\u0627\u0644\u062a\u0646\u0638\u064a\u0645 \u0644\u0645\u0643\u062a\u0628\u0643. \u0645\u062b\u0627\u0644\u064a \u0644\u062a\u0646\u0638\u064a\u0645 \u0627\u0644\u0645\u0648\u0627\u0639\u064a\u062f \u0648\u0627\u0644\u0627\u062c\u062a\u0645\u0627\u0639\u0627\u062a\u060c \u0648\u064a\u0636\u0641\u064a \u062c\u0627\u0630\u0628\u064a\u0629 \u0639\u0644\u0649 \u0645\u0633\u0627\u062d\u0629 \u0627\u0644\u0639\u0645\u0644 \u0627\u0644\u062e\u0627\u0635\u0629 \u0628\u0643.","availability":"IN_STOCK","sale_price":230,"on_sale":false}],"content_type":"product","currency":"SAR","value":230,"event_trigger_source":"WooCommerce"},"page":{"url":"http:\/\/www.ibn-sinaa.com\/product\/gregorian-calendar-gradient\/"}}]}
 ajax: no
2024-12-31T00:05:53+00:00 DEBUG Tt4b_Mapi_Class::mapi_post: Response: 

HTTP/1.1 200 OK
Server: nginx
Content-Type: application/json
Content-Length: 92
X-Tt-Logid: 202412310005530C3688F9D78F4258D785
Server-Timing: inner; dur=27
x-tt-trace-host: 018e5a586174a888928d793bdac74b79b520593bf434961dbceff88e4b17f9a1561cf0a0fcd7ca9b60893a379f7a032501bca642adafb8f1a37f32e8afe073b70d87cdb58f08f4175cca0f6a7b5e9622377ac77049a987ca984b14e008a69e4a22
x-tt-trace-id: 00-2412310005530C3688F9D78F4258D785-78B74AE852817DE1-00
Expires: Tue, 31 Dec 2024 00:05:53 GMT
Cache-Control: max-age=0, no-cache, no-store
Pragma: no-cache
Date: Tue, 31 Dec 2024 00:05:53 GMT
X-Cache: TCP_MISS from a95-101-134-116.deploy.akamaitechnologies.com (AkamaiGHost/11.7.2.1-9611f29bef89eba7b18045b10aa2af98) (-)
Connection: close
x-tt-trace-tag: id=16;cdn-cache=miss;type=dyn
Server-Timing: cdn-cache; desc=MISS, edge; dur=1, origin; dur=110
X-Origin-Response-Time: 111,95.101.134.116
X-Akamai-Request-ID: 68b0853

{"code": 0, "message": "OK", "request_id": "202412310005530C3688F9D78F4258D785", "data": {}}
2024-12-31T00:06:00+00:00 DEBUG POST: https://business-api.tiktok.com/open_api/v1.3/event/track/

{"partner_name":"WooCommerce","event_source":"web","event_source_id":"CSM79Q3C77UAG1T340I0","data":[{"event":"Pageview","event_id":"677335680130e_tt4b_woocommerce_670666209cf1f","event_time":1735603560,"user":{"ip":"62.210.13.154","user_agent":"WP Rocket\/Preload","locale":"ar","external_id":"0","email":"e3b0c44298fc1c149afbf4c8996fb92427ae41e4649b934ca495991b7852b855","phone_number":"e3b0c44298fc1c149afbf4c8996fb92427ae41e4649b934ca495991b7852b855","first_name":"e3b0c44298fc1c149afbf4c8996fb92427ae41e4649b934ca495991b7852b855","last_name":"e3b0c44298fc1c149afbf4c8996fb92427ae41e4649b934ca495991b7852b855","zip_code":"e3b0c44298fc1c149afbf4c8996fb92427ae41e4649b934ca495991b7852b855"},"page":{"url":"http:\/\/www.ibn-sinaa.com\/tag\/%D8%B7%D8%A8%D8%A7%D8%B9%D8%A9-%D8%B9%D8%A7%D9%84%D9%8A%D8%A9-%D8%A7%D9%84%D8%AC%D9%88%D8%AF%D8%A9\/"}}]}
 ajax: no
2024-12-31T00:06:00+00:00 DEBUG Tt4b_Mapi_Class::mapi_post: Response: 

HTTP/1.1 200 OK
Server: nginx
Content-Type: application/json
Content-Length: 92
X-Tt-Logid: 202412310006004E971F4D3824DF4A0E42
Server-Timing: inner; dur=25
x-tt-trace-host: 018e5a586174a888928d793bdac74b79b520593bf434961dbceff88e4b17f9a156233d948851cbce1835590fb1b256a67bdf78390feaa389d82f40d43a1be95f9fe71351e50859dbd9ab513087b2d00cd6587d029bf6537d9fb84a2faa28c83ba1
x-tt-trace-id: 00-2412310006004E971F4D3824DF4A0E42-259CB47B53F387B9-00
Expires: Tue, 31 Dec 2024 00:06:00 GMT
Cache-Control: max-age=0, no-cache, no-store
Pragma: no-cache
Date: Tue, 31 Dec 2024 00:06:00 GMT
X-Cache: TCP_MISS from a95-101-134-116.deploy.akamaitechnologies.com (AkamaiGHost/11.7.2.1-9611f29bef89eba7b18045b10aa2af98) (-)
Connection: close
x-tt-trace-tag: id=16;cdn-cache=miss;type=dyn
Server-Timing: cdn-cache; desc=MISS, edge; dur=0, origin; dur=108
X-Origin-Response-Time: 108,95.101.134.116
X-Akamai-Request-ID: 68b42e0

{"code": 0, "message": "OK", "request_id": "202412310006004E971F4D3824DF4A0E42", "data": {}}
2024-12-31T00:06:04+00:00 DEBUG POST: https://business-api.tiktok.com/open_api/v1.3/event/track/

{"partner_name":"WooCommerce","event_source":"web","event_source_id":"CSM79Q3C77UAG1T340I0","data":[{"event":"Pageview","event_id":"6773356c8d4a0_tt4b_woocommerce_670666209cf1f","event_time":1735603564,"user":{"ip":"62.210.13.154","user_agent":"WP Rocket\/Preload","locale":"ar","external_id":"0","email":"e3b0c44298fc1c149afbf4c8996fb92427ae41e4649b934ca495991b7852b855","phone_number":"e3b0c44298fc1c149afbf4c8996fb92427ae41e4649b934ca495991b7852b855","first_name":"e3b0c44298fc1c149afbf4c8996fb92427ae41e4649b934ca495991b7852b855","last_name":"e3b0c44298fc1c149afbf4c8996fb92427ae41e4649b934ca495991b7852b855","zip_code":"e3b0c44298fc1c149afbf4c8996fb92427ae41e4649b934ca495991b7852b855"},"page":{"url":"http:\/\/www.ibn-sinaa.com\/tag\/%D8%AF%D8%B9%D8%A7%D9%8A%D8%A9-%D9%88%D8%A7%D8%B9%D9%84%D8%A7%D9%86\/"}}]}
 ajax: no
2024-12-31T00:06:04+00:00 DEBUG Tt4b_Mapi_Class::mapi_post: Response: 

HTTP/1.1 200 OK
Server: nginx
Content-Type: application/json
Content-Length: 92
X-Tt-Logid: 2024123100060458791A7A0E111A47807F
x-tt-trace-host: 018e5a586174a888928d793bdac74b79b519a86797e72c2eba011e03e23beee17dff99182af5c3057d47a346ac01d22a311dc00b2de4cfd1a7271ebb929898b845af7f9600dea1bc1a7a5e521f55bd16aa734ac05f177c2f6c5ffffc739f79d0f1eb1367e5ac5f4b2c888949620c683184
x-tt-trace-id: 00-24123100060458791A7A0E111A47807F-05E953033E191216-00
X-Origin-Response-Time: 51,23.218.219.23
X-Akamai-Request-ID: 5d72f930.68b6acc
Expires: Tue, 31 Dec 2024 00:06:04 GMT
Cache-Control: max-age=0, no-cache, no-store
Pragma: no-cache
Date: Tue, 31 Dec 2024 00:06:04 GMT
X-Cache: TCP_MISS from a95-101-134-116.deploy.akamaitechnologies.com (AkamaiGHost/11.7.2.1-9611f29bef89eba7b18045b10aa2af98) (-)
Connection: close
X-Cache-Remote: TCP_MISS from a23-218-219-23.deploy.akamaitechnologies.com (AkamaiGHost/11.7.2.1-9611f29bef89eba7b18045b10aa2af98) (-)
x-tt-trace-tag: id=16;cdn-cache=miss;type=dyn
Server-Timing: cdn-cache; desc=MISS, edge; dur=81, origin; dur=51
Server-Timing: inner; dur=44
X-Parent-Response-Time: 132,95.101.134.116

{"code": 0, "message": "OK", "request_id": "2024123100060458791A7A0E111A47807F", "data": {}}
2024-12-31T00:06:06+00:00 DEBUG POST: https://business-api.tiktok.com/open_api/v1.3/event/track/

{"partner_name":"WooCommerce","event_source":"web","event_source_id":"CSM79Q3C77UAG1T340I0","data":[{"event":"Pageview","event_id":"6773356e929fa_tt4b_woocommerce_670666209cf1f","event_time":1735603566,"user":{"ip":"62.210.13.154","user_agent":"WP Rocket\/Preload","locale":"ar","external_id":"0","email":"e3b0c44298fc1c149afbf4c8996fb92427ae41e4649b934ca495991b7852b855","phone_number":"e3b0c44298fc1c149afbf4c8996fb92427ae41e4649b934ca495991b7852b855","first_name":"e3b0c44298fc1c149afbf4c8996fb92427ae41e4649b934ca495991b7852b855","last_name":"e3b0c44298fc1c149afbf4c8996fb92427ae41e4649b934ca495991b7852b855","zip_code":"e3b0c44298fc1c149afbf4c8996fb92427ae41e4649b934ca495991b7852b855"},"page":{"url":"http:\/\/www.ibn-sinaa.com\/"}}]}
 ajax: no
2024-12-31T00:06:06+00:00 DEBUG Tt4b_Mapi_Class::mapi_post: Response: 

HTTP/1.1 200 OK
Server: nginx
Content-Type: application/json
Content-Length: 92
X-Tt-Logid: 20241231000606A70779BAFE4E5D2025E8
Server-Timing: inner; dur=31
x-tt-trace-host: 018e5a586174a888928d793bdac74b79b51a437ee89a1c03eb2011d034a2e3e9f5dadaaba3a440952660d86bad856ea894bda4f39e42471cfc9e6cca319a10ae70cd86ea72e47674e436c4fbac7933d550719a84a8f43bde61745b80e0e4522a6e
x-tt-trace-id: 00-241231000606A70779BAFE4E5D2025E8-266C8B9962670C6A-00
Expires: Tue, 31 Dec 2024 00:06:06 GMT
Cache-Control: max-age=0, no-cache, no-store
Pragma: no-cache
Date: Tue, 31 Dec 2024 00:06:06 GMT
X-Cache: TCP_MISS from a95-101-134-92.deploy.akamaitechnologies.com (AkamaiGHost/11.7.2.1-9611f29bef89eba7b18045b10aa2af98) (-)
Connection: close
x-tt-trace-tag: id=16;cdn-cache=miss;type=dyn
Server-Timing: cdn-cache; desc=MISS, edge; dur=0, origin; dur=111
X-Origin-Response-Time: 111,95.101.134.92
X-Akamai-Request-ID: 69edeb9

{"code": 0, "message": "OK", "request_id": "20241231000606A70779BAFE4E5D2025E8", "data": {}}
2024-12-31T00:06:08+00:00 DEBUG POST: https://business-api.tiktok.com/open_api/v1.3/event/track/

{"partner_name":"WooCommerce","event_source":"web","event_source_id":"CSM79Q3C77UAG1T340I0","data":[{"event":"Pageview","event_id":"67733570e3310_tt4b_woocommerce_670666209cf1f","event_time":1735603568,"user":{"ip":"62.210.13.154","user_agent":"WP Rocket\/Preload","locale":"ar","external_id":"0","email":"e3b0c44298fc1c149afbf4c8996fb92427ae41e4649b934ca495991b7852b855","phone_number":"e3b0c44298fc1c149afbf4c8996fb92427ae41e4649b934ca495991b7852b855","first_name":"e3b0c44298fc1c149afbf4c8996fb92427ae41e4649b934ca495991b7852b855","last_name":"e3b0c44298fc1c149afbf4c8996fb92427ae41e4649b934ca495991b7852b855","zip_code":"e3b0c44298fc1c149afbf4c8996fb92427ae41e4649b934ca495991b7852b855"},"page":{"url":"http:\/\/www.ibn-sinaa.com\/product-category\/shields-and-gifts\/"}}]}
 ajax: no
2024-12-31T00:06:09+00:00 DEBUG Tt4b_Mapi_Class::mapi_post: Response: 

HTTP/1.1 200 OK
Server: nginx
Content-Type: application/json
Content-Length: 92
X-Tt-Logid: 202412310006099045BA80517423C54678
Server-Timing: inner; dur=26
x-tt-trace-host: 018e5a586174a888928d793bdac74b79b51a437ee89a1c03eb2011d034a2e3e9f5ae45e875e9e8842596beb738243249e06ce37026cb1e453fdc133d5204d3aa8ee40897ee2e703fc3b8ec60940de16e6080a08dc033385f792e2a694db3185ce9
x-tt-trace-id: 00-2412310006099045BA80517423C54678-006BD97D1ACCF188-00
Expires: Tue, 31 Dec 2024 00:06:09 GMT
Cache-Control: max-age=0, no-cache, no-store
Pragma: no-cache
Date: Tue, 31 Dec 2024 00:06:09 GMT
X-Cache: TCP_MISS from a95-101-134-92.deploy.akamaitechnologies.com (AkamaiGHost/11.7.2.1-9611f29bef89eba7b18045b10aa2af98) (-)
Connection: close
x-tt-trace-tag: id=16;cdn-cache=miss;type=dyn
Server-Timing: cdn-cache; desc=MISS, edge; dur=0, origin; dur=109
X-Origin-Response-Time: 109,95.101.134.92
X-Akamai-Request-ID: 69efa5e

{"code": 0, "message": "OK", "request_id": "202412310006099045BA80517423C54678", "data": {}}
2024-12-31T00:06:10+00:00 DEBUG POST: https://business-api.tiktok.com/open_api/v1.3/event/track/

{"partner_name":"WooCommerce","event_source":"web","event_source_id":"CSM79Q3C77UAG1T340I0","data":[{"event":"Pageview","event_id":"6773357288eb4_tt4b_woocommerce_670666209cf1f","event_time":1735603570,"user":{"ip":"62.210.13.154","user_agent":"WP Rocket\/Preload","locale":"ar","external_id":"0","email":"e3b0c44298fc1c149afbf4c8996fb92427ae41e4649b934ca495991b7852b855","phone_number":"e3b0c44298fc1c149afbf4c8996fb92427ae41e4649b934ca495991b7852b855","first_name":"e3b0c44298fc1c149afbf4c8996fb92427ae41e4649b934ca495991b7852b855","last_name":"e3b0c44298fc1c149afbf4c8996fb92427ae41e4649b934ca495991b7852b855","zip_code":"e3b0c44298fc1c149afbf4c8996fb92427ae41e4649b934ca495991b7852b855"},"page":{"url":"http:\/\/www.ibn-sinaa.com\/product\/roll-up-plastic-base\/"}}]}
 ajax: no
2024-12-31T00:06:10+00:00 DEBUG Tt4b_Mapi_Class::mapi_post: Response: 

HTTP/1.1 200 OK
Server: nginx
Content-Type: application/json
Content-Length: 92
X-Tt-Logid: 202412310006106DB7A243ABF2C527D57F
x-tt-trace-host: 018e5a586174a888928d793bdac74b79b519a86797e72c2eba011e03e23beee17dff99182af5c3057d47a346ac01d22a314215f75644e167c01ad1aa6132cc441b9225fe7c70c8fd4a073495a4f500697d2cbb4368caec3e59ab74f5d088ed5b772fad63c49cbb5af44bd03dc6d2f77df3
x-tt-trace-id: 00-2412310006106DB7A243ABF2C527D57F-1F8F91422E73EEA7-00
X-Origin-Response-Time: 31,23.218.219.23
X-Akamai-Request-ID: 5d73410a.68b9f42
Expires: Tue, 31 Dec 2024 00:06:10 GMT
Cache-Control: max-age=0, no-cache, no-store
Pragma: no-cache
Date: Tue, 31 Dec 2024 00:06:10 GMT
X-Cache: TCP_MISS from a95-101-134-116.deploy.akamaitechnologies.com (AkamaiGHost/11.7.2.1-9611f29bef89eba7b18045b10aa2af98) (-)
Connection: close
X-Cache-Remote: TCP_MISS from a23-218-219-23.deploy.akamaitechnologies.com (AkamaiGHost/11.7.2.1-9611f29bef89eba7b18045b10aa2af98) (-)
x-tt-trace-tag: id=16;cdn-cache=miss;type=dyn
Server-Timing: cdn-cache; desc=MISS, edge; dur=81, origin; dur=30
Server-Timing: inner; dur=26
X-Parent-Response-Time: 111,95.101.134.116

{"code": 0, "message": "OK", "request_id": "202412310006106DB7A243ABF2C527D57F", "data": {}}
2024-12-31T00:06:10+00:00 DEBUG Tt4b_Pixel_Class::inject_view_content_event: hit ViewContent
2024-12-31T00:06:10+00:00 DEBUG POST: https://business-api.tiktok.com/open_api/v1.3/event/track/

{"partner_name":"WooCommerce","event_source":"web","event_source_id":"CSM79Q3C77UAG1T340I0","data":[{"event":"ViewContent","event_id":"67733572e4cb6_tt4b_woocommerce_670666209cf1f_4293","event_time":1735603570,"user":{"ip":"62.210.13.154","user_agent":"WP Rocket\/Preload","locale":"ar","external_id":"0","email":"e3b0c44298fc1c149afbf4c8996fb92427ae41e4649b934ca495991b7852b855","phone_number":"e3b0c44298fc1c149afbf4c8996fb92427ae41e4649b934ca495991b7852b855","first_name":"e3b0c44298fc1c149afbf4c8996fb92427ae41e4649b934ca495991b7852b855","last_name":"e3b0c44298fc1c149afbf4c8996fb92427ae41e4649b934ca495991b7852b855","zip_code":"e3b0c44298fc1c149afbf4c8996fb92427ae41e4649b934ca495991b7852b855"},"properties":{"contents":[{"price":180,"quantity":1,"content_id":"4293","content_name":"\u0631\u0648\u0644 \u0627\u0628 \u0642\u0627\u0639\u062f\u0629 \u0628\u0644\u0627\u0633\u062a\u064a\u0643\u0629","description":"\u0631\u0648\u0644 \u0627\u0628 \u0642\u0627\u0639\u062f\u0629 \u0628\u0644\u0627\u0633\u062a\u064a\u0643\u064a\u0629 \u062a\u0635\u0645\u064a\u0645 \u0627\u0646\u064a\u0642, \u0648\u0645\u0642\u0627\u0633\u0627\u062a \u0645\u062a\u0646\u0648\u0639\u0629.\r\n\u0627\u0644\u062e\u0627\u0645\u0629 \u0628\u0648\u0633\u062a\u0631.\r\n\u0645\u062f\u0629 \u0627\u0644\u062a\u0646\u0641\u064a\u0630: \u0645\u0646 3 \u0625\u0644\u0649 5 \u0623\u064a\u0627\u0645 \u0639\u0645\u0644 \u0628\u0639\u062f \u0627\u0639\u062a\u0645\u0627\u062f \u0627\u0644\u062a\u0635\u0645\u064a\u0645 \u0648\u0627\u0644\u0637\u0644\u0628 \u062d\u0633\u0628 \u0627\u0644\u0643\u0645\u064a\u0629 (\u062a\u0632\u064a\u062f \u0627\u0644\u0645\u062f\u0629 \u0639\u0646\u062f \u0637\u0644\u0628 \u0627\u0644\u0634\u062d\u0646).","availability":"IN_STOCK","sale_price":180,"on_sale":false}],"content_type":"product","currency":"SAR","value":180,"event_trigger_source":"WooCommerce"},"page":{"url":"http:\/\/www.ibn-sinaa.com\/product\/roll-up-plastic-base\/"}}]}
 ajax: no
2024-12-31T00:06:11+00:00 DEBUG Tt4b_Mapi_Class::mapi_post: Response: 

HTTP/1.1 200 OK
Server: nginx
Content-Type: application/json
Content-Length: 92
X-Tt-Logid: 20241231000611396A193F7EDAACF3FBB9
x-tt-trace-host: 018e5a586174a888928d793bdac74b79b519a86797e72c2eba011e03e23beee17de14dfb9fb241cef89176ce4f156aaa4f6dc44cbbeb587fd167a8106d34ab9b1c90a81be4002cf644f6d95cdcec10ee93af6ac20a5b469b6475bf60a7cb2c736d32cf069f9a0016e09d716ec74badbc9a
x-tt-trace-id: 00-241231000611396A193F7EDAACF3FBB9-2D6E94C245255B73-00
X-Origin-Response-Time: 33,23.218.219.41
X-Akamai-Request-ID: 5bd9bcb1.68ba27a
Expires: Tue, 31 Dec 2024 00:06:11 GMT
Cache-Control: max-age=0, no-cache, no-store
Pragma: no-cache
Date: Tue, 31 Dec 2024 00:06:11 GMT
X-Cache: TCP_MISS from a95-101-134-116.deploy.akamaitechnologies.com (AkamaiGHost/11.7.2.1-9611f29bef89eba7b18045b10aa2af98) (-)
Connection: close
X-Cache-Remote: TCP_MISS from a23-218-219-41.deploy.akamaitechnologies.com (AkamaiGHost/11.7.2.1-9611f29bef89eba7b18045b10aa2af98) (-)
x-tt-trace-tag: id=16;cdn-cache=miss;type=dyn
Server-Timing: cdn-cache; desc=MISS, edge; dur=81, origin; dur=33
Server-Timing: inner; dur=30
X-Parent-Response-Time: 113,95.101.134.116

{"code": 0, "message": "OK", "request_id": "20241231000611396A193F7EDAACF3FBB9", "data": {}}
2024-12-31T00:06:11+00:00 DEBUG POST: https://business-api.tiktok.com/open_api/v1.3/event/track/

{"partner_name":"WooCommerce","event_source":"web","event_source_id":"CSM79Q3C77UAG1T340I0","data":[{"event":"Pageview","event_id":"67733573f157f_tt4b_woocommerce_670666209cf1f","event_time":1735603571,"user":{"ip":"62.210.13.154","user_agent":"WP Rocket\/Preload","locale":"ar","external_id":"0","email":"e3b0c44298fc1c149afbf4c8996fb92427ae41e4649b934ca495991b7852b855","phone_number":"e3b0c44298fc1c149afbf4c8996fb92427ae41e4649b934ca495991b7852b855","first_name":"e3b0c44298fc1c149afbf4c8996fb92427ae41e4649b934ca495991b7852b855","last_name":"e3b0c44298fc1c149afbf4c8996fb92427ae41e4649b934ca495991b7852b855","zip_code":"e3b0c44298fc1c149afbf4c8996fb92427ae41e4649b934ca495991b7852b855"},"page":{"url":"http:\/\/www.ibn-sinaa.com\/product-category\/print-celebrations\/"}}]}
 ajax: no
2024-12-31T00:06:12+00:00 DEBUG Tt4b_Mapi_Class::mapi_post: Response: 

HTTP/1.1 200 OK
Server: nginx
Content-Type: application/json
Content-Length: 92
X-Tt-Logid: 202412310006125816D29F4225ED599FF2
Server-Timing: inner; dur=29
x-tt-trace-host: 018e5a586174a888928d793bdac74b79b520593bf434961dbceff88e4b17f9a1561cf0a0fcd7ca9b60893a379f7a0325014d592f8eae3753c0275ec5f671740abe73ab9587f223dd37a1ff8d3b075b1f0ac460c04525ec88fa460e18fad9f51873
x-tt-trace-id: 00-2412310006125816D29F4225ED599FF2-2ABE3F304773FA98-00
Expires: Tue, 31 Dec 2024 00:06:12 GMT
Cache-Control: max-age=0, no-cache, no-store
Pragma: no-cache
Date: Tue, 31 Dec 2024 00:06:12 GMT
X-Cache: TCP_MISS from a95-101-134-116.deploy.akamaitechnologies.com (AkamaiGHost/11.7.2.1-9611f29bef89eba7b18045b10aa2af98) (-)
Connection: close
x-tt-trace-tag: id=16;cdn-cache=miss;type=dyn
Server-Timing: cdn-cache; desc=MISS, edge; dur=1, origin; dur=111
X-Origin-Response-Time: 111,95.101.134.116
X-Akamai-Request-ID: 68baba3

{"code": 0, "message": "OK", "request_id": "202412310006125816D29F4225ED599FF2", "data": {}}
2024-12-31T00:06:14+00:00 DEBUG POST: https://business-api.tiktok.com/open_api/v1.3/event/track/

{"partner_name":"WooCommerce","event_source":"web","event_source_id":"CSM79Q3C77UAG1T340I0","data":[{"event":"Pageview","event_id":"677335761bc11_tt4b_woocommerce_670666209cf1f","event_time":1735603574,"user":{"ip":"62.210.13.154","user_agent":"WP Rocket\/Preload","locale":"ar","external_id":"0","email":"e3b0c44298fc1c149afbf4c8996fb92427ae41e4649b934ca495991b7852b855","phone_number":"e3b0c44298fc1c149afbf4c8996fb92427ae41e4649b934ca495991b7852b855","first_name":"e3b0c44298fc1c149afbf4c8996fb92427ae41e4649b934ca495991b7852b855","last_name":"e3b0c44298fc1c149afbf4c8996fb92427ae41e4649b934ca495991b7852b855","zip_code":"e3b0c44298fc1c149afbf4c8996fb92427ae41e4649b934ca495991b7852b855"},"page":{"url":"http:\/\/www.ibn-sinaa.com\/product-tag\/%D8%B1%D9%88%D9%84-%D8%A7%D8%A8-%D8%A8%D9%86%D8%B1\/"}}]}
 ajax: no
2024-12-31T00:06:14+00:00 DEBUG Tt4b_Mapi_Class::mapi_post: Response: 

HTTP/1.1 200 OK
Server: nginx
Content-Type: application/json
Content-Length: 92
X-Tt-Logid: 202412310006145FBD6E1E7AB067EB11BD
x-tt-trace-host: 018e5a586174a888928d793bdac74b79b56517d7628cf0ffdff56b078ad2cf5615de9d4ca9d7ce9dd313b51df5c126372a37c358a23a714433b73331c57ad48d27912f542619aba46721ce94808bc9458ce2d68080a10f6c52e7ffbeb42304dcf7461de7a8c7f58123827c46754bed57de
x-tt-trace-id: 00-2412310006145FBD6E1E7AB067EB11BD-00FBFFFE75C74847-00
X-Origin-Response-Time: 39,23.218.219.49
X-Akamai-Request-ID: 33b13b80.69f3681
Expires: Tue, 31 Dec 2024 00:06:14 GMT
Cache-Control: max-age=0, no-cache, no-store
Pragma: no-cache
Date: Tue, 31 Dec 2024 00:06:14 GMT
X-Cache: TCP_MISS from a95-101-134-92.deploy.akamaitechnologies.com (AkamaiGHost/11.7.2.1-9611f29bef89eba7b18045b10aa2af98) (-)
Connection: close
X-Cache-Remote: TCP_MISS from a23-218-219-49.deploy.akamaitechnologies.com (AkamaiGHost/11.7.2.1-9611f29bef89eba7b18045b10aa2af98) (-)
x-tt-trace-tag: id=16;cdn-cache=miss;type=dyn
Server-Timing: cdn-cache; desc=MISS, edge; dur=83, origin; dur=39
Server-Timing: inner; dur=33
X-Parent-Response-Time: 122,95.101.134.92

{"code": 0, "message": "OK", "request_id": "202412310006145FBD6E1E7AB067EB11BD", "data": {}}
2024-12-31T00:06:15+00:00 DEBUG POST: https://business-api.tiktok.com/open_api/v1.3/event/track/

{"partner_name":"WooCommerce","event_source":"web","event_source_id":"CSM79Q3C77UAG1T340I0","data":[{"event":"Pageview","event_id":"6773357769253_tt4b_woocommerce_670666209cf1f","event_time":1735603575,"user":{"ip":"62.210.13.154","user_agent":"WP Rocket\/Preload","locale":"ar","external_id":"0","email":"e3b0c44298fc1c149afbf4c8996fb92427ae41e4649b934ca495991b7852b855","phone_number":"e3b0c44298fc1c149afbf4c8996fb92427ae41e4649b934ca495991b7852b855","first_name":"e3b0c44298fc1c149afbf4c8996fb92427ae41e4649b934ca495991b7852b855","last_name":"e3b0c44298fc1c149afbf4c8996fb92427ae41e4649b934ca495991b7852b855","zip_code":"e3b0c44298fc1c149afbf4c8996fb92427ae41e4649b934ca495991b7852b855"},"page":{"url":"http:\/\/www.ibn-sinaa.com\/product\/luxury-letterhead-printing\/"}}]}
 ajax: no
2024-12-31T00:06:15+00:00 DEBUG Tt4b_Mapi_Class::mapi_post: Response: 

HTTP/1.1 200 OK
Server: nginx
Content-Type: application/json
Content-Length: 92
X-Tt-Logid: 20241231000615D5FAD50A4B8B04953B1C
x-tt-trace-host: 018e5a586174a888928d793bdac74b79b519a86797e72c2eba011e03e23beee17d3c6aa1d635f8910e91590166282db6610e4ab60dfa0a88299e38e7c72c522a92904144c9cd8521a5aa49067dc69b0e4cfba7d14bdd96c069288999a92be56d1273cf70ff3e3678654ee47df4bc62f809
x-tt-trace-id: 00-241231000615D5FAD50A4B8B04953B1C-4557246D7CC4CBC6-00
X-Origin-Response-Time: 40,23.52.15.176
X-Akamai-Request-ID: 33866b6c.68bc940
Expires: Tue, 31 Dec 2024 00:06:15 GMT
Cache-Control: max-age=0, no-cache, no-store
Pragma: no-cache
Date: Tue, 31 Dec 2024 00:06:15 GMT
X-Cache: TCP_MISS from a95-101-134-116.deploy.akamaitechnologies.com (AkamaiGHost/11.7.2.1-9611f29bef89eba7b18045b10aa2af98) (-)
Connection: close
X-Cache-Remote: TCP_MISS from a23-52-15-176.deploy.akamaitechnologies.com (AkamaiGHost/11.7.2.1-9611f29bef89eba7b18045b10aa2af98) (-)
x-tt-trace-tag: id=16;cdn-cache=miss;type=dyn
Server-Timing: cdn-cache; desc=MISS, edge; dur=81, origin; dur=40
Server-Timing: inner; dur=31
X-Parent-Response-Time: 120,95.101.134.116

{"code": 0, "message": "OK", "request_id": "20241231000615D5FAD50A4B8B04953B1C", "data": {}}
2024-12-31T00:06:15+00:00 DEBUG Tt4b_Pixel_Class::inject_view_content_event: hit ViewContent
2024-12-31T00:06:15+00:00 DEBUG POST: https://business-api.tiktok.com/open_api/v1.3/event/track/

{"partner_name":"WooCommerce","event_source":"web","event_source_id":"CSM79Q3C77UAG1T340I0","data":[{"event":"ViewContent","event_id":"67733577cff8d_tt4b_woocommerce_670666209cf1f_3986","event_time":1735603575,"user":{"ip":"62.210.13.154","user_agent":"WP Rocket\/Preload","locale":"ar","external_id":"0","email":"e3b0c44298fc1c149afbf4c8996fb92427ae41e4649b934ca495991b7852b855","phone_number":"e3b0c44298fc1c149afbf4c8996fb92427ae41e4649b934ca495991b7852b855","first_name":"e3b0c44298fc1c149afbf4c8996fb92427ae41e4649b934ca495991b7852b855","last_name":"e3b0c44298fc1c149afbf4c8996fb92427ae41e4649b934ca495991b7852b855","zip_code":"e3b0c44298fc1c149afbf4c8996fb92427ae41e4649b934ca495991b7852b855"},"properties":{"contents":[{"price":89,"quantity":1,"content_id":"3986","content_name":"\u0637\u0628\u0627\u0639\u0629 \u0648\u0631\u0642 \u062e\u0637\u0627\u0628\u0627\u062a \u0641\u0627\u062e\u0631\u0629","description":"\u0637\u0628\u0627\u0639\u0629 \u0648\u0631\u0642 \u0627\u0644\u062e\u0637\u0627\u0628\u0627\u062a \u0639\u0644\u0649 \u0648\u0631\u0642 \u0641\u0627\u062e\u0631 \u062c\u0648\u062f\u0629 \u0645\u0645\u062a\u0627\u0632\u0629.\r\n\u062a\u0643\u0648\u0646 \u0627\u0644\u0637\u0628\u0627\u0639\u0629 \u0639\u0644\u0649 \u0648\u062c\u0647 \u0648\u0627\u062d\u062f.\r\n\u0645\u062f\u0629 \u0627\u0644\u062a\u0646\u0641\u064a\u0630 \u0627\u0644\u0645\u062a\u0648\u0642\u0639\u0629: 1 \u2013 3 \u0623\u064a\u0627\u0645 \u0639\u0645\u0644 \u0628\u0639\u062f \u062a\u0623\u0643\u064a\u062f \u0627\u0644\u0637\u0644\u0628 \u0648\u0627\u0644\u062a\u0635\u0645\u064a\u0645 \u0648\u062d\u0633\u0628 \u0627\u0644\u0643\u0645\u064a\u0629 (\u062a\u0632\u064a\u062f \u0627\u0644\u0645\u062f\u0629 \u0639\u0646\u062f \u0637\u0644\u0628 \u0627\u0644\u0634\u062d\u0646).","availability":"IN_STOCK","sale_price":89,"on_sale":false}],"content_type":"product","currency":"SAR","value":89,"event_trigger_source":"WooCommerce"},"page":{"url":"http:\/\/www.ibn-sinaa.com\/product\/luxury-letterhead-printing\/"}}]}
 ajax: no
2024-12-31T00:06:16+00:00 DEBUG Tt4b_Mapi_Class::mapi_post: Response: 

HTTP/1.1 200 OK
Server: nginx
Content-Type: application/json
Content-Length: 92
X-Tt-Logid: 202412310006156422B500D88BED9701F6
Server-Timing: inner; dur=20
x-tt-trace-host: 018e5a586174a888928d793bdac74b79b520593bf434961dbceff88e4b17f9a1568330d5268c34aad04c6ef02d2cff58fb96a50a6ef3aabaae441590edd4c2304362261e66f0bb26b6712fec3334f1b2fc2893d19dae50f2871c5692f3d685b20d
x-tt-trace-id: 00-2412310006156422B500D88BED9701F6-3891992421D31D75-00
Expires: Tue, 31 Dec 2024 00:06:15 GMT
Cache-Control: max-age=0, no-cache, no-store
Pragma: no-cache
Date: Tue, 31 Dec 2024 00:06:15 GMT
X-Cache: TCP_MISS from a95-101-134-116.deploy.akamaitechnologies.com (AkamaiGHost/11.7.2.1-9611f29bef89eba7b18045b10aa2af98) (-)
Connection: close
x-tt-trace-tag: id=16;cdn-cache=miss;type=dyn
Server-Timing: cdn-cache; desc=MISS, edge; dur=0, origin; dur=103
X-Origin-Response-Time: 103,95.101.134.116
X-Akamai-Request-ID: 68bcc81

{"code": 0, "message": "OK", "request_id": "202412310006156422B500D88BED9701F6", "data": {}}
2024-12-31T00:06:18+00:00 DEBUG POST: https://business-api.tiktok.com/open_api/v1.3/event/track/

{"partner_name":"WooCommerce","event_source":"web","event_source_id":"CSM79Q3C77UAG1T340I0","data":[{"event":"Pageview","event_id":"6773357a0ae94_tt4b_woocommerce_670666209cf1f","event_time":1735603578,"user":{"ip":"62.210.13.154","user_agent":"WP Rocket\/Preload","locale":"ar","external_id":"0","email":"e3b0c44298fc1c149afbf4c8996fb92427ae41e4649b934ca495991b7852b855","phone_number":"e3b0c44298fc1c149afbf4c8996fb92427ae41e4649b934ca495991b7852b855","first_name":"e3b0c44298fc1c149afbf4c8996fb92427ae41e4649b934ca495991b7852b855","last_name":"e3b0c44298fc1c149afbf4c8996fb92427ae41e4649b934ca495991b7852b855","zip_code":"e3b0c44298fc1c149afbf4c8996fb92427ae41e4649b934ca495991b7852b855"},"page":{"url":"http:\/\/www.ibn-sinaa.com\/product\/roll-up-mini\/"}}]}
 ajax: no
2024-12-31T00:06:18+00:00 DEBUG Tt4b_Mapi_Class::mapi_post: Response: 

HTTP/1.1 200 OK
Server: nginx
Content-Type: application/json
Content-Length: 92
X-Tt-Logid: 202412310006183230CCE25C751DE94630
Server-Timing: inner; dur=34
x-tt-trace-host: 018e5a586174a888928d793bdac74b79b520593bf434961dbceff88e4b17f9a15620a7fb0060e7ad037b4e0d86c782a1ea1c3c41c570358bd4355d3b3b40ecaa31e46d51eca1c22c1e9cb1695d2a2a9bab0f60a2c23a92d0ad4c5b167ae40a7c1c
x-tt-trace-id: 00-2412310006183230CCE25C751DE94630-3B60C39045A9B693-00
Expires: Tue, 31 Dec 2024 00:06:18 GMT
Cache-Control: max-age=0, no-cache, no-store
Pragma: no-cache
Date: Tue, 31 Dec 2024 00:06:18 GMT
X-Cache: TCP_MISS from a95-101-134-116.deploy.akamaitechnologies.com (AkamaiGHost/11.7.2.1-9611f29bef89eba7b18045b10aa2af98) (-)
Connection: close
x-tt-trace-tag: id=16;cdn-cache=miss;type=dyn
Server-Timing: cdn-cache; desc=MISS, edge; dur=0, origin; dur=118
X-Origin-Response-Time: 118,95.101.134.116
X-Akamai-Request-ID: 68bdf3f

{"code": 0, "message": "OK", "request_id": "202412310006183230CCE25C751DE94630", "data": {}}
2024-12-31T00:06:18+00:00 DEBUG Tt4b_Pixel_Class::inject_view_content_event: hit ViewContent
2024-12-31T00:06:18+00:00 DEBUG POST: https://business-api.tiktok.com/open_api/v1.3/event/track/

{"partner_name":"WooCommerce","event_source":"web","event_source_id":"CSM79Q3C77UAG1T340I0","data":[{"event":"ViewContent","event_id":"6773357a64f08_tt4b_woocommerce_670666209cf1f_4263","event_time":1735603578,"user":{"ip":"62.210.13.154","user_agent":"WP Rocket\/Preload","locale":"ar","external_id":"0","email":"e3b0c44298fc1c149afbf4c8996fb92427ae41e4649b934ca495991b7852b855","phone_number":"e3b0c44298fc1c149afbf4c8996fb92427ae41e4649b934ca495991b7852b855","first_name":"e3b0c44298fc1c149afbf4c8996fb92427ae41e4649b934ca495991b7852b855","last_name":"e3b0c44298fc1c149afbf4c8996fb92427ae41e4649b934ca495991b7852b855","zip_code":"e3b0c44298fc1c149afbf4c8996fb92427ae41e4649b934ca495991b7852b855"},"properties":{"contents":[{"price":80,"quantity":1,"content_id":"4263","content_name":"\u0631\u0648\u0644 \u0627\u0628 \u0645\u064a\u0646\u064a","description":"\u0631\u0648\u0644 \u0627\u0628 \u0645\u064a\u0646\u064a \u0645\u0642\u0627\u0633\u0627\u062a \u0645\u062a\u0646\u0648\u0639\u0629.\r\n\u0627\u0644\u062e\u0627\u0645\u0629 \u0628\u0648\u0633\u062a\u0631.\r\n\u0645\u062f\u0629 \u0627\u0644\u062a\u0646\u0641\u064a\u0630: \u0645\u0646 3 \u0625\u0644\u0649 5 \u0623\u064a\u0627\u0645 \u0639\u0645\u0644 \u0628\u0639\u062f \u0627\u0639\u062a\u0645\u0627\u062f \u0627\u0644\u062a\u0635\u0645\u064a\u0645 \u0648\u0627\u0644\u0637\u0644\u0628 \u062d\u0633\u0628 \u0627\u0644\u0643\u0645\u064a\u0629 (\u062a\u0632\u064a\u062f \u0627\u0644\u0645\u062f\u0629 \u0639\u0646\u062f \u0637\u0644\u0628 \u0627\u0644\u0634\u062d\u0646).","availability":"IN_STOCK","sale_price":80,"on_sale":false}],"content_type":"product","currency":"SAR","value":80,"event_trigger_source":"WooCommerce"},"page":{"url":"http:\/\/www.ibn-sinaa.com\/product\/roll-up-mini\/"}}]}
 ajax: no
2024-12-31T00:06:18+00:00 DEBUG POST: https://business-api.tiktok.com/open_api/v1.3/event/track/

{"partner_name":"WooCommerce","event_source":"web","event_source_id":"CSM79Q3C77UAG1T340I0","data":[{"event":"Pageview","event_id":"6773357a79846_tt4b_woocommerce_670666209cf1f","event_time":1735603578,"user":{"ip":"62.210.13.154","user_agent":"WP Rocket\/Preload","locale":"ar","external_id":"0","email":"e3b0c44298fc1c149afbf4c8996fb92427ae41e4649b934ca495991b7852b855","phone_number":"e3b0c44298fc1c149afbf4c8996fb92427ae41e4649b934ca495991b7852b855","first_name":"e3b0c44298fc1c149afbf4c8996fb92427ae41e4649b934ca495991b7852b855","last_name":"e3b0c44298fc1c149afbf4c8996fb92427ae41e4649b934ca495991b7852b855","zip_code":"e3b0c44298fc1c149afbf4c8996fb92427ae41e4649b934ca495991b7852b855"},"page":{"url":"http:\/\/www.ibn-sinaa.com\/product\/print-notebook-thick-cover-a5\/"}}]}
 ajax: no
2024-12-31T00:06:18+00:00 DEBUG Tt4b_Mapi_Class::mapi_post: Response: 

HTTP/1.1 200 OK
Server: nginx
Content-Type: application/json
Content-Length: 92
X-Tt-Logid: 20241231000618387EA59294782F997564
Server-Timing: inner; dur=35
x-tt-trace-host: 018e5a586174a888928d793bdac74b79b51a437ee89a1c03eb2011d034a2e3e9f5c8e7aae00bfb2680f0e999e99eb9c91c332fed21e88574ffb9cf45682e488a744a8c59ab56669785629af9cc9229a5586f2bcde7404f10c2531b21a674ccc586
x-tt-trace-id: 00-241231000618387EA59294782F997564-01CB7913881D9F0B-00
Expires: Tue, 31 Dec 2024 00:06:18 GMT
Cache-Control: max-age=0, no-cache, no-store
Pragma: no-cache
Date: Tue, 31 Dec 2024 00:06:18 GMT
X-Cache: TCP_MISS from a95-101-134-92.deploy.akamaitechnologies.com (AkamaiGHost/11.7.2.1-9611f29bef89eba7b18045b10aa2af98) (-)
Connection: close
x-tt-trace-tag: id=16;cdn-cache=miss;type=dyn
Server-Timing: cdn-cache; desc=MISS, edge; dur=1, origin; dur=115
X-Origin-Response-Time: 116,95.101.134.92
X-Akamai-Request-ID: 69f686a

{"code": 0, "message": "OK", "request_id": "20241231000618387EA59294782F997564", "data": {}}
2024-12-31T00:06:18+00:00 DEBUG Tt4b_Mapi_Class::mapi_post: Response: 

HTTP/1.1 200 OK
Server: nginx
Content-Type: application/json
Content-Length: 92
X-Tt-Logid: 2024123100061849F1A07A2E855491652D
x-tt-trace-host: 018e5a586174a888928d793bdac74b79b519a86797e72c2eba011e03e23beee17d47f53c8e65804a56682bf58d7ac80fc3e87f3fe3a8631f884bceb76f868e0a4afb1006a898b46265140172fbaff1da5c18bc77fe48bff4a90725078de436309f98a8be2741835968e66c93a74703cd7d
x-tt-trace-id: 00-24123100061849F1A07A2E855491652D-108E1D7D15C4AE22-00
X-Origin-Response-Time: 58,23.218.219.12
X-Akamai-Request-ID: 52d4199.68be2ca
Expires: Tue, 31 Dec 2024 00:06:18 GMT
Cache-Control: max-age=0, no-cache, no-store
Pragma: no-cache
Date: Tue, 31 Dec 2024 00:06:18 GMT
X-Cache: TCP_MISS from a95-101-134-116.deploy.akamaitechnologies.com (AkamaiGHost/11.7.2.1-9611f29bef89eba7b18045b10aa2af98) (-)
Connection: close
X-Cache-Remote: TCP_MISS from a23-218-219-12.deploy.akamaitechnologies.com (AkamaiGHost/11.7.2.1-9611f29bef89eba7b18045b10aa2af98) (-)
x-tt-trace-tag: id=16;cdn-cache=miss;type=dyn
Server-Timing: cdn-cache; desc=MISS, edge; dur=238, origin; dur=58
Server-Timing: inner; dur=54
X-Parent-Response-Time: 296,95.101.134.116

{"code": 0, "message": "OK", "request_id": "2024123100061849F1A07A2E855491652D", "data": {}}
2024-12-31T00:06:19+00:00 DEBUG Tt4b_Pixel_Class::inject_view_content_event: hit ViewContent
2024-12-31T00:06:19+00:00 DEBUG POST: https://business-api.tiktok.com/open_api/v1.3/event/track/

{"partner_name":"WooCommerce","event_source":"web","event_source_id":"CSM79Q3C77UAG1T340I0","data":[{"event":"ViewContent","event_id":"6773357b1ea4c_tt4b_woocommerce_670666209cf1f_3999","event_time":1735603579,"user":{"ip":"62.210.13.154","user_agent":"WP Rocket\/Preload","locale":"ar","external_id":"0","email":"e3b0c44298fc1c149afbf4c8996fb92427ae41e4649b934ca495991b7852b855","phone_number":"e3b0c44298fc1c149afbf4c8996fb92427ae41e4649b934ca495991b7852b855","first_name":"e3b0c44298fc1c149afbf4c8996fb92427ae41e4649b934ca495991b7852b855","last_name":"e3b0c44298fc1c149afbf4c8996fb92427ae41e4649b934ca495991b7852b855","zip_code":"e3b0c44298fc1c149afbf4c8996fb92427ae41e4649b934ca495991b7852b855"},"properties":{"contents":[{"price":99,"quantity":1,"content_id":"3999","content_name":"\u0637\u0628\u0627\u0639\u0629 \u0646\u0648\u062a\u0629 \u063a\u0644\u0627\u0641 \u0633\u0645\u064a\u0643 A5","description":"\u0646\u0648\u062a\u0629 \u0645\u0639 \u063a\u0644\u0627\u0641 \u0633\u0645\u064a\u0643 \u0645\u0642\u0627\u0633 A5 \u0648\u0648\u0631\u0642 \u062f\u0627\u062e\u0644\u064a \u0627\u0628\u064a\u0636 \u0648 \u0627\u0633\u0648\u062f.\r\n\u0627\u0644\u0648\u0631\u0642 \u0627\u0644\u062f\u0627\u062e\u0644\u064a: \u0648\u0631\u0642 \u0639\u0627\u062f\u064a 80 \u062c\u0631\u0627\u0645 \u0639\u062f\u062f 50 \u0648\u0631\u0642\u0629\u060c \u0627\u0644\u063a\u0644\u0627\u0641: \u0648\u0631\u0642 \u0643\u0648\u0634\u064a\u0647 350 \u062c\u0631\u0627\u0645 \u0645\u0639 \u0633\u0644\u0641\u0627\u0646.\r\n\u0645\u062f\u0629 \u0627\u0644\u062a\u0646\u0641\u064a\u0630 \u0627\u0644\u0645\u062a\u0648\u0642\u0639\u0629: \u0645\u0646 3 \u0625\u0644\u0649 5 \u0623\u064a\u0627\u0645 \u0639\u0645\u0644 \u0628\u0639\u062f \u0627\u0639\u062a\u0645\u0627\u062f \u0627\u0644\u062a\u0635\u0645\u064a\u0645 \u0648\u0627\u0644\u0637\u0644\u0628 \u062d\u0633\u0628 \u0627\u0644\u0643\u0645\u064a\u0629 (\u062a\u0632\u064a\u062f \u0627\u0644\u0645\u062f\u0629 \u0639\u0646\u062f \u0637\u0644\u0628 \u0627\u0644\u0634\u062d\u0646).","availability":"IN_STOCK","sale_price":99,"on_sale":false}],"content_type":"product","currency":"SAR","value":99,"event_trigger_source":"WooCommerce"},"page":{"url":"http:\/\/www.ibn-sinaa.com\/product\/print-notebook-thick-cover-a5\/"}}]}
 ajax: no
2024-12-31T00:06:19+00:00 DEBUG Tt4b_Mapi_Class::mapi_post: Response: 

HTTP/1.1 200 OK
Server: nginx
Content-Type: application/json
Content-Length: 92
X-Tt-Logid: 20241231000619B6FBB96BD19AA861E73A
x-tt-trace-host: 018e5a586174a888928d793bdac74b79b56517d7628cf0ffdff56b078ad2cf5615a05edddab706a14f894ee424e95f343c4638b6bf3bd58c4b86f822e1de20cdc248e28c8d9cfb080fca6aae3287295579278d2674f6b9f3aab059e40b805ddde40b6eb813e50e31802e837c3cedf7ba0f
x-tt-trace-id: 00-241231000619B6FBB96BD19AA861E73A-65B4A8A9194BE7B0-00
X-Origin-Response-Time: 32,23.218.219.43
X-Akamai-Request-ID: 3ce672a.69f7167
Expires: Tue, 31 Dec 2024 00:06:19 GMT
Cache-Control: max-age=0, no-cache, no-store
Pragma: no-cache
Date: Tue, 31 Dec 2024 00:06:19 GMT
X-Cache: TCP_MISS from a95-101-134-92.deploy.akamaitechnologies.com (AkamaiGHost/11.7.2.1-9611f29bef89eba7b18045b10aa2af98) (-)
Connection: close
X-Cache-Remote: TCP_MISS from a23-218-219-43.deploy.akamaitechnologies.com (AkamaiGHost/11.7.2.1-9611f29bef89eba7b18045b10aa2af98) (-)
x-tt-trace-tag: id=16;cdn-cache=miss;type=dyn
Server-Timing: cdn-cache; desc=MISS, edge; dur=81, origin; dur=32
Server-Timing: inner; dur=29
X-Parent-Response-Time: 113,95.101.134.92

{"code": 0, "message": "OK", "request_id": "20241231000619B6FBB96BD19AA861E73A", "data": {}}
2024-12-31T00:06:20+00:00 DEBUG POST: https://business-api.tiktok.com/open_api/v1.3/event/track/

{"partner_name":"WooCommerce","event_source":"web","event_source_id":"CSM79Q3C77UAG1T340I0","data":[{"event":"Pageview","event_id":"6773357c500f5_tt4b_woocommerce_670666209cf1f","event_time":1735603580,"user":{"ip":"62.210.13.154","user_agent":"WP Rocket\/Preload","locale":"ar","external_id":"0","email":"e3b0c44298fc1c149afbf4c8996fb92427ae41e4649b934ca495991b7852b855","phone_number":"e3b0c44298fc1c149afbf4c8996fb92427ae41e4649b934ca495991b7852b855","first_name":"e3b0c44298fc1c149afbf4c8996fb92427ae41e4649b934ca495991b7852b855","last_name":"e3b0c44298fc1c149afbf4c8996fb92427ae41e4649b934ca495991b7852b855","zip_code":"e3b0c44298fc1c149afbf4c8996fb92427ae41e4649b934ca495991b7852b855"},"page":{"url":"http:\/\/www.ibn-sinaa.com\/product\/biology-records\/"}}]}
 ajax: no
2024-12-31T00:06:20+00:00 DEBUG Tt4b_Mapi_Class::mapi_post: Response: 

HTTP/1.1 200 OK
Server: nginx
Content-Type: application/json
Content-Length: 92
X-Tt-Logid: 2024123100062088CB49E7DD4CB97D68BC
x-tt-trace-host: 018e5a586174a888928d793bdac74b79b56517d7628cf0ffdff56b078ad2cf56155fb14c104bb2bd62f1d6bf4f117f32981c236cf9d699ea39d07445eed645197b56f8cdedaf642bd22d7a517e3269c9d44bf9e99348fb19e59a8a411bdbda9e5f1e2271353d891d9b6c457628a8f78671
x-tt-trace-id: 00-24123100062088CB49E7DD4CB97D68BC-269D5BE62CEF01A9-00
X-Origin-Response-Time: 26,23.218.219.26
X-Akamai-Request-ID: 128f99b2.69f7f24
Expires: Tue, 31 Dec 2024 00:06:20 GMT
Cache-Control: max-age=0, no-cache, no-store
Pragma: no-cache
Date: Tue, 31 Dec 2024 00:06:20 GMT
X-Cache: TCP_MISS from a95-101-134-92.deploy.akamaitechnologies.com (AkamaiGHost/11.7.2.1-9611f29bef89eba7b18045b10aa2af98) (-)
Connection: close
X-Cache-Remote: TCP_MISS from a23-218-219-26.deploy.akamaitechnologies.com (AkamaiGHost/11.7.2.1-9611f29bef89eba7b18045b10aa2af98) (-)
x-tt-trace-tag: id=16;cdn-cache=miss;type=dyn
Server-Timing: cdn-cache; desc=MISS, edge; dur=82, origin; dur=26
Server-Timing: inner; dur=22
X-Parent-Response-Time: 108,95.101.134.92

{"code": 0, "message": "OK", "request_id": "2024123100062088CB49E7DD4CB97D68BC", "data": {}}
2024-12-31T00:06:20+00:00 DEBUG Tt4b_Pixel_Class::inject_view_content_event: hit ViewContent
2024-12-31T00:06:20+00:00 DEBUG POST: https://business-api.tiktok.com/open_api/v1.3/event/track/

{"partner_name":"WooCommerce","event_source":"web","event_source_id":"CSM79Q3C77UAG1T340I0","data":[{"event":"ViewContent","event_id":"6773357c8f0b8_tt4b_woocommerce_670666209cf1f_4173","event_time":1735603580,"user":{"ip":"62.210.13.154","user_agent":"WP Rocket\/Preload","locale":"ar","external_id":"0","email":"e3b0c44298fc1c149afbf4c8996fb92427ae41e4649b934ca495991b7852b855","phone_number":"e3b0c44298fc1c149afbf4c8996fb92427ae41e4649b934ca495991b7852b855","first_name":"e3b0c44298fc1c149afbf4c8996fb92427ae41e4649b934ca495991b7852b855","last_name":"e3b0c44298fc1c149afbf4c8996fb92427ae41e4649b934ca495991b7852b855","zip_code":"e3b0c44298fc1c149afbf4c8996fb92427ae41e4649b934ca495991b7852b855"},"properties":{"contents":[{"price":65,"quantity":1,"content_id":"4173","content_name":"\u0633\u062c\u0644\u0627\u062a \u0645\u0627\u062f\u0629 \u0627\u0644\u0627\u062d\u064a\u0627\u0621","description":". \u0637\u0628\u0627\u0639\u0647 \u0633\u062c\u0644\u0627\u062a \u0645\u062f\u0631\u0633\u064a\u0629 \u0627\u062d\u062a\u0631\u0627\u0641\u064a\u0629 \u062e\u0627\u0645\u062a\u0647\u0627 \u0643\u0631\u062a\u0648\u0646 2000 \u062c\u0631\u0627\u0645,\u062a\u0636\u0627\u0641 \u0637\u0628\u0642\u0629 \u062d\u0645\u0627\u064a\u0647 \u0627\u0633\u062a\u064a\u0643\u0631 \u0645\u0639 \u0633\u0644\u0648\u0641\u0627\u0646 \u0644\u0627\u0645\u0639.\r\n. \u0645\u062a\u0648\u0641\u0631 \u0628 \u0627\u062d\u062c\u0627\u0645 \u0645\u062e\u062a\u0644\u0641\u0647 ( \u0635\u063a\u064a\u0631, \u0648\u0633\u0637 , \u0643\u0628\u064a\u0631 ).\r\n. \u064a\u062a\u0633\u0639 \u0627\u0644\u0645\u0642\u0627\u0633 \u0627\u0644\u0635\u063a\u064a\u0631 ( \u0645\u0646 50 \u0627\u0644\u0649 150 \u0648\u0631\u0642\u0629 )\r\n. \u064a\u062a\u0633\u0639 \u0627\u0644\u0648\u0633\u0637 ( \u0645\u0646 150 \u0627\u0644\u0649 300 \u0648\u0631\u0642\u0629 )\r\n. \u0627\u0644\u0643\u0628\u064a\u0631 ( \u0645\u0646 300 \u0627\u0644\u0649 400 \u0648\u0631\u0642\u0629 ).\r\n. \u0645\u062f\u0629 \u0627\u0644\u062a\u0646\u0641\u064a\u0630 : 3-5 \u0627\u064a\u0627\u0645 \u0648\u062a\u0632\u064a\u062f \u0627\u0644\u0645\u062f\u0629 \u0639\u0646 \u0637\u0644\u0628 \u0627\u0644\u0634\u062d\u0646.","availability":"IN_STOCK","sale_price":65,"on_sale":false}],"content_type":"product","currency":"SAR","value":65,"event_trigger_source":"WooCommerce"},"page":{"url":"http:\/\/www.ibn-sinaa.com\/product\/biology-records\/"}}]}
 ajax: no
2024-12-31T00:06:20+00:00 DEBUG Tt4b_Mapi_Class::mapi_post: Response: 

HTTP/1.1 200 OK
Server: nginx
Content-Type: application/json
Content-Length: 92
X-Tt-Logid: 2024123100062058702699D85129D770B0
x-tt-trace-host: 018e5a586174a888928d793bdac74b79b519a86797e72c2eba011e03e23beee17dd7bcf481031583f8a86de7171413ab78059182a299a2e844066bca211469dd24e49246caf9d8cec4c049b25cd020cb1bff758b9c7873c590b4805e1d61bbfd5a9c450c458d6050676d6a09e9c4d227ca
x-tt-trace-id: 00-24123100062058702699D85129D770B0-34D323B8747A254B-00
X-Origin-Response-Time: 32,23.52.15.170
X-Akamai-Request-ID: 696622ab.68bf484
Expires: Tue, 31 Dec 2024 00:06:20 GMT
Cache-Control: max-age=0, no-cache, no-store
Pragma: no-cache
Date: Tue, 31 Dec 2024 00:06:20 GMT
X-Cache: TCP_MISS from a95-101-134-116.deploy.akamaitechnologies.com (AkamaiGHost/11.7.2.1-9611f29bef89eba7b18045b10aa2af98) (-)
Connection: close
X-Cache-Remote: TCP_MISS from a23-52-15-170.deploy.akamaitechnologies.com (AkamaiGHost/11.7.2.1-9611f29bef89eba7b18045b10aa2af98) (-)
x-tt-trace-tag: id=16;cdn-cache=miss;type=dyn
Server-Timing: cdn-cache; desc=MISS, edge; dur=83, origin; dur=32
Server-Timing: inner; dur=28
X-Parent-Response-Time: 115,95.101.134.116

{"code": 0, "message": "OK", "request_id": "2024123100062058702699D85129D770B0", "data": {}}
2024-12-31T00:10:15+00:00 DEBUG POST: https://business-api.tiktok.com/open_api/v1.3/event/track/

{"partner_name":"WooCommerce","event_source":"web","event_source_id":"CSM79Q3C77UAG1T340I0","data":[{"event":"Pageview","event_id":"67733667bb796_tt4b_woocommerce_670666209cf1f","event_time":1735603815,"user":{"ip":"62.210.13.154","user_agent":"WP Rocket\/Preload","locale":"ar","external_id":"0","email":"e3b0c44298fc1c149afbf4c8996fb92427ae41e4649b934ca495991b7852b855","phone_number":"e3b0c44298fc1c149afbf4c8996fb92427ae41e4649b934ca495991b7852b855","first_name":"e3b0c44298fc1c149afbf4c8996fb92427ae41e4649b934ca495991b7852b855","last_name":"e3b0c44298fc1c149afbf4c8996fb92427ae41e4649b934ca495991b7852b855","zip_code":"e3b0c44298fc1c149afbf4c8996fb92427ae41e4649b934ca495991b7852b855"},"page":{"url":"http:\/\/www.ibn-sinaa.com\/product-tag\/%D8%B7%D8%A8%D8%A7%D8%B9%D8%A9-%D8%A7%D9%83%D9%88%D8%A7%D8%A8\/"}}]}
 ajax: no
2024-12-31T00:10:15+00:00 DEBUG Tt4b_Mapi_Class::mapi_post: Response: 

HTTP/1.1 200 OK
Server: nginx
Content-Type: application/json
Content-Length: 92
X-Tt-Logid: 202412310010151631BBF714601727A203
Server-Timing: inner; dur=21
x-tt-trace-host: 018e5a586174a888928d793bdac74b79b51a437ee89a1c03eb2011d034a2e3e9f5dadaaba3a440952660d86bad856ea894f0ca762242c69f7a77809b4934536bdb61a03ad35bb817d319f60adadc412e7cf64f1a73ca312ee0269d9a304f9bf383
x-tt-trace-id: 00-2412310010151631BBF714601727A203-5221A0887BE28798-00
Expires: Tue, 31 Dec 2024 00:10:15 GMT
Cache-Control: max-age=0, no-cache, no-store
Pragma: no-cache
Date: Tue, 31 Dec 2024 00:10:15 GMT
X-Cache: TCP_MISS from a95-101-134-92.deploy.akamaitechnologies.com (AkamaiGHost/11.7.2.1-9611f29bef89eba7b18045b10aa2af98) (-)
Connection: close
x-tt-trace-tag: id=16;cdn-cache=miss;type=dyn
Server-Timing: cdn-cache; desc=MISS, edge; dur=0, origin; dur=103
X-Origin-Response-Time: 103,95.101.134.92
X-Akamai-Request-ID: 6aaa5b1

{"code": 0, "message": "OK", "request_id": "202412310010151631BBF714601727A203", "data": {}}
2024-12-31T00:10:44+00:00 DEBUG POST: https://business-api.tiktok.com/open_api/v1.3/event/track/

{"partner_name":"WooCommerce","event_source":"web","event_source_id":"CSM79Q3C77UAG1T340I0","data":[{"event":"Pageview","event_id":"67733684b4d14_tt4b_woocommerce_670666209cf1f","event_time":1735603844,"user":{"ip":"85.208.96.206","user_agent":"Mozilla\/5.0 (compatible; SemrushBot\/7~bl; +http:\/\/www.semrush.com\/bot.html)","locale":"ar","external_id":"0","email":"e3b0c44298fc1c149afbf4c8996fb92427ae41e4649b934ca495991b7852b855","phone_number":"e3b0c44298fc1c149afbf4c8996fb92427ae41e4649b934ca495991b7852b855","first_name":"e3b0c44298fc1c149afbf4c8996fb92427ae41e4649b934ca495991b7852b855","last_name":"e3b0c44298fc1c149afbf4c8996fb92427ae41e4649b934ca495991b7852b855","zip_code":"e3b0c44298fc1c149afbf4c8996fb92427ae41e4649b934ca495991b7852b855"},"page":{"url":"http:\/\/mail.ibn-sinaa.com\/product-tag\/%D8%A7%D8%B8%D8%B1%D9%81-%D8%AA%D8%AC%D8%A7%D8%B1%D9%8A%D8%A9\/"}}]}
 ajax: no
2024-12-31T00:10:44+00:00 DEBUG Tt4b_Mapi_Class::mapi_post: Response: 

HTTP/1.1 200 OK
Server: nginx
Content-Type: application/json
Content-Length: 92
X-Tt-Logid: 2024123100104484DC03DDB931A5B0C48F
Server-Timing: inner; dur=80
x-tt-trace-host: 018e5a586174a888928d793bdac74b79b51a437ee89a1c03eb2011d034a2e3e9f58d65517240c15757ba66944525e6429b7ebbe52c9743c3fe7139962cdca1ca30cc66eb09cd2e0f82aeb5e8fd8204430d1da11c45fd80d1120b452d5afb076adf
x-tt-trace-id: 00-24123100104484DC03DDB931A5B0C48F-5F66EF08599EBA0D-00
Expires: Tue, 31 Dec 2024 00:10:44 GMT
Cache-Control: max-age=0, no-cache, no-store
Pragma: no-cache
Date: Tue, 31 Dec 2024 00:10:44 GMT
X-Cache: TCP_MISS from a95-101-134-92.deploy.akamaitechnologies.com (AkamaiGHost/11.7.2.1-9611f29bef89eba7b18045b10aa2af98) (-)
Connection: close
x-tt-trace-tag: id=16;cdn-cache=miss;type=dyn
Server-Timing: cdn-cache; desc=MISS, edge; dur=0, origin; dur=161
X-Origin-Response-Time: 161,95.101.134.92
X-Akamai-Request-ID: 6acc1bf

{"code": 0, "message": "OK", "request_id": "2024123100104484DC03DDB931A5B0C48F", "data": {}}
2024-12-31T00:10:48+00:00 DEBUG POST: https://business-api.tiktok.com/open_api/v1.3/event/track/

{"partner_name":"WooCommerce","event_source":"web","event_source_id":"CSM79Q3C77UAG1T340I0","data":[{"event":"Pageview","event_id":"67733688755fb_tt4b_woocommerce_670666209cf1f","event_time":1735603848,"user":{"ip":"85.208.96.193","user_agent":"Mozilla\/5.0 (compatible; SemrushBot\/7~bl; +http:\/\/www.semrush.com\/bot.html)","locale":"ar","external_id":"0","email":"e3b0c44298fc1c149afbf4c8996fb92427ae41e4649b934ca495991b7852b855","phone_number":"e3b0c44298fc1c149afbf4c8996fb92427ae41e4649b934ca495991b7852b855","first_name":"e3b0c44298fc1c149afbf4c8996fb92427ae41e4649b934ca495991b7852b855","last_name":"e3b0c44298fc1c149afbf4c8996fb92427ae41e4649b934ca495991b7852b855","zip_code":"e3b0c44298fc1c149afbf4c8996fb92427ae41e4649b934ca495991b7852b855"},"page":{"url":"http:\/\/www.ibn-sinaa.com\/product-tag\/%D8%A7%D8%B8%D8%B1%D9%81-%D8%AA%D8%AC%D8%A7%D8%B1%D9%8A%D8%A9\/"}}]}
 ajax: no
2024-12-31T00:10:48+00:00 DEBUG Tt4b_Mapi_Class::mapi_post: Response: 

HTTP/1.1 200 OK
Server: nginx
Content-Type: application/json
Content-Length: 92
X-Tt-Logid: 202412310010481D606A5D461EC51F3E3E
x-tt-trace-host: 018e5a586174a888928d793bdac74b79b519a86797e72c2eba011e03e23beee17d0e61a8be85fc5a25d14d11b3e9ea9740046a54aee638f365e599c4fe2d2f23ffab7f7f4a25da6b040f7dfb6a517c0c1bb9fa4238ae504da5024b0ecd8311c065ff4978305283d68929873fd7549ac0ab
x-tt-trace-id: 00-2412310010481D606A5D461EC51F3E3E-46EFAAB669E17695-00
X-Origin-Response-Time: 33,23.52.15.172
X-Akamai-Request-ID: 24c9a500.6955291
Expires: Tue, 31 Dec 2024 00:10:48 GMT
Cache-Control: max-age=0, no-cache, no-store
Pragma: no-cache
Date: Tue, 31 Dec 2024 00:10:48 GMT
X-Cache: TCP_MISS from a95-101-134-116.deploy.akamaitechnologies.com (AkamaiGHost/11.7.2.1-9611f29bef89eba7b18045b10aa2af98) (-)
Connection: close
X-Cache-Remote: TCP_MISS from a23-52-15-172.deploy.akamaitechnologies.com (AkamaiGHost/11.7.2.1-9611f29bef89eba7b18045b10aa2af98) (-)
x-tt-trace-tag: id=16;cdn-cache=miss;type=dyn
Server-Timing: cdn-cache; desc=MISS, edge; dur=81, origin; dur=33
Server-Timing: inner; dur=28
X-Parent-Response-Time: 113,95.101.134.116

{"code": 0, "message": "OK", "request_id": "202412310010481D606A5D461EC51F3E3E", "data": {}}
2024-12-31T00:11:43+00:00 DEBUG POST: https://business-api.tiktok.com/open_api/v1.3/event/track/

{"partner_name":"WooCommerce","event_source":"web","event_source_id":"CSM79Q3C77UAG1T340I0","data":[{"event":"Pageview","event_id":"677336bf96b2e_tt4b_woocommerce_670666209cf1f","event_time":1735603903,"user":{"ip":"52.167.144.175","user_agent":"Mozilla\/5.0 AppleWebKit\/537.36 (KHTML, like Gecko; compatible; bingbot\/2.0; +http:\/\/www.bing.com\/bingbot.htm) Chrome\/116.0.1938.76 Safari\/537.36","locale":"ar","external_id":"0","email":"e3b0c44298fc1c149afbf4c8996fb92427ae41e4649b934ca495991b7852b855","phone_number":"e3b0c44298fc1c149afbf4c8996fb92427ae41e4649b934ca495991b7852b855","first_name":"e3b0c44298fc1c149afbf4c8996fb92427ae41e4649b934ca495991b7852b855","last_name":"e3b0c44298fc1c149afbf4c8996fb92427ae41e4649b934ca495991b7852b855","zip_code":"e3b0c44298fc1c149afbf4c8996fb92427ae41e4649b934ca495991b7852b855"},"page":{"url":"http:\/\/mail.ibn-sinaa.com\/product\/print-invoices\/"}}]}
 ajax: no
2024-12-31T00:11:43+00:00 DEBUG Tt4b_Mapi_Class::mapi_post: Response: 

HTTP/1.1 200 OK
Server: nginx
Content-Type: application/json
Content-Length: 92
X-Tt-Logid: 20241231001143C9245AB54847E5652B73
Server-Timing: inner; dur=25
x-tt-trace-host: 018e5a586174a888928d793bdac74b79b51a437ee89a1c03eb2011d034a2e3e9f5e1ddd66a7c96704f4ba66c4d18805d314eb41fbb1c7e03337ec6c33ba3172c3782d77757c1f9e96cde67df9fb5f6b70459d927e7f6f99135fe4b5b2fd47fe74b
x-tt-trace-id: 00-241231001143C9245AB54847E5652B73-27E6E7CB618B6DCE-00
Expires: Tue, 31 Dec 2024 00:11:43 GMT
Cache-Control: max-age=0, no-cache, no-store
Pragma: no-cache
Date: Tue, 31 Dec 2024 00:11:43 GMT
X-Cache: TCP_MISS from a95-101-134-92.deploy.akamaitechnologies.com (AkamaiGHost/11.7.2.1-9611f29bef89eba7b18045b10aa2af98) (-)
Connection: close
x-tt-trace-tag: id=16;cdn-cache=miss;type=dyn
Server-Timing: cdn-cache; desc=MISS, edge; dur=1, origin; dur=107
X-Origin-Response-Time: 107,95.101.134.92
X-Akamai-Request-ID: 6afd5c9

{"code": 0, "message": "OK", "request_id": "20241231001143C9245AB54847E5652B73", "data": {}}
2024-12-31T00:11:43+00:00 DEBUG Tt4b_Pixel_Class::inject_view_content_event: hit ViewContent
2024-12-31T00:11:43+00:00 DEBUG POST: https://business-api.tiktok.com/open_api/v1.3/event/track/

{"partner_name":"WooCommerce","event_source":"web","event_source_id":"CSM79Q3C77UAG1T340I0","data":[{"event":"ViewContent","event_id":"677336bfd8c2b_tt4b_woocommerce_670666209cf1f_3593","event_time":1735603903,"user":{"ip":"52.167.144.175","user_agent":"Mozilla\/5.0 AppleWebKit\/537.36 (KHTML, like Gecko; compatible; bingbot\/2.0; +http:\/\/www.bing.com\/bingbot.htm) Chrome\/116.0.1938.76 Safari\/537.36","locale":"ar","external_id":"0","email":"e3b0c44298fc1c149afbf4c8996fb92427ae41e4649b934ca495991b7852b855","phone_number":"e3b0c44298fc1c149afbf4c8996fb92427ae41e4649b934ca495991b7852b855","first_name":"e3b0c44298fc1c149afbf4c8996fb92427ae41e4649b934ca495991b7852b855","last_name":"e3b0c44298fc1c149afbf4c8996fb92427ae41e4649b934ca495991b7852b855","zip_code":"e3b0c44298fc1c149afbf4c8996fb92427ae41e4649b934ca495991b7852b855"},"properties":{"contents":[{"price":180,"quantity":1,"content_id":"3593","content_name":"\u0637\u0628\u0627\u0639\u0629 \u0641\u0648\u0627\u062a\u064a\u0631","description":"\u0637\u0628\u0627\u0639\u0629 \u062f\u0641\u0627\u062a\u0631 \u0641\u0648\u0627\u062a\u064a\u0631 \u0645\u0642\u0627\u0633 A5, \u0639\u062f\u062f \u0635\u0641\u062d\u0627\u062a 100 \u0635\u0641\u062d\u0629 ( \u0627\u0635\u0644 + \u0635\u0648\u0631\u0629 ).\r\n\u0623\u0642\u0644 \u0643\u0645\u064a\u0629 \u0644\u0644\u0637\u0644\u0628 \u0647\u064a 10 \u062f\u0641\u0627\u062a\u0631.\r\n\u0645\u062f\u0629 \u0627\u0644\u062a\u0646\u0641\u064a\u0630: \u0645\u0646 5 \u0625\u0644\u0649 7 \u0623\u064a\u0627\u0645 \u0639\u0645\u0644 \u0628\u0639\u062f \u0627\u0639\u062a\u0645\u0627\u062f \u0627\u0644\u0637\u0644\u0628 \u0648\u0627\u0644\u062a\u0635\u0645\u064a\u0645 \u062d\u0633\u0628 \u0627\u0644\u0643\u0645\u064a\u0629 (\u062a\u0632\u064a\u062f \u0627\u0644\u0645\u062f\u0629 \u0639\u0646\u062f \u0637\u0644\u0628 \u0627\u0644\u0634\u062d\u0646).","availability":"IN_STOCK","sale_price":180,"on_sale":false}],"content_type":"product","currency":"SAR","value":180,"event_trigger_source":"WooCommerce"},"page":{"url":"http:\/\/mail.ibn-sinaa.com\/product\/print-invoices\/"}}]}
 ajax: no
2024-12-31T00:11:44+00:00 DEBUG Tt4b_Mapi_Class::mapi_post: Response: 

HTTP/1.1 200 OK
Server: nginx
Content-Type: application/json
Content-Length: 92
X-Tt-Logid: 202412310011432B04A217BC0086A785F8
x-tt-trace-host: 018e5a586174a888928d793bdac74b79b519a86797e72c2eba011e03e23beee17dcf24f51a3f66ece77f80810e3829c480e520f37bb58bebf6c37f02099d006805ad7bcdf9f5f568aaeb0f3e4c44c36e77310eef19c202f2a7218e4ee0b52f5cfc195fa60ce671afc951f81495c8747c14
x-tt-trace-id: 00-2412310011432B04A217BC0086A785F8-529B2F8615A11EB6-00
X-Origin-Response-Time: 34,23.218.219.5
X-Akamai-Request-ID: bfdfd6f.697332f
Expires: Tue, 31 Dec 2024 00:11:44 GMT
Cache-Control: max-age=0, no-cache, no-store
Pragma: no-cache
Date: Tue, 31 Dec 2024 00:11:44 GMT
X-Cache: TCP_MISS from a95-101-134-116.deploy.akamaitechnologies.com (AkamaiGHost/11.7.2.1-9611f29bef89eba7b18045b10aa2af98) (-)
Connection: close
X-Cache-Remote: TCP_MISS from a23-218-219-5.deploy.akamaitechnologies.com (AkamaiGHost/11.7.2.1-9611f29bef89eba7b18045b10aa2af98) (-)
x-tt-trace-tag: id=16;cdn-cache=miss;type=dyn
Server-Timing: cdn-cache; desc=MISS, edge; dur=89, origin; dur=34
Server-Timing: inner; dur=27
X-Parent-Response-Time: 123,95.101.134.116

{"code": 0, "message": "OK", "request_id": "202412310011432B04A217BC0086A785F8", "data": {}}
2024-12-31T00:11:50+00:00 DEBUG POST: https://business-api.tiktok.com/open_api/v1.3/event/track/

{"partner_name":"WooCommerce","event_source":"web","event_source_id":"CSM79Q3C77UAG1T340I0","data":[{"event":"Pageview","event_id":"677336c694378_tt4b_woocommerce_670666209cf1f","event_time":1735603910,"user":{"ip":"62.210.13.154","user_agent":"WP Rocket\/Preload","locale":"ar","external_id":"0","email":"e3b0c44298fc1c149afbf4c8996fb92427ae41e4649b934ca495991b7852b855","phone_number":"e3b0c44298fc1c149afbf4c8996fb92427ae41e4649b934ca495991b7852b855","first_name":"e3b0c44298fc1c149afbf4c8996fb92427ae41e4649b934ca495991b7852b855","last_name":"e3b0c44298fc1c149afbf4c8996fb92427ae41e4649b934ca495991b7852b855","zip_code":"e3b0c44298fc1c149afbf4c8996fb92427ae41e4649b934ca495991b7852b855"},"page":{"url":"http:\/\/www.ibn-sinaa.com\/product\/roll-x-banner\/"}}]}
 ajax: no
2024-12-31T00:11:50+00:00 DEBUG Tt4b_Mapi_Class::mapi_post: Response: 

HTTP/1.1 200 OK
Server: nginx
Content-Type: application/json
Content-Length: 92
X-Tt-Logid: 202412310011502DB0C824CBEB412111EE
x-tt-trace-host: 018e5a586174a888928d793bdac74b79b519a86797e72c2eba011e03e23beee17d7fa9aa374f84f251c9730c186b5599650398e46a1e299a304f1314fd4734ccf2fe0b6c240635fc9ab102c232810e733535a2c1bf62fec0ec3fa158b79e078582949e8240df8642320a349c55f99b8d39
x-tt-trace-id: 00-2412310011502DB0C824CBEB412111EE-7D6EECED3B5AF5E2-00
X-Origin-Response-Time: 35,23.218.219.6
X-Akamai-Request-ID: 7def927a.6976a1a
Expires: Tue, 31 Dec 2024 00:11:50 GMT
Cache-Control: max-age=0, no-cache, no-store
Pragma: no-cache
Date: Tue, 31 Dec 2024 00:11:50 GMT
X-Cache: TCP_MISS from a95-101-134-116.deploy.akamaitechnologies.com (AkamaiGHost/11.7.2.1-9611f29bef89eba7b18045b10aa2af98) (-)
Connection: close
X-Cache-Remote: TCP_MISS from a23-218-219-6.deploy.akamaitechnologies.com (AkamaiGHost/11.7.2.1-9611f29bef89eba7b18045b10aa2af98) (-)
x-tt-trace-tag: id=16;cdn-cache=miss;type=dyn
Server-Timing: cdn-cache; desc=MISS, edge; dur=81, origin; dur=35
Server-Timing: inner; dur=31
X-Parent-Response-Time: 116,95.101.134.116

{"code": 0, "message": "OK", "request_id": "202412310011502DB0C824CBEB412111EE", "data": {}}
2024-12-31T00:11:50+00:00 DEBUG Tt4b_Pixel_Class::inject_view_content_event: hit ViewContent
2024-12-31T00:11:50+00:00 DEBUG POST: https://business-api.tiktok.com/open_api/v1.3/event/track/

{"partner_name":"WooCommerce","event_source":"web","event_source_id":"CSM79Q3C77UAG1T340I0","data":[{"event":"ViewContent","event_id":"677336c6d6a9b_tt4b_woocommerce_670666209cf1f_4269","event_time":1735603910,"user":{"ip":"62.210.13.154","user_agent":"WP Rocket\/Preload","locale":"ar","external_id":"0","email":"e3b0c44298fc1c149afbf4c8996fb92427ae41e4649b934ca495991b7852b855","phone_number":"e3b0c44298fc1c149afbf4c8996fb92427ae41e4649b934ca495991b7852b855","first_name":"e3b0c44298fc1c149afbf4c8996fb92427ae41e4649b934ca495991b7852b855","last_name":"e3b0c44298fc1c149afbf4c8996fb92427ae41e4649b934ca495991b7852b855","zip_code":"e3b0c44298fc1c149afbf4c8996fb92427ae41e4649b934ca495991b7852b855"},"properties":{"contents":[{"price":80,"quantity":1,"content_id":"4269","content_name":"\u0631\u0648\u0644 \u0627\u0643\u0633 \u0628\u0646\u0631 \u0645\u0639 \u062d\u0627\u0645\u0644 \u062e\u0627\u0632\u0646 \u0645\u0627\u0621","description":"\u0631\u0648\u0644 \u0627\u0628 \u0645\u064a\u0646\u064a \u0645\u0642\u0627\u0633\u0627\u062a \u0645\u062a\u0646\u0648\u0639\u0629.\r\n\u0627\u0644\u062e\u0627\u0645\u0629 \u0628\u0648\u0633\u062a\u0631.\r\n\u0645\u062f\u0629 \u0627\u0644\u062a\u0646\u0641\u064a\u0630: \u0645\u0646 3 \u0625\u0644\u0649 5 \u0623\u064a\u0627\u0645 \u0639\u0645\u0644 \u0628\u0639\u062f \u0627\u0639\u062a\u0645\u0627\u062f \u0627\u0644\u062a\u0635\u0645\u064a\u0645 \u0648\u0627\u0644\u0637\u0644\u0628 \u062d\u0633\u0628 \u0627\u0644\u0643\u0645\u064a\u0629 (\u062a\u0632\u064a\u062f \u0627\u0644\u0645\u062f\u0629 \u0639\u0646\u062f \u0637\u0644\u0628 \u0627\u0644\u0634\u062d\u0646).","availability":"IN_STOCK","sale_price":80,"on_sale":false}],"content_type":"product","currency":"SAR","value":80,"event_trigger_source":"WooCommerce"},"page":{"url":"http:\/\/www.ibn-sinaa.com\/product\/roll-x-banner\/"}}]}
 ajax: no
2024-12-31T00:11:51+00:00 DEBUG Tt4b_Mapi_Class::mapi_post: Response: 

HTTP/1.1 200 OK
Server: nginx
Content-Type: application/json
Content-Length: 92
X-Tt-Logid: 2024123100115002A1903FBA8BB09B1D57
x-tt-trace-host: 018e5a586174a888928d793bdac74b79b56517d7628cf0ffdff56b078ad2cf5615ddd5f71ea8921c750adfcc80749fccb426e78e97e83b39d4596b03ebebb1fc74d7bf08f88773f5abb10f51b729a7f9620b935010e285950ecdc71c4f5660621b5d0d16c4d31c011d01d9ea662105fe85
x-tt-trace-id: 00-24123100115002A1903FBA8BB09B1D57-1A9B1D945BDF4B00-00
X-Origin-Response-Time: 32,23.218.219.58
X-Akamai-Request-ID: 7d7c9a8.6b027e4
Expires: Tue, 31 Dec 2024 00:11:51 GMT
Cache-Control: max-age=0, no-cache, no-store
Pragma: no-cache
Date: Tue, 31 Dec 2024 00:11:51 GMT
X-Cache: TCP_MISS from a95-101-134-92.deploy.akamaitechnologies.com (AkamaiGHost/11.7.2.1-9611f29bef89eba7b18045b10aa2af98) (-)
Connection: close
X-Cache-Remote: TCP_MISS from a23-218-219-58.deploy.akamaitechnologies.com (AkamaiGHost/11.7.2.1-9611f29bef89eba7b18045b10aa2af98) (-)
x-tt-trace-tag: id=16;cdn-cache=miss;type=dyn
Server-Timing: cdn-cache; desc=MISS, edge; dur=82, origin; dur=31
Server-Timing: inner; dur=25
X-Parent-Response-Time: 113,95.101.134.92

{"code": 0, "message": "OK", "request_id": "2024123100115002A1903FBA8BB09B1D57", "data": {}}
2024-12-31T00:11:59+00:00 DEBUG POST: https://business-api.tiktok.com/open_api/v1.3/event/track/

{"partner_name":"WooCommerce","event_source":"web","event_source_id":"CSM79Q3C77UAG1T340I0","data":[{"event":"Pageview","event_id":"677336cf3f0a9_tt4b_woocommerce_670666209cf1f","event_time":1735603919,"user":{"ip":"51.222.253.18","user_agent":"Mozilla\/5.0 (compatible; AhrefsBot\/7.0; +http:\/\/ahrefs.com\/robot\/)","locale":"ar","external_id":"0","email":"e3b0c44298fc1c149afbf4c8996fb92427ae41e4649b934ca495991b7852b855","phone_number":"e3b0c44298fc1c149afbf4c8996fb92427ae41e4649b934ca495991b7852b855","first_name":"e3b0c44298fc1c149afbf4c8996fb92427ae41e4649b934ca495991b7852b855","last_name":"e3b0c44298fc1c149afbf4c8996fb92427ae41e4649b934ca495991b7852b855","zip_code":"e3b0c44298fc1c149afbf4c8996fb92427ae41e4649b934ca495991b7852b855"},"page":{"url":"http:\/\/www.ibn-sinaa.com\/product-tag\/%D8%A8%D8%B1%D8%B4%D9%88%D8%B1\/"}}]}
 ajax: no
2024-12-31T00:11:59+00:00 DEBUG Tt4b_Mapi_Class::mapi_post: Response: 

HTTP/1.1 200 OK
Server: nginx
Content-Type: application/json
Content-Length: 92
X-Tt-Logid: 20241231001159611EDF74C8F9598D28F6
Server-Timing: inner; dur=113
x-tt-trace-host: 018e5a586174a888928d793bdac74b79b51a437ee89a1c03eb2011d034a2e3e9f5e605282d1e7f2061845146ea3a3495425b71892a952912d1aa12cd95d20c672b787ea5a9c9369c55affc3ca23da3cfa4c2e21efcde19f18ec3f55a49432a87ac
x-tt-trace-id: 00-241231001159611EDF74C8F9598D28F6-76FB97C834A80FBE-00
Expires: Tue, 31 Dec 2024 00:11:59 GMT
Cache-Control: max-age=0, no-cache, no-store
Pragma: no-cache
Date: Tue, 31 Dec 2024 00:11:59 GMT
X-Cache: TCP_MISS from a95-101-134-92.deploy.akamaitechnologies.com (AkamaiGHost/11.7.2.1-9611f29bef89eba7b18045b10aa2af98) (-)
Connection: close
x-tt-trace-tag: id=16;cdn-cache=miss;type=dyn
Server-Timing: cdn-cache; desc=MISS, edge; dur=2, origin; dur=192
X-Origin-Response-Time: 193,95.101.134.92
X-Akamai-Request-ID: 6b08446

{"code": 0, "message": "OK", "request_id": "20241231001159611EDF74C8F9598D28F6", "data": {}}
2024-12-31T00:13:40+00:00 DEBUG POST: https://business-api.tiktok.com/open_api/v1.3/event/track/

{"partner_name":"WooCommerce","event_source":"web","event_source_id":"CSM79Q3C77UAG1T340I0","data":[{"event":"Pageview","event_id":"67733734ea45a_tt4b_woocommerce_670666209cf1f","event_time":1735604020,"user":{"ip":"62.210.13.154","user_agent":"WP Rocket\/Preload","locale":"ar","external_id":"0","email":"e3b0c44298fc1c149afbf4c8996fb92427ae41e4649b934ca495991b7852b855","phone_number":"e3b0c44298fc1c149afbf4c8996fb92427ae41e4649b934ca495991b7852b855","first_name":"e3b0c44298fc1c149afbf4c8996fb92427ae41e4649b934ca495991b7852b855","last_name":"e3b0c44298fc1c149afbf4c8996fb92427ae41e4649b934ca495991b7852b855","zip_code":"e3b0c44298fc1c149afbf4c8996fb92427ae41e4649b934ca495991b7852b855"},"page":{"url":"http:\/\/www.ibn-sinaa.com\/product\/school-records-physics\/"}}]}
 ajax: no
2024-12-31T00:13:41+00:00 DEBUG Tt4b_Mapi_Class::mapi_post: Response: 

HTTP/1.1 200 OK
Server: nginx
Content-Type: application/json
Content-Length: 92
X-Tt-Logid: 20241231001341E42F7BDD28D1C743B557
x-tt-trace-host: 018e5a586174a888928d793bdac74b79b519a86797e72c2eba011e03e23beee17d06fc992dc98fa48327f62ef3b896bec53afeb04b9bb48a307fe25a71374e20249ab76771252418e055ba40a07d963ebae827d87680472b65ca13d1b90486d3d840aa6b8ebf624345311c0a3bc7125078
x-tt-trace-id: 00-241231001341E42F7BDD28D1C743B557-02DB19E1309A6A47-00
X-Origin-Response-Time: 31,23.218.219.50
X-Akamai-Request-ID: 627fc5d2.69b1752
Expires: Tue, 31 Dec 2024 00:13:41 GMT
Cache-Control: max-age=0, no-cache, no-store
Pragma: no-cache
Date: Tue, 31 Dec 2024 00:13:41 GMT
X-Cache: TCP_MISS from a95-101-134-116.deploy.akamaitechnologies.com (AkamaiGHost/11.7.2.1-9611f29bef89eba7b18045b10aa2af98) (-)
Connection: close
X-Cache-Remote: TCP_MISS from a23-218-219-50.deploy.akamaitechnologies.com (AkamaiGHost/11.7.2.1-9611f29bef89eba7b18045b10aa2af98) (-)
x-tt-trace-tag: id=16;cdn-cache=miss;type=dyn
Server-Timing: cdn-cache; desc=MISS, edge; dur=80, origin; dur=31
Server-Timing: inner; dur=29
X-Parent-Response-Time: 111,95.101.134.116

{"code": 0, "message": "OK", "request_id": "20241231001341E42F7BDD28D1C743B557", "data": {}}
2024-12-31T00:13:41+00:00 DEBUG Tt4b_Pixel_Class::inject_view_content_event: hit ViewContent
2024-12-31T00:13:41+00:00 DEBUG POST: https://business-api.tiktok.com/open_api/v1.3/event/track/

{"partner_name":"WooCommerce","event_source":"web","event_source_id":"CSM79Q3C77UAG1T340I0","data":[{"event":"ViewContent","event_id":"677337353d7b7_tt4b_woocommerce_670666209cf1f_4125","event_time":1735604021,"user":{"ip":"62.210.13.154","user_agent":"WP Rocket\/Preload","locale":"ar","external_id":"0","email":"e3b0c44298fc1c149afbf4c8996fb92427ae41e4649b934ca495991b7852b855","phone_number":"e3b0c44298fc1c149afbf4c8996fb92427ae41e4649b934ca495991b7852b855","first_name":"e3b0c44298fc1c149afbf4c8996fb92427ae41e4649b934ca495991b7852b855","last_name":"e3b0c44298fc1c149afbf4c8996fb92427ae41e4649b934ca495991b7852b855","zip_code":"e3b0c44298fc1c149afbf4c8996fb92427ae41e4649b934ca495991b7852b855"},"properties":{"contents":[{"price":65,"quantity":1,"content_id":"4125","content_name":"\u0633\u062c\u0644\u0627\u062a \u0645\u0627\u062f\u0629 \u0627\u0644\u0641\u064a\u0632\u064a\u0627\u0621","description":". \u0637\u0628\u0627\u0639\u0647 \u0633\u062c\u0644\u0627\u062a \u0645\u062f\u0631\u0633\u064a\u0629 \u0627\u062d\u062a\u0631\u0627\u0641\u064a\u0629 \u062e\u0627\u0645\u062a\u0647\u0627 \u0643\u0631\u062a\u0648\u0646 2000 \u062c\u0631\u0627\u0645,\u062a\u0636\u0627\u0641 \u0637\u0628\u0642\u0629 \u062d\u0645\u0627\u064a\u0647 \u0627\u0633\u062a\u064a\u0643\u0631 \u0645\u0639 \u0633\u0644\u0648\u0641\u0627\u0646 \u0644\u0627\u0645\u0639.\r\n. \u0645\u062a\u0648\u0641\u0631 \u0628 \u0627\u062d\u062c\u0627\u0645 \u0645\u062e\u062a\u0644\u0641\u0647 ( \u0635\u063a\u064a\u0631, \u0648\u0633\u0637 , \u0643\u0628\u064a\u0631 ).\r\n. \u064a\u062a\u0633\u0639 \u0627\u0644\u0645\u0642\u0627\u0633 \u0627\u0644\u0635\u063a\u064a\u0631 ( \u0645\u0646 50 \u0627\u0644\u0649 150 \u0648\u0631\u0642\u0629 )\r\n. \u064a\u062a\u0633\u0639 \u0627\u0644\u0648\u0633\u0637 ( \u0645\u0646 150 \u0627\u0644\u0649 300 \u0648\u0631\u0642\u0629 )\r\n. \u0627\u0644\u0643\u0628\u064a\u0631 ( \u0645\u0646 300 \u0627\u0644\u0649 400 \u0648\u0631\u0642\u0629 ).\r\n. \u0645\u062f\u0629 \u0627\u0644\u062a\u0646\u0641\u064a\u0630 : 3-5 \u0627\u064a\u0627\u0645 \u0648\u062a\u0632\u064a\u062f \u0627\u0644\u0645\u062f\u0629 \u0639\u0646 \u0637\u0644\u0628 \u0627\u0644\u0634\u062d\u0646.","availability":"IN_STOCK","sale_price":65,"on_sale":false}],"content_type":"product","currency":"SAR","value":65,"event_trigger_source":"WooCommerce"},"page":{"url":"http:\/\/www.ibn-sinaa.com\/product\/school-records-physics\/"}}]}
 ajax: no
2024-12-31T00:13:41+00:00 DEBUG Tt4b_Mapi_Class::mapi_post: Response: 

HTTP/1.1 200 OK
Server: nginx
Content-Type: application/json
Content-Length: 92
X-Tt-Logid: 20241231001341E2C06B8F13006AC04736
Server-Timing: inner; dur=35
x-tt-trace-host: 018e5a586174a888928d793bdac74b79b51a437ee89a1c03eb2011d034a2e3e9f5a5de970541aafcb150875d67fe753ced88d2c9a456faaa33e8ec9ee2ae70e3fc45f91ba9dbd0c87b67545e92e40b842d95831c1d19ec816580edf4e7d16663f7
x-tt-trace-id: 00-241231001341E2C06B8F13006AC04736-27FFCEE760A3A51F-00
Expires: Tue, 31 Dec 2024 00:13:41 GMT
Cache-Control: max-age=0, no-cache, no-store
Pragma: no-cache
Date: Tue, 31 Dec 2024 00:13:41 GMT
X-Cache: TCP_MISS from a95-101-134-92.deploy.akamaitechnologies.com (AkamaiGHost/11.7.2.1-9611f29bef89eba7b18045b10aa2af98) (-)
Connection: close
x-tt-trace-tag: id=16;cdn-cache=miss;type=dyn
Server-Timing: cdn-cache; desc=MISS, edge; dur=0, origin; dur=114
X-Origin-Response-Time: 114,95.101.134.92
X-Akamai-Request-ID: 6b49fb4

{"code": 0, "message": "OK", "request_id": "20241231001341E2C06B8F13006AC04736", "data": {}}
2024-12-31T00:16:50+00:00 DEBUG POST: https://business-api.tiktok.com/open_api/v1.3/event/track/

{"partner_name":"WooCommerce","event_source":"web","event_source_id":"CSM79Q3C77UAG1T340I0","data":[{"event":"Pageview","event_id":"677337f2dc1d4_tt4b_woocommerce_670666209cf1f","event_time":1735604210,"user":{"ip":"62.210.13.154","user_agent":"WP Rocket\/Preload","locale":"ar","external_id":"0","email":"e3b0c44298fc1c149afbf4c8996fb92427ae41e4649b934ca495991b7852b855","phone_number":"e3b0c44298fc1c149afbf4c8996fb92427ae41e4649b934ca495991b7852b855","first_name":"e3b0c44298fc1c149afbf4c8996fb92427ae41e4649b934ca495991b7852b855","last_name":"e3b0c44298fc1c149afbf4c8996fb92427ae41e4649b934ca495991b7852b855","zip_code":"e3b0c44298fc1c149afbf4c8996fb92427ae41e4649b934ca495991b7852b855"},"page":{"url":"http:\/\/www.ibn-sinaa.com\/product\/teacher-group\/"}}]}
 ajax: no
2024-12-31T00:16:51+00:00 DEBUG Tt4b_Mapi_Class::mapi_post: Response: 

HTTP/1.1 200 OK
Server: nginx
Content-Type: application/json
Content-Length: 92
X-Tt-Logid: 202412310016509F430FC4F2DB519ADC4F
x-tt-trace-host: 018e5a586174a888928d793bdac74b79b56517d7628cf0ffdff56b078ad2cf56159b4e0f0e08aecf3ac846d2414a0ca84e43468a283310b1bcc924fa76fd6b1ae2505fea3347609abad8de6da7a9dc5043cacec4c12932f78b69e5e32368f317aa24504f46be6ff96b2538001567c282f6
x-tt-trace-id: 00-2412310016509F430FC4F2DB519ADC4F-3013C29B3C3FE8DA-00
X-Origin-Response-Time: 34,23.218.219.33
X-Akamai-Request-ID: 2442acb6.6bc26eb
Expires: Tue, 31 Dec 2024 00:16:51 GMT
Cache-Control: max-age=0, no-cache, no-store
Pragma: no-cache
Date: Tue, 31 Dec 2024 00:16:51 GMT
X-Cache: TCP_MISS from a95-101-134-92.deploy.akamaitechnologies.com (AkamaiGHost/11.7.2.1-9611f29bef89eba7b18045b10aa2af98) (-)
Connection: close
X-Cache-Remote: TCP_MISS from a23-218-219-33.deploy.akamaitechnologies.com (AkamaiGHost/11.7.2.1-9611f29bef89eba7b18045b10aa2af98) (-)
x-tt-trace-tag: id=16;cdn-cache=miss;type=dyn
Server-Timing: cdn-cache; desc=MISS, edge; dur=82, origin; dur=34
Server-Timing: inner; dur=28
X-Parent-Response-Time: 115,95.101.134.92

{"code": 0, "message": "OK", "request_id": "202412310016509F430FC4F2DB519ADC4F", "data": {}}
2024-12-31T00:16:51+00:00 DEBUG Tt4b_Pixel_Class::inject_view_content_event: hit ViewContent
2024-12-31T00:16:51+00:00 DEBUG POST: https://business-api.tiktok.com/open_api/v1.3/event/track/

{"partner_name":"WooCommerce","event_source":"web","event_source_id":"CSM79Q3C77UAG1T340I0","data":[{"event":"ViewContent","event_id":"677337f329d1d_tt4b_woocommerce_670666209cf1f_4220","event_time":1735604211,"user":{"ip":"62.210.13.154","user_agent":"WP Rocket\/Preload","locale":"ar","external_id":"0","email":"e3b0c44298fc1c149afbf4c8996fb92427ae41e4649b934ca495991b7852b855","phone_number":"e3b0c44298fc1c149afbf4c8996fb92427ae41e4649b934ca495991b7852b855","first_name":"e3b0c44298fc1c149afbf4c8996fb92427ae41e4649b934ca495991b7852b855","last_name":"e3b0c44298fc1c149afbf4c8996fb92427ae41e4649b934ca495991b7852b855","zip_code":"e3b0c44298fc1c149afbf4c8996fb92427ae41e4649b934ca495991b7852b855"},"properties":{"contents":[{"price":120,"quantity":1,"content_id":"4220","content_name":"\u0645\u062c\u0645\u0648\u0639\u0629 \u0627\u0644\u0645\u0639\u0644\u0645","description":"\u0627\u062c\u0639\u0644 \u064a\u0648\u0645\u0643 \u0627\u0644\u062f\u0631\u0627\u0633\u064a \u0623\u0643\u062b\u0631 \u062a\u0646\u0638\u064a\u0645\u064b\u0627 \u0648\u0641\u0627\u0639\u0644\u064a\u0629 \u0645\u0639 \u0645\u062c\u0645\u0648\u0639\u0647 \u0627\u0644\u0645\u0639\u0644\u0645 \u0645\u0646 \u0645\u062a\u062c\u0631 \u0645\u0643\u062a\u0628\u0629 \u0627\u0628\u0646 \u0633\u064a\u0646\u0627 \u0627\u0644\u0625\u0644\u0643\u062a\u0631\u0648\u0646\u064a. \u0647\u0630\u0647 \u0627\u0644\u0645\u062c\u0645\u0648\u0639\u0629 \u0627\u0644\u0645\u0635\u0645\u0645\u0629 \u062e\u0635\u064a\u0635\u064b\u0627 \u0644\u0644\u0645\u062f\u0631\u0633\u064a\u0646 \u062a\u062d\u062a\u0648\u064a \u0639\u0644\u0649 \u0643\u0644 \u0645\u0627 \u064a\u062d\u062a\u0627\u062c\u0648\u0646\u0647 \u0644\u0625\u062f\u0627\u0631\u0629 \u0648\u062a\u0646\u0638\u064a\u0645 \u064a\u0648\u0645\u0647\u0645 \u0627\u0644\u062f\u0631\u0627\u0633\u064a \u0628\u0623\u0641\u0636\u0644 \u0635\u0648\u0631\u0629 \u0645\u0645\u0643\u0646\u0629.","availability":"IN_STOCK","sale_price":120,"on_sale":false}],"content_type":"product","currency":"SAR","value":120,"event_trigger_source":"WooCommerce"},"page":{"url":"http:\/\/www.ibn-sinaa.com\/product\/teacher-group\/"}}]}
 ajax: no
2024-12-31T00:16:51+00:00 DEBUG Tt4b_Mapi_Class::mapi_post: Response: 

HTTP/1.1 200 OK
Server: nginx
Content-Type: application/json
Content-Length: 92
X-Tt-Logid: 202412310016511B4135E5230227D2155F
x-tt-trace-host: 018e5a586174a888928d793bdac74b79b56517d7628cf0ffdff56b078ad2cf5615b8011fd580845089311dcf3124a8dff526efb4473ace8034f2480ab1574ed027eef51c2eaaf2ef3298b51c9bc645b2cd6046939a61a46659228e51da6f1dd12346db31319c5c8f11ebc4eb104ac50e21
x-tt-trace-id: 00-2412310016511B4135E5230227D2155F-38F4A772154ADD4F-00
X-Origin-Response-Time: 37,23.52.15.170
X-Akamai-Request-ID: 69df7c54.6bc2979
Expires: Tue, 31 Dec 2024 00:16:51 GMT
Cache-Control: max-age=0, no-cache, no-store
Pragma: no-cache
Date: Tue, 31 Dec 2024 00:16:51 GMT
X-Cache: TCP_MISS from a95-101-134-92.deploy.akamaitechnologies.com (AkamaiGHost/11.7.2.1-9611f29bef89eba7b18045b10aa2af98) (-)
Connection: close
X-Cache-Remote: TCP_MISS from a23-52-15-170.deploy.akamaitechnologies.com (AkamaiGHost/11.7.2.1-9611f29bef89eba7b18045b10aa2af98) (-)
x-tt-trace-tag: id=16;cdn-cache=miss;type=dyn
Server-Timing: cdn-cache; desc=MISS, edge; dur=102, origin; dur=37
Server-Timing: inner; dur=27
X-Parent-Response-Time: 139,95.101.134.92

{"code": 0, "message": "OK", "request_id": "202412310016511B4135E5230227D2155F", "data": {}}
2024-12-31T00:18:35+00:00 DEBUG POST: https://business-api.tiktok.com/open_api/v1.3/event/track/

{"partner_name":"WooCommerce","event_source":"web","event_source_id":"CSM79Q3C77UAG1T340I0","data":[{"event":"Pageview","event_id":"6773385b255c1_tt4b_woocommerce_670666209cf1f","event_time":1735604315,"user":{"ip":"62.210.13.154","user_agent":"WP Rocket\/Preload","locale":"ar","external_id":"0","email":"e3b0c44298fc1c149afbf4c8996fb92427ae41e4649b934ca495991b7852b855","phone_number":"e3b0c44298fc1c149afbf4c8996fb92427ae41e4649b934ca495991b7852b855","first_name":"e3b0c44298fc1c149afbf4c8996fb92427ae41e4649b934ca495991b7852b855","last_name":"e3b0c44298fc1c149afbf4c8996fb92427ae41e4649b934ca495991b7852b855","zip_code":"e3b0c44298fc1c149afbf4c8996fb92427ae41e4649b934ca495991b7852b855"},"page":{"url":"http:\/\/www.ibn-sinaa.com\/product\/school-chemistry-records\/"}}]}
 ajax: no
2024-12-31T00:18:35+00:00 DEBUG Tt4b_Mapi_Class::mapi_post: Response: 

HTTP/1.1 200 OK
Server: nginx
Content-Type: application/json
Content-Length: 92
X-Tt-Logid: 202412310018355CEE95F9CBD8E327CD1C
x-tt-trace-host: 018e5a586174a888928d793bdac74b79b519a86797e72c2eba011e03e23beee17d1993591dfc48dcfc3b8c12cc342970f36d07f9052e65362da118cf0b9491e6105ea1e90bf7fc2ad3ed259193cfe2b2a1ff33b25402dd86efd88d6242b00ccf7c599eb072b9456b0ca1ec1cc4728358b2
x-tt-trace-id: 00-2412310018355CEE95F9CBD8E327CD1C-38636412691FE437-00
X-Origin-Response-Time: 364,23.213.246.203
X-Akamai-Request-ID: f8874219.6a4214f
Expires: Tue, 31 Dec 2024 00:18:35 GMT
Cache-Control: max-age=0, no-cache, no-store
Pragma: no-cache
Date: Tue, 31 Dec 2024 00:18:35 GMT
X-Cache: TCP_MISS from a95-101-134-116.deploy.akamaitechnologies.com (AkamaiGHost/11.7.2.1-9611f29bef89eba7b18045b10aa2af98) (-)
Connection: close
X-Cache-Remote: TCP_MISS from a23-213-246-203.deploy.akamaitechnologies.com (AkamaiGHost/11.7.2.1-9611f29bef89eba7b18045b10aa2af98) (-)
x-tt-trace-tag: id=16;cdn-cache=miss;type=dyn
Server-Timing: cdn-cache; desc=MISS, edge; dur=82, origin; dur=364
Server-Timing: inner; dur=358
X-Parent-Response-Time: 446,95.101.134.116

{"code": 0, "message": "OK", "request_id": "202412310018355CEE95F9CBD8E327CD1C", "data": {}}
2024-12-31T00:18:35+00:00 DEBUG Tt4b_Pixel_Class::inject_view_content_event: hit ViewContent
2024-12-31T00:18:35+00:00 DEBUG POST: https://business-api.tiktok.com/open_api/v1.3/event/track/

{"partner_name":"WooCommerce","event_source":"web","event_source_id":"CSM79Q3C77UAG1T340I0","data":[{"event":"ViewContent","event_id":"6773385bc2880_tt4b_woocommerce_670666209cf1f_4205","event_time":1735604315,"user":{"ip":"62.210.13.154","user_agent":"WP Rocket\/Preload","locale":"ar","external_id":"0","email":"e3b0c44298fc1c149afbf4c8996fb92427ae41e4649b934ca495991b7852b855","phone_number":"e3b0c44298fc1c149afbf4c8996fb92427ae41e4649b934ca495991b7852b855","first_name":"e3b0c44298fc1c149afbf4c8996fb92427ae41e4649b934ca495991b7852b855","last_name":"e3b0c44298fc1c149afbf4c8996fb92427ae41e4649b934ca495991b7852b855","zip_code":"e3b0c44298fc1c149afbf4c8996fb92427ae41e4649b934ca495991b7852b855"},"properties":{"contents":[{"price":65,"quantity":1,"content_id":"4205","content_name":"\u0633\u062c\u0644\u0627\u062a \u0645\u0627\u062f\u0629 \u0627\u0644\u0643\u064a\u0645\u064a\u0627\u0621","description":". \u0637\u0628\u0627\u0639\u0647 \u0633\u062c\u0644\u0627\u062a \u0645\u062f\u0631\u0633\u064a\u0629 \u0627\u062d\u062a\u0631\u0627\u0641\u064a\u0629 \u062e\u0627\u0645\u062a\u0647\u0627 \u0643\u0631\u062a\u0648\u0646 2000 \u062c\u0631\u0627\u0645,\u062a\u0636\u0627\u0641 \u0637\u0628\u0642\u0629 \u062d\u0645\u0627\u064a\u0647 \u0627\u0633\u062a\u064a\u0643\u0631 \u0645\u0639 \u0633\u0644\u0648\u0641\u0627\u0646 \u0644\u0627\u0645\u0639.\r\n. \u0645\u062a\u0648\u0641\u0631 \u0628 \u0627\u062d\u062c\u0627\u0645 \u0645\u062e\u062a\u0644\u0641\u0647 ( \u0635\u063a\u064a\u0631, \u0648\u0633\u0637 , \u0643\u0628\u064a\u0631 ).\r\n. \u064a\u062a\u0633\u0639 \u0627\u0644\u0645\u0642\u0627\u0633 \u0627\u0644\u0635\u063a\u064a\u0631 ( \u0645\u0646 50 \u0627\u0644\u0649 150 \u0648\u0631\u0642\u0629 )\r\n. \u064a\u062a\u0633\u0639 \u0627\u0644\u0648\u0633\u0637 ( \u0645\u0646 150 \u0627\u0644\u0649 300 \u0648\u0631\u0642\u0629 )\r\n. \u0627\u0644\u0643\u0628\u064a\u0631 ( \u0645\u0646 300 \u0627\u0644\u0649 400 \u0648\u0631\u0642\u0629 ).\r\n. \u0645\u062f\u0629 \u0627\u0644\u062a\u0646\u0641\u064a\u0630 : 3-5 \u0627\u064a\u0627\u0645 \u0648\u062a\u0632\u064a\u062f \u0627\u0644\u0645\u062f\u0629 \u0639\u0646 \u0637\u0644\u0628 \u0627\u0644\u0634\u062d\u0646.","availability":"IN_STOCK","sale_price":65,"on_sale":false}],"content_type":"product","currency":"SAR","value":65,"event_trigger_source":"WooCommerce"},"page":{"url":"http:\/\/www.ibn-sinaa.com\/product\/school-chemistry-records\/"}}]}
 ajax: no
2024-12-31T00:18:35+00:00 DEBUG Tt4b_Mapi_Class::mapi_post: Response: 

HTTP/1.1 200 OK
Server: nginx
Content-Type: application/json
Content-Length: 92
X-Tt-Logid: 2024123100183580CFEB73C499564135A9
x-tt-trace-host: 018e5a586174a888928d793bdac74b79b519a86797e72c2eba011e03e23beee17dd7bcf481031583f8a86de7171413ab7818c6f2a4be99eda5a952e49738824efadf39fccea8e2fbd6152fc7d802d5afedfd948d5069c9e9190b4b0c5291ae387411a6dbc9ec9c0850f007c7549cc5445e
x-tt-trace-id: 00-24123100183580CFEB73C499564135A9-06A39733243C0BE4-00
X-Origin-Response-Time: 42,23.52.15.170
X-Akamai-Request-ID: 69f221a5.6a42606
Expires: Tue, 31 Dec 2024 00:18:35 GMT
Cache-Control: max-age=0, no-cache, no-store
Pragma: no-cache
Date: Tue, 31 Dec 2024 00:18:35 GMT
X-Cache: TCP_MISS from a95-101-134-116.deploy.akamaitechnologies.com (AkamaiGHost/11.7.2.1-9611f29bef89eba7b18045b10aa2af98) (-)
Connection: close
X-Cache-Remote: TCP_MISS from a23-52-15-170.deploy.akamaitechnologies.com (AkamaiGHost/11.7.2.1-9611f29bef89eba7b18045b10aa2af98) (-)
x-tt-trace-tag: id=16;cdn-cache=miss;type=dyn
Server-Timing: cdn-cache; desc=MISS, edge; dur=81, origin; dur=42
Server-Timing: inner; dur=39
X-Parent-Response-Time: 122,95.101.134.116

{"code": 0, "message": "OK", "request_id": "2024123100183580CFEB73C499564135A9", "data": {}}
2024-12-31T00:18:39+00:00 DEBUG POST: https://business-api.tiktok.com/open_api/v1.3/event/track/

{"partner_name":"WooCommerce","event_source":"web","event_source_id":"CSM79Q3C77UAG1T340I0","data":[{"event":"Pageview","event_id":"6773385fe4076_tt4b_woocommerce_670666209cf1f","event_time":1735604319,"user":{"ip":"62.210.13.154","user_agent":"WP Rocket\/Preload","locale":"ar","external_id":"0","email":"e3b0c44298fc1c149afbf4c8996fb92427ae41e4649b934ca495991b7852b855","phone_number":"e3b0c44298fc1c149afbf4c8996fb92427ae41e4649b934ca495991b7852b855","first_name":"e3b0c44298fc1c149afbf4c8996fb92427ae41e4649b934ca495991b7852b855","last_name":"e3b0c44298fc1c149afbf4c8996fb92427ae41e4649b934ca495991b7852b855","zip_code":"e3b0c44298fc1c149afbf4c8996fb92427ae41e4649b934ca495991b7852b855"},"page":{"url":"http:\/\/www.ibn-sinaa.com\/product-tag\/%D8%B7%D8%A8%D8%A7%D8%B9%D9%87-%D8%AA%D9%82%D9%88%D9%8A%D9%85-%D9%85%D9%8A%D9%84%D8%A7%D8%AF%D9%8A\/"}}]}
 ajax: no
2024-12-31T00:18:40+00:00 DEBUG Tt4b_Mapi_Class::mapi_post: Response: 

HTTP/1.1 200 OK
Server: nginx
Content-Type: application/json
Content-Length: 92
X-Tt-Logid: 202412310018405271D94B74CC3A8482EE
Server-Timing: inner; dur=65
x-tt-trace-host: 018e5a586174a888928d793bdac74b79b51a437ee89a1c03eb2011d034a2e3e9f5ff8fa0d0775b88cac4dc909e1c6d2ff62455047038fdd552a1fa0648448a42413d6680497070017d31cd6cee9123117f9a4e7b9e934817a078d68c80b8dfb9a8
x-tt-trace-id: 00-2412310018405271D94B74CC3A8482EE-770B70441F95ADBC-00
Expires: Tue, 31 Dec 2024 00:18:40 GMT
Cache-Control: max-age=0, no-cache, no-store
Pragma: no-cache
Date: Tue, 31 Dec 2024 00:18:40 GMT
X-Cache: TCP_MISS from a95-101-134-92.deploy.akamaitechnologies.com (AkamaiGHost/11.7.2.1-9611f29bef89eba7b18045b10aa2af98) (-)
Connection: close
x-tt-trace-tag: id=16;cdn-cache=miss;type=dyn
Server-Timing: cdn-cache; desc=MISS, edge; dur=1, origin; dur=144
X-Origin-Response-Time: 144,95.101.134.92
X-Akamai-Request-ID: 6c066a1

{"code": 0, "message": "OK", "request_id": "202412310018405271D94B74CC3A8482EE", "data": {}}
2024-12-31T00:18:41+00:00 DEBUG POST: https://business-api.tiktok.com/open_api/v1.3/event/track/

{"partner_name":"WooCommerce","event_source":"web","event_source_id":"CSM79Q3C77UAG1T340I0","data":[{"event":"Pageview","event_id":"67733861aba1e_tt4b_woocommerce_670666209cf1f","event_time":1735604321,"user":{"ip":"62.210.13.154","user_agent":"WP Rocket\/Preload","locale":"ar","external_id":"0","email":"e3b0c44298fc1c149afbf4c8996fb92427ae41e4649b934ca495991b7852b855","phone_number":"e3b0c44298fc1c149afbf4c8996fb92427ae41e4649b934ca495991b7852b855","first_name":"e3b0c44298fc1c149afbf4c8996fb92427ae41e4649b934ca495991b7852b855","last_name":"e3b0c44298fc1c149afbf4c8996fb92427ae41e4649b934ca495991b7852b855","zip_code":"e3b0c44298fc1c149afbf4c8996fb92427ae41e4649b934ca495991b7852b855"},"page":{"url":"http:\/\/www.ibn-sinaa.com\/product\/velvet-desk-adventure-calendar\/"}}]}
 ajax: no
2024-12-31T00:18:41+00:00 DEBUG Tt4b_Mapi_Class::mapi_post: Response: 

HTTP/1.1 200 OK
Server: nginx
Content-Type: application/json
Content-Length: 92
X-Tt-Logid: 20241231001841C5C976AB3AB9DEDA38F3
x-tt-trace-host: 018e5a586174a888928d793bdac74b79b56517d7628cf0ffdff56b078ad2cf5615b62bc9e4a45ce406dcb9b3cbed1ca36b9531ee2e7a5b0dff87fcbc33e663da82830b960866419586001c5bdc36c6bdbc3f1f2f2f6c591c2249765d651187abda90d2a96c72f6b8da922fb70f9fff21e6
x-tt-trace-id: 00-241231001841C5C976AB3AB9DEDA38F3-18251BCD7AC7294D-00
X-Origin-Response-Time: 35,23.218.219.37
X-Akamai-Request-ID: 6241de74.6c0770e
Expires: Tue, 31 Dec 2024 00:18:41 GMT
Cache-Control: max-age=0, no-cache, no-store
Pragma: no-cache
Date: Tue, 31 Dec 2024 00:18:41 GMT
X-Cache: TCP_MISS from a95-101-134-92.deploy.akamaitechnologies.com (AkamaiGHost/11.7.2.1-9611f29bef89eba7b18045b10aa2af98) (-)
Connection: close
X-Cache-Remote: TCP_MISS from a23-218-219-37.deploy.akamaitechnologies.com (AkamaiGHost/11.7.2.1-9611f29bef89eba7b18045b10aa2af98) (-)
x-tt-trace-tag: id=16;cdn-cache=miss;type=dyn
Server-Timing: cdn-cache; desc=MISS, edge; dur=84, origin; dur=35
Server-Timing: inner; dur=32
X-Parent-Response-Time: 117,95.101.134.92

{"code": 0, "message": "OK", "request_id": "20241231001841C5C976AB3AB9DEDA38F3", "data": {}}
2024-12-31T00:18:42+00:00 DEBUG Tt4b_Pixel_Class::inject_view_content_event: hit ViewContent
2024-12-31T00:18:42+00:00 DEBUG POST: https://business-api.tiktok.com/open_api/v1.3/event/track/

{"partner_name":"WooCommerce","event_source":"web","event_source_id":"CSM79Q3C77UAG1T340I0","data":[{"event":"ViewContent","event_id":"677338620275a_tt4b_woocommerce_670666209cf1f_4445","event_time":1735604322,"user":{"ip":"62.210.13.154","user_agent":"WP Rocket\/Preload","locale":"ar","external_id":"0","email":"e3b0c44298fc1c149afbf4c8996fb92427ae41e4649b934ca495991b7852b855","phone_number":"e3b0c44298fc1c149afbf4c8996fb92427ae41e4649b934ca495991b7852b855","first_name":"e3b0c44298fc1c149afbf4c8996fb92427ae41e4649b934ca495991b7852b855","last_name":"e3b0c44298fc1c149afbf4c8996fb92427ae41e4649b934ca495991b7852b855","zip_code":"e3b0c44298fc1c149afbf4c8996fb92427ae41e4649b934ca495991b7852b855"},"properties":{"contents":[{"price":69,"quantity":1,"content_id":"4445","content_name":"\u062a\u0642\u0648\u064a\u0645 \u0645\u064a\u0644\u0627\u062f\u064a \u0645\u0643\u062a\u0628\u064a \u0645\u062e\u0645\u0644\u064a","description":"\u062a\u0642\u0648\u064a\u0645 \u0645\u064a\u0644\u0627\u062f\u064a \u0645\u0643\u062a\u0628\u064a \u0645\u062e\u0645\u0644\u064a: \u062a\u0635\u0645\u064a\u0645 \u0639\u0635\u0631\u064a \u0648\u0623\u0646\u064a\u0642\u060c \u0645\u0635\u0646\u0648\u0639 \u0645\u0646 \u0627\u0644\u0623\u0643\u0631\u064a\u0644\u064a\u0643 \u0627\u0644\u0645\u062a\u064a\u0646 \u0628\u0648\u0636\u0648\u062d \u0627\u0633\u062a\u062b\u0646\u0627\u0626\u064a \u0644\u0644\u0643\u062a\u0627\u0628\u0629 \u0648\u0627\u0644\u0631\u0624\u064a\u0629\u060c \u064a\u0636\u064a\u0641 \u0644\u0645\u0633\u0629 \u0645\u0646 \u0627\u0644\u0641\u062e\u0627\u0645\u0629 \u0648\u0627\u0644\u062a\u0646\u0638\u064a\u0645 \u0644\u0645\u0643\u062a\u0628\u0643. \u0645\u062b\u0627\u0644\u064a \u0644\u062a\u0646\u0638\u064a\u0645 \u0627\u0644\u0645\u0648\u0627\u0639\u064a\u062f \u0648\u0627\u0644\u0627\u062c\u062a\u0645\u0627\u0639\u0627\u062a\u060c \u0648\u064a\u0636\u0641\u064a \u062c\u0627\u0630\u0628\u064a\u0629 \u0639\u0644\u0649 \u0645\u0633\u0627\u062d\u0629 \u0627\u0644\u0639\u0645\u0644 \u0627\u0644\u062e\u0627\u0635\u0629 \u0628\u0643.","availability":"IN_STOCK","sale_price":69,"on_sale":false}],"content_type":"product","currency":"SAR","value":69,"event_trigger_source":"WooCommerce"},"page":{"url":"http:\/\/www.ibn-sinaa.com\/product\/velvet-desk-adventure-calendar\/"}}]}
 ajax: no
2024-12-31T00:18:42+00:00 DEBUG Tt4b_Mapi_Class::mapi_post: Response: 

HTTP/1.1 200 OK
Server: nginx
Content-Type: application/json
Content-Length: 92
X-Tt-Logid: 202412310018429E00D0070052E2933C9E
x-tt-trace-host: 018e5a586174a888928d793bdac74b79b56517d7628cf0ffdff56b078ad2cf56159dfaf6baaed06078167b41f3488d9e39543a42dee9ccc8a2ab8144c27075673a827eef45766abdf438ee0fd09e7e588dcac66067d3df25298c5e78fcbfda5b306f85d541182efe04c253cae16a01b4f0
x-tt-trace-id: 00-2412310018429E00D0070052E2933C9E-7B04F321334C5AFC-00
X-Origin-Response-Time: 48,23.218.219.28
X-Akamai-Request-ID: 79db31ea.6c07991
Expires: Tue, 31 Dec 2024 00:18:42 GMT
Cache-Control: max-age=0, no-cache, no-store
Pragma: no-cache
Date: Tue, 31 Dec 2024 00:18:42 GMT
X-Cache: TCP_MISS from a95-101-134-92.deploy.akamaitechnologies.com (AkamaiGHost/11.7.2.1-9611f29bef89eba7b18045b10aa2af98) (-)
Connection: close
X-Cache-Remote: TCP_MISS from a23-218-219-28.deploy.akamaitechnologies.com (AkamaiGHost/11.7.2.1-9611f29bef89eba7b18045b10aa2af98) (-)
x-tt-trace-tag: id=16;cdn-cache=miss;type=dyn
Server-Timing: cdn-cache; desc=MISS, edge; dur=84, origin; dur=48
Server-Timing: inner; dur=39
X-Parent-Response-Time: 131,95.101.134.92

{"code": 0, "message": "OK", "request_id": "202412310018429E00D0070052E2933C9E", "data": {}}
2024-12-31T00:18:44+00:00 DEBUG POST: https://business-api.tiktok.com/open_api/v1.3/event/track/

{"partner_name":"WooCommerce","event_source":"web","event_source_id":"CSM79Q3C77UAG1T340I0","data":[{"event":"Pageview","event_id":"677338641765a_tt4b_woocommerce_670666209cf1f","event_time":1735604324,"user":{"ip":"62.210.13.154","user_agent":"WP Rocket\/Preload","locale":"ar","external_id":"0","email":"e3b0c44298fc1c149afbf4c8996fb92427ae41e4649b934ca495991b7852b855","phone_number":"e3b0c44298fc1c149afbf4c8996fb92427ae41e4649b934ca495991b7852b855","first_name":"e3b0c44298fc1c149afbf4c8996fb92427ae41e4649b934ca495991b7852b855","last_name":"e3b0c44298fc1c149afbf4c8996fb92427ae41e4649b934ca495991b7852b855","zip_code":"e3b0c44298fc1c149afbf4c8996fb92427ae41e4649b934ca495991b7852b855"},"page":{"url":"http:\/\/www.ibn-sinaa.com\/shop\/"}}]}
 ajax: no
2024-12-31T00:18:44+00:00 DEBUG Tt4b_Mapi_Class::mapi_post: Response: 

HTTP/1.1 200 OK
Server: nginx
Content-Type: application/json
Content-Length: 92
X-Tt-Logid: 2024123100184412779FE9DA8EDCAE41B7
x-tt-trace-host: 018e5a586174a888928d793bdac74b79b56517d7628cf0ffdff56b078ad2cf5615e72529700b5e1b9923a68be84895c1def67991d8e3c791e2558aff14314a839ae9d14ce5a188906b4596398cabebd76ecbd1f680cd38de581d34caa5e8d8594136565045da408d7c59503d1349a29ab8
x-tt-trace-id: 00-24123100184412779FE9DA8EDCAE41B7-2900E81C29BFC04B-00
X-Origin-Response-Time: 32,23.55.100.231
X-Akamai-Request-ID: c7a83dbe.6c08dc4
Expires: Tue, 31 Dec 2024 00:18:44 GMT
Cache-Control: max-age=0, no-cache, no-store
Pragma: no-cache
Date: Tue, 31 Dec 2024 00:18:44 GMT
X-Cache: TCP_MISS from a95-101-134-92.deploy.akamaitechnologies.com (AkamaiGHost/11.7.2.1-9611f29bef89eba7b18045b10aa2af98) (-)
Connection: close
X-Cache-Remote: TCP_MISS from a23-55-100-231.deploy.akamaitechnologies.com (AkamaiGHost/11.7.2.1-9611f29bef89eba7b18045b10aa2af98) (-)
x-tt-trace-tag: id=16;cdn-cache=miss;type=dyn
Server-Timing: cdn-cache; desc=MISS, edge; dur=85, origin; dur=32
Server-Timing: inner; dur=18
X-Parent-Response-Time: 116,95.101.134.92

{"code": 0, "message": "OK", "request_id": "2024123100184412779FE9DA8EDCAE41B7", "data": {}}
2024-12-31T00:18:45+00:00 DEBUG POST: https://business-api.tiktok.com/open_api/v1.3/event/track/

{"partner_name":"WooCommerce","event_source":"web","event_source_id":"CSM79Q3C77UAG1T340I0","data":[{"event":"Pageview","event_id":"677338651a340_tt4b_woocommerce_670666209cf1f","event_time":1735604325,"user":{"ip":"62.210.13.154","user_agent":"WP Rocket\/Preload","locale":"ar","external_id":"0","email":"e3b0c44298fc1c149afbf4c8996fb92427ae41e4649b934ca495991b7852b855","phone_number":"e3b0c44298fc1c149afbf4c8996fb92427ae41e4649b934ca495991b7852b855","first_name":"e3b0c44298fc1c149afbf4c8996fb92427ae41e4649b934ca495991b7852b855","last_name":"e3b0c44298fc1c149afbf4c8996fb92427ae41e4649b934ca495991b7852b855","zip_code":"e3b0c44298fc1c149afbf4c8996fb92427ae41e4649b934ca495991b7852b855"},"page":{"url":"http:\/\/www.ibn-sinaa.com\/product-category\/advertising\/roll-up\/"}}]}
 ajax: no
2024-12-31T00:18:45+00:00 DEBUG Tt4b_Mapi_Class::mapi_post: Response: 

HTTP/1.1 200 OK
Server: nginx
Content-Type: application/json
Content-Length: 92
X-Tt-Logid: 202412310018453FCB581B5E98A8204B0B
Server-Timing: inner; dur=29
x-tt-trace-host: 018e5a586174a888928d793bdac74b79b51a437ee89a1c03eb2011d034a2e3e9f56fec18b908abd10a270e80611d0afe0485f9875d392510bf0cc684cdb935ae1325cc7b12c4f14d53baf0049551deeaec9de7962cc372d1aeeed39fb8f20f010b
x-tt-trace-id: 00-2412310018453FCB581B5E98A8204B0B-5344F9291DC6F34D-00
Expires: Tue, 31 Dec 2024 00:18:45 GMT
Cache-Control: max-age=0, no-cache, no-store
Pragma: no-cache
Date: Tue, 31 Dec 2024 00:18:45 GMT
X-Cache: TCP_MISS from a95-101-134-92.deploy.akamaitechnologies.com (AkamaiGHost/11.7.2.1-9611f29bef89eba7b18045b10aa2af98) (-)
Connection: close
x-tt-trace-tag: id=16;cdn-cache=miss;type=dyn
Server-Timing: cdn-cache; desc=MISS, edge; dur=1, origin; dur=108
X-Origin-Response-Time: 109,95.101.134.92
X-Akamai-Request-ID: 6c097ad

{"code": 0, "message": "OK", "request_id": "202412310018453FCB581B5E98A8204B0B", "data": {}}
2024-12-31T00:18:46+00:00 DEBUG POST: https://business-api.tiktok.com/open_api/v1.3/event/track/

{"partner_name":"WooCommerce","event_source":"web","event_source_id":"CSM79Q3C77UAG1T340I0","data":[{"event":"Pageview","event_id":"67733866c2035_tt4b_woocommerce_670666209cf1f","event_time":1735604326,"user":{"ip":"62.210.13.154","user_agent":"WP Rocket\/Preload","locale":"ar","external_id":"0","email":"e3b0c44298fc1c149afbf4c8996fb92427ae41e4649b934ca495991b7852b855","phone_number":"e3b0c44298fc1c149afbf4c8996fb92427ae41e4649b934ca495991b7852b855","first_name":"e3b0c44298fc1c149afbf4c8996fb92427ae41e4649b934ca495991b7852b855","last_name":"e3b0c44298fc1c149afbf4c8996fb92427ae41e4649b934ca495991b7852b855","zip_code":"e3b0c44298fc1c149afbf4c8996fb92427ae41e4649b934ca495991b7852b855"},"page":{"url":"http:\/\/www.ibn-sinaa.com\/product-tag\/%D8%B8%D8%B1%D9%81-%D8%B4%D8%B1%D9%83%D8%A9\/"}}]}
 ajax: no
2024-12-31T00:18:46+00:00 DEBUG Tt4b_Mapi_Class::mapi_post: Response: 

HTTP/1.1 200 OK
Server: nginx
Content-Type: application/json
Content-Length: 92
X-Tt-Logid: 20241231001846823E16EBD0FC152C4E16
x-tt-trace-host: 018e5a586174a888928d793bdac74b79b519a86797e72c2eba011e03e23beee17d3dba89cb6720ee6ecfbdd8e1fa434e77726d70b68c63c83873f6ac5dd1baa5154f855ceeaf57f904703b6828c183775b388457b39bf6db24fe5719dca52900adcd8be60abec04101f1a4ffaa66c88fda
x-tt-trace-id: 00-241231001846823E16EBD0FC152C4E16-2D0C335338976BBD-00
X-Origin-Response-Time: 39,23.32.17.26
X-Akamai-Request-ID: 2b8936b5.6a478e2
Expires: Tue, 31 Dec 2024 00:18:46 GMT
Cache-Control: max-age=0, no-cache, no-store
Pragma: no-cache
Date: Tue, 31 Dec 2024 00:18:46 GMT
X-Cache: TCP_MISS from a95-101-134-116.deploy.akamaitechnologies.com (AkamaiGHost/11.7.2.1-9611f29bef89eba7b18045b10aa2af98) (-)
Connection: close
X-Cache-Remote: TCP_MISS from a23-32-17-26.deploy.akamaitechnologies.com (AkamaiGHost/11.7.2.1-9611f29bef89eba7b18045b10aa2af98) (-)
x-tt-trace-tag: id=16;cdn-cache=miss;type=dyn
Server-Timing: cdn-cache; desc=MISS, edge; dur=84, origin; dur=39
Server-Timing: inner; dur=33
X-Parent-Response-Time: 123,95.101.134.116

{"code": 0, "message": "OK", "request_id": "20241231001846823E16EBD0FC152C4E16", "data": {}}
2024-12-31T00:18:48+00:00 DEBUG POST: https://business-api.tiktok.com/open_api/v1.3/event/track/

{"partner_name":"WooCommerce","event_source":"web","event_source_id":"CSM79Q3C77UAG1T340I0","data":[{"event":"Pageview","event_id":"6773386879254_tt4b_woocommerce_670666209cf1f","event_time":1735604328,"user":{"ip":"62.210.13.154","user_agent":"WP Rocket\/Preload","locale":"ar","external_id":"0","email":"e3b0c44298fc1c149afbf4c8996fb92427ae41e4649b934ca495991b7852b855","phone_number":"e3b0c44298fc1c149afbf4c8996fb92427ae41e4649b934ca495991b7852b855","first_name":"e3b0c44298fc1c149afbf4c8996fb92427ae41e4649b934ca495991b7852b855","last_name":"e3b0c44298fc1c149afbf4c8996fb92427ae41e4649b934ca495991b7852b855","zip_code":"e3b0c44298fc1c149afbf4c8996fb92427ae41e4649b934ca495991b7852b855"},"page":{"url":"http:\/\/www.ibn-sinaa.com\/product\/personal-cards\/"}}]}
 ajax: no
2024-12-31T00:18:48+00:00 DEBUG Tt4b_Mapi_Class::mapi_post: Response: 

HTTP/1.1 200 OK
Server: nginx
Content-Type: application/json
Content-Length: 92
X-Tt-Logid: 202412310018486CE913710BB3AD42FF10
Server-Timing: inner; dur=39
x-tt-trace-host: 018e5a586174a888928d793bdac74b79b51a437ee89a1c03eb2011d034a2e3e9f522deb0abb46d1688a08744e1aeb29b29ab1290fcc9ec64f11adc0925e129915ed1df5cd0cbec662d3df588f864faf6c2c39e39f98822359b586f9de2f043797b
x-tt-trace-id: 00-2412310018486CE913710BB3AD42FF10-4DC3679847EADF20-00
Expires: Tue, 31 Dec 2024 00:18:48 GMT
Cache-Control: max-age=0, no-cache, no-store
Pragma: no-cache
Date: Tue, 31 Dec 2024 00:18:48 GMT
X-Cache: TCP_MISS from a95-101-134-92.deploy.akamaitechnologies.com (AkamaiGHost/11.7.2.1-9611f29bef89eba7b18045b10aa2af98) (-)
Connection: close
x-tt-trace-tag: id=16;cdn-cache=miss;type=dyn
Server-Timing: cdn-cache; desc=MISS, edge; dur=0, origin; dur=119
X-Origin-Response-Time: 119,95.101.134.92
X-Akamai-Request-ID: 6c0b8c0

{"code": 0, "message": "OK", "request_id": "202412310018486CE913710BB3AD42FF10", "data": {}}
2024-12-31T00:18:48+00:00 DEBUG Tt4b_Pixel_Class::inject_view_content_event: hit ViewContent
2024-12-31T00:18:48+00:00 DEBUG POST: https://business-api.tiktok.com/open_api/v1.3/event/track/

{"partner_name":"WooCommerce","event_source":"web","event_source_id":"CSM79Q3C77UAG1T340I0","data":[{"event":"ViewContent","event_id":"67733868bd7a6_tt4b_woocommerce_670666209cf1f_d-k-1","event_time":1735604328,"user":{"ip":"62.210.13.154","user_agent":"WP Rocket\/Preload","locale":"ar","external_id":"0","email":"e3b0c44298fc1c149afbf4c8996fb92427ae41e4649b934ca495991b7852b855","phone_number":"e3b0c44298fc1c149afbf4c8996fb92427ae41e4649b934ca495991b7852b855","first_name":"e3b0c44298fc1c149afbf4c8996fb92427ae41e4649b934ca495991b7852b855","last_name":"e3b0c44298fc1c149afbf4c8996fb92427ae41e4649b934ca495991b7852b855","zip_code":"e3b0c44298fc1c149afbf4c8996fb92427ae41e4649b934ca495991b7852b855"},"properties":{"contents":[{"price":57,"quantity":1,"content_id":"d-k-1","content_name":"\u0637\u0628\u0627\u0639\u0629 \u0643\u0631\u0648\u062a \u0634\u062e\u0635\u064a\u0629 \u0639\u0627\u062f\u064a\u0629","description":"<ul>\r\n \t<li>\u0637\u0628\u0627\u0639\u0629 \u0643\u0631\u0648\u062a \u0639\u0644\u0649 \u0648\u0631\u0642 \u0643\u0648\u0634\u064a\u0647 350 \u062c\u0631\u0627\u0645 \u0645\u0639 \u0637\u0628\u0642\u0629 \u062d\u0645\u0627\u064a\u0629.<\/li>\r\n \t<li>\u0645\u0642\u0627\u0633 \u0627\u0644\u0643\u0631\u062a\u00a0 9\u00d75 \u0633\u0645, \u0627\u0642\u0644 \u0643\u0645\u064a\u0629 \u0644\u0644\u0637\u0644\u0628 100 \u0643\u0631\u062a.<\/li>\r\n \t<li>\u0645\u062f\u0629 \u0627\u0644\u062a\u0646\u0641\u064a\u0630 \u0627\u0644\u0645\u062a\u0648\u0642\u0639\u0629: 1 \u2013 3 \u0623\u064a\u0627\u0645 \u0639\u0645\u0644 \u0628\u0639\u062f \u062a\u0623\u0643\u064a\u062f \u0627\u0644\u0637\u0644\u0628 \u0648\u0627\u0644\u062a\u0635\u0645\u064a\u0645 \u0648\u062d\u0633\u0628 \u0627\u0644\u0643\u0645\u064a\u0629 (\u062a\u0632\u064a\u062f \u0627\u0644\u0645\u062f\u0629 \u0639\u0646\u062f \u0637\u0644\u0628 \u0627\u0644\u0634\u062d\u0646).<\/li>\r\n<\/ul>","availability":"IN_STOCK","sale_price":57,"on_sale":false}],"content_type":"product","currency":"SAR","value":57,"event_trigger_source":"WooCommerce"},"page":{"url":"http:\/\/www.ibn-sinaa.com\/product\/personal-cards\/"}}]}
 ajax: no
2024-12-31T00:18:48+00:00 DEBUG Tt4b_Mapi_Class::mapi_post: Response: 

HTTP/1.1 200 OK
Server: nginx
Content-Type: application/json
Content-Length: 92
X-Tt-Logid: 202412310018480A68DDFB3A709B8A8791
x-tt-trace-host: 018e5a586174a888928d793bdac74b79b519a86797e72c2eba011e03e23beee17dd1a6c901aaed601f2db0d852097330452c23a75a908f9c3f335359afe95b3f8358bec78106910c83fb1908c3f712bb91d78caf0261001c182a644987cb30081f0e5f72a600af8e0dda1b278e62454453
x-tt-trace-id: 00-2412310018480A68DDFB3A709B8A8791-29E96B608198B8E2-00
X-Origin-Response-Time: 29,23.218.219.63
X-Akamai-Request-ID: 69951bc.6a487fa
Expires: Tue, 31 Dec 2024 00:18:48 GMT
Cache-Control: max-age=0, no-cache, no-store
Pragma: no-cache
Date: Tue, 31 Dec 2024 00:18:48 GMT
X-Cache: TCP_MISS from a95-101-134-116.deploy.akamaitechnologies.com (AkamaiGHost/11.7.2.1-9611f29bef89eba7b18045b10aa2af98) (-)
Connection: close
X-Cache-Remote: TCP_MISS from a23-218-219-63.deploy.akamaitechnologies.com (AkamaiGHost/11.7.2.1-9611f29bef89eba7b18045b10aa2af98) (-)
x-tt-trace-tag: id=16;cdn-cache=miss;type=dyn
Server-Timing: cdn-cache; desc=MISS, edge; dur=84, origin; dur=29
Server-Timing: inner; dur=23
X-Parent-Response-Time: 112,95.101.134.116

{"code": 0, "message": "OK", "request_id": "202412310018480A68DDFB3A709B8A8791", "data": {}}
2024-12-31T00:18:50+00:00 DEBUG POST: https://business-api.tiktok.com/open_api/v1.3/event/track/

{"partner_name":"WooCommerce","event_source":"web","event_source_id":"CSM79Q3C77UAG1T340I0","data":[{"event":"Pageview","event_id":"6773386a50e4a_tt4b_woocommerce_670666209cf1f","event_time":1735604330,"user":{"ip":"62.210.13.154","user_agent":"WP Rocket\/Preload","locale":"ar","external_id":"0","email":"e3b0c44298fc1c149afbf4c8996fb92427ae41e4649b934ca495991b7852b855","phone_number":"e3b0c44298fc1c149afbf4c8996fb92427ae41e4649b934ca495991b7852b855","first_name":"e3b0c44298fc1c149afbf4c8996fb92427ae41e4649b934ca495991b7852b855","last_name":"e3b0c44298fc1c149afbf4c8996fb92427ae41e4649b934ca495991b7852b855","zip_code":"e3b0c44298fc1c149afbf4c8996fb92427ae41e4649b934ca495991b7852b855"},"page":{"url":"http:\/\/www.ibn-sinaa.com\/product-category\/shields-and-gifts\/calendars\/"}}]}
 ajax: no
2024-12-31T00:18:50+00:00 DEBUG Tt4b_Mapi_Class::mapi_post: Response: 

HTTP/1.1 200 OK
Server: nginx
Content-Type: application/json
Content-Length: 92
X-Tt-Logid: 202412310018504A2482BCB1A3939EFA16
x-tt-trace-host: 018e5a586174a888928d793bdac74b79b519a86797e72c2eba011e03e23beee17d95a8881f3cb6a2fad9b01fe536e0dd8598e8a288443724f8f4d4166bf9e3aeb46d166fedca080342e74987dd4b236e88db53181b8e5cb15ae52d16035d20e16b2ed904112c9e013ade1812bdfd73b984
x-tt-trace-id: 00-2412310018504A2482BCB1A3939EFA16-64B36B0C2050A359-00
X-Origin-Response-Time: 24,23.218.219.33
X-Akamai-Request-ID: 2449079f.6a49434
Expires: Tue, 31 Dec 2024 00:18:50 GMT
Cache-Control: max-age=0, no-cache, no-store
Pragma: no-cache
Date: Tue, 31 Dec 2024 00:18:50 GMT
X-Cache: TCP_MISS from a95-101-134-116.deploy.akamaitechnologies.com (AkamaiGHost/11.7.2.1-9611f29bef89eba7b18045b10aa2af98) (-)
Connection: close
X-Cache-Remote: TCP_MISS from a23-218-219-33.deploy.akamaitechnologies.com (AkamaiGHost/11.7.2.1-9611f29bef89eba7b18045b10aa2af98) (-)
x-tt-trace-tag: id=16;cdn-cache=miss;type=dyn
Server-Timing: cdn-cache; desc=MISS, edge; dur=84, origin; dur=23
Server-Timing: inner; dur=18
X-Parent-Response-Time: 107,95.101.134.116

{"code": 0, "message": "OK", "request_id": "202412310018504A2482BCB1A3939EFA16", "data": {}}
2024-12-31T00:18:52+00:00 DEBUG POST: https://business-api.tiktok.com/open_api/v1.3/event/track/

{"partner_name":"WooCommerce","event_source":"web","event_source_id":"CSM79Q3C77UAG1T340I0","data":[{"event":"Pageview","event_id":"6773386c11a0d_tt4b_woocommerce_670666209cf1f","event_time":1735604332,"user":{"ip":"62.210.13.154","user_agent":"WP Rocket\/Preload","locale":"ar","external_id":"0","email":"e3b0c44298fc1c149afbf4c8996fb92427ae41e4649b934ca495991b7852b855","phone_number":"e3b0c44298fc1c149afbf4c8996fb92427ae41e4649b934ca495991b7852b855","first_name":"e3b0c44298fc1c149afbf4c8996fb92427ae41e4649b934ca495991b7852b855","last_name":"e3b0c44298fc1c149afbf4c8996fb92427ae41e4649b934ca495991b7852b855","zip_code":"e3b0c44298fc1c149afbf4c8996fb92427ae41e4649b934ca495991b7852b855"},"page":{"url":"http:\/\/www.ibn-sinaa.com\/product-category\/print-occasions\/"}}]}
 ajax: no
2024-12-31T00:18:52+00:00 DEBUG Tt4b_Mapi_Class::mapi_post: Response: 

HTTP/1.1 200 OK
Server: nginx
Content-Type: application/json
Content-Length: 92
X-Tt-Logid: 20241231001852A7943FBC40312640F05E
x-tt-trace-host: 018e5a586174a888928d793bdac74b79b56517d7628cf0ffdff56b078ad2cf56158191e3591e25403200375163ad67bfca4d5fe1b59b8299950409ff1283687b1a4ce2838f657569e11fb975312a1ff8ef32df6dccd27f23c042b7fba4f944501bd6f489d2cdf3ea6a501bd3ae79967038
x-tt-trace-id: 00-241231001852A7943FBC40312640F05E-78155BC051682D74-00
X-Origin-Response-Time: 32,23.32.17.16
X-Akamai-Request-ID: a94f17e.6c0dc93
Expires: Tue, 31 Dec 2024 00:18:52 GMT
Cache-Control: max-age=0, no-cache, no-store
Pragma: no-cache
Date: Tue, 31 Dec 2024 00:18:52 GMT
X-Cache: TCP_MISS from a95-101-134-92.deploy.akamaitechnologies.com (AkamaiGHost/11.7.2.1-9611f29bef89eba7b18045b10aa2af98) (-)
Connection: close
X-Cache-Remote: TCP_MISS from a23-32-17-16.deploy.akamaitechnologies.com (AkamaiGHost/11.7.2.1-9611f29bef89eba7b18045b10aa2af98) (-)
x-tt-trace-tag: id=16;cdn-cache=miss;type=dyn
Server-Timing: cdn-cache; desc=MISS, edge; dur=86, origin; dur=32
Server-Timing: inner; dur=27
X-Parent-Response-Time: 117,95.101.134.92

{"code": 0, "message": "OK", "request_id": "20241231001852A7943FBC40312640F05E", "data": {}}
2024-12-31T00:18:53+00:00 DEBUG POST: https://business-api.tiktok.com/open_api/v1.3/event/track/

{"partner_name":"WooCommerce","event_source":"web","event_source_id":"CSM79Q3C77UAG1T340I0","data":[{"event":"Pageview","event_id":"6773386d54423_tt4b_woocommerce_670666209cf1f","event_time":1735604333,"user":{"ip":"62.210.13.154","user_agent":"WP Rocket\/Preload","locale":"ar","external_id":"0","email":"e3b0c44298fc1c149afbf4c8996fb92427ae41e4649b934ca495991b7852b855","phone_number":"e3b0c44298fc1c149afbf4c8996fb92427ae41e4649b934ca495991b7852b855","first_name":"e3b0c44298fc1c149afbf4c8996fb92427ae41e4649b934ca495991b7852b855","last_name":"e3b0c44298fc1c149afbf4c8996fb92427ae41e4649b934ca495991b7852b855","zip_code":"e3b0c44298fc1c149afbf4c8996fb92427ae41e4649b934ca495991b7852b855"},"page":{"url":"http:\/\/www.ibn-sinaa.com\/product-tag\/%D8%B7%D8%A8%D8%A7%D8%B9%D9%87-%D8%B3%D8%AA%D8%A7%D9%86%D8%AF-%D9%81%D9%84%D9%8A%D9%86\/"}}]}
 ajax: no
2024-12-31T00:18:53+00:00 DEBUG Tt4b_Mapi_Class::mapi_post: Response: 

HTTP/1.1 200 OK
Server: nginx
Content-Type: application/json
Content-Length: 92
X-Tt-Logid: 202412310018535B0FFC86CEE883E35D22
x-tt-trace-host: 018e5a586174a888928d793bdac74b79b519a86797e72c2eba011e03e23beee17dec9e6ed9797fe11e20fe620a54ae977c658782605f2d856bfc1371c5acb2da0cb590bec76de096754c3206eb9ef65157e5cf40a87b946f3db0c18c407d4e32ebe72a5a4eedeb6d8edd30c4fa1dfaeeca
x-tt-trace-id: 00-2412310018535B0FFC86CEE883E35D22-66F5405B52D38F29-00
X-Origin-Response-Time: 40,23.55.100.229
X-Akamai-Request-ID: be84cf31.6a4ab91
Expires: Tue, 31 Dec 2024 00:18:53 GMT
Cache-Control: max-age=0, no-cache, no-store
Pragma: no-cache
Date: Tue, 31 Dec 2024 00:18:53 GMT
X-Cache: TCP_MISS from a95-101-134-116.deploy.akamaitechnologies.com (AkamaiGHost/11.7.2.1-9611f29bef89eba7b18045b10aa2af98) (-)
Connection: close
X-Cache-Remote: TCP_MISS from a23-55-100-229.deploy.akamaitechnologies.com (AkamaiGHost/11.7.2.1-9611f29bef89eba7b18045b10aa2af98) (-)
x-tt-trace-tag: id=16;cdn-cache=miss;type=dyn
Server-Timing: cdn-cache; desc=MISS, edge; dur=84, origin; dur=40
Server-Timing: inner; dur=30
X-Parent-Response-Time: 124,95.101.134.116

{"code": 0, "message": "OK", "request_id": "202412310018535B0FFC86CEE883E35D22", "data": {}}
2024-12-31T00:18:55+00:00 DEBUG POST: https://business-api.tiktok.com/open_api/v1.3/event/track/

{"partner_name":"WooCommerce","event_source":"web","event_source_id":"CSM79Q3C77UAG1T340I0","data":[{"event":"Pageview","event_id":"6773386f1df2f_tt4b_woocommerce_670666209cf1f","event_time":1735604335,"user":{"ip":"62.210.13.154","user_agent":"WP Rocket\/Preload","locale":"ar","external_id":"0","email":"e3b0c44298fc1c149afbf4c8996fb92427ae41e4649b934ca495991b7852b855","phone_number":"e3b0c44298fc1c149afbf4c8996fb92427ae41e4649b934ca495991b7852b855","first_name":"e3b0c44298fc1c149afbf4c8996fb92427ae41e4649b934ca495991b7852b855","last_name":"e3b0c44298fc1c149afbf4c8996fb92427ae41e4649b934ca495991b7852b855","zip_code":"e3b0c44298fc1c149afbf4c8996fb92427ae41e4649b934ca495991b7852b855"},"page":{"url":"http:\/\/www.ibn-sinaa.com\/product-category\/school-and-student-printing\/records\/"}}]}
 ajax: no
2024-12-31T00:18:55+00:00 DEBUG Tt4b_Mapi_Class::mapi_post: Response: 

HTTP/1.1 200 OK
Server: nginx
Content-Type: application/json
Content-Length: 92
X-Tt-Logid: 202412310018556CE913710BB3AD4300F5
Server-Timing: inner; dur=29
x-tt-trace-host: 018e5a586174a888928d793bdac74b79b51a437ee89a1c03eb2011d034a2e3e9f522deb0abb46d1688a08744e1aeb29b29a314632d02ab0de8d53d402309f2b596f647a009fa0055ae1b279330186dc0e83fd4693d13da7baaacade409da2c5916
x-tt-trace-id: 00-2412310018556CE913710BB3AD4300F5-2380D87C13911D79-00
Expires: Tue, 31 Dec 2024 00:18:55 GMT
Cache-Control: max-age=0, no-cache, no-store
Pragma: no-cache
Date: Tue, 31 Dec 2024 00:18:55 GMT
X-Cache: TCP_MISS from a95-101-134-92.deploy.akamaitechnologies.com (AkamaiGHost/11.7.2.1-9611f29bef89eba7b18045b10aa2af98) (-)
Connection: close
x-tt-trace-tag: id=16;cdn-cache=miss;type=dyn
Server-Timing: cdn-cache; desc=MISS, edge; dur=2, origin; dur=108
X-Origin-Response-Time: 108,95.101.134.92
X-Akamai-Request-ID: 6c0fa18

{"code": 0, "message": "OK", "request_id": "202412310018556CE913710BB3AD4300F5", "data": {}}
2024-12-31T00:18:56+00:00 DEBUG POST: https://business-api.tiktok.com/open_api/v1.3/event/track/

{"partner_name":"WooCommerce","event_source":"web","event_source_id":"CSM79Q3C77UAG1T340I0","data":[{"event":"Pageview","event_id":"6773387023b0f_tt4b_woocommerce_670666209cf1f","event_time":1735604336,"user":{"ip":"62.210.13.154","user_agent":"WP Rocket\/Preload","locale":"ar","external_id":"0","email":"e3b0c44298fc1c149afbf4c8996fb92427ae41e4649b934ca495991b7852b855","phone_number":"e3b0c44298fc1c149afbf4c8996fb92427ae41e4649b934ca495991b7852b855","first_name":"e3b0c44298fc1c149afbf4c8996fb92427ae41e4649b934ca495991b7852b855","last_name":"e3b0c44298fc1c149afbf4c8996fb92427ae41e4649b934ca495991b7852b855","zip_code":"e3b0c44298fc1c149afbf4c8996fb92427ae41e4649b934ca495991b7852b855"},"page":{"url":"http:\/\/www.ibn-sinaa.com\/product\/school-records-arabic-language-subject\/"}}]}
 ajax: no
2024-12-31T00:18:56+00:00 DEBUG Tt4b_Mapi_Class::mapi_post: Response: 

HTTP/1.1 200 OK
Server: nginx
Content-Type: application/json
Content-Length: 92
X-Tt-Logid: 202412310018566CE913710BB3AD430125
Server-Timing: inner; dur=25
x-tt-trace-host: 018e5a586174a888928d793bdac74b79b51a437ee89a1c03eb2011d034a2e3e9f522deb0abb46d1688a08744e1aeb29b29390b76aab8214e07116fdbc0f41260792df50c5b8db0d9f7c3aff223dc21d699c27e7bcb97f3a5261a16d9d5daf2ed92
x-tt-trace-id: 00-2412310018566CE913710BB3AD430125-4AFC29666BAB961B-00
Expires: Tue, 31 Dec 2024 00:18:56 GMT
Cache-Control: max-age=0, no-cache, no-store
Pragma: no-cache
Date: Tue, 31 Dec 2024 00:18:56 GMT
X-Cache: TCP_MISS from a95-101-134-92.deploy.akamaitechnologies.com (AkamaiGHost/11.7.2.1-9611f29bef89eba7b18045b10aa2af98) (-)
Connection: close
x-tt-trace-tag: id=16;cdn-cache=miss;type=dyn
Server-Timing: cdn-cache; desc=MISS, edge; dur=0, origin; dur=106
X-Origin-Response-Time: 106,95.101.134.92
X-Akamai-Request-ID: 6c103b3

{"code": 0, "message": "OK", "request_id": "202412310018566CE913710BB3AD430125", "data": {}}
2024-12-31T00:18:56+00:00 DEBUG Tt4b_Pixel_Class::inject_view_content_event: hit ViewContent
2024-12-31T00:18:56+00:00 DEBUG POST: https://business-api.tiktok.com/open_api/v1.3/event/track/

{"partner_name":"WooCommerce","event_source":"web","event_source_id":"CSM79Q3C77UAG1T340I0","data":[{"event":"ViewContent","event_id":"67733870603b7_tt4b_woocommerce_670666209cf1f_4139","event_time":1735604336,"user":{"ip":"62.210.13.154","user_agent":"WP Rocket\/Preload","locale":"ar","external_id":"0","email":"e3b0c44298fc1c149afbf4c8996fb92427ae41e4649b934ca495991b7852b855","phone_number":"e3b0c44298fc1c149afbf4c8996fb92427ae41e4649b934ca495991b7852b855","first_name":"e3b0c44298fc1c149afbf4c8996fb92427ae41e4649b934ca495991b7852b855","last_name":"e3b0c44298fc1c149afbf4c8996fb92427ae41e4649b934ca495991b7852b855","zip_code":"e3b0c44298fc1c149afbf4c8996fb92427ae41e4649b934ca495991b7852b855"},"properties":{"contents":[{"price":65,"quantity":1,"content_id":"4139","content_name":"\u0633\u062c\u0644\u0627\u062a \u0645\u0627\u062f\u0629 \u0627\u0644\u0644\u063a\u0629 \u0627\u0644\u0639\u0631\u0628\u064a\u0629","description":". \u0637\u0628\u0627\u0639\u0647 \u0633\u062c\u0644\u0627\u062a \u0645\u062f\u0631\u0633\u064a\u0629 \u0627\u062d\u062a\u0631\u0627\u0641\u064a\u0629 \u062e\u0627\u0645\u062a\u0647\u0627 \u0643\u0631\u062a\u0648\u0646 2000 \u062c\u0631\u0627\u0645,\u062a\u0636\u0627\u0641 \u0637\u0628\u0642\u0629 \u062d\u0645\u0627\u064a\u0647 \u0627\u0633\u062a\u064a\u0643\u0631 \u0645\u0639 \u0633\u0644\u0648\u0641\u0627\u0646 \u0644\u0627\u0645\u0639.\r\n. \u0645\u062a\u0648\u0641\u0631 \u0628 \u0627\u062d\u062c\u0627\u0645 \u0645\u062e\u062a\u0644\u0641\u0647 ( \u0635\u063a\u064a\u0631, \u0648\u0633\u0637 , \u0643\u0628\u064a\u0631 ).\r\n. \u064a\u062a\u0633\u0639 \u0627\u0644\u0645\u0642\u0627\u0633 \u0627\u0644\u0635\u063a\u064a\u0631 ( \u0645\u0646 50 \u0627\u0644\u0649 150 \u0648\u0631\u0642\u0629 )\r\n. \u064a\u062a\u0633\u0639 \u0627\u0644\u0648\u0633\u0637 ( \u0645\u0646 150 \u0627\u0644\u0649 300 \u0648\u0631\u0642\u0629 )\r\n. \u0627\u0644\u0643\u0628\u064a\u0631 ( \u0645\u0646 300 \u0627\u0644\u0649 400 \u0648\u0631\u0642\u0629 ).\r\n. \u0645\u062f\u0629 \u0627\u0644\u062a\u0646\u0641\u064a\u0630 : 3-5 \u0627\u064a\u0627\u0645 \u0648\u062a\u0632\u064a\u062f \u0627\u0644\u0645\u062f\u0629 \u0639\u0646 \u0637\u0644\u0628 \u0627\u0644\u0634\u062d\u0646.","availability":"IN_STOCK","sale_price":65,"on_sale":false}],"content_type":"product","currency":"SAR","value":65,"event_trigger_source":"WooCommerce"},"page":{"url":"http:\/\/www.ibn-sinaa.com\/product\/school-records-arabic-language-subject\/"}}]}
 ajax: no
2024-12-31T00:18:56+00:00 DEBUG Tt4b_Mapi_Class::mapi_post: Response: 

HTTP/1.1 200 OK
Server: nginx
Content-Type: application/json
Content-Length: 92
X-Tt-Logid: 202412310018561C5FA248AC7598266E88
x-tt-trace-host: 018e5a586174a888928d793bdac74b79b519a86797e72c2eba011e03e23beee17d58cece1d2e052adbf28d9c289a493e83eb88097beeea0ab06e9028408650ef3e56a379f8dd27f787c9409a3d091db96a13172f0246da33f03c3e397a079fa3222a37103d09a0830dc47573dc1b39aa19
x-tt-trace-id: 00-2412310018561C5FA248AC7598266E88-0B5BF12070EC265B-00
X-Origin-Response-Time: 46,23.218.219.4
X-Akamai-Request-ID: 3210232a.6a4c273
Expires: Tue, 31 Dec 2024 00:18:56 GMT
Cache-Control: max-age=0, no-cache, no-store
Pragma: no-cache
Date: Tue, 31 Dec 2024 00:18:56 GMT
X-Cache: TCP_MISS from a95-101-134-116.deploy.akamaitechnologies.com (AkamaiGHost/11.7.2.1-9611f29bef89eba7b18045b10aa2af98) (-)
Connection: close
X-Cache-Remote: TCP_MISS from a23-218-219-4.deploy.akamaitechnologies.com (AkamaiGHost/11.7.2.1-9611f29bef89eba7b18045b10aa2af98) (-)
x-tt-trace-tag: id=16;cdn-cache=miss;type=dyn
Server-Timing: cdn-cache; desc=MISS, edge; dur=85, origin; dur=46
Server-Timing: inner; dur=37
X-Parent-Response-Time: 131,95.101.134.116

{"code": 0, "message": "OK", "request_id": "202412310018561C5FA248AC7598266E88", "data": {}}
2024-12-31T00:20:05+00:00 DEBUG POST: https://business-api.tiktok.com/open_api/v1.3/event/track/

{"partner_name":"WooCommerce","event_source":"web","event_source_id":"CSM79Q3C77UAG1T340I0","data":[{"event":"Pageview","event_id":"677338b520e0a_tt4b_woocommerce_670666209cf1f","event_time":1735604405,"user":{"ip":"62.210.13.154","user_agent":"WP Rocket\/Preload","locale":"ar","external_id":"0","email":"e3b0c44298fc1c149afbf4c8996fb92427ae41e4649b934ca495991b7852b855","phone_number":"e3b0c44298fc1c149afbf4c8996fb92427ae41e4649b934ca495991b7852b855","first_name":"e3b0c44298fc1c149afbf4c8996fb92427ae41e4649b934ca495991b7852b855","last_name":"e3b0c44298fc1c149afbf4c8996fb92427ae41e4649b934ca495991b7852b855","zip_code":"e3b0c44298fc1c149afbf4c8996fb92427ae41e4649b934ca495991b7852b855"},"page":{"url":"http:\/\/www.ibn-sinaa.com\/product\/english-language-subject-records\/"}}]}
 ajax: no
2024-12-31T00:20:05+00:00 DEBUG Tt4b_Mapi_Class::mapi_post: Response: 

HTTP/1.1 200 OK
Server: nginx
Content-Type: application/json
Content-Length: 92
X-Tt-Logid: 20241231002005015BE822B1747543F89F
x-tt-trace-host: 018e5a586174a888928d793bdac74b79b519a86797e72c2eba011e03e23beee17dd7bcf481031583f8a86de7171413ab7818c6f2a4be99eda5a952e49738824efaece42bc2803019de023c32c04c2c8aa890149d017d9ca3c3319b11ef1d05812523408ad6517405c80a2c6af8b74dfaf6
x-tt-trace-id: 00-241231002005015BE822B1747543F89F-5344F9291DC74450-00
X-Origin-Response-Time: 29,23.52.15.170
X-Akamai-Request-ID: 6a04e53a.6a6f531
Expires: Tue, 31 Dec 2024 00:20:05 GMT
Cache-Control: max-age=0, no-cache, no-store
Pragma: no-cache
Date: Tue, 31 Dec 2024 00:20:05 GMT
X-Cache: TCP_MISS from a95-101-134-116.deploy.akamaitechnologies.com (AkamaiGHost/11.7.2.1-9611f29bef89eba7b18045b10aa2af98) (-)
Connection: close
X-Cache-Remote: TCP_MISS from a23-52-15-170.deploy.akamaitechnologies.com (AkamaiGHost/11.7.2.1-9611f29bef89eba7b18045b10aa2af98) (-)
x-tt-trace-tag: id=16;cdn-cache=miss;type=dyn
Server-Timing: cdn-cache; desc=MISS, edge; dur=86, origin; dur=29
Server-Timing: inner; dur=25
X-Parent-Response-Time: 113,95.101.134.116

{"code": 0, "message": "OK", "request_id": "20241231002005015BE822B1747543F89F", "data": {}}
2024-12-31T00:20:05+00:00 DEBUG Tt4b_Pixel_Class::inject_view_content_event: hit ViewContent
2024-12-31T00:20:05+00:00 DEBUG POST: https://business-api.tiktok.com/open_api/v1.3/event/track/

{"partner_name":"WooCommerce","event_source":"web","event_source_id":"CSM79Q3C77UAG1T340I0","data":[{"event":"ViewContent","event_id":"677338b566fd1_tt4b_woocommerce_670666209cf1f_4157","event_time":1735604405,"user":{"ip":"62.210.13.154","user_agent":"WP Rocket\/Preload","locale":"ar","external_id":"0","email":"e3b0c44298fc1c149afbf4c8996fb92427ae41e4649b934ca495991b7852b855","phone_number":"e3b0c44298fc1c149afbf4c8996fb92427ae41e4649b934ca495991b7852b855","first_name":"e3b0c44298fc1c149afbf4c8996fb92427ae41e4649b934ca495991b7852b855","last_name":"e3b0c44298fc1c149afbf4c8996fb92427ae41e4649b934ca495991b7852b855","zip_code":"e3b0c44298fc1c149afbf4c8996fb92427ae41e4649b934ca495991b7852b855"},"properties":{"contents":[{"price":65,"quantity":1,"content_id":"4157","content_name":"\u0633\u062c\u0644\u0627\u062a \u0645\u0627\u062f\u0629 \u0627\u0644\u0644\u063a\u0629 \u0627\u0644\u0627\u0646\u062c\u0644\u064a\u0632\u064a\u0629","description":". \u0637\u0628\u0627\u0639\u0647 \u0633\u062c\u0644\u0627\u062a \u0645\u062f\u0631\u0633\u064a\u0629 \u0627\u062d\u062a\u0631\u0627\u0641\u064a\u0629 \u062e\u0627\u0645\u062a\u0647\u0627 \u0643\u0631\u062a\u0648\u0646 2000 \u062c\u0631\u0627\u0645,\u062a\u0636\u0627\u0641 \u0637\u0628\u0642\u0629 \u062d\u0645\u0627\u064a\u0647 \u0627\u0633\u062a\u064a\u0643\u0631 \u0645\u0639 \u0633\u0644\u0648\u0641\u0627\u0646 \u0644\u0627\u0645\u0639.\r\n. \u0645\u062a\u0648\u0641\u0631 \u0628 \u0627\u062d\u062c\u0627\u0645 \u0645\u062e\u062a\u0644\u0641\u0647 ( \u0635\u063a\u064a\u0631, \u0648\u0633\u0637 , \u0643\u0628\u064a\u0631 ).\r\n. \u064a\u062a\u0633\u0639 \u0627\u0644\u0645\u0642\u0627\u0633 \u0627\u0644\u0635\u063a\u064a\u0631 ( \u0645\u0646 50 \u0627\u0644\u0649 150 \u0648\u0631\u0642\u0629 )\r\n. \u064a\u062a\u0633\u0639 \u0627\u0644\u0648\u0633\u0637 ( \u0645\u0646 150 \u0627\u0644\u0649 300 \u0648\u0631\u0642\u0629 )\r\n. \u0627\u0644\u0643\u0628\u064a\u0631 ( \u0645\u0646 300 \u0627\u0644\u0649 400 \u0648\u0631\u0642\u0629 ).\r\n. \u0645\u062f\u0629 \u0627\u0644\u062a\u0646\u0641\u064a\u0630 : 3-5 \u0627\u064a\u0627\u0645 \u0648\u062a\u0632\u064a\u062f \u0627\u0644\u0645\u062f\u0629 \u0639\u0646 \u0637\u0644\u0628 \u0627\u0644\u0634\u062d\u0646.","availability":"IN_STOCK","sale_price":65,"on_sale":false}],"content_type":"product","currency":"SAR","value":65,"event_trigger_source":"WooCommerce"},"page":{"url":"http:\/\/www.ibn-sinaa.com\/product\/english-language-subject-records\/"}}]}
 ajax: no
2024-12-31T00:20:05+00:00 DEBUG Tt4b_Mapi_Class::mapi_post: Response: 

HTTP/1.1 200 OK
Server: nginx
Content-Type: application/json
Content-Length: 92
X-Tt-Logid: 202412310020055271D94B74CC3A849684
Server-Timing: inner; dur=21
x-tt-trace-host: 018e5a586174a888928d793bdac74b79b51a437ee89a1c03eb2011d034a2e3e9f5ff8fa0d0775b88cac4dc909e1c6d2ff69e18ccc097cc628f11cd04c4237008b2d70d11e178408b586ae724920e1e4d17f78e068c79420b6ea2198937697522c8
x-tt-trace-id: 00-2412310020055271D94B74CC3A849684-5551663022F0F408-00
Expires: Tue, 31 Dec 2024 00:20:05 GMT
Cache-Control: max-age=0, no-cache, no-store
Pragma: no-cache
Date: Tue, 31 Dec 2024 00:20:05 GMT
X-Cache: TCP_MISS from a95-101-134-92.deploy.akamaitechnologies.com (AkamaiGHost/11.7.2.1-9611f29bef89eba7b18045b10aa2af98) (-)
Connection: close
x-tt-trace-tag: id=16;cdn-cache=miss;type=dyn
Server-Timing: cdn-cache; desc=MISS, edge; dur=0, origin; dur=101
X-Origin-Response-Time: 101,95.101.134.92
X-Akamai-Request-ID: 6c3ec96

{"code": 0, "message": "OK", "request_id": "202412310020055271D94B74CC3A849684", "data": {}}
2024-12-31T00:21:22+00:00 DEBUG Tt4b_Pixel_Class::inject_add_to_cart_event: hit AddToCart
2024-12-31T00:21:22+00:00 DEBUG POST: https://business-api.tiktok.com/open_api/v1.3/event/track/

{"partner_name":"WooCommerce","event_source":"web","event_source_id":"CSM79Q3C77UAG1T340I0","data":[{"event":"AddToCart","event_id":"677339026e9ea_tt4b_woocommerce_670666209cf1f_4220","event_time":1735604482,"user":{"ip":"51.222.253.4","user_agent":"Mozilla\/5.0 (compatible; AhrefsBot\/7.0; +http:\/\/ahrefs.com\/robot\/)","locale":"ar","external_id":"0","email":"e3b0c44298fc1c149afbf4c8996fb92427ae41e4649b934ca495991b7852b855","phone_number":"e3b0c44298fc1c149afbf4c8996fb92427ae41e4649b934ca495991b7852b855","first_name":"e3b0c44298fc1c149afbf4c8996fb92427ae41e4649b934ca495991b7852b855","last_name":"e3b0c44298fc1c149afbf4c8996fb92427ae41e4649b934ca495991b7852b855","zip_code":"e3b0c44298fc1c149afbf4c8996fb92427ae41e4649b934ca495991b7852b855"},"properties":{"contents":[{"price":120,"quantity":1,"content_id":"4220","content_name":"\u0645\u062c\u0645\u0648\u0639\u0629 \u0627\u0644\u0645\u0639\u0644\u0645","description":"\u0627\u062c\u0639\u0644 \u064a\u0648\u0645\u0643 \u0627\u0644\u062f\u0631\u0627\u0633\u064a \u0623\u0643\u062b\u0631 \u062a\u0646\u0638\u064a\u0645\u064b\u0627 \u0648\u0641\u0627\u0639\u0644\u064a\u0629 \u0645\u0639 \u0645\u062c\u0645\u0648\u0639\u0647 \u0627\u0644\u0645\u0639\u0644\u0645 \u0645\u0646 \u0645\u062a\u062c\u0631 \u0645\u0643\u062a\u0628\u0629 \u0627\u0628\u0646 \u0633\u064a\u0646\u0627 \u0627\u0644\u0625\u0644\u0643\u062a\u0631\u0648\u0646\u064a. \u0647\u0630\u0647 \u0627\u0644\u0645\u062c\u0645\u0648\u0639\u0629 \u0627\u0644\u0645\u0635\u0645\u0645\u0629 \u062e\u0635\u064a\u0635\u064b\u0627 \u0644\u0644\u0645\u062f\u0631\u0633\u064a\u0646 \u062a\u062d\u062a\u0648\u064a \u0639\u0644\u0649 \u0643\u0644 \u0645\u0627 \u064a\u062d\u062a\u0627\u062c\u0648\u0646\u0647 \u0644\u0625\u062f\u0627\u0631\u0629 \u0648\u062a\u0646\u0638\u064a\u0645 \u064a\u0648\u0645\u0647\u0645 \u0627\u0644\u062f\u0631\u0627\u0633\u064a \u0628\u0623\u0641\u0636\u0644 \u0635\u0648\u0631\u0629 \u0645\u0645\u0643\u0646\u0629.","availability":"IN_STOCK","sale_price":120,"on_sale":false}],"content_type":"product","currency":"SAR","value":120,"event_trigger_source":"WooCommerce"},"page":{"url":"http:\/\/www.ibn-sinaa.com\/product-tag\/%D8%B7%D8%A8%D8%A7%D8%B9%D8%A9-%D8%A7%D9%88%D9%86-%D9%84%D8%A7%D9%8A%D9%86\/?add-to-cart=4220"}}]}
 ajax: no
2024-12-31T00:21:22+00:00 DEBUG Tt4b_Mapi_Class::mapi_post: Response: 

HTTP/1.1 200 OK
Server: nginx
Content-Type: application/json
Content-Length: 92
X-Tt-Logid: 202412310021225A16EA4C5F86C3AA6217
Server-Timing: inner; dur=37
x-tt-trace-host: 018e5a586174a888928d793bdac74b79b51a437ee89a1c03eb2011d034a2e3e9f5b2883820e147e65d49568ccd0afe306741528c0ae0fe2d2d5d5819c6bc30bdc3a54c44719e8c839c59fa889bb0b9335e9d1633736db4cd585d15e2d481f8392b
x-tt-trace-id: 00-2412310021225A16EA4C5F86C3AA6217-2CE32FD9213691CD-00
Expires: Tue, 31 Dec 2024 00:21:22 GMT
Cache-Control: max-age=0, no-cache, no-store
Pragma: no-cache
Date: Tue, 31 Dec 2024 00:21:22 GMT
X-Cache: TCP_MISS from a95-101-134-92.deploy.akamaitechnologies.com (AkamaiGHost/11.7.2.1-9611f29bef89eba7b18045b10aa2af98) (-)
Connection: close
x-tt-trace-tag: id=16;cdn-cache=miss;type=dyn
Server-Timing: cdn-cache; desc=MISS, edge; dur=0, origin; dur=120
X-Origin-Response-Time: 120,95.101.134.92
X-Akamai-Request-ID: 6c73cd4

{"code": 0, "message": "OK", "request_id": "202412310021225A16EA4C5F86C3AA6217", "data": {}}
2024-12-31T00:21:22+00:00 DEBUG POST: https://business-api.tiktok.com/open_api/v1.3/event/track/

{"partner_name":"WooCommerce","event_source":"web","event_source_id":"CSM79Q3C77UAG1T340I0","data":[{"event":"Pageview","event_id":"67733902cd7d5_tt4b_woocommerce_670666209cf1f","event_time":1735604482,"user":{"ip":"51.222.253.4","user_agent":"Mozilla\/5.0 (compatible; AhrefsBot\/7.0; +http:\/\/ahrefs.com\/robot\/)","locale":"ar","external_id":"0","email":"e3b0c44298fc1c149afbf4c8996fb92427ae41e4649b934ca495991b7852b855","phone_number":"e3b0c44298fc1c149afbf4c8996fb92427ae41e4649b934ca495991b7852b855","first_name":"e3b0c44298fc1c149afbf4c8996fb92427ae41e4649b934ca495991b7852b855","last_name":"e3b0c44298fc1c149afbf4c8996fb92427ae41e4649b934ca495991b7852b855","zip_code":"e3b0c44298fc1c149afbf4c8996fb92427ae41e4649b934ca495991b7852b855"},"page":{"url":"http:\/\/www.ibn-sinaa.com\/product-tag\/%D8%B7%D8%A8%D8%A7%D8%B9%D8%A9-%D8%A7%D9%88%D9%86-%D9%84%D8%A7%D9%8A%D9%86\/?add-to-cart=4220"}}]}
 ajax: no
2024-12-31T00:21:22+00:00 DEBUG Tt4b_Mapi_Class::mapi_post: Response: 

HTTP/1.1 200 OK
Server: nginx
Content-Type: application/json
Content-Length: 92
X-Tt-Logid: 20241231002122CE6D4A580097268C8DD3
x-tt-trace-host: 018e5a586174a888928d793bdac74b79b56517d7628cf0ffdff56b078ad2cf5615f85a211392a3a10edf271a3cfe7c1973fc1b3fb9a6683e9538e3156c12fe5160e4d3308649e3baa7430a4b23e34b9f52f7e8914e3731e1ad4e8f2cb0edf668fecd44040bd7aed45aa4b408dc5511f8ee
x-tt-trace-id: 00-241231002122CE6D4A580097268C8DD3-5AC9A6204F646584-00
X-Origin-Response-Time: 35,23.55.100.232
X-Akamai-Request-ID: f211d4a6.6c74115
Expires: Tue, 31 Dec 2024 00:21:22 GMT
Cache-Control: max-age=0, no-cache, no-store
Pragma: no-cache
Date: Tue, 31 Dec 2024 00:21:22 GMT
X-Cache: TCP_MISS from a95-101-134-92.deploy.akamaitechnologies.com (AkamaiGHost/11.7.2.1-9611f29bef89eba7b18045b10aa2af98) (-)
Connection: close
X-Cache-Remote: TCP_MISS from a23-55-100-232.deploy.akamaitechnologies.com (AkamaiGHost/11.7.2.1-9611f29bef89eba7b18045b10aa2af98) (-)
x-tt-trace-tag: id=16;cdn-cache=miss;type=dyn
Server-Timing: cdn-cache; desc=MISS, edge; dur=82, origin; dur=35
Server-Timing: inner; dur=31
X-Parent-Response-Time: 117,95.101.134.92

{"code": 0, "message": "OK", "request_id": "20241231002122CE6D4A580097268C8DD3", "data": {}}
2024-12-31T00:21:30+00:00 DEBUG POST: https://business-api.tiktok.com/open_api/v1.3/event/track/

{"partner_name":"WooCommerce","event_source":"web","event_source_id":"CSM79Q3C77UAG1T340I0","data":[{"event":"Pageview","event_id":"6773390a1a921_tt4b_woocommerce_670666209cf1f","event_time":1735604490,"user":{"ip":"62.210.13.154","user_agent":"WP Rocket\/Preload","locale":"ar","external_id":"0","email":"e3b0c44298fc1c149afbf4c8996fb92427ae41e4649b934ca495991b7852b855","phone_number":"e3b0c44298fc1c149afbf4c8996fb92427ae41e4649b934ca495991b7852b855","first_name":"e3b0c44298fc1c149afbf4c8996fb92427ae41e4649b934ca495991b7852b855","last_name":"e3b0c44298fc1c149afbf4c8996fb92427ae41e4649b934ca495991b7852b855","zip_code":"e3b0c44298fc1c149afbf4c8996fb92427ae41e4649b934ca495991b7852b855"},"page":{"url":"http:\/\/www.ibn-sinaa.com\/product-tag\/%D8%B7%D8%A8%D8%A7%D8%B9%D8%A9-%D8%AA%D9%82%D9%88%D9%8A%D9%85-2025\/"}}]}
 ajax: no
2024-12-31T00:21:30+00:00 DEBUG Tt4b_Mapi_Class::mapi_post: Response: 

HTTP/1.1 200 OK
Server: nginx
Content-Type: application/json
Content-Length: 92
X-Tt-Logid: 20241231002130F0825D4C968637801EA4
x-tt-trace-host: 018e5a586174a888928d793bdac74b79b519a86797e72c2eba011e03e23beee17ddb7f2a2bc17477f449bfa05f0ae2fe0966db83ba4e1d098d8f3c8754108b3473ab8380ab02070d5ced6a1f50cb34f727095ba203bfe714d59879fb0ad6c5f0a9042fcad04462ab6c43dafe97ca1d92c1
x-tt-trace-id: 00-241231002130F0825D4C968637801EA4-4F6CBE7B6917D702-00
X-Origin-Response-Time: 40,23.218.219.59
X-Akamai-Request-ID: 7ff730b.6a9b710
Expires: Tue, 31 Dec 2024 00:21:30 GMT
Cache-Control: max-age=0, no-cache, no-store
Pragma: no-cache
Date: Tue, 31 Dec 2024 00:21:30 GMT
X-Cache: TCP_MISS from a95-101-134-116.deploy.akamaitechnologies.com (AkamaiGHost/11.7.2.1-9611f29bef89eba7b18045b10aa2af98) (-)
Connection: close
X-Cache-Remote: TCP_MISS from a23-218-219-59.deploy.akamaitechnologies.com (AkamaiGHost/11.7.2.1-9611f29bef89eba7b18045b10aa2af98) (-)
x-tt-trace-tag: id=16;cdn-cache=miss;type=dyn
Server-Timing: cdn-cache; desc=MISS, edge; dur=82, origin; dur=40
Server-Timing: inner; dur=37
X-Parent-Response-Time: 122,95.101.134.116

{"code": 0, "message": "OK", "request_id": "20241231002130F0825D4C968637801EA4", "data": {}}
2024-12-31T00:23:32+00:00 DEBUG POST: https://business-api.tiktok.com/open_api/v1.3/event/track/

{"partner_name":"WooCommerce","event_source":"web","event_source_id":"CSM79Q3C77UAG1T340I0","data":[{"event":"Pageview","event_id":"67733984e94be_tt4b_woocommerce_670666209cf1f","event_time":1735604612,"user":{"ip":"66.249.69.135","user_agent":"Mozilla\/5.0 (Linux; Android 6.0.1; Nexus 5X Build\/MMB29P) AppleWebKit\/537.36 (KHTML, like Gecko) Chrome\/131.0.6778.139 Mobile Safari\/537.36 (compatible; Googlebot\/2.1; +http:\/\/www.google.com\/bot.html)","locale":"ar","external_id":"0","email":"e3b0c44298fc1c149afbf4c8996fb92427ae41e4649b934ca495991b7852b855","phone_number":"e3b0c44298fc1c149afbf4c8996fb92427ae41e4649b934ca495991b7852b855","first_name":"e3b0c44298fc1c149afbf4c8996fb92427ae41e4649b934ca495991b7852b855","last_name":"e3b0c44298fc1c149afbf4c8996fb92427ae41e4649b934ca495991b7852b855","zip_code":"e3b0c44298fc1c149afbf4c8996fb92427ae41e4649b934ca495991b7852b855"},"page":{"url":"http:\/\/ibn-sinaa.com\/product\/personal-cards\/"}}]}
 ajax: no
2024-12-31T00:23:33+00:00 DEBUG Tt4b_Mapi_Class::mapi_post: Response: 

HTTP/1.1 200 OK
Server: nginx
Content-Type: application/json
Content-Length: 92
X-Tt-Logid: 2024123100233385BFBA2566B50F26C5C3
x-tt-trace-host: 018e5a586174a888928d793bdac74b79b519a86797e72c2eba011e03e23beee17d5ccdd42bbf80e0ab2ea9a51de061eac86f4c12fed72645942b8ef5860ed85f29019323498c131861f3ee5919983fc13f1f8a61b22f9299fc744a213ed5e11824ceb13242a06762f1ca685301720136d9
x-tt-trace-id: 00-24123100233385BFBA2566B50F26C5C3-4577C0BD6DA1342B-00
X-Origin-Response-Time: 35,23.218.219.36
X-Akamai-Request-ID: 305b8e90.6ad7c42
Expires: Tue, 31 Dec 2024 00:23:33 GMT
Cache-Control: max-age=0, no-cache, no-store
Pragma: no-cache
Date: Tue, 31 Dec 2024 00:23:33 GMT
X-Cache: TCP_MISS from a95-101-134-116.deploy.akamaitechnologies.com (AkamaiGHost/11.7.2.1-9611f29bef89eba7b18045b10aa2af98) (-)
Connection: close
X-Cache-Remote: TCP_MISS from a23-218-219-36.deploy.akamaitechnologies.com (AkamaiGHost/11.7.2.1-9611f29bef89eba7b18045b10aa2af98) (-)
x-tt-trace-tag: id=16;cdn-cache=miss;type=dyn
Server-Timing: cdn-cache; desc=MISS, edge; dur=81, origin; dur=35
Server-Timing: inner; dur=28
X-Parent-Response-Time: 116,95.101.134.116

{"code": 0, "message": "OK", "request_id": "2024123100233385BFBA2566B50F26C5C3", "data": {}}
2024-12-31T00:23:33+00:00 DEBUG Tt4b_Pixel_Class::inject_view_content_event: hit ViewContent
2024-12-31T00:23:33+00:00 DEBUG POST: https://business-api.tiktok.com/open_api/v1.3/event/track/

{"partner_name":"WooCommerce","event_source":"web","event_source_id":"CSM79Q3C77UAG1T340I0","data":[{"event":"ViewContent","event_id":"677339853c89e_tt4b_woocommerce_670666209cf1f_d-k-1","event_time":1735604613,"user":{"ip":"66.249.69.135","user_agent":"Mozilla\/5.0 (Linux; Android 6.0.1; Nexus 5X Build\/MMB29P) AppleWebKit\/537.36 (KHTML, like Gecko) Chrome\/131.0.6778.139 Mobile Safari\/537.36 (compatible; Googlebot\/2.1; +http:\/\/www.google.com\/bot.html)","locale":"ar","external_id":"0","email":"e3b0c44298fc1c149afbf4c8996fb92427ae41e4649b934ca495991b7852b855","phone_number":"e3b0c44298fc1c149afbf4c8996fb92427ae41e4649b934ca495991b7852b855","first_name":"e3b0c44298fc1c149afbf4c8996fb92427ae41e4649b934ca495991b7852b855","last_name":"e3b0c44298fc1c149afbf4c8996fb92427ae41e4649b934ca495991b7852b855","zip_code":"e3b0c44298fc1c149afbf4c8996fb92427ae41e4649b934ca495991b7852b855"},"properties":{"contents":[{"price":57,"quantity":1,"content_id":"d-k-1","content_name":"\u0637\u0628\u0627\u0639\u0629 \u0643\u0631\u0648\u062a \u0634\u062e\u0635\u064a\u0629 \u0639\u0627\u062f\u064a\u0629","description":"<ul>\r\n \t<li>\u0637\u0628\u0627\u0639\u0629 \u0643\u0631\u0648\u062a \u0639\u0644\u0649 \u0648\u0631\u0642 \u0643\u0648\u0634\u064a\u0647 350 \u062c\u0631\u0627\u0645 \u0645\u0639 \u0637\u0628\u0642\u0629 \u062d\u0645\u0627\u064a\u0629.<\/li>\r\n \t<li>\u0645\u0642\u0627\u0633 \u0627\u0644\u0643\u0631\u062a\u00a0 9\u00d75 \u0633\u0645, \u0627\u0642\u0644 \u0643\u0645\u064a\u0629 \u0644\u0644\u0637\u0644\u0628 100 \u0643\u0631\u062a.<\/li>\r\n \t<li>\u0645\u062f\u0629 \u0627\u0644\u062a\u0646\u0641\u064a\u0630 \u0627\u0644\u0645\u062a\u0648\u0642\u0639\u0629: 1 \u2013 3 \u0623\u064a\u0627\u0645 \u0639\u0645\u0644 \u0628\u0639\u062f \u062a\u0623\u0643\u064a\u062f \u0627\u0644\u0637\u0644\u0628 \u0648\u0627\u0644\u062a\u0635\u0645\u064a\u0645 \u0648\u062d\u0633\u0628 \u0627\u0644\u0643\u0645\u064a\u0629 (\u062a\u0632\u064a\u062f \u0627\u0644\u0645\u062f\u0629 \u0639\u0646\u062f \u0637\u0644\u0628 \u0627\u0644\u0634\u062d\u0646).<\/li>\r\n<\/ul>","availability":"IN_STOCK","sale_price":57,"on_sale":false}],"content_type":"product","currency":"SAR","value":57,"event_trigger_source":"WooCommerce"},"page":{"url":"http:\/\/ibn-sinaa.com\/product\/personal-cards\/"}}]}
 ajax: no
2024-12-31T00:23:33+00:00 DEBUG Tt4b_Mapi_Class::mapi_post: Response: 

HTTP/1.1 200 OK
Server: nginx
Content-Type: application/json
Content-Length: 92
X-Tt-Logid: 20241231002333A1C0A6BDD4D03E32C7CF
x-tt-trace-host: 018e5a586174a888928d793bdac74b79b519a86797e72c2eba011e03e23beee17d96560d9e3b53ec36ae4c4c755cb2e38231be1a99da6af53621bdd9f45b8044a8641bb13e7bd878ed6cfd8ebd04df3f1d29689d8e211167c9919cfa383fe756590d024c193efe0b3e3adffcce6d81125b
x-tt-trace-id: 00-241231002333A1C0A6BDD4D03E32C7CF-6E50FACF893C5197-00
X-Origin-Response-Time: 36,23.218.219.26
X-Akamai-Request-ID: 12bb25c2.6ad7df2
Expires: Tue, 31 Dec 2024 00:23:33 GMT
Cache-Control: max-age=0, no-cache, no-store
Pragma: no-cache
Date: Tue, 31 Dec 2024 00:23:33 GMT
X-Cache: TCP_MISS from a95-101-134-116.deploy.akamaitechnologies.com (AkamaiGHost/11.7.2.1-9611f29bef89eba7b18045b10aa2af98) (-)
Connection: close
X-Cache-Remote: TCP_MISS from a23-218-219-26.deploy.akamaitechnologies.com (AkamaiGHost/11.7.2.1-9611f29bef89eba7b18045b10aa2af98) (-)
x-tt-trace-tag: id=16;cdn-cache=miss;type=dyn
Server-Timing: cdn-cache; desc=MISS, edge; dur=82, origin; dur=35
Server-Timing: inner; dur=32
X-Parent-Response-Time: 117,95.101.134.116

{"code": 0, "message": "OK", "request_id": "20241231002333A1C0A6BDD4D03E32C7CF", "data": {}}
2024-12-31T00:23:37+00:00 DEBUG POST: https://business-api.tiktok.com/open_api/v1.3/event/track/

{"partner_name":"WooCommerce","event_source":"web","event_source_id":"CSM79Q3C77UAG1T340I0","data":[{"event":"Pageview","event_id":"6773398935551_tt4b_woocommerce_670666209cf1f","event_time":1735604617,"user":{"ip":"66.249.72.198","user_agent":"Mozilla\/5.0 (Linux; Android 6.0.1; Nexus 5X Build\/MMB29P) AppleWebKit\/537.36 (KHTML, like Gecko) Chrome\/131.0.6778.139 Mobile Safari\/537.36 (compatible; Googlebot\/2.1; +http:\/\/www.google.com\/bot.html)","locale":"ar","external_id":"0","email":"e3b0c44298fc1c149afbf4c8996fb92427ae41e4649b934ca495991b7852b855","phone_number":"e3b0c44298fc1c149afbf4c8996fb92427ae41e4649b934ca495991b7852b855","first_name":"e3b0c44298fc1c149afbf4c8996fb92427ae41e4649b934ca495991b7852b855","last_name":"e3b0c44298fc1c149afbf4c8996fb92427ae41e4649b934ca495991b7852b855","zip_code":"e3b0c44298fc1c149afbf4c8996fb92427ae41e4649b934ca495991b7852b855"},"page":{"url":"http:\/\/www.ibn-sinaa.com\/types-of-personal-cards\/"}}]}
 ajax: no
2024-12-31T00:23:37+00:00 DEBUG Tt4b_Mapi_Class::mapi_post: Response: 

HTTP/1.1 200 OK
Server: nginx
Content-Type: application/json
Content-Length: 92
X-Tt-Logid: 202412310023373A9D8C491BDDB73F0F4C
x-tt-trace-host: 018e5a586174a888928d793bdac74b79b519a86797e72c2eba011e03e23beee17d5add313ea8ab374f19ba7c53b4747e8cf027a9ba3001bee301b5553659026662ef3beb444ee3768fea8bb302b22b6b188b6518db9986e7f2fb7a4db8f8dc923ce002258514c567384d2cfc25ead7813c
x-tt-trace-id: 00-2412310023373A9D8C491BDDB73F0F4C-4557246D7CD0B444-00
X-Origin-Response-Time: 42,23.218.219.21
X-Akamai-Request-ID: 206e599d.6ad9e04
Expires: Tue, 31 Dec 2024 00:23:37 GMT
Cache-Control: max-age=0, no-cache, no-store
Pragma: no-cache
Date: Tue, 31 Dec 2024 00:23:37 GMT
X-Cache: TCP_MISS from a95-101-134-116.deploy.akamaitechnologies.com (AkamaiGHost/11.7.2.1-9611f29bef89eba7b18045b10aa2af98) (-)
Connection: close
X-Cache-Remote: TCP_MISS from a23-218-219-21.deploy.akamaitechnologies.com (AkamaiGHost/11.7.2.1-9611f29bef89eba7b18045b10aa2af98) (-)
x-tt-trace-tag: id=16;cdn-cache=miss;type=dyn
Server-Timing: cdn-cache; desc=MISS, edge; dur=82, origin; dur=42
Server-Timing: inner; dur=36
X-Parent-Response-Time: 124,95.101.134.116

{"code": 0, "message": "OK", "request_id": "202412310023373A9D8C491BDDB73F0F4C", "data": {}}
2024-12-31T00:26:11+00:00 DEBUG POST: https://business-api.tiktok.com/open_api/v1.3/event/track/

{"partner_name":"WooCommerce","event_source":"web","event_source_id":"CSM79Q3C77UAG1T340I0","data":[{"event":"Pageview","event_id":"67733a234266b_tt4b_woocommerce_670666209cf1f","event_time":1735604771,"user":{"ip":"51.222.253.5","user_agent":"Mozilla\/5.0 (compatible; AhrefsBot\/7.0; +http:\/\/ahrefs.com\/robot\/)","locale":"ar","external_id":"0","email":"e3b0c44298fc1c149afbf4c8996fb92427ae41e4649b934ca495991b7852b855","phone_number":"e3b0c44298fc1c149afbf4c8996fb92427ae41e4649b934ca495991b7852b855","first_name":"e3b0c44298fc1c149afbf4c8996fb92427ae41e4649b934ca495991b7852b855","last_name":"e3b0c44298fc1c149afbf4c8996fb92427ae41e4649b934ca495991b7852b855","zip_code":"e3b0c44298fc1c149afbf4c8996fb92427ae41e4649b934ca495991b7852b855"},"page":{"url":"http:\/\/www.ibn-sinaa.com\/tag\/%D8%B7%D8%A8%D8%A7%D8%B9%D8%A9-%D8%B3%D8%B1%D9%8A%D8%B9%D8%A9\/"}}]}
 ajax: no
2024-12-31T00:26:11+00:00 DEBUG Tt4b_Mapi_Class::mapi_post: Response: 

HTTP/1.1 200 OK
Server: nginx
Content-Type: application/json
Content-Length: 92
X-Tt-Logid: 2024123100261157A159CA51FE2E27AADA
Server-Timing: inner; dur=34
x-tt-trace-host: 018e5a586174a888928d793bdac74b79b51a437ee89a1c03eb2011d034a2e3e9f5d2279a3ed4631672cc534b0a6cdf5dc496226044677afcdeb34e120b08183e70e82101aa156f05d1e43428680af3fe0f03b340f69e8efe40f456afd2384b1be1
x-tt-trace-id: 00-24123100261157A159CA51FE2E27AADA-15AE98C6543A27F5-00
Expires: Tue, 31 Dec 2024 00:26:11 GMT
Cache-Control: max-age=0, no-cache, no-store
Pragma: no-cache
Date: Tue, 31 Dec 2024 00:26:11 GMT
X-Cache: TCP_MISS from a95-101-134-92.deploy.akamaitechnologies.com (AkamaiGHost/11.7.2.1-9611f29bef89eba7b18045b10aa2af98) (-)
Connection: close
x-tt-trace-tag: id=16;cdn-cache=miss;type=dyn
Server-Timing: cdn-cache; desc=MISS, edge; dur=0, origin; dur=114
X-Origin-Response-Time: 114,95.101.134.92
X-Akamai-Request-ID: 6d30f98

{"code": 0, "message": "OK", "request_id": "2024123100261157A159CA51FE2E27AADA", "data": {}}
2024-12-31T00:30:55+00:00 DEBUG Tt4b_Pixel_Class::inject_add_to_cart_event: hit AddToCart
2024-12-31T00:30:55+00:00 DEBUG POST: https://business-api.tiktok.com/open_api/v1.3/event/track/

{"partner_name":"WooCommerce","event_source":"web","event_source_id":"CSM79Q3C77UAG1T340I0","data":[{"event":"AddToCart","event_id":"67733b3f2f89d_tt4b_woocommerce_670666209cf1f_4442","event_time":1735605055,"user":{"ip":"51.222.253.5","user_agent":"Mozilla\/5.0 (compatible; AhrefsBot\/7.0; +http:\/\/ahrefs.com\/robot\/)","locale":"ar","external_id":"0","email":"e3b0c44298fc1c149afbf4c8996fb92427ae41e4649b934ca495991b7852b855","phone_number":"e3b0c44298fc1c149afbf4c8996fb92427ae41e4649b934ca495991b7852b855","first_name":"e3b0c44298fc1c149afbf4c8996fb92427ae41e4649b934ca495991b7852b855","last_name":"e3b0c44298fc1c149afbf4c8996fb92427ae41e4649b934ca495991b7852b855","zip_code":"e3b0c44298fc1c149afbf4c8996fb92427ae41e4649b934ca495991b7852b855"},"properties":{"contents":[{"price":230,"quantity":1,"content_id":"4442","content_name":"\u062a\u0642\u0648\u064a\u0645 \u0645\u064a\u0644\u0627\u062f\u064a \u0645\u062f\u0631\u062c","description":"\u062a\u0642\u0648\u064a\u0645 \u0645\u064a\u0644\u0627\u062f\u064a \u062e\u0634\u0628: \u062a\u0635\u0645\u064a\u0645 \u0639\u0635\u0631\u064a \u0648\u0623\u0646\u064a\u0642\u060c \u0645\u0635\u0646\u0648\u0639 \u0645\u0646 \u0627\u0644\u062c\u0644\u062f \u0627\u0644\u0645\u062a\u064a\u0646 \u0628\u0648\u0636\u0648\u062d \u0627\u0633\u062a\u062b\u0646\u0627\u0626\u064a \u0644\u0644\u0643\u062a\u0627\u0628\u0629 \u0648\u0627\u0644\u0631\u0624\u064a\u0629\u060c \u064a\u0636\u064a\u0641 \u0644\u0645\u0633\u0629 \u0645\u0646 \u0627\u0644\u0641\u062e\u0627\u0645\u0629 \u0648\u0627\u0644\u062a\u0646\u0638\u064a\u0645 \u0644\u0645\u0643\u062a\u0628\u0643. \u0645\u062b\u0627\u0644\u064a \u0644\u062a\u0646\u0638\u064a\u0645 \u0627\u0644\u0645\u0648\u0627\u0639\u064a\u062f \u0648\u0627\u0644\u0627\u062c\u062a\u0645\u0627\u0639\u0627\u062a\u060c \u0648\u064a\u0636\u0641\u064a \u062c\u0627\u0630\u0628\u064a\u0629 \u0639\u0644\u0649 \u0645\u0633\u0627\u062d\u0629 \u0627\u0644\u0639\u0645\u0644 \u0627\u0644\u062e\u0627\u0635\u0629 \u0628\u0643.","availability":"IN_STOCK","sale_price":230,"on_sale":false}],"content_type":"product","currency":"SAR","value":230,"event_trigger_source":"WooCommerce"},"page":{"url":"http:\/\/www.ibn-sinaa.com\/product-tag\/%D8%B7%D8%A8%D8%A7%D8%B9%D8%A9-%D8%AA%D9%82%D9%88%D9%8A%D9%85-%D9%87%D8%AC%D8%B1%D9%8A\/page\/2\/?add-to-cart=4442"}}]}
 ajax: no
2024-12-31T00:30:55+00:00 DEBUG Tt4b_Mapi_Class::mapi_post: Response: 

HTTP/1.1 200 OK
Server: nginx
Content-Type: application/json
Content-Length: 92
X-Tt-Logid: 202412310030553F725B2CB36DE3B21CAB
x-tt-trace-host: 018e5a586174a888928d793bdac74b79b56517d7628cf0ffdff56b078ad2cf5615296bdbe04762102d7651d07bd78d3b1b94559590e51e78bfd12dfb5bdd75fa7d77e0f4e557bc27a4abadacdfa5f514183ee1f52150f86f94db7742fe2a35b1fc6c726a1664fd0ab271ea6bd345717bc2
x-tt-trace-id: 00-2412310030553F725B2CB36DE3B21CAB-4D87958A57D21E5D-00
X-Origin-Response-Time: 34,23.52.15.166
X-Akamai-Request-ID: 5bc7f3c6.6dd228d
Expires: Tue, 31 Dec 2024 00:30:55 GMT
Cache-Control: max-age=0, no-cache, no-store
Pragma: no-cache
Date: Tue, 31 Dec 2024 00:30:55 GMT
X-Cache: TCP_MISS from a95-101-134-92.deploy.akamaitechnologies.com (AkamaiGHost/11.7.2.1-9611f29bef89eba7b18045b10aa2af98) (-)
Connection: close
X-Cache-Remote: TCP_MISS from a23-52-15-166.deploy.akamaitechnologies.com (AkamaiGHost/11.7.2.1-9611f29bef89eba7b18045b10aa2af98) (-)
x-tt-trace-tag: id=16;cdn-cache=miss;type=dyn
Server-Timing: cdn-cache; desc=MISS, edge; dur=241, origin; dur=34
Server-Timing: inner; dur=26
X-Parent-Response-Time: 275,95.101.134.92

{"code": 0, "message": "OK", "request_id": "202412310030553F725B2CB36DE3B21CAB", "data": {}}
2024-12-31T00:30:55+00:00 DEBUG POST: https://business-api.tiktok.com/open_api/v1.3/event/track/

{"partner_name":"WooCommerce","event_source":"web","event_source_id":"CSM79Q3C77UAG1T340I0","data":[{"event":"Pageview","event_id":"67733b3fbec86_tt4b_woocommerce_670666209cf1f","event_time":1735605055,"user":{"ip":"51.222.253.5","user_agent":"Mozilla\/5.0 (compatible; AhrefsBot\/7.0; +http:\/\/ahrefs.com\/robot\/)","locale":"ar","external_id":"0","email":"e3b0c44298fc1c149afbf4c8996fb92427ae41e4649b934ca495991b7852b855","phone_number":"e3b0c44298fc1c149afbf4c8996fb92427ae41e4649b934ca495991b7852b855","first_name":"e3b0c44298fc1c149afbf4c8996fb92427ae41e4649b934ca495991b7852b855","last_name":"e3b0c44298fc1c149afbf4c8996fb92427ae41e4649b934ca495991b7852b855","zip_code":"e3b0c44298fc1c149afbf4c8996fb92427ae41e4649b934ca495991b7852b855"},"page":{"url":"http:\/\/www.ibn-sinaa.com\/product-tag\/%D8%B7%D8%A8%D8%A7%D8%B9%D8%A9-%D8%AA%D9%82%D9%88%D9%8A%D9%85-%D9%87%D8%AC%D8%B1%D9%8A\/page\/2\/?add-to-cart=4442"}}]}
 ajax: no
2024-12-31T00:30:55+00:00 DEBUG Tt4b_Mapi_Class::mapi_post: Response: 

HTTP/1.1 200 OK
Server: nginx
Content-Type: application/json
Content-Length: 92
X-Tt-Logid: 20241231003055AECE728EC82C652805D6
x-tt-trace-host: 018e5a586174a888928d793bdac74b79b519a86797e72c2eba011e03e23beee17dff99182af5c3057d47a346ac01d22a31c7a1194123345ba8a0ea6bcd5ea82bfc4c53d027c4d44f1efb4c59a0d0b180a602f960a3ad3a983bb9cc55d31dd68f7c60fbf14cd5974514b30f17994b9a237e
x-tt-trace-id: 00-241231003055AECE728EC82C652805D6-6D497CBC8060A6D8-00
X-Origin-Response-Time: 35,23.218.219.23
X-Akamai-Request-ID: 5db4127e.6ba3b59
Expires: Tue, 31 Dec 2024 00:30:55 GMT
Cache-Control: max-age=0, no-cache, no-store
Pragma: no-cache
Date: Tue, 31 Dec 2024 00:30:55 GMT
X-Cache: TCP_MISS from a95-101-134-116.deploy.akamaitechnologies.com (AkamaiGHost/11.7.2.1-9611f29bef89eba7b18045b10aa2af98) (-)
Connection: close
X-Cache-Remote: TCP_MISS from a23-218-219-23.deploy.akamaitechnologies.com (AkamaiGHost/11.7.2.1-9611f29bef89eba7b18045b10aa2af98) (-)
x-tt-trace-tag: id=16;cdn-cache=miss;type=dyn
Server-Timing: cdn-cache; desc=MISS, edge; dur=82, origin; dur=35
Server-Timing: inner; dur=29
X-Parent-Response-Time: 117,95.101.134.116

{"code": 0, "message": "OK", "request_id": "20241231003055AECE728EC82C652805D6", "data": {}}
2024-12-31T00:32:29+00:00 DEBUG Tt4b_Pixel_Class::inject_add_to_cart_event: hit AddToCart
2024-12-31T00:32:29+00:00 DEBUG POST: https://business-api.tiktok.com/open_api/v1.3/event/track/

{"partner_name":"WooCommerce","event_source":"web","event_source_id":"CSM79Q3C77UAG1T340I0","data":[{"event":"AddToCart","event_id":"67733b9d11e33_tt4b_woocommerce_670666209cf1f_4443","event_time":1735605149,"user":{"ip":"51.222.253.5","user_agent":"Mozilla\/5.0 (compatible; AhrefsBot\/7.0; +http:\/\/ahrefs.com\/robot\/)","locale":"ar","external_id":"0","email":"e3b0c44298fc1c149afbf4c8996fb92427ae41e4649b934ca495991b7852b855","phone_number":"e3b0c44298fc1c149afbf4c8996fb92427ae41e4649b934ca495991b7852b855","first_name":"e3b0c44298fc1c149afbf4c8996fb92427ae41e4649b934ca495991b7852b855","last_name":"e3b0c44298fc1c149afbf4c8996fb92427ae41e4649b934ca495991b7852b855","zip_code":"e3b0c44298fc1c149afbf4c8996fb92427ae41e4649b934ca495991b7852b855"},"properties":{"contents":[{"price":69,"quantity":1,"content_id":"4443","content_name":"\u062a\u0642\u0648\u064a\u0645 \u0645\u064a\u0644\u0627\u062f\u064a \u0645\u0643\u062a\u0628\u064a","description":"\u062a\u0642\u0648\u064a\u0645 \u0645\u064a\u0644\u0627\u062f\u064a \u0645\u0643\u062a\u0628\u064a \u062c\u0644\u062f \u0639\u0627\u062f\u064a: \u062a\u0635\u0645\u064a\u0645 \u0639\u0635\u0631\u064a \u0648\u0623\u0646\u064a\u0642\u060c \u0645\u0635\u0646\u0648\u0639 \u0645\u0646 \u0627\u0644\u062c\u0644\u062f \u0627\u0644\u0645\u062a\u064a\u0646 \u0628\u0648\u0636\u0648\u062d \u0627\u0633\u062a\u062b\u0646\u0627\u0626\u064a \u0644\u0644\u0643\u062a\u0627\u0628\u0629 \u0648\u0627\u0644\u0631\u0624\u064a\u0629\u060c \u064a\u0636\u064a\u0641 \u0644\u0645\u0633\u0629 \u0645\u0646 \u0627\u0644\u0641\u062e\u0627\u0645\u0629 \u0648\u0627\u0644\u062a\u0646\u0638\u064a\u0645 \u0644\u0645\u0643\u062a\u0628\u0643. \u0645\u062b\u0627\u0644\u064a \u0644\u062a\u0646\u0638\u064a\u0645 \u0627\u0644\u0645\u0648\u0627\u0639\u064a\u062f \u0648\u0627\u0644\u0627\u062c\u062a\u0645\u0627\u0639\u0627\u062a\u060c \u0648\u064a\u0636\u0641\u064a \u062c\u0627\u0630\u0628\u064a\u0629 \u0639\u0644\u0649 \u0645\u0633\u0627\u062d\u0629 \u0627\u0644\u0639\u0645\u0644 \u0627\u0644\u062e\u0627\u0635\u0629 \u0628\u0643.","availability":"IN_STOCK","sale_price":69,"on_sale":false}],"content_type":"product","currency":"SAR","value":69,"event_trigger_source":"WooCommerce"},"page":{"url":"http:\/\/www.ibn-sinaa.com\/product-tag\/%D8%B7%D8%A8%D8%A7%D8%B9%D8%A9-%D8%AA%D9%82%D9%88%D9%8A%D9%85-%D9%87%D8%AC%D8%B1%D9%8A\/page\/2\/?add-to-cart=4443"}}]}
 ajax: no
2024-12-31T00:32:29+00:00 DEBUG Tt4b_Mapi_Class::mapi_post: Response: 

HTTP/1.1 200 OK
Server: nginx
Content-Type: application/json
Content-Length: 92
X-Tt-Logid: 2024123100322989AECF63F742F3CA1A00
x-tt-trace-host: 018e5a586174a888928d793bdac74b79b519a86797e72c2eba011e03e23beee17da011bd787019d6acda28a4f9fb3cf735964deefa4e7828e4a9a5441b0ae920c4c079a4d493de7e14a8208b379c6c15bce41ec58c3d6801ba04ffe1d83c2c46ec5ee9a6c09905c12986fc2d26fbe4dac1
x-tt-trace-id: 00-24123100322989AECF63F742F3CA1A00-2ABE3F3047440171-00
X-Origin-Response-Time: 71,23.213.246.207
X-Akamai-Request-ID: 277b42ef.6bcae83
Expires: Tue, 31 Dec 2024 00:32:29 GMT
Cache-Control: max-age=0, no-cache, no-store
Pragma: no-cache
Date: Tue, 31 Dec 2024 00:32:29 GMT
X-Cache: TCP_MISS from a95-101-134-116.deploy.akamaitechnologies.com (AkamaiGHost/11.7.2.1-9611f29bef89eba7b18045b10aa2af98) (-)
Connection: close
X-Cache-Remote: TCP_MISS from a23-213-246-207.deploy.akamaitechnologies.com (AkamaiGHost/11.7.2.1-9611f29bef89eba7b18045b10aa2af98) (-)
x-tt-trace-tag: id=16;cdn-cache=miss;type=dyn
Server-Timing: cdn-cache; desc=MISS, edge; dur=155, origin; dur=71
Server-Timing: inner; dur=32
X-Parent-Response-Time: 226,95.101.134.116

{"code": 0, "message": "OK", "request_id": "2024123100322989AECF63F742F3CA1A00", "data": {}}
2024-12-31T00:32:29+00:00 DEBUG POST: https://business-api.tiktok.com/open_api/v1.3/event/track/

{"partner_name":"WooCommerce","event_source":"web","event_source_id":"CSM79Q3C77UAG1T340I0","data":[{"event":"Pageview","event_id":"67733b9d9c776_tt4b_woocommerce_670666209cf1f","event_time":1735605149,"user":{"ip":"51.222.253.5","user_agent":"Mozilla\/5.0 (compatible; AhrefsBot\/7.0; +http:\/\/ahrefs.com\/robot\/)","locale":"ar","external_id":"0","email":"e3b0c44298fc1c149afbf4c8996fb92427ae41e4649b934ca495991b7852b855","phone_number":"e3b0c44298fc1c149afbf4c8996fb92427ae41e4649b934ca495991b7852b855","first_name":"e3b0c44298fc1c149afbf4c8996fb92427ae41e4649b934ca495991b7852b855","last_name":"e3b0c44298fc1c149afbf4c8996fb92427ae41e4649b934ca495991b7852b855","zip_code":"e3b0c44298fc1c149afbf4c8996fb92427ae41e4649b934ca495991b7852b855"},"page":{"url":"http:\/\/www.ibn-sinaa.com\/product-tag\/%D8%B7%D8%A8%D8%A7%D8%B9%D8%A9-%D8%AA%D9%82%D9%88%D9%8A%D9%85-%D9%87%D8%AC%D8%B1%D9%8A\/page\/2\/?add-to-cart=4443"}}]}
 ajax: no
2024-12-31T00:32:29+00:00 DEBUG Tt4b_Mapi_Class::mapi_post: Response: 

HTTP/1.1 200 OK
Server: nginx
Content-Type: application/json
Content-Length: 92
X-Tt-Logid: 20241231003229360EC9CEEB5107623FE3
x-tt-trace-host: 018e5a586174a888928d793bdac74b79b56517d7628cf0ffdff56b078ad2cf5615f66ce83ac6a20d76f0e298179a0c82647e9c8c6ee8766494ecdaef4eb6a8592a1a71a9630048ad1a3d4d47f2f6a7f5bd077ee7a48d98279cb1f5ad620888eefcb24c229a7dc42786ce50bb12360dcff2
x-tt-trace-id: 00-241231003229360EC9CEEB5107623FE3-6BE6AB053C37234D-00
X-Origin-Response-Time: 40,23.218.219.51
X-Akamai-Request-ID: 5a27656b.6e055f6
Expires: Tue, 31 Dec 2024 00:32:29 GMT
Cache-Control: max-age=0, no-cache, no-store
Pragma: no-cache
Date: Tue, 31 Dec 2024 00:32:29 GMT
X-Cache: TCP_MISS from a95-101-134-92.deploy.akamaitechnologies.com (AkamaiGHost/11.7.2.1-9611f29bef89eba7b18045b10aa2af98) (-)
Connection: close
X-Cache-Remote: TCP_MISS from a23-218-219-51.deploy.akamaitechnologies.com (AkamaiGHost/11.7.2.1-9611f29bef89eba7b18045b10aa2af98) (-)
x-tt-trace-tag: id=16;cdn-cache=miss;type=dyn
Server-Timing: cdn-cache; desc=MISS, edge; dur=80, origin; dur=40
Server-Timing: inner; dur=34
X-Parent-Response-Time: 120,95.101.134.92

{"code": 0, "message": "OK", "request_id": "20241231003229360EC9CEEB5107623FE3", "data": {}}
2024-12-31T00:33:58+00:00 DEBUG POST: https://business-api.tiktok.com/open_api/v1.3/event/track/

{"partner_name":"WooCommerce","event_source":"web","event_source_id":"CSM79Q3C77UAG1T340I0","data":[{"event":"Pageview","event_id":"67733bf6ba1bd_tt4b_woocommerce_670666209cf1f","event_time":1735605238,"user":{"ip":"54.36.148.40","user_agent":"Mozilla\/5.0 (compatible; AhrefsBot\/7.0; +http:\/\/ahrefs.com\/robot\/)","locale":"ar","external_id":"0","email":"e3b0c44298fc1c149afbf4c8996fb92427ae41e4649b934ca495991b7852b855","phone_number":"e3b0c44298fc1c149afbf4c8996fb92427ae41e4649b934ca495991b7852b855","first_name":"e3b0c44298fc1c149afbf4c8996fb92427ae41e4649b934ca495991b7852b855","last_name":"e3b0c44298fc1c149afbf4c8996fb92427ae41e4649b934ca495991b7852b855","zip_code":"e3b0c44298fc1c149afbf4c8996fb92427ae41e4649b934ca495991b7852b855"},"page":{"url":"http:\/\/mail.ibn-sinaa.com\/product\/roller-blinds\/"}}]}
 ajax: no
2024-12-31T00:33:58+00:00 DEBUG Tt4b_Mapi_Class::mapi_post: Response: 

HTTP/1.1 200 OK
Server: nginx
Content-Type: application/json
Content-Length: 92
X-Tt-Logid: 20241231003358CC680EED3ACB76B4F94A
Server-Timing: inner; dur=28
x-tt-trace-host: 018e5a586174a888928d793bdac74b79b51a437ee89a1c03eb2011d034a2e3e9f582006531df41ebbada2cee73ee71f103f87627a5c1d742b8730d8f1f5e405131d78e6cde1e22a3f1c8976deddb57f17c295fc1a805ab26fd1f2438ca47973d4a
x-tt-trace-id: 00-241231003358CC680EED3ACB76B4F94A-1AE0689A57244B22-00
Expires: Tue, 31 Dec 2024 00:33:58 GMT
Cache-Control: max-age=0, no-cache, no-store
Pragma: no-cache
Date: Tue, 31 Dec 2024 00:33:58 GMT
X-Cache: TCP_MISS from a95-101-134-92.deploy.akamaitechnologies.com (AkamaiGHost/11.7.2.1-9611f29bef89eba7b18045b10aa2af98) (-)
Connection: close
x-tt-trace-tag: id=16;cdn-cache=miss;type=dyn
Server-Timing: cdn-cache; desc=MISS, edge; dur=2, origin; dur=109
X-Origin-Response-Time: 110,95.101.134.92
X-Akamai-Request-ID: 6e34151

{"code": 0, "message": "OK", "request_id": "20241231003358CC680EED3ACB76B4F94A", "data": {}}
2024-12-31T00:33:59+00:00 DEBUG Tt4b_Pixel_Class::inject_view_content_event: hit ViewContent
2024-12-31T00:33:59+00:00 DEBUG POST: https://business-api.tiktok.com/open_api/v1.3/event/track/

{"partner_name":"WooCommerce","event_source":"web","event_source_id":"CSM79Q3C77UAG1T340I0","data":[{"event":"ViewContent","event_id":"67733bf70e2fd_tt4b_woocommerce_670666209cf1f_4289","event_time":1735605239,"user":{"ip":"54.36.148.40","user_agent":"Mozilla\/5.0 (compatible; AhrefsBot\/7.0; +http:\/\/ahrefs.com\/robot\/)","locale":"ar","external_id":"0","email":"e3b0c44298fc1c149afbf4c8996fb92427ae41e4649b934ca495991b7852b855","phone_number":"e3b0c44298fc1c149afbf4c8996fb92427ae41e4649b934ca495991b7852b855","first_name":"e3b0c44298fc1c149afbf4c8996fb92427ae41e4649b934ca495991b7852b855","last_name":"e3b0c44298fc1c149afbf4c8996fb92427ae41e4649b934ca495991b7852b855","zip_code":"e3b0c44298fc1c149afbf4c8996fb92427ae41e4649b934ca495991b7852b855"},"properties":{"contents":[{"price":230,"quantity":1,"content_id":"4289","content_name":"\u0633\u062a\u0627\u064a\u0631 \u0631\u0648\u0644","description":"\u0633\u062a\u0627\u064a\u0631 \u0631\u0648\u0644 \u062a\u0635\u0645\u064a\u0645 \u0627\u0646\u064a\u0642, \u0648\u0645\u0642\u0627\u0633\u0627\u062a \u0645\u062a\u0646\u0648\u0639\u0629.\r\n\u0627\u0644\u062e\u0627\u0645\u0629 \u0628\u0648\u0633\u062a\u0631.\r\n\u0645\u062f\u0629 \u0627\u0644\u062a\u0646\u0641\u064a\u0630: \u0645\u0646 3 \u0625\u0644\u0649 5 \u0623\u064a\u0627\u0645 \u0639\u0645\u0644 \u0628\u0639\u062f \u0627\u0639\u062a\u0645\u0627\u062f \u0627\u0644\u062a\u0635\u0645\u064a\u0645 \u0648\u0627\u0644\u0637\u0644\u0628 \u062d\u0633\u0628 \u0627\u0644\u0643\u0645\u064a\u0629 (\u062a\u0632\u064a\u062f \u0627\u0644\u0645\u062f\u0629 \u0639\u0646\u062f \u0637\u0644\u0628 \u0627\u0644\u0634\u062d\u0646).","availability":"IN_STOCK","sale_price":230,"on_sale":false}],"content_type":"product","currency":"SAR","value":230,"event_trigger_source":"WooCommerce"},"page":{"url":"http:\/\/mail.ibn-sinaa.com\/product\/roller-blinds\/"}}]}
 ajax: no
2024-12-31T00:33:59+00:00 DEBUG Tt4b_Mapi_Class::mapi_post: Response: 

HTTP/1.1 200 OK
Server: nginx
Content-Type: application/json
Content-Length: 92
X-Tt-Logid: 20241231003359BEB33E1D0384C84AB80D
x-tt-trace-host: 018e5a586174a888928d793bdac74b79b519a86797e72c2eba011e03e23beee17d6fa6cc38891585b2430fb4b30cf7b4ac7af13f5fff205d3e8f38fb323476893b896625832efcd99a40669d9a29ae1f23db845fedc53a0eb5ab903bbc5e1f2a82239d1f0de806635ce37a9c38a9bfd178
x-tt-trace-id: 00-241231003359BEB33E1D0384C84AB80D-6E06E4834DD43E3D-00
X-Origin-Response-Time: 36,23.52.15.177
X-Akamai-Request-ID: aecc31fb.6bef6a5
Expires: Tue, 31 Dec 2024 00:33:59 GMT
Cache-Control: max-age=0, no-cache, no-store
Pragma: no-cache
Date: Tue, 31 Dec 2024 00:33:59 GMT
X-Cache: TCP_MISS from a95-101-134-116.deploy.akamaitechnologies.com (AkamaiGHost/11.7.2.1-9611f29bef89eba7b18045b10aa2af98) (-)
Connection: close
X-Cache-Remote: TCP_MISS from a23-52-15-177.deploy.akamaitechnologies.com (AkamaiGHost/11.7.2.1-9611f29bef89eba7b18045b10aa2af98) (-)
x-tt-trace-tag: id=16;cdn-cache=miss;type=dyn
Server-Timing: cdn-cache; desc=MISS, edge; dur=80, origin; dur=36
Server-Timing: inner; dur=32
X-Parent-Response-Time: 116,95.101.134.116

{"code": 0, "message": "OK", "request_id": "20241231003359BEB33E1D0384C84AB80D", "data": {}}
2024-12-31T00:37:03+00:00 DEBUG POST: https://business-api.tiktok.com/open_api/v1.3/event/track/

{"partner_name":"WooCommerce","event_source":"web","event_source_id":"CSM79Q3C77UAG1T340I0","data":[{"event":"Pageview","event_id":"67733caf494ca_tt4b_woocommerce_670666209cf1f","event_time":1735605423,"user":{"ip":"207.46.13.155","user_agent":"Mozilla\/5.0 AppleWebKit\/537.36 (KHTML, like Gecko; compatible; bingbot\/2.0; +http:\/\/www.bing.com\/bingbot.htm) Chrome\/116.0.1938.76 Safari\/537.36","locale":"ar","external_id":"0","email":"e3b0c44298fc1c149afbf4c8996fb92427ae41e4649b934ca495991b7852b855","phone_number":"e3b0c44298fc1c149afbf4c8996fb92427ae41e4649b934ca495991b7852b855","first_name":"e3b0c44298fc1c149afbf4c8996fb92427ae41e4649b934ca495991b7852b855","last_name":"e3b0c44298fc1c149afbf4c8996fb92427ae41e4649b934ca495991b7852b855","zip_code":"e3b0c44298fc1c149afbf4c8996fb92427ae41e4649b934ca495991b7852b855"},"page":{"url":"http:\/\/www.ibn-sinaa.com\/category\/shields-gifts\/"}}]}
 ajax: no
2024-12-31T00:37:03+00:00 DEBUG Tt4b_Mapi_Class::mapi_post: Response: 

HTTP/1.1 200 OK
Server: nginx
Content-Type: application/json
Content-Length: 92
X-Tt-Logid: 20241231003703B14AFFE54C0667266680
Server-Timing: inner; dur=32
x-tt-trace-host: 018e5a586174a888928d793bdac74b79b51a437ee89a1c03eb2011d034a2e3e9f54752c23c39c6cfe3833f25e235e99f67e5796e20a25337c4d329f0ecc3bf899548a95cdab04358c70d622a23bf1fb4adaf6a0866b7961649c104681f0614f082
x-tt-trace-id: 00-241231003703B14AFFE54C0667266680-7BE85C235E12D20A-00
Expires: Tue, 31 Dec 2024 00:37:03 GMT
Cache-Control: max-age=0, no-cache, no-store
Pragma: no-cache
Date: Tue, 31 Dec 2024 00:37:03 GMT
X-Cache: TCP_MISS from a95-101-134-92.deploy.akamaitechnologies.com (AkamaiGHost/11.7.2.1-9611f29bef89eba7b18045b10aa2af98) (-)
Connection: close
x-tt-trace-tag: id=16;cdn-cache=miss;type=dyn
Server-Timing: cdn-cache; desc=MISS, edge; dur=2, origin; dur=115
X-Origin-Response-Time: 116,95.101.134.92
X-Akamai-Request-ID: 6e8ed2c

{"code": 0, "message": "OK", "request_id": "20241231003703B14AFFE54C0667266680", "data": {}}
2024-12-31T00:38:39+00:00 DEBUG Tt4b_Pixel_Class::inject_add_to_cart_event: hit AddToCart
2024-12-31T00:38:39+00:00 DEBUG POST: https://business-api.tiktok.com/open_api/v1.3/event/track/

{"partner_name":"WooCommerce","event_source":"web","event_source_id":"CSM79Q3C77UAG1T340I0","data":[{"event":"AddToCart","event_id":"67733d0fa4b42_tt4b_woocommerce_670666209cf1f_4445","event_time":1735605519,"user":{"ip":"51.222.253.12","user_agent":"Mozilla\/5.0 (compatible; AhrefsBot\/7.0; +http:\/\/ahrefs.com\/robot\/)","locale":"ar","external_id":"0","email":"e3b0c44298fc1c149afbf4c8996fb92427ae41e4649b934ca495991b7852b855","phone_number":"e3b0c44298fc1c149afbf4c8996fb92427ae41e4649b934ca495991b7852b855","first_name":"e3b0c44298fc1c149afbf4c8996fb92427ae41e4649b934ca495991b7852b855","last_name":"e3b0c44298fc1c149afbf4c8996fb92427ae41e4649b934ca495991b7852b855","zip_code":"e3b0c44298fc1c149afbf4c8996fb92427ae41e4649b934ca495991b7852b855"},"properties":{"contents":[{"price":69,"quantity":1,"content_id":"4445","content_name":"\u062a\u0642\u0648\u064a\u0645 \u0645\u064a\u0644\u0627\u062f\u064a \u0645\u0643\u062a\u0628\u064a \u0645\u062e\u0645\u0644\u064a","description":"\u062a\u0642\u0648\u064a\u0645 \u0645\u064a\u0644\u0627\u062f\u064a \u0645\u0643\u062a\u0628\u064a \u0645\u062e\u0645\u0644\u064a: \u062a\u0635\u0645\u064a\u0645 \u0639\u0635\u0631\u064a \u0648\u0623\u0646\u064a\u0642\u060c \u0645\u0635\u0646\u0648\u0639 \u0645\u0646 \u0627\u0644\u0623\u0643\u0631\u064a\u0644\u064a\u0643 \u0627\u0644\u0645\u062a\u064a\u0646 \u0628\u0648\u0636\u0648\u062d \u0627\u0633\u062a\u062b\u0646\u0627\u0626\u064a \u0644\u0644\u0643\u062a\u0627\u0628\u0629 \u0648\u0627\u0644\u0631\u0624\u064a\u0629\u060c \u064a\u0636\u064a\u0641 \u0644\u0645\u0633\u0629 \u0645\u0646 \u0627\u0644\u0641\u062e\u0627\u0645\u0629 \u0648\u0627\u0644\u062a\u0646\u0638\u064a\u0645 \u0644\u0645\u0643\u062a\u0628\u0643. \u0645\u062b\u0627\u0644\u064a \u0644\u062a\u0646\u0638\u064a\u0645 \u0627\u0644\u0645\u0648\u0627\u0639\u064a\u062f \u0648\u0627\u0644\u0627\u062c\u062a\u0645\u0627\u0639\u0627\u062a\u060c \u0648\u064a\u0636\u0641\u064a \u062c\u0627\u0630\u0628\u064a\u0629 \u0639\u0644\u0649 \u0645\u0633\u0627\u062d\u0629 \u0627\u0644\u0639\u0645\u0644 \u0627\u0644\u062e\u0627\u0635\u0629 \u0628\u0643.","availability":"IN_STOCK","sale_price":69,"on_sale":false}],"content_type":"product","currency":"SAR","value":69,"event_trigger_source":"WooCommerce"},"page":{"url":"http:\/\/www.ibn-sinaa.com\/product-tag\/%D8%B7%D8%A8%D8%A7%D8%B9%D8%A9-%D8%AA%D9%82%D9%88%D9%8A%D9%85-%D9%87%D8%AC%D8%B1%D9%8A\/page\/2\/?add-to-cart=4445"}}]}
 ajax: no
2024-12-31T00:38:39+00:00 DEBUG Tt4b_Mapi_Class::mapi_post: Response: 

HTTP/1.1 200 OK
Server: nginx
Content-Type: application/json
Content-Length: 92
X-Tt-Logid: 20241231003839FD2F9B8F2A58A726A3DA
Server-Timing: inner; dur=27
x-tt-trace-host: 018e5a586174a888928d793bdac74b79b51a437ee89a1c03eb2011d034a2e3e9f5d2279a3ed4631672cc534b0a6cdf5dc4871ad37e59bc18598f32b61428c53f43d651b0708421987d89d6c2c41118e22f9669185e8629b8c7aa2162426cbcfc44
x-tt-trace-id: 00-241231003839FD2F9B8F2A58A726A3DA-704E0FB453332A4B-00
Expires: Tue, 31 Dec 2024 00:38:39 GMT
Cache-Control: max-age=0, no-cache, no-store
Pragma: no-cache
Date: Tue, 31 Dec 2024 00:38:39 GMT
X-Cache: TCP_MISS from a95-101-134-92.deploy.akamaitechnologies.com (AkamaiGHost/11.7.2.1-9611f29bef89eba7b18045b10aa2af98) (-)
Connection: close
x-tt-trace-tag: id=16;cdn-cache=miss;type=dyn
Server-Timing: cdn-cache; desc=MISS, edge; dur=0, origin; dur=110
X-Origin-Response-Time: 110,95.101.134.92
X-Akamai-Request-ID: 6ebb3f7

{"code": 0, "message": "OK", "request_id": "20241231003839FD2F9B8F2A58A726A3DA", "data": {}}
2024-12-31T00:38:40+00:00 DEBUG POST: https://business-api.tiktok.com/open_api/v1.3/event/track/

{"partner_name":"WooCommerce","event_source":"web","event_source_id":"CSM79Q3C77UAG1T340I0","data":[{"event":"Pageview","event_id":"67733d100a9d3_tt4b_woocommerce_670666209cf1f","event_time":1735605520,"user":{"ip":"51.222.253.12","user_agent":"Mozilla\/5.0 (compatible; AhrefsBot\/7.0; +http:\/\/ahrefs.com\/robot\/)","locale":"ar","external_id":"0","email":"e3b0c44298fc1c149afbf4c8996fb92427ae41e4649b934ca495991b7852b855","phone_number":"e3b0c44298fc1c149afbf4c8996fb92427ae41e4649b934ca495991b7852b855","first_name":"e3b0c44298fc1c149afbf4c8996fb92427ae41e4649b934ca495991b7852b855","last_name":"e3b0c44298fc1c149afbf4c8996fb92427ae41e4649b934ca495991b7852b855","zip_code":"e3b0c44298fc1c149afbf4c8996fb92427ae41e4649b934ca495991b7852b855"},"page":{"url":"http:\/\/www.ibn-sinaa.com\/product-tag\/%D8%B7%D8%A8%D8%A7%D8%B9%D8%A9-%D8%AA%D9%82%D9%88%D9%8A%D9%85-%D9%87%D8%AC%D8%B1%D9%8A\/page\/2\/?add-to-cart=4445"}}]}
 ajax: no
2024-12-31T00:38:40+00:00 DEBUG Tt4b_Mapi_Class::mapi_post: Response: 

HTTP/1.1 200 OK
Server: nginx
Content-Type: application/json
Content-Length: 92
X-Tt-Logid: 2024123100384021BB293A2715A844D285
x-tt-trace-host: 018e5a586174a888928d793bdac74b79b519a86797e72c2eba011e03e23beee17dec9e6ed9797fe11e20fe620a54ae977cc2fc87b55d0bcb5a5afa030854284e9ea6045973d2a41df3cc992a51a9c8d4d4fd1c4a99b492e82cf0a592a584aec1294d230a0dd58323987303f04ce54079ef
x-tt-trace-id: 00-24123100384021BB293A2715A844D285-35911C4D561FC8DF-00
X-Origin-Response-Time: 28,23.55.100.229
X-Akamai-Request-ID: bfa60440.6c571bb
Expires: Tue, 31 Dec 2024 00:38:40 GMT
Cache-Control: max-age=0, no-cache, no-store
Pragma: no-cache
Date: Tue, 31 Dec 2024 00:38:40 GMT
X-Cache: TCP_MISS from a95-101-134-116.deploy.akamaitechnologies.com (AkamaiGHost/11.7.2.1-9611f29bef89eba7b18045b10aa2af98) (-)
Connection: close
X-Cache-Remote: TCP_MISS from a23-55-100-229.deploy.akamaitechnologies.com (AkamaiGHost/11.7.2.1-9611f29bef89eba7b18045b10aa2af98) (-)
x-tt-trace-tag: id=16;cdn-cache=miss;type=dyn
Server-Timing: cdn-cache; desc=MISS, edge; dur=80, origin; dur=28
Server-Timing: inner; dur=24
X-Parent-Response-Time: 108,95.101.134.116

{"code": 0, "message": "OK", "request_id": "2024123100384021BB293A2715A844D285", "data": {}}
2024-12-31T00:40:08+00:00 DEBUG Tt4b_Pixel_Class::inject_add_to_cart_event: hit AddToCart
2024-12-31T00:40:08+00:00 DEBUG POST: https://business-api.tiktok.com/open_api/v1.3/event/track/

{"partner_name":"WooCommerce","event_source":"web","event_source_id":"CSM79Q3C77UAG1T340I0","data":[{"event":"AddToCart","event_id":"67733d68d3af0_tt4b_woocommerce_670666209cf1f_4424","event_time":1735605608,"user":{"ip":"54.36.148.211","user_agent":"Mozilla\/5.0 (compatible; AhrefsBot\/7.0; +http:\/\/ahrefs.com\/robot\/)","locale":"ar","external_id":"0","email":"e3b0c44298fc1c149afbf4c8996fb92427ae41e4649b934ca495991b7852b855","phone_number":"e3b0c44298fc1c149afbf4c8996fb92427ae41e4649b934ca495991b7852b855","first_name":"e3b0c44298fc1c149afbf4c8996fb92427ae41e4649b934ca495991b7852b855","last_name":"e3b0c44298fc1c149afbf4c8996fb92427ae41e4649b934ca495991b7852b855","zip_code":"e3b0c44298fc1c149afbf4c8996fb92427ae41e4649b934ca495991b7852b855"},"properties":{"contents":[{"price":180,"quantity":1,"content_id":"4424","content_name":"\u062a\u0642\u0648\u064a\u0645 \u0627\u0643\u0631\u064a\u0644\u064a\u0643 \u0645\u0639 \u0632\u0648\u0627\u064a\u0627","description":"\u062a\u0642\u0648\u064a\u0645 \u0623\u0643\u0631\u064a\u0644\u064a\u0643 \u0645\u0639 \u0632\u0648\u0627\u064a\u0627: \u062a\u0635\u0645\u064a\u0645 \u0639\u0635\u0631\u064a \u0648\u0623\u0646\u064a\u0642\u060c \u0645\u0635\u0646\u0648\u0639 \u0645\u0646 \u0627\u0644\u0623\u0643\u0631\u064a\u0644\u064a\u0643 \u0627\u0644\u0645\u062a\u064a\u0646 \u0628\u0648\u0636\u0648\u062d \u0627\u0633\u062a\u062b\u0646\u0627\u0626\u064a \u0644\u0644\u0643\u062a\u0627\u0628\u0629 \u0648\u0627\u0644\u0631\u0624\u064a\u0629\u060c \u064a\u0636\u064a\u0641 \u0644\u0645\u0633\u0629 \u0645\u0646 \u0627\u0644\u0641\u062e\u0627\u0645\u0629 \u0648\u0627\u0644\u062a\u0646\u0638\u064a\u0645 \u0644\u0645\u0643\u062a\u0628\u0643. \u0645\u062b\u0627\u0644\u064a \u0644\u062a\u0646\u0638\u064a\u0645 \u0627\u0644\u0645\u0648\u0627\u0639\u064a\u062f \u0648\u0627\u0644\u0627\u062c\u062a\u0645\u0627\u0639\u0627\u062a\u060c \u0648\u064a\u0636\u0641\u064a \u062c\u0627\u0630\u0628\u064a\u0629 \u0639\u0644\u0649 \u0645\u0633\u0627\u062d\u0629 \u0627\u0644\u0639\u0645\u0644 \u0627\u0644\u062e\u0627\u0635\u0629 \u0628\u0643.","availability":"IN_STOCK","sale_price":180,"on_sale":false}],"content_type":"product","currency":"SAR","value":180,"event_trigger_source":"WooCommerce"},"page":{"url":"http:\/\/mail.ibn-sinaa.com\/product-tag\/%D8%B7%D8%A8%D8%A7%D8%B9%D8%A9-%D8%AA%D9%82%D9%88%D9%8A%D9%85-2025\/?add-to-cart=4424"}}]}
 ajax: no
2024-12-31T00:40:09+00:00 DEBUG Tt4b_Mapi_Class::mapi_post: Response: 

HTTP/1.1 200 OK
Server: nginx
Content-Type: application/json
Content-Length: 92
X-Tt-Logid: 20241231004008834D6DA59AC14E423B08
x-tt-trace-host: 018e5a586174a888928d793bdac74b79b56517d7628cf0ffdff56b078ad2cf56155d54e5d357a995a4eb631e5b2e68e049688ff6fda85da5bcb621f9f0568c70ea9863de44946182c2d83f879ff075bbfd56a8e69a213fe6d5b86114126174b8717a43bda771f777cb1ae85d4246082b41
x-tt-trace-id: 00-241231004008834D6DA59AC14E423B08-42D622D2562F0C90-00
X-Origin-Response-Time: 38,23.52.15.171
X-Akamai-Request-ID: 82cfd269.6ee228a
Expires: Tue, 31 Dec 2024 00:40:09 GMT
Cache-Control: max-age=0, no-cache, no-store
Pragma: no-cache
Date: Tue, 31 Dec 2024 00:40:09 GMT
X-Cache: TCP_MISS from a95-101-134-92.deploy.akamaitechnologies.com (AkamaiGHost/11.7.2.1-9611f29bef89eba7b18045b10aa2af98) (-)
Connection: close
X-Cache-Remote: TCP_MISS from a23-52-15-171.deploy.akamaitechnologies.com (AkamaiGHost/11.7.2.1-9611f29bef89eba7b18045b10aa2af98) (-)
x-tt-trace-tag: id=16;cdn-cache=miss;type=dyn
Server-Timing: cdn-cache; desc=MISS, edge; dur=91, origin; dur=38
Server-Timing: inner; dur=25
X-Parent-Response-Time: 129,95.101.134.92

{"code": 0, "message": "OK", "request_id": "20241231004008834D6DA59AC14E423B08", "data": {}}
2024-12-31T00:40:09+00:00 DEBUG POST: https://business-api.tiktok.com/open_api/v1.3/event/track/

{"partner_name":"WooCommerce","event_source":"web","event_source_id":"CSM79Q3C77UAG1T340I0","data":[{"event":"Pageview","event_id":"67733d6944a85_tt4b_woocommerce_670666209cf1f","event_time":1735605609,"user":{"ip":"54.36.148.211","user_agent":"Mozilla\/5.0 (compatible; AhrefsBot\/7.0; +http:\/\/ahrefs.com\/robot\/)","locale":"ar","external_id":"0","email":"e3b0c44298fc1c149afbf4c8996fb92427ae41e4649b934ca495991b7852b855","phone_number":"e3b0c44298fc1c149afbf4c8996fb92427ae41e4649b934ca495991b7852b855","first_name":"e3b0c44298fc1c149afbf4c8996fb92427ae41e4649b934ca495991b7852b855","last_name":"e3b0c44298fc1c149afbf4c8996fb92427ae41e4649b934ca495991b7852b855","zip_code":"e3b0c44298fc1c149afbf4c8996fb92427ae41e4649b934ca495991b7852b855"},"page":{"url":"http:\/\/mail.ibn-sinaa.com\/product-tag\/%D8%B7%D8%A8%D8%A7%D8%B9%D8%A9-%D8%AA%D9%82%D9%88%D9%8A%D9%85-2025\/?add-to-cart=4424"}}]}
 ajax: no
2024-12-31T00:40:09+00:00 DEBUG Tt4b_Mapi_Class::mapi_post: Response: 

HTTP/1.1 200 OK
Server: nginx
Content-Type: application/json
Content-Length: 92
X-Tt-Logid: 20241231004009C37963CBAD21AB236274
x-tt-trace-host: 018e5a586174a888928d793bdac74b79b56517d7628cf0ffdff56b078ad2cf5615577e1e1535dc3e087ee70d52a758e6d4f1bc0ac65f3951099b61a00d239ae66741be56652bf26cd9e348c34eda8cca8bf9c891dccd773cb28909e4d974be9a532ff5154244a05b8ee51f0e9c78f296fe
x-tt-trace-id: 00-241231004009C37963CBAD21AB236274-1511B18410FC8C64-00
X-Origin-Response-Time: 52,23.218.219.13
X-Akamai-Request-ID: 848f405b.6ee2599
Expires: Tue, 31 Dec 2024 00:40:09 GMT
Cache-Control: max-age=0, no-cache, no-store
Pragma: no-cache
Date: Tue, 31 Dec 2024 00:40:09 GMT
X-Cache: TCP_MISS from a95-101-134-92.deploy.akamaitechnologies.com (AkamaiGHost/11.7.2.1-9611f29bef89eba7b18045b10aa2af98) (-)
Connection: close
X-Cache-Remote: TCP_MISS from a23-218-219-13.deploy.akamaitechnologies.com (AkamaiGHost/11.7.2.1-9611f29bef89eba7b18045b10aa2af98) (-)
x-tt-trace-tag: id=16;cdn-cache=miss;type=dyn
Server-Timing: cdn-cache; desc=MISS, edge; dur=87, origin; dur=52
Server-Timing: inner; dur=48
X-Parent-Response-Time: 138,95.101.134.92

{"code": 0, "message": "OK", "request_id": "20241231004009C37963CBAD21AB236274", "data": {}}
2024-12-31T00:42:45+00:00 DEBUG POST: https://business-api.tiktok.com/open_api/v1.3/event/track/

{"partner_name":"WooCommerce","event_source":"web","event_source_id":"CSM79Q3C77UAG1T340I0","data":[{"event":"Pageview","event_id":"67733e053df7c_tt4b_woocommerce_670666209cf1f","event_time":1735605765,"user":{"ip":"66.249.69.134","user_agent":"Mozilla\/5.0 (Linux; Android 6.0.1; Nexus 5X Build\/MMB29P) AppleWebKit\/537.36 (KHTML, like Gecko) Chrome\/131.0.6778.139 Mobile Safari\/537.36 (compatible; Googlebot\/2.1; +http:\/\/www.google.com\/bot.html)","locale":"ar","external_id":"0","email":"e3b0c44298fc1c149afbf4c8996fb92427ae41e4649b934ca495991b7852b855","phone_number":"e3b0c44298fc1c149afbf4c8996fb92427ae41e4649b934ca495991b7852b855","first_name":"e3b0c44298fc1c149afbf4c8996fb92427ae41e4649b934ca495991b7852b855","last_name":"e3b0c44298fc1c149afbf4c8996fb92427ae41e4649b934ca495991b7852b855","zip_code":"e3b0c44298fc1c149afbf4c8996fb92427ae41e4649b934ca495991b7852b855"},"page":{"url":"http:\/\/ibn-sinaa.com\/product\/roll-x-banner\/"}}]}
 ajax: no
2024-12-31T00:42:45+00:00 DEBUG Tt4b_Mapi_Class::mapi_post: Response: 

HTTP/1.1 200 OK
Server: nginx
Content-Type: application/json
Content-Length: 92
X-Tt-Logid: 202412310042459E4B2905DE66C524CCDE
x-tt-trace-host: 018e5a586174a888928d793bdac74b79b519a86797e72c2eba011e03e23beee17da4ecc4bbfeb8dd8a2295dbd663c39868063c1dc2ca76146ae6fa4de9a9c603545531052a4f654e113f91da2ce434b3d744dc29b66badc2a15ca34e2c9862790d9a845afd220e9498131e1aba3915dafa
x-tt-trace-id: 00-2412310042459E4B2905DE66C524CCDE-5F2DC6E10883C95F-00
X-Origin-Response-Time: 41,23.218.219.39
X-Akamai-Request-ID: 1350d765.6ca4861
Expires: Tue, 31 Dec 2024 00:42:45 GMT
Cache-Control: max-age=0, no-cache, no-store
Pragma: no-cache
Date: Tue, 31 Dec 2024 00:42:45 GMT
X-Cache: TCP_MISS from a95-101-134-116.deploy.akamaitechnologies.com (AkamaiGHost/11.7.2.1-9611f29bef89eba7b18045b10aa2af98) (-)
Connection: close
X-Cache-Remote: TCP_MISS from a23-218-219-39.deploy.akamaitechnologies.com (AkamaiGHost/11.7.2.1-9611f29bef89eba7b18045b10aa2af98) (-)
x-tt-trace-tag: id=16;cdn-cache=miss;type=dyn
Server-Timing: cdn-cache; desc=MISS, edge; dur=82, origin; dur=41
Server-Timing: inner; dur=37
X-Parent-Response-Time: 123,95.101.134.116

{"code": 0, "message": "OK", "request_id": "202412310042459E4B2905DE66C524CCDE", "data": {}}
2024-12-31T00:42:45+00:00 DEBUG Tt4b_Pixel_Class::inject_view_content_event: hit ViewContent
2024-12-31T00:42:45+00:00 DEBUG POST: https://business-api.tiktok.com/open_api/v1.3/event/track/

{"partner_name":"WooCommerce","event_source":"web","event_source_id":"CSM79Q3C77UAG1T340I0","data":[{"event":"ViewContent","event_id":"67733e058912e_tt4b_woocommerce_670666209cf1f_4269","event_time":1735605765,"user":{"ip":"66.249.69.134","user_agent":"Mozilla\/5.0 (Linux; Android 6.0.1; Nexus 5X Build\/MMB29P) AppleWebKit\/537.36 (KHTML, like Gecko) Chrome\/131.0.6778.139 Mobile Safari\/537.36 (compatible; Googlebot\/2.1; +http:\/\/www.google.com\/bot.html)","locale":"ar","external_id":"0","email":"e3b0c44298fc1c149afbf4c8996fb92427ae41e4649b934ca495991b7852b855","phone_number":"e3b0c44298fc1c149afbf4c8996fb92427ae41e4649b934ca495991b7852b855","first_name":"e3b0c44298fc1c149afbf4c8996fb92427ae41e4649b934ca495991b7852b855","last_name":"e3b0c44298fc1c149afbf4c8996fb92427ae41e4649b934ca495991b7852b855","zip_code":"e3b0c44298fc1c149afbf4c8996fb92427ae41e4649b934ca495991b7852b855"},"properties":{"contents":[{"price":80,"quantity":1,"content_id":"4269","content_name":"\u0631\u0648\u0644 \u0627\u0643\u0633 \u0628\u0646\u0631 \u0645\u0639 \u062d\u0627\u0645\u0644 \u062e\u0627\u0632\u0646 \u0645\u0627\u0621","description":"\u0631\u0648\u0644 \u0627\u0628 \u0645\u064a\u0646\u064a \u0645\u0642\u0627\u0633\u0627\u062a \u0645\u062a\u0646\u0648\u0639\u0629.\r\n\u0627\u0644\u062e\u0627\u0645\u0629 \u0628\u0648\u0633\u062a\u0631.\r\n\u0645\u062f\u0629 \u0627\u0644\u062a\u0646\u0641\u064a\u0630: \u0645\u0646 3 \u0625\u0644\u0649 5 \u0623\u064a\u0627\u0645 \u0639\u0645\u0644 \u0628\u0639\u062f \u0627\u0639\u062a\u0645\u0627\u062f \u0627\u0644\u062a\u0635\u0645\u064a\u0645 \u0648\u0627\u0644\u0637\u0644\u0628 \u062d\u0633\u0628 \u0627\u0644\u0643\u0645\u064a\u0629 (\u062a\u0632\u064a\u062f \u0627\u0644\u0645\u062f\u0629 \u0639\u0646\u062f \u0637\u0644\u0628 \u0627\u0644\u0634\u062d\u0646).","availability":"IN_STOCK","sale_price":80,"on_sale":false}],"content_type":"product","currency":"SAR","value":80,"event_trigger_source":"WooCommerce"},"page":{"url":"http:\/\/ibn-sinaa.com\/product\/roll-x-banner\/"}}]}
 ajax: no
2024-12-31T00:42:45+00:00 DEBUG Tt4b_Mapi_Class::mapi_post: Response: 

HTTP/1.1 200 OK
Server: nginx
Content-Type: application/json
Content-Length: 92
X-Tt-Logid: 2024123100424545A8ABBA5AFE8676B696
x-tt-trace-host: 018e5a586174a888928d793bdac74b79b56517d7628cf0ffdff56b078ad2cf5615e72529700b5e1b9923a68be84895c1deb283583fc8bb27148a26618b2cd81021999a45e29f42ad43ee9ed1a554cb7b335ac9716cfbb6b02ac9a3b93cb0e5d10cfae976f8465c50423d8d4d93905e3b8d
x-tt-trace-id: 00-24123100424545A8ABBA5AFE8676B696-78FC26926E3D7204-00
X-Origin-Response-Time: 36,23.55.100.231
X-Akamai-Request-ID: c8f73c17.6f24fc9
Expires: Tue, 31 Dec 2024 00:42:45 GMT
Cache-Control: max-age=0, no-cache, no-store
Pragma: no-cache
Date: Tue, 31 Dec 2024 00:42:45 GMT
X-Cache: TCP_MISS from a95-101-134-92.deploy.akamaitechnologies.com (AkamaiGHost/11.7.2.1-9611f29bef89eba7b18045b10aa2af98) (-)
Connection: close
X-Cache-Remote: TCP_MISS from a23-55-100-231.deploy.akamaitechnologies.com (AkamaiGHost/11.7.2.1-9611f29bef89eba7b18045b10aa2af98) (-)
x-tt-trace-tag: id=16;cdn-cache=miss;type=dyn
Server-Timing: cdn-cache; desc=MISS, edge; dur=81, origin; dur=35
Server-Timing: inner; dur=29
X-Parent-Response-Time: 116,95.101.134.92

{"code": 0, "message": "OK", "request_id": "2024123100424545A8ABBA5AFE8676B696", "data": {}}
2024-12-31T00:43:17+00:00 DEBUG Tt4b_Pixel_Class::inject_add_to_cart_event: hit AddToCart
2024-12-31T00:43:17+00:00 DEBUG POST: https://business-api.tiktok.com/open_api/v1.3/event/track/

{"partner_name":"WooCommerce","event_source":"web","event_source_id":"CSM79Q3C77UAG1T340I0","data":[{"event":"AddToCart","event_id":"67733e25b976b_tt4b_woocommerce_670666209cf1f_4426","event_time":1735605797,"user":{"ip":"54.36.149.30","user_agent":"Mozilla\/5.0 (compatible; AhrefsBot\/7.0; +http:\/\/ahrefs.com\/robot\/)","locale":"ar","external_id":"0","email":"e3b0c44298fc1c149afbf4c8996fb92427ae41e4649b934ca495991b7852b855","phone_number":"e3b0c44298fc1c149afbf4c8996fb92427ae41e4649b934ca495991b7852b855","first_name":"e3b0c44298fc1c149afbf4c8996fb92427ae41e4649b934ca495991b7852b855","last_name":"e3b0c44298fc1c149afbf4c8996fb92427ae41e4649b934ca495991b7852b855","zip_code":"e3b0c44298fc1c149afbf4c8996fb92427ae41e4649b934ca495991b7852b855"},"properties":{"contents":[{"price":180,"quantity":1,"content_id":"4426","content_name":"\u062a\u0642\u0648\u064a\u0645 \u0627\u0643\u0631\u064a\u0644\u064a\u0643 \u0645\u0639 \u062c\u064a\u0628 \u062e\u0634\u0628","description":"\u062a\u0642\u0648\u064a\u0645 \u0623\u0643\u0631\u064a\u0644\u064a\u0643 \u0645\u0639 \u062c\u064a\u0628 \u062e\u0634\u0628: \u062a\u0635\u0645\u064a\u0645 \u0639\u0635\u0631\u064a \u0648\u0623\u0646\u064a\u0642\u060c \u0645\u0635\u0646\u0648\u0639 \u0645\u0646 \u0627\u0644\u0623\u0643\u0631\u064a\u0644\u064a\u0643 \u0627\u0644\u0645\u062a\u064a\u0646 \u0628\u0648\u0636\u0648\u062d \u0627\u0633\u062a\u062b\u0646\u0627\u0626\u064a \u0644\u0644\u0643\u062a\u0627\u0628\u0629 \u0648\u0627\u0644\u0631\u0624\u064a\u0629\u060c \u064a\u0636\u064a\u0641 \u0644\u0645\u0633\u0629 \u0645\u0646 \u0627\u0644\u0641\u062e\u0627\u0645\u0629 \u0648\u0627\u0644\u062a\u0646\u0638\u064a\u0645 \u0644\u0645\u0643\u062a\u0628\u0643. \u0645\u062b\u0627\u0644\u064a \u0644\u062a\u0646\u0638\u064a\u0645 \u0627\u0644\u0645\u0648\u0627\u0639\u064a\u062f \u0648\u0627\u0644\u0627\u062c\u062a\u0645\u0627\u0639\u0627\u062a\u060c \u0648\u064a\u0636\u0641\u064a \u062c\u0627\u0630\u0628\u064a\u0629 \u0639\u0644\u0649 \u0645\u0633\u0627\u062d\u0629 \u0627\u0644\u0639\u0645\u0644 \u0627\u0644\u062e\u0627\u0635\u0629 \u0628\u0643.","availability":"IN_STOCK","sale_price":180,"on_sale":false}],"content_type":"product","currency":"SAR","value":180,"event_trigger_source":"WooCommerce"},"page":{"url":"http:\/\/mail.ibn-sinaa.com\/product-tag\/%D8%B7%D8%A8%D8%A7%D8%B9%D8%A9-%D8%AA%D9%82%D9%88%D9%8A%D9%85-2025\/?add-to-cart=4426"}}]}
 ajax: no
2024-12-31T00:43:17+00:00 DEBUG Tt4b_Mapi_Class::mapi_post: Response: 

HTTP/1.1 200 OK
Server: nginx
Content-Type: application/json
Content-Length: 92
X-Tt-Logid: 202412310043177E0C2627093C4A9C20C1
x-tt-trace-host: 018e5a586174a888928d793bdac74b79b56517d7628cf0ffdff56b078ad2cf5615d02d71d3ede51b68e68d3829ca272f702d9c4795c59d17873daf59ac30d4da1f47dbdd74fe8ab8d92c2b5460a5550653a1b7d19b5f8a419c9ff8ecc454cc5790a50d725882692fc78db7c39c6f9a8852
x-tt-trace-id: 00-2412310043177E0C2627093C4A9C20C1-2B21AD3B3878AD1D-00
X-Origin-Response-Time: 30,23.218.219.20
X-Akamai-Request-ID: 6719a0d.6f326d0
Expires: Tue, 31 Dec 2024 00:43:17 GMT
Cache-Control: max-age=0, no-cache, no-store
Pragma: no-cache
Date: Tue, 31 Dec 2024 00:43:17 GMT
X-Cache: TCP_MISS from a95-101-134-92.deploy.akamaitechnologies.com (AkamaiGHost/11.7.2.1-9611f29bef89eba7b18045b10aa2af98) (-)
Connection: close
X-Cache-Remote: TCP_MISS from a23-218-219-20.deploy.akamaitechnologies.com (AkamaiGHost/11.7.2.1-9611f29bef89eba7b18045b10aa2af98) (-)
x-tt-trace-tag: id=16;cdn-cache=miss;type=dyn
Server-Timing: cdn-cache; desc=MISS, edge; dur=83, origin; dur=30
Server-Timing: inner; dur=28
X-Parent-Response-Time: 113,95.101.134.92

{"code": 0, "message": "OK", "request_id": "202412310043177E0C2627093C4A9C20C1", "data": {}}
2024-12-31T00:43:18+00:00 DEBUG POST: https://business-api.tiktok.com/open_api/v1.3/event/track/

{"partner_name":"WooCommerce","event_source":"web","event_source_id":"CSM79Q3C77UAG1T340I0","data":[{"event":"Pageview","event_id":"67733e2625d9c_tt4b_woocommerce_670666209cf1f","event_time":1735605798,"user":{"ip":"54.36.149.30","user_agent":"Mozilla\/5.0 (compatible; AhrefsBot\/7.0; +http:\/\/ahrefs.com\/robot\/)","locale":"ar","external_id":"0","email":"e3b0c44298fc1c149afbf4c8996fb92427ae41e4649b934ca495991b7852b855","phone_number":"e3b0c44298fc1c149afbf4c8996fb92427ae41e4649b934ca495991b7852b855","first_name":"e3b0c44298fc1c149afbf4c8996fb92427ae41e4649b934ca495991b7852b855","last_name":"e3b0c44298fc1c149afbf4c8996fb92427ae41e4649b934ca495991b7852b855","zip_code":"e3b0c44298fc1c149afbf4c8996fb92427ae41e4649b934ca495991b7852b855"},"page":{"url":"http:\/\/mail.ibn-sinaa.com\/product-tag\/%D8%B7%D8%A8%D8%A7%D8%B9%D8%A9-%D8%AA%D9%82%D9%88%D9%8A%D9%85-2025\/?add-to-cart=4426"}}]}
 ajax: no
2024-12-31T00:43:18+00:00 DEBUG Tt4b_Mapi_Class::mapi_post: Response: 

HTTP/1.1 200 OK
Server: nginx
Content-Type: application/json
Content-Length: 92
X-Tt-Logid: 20241231004318F39F203437787B2694EA
x-tt-trace-host: 018e5a586174a888928d793bdac74b79b519a86797e72c2eba011e03e23beee17d57d21e55c8a839f83472adc9bfd2d1b67391be3156b0e2f1b75462dcaf2974c6ec947ebbd23e12d3917165c242220ebebf950f297db1b691ba0b0a897736b0b06ec1737d063b207622cf4f7bcf41bb8c
x-tt-trace-id: 00-241231004318F39F203437787B2694EA-2FEABA096C220E58-00
X-Origin-Response-Time: 29,23.218.219.58
X-Akamai-Request-ID: 830090b.6caead1
Expires: Tue, 31 Dec 2024 00:43:18 GMT
Cache-Control: max-age=0, no-cache, no-store
Pragma: no-cache
Date: Tue, 31 Dec 2024 00:43:18 GMT
X-Cache: TCP_MISS from a95-101-134-116.deploy.akamaitechnologies.com (AkamaiGHost/11.7.2.1-9611f29bef89eba7b18045b10aa2af98) (-)
Connection: close
X-Cache-Remote: TCP_MISS from a23-218-219-58.deploy.akamaitechnologies.com (AkamaiGHost/11.7.2.1-9611f29bef89eba7b18045b10aa2af98) (-)
x-tt-trace-tag: id=16;cdn-cache=miss;type=dyn
Server-Timing: cdn-cache; desc=MISS, edge; dur=81, origin; dur=28
Server-Timing: inner; dur=25
X-Parent-Response-Time: 108,95.101.134.116

{"code": 0, "message": "OK", "request_id": "20241231004318F39F203437787B2694EA", "data": {}}
2024-12-31T00:46:42+00:00 DEBUG Tt4b_Pixel_Class::inject_add_to_cart_event: hit AddToCart
2024-12-31T00:46:42+00:00 DEBUG POST: https://business-api.tiktok.com/open_api/v1.3/event/track/

{"partner_name":"WooCommerce","event_source":"web","event_source_id":"CSM79Q3C77UAG1T340I0","data":[{"event":"AddToCart","event_id":"67733ef24f877_tt4b_woocommerce_670666209cf1f_4430","event_time":1735606002,"user":{"ip":"51.222.253.19","user_agent":"Mozilla\/5.0 (compatible; AhrefsBot\/7.0; +http:\/\/ahrefs.com\/robot\/)","locale":"ar","external_id":"0","email":"e3b0c44298fc1c149afbf4c8996fb92427ae41e4649b934ca495991b7852b855","phone_number":"e3b0c44298fc1c149afbf4c8996fb92427ae41e4649b934ca495991b7852b855","first_name":"e3b0c44298fc1c149afbf4c8996fb92427ae41e4649b934ca495991b7852b855","last_name":"e3b0c44298fc1c149afbf4c8996fb92427ae41e4649b934ca495991b7852b855","zip_code":"e3b0c44298fc1c149afbf4c8996fb92427ae41e4649b934ca495991b7852b855"},"properties":{"contents":[{"price":230,"quantity":1,"content_id":"4430","content_name":"\u062a\u0642\u0648\u064a\u0645 \u0627\u0643\u0631\u064a\u0644\u064a\u0643 \u0645\u0639 \u062d\u0627\u0645\u0644 \u0645\u0648\u0628\u0627\u064a\u0644","description":"\u062a\u0642\u0648\u064a\u0645 \u0623\u0643\u0631\u064a\u0644\u064a\u0643 \u0645\u0639 \u062d\u0627\u0645\u0644 \u0645\u0648\u0628\u0627\u064a\u0644: \u062a\u0635\u0645\u064a\u0645 \u0639\u0635\u0631\u064a \u0648\u0623\u0646\u064a\u0642\u060c \u0645\u0635\u0646\u0648\u0639 \u0645\u0646 \u0627\u0644\u0623\u0643\u0631\u064a\u0644\u064a\u0643 \u0627\u0644\u0645\u062a\u064a\u0646 \u0628\u0648\u0636\u0648\u062d \u0627\u0633\u062a\u062b\u0646\u0627\u0626\u064a \u0644\u0644\u0643\u062a\u0627\u0628\u0629 \u0648\u0627\u0644\u0631\u0624\u064a\u0629\u060c \u064a\u0636\u064a\u0641 \u0644\u0645\u0633\u0629 \u0645\u0646 \u0627\u0644\u0641\u062e\u0627\u0645\u0629 \u0648\u0627\u0644\u062a\u0646\u0638\u064a\u0645 \u0644\u0645\u0643\u062a\u0628\u0643. \u0645\u062b\u0627\u0644\u064a \u0644\u062a\u0646\u0638\u064a\u0645 \u0627\u0644\u0645\u0648\u0627\u0639\u064a\u062f \u0648\u0627\u0644\u0627\u062c\u062a\u0645\u0627\u0639\u0627\u062a\u060c \u0648\u064a\u0636\u0641\u064a \u062c\u0627\u0630\u0628\u064a\u0629 \u0639\u0644\u0649 \u0645\u0633\u0627\u062d\u0629 \u0627\u0644\u0639\u0645\u0644 \u0627\u0644\u062e\u0627\u0635\u0629 \u0628\u0643.","availability":"IN_STOCK","sale_price":230,"on_sale":false}],"content_type":"product","currency":"SAR","value":230,"event_trigger_source":"WooCommerce"},"page":{"url":"http:\/\/www.ibn-sinaa.com\/product\/gregorian-calendar-gradient\/?add-to-cart=4430"}}]}
 ajax: no
2024-12-31T00:46:42+00:00 DEBUG Tt4b_Mapi_Class::mapi_post: Response: 

HTTP/1.1 200 OK
Server: nginx
Content-Type: application/json
Content-Length: 92
X-Tt-Logid: 20241231004642F9CCF08DCE93092B32D7
Server-Timing: inner; dur=24
x-tt-trace-host: 018e5a586174a888928d793bdac74b79b51a437ee89a1c03eb2011d034a2e3e9f5dadaaba3a440952660d86bad856ea8947f184cadf0d8af2eddcb43064cc40182f9390c2c69ae918b0d524ebe21564ea1cb4573e322abe425da52002a0fb7788d
x-tt-trace-id: 00-241231004642F9CCF08DCE93092B32D7-4E5DA873839BA2CF-00
Expires: Tue, 31 Dec 2024 00:46:42 GMT
Cache-Control: max-age=0, no-cache, no-store
Pragma: no-cache
Date: Tue, 31 Dec 2024 00:46:42 GMT
X-Cache: TCP_MISS from a95-101-134-92.deploy.akamaitechnologies.com (AkamaiGHost/11.7.2.1-9611f29bef89eba7b18045b10aa2af98) (-)
Connection: close
x-tt-trace-tag: id=16;cdn-cache=miss;type=dyn
Server-Timing: cdn-cache; desc=MISS, edge; dur=0, origin; dur=157
X-Origin-Response-Time: 157,95.101.134.92
X-Akamai-Request-ID: 6f87dca

{"code": 0, "message": "OK", "request_id": "20241231004642F9CCF08DCE93092B32D7", "data": {}}
2024-12-31T00:46:42+00:00 DEBUG POST: https://business-api.tiktok.com/open_api/v1.3/event/track/

{"partner_name":"WooCommerce","event_source":"web","event_source_id":"CSM79Q3C77UAG1T340I0","data":[{"event":"Pageview","event_id":"67733ef2c2b14_tt4b_woocommerce_670666209cf1f","event_time":1735606002,"user":{"ip":"51.222.253.19","user_agent":"Mozilla\/5.0 (compatible; AhrefsBot\/7.0; +http:\/\/ahrefs.com\/robot\/)","locale":"ar","external_id":"0","email":"e3b0c44298fc1c149afbf4c8996fb92427ae41e4649b934ca495991b7852b855","phone_number":"e3b0c44298fc1c149afbf4c8996fb92427ae41e4649b934ca495991b7852b855","first_name":"e3b0c44298fc1c149afbf4c8996fb92427ae41e4649b934ca495991b7852b855","last_name":"e3b0c44298fc1c149afbf4c8996fb92427ae41e4649b934ca495991b7852b855","zip_code":"e3b0c44298fc1c149afbf4c8996fb92427ae41e4649b934ca495991b7852b855"},"page":{"url":"http:\/\/www.ibn-sinaa.com\/product\/gregorian-calendar-gradient\/?add-to-cart=4430"}}]}
 ajax: no
2024-12-31T00:46:42+00:00 DEBUG Tt4b_Mapi_Class::mapi_post: Response: 

HTTP/1.1 200 OK
Server: nginx
Content-Type: application/json
Content-Length: 92
X-Tt-Logid: 20241231004642F96A0373E2514FB7905F
x-tt-trace-host: 018e5a586174a888928d793bdac74b79b519a86797e72c2eba011e03e23beee17d7fa9aa374f84f251c9730c186b559965cde324955ccbe3cdbbc627db494ff1bbdc3bd31d49b3c251a80b30b71bc191479b9a1d94f4e329948662d3beee9e2b8b4c21a6d470876768c40dcbcb8623c5e9
x-tt-trace-id: 00-241231004642F96A0373E2514FB7905F-01DF8A77313FBFF2-00
X-Origin-Response-Time: 50,23.218.219.6
X-Akamai-Request-ID: 7e57a803.6cef679
Expires: Tue, 31 Dec 2024 00:46:42 GMT
Cache-Control: max-age=0, no-cache, no-store
Pragma: no-cache
Date: Tue, 31 Dec 2024 00:46:42 GMT
X-Cache: TCP_MISS from a95-101-134-116.deploy.akamaitechnologies.com (AkamaiGHost/11.7.2.1-9611f29bef89eba7b18045b10aa2af98) (-)
Connection: close
X-Cache-Remote: TCP_MISS from a23-218-219-6.deploy.akamaitechnologies.com (AkamaiGHost/11.7.2.1-9611f29bef89eba7b18045b10aa2af98) (-)
x-tt-trace-tag: id=16;cdn-cache=miss;type=dyn
Server-Timing: cdn-cache; desc=MISS, edge; dur=82, origin; dur=50
Server-Timing: inner; dur=45
X-Parent-Response-Time: 132,95.101.134.116

{"code": 0, "message": "OK", "request_id": "20241231004642F96A0373E2514FB7905F", "data": {}}
2024-12-31T00:46:43+00:00 DEBUG Tt4b_Pixel_Class::inject_view_content_event: hit ViewContent
2024-12-31T00:46:43+00:00 DEBUG POST: https://business-api.tiktok.com/open_api/v1.3/event/track/

{"partner_name":"WooCommerce","event_source":"web","event_source_id":"CSM79Q3C77UAG1T340I0","data":[{"event":"ViewContent","event_id":"67733ef30f443_tt4b_woocommerce_670666209cf1f_4442","event_time":1735606003,"user":{"ip":"51.222.253.19","user_agent":"Mozilla\/5.0 (compatible; AhrefsBot\/7.0; +http:\/\/ahrefs.com\/robot\/)","locale":"ar","external_id":"0","email":"e3b0c44298fc1c149afbf4c8996fb92427ae41e4649b934ca495991b7852b855","phone_number":"e3b0c44298fc1c149afbf4c8996fb92427ae41e4649b934ca495991b7852b855","first_name":"e3b0c44298fc1c149afbf4c8996fb92427ae41e4649b934ca495991b7852b855","last_name":"e3b0c44298fc1c149afbf4c8996fb92427ae41e4649b934ca495991b7852b855","zip_code":"e3b0c44298fc1c149afbf4c8996fb92427ae41e4649b934ca495991b7852b855"},"properties":{"contents":[{"price":230,"quantity":1,"content_id":"4442","content_name":"\u062a\u0642\u0648\u064a\u0645 \u0645\u064a\u0644\u0627\u062f\u064a \u0645\u062f\u0631\u062c","description":"\u062a\u0642\u0648\u064a\u0645 \u0645\u064a\u0644\u0627\u062f\u064a \u062e\u0634\u0628: \u062a\u0635\u0645\u064a\u0645 \u0639\u0635\u0631\u064a \u0648\u0623\u0646\u064a\u0642\u060c \u0645\u0635\u0646\u0648\u0639 \u0645\u0646 \u0627\u0644\u062c\u0644\u062f \u0627\u0644\u0645\u062a\u064a\u0646 \u0628\u0648\u0636\u0648\u062d \u0627\u0633\u062a\u062b\u0646\u0627\u0626\u064a \u0644\u0644\u0643\u062a\u0627\u0628\u0629 \u0648\u0627\u0644\u0631\u0624\u064a\u0629\u060c \u064a\u0636\u064a\u0641 \u0644\u0645\u0633\u0629 \u0645\u0646 \u0627\u0644\u0641\u062e\u0627\u0645\u0629 \u0648\u0627\u0644\u062a\u0646\u0638\u064a\u0645 \u0644\u0645\u0643\u062a\u0628\u0643. \u0645\u062b\u0627\u0644\u064a \u0644\u062a\u0646\u0638\u064a\u0645 \u0627\u0644\u0645\u0648\u0627\u0639\u064a\u062f \u0648\u0627\u0644\u0627\u062c\u062a\u0645\u0627\u0639\u0627\u062a\u060c \u0648\u064a\u0636\u0641\u064a \u062c\u0627\u0630\u0628\u064a\u0629 \u0639\u0644\u0649 \u0645\u0633\u0627\u062d\u0629 \u0627\u0644\u0639\u0645\u0644 \u0627\u0644\u062e\u0627\u0635\u0629 \u0628\u0643.","availability":"IN_STOCK","sale_price":230,"on_sale":false}],"content_type":"product","currency":"SAR","value":230,"event_trigger_source":"WooCommerce"},"page":{"url":"http:\/\/www.ibn-sinaa.com\/product\/gregorian-calendar-gradient\/?add-to-cart=4430"}}]}
 ajax: no
2024-12-31T00:46:43+00:00 DEBUG Tt4b_Mapi_Class::mapi_post: Response: 

HTTP/1.1 200 OK
Server: nginx
Content-Type: application/json
Content-Length: 92
X-Tt-Logid: 202412310046436FABB9DCDD82A9251301
x-tt-trace-host: 018e5a586174a888928d793bdac74b79b56517d7628cf0ffdff56b078ad2cf56155d54e5d357a995a4eb631e5b2e68e049dc3e4cc7dfbaeeec279ea991e2d6a6e19387af5d66316e4b93fc6d2324d8d503e01d52e00ad8c90dde23e9089d9ee319ec064b1e4a8c4cfa553ce143d4c8aed7
x-tt-trace-id: 00-2412310046436FABB9DCDD82A9251301-471AAC8B68022E80-00
X-Origin-Response-Time: 35,23.52.15.171
X-Akamai-Request-ID: 831c4cf5.6f88265
Expires: Tue, 31 Dec 2024 00:46:43 GMT
Cache-Control: max-age=0, no-cache, no-store
Pragma: no-cache
Date: Tue, 31 Dec 2024 00:46:43 GMT
X-Cache: TCP_MISS from a95-101-134-92.deploy.akamaitechnologies.com (AkamaiGHost/11.7.2.1-9611f29bef89eba7b18045b10aa2af98) (-)
Connection: close
X-Cache-Remote: TCP_MISS from a23-52-15-171.deploy.akamaitechnologies.com (AkamaiGHost/11.7.2.1-9611f29bef89eba7b18045b10aa2af98) (-)
x-tt-trace-tag: id=16;cdn-cache=miss;type=dyn
Server-Timing: cdn-cache; desc=MISS, edge; dur=80, origin; dur=35
Server-Timing: inner; dur=32
X-Parent-Response-Time: 115,95.101.134.92

{"code": 0, "message": "OK", "request_id": "202412310046436FABB9DCDD82A9251301", "data": {}}
2024-12-31T00:50:02+00:00 DEBUG POST: https://business-api.tiktok.com/open_api/v1.3/event/track/

{"partner_name":"WooCommerce","event_source":"web","event_source_id":"CSM79Q3C77UAG1T340I0","data":[{"event":"Pageview","event_id":"67733fba830f9_tt4b_woocommerce_670666209cf1f","event_time":1735606202,"user":{"ip":"85.208.96.200","user_agent":"Mozilla\/5.0 (compatible; SemrushBot\/7~bl; +http:\/\/www.semrush.com\/bot.html)","locale":"ar","external_id":"0","email":"e3b0c44298fc1c149afbf4c8996fb92427ae41e4649b934ca495991b7852b855","phone_number":"e3b0c44298fc1c149afbf4c8996fb92427ae41e4649b934ca495991b7852b855","first_name":"e3b0c44298fc1c149afbf4c8996fb92427ae41e4649b934ca495991b7852b855","last_name":"e3b0c44298fc1c149afbf4c8996fb92427ae41e4649b934ca495991b7852b855","zip_code":"e3b0c44298fc1c149afbf4c8996fb92427ae41e4649b934ca495991b7852b855"},"page":{"url":"http:\/\/mail.ibn-sinaa.com\/author\/admin\/"}}]}
 ajax: no
2024-12-31T00:50:02+00:00 DEBUG Tt4b_Mapi_Class::mapi_post: Response: 

HTTP/1.1 200 OK
Server: nginx
Content-Type: application/json
Content-Length: 92
X-Tt-Logid: 20241231005002F909E83DDA0BA0463C32
x-tt-trace-host: 018e5a586174a888928d793bdac74b79b519a86797e72c2eba011e03e23beee17d778347fdd9afe77ae03051eb9e0db40390f090d602910977cbb91645d04a3e2d5476aeefe642fb9b8d9c9b2cfd03a9aa055fa45d5cd7613b36e8016be6c4a7918f7acd1d20d5e83fa335ee16a8ba5834
x-tt-trace-id: 00-241231005002F909E83DDA0BA0463C32-7F10F79A70F81253-00
X-Origin-Response-Time: 31,23.218.219.8
X-Akamai-Request-ID: 7c5959d.6d2cafc
Expires: Tue, 31 Dec 2024 00:50:02 GMT
Cache-Control: max-age=0, no-cache, no-store
Pragma: no-cache
Date: Tue, 31 Dec 2024 00:50:02 GMT
X-Cache: TCP_MISS from a95-101-134-116.deploy.akamaitechnologies.com (AkamaiGHost/11.7.2.1-9611f29bef89eba7b18045b10aa2af98) (-)
Connection: close
X-Cache-Remote: TCP_MISS from a23-218-219-8.deploy.akamaitechnologies.com (AkamaiGHost/11.7.2.1-9611f29bef89eba7b18045b10aa2af98) (-)
x-tt-trace-tag: id=16;cdn-cache=miss;type=dyn
Server-Timing: cdn-cache; desc=MISS, edge; dur=87, origin; dur=31
Server-Timing: inner; dur=28
X-Parent-Response-Time: 118,95.101.134.116

{"code": 0, "message": "OK", "request_id": "20241231005002F909E83DDA0BA0463C32", "data": {}}
2024-12-31T00:50:06+00:00 DEBUG POST: https://business-api.tiktok.com/open_api/v1.3/event/track/

{"partner_name":"WooCommerce","event_source":"web","event_source_id":"CSM79Q3C77UAG1T340I0","data":[{"event":"Pageview","event_id":"67733fbe96fdd_tt4b_woocommerce_670666209cf1f","event_time":1735606206,"user":{"ip":"85.208.96.200","user_agent":"Mozilla\/5.0 (compatible; SemrushBot\/7~bl; +http:\/\/www.semrush.com\/bot.html)","locale":"ar","external_id":"0","email":"e3b0c44298fc1c149afbf4c8996fb92427ae41e4649b934ca495991b7852b855","phone_number":"e3b0c44298fc1c149afbf4c8996fb92427ae41e4649b934ca495991b7852b855","first_name":"e3b0c44298fc1c149afbf4c8996fb92427ae41e4649b934ca495991b7852b855","last_name":"e3b0c44298fc1c149afbf4c8996fb92427ae41e4649b934ca495991b7852b855","zip_code":"e3b0c44298fc1c149afbf4c8996fb92427ae41e4649b934ca495991b7852b855"},"page":{"url":"http:\/\/www.ibn-sinaa.com\/author\/admin\/"}}]}
 ajax: no
2024-12-31T00:50:06+00:00 DEBUG Tt4b_Mapi_Class::mapi_post: Response: 

HTTP/1.1 200 OK
Server: nginx
Content-Type: application/json
Content-Length: 92
X-Tt-Logid: 20241231005006F9C7E1502AC42D42193A
x-tt-trace-host: 018e5a586174a888928d793bdac74b79b519a86797e72c2eba011e03e23beee17d1993591dfc48dcfc3b8c12cc342970f378e6b640d3f04d2ab15446fa3499a9c67bdbc9a4b98e9aa1fd6cb3fca8807674d98317380572c684b77e2b9791111f052bcfb8d5511e05e97618836b4e11a730
x-tt-trace-id: 00-241231005006F9C7E1502AC42D42193A-6853269430F22EE0-00
X-Origin-Response-Time: 49,23.213.246.203
X-Akamai-Request-ID: fa0e2e8d.6d2df5d
Expires: Tue, 31 Dec 2024 00:50:06 GMT
Cache-Control: max-age=0, no-cache, no-store
Pragma: no-cache
Date: Tue, 31 Dec 2024 00:50:06 GMT
X-Cache: TCP_MISS from a95-101-134-116.deploy.akamaitechnologies.com (AkamaiGHost/11.7.2.1-9611f29bef89eba7b18045b10aa2af98) (-)
Connection: close
X-Cache-Remote: TCP_MISS from a23-213-246-203.deploy.akamaitechnologies.com (AkamaiGHost/11.7.2.1-9611f29bef89eba7b18045b10aa2af98) (-)
x-tt-trace-tag: id=16;cdn-cache=miss;type=dyn
Server-Timing: cdn-cache; desc=MISS, edge; dur=82, origin; dur=49
Server-Timing: inner; dur=45
X-Parent-Response-Time: 131,95.101.134.116

{"code": 0, "message": "OK", "request_id": "20241231005006F9C7E1502AC42D42193A", "data": {}}
2024-12-31T00:50:38+00:00 DEBUG POST: https://business-api.tiktok.com/open_api/v1.3/event/track/

{"partner_name":"WooCommerce","event_source":"web","event_source_id":"CSM79Q3C77UAG1T340I0","data":[{"event":"Pageview","event_id":"67733fde32754_tt4b_woocommerce_670666209cf1f","event_time":1735606238,"user":{"ip":"43.155.138.79","user_agent":"Mozilla\/5.0 (iPhone; CPU iPhone OS 13_2_3 like Mac OS X) AppleWebKit\/605.1.15 (KHTML, like Gecko) Version\/13.0.3 Mobile\/15E148 Safari\/604.1","locale":"ar","external_id":"0","email":"e3b0c44298fc1c149afbf4c8996fb92427ae41e4649b934ca495991b7852b855","phone_number":"e3b0c44298fc1c149afbf4c8996fb92427ae41e4649b934ca495991b7852b855","first_name":"e3b0c44298fc1c149afbf4c8996fb92427ae41e4649b934ca495991b7852b855","last_name":"e3b0c44298fc1c149afbf4c8996fb92427ae41e4649b934ca495991b7852b855","zip_code":"e3b0c44298fc1c149afbf4c8996fb92427ae41e4649b934ca495991b7852b855"},"page":{"url":"http:\/\/ibn-sinaa.com\/","referrer":"http:\/\/ibn-sinaa.com"}}]}
 ajax: no
2024-12-31T00:50:38+00:00 DEBUG Tt4b_Mapi_Class::mapi_post: Response: 

HTTP/1.1 200 OK
Server: nginx
Content-Type: application/json
Content-Length: 92
X-Tt-Logid: 20241231005038AC1A06E05E835424979D
x-tt-trace-host: 018e5a586174a888928d793bdac74b79b519a86797e72c2eba011e03e23beee17d1993591dfc48dcfc3b8c12cc342970f380187b2c186415ae3abd03a95dfc135d77feeedec5385eb57884b120571c1bbe4648ff635490bad1562e5f62ced3e9902a91c1cf4aec046192cd7ed8c1ed4a8a
x-tt-trace-id: 00-241231005038AC1A06E05E835424979D-7E4701235D5B4F66-00
X-Origin-Response-Time: 22,23.213.246.203
X-Akamai-Request-ID: fa15fb3c.6d37a24
Expires: Tue, 31 Dec 2024 00:50:38 GMT
Cache-Control: max-age=0, no-cache, no-store
Pragma: no-cache
Date: Tue, 31 Dec 2024 00:50:38 GMT
X-Cache: TCP_MISS from a95-101-134-116.deploy.akamaitechnologies.com (AkamaiGHost/11.7.2.1-9611f29bef89eba7b18045b10aa2af98) (-)
Connection: close
X-Cache-Remote: TCP_MISS from a23-213-246-203.deploy.akamaitechnologies.com (AkamaiGHost/11.7.2.1-9611f29bef89eba7b18045b10aa2af98) (-)
x-tt-trace-tag: id=16;cdn-cache=miss;type=dyn
Server-Timing: cdn-cache; desc=MISS, edge; dur=81, origin; dur=22
Server-Timing: inner; dur=20
X-Parent-Response-Time: 102,95.101.134.116

{"code": 0, "message": "OK", "request_id": "20241231005038AC1A06E05E835424979D", "data": {}}
2024-12-31T00:51:03+00:00 DEBUG POST: https://business-api.tiktok.com/open_api/v1.3/event/track/

{"partner_name":"WooCommerce","event_source":"web","event_source_id":"CSM79Q3C77UAG1T340I0","data":[{"event":"Pageview","event_id":"67733ff7e2b85_tt4b_woocommerce_670666209cf1f","event_time":1735606263,"user":{"ip":"157.55.39.196","user_agent":"Mozilla\/5.0 AppleWebKit\/537.36 (KHTML, like Gecko; compatible; bingbot\/2.0; +http:\/\/www.bing.com\/bingbot.htm) Chrome\/116.0.1938.76 Safari\/537.36","locale":"ar","external_id":"0","email":"e3b0c44298fc1c149afbf4c8996fb92427ae41e4649b934ca495991b7852b855","phone_number":"e3b0c44298fc1c149afbf4c8996fb92427ae41e4649b934ca495991b7852b855","first_name":"e3b0c44298fc1c149afbf4c8996fb92427ae41e4649b934ca495991b7852b855","last_name":"e3b0c44298fc1c149afbf4c8996fb92427ae41e4649b934ca495991b7852b855","zip_code":"e3b0c44298fc1c149afbf4c8996fb92427ae41e4649b934ca495991b7852b855"},"page":{"url":"http:\/\/ibn-sinaa.com\/?lang=ar&s="}}]}
 ajax: no
2024-12-31T00:51:04+00:00 DEBUG Tt4b_Mapi_Class::mapi_post: Response: 

HTTP/1.1 200 OK
Server: nginx
Content-Type: application/json
Content-Length: 92
X-Tt-Logid: 20241231005104119AC8BCEDE86EC24D53
x-tt-trace-host: 018e5a586174a888928d793bdac74b79b519a86797e72c2eba011e03e23beee17d5ca8dc2bf1a7bcdaaabc1fc433e665d4b3bdd19b485138f92ca6d54c85106f019a200b0cd86f4b02cff96a7f1ab2b9b279c625cded712b7820a7ef7b39e48266c37ba1dcf9745986d7ed0f0070f0138d
x-tt-trace-id: 00-241231005104119AC8BCEDE86EC24D53-6B3006F15EF687AB-00
X-Origin-Response-Time: 36,23.218.219.53
X-Akamai-Request-ID: 6cad682e.6d3f579
Expires: Tue, 31 Dec 2024 00:51:04 GMT
Cache-Control: max-age=0, no-cache, no-store
Pragma: no-cache
Date: Tue, 31 Dec 2024 00:51:04 GMT
X-Cache: TCP_MISS from a95-101-134-116.deploy.akamaitechnologies.com (AkamaiGHost/11.7.2.1-9611f29bef89eba7b18045b10aa2af98) (-)
Connection: close
X-Cache-Remote: TCP_MISS from a23-218-219-53.deploy.akamaitechnologies.com (AkamaiGHost/11.7.2.1-9611f29bef89eba7b18045b10aa2af98) (-)
x-tt-trace-tag: id=16;cdn-cache=miss;type=dyn
Server-Timing: cdn-cache; desc=MISS, edge; dur=82, origin; dur=35
Server-Timing: inner; dur=33
X-Parent-Response-Time: 116,95.101.134.116

{"code": 0, "message": "OK", "request_id": "20241231005104119AC8BCEDE86EC24D53", "data": {}}
2024-12-31T00:51:23+00:00 DEBUG POST: https://business-api.tiktok.com/open_api/v1.3/event/track/

{"partner_name":"WooCommerce","event_source":"web","event_source_id":"CSM79Q3C77UAG1T340I0","data":[{"event":"Pageview","event_id":"6773400b1fc37_tt4b_woocommerce_670666209cf1f","event_time":1735606283,"user":{"ip":"51.222.253.8","user_agent":"Mozilla\/5.0 (compatible; AhrefsBot\/7.0; +http:\/\/ahrefs.com\/robot\/)","locale":"ar","external_id":"0","email":"e3b0c44298fc1c149afbf4c8996fb92427ae41e4649b934ca495991b7852b855","phone_number":"e3b0c44298fc1c149afbf4c8996fb92427ae41e4649b934ca495991b7852b855","first_name":"e3b0c44298fc1c149afbf4c8996fb92427ae41e4649b934ca495991b7852b855","last_name":"e3b0c44298fc1c149afbf4c8996fb92427ae41e4649b934ca495991b7852b855","zip_code":"e3b0c44298fc1c149afbf4c8996fb92427ae41e4649b934ca495991b7852b855"},"page":{"url":"http:\/\/www.ibn-sinaa.com\/product-tag\/%D8%B7%D8%A8%D8%A7%D8%B9%D8%A9-%D8%B1%D8%B3%D9%85%D9%8A%D8%A9\/"}}]}
 ajax: no
2024-12-31T00:51:23+00:00 DEBUG Tt4b_Mapi_Class::mapi_post: Response: 

HTTP/1.1 200 OK
Server: nginx
Content-Type: application/json
Content-Length: 92
X-Tt-Logid: 202412310051233B0F0365A3CC2AA58BF2
x-tt-trace-host: 018e5a586174a888928d793bdac74b79b56517d7628cf0ffdff56b078ad2cf56157eb189c93b6d1b6afde6fb5dbb6b3eb502200957807aa1dd8f24e7bbcc74a6fe224dcf986b112fc6c7fb56bb4b36743e4afb3fd0e50836a8bff9a1aae18f057956c838a7c8c1a926612093cd2cb62b67
x-tt-trace-id: 00-2412310051233B0F0365A3CC2AA58BF2-5210D10278BD9BF4-00
X-Origin-Response-Time: 81,23.32.17.33
X-Akamai-Request-ID: 44f412ef.6ff966e
Expires: Tue, 31 Dec 2024 00:51:23 GMT
Cache-Control: max-age=0, no-cache, no-store
Pragma: no-cache
Date: Tue, 31 Dec 2024 00:51:23 GMT
X-Cache: TCP_MISS from a95-101-134-92.deploy.akamaitechnologies.com (AkamaiGHost/11.7.2.1-9611f29bef89eba7b18045b10aa2af98) (-)
Connection: close
X-Cache-Remote: TCP_MISS from a23-32-17-33.deploy.akamaitechnologies.com (AkamaiGHost/11.7.2.1-9611f29bef89eba7b18045b10aa2af98) (-)
x-tt-trace-tag: id=16;cdn-cache=miss;type=dyn
Server-Timing: cdn-cache; desc=MISS, edge; dur=237, origin; dur=81
Server-Timing: inner; dur=76
X-Parent-Response-Time: 317,95.101.134.92

{"code": 0, "message": "OK", "request_id": "202412310051233B0F0365A3CC2AA58BF2", "data": {}}
2024-12-31T00:53:01+00:00 DEBUG Tt4b_Pixel_Class::inject_add_to_cart_event: hit AddToCart
2024-12-31T00:53:01+00:00 DEBUG POST: https://business-api.tiktok.com/open_api/v1.3/event/track/

{"partner_name":"WooCommerce","event_source":"web","event_source_id":"CSM79Q3C77UAG1T340I0","data":[{"event":"AddToCart","event_id":"6773406d11260_tt4b_woocommerce_670666209cf1f_4424","event_time":1735606381,"user":{"ip":"51.222.253.17","user_agent":"Mozilla\/5.0 (compatible; AhrefsBot\/7.0; +http:\/\/ahrefs.com\/robot\/)","locale":"ar","external_id":"0","email":"e3b0c44298fc1c149afbf4c8996fb92427ae41e4649b934ca495991b7852b855","phone_number":"e3b0c44298fc1c149afbf4c8996fb92427ae41e4649b934ca495991b7852b855","first_name":"e3b0c44298fc1c149afbf4c8996fb92427ae41e4649b934ca495991b7852b855","last_name":"e3b0c44298fc1c149afbf4c8996fb92427ae41e4649b934ca495991b7852b855","zip_code":"e3b0c44298fc1c149afbf4c8996fb92427ae41e4649b934ca495991b7852b855"},"properties":{"contents":[{"price":180,"quantity":1,"content_id":"4424","content_name":"\u062a\u0642\u0648\u064a\u0645 \u0627\u0643\u0631\u064a\u0644\u064a\u0643 \u0645\u0639 \u0632\u0648\u0627\u064a\u0627","description":"\u062a\u0642\u0648\u064a\u0645 \u0623\u0643\u0631\u064a\u0644\u064a\u0643 \u0645\u0639 \u0632\u0648\u0627\u064a\u0627: \u062a\u0635\u0645\u064a\u0645 \u0639\u0635\u0631\u064a \u0648\u0623\u0646\u064a\u0642\u060c \u0645\u0635\u0646\u0648\u0639 \u0645\u0646 \u0627\u0644\u0623\u0643\u0631\u064a\u0644\u064a\u0643 \u0627\u0644\u0645\u062a\u064a\u0646 \u0628\u0648\u0636\u0648\u062d \u0627\u0633\u062a\u062b\u0646\u0627\u0626\u064a \u0644\u0644\u0643\u062a\u0627\u0628\u0629 \u0648\u0627\u0644\u0631\u0624\u064a\u0629\u060c \u064a\u0636\u064a\u0641 \u0644\u0645\u0633\u0629 \u0645\u0646 \u0627\u0644\u0641\u062e\u0627\u0645\u0629 \u0648\u0627\u0644\u062a\u0646\u0638\u064a\u0645 \u0644\u0645\u0643\u062a\u0628\u0643. \u0645\u062b\u0627\u0644\u064a \u0644\u062a\u0646\u0638\u064a\u0645 \u0627\u0644\u0645\u0648\u0627\u0639\u064a\u062f \u0648\u0627\u0644\u0627\u062c\u062a\u0645\u0627\u0639\u0627\u062a\u060c \u0648\u064a\u0636\u0641\u064a \u062c\u0627\u0630\u0628\u064a\u0629 \u0639\u0644\u0649 \u0645\u0633\u0627\u062d\u0629 \u0627\u0644\u0639\u0645\u0644 \u0627\u0644\u062e\u0627\u0635\u0629 \u0628\u0643.","availability":"IN_STOCK","sale_price":180,"on_sale":false}],"content_type":"product","currency":"SAR","value":180,"event_trigger_source":"WooCommerce"},"page":{"url":"http:\/\/www.ibn-sinaa.com\/?add-to-cart=4424"}}]}
 ajax: no
2024-12-31T00:53:01+00:00 DEBUG Tt4b_Mapi_Class::mapi_post: Response: 

HTTP/1.1 200 OK
Server: nginx
Content-Type: application/json
Content-Length: 92
X-Tt-Logid: 202412310053014436B34EE6F23CE1E138
x-tt-trace-host: 018e5a586174a888928d793bdac74b79b519a86797e72c2eba011e03e23beee17dcf24f51a3f66ece77f80810e3829c48035b2006a9d7b7282694faf7a135ca1c2f1a468484b6697800df4604d2ec36543fdddfcec4e7612f38df03be7f97883d2876f703e3815aa134bde7c61c6a34380
x-tt-trace-id: 00-2412310053014436B34EE6F23CE1E138-4C4888344B9A2F50-00
X-Origin-Response-Time: 32,23.218.219.5
X-Akamai-Request-ID: c6d74f0.6d62072
Expires: Tue, 31 Dec 2024 00:53:01 GMT
Cache-Control: max-age=0, no-cache, no-store
Pragma: no-cache
Date: Tue, 31 Dec 2024 00:53:01 GMT
X-Cache: TCP_MISS from a95-101-134-116.deploy.akamaitechnologies.com (AkamaiGHost/11.7.2.1-9611f29bef89eba7b18045b10aa2af98) (-)
Connection: close
X-Cache-Remote: TCP_MISS from a23-218-219-5.deploy.akamaitechnologies.com (AkamaiGHost/11.7.2.1-9611f29bef89eba7b18045b10aa2af98) (-)
x-tt-trace-tag: id=16;cdn-cache=miss;type=dyn
Server-Timing: cdn-cache; desc=MISS, edge; dur=82, origin; dur=32
Server-Timing: inner; dur=28
X-Parent-Response-Time: 114,95.101.134.116

{"code": 0, "message": "OK", "request_id": "202412310053014436B34EE6F23CE1E138", "data": {}}
2024-12-31T00:53:01+00:00 DEBUG POST: https://business-api.tiktok.com/open_api/v1.3/event/track/

{"partner_name":"WooCommerce","event_source":"web","event_source_id":"CSM79Q3C77UAG1T340I0","data":[{"event":"Pageview","event_id":"6773406d69616_tt4b_woocommerce_670666209cf1f","event_time":1735606381,"user":{"ip":"51.222.253.17","user_agent":"Mozilla\/5.0 (compatible; AhrefsBot\/7.0; +http:\/\/ahrefs.com\/robot\/)","locale":"ar","external_id":"0","email":"e3b0c44298fc1c149afbf4c8996fb92427ae41e4649b934ca495991b7852b855","phone_number":"e3b0c44298fc1c149afbf4c8996fb92427ae41e4649b934ca495991b7852b855","first_name":"e3b0c44298fc1c149afbf4c8996fb92427ae41e4649b934ca495991b7852b855","last_name":"e3b0c44298fc1c149afbf4c8996fb92427ae41e4649b934ca495991b7852b855","zip_code":"e3b0c44298fc1c149afbf4c8996fb92427ae41e4649b934ca495991b7852b855"},"page":{"url":"http:\/\/www.ibn-sinaa.com\/?add-to-cart=4424"}}]}
 ajax: no
2024-12-31T00:53:01+00:00 DEBUG Tt4b_Mapi_Class::mapi_post: Response: 

HTTP/1.1 200 OK
Server: nginx
Content-Type: application/json
Content-Length: 92
X-Tt-Logid: 20241231005301D2A86964B8825447D05A
x-tt-trace-host: 018e5a586174a888928d793bdac74b79b519a86797e72c2eba011e03e23beee17dd7bcf481031583f8a86de7171413ab78121673ca7073f22059aa9c5fa338363019ef638fb39f43564d87a2ef30cda5988937cb97303f9076d1f8d4b2bd8a0aa9fd4fc497a71923431d5161860fce8990
x-tt-trace-id: 00-241231005301D2A86964B8825447D05A-21DB736159FE202B-00
X-Origin-Response-Time: 55,23.52.15.170
X-Akamai-Request-ID: 6babb4f2.6d6220c
Expires: Tue, 31 Dec 2024 00:53:01 GMT
Cache-Control: max-age=0, no-cache, no-store
Pragma: no-cache
Date: Tue, 31 Dec 2024 00:53:01 GMT
X-Cache: TCP_MISS from a95-101-134-116.deploy.akamaitechnologies.com (AkamaiGHost/11.7.2.1-9611f29bef89eba7b18045b10aa2af98) (-)
Connection: close
X-Cache-Remote: TCP_MISS from a23-52-15-170.deploy.akamaitechnologies.com (AkamaiGHost/11.7.2.1-9611f29bef89eba7b18045b10aa2af98) (-)
x-tt-trace-tag: id=16;cdn-cache=miss;type=dyn
Server-Timing: cdn-cache; desc=MISS, edge; dur=84, origin; dur=55
Server-Timing: inner; dur=33
X-Parent-Response-Time: 139,95.101.134.116

{"code": 0, "message": "OK", "request_id": "20241231005301D2A86964B8825447D05A", "data": {}}
2024-12-31T00:53:22+00:00 DEBUG POST: https://business-api.tiktok.com/open_api/v1.3/event/track/

{"partner_name":"WooCommerce","event_source":"web","event_source_id":"CSM79Q3C77UAG1T340I0","data":[{"event":"Pageview","event_id":"67734082db03b_tt4b_woocommerce_670666209cf1f","event_time":1735606402,"user":{"ip":"157.55.39.196","user_agent":"Mozilla\/5.0 AppleWebKit\/537.36 (KHTML, like Gecko; compatible; bingbot\/2.0; +http:\/\/www.bing.com\/bingbot.htm) Chrome\/116.0.1938.76 Safari\/537.36","locale":"ar","external_id":"0","email":"e3b0c44298fc1c149afbf4c8996fb92427ae41e4649b934ca495991b7852b855","phone_number":"e3b0c44298fc1c149afbf4c8996fb92427ae41e4649b934ca495991b7852b855","first_name":"e3b0c44298fc1c149afbf4c8996fb92427ae41e4649b934ca495991b7852b855","last_name":"e3b0c44298fc1c149afbf4c8996fb92427ae41e4649b934ca495991b7852b855","zip_code":"e3b0c44298fc1c149afbf4c8996fb92427ae41e4649b934ca495991b7852b855"},"page":{"url":"http:\/\/ibn-sinaa.com\/product-tag\/1hd-"}}]}
 ajax: no
2024-12-31T00:53:23+00:00 DEBUG Tt4b_Mapi_Class::mapi_post: Response: 

HTTP/1.1 200 OK
Server: nginx
Content-Type: application/json
Content-Length: 92
X-Tt-Logid: 2024123100532217AE32F22EA35AB65983
x-tt-trace-host: 018e5a586174a888928d793bdac74b79b519a86797e72c2eba011e03e23beee17da51671fcb5e331a8e2e3b0e854695168024b841a2910b0ac25abf6a7b2358a87d884978641ed761b0f1cd26f5c47560615ea958c5c014156baeb5bbd1bdedbefa1e6d2e0b2084bff7bcc17adfc581ac9
x-tt-trace-id: 00-24123100532217AE32F22EA35AB65983-0C3F64120DB4914F-00
X-Origin-Response-Time: 51,23.218.219.45
X-Akamai-Request-ID: 6a7bde1c.6d68713
Expires: Tue, 31 Dec 2024 00:53:23 GMT
Cache-Control: max-age=0, no-cache, no-store
Pragma: no-cache
Date: Tue, 31 Dec 2024 00:53:23 GMT
X-Cache: TCP_MISS from a95-101-134-116.deploy.akamaitechnologies.com (AkamaiGHost/11.7.2.1-9611f29bef89eba7b18045b10aa2af98) (-)
Connection: close
X-Cache-Remote: TCP_MISS from a23-218-219-45.deploy.akamaitechnologies.com (AkamaiGHost/11.7.2.1-9611f29bef89eba7b18045b10aa2af98) (-)
x-tt-trace-tag: id=16;cdn-cache=miss;type=dyn
Server-Timing: cdn-cache; desc=MISS, edge; dur=81, origin; dur=51
Server-Timing: inner; dur=48
X-Parent-Response-Time: 132,95.101.134.116

{"code": 0, "message": "OK", "request_id": "2024123100532217AE32F22EA35AB65983", "data": {}}
2024-12-31T00:54:00+00:00 DEBUG Tt4b_Pixel_Class::inject_add_to_cart_event: hit AddToCart
2024-12-31T00:54:00+00:00 DEBUG POST: https://business-api.tiktok.com/open_api/v1.3/event/track/

{"partner_name":"WooCommerce","event_source":"web","event_source_id":"CSM79Q3C77UAG1T340I0","data":[{"event":"AddToCart","event_id":"677340a840b56_tt4b_woocommerce_670666209cf1f_SKU_197","event_time":1735606440,"user":{"ip":"149.202.86.139","user_agent":"Mozilla\/5.0 (compatible; MJ12bot\/v1.4.8; http:\/\/mj12bot.com\/)","locale":"ar","external_id":"0","email":"e3b0c44298fc1c149afbf4c8996fb92427ae41e4649b934ca495991b7852b855","phone_number":"e3b0c44298fc1c149afbf4c8996fb92427ae41e4649b934ca495991b7852b855","first_name":"e3b0c44298fc1c149afbf4c8996fb92427ae41e4649b934ca495991b7852b855","last_name":"e3b0c44298fc1c149afbf4c8996fb92427ae41e4649b934ca495991b7852b855","zip_code":"e3b0c44298fc1c149afbf4c8996fb92427ae41e4649b934ca495991b7852b855"},"properties":{"contents":[{"price":0,"quantity":1,"content_id":"SKU_197","content_name":"\u0637\u0628\u0627\u0639\u0629 \u0628\u0631\u0634\u0648\u0631 \u0641\u0644\u0627\u064a\u0631 A5","description":"\u0641\u0644\u0627\u064a\u0631 \u0645\u0642\u0627\u0633 A5 \u0637\u0628\u0627\u0639\u0629 \u0631\u0642\u0645\u064a\u0629 \u0639\u0644\u0649 \u0648\u0631\u0642 \u0643\u0648\u0634\u064a\u0647.\r\n\u0645\u062f\u0629 \u0627\u0644\u062a\u0646\u0641\u064a\u0630 \u0627\u0644\u0645\u062a\u0648\u0642\u0639\u0629: 1 \u2013 3 \u0623\u064a\u0627\u0645 \u0639\u0645\u0644 \u0628\u0639\u062f \u062a\u0623\u0643\u064a\u062f \u0627\u0644\u0637\u0644\u0628 \u0648\u0627\u0644\u062a\u0635\u0645\u064a\u0645 \u0648\u062d\u0633\u0628 \u0627\u0644\u0643\u0645\u064a\u0629 (\u062a\u0632\u064a\u062f \u0627\u0644\u0645\u062f\u0629 \u0639\u0646\u062f \u0637\u0644\u0628 \u0627\u0644\u0634\u062d\u0646).","availability":"IN_STOCK","sale_price":0,"on_sale":false}],"content_type":"product","currency":"SAR","value":0,"event_trigger_source":"WooCommerce"},"page":{"url":"http:\/\/ibn-sinaa.com\/en\/product\/%D9%83%D8%B1%D9%88%D8%AA-%D8%A8%D8%B1%D9%8A%D8%B3%D8%AA%D9%88%D9%84\/?add-to-cart=197"}}]}
 ajax: no
2024-12-31T00:54:00+00:00 DEBUG Tt4b_Mapi_Class::mapi_post: Response: 

HTTP/1.1 200 OK
Server: nginx
Content-Type: application/json
Content-Length: 92
X-Tt-Logid: 202412310054004BC619C82FDB493647C7
x-tt-trace-host: 018e5a586174a888928d793bdac74b79b519a86797e72c2eba011e03e23beee17db98bb5dab1298545482cb70efde94de807437c26d5abb1783831c3ef8b787c928345af8c1329344f7a0c365515e437542b161dc31975d92c9bf07a6ecd01d603deaf144854331a166f8897f0518e2349
x-tt-trace-id: 00-2412310054004BC619C82FDB493647C7-2BE9E4D35A7F2BD5-00
X-Origin-Response-Time: 31,23.52.15.166
X-Akamai-Request-ID: 5cc2fbc1.6d73f79
Expires: Tue, 31 Dec 2024 00:54:00 GMT
Cache-Control: max-age=0, no-cache, no-store
Pragma: no-cache
Date: Tue, 31 Dec 2024 00:54:00 GMT
X-Cache: TCP_MISS from a95-101-134-116.deploy.akamaitechnologies.com (AkamaiGHost/11.7.2.1-9611f29bef89eba7b18045b10aa2af98) (-)
Connection: close
X-Cache-Remote: TCP_MISS from a23-52-15-166.deploy.akamaitechnologies.com (AkamaiGHost/11.7.2.1-9611f29bef89eba7b18045b10aa2af98) (-)
x-tt-trace-tag: id=16;cdn-cache=miss;type=dyn
Server-Timing: cdn-cache; desc=MISS, edge; dur=82, origin; dur=31
Server-Timing: inner; dur=22
X-Parent-Response-Time: 113,95.101.134.116

{"code": 0, "message": "OK", "request_id": "202412310054004BC619C82FDB493647C7", "data": {}}
2024-12-31T00:54:00+00:00 DEBUG POST: https://business-api.tiktok.com/open_api/v1.3/event/track/

{"partner_name":"WooCommerce","event_source":"web","event_source_id":"CSM79Q3C77UAG1T340I0","data":[{"event":"Pageview","event_id":"677340a89f8ac_tt4b_woocommerce_670666209cf1f","event_time":1735606440,"user":{"ip":"149.202.86.139","user_agent":"Mozilla\/5.0 (compatible; MJ12bot\/v1.4.8; http:\/\/mj12bot.com\/)","locale":"ar","external_id":"0","email":"e3b0c44298fc1c149afbf4c8996fb92427ae41e4649b934ca495991b7852b855","phone_number":"e3b0c44298fc1c149afbf4c8996fb92427ae41e4649b934ca495991b7852b855","first_name":"e3b0c44298fc1c149afbf4c8996fb92427ae41e4649b934ca495991b7852b855","last_name":"e3b0c44298fc1c149afbf4c8996fb92427ae41e4649b934ca495991b7852b855","zip_code":"e3b0c44298fc1c149afbf4c8996fb92427ae41e4649b934ca495991b7852b855"},"page":{"url":"http:\/\/ibn-sinaa.com\/en\/product\/%D9%83%D8%B1%D9%88%D8%AA-%D8%A8%D8%B1%D9%8A%D8%B3%D8%AA%D9%88%D9%84\/?add-to-cart=197"}}]}
 ajax: no
2024-12-31T00:54:00+00:00 DEBUG Tt4b_Mapi_Class::mapi_post: Response: 

HTTP/1.1 200 OK
Server: nginx
Content-Type: application/json
Content-Length: 92
X-Tt-Logid: 20241231005400FE5C2A3B822D2E28E6CB
x-tt-trace-host: 018e5a586174a888928d793bdac74b79b56517d7628cf0ffdff56b078ad2cf56159b4e0f0e08aecf3ac846d2414a0ca84ece3261f2baea2158e7ac3787957d425805124f5e2dfbd06a05136bc391d5aedbcf947666b4027fc03aa57bd503765dbf58645f049433fa2457f7d3c01d43e915
x-tt-trace-id: 00-241231005400FE5C2A3B822D2E28E6CB-5EB47F0B776EA5B5-00
X-Origin-Response-Time: 78,23.218.219.33
X-Akamai-Request-ID: 24afbccc.70372da
Expires: Tue, 31 Dec 2024 00:54:00 GMT
Cache-Control: max-age=0, no-cache, no-store
Pragma: no-cache
Date: Tue, 31 Dec 2024 00:54:00 GMT
X-Cache: TCP_MISS from a95-101-134-92.deploy.akamaitechnologies.com (AkamaiGHost/11.7.2.1-9611f29bef89eba7b18045b10aa2af98) (-)
Connection: close
X-Cache-Remote: TCP_MISS from a23-218-219-33.deploy.akamaitechnologies.com (AkamaiGHost/11.7.2.1-9611f29bef89eba7b18045b10aa2af98) (-)
x-tt-trace-tag: id=16;cdn-cache=miss;type=dyn
Server-Timing: cdn-cache; desc=MISS, edge; dur=89, origin; dur=78
Server-Timing: inner; dur=75
X-Parent-Response-Time: 166,95.101.134.92

{"code": 0, "message": "OK", "request_id": "20241231005400FE5C2A3B822D2E28E6CB", "data": {}}
2024-12-31T00:54:05+00:00 DEBUG Tt4b_Pixel_Class::inject_add_to_cart_event: hit AddToCart
2024-12-31T00:54:05+00:00 DEBUG POST: https://business-api.tiktok.com/open_api/v1.3/event/track/

{"partner_name":"WooCommerce","event_source":"web","event_source_id":"CSM79Q3C77UAG1T340I0","data":[{"event":"AddToCart","event_id":"677340ad9a5b8_tt4b_woocommerce_670666209cf1f_3545","event_time":1735606445,"user":{"ip":"149.202.86.139","user_agent":"Mozilla\/5.0 (compatible; MJ12bot\/v1.4.8; http:\/\/mj12bot.com\/)","locale":"ar","external_id":"0","email":"e3b0c44298fc1c149afbf4c8996fb92427ae41e4649b934ca495991b7852b855","phone_number":"e3b0c44298fc1c149afbf4c8996fb92427ae41e4649b934ca495991b7852b855","first_name":"e3b0c44298fc1c149afbf4c8996fb92427ae41e4649b934ca495991b7852b855","last_name":"e3b0c44298fc1c149afbf4c8996fb92427ae41e4649b934ca495991b7852b855","zip_code":"e3b0c44298fc1c149afbf4c8996fb92427ae41e4649b934ca495991b7852b855"},"properties":{"contents":[{"price":0,"quantity":1,"content_id":"3545","content_name":"\u0637\u0628\u0627\u0639\u0629 \u0641\u0648\u0644\u062f\u0631\u0627\u062a \u062c\u064a\u0628 \u0639\u0627\u062f\u064a","description":"\u0641\u0648\u0644\u062f\u0631 \u062c\u064a\u0628 \u0623\u0628\u064a\u0636 \u0639\u0627\u062f\u064a.\r\n\u0646\u0648\u0639 \u0627\u0644\u0648\u0631\u0642: \u0648\u0631\u0642 \u0643\u0648\u0634\u064a\u0647 350 \u062c\u0631\u0627\u0645 \u0645\u0639 \u0633\u0644\u0641\u0627\u0646\r\n\u0645\u062f\u0629 \u0627\u0644\u062a\u0646\u0641\u064a\u0630 \u0627\u0644\u0645\u062a\u0648\u0642\u0639\u0629: \u0645\u0646 4 \u0625\u0644\u0649 7 \u0623\u064a\u0627\u0645 \u0639\u0645\u0644 \u0628\u0639\u062f \u0627\u0639\u062a\u0645\u0627\u062f \u0627\u0644\u0637\u0644\u0628 \u0648\u0627\u0644\u0643\u0645\u064a\u0629 (\u062a\u0632\u064a\u062f \u0627\u0644\u0645\u062f\u0629 \u0639\u0646\u062f \u0637\u0644\u0628 \u0627\u0644\u0634\u062d\u0646).","availability":"IN_STOCK","sale_price":0,"on_sale":false}],"content_type":"product","currency":"SAR","value":0,"event_trigger_source":"WooCommerce"},"page":{"url":"http:\/\/ibn-sinaa.com\/en\/product\/%D9%83%D9%88%D8%A8%D9%88%D9%86%D8%A7%D8%AA\/?add-to-cart=3545"}}]}
 ajax: no
2024-12-31T00:54:05+00:00 DEBUG Tt4b_Mapi_Class::mapi_post: Response: 

HTTP/1.1 200 OK
Server: nginx
Content-Type: application/json
Content-Length: 92
X-Tt-Logid: 202412310054057F12D41431F633CBDC59
x-tt-trace-host: 018e5a586174a888928d793bdac74b79b56517d7628cf0ffdff56b078ad2cf5615efca85305b9335ef751ac12ee4b58deb526a1ea5a921c737bbf429b6e54c415b6af8bf70766e4cbec1bd3379234a185b526d722e0974a09d0416635db4ca1c3d31193fa3bb6d2263f0250c672defd252
x-tt-trace-id: 00-2412310054057F12D41431F633CBDC59-2AFC85107D80AA49-00
X-Origin-Response-Time: 27,23.218.219.40
X-Akamai-Request-ID: 64845a21.703960c
Expires: Tue, 31 Dec 2024 00:54:05 GMT
Cache-Control: max-age=0, no-cache, no-store
Pragma: no-cache
Date: Tue, 31 Dec 2024 00:54:05 GMT
X-Cache: TCP_MISS from a95-101-134-92.deploy.akamaitechnologies.com (AkamaiGHost/11.7.2.1-9611f29bef89eba7b18045b10aa2af98) (-)
Connection: close
X-Cache-Remote: TCP_MISS from a23-218-219-40.deploy.akamaitechnologies.com (AkamaiGHost/11.7.2.1-9611f29bef89eba7b18045b10aa2af98) (-)
x-tt-trace-tag: id=16;cdn-cache=miss;type=dyn
Server-Timing: cdn-cache; desc=MISS, edge; dur=82, origin; dur=27
Server-Timing: inner; dur=24
X-Parent-Response-Time: 108,95.101.134.92

{"code": 0, "message": "OK", "request_id": "202412310054057F12D41431F633CBDC59", "data": {}}
2024-12-31T00:54:06+00:00 DEBUG POST: https://business-api.tiktok.com/open_api/v1.3/event/track/

{"partner_name":"WooCommerce","event_source":"web","event_source_id":"CSM79Q3C77UAG1T340I0","data":[{"event":"Pageview","event_id":"677340ae01b82_tt4b_woocommerce_670666209cf1f","event_time":1735606446,"user":{"ip":"149.202.86.139","user_agent":"Mozilla\/5.0 (compatible; MJ12bot\/v1.4.8; http:\/\/mj12bot.com\/)","locale":"ar","external_id":"0","email":"e3b0c44298fc1c149afbf4c8996fb92427ae41e4649b934ca495991b7852b855","phone_number":"e3b0c44298fc1c149afbf4c8996fb92427ae41e4649b934ca495991b7852b855","first_name":"e3b0c44298fc1c149afbf4c8996fb92427ae41e4649b934ca495991b7852b855","last_name":"e3b0c44298fc1c149afbf4c8996fb92427ae41e4649b934ca495991b7852b855","zip_code":"e3b0c44298fc1c149afbf4c8996fb92427ae41e4649b934ca495991b7852b855"},"page":{"url":"http:\/\/ibn-sinaa.com\/en\/product\/%D9%83%D9%88%D8%A8%D9%88%D9%86%D8%A7%D8%AA\/?add-to-cart=3545"}}]}
 ajax: no
2024-12-31T00:54:06+00:00 DEBUG Tt4b_Mapi_Class::mapi_post: Response: 

HTTP/1.1 200 OK
Server: nginx
Content-Type: application/json
Content-Length: 92
X-Tt-Logid: 202412310054069975514372BB2328812C
x-tt-trace-host: 018e5a586174a888928d793bdac74b79b519a86797e72c2eba011e03e23beee17dc8b04edb836c681a15f9bcb933a545df1542a105cfbbc6b1072a5cfdacf58207f18b2c2856e3bb714e058f82265fdc6fd66951d9c484c1ffb651bc9a20a080779ae9810a45945b4e7c258d7bd2bd0aa2
x-tt-trace-id: 00-2412310054069975514372BB2328812C-75D99B3D212C525D-00
X-Origin-Response-Time: 31,23.32.17.13
X-Akamai-Request-ID: bb88f30.6d75ac5
Expires: Tue, 31 Dec 2024 00:54:06 GMT
Cache-Control: max-age=0, no-cache, no-store
Pragma: no-cache
Date: Tue, 31 Dec 2024 00:54:06 GMT
X-Cache: TCP_MISS from a95-101-134-116.deploy.akamaitechnologies.com (AkamaiGHost/11.7.2.1-9611f29bef89eba7b18045b10aa2af98) (-)
Connection: close
X-Cache-Remote: TCP_MISS from a23-32-17-13.deploy.akamaitechnologies.com (AkamaiGHost/11.7.2.1-9611f29bef89eba7b18045b10aa2af98) (-)
x-tt-trace-tag: id=16;cdn-cache=miss;type=dyn
Server-Timing: cdn-cache; desc=MISS, edge; dur=81, origin; dur=31
Server-Timing: inner; dur=26
X-Parent-Response-Time: 112,95.101.134.116

{"code": 0, "message": "OK", "request_id": "202412310054069975514372BB2328812C", "data": {}}
2024-12-31T00:54:11+00:00 DEBUG POST: https://business-api.tiktok.com/open_api/v1.3/event/track/

{"partner_name":"WooCommerce","event_source":"web","event_source_id":"CSM79Q3C77UAG1T340I0","data":[{"event":"Pageview","event_id":"677340b3120f6_tt4b_woocommerce_670666209cf1f","event_time":1735606451,"user":{"ip":"149.202.86.139","user_agent":"Mozilla\/5.0 (compatible; MJ12bot\/v1.4.8; http:\/\/mj12bot.com\/)","locale":"ar","external_id":"0","email":"e3b0c44298fc1c149afbf4c8996fb92427ae41e4649b934ca495991b7852b855","phone_number":"e3b0c44298fc1c149afbf4c8996fb92427ae41e4649b934ca495991b7852b855","first_name":"e3b0c44298fc1c149afbf4c8996fb92427ae41e4649b934ca495991b7852b855","last_name":"e3b0c44298fc1c149afbf4c8996fb92427ae41e4649b934ca495991b7852b855","zip_code":"e3b0c44298fc1c149afbf4c8996fb92427ae41e4649b934ca495991b7852b855"},"page":{"url":"http:\/\/ibn-sinaa.com\/product-tag\/%D9%85%D8%AA%D8%AC%D8%B1-%D8%B1%D9%82%D9%85%D9%8A-%D9%84%D9%84%D8%B3%D8%AC%D9%84%D8%A7%D8%AA-%D8%A7%D9%84%D9%85%D8%AF%D8%B1%D8%B3%D9%8A%D8%A9\/page\/2\/"}}]}
 ajax: no
2024-12-31T00:54:11+00:00 DEBUG Tt4b_Mapi_Class::mapi_post: Response: 

HTTP/1.1 200 OK
Server: nginx
Content-Type: application/json
Content-Length: 92
X-Tt-Logid: 20241231005411D9DFBC5B10554FE14E1E
x-tt-trace-host: 018e5a586174a888928d793bdac74b79b519a86797e72c2eba011e03e23beee17dff99182af5c3057d47a346ac01d22a31ba1682293d160da8beb9c8ce83cf942d170d11bfc045a266d6be90074315097f96261c882fc70fe29395714256e854cf0da629a44ba90bbe31b16dca79a16c32
x-tt-trace-id: 00-241231005411D9DFBC5B10554FE14E1E-574BD04153DBD557-00
X-Origin-Response-Time: 27,23.218.219.23
X-Akamai-Request-ID: 5de88125.6d77224
Expires: Tue, 31 Dec 2024 00:54:11 GMT
Cache-Control: max-age=0, no-cache, no-store
Pragma: no-cache
Date: Tue, 31 Dec 2024 00:54:11 GMT
X-Cache: TCP_MISS from a95-101-134-116.deploy.akamaitechnologies.com (AkamaiGHost/11.7.2.1-9611f29bef89eba7b18045b10aa2af98) (-)
Connection: close
X-Cache-Remote: TCP_MISS from a23-218-219-23.deploy.akamaitechnologies.com (AkamaiGHost/11.7.2.1-9611f29bef89eba7b18045b10aa2af98) (-)
x-tt-trace-tag: id=16;cdn-cache=miss;type=dyn
Server-Timing: cdn-cache; desc=MISS, edge; dur=86, origin; dur=27
Server-Timing: inner; dur=24
X-Parent-Response-Time: 113,95.101.134.116

{"code": 0, "message": "OK", "request_id": "20241231005411D9DFBC5B10554FE14E1E", "data": {}}
2024-12-31T00:54:24+00:00 DEBUG POST: https://business-api.tiktok.com/open_api/v1.3/event/track/

{"partner_name":"WooCommerce","event_source":"web","event_source_id":"CSM79Q3C77UAG1T340I0","data":[{"event":"Pageview","event_id":"677340c0ac433_tt4b_woocommerce_670666209cf1f","event_time":1735606464,"user":{"ip":"149.202.86.139","user_agent":"Mozilla\/5.0 (compatible; MJ12bot\/v1.4.8; http:\/\/mj12bot.com\/)","locale":"ar","external_id":"0","email":"e3b0c44298fc1c149afbf4c8996fb92427ae41e4649b934ca495991b7852b855","phone_number":"e3b0c44298fc1c149afbf4c8996fb92427ae41e4649b934ca495991b7852b855","first_name":"e3b0c44298fc1c149afbf4c8996fb92427ae41e4649b934ca495991b7852b855","last_name":"e3b0c44298fc1c149afbf4c8996fb92427ae41e4649b934ca495991b7852b855","zip_code":"e3b0c44298fc1c149afbf4c8996fb92427ae41e4649b934ca495991b7852b855"},"page":{"url":"http:\/\/ibn-sinaa.com\/product\/%D8%A7%D8%B3%D8%AA%D8%A7%D9%86%D8%AF-%D9%85%D9%86%D8%AD%D9%86%D9%8A\/feed\/"}}]}
 ajax: no
2024-12-31T00:54:24+00:00 DEBUG Tt4b_Mapi_Class::mapi_post: Response: 

HTTP/1.1 200 OK
Server: nginx
Content-Type: application/json
Content-Length: 92
X-Tt-Logid: 202412310054240013289D2C29F79DCE42
Server-Timing: inner; dur=28
x-tt-trace-host: 018e5a586174a888928d793bdac74b79b51a437ee89a1c03eb2011d034a2e3e9f5ad48a8857e51aec539f3c2911757739369f8f4d75b521dfa8e25bf33c818d6348dafe62cc76e3cf25453614ae36bf38e6e899950808f8f1e05a301bf4f20e633
x-tt-trace-id: 00-2412310054240013289D2C29F79DCE42-17A5F9E0844502DD-00
Expires: Tue, 31 Dec 2024 00:54:24 GMT
Cache-Control: max-age=0, no-cache, no-store
Pragma: no-cache
Date: Tue, 31 Dec 2024 00:54:24 GMT
X-Cache: TCP_MISS from a95-101-134-92.deploy.akamaitechnologies.com (AkamaiGHost/11.7.2.1-9611f29bef89eba7b18045b10aa2af98) (-)
Connection: close
x-tt-trace-tag: id=16;cdn-cache=miss;type=dyn
Server-Timing: cdn-cache; desc=MISS, edge; dur=1, origin; dur=108
X-Origin-Response-Time: 108,95.101.134.92
X-Akamai-Request-ID: 7040bda

{"code": 0, "message": "OK", "request_id": "202412310054240013289D2C29F79DCE42", "data": {}}
2024-12-31T00:54:33+00:00 DEBUG POST: https://business-api.tiktok.com/open_api/v1.3/event/track/

{"partner_name":"WooCommerce","event_source":"web","event_source_id":"CSM79Q3C77UAG1T340I0","data":[{"event":"Pageview","event_id":"677340c984ace_tt4b_woocommerce_670666209cf1f","event_time":1735606473,"user":{"ip":"149.202.86.139","user_agent":"Mozilla\/5.0 (compatible; MJ12bot\/v1.4.8; http:\/\/mj12bot.com\/)","locale":"ar","external_id":"0","email":"e3b0c44298fc1c149afbf4c8996fb92427ae41e4649b934ca495991b7852b855","phone_number":"e3b0c44298fc1c149afbf4c8996fb92427ae41e4649b934ca495991b7852b855","first_name":"e3b0c44298fc1c149afbf4c8996fb92427ae41e4649b934ca495991b7852b855","last_name":"e3b0c44298fc1c149afbf4c8996fb92427ae41e4649b934ca495991b7852b855","zip_code":"e3b0c44298fc1c149afbf4c8996fb92427ae41e4649b934ca495991b7852b855"},"page":{"url":"http:\/\/ibn-sinaa.com\/product\/%D8%A7%D8%B3%D8%AA%D8%A7%D9%86%D8%AF-t\/feed\/"}}]}
 ajax: no
2024-12-31T00:54:33+00:00 DEBUG Tt4b_Mapi_Class::mapi_post: Response: 

HTTP/1.1 200 OK
Server: nginx
Content-Type: application/json
Content-Length: 92
X-Tt-Logid: 2024123100543371719FD8F1362549A322
x-tt-trace-host: 018e5a586174a888928d793bdac74b79b56517d7628cf0ffdff56b078ad2cf561585f01ba58f402ad6e635d0de3d6143a144b5a1c8c3e6b21c7340e3fb490420a4441e1f012d800aac16dd87d08cd87efc168cf74b1496c01c4dd7f830437eae2d4cbfaa8712ab81885343f1cae9405528
x-tt-trace-id: 00-24123100543371719FD8F1362549A322-5B24C46C8315AF4E-00
X-Origin-Response-Time: 34,23.218.219.45
X-Akamai-Request-ID: 6a7ec15f.704404e
Expires: Tue, 31 Dec 2024 00:54:33 GMT
Cache-Control: max-age=0, no-cache, no-store
Pragma: no-cache
Date: Tue, 31 Dec 2024 00:54:33 GMT
X-Cache: TCP_MISS from a95-101-134-92.deploy.akamaitechnologies.com (AkamaiGHost/11.7.2.1-9611f29bef89eba7b18045b10aa2af98) (-)
Connection: close
X-Cache-Remote: TCP_MISS from a23-218-219-45.deploy.akamaitechnologies.com (AkamaiGHost/11.7.2.1-9611f29bef89eba7b18045b10aa2af98) (-)
x-tt-trace-tag: id=16;cdn-cache=miss;type=dyn
Server-Timing: cdn-cache; desc=MISS, edge; dur=85, origin; dur=33
Server-Timing: inner; dur=29
X-Parent-Response-Time: 118,95.101.134.92

{"code": 0, "message": "OK", "request_id": "2024123100543371719FD8F1362549A322", "data": {}}
2024-12-31T00:54:42+00:00 DEBUG POST: https://business-api.tiktok.com/open_api/v1.3/event/track/

{"partner_name":"WooCommerce","event_source":"web","event_source_id":"CSM79Q3C77UAG1T340I0","data":[{"event":"Pageview","event_id":"677340d2994b0_tt4b_woocommerce_670666209cf1f","event_time":1735606482,"user":{"ip":"149.202.86.139","user_agent":"Mozilla\/5.0 (compatible; MJ12bot\/v1.4.8; http:\/\/mj12bot.com\/)","locale":"ar","external_id":"0","email":"e3b0c44298fc1c149afbf4c8996fb92427ae41e4649b934ca495991b7852b855","phone_number":"e3b0c44298fc1c149afbf4c8996fb92427ae41e4649b934ca495991b7852b855","first_name":"e3b0c44298fc1c149afbf4c8996fb92427ae41e4649b934ca495991b7852b855","last_name":"e3b0c44298fc1c149afbf4c8996fb92427ae41e4649b934ca495991b7852b855","zip_code":"e3b0c44298fc1c149afbf4c8996fb92427ae41e4649b934ca495991b7852b855"},"page":{"url":"http:\/\/ibn-sinaa.com\/product\/%D8%A8%D8%B1%D8%B4%D9%88%D8%B1-%D9%81%D9%84%D8%A7%D9%8A%D8%B1-a3\/feed\/"}}]}
 ajax: no
2024-12-31T00:54:42+00:00 DEBUG Tt4b_Mapi_Class::mapi_post: Response: 

HTTP/1.1 200 OK
Server: nginx
Content-Type: application/json
Content-Length: 92
X-Tt-Logid: 20241231005442DE3D407B6337F228119E
x-tt-trace-host: 018e5a586174a888928d793bdac74b79b519a86797e72c2eba011e03e23beee17d1993591dfc48dcfc3b8c12cc342970f3dc86199d3456438878be2a0ade92576c740de0814f00cae41d45368f8a1e43cb95d307484946e550763c3d8af27a6ba014e2a08b9c161c6681cbd60a1d5404bd
x-tt-trace-id: 00-241231005442DE3D407B6337F228119E-395D038E31D6E8A9-00
X-Origin-Response-Time: 115,23.213.246.203
X-Akamai-Request-ID: fa53b604.6d80909
Expires: Tue, 31 Dec 2024 00:54:42 GMT
Cache-Control: max-age=0, no-cache, no-store
Pragma: no-cache
Date: Tue, 31 Dec 2024 00:54:42 GMT
X-Cache: TCP_MISS from a95-101-134-116.deploy.akamaitechnologies.com (AkamaiGHost/11.7.2.1-9611f29bef89eba7b18045b10aa2af98) (-)
Connection: close
X-Cache-Remote: TCP_MISS from a23-213-246-203.deploy.akamaitechnologies.com (AkamaiGHost/11.7.2.1-9611f29bef89eba7b18045b10aa2af98) (-)
x-tt-trace-tag: id=16;cdn-cache=miss;type=dyn
Server-Timing: cdn-cache; desc=MISS, edge; dur=125, origin; dur=115
Server-Timing: inner; dur=111
X-Parent-Response-Time: 240,95.101.134.116

{"code": 0, "message": "OK", "request_id": "20241231005442DE3D407B6337F228119E", "data": {}}
2024-12-31T00:54:47+00:00 DEBUG POST: https://business-api.tiktok.com/open_api/v1.3/event/track/

{"partner_name":"WooCommerce","event_source":"web","event_source_id":"CSM79Q3C77UAG1T340I0","data":[{"event":"Pageview","event_id":"677340d740818_tt4b_woocommerce_670666209cf1f","event_time":1735606487,"user":{"ip":"149.202.86.139","user_agent":"Mozilla\/5.0 (compatible; MJ12bot\/v1.4.8; http:\/\/mj12bot.com\/)","locale":"ar","external_id":"0","email":"e3b0c44298fc1c149afbf4c8996fb92427ae41e4649b934ca495991b7852b855","phone_number":"e3b0c44298fc1c149afbf4c8996fb92427ae41e4649b934ca495991b7852b855","first_name":"e3b0c44298fc1c149afbf4c8996fb92427ae41e4649b934ca495991b7852b855","last_name":"e3b0c44298fc1c149afbf4c8996fb92427ae41e4649b934ca495991b7852b855","zip_code":"e3b0c44298fc1c149afbf4c8996fb92427ae41e4649b934ca495991b7852b855"},"page":{"url":"http:\/\/ibn-sinaa.com\/product\/%D8%B7%D8%A7%D9%88%D9%84%D8%A9-%D8%AF%D8%B9%D8%A7%D8%A6%D9%8A%D8%A9\/feed\/"}}]}
 ajax: no
2024-12-31T00:54:47+00:00 DEBUG Tt4b_Mapi_Class::mapi_post: Response: 

HTTP/1.1 200 OK
Server: nginx
Content-Type: application/json
Content-Length: 92
X-Tt-Logid: 202412310054472F2377DC666B82D11854
x-tt-trace