2025-01-01T13:12:12+00:00 DEBUG POST: https://business-api.tiktok.com/open_api/v1.3/event/track/

{"partner_name":"WooCommerce","event_source":"web","event_source_id":"CSM79Q3C77UAG1T340I0","data":[{"event":"Pageview","event_id":"67753f2c1a4ff_tt4b_woocommerce_670666209cf1f","event_time":1735737132,"user":{"ip":"207.46.13.87","user_agent":"Mozilla\/5.0 AppleWebKit\/537.36 (KHTML, like Gecko; compatible; bingbot\/2.0; +http:\/\/www.bing.com\/bingbot.htm) Chrome\/116.0.1938.76 Safari\/537.36","locale":"ar","external_id":"0","email":"e3b0c44298fc1c149afbf4c8996fb92427ae41e4649b934ca495991b7852b855","phone_number":"e3b0c44298fc1c149afbf4c8996fb92427ae41e4649b934ca495991b7852b855","first_name":"e3b0c44298fc1c149afbf4c8996fb92427ae41e4649b934ca495991b7852b855","last_name":"e3b0c44298fc1c149afbf4c8996fb92427ae41e4649b934ca495991b7852b855","zip_code":"e3b0c44298fc1c149afbf4c8996fb92427ae41e4649b934ca495991b7852b855"},"page":{"url":"http:\/\/mail.ibn-sinaa.com\/product\/school-records-family-education\/"}}]}
 ajax: no
2025-01-01T13:12:12+00:00 DEBUG Tt4b_Mapi_Class::mapi_post: Response: 

HTTP/1.1 200 OK
Server: nginx
Content-Type: application/json
Content-Length: 92
X-Tt-Logid: 20250101131212DE95477796829DB1D92C
x-tt-trace-host: 018e5a586174a888928d793bdac74b79b519a86797e72c2eba011e03e23beee17dd1a6c901aaed601f2db0d85209733045497f2dfdef7bb3aa1e254c0f86cf5c3dbbf72208fa14e7c6edce91a3585297744e8f66ad52851aeeab174aa99b5c6be66019287a1297cb733c90072c5362ecc8
x-tt-trace-id: 00-250101131212DE95477796829DB1D92C-44B76FFE61905343-00
X-Origin-Response-Time: 31,23.218.219.63
X-Akamai-Request-ID: 1c768bd9.28336c20
Expires: Wed, 01 Jan 2025 13:12:12 GMT
Cache-Control: max-age=0, no-cache, no-store
Pragma: no-cache
Date: Wed, 01 Jan 2025 13:12:12 GMT
X-Cache: TCP_MISS from a95-101-134-116.deploy.akamaitechnologies.com (AkamaiGHost/11.7.2.1-9611f29bef89eba7b18045b10aa2af98) (-)
Connection: close
X-Cache-Remote: TCP_MISS from a23-218-219-63.deploy.akamaitechnologies.com (AkamaiGHost/11.7.2.1-9611f29bef89eba7b18045b10aa2af98) (-)
x-tt-trace-tag: id=16;cdn-cache=miss;type=dyn
Server-Timing: cdn-cache; desc=MISS, edge; dur=82, origin; dur=31
Server-Timing: inner; dur=27
X-Parent-Response-Time: 113,95.101.134.116

{"code": 0, "message": "OK", "request_id": "20250101131212DE95477796829DB1D92C", "data": {}}
2025-01-01T13:12:12+00:00 DEBUG Tt4b_Pixel_Class::inject_view_content_event: hit ViewContent
2025-01-01T13:12:12+00:00 DEBUG POST: https://business-api.tiktok.com/open_api/v1.3/event/track/

{"partner_name":"WooCommerce","event_source":"web","event_source_id":"CSM79Q3C77UAG1T340I0","data":[{"event":"ViewContent","event_id":"67753f2c5cdaf_tt4b_woocommerce_670666209cf1f_4069","event_time":1735737132,"user":{"ip":"207.46.13.87","user_agent":"Mozilla\/5.0 AppleWebKit\/537.36 (KHTML, like Gecko; compatible; bingbot\/2.0; +http:\/\/www.bing.com\/bingbot.htm) Chrome\/116.0.1938.76 Safari\/537.36","locale":"ar","external_id":"0","email":"e3b0c44298fc1c149afbf4c8996fb92427ae41e4649b934ca495991b7852b855","phone_number":"e3b0c44298fc1c149afbf4c8996fb92427ae41e4649b934ca495991b7852b855","first_name":"e3b0c44298fc1c149afbf4c8996fb92427ae41e4649b934ca495991b7852b855","last_name":"e3b0c44298fc1c149afbf4c8996fb92427ae41e4649b934ca495991b7852b855","zip_code":"e3b0c44298fc1c149afbf4c8996fb92427ae41e4649b934ca495991b7852b855"},"properties":{"contents":[{"price":65,"quantity":1,"content_id":"4069","content_name":"\u0633\u062c\u0644\u0627\u062a \u0645\u0627\u062f\u0629 \u0627\u0644\u062a\u0631\u0628\u064a\u0629 \u0627\u0644\u0627\u0633\u0631\u064a\u0629","description":". \u0637\u0628\u0627\u0639\u0647 \u0633\u062c\u0644\u0627\u062a \u0645\u062f\u0631\u0633\u064a\u0629 \u0627\u062d\u062a\u0631\u0627\u0641\u064a\u0629 \u062e\u0627\u0645\u062a\u0647\u0627 \u0643\u0631\u062a\u0648\u0646 2000 \u062c\u0631\u0627\u0645,\u062a\u0636\u0627\u0641 \u0637\u0628\u0642\u0629 \u062d\u0645\u0627\u064a\u0647 \u0627\u0633\u062a\u064a\u0643\u0631 \u0645\u0639 \u0633\u0644\u0648\u0641\u0627\u0646 \u0644\u0627\u0645\u0639.\r\n. \u0645\u062a\u0648\u0641\u0631 \u0628 \u0627\u062d\u062c\u0627\u0645 \u0645\u062e\u062a\u0644\u0641\u0647 ( \u0635\u063a\u064a\u0631, \u0648\u0633\u0637 , \u0643\u0628\u064a\u0631 ).\r\n. \u064a\u062a\u0633\u0639 \u0627\u0644\u0645\u0642\u0627\u0633 \u0627\u0644\u0635\u063a\u064a\u0631 ( \u0645\u0646 50 \u0627\u0644\u0649 150 \u0648\u0631\u0642\u0629 )\r\n. \u064a\u062a\u0633\u0639 \u0627\u0644\u0648\u0633\u0637 ( \u0645\u0646 150 \u0627\u0644\u0649 300 \u0648\u0631\u0642\u0629 )\r\n. \u0627\u0644\u0643\u0628\u064a\u0631 ( \u0645\u0646 300 \u0627\u0644\u0649 400 \u0648\u0631\u0642\u0629 ).\r\n. \u0645\u062f\u0629 \u0627\u0644\u062a\u0646\u0641\u064a\u0630 : 3-5 \u0627\u064a\u0627\u0645 \u0648\u062a\u0632\u064a\u062f \u0627\u0644\u0645\u062f\u0629 \u0639\u0646 \u0637\u0644\u0628 \u0627\u0644\u0634\u062d\u0646.","availability":"IN_STOCK","sale_price":65,"on_sale":false}],"content_type":"product","currency":"SAR","value":65,"event_trigger_source":"WooCommerce"},"page":{"url":"http:\/\/mail.ibn-sinaa.com\/product\/school-records-family-education\/"}}]}
 ajax: no
2025-01-01T13:12:12+00:00 DEBUG Tt4b_Mapi_Class::mapi_post: Response: 

HTTP/1.1 200 OK
Server: nginx
Content-Type: application/json
Content-Length: 92
X-Tt-Logid: 20250101131212753266E68036A3AA8A92
x-tt-trace-host: 018e5a586174a888928d793bdac74b79b519a86797e72c2eba011e03e23beee17da623e0f79e5d944edf03c3184791aca0726e8f7338d0bfde8d17aa60c077d4443e61ebb74c61883579a0d3ad5858c4299a8627f8149620bea561a12378ae3723c236efcb1db9347ace060871d7c7389a
x-tt-trace-id: 00-250101131212753266E68036A3AA8A92-2FFE06B1385C5050-00
X-Origin-Response-Time: 112,23.218.219.32
X-Akamai-Request-ID: 13903637.28337405
Expires: Wed, 01 Jan 2025 13:12:12 GMT
Cache-Control: max-age=0, no-cache, no-store
Pragma: no-cache
Date: Wed, 01 Jan 2025 13:12:12 GMT
X-Cache: TCP_MISS from a95-101-134-116.deploy.akamaitechnologies.com (AkamaiGHost/11.7.2.1-9611f29bef89eba7b18045b10aa2af98) (-)
Connection: close
X-Cache-Remote: TCP_MISS from a23-218-219-32.deploy.akamaitechnologies.com (AkamaiGHost/11.7.2.1-9611f29bef89eba7b18045b10aa2af98) (-)
x-tt-trace-tag: id=16;cdn-cache=miss;type=dyn
Server-Timing: cdn-cache; desc=MISS, edge; dur=81, origin; dur=112
Server-Timing: inner; dur=108
X-Parent-Response-Time: 193,95.101.134.116

{"code": 0, "message": "OK", "request_id": "20250101131212753266E68036A3AA8A92", "data": {}}
2025-01-01T13:16:08+00:00 DEBUG POST: https://business-api.tiktok.com/open_api/v1.3/event/track/

{"partner_name":"WooCommerce","event_source":"web","event_source_id":"CSM79Q3C77UAG1T340I0","data":[{"event":"Pageview","event_id":"67754018802a3_tt4b_woocommerce_670666209cf1f","event_time":1735737368,"user":{"ip":"66.249.66.167","user_agent":"Mozilla\/5.0 (Linux; Android 6.0.1; Nexus 5X Build\/MMB29P) AppleWebKit\/537.36 (KHTML, like Gecko) Chrome\/131.0.6778.204 Mobile Safari\/537.36 (compatible; Googlebot\/2.1; +http:\/\/www.google.com\/bot.html)","locale":"ar","external_id":"0","email":"e3b0c44298fc1c149afbf4c8996fb92427ae41e4649b934ca495991b7852b855","phone_number":"e3b0c44298fc1c149afbf4c8996fb92427ae41e4649b934ca495991b7852b855","first_name":"e3b0c44298fc1c149afbf4c8996fb92427ae41e4649b934ca495991b7852b855","last_name":"e3b0c44298fc1c149afbf4c8996fb92427ae41e4649b934ca495991b7852b855","zip_code":"e3b0c44298fc1c149afbf4c8996fb92427ae41e4649b934ca495991b7852b855"},"page":{"url":"http:\/\/www.ibn-sinaa.com\/product-tag\/%D8%B7%D8%A8%D8%A7%D8%B9%D8%A9-%D8%B1%D8%B3%D9%85%D9%8A%D8%A9\/"}}]}
 ajax: no
2025-01-01T13:16:08+00:00 DEBUG Tt4b_Mapi_Class::mapi_post: Response: 

HTTP/1.1 200 OK
Server: nginx
Content-Type: application/json
Content-Length: 92
X-Tt-Logid: 20250101131608BDE4D1065F5E2C26F135
x-tt-trace-host: 018e5a586174a888928d793bdac74b79b56517d7628cf0ffdff56b078ad2cf5615f875ac04b5106b89ab3295fa6a22b55eef90a9510b837e176596ae96b9396e767ebeb0566cc27a78cfe5503a157086f51db2a723556903824fcb387769440dc0b84398401b7a63b4bd9695ae8abb18f0
x-tt-trace-id: 00-250101131608BDE4D1065F5E2C26F135-373C6764870835AE-00
X-Origin-Response-Time: 26,23.218.219.54
X-Akamai-Request-ID: 1d6a0954.2e527032
Expires: Wed, 01 Jan 2025 13:16:08 GMT
Cache-Control: max-age=0, no-cache, no-store
Pragma: no-cache
Date: Wed, 01 Jan 2025 13:16:08 GMT
X-Cache: TCP_MISS from a95-101-134-92.deploy.akamaitechnologies.com (AkamaiGHost/11.7.2.1-9611f29bef89eba7b18045b10aa2af98) (-)
Connection: close
X-Cache-Remote: TCP_MISS from a23-218-219-54.deploy.akamaitechnologies.com (AkamaiGHost/11.7.2.1-9611f29bef89eba7b18045b10aa2af98) (-)
x-tt-trace-tag: id=16;cdn-cache=miss;type=dyn
Server-Timing: cdn-cache; desc=MISS, edge; dur=80, origin; dur=26
Server-Timing: inner; dur=23
X-Parent-Response-Time: 106,95.101.134.92

{"code": 0, "message": "OK", "request_id": "20250101131608BDE4D1065F5E2C26F135", "data": {}}
2025-01-01T13:16:18+00:00 DEBUG POST: https://business-api.tiktok.com/open_api/v1.3/event/track/

{"partner_name":"WooCommerce","event_source":"web","event_source_id":"CSM79Q3C77UAG1T340I0","data":[{"event":"Pageview","event_id":"67754022eb311_tt4b_woocommerce_670666209cf1f","event_time":1735737378,"user":{"ip":"66.249.66.19","user_agent":"Mozilla\/5.0 (Linux; Android 6.0.1; Nexus 5X Build\/MMB29P) AppleWebKit\/537.36 (KHTML, like Gecko) Chrome\/131.0.6778.139 Mobile Safari\/537.36 (compatible; Googlebot\/2.1; +http:\/\/www.google.com\/bot.html)","locale":"ar","external_id":"0","email":"e3b0c44298fc1c149afbf4c8996fb92427ae41e4649b934ca495991b7852b855","phone_number":"e3b0c44298fc1c149afbf4c8996fb92427ae41e4649b934ca495991b7852b855","first_name":"e3b0c44298fc1c149afbf4c8996fb92427ae41e4649b934ca495991b7852b855","last_name":"e3b0c44298fc1c149afbf4c8996fb92427ae41e4649b934ca495991b7852b855","zip_code":"e3b0c44298fc1c149afbf4c8996fb92427ae41e4649b934ca495991b7852b855"},"page":{"url":"http:\/\/mail.ibn-sinaa.com\/product-category\/advertising\/"}}]}
 ajax: no
2025-01-01T13:16:19+00:00 DEBUG Tt4b_Mapi_Class::mapi_post: Response: 

HTTP/1.1 200 OK
Server: nginx
Content-Type: application/json
Content-Length: 92
X-Tt-Logid: 202501011316194E5CD3606A1D1124A7ED
x-tt-trace-host: 018e5a586174a888928d793bdac74b79b56517d7628cf0ffdff56b078ad2cf56158ccb92f263344b5cc8b9887bfee9c98e07354fd9a9c2dcc34893ecc7df9686cb9e0ad15992d1a735ba467f46edfdb085278680a4cb56d95bf91b8248cc487b25022c2ddc8bc8ae78941ea48deb3d56c8
x-tt-trace-id: 00-2501011316194E5CD3606A1D1124A7ED-244F48E7384DA7A6-00
X-Origin-Response-Time: 27,23.207.199.113
X-Akamai-Request-ID: 7439c3.2e53d953
Expires: Wed, 01 Jan 2025 13:16:19 GMT
Cache-Control: max-age=0, no-cache, no-store
Pragma: no-cache
Date: Wed, 01 Jan 2025 13:16:19 GMT
X-Cache: TCP_MISS from a95-101-134-92.deploy.akamaitechnologies.com (AkamaiGHost/11.7.2.1-9611f29bef89eba7b18045b10aa2af98) (-)
Connection: close
X-Cache-Remote: TCP_MISS from a23-207-199-113.deploy.akamaitechnologies.com (AkamaiGHost/11.7.2.1-9611f29bef89eba7b18045b10aa2af98) (-)
x-tt-trace-tag: id=16;cdn-cache=miss;type=dyn
Server-Timing: cdn-cache; desc=MISS, edge; dur=84, origin; dur=27
Server-Timing: inner; dur=23
X-Parent-Response-Time: 111,95.101.134.92

{"code": 0, "message": "OK", "request_id": "202501011316194E5CD3606A1D1124A7ED", "data": {}}
2025-01-01T13:17:13+00:00 DEBUG POST: https://business-api.tiktok.com/open_api/v1.3/event/track/

{"partner_name":"WooCommerce","event_source":"web","event_source_id":"CSM79Q3C77UAG1T340I0","data":[{"event":"Pageview","event_id":"6775405946369_tt4b_woocommerce_670666209cf1f","event_time":1735737433,"user":{"ip":"207.46.13.87","user_agent":"Mozilla\/5.0 AppleWebKit\/537.36 (KHTML, like Gecko; compatible; bingbot\/2.0; +http:\/\/www.bing.com\/bingbot.htm) Chrome\/116.0.1938.76 Safari\/537.36","locale":"ar","external_id":"0","email":"e3b0c44298fc1c149afbf4c8996fb92427ae41e4649b934ca495991b7852b855","phone_number":"e3b0c44298fc1c149afbf4c8996fb92427ae41e4649b934ca495991b7852b855","first_name":"e3b0c44298fc1c149afbf4c8996fb92427ae41e4649b934ca495991b7852b855","last_name":"e3b0c44298fc1c149afbf4c8996fb92427ae41e4649b934ca495991b7852b855","zip_code":"e3b0c44298fc1c149afbf4c8996fb92427ae41e4649b934ca495991b7852b855"},"page":{"url":"http:\/\/mail.ibn-sinaa.com\/product-category\/advertising\/pop-up-tables\/"}}]}
 ajax: no
2025-01-01T13:17:13+00:00 DEBUG Tt4b_Mapi_Class::mapi_post: Response: 

HTTP/1.1 200 OK
Server: nginx
Content-Type: application/json
Content-Length: 92
X-Tt-Logid: 20250101131713C868C18148BC5952BED5
Server-Timing: inner; dur=22
x-tt-trace-host: 018e5a586174a888928d793bdac74b79b520593bf434961dbceff88e4b17f9a15615af4a552b34a0a04d33a54646c496514cce95f537cf109bca62c36d4a6d345e669642b5c1a434b0d13f647460c2050a8578b3cbc1bc6dfbc668ab09440a1ed2
x-tt-trace-id: 00-250101131713C868C18148BC5952BED5-1FCFF0F07424712C-00
Expires: Wed, 01 Jan 2025 13:17:13 GMT
Cache-Control: max-age=0, no-cache, no-store
Pragma: no-cache
Date: Wed, 01 Jan 2025 13:17:13 GMT
X-Cache: TCP_MISS from a95-101-134-116.deploy.akamaitechnologies.com (AkamaiGHost/11.7.2.1-9611f29bef89eba7b18045b10aa2af98) (-)
Connection: close
x-tt-trace-tag: id=16;cdn-cache=miss;type=dyn
Server-Timing: cdn-cache; desc=MISS, edge; dur=0, origin; dur=105
X-Origin-Response-Time: 105,95.101.134.116
X-Akamai-Request-ID: 285f4df9

{"code": 0, "message": "OK", "request_id": "20250101131713C868C18148BC5952BED5", "data": {}}
2025-01-01T13:17:20+00:00 DEBUG POST: https://business-api.tiktok.com/open_api/v1.3/event/track/

{"partner_name":"WooCommerce","event_source":"web","event_source_id":"CSM79Q3C77UAG1T340I0","data":[{"event":"Pageview","event_id":"67754060d3ec2_tt4b_woocommerce_670666209cf1f","event_time":1735737440,"user":{"ip":"66.249.66.166","user_agent":"Mozilla\/5.0 (Linux; Android 6.0.1; Nexus 5X Build\/MMB29P) AppleWebKit\/537.36 (KHTML, like Gecko) Chrome\/131.0.6778.204 Mobile Safari\/537.36 (compatible; Googlebot\/2.1; +http:\/\/www.google.com\/bot.html)","locale":"ar","external_id":"0","email":"e3b0c44298fc1c149afbf4c8996fb92427ae41e4649b934ca495991b7852b855","phone_number":"e3b0c44298fc1c149afbf4c8996fb92427ae41e4649b934ca495991b7852b855","first_name":"e3b0c44298fc1c149afbf4c8996fb92427ae41e4649b934ca495991b7852b855","last_name":"e3b0c44298fc1c149afbf4c8996fb92427ae41e4649b934ca495991b7852b855","zip_code":"e3b0c44298fc1c149afbf4c8996fb92427ae41e4649b934ca495991b7852b855"},"page":{"url":"http:\/\/www.ibn-sinaa.com\/product-category\/digital-printing\/envelopes\/"}}]}
 ajax: no
2025-01-01T13:17:21+00:00 DEBUG Tt4b_Mapi_Class::mapi_post: Response: 

HTTP/1.1 200 OK
Server: nginx
Content-Type: application/json
Content-Length: 92
X-Tt-Logid: 202501011317204840175DC2A30C3CCB44
x-tt-trace-host: 018e5a586174a888928d793bdac74b79b56517d7628cf0ffdff56b078ad2cf561533caac558e1a0d57d3426ed24118b7466de7382dcfd083c0031c16c3757916904bfe5983fa8c5e49ea065e75384f912fc9098881804bdf33873b3ffb00775aa161f4f02a5531acd33f8ab42f249a870a
x-tt-trace-id: 00-2501011317204840175DC2A30C3CCB44-345345AC5EC28105-00
X-Origin-Response-Time: 25,23.32.17.37
X-Akamai-Request-ID: 7561b0b.2e5d6604
Expires: Wed, 01 Jan 2025 13:17:21 GMT
Cache-Control: max-age=0, no-cache, no-store
Pragma: no-cache
Date: Wed, 01 Jan 2025 13:17:21 GMT
X-Cache: TCP_MISS from a95-101-134-92.deploy.akamaitechnologies.com (AkamaiGHost/11.7.2.1-9611f29bef89eba7b18045b10aa2af98) (-)
Connection: close
X-Cache-Remote: TCP_MISS from a23-32-17-37.deploy.akamaitechnologies.com (AkamaiGHost/11.7.2.1-9611f29bef89eba7b18045b10aa2af98) (-)
x-tt-trace-tag: id=16;cdn-cache=miss;type=dyn
Server-Timing: cdn-cache; desc=MISS, edge; dur=81, origin; dur=25
Server-Timing: inner; dur=22
X-Parent-Response-Time: 105,95.101.134.92

{"code": 0, "message": "OK", "request_id": "202501011317204840175DC2A30C3CCB44", "data": {}}
2025-01-01T13:22:34+00:00 DEBUG POST: https://business-api.tiktok.com/open_api/v1.3/event/track/

{"partner_name":"WooCommerce","event_source":"web","event_source_id":"CSM79Q3C77UAG1T340I0","data":[{"event":"Pageview","event_id":"6775419a767e4_tt4b_woocommerce_670666209cf1f","event_time":1735737754,"user":{"ip":"85.31.47.168","user_agent":"Mozilla\/5.0 (Windows NT 10.0; Win64; x64) AppleWebKit\/537.36 (KHTML, like Gecko) Chrome\/85.0.4183.102 Safari\/537.36","locale":"ar","external_id":"0","email":"e3b0c44298fc1c149afbf4c8996fb92427ae41e4649b934ca495991b7852b855","phone_number":"e3b0c44298fc1c149afbf4c8996fb92427ae41e4649b934ca495991b7852b855","first_name":"e3b0c44298fc1c149afbf4c8996fb92427ae41e4649b934ca495991b7852b855","last_name":"e3b0c44298fc1c149afbf4c8996fb92427ae41e4649b934ca495991b7852b855","zip_code":"e3b0c44298fc1c149afbf4c8996fb92427ae41e4649b934ca495991b7852b855"},"page":{"url":"http:\/\/ibn-sinaa.com\/wp-content\/plugins\/fix\/up.php"}}]}
 ajax: no
2025-01-01T13:22:34+00:00 DEBUG Tt4b_Mapi_Class::mapi_post: Response: 

HTTP/1.1 200 OK
Server: nginx
Content-Type: application/json
Content-Length: 92
X-Tt-Logid: 20250101132234AD2208CE8D2E5724FA98
x-tt-trace-host: 018e5a586174a888928d793bdac74b79b519a86797e72c2eba011e03e23beee17d40dc718528fd78db39cca550e1c286e58a18e9763b6d8650fbcf5dd714a759669aaf0dfdb64fc1dd6f54f169bbb729120cdb058340ae43352c8fe2a315bec105b8ef246902e18ed61f1545d8b12ec81c
x-tt-trace-id: 00-250101132234AD2208CE8D2E5724FA98-1640084D0D3E65ED-00
X-Origin-Response-Time: 28,23.52.15.207
X-Akamai-Request-ID: 3448dd7c.288e7ffb
Expires: Wed, 01 Jan 2025 13:22:34 GMT
Cache-Control: max-age=0, no-cache, no-store
Pragma: no-cache
Date: Wed, 01 Jan 2025 13:22:34 GMT
X-Cache: TCP_MISS from a95-101-134-116.deploy.akamaitechnologies.com (AkamaiGHost/11.7.2.1-9611f29bef89eba7b18045b10aa2af98) (-)
Connection: close
X-Cache-Remote: TCP_MISS from a23-52-15-207.deploy.akamaitechnologies.com (AkamaiGHost/11.7.2.1-9611f29bef89eba7b18045b10aa2af98) (-)
x-tt-trace-tag: id=16;cdn-cache=miss;type=dyn
Server-Timing: cdn-cache; desc=MISS, edge; dur=85, origin; dur=28
Server-Timing: inner; dur=23
X-Parent-Response-Time: 113,95.101.134.116

{"code": 0, "message": "OK", "request_id": "20250101132234AD2208CE8D2E5724FA98", "data": {}}
2025-01-01T13:26:03+00:00 DEBUG POST: https://business-api.tiktok.com/open_api/v1.3/event/track/

{"partner_name":"WooCommerce","event_source":"web","event_source_id":"CSM79Q3C77UAG1T340I0","data":[{"event":"Pageview","event_id":"6775426b380b3_tt4b_woocommerce_670666209cf1f","event_time":1735737963,"user":{"ip":"66.249.66.166","user_agent":"Mozilla\/5.0 (Linux; Android 6.0.1; Nexus 5X Build\/MMB29P) AppleWebKit\/537.36 (KHTML, like Gecko) Chrome\/131.0.6778.204 Mobile Safari\/537.36 (compatible; Googlebot\/2.1; +http:\/\/www.google.com\/bot.html)","locale":"ar","external_id":"0","email":"e3b0c44298fc1c149afbf4c8996fb92427ae41e4649b934ca495991b7852b855","phone_number":"e3b0c44298fc1c149afbf4c8996fb92427ae41e4649b934ca495991b7852b855","first_name":"e3b0c44298fc1c149afbf4c8996fb92427ae41e4649b934ca495991b7852b855","last_name":"e3b0c44298fc1c149afbf4c8996fb92427ae41e4649b934ca495991b7852b855","zip_code":"e3b0c44298fc1c149afbf4c8996fb92427ae41e4649b934ca495991b7852b855"},"page":{"url":"http:\/\/www.ibn-sinaa.com\/product\/school-records-art-education\/"}}]}
 ajax: no
2025-01-01T13:26:03+00:00 DEBUG Tt4b_Mapi_Class::mapi_post: Response: 

HTTP/1.1 200 OK
Server: nginx
Content-Type: application/json
Content-Length: 92
X-Tt-Logid: 20250101132603A70779BAFE4E5DA9BAFC
x-tt-trace-host: 018e5a586174a888928d793bdac74b79b5b3c46136d344bf46da72cca5a862092e32728fd69dbec268f0352c98c8265a3f1105cb56d0be61939ee6866f264abdf24cde134bb2586f600163d35eaa49ccd8cc1b9668338697a7ef2436c1cb941f9a195b04825dc3291ddf65c80f4d160006
x-tt-trace-id: 00-250101132603A70779BAFE4E5DA9BAFC-5018D39A85AF3762-00
X-Origin-Response-Time: 33,23.218.219.12
X-Akamai-Request-ID: 19f03590.38ae6aa3
Expires: Wed, 01 Jan 2025 13:26:03 GMT
Cache-Control: max-age=0, no-cache, no-store
Pragma: no-cache
Date: Wed, 01 Jan 2025 13:26:03 GMT
X-Cache: TCP_MISS from a95-101-134-30.deploy.akamaitechnologies.com (AkamaiGHost/11.7.2.1-9611f29bef89eba7b18045b10aa2af98) (-)
Connection: close
X-Cache-Remote: TCP_MISS from a23-218-219-12.deploy.akamaitechnologies.com (AkamaiGHost/11.7.2.1-9611f29bef89eba7b18045b10aa2af98) (-)
x-tt-trace-tag: id=16;cdn-cache=miss;type=dyn
Server-Timing: cdn-cache; desc=MISS, edge; dur=247, origin; dur=33
Server-Timing: inner; dur=29
X-Parent-Response-Time: 280,95.101.134.30

{"code": 0, "message": "OK", "request_id": "20250101132603A70779BAFE4E5DA9BAFC", "data": {}}
2025-01-01T13:26:03+00:00 DEBUG Tt4b_Pixel_Class::inject_view_content_event: hit ViewContent
2025-01-01T13:26:03+00:00 DEBUG POST: https://business-api.tiktok.com/open_api/v1.3/event/track/

{"partner_name":"WooCommerce","event_source":"web","event_source_id":"CSM79Q3C77UAG1T340I0","data":[{"event":"ViewContent","event_id":"6775426ba3e34_tt4b_woocommerce_670666209cf1f_4111","event_time":1735737963,"user":{"ip":"66.249.66.166","user_agent":"Mozilla\/5.0 (Linux; Android 6.0.1; Nexus 5X Build\/MMB29P) AppleWebKit\/537.36 (KHTML, like Gecko) Chrome\/131.0.6778.204 Mobile Safari\/537.36 (compatible; Googlebot\/2.1; +http:\/\/www.google.com\/bot.html)","locale":"ar","external_id":"0","email":"e3b0c44298fc1c149afbf4c8996fb92427ae41e4649b934ca495991b7852b855","phone_number":"e3b0c44298fc1c149afbf4c8996fb92427ae41e4649b934ca495991b7852b855","first_name":"e3b0c44298fc1c149afbf4c8996fb92427ae41e4649b934ca495991b7852b855","last_name":"e3b0c44298fc1c149afbf4c8996fb92427ae41e4649b934ca495991b7852b855","zip_code":"e3b0c44298fc1c149afbf4c8996fb92427ae41e4649b934ca495991b7852b855"},"properties":{"contents":[{"price":65,"quantity":1,"content_id":"4111","content_name":"\u0633\u062c\u0644\u0627\u062a \u0645\u0627\u062f\u0629 \u0627\u0644\u062a\u0631\u0628\u064a\u0629 \u0627\u0644\u0641\u0646\u064a\u0629","description":". \u0637\u0628\u0627\u0639\u0647 \u0633\u062c\u0644\u0627\u062a \u0645\u062f\u0631\u0633\u064a\u0629 \u0627\u062d\u062a\u0631\u0627\u0641\u064a\u0629 \u062e\u0627\u0645\u062a\u0647\u0627 \u0643\u0631\u062a\u0648\u0646 2000 \u062c\u0631\u0627\u0645,\u062a\u0636\u0627\u0641 \u0637\u0628\u0642\u0629 \u062d\u0645\u0627\u064a\u0647 \u0627\u0633\u062a\u064a\u0643\u0631 \u0645\u0639 \u0633\u0644\u0648\u0641\u0627\u0646 \u0644\u0627\u0645\u0639.\r\n. \u0645\u062a\u0648\u0641\u0631 \u0628 \u0627\u062d\u062c\u0627\u0645 \u0645\u062e\u062a\u0644\u0641\u0647 ( \u0635\u063a\u064a\u0631, \u0648\u0633\u0637 , \u0643\u0628\u064a\u0631 ).\r\n. \u064a\u062a\u0633\u0639 \u0627\u0644\u0645\u0642\u0627\u0633 \u0627\u0644\u0635\u063a\u064a\u0631 ( \u0645\u0646 50 \u0627\u0644\u0649 150 \u0648\u0631\u0642\u0629 )\r\n. \u064a\u062a\u0633\u0639 \u0627\u0644\u0648\u0633\u0637 ( \u0645\u0646 150 \u0627\u0644\u0649 300 \u0648\u0631\u0642\u0629 )\r\n. \u0627\u0644\u0643\u0628\u064a\u0631 ( \u0645\u0646 300 \u0627\u0644\u0649 400 \u0648\u0631\u0642\u0629 ).\r\n. \u0645\u062f\u0629 \u0627\u0644\u062a\u0646\u0641\u064a\u0630 : 3-5 \u0627\u064a\u0627\u0645 \u0648\u062a\u0632\u064a\u062f \u0627\u0644\u0645\u062f\u0629 \u0639\u0646 \u0637\u0644\u0628 \u0627\u0644\u0634\u062d\u0646.","availability":"IN_STOCK","sale_price":65,"on_sale":false}],"content_type":"product","currency":"SAR","value":65,"event_trigger_source":"WooCommerce"},"page":{"url":"http:\/\/www.ibn-sinaa.com\/product\/school-records-art-education\/"}}]}
 ajax: no
2025-01-01T13:26:03+00:00 DEBUG Tt4b_Mapi_Class::mapi_post: Response: 

HTTP/1.1 200 OK
Server: nginx
Content-Type: application/json
Content-Length: 92
X-Tt-Logid: 202501011326035B719FDA6F8415AF125B
x-tt-trace-host: 018e5a586174a888928d793bdac74b79b5b3c46136d344bf46da72cca5a862092e1de34a3c07624748ad21e9cf3ccb2c9984392e86def80c87157ff9a125e811c905701f199e6434aa3b9903bfc825311d5eb66baf1f2e765bdbd23d716e9bb91324a200ebdd17a6c620339d9f4a093330
x-tt-trace-id: 00-2501011326035B719FDA6F8415AF125B-69140AA53CABB6E6-00
X-Origin-Response-Time: 28,23.52.15.205
X-Akamai-Request-ID: 89e4954f.38ae7a28
Expires: Wed, 01 Jan 2025 13:26:03 GMT
Cache-Control: max-age=0, no-cache, no-store
Pragma: no-cache
Date: Wed, 01 Jan 2025 13:26:03 GMT
X-Cache: TCP_MISS from a95-101-134-30.deploy.akamaitechnologies.com (AkamaiGHost/11.7.2.1-9611f29bef89eba7b18045b10aa2af98) (-)
Connection: close
X-Cache-Remote: TCP_MISS from a23-52-15-205.deploy.akamaitechnologies.com (AkamaiGHost/11.7.2.1-9611f29bef89eba7b18045b10aa2af98) (-)
x-tt-trace-tag: id=16;cdn-cache=miss;type=dyn
Server-Timing: cdn-cache; desc=MISS, edge; dur=81, origin; dur=28
Server-Timing: inner; dur=24
X-Parent-Response-Time: 109,95.101.134.30

{"code": 0, "message": "OK", "request_id": "202501011326035B719FDA6F8415AF125B", "data": {}}
2025-01-01T13:27:36+00:00 DEBUG POST: https://business-api.tiktok.com/open_api/v1.3/event/track/

{"partner_name":"WooCommerce","event_source":"web","event_source_id":"CSM79Q3C77UAG1T340I0","data":[{"event":"Pageview","event_id":"677542c88a6e9_tt4b_woocommerce_670666209cf1f","event_time":1735738056,"user":{"ip":"217.64.24.177","user_agent":"Mozilla\/5.0 (Windows NT 10.0; Win64; x64) AppleWebKit\/537.36 (KHTML, like Gecko) Chrome\/120.0.0.0 Safari\/537.36","locale":"ar","external_id":"0","email":"e3b0c44298fc1c149afbf4c8996fb92427ae41e4649b934ca495991b7852b855","phone_number":"e3b0c44298fc1c149afbf4c8996fb92427ae41e4649b934ca495991b7852b855","first_name":"e3b0c44298fc1c149afbf4c8996fb92427ae41e4649b934ca495991b7852b855","last_name":"e3b0c44298fc1c149afbf4c8996fb92427ae41e4649b934ca495991b7852b855","zip_code":"e3b0c44298fc1c149afbf4c8996fb92427ae41e4649b934ca495991b7852b855"},"page":{"url":"http:\/\/ibn-sinaa.com\/"}}]}
 ajax: no
2025-01-01T13:27:36+00:00 DEBUG Tt4b_Mapi_Class::mapi_post: Response: 

HTTP/1.1 200 OK
Server: nginx
Content-Type: application/json
Content-Length: 92
X-Tt-Logid: 20250101132736F28439D2BF4B5CD385F0
x-tt-trace-host: 018e5a586174a888928d793bdac74b79b56517d7628cf0ffdff56b078ad2cf56150fc61b323b1b6a98bd4a171703983a45c423eb5029f18dd59a44932cb18dfce2e5490d6cd3cbd50169a1b22ab5f4fef895e0f61ae2725eddb31b38e573bdb7d6dd333c023e1ac7b0a12085841dc1a529
x-tt-trace-id: 00-250101132736F28439D2BF4B5CD385F0-1775E463643FB1D1-00
X-Origin-Response-Time: 28,23.207.199.76
X-Akamai-Request-ID: 7d0b82.2eb9445d
Expires: Wed, 01 Jan 2025 13:27:36 GMT
Cache-Control: max-age=0, no-cache, no-store
Pragma: no-cache
Date: Wed, 01 Jan 2025 13:27:36 GMT
X-Cache: TCP_MISS from a95-101-134-92.deploy.akamaitechnologies.com (AkamaiGHost/11.7.2.1-9611f29bef89eba7b18045b10aa2af98) (-)
Connection: close
X-Cache-Remote: TCP_MISS from a23-207-199-76.deploy.akamaitechnologies.com (AkamaiGHost/11.7.2.1-9611f29bef89eba7b18045b10aa2af98) (-)
x-tt-trace-tag: id=16;cdn-cache=miss;type=dyn
Server-Timing: cdn-cache; desc=MISS, edge; dur=83, origin; dur=28
Server-Timing: inner; dur=23
X-Parent-Response-Time: 110,95.101.134.92

{"code": 0, "message": "OK", "request_id": "20250101132736F28439D2BF4B5CD385F0", "data": {}}
2025-01-01T13:27:40+00:00 DEBUG POST: https://business-api.tiktok.com/open_api/v1.3/event/track/

{"partner_name":"WooCommerce","event_source":"web","event_source_id":"CSM79Q3C77UAG1T340I0","data":[{"event":"Pageview","event_id":"677542ccef85e_tt4b_woocommerce_670666209cf1f","event_time":1735738060,"user":{"ip":"217.64.24.177","user_agent":"Mozilla\/5.0 (Windows NT 10.0; Win64; x64) AppleWebKit\/537.36 (KHTML, like Gecko) Chrome\/120.0.0.0 Safari\/537.36","locale":"ar","external_id":"0","email":"e3b0c44298fc1c149afbf4c8996fb92427ae41e4649b934ca495991b7852b855","phone_number":"e3b0c44298fc1c149afbf4c8996fb92427ae41e4649b934ca495991b7852b855","first_name":"e3b0c44298fc1c149afbf4c8996fb92427ae41e4649b934ca495991b7852b855","last_name":"e3b0c44298fc1c149afbf4c8996fb92427ae41e4649b934ca495991b7852b855","zip_code":"e3b0c44298fc1c149afbf4c8996fb92427ae41e4649b934ca495991b7852b855"},"page":{"url":"http:\/\/ibn-sinaa.com\/"}}]}
 ajax: no
2025-01-01T13:27:41+00:00 DEBUG Tt4b_Mapi_Class::mapi_post: Response: 

HTTP/1.1 200 OK
Server: nginx
Content-Type: application/json
Content-Length: 92
X-Tt-Logid: 20250101132741C525B2AE6D3B9FAF6854
x-tt-trace-host: 018e5a586174a888928d793bdac74b79b56517d7628cf0ffdff56b078ad2cf5615e9532a8440ca1bcaebc628032267b348efc0b8bbdf4e06fbbd3de4610ae46e2086683b837d007d539166860c2334f4ea7249c1f550790cdaf1c33ccfff4a070aa27a60c32aa6ef94a437fa6207b33736
x-tt-trace-id: 00-250101132741C525B2AE6D3B9FAF6854-1E1BC10E678936D8-00
X-Origin-Response-Time: 22,23.218.219.12
X-Akamai-Request-ID: 19f3b86f.2eb9ff86
Expires: Wed, 01 Jan 2025 13:27:41 GMT
Cache-Control: max-age=0, no-cache, no-store
Pragma: no-cache
Date: Wed, 01 Jan 2025 13:27:41 GMT
X-Cache: TCP_MISS from a95-101-134-92.deploy.akamaitechnologies.com (AkamaiGHost/11.7.2.1-9611f29bef89eba7b18045b10aa2af98) (-)
Connection: close
X-Cache-Remote: TCP_MISS from a23-218-219-12.deploy.akamaitechnologies.com (AkamaiGHost/11.7.2.1-9611f29bef89eba7b18045b10aa2af98) (-)
x-tt-trace-tag: id=16;cdn-cache=miss;type=dyn
Server-Timing: cdn-cache; desc=MISS, edge; dur=81, origin; dur=22
Server-Timing: inner; dur=19
X-Parent-Response-Time: 103,95.101.134.92

{"code": 0, "message": "OK", "request_id": "20250101132741C525B2AE6D3B9FAF6854", "data": {}}
2025-01-01T13:27:48+00:00 DEBUG POST: https://business-api.tiktok.com/open_api/v1.3/event/track/

{"partner_name":"WooCommerce","event_source":"web","event_source_id":"CSM79Q3C77UAG1T340I0","data":[{"event":"Pageview","event_id":"677542d487eec_tt4b_woocommerce_670666209cf1f","event_time":1735738068,"user":{"ip":"217.64.24.177","user_agent":"Mozilla\/5.0 (Windows NT 10.0; Win64; x64) AppleWebKit\/537.36 (KHTML, like Gecko) Chrome\/120.0.0.0 Safari\/537.36","locale":"ar","external_id":"0","email":"e3b0c44298fc1c149afbf4c8996fb92427ae41e4649b934ca495991b7852b855","phone_number":"e3b0c44298fc1c149afbf4c8996fb92427ae41e4649b934ca495991b7852b855","first_name":"e3b0c44298fc1c149afbf4c8996fb92427ae41e4649b934ca495991b7852b855","last_name":"e3b0c44298fc1c149afbf4c8996fb92427ae41e4649b934ca495991b7852b855","zip_code":"e3b0c44298fc1c149afbf4c8996fb92427ae41e4649b934ca495991b7852b855"},"page":{"url":"http:\/\/ibn-sinaa.com\/"}}]}
 ajax: no
2025-01-01T13:27:48+00:00 DEBUG Tt4b_Mapi_Class::mapi_post: Response: 

HTTP/1.1 200 OK
Server: nginx
Content-Type: application/json
Content-Length: 92
X-Tt-Logid: 20250101132748AF91C04BF8B0B9BC9111
Server-Timing: inner; dur=32
x-tt-trace-host: 018e5a586174a888928d793bdac74b79b520593bf434961dbceff88e4b17f9a1568dc65d9175b6a4d89e9a75e42444b88a90ed00519432c9e037245a171696b1a9aab8f0af6697c1fdc9bb00d1fcaa29aecd8f11d69d48a159d3e8fee839febb39
x-tt-trace-id: 00-250101132748AF91C04BF8B0B9BC9111-61C14DB1222AC672-00
Expires: Wed, 01 Jan 2025 13:27:48 GMT
Cache-Control: max-age=0, no-cache, no-store
Pragma: no-cache
Date: Wed, 01 Jan 2025 13:27:48 GMT
X-Cache: TCP_MISS from a95-101-134-116.deploy.akamaitechnologies.com (AkamaiGHost/11.7.2.1-9611f29bef89eba7b18045b10aa2af98) (-)
Connection: close
x-tt-trace-tag: id=16;cdn-cache=miss;type=dyn
Server-Timing: cdn-cache; desc=MISS, edge; dur=1, origin; dur=115
X-Origin-Response-Time: 115,95.101.134.116
X-Akamai-Request-ID: 28bbcaba

{"code": 0, "message": "OK", "request_id": "20250101132748AF91C04BF8B0B9BC9111", "data": {}}
2025-01-01T13:27:54+00:00 DEBUG POST: https://business-api.tiktok.com/open_api/v1.3/event/track/

{"partner_name":"WooCommerce","event_source":"web","event_source_id":"CSM79Q3C77UAG1T340I0","data":[{"event":"Pageview","event_id":"677542da2150f_tt4b_woocommerce_670666209cf1f","event_time":1735738074,"user":{"ip":"217.64.24.177","user_agent":"Mozilla\/5.0 (Windows NT 10.0; Win64; x64) AppleWebKit\/537.36 (KHTML, like Gecko) Chrome\/120.0.0.0 Safari\/537.36","locale":"ar","external_id":"0","email":"e3b0c44298fc1c149afbf4c8996fb92427ae41e4649b934ca495991b7852b855","phone_number":"e3b0c44298fc1c149afbf4c8996fb92427ae41e4649b934ca495991b7852b855","first_name":"e3b0c44298fc1c149afbf4c8996fb92427ae41e4649b934ca495991b7852b855","last_name":"e3b0c44298fc1c149afbf4c8996fb92427ae41e4649b934ca495991b7852b855","zip_code":"e3b0c44298fc1c149afbf4c8996fb92427ae41e4649b934ca495991b7852b855"},"page":{"url":"http:\/\/ibn-sinaa.com\/"}}]}
 ajax: no
2025-01-01T13:27:54+00:00 DEBUG Tt4b_Mapi_Class::mapi_post: Response: 

HTTP/1.1 200 OK
Server: nginx
Content-Type: application/json
Content-Length: 92
X-Tt-Logid: 2025010113275457FC5308458A34ACB529
x-tt-trace-host: 018e5a586174a888928d793bdac74b79b519a86797e72c2eba011e03e23beee17d0f83cd1ea431930bf27a5d65bbd62f87027c8a57f2ddc8be5924a9e51b44658e43d2558288b195672559408ff80d8c91642555b05c7d8e7a1bf72399e178a7bca521367fc1fadbe93a0766c2a514b421
x-tt-trace-id: 00-25010113275457FC5308458A34ACB529-2C8D007E75209993-00
X-Origin-Response-Time: 33,23.218.219.11
X-Akamai-Request-ID: 204dbe01.28bca1fc
Expires: Wed, 01 Jan 2025 13:27:54 GMT
Cache-Control: max-age=0, no-cache, no-store
Pragma: no-cache
Date: Wed, 01 Jan 2025 13:27:54 GMT
X-Cache: TCP_MISS from a95-101-134-116.deploy.akamaitechnologies.com (AkamaiGHost/11.7.2.1-9611f29bef89eba7b18045b10aa2af98) (-)
Connection: close
X-Cache-Remote: TCP_MISS from a23-218-219-11.deploy.akamaitechnologies.com (AkamaiGHost/11.7.2.1-9611f29bef89eba7b18045b10aa2af98) (-)
x-tt-trace-tag: id=16;cdn-cache=miss;type=dyn
Server-Timing: cdn-cache; desc=MISS, edge; dur=82, origin; dur=33
Server-Timing: inner; dur=31
X-Parent-Response-Time: 115,95.101.134.116

{"code": 0, "message": "OK", "request_id": "2025010113275457FC5308458A34ACB529", "data": {}}
2025-01-01T13:27:58+00:00 DEBUG POST: https://business-api.tiktok.com/open_api/v1.3/event/track/

{"partner_name":"WooCommerce","event_source":"web","event_source_id":"CSM79Q3C77UAG1T340I0","data":[{"event":"Pageview","event_id":"677542deaa29b_tt4b_woocommerce_670666209cf1f","event_time":1735738078,"user":{"ip":"94.103.87.196","user_agent":"Mozilla\/5.0 (Windows NT 10.0; Win64; x64) AppleWebKit\/537.36 (KHTML, like Gecko) Chrome\/120.0.0.0 Safari\/537.36","locale":"ar","external_id":"0","email":"e3b0c44298fc1c149afbf4c8996fb92427ae41e4649b934ca495991b7852b855","phone_number":"e3b0c44298fc1c149afbf4c8996fb92427ae41e4649b934ca495991b7852b855","first_name":"e3b0c44298fc1c149afbf4c8996fb92427ae41e4649b934ca495991b7852b855","last_name":"e3b0c44298fc1c149afbf4c8996fb92427ae41e4649b934ca495991b7852b855","zip_code":"e3b0c44298fc1c149afbf4c8996fb92427ae41e4649b934ca495991b7852b855"},"page":{"url":"http:\/\/ibn-sinaa.com\/blog\/page\/2\/"}}]}
 ajax: no
2025-01-01T13:27:58+00:00 DEBUG Tt4b_Mapi_Class::mapi_post: Response: 

HTTP/1.1 200 OK
Server: nginx
Content-Type: application/json
Content-Length: 92
X-Tt-Logid: 20250101132758C87D2C55A69E9EB5A32C
x-tt-trace-host: 018e5a586174a888928d793bdac74b79b56517d7628cf0ffdff56b078ad2cf5615a7f2e9cf8d3a72f61a3f7abdc7c777fcd568ca54474bd4e6a662e2df5b76e25e10c38d0c4c5f11e5509a927f3dbdbbd80eebe875b3f10bbb613eb771d4dc7bc3e3bc1542423214f6a1100ed81abf4623
x-tt-trace-id: 00-250101132758C87D2C55A69E9EB5A32C-2ABE3F30499D3030-00
X-Origin-Response-Time: 28,23.32.17.8
X-Akamai-Request-ID: 98382a4.2ebcce6d
Expires: Wed, 01 Jan 2025 13:27:58 GMT
Cache-Control: max-age=0, no-cache, no-store
Pragma: no-cache
Date: Wed, 01 Jan 2025 13:27:58 GMT
X-Cache: TCP_MISS from a95-101-134-92.deploy.akamaitechnologies.com (AkamaiGHost/11.7.2.1-9611f29bef89eba7b18045b10aa2af98) (-)
Connection: close
X-Cache-Remote: TCP_MISS from a23-32-17-8.deploy.akamaitechnologies.com (AkamaiGHost/11.7.2.1-9611f29bef89eba7b18045b10aa2af98) (-)
x-tt-trace-tag: id=16;cdn-cache=miss;type=dyn
Server-Timing: cdn-cache; desc=MISS, edge; dur=82, origin; dur=28
Server-Timing: inner; dur=24
X-Parent-Response-Time: 110,95.101.134.92

{"code": 0, "message": "OK", "request_id": "20250101132758C87D2C55A69E9EB5A32C", "data": {}}
2025-01-01T13:28:02+00:00 DEBUG POST: https://business-api.tiktok.com/open_api/v1.3/event/track/

{"partner_name":"WooCommerce","event_source":"web","event_source_id":"CSM79Q3C77UAG1T340I0","data":[{"event":"Pageview","event_id":"677542e2a0471_tt4b_woocommerce_670666209cf1f","event_time":1735738082,"user":{"ip":"94.103.87.196","user_agent":"Mozilla\/5.0 (Windows NT 10.0; Win64; x64) AppleWebKit\/537.36 (KHTML, like Gecko) Chrome\/120.0.0.0 Safari\/537.36","locale":"ar","external_id":"0","email":"e3b0c44298fc1c149afbf4c8996fb92427ae41e4649b934ca495991b7852b855","phone_number":"e3b0c44298fc1c149afbf4c8996fb92427ae41e4649b934ca495991b7852b855","first_name":"e3b0c44298fc1c149afbf4c8996fb92427ae41e4649b934ca495991b7852b855","last_name":"e3b0c44298fc1c149afbf4c8996fb92427ae41e4649b934ca495991b7852b855","zip_code":"e3b0c44298fc1c149afbf4c8996fb92427ae41e4649b934ca495991b7852b855"},"page":{"url":"http:\/\/ibn-sinaa.com\/blog\/page\/3\/"}}]}
 ajax: no
2025-01-01T13:28:02+00:00 DEBUG Tt4b_Mapi_Class::mapi_post: Response: 

HTTP/1.1 200 OK
Server: nginx
Content-Type: application/json
Content-Length: 92
X-Tt-Logid: 20250101132802A6DE276F757E651FE859
x-tt-trace-host: 018e5a586174a888928d793bdac74b79b56517d7628cf0ffdff56b078ad2cf5615f5fceaa28ce192594e5abcab9f2812029197aa68399bb043f4853925ee194f86a33e1c9683b265ca44808fa90218f0fb55c2321ba3ae976ee0646a01563893efad666167646dbd271b2ee762665dcbc0
x-tt-trace-id: 00-250101132802A6DE276F757E651FE859-55AD6CF113BD065E-00
X-Origin-Response-Time: 36,23.207.199.86
X-Akamai-Request-ID: 457afb8.2ebd54fa
Expires: Wed, 01 Jan 2025 13:28:02 GMT
Cache-Control: max-age=0, no-cache, no-store
Pragma: no-cache
Date: Wed, 01 Jan 2025 13:28:02 GMT
X-Cache: TCP_MISS from a95-101-134-92.deploy.akamaitechnologies.com (AkamaiGHost/11.7.2.1-9611f29bef89eba7b18045b10aa2af98) (-)
Connection: close
X-Cache-Remote: TCP_MISS from a23-207-199-86.deploy.akamaitechnologies.com (AkamaiGHost/11.7.2.1-9611f29bef89eba7b18045b10aa2af98) (-)
x-tt-trace-tag: id=16;cdn-cache=miss;type=dyn
Server-Timing: cdn-cache; desc=MISS, edge; dur=85, origin; dur=35
Server-Timing: inner; dur=31
X-Parent-Response-Time: 120,95.101.134.92

{"code": 0, "message": "OK", "request_id": "20250101132802A6DE276F757E651FE859", "data": {}}
2025-01-01T13:28:10+00:00 DEBUG POST: https://business-api.tiktok.com/open_api/v1.3/event/track/

{"partner_name":"WooCommerce","event_source":"web","event_source_id":"CSM79Q3C77UAG1T340I0","data":[{"event":"Pageview","event_id":"677542eaca270_tt4b_woocommerce_670666209cf1f","event_time":1735738090,"user":{"ip":"217.64.24.177","user_agent":"Mozilla\/5.0 (Windows NT 10.0; Win64; x64) AppleWebKit\/537.36 (KHTML, like Gecko) Chrome\/120.0.0.0 Safari\/537.36","locale":"ar","external_id":"0","email":"e3b0c44298fc1c149afbf4c8996fb92427ae41e4649b934ca495991b7852b855","phone_number":"e3b0c44298fc1c149afbf4c8996fb92427ae41e4649b934ca495991b7852b855","first_name":"e3b0c44298fc1c149afbf4c8996fb92427ae41e4649b934ca495991b7852b855","last_name":"e3b0c44298fc1c149afbf4c8996fb92427ae41e4649b934ca495991b7852b855","zip_code":"e3b0c44298fc1c149afbf4c8996fb92427ae41e4649b934ca495991b7852b855"},"page":{"url":"http:\/\/ibn-sinaa.com\/contact\/"}}]}
 ajax: no
2025-01-01T13:28:11+00:00 DEBUG Tt4b_Mapi_Class::mapi_post: Response: 

HTTP/1.1 200 OK
Server: nginx
Content-Type: application/json
Content-Length: 92
X-Tt-Logid: 2025010113281031CF23EB007D5931A7A5
x-tt-trace-host: 018e5a586174a888928d793bdac74b79b519a86797e72c2eba011e03e23beee17de14dfb9fb241cef89176ce4f156aaa4fd561b39e17e68136a0995465c4969cda06df0d42edeed8590797b7780d70e7339cb6556491c493c8517b8f05f5251332483e91a8205808d7408f74d38bf5ef8b
x-tt-trace-id: 00-25010113281031CF23EB007D5931A7A5-4A28A7AD4CBF07D7-00
X-Origin-Response-Time: 33,23.218.219.41
X-Akamai-Request-ID: 727a557b.28bf2f32
Expires: Wed, 01 Jan 2025 13:28:11 GMT
Cache-Control: max-age=0, no-cache, no-store
Pragma: no-cache
Date: Wed, 01 Jan 2025 13:28:11 GMT
X-Cache: TCP_MISS from a95-101-134-116.deploy.akamaitechnologies.com (AkamaiGHost/11.7.2.1-9611f29bef89eba7b18045b10aa2af98) (-)
Connection: close
X-Cache-Remote: TCP_MISS from a23-218-219-41.deploy.akamaitechnologies.com (AkamaiGHost/11.7.2.1-9611f29bef89eba7b18045b10aa2af98) (-)
x-tt-trace-tag: id=16;cdn-cache=miss;type=dyn
Server-Timing: cdn-cache; desc=MISS, edge; dur=80, origin; dur=33
Server-Timing: inner; dur=30
X-Parent-Response-Time: 113,95.101.134.116

{"code": 0, "message": "OK", "request_id": "2025010113281031CF23EB007D5931A7A5", "data": {}}
2025-01-01T13:28:15+00:00 DEBUG POST: https://business-api.tiktok.com/open_api/v1.3/event/track/

{"partner_name":"WooCommerce","event_source":"web","event_source_id":"CSM79Q3C77UAG1T340I0","data":[{"event":"Pageview","event_id":"677542efc1b13_tt4b_woocommerce_670666209cf1f","event_time":1735738095,"user":{"ip":"217.64.24.177","user_agent":"Mozilla\/5.0 (Windows NT 10.0; Win64; x64) AppleWebKit\/537.36 (KHTML, like Gecko) Chrome\/120.0.0.0 Safari\/537.36","locale":"ar","external_id":"0","email":"e3b0c44298fc1c149afbf4c8996fb92427ae41e4649b934ca495991b7852b855","phone_number":"e3b0c44298fc1c149afbf4c8996fb92427ae41e4649b934ca495991b7852b855","first_name":"e3b0c44298fc1c149afbf4c8996fb92427ae41e4649b934ca495991b7852b855","last_name":"e3b0c44298fc1c149afbf4c8996fb92427ae41e4649b934ca495991b7852b855","zip_code":"e3b0c44298fc1c149afbf4c8996fb92427ae41e4649b934ca495991b7852b855"},"page":{"url":"http:\/\/ibn-sinaa.com\/contact\/"}}]}
 ajax: no
2025-01-01T13:28:15+00:00 DEBUG Tt4b_Mapi_Class::mapi_post: Response: 

HTTP/1.1 200 OK
Server: nginx
Content-Type: application/json
Content-Length: 92
X-Tt-Logid: 202501011328155BC30A86291F27250802
x-tt-trace-host: 018e5a586174a888928d793bdac74b79b56517d7628cf0ffdff56b078ad2cf56152d6ca1370518b6fc60ee0b196d9f244dc260ee2280d8c9d46f17e39e8d3aea7d55062ec87bb8943cad75d5f27d9e108a2ad0733307682c34b528dc58744b1a970f2d17bd6977ef52e2e55c0ae087e554
x-tt-trace-id: 00-2501011328155BC30A86291F27250802-2292339143861666-00
X-Origin-Response-Time: 34,23.213.246.241
X-Akamai-Request-ID: 3ca25fd1.2ebf414b
Expires: Wed, 01 Jan 2025 13:28:15 GMT
Cache-Control: max-age=0, no-cache, no-store
Pragma: no-cache
Date: Wed, 01 Jan 2025 13:28:15 GMT
X-Cache: TCP_MISS from a95-101-134-92.deploy.akamaitechnologies.com (AkamaiGHost/11.7.2.1-9611f29bef89eba7b18045b10aa2af98) (-)
Connection: close
X-Cache-Remote: TCP_MISS from a23-213-246-241.deploy.akamaitechnologies.com (AkamaiGHost/11.7.2.1-9611f29bef89eba7b18045b10aa2af98) (-)
x-tt-trace-tag: id=16;cdn-cache=miss;type=dyn
Server-Timing: cdn-cache; desc=MISS, edge; dur=84, origin; dur=34
Server-Timing: inner; dur=26
X-Parent-Response-Time: 118,95.101.134.92

{"code": 0, "message": "OK", "request_id": "202501011328155BC30A86291F27250802", "data": {}}
2025-01-01T13:28:23+00:00 DEBUG POST: https://business-api.tiktok.com/open_api/v1.3/event/track/

{"partner_name":"WooCommerce","event_source":"web","event_source_id":"CSM79Q3C77UAG1T340I0","data":[{"event":"Pageview","event_id":"677542f7c3ccb_tt4b_woocommerce_670666209cf1f","event_time":1735738103,"user":{"ip":"94.103.87.196","user_agent":"Mozilla\/5.0 (Windows NT 10.0; Win64; x64) AppleWebKit\/537.36 (KHTML, like Gecko) Chrome\/120.0.0.0 Safari\/537.36","locale":"ar","external_id":"0","email":"e3b0c44298fc1c149afbf4c8996fb92427ae41e4649b934ca495991b7852b855","phone_number":"e3b0c44298fc1c149afbf4c8996fb92427ae41e4649b934ca495991b7852b855","first_name":"e3b0c44298fc1c149afbf4c8996fb92427ae41e4649b934ca495991b7852b855","last_name":"e3b0c44298fc1c149afbf4c8996fb92427ae41e4649b934ca495991b7852b855","zip_code":"e3b0c44298fc1c149afbf4c8996fb92427ae41e4649b934ca495991b7852b855"},"page":{"url":"http:\/\/www.ibn-sinaa.com\/blog\/page\/3\/"}}]}
 ajax: no
2025-01-01T13:28:23+00:00 DEBUG Tt4b_Mapi_Class::mapi_post: Response: 

HTTP/1.1 200 OK
Server: nginx
Content-Type: application/json
Content-Length: 92
X-Tt-Logid: 20250101132823EC2CB18F43087AB719C5
x-tt-trace-host: 018e5a586174a888928d793bdac74b79b56517d7628cf0ffdff56b078ad2cf56158ccb92f263344b5cc8b9887bfee9c98e934d4572e15c7c8ae443544db25f50d1eeac0e03b0a1419fed02e61e9498c04e0877a96fea3d8250b6197fb1a17ed5ef378778dbd4652fe61544e128cf4522b9
x-tt-trace-id: 00-250101132823EC2CB18F43087AB719C5-47314E0779536672-00
X-Origin-Response-Time: 27,23.207.199.113
X-Akamai-Request-ID: a25573.2ec085a6
Expires: Wed, 01 Jan 2025 13:28:23 GMT
Cache-Control: max-age=0, no-cache, no-store
Pragma: no-cache
Date: Wed, 01 Jan 2025 13:28:23 GMT
X-Cache: TCP_MISS from a95-101-134-92.deploy.akamaitechnologies.com (AkamaiGHost/11.7.2.1-9611f29bef89eba7b18045b10aa2af98) (-)
Connection: close
X-Cache-Remote: TCP_MISS from a23-207-199-113.deploy.akamaitechnologies.com (AkamaiGHost/11.7.2.1-9611f29bef89eba7b18045b10aa2af98) (-)
x-tt-trace-tag: id=16;cdn-cache=miss;type=dyn
Server-Timing: cdn-cache; desc=MISS, edge; dur=85, origin; dur=27
Server-Timing: inner; dur=24
X-Parent-Response-Time: 112,95.101.134.92

{"code": 0, "message": "OK", "request_id": "20250101132823EC2CB18F43087AB719C5", "data": {}}
2025-01-01T13:28:30+00:00 DEBUG POST: https://business-api.tiktok.com/open_api/v1.3/event/track/

{"partner_name":"WooCommerce","event_source":"web","event_source_id":"CSM79Q3C77UAG1T340I0","data":[{"event":"Pageview","event_id":"677542fe3467a_tt4b_woocommerce_670666209cf1f","event_time":1735738110,"user":{"ip":"217.64.24.177","user_agent":"Mozilla\/5.0 (Windows NT 10.0; Win64; x64) AppleWebKit\/537.36 (KHTML, like Gecko) Chrome\/120.0.0.0 Safari\/537.36","locale":"ar","external_id":"0","email":"e3b0c44298fc1c149afbf4c8996fb92427ae41e4649b934ca495991b7852b855","phone_number":"e3b0c44298fc1c149afbf4c8996fb92427ae41e4649b934ca495991b7852b855","first_name":"e3b0c44298fc1c149afbf4c8996fb92427ae41e4649b934ca495991b7852b855","last_name":"e3b0c44298fc1c149afbf4c8996fb92427ae41e4649b934ca495991b7852b855","zip_code":"e3b0c44298fc1c149afbf4c8996fb92427ae41e4649b934ca495991b7852b855"},"page":{"url":"http:\/\/www.ibn-sinaa.com\/contact\/"}}]}
 ajax: no
2025-01-01T13:28:30+00:00 DEBUG Tt4b_Mapi_Class::mapi_post: Response: 

HTTP/1.1 200 OK
Server: nginx
Content-Type: application/json
Content-Length: 92
X-Tt-Logid: 20250101132830EC92022CC3CB0537412E
x-tt-trace-host: 018e5a586174a888928d793bdac74b79b56517d7628cf0ffdff56b078ad2cf5615c56a2fe5b8d7ef77431c75a0078c5bcf4de492b27729fd3c70ad8088a82ff04eef8f365e2331c45b3a5c006cad4731233e4c3ae9cbae59191a85d47bb7d96d0a3af9f5e08a10b8a87fdbb8ffb7b46061
x-tt-trace-id: 00-250101132830EC92022CC3CB0537412E-1C4F3A782CE3C0D8-00
X-Origin-Response-Time: 40,23.213.246.229
X-Akamai-Request-ID: 3ee0dfcb.2ec19765
Expires: Wed, 01 Jan 2025 13:28:30 GMT
Cache-Control: max-age=0, no-cache, no-store
Pragma: no-cache
Date: Wed, 01 Jan 2025 13:28:30 GMT
X-Cache: TCP_MISS from a95-101-134-92.deploy.akamaitechnologies.com (AkamaiGHost/11.7.2.1-9611f29bef89eba7b18045b10aa2af98) (-)
Connection: close
X-Cache-Remote: TCP_MISS from a23-213-246-229.deploy.akamaitechnologies.com (AkamaiGHost/11.7.2.1-9611f29bef89eba7b18045b10aa2af98) (-)
x-tt-trace-tag: id=16;cdn-cache=miss;type=dyn
Server-Timing: cdn-cache; desc=MISS, edge; dur=96, origin; dur=39
Server-Timing: inner; dur=35
X-Parent-Response-Time: 132,95.101.134.92

{"code": 0, "message": "OK", "request_id": "20250101132830EC92022CC3CB0537412E", "data": {}}
2025-01-01T13:28:31+00:00 DEBUG POST: https://business-api.tiktok.com/open_api/v1.3/event/track/

{"partner_name":"WooCommerce","event_source":"web","event_source_id":"CSM79Q3C77UAG1T340I0","data":[{"event":"Pageview","event_id":"677542ff52066_tt4b_woocommerce_670666209cf1f","event_time":1735738111,"user":{"ip":"66.249.66.166","user_agent":"Mozilla\/5.0 (Linux; Android 6.0.1; Nexus 5X Build\/MMB29P) AppleWebKit\/537.36 (KHTML, like Gecko) Chrome\/131.0.6778.204 Mobile Safari\/537.36 (compatible; Googlebot\/2.1; +http:\/\/www.google.com\/bot.html)","locale":"ar","external_id":"0","email":"e3b0c44298fc1c149afbf4c8996fb92427ae41e4649b934ca495991b7852b855","phone_number":"e3b0c44298fc1c149afbf4c8996fb92427ae41e4649b934ca495991b7852b855","first_name":"e3b0c44298fc1c149afbf4c8996fb92427ae41e4649b934ca495991b7852b855","last_name":"e3b0c44298fc1c149afbf4c8996fb92427ae41e4649b934ca495991b7852b855","zip_code":"e3b0c44298fc1c149afbf4c8996fb92427ae41e4649b934ca495991b7852b855"},"page":{"url":"http:\/\/www.ibn-sinaa.com\/product-category\/digital-printing\/bills-and-bonds\/"}}]}
 ajax: no
2025-01-01T13:28:31+00:00 DEBUG Tt4b_Mapi_Class::mapi_post: Response: 

HTTP/1.1 200 OK
Server: nginx
Content-Type: application/json
Content-Length: 92
X-Tt-Logid: 2025010113283131CF23EB007D5931AF0C
x-tt-trace-host: 018e5a586174a888928d793bdac74b79b519a86797e72c2eba011e03e23beee17de14dfb9fb241cef89176ce4f156aaa4fd561b39e17e68136a0995465c4969cda58c857740397937c29ce1c3af15cf73ae64c58ff970a57edb7db287dc09fe46b5dc4a1c74a2bc62d0fb3f16c8a7a3ae7
x-tt-trace-id: 00-25010113283131CF23EB007D5931AF0C-747869BE49E1F317-00
X-Origin-Response-Time: 31,23.218.219.41
X-Akamai-Request-ID: 727b2c53.28c232e3
Expires: Wed, 01 Jan 2025 13:28:31 GMT
Cache-Control: max-age=0, no-cache, no-store
Pragma: no-cache
Date: Wed, 01 Jan 2025 13:28:31 GMT
X-Cache: TCP_MISS from a95-101-134-116.deploy.akamaitechnologies.com (AkamaiGHost/11.7.2.1-9611f29bef89eba7b18045b10aa2af98) (-)
Connection: close
X-Cache-Remote: TCP_MISS from a23-218-219-41.deploy.akamaitechnologies.com (AkamaiGHost/11.7.2.1-9611f29bef89eba7b18045b10aa2af98) (-)
x-tt-trace-tag: id=16;cdn-cache=miss;type=dyn
Server-Timing: cdn-cache; desc=MISS, edge; dur=82, origin; dur=31
Server-Timing: inner; dur=27
X-Parent-Response-Time: 113,95.101.134.116

{"code": 0, "message": "OK", "request_id": "2025010113283131CF23EB007D5931AF0C", "data": {}}
2025-01-01T13:28:36+00:00 DEBUG POST: https://business-api.tiktok.com/open_api/v1.3/event/track/

{"partner_name":"WooCommerce","event_source":"web","event_source_id":"CSM79Q3C77UAG1T340I0","data":[{"event":"Pageview","event_id":"67754304a5084_tt4b_woocommerce_670666209cf1f","event_time":1735738116,"user":{"ip":"217.64.24.177","user_agent":"Mozilla\/5.0 (Windows NT 10.0; Win64; x64) AppleWebKit\/537.36 (KHTML, like Gecko) Chrome\/120.0.0.0 Safari\/537.36","locale":"ar","external_id":"0","email":"e3b0c44298fc1c149afbf4c8996fb92427ae41e4649b934ca495991b7852b855","phone_number":"e3b0c44298fc1c149afbf4c8996fb92427ae41e4649b934ca495991b7852b855","first_name":"e3b0c44298fc1c149afbf4c8996fb92427ae41e4649b934ca495991b7852b855","last_name":"e3b0c44298fc1c149afbf4c8996fb92427ae41e4649b934ca495991b7852b855","zip_code":"e3b0c44298fc1c149afbf4c8996fb92427ae41e4649b934ca495991b7852b855"},"page":{"url":"http:\/\/www.ibn-sinaa.com\/contact\/"}}]}
 ajax: no
2025-01-01T13:28:36+00:00 DEBUG Tt4b_Mapi_Class::mapi_post: Response: 

HTTP/1.1 200 OK
Server: nginx
Content-Type: application/json
Content-Length: 92
X-Tt-Logid: 20250101132836891734B0D3597A1C841D
Server-Timing: inner; dur=20
x-tt-trace-host: 018e5a586174a888928d793bdac74b79b520593bf434961dbceff88e4b17f9a1567d169b82eb0a09210892bc78fceb990bec391674b3e67f793fa4015fb88bda3aa8df17332a88b00073498d523e7ddee991d9fac9375afb01701ff0bcedd60cdb
x-tt-trace-id: 00-250101132836891734B0D3597A1C841D-569045E3438E8E2E-00
Expires: Wed, 01 Jan 2025 13:28:36 GMT
Cache-Control: max-age=0, no-cache, no-store
Pragma: no-cache
Date: Wed, 01 Jan 2025 13:28:36 GMT
X-Cache: TCP_MISS from a95-101-134-116.deploy.akamaitechnologies.com (AkamaiGHost/11.7.2.1-9611f29bef89eba7b18045b10aa2af98) (-)
Connection: close
x-tt-trace-tag: id=16;cdn-cache=miss;type=dyn
Server-Timing: cdn-cache; desc=MISS, edge; dur=2, origin; dur=104
X-Origin-Response-Time: 104,95.101.134.116
X-Akamai-Request-ID: 28c2e70e

{"code": 0, "message": "OK", "request_id": "20250101132836891734B0D3597A1C841D", "data": {}}
2025-01-01T13:29:52+00:00 DEBUG Tt4b_Pixel_Class::inject_add_to_cart_event: hit AddToCart
2025-01-01T13:29:52+00:00 DEBUG POST: https://business-api.tiktok.com/open_api/v1.3/event/track/

{"partner_name":"WooCommerce","event_source":"web","event_source_id":"CSM79Q3C77UAG1T340I0","data":[{"event":"AddToCart","event_id":"67754350d11ca_tt4b_woocommerce_670666209cf1f_4125","event_time":1735738192,"user":{"ip":"54.36.149.40","user_agent":"Mozilla\/5.0 (compatible; AhrefsBot\/7.0; +http:\/\/ahrefs.com\/robot\/)","locale":"ar","external_id":"0","email":"e3b0c44298fc1c149afbf4c8996fb92427ae41e4649b934ca495991b7852b855","phone_number":"e3b0c44298fc1c149afbf4c8996fb92427ae41e4649b934ca495991b7852b855","first_name":"e3b0c44298fc1c149afbf4c8996fb92427ae41e4649b934ca495991b7852b855","last_name":"e3b0c44298fc1c149afbf4c8996fb92427ae41e4649b934ca495991b7852b855","zip_code":"e3b0c44298fc1c149afbf4c8996fb92427ae41e4649b934ca495991b7852b855"},"properties":{"contents":[{"price":65,"quantity":1,"content_id":"4125","content_name":"\u0633\u062c\u0644\u0627\u062a \u0645\u0627\u062f\u0629 \u0627\u0644\u0641\u064a\u0632\u064a\u0627\u0621","description":". \u0637\u0628\u0627\u0639\u0647 \u0633\u062c\u0644\u0627\u062a \u0645\u062f\u0631\u0633\u064a\u0629 \u0627\u062d\u062a\u0631\u0627\u0641\u064a\u0629 \u062e\u0627\u0645\u062a\u0647\u0627 \u0643\u0631\u062a\u0648\u0646 2000 \u062c\u0631\u0627\u0645,\u062a\u0636\u0627\u0641 \u0637\u0628\u0642\u0629 \u062d\u0645\u0627\u064a\u0647 \u0627\u0633\u062a\u064a\u0643\u0631 \u0645\u0639 \u0633\u0644\u0648\u0641\u0627\u0646 \u0644\u0627\u0645\u0639.\r\n. \u0645\u062a\u0648\u0641\u0631 \u0628 \u0627\u062d\u062c\u0627\u0645 \u0645\u062e\u062a\u0644\u0641\u0647 ( \u0635\u063a\u064a\u0631, \u0648\u0633\u0637 , \u0643\u0628\u064a\u0631 ).\r\n. \u064a\u062a\u0633\u0639 \u0627\u0644\u0645\u0642\u0627\u0633 \u0627\u0644\u0635\u063a\u064a\u0631 ( \u0645\u0646 50 \u0627\u0644\u0649 150 \u0648\u0631\u0642\u0629 )\r\n. \u064a\u062a\u0633\u0639 \u0627\u0644\u0648\u0633\u0637 ( \u0645\u0646 150 \u0627\u0644\u0649 300 \u0648\u0631\u0642\u0629 )\r\n. \u0627\u0644\u0643\u0628\u064a\u0631 ( \u0645\u0646 300 \u0627\u0644\u0649 400 \u0648\u0631\u0642\u0629 ).\r\n. \u0645\u062f\u0629 \u0627\u0644\u062a\u0646\u0641\u064a\u0630 : 3-5 \u0627\u064a\u0627\u0645 \u0648\u062a\u0632\u064a\u062f \u0627\u0644\u0645\u062f\u0629 \u0639\u0646 \u0637\u0644\u0628 \u0627\u0644\u0634\u062d\u0646.","availability":"IN_STOCK","sale_price":65,"on_sale":false}],"content_type":"product","currency":"SAR","value":65,"event_trigger_source":"WooCommerce"},"page":{"url":"http:\/\/mail.ibn-sinaa.com\/product-tag\/%D9%85%D8%AA%D8%AC%D8%B1-%D8%B1%D9%82%D9%85%D9%8A-%D9%84%D9%84%D8%B3%D8%AC%D9%84%D8%A7%D8%AA-%D8%A7%D9%84%D9%85%D8%AF%D8%B1%D8%B3%D9%8A%D8%A9\/page\/2\/?add-to-cart=4125"}}]}
 ajax: no
2025-01-01T13:29:53+00:00 DEBUG Tt4b_Mapi_Class::mapi_post: Response: 

HTTP/1.1 200 OK
Server: nginx
Content-Type: application/json
Content-Length: 92
X-Tt-Logid: 20250101132952FD11E33B9E06A0134BC9
x-tt-trace-host: 018e5a586174a888928d793bdac74b79b56517d7628cf0ffdff56b078ad2cf5615508c5b9cba575638c525f6e303dd842f579b0fa34cfc60aefc2014f2eb494d1a027558b18fbf8fd39ac3a06de64ab2069c203ee8972f9f93c621e28b5e56246837164b8672293f03b1a24df8430476f6
x-tt-trace-id: 00-250101132952FD11E33B9E06A0134BC9-0A09232E2F5A45F3-00
X-Origin-Response-Time: 88,23.218.219.18
X-Akamai-Request-ID: 73bfb6bb.2eced956
Expires: Wed, 01 Jan 2025 13:29:53 GMT
Cache-Control: max-age=0, no-cache, no-store
Pragma: no-cache
Date: Wed, 01 Jan 2025 13:29:53 GMT
X-Cache: TCP_MISS from a95-101-134-92.deploy.akamaitechnologies.com (AkamaiGHost/11.7.2.1-9611f29bef89eba7b18045b10aa2af98) (-)
Connection: close
X-Cache-Remote: TCP_MISS from a23-218-219-18.deploy.akamaitechnologies.com (AkamaiGHost/11.7.2.1-9611f29bef89eba7b18045b10aa2af98) (-)
x-tt-trace-tag: id=16;cdn-cache=miss;type=dyn
Server-Timing: cdn-cache; desc=MISS, edge; dur=82, origin; dur=86
Server-Timing: inner; dur=83
X-Parent-Response-Time: 167,95.101.134.92

{"code": 0, "message": "OK", "request_id": "20250101132952FD11E33B9E06A0134BC9", "data": {}}
2025-01-01T13:29:53+00:00 DEBUG POST: https://business-api.tiktok.com/open_api/v1.3/event/track/

{"partner_name":"WooCommerce","event_source":"web","event_source_id":"CSM79Q3C77UAG1T340I0","data":[{"event":"Pageview","event_id":"6775435158a73_tt4b_woocommerce_670666209cf1f","event_time":1735738193,"user":{"ip":"54.36.149.40","user_agent":"Mozilla\/5.0 (compatible; AhrefsBot\/7.0; +http:\/\/ahrefs.com\/robot\/)","locale":"ar","external_id":"0","email":"e3b0c44298fc1c149afbf4c8996fb92427ae41e4649b934ca495991b7852b855","phone_number":"e3b0c44298fc1c149afbf4c8996fb92427ae41e4649b934ca495991b7852b855","first_name":"e3b0c44298fc1c149afbf4c8996fb92427ae41e4649b934ca495991b7852b855","last_name":"e3b0c44298fc1c149afbf4c8996fb92427ae41e4649b934ca495991b7852b855","zip_code":"e3b0c44298fc1c149afbf4c8996fb92427ae41e4649b934ca495991b7852b855"},"page":{"url":"http:\/\/mail.ibn-sinaa.com\/product-tag\/%D9%85%D8%AA%D8%AC%D8%B1-%D8%B1%D9%82%D9%85%D9%8A-%D9%84%D9%84%D8%B3%D8%AC%D9%84%D8%A7%D8%AA-%D8%A7%D9%84%D9%85%D8%AF%D8%B1%D8%B3%D9%8A%D8%A9\/page\/2\/?add-to-cart=4125"}}]}
 ajax: no
2025-01-01T13:29:53+00:00 DEBUG Tt4b_Mapi_Class::mapi_post: Response: 

HTTP/1.1 200 OK
Server: nginx
Content-Type: application/json
Content-Length: 92
X-Tt-Logid: 2025010113295320297FEF7411A1AA1B91
Server-Timing: inner; dur=28
x-tt-trace-host: 018e5a586174a888928d793bdac74b79b520593bf434961dbceff88e4b17f9a15697d85310ecb32dd3246acb2a929d0584dbb233c2465b4b6a565c820be2b0ff67808a00b256423406b3253e2070db80ef4ac0a4da4db9dd02ae22570cbae7f619
x-tt-trace-id: 00-25010113295320297FEF7411A1AA1B91-34D323B875B862D8-00
Expires: Wed, 01 Jan 2025 13:29:53 GMT
Cache-Control: max-age=0, no-cache, no-store
Pragma: no-cache
Date: Wed, 01 Jan 2025 13:29:53 GMT
X-Cache: TCP_MISS from a95-101-134-116.deploy.akamaitechnologies.com (AkamaiGHost/11.7.2.1-9611f29bef89eba7b18045b10aa2af98) (-)
Connection: close
x-tt-trace-tag: id=16;cdn-cache=miss;type=dyn
Server-Timing: cdn-cache; desc=MISS, edge; dur=2, origin; dur=114
X-Origin-Response-Time: 114,95.101.134.116
X-Akamai-Request-ID: 28cebf94

{"code": 0, "message": "OK", "request_id": "2025010113295320297FEF7411A1AA1B91", "data": {}}
2025-01-01T13:31:57+00:00 DEBUG Tt4b_Pixel_Class::inject_add_to_cart_event: hit AddToCart
2025-01-01T13:31:57+00:00 DEBUG POST: https://business-api.tiktok.com/open_api/v1.3/event/track/

{"partner_name":"WooCommerce","event_source":"web","event_source_id":"CSM79Q3C77UAG1T340I0","data":[{"event":"AddToCart","event_id":"677543cdc6bed_tt4b_woocommerce_670666209cf1f_4125","event_time":1735738317,"user":{"ip":"54.36.148.16","user_agent":"Mozilla\/5.0 (compatible; AhrefsBot\/7.0; +http:\/\/ahrefs.com\/robot\/)","locale":"ar","external_id":"0","email":"e3b0c44298fc1c149afbf4c8996fb92427ae41e4649b934ca495991b7852b855","phone_number":"e3b0c44298fc1c149afbf4c8996fb92427ae41e4649b934ca495991b7852b855","first_name":"e3b0c44298fc1c149afbf4c8996fb92427ae41e4649b934ca495991b7852b855","last_name":"e3b0c44298fc1c149afbf4c8996fb92427ae41e4649b934ca495991b7852b855","zip_code":"e3b0c44298fc1c149afbf4c8996fb92427ae41e4649b934ca495991b7852b855"},"properties":{"contents":[{"price":65,"quantity":1,"content_id":"4125","content_name":"\u0633\u062c\u0644\u0627\u062a \u0645\u0627\u062f\u0629 \u0627\u0644\u0641\u064a\u0632\u064a\u0627\u0621","description":". \u0637\u0628\u0627\u0639\u0647 \u0633\u062c\u0644\u0627\u062a \u0645\u062f\u0631\u0633\u064a\u0629 \u0627\u062d\u062a\u0631\u0627\u0641\u064a\u0629 \u062e\u0627\u0645\u062a\u0647\u0627 \u0643\u0631\u062a\u0648\u0646 2000 \u062c\u0631\u0627\u0645,\u062a\u0636\u0627\u0641 \u0637\u0628\u0642\u0629 \u062d\u0645\u0627\u064a\u0647 \u0627\u0633\u062a\u064a\u0643\u0631 \u0645\u0639 \u0633\u0644\u0648\u0641\u0627\u0646 \u0644\u0627\u0645\u0639.\r\n. \u0645\u062a\u0648\u0641\u0631 \u0628 \u0627\u062d\u062c\u0627\u0645 \u0645\u062e\u062a\u0644\u0641\u0647 ( \u0635\u063a\u064a\u0631, \u0648\u0633\u0637 , \u0643\u0628\u064a\u0631 ).\r\n. \u064a\u062a\u0633\u0639 \u0627\u0644\u0645\u0642\u0627\u0633 \u0627\u0644\u0635\u063a\u064a\u0631 ( \u0645\u0646 50 \u0627\u0644\u0649 150 \u0648\u0631\u0642\u0629 )\r\n. \u064a\u062a\u0633\u0639 \u0627\u0644\u0648\u0633\u0637 ( \u0645\u0646 150 \u0627\u0644\u0649 300 \u0648\u0631\u0642\u0629 )\r\n. \u0627\u0644\u0643\u0628\u064a\u0631 ( \u0645\u0646 300 \u0627\u0644\u0649 400 \u0648\u0631\u0642\u0629 ).\r\n. \u0645\u062f\u0629 \u0627\u0644\u062a\u0646\u0641\u064a\u0630 : 3-5 \u0627\u064a\u0627\u0645 \u0648\u062a\u0632\u064a\u062f \u0627\u0644\u0645\u062f\u0629 \u0639\u0646 \u0637\u0644\u0628 \u0627\u0644\u0634\u062d\u0646.","availability":"IN_STOCK","sale_price":65,"on_sale":false}],"content_type":"product","currency":"SAR","value":65,"event_trigger_source":"WooCommerce"},"page":{"url":"http:\/\/ibn-sinaa.com\/product-tag\/%D8%B3%D8%AC%D9%84%D8%A7%D8%AA-%D9%85%D8%AF%D9%8A%D8%B1-%D8%A7%D9%84%D9%85%D8%AF%D8%B1%D8%B3%D8%A9\/page\/2\/?add-to-cart=4125"}}]}
 ajax: no
2025-01-01T13:31:57+00:00 DEBUG Tt4b_Mapi_Class::mapi_post: Response: 

HTTP/1.1 200 OK
Server: nginx
Content-Type: application/json
Content-Length: 92
X-Tt-Logid: 20250101133157032DC80553D6623920CE
x-tt-trace-host: 018e5a586174a888928d793bdac74b79b519a86797e72c2eba011e03e23beee17da623e0f79e5d944edf03c3184791aca09a6ab18ffeae4bca4530c9fab355d35a1faa0ff1736e2cfdd89693d14ab78c7aefe55f18d3e97d2af5ba2a71568a8113a3429a305dd9a85425a568f4fd7fb2c4
x-tt-trace-id: 00-250101133157032DC80553D6623920CE-1775E46364C0E75C-00
X-Origin-Response-Time: 31,23.218.219.32
X-Akamai-Request-ID: 13b6a842.28e1e4f6
Expires: Wed, 01 Jan 2025 13:31:57 GMT
Cache-Control: max-age=0, no-cache, no-store
Pragma: no-cache
Date: Wed, 01 Jan 2025 13:31:57 GMT
X-Cache: TCP_MISS from a95-101-134-116.deploy.akamaitechnologies.com (AkamaiGHost/11.7.2.1-9611f29bef89eba7b18045b10aa2af98) (-)
Connection: close
X-Cache-Remote: TCP_MISS from a23-218-219-32.deploy.akamaitechnologies.com (AkamaiGHost/11.7.2.1-9611f29bef89eba7b18045b10aa2af98) (-)
x-tt-trace-tag: id=16;cdn-cache=miss;type=dyn
Server-Timing: cdn-cache; desc=MISS, edge; dur=81, origin; dur=31
Server-Timing: inner; dur=27
X-Parent-Response-Time: 112,95.101.134.116

{"code": 0, "message": "OK", "request_id": "20250101133157032DC80553D6623920CE", "data": {}}
2025-01-01T13:31:58+00:00 DEBUG POST: https://business-api.tiktok.com/open_api/v1.3/event/track/

{"partner_name":"WooCommerce","event_source":"web","event_source_id":"CSM79Q3C77UAG1T340I0","data":[{"event":"Pageview","event_id":"677543ce3dc5c_tt4b_woocommerce_670666209cf1f","event_time":1735738318,"user":{"ip":"54.36.148.16","user_agent":"Mozilla\/5.0 (compatible; AhrefsBot\/7.0; +http:\/\/ahrefs.com\/robot\/)","locale":"ar","external_id":"0","email":"e3b0c44298fc1c149afbf4c8996fb92427ae41e4649b934ca495991b7852b855","phone_number":"e3b0c44298fc1c149afbf4c8996fb92427ae41e4649b934ca495991b7852b855","first_name":"e3b0c44298fc1c149afbf4c8996fb92427ae41e4649b934ca495991b7852b855","last_name":"e3b0c44298fc1c149afbf4c8996fb92427ae41e4649b934ca495991b7852b855","zip_code":"e3b0c44298fc1c149afbf4c8996fb92427ae41e4649b934ca495991b7852b855"},"page":{"url":"http:\/\/ibn-sinaa.com\/product-tag\/%D8%B3%D8%AC%D9%84%D8%A7%D8%AA-%D9%85%D8%AF%D9%8A%D8%B1-%D8%A7%D9%84%D9%85%D8%AF%D8%B1%D8%B3%D8%A9\/page\/2\/?add-to-cart=4125"}}]}
 ajax: no
2025-01-01T13:31:58+00:00 DEBUG Tt4b_Mapi_Class::mapi_post: Response: 

HTTP/1.1 200 OK
Server: nginx
Content-Type: application/json
Content-Length: 92
X-Tt-Logid: 2025010113315891385DBE18EB6DAD1853
Server-Timing: inner; dur=25
x-tt-trace-host: 018e5a586174a888928d793bdac74b79b520593bf434961dbceff88e4b17f9a156820b808a4a3be0c8abb15dee3d9ffef3ac35fa2cde396a98ea445e0b677658b3d468334255c1dca2aa3f0f60fe7ac2f4a2940c1ea1cfc456d46489885794a792
x-tt-trace-id: 00-25010113315891385DBE18EB6DAD1853-0F14FF0A65E86FBB-00
Expires: Wed, 01 Jan 2025 13:31:58 GMT
Cache-Control: max-age=0, no-cache, no-store
Pragma: no-cache
Date: Wed, 01 Jan 2025 13:31:58 GMT
X-Cache: TCP_MISS from a95-101-134-116.deploy.akamaitechnologies.com (AkamaiGHost/11.7.2.1-9611f29bef89eba7b18045b10aa2af98) (-)
Connection: close
x-tt-trace-tag: id=16;cdn-cache=miss;type=dyn
Server-Timing: cdn-cache; desc=MISS, edge; dur=0, origin; dur=109
X-Origin-Response-Time: 109,95.101.134.116
X-Akamai-Request-ID: 28e1f5b4

{"code": 0, "message": "OK", "request_id": "2025010113315891385DBE18EB6DAD1853", "data": {}}
2025-01-01T13:32:04+00:00 DEBUG POST: https://business-api.tiktok.com/open_api/v1.3/event/track/

{"partner_name":"WooCommerce","event_source":"web","event_source_id":"CSM79Q3C77UAG1T340I0","data":[{"event":"Pageview","event_id":"677543d4c5957_tt4b_woocommerce_670666209cf1f","event_time":1735738324,"user":{"ip":"66.249.66.167","user_agent":"Mozilla\/5.0 (Linux; Android 6.0.1; Nexus 5X Build\/MMB29P) AppleWebKit\/537.36 (KHTML, like Gecko) Chrome\/131.0.6778.204 Mobile Safari\/537.36 (compatible; Googlebot\/2.1; +http:\/\/www.google.com\/bot.html)","locale":"ar","external_id":"0","email":"e3b0c44298fc1c149afbf4c8996fb92427ae41e4649b934ca495991b7852b855","phone_number":"e3b0c44298fc1c149afbf4c8996fb92427ae41e4649b934ca495991b7852b855","first_name":"e3b0c44298fc1c149afbf4c8996fb92427ae41e4649b934ca495991b7852b855","last_name":"e3b0c44298fc1c149afbf4c8996fb92427ae41e4649b934ca495991b7852b855","zip_code":"e3b0c44298fc1c149afbf4c8996fb92427ae41e4649b934ca495991b7852b855"},"page":{"url":"http:\/\/www.ibn-sinaa.com\/product-category\/shields-and-gifts\/calendars\/"}}]}
 ajax: no
2025-01-01T13:32:04+00:00 DEBUG Tt4b_Mapi_Class::mapi_post: Response: 

HTTP/1.1 200 OK
Server: nginx
Content-Type: application/json
Content-Length: 92
X-Tt-Logid: 202501011332042A96DF93F4CAC8B14FEF
x-tt-trace-host: 018e5a586174a888928d793bdac74b79b519a86797e72c2eba011e03e23beee17d444056a791a605b86d62f200468073282f0c64d152d5863c3dd6da33b1d49db59d993a838d1c3ed51e96d2f194cff7e355165840a72bea91ef4ee04e746ee0fc25ed32500ba397fd6d4cc6b8bd276b5b
x-tt-trace-id: 00-2501011332042A96DF93F4CAC8B14FEF-7D201DF54A0B69A2-00
X-Origin-Response-Time: 25,23.207.199.51
X-Akamai-Request-ID: e7ec345.28e2f562
Expires: Wed, 01 Jan 2025 13:32:04 GMT
Cache-Control: max-age=0, no-cache, no-store
Pragma: no-cache
Date: Wed, 01 Jan 2025 13:32:04 GMT
X-Cache: TCP_MISS from a95-101-134-116.deploy.akamaitechnologies.com (AkamaiGHost/11.7.2.1-9611f29bef89eba7b18045b10aa2af98) (-)
Connection: close
X-Cache-Remote: TCP_MISS from a23-207-199-51.deploy.akamaitechnologies.com (AkamaiGHost/11.7.2.1-9611f29bef89eba7b18045b10aa2af98) (-)
x-tt-trace-tag: id=16;cdn-cache=miss;type=dyn
Server-Timing: cdn-cache; desc=MISS, edge; dur=83, origin; dur=25
Server-Timing: inner; dur=20
X-Parent-Response-Time: 108,95.101.134.116

{"code": 0, "message": "OK", "request_id": "202501011332042A96DF93F4CAC8B14FEF", "data": {}}
2025-01-01T13:33:56+00:00 DEBUG Tt4b_Pixel_Class::inject_add_to_cart_event: hit AddToCart
2025-01-01T13:33:56+00:00 DEBUG POST: https://business-api.tiktok.com/open_api/v1.3/event/track/

{"partner_name":"WooCommerce","event_source":"web","event_source_id":"CSM79Q3C77UAG1T340I0","data":[{"event":"AddToCart","event_id":"67754444a4a51_tt4b_woocommerce_670666209cf1f_4220","event_time":1735738436,"user":{"ip":"54.36.149.18","user_agent":"Mozilla\/5.0 (compatible; AhrefsBot\/7.0; +http:\/\/ahrefs.com\/robot\/)","locale":"ar","external_id":"0","email":"e3b0c44298fc1c149afbf4c8996fb92427ae41e4649b934ca495991b7852b855","phone_number":"e3b0c44298fc1c149afbf4c8996fb92427ae41e4649b934ca495991b7852b855","first_name":"e3b0c44298fc1c149afbf4c8996fb92427ae41e4649b934ca495991b7852b855","last_name":"e3b0c44298fc1c149afbf4c8996fb92427ae41e4649b934ca495991b7852b855","zip_code":"e3b0c44298fc1c149afbf4c8996fb92427ae41e4649b934ca495991b7852b855"},"properties":{"contents":[{"price":120,"quantity":1,"content_id":"4220","content_name":"\u0645\u062c\u0645\u0648\u0639\u0629 \u0627\u0644\u0645\u0639\u0644\u0645","description":"\u0627\u062c\u0639\u0644 \u064a\u0648\u0645\u0643 \u0627\u0644\u062f\u0631\u0627\u0633\u064a \u0623\u0643\u062b\u0631 \u062a\u0646\u0638\u064a\u0645\u064b\u0627 \u0648\u0641\u0627\u0639\u0644\u064a\u0629 \u0645\u0639 \u0645\u062c\u0645\u0648\u0639\u0647 \u0627\u0644\u0645\u0639\u0644\u0645 \u0645\u0646 \u0645\u062a\u062c\u0631 \u0645\u0643\u062a\u0628\u0629 \u0627\u0628\u0646 \u0633\u064a\u0646\u0627 \u0627\u0644\u0625\u0644\u0643\u062a\u0631\u0648\u0646\u064a. \u0647\u0630\u0647 \u0627\u0644\u0645\u062c\u0645\u0648\u0639\u0629 \u0627\u0644\u0645\u0635\u0645\u0645\u0629 \u062e\u0635\u064a\u0635\u064b\u0627 \u0644\u0644\u0645\u062f\u0631\u0633\u064a\u0646 \u062a\u062d\u062a\u0648\u064a \u0639\u0644\u0649 \u0643\u0644 \u0645\u0627 \u064a\u062d\u062a\u0627\u062c\u0648\u0646\u0647 \u0644\u0625\u062f\u0627\u0631\u0629 \u0648\u062a\u0646\u0638\u064a\u0645 \u064a\u0648\u0645\u0647\u0645 \u0627\u0644\u062f\u0631\u0627\u0633\u064a \u0628\u0623\u0641\u0636\u0644 \u0635\u0648\u0631\u0629 \u0645\u0645\u0643\u0646\u0629.","availability":"IN_STOCK","sale_price":120,"on_sale":false}],"content_type":"product","currency":"SAR","value":120,"event_trigger_source":"WooCommerce"},"page":{"url":"http:\/\/mail.ibn-sinaa.com\/product-tag\/%D9%85%D8%AA%D8%AC%D8%B1-%D8%B1%D9%82%D9%85%D9%8A-%D9%84%D9%84%D8%B3%D8%AC%D9%84%D8%A7%D8%AA-%D8%A7%D9%84%D9%85%D8%AF%D8%B1%D8%B3%D9%8A%D8%A9\/page\/2\/?add-to-cart=4220"}}]}
 ajax: no
2025-01-01T13:33:56+00:00 DEBUG Tt4b_Mapi_Class::mapi_post: Response: 

HTTP/1.1 200 OK
Server: nginx
Content-Type: application/json
Content-Length: 92
X-Tt-Logid: 20250101133356FE57FF6331F39DACF6DA
x-tt-trace-host: 018e5a586174a888928d793bdac74b79b56517d7628cf0ffdff56b078ad2cf5615c17ea4b73a8f8fa7a2a4934e6fae562f8cb2c9552bae71b78f2863b4cb264e6e55d97b62379f96a146ce3d62034ba0f52fa7ec9f15ea49b5dc7ed7fe8bb8e862e17f28baf2c1588fbcae03547706f6d4
x-tt-trace-id: 00-250101133356FE57FF6331F39DACF6DA-01EA24981425C7AA-00
X-Origin-Response-Time: 32,23.207.199.104
X-Akamai-Request-ID: 43b3835.2ef4dfc6
Expires: Wed, 01 Jan 2025 13:33:56 GMT
Cache-Control: max-age=0, no-cache, no-store
Pragma: no-cache
Date: Wed, 01 Jan 2025 13:33:56 GMT
X-Cache: TCP_MISS from a95-101-134-92.deploy.akamaitechnologies.com (AkamaiGHost/11.7.2.1-9611f29bef89eba7b18045b10aa2af98) (-)
Connection: close
X-Cache-Remote: TCP_MISS from a23-207-199-104.deploy.akamaitechnologies.com (AkamaiGHost/11.7.2.1-9611f29bef89eba7b18045b10aa2af98) (-)
x-tt-trace-tag: id=16;cdn-cache=miss;type=dyn
Server-Timing: cdn-cache; desc=MISS, edge; dur=93, origin; dur=31
Server-Timing: inner; dur=28
X-Parent-Response-Time: 124,95.101.134.92

{"code": 0, "message": "OK", "request_id": "20250101133356FE57FF6331F39DACF6DA", "data": {}}
2025-01-01T13:33:57+00:00 DEBUG POST: https://business-api.tiktok.com/open_api/v1.3/event/track/

{"partner_name":"WooCommerce","event_source":"web","event_source_id":"CSM79Q3C77UAG1T340I0","data":[{"event":"Pageview","event_id":"677544452465a_tt4b_woocommerce_670666209cf1f","event_time":1735738437,"user":{"ip":"54.36.149.18","user_agent":"Mozilla\/5.0 (compatible; AhrefsBot\/7.0; +http:\/\/ahrefs.com\/robot\/)","locale":"ar","external_id":"0","email":"e3b0c44298fc1c149afbf4c8996fb92427ae41e4649b934ca495991b7852b855","phone_number":"e3b0c44298fc1c149afbf4c8996fb92427ae41e4649b934ca495991b7852b855","first_name":"e3b0c44298fc1c149afbf4c8996fb92427ae41e4649b934ca495991b7852b855","last_name":"e3b0c44298fc1c149afbf4c8996fb92427ae41e4649b934ca495991b7852b855","zip_code":"e3b0c44298fc1c149afbf4c8996fb92427ae41e4649b934ca495991b7852b855"},"page":{"url":"http:\/\/mail.ibn-sinaa.com\/product-tag\/%D9%85%D8%AA%D8%AC%D8%B1-%D8%B1%D9%82%D9%85%D9%8A-%D9%84%D9%84%D8%B3%D8%AC%D9%84%D8%A7%D8%AA-%D8%A7%D9%84%D9%85%D8%AF%D8%B1%D8%B3%D9%8A%D8%A9\/page\/2\/?add-to-cart=4220"}}]}
 ajax: no
2025-01-01T13:33:57+00:00 DEBUG Tt4b_Mapi_Class::mapi_post: Response: 

HTTP/1.1 200 OK
Server: nginx
Content-Type: application/json
Content-Length: 92
X-Tt-Logid: 2025010113335740FF3B9FF34CB6220D72
Server-Timing: inner; dur=37
x-tt-trace-host: 018e5a586174a888928d793bdac74b79b520593bf434961dbceff88e4b17f9a1569d349bb66677eecc6a9efeb733bed605100ee65e230418f33472f63ce3206739b416bc955d73627747ac21b1e604e79dd5883e33e2793fe109aa7ad6318d0ce1
x-tt-trace-id: 00-25010113335740FF3B9FF34CB6220D72-0F8007DD238B4A47-00
Expires: Wed, 01 Jan 2025 13:33:57 GMT
Cache-Control: max-age=0, no-cache, no-store
Pragma: no-cache
Date: Wed, 01 Jan 2025 13:33:57 GMT
X-Cache: TCP_MISS from a95-101-134-116.deploy.akamaitechnologies.com (AkamaiGHost/11.7.2.1-9611f29bef89eba7b18045b10aa2af98) (-)
Connection: close
x-tt-trace-tag: id=16;cdn-cache=miss;type=dyn
Server-Timing: cdn-cache; desc=MISS, edge; dur=2, origin; dur=125
X-Origin-Response-Time: 125,95.101.134.116
X-Akamai-Request-ID: 28f3e56d

{"code": 0, "message": "OK", "request_id": "2025010113335740FF3B9FF34CB6220D72", "data": {}}
2025-01-01T13:37:25+00:00 DEBUG Tt4b_Pixel_Class::inject_add_to_cart_event: hit AddToCart
2025-01-01T13:37:25+00:00 DEBUG POST: https://business-api.tiktok.com/open_api/v1.3/event/track/

{"partner_name":"WooCommerce","event_source":"web","event_source_id":"CSM79Q3C77UAG1T340I0","data":[{"event":"AddToCart","event_id":"67754515e3b75_tt4b_woocommerce_670666209cf1f_4125","event_time":1735738645,"user":{"ip":"54.36.148.128","user_agent":"Mozilla\/5.0 (compatible; AhrefsBot\/7.0; +http:\/\/ahrefs.com\/robot\/)","locale":"ar","external_id":"0","email":"e3b0c44298fc1c149afbf4c8996fb92427ae41e4649b934ca495991b7852b855","phone_number":"e3b0c44298fc1c149afbf4c8996fb92427ae41e4649b934ca495991b7852b855","first_name":"e3b0c44298fc1c149afbf4c8996fb92427ae41e4649b934ca495991b7852b855","last_name":"e3b0c44298fc1c149afbf4c8996fb92427ae41e4649b934ca495991b7852b855","zip_code":"e3b0c44298fc1c149afbf4c8996fb92427ae41e4649b934ca495991b7852b855"},"properties":{"contents":[{"price":65,"quantity":1,"content_id":"4125","content_name":"\u0633\u062c\u0644\u0627\u062a \u0645\u0627\u062f\u0629 \u0627\u0644\u0641\u064a\u0632\u064a\u0627\u0621","description":". \u0637\u0628\u0627\u0639\u0647 \u0633\u062c\u0644\u0627\u062a \u0645\u062f\u0631\u0633\u064a\u0629 \u0627\u062d\u062a\u0631\u0627\u0641\u064a\u0629 \u062e\u0627\u0645\u062a\u0647\u0627 \u0643\u0631\u062a\u0648\u0646 2000 \u062c\u0631\u0627\u0645,\u062a\u0636\u0627\u0641 \u0637\u0628\u0642\u0629 \u062d\u0645\u0627\u064a\u0647 \u0627\u0633\u062a\u064a\u0643\u0631 \u0645\u0639 \u0633\u0644\u0648\u0641\u0627\u0646 \u0644\u0627\u0645\u0639.\r\n. \u0645\u062a\u0648\u0641\u0631 \u0628 \u0627\u062d\u062c\u0627\u0645 \u0645\u062e\u062a\u0644\u0641\u0647 ( \u0635\u063a\u064a\u0631, \u0648\u0633\u0637 , \u0643\u0628\u064a\u0631 ).\r\n. \u064a\u062a\u0633\u0639 \u0627\u0644\u0645\u0642\u0627\u0633 \u0627\u0644\u0635\u063a\u064a\u0631 ( \u0645\u0646 50 \u0627\u0644\u0649 150 \u0648\u0631\u0642\u0629 )\r\n. \u064a\u062a\u0633\u0639 \u0627\u0644\u0648\u0633\u0637 ( \u0645\u0646 150 \u0627\u0644\u0649 300 \u0648\u0631\u0642\u0629 )\r\n. \u0627\u0644\u0643\u0628\u064a\u0631 ( \u0645\u0646 300 \u0627\u0644\u0649 400 \u0648\u0631\u0642\u0629 ).\r\n. \u0645\u062f\u0629 \u0627\u0644\u062a\u0646\u0641\u064a\u0630 : 3-5 \u0627\u064a\u0627\u0645 \u0648\u062a\u0632\u064a\u062f \u0627\u0644\u0645\u062f\u0629 \u0639\u0646 \u0637\u0644\u0628 \u0627\u0644\u0634\u062d\u0646.","availability":"IN_STOCK","sale_price":65,"on_sale":false}],"content_type":"product","currency":"SAR","value":65,"event_trigger_source":"WooCommerce"},"page":{"url":"http:\/\/ibn-sinaa.com\/product-tag\/%D8%AA%D8%B5%D9%85%D9%8A%D9%85-%D8%BA%D9%84%D8%A7%D9%81-%D8%B3%D8%AC%D9%84%D8%A7%D8%AA-%D9%85%D8%AF%D8%B1%D8%B3%D9%8A%D8%A9\/page\/2\/?add-to-cart=4125"}}]}
 ajax: no
2025-01-01T13:37:26+00:00 DEBUG Tt4b_Mapi_Class::mapi_post: Response: 

HTTP/1.1 200 OK
Server: nginx
Content-Type: application/json
Content-Length: 92
X-Tt-Logid: 2025010113372660FD8C34B706343D4980
x-tt-trace-host: 018e5a586174a888928d793bdac74b79b519a86797e72c2eba011e03e23beee17d2084cb681579942df39b264b25df06a2ba0386afb0ae1963923964b680d17c88c4ad9cc0fe7b96c47b4a79f1990fb212fc111227606505da48e4d87a17a774274ebf135bc9dc71981ac99ae9d27aaece
x-tt-trace-id: 00-25010113372660FD8C34B706343D4980-66F5405B54C3D229-00
X-Origin-Response-Time: 30,23.218.219.40
X-Akamai-Request-ID: d62cabb.29119587
Expires: Wed, 01 Jan 2025 13:37:26 GMT
Cache-Control: max-age=0, no-cache, no-store
Pragma: no-cache
Date: Wed, 01 Jan 2025 13:37:26 GMT
X-Cache: TCP_MISS from a95-101-134-116.deploy.akamaitechnologies.com (AkamaiGHost/11.7.2.1-9611f29bef89eba7b18045b10aa2af98) (-)
Connection: close
X-Cache-Remote: TCP_MISS from a23-218-219-40.deploy.akamaitechnologies.com (AkamaiGHost/11.7.2.1-9611f29bef89eba7b18045b10aa2af98) (-)
x-tt-trace-tag: id=16;cdn-cache=miss;type=dyn
Server-Timing: cdn-cache; desc=MISS, edge; dur=86, origin; dur=30
Server-Timing: inner; dur=27
X-Parent-Response-Time: 112,95.101.134.116

{"code": 0, "message": "OK", "request_id": "2025010113372660FD8C34B706343D4980", "data": {}}
2025-01-01T13:37:26+00:00 DEBUG POST: https://business-api.tiktok.com/open_api/v1.3/event/track/

{"partner_name":"WooCommerce","event_source":"web","event_source_id":"CSM79Q3C77UAG1T340I0","data":[{"event":"Pageview","event_id":"6775451660e77_tt4b_woocommerce_670666209cf1f","event_time":1735738646,"user":{"ip":"54.36.148.128","user_agent":"Mozilla\/5.0 (compatible; AhrefsBot\/7.0; +http:\/\/ahrefs.com\/robot\/)","locale":"ar","external_id":"0","email":"e3b0c44298fc1c149afbf4c8996fb92427ae41e4649b934ca495991b7852b855","phone_number":"e3b0c44298fc1c149afbf4c8996fb92427ae41e4649b934ca495991b7852b855","first_name":"e3b0c44298fc1c149afbf4c8996fb92427ae41e4649b934ca495991b7852b855","last_name":"e3b0c44298fc1c149afbf4c8996fb92427ae41e4649b934ca495991b7852b855","zip_code":"e3b0c44298fc1c149afbf4c8996fb92427ae41e4649b934ca495991b7852b855"},"page":{"url":"http:\/\/ibn-sinaa.com\/product-tag\/%D8%AA%D8%B5%D9%85%D9%8A%D9%85-%D8%BA%D9%84%D8%A7%D9%81-%D8%B3%D8%AC%D9%84%D8%A7%D8%AA-%D9%85%D8%AF%D8%B1%D8%B3%D9%8A%D8%A9\/page\/2\/?add-to-cart=4125"}}]}
 ajax: no
2025-01-01T13:37:26+00:00 DEBUG Tt4b_Mapi_Class::mapi_post: Response: 

HTTP/1.1 200 OK
Server: nginx
Content-Type: application/json
Content-Length: 92
X-Tt-Logid: 20250101133726DA3ADE6844DAB8CCFAD1
Server-Timing: inner; dur=21
x-tt-trace-host: 018e5a586174a888928d793bdac74b79b520593bf434961dbceff88e4b17f9a156cd784ab054ec2e85f9462a5b609ec25bbbb3c15373494edd0cbfdf70d533b8ce7e50a6bf258f603477581cadd3e1f53032e3ee14a2f91401d6b87b2d43de8e43
x-tt-trace-id: 00-250101133726DA3ADE6844DAB8CCFAD1-32667E2463E6D835-00
Expires: Wed, 01 Jan 2025 13:37:26 GMT
Cache-Control: max-age=0, no-cache, no-store
Pragma: no-cache
Date: Wed, 01 Jan 2025 13:37:26 GMT
X-Cache: TCP_MISS from a95-101-134-116.deploy.akamaitechnologies.com (AkamaiGHost/11.7.2.1-9611f29bef89eba7b18045b10aa2af98) (-)
Connection: close
x-tt-trace-tag: id=16;cdn-cache=miss;type=dyn
Server-Timing: cdn-cache; desc=MISS, edge; dur=1, origin; dur=101
X-Origin-Response-Time: 102,95.101.134.116
X-Akamai-Request-ID: 2911a23b

{"code": 0, "message": "OK", "request_id": "20250101133726DA3ADE6844DAB8CCFAD1", "data": {}}
2025-01-01T13:38:20+00:00 DEBUG POST: https://business-api.tiktok.com/open_api/v1.3/event/track/

{"partner_name":"WooCommerce","event_source":"web","event_source_id":"CSM79Q3C77UAG1T340I0","data":[{"event":"Pageview","event_id":"6775454c4de45_tt4b_woocommerce_670666209cf1f","event_time":1735738700,"user":{"ip":"66.249.66.19","user_agent":"Mozilla\/5.0 (Linux; Android 6.0.1; Nexus 5X Build\/MMB29P) AppleWebKit\/537.36 (KHTML, like Gecko) Chrome\/131.0.6778.139 Mobile Safari\/537.36 (compatible; Googlebot\/2.1; +http:\/\/www.google.com\/bot.html)","locale":"ar","external_id":"0","email":"e3b0c44298fc1c149afbf4c8996fb92427ae41e4649b934ca495991b7852b855","phone_number":"e3b0c44298fc1c149afbf4c8996fb92427ae41e4649b934ca495991b7852b855","first_name":"e3b0c44298fc1c149afbf4c8996fb92427ae41e4649b934ca495991b7852b855","last_name":"e3b0c44298fc1c149afbf4c8996fb92427ae41e4649b934ca495991b7852b855","zip_code":"e3b0c44298fc1c149afbf4c8996fb92427ae41e4649b934ca495991b7852b855"},"page":{"url":"http:\/\/mail.ibn-sinaa.com\/"}}]}
 ajax: no
2025-01-01T13:38:20+00:00 DEBUG Tt4b_Mapi_Class::mapi_post: Response: 

HTTP/1.1 200 OK
Server: nginx
Content-Type: application/json
Content-Length: 92
X-Tt-Logid: 20250101133820B3321CCD7ECD37CBDC83
x-tt-trace-host: 018e5a586174a888928d793bdac74b79b519a86797e72c2eba011e03e23beee17df622d25282f1d335fb16598a338d7c6331144c8c4c73dff61155d75faa7f50e186d9256b78c21c24937af2f17664a93a05c319ed1a2209d82946fea1fa4c61b217bdbd2e7b4edfa9b15a23a4ff44fbeb
x-tt-trace-id: 00-250101133820B3321CCD7ECD37CBDC83-3B883AE72E8DF048-00
X-Origin-Response-Time: 27,23.218.219.30
X-Akamai-Request-ID: 3a86235e.29181a1e
Expires: Wed, 01 Jan 2025 13:38:20 GMT
Cache-Control: max-age=0, no-cache, no-store
Pragma: no-cache
Date: Wed, 01 Jan 2025 13:38:20 GMT
X-Cache: TCP_MISS from a95-101-134-116.deploy.akamaitechnologies.com (AkamaiGHost/11.7.2.1-9611f29bef89eba7b18045b10aa2af98) (-)
Connection: close
X-Cache-Remote: TCP_MISS from a23-218-219-30.deploy.akamaitechnologies.com (AkamaiGHost/11.7.2.1-9611f29bef89eba7b18045b10aa2af98) (-)
x-tt-trace-tag: id=16;cdn-cache=miss;type=dyn
Server-Timing: cdn-cache; desc=MISS, edge; dur=80, origin; dur=27
Server-Timing: inner; dur=24
X-Parent-Response-Time: 106,95.101.134.116

{"code": 0, "message": "OK", "request_id": "20250101133820B3321CCD7ECD37CBDC83", "data": {}}
2025-01-01T13:39:27+00:00 DEBUG Tt4b_Pixel_Class::inject_add_to_cart_event: hit AddToCart
2025-01-01T13:39:27+00:00 DEBUG POST: https://business-api.tiktok.com/open_api/v1.3/event/track/

{"partner_name":"WooCommerce","event_source":"web","event_source_id":"CSM79Q3C77UAG1T340I0","data":[{"event":"AddToCart","event_id":"6775458fb466a_tt4b_woocommerce_670666209cf1f_4220","event_time":1735738767,"user":{"ip":"54.36.149.64","user_agent":"Mozilla\/5.0 (compatible; AhrefsBot\/7.0; +http:\/\/ahrefs.com\/robot\/)","locale":"ar","external_id":"0","email":"e3b0c44298fc1c149afbf4c8996fb92427ae41e4649b934ca495991b7852b855","phone_number":"e3b0c44298fc1c149afbf4c8996fb92427ae41e4649b934ca495991b7852b855","first_name":"e3b0c44298fc1c149afbf4c8996fb92427ae41e4649b934ca495991b7852b855","last_name":"e3b0c44298fc1c149afbf4c8996fb92427ae41e4649b934ca495991b7852b855","zip_code":"e3b0c44298fc1c149afbf4c8996fb92427ae41e4649b934ca495991b7852b855"},"properties":{"contents":[{"price":120,"quantity":1,"content_id":"4220","content_name":"\u0645\u062c\u0645\u0648\u0639\u0629 \u0627\u0644\u0645\u0639\u0644\u0645","description":"\u0627\u062c\u0639\u0644 \u064a\u0648\u0645\u0643 \u0627\u0644\u062f\u0631\u0627\u0633\u064a \u0623\u0643\u062b\u0631 \u062a\u0646\u0638\u064a\u0645\u064b\u0627 \u0648\u0641\u0627\u0639\u0644\u064a\u0629 \u0645\u0639 \u0645\u062c\u0645\u0648\u0639\u0647 \u0627\u0644\u0645\u0639\u0644\u0645 \u0645\u0646 \u0645\u062a\u062c\u0631 \u0645\u0643\u062a\u0628\u0629 \u0627\u0628\u0646 \u0633\u064a\u0646\u0627 \u0627\u0644\u0625\u0644\u0643\u062a\u0631\u0648\u0646\u064a. \u0647\u0630\u0647 \u0627\u0644\u0645\u062c\u0645\u0648\u0639\u0629 \u0627\u0644\u0645\u0635\u0645\u0645\u0629 \u062e\u0635\u064a\u0635\u064b\u0627 \u0644\u0644\u0645\u062f\u0631\u0633\u064a\u0646 \u062a\u062d\u062a\u0648\u064a \u0639\u0644\u0649 \u0643\u0644 \u0645\u0627 \u064a\u062d\u062a\u0627\u062c\u0648\u0646\u0647 \u0644\u0625\u062f\u0627\u0631\u0629 \u0648\u062a\u0646\u0638\u064a\u0645 \u064a\u0648\u0645\u0647\u0645 \u0627\u0644\u062f\u0631\u0627\u0633\u064a \u0628\u0623\u0641\u0636\u0644 \u0635\u0648\u0631\u0629 \u0645\u0645\u0643\u0646\u0629.","availability":"IN_STOCK","sale_price":120,"on_sale":false}],"content_type":"product","currency":"SAR","value":120,"event_trigger_source":"WooCommerce"},"page":{"url":"http:\/\/ibn-sinaa.com\/product-tag\/%D8%AA%D8%B5%D9%85%D9%8A%D9%85-%D8%BA%D9%84%D8%A7%D9%81-%D8%B3%D8%AC%D9%84%D8%A7%D8%AA-%D9%85%D8%AF%D8%B1%D8%B3%D9%8A%D8%A9\/page\/2\/?add-to-cart=4220"}}]}
 ajax: no
2025-01-01T13:39:27+00:00 DEBUG Tt4b_Mapi_Class::mapi_post: Response: 

HTTP/1.1 200 OK
Server: nginx
Content-Type: application/json
Content-Length: 92
X-Tt-Logid: 2025010113392761F0B132F7E8E5CF9947
x-tt-trace-host: 018e5a586174a888928d793bdac74b79b56517d7628cf0ffdff56b078ad2cf56158ccb92f263344b5cc8b9887bfee9c98e1a22b85e92ae6f6500bf46b40777691487412f4af0206522f5d6ea914cab08730b29cf2733f6656c09f3ec11cbcac485352d54fb1cc30e8050a6323fefb0a98c
x-tt-trace-id: 00-25010113392761F0B132F7E8E5CF9947-72C92C9940B42B21-00
X-Origin-Response-Time: 31,23.207.199.113
X-Akamai-Request-ID: cba527.2f2316bb
Expires: Wed, 01 Jan 2025 13:39:27 GMT
Cache-Control: max-age=0, no-cache, no-store
Pragma: no-cache
Date: Wed, 01 Jan 2025 13:39:27 GMT
X-Cache: TCP_MISS from a95-101-134-92.deploy.akamaitechnologies.com (AkamaiGHost/11.7.2.1-9611f29bef89eba7b18045b10aa2af98) (-)
Connection: close
X-Cache-Remote: TCP_MISS from a23-207-199-113.deploy.akamaitechnologies.com (AkamaiGHost/11.7.2.1-9611f29bef89eba7b18045b10aa2af98) (-)
x-tt-trace-tag: id=16;cdn-cache=miss;type=dyn
Server-Timing: cdn-cache; desc=MISS, edge; dur=88, origin; dur=30
Server-Timing: inner; dur=25
X-Parent-Response-Time: 118,95.101.134.92

{"code": 0, "message": "OK", "request_id": "2025010113392761F0B132F7E8E5CF9947", "data": {}}
2025-01-01T13:39:28+00:00 DEBUG POST: https://business-api.tiktok.com/open_api/v1.3/event/track/

{"partner_name":"WooCommerce","event_source":"web","event_source_id":"CSM79Q3C77UAG1T340I0","data":[{"event":"Pageview","event_id":"6775459029a91_tt4b_woocommerce_670666209cf1f","event_time":1735738768,"user":{"ip":"54.36.149.64","user_agent":"Mozilla\/5.0 (compatible; AhrefsBot\/7.0; +http:\/\/ahrefs.com\/robot\/)","locale":"ar","external_id":"0","email":"e3b0c44298fc1c149afbf4c8996fb92427ae41e4649b934ca495991b7852b855","phone_number":"e3b0c44298fc1c149afbf4c8996fb92427ae41e4649b934ca495991b7852b855","first_name":"e3b0c44298fc1c149afbf4c8996fb92427ae41e4649b934ca495991b7852b855","last_name":"e3b0c44298fc1c149afbf4c8996fb92427ae41e4649b934ca495991b7852b855","zip_code":"e3b0c44298fc1c149afbf4c8996fb92427ae41e4649b934ca495991b7852b855"},"page":{"url":"http:\/\/ibn-sinaa.com\/product-tag\/%D8%AA%D8%B5%D9%85%D9%8A%D9%85-%D8%BA%D9%84%D8%A7%D9%81-%D8%B3%D8%AC%D9%84%D8%A7%D8%AA-%D9%85%D8%AF%D8%B1%D8%B3%D9%8A%D8%A9\/page\/2\/?add-to-cart=4220"}}]}
 ajax: no
2025-01-01T13:39:28+00:00 DEBUG Tt4b_Mapi_Class::mapi_post: Response: 

HTTP/1.1 200 OK
Server: nginx
Content-Type: application/json
Content-Length: 92
X-Tt-Logid: 20250101133928E644BFC3BB7360AACA3B
x-tt-trace-host: 018e5a586174a888928d793bdac74b79b5b3c46136d344bf46da72cca5a862092e3bb5332c6fd79d616c11fc9e99ecd08a6e4c301d43238e796ba88da097a1b53dc5880f9241f70696e2862b655d32245a0b8dbef050f2bb6cdab2f2c3071eb4a51553a5cd611692d2e979b437b7250ba2
x-tt-trace-id: 00-250101133928E644BFC3BB7360AACA3B-3590A1712A7A08E0-00
X-Origin-Response-Time: 30,23.218.219.21
X-Akamai-Request-ID: 34267258.3934eeef
Expires: Wed, 01 Jan 2025 13:39:28 GMT
Cache-Control: max-age=0, no-cache, no-store
Pragma: no-cache
Date: Wed, 01 Jan 2025 13:39:28 GMT
X-Cache: TCP_MISS from a95-101-134-30.deploy.akamaitechnologies.com (AkamaiGHost/11.7.2.1-9611f29bef89eba7b18045b10aa2af98) (-)
Connection: close
X-Cache-Remote: TCP_MISS from a23-218-219-21.deploy.akamaitechnologies.com (AkamaiGHost/11.7.2.1-9611f29bef89eba7b18045b10aa2af98) (-)
x-tt-trace-tag: id=16;cdn-cache=miss;type=dyn
Server-Timing: cdn-cache; desc=MISS, edge; dur=122, origin; dur=30
Server-Timing: inner; dur=26
X-Parent-Response-Time: 140,95.101.134.30

{"code": 0, "message": "OK", "request_id": "20250101133928E644BFC3BB7360AACA3B", "data": {}}
2025-01-01T13:41:32+00:00 DEBUG POST: https://business-api.tiktok.com/open_api/v1.3/event/track/

{"partner_name":"WooCommerce","event_source":"web","event_source_id":"CSM79Q3C77UAG1T340I0","data":[{"event":"Pageview","event_id":"6775460c777f3_tt4b_woocommerce_670666209cf1f","event_time":1735738892,"user":{"ip":"66.249.81.228","user_agent":"Chrome Privacy Preserving Prefetch Proxy","locale":"ar","external_id":"0","email":"e3b0c44298fc1c149afbf4c8996fb92427ae41e4649b934ca495991b7852b855","phone_number":"e3b0c44298fc1c149afbf4c8996fb92427ae41e4649b934ca495991b7852b855","first_name":"e3b0c44298fc1c149afbf4c8996fb92427ae41e4649b934ca495991b7852b855","last_name":"e3b0c44298fc1c149afbf4c8996fb92427ae41e4649b934ca495991b7852b855","zip_code":"e3b0c44298fc1c149afbf4c8996fb92427ae41e4649b934ca495991b7852b855"},"page":{"url":"http:\/\/www.ibn-sinaa.com\/.well-known\/traffic-advice"}}]}
 ajax: no
2025-01-01T13:41:32+00:00 DEBUG Tt4b_Mapi_Class::mapi_post: Response: 

HTTP/1.1 200 OK
Server: nginx
Content-Type: application/json
Content-Length: 92
X-Tt-Logid: 202501011341326B1B739E3131662A3C25
Server-Timing: inner; dur=28
x-tt-trace-host: 018e5a586174a888928d793bdac74b79b520593bf434961dbceff88e4b17f9a156cfbd3a6f6b12565f99f6377f6dbde04b5793138dd9ca10ba41402113e53c052cf6dc4ac66f58aac47d9114526b1acebe883f19cb97428ce412528c0387868446
x-tt-trace-id: 00-2501011341326B1B739E3131662A3C25-38F4A77217EDAC6E-00
Expires: Wed, 01 Jan 2025 13:41:32 GMT
Cache-Control: max-age=0, no-cache, no-store
Pragma: no-cache
Date: Wed, 01 Jan 2025 13:41:32 GMT
X-Cache: TCP_MISS from a95-101-134-116.deploy.akamaitechnologies.com (AkamaiGHost/11.7.2.1-9611f29bef89eba7b18045b10aa2af98) (-)
Connection: close
x-tt-trace-tag: id=16;cdn-cache=miss;type=dyn
Server-Timing: cdn-cache; desc=MISS, edge; dur=0, origin; dur=108
X-Origin-Response-Time: 108,95.101.134.116
X-Akamai-Request-ID: 2931e163

{"code": 0, "message": "OK", "request_id": "202501011341326B1B739E3131662A3C25", "data": {}}
2025-01-01T13:43:03+00:00 DEBUG Tt4b_Pixel_Class::inject_add_to_cart_event: hit AddToCart
2025-01-01T13:43:03+00:00 DEBUG POST: https://business-api.tiktok.com/open_api/v1.3/event/track/

{"partner_name":"WooCommerce","event_source":"web","event_source_id":"CSM79Q3C77UAG1T340I0","data":[{"event":"AddToCart","event_id":"677546678bd64_tt4b_woocommerce_670666209cf1f_4220","event_time":1735738983,"user":{"ip":"54.36.148.160","user_agent":"Mozilla\/5.0 (compatible; AhrefsBot\/7.0; +http:\/\/ahrefs.com\/robot\/)","locale":"ar","external_id":"0","email":"e3b0c44298fc1c149afbf4c8996fb92427ae41e4649b934ca495991b7852b855","phone_number":"e3b0c44298fc1c149afbf4c8996fb92427ae41e4649b934ca495991b7852b855","first_name":"e3b0c44298fc1c149afbf4c8996fb92427ae41e4649b934ca495991b7852b855","last_name":"e3b0c44298fc1c149afbf4c8996fb92427ae41e4649b934ca495991b7852b855","zip_code":"e3b0c44298fc1c149afbf4c8996fb92427ae41e4649b934ca495991b7852b855"},"properties":{"contents":[{"price":120,"quantity":1,"content_id":"4220","content_name":"\u0645\u062c\u0645\u0648\u0639\u0629 \u0627\u0644\u0645\u0639\u0644\u0645","description":"\u0627\u062c\u0639\u0644 \u064a\u0648\u0645\u0643 \u0627\u0644\u062f\u0631\u0627\u0633\u064a \u0623\u0643\u062b\u0631 \u062a\u0646\u0638\u064a\u0645\u064b\u0627 \u0648\u0641\u0627\u0639\u0644\u064a\u0629 \u0645\u0639 \u0645\u062c\u0645\u0648\u0639\u0647 \u0627\u0644\u0645\u0639\u0644\u0645 \u0645\u0646 \u0645\u062a\u062c\u0631 \u0645\u0643\u062a\u0628\u0629 \u0627\u0628\u0646 \u0633\u064a\u0646\u0627 \u0627\u0644\u0625\u0644\u0643\u062a\u0631\u0648\u0646\u064a. \u0647\u0630\u0647 \u0627\u0644\u0645\u062c\u0645\u0648\u0639\u0629 \u0627\u0644\u0645\u0635\u0645\u0645\u0629 \u062e\u0635\u064a\u0635\u064b\u0627 \u0644\u0644\u0645\u062f\u0631\u0633\u064a\u0646 \u062a\u062d\u062a\u0648\u064a \u0639\u0644\u0649 \u0643\u0644 \u0645\u0627 \u064a\u062d\u062a\u0627\u062c\u0648\u0646\u0647 \u0644\u0625\u062f\u0627\u0631\u0629 \u0648\u062a\u0646\u0638\u064a\u0645 \u064a\u0648\u0645\u0647\u0645 \u0627\u0644\u062f\u0631\u0627\u0633\u064a \u0628\u0623\u0641\u0636\u0644 \u0635\u0648\u0631\u0629 \u0645\u0645\u0643\u0646\u0629.","availability":"IN_STOCK","sale_price":120,"on_sale":false}],"content_type":"product","currency":"SAR","value":120,"event_trigger_source":"WooCommerce"},"page":{"url":"http:\/\/ibn-sinaa.com\/product-tag\/%D8%B3%D8%AC%D9%84%D8%A7%D8%AA-%D9%85%D8%AF%D9%8A%D8%B1-%D8%A7%D9%84%D9%85%D8%AF%D8%B1%D8%B3%D8%A9\/page\/2\/?add-to-cart=4220"}}]}
 ajax: no
2025-01-01T13:43:03+00:00 DEBUG Tt4b_Mapi_Class::mapi_post: Response: 

HTTP/1.1 200 OK
Server: nginx
Content-Type: application/json
Content-Length: 92
X-Tt-Logid: 20250101134303E490ED704173D7CC2FD8
x-tt-trace-host: 018e5a586174a888928d793bdac74b79b56517d7628cf0ffdff56b078ad2cf5615577e1e1535dc3e087ee70d52a758e6d4e35daed423633be748f7ea6f91cd0233d54b5258ff61d323e58bcd6d89e4c0a9324e8241b6ffc9bc2f2467c40e7a404c88d301dca886c72bee0c048bc15672eb
x-tt-trace-id: 00-250101134303E490ED704173D7CC2FD8-08D7D56E32F2AD22-00
X-Origin-Response-Time: 31,23.218.219.13
X-Akamai-Request-ID: f79a9ac.2f3efa5a
Expires: Wed, 01 Jan 2025 13:43:03 GMT
Cache-Control: max-age=0, no-cache, no-store
Pragma: no-cache
Date: Wed, 01 Jan 2025 13:43:03 GMT
X-Cache: TCP_MISS from a95-101-134-92.deploy.akamaitechnologies.com (AkamaiGHost/11.7.2.1-9611f29bef89eba7b18045b10aa2af98) (-)
Connection: close
X-Cache-Remote: TCP_MISS from a23-218-219-13.deploy.akamaitechnologies.com (AkamaiGHost/11.7.2.1-9611f29bef89eba7b18045b10aa2af98) (-)
x-tt-trace-tag: id=16;cdn-cache=miss;type=dyn
Server-Timing: cdn-cache; desc=MISS, edge; dur=85, origin; dur=31
Server-Timing: inner; dur=28
X-Parent-Response-Time: 113,95.101.134.92

{"code": 0, "message": "OK", "request_id": "20250101134303E490ED704173D7CC2FD8", "data": {}}
2025-01-01T13:43:04+00:00 DEBUG POST: https://business-api.tiktok.com/open_api/v1.3/event/track/

{"partner_name":"WooCommerce","event_source":"web","event_source_id":"CSM79Q3C77UAG1T340I0","data":[{"event":"Pageview","event_id":"6775466808922_tt4b_woocommerce_670666209cf1f","event_time":1735738984,"user":{"ip":"54.36.148.160","user_agent":"Mozilla\/5.0 (compatible; AhrefsBot\/7.0; +http:\/\/ahrefs.com\/robot\/)","locale":"ar","external_id":"0","email":"e3b0c44298fc1c149afbf4c8996fb92427ae41e4649b934ca495991b7852b855","phone_number":"e3b0c44298fc1c149afbf4c8996fb92427ae41e4649b934ca495991b7852b855","first_name":"e3b0c44298fc1c149afbf4c8996fb92427ae41e4649b934ca495991b7852b855","last_name":"e3b0c44298fc1c149afbf4c8996fb92427ae41e4649b934ca495991b7852b855","zip_code":"e3b0c44298fc1c149afbf4c8996fb92427ae41e4649b934ca495991b7852b855"},"page":{"url":"http:\/\/ibn-sinaa.com\/product-tag\/%D8%B3%D8%AC%D9%84%D8%A7%D8%AA-%D9%85%D8%AF%D9%8A%D8%B1-%D8%A7%D9%84%D9%85%D8%AF%D8%B1%D8%B3%D8%A9\/page\/2\/?add-to-cart=4220"}}]}
 ajax: no
2025-01-01T13:43:04+00:00 DEBUG Tt4b_Mapi_Class::mapi_post: Response: 

HTTP/1.1 200 OK
Server: nginx
Content-Type: application/json
Content-Length: 92
X-Tt-Logid: 202501011343048148327A03E9E44982D8
x-tt-trace-host: 018e5a586174a888928d793bdac74b79b519a86797e72c2eba011e03e23beee17d0889deb27a4a13f091e6944ae120d3685d892758285d4ea65fcb085b5d2d7b14853fbaa1ce79481e6636e724a63f00a9cf1402151e1e74b64dac11295ff3f0f0fd5ce76607456de87b33a6196688db24
x-tt-trace-id: 00-2501011343048148327A03E9E44982D8-0694B6786E8799CD-00
X-Origin-Response-Time: 32,23.207.199.95
X-Akamai-Request-ID: e0ed1c.293d70ce
Expires: Wed, 01 Jan 2025 13:43:04 GMT
Cache-Control: max-age=0, no-cache, no-store
Pragma: no-cache
Date: Wed, 01 Jan 2025 13:43:04 GMT
X-Cache: TCP_MISS from a95-101-134-116.deploy.akamaitechnologies.com (AkamaiGHost/11.7.2.1-9611f29bef89eba7b18045b10aa2af98) (-)
Connection: close
X-Cache-Remote: TCP_MISS from a23-207-199-95.deploy.akamaitechnologies.com (AkamaiGHost/11.7.2.1-9611f29bef89eba7b18045b10aa2af98) (-)
x-tt-trace-tag: id=16;cdn-cache=miss;type=dyn
Server-Timing: cdn-cache; desc=MISS, edge; dur=85, origin; dur=31
Server-Timing: inner; dur=24
X-Parent-Response-Time: 115,95.101.134.116

{"code": 0, "message": "OK", "request_id": "202501011343048148327A03E9E44982D8", "data": {}}
2025-01-01T13:46:33+00:00 DEBUG POST: https://business-api.tiktok.com/open_api/v1.3/event/track/

{"partner_name":"WooCommerce","event_source":"web","event_source_id":"CSM79Q3C77UAG1T340I0","data":[{"event":"Pageview","event_id":"6775473940baa_tt4b_woocommerce_670666209cf1f","event_time":1735739193,"user":{"ip":"171.244.43.14","user_agent":"Mozilla\/5.0 (Linux; Android 10; K) AppleWebKit\/537.36 (KHTML, like Gecko) Chrome\/122.0.0.0 Mobile Safari\/537.36","locale":"ar","external_id":"0","email":"e3b0c44298fc1c149afbf4c8996fb92427ae41e4649b934ca495991b7852b855","phone_number":"e3b0c44298fc1c149afbf4c8996fb92427ae41e4649b934ca495991b7852b855","first_name":"e3b0c44298fc1c149afbf4c8996fb92427ae41e4649b934ca495991b7852b855","last_name":"e3b0c44298fc1c149afbf4c8996fb92427ae41e4649b934ca495991b7852b855","zip_code":"e3b0c44298fc1c149afbf4c8996fb92427ae41e4649b934ca495991b7852b855"},"page":{"url":"http:\/\/ibn-sinaa.com\/"}}]}
 ajax: no
2025-01-01T13:46:33+00:00 DEBUG Tt4b_Mapi_Class::mapi_post: Response: 

HTTP/1.1 200 OK
Server: nginx
Content-Type: application/json
Content-Length: 92
X-Tt-Logid: 20250101134633300E858F2780D31990D7
x-tt-trace-host: 018e5a586174a888928d793bdac74b79b56517d7628cf0ffdff56b078ad2cf561506587938093cd8afaf943fcd880d3e1485fb7082870fc07ccf55ce3b1fafeb3446d03fd71e8d0655f7331ee92f4b2f8408e13475ed2e0be0a71222825bce643d5651f9f09b3fe4bde77ecf0b0846c29a
x-tt-trace-id: 00-250101134633300E858F2780D31990D7-58AB90BC6E258E60-00
X-Origin-Response-Time: 26,23.218.219.44
X-Akamai-Request-ID: 21064071.2f5bb337
Expires: Wed, 01 Jan 2025 13:46:33 GMT
Cache-Control: max-age=0, no-cache, no-store
Pragma: no-cache
Date: Wed, 01 Jan 2025 13:46:33 GMT
X-Cache: TCP_MISS from a95-101-134-92.deploy.akamaitechnologies.com (AkamaiGHost/11.7.2.1-9611f29bef89eba7b18045b10aa2af98) (-)
Connection: close
X-Cache-Remote: TCP_MISS from a23-218-219-44.deploy.akamaitechnologies.com (AkamaiGHost/11.7.2.1-9611f29bef89eba7b18045b10aa2af98) (-)
x-tt-trace-tag: id=16;cdn-cache=miss;type=dyn
Server-Timing: cdn-cache; desc=MISS, edge; dur=84, origin; dur=26
Server-Timing: inner; dur=22
X-Parent-Response-Time: 110,95.101.134.92

{"code": 0, "message": "OK", "request_id": "20250101134633300E858F2780D31990D7", "data": {}}
2025-01-01T13:47:05+00:00 DEBUG Tt4b_Pixel_Class::inject_add_to_cart_event: hit AddToCart
2025-01-01T13:47:05+00:00 DEBUG POST: https://business-api.tiktok.com/open_api/v1.3/event/track/

{"partner_name":"WooCommerce","event_source":"web","event_source_id":"CSM79Q3C77UAG1T340I0","data":[{"event":"AddToCart","event_id":"677547592722f_tt4b_woocommerce_670666209cf1f_SKU_200","event_time":1735739225,"user":{"ip":"54.36.149.30","user_agent":"Mozilla\/5.0 (compatible; AhrefsBot\/7.0; +http:\/\/ahrefs.com\/robot\/)","locale":"ar","external_id":"0","email":"e3b0c44298fc1c149afbf4c8996fb92427ae41e4649b934ca495991b7852b855","phone_number":"e3b0c44298fc1c149afbf4c8996fb92427ae41e4649b934ca495991b7852b855","first_name":"e3b0c44298fc1c149afbf4c8996fb92427ae41e4649b934ca495991b7852b855","last_name":"e3b0c44298fc1c149afbf4c8996fb92427ae41e4649b934ca495991b7852b855","zip_code":"e3b0c44298fc1c149afbf4c8996fb92427ae41e4649b934ca495991b7852b855"},"properties":{"contents":[{"price":0,"quantity":1,"content_id":"SKU_200","content_name":"\u0637\u0628\u0627\u0639\u0629 \u0628\u0631\u0634\u0648\u0631 \u0645\u0637\u0648\u064a\u0629 A3","description":"\u0628\u0631\u0648\u0634\u0648\u0631 \u0645\u0637\u0648\u064a \u062d\u0633\u0628 \u062a\u0635\u0645\u064a\u0645 \u0627\u0644\u0639\u0645\u064a\u0644 \u0648\u0631\u0642 \u0643\u0648\u0634\u064a\u0647 \u0645\u0637\u0641\u064a 150 \u062c\u0631\u0627\u0645\r\n\u0645\u062f\u0629 \u0627\u0644\u062a\u0646\u0641\u064a\u0630 \u0627\u0644\u0645\u062a\u0648\u0642\u0639\u0629: 1 \u2013 3 \u0623\u064a\u0627\u0645 \u0639\u0645\u0644 \u0628\u0639\u062f \u062a\u0623\u0643\u064a\u062f \u0627\u0644\u0637\u0644\u0628 \u0648\u0627\u0644\u062a\u0635\u0645\u064a\u0645 \u0648\u062d\u0633\u0628 \u0627\u0644\u0643\u0645\u064a\u0629 (\u062a\u0632\u064a\u062f \u0627\u0644\u0645\u062f\u0629 \u0639\u0646\u062f \u0637\u0644\u0628 \u0627\u0644\u0634\u062d\u0646).","availability":"IN_STOCK","sale_price":0,"on_sale":false}],"content_type":"product","currency":"SAR","value":0,"event_trigger_source":"WooCommerce"},"page":{"url":"http:\/\/ibn-sinaa.com\/product-tag\/%D8%B3%D8%AC%D9%84%D8%A7%D8%AA-%D9%85%D8%AF%D8%B1%D8%B3%D9%8A%D8%A9\/page\/2\/?add-to-cart=200"}}]}
 ajax: no
2025-01-01T13:47:05+00:00 DEBUG Tt4b_Mapi_Class::mapi_post: Response: 

HTTP/1.1 200 OK
Server: nginx
Content-Type: application/json
Content-Length: 92
X-Tt-Logid: 202501011347056144095D9F1B5D3CBBDF
x-tt-trace-host: 018e5a586174a888928d793bdac74b79b5b3c46136d344bf46da72cca5a862092ec6b56bef51ee648b23905fde9a87e151dab904edc3d774badc1a37050c45346bcdbd45c75d6c4d71baa2e6b58ae6650537c803ce1ef38b9a1429ccf8bb34ff96923a91fa9be1b029cc28638429cdf620
x-tt-trace-id: 00-2501011347056144095D9F1B5D3CBBDF-50FE5CC722A21508-00
X-Origin-Response-Time: 109,23.207.199.95
X-Akamai-Request-ID: f00018.397e6420
Expires: Wed, 01 Jan 2025 13:47:05 GMT
Cache-Control: max-age=0, no-cache, no-store
Pragma: no-cache
Date: Wed, 01 Jan 2025 13:47:05 GMT
X-Cache: TCP_MISS from a95-101-134-30.deploy.akamaitechnologies.com (AkamaiGHost/11.7.2.1-9611f29bef89eba7b18045b10aa2af98) (-)
Connection: close
X-Cache-Remote: TCP_MISS from a23-207-199-95.deploy.akamaitechnologies.com (AkamaiGHost/11.7.2.1-9611f29bef89eba7b18045b10aa2af98) (-)
x-tt-trace-tag: id=16;cdn-cache=miss;type=dyn
Server-Timing: cdn-cache; desc=MISS, edge; dur=93, origin; dur=109
Server-Timing: inner; dur=106
X-Parent-Response-Time: 200,95.101.134.30

{"code": 0, "message": "OK", "request_id": "202501011347056144095D9F1B5D3CBBDF", "data": {}}
2025-01-01T13:47:05+00:00 DEBUG POST: https://business-api.tiktok.com/open_api/v1.3/event/track/

{"partner_name":"WooCommerce","event_source":"web","event_source_id":"CSM79Q3C77UAG1T340I0","data":[{"event":"Pageview","event_id":"67754759a06eb_tt4b_woocommerce_670666209cf1f","event_time":1735739225,"user":{"ip":"54.36.149.30","user_agent":"Mozilla\/5.0 (compatible; AhrefsBot\/7.0; +http:\/\/ahrefs.com\/robot\/)","locale":"ar","external_id":"0","email":"e3b0c44298fc1c149afbf4c8996fb92427ae41e4649b934ca495991b7852b855","phone_number":"e3b0c44298fc1c149afbf4c8996fb92427ae41e4649b934ca495991b7852b855","first_name":"e3b0c44298fc1c149afbf4c8996fb92427ae41e4649b934ca495991b7852b855","last_name":"e3b0c44298fc1c149afbf4c8996fb92427ae41e4649b934ca495991b7852b855","zip_code":"e3b0c44298fc1c149afbf4c8996fb92427ae41e4649b934ca495991b7852b855"},"page":{"url":"http:\/\/ibn-sinaa.com\/product-tag\/%D8%B3%D8%AC%D9%84%D8%A7%D8%AA-%D9%85%D8%AF%D8%B1%D8%B3%D9%8A%D8%A9\/page\/2\/?add-to-cart=200"}}]}
 ajax: no
2025-01-01T13:47:05+00:00 DEBUG Tt4b_Mapi_Class::mapi_post: Response: 

HTTP/1.1 200 OK
Server: nginx
Content-Type: application/json
Content-Length: 92
X-Tt-Logid: 20250101134705A82A9FC8F29C88A3D15F
Server-Timing: inner; dur=19
x-tt-trace-host: 018e5a586174a888928d793bdac74b79b51a437ee89a1c03eb2011d034a2e3e9f524cc94045cc8f86cdaf81d78f9bb09acca1d5020b206ef7893abd314b95ecfc17ad5e51d0d99b673f878fb1c046cdebf969b0e10724ea83b98854e789e675141
x-tt-trace-id: 00-250101134705A82A9FC8F29C88A3D15F-2314CC0B1FB3FD64-00
Expires: Wed, 01 Jan 2025 13:47:05 GMT
Cache-Control: max-age=0, no-cache, no-store
Pragma: no-cache
Date: Wed, 01 Jan 2025 13:47:05 GMT
X-Cache: TCP_MISS from a95-101-134-92.deploy.akamaitechnologies.com (AkamaiGHost/11.7.2.1-9611f29bef89eba7b18045b10aa2af98) (-)
Connection: close
x-tt-trace-tag: id=16;cdn-cache=miss;type=dyn
Server-Timing: cdn-cache; desc=MISS, edge; dur=1, origin; dur=102
X-Origin-Response-Time: 102,95.101.134.92
X-Akamai-Request-ID: 2f600db2

{"code": 0, "message": "OK", "request_id": "20250101134705A82A9FC8F29C88A3D15F", "data": {}}
2025-01-01T13:49:25+00:00 DEBUG POST: https://business-api.tiktok.com/open_api/v1.3/event/track/

{"partner_name":"WooCommerce","event_source":"web","event_source_id":"CSM79Q3C77UAG1T340I0","data":[{"event":"Pageview","event_id":"677547e52e638_tt4b_woocommerce_670666209cf1f","event_time":1735739365,"user":{"ip":"66.249.66.168","user_agent":"Mozilla\/5.0 (Linux; Android 6.0.1; Nexus 5X Build\/MMB29P) AppleWebKit\/537.36 (KHTML, like Gecko) Chrome\/131.0.6778.139 Mobile Safari\/537.36 (compatible; Googlebot\/2.1; +http:\/\/www.google.com\/bot.html)","locale":"ar","external_id":"0","email":"e3b0c44298fc1c149afbf4c8996fb92427ae41e4649b934ca495991b7852b855","phone_number":"e3b0c44298fc1c149afbf4c8996fb92427ae41e4649b934ca495991b7852b855","first_name":"e3b0c44298fc1c149afbf4c8996fb92427ae41e4649b934ca495991b7852b855","last_name":"e3b0c44298fc1c149afbf4c8996fb92427ae41e4649b934ca495991b7852b855","zip_code":"e3b0c44298fc1c149afbf4c8996fb92427ae41e4649b934ca495991b7852b855"},"page":{"url":"http:\/\/www.ibn-sinaa.com\/"}}]}
 ajax: no
2025-01-01T13:49:25+00:00 DEBUG Tt4b_Mapi_Class::mapi_post: Response: 

HTTP/1.1 200 OK
Server: nginx
Content-Type: application/json
Content-Length: 92
X-Tt-Logid: 20250101134925AE7CE2C866D36A1BD647
x-tt-trace-host: 018e5a586174a888928d793bdac74b79b56517d7628cf0ffdff56b078ad2cf5615e7217f37e0d1d63a4ecdee61762d2823990c6ad5a5d21c23cd90033a01ce7178693f228f780946c7aae943a169b46b663c4dab574348bb9e2ab031b1ba0a92095d5f7d44ba46b409477c53a8b47c7b41
x-tt-trace-id: 00-250101134925AE7CE2C866D36A1BD647-0F876B10210F6EAB-00
X-Origin-Response-Time: 40,23.218.219.5
X-Akamai-Request-ID: 21bd02df.2f74f9a3
Expires: Wed, 01 Jan 2025 13:49:25 GMT
Cache-Control: max-age=0, no-cache, no-store
Pragma: no-cache
Date: Wed, 01 Jan 2025 13:49:25 GMT
X-Cache: TCP_MISS from a95-101-134-92.deploy.akamaitechnologies.com (AkamaiGHost/11.7.2.1-9611f29bef89eba7b18045b10aa2af98) (-)
Connection: close
X-Cache-Remote: TCP_MISS from a23-218-219-5.deploy.akamaitechnologies.com (AkamaiGHost/11.7.2.1-9611f29bef89eba7b18045b10aa2af98) (-)
x-tt-trace-tag: id=16;cdn-cache=miss;type=dyn
Server-Timing: cdn-cache; desc=MISS, edge; dur=81, origin; dur=40
Server-Timing: inner; dur=37
X-Parent-Response-Time: 120,95.101.134.92

{"code": 0, "message": "OK", "request_id": "20250101134925AE7CE2C866D36A1BD647", "data": {}}
2025-01-01T13:49:29+00:00 DEBUG POST: https://business-api.tiktok.com/open_api/v1.3/event/track/

{"partner_name":"WooCommerce","event_source":"web","event_source_id":"CSM79Q3C77UAG1T340I0","data":[{"event":"Pageview","event_id":"677547e9362b5_tt4b_woocommerce_670666209cf1f","event_time":1735739369,"user":{"ip":"66.249.66.166","user_agent":"Mozilla\/5.0 (Linux; Android 6.0.1; Nexus 5X Build\/MMB29P) AppleWebKit\/537.36 (KHTML, like Gecko) Chrome\/131.0.6778.204 Mobile Safari\/537.36 (compatible; Googlebot\/2.1; +http:\/\/www.google.com\/bot.html)","locale":"ar","external_id":"0","email":"e3b0c44298fc1c149afbf4c8996fb92427ae41e4649b934ca495991b7852b855","phone_number":"e3b0c44298fc1c149afbf4c8996fb92427ae41e4649b934ca495991b7852b855","first_name":"e3b0c44298fc1c149afbf4c8996fb92427ae41e4649b934ca495991b7852b855","last_name":"e3b0c44298fc1c149afbf4c8996fb92427ae41e4649b934ca495991b7852b855","zip_code":"e3b0c44298fc1c149afbf4c8996fb92427ae41e4649b934ca495991b7852b855"},"page":{"url":"http:\/\/www.ibn-sinaa.com\/product-tag\/%D8%A7%D8%B9%D9%84%D8%A7%D9%85-%D9%85%D9%83%D8%AA%D8%A8%D9%8A%D8%A9\/"}}]}
 ajax: no
2025-01-01T13:49:29+00:00 DEBUG Tt4b_Mapi_Class::mapi_post: Response: 

HTTP/1.1 200 OK
Server: nginx
Content-Type: application/json
Content-Length: 92
X-Tt-Logid: 20250101134929355313FAF75ECDB4C3A8
Server-Timing: inner; dur=31
x-tt-trace-host: 018e5a586174a888928d793bdac74b79b520593bf434961dbceff88e4b17f9a15681bc234c45fe06dab0ca3492e25fc78a50eb4618226798b96577ef13151ca36515eb501a34578403fc47baeb5ef2dd4f6aef12085b28244a9cc32305a0494a8b
x-tt-trace-id: 00-250101134929355313FAF75ECDB4C3A8-2E2D210917E8A50B-00
Expires: Wed, 01 Jan 2025 13:49:29 GMT
Cache-Control: max-age=0, no-cache, no-store
Pragma: no-cache
Date: Wed, 01 Jan 2025 13:49:29 GMT
X-Cache: TCP_MISS from a95-101-134-116.deploy.akamaitechnologies.com (AkamaiGHost/11.7.2.1-9611f29bef89eba7b18045b10aa2af98) (-)
Connection: close
x-tt-trace-tag: id=16;cdn-cache=miss;type=dyn
Server-Timing: cdn-cache; desc=MISS, edge; dur=0, origin; dur=111
X-Origin-Response-Time: 111,95.101.134.116
X-Akamai-Request-ID: 29718f8b

{"code": 0, "message": "OK", "request_id": "20250101134929355313FAF75ECDB4C3A8", "data": {}}
2025-01-01T13:50:17+00:00 DEBUG POST: https://business-api.tiktok.com/open_api/v1.3/event/track/

{"partner_name":"WooCommerce","event_source":"web","event_source_id":"CSM79Q3C77UAG1T340I0","data":[{"event":"Pageview","event_id":"67754819c4b6a_tt4b_woocommerce_670666209cf1f","event_time":1735739417,"user":{"ip":"66.249.66.168","user_agent":"Mozilla\/5.0 (Linux; Android 6.0.1; Nexus 5X Build\/MMB29P) AppleWebKit\/537.36 (KHTML, like Gecko) Chrome\/131.0.6778.204 Mobile Safari\/537.36 (compatible; Googlebot\/2.1; +http:\/\/www.google.com\/bot.html)","locale":"ar","external_id":"0","email":"e3b0c44298fc1c149afbf4c8996fb92427ae41e4649b934ca495991b7852b855","phone_number":"e3b0c44298fc1c149afbf4c8996fb92427ae41e4649b934ca495991b7852b855","first_name":"e3b0c44298fc1c149afbf4c8996fb92427ae41e4649b934ca495991b7852b855","last_name":"e3b0c44298fc1c149afbf4c8996fb92427ae41e4649b934ca495991b7852b855","zip_code":"e3b0c44298fc1c149afbf4c8996fb92427ae41e4649b934ca495991b7852b855"},"page":{"url":"http:\/\/www.ibn-sinaa.com\/product-tag\/%D8%B9%D9%84%D9%85-%D9%85%D9%83%D8%AA%D8%A8%D9%8A-%D9%83%D8%A8%D9%8A%D8%B1\/"}}]}
 ajax: no
2025-01-01T13:50:18+00:00 DEBUG Tt4b_Mapi_Class::mapi_post: Response: 

HTTP/1.1 200 OK
Server: nginx
Content-Type: application/json
Content-Length: 92
X-Tt-Logid: 20250101135017F50869C883618E1E76B0
Server-Timing: inner; dur=47
x-tt-trace-host: 018e5a586174a888928d793bdac74b79b51a437ee89a1c03eb2011d034a2e3e9f5442c7ece4145d53ce0e32afe10645312ea4a29eef81e34b248fa604a1b837b54eab11679eb49f52a10731ae0097e6eef7ba81fd6d3994c7e9daae439235e73a5
x-tt-trace-id: 00-250101135017F50869C883618E1E76B0-1775E46364BC669D-00
Expires: Wed, 01 Jan 2025 13:50:18 GMT
Cache-Control: max-age=0, no-cache, no-store
Pragma: no-cache
Date: Wed, 01 Jan 2025 13:50:18 GMT
X-Cache: TCP_MISS from a95-101-134-92.deploy.akamaitechnologies.com (AkamaiGHost/11.7.2.1-9611f29bef89eba7b18045b10aa2af98) (-)
Connection: close
x-tt-trace-tag: id=16;cdn-cache=miss;type=dyn
Server-Timing: cdn-cache; desc=MISS, edge; dur=0, origin; dur=128
X-Origin-Response-Time: 128,95.101.134.92
X-Akamai-Request-ID: 2f7d4a9c

{"code": 0, "message": "OK", "request_id": "20250101135017F50869C883618E1E76B0", "data": {}}
2025-01-01T13:50:28+00:00 DEBUG POST: https://business-api.tiktok.com/open_api/v1.3/event/track/

{"partner_name":"WooCommerce","event_source":"web","event_source_id":"CSM79Q3C77UAG1T340I0","data":[{"event":"Pageview","event_id":"67754824dcebf_tt4b_woocommerce_670666209cf1f","event_time":1735739428,"user":{"ip":"66.249.66.167","user_agent":"Mozilla\/5.0 (Linux; Android 6.0.1; Nexus 5X Build\/MMB29P) AppleWebKit\/537.36 (KHTML, like Gecko) Chrome\/131.0.6778.139 Mobile Safari\/537.36 (compatible; Googlebot\/2.1; +http:\/\/www.google.com\/bot.html)","locale":"ar","external_id":"0","email":"e3b0c44298fc1c149afbf4c8996fb92427ae41e4649b934ca495991b7852b855","phone_number":"e3b0c44298fc1c149afbf4c8996fb92427ae41e4649b934ca495991b7852b855","first_name":"e3b0c44298fc1c149afbf4c8996fb92427ae41e4649b934ca495991b7852b855","last_name":"e3b0c44298fc1c149afbf4c8996fb92427ae41e4649b934ca495991b7852b855","zip_code":"e3b0c44298fc1c149afbf4c8996fb92427ae41e4649b934ca495991b7852b855"},"page":{"url":"http:\/\/www.ibn-sinaa.com\/en\/product-category\/shields-and-gifts\/%D8%AA%D9%82%D9%88%D9%8A%D9%85%D8%A7%D8%AA\/"}}]}
 ajax: no
2025-01-01T13:50:29+00:00 DEBUG Tt4b_Mapi_Class::mapi_post: Response: 

HTTP/1.1 200 OK
Server: nginx
Content-Type: application/json
Content-Length: 92
X-Tt-Logid: 20250101135029C3A95FED331378B35540
x-tt-trace-host: 018e5a586174a888928d793bdac74b79b519a86797e72c2eba011e03e23beee17d778347fdd9afe77ae03051eb9e0db403b667fb36d4f3530be4d7be515d6bc952f468568701b8cbf55d485cc69ba78714f36d98719df299ee1e5d2c51be6849520c4901e9b92d03d805815d01f08c3b0b
x-tt-trace-id: 00-250101135029C3A95FED331378B35540-69AC25D988BE6D2E-00
X-Origin-Response-Time: 60,23.218.219.8
X-Akamai-Request-ID: 1e7067db.297a58d8
Expires: Wed, 01 Jan 2025 13:50:29 GMT
Cache-Control: max-age=0, no-cache, no-store
Pragma: no-cache
Date: Wed, 01 Jan 2025 13:50:29 GMT
X-Cache: TCP_MISS from a95-101-134-116.deploy.akamaitechnologies.com (AkamaiGHost/11.7.2.1-9611f29bef89eba7b18045b10aa2af98) (-)
Connection: close
X-Cache-Remote: TCP_MISS from a23-218-219-8.deploy.akamaitechnologies.com (AkamaiGHost/11.7.2.1-9611f29bef89eba7b18045b10aa2af98) (-)
x-tt-trace-tag: id=16;cdn-cache=miss;type=dyn
Server-Timing: cdn-cache; desc=MISS, edge; dur=85, origin; dur=60
Server-Timing: inner; dur=37
X-Parent-Response-Time: 144,95.101.134.116

{"code": 0, "message": "OK", "request_id": "20250101135029C3A95FED331378B35540", "data": {}}
2025-01-01T13:50:32+00:00 DEBUG POST: https://business-api.tiktok.com/open_api/v1.3/event/track/

{"partner_name":"WooCommerce","event_source":"web","event_source_id":"CSM79Q3C77UAG1T340I0","data":[{"event":"Pageview","event_id":"67754828353a9_tt4b_woocommerce_670666209cf1f","event_time":1735739432,"user":{"ip":"66.249.66.19","user_agent":"Mozilla\/5.0 (Linux; Android 6.0.1; Nexus 5X Build\/MMB29P) AppleWebKit\/537.36 (KHTML, like Gecko) Chrome\/131.0.6778.139 Mobile Safari\/537.36 (compatible; Googlebot\/2.1; +http:\/\/www.google.com\/bot.html)","locale":"ar","external_id":"0","email":"e3b0c44298fc1c149afbf4c8996fb92427ae41e4649b934ca495991b7852b855","phone_number":"e3b0c44298fc1c149afbf4c8996fb92427ae41e4649b934ca495991b7852b855","first_name":"e3b0c44298fc1c149afbf4c8996fb92427ae41e4649b934ca495991b7852b855","last_name":"e3b0c44298fc1c149afbf4c8996fb92427ae41e4649b934ca495991b7852b855","zip_code":"e3b0c44298fc1c149afbf4c8996fb92427ae41e4649b934ca495991b7852b855"},"page":{"url":"http:\/\/mail.ibn-sinaa.com\/product-category\/shields-and-gifts\/cups\/"}}]}
 ajax: no
2025-01-01T13:50:32+00:00 DEBUG Tt4b_Mapi_Class::mapi_post: Response: 

HTTP/1.1 200 OK
Server: nginx
Content-Type: application/json
Content-Length: 92
X-Tt-Logid: 20250101135032F50869C883618E1E7B9F
Server-Timing: inner; dur=28
x-tt-trace-host: 018e5a586174a888928d793bdac74b79b51a437ee89a1c03eb2011d034a2e3e9f5442c7ece4145d53ce0e32afe10645312933264ad4a8af7bf9d50d20c2c409404915d063896ff90100ef4a8d27d8e2c48d38dce7874b3d07305ba2c6e919436af
x-tt-trace-id: 00-250101135032F50869C883618E1E7B9F-7E54CB71556D966F-00
Expires: Wed, 01 Jan 2025 13:50:32 GMT
Cache-Control: max-age=0, no-cache, no-store
Pragma: no-cache
Date: Wed, 01 Jan 2025 13:50:32 GMT
X-Cache: TCP_MISS from a95-101-134-92.deploy.akamaitechnologies.com (AkamaiGHost/11.7.2.1-9611f29bef89eba7b18045b10aa2af98) (-)
Connection: close
x-tt-trace-tag: id=16;cdn-cache=miss;type=dyn
Server-Timing: cdn-cache; desc=MISS, edge; dur=0, origin; dur=110
X-Origin-Response-Time: 110,95.101.134.92
X-Akamai-Request-ID: 2f7fae52

{"code": 0, "message": "OK", "request_id": "20250101135032F50869C883618E1E7B9F", "data": {}}
2025-01-01T13:50:35+00:00 DEBUG POST: https://business-api.tiktok.com/open_api/v1.3/event/track/

{"partner_name":"WooCommerce","event_source":"web","event_source_id":"CSM79Q3C77UAG1T340I0","data":[{"event":"Pageview","event_id":"6775482b971fc_tt4b_woocommerce_670666209cf1f","event_time":1735739435,"user":{"ip":"66.249.66.20","user_agent":"Mozilla\/5.0 (Linux; Android 6.0.1; Nexus 5X Build\/MMB29P) AppleWebKit\/537.36 (KHTML, like Gecko) Chrome\/131.0.6778.139 Mobile Safari\/537.36 (compatible; Googlebot\/2.1; +http:\/\/www.google.com\/bot.html)","locale":"ar","external_id":"0","email":"e3b0c44298fc1c149afbf4c8996fb92427ae41e4649b934ca495991b7852b855","phone_number":"e3b0c44298fc1c149afbf4c8996fb92427ae41e4649b934ca495991b7852b855","first_name":"e3b0c44298fc1c149afbf4c8996fb92427ae41e4649b934ca495991b7852b855","last_name":"e3b0c44298fc1c149afbf4c8996fb92427ae41e4649b934ca495991b7852b855","zip_code":"e3b0c44298fc1c149afbf4c8996fb92427ae41e4649b934ca495991b7852b855"},"page":{"url":"http:\/\/mail.ibn-sinaa.com\/product-category\/acrylic-section\/"}}]}
 ajax: no
2025-01-01T13:50:35+00:00 DEBUG Tt4b_Mapi_Class::mapi_post: Response: 

HTTP/1.1 200 OK
Server: nginx
Content-Type: application/json
Content-Length: 92
X-Tt-Logid: 202501011350351D320F42E1234D08C6F0
x-tt-trace-host: 018e5a586174a888928d793bdac74b79b5b3c46136d344bf46da72cca5a862092e8f98294dc84696f9e56a2083955fe980fdcf4c0b7a9e2bf67bd7407a5e39cd77178a8f5ed0bc88f3960e4429408cd61d4a3defad5e86e84cb09cb4f9bc22f3afe75f7779fcd7d5129bd640349a8b9b41
x-tt-trace-id: 00-2501011350351D320F42E1234D08C6F0-5210D1027B930F8B-00
X-Origin-Response-Time: 24,23.218.219.14
X-Akamai-Request-ID: 33109a8b.39a0c675
Expires: Wed, 01 Jan 2025 13:50:35 GMT
Cache-Control: max-age=0, no-cache, no-store
Pragma: no-cache
Date: Wed, 01 Jan 2025 13:50:35 GMT
X-Cache: TCP_MISS from a95-101-134-30.deploy.akamaitechnologies.com (AkamaiGHost/11.7.2.1-9611f29bef89eba7b18045b10aa2af98) (-)
Connection: close
X-Cache-Remote: TCP_MISS from a23-218-219-14.deploy.akamaitechnologies.com (AkamaiGHost/11.7.2.1-9611f29bef89eba7b18045b10aa2af98) (-)
x-tt-trace-tag: id=16;cdn-cache=miss;type=dyn
Server-Timing: cdn-cache; desc=MISS, edge; dur=80, origin; dur=24
Server-Timing: inner; dur=21
X-Parent-Response-Time: 104,95.101.134.30

{"code": 0, "message": "OK", "request_id": "202501011350351D320F42E1234D08C6F0", "data": {}}
2025-01-01T13:51:51+00:00 DEBUG POST: https://business-api.tiktok.com/open_api/v1.3/event/track/

{"partner_name":"WooCommerce","event_source":"web","event_source_id":"CSM79Q3C77UAG1T340I0","data":[{"event":"Pageview","event_id":"67754877b385b_tt4b_woocommerce_670666209cf1f","event_time":1735739511,"user":{"ip":"66.249.66.168","user_agent":"Mozilla\/5.0 (Linux; Android 6.0.1; Nexus 5X Build\/MMB29P) AppleWebKit\/537.36 (KHTML, like Gecko) Chrome\/99.0.4844.84 Mobile Safari\/537.36 (compatible; Googlebot\/2.1; +http:\/\/www.google.com\/bot.html)","locale":"ar","external_id":"0","email":"e3b0c44298fc1c149afbf4c8996fb92427ae41e4649b934ca495991b7852b855","phone_number":"e3b0c44298fc1c149afbf4c8996fb92427ae41e4649b934ca495991b7852b855","first_name":"e3b0c44298fc1c149afbf4c8996fb92427ae41e4649b934ca495991b7852b855","last_name":"e3b0c44298fc1c149afbf4c8996fb92427ae41e4649b934ca495991b7852b855","zip_code":"e3b0c44298fc1c149afbf4c8996fb92427ae41e4649b934ca495991b7852b855"},"page":{"url":"http:\/\/www.ibn-sinaa.com\/"}}]}
 ajax: no
2025-01-01T13:51:51+00:00 DEBUG Tt4b_Mapi_Class::mapi_post: Response: 

HTTP/1.1 200 OK
Server: nginx
Content-Type: application/json
Content-Length: 92
X-Tt-Logid: 202501011351517BD16C959E9BEA42DFDC
x-tt-trace-host: 018e5a586174a888928d793bdac74b79b519a86797e72c2eba011e03e23beee17da4ab802d1eeffb6009f624c0663425c0b746a8589b9eec33720f4d14892ac80e0aab9d5362e1b66231ecb8a95bf8c5f6a06a726d5e77b7ae6bd89fbf36944f6c0faa2b46a74c976ba749b61151ce458f
x-tt-trace-id: 00-2501011351517BD16C959E9BEA42DFDC-0E73D46831E3E3E6-00
X-Origin-Response-Time: 24,23.218.219.44
X-Akamai-Request-ID: 21130f62.2986af99
Expires: Wed, 01 Jan 2025 13:51:51 GMT
Cache-Control: max-age=0, no-cache, no-store
Pragma: no-cache
Date: Wed, 01 Jan 2025 13:51:51 GMT
X-Cache: TCP_MISS from a95-101-134-116.deploy.akamaitechnologies.com (AkamaiGHost/11.7.2.1-9611f29bef89eba7b18045b10aa2af98) (-)
Connection: close
X-Cache-Remote: TCP_MISS from a23-218-219-44.deploy.akamaitechnologies.com (AkamaiGHost/11.7.2.1-9611f29bef89eba7b18045b10aa2af98) (-)
x-tt-trace-tag: id=16;cdn-cache=miss;type=dyn
Server-Timing: cdn-cache; desc=MISS, edge; dur=86, origin; dur=24
Server-Timing: inner; dur=20
X-Parent-Response-Time: 106,95.101.134.116

{"code": 0, "message": "OK", "request_id": "202501011351517BD16C959E9BEA42DFDC", "data": {}}
2025-01-01T13:51:56+00:00 DEBUG POST: https://business-api.tiktok.com/open_api/v1.3/event/track/

{"partner_name":"WooCommerce","event_source":"web","event_source_id":"CSM79Q3C77UAG1T340I0","data":[{"event":"Pageview","event_id":"6775487ca7e38_tt4b_woocommerce_670666209cf1f","event_time":1735739516,"user":{"ip":"66.249.66.166","user_agent":"Mozilla\/5.0 AppleWebKit\/537.36 (KHTML, like Gecko; compatible; Googlebot\/2.1; +http:\/\/www.google.com\/bot.html) Chrome\/131.0.6778.139 Safari\/537.36","locale":"ar","external_id":"0","email":"e3b0c44298fc1c149afbf4c8996fb92427ae41e4649b934ca495991b7852b855","phone_number":"e3b0c44298fc1c149afbf4c8996fb92427ae41e4649b934ca495991b7852b855","first_name":"e3b0c44298fc1c149afbf4c8996fb92427ae41e4649b934ca495991b7852b855","last_name":"e3b0c44298fc1c149afbf4c8996fb92427ae41e4649b934ca495991b7852b855","zip_code":"e3b0c44298fc1c149afbf4c8996fb92427ae41e4649b934ca495991b7852b855"},"page":{"url":"http:\/\/www.ibn-sinaa.com\/wp-content\/cache\/min\/1\/wp-content\/themes\/xtra\/assets\/css\/core.css?ver=1734048000","referrer":"https:\/\/www.ibn-sinaa.com\/"}}]}
 ajax: no
2025-01-01T13:51:56+00:00 DEBUG Tt4b_Mapi_Class::mapi_post: Response: 

HTTP/1.1 200 OK
Server: nginx
Content-Type: application/json
Content-Length: 92
X-Tt-Logid: 20250101135156D3700FB5C4EAA469FADD
x-tt-trace-host: 018e5a586174a888928d793bdac74b79b56517d7628cf0ffdff56b078ad2cf5615f5fceaa28ce192594e5abcab9f28120292cbc2104ca0afd55a47c616852fdcf84b80daf425dd2d0762de48c4984b4232475ab1f680441b1879a68eabb7c5198bd4042cc9ba1722d7b05b8be518c2b053
x-tt-trace-id: 00-250101135156D3700FB5C4EAA469FADD-043CF08A7BE700DA-00
X-Origin-Response-Time: 30,23.207.199.86
X-Akamai-Request-ID: 4b07ba3.2f8d2bd3
Expires: Wed, 01 Jan 2025 13:51:56 GMT
Cache-Control: max-age=0, no-cache, no-store
Pragma: no-cache
Date: Wed, 01 Jan 2025 13:51:56 GMT
X-Cache: TCP_MISS from a95-101-134-92.deploy.akamaitechnologies.com (AkamaiGHost/11.7.2.1-9611f29bef89eba7b18045b10aa2af98) (-)
Connection: close
X-Cache-Remote: TCP_MISS from a23-207-199-86.deploy.akamaitechnologies.com (AkamaiGHost/11.7.2.1-9611f29bef89eba7b18045b10aa2af98) (-)
x-tt-trace-tag: id=16;cdn-cache=miss;type=dyn
Server-Timing: cdn-cache; desc=MISS, edge; dur=81, origin; dur=30
Server-Timing: inner; dur=27
X-Parent-Response-Time: 110,95.101.134.92

{"code": 0, "message": "OK", "request_id": "20250101135156D3700FB5C4EAA469FADD", "data": {}}
2025-01-01T13:51:59+00:00 DEBUG POST: https://business-api.tiktok.com/open_api/v1.3/event/track/

{"partner_name":"WooCommerce","event_source":"web","event_source_id":"CSM79Q3C77UAG1T340I0","data":[{"event":"Pageview","event_id":"6775487fc8589_tt4b_woocommerce_670666209cf1f","event_time":1735739519,"user":{"ip":"66.249.66.166","user_agent":"Mozilla\/5.0 AppleWebKit\/537.36 (KHTML, like Gecko; compatible; Googlebot\/2.1; +http:\/\/www.google.com\/bot.html) Chrome\/131.0.6778.139 Safari\/537.36","locale":"ar","external_id":"0","email":"e3b0c44298fc1c149afbf4c8996fb92427ae41e4649b934ca495991b7852b855","phone_number":"e3b0c44298fc1c149afbf4c8996fb92427ae41e4649b934ca495991b7852b855","first_name":"e3b0c44298fc1c149afbf4c8996fb92427ae41e4649b934ca495991b7852b855","last_name":"e3b0c44298fc1c149afbf4c8996fb92427ae41e4649b934ca495991b7852b855","zip_code":"e3b0c44298fc1c149afbf4c8996fb92427ae41e4649b934ca495991b7852b855"},"page":{"url":"http:\/\/www.ibn-sinaa.com\/wp-content\/cache\/background-css\/www.ibn-sinaa.com\/wp-includes\/js\/mediaelement\/mediaelementplayer-legacy.min.css?ver=4.2.17&wpr_t=1734048000","referrer":"https:\/\/www.ibn-sinaa.com\/"}}]}
 ajax: no
2025-01-01T13:51:59+00:00 DEBUG Tt4b_Mapi_Class::mapi_post: Response: 

HTTP/1.1 200 OK
Server: nginx
Content-Type: application/json
Content-Length: 92
X-Tt-Logid: 20250101135159339E265339359538B614
x-tt-trace-host: 018e5a586174a888928d793bdac74b79b56517d7628cf0ffdff56b078ad2cf56152d05abc66f8329b214a048fffd1cf00c51f270d9c7a25c42b879b428ffb0e2277608eb137316f45addc9a999869b7f9017e13e9d1ee68633440372fe234d3fa5e06e149820a81ec65ce5626e5dccc621
x-tt-trace-id: 00-250101135159339E265339359538B614-30DDD46E720C8FF5-00
X-Origin-Response-Time: 26,23.218.219.15
X-Akamai-Request-ID: 1f0d791d.2f8d9fba
Expires: Wed, 01 Jan 2025 13:51:59 GMT
Cache-Control: max-age=0, no-cache, no-store
Pragma: no-cache
Date: Wed, 01 Jan 2025 13:51:59 GMT
X-Cache: TCP_MISS from a95-101-134-92.deploy.akamaitechnologies.com (AkamaiGHost/11.7.2.1-9611f29bef89eba7b18045b10aa2af98) (-)
Connection: close
X-Cache-Remote: TCP_MISS from a23-218-219-15.deploy.akamaitechnologies.com (AkamaiGHost/11.7.2.1-9611f29bef89eba7b18045b10aa2af98) (-)
x-tt-trace-tag: id=16;cdn-cache=miss;type=dyn
Server-Timing: cdn-cache; desc=MISS, edge; dur=82, origin; dur=26
Server-Timing: inner; dur=23
X-Parent-Response-Time: 107,95.101.134.92

{"code": 0, "message": "OK", "request_id": "20250101135159339E265339359538B614", "data": {}}
2025-01-01T13:52:02+00:00 DEBUG POST: https://business-api.tiktok.com/open_api/v1.3/event/track/

{"partner_name":"WooCommerce","event_source":"web","event_source_id":"CSM79Q3C77UAG1T340I0","data":[{"event":"Pageview","event_id":"67754882c9fea_tt4b_woocommerce_670666209cf1f","event_time":1735739522,"user":{"ip":"66.249.66.166","user_agent":"Mozilla\/5.0 AppleWebKit\/537.36 (KHTML, like Gecko; compatible; Googlebot\/2.1; +http:\/\/www.google.com\/bot.html) Chrome\/131.0.6778.139 Safari\/537.36","locale":"ar","external_id":"0","email":"e3b0c44298fc1c149afbf4c8996fb92427ae41e4649b934ca495991b7852b855","phone_number":"e3b0c44298fc1c149afbf4c8996fb92427ae41e4649b934ca495991b7852b855","first_name":"e3b0c44298fc1c149afbf4c8996fb92427ae41e4649b934ca495991b7852b855","last_name":"e3b0c44298fc1c149afbf4c8996fb92427ae41e4649b934ca495991b7852b855","zip_code":"e3b0c44298fc1c149afbf4c8996fb92427ae41e4649b934ca495991b7852b855"},"page":{"url":"http:\/\/www.ibn-sinaa.com\/wp-content\/cache\/min\/1\/wp-content\/plugins\/codevz-plus\/wpbakery\/assets\/css\/subscribe.css?ver=1734048000","referrer":"https:\/\/www.ibn-sinaa.com\/"}}]}
 ajax: no
2025-01-01T13:52:02+00:00 DEBUG Tt4b_Mapi_Class::mapi_post: Response: 

HTTP/1.1 200 OK
Server: nginx
Content-Type: application/json
Content-Length: 92
X-Tt-Logid: 202501011352024A776B8F2C1EEBCF3320
Server-Timing: inner; dur=27
x-tt-trace-host: 018e5a586174a888928d793bdac74b79b51a437ee89a1c03eb2011d034a2e3e9f554d9810602c3be4c6df7e1a64da30f57c780e02d75440aed82a18a6ed02a26e52bd0727e1d1c06a2977cbb100aceed3c946809c0152363057c273e7a88e6fd0b
x-tt-trace-id: 00-2501011352024A776B8F2C1EEBCF3320-2DAD317D8D06390A-00
Expires: Wed, 01 Jan 2025 13:52:02 GMT
Cache-Control: max-age=0, no-cache, no-store
Pragma: no-cache
Date: Wed, 01 Jan 2025 13:52:02 GMT
X-Cache: TCP_MISS from a95-101-134-92.deploy.akamaitechnologies.com (AkamaiGHost/11.7.2.1-9611f29bef89eba7b18045b10aa2af98) (-)
Connection: close
x-tt-trace-tag: id=16;cdn-cache=miss;type=dyn
Server-Timing: cdn-cache; desc=MISS, edge; dur=1, origin; dur=106
X-Origin-Response-Time: 106,95.101.134.92
X-Akamai-Request-ID: 2f8e0c71

{"code": 0, "message": "OK", "request_id": "202501011352024A776B8F2C1EEBCF3320", "data": {}}
2025-01-01T13:52:08+00:00 DEBUG POST: https://business-api.tiktok.com/open_api/v1.3/event/track/

{"partner_name":"WooCommerce","event_source":"web","event_source_id":"CSM79Q3C77UAG1T340I0","data":[{"event":"Pageview","event_id":"6775488835a7c_tt4b_woocommerce_670666209cf1f","event_time":1735739528,"user":{"ip":"66.249.66.166","user_agent":"Mozilla\/5.0 AppleWebKit\/537.36 (KHTML, like Gecko; compatible; Googlebot\/2.1; +http:\/\/www.google.com\/bot.html) Chrome\/131.0.6778.139 Safari\/537.36","locale":"ar","external_id":"0","email":"e3b0c44298fc1c149afbf4c8996fb92427ae41e4649b934ca495991b7852b855","phone_number":"e3b0c44298fc1c149afbf4c8996fb92427ae41e4649b934ca495991b7852b855","first_name":"e3b0c44298fc1c149afbf4c8996fb92427ae41e4649b934ca495991b7852b855","last_name":"e3b0c44298fc1c149afbf4c8996fb92427ae41e4649b934ca495991b7852b855","zip_code":"e3b0c44298fc1c149afbf4c8996fb92427ae41e4649b934ca495991b7852b855"},"page":{"url":"http:\/\/www.ibn-sinaa.com\/wp-content\/cache\/min\/1\/wp-content\/plugins\/codevz-plus\/wpbakery\/assets\/css\/title.rtl.css?ver=1734048000","referrer":"https:\/\/www.ibn-sinaa.com\/"}}]}
 ajax: no
2025-01-01T13:52:08+00:00 DEBUG Tt4b_Mapi_Class::mapi_post: Response: 

HTTP/1.1 200 OK
Server: nginx
Content-Type: application/json
Content-Length: 92
X-Tt-Logid: 20250101135208E21F46530CE29C7C7FE1
x-tt-trace-host: 018e5a586174a888928d793bdac74b79b56517d7628cf0ffdff56b078ad2cf561505638c6d29d48c99a6b1bdeb05d9a5c22538aa903ec5a0aacc591b65596b5898898a4e3f3b9eda59db951f90d766d4d21329f60f4f9b7a7c8a9395e3b2b028833d9f821c736832935e3084b2d90d83aa
x-tt-trace-id: 00-250101135208E21F46530CE29C7C7FE1-361609645E1FB38A-00
X-Origin-Response-Time: 28,23.218.219.56
X-Akamai-Request-ID: 74e89e79.2f8ed389
Expires: Wed, 01 Jan 2025 13:52:08 GMT
Cache-Control: max-age=0, no-cache, no-store
Pragma: no-cache
Date: Wed, 01 Jan 2025 13:52:08 GMT
X-Cache: TCP_MISS from a95-101-134-92.deploy.akamaitechnologies.com (AkamaiGHost/11.7.2.1-9611f29bef89eba7b18045b10aa2af98) (-)
Connection: close
X-Cache-Remote: TCP_MISS from a23-218-219-56.deploy.akamaitechnologies.com (AkamaiGHost/11.7.2.1-9611f29bef89eba7b18045b10aa2af98) (-)
x-tt-trace-tag: id=16;cdn-cache=miss;type=dyn
Server-Timing: cdn-cache; desc=MISS, edge; dur=83, origin; dur=28
Server-Timing: inner; dur=24
X-Parent-Response-Time: 111,95.101.134.92

{"code": 0, "message": "OK", "request_id": "20250101135208E21F46530CE29C7C7FE1", "data": {}}
2025-01-01T13:52:10+00:00 DEBUG POST: https://business-api.tiktok.com/open_api/v1.3/event/track/

{"partner_name":"WooCommerce","event_source":"web","event_source_id":"CSM79Q3C77UAG1T340I0","data":[{"event":"Pageview","event_id":"6775488af081f_tt4b_woocommerce_670666209cf1f","event_time":1735739530,"user":{"ip":"66.249.66.166","user_agent":"Mozilla\/5.0 AppleWebKit\/537.36 (KHTML, like Gecko; compatible; Googlebot\/2.1; +http:\/\/www.google.com\/bot.html) Chrome\/131.0.6778.139 Safari\/537.36","locale":"ar","external_id":"0","email":"e3b0c44298fc1c149afbf4c8996fb92427ae41e4649b934ca495991b7852b855","phone_number":"e3b0c44298fc1c149afbf4c8996fb92427ae41e4649b934ca495991b7852b855","first_name":"e3b0c44298fc1c149afbf4c8996fb92427ae41e4649b934ca495991b7852b855","last_name":"e3b0c44298fc1c149afbf4c8996fb92427ae41e4649b934ca495991b7852b855","zip_code":"e3b0c44298fc1c149afbf4c8996fb92427ae41e4649b934ca495991b7852b855"},"page":{"url":"http:\/\/www.ibn-sinaa.com\/wp-content\/cache\/min\/1\/wp-content\/themes\/xtra\/assets\/css\/core.css?ver=1735723418","referrer":"https:\/\/www.ibn-sinaa.com\/"}}]}
 ajax: no
2025-01-01T13:52:11+00:00 DEBUG Tt4b_Mapi_Class::mapi_post: Response: 

HTTP/1.1 200 OK
Server: nginx
Content-Type: application/json
Content-Length: 92
X-Tt-Logid: 2025010113521150ADEE7B4CE787CBEBF3
Server-Timing: inner; dur=24
x-tt-trace-host: 018e5a586174a888928d793bdac74b79b51a437ee89a1c03eb2011d034a2e3e9f5e00ee912ac5da7b167efbc329f41e47bd9c334fda0e6a20fc6eb625199af79a1ce30acc7e22de6eb890a001edebdf90b393589e88bb7e51f7063f9631abcf527
x-tt-trace-id: 00-25010113521150ADEE7B4CE787CBEBF3-4AFC2966674FF972-00
Expires: Wed, 01 Jan 2025 13:52:11 GMT
Cache-Control: max-age=0, no-cache, no-store
Pragma: no-cache
Date: Wed, 01 Jan 2025 13:52:11 GMT
X-Cache: TCP_MISS from a95-101-134-92.deploy.akamaitechnologies.com (AkamaiGHost/11.7.2.1-9611f29bef89eba7b18045b10aa2af98) (-)
Connection: close
x-tt-trace-tag: id=16;cdn-cache=miss;type=dyn
Server-Timing: cdn-cache; desc=MISS, edge; dur=4, origin; dur=114
X-Origin-Response-Time: 115,95.101.134.92
X-Akamai-Request-ID: 2f8f38dd

{"code": 0, "message": "OK", "request_id": "2025010113521150ADEE7B4CE787CBEBF3", "data": {}}
2025-01-01T13:52:12+00:00 DEBUG POST: https://business-api.tiktok.com/open_api/v1.3/event/track/

{"partner_name":"WooCommerce","event_source":"web","event_source_id":"CSM79Q3C77UAG1T340I0","data":[{"event":"Pageview","event_id":"6775488c2c4ad_tt4b_woocommerce_670666209cf1f","event_time":1735739532,"user":{"ip":"66.249.66.166","user_agent":"Mozilla\/5.0 AppleWebKit\/537.36 (KHTML, like Gecko; compatible; Googlebot\/2.1; +http:\/\/www.google.com\/bot.html) Chrome\/131.0.6778.139 Safari\/537.36","locale":"ar","external_id":"0","email":"e3b0c44298fc1c149afbf4c8996fb92427ae41e4649b934ca495991b7852b855","phone_number":"e3b0c44298fc1c149afbf4c8996fb92427ae41e4649b934ca495991b7852b855","first_name":"e3b0c44298fc1c149afbf4c8996fb92427ae41e4649b934ca495991b7852b855","last_name":"e3b0c44298fc1c149afbf4c8996fb92427ae41e4649b934ca495991b7852b855","zip_code":"e3b0c44298fc1c149afbf4c8996fb92427ae41e4649b934ca495991b7852b855"},"page":{"url":"http:\/\/www.ibn-sinaa.com\/wp-content\/cache\/min\/1\/wp-content\/themes\/xtra\/assets\/css\/core-mobile.css?ver=1734048000","referrer":"https:\/\/www.ibn-sinaa.com\/"}}]}
 ajax: no
2025-01-01T13:52:12+00:00 DEBUG Tt4b_Mapi_Class::mapi_post: Response: 

HTTP/1.1 200 OK
Server: nginx
Content-Type: application/json
Content-Length: 92
X-Tt-Logid: 202501011352124820D08A8ECECBB059AB
Server-Timing: inner; dur=26
x-tt-trace-host: 018e5a586174a888928d793bdac74b79b520593bf434961dbceff88e4b17f9a156cbe93ab33a375be4a48c769669550f52cc43a630c1f99e89fa6f173e93ed0f186d319f0e0dfe62ea9b0c29aafffb429e33d7557f0cd1e93288ec20ed02ae3f8b
x-tt-trace-id: 00-2501011352124820D08A8ECECBB059AB-51D515A15BF6885F-00
Expires: Wed, 01 Jan 2025 13:52:12 GMT
Cache-Control: max-age=0, no-cache, no-store
Pragma: no-cache
Date: Wed, 01 Jan 2025 13:52:12 GMT
X-Cache: TCP_MISS from a95-101-134-116.deploy.akamaitechnologies.com (AkamaiGHost/11.7.2.1-9611f29bef89eba7b18045b10aa2af98) (-)
Connection: close
x-tt-trace-tag: id=16;cdn-cache=miss;type=dyn
Server-Timing: cdn-cache; desc=MISS, edge; dur=1, origin; dur=112
X-Origin-Response-Time: 113,95.101.134.116
X-Akamai-Request-ID: 2989bc7a

{"code": 0, "message": "OK", "request_id": "202501011352124820D08A8ECECBB059AB", "data": {}}
2025-01-01T13:52:17+00:00 DEBUG POST: https://business-api.tiktok.com/open_api/v1.3/event/track/

{"partner_name":"WooCommerce","event_source":"web","event_source_id":"CSM79Q3C77UAG1T340I0","data":[{"event":"Pageview","event_id":"677548918d311_tt4b_woocommerce_670666209cf1f","event_time":1735739537,"user":{"ip":"66.249.66.166","user_agent":"Mozilla\/5.0 AppleWebKit\/537.36 (KHTML, like Gecko; compatible; Googlebot\/2.1; +http:\/\/www.google.com\/bot.html) Chrome\/131.0.6778.139 Safari\/537.36","locale":"ar","external_id":"0","email":"e3b0c44298fc1c149afbf4c8996fb92427ae41e4649b934ca495991b7852b855","phone_number":"e3b0c44298fc1c149afbf4c8996fb92427ae41e4649b934ca495991b7852b855","first_name":"e3b0c44298fc1c149afbf4c8996fb92427ae41e4649b934ca495991b7852b855","last_name":"e3b0c44298fc1c149afbf4c8996fb92427ae41e4649b934ca495991b7852b855","zip_code":"e3b0c44298fc1c149afbf4c8996fb92427ae41e4649b934ca495991b7852b855"},"page":{"url":"http:\/\/www.ibn-sinaa.com\/wp-content\/cache\/min\/1\/wp-content\/plugins\/codevz-plus\/assets\/css\/codevzplus-mobile.css?ver=1734048000","referrer":"https:\/\/www.ibn-sinaa.com\/"}}]}
 ajax: no
2025-01-01T13:52:17+00:00 DEBUG Tt4b_Mapi_Class::mapi_post: Response: 

HTTP/1.1 200 OK
Server: nginx
Content-Type: application/json
Content-Length: 92
X-Tt-Logid: 20250101135217F6F139D481533C6D1E3A
x-tt-trace-host: 018e5a586174a888928d793bdac74b79b56517d7628cf0ffdff56b078ad2cf5615ddd5f71ea8921c750adfcc80749fccb47722d7a51677d997478d1c2d4ef3f339c39e1f12b32a5b06e72146fba4b527ed6ea9598e9dfc68d92f7a3d4d1781b831a3e28cdc9f5971cea675e84c17f6cb2d
x-tt-trace-id: 00-250101135217F6F139D481533C6D1E3A-2922F2A7618C317E-00
X-Origin-Response-Time: 37,23.218.219.58
X-Akamai-Request-ID: f8d802a.2f902ea6
Expires: Wed, 01 Jan 2025 13:52:17 GMT
Cache-Control: max-age=0, no-cache, no-store
Pragma: no-cache
Date: Wed, 01 Jan 2025 13:52:17 GMT
X-Cache: TCP_MISS from a95-101-134-92.deploy.akamaitechnologies.com (AkamaiGHost/11.7.2.1-9611f29bef89eba7b18045b10aa2af98) (-)
Connection: close
X-Cache-Remote: TCP_MISS from a23-218-219-58.deploy.akamaitechnologies.com (AkamaiGHost/11.7.2.1-9611f29bef89eba7b18045b10aa2af98) (-)
x-tt-trace-tag: id=16;cdn-cache=miss;type=dyn
Server-Timing: cdn-cache; desc=MISS, edge; dur=80, origin; dur=37
Server-Timing: inner; dur=34
X-Parent-Response-Time: 117,95.101.134.92

{"code": 0, "message": "OK", "request_id": "20250101135217F6F139D481533C6D1E3A", "data": {}}
2025-01-01T13:52:20+00:00 DEBUG POST: https://business-api.tiktok.com/open_api/v1.3/event/track/

{"partner_name":"WooCommerce","event_source":"web","event_source_id":"CSM79Q3C77UAG1T340I0","data":[{"event":"Pageview","event_id":"67754894bd5df_tt4b_woocommerce_670666209cf1f","event_time":1735739540,"user":{"ip":"66.249.66.71","user_agent":"Mozilla\/5.0 AppleWebKit\/537.36 (KHTML, like Gecko; compatible; Googlebot\/2.1; +http:\/\/www.google.com\/bot.html) Chrome\/131.0.6778.139 Safari\/537.36","locale":"ar","external_id":"0","email":"e3b0c44298fc1c149afbf4c8996fb92427ae41e4649b934ca495991b7852b855","phone_number":"e3b0c44298fc1c149afbf4c8996fb92427ae41e4649b934ca495991b7852b855","first_name":"e3b0c44298fc1c149afbf4c8996fb92427ae41e4649b934ca495991b7852b855","last_name":"e3b0c44298fc1c149afbf4c8996fb92427ae41e4649b934ca495991b7852b855","zip_code":"e3b0c44298fc1c149afbf4c8996fb92427ae41e4649b934ca495991b7852b855"},"page":{"url":"http:\/\/ibn-sinaa.com\/wp-content\/cache\/min\/1\/wp-content\/plugins\/codevz-plus\/assets\/css\/codevzplus-tablet.css?ver=1734048000"}}]}
 ajax: no
2025-01-01T13:52:20+00:00 DEBUG Tt4b_Mapi_Class::mapi_post: Response: 

HTTP/1.1 200 OK
Server: nginx
Content-Type: application/json
Content-Length: 92
X-Tt-Logid: 2025010113522024E016EA8F578DACD3BD
x-tt-trace-host: 018e5a586174a888928d793bdac74b79b519a86797e72c2eba011e03e23beee17dbe92f2a3d4301b1175667d8418330c3a6e208c79805f623c0412988d38364ae43ae51ec042c001431735f0f43d5e27eca01d93a8033d9bb5726c51b0ebc0744b36d0d10592ba9d6edd8a262081c4a1d6
x-tt-trace-id: 00-25010113522024E016EA8F578DACD3BD-19F4E9E27C0B571D-00
X-Origin-Response-Time: 29,23.207.199.113
X-Akamai-Request-ID: faefc4.298af1f3
Expires: Wed, 01 Jan 2025 13:52:20 GMT
Cache-Control: max-age=0, no-cache, no-store
Pragma: no-cache
Date: Wed, 01 Jan 2025 13:52:20 GMT
X-Cache: TCP_MISS from a95-101-134-116.deploy.akamaitechnologies.com (AkamaiGHost/11.7.2.1-9611f29bef89eba7b18045b10aa2af98) (-)
Connection: close
X-Cache-Remote: TCP_MISS from a23-207-199-113.deploy.akamaitechnologies.com (AkamaiGHost/11.7.2.1-9611f29bef89eba7b18045b10aa2af98) (-)
x-tt-trace-tag: id=16;cdn-cache=miss;type=dyn
Server-Timing: cdn-cache; desc=MISS, edge; dur=97, origin; dur=29
Server-Timing: inner; dur=25
X-Parent-Response-Time: 125,95.101.134.116

{"code": 0, "message": "OK", "request_id": "2025010113522024E016EA8F578DACD3BD", "data": {}}
2025-01-01T13:52:23+00:00 DEBUG POST: https://business-api.tiktok.com/open_api/v1.3/event/track/

{"partner_name":"WooCommerce","event_source":"web","event_source_id":"CSM79Q3C77UAG1T340I0","data":[{"event":"Pageview","event_id":"67754897be051_tt4b_woocommerce_670666209cf1f","event_time":1735739543,"user":{"ip":"66.249.66.166","user_agent":"Mozilla\/5.0 AppleWebKit\/537.36 (KHTML, like Gecko; compatible; Googlebot\/2.1; +http:\/\/www.google.com\/bot.html) Chrome\/131.0.6778.139 Safari\/537.36","locale":"ar","external_id":"0","email":"e3b0c44298fc1c149afbf4c8996fb92427ae41e4649b934ca495991b7852b855","phone_number":"e3b0c44298fc1c149afbf4c8996fb92427ae41e4649b934ca495991b7852b855","first_name":"e3b0c44298fc1c149afbf4c8996fb92427ae41e4649b934ca495991b7852b855","last_name":"e3b0c44298fc1c149afbf4c8996fb92427ae41e4649b934ca495991b7852b855","zip_code":"e3b0c44298fc1c149afbf4c8996fb92427ae41e4649b934ca495991b7852b855"},"page":{"url":"http:\/\/www.ibn-sinaa.com\/wp-content\/cache\/min\/1\/wp-content\/themes\/xtra\/assets\/css\/core-mobile.css?ver=1735723418","referrer":"https:\/\/www.ibn-sinaa.com\/"}}]}
 ajax: no
2025-01-01T13:52:23+00:00 DEBUG Tt4b_Mapi_Class::mapi_post: Response: 

HTTP/1.1 200 OK
Server: nginx
Content-Type: application/json
Content-Length: 92
X-Tt-Logid: 2025010113522312A13ED00B4E9C58A1A0
x-tt-trace-host: 018e5a586174a888928d793bdac74b79b519a86797e72c2eba011e03e23beee17dc329a56e57cbae81530b4b1bb50c122597dd62accf15d1fb2a585b971c090b9ad0e1be822db24d1bc679cb041807fbc7092a1734ca8915190f53f6c7f9d24ccab18e633a59672d404210284d9d3af031
x-tt-trace-id: 00-25010113522312A13ED00B4E9C58A1A0-108F1AC379B91A5C-00
X-Origin-Response-Time: 28,23.207.199.77
X-Akamai-Request-ID: 337a30.298b6064
Expires: Wed, 01 Jan 2025 13:52:23 GMT
Cache-Control: max-age=0, no-cache, no-store
Pragma: no-cache
Date: Wed, 01 Jan 2025 13:52:23 GMT
X-Cache: TCP_MISS from a95-101-134-116.deploy.akamaitechnologies.com (AkamaiGHost/11.7.2.1-9611f29bef89eba7b18045b10aa2af98) (-)
Connection: close
X-Cache-Remote: TCP_MISS from a23-207-199-77.deploy.akamaitechnologies.com (AkamaiGHost/11.7.2.1-9611f29bef89eba7b18045b10aa2af98) (-)
x-tt-trace-tag: id=16;cdn-cache=miss;type=dyn
Server-Timing: cdn-cache; desc=MISS, edge; dur=80, origin; dur=28
Server-Timing: inner; dur=24
X-Parent-Response-Time: 108,95.101.134.116

{"code": 0, "message": "OK", "request_id": "2025010113522312A13ED00B4E9C58A1A0", "data": {}}
2025-01-01T13:52:26+00:00 DEBUG POST: https://business-api.tiktok.com/open_api/v1.3/event/track/

{"partner_name":"WooCommerce","event_source":"web","event_source_id":"CSM79Q3C77UAG1T340I0","data":[{"event":"Pageview","event_id":"6775489aafb80_tt4b_woocommerce_670666209cf1f","event_time":1735739546,"user":{"ip":"66.249.66.166","user_agent":"Mozilla\/5.0 AppleWebKit\/537.36 (KHTML, like Gecko; compatible; Googlebot\/2.1; +http:\/\/www.google.com\/bot.html) Chrome\/131.0.6778.139 Safari\/537.36","locale":"ar","external_id":"0","email":"e3b0c44298fc1c149afbf4c8996fb92427ae41e4649b934ca495991b7852b855","phone_number":"e3b0c44298fc1c149afbf4c8996fb92427ae41e4649b934ca495991b7852b855","first_name":"e3b0c44298fc1c149afbf4c8996fb92427ae41e4649b934ca495991b7852b855","last_name":"e3b0c44298fc1c149afbf4c8996fb92427ae41e4649b934ca495991b7852b855","zip_code":"e3b0c44298fc1c149afbf4c8996fb92427ae41e4649b934ca495991b7852b855"},"page":{"url":"http:\/\/www.ibn-sinaa.com\/wp-content\/cache\/min\/1\/wp-content\/plugins\/codevz-plus\/assets\/css\/codevzplus-mobile.css?ver=1735723418","referrer":"https:\/\/www.ibn-sinaa.com\/"}}]}
 ajax: no
2025-01-01T13:52:26+00:00 DEBUG Tt4b_Mapi_Class::mapi_post: Response: 

HTTP/1.1 200 OK
Server: nginx
Content-Type: application/json
Content-Length: 92
X-Tt-Logid: 202501011352265272FA42C108F21D1608
x-tt-trace-host: 018e5a586174a888928d793bdac74b79b56517d7628cf0ffdff56b078ad2cf561544234057684611d15fced513a8d1ebdf03bc543647eeae4c1c44e4e1e3b5aacdce84774daf9c0174bd95fe9b59073c33ce38af4620243eb31b4bf3a490e3b6417321af799d9cac7f50d5cf1e8eaab729
x-tt-trace-id: 00-2501011352265272FA42C108F21D1608-28D9DCB785BD1070-00
X-Origin-Response-Time: 31,23.207.199.66
X-Akamai-Request-ID: 5aa0c65.2f91878a
Expires: Wed, 01 Jan 2025 13:52:26 GMT
Cache-Control: max-age=0, no-cache, no-store
Pragma: no-cache
Date: Wed, 01 Jan 2025 13:52:26 GMT
X-Cache: TCP_MISS from a95-101-134-92.deploy.akamaitechnologies.com (AkamaiGHost/11.7.2.1-9611f29bef89eba7b18045b10aa2af98) (-)
Connection: close
X-Cache-Remote: TCP_MISS from a23-207-199-66.deploy.akamaitechnologies.com (AkamaiGHost/11.7.2.1-9611f29bef89eba7b18045b10aa2af98) (-)
x-tt-trace-tag: id=16;cdn-cache=miss;type=dyn
Server-Timing: cdn-cache; desc=MISS, edge; dur=95, origin; dur=31
Server-Timing: inner; dur=21
X-Parent-Response-Time: 126,95.101.134.92

{"code": 0, "message": "OK", "request_id": "202501011352265272FA42C108F21D1608", "data": {}}
2025-01-01T13:52:48+00:00 DEBUG POST: https://business-api.tiktok.com/open_api/v1.3/event/track/

{"partner_name":"WooCommerce","event_source":"web","event_source_id":"CSM79Q3C77UAG1T340I0","data":[{"event":"Pageview","event_id":"677548b0bb47a_tt4b_woocommerce_670666209cf1f","event_time":1735739568,"user":{"ip":"87.250.224.13","user_agent":"Mozilla\/5.0 (compatible; YandexBot\/3.0; +http:\/\/yandex.com\/bots)","locale":"ar","external_id":"0","email":"e3b0c44298fc1c149afbf4c8996fb92427ae41e4649b934ca495991b7852b855","phone_number":"e3b0c44298fc1c149afbf4c8996fb92427ae41e4649b934ca495991b7852b855","first_name":"e3b0c44298fc1c149afbf4c8996fb92427ae41e4649b934ca495991b7852b855","last_name":"e3b0c44298fc1c149afbf4c8996fb92427ae41e4649b934ca495991b7852b855","zip_code":"e3b0c44298fc1c149afbf4c8996fb92427ae41e4649b934ca495991b7852b855"},"page":{"url":"http:\/\/www.ibn-sinaa.com\/mega-menu-category\/"}}]}
 ajax: no
2025-01-01T13:52:48+00:00 DEBUG Tt4b_Mapi_Class::mapi_post: Response: 

HTTP/1.1 200 OK
Server: nginx
Content-Type: application/json
Content-Length: 92
X-Tt-Logid: 2025010113524892DB215EC783DCF29B36
x-tt-trace-host: 018e5a586174a888928d793bdac74b79b519a86797e72c2eba011e03e23beee17d01a7c9f1e84b090bf3dcdbc680d89f8f191c652b6340d856b3ab4bd9f47acda2f48755d3c778aedfc7ed2bb9de25c341c9a9816b245467179204918ad3b9b41e92909f50201a336cf6322551946285ad
x-tt-trace-id: 00-25010113524892DB215EC783DCF29B36-5A60B99E65F771D0-00
X-Origin-Response-Time: 40,23.207.199.27
X-Akamai-Request-ID: 14eae130.298ec17b
Expires: Wed, 01 Jan 2025 13:52:48 GMT
Cache-Control: max-age=0, no-cache, no-store
Pragma: no-cache
Date: Wed, 01 Jan 2025 13:52:48 GMT
X-Cache: TCP_MISS from a95-101-134-116.deploy.akamaitechnologies.com (AkamaiGHost/11.7.2.1-9611f29bef89eba7b18045b10aa2af98) (-)
Connection: close
X-Cache-Remote: TCP_MISS from a23-207-199-27.deploy.akamaitechnologies.com (AkamaiGHost/11.7.2.1-9611f29bef89eba7b18045b10aa2af98) (-)
x-tt-trace-tag: id=16;cdn-cache=miss;type=dyn
Server-Timing: cdn-cache; desc=MISS, edge; dur=80, origin; dur=40
Server-Timing: inner; dur=36
X-Parent-Response-Time: 120,95.101.134.116

{"code": 0, "message": "OK", "request_id": "2025010113524892DB215EC783DCF29B36", "data": {}}
2025-01-01T13:56:08+00:00 DEBUG POST: https://business-api.tiktok.com/open_api/v1.3/event/track/

{"partner_name":"WooCommerce","event_source":"web","event_source_id":"CSM79Q3C77UAG1T340I0","data":[{"event":"Pageview","event_id":"67754978809a0_tt4b_woocommerce_670666209cf1f","event_time":1735739768,"user":{"ip":"194.38.23.18","user_agent":"ALittle Client","locale":"ar","external_id":"0","email":"e3b0c44298fc1c149afbf4c8996fb92427ae41e4649b934ca495991b7852b855","phone_number":"e3b0c44298fc1c149afbf4c8996fb92427ae41e4649b934ca495991b7852b855","first_name":"e3b0c44298fc1c149afbf4c8996fb92427ae41e4649b934ca495991b7852b855","last_name":"e3b0c44298fc1c149afbf4c8996fb92427ae41e4649b934ca495991b7852b855","zip_code":"e3b0c44298fc1c149afbf4c8996fb92427ae41e4649b934ca495991b7852b855"},"page":{"url":"http:\/\/ibn-sinaa.com\/admin\/elfinder\/connectors\/php\/connector.php"}}]}
 ajax: no
2025-01-01T13:56:08+00:00 DEBUG Tt4b_Mapi_Class::mapi_post: Response: 

HTTP/1.1 200 OK
Server: nginx
Content-Type: application/json
Content-Length: 92
X-Tt-Logid: 20250101135608FDC0A8023E7232AFE35C
x-tt-trace-host: 018e5a586174a888928d793bdac74b79b52a36c08622bbc2ac99357be22beb959ad16fbea461b858a34829f628a8c464205ce652e887726390f39af0eff076f2cdc02373f2ea8b0430d782ed0bbe27fb6198dfe2b701118937f33c14be70eba7f5dd27893a43c012d3833e1ddfe8ed12f9
x-tt-trace-id: 00-250101135608FDC0A8023E7232AFE35C-086F045A2318FACB-00
X-Origin-Response-Time: 31,23.218.219.63
X-Akamai-Request-ID: 874cf.210698a8
Expires: Wed, 01 Jan 2025 13:56:08 GMT
Cache-Control: max-age=0, no-cache, no-store
Pragma: no-cache
Date: Wed, 01 Jan 2025 13:56:08 GMT
X-Cache: TCP_MISS from a95-101-134-36.deploy.akamaitechnologies.com (AkamaiGHost/11.7.2.1-9611f29bef89eba7b18045b10aa2af98) (-)
Connection: close
X-Cache-Remote: TCP_MISS from a23-218-219-63.deploy.akamaitechnologies.com (AkamaiGHost/11.7.2.1-9611f29bef89eba7b18045b10aa2af98) (-)
x-tt-trace-tag: id=16;cdn-cache=miss;type=dyn
Server-Timing: cdn-cache; desc=MISS, edge; dur=84, origin; dur=31
Server-Timing: inner; dur=27
X-Parent-Response-Time: 114,95.101.134.36

{"code": 0, "message": "OK", "request_id": "20250101135608FDC0A8023E7232AFE35C", "data": {}}
2025-01-01T14:00:00+00:00 DEBUG POST: https://business-api.tiktok.com/open_api/v1.3/event/track/

{"partner_name":"WooCommerce","event_source":"web","event_source_id":"CSM79Q3C77UAG1T340I0","data":[{"event":"Pageview","event_id":"67754a603358f_tt4b_woocommerce_670666209cf1f","event_time":1735740000,"user":{"ip":"66.249.66.166","user_agent":"Mozilla\/5.0 (Linux; Android 6.0.1; Nexus 5X Build\/MMB29P) AppleWebKit\/537.36 (KHTML, like Gecko) Chrome\/131.0.6778.204 Mobile Safari\/537.36 (compatible; Googlebot\/2.1; +http:\/\/www.google.com\/bot.html)","locale":"ar","external_id":"0","email":"e3b0c44298fc1c149afbf4c8996fb92427ae41e4649b934ca495991b7852b855","phone_number":"e3b0c44298fc1c149afbf4c8996fb92427ae41e4649b934ca495991b7852b855","first_name":"e3b0c44298fc1c149afbf4c8996fb92427ae41e4649b934ca495991b7852b855","last_name":"e3b0c44298fc1c149afbf4c8996fb92427ae41e4649b934ca495991b7852b855","zip_code":"e3b0c44298fc1c149afbf4c8996fb92427ae41e4649b934ca495991b7852b855"},"page":{"url":"http:\/\/www.ibn-sinaa.com\/product-tag\/%D8%B7%D8%A8%D8%A7%D8%B9%D8%A9-%D8%B9%D9%84%D9%85-%D9%85%D9%83%D8%AA%D8%A8%D9%8A\/"}}]}
 ajax: no
2025-01-01T14:00:00+00:00 DEBUG Tt4b_Mapi_Class::mapi_post: Response: 

HTTP/1.1 200 OK
Server: nginx
Content-Type: application/json
Content-Length: 92
X-Tt-Logid: 202501011400006CED9BCDC6E51C609478
Server-Timing: inner; dur=25
x-tt-trace-host: 018e5a586174a888928d793bdac74b79b520593bf434961dbceff88e4b17f9a156c3aef135ce81c7e98514649bba833d0e8836f8f308102e1952aeb2bb162d4d634358505c42633b3e42b17af49c1f5eff2bbc7bff648f1e476199668e5524ef98
x-tt-trace-id: 00-2501011400006CED9BCDC6E51C609478-6A85ED9C541D60C2-00
Expires: Wed, 01 Jan 2025 14:00:00 GMT
Cache-Control: max-age=0, no-cache, no-store
Pragma: no-cache
Date: Wed, 01 Jan 2025 14:00:00 GMT
X-Cache: TCP_MISS from a95-101-134-116.deploy.akamaitechnologies.com (AkamaiGHost/11.7.2.1-9611f29bef89eba7b18045b10aa2af98) (-)
Connection: close
x-tt-trace-tag: id=16;cdn-cache=miss;type=dyn
Server-Timing: cdn-cache; desc=MISS, edge; dur=1, origin; dur=107
X-Origin-Response-Time: 107,95.101.134.116
X-Akamai-Request-ID: 29c89868

{"code": 0, "message": "OK", "request_id": "202501011400006CED9BCDC6E51C609478", "data": {}}
2025-01-01T14:00:28+00:00 DEBUG POST: https://business-api.tiktok.com/open_api/v1.3/event/track/

{"partner_name":"WooCommerce","event_source":"web","event_source_id":"CSM79Q3C77UAG1T340I0","data":[{"event":"Pageview","event_id":"67754a7c8d145_tt4b_woocommerce_670666209cf1f","event_time":1735740028,"user":{"ip":"54.36.149.92","user_agent":"Mozilla\/5.0 (compatible; AhrefsBot\/7.0; +http:\/\/ahrefs.com\/robot\/)","locale":"ar","external_id":"0","email":"e3b0c44298fc1c149afbf4c8996fb92427ae41e4649b934ca495991b7852b855","phone_number":"e3b0c44298fc1c149afbf4c8996fb92427ae41e4649b934ca495991b7852b855","first_name":"e3b0c44298fc1c149afbf4c8996fb92427ae41e4649b934ca495991b7852b855","last_name":"e3b0c44298fc1c149afbf4c8996fb92427ae41e4649b934ca495991b7852b855","zip_code":"e3b0c44298fc1c149afbf4c8996fb92427ae41e4649b934ca495991b7852b855"},"page":{"url":"http:\/\/mail.ibn-sinaa.com\/product\/stand-screen\/"}}]}
 ajax: no
2025-01-01T14:00:28+00:00 DEBUG Tt4b_Mapi_Class::mapi_post: Response: 

HTTP/1.1 200 OK
Server: nginx
Content-Type: application/json
Content-Length: 92
X-Tt-Logid: 20250101140028A272F996C0F429200FE7
Server-Timing: inner; dur=30
x-tt-trace-host: 018e5a586174a888928d793bdac74b79b51a437ee89a1c03eb2011d034a2e3e9f54969781bb0475e8b87658e65bec98550bd1204d90734ff510117a01f7f034322f1960857a0c9e8e1edc7595e4ef4c73631793047c0e329f573e6bc16dd967e3e
x-tt-trace-id: 00-250101140028A272F996C0F429200FE7-008FEBF77B9772F1-00
Expires: Wed, 01 Jan 2025 14:00:28 GMT
Cache-Control: max-age=0, no-cache, no-store
Pragma: no-cache
Date: Wed, 01 Jan 2025 14:00:28 GMT
X-Cache: TCP_MISS from a95-101-134-92.deploy.akamaitechnologies.com (AkamaiGHost/11.7.2.1-9611f29bef89eba7b18045b10aa2af98) (-)
Connection: close
x-tt-trace-tag: id=16;cdn-cache=miss;type=dyn
Server-Timing: cdn-cache; desc=MISS, edge; dur=1, origin; dur=110
X-Origin-Response-Time: 111,95.101.134.92
X-Akamai-Request-ID: 11f282

{"code": 0, "message": "OK", "request_id": "20250101140028A272F996C0F429200FE7", "data": {}}
2025-01-01T14:00:28+00:00 DEBUG Tt4b_Pixel_Class::inject_view_content_event: hit ViewContent
2025-01-01T14:00:28+00:00 DEBUG POST: https://business-api.tiktok.com/open_api/v1.3/event/track/

{"partner_name":"WooCommerce","event_source":"web","event_source_id":"CSM79Q3C77UAG1T340I0","data":[{"event":"ViewContent","event_id":"67754a7ccc380_tt4b_woocommerce_670666209cf1f_4228","event_time":1735740028,"user":{"ip":"54.36.149.92","user_agent":"Mozilla\/5.0 (compatible; AhrefsBot\/7.0; +http:\/\/ahrefs.com\/robot\/)","locale":"ar","external_id":"0","email":"e3b0c44298fc1c149afbf4c8996fb92427ae41e4649b934ca495991b7852b855","phone_number":"e3b0c44298fc1c149afbf4c8996fb92427ae41e4649b934ca495991b7852b855","first_name":"e3b0c44298fc1c149afbf4c8996fb92427ae41e4649b934ca495991b7852b855","last_name":"e3b0c44298fc1c149afbf4c8996fb92427ae41e4649b934ca495991b7852b855","zip_code":"e3b0c44298fc1c149afbf4c8996fb92427ae41e4649b934ca495991b7852b855"},"properties":{"contents":[{"price":499,"quantity":1,"content_id":"4228","content_name":"\u0627\u0633\u062a\u0627\u0646\u062f \u0634\u0627\u0634\u0647 \u062e\u0627\u0631\u062c\u064a \u0645\u0639 \u0627\u0636\u0627\u0621\u0629","description":"\u0637\u0628\u0627\u0639\u0629 \u0627\u0633\u062a\u0627\u0646\u062f \u062e\u0627\u0631\u062c\u064a \u0645\u0639 \u0625\u0636\u0627\u0621\u0629 \u0645\u0646 \u0645\u062a\u062c\u0631 \u0645\u0643\u062a\u0628\u0629 \u0627\u0628\u0646 \u0633\u064a\u0646\u0627 \u0627\u0644\u0625\u0644\u0643\u062a\u0631\u0648\u0646\u064a\u060c \u0645\u0635\u0645\u0645 \u0644\u0625\u0636\u0627\u0641\u0629 \u0644\u0645\u0633\u0629 \u0645\u0646 \u0627\u0644\u0623\u0646\u0627\u0642\u0629 \u0648\u0627\u0644\u0627\u062d\u062a\u0631\u0627\u0641\u064a\u0629 \u0644\u0639\u0631\u0636 \u0645\u0646\u062a\u062c\u0627\u062a\u0643 \u0623\u0648 \u0645\u0648\u0627\u062f\u0643 \u0627\u0644\u0625\u0639\u0644\u0627\u0646\u064a\u0629. \u064a\u062a\u0645\u064a\u0632 \u0647\u0630\u0627 \u0627\u0644\u0627\u0633\u062a\u0627\u0646\u062f \u0628\u062c\u0648\u062f\u0629 \u0639\u0627\u0644\u064a\u0629 \u0648\u062a\u0635\u0645\u064a\u0645 \u0645\u0646\u062d\u0646\u064a \u064a\u0644\u0641\u062a \u0627\u0644\u0623\u0646\u0638\u0627\u0631 \u0648\u064a\u0639\u0632\u0632 \u0645\u0646 \u062c\u0627\u0630\u0628\u064a\u0629 \u0627\u0644\u0639\u0631\u0636.","availability":"IN_STOCK","sale_price":499,"on_sale":false}],"content_type":"product","currency":"SAR","value":499,"event_trigger_source":"WooCommerce"},"page":{"url":"http:\/\/mail.ibn-sinaa.com\/product\/stand-screen\/"}}]}
 ajax: no
2025-01-01T14:00:28+00:00 DEBUG Tt4b_Mapi_Class::mapi_post: Response: 

HTTP/1.1 200 OK
Server: nginx
Content-Type: application/json
Content-Length: 92
X-Tt-Logid: 2025010114002896081B89ACE6E6224CC2
x-tt-trace-host: 018e5a586174a888928d793bdac74b79b56517d7628cf0ffdff56b078ad2cf56158e9533a2f732d8fd4bab90474ccf630a36b5a0937a6a7a6715965efe35a9e33d471164edad38ca4bed2dc8bed7b70435b4a43ce198b85646d82fbe4f5845cd5be363b2450b27f5406cab5610797caf18
x-tt-trace-id: 00-25010114002896081B89ACE6E6224CC2-09E94D917A00FAE7-00
X-Origin-Response-Time: 27,23.36.67.101
X-Akamai-Request-ID: af99c35.11f98e
Expires: Wed, 01 Jan 2025 14:00:28 GMT
Cache-Control: max-age=0, no-cache, no-store
Pragma: no-cache
Date: Wed, 01 Jan 2025 14:00:28 GMT
X-Cache: TCP_MISS from a95-101-134-92.deploy.akamaitechnologies.com (AkamaiGHost/11.7.2.1-9611f29bef89eba7b18045b10aa2af98) (-)
Connection: close
X-Cache-Remote: TCP_MISS from a23-36-67-101.deploy.akamaitechnologies.com (AkamaiGHost/11.7.2.1-9611f29bef89eba7b18045b10aa2af98) (-)
x-tt-trace-tag: id=16;cdn-cache=miss;type=dyn
Server-Timing: cdn-cache; desc=MISS, edge; dur=82, origin; dur=27
Server-Timing: inner; dur=20
X-Parent-Response-Time: 107,95.101.134.92

{"code": 0, "message": "OK", "request_id": "2025010114002896081B89ACE6E6224CC2", "data": {}}
2025-01-01T14:00:37+00:00 DEBUG POST: https://business-api.tiktok.com/open_api/v1.3/event/track/

{"partner_name":"WooCommerce","event_source":"web","event_source_id":"CSM79Q3C77UAG1T340I0","data":[{"event":"Pageview","event_id":"67754a85536b2_tt4b_woocommerce_670666209cf1f","event_time":1735740037,"user":{"ip":"40.77.167.42","user_agent":"Mozilla\/5.0 AppleWebKit\/537.36 (KHTML, like Gecko; compatible; bingbot\/2.0; +http:\/\/www.bing.com\/bingbot.htm) Chrome\/116.0.1938.76 Safari\/537.36","locale":"ar","external_id":"0","email":"e3b0c44298fc1c149afbf4c8996fb92427ae41e4649b934ca495991b7852b855","phone_number":"e3b0c44298fc1c149afbf4c8996fb92427ae41e4649b934ca495991b7852b855","first_name":"e3b0c44298fc1c149afbf4c8996fb92427ae41e4649b934ca495991b7852b855","last_name":"e3b0c44298fc1c149afbf4c8996fb92427ae41e4649b934ca495991b7852b855","zip_code":"e3b0c44298fc1c149afbf4c8996fb92427ae41e4649b934ca495991b7852b855"},"page":{"url":"http:\/\/mail.ibn-sinaa.com\/product-category\/school-and-student-printing\/records\/"}}]}
 ajax: no
2025-01-01T14:00:37+00:00 DEBUG Tt4b_Mapi_Class::mapi_post: Response: 

HTTP/1.1 200 OK
Server: nginx
Content-Type: application/json
Content-Length: 92
X-Tt-Logid: 20250101140037A272F996C0F429201437
Server-Timing: inner; dur=23
x-tt-trace-host: 018e5a586174a888928d793bdac74b79b51a437ee89a1c03eb2011d034a2e3e9f54969781bb0475e8b87658e65bec98550a76a40b8a43967db9bb98c371792bb78f2bb45bf294299ba928b9d479763d559846b2dd33ad3c8089a6372eef6e94926
x-tt-trace-id: 00-250101140037A272F996C0F429201437-1CA44F461DB7DA2E-00
Expires: Wed, 01 Jan 2025 14:00:37 GMT
Cache-Control: max-age=0, no-cache, no-store
Pragma: no-cache
Date: Wed, 01 Jan 2025 14:00:37 GMT
X-Cache: TCP_MISS from a95-101-134-92.deploy.akamaitechnologies.com (AkamaiGHost/11.7.2.1-9611f29bef89eba7b18045b10aa2af98) (-)
Connection: close
x-tt-trace-tag: id=16;cdn-cache=miss;type=dyn
Server-Timing: cdn-cache; desc=MISS, edge; dur=0, origin; dur=102
X-Origin-Response-Time: 102,95.101.134.92
X-Akamai-Request-ID: 13065b

{"code": 0, "message": "OK", "request_id": "20250101140037A272F996C0F429201437", "data": {}}
2025-01-01T14:02:14+00:00 DEBUG POST: https://business-api.tiktok.com/open_api/v1.3/event/track/

{"partner_name":"WooCommerce","event_source":"web","event_source_id":"CSM79Q3C77UAG1T340I0","data":[{"event":"Pageview","event_id":"67754ae6e05b7_tt4b_woocommerce_670666209cf1f","event_time":1735740134,"user":{"ip":"66.249.66.167","user_agent":"Mozilla\/5.0 (Linux; Android 6.0.1; Nexus 5X Build\/MMB29P) AppleWebKit\/537.36 (KHTML, like Gecko) Chrome\/131.0.6778.204 Mobile Safari\/537.36 (compatible; Googlebot\/2.1; +http:\/\/www.google.com\/bot.html)","locale":"ar","external_id":"0","email":"e3b0c44298fc1c149afbf4c8996fb92427ae41e4649b934ca495991b7852b855","phone_number":"e3b0c44298fc1c149afbf4c8996fb92427ae41e4649b934ca495991b7852b855","first_name":"e3b0c44298fc1c149afbf4c8996fb92427ae41e4649b934ca495991b7852b855","last_name":"e3b0c44298fc1c149afbf4c8996fb92427ae41e4649b934ca495991b7852b855","zip_code":"e3b0c44298fc1c149afbf4c8996fb92427ae41e4649b934ca495991b7852b855"},"page":{"url":"http:\/\/www.ibn-sinaa.com\/product-tag\/%D8%B7%D8%A8%D8%A7%D8%B9%D8%A9-%D8%AA%D9%82%D9%88%D9%8A%D9%85\/"}}]}
 ajax: no
2025-01-01T14:02:15+00:00 DEBUG Tt4b_Mapi_Class::mapi_post: Response: 

HTTP/1.1 200 OK
Server: nginx
Content-Type: application/json
Content-Length: 92
X-Tt-Logid: 20250101140215F26CCFA25BA76C2358D4
Server-Timing: inner; dur=29
x-tt-trace-host: 018e5a586174a888928d793bdac74b79b520593bf434961dbceff88e4b17f9a15624ba9953940bdcbef8f5636f091fd106d77bd66467e57d8ab50402fab344190090523cf0a0104c4a0b550d5f835d920d47a3377ad85e2183393ebaf09042ae28
x-tt-trace-id: 00-250101140215F26CCFA25BA76C2358D4-46B1E670170308A0-00
Expires: Wed, 01 Jan 2025 14:02:15 GMT
Cache-Control: max-age=0, no-cache, no-store
Pragma: no-cache
Date: Wed, 01 Jan 2025 14:02:15 GMT
X-Cache: TCP_MISS from a95-101-134-116.deploy.akamaitechnologies.com (AkamaiGHost/11.7.2.1-9611f29bef89eba7b18045b10aa2af98) (-)
Connection: close
x-tt-trace-tag: id=16;cdn-cache=miss;type=dyn
Server-Timing: cdn-cache; desc=MISS, edge; dur=0, origin; dur=108
X-Origin-Response-Time: 108,95.101.134.116
X-Akamai-Request-ID: 29da2e7e

{"code": 0, "message": "OK", "request_id": "20250101140215F26CCFA25BA76C2358D4", "data": {}}
2025-01-01T14:02:19+00:00 DEBUG POST: https://business-api.tiktok.com/open_api/v1.3/event/track/

{"partner_name":"WooCommerce","event_source":"web","event_source_id":"CSM79Q3C77UAG1T340I0","data":[{"event":"Pageview","event_id":"67754aebe8df9_tt4b_woocommerce_670666209cf1f","event_time":1735740139,"user":{"ip":"62.210.13.154","user_agent":"WP Rocket\/Preload","locale":"ar","external_id":"0","email":"e3b0c44298fc1c149afbf4c8996fb92427ae41e4649b934ca495991b7852b855","phone_number":"e3b0c44298fc1c149afbf4c8996fb92427ae41e4649b934ca495991b7852b855","first_name":"e3b0c44298fc1c149afbf4c8996fb92427ae41e4649b934ca495991b7852b855","last_name":"e3b0c44298fc1c149afbf4c8996fb92427ae41e4649b934ca495991b7852b855","zip_code":"e3b0c44298fc1c149afbf4c8996fb92427ae41e4649b934ca495991b7852b855"},"page":{"url":"http:\/\/www.ibn-sinaa.com\/return-policy\/"}}]}
 ajax: no
2025-01-01T14:02:20+00:00 DEBUG Tt4b_Mapi_Class::mapi_post: Response: 

HTTP/1.1 200 OK
Server: nginx
Content-Type: application/json
Content-Length: 92
X-Tt-Logid: 20250101140220312D3348B5D2F1704DA8
Server-Timing: inner; dur=21
x-tt-trace-host: 018e5a586174a888928d793bdac74b79b520593bf434961dbceff88e4b17f9a15653afc255ef6222a35c2b36a4d849023a60a7850bebcf211057851a17bea611b62b5f9e7a0a5c6e5aaa1ad2beaefa82fcea8a9be984ca7fcf0b6e257c41840411
x-tt-trace-id: 00-250101140220312D3348B5D2F1704DA8-2B30A0B3858C20C8-00
Expires: Wed, 01 Jan 2025 14:02:20 GMT
Cache-Control: max-age=0, no-cache, no-store
Pragma: no-cache
Date: Wed, 01 Jan 2025 14:02:20 GMT
X-Cache: TCP_MISS from a95-101-134-116.deploy.akamaitechnologies.com (AkamaiGHost/11.7.2.1-9611f29bef89eba7b18045b10aa2af98) (-)
Connection: close
x-tt-trace-tag: id=16;cdn-cache=miss;type=dyn
Server-Timing: cdn-cache; desc=MISS, edge; dur=2, origin; dur=103
X-Origin-Response-Time: 103,95.101.134.116
X-Akamai-Request-ID: 29dae676

{"code": 0, "message": "OK", "request_id": "20250101140220312D3348B5D2F1704DA8", "data": {}}
2025-01-01T14:02:23+00:00 DEBUG POST: https://business-api.tiktok.com/open_api/v1.3/event/track/

{"partner_name":"WooCommerce","event_source":"web","event_source_id":"CSM79Q3C77UAG1T340I0","data":[{"event":"Pageview","event_id":"67754aef98f50_tt4b_woocommerce_670666209cf1f","event_time":1735740143,"user":{"ip":"62.210.13.154","user_agent":"WP Rocket\/Preload","locale":"ar","external_id":"0","email":"e3b0c44298fc1c149afbf4c8996fb92427ae41e4649b934ca495991b7852b855","phone_number":"e3b0c44298fc1c149afbf4c8996fb92427ae41e4649b934ca495991b7852b855","first_name":"e3b0c44298fc1c149afbf4c8996fb92427ae41e4649b934ca495991b7852b855","last_name":"e3b0c44298fc1c149afbf4c8996fb92427ae41e4649b934ca495991b7852b855","zip_code":"e3b0c44298fc1c149afbf4c8996fb92427ae41e4649b934ca495991b7852b855"},"page":{"url":"http:\/\/www.ibn-sinaa.com\/product\/stand-screen\/"}}]}
 ajax: no
2025-01-01T14:02:23+00:00 DEBUG Tt4b_Mapi_Class::mapi_post: Response: 

HTTP/1.1 200 OK
Server: nginx
Content-Type: application/json
Content-Length: 92
X-Tt-Logid: 20250101140223F26CCFA25BA76C235AF6
Server-Timing: inner; dur=22
x-tt-trace-host: 018e5a586174a888928d793bdac74b79b520593bf434961dbceff88e4b17f9a15624ba9953940bdcbef8f5636f091fd1062bc1fd951a816f438a343746a86b6de37b75eb2f32113965b3893afda4edc79d9f1e4b2144ce38c8416f0f103cca2354
x-tt-trace-id: 00-250101140223F26CCFA25BA76C235AF6-729CE5512EC9802B-00
Expires: Wed, 01 Jan 2025 14:02:23 GMT
Cache-Control: max-age=0, no-cache, no-store
Pragma: no-cache
Date: Wed, 01 Jan 2025 14:02:23 GMT
X-Cache: TCP_MISS from a95-101-134-116.deploy.akamaitechnologies.com (AkamaiGHost/11.7.2.1-9611f29bef89eba7b18045b10aa2af98) (-)
Connection: close
x-tt-trace-tag: id=16;cdn-cache=miss;type=dyn
Server-Timing: cdn-cache; desc=MISS, edge; dur=5, origin; dur=102
X-Origin-Response-Time: 103,95.101.134.116
X-Akamai-Request-ID: 29db65f8

{"code": 0, "message": "OK", "request_id": "20250101140223F26CCFA25BA76C235AF6", "data": {}}
2025-01-01T14:02:23+00:00 DEBUG Tt4b_Pixel_Class::inject_view_content_event: hit ViewContent
2025-01-01T14:02:23+00:00 DEBUG POST: https://business-api.tiktok.com/open_api/v1.3/event/track/

{"partner_name":"WooCommerce","event_source":"web","event_source_id":"CSM79Q3C77UAG1T340I0","data":[{"event":"ViewContent","event_id":"67754aefd2c49_tt4b_woocommerce_670666209cf1f_4228","event_time":1735740143,"user":{"ip":"62.210.13.154","user_agent":"WP Rocket\/Preload","locale":"ar","external_id":"0","email":"e3b0c44298fc1c149afbf4c8996fb92427ae41e4649b934ca495991b7852b855","phone_number":"e3b0c44298fc1c149afbf4c8996fb92427ae41e4649b934ca495991b7852b855","first_name":"e3b0c44298fc1c149afbf4c8996fb92427ae41e4649b934ca495991b7852b855","last_name":"e3b0c44298fc1c149afbf4c8996fb92427ae41e4649b934ca495991b7852b855","zip_code":"e3b0c44298fc1c149afbf4c8996fb92427ae41e4649b934ca495991b7852b855"},"properties":{"contents":[{"price":499,"quantity":1,"content_id":"4228","content_name":"\u0627\u0633\u062a\u0627\u0646\u062f \u0634\u0627\u0634\u0647 \u062e\u0627\u0631\u062c\u064a \u0645\u0639 \u0627\u0636\u0627\u0621\u0629","description":"\u0637\u0628\u0627\u0639\u0629 \u0627\u0633\u062a\u0627\u0646\u062f \u062e\u0627\u0631\u062c\u064a \u0645\u0639 \u0625\u0636\u0627\u0621\u0629 \u0645\u0646 \u0645\u062a\u062c\u0631 \u0645\u0643\u062a\u0628\u0629 \u0627\u0628\u0646 \u0633\u064a\u0646\u0627 \u0627\u0644\u0625\u0644\u0643\u062a\u0631\u0648\u0646\u064a\u060c \u0645\u0635\u0645\u0645 \u0644\u0625\u0636\u0627\u0641\u0629 \u0644\u0645\u0633\u0629 \u0645\u0646 \u0627\u0644\u0623\u0646\u0627\u0642\u0629 \u0648\u0627\u0644\u0627\u062d\u062a\u0631\u0627\u0641\u064a\u0629 \u0644\u0639\u0631\u0636 \u0645\u0646\u062a\u062c\u0627\u062a\u0643 \u0623\u0648 \u0645\u0648\u0627\u062f\u0643 \u0627\u0644\u0625\u0639\u0644\u0627\u0646\u064a\u0629. \u064a\u062a\u0645\u064a\u0632 \u0647\u0630\u0627 \u0627\u0644\u0627\u0633\u062a\u0627\u0646\u062f \u0628\u062c\u0648\u062f\u0629 \u0639\u0627\u0644\u064a\u0629 \u0648\u062a\u0635\u0645\u064a\u0645 \u0645\u0646\u062d\u0646\u064a \u064a\u0644\u0641\u062a \u0627\u0644\u0623\u0646\u0638\u0627\u0631 \u0648\u064a\u0639\u0632\u0632 \u0645\u0646 \u062c\u0627\u0630\u0628\u064a\u0629 \u0627\u0644\u0639\u0631\u0636.","availability":"IN_STOCK","sale_price":499,"on_sale":false}],"content_type":"product","currency":"SAR","value":499,"event_trigger_source":"WooCommerce"},"page":{"url":"http:\/\/www.ibn-sinaa.com\/product\/stand-screen\/"}}]}
 ajax: no
2025-01-01T14:02:24+00:00 DEBUG Tt4b_Mapi_Class::mapi_post: Response: 

HTTP/1.1 200 OK
Server: nginx
Content-Type: application/json
Content-Length: 92
X-Tt-Logid: 202501011402231D2BD9B9D698E61F3A58
x-tt-trace-host: 018e5a586174a888928d793bdac74b79b56517d7628cf0ffdff56b078ad2cf5615f9164d9a8a008cc56978e60bf37849581123bf2dd58aa8f55dafdc488cde05db5ecfa2c9a662f0caaf3ebbf0d564cfe0c7511b16033b18290ffcd043bc1562b88d99b4a8f783690e8521339a03e9eb32
x-tt-trace-id: 00-2501011402231D2BD9B9D698E61F3A58-4557246D7ED16B37-00
X-Origin-Response-Time: 33,23.218.219.16
X-Akamai-Request-ID: 416c64ab.1f9e7a
Expires: Wed, 01 Jan 2025 14:02:24 GMT
Cache-Control: max-age=0, no-cache, no-store
Pragma: no-cache
Date: Wed, 01 Jan 2025 14:02:24 GMT
X-Cache: TCP_MISS from a95-101-134-92.deploy.akamaitechnologies.com (AkamaiGHost/11.7.2.1-9611f29bef89eba7b18045b10aa2af98) (-)
Connection: close
X-Cache-Remote: TCP_MISS from a23-218-219-16.deploy.akamaitechnologies.com (AkamaiGHost/11.7.2.1-9611f29bef89eba7b18045b10aa2af98) (-)
x-tt-trace-tag: id=16;cdn-cache=miss;type=dyn
Server-Timing: cdn-cache; desc=MISS, edge; dur=85, origin; dur=32
Server-Timing: inner; dur=28
X-Parent-Response-Time: 117,95.101.134.92

{"code": 0, "message": "OK", "request_id": "202501011402231D2BD9B9D698E61F3A58", "data": {}}
2025-01-01T14:02:27+00:00 DEBUG POST: https://business-api.tiktok.com/open_api/v1.3/event/track/

{"partner_name":"WooCommerce","event_source":"web","event_source_id":"CSM79Q3C77UAG1T340I0","data":[{"event":"Pageview","event_id":"67754af30ca62_tt4b_woocommerce_670666209cf1f","event_time":1735740147,"user":{"ip":"62.210.13.154","user_agent":"WP Rocket\/Preload","locale":"ar","external_id":"0","email":"e3b0c44298fc1c149afbf4c8996fb92427ae41e4649b934ca495991b7852b855","phone_number":"e3b0c44298fc1c149afbf4c8996fb92427ae41e4649b934ca495991b7852b855","first_name":"e3b0c44298fc1c149afbf4c8996fb92427ae41e4649b934ca495991b7852b855","last_name":"e3b0c44298fc1c149afbf4c8996fb92427ae41e4649b934ca495991b7852b855","zip_code":"e3b0c44298fc1c149afbf4c8996fb92427ae41e4649b934ca495991b7852b855"},"page":{"url":"http:\/\/www.ibn-sinaa.com\/category\/advertising\/"}}]}
 ajax: no
2025-01-01T14:02:27+00:00 DEBUG Tt4b_Mapi_Class::mapi_post: Response: 

HTTP/1.1 200 OK
Server: nginx
Content-Type: application/json
Content-Length: 92
X-Tt-Logid: 202501011402270F44EF14774C8525B8C2
x-tt-trace-host: 018e5a586174a888928d793bdac74b79b519a86797e72c2eba011e03e23beee17ddd399332df3c535577788db727d2fd73a231930b596a326f5aa5002033254635208825466cf878465f2457c0961bccb60d13926f6bec9e30aa54f05e310ef61b2727b2785f189ef730b73ec54cd07758
x-tt-trace-id: 00-2501011402270F44EF14774C8525B8C2-78FC269270FA3C7E-00
X-Origin-Response-Time: 29,23.213.246.240
X-Akamai-Request-ID: 4392f19c.29dbde25
Expires: Wed, 01 Jan 2025 14:02:27 GMT
Cache-Control: max-age=0, no-cache, no-store
Pragma: no-cache
Date: Wed, 01 Jan 2025 14:02:27 GMT
X-Cache: TCP_MISS from a95-101-134-116.deploy.akamaitechnologies.com (AkamaiGHost/11.7.2.1-9611f29bef89eba7b18045b10aa2af98) (-)
Connection: close
X-Cache-Remote: TCP_MISS from a23-213-246-240.deploy.akamaitechnologies.com (AkamaiGHost/11.7.2.1-9611f29bef89eba7b18045b10aa2af98) (-)
x-tt-trace-tag: id=16;cdn-cache=miss;type=dyn
Server-Timing: cdn-cache; desc=MISS, edge; dur=90, origin; dur=29
Server-Timing: inner; dur=22
X-Parent-Response-Time: 119,95.101.134.116

{"code": 0, "message": "OK", "request_id": "202501011402270F44EF14774C8525B8C2", "data": {}}
2025-01-01T14:02:29+00:00 DEBUG POST: https://business-api.tiktok.com/open_api/v1.3/event/track/

{"partner_name":"WooCommerce","event_source":"web","event_source_id":"CSM79Q3C77UAG1T340I0","data":[{"event":"Pageview","event_id":"67754af50bfc3_tt4b_woocommerce_670666209cf1f","event_time":1735740149,"user":{"ip":"62.210.13.154","user_agent":"WP Rocket\/Preload","locale":"ar","external_id":"0","email":"e3b0c44298fc1c149afbf4c8996fb92427ae41e4649b934ca495991b7852b855","phone_number":"e3b0c44298fc1c149afbf4c8996fb92427ae41e4649b934ca495991b7852b855","first_name":"e3b0c44298fc1c149afbf4c8996fb92427ae41e4649b934ca495991b7852b855","last_name":"e3b0c44298fc1c149afbf4c8996fb92427ae41e4649b934ca495991b7852b855","zip_code":"e3b0c44298fc1c149afbf4c8996fb92427ae41e4649b934ca495991b7852b855"},"page":{"url":"http:\/\/www.ibn-sinaa.com\/product\/school-records-islamic-education\/"}}]}
 ajax: no
2025-01-01T14:02:29+00:00 DEBUG Tt4b_Mapi_Class::mapi_post: Response: 

HTTP/1.1 200 OK
Server: nginx
Content-Type: application/json
Content-Length: 92
X-Tt-Logid: 202501011402293368F8A2128CEFD7D8F4
Server-Timing: inner; dur=23
x-tt-trace-host: 018e5a586174a888928d793bdac74b79b51a437ee89a1c03eb2011d034a2e3e9f522deb0abb46d1688a08744e1aeb29b29a2bf7370c02f75fc3f7746b2e448d41c6a8f130f3235225eb71ab62921dc464304151e7ed78e86f81ef97a05b8907072
x-tt-trace-id: 00-2501011402293368F8A2128CEFD7D8F4-4987AE1D699C64CD-00
Expires: Wed, 01 Jan 2025 14:02:29 GMT
Cache-Control: max-age=0, no-cache, no-store
Pragma: no-cache
Date: Wed, 01 Jan 2025 14:02:29 GMT
X-Cache: TCP_MISS from a95-101-134-92.deploy.akamaitechnologies.com (AkamaiGHost/11.7.2.1-9611f29bef89eba7b18045b10aa2af98) (-)
Connection: close
x-tt-trace-tag: id=16;cdn-cache=miss;type=dyn
Server-Timing: cdn-cache; desc=MISS, edge; dur=1, origin; dur=102
X-Origin-Response-Time: 102,95.101.134.92
X-Akamai-Request-ID: 2052b9

{"code": 0, "message": "OK", "request_id": "202501011402293368F8A2128CEFD7D8F4", "data": {}}
2025-01-01T14:02:29+00:00 DEBUG Tt4b_Pixel_Class::inject_view_content_event: hit ViewContent
2025-01-01T14:02:29+00:00 DEBUG POST: https://business-api.tiktok.com/open_api/v1.3/event/track/

{"partner_name":"WooCommerce","event_source":"web","event_source_id":"CSM79Q3C77UAG1T340I0","data":[{"event":"ViewContent","event_id":"67754af549c9b_tt4b_woocommerce_670666209cf1f_4079","event_time":1735740149,"user":{"ip":"62.210.13.154","user_agent":"WP Rocket\/Preload","locale":"ar","external_id":"0","email":"e3b0c44298fc1c149afbf4c8996fb92427ae41e4649b934ca495991b7852b855","phone_number":"e3b0c44298fc1c149afbf4c8996fb92427ae41e4649b934ca495991b7852b855","first_name":"e3b0c44298fc1c149afbf4c8996fb92427ae41e4649b934ca495991b7852b855","last_name":"e3b0c44298fc1c149afbf4c8996fb92427ae41e4649b934ca495991b7852b855","zip_code":"e3b0c44298fc1c149afbf4c8996fb92427ae41e4649b934ca495991b7852b855"},"properties":{"contents":[{"price":65,"quantity":1,"content_id":"4079","content_name":"\u0633\u062c\u0644\u0627\u062a \u0645\u0627\u062f\u0629 \u0627\u0644\u062a\u0631\u0628\u064a\u0629 \u0627\u0644\u0627\u0633\u0644\u0627\u0645\u064a\u0629","description":". \u0637\u0628\u0627\u0639\u0647 \u0633\u062c\u0644\u0627\u062a \u0645\u062f\u0631\u0633\u064a\u0629 \u0627\u062d\u062a\u0631\u0627\u0641\u064a\u0629 \u062e\u0627\u0645\u062a\u0647\u0627 \u0643\u0631\u062a\u0648\u0646 2000 \u062c\u0631\u0627\u0645,\u062a\u0636\u0627\u0641 \u0637\u0628\u0642\u0629 \u062d\u0645\u0627\u064a\u0647 \u0627\u0633\u062a\u064a\u0643\u0631 \u0645\u0639 \u0633\u0644\u0648\u0641\u0627\u0646 \u0644\u0627\u0645\u0639.\r\n. \u0645\u062a\u0648\u0641\u0631 \u0628 \u0627\u062d\u062c\u0627\u0645 \u0645\u062e\u062a\u0644\u0641\u0647 ( \u0635\u063a\u064a\u0631, \u0648\u0633\u0637 , \u0643\u0628\u064a\u0631 ).\r\n. \u064a\u062a\u0633\u0639 \u0627\u0644\u0645\u0642\u0627\u0633 \u0627\u0644\u0635\u063a\u064a\u0631 ( \u0645\u0646 50 \u0627\u0644\u0649 150 \u0648\u0631\u0642\u0629 )\r\n. \u064a\u062a\u0633\u0639 \u0627\u0644\u0648\u0633\u0637 ( \u0645\u0646 150 \u0627\u0644\u0649 300 \u0648\u0631\u0642\u0629 )\r\n. \u0627\u0644\u0643\u0628\u064a\u0631 ( \u0645\u0646 300 \u0627\u0644\u0649 400 \u0648\u0631\u0642\u0629 ).\r\n. \u0645\u062f\u0629 \u0627\u0644\u062a\u0646\u0641\u064a\u0630 : 3-5 \u0627\u064a\u0627\u0645 \u0648\u062a\u0632\u064a\u062f \u0627\u0644\u0645\u062f\u0629 \u0639\u0646 \u0637\u0644\u0628 \u0627\u0644\u0634\u062d\u0646.","availability":"IN_STOCK","sale_price":65,"on_sale":false}],"content_type":"product","currency":"SAR","value":65,"event_trigger_source":"WooCommerce"},"page":{"url":"http:\/\/www.ibn-sinaa.com\/product\/school-records-islamic-education\/"}}]}
 ajax: no
2025-01-01T14:02:29+00:00 DEBUG Tt4b_Mapi_Class::mapi_post: Response: 

HTTP/1.1 200 OK
Server: nginx
Content-Type: application/json
Content-Length: 92
X-Tt-Logid: 20250101140229720870D742399421B1A3
Server-Timing: inner; dur=22
x-tt-trace-host: 018e5a586174a888928d793bdac74b79b51a437ee89a1c03eb2011d034a2e3e9f51c27d037bc89b665d8b9d293fd1e07f2daa1360b510b71e8362e157a767d8b28affe2baabbbfbe13b08db544777a818215c14e5ec031dd3d9deee7696e8915db
x-tt-trace-id: 00-250101140229720870D742399421B1A3-43BE6B637082663F-00
Expires: Wed, 01 Jan 2025 14:02:29 GMT
Cache-Control: max-age=0, no-cache, no-store
Pragma: no-cache
Date: Wed, 01 Jan 2025 14:02:29 GMT
X-Cache: TCP_MISS from a95-101-134-92.deploy.akamaitechnologies.com (AkamaiGHost/11.7.2.1-9611f29bef89eba7b18045b10aa2af98) (-)
Connection: close
x-tt-trace-tag: id=16;cdn-cache=miss;type=dyn
Server-Timing: cdn-cache; desc=MISS, edge; dur=0, origin; dur=106
X-Origin-Response-Time: 106,95.101.134.92
X-Akamai-Request-ID: 205ace

{"code": 0, "message": "OK", "request_id": "20250101140229720870D742399421B1A3", "data": {}}
2025-01-01T14:02:30+00:00 DEBUG POST: https://business-api.tiktok.com/open_api/v1.3/event/track/

{"partner_name":"WooCommerce","event_source":"web","event_source_id":"CSM79Q3C77UAG1T340I0","data":[{"event":"Pageview","event_id":"67754af61e681_tt4b_woocommerce_670666209cf1f","event_time":1735740150,"user":{"ip":"62.210.13.154","user_agent":"WP Rocket\/Preload","locale":"ar","external_id":"0","email":"e3b0c44298fc1c149afbf4c8996fb92427ae41e4649b934ca495991b7852b855","phone_number":"e3b0c44298fc1c149afbf4c8996fb92427ae41e4649b934ca495991b7852b855","first_name":"e3b0c44298fc1c149afbf4c8996fb92427ae41e4649b934ca495991b7852b855","last_name":"e3b0c44298fc1c149afbf4c8996fb92427ae41e4649b934ca495991b7852b855","zip_code":"e3b0c44298fc1c149afbf4c8996fb92427ae41e4649b934ca495991b7852b855"},"page":{"url":"http:\/\/www.ibn-sinaa.com\/product\/school-records-family-education\/"}}]}
 ajax: no
2025-01-01T14:02:30+00:00 DEBUG Tt4b_Mapi_Class::mapi_post: Response: 

HTTP/1.1 200 OK
Server: nginx
Content-Type: application/json
Content-Length: 92
X-Tt-Logid: 20250101140230A2E77A0F50C84ED1E51B
Server-Timing: inner; dur=27
x-tt-trace-host: 018e5a586174a888928d793bdac74b79b520593bf434961dbceff88e4b17f9a1564cba96245e8b7bdf69d1f6f26b684faf37f04096ee493d2f237961321e54185272869899a969ccee1e640d8eabae4267b4eed3ece8150347cda49019632d11eb
x-tt-trace-id: 00-250101140230A2E77A0F50C84ED1E51B-7CAC8A7840F4EA00-00
Expires: Wed, 01 Jan 2025 14:02:30 GMT
Cache-Control: max-age=0, no-cache, no-store
Pragma: no-cache
Date: Wed, 01 Jan 2025 14:02:30 GMT
X-Cache: TCP_MISS from a95-101-134-116.deploy.akamaitechnologies.com (AkamaiGHost/11.7.2.1-9611f29bef89eba7b18045b10aa2af98) (-)
Connection: close
x-tt-trace-tag: id=16;cdn-cache=miss;type=dyn
Server-Timing: cdn-cache; desc=MISS, edge; dur=2, origin; dur=109
X-Origin-Response-Time: 109,95.101.134.116
X-Akamai-Request-ID: 29dc471a

{"code": 0, "message": "OK", "request_id": "20250101140230A2E77A0F50C84ED1E51B", "data": {}}
2025-01-01T14:02:30+00:00 DEBUG Tt4b_Pixel_Class::inject_view_content_event: hit ViewContent
2025-01-01T14:02:30+00:00 DEBUG POST: https://business-api.tiktok.com/open_api/v1.3/event/track/

{"partner_name":"WooCommerce","event_source":"web","event_source_id":"CSM79Q3C77UAG1T340I0","data":[{"event":"ViewContent","event_id":"67754af65fcae_tt4b_woocommerce_670666209cf1f_4069","event_time":1735740150,"user":{"ip":"62.210.13.154","user_agent":"WP Rocket\/Preload","locale":"ar","external_id":"0","email":"e3b0c44298fc1c149afbf4c8996fb92427ae41e4649b934ca495991b7852b855","phone_number":"e3b0c44298fc1c149afbf4c8996fb92427ae41e4649b934ca495991b7852b855","first_name":"e3b0c44298fc1c149afbf4c8996fb92427ae41e4649b934ca495991b7852b855","last_name":"e3b0c44298fc1c149afbf4c8996fb92427ae41e4649b934ca495991b7852b855","zip_code":"e3b0c44298fc1c149afbf4c8996fb92427ae41e4649b934ca495991b7852b855"},"properties":{"contents":[{"price":65,"quantity":1,"content_id":"4069","content_name":"\u0633\u062c\u0644\u0627\u062a \u0645\u0627\u062f\u0629 \u0627\u0644\u062a\u0631\u0628\u064a\u0629 \u0627\u0644\u0627\u0633\u0631\u064a\u0629","description":". \u0637\u0628\u0627\u0639\u0647 \u0633\u062c\u0644\u0627\u062a \u0645\u062f\u0631\u0633\u064a\u0629 \u0627\u062d\u062a\u0631\u0627\u0641\u064a\u0629 \u062e\u0627\u0645\u062a\u0647\u0627 \u0643\u0631\u062a\u0648\u0646 2000 \u062c\u0631\u0627\u0645,\u062a\u0636\u0627\u0641 \u0637\u0628\u0642\u0629 \u062d\u0645\u0627\u064a\u0647 \u0627\u0633\u062a\u064a\u0643\u0631 \u0645\u0639 \u0633\u0644\u0648\u0641\u0627\u0646 \u0644\u0627\u0645\u0639.\r\n. \u0645\u062a\u0648\u0641\u0631 \u0628 \u0627\u062d\u062c\u0627\u0645 \u0645\u062e\u062a\u0644\u0641\u0647 ( \u0635\u063a\u064a\u0631, \u0648\u0633\u0637 , \u0643\u0628\u064a\u0631 ).\r\n. \u064a\u062a\u0633\u0639 \u0627\u0644\u0645\u0642\u0627\u0633 \u0627\u0644\u0635\u063a\u064a\u0631 ( \u0645\u0646 50 \u0627\u0644\u0649 150 \u0648\u0631\u0642\u0629 )\r\n. \u064a\u062a\u0633\u0639 \u0627\u0644\u0648\u0633\u0637 ( \u0645\u0646 150 \u0627\u0644\u0649 300 \u0648\u0631\u0642\u0629 )\r\n. \u0627\u0644\u0643\u0628\u064a\u0631 ( \u0645\u0646 300 \u0627\u0644\u0649 400 \u0648\u0631\u0642\u0629 ).\r\n. \u0645\u062f\u0629 \u0627\u0644\u062a\u0646\u0641\u064a\u0630 : 3-5 \u0627\u064a\u0627\u0645 \u0648\u062a\u0632\u064a\u062f \u0627\u0644\u0645\u062f\u0629 \u0639\u0646 \u0637\u0644\u0628 \u0627\u0644\u0634\u062d\u0646.","availability":"IN_STOCK","sale_price":65,"on_sale":false}],"content_type":"product","currency":"SAR","value":65,"event_trigger_source":"WooCommerce"},"page":{"url":"http:\/\/www.ibn-sinaa.com\/product\/school-records-family-education\/"}}]}
 ajax: no
2025-01-01T14:02:30+00:00 DEBUG Tt4b_Mapi_Class::mapi_post: Response: 

HTTP/1.1 200 OK
Server: nginx
Content-Type: application/json
Content-Length: 92
X-Tt-Logid: 2025010114023096F4FEC3DA1BADD7EBAD
x-tt-trace-host: 018e5a586174a888928d793bdac74b79b56517d7628cf0ffdff56b078ad2cf56159b4e0f0e08aecf3ac846d2414a0ca84ea76dd6021918fc8f1127b72b75ea5981f0b3c21dccfef6b2853f6187eab1a4f033065ce1cb6aa9f9b5963f21327f01f78563968e50b963b463f32de4164ba6c2
x-tt-trace-id: 00-25010114023096F4FEC3DA1BADD7EBAD-13848FF181D5EFE4-00
X-Origin-Response-Time: 31,23.218.219.33
X-Akamai-Request-ID: 3c3a7818.2080e4
Expires: Wed, 01 Jan 2025 14:02:30 GMT
Cache-Control: max-age=0, no-cache, no-store
Pragma: no-cache
Date: Wed, 01 Jan 2025 14:02:30 GMT
X-Cache: TCP_MISS from a95-101-134-92.deploy.akamaitechnologies.com (AkamaiGHost/11.7.2.1-9611f29bef89eba7b18045b10aa2af98) (-)
Connection: close
X-Cache-Remote: TCP_MISS from a23-218-219-33.deploy.akamaitechnologies.com (AkamaiGHost/11.7.2.1-9611f29bef89eba7b18045b10aa2af98) (-)
x-tt-trace-tag: id=16;cdn-cache=miss;type=dyn
Server-Timing: cdn-cache; desc=MISS, edge; dur=89, origin; dur=31
Server-Timing: inner; dur=28
X-Parent-Response-Time: 119,95.101.134.92

{"code": 0, "message": "OK", "request_id": "2025010114023096F4FEC3DA1BADD7EBAD", "data": {}}
2025-01-01T14:04:36+00:00 DEBUG Tt4b_Pixel_Class::inject_add_to_cart_event: hit AddToCart
2025-01-01T14:04:36+00:00 DEBUG POST: https://business-api.tiktok.com/open_api/v1.3/event/track/

{"partner_name":"WooCommerce","event_source":"web","event_source_id":"CSM79Q3C77UAG1T340I0","data":[{"event":"AddToCart","event_id":"67754b74ebbd3_tt4b_woocommerce_670666209cf1f_SKU_198","event_time":1735740276,"user":{"ip":"51.222.253.6","user_agent":"Mozilla\/5.0 (compatible; AhrefsBot\/7.0; +http:\/\/ahrefs.com\/robot\/)","locale":"ar","external_id":"0","email":"e3b0c44298fc1c149afbf4c8996fb92427ae41e4649b934ca495991b7852b855","phone_number":"e3b0c44298fc1c149afbf4c8996fb92427ae41e4649b934ca495991b7852b855","first_name":"e3b0c44298fc1c149afbf4c8996fb92427ae41e4649b934ca495991b7852b855","last_name":"e3b0c44298fc1c149afbf4c8996fb92427ae41e4649b934ca495991b7852b855","zip_code":"e3b0c44298fc1c149afbf4c8996fb92427ae41e4649b934ca495991b7852b855"},"properties":{"contents":[{"price":0,"quantity":1,"content_id":"SKU_198","content_name":"\u0637\u0628\u0627\u0639\u0629 \u0628\u0631\u0634\u0648\u0631 \u0641\u0644\u0627\u064a\u0631 A4","description":"<ul>\r\n \t<li>\u0641\u0644\u0627\u064a\u0631 \u0645\u0642\u0627\u0633 A4 \u0637\u0628\u0627\u0639\u0629 \u0639\u0644\u0649 \u0648\u0631\u0642 \u0643\u0648\u0634\u064a\u0647 150 \u062c\u0631\u0627\u0645 \u0628\u062c\u0648\u062f\u0629 \u0639\u0627\u0644\u064a\u0629.<\/li>\r\n \t<li>\u0645\u062f\u0629 \u0627\u0644\u062a\u0646\u0641\u064a\u0630 \u0627\u0644\u0645\u062a\u0648\u0642\u0639\u0629: 1 \u2013 3 \u0623\u064a\u0627\u0645 \u0639\u0645\u0644 \u0628\u0639\u062f \u062a\u0623\u0643\u064a\u062f \u0627\u0644\u0637\u0644\u0628 \u0648\u0627\u0644\u062a\u0635\u0645\u064a\u0645 \u0648\u062d\u0633\u0628 \u0627\u0644\u0643\u0645\u064a\u0629 (\u062a\u0632\u064a\u062f \u0627\u0644\u0645\u062f\u0629 \u0639\u0646\u062f \u0637\u0644\u0628 \u0627\u0644\u0634\u062d\u0646).<\/li>\r\n<\/ul>","availability":"IN_STOCK","sale_price":0,"on_sale":false}],"content_type":"product","currency":"SAR","value":0,"event_trigger_source":"WooCommerce"},"page":{"url":"http:\/\/www.ibn-sinaa.com\/product\/a5-brochure-printing\/?add-to-cart=198"}}]}
 ajax: no
2025-01-01T14:04:37+00:00 DEBUG Tt4b_Mapi_Class::mapi_post: Response: 

HTTP/1.1 200 OK
Server: nginx
Content-Type: application/json
Content-Length: 92
X-Tt-Logid: 202501011404372A32B4800E6E54919477
x-tt-trace-host: 018e5a586174a888928d793bdac74b79b519a86797e72c2eba011e03e23beee17da623e0f79e5d944edf03c3184791aca07cb83a34cfb4eb616a94c89a30d0fcfdfbdbf899c1c368ad857635732bd564a1370d1255c715f548314176022a238ef2a8542c44e406f321631e273073f0174d
x-tt-trace-id: 00-2501011404372A32B4800E6E54919477-53303689742E9FCE-00
X-Origin-Response-Time: 36,23.218.219.32
X-Akamai-Request-ID: 13f3f9cd.29ece8af
Expires: Wed, 01 Jan 2025 14:04:37 GMT
Cache-Control: max-age=0, no-cache, no-store
Pragma: no-cache
Date: Wed, 01 Jan 2025 14:04:37 GMT
X-Cache: TCP_MISS from a95-101-134-116.deploy.akamaitechnologies.com (AkamaiGHost/11.7.2.1-9611f29bef89eba7b18045b10aa2af98) (-)
Connection: close
X-Cache-Remote: TCP_MISS from a23-218-219-32.deploy.akamaitechnologies.com (AkamaiGHost/11.7.2.1-9611f29bef89eba7b18045b10aa2af98) (-)
x-tt-trace-tag: id=16;cdn-cache=miss;type=dyn
Server-Timing: cdn-cache; desc=MISS, edge; dur=79, origin; dur=36
Server-Timing: inner; dur=32
X-Parent-Response-Time: 115,95.101.134.116

{"code": 0, "message": "OK", "request_id": "202501011404372A32B4800E6E54919477", "data": {}}
2025-01-01T14:04:37+00:00 DEBUG POST: https://business-api.tiktok.com/open_api/v1.3/event/track/

{"partner_name":"WooCommerce","event_source":"web","event_source_id":"CSM79Q3C77UAG1T340I0","data":[{"event":"Pageview","event_id":"67754b7561759_tt4b_woocommerce_670666209cf1f","event_time":1735740277,"user":{"ip":"51.222.253.6","user_agent":"Mozilla\/5.0 (compatible; AhrefsBot\/7.0; +http:\/\/ahrefs.com\/robot\/)","locale":"ar","external_id":"0","email":"e3b0c44298fc1c149afbf4c8996fb92427ae41e4649b934ca495991b7852b855","phone_number":"e3b0c44298fc1c149afbf4c8996fb92427ae41e4649b934ca495991b7852b855","first_name":"e3b0c44298fc1c149afbf4c8996fb92427ae41e4649b934ca495991b7852b855","last_name":"e3b0c44298fc1c149afbf4c8996fb92427ae41e4649b934ca495991b7852b855","zip_code":"e3b0c44298fc1c149afbf4c8996fb92427ae41e4649b934ca495991b7852b855"},"page":{"url":"http:\/\/www.ibn-sinaa.com\/product\/a5-brochure-printing\/?add-to-cart=198"}}]}
 ajax: no
2025-01-01T14:04:37+00:00 DEBUG Tt4b_Mapi_Class::mapi_post: Response: 

HTTP/1.1 200 OK
Server: nginx
Content-Type: application/json
Content-Length: 92
X-Tt-Logid: 20250101140437B7F8B5D87364F2249E5A
Server-Timing: inner; dur=26
x-tt-trace-host: 018e5a586174a888928d793bdac74b79b51a437ee89a1c03eb2011d034a2e3e9f5a5de970541aafcb150875d67fe753ceda4af64024058a385054e3dc8307956d3800f98aeec714bab1c49a012296dbba6bbe758d03bc732f64f4bb9c11ae22bd1
x-tt-trace-id: 00-250101140437B7F8B5D87364F2249E5A-5D4B80BB7AFC1BA0-00
Expires: Wed, 01 Jan 2025 14:04:37 GMT
Cache-Control: max-age=0, no-cache, no-store
Pragma: no-cache
Date: Wed, 01 Jan 2025 14:04:37 GMT
X-Cache: TCP_MISS from a95-101-134-92.deploy.akamaitechnologies.com (AkamaiGHost/11.7.2.1-9611f29bef89eba7b18045b10aa2af98) (-)
Connection: close
x-tt-trace-tag: id=16;cdn-cache=miss;type=dyn
Server-Timing: cdn-cache; desc=MISS, edge; dur=0, origin; dur=106
X-Origin-Response-Time: 106,95.101.134.92
X-Akamai-Request-ID: 2fc82e

{"code": 0, "message": "OK", "request_id": "20250101140437B7F8B5D87364F2249E5A", "data": {}}
2025-01-01T14:04:37+00:00 DEBUG Tt4b_Pixel_Class::inject_view_content_event: hit ViewContent
2025-01-01T14:04:37+00:00 DEBUG POST: https://business-api.tiktok.com/open_api/v1.3/event/track/

{"partner_name":"WooCommerce","event_source":"web","event_source_id":"CSM79Q3C77UAG1T340I0","data":[{"event":"ViewContent","event_id":"67754b7597125_tt4b_woocommerce_670666209cf1f_SKU_40","event_time":1735740277,"user":{"ip":"51.222.253.6","user_agent":"Mozilla\/5.0 (compatible; AhrefsBot\/7.0; +http:\/\/ahrefs.com\/robot\/)","locale":"ar","external_id":"0","email":"e3b0c44298fc1c149afbf4c8996fb92427ae41e4649b934ca495991b7852b855","phone_number":"e3b0c44298fc1c149afbf4c8996fb92427ae41e4649b934ca495991b7852b855","first_name":"e3b0c44298fc1c149afbf4c8996fb92427ae41e4649b934ca495991b7852b855","last_name":"e3b0c44298fc1c149afbf4c8996fb92427ae41e4649b934ca495991b7852b855","zip_code":"e3b0c44298fc1c149afbf4c8996fb92427ae41e4649b934ca495991b7852b855"},"properties":{"contents":[{"price":0,"quantity":1,"content_id":"SKU_40","content_name":"\u0637\u0628\u0627\u0639\u0629 \u0628\u0631\u0634\u0648\u0631 \u0645\u0637\u0648\u064a\u0629 A5","description":"\u0628\u0631\u0648\u0634\u0648\u0631 \u0645\u0637\u0648\u064a \u062d\u0633\u0628 \u062a\u0635\u0645\u064a\u0645 \u0627\u0644\u0639\u0645\u064a\u0644 \u0648\u0631\u0642 \u0643\u0648\u0634\u064a\u0647 \u0645\u0637\u0641\u064a 150 \u062c\u0631\u0627\u0645.\r\n\u0645\u062f\u0629 \u0627\u0644\u062a\u0646\u0641\u064a\u0630 \u0627\u0644\u0645\u062a\u0648\u0642\u0639\u0629: 3 \u2013 5 \u0623\u064a\u0627\u0645 \u0639\u0645\u0644 \u0628\u0639\u062f \u062a\u0623\u0643\u064a\u062f \u0627\u0644\u0637\u0644\u0628 \u0648\u0627\u0644\u062a\u0635\u0645\u064a\u0645 \u0648\u062d\u0633\u0628 \u0627\u0644\u0643\u0645\u064a\u0629 (\u062a\u0632\u064a\u062f \u0627\u0644\u0645\u062f\u0629 \u0639\u0646\u062f \u0637\u0644\u0628 \u0627\u0644\u0634\u062d\u0646).","availability":"IN_STOCK","sale_price":0,"on_sale":false}],"content_type":"product","currency":"SAR","value":0,"event_trigger_source":"WooCommerce"},"page":{"url":"http:\/\/www.ibn-sinaa.com\/product\/a5-brochure-printing\/?add-to-cart=198"}}]}
 ajax: no
2025-01-01T14:04:37+00:00 DEBUG Tt4b_Mapi_Class::mapi_post: Response: 

HTTP/1.1 200 OK
Server: nginx
Content-Type: application/json
Content-Length: 92
X-Tt-Logid: 2025010114043780B30559034080B3B95C
x-tt-trace-host: 018e5a586174a888928d793bdac74b79b519a86797e72c2eba011e03e23beee17d2858101f4c78e63ed16d8af42456a0009f047fe9b915ae0a11a61b6e38d0baa0eeb1e58ac45c980cac190904c393a8cbc91c36f1f09a89e5ba914273aafba4f00158b60a3d86d5efbcbac70547217741
x-tt-trace-id: 00-25010114043780B30559034080B3B95C-4557246D7F4716E8-00
X-Origin-Response-Time: 29,23.32.17.18
X-Akamai-Request-ID: 10046dbf.29ecfc97
Expires: Wed, 01 Jan 2025 14:04:37 GMT
Cache-Control: max-age=0, no-cache, no-store
Pragma: no-cache
Date: Wed, 01 Jan 2025 14:04:37 GMT
X-Cache: TCP_MISS from a95-101-134-116.deploy.akamaitechnologies.com (AkamaiGHost/11.7.2.1-9611f29bef89eba7b18045b10aa2af98) (-)
Connection: close
X-Cache-Remote: TCP_MISS from a23-32-17-18.deploy.akamaitechnologies.com (AkamaiGHost/11.7.2.1-9611f29bef89eba7b18045b10aa2af98) (-)
x-tt-trace-tag: id=16;cdn-cache=miss;type=dyn
Server-Timing: cdn-cache; desc=MISS, edge; dur=81, origin; dur=29
Server-Timing: inner; dur=25
X-Parent-Response-Time: 109,95.101.134.116

{"code": 0, "message": "OK", "request_id": "2025010114043780B30559034080B3B95C", "data": {}}
2025-01-01T14:04:44+00:00 DEBUG POST: https://business-api.tiktok.com/open_api/v1.3/event/track/

{"partner_name":"WooCommerce","event_source":"web","event_source_id":"CSM79Q3C77UAG1T340I0","data":[{"event":"Pageview","event_id":"67754b7c02cf3_tt4b_woocommerce_670666209cf1f","event_time":1735740284,"user":{"ip":"62.210.13.154","user_agent":"WP Rocket\/Preload","locale":"ar","external_id":"0","email":"e3b0c44298fc1c149afbf4c8996fb92427ae41e4649b934ca495991b7852b855","phone_number":"e3b0c44298fc1c149afbf4c8996fb92427ae41e4649b934ca495991b7852b855","first_name":"e3b0c44298fc1c149afbf4c8996fb92427ae41e4649b934ca495991b7852b855","last_name":"e3b0c44298fc1c149afbf4c8996fb92427ae41e4649b934ca495991b7852b855","zip_code":"e3b0c44298fc1c149afbf4c8996fb92427ae41e4649b934ca495991b7852b855"},"page":{"url":"http:\/\/www.ibn-sinaa.com\/product\/print-on-cork\/"}}]}
 ajax: no
2025-01-01T14:04:44+00:00 DEBUG Tt4b_Mapi_Class::mapi_post: Response: 

HTTP/1.1 200 OK
Server: nginx
Content-Type: application/json
Content-Length: 92
X-Tt-Logid: 20250101140444D510729C8D87A0B0C516
x-tt-trace-host: 018e5a586174a888928d793bdac74b79b56517d7628cf0ffdff56b078ad2cf56151fe893cf0e0da9a1706c7c716315344e557f163c9524a38f01ea4024ecc4c2e28dfeb3a0308770ebf6acf41dd38ce19e0f9999030db6ded16189c6c05ea941f4fb1f940444d89a2a42d95c96d6d1a05b
x-tt-trace-id: 00-250101140444D510729C8D87A0B0C516-2314CC0B1FBA9402-00
X-Origin-Response-Time: 29,23.32.17.28
X-Akamai-Request-ID: cb94c22.307d22
Expires: Wed, 01 Jan 2025 14:04:44 GMT
Cache-Control: max-age=0, no-cache, no-store
Pragma: no-cache
Date: Wed, 01 Jan 2025 14:04:44 GMT
X-Cache: TCP_MISS from a95-101-134-92.deploy.akamaitechnologies.com (AkamaiGHost/11.7.2.1-9611f29bef89eba7b18045b10aa2af98) (-)
Connection: close
X-Cache-Remote: TCP_MISS from a23-32-17-28.deploy.akamaitechnologies.com (AkamaiGHost/11.7.2.1-9611f29bef89eba7b18045b10aa2af98) (-)
x-tt-trace-tag: id=16;cdn-cache=miss;type=dyn
Server-Timing: cdn-cache; desc=MISS, edge; dur=81, origin; dur=28
Server-Timing: inner; dur=25
X-Parent-Response-Time: 109,95.101.134.92

{"code": 0, "message": "OK", "request_id": "20250101140444D510729C8D87A0B0C516", "data": {}}
2025-01-01T14:04:44+00:00 DEBUG Tt4b_Pixel_Class::inject_view_content_event: hit ViewContent
2025-01-01T14:04:44+00:00 DEBUG POST: https://business-api.tiktok.com/open_api/v1.3/event/track/

{"partner_name":"WooCommerce","event_source":"web","event_source_id":"CSM79Q3C77UAG1T340I0","data":[{"event":"ViewContent","event_id":"67754b7c38ce7_tt4b_woocommerce_670666209cf1f_4297","event_time":1735740284,"user":{"ip":"62.210.13.154","user_agent":"WP Rocket\/Preload","locale":"ar","external_id":"0","email":"e3b0c44298fc1c149afbf4c8996fb92427ae41e4649b934ca495991b7852b855","phone_number":"e3b0c44298fc1c149afbf4c8996fb92427ae41e4649b934ca495991b7852b855","first_name":"e3b0c44298fc1c149afbf4c8996fb92427ae41e4649b934ca495991b7852b855","last_name":"e3b0c44298fc1c149afbf4c8996fb92427ae41e4649b934ca495991b7852b855","zip_code":"e3b0c44298fc1c149afbf4c8996fb92427ae41e4649b934ca495991b7852b855"},"properties":{"contents":[{"price":70,"quantity":1,"content_id":"4297","content_name":"\u0637\u0628\u0627\u0639\u0647 \u0639\u0644\u0649 \u0641\u0644\u064a\u0646","description":"\u0627\u062d\u0635\u0644 \u0639\u0644\u0649 \u062e\u062f\u0645\u0629 \"\u0637\u0628\u0627\u0639\u0629 \u0639\u0644\u0649 \u0641\u0644\u064a\u0646\" \u0645\u0646 \u0645\u062a\u062c\u0631 \u0645\u0643\u062a\u0628\u0629 \u0627\u0628\u0646 \u0633\u064a\u0646\u0627 \u0627\u0644\u0625\u0644\u0643\u062a\u0631\u0648\u0646\u064a\u060c \u0648\u0627\u0644\u062a\u064a \u062a\u0636\u0645\u0646 \u0644\u0643 \u0639\u0631\u0636\u064b\u0627 \u062c\u0627\u0630\u0628\u064b\u0627 \u0648\u0627\u062d\u062a\u0631\u0627\u0641\u064a\u064b\u0627 \u0644\u0645\u0646\u062a\u062c\u0627\u062a\u0643 \u0623\u0648 \u0645\u0648\u0627\u062f\u0643 \u0627\u0644\u0625\u0639\u0644\u0627\u0646\u064a\u0629. \u064a\u062a\u0645\u064a\u0632 \u0647\u0630\u0627 \u0627\u0644\u0646\u0648\u0639 \u0645\u0646 \u0627\u0644\u0637\u0628\u0627\u0639\u0629 \u0628\u062c\u0648\u062f\u0629 \u0639\u0627\u0644\u064a\u0629 \u0648\u062a\u0635\u0645\u064a\u0645\u0627\u062a \u0645\u062a\u0642\u062f\u0645\u0629 \u062a\u0644\u0628\u064a \u0627\u062d\u062a\u064a\u0627\u062c\u0627\u062a\u0643 \u0627\u0644\u0645\u062a\u0646\u0648\u0639\u0629.","availability":"IN_STOCK","sale_price":70,"on_sale":false}],"content_type":"product","currency":"SAR","value":70,"event_trigger_source":"WooCommerce"},"page":{"url":"http:\/\/www.ibn-sinaa.com\/product\/print-on-cork\/"}}]}
 ajax: no
2025-01-01T14:04:44+00:00 DEBUG Tt4b_Mapi_Class::mapi_post: Response: 

HTTP/1.1 200 OK
Server: nginx
Content-Type: application/json
Content-Length: 92
X-Tt-Logid: 2025010114044419302C166092F6ADA1C4
x-tt-trace-host: 018e5a586174a888928d793bdac74b79b56517d7628cf0ffdff56b078ad2cf5615c30aee8384f4710f072e3290112a0b3607505900d924a295667979230dbac4c6279d5755aa8b23698675f06d008704c232f0b2d996fa2f9d894dfaef29dbc1e369cd3aa633b895920ab3683519401f81
x-tt-trace-id: 00-25010114044419302C166092F6ADA1C4-7F38A7612AD95BEF-00
X-Origin-Response-Time: 29,23.213.246.237
X-Akamai-Request-ID: 459aa048.30835a
Expires: Wed, 01 Jan 2025 14:04:44 GMT
Cache-Control: max-age=0, no-cache, no-store
Pragma: no-cache
Date: Wed, 01 Jan 2025 14:04:44 GMT
X-Cache: TCP_MISS from a95-101-134-92.deploy.akamaitechnologies.com (AkamaiGHost/11.7.2.1-9611f29bef89eba7b18045b10aa2af98) (-)
Connection: close
X-Cache-Remote: TCP_MISS from a23-213-246-237.deploy.akamaitechnologies.com (AkamaiGHost/11.7.2.1-9611f29bef89eba7b18045b10aa2af98) (-)
x-tt-trace-tag: id=16;cdn-cache=miss;type=dyn
Server-Timing: cdn-cache; desc=MISS, edge; dur=85, origin; dur=28
Server-Timing: inner; dur=23
X-Parent-Response-Time: 112,95.101.134.92

{"code": 0, "message": "OK", "request_id": "2025010114044419302C166092F6ADA1C4", "data": {}}
2025-01-01T14:05:02+00:00 DEBUG POST: https://business-api.tiktok.com/open_api/v1.3/event/track/

{"partner_name":"WooCommerce","event_source":"web","event_source_id":"CSM79Q3C77UAG1T340I0","data":[{"event":"Pageview","event_id":"67754b8e4f7db_tt4b_woocommerce_670666209cf1f","event_time":1735740302,"user":{"ip":"193.186.4.81","user_agent":"Mozilla\/5.0 (Linux; Android 10; K) AppleWebKit\/537.36 (KHTML, like Gecko) Chrome\/131.0.0.0 Mobile Safari\/537.36","locale":"ar","external_id":"0","email":"e3b0c44298fc1c149afbf4c8996fb92427ae41e4649b934ca495991b7852b855","phone_number":"e3b0c44298fc1c149afbf4c8996fb92427ae41e4649b934ca495991b7852b855","first_name":"e3b0c44298fc1c149afbf4c8996fb92427ae41e4649b934ca495991b7852b855","last_name":"e3b0c44298fc1c149afbf4c8996fb92427ae41e4649b934ca495991b7852b855","zip_code":"e3b0c44298fc1c149afbf4c8996fb92427ae41e4649b934ca495991b7852b855"},"page":{"url":"http:\/\/www.ibn-sinaa.com\/product\/school-records-physical-education\/?srsltid=AfmBOopHTTYpIpvAv_iKv4FxYbGnhhxY0o6YoAZ9k5YBSqCqoSjbB0kz"}}]}
 ajax: no
2025-01-01T14:05:02+00:00 DEBUG Tt4b_Mapi_Class::mapi_post: Response: 

HTTP/1.1 200 OK
Server: nginx
Content-Type: application/json
Content-Length: 92
X-Tt-Logid: 20250101140502D2B1A69775C270D02554
x-tt-trace-host: 018e5a586174a888928d793bdac74b79b56517d7628cf0ffdff56b078ad2cf5615f936b0c4b24df086eb8e585baa82982edeec831730511a36fc095b0a62970d8e67eb246b6849b030662dbcb4dbd76e571bbc317ea3fb8a63570c01f1f43a56875ebe5d320ac7f1db2f2f915593d435f0
x-tt-trace-id: 00-250101140502D2B1A69775C270D02554-44B76FFE622624BB-00
X-Origin-Response-Time: 29,23.32.17.12
X-Akamai-Request-ID: b523a52.329fb9
Expires: Wed, 01 Jan 2025 14:05:02 GMT
Cache-Control: max-age=0, no-cache, no-store
Pragma: no-cache
Date: Wed, 01 Jan 2025 14:05:02 GMT
X-Cache: TCP_MISS from a95-101-134-92.deploy.akamaitechnologies.com (AkamaiGHost/11.7.2.1-9611f29bef89eba7b18045b10aa2af98) (-)
Connection: close
X-Cache-Remote: TCP_MISS from a23-32-17-12.deploy.akamaitechnologies.com (AkamaiGHost/11.7.2.1-9611f29bef89eba7b18045b10aa2af98) (-)
x-tt-trace-tag: id=16;cdn-cache=miss;type=dyn
Server-Timing: cdn-cache; desc=MISS, edge; dur=81, origin; dur=29
Server-Timing: inner; dur=25
X-Parent-Response-Time: 109,95.101.134.92

{"code": 0, "message": "OK", "request_id": "20250101140502D2B1A69775C270D02554", "data": {}}
2025-01-01T14:05:02+00:00 DEBUG Tt4b_Pixel_Class::inject_view_content_event: hit ViewContent
2025-01-01T14:05:02+00:00 DEBUG POST: https://business-api.tiktok.com/open_api/v1.3/event/track/

{"partner_name":"WooCommerce","event_source":"web","event_source_id":"CSM79Q3C77UAG1T340I0","data":[{"event":"ViewContent","event_id":"67754b8e8dab4_tt4b_woocommerce_670666209cf1f_4097","event_time":1735740302,"user":{"ip":"193.186.4.81","user_agent":"Mozilla\/5.0 (Linux; Android 10; K) AppleWebKit\/537.36 (KHTML, like Gecko) Chrome\/131.0.0.0 Mobile Safari\/537.36","locale":"ar","external_id":"0","email":"e3b0c44298fc1c149afbf4c8996fb92427ae41e4649b934ca495991b7852b855","phone_number":"e3b0c44298fc1c149afbf4c8996fb92427ae41e4649b934ca495991b7852b855","first_name":"e3b0c44298fc1c149afbf4c8996fb92427ae41e4649b934ca495991b7852b855","last_name":"e3b0c44298fc1c149afbf4c8996fb92427ae41e4649b934ca495991b7852b855","zip_code":"e3b0c44298fc1c149afbf4c8996fb92427ae41e4649b934ca495991b7852b855"},"properties":{"contents":[{"price":65,"quantity":1,"content_id":"4097","content_name":"\u0633\u062c\u0644\u0627\u062a \u0645\u0627\u062f\u0629 \u0627\u0644\u062a\u0631\u0628\u064a\u0629 \u0627\u0644\u0628\u062f\u0646\u064a\u0629","description":". \u0637\u0628\u0627\u0639\u0647 \u0633\u062c\u0644\u0627\u062a \u0645\u062f\u0631\u0633\u064a\u0629 \u0627\u062d\u062a\u0631\u0627\u0641\u064a\u0629 \u062e\u0627\u0645\u062a\u0647\u0627 \u0643\u0631\u062a\u0648\u0646 2000 \u062c\u0631\u0627\u0645,\u062a\u0636\u0627\u0641 \u0637\u0628\u0642\u0629 \u062d\u0645\u0627\u064a\u0647 \u0627\u0633\u062a\u064a\u0643\u0631 \u0645\u0639 \u0633\u0644\u0648\u0641\u0627\u0646 \u0644\u0627\u0645\u0639.\r\n. \u0645\u062a\u0648\u0641\u0631 \u0628 \u0627\u062d\u062c\u0627\u0645 \u0645\u062e\u062a\u0644\u0641\u0647 ( \u0635\u063a\u064a\u0631, \u0648\u0633\u0637 , \u0643\u0628\u064a\u0631 ).\r\n. \u064a\u062a\u0633\u0639 \u0627\u0644\u0645\u0642\u0627\u0633 \u0627\u0644\u0635\u063a\u064a\u0631 ( \u0645\u0646 50 \u0627\u0644\u0649 150 \u0648\u0631\u0642\u0629 )\r\n. \u064a\u062a\u0633\u0639 \u0627\u0644\u0648\u0633\u0637 ( \u0645\u0646 150 \u0627\u0644\u0649 300 \u0648\u0631\u0642\u0629 )\r\n. \u0627\u0644\u0643\u0628\u064a\u0631 ( \u0645\u0646 300 \u0627\u0644\u0649 400 \u0648\u0631\u0642\u0629 ).\r\n. \u0645\u062f\u0629 \u0627\u0644\u062a\u0646\u0641\u064a\u0630 : 3-5 \u0627\u064a\u0627\u0645 \u0648\u062a\u0632\u064a\u062f \u0627\u0644\u0645\u062f\u0629 \u0639\u0646 \u0637\u0644\u0628 \u0627\u0644\u0634\u062d\u0646.","availability":"IN_STOCK","sale_price":65,"on_sale":false}],"content_type":"product","currency":"SAR","value":65,"event_trigger_source":"WooCommerce"},"page":{"url":"http:\/\/www.ibn-sinaa.com\/product\/school-records-physical-education\/?srsltid=AfmBOopHTTYpIpvAv_iKv4FxYbGnhhxY0o6YoAZ9k5YBSqCqoSjbB0kz"}}]}
 ajax: no
2025-01-01T14:05:02+00:00 DEBUG Tt4b_Mapi_Class::mapi_post: Response: 

HTTP/1.1 200 OK
Server: nginx
Content-Type: application/json
Content-Length: 92
X-Tt-Logid: 20250101140502CB24381A66B0400E7D94
Server-Timing: inner; dur=24
x-tt-trace-host: 018e5a586174a888928d793bdac74b79b520593bf434961dbceff88e4b17f9a15681bc234c45fe06dab0ca3492e25fc78aa205a967f402e710955ecc69ef2161c9bee8ae2c42cdcb0950d5051e3fc329f9fd7fdeb8d08e91be5db5d7cdfbeb0380
x-tt-trace-id: 00-250101140502CB24381A66B0400E7D94-53FE43DF3D08F1F3-00
Expires: Wed, 01 Jan 2025 14:05:02 GMT
Cache-Control: max-age=0, no-cache, no-store
Pragma: no-cache
Date: Wed, 01 Jan 2025 14:05:02 GMT
X-Cache: TCP_MISS from a95-101-134-116.deploy.akamaitechnologies.com (AkamaiGHost/11.7.2.1-9611f29bef89eba7b18045b10aa2af98) (-)
Connection: close
x-tt-trace-tag: id=16;cdn-cache=miss;type=dyn
Server-Timing: cdn-cache; desc=MISS, edge; dur=1, origin; dur=107
X-Origin-Response-Time: 108,95.101.134.116
X-Akamai-Request-ID: 29f02ee0

{"code": 0, "message": "OK", "request_id": "20250101140502CB24381A66B0400E7D94", "data": {}}
2025-01-01T14:05:12+00:00 DEBUG POST: https://business-api.tiktok.com/open_api/v1.3/event/track/

{"partner_name":"WooCommerce","event_source":"web","event_source_id":"CSM79Q3C77UAG1T340I0","data":[{"event":"Pageview","event_id":"67754b9892cfb_tt4b_woocommerce_670666209cf1f","event_time":1735740312,"user":{"ip":"66.249.66.167","user_agent":"Mozilla\/5.0 (Linux; Android 6.0.1; Nexus 5X Build\/MMB29P) AppleWebKit\/537.36 (KHTML, like Gecko) Chrome\/131.0.6778.204 Mobile Safari\/537.36 (compatible; Googlebot\/2.1; +http:\/\/www.google.com\/bot.html)","locale":"ar","external_id":"0","email":"e3b0c44298fc1c149afbf4c8996fb92427ae41e4649b934ca495991b7852b855","phone_number":"e3b0c44298fc1c149afbf4c8996fb92427ae41e4649b934ca495991b7852b855","first_name":"e3b0c44298fc1c149afbf4c8996fb92427ae41e4649b934ca495991b7852b855","last_name":"e3b0c44298fc1c149afbf4c8996fb92427ae41e4649b934ca495991b7852b855","zip_code":"e3b0c44298fc1c149afbf4c8996fb92427ae41e4649b934ca495991b7852b855"},"page":{"url":"http:\/\/www.ibn-sinaa.com\/product-tag\/%D8%B7%D8%A8%D8%A7%D8%B9%D8%A9-%D8%AA%D9%82%D9%88%D9%8A%D9%85-2025\/"}}]}
 ajax: no
2025-01-01T14:05:12+00:00 DEBUG Tt4b_Mapi_Class::mapi_post: Response: 

HTTP/1.1 200 OK
Server: nginx
Content-Type: application/json
Content-Length: 92
X-Tt-Logid: 20250101140512B7F8B5D87364F224AB42
Server-Timing: inner; dur=26
x-tt-trace-host: 018e5a586174a888928d793bdac74b79b51a437ee89a1c03eb2011d034a2e3e9f5a5de970541aafcb150875d67fe753cede86452245ab18d62442a9f4b9d2bcd66d21f6287fb90973724d37f1a0543a5348240709f96cdfe473d1bbc5a1f21568d
x-tt-trace-id: 00-250101140512B7F8B5D87364F224AB42-76FB97C836BFC691-00
Expires: Wed, 01 Jan 2025 14:05:12 GMT
Cache-Control: max-age=0, no-cache, no-store
Pragma: no-cache
Date: Wed, 01 Jan 2025 14:05:12 GMT
X-Cache: TCP_MISS from a95-101-134-92.deploy.akamaitechnologies.com (AkamaiGHost/11.7.2.1-9611f29bef89eba7b18045b10aa2af98) (-)
Connection: close
x-tt-trace-tag: id=16;cdn-cache=miss;type=dyn
Server-Timing: cdn-cache; desc=MISS, edge; dur=0, origin; dur=106
X-Origin-Response-Time: 106,95.101.134.92
X-Akamai-Request-ID: 33eb6f

{"code": 0, "message": "OK", "request_id": "20250101140512B7F8B5D87364F224AB42", "data": {}}
2025-01-01T14:05:17+00:00 DEBUG POST: https://business-api.tiktok.com/open_api/v1.3/event/track/

{"partner_name":"WooCommerce","event_source":"web","event_source_id":"CSM79Q3C77UAG1T340I0","data":[{"event":"Pageview","event_id":"67754b9d675cd_tt4b_woocommerce_670666209cf1f","event_time":1735740317,"user":{"ip":"62.210.13.154","user_agent":"WP Rocket\/Preload","locale":"ar","external_id":"0","email":"e3b0c44298fc1c149afbf4c8996fb92427ae41e4649b934ca495991b7852b855","phone_number":"e3b0c44298fc1c149afbf4c8996fb92427ae41e4649b934ca495991b7852b855","first_name":"e3b0c44298fc1c149afbf4c8996fb92427ae41e4649b934ca495991b7852b855","last_name":"e3b0c44298fc1c149afbf4c8996fb92427ae41e4649b934ca495991b7852b855","zip_code":"e3b0c44298fc1c149afbf4c8996fb92427ae41e4649b934ca495991b7852b855"},"page":{"url":"http:\/\/www.ibn-sinaa.com\/product\/corrugated-display-table\/"}}]}
 ajax: no
2025-01-01T14:05:17+00:00 DEBUG Tt4b_Mapi_Class::mapi_post: Response: 

HTTP/1.1 200 OK
Server: nginx
Content-Type: application/json
Content-Length: 92
X-Tt-Logid: 20250101140517F2E4944FA80ED1EF8816
x-tt-trace-host: 018e5a586174a888928d793bdac74b79b519a86797e72c2eba011e03e23beee17dcf24f51a3f66ece77f80810e3829c480f3a5d8309e7d9163825785f9d267bbdb3deb66ba3c6ef882f0f5359c33a7348e57f5ed435441e8d113ba38ce787e3a81d9f2c639583a6da6bce9d5c3459cd35b
x-tt-trace-id: 00-250101140517F2E4944FA80ED1EF8816-6A85ED9C541EFCAA-00
X-Origin-Response-Time: 27,23.218.219.5
X-Akamai-Request-ID: 2450b.29f241e5
Expires: Wed, 01 Jan 2025 14:05:17 GMT
Cache-Control: max-age=0, no-cache, no-store
Pragma: no-cache
Date: Wed, 01 Jan 2025 14:05:17 GMT
X-Cache: TCP_MISS from a95-101-134-116.deploy.akamaitechnologies.com (AkamaiGHost/11.7.2.1-9611f29bef89eba7b18045b10aa2af98) (-)
Connection: close
X-Cache-Remote: TCP_MISS from a23-218-219-5.deploy.akamaitechnologies.com (AkamaiGHost/11.7.2.1-9611f29bef89eba7b18045b10aa2af98) (-)
x-tt-trace-tag: id=16;cdn-cache=miss;type=dyn
Server-Timing: cdn-cache; desc=MISS, edge; dur=81, origin; dur=27
Server-Timing: inner; dur=24
X-Parent-Response-Time: 108,95.101.134.116

{"code": 0, "message": "OK", "request_id": "20250101140517F2E4944FA80ED1EF8816", "data": {}}
2025-01-01T14:05:17+00:00 DEBUG Tt4b_Pixel_Class::inject_view_content_event: hit ViewContent
2025-01-01T14:05:17+00:00 DEBUG POST: https://business-api.tiktok.com/open_api/v1.3/event/track/

{"partner_name":"WooCommerce","event_source":"web","event_source_id":"CSM79Q3C77UAG1T340I0","data":[{"event":"ViewContent","event_id":"67754b9da10c8_tt4b_woocommerce_670666209cf1f_4317","event_time":1735740317,"user":{"ip":"62.210.13.154","user_agent":"WP Rocket\/Preload","locale":"ar","external_id":"0","email":"e3b0c44298fc1c149afbf4c8996fb92427ae41e4649b934ca495991b7852b855","phone_number":"e3b0c44298fc1c149afbf4c8996fb92427ae41e4649b934ca495991b7852b855","first_name":"e3b0c44298fc1c149afbf4c8996fb92427ae41e4649b934ca495991b7852b855","last_name":"e3b0c44298fc1c149afbf4c8996fb92427ae41e4649b934ca495991b7852b855","zip_code":"e3b0c44298fc1c149afbf4c8996fb92427ae41e4649b934ca495991b7852b855"},"properties":{"contents":[{"price":690,"quantity":1,"content_id":"4317","content_name":"\u0637\u0627\u0648\u0644\u0629 \u0639\u0631\u0636 \u0645\u0645\u0648\u062c\u0629 \u0643\u0648\u0631\u062c\u062a\u064a\u062f","description":"\u0637\u0627\u0648\u0644\u0629 \u0639\u0631\u0636 \u0645\u0645\u0648\u062c\u0629 \u0643\u0648\u0631\u062c\u064a\u062a\u062f: \u0645\u062b\u0627\u0644\u064a\u0629 \u0644\u0639\u0631\u0636 \u0627\u0644\u0645\u0646\u062a\u062c\u0627\u062a \u0648\u0627\u0644\u062e\u062f\u0645\u0627\u062a \u0628\u062c\u0648\u062f\u0629 \u0639\u0627\u0644\u064a\u0629 \u0648\u062a\u0635\u0645\u064a\u0645 \u062c\u0630\u0627\u0628. \u0645\u062b\u0627\u0644\u064a\u0629 \u0644\u0644\u0627\u0633\u062a\u062e\u062f\u0627\u0645 \u0641\u064a \u0627\u0644\u0645\u0639\u0627\u0631\u0636 \u0648\u0627\u0644\u0641\u0639\u0627\u0644\u064a\u0627\u062a \u0627\u0644\u062a\u0633\u0648\u064a\u0642\u064a\u0629\u060c \u062a\u062a\u0645\u064a\u0632 \u0628\u0645\u062a\u0627\u0646\u062a\u0647\u0627 \u0648\u0633\u0647\u0648\u0644\u0629 \u0646\u0642\u0644\u0647\u0627 \u0648\u062a\u0631\u0643\u064a\u0628\u0647\u0627. \u062a\u062c\u0639\u0644 \u0639\u0631\u0636 \u0645\u0646\u062a\u062c\u0627\u062a\u0643 \u0623\u0643\u062b\u0631 \u062c\u0627\u0630\u0628\u064a\u0629 \u0648\u062a\u0646\u0638\u064a\u0645\u064b\u0627.","availability":"IN_STOCK","sale_price":690,"on_sale":false}],"content_type":"product","currency":"SAR","value":690,"event_trigger_source":"WooCommerce"},"page":{"url":"http:\/\/www.ibn-sinaa.com\/product\/corrugated-display-table\/"}}]}
 ajax: no
2025-01-01T14:05:17+00:00 DEBUG Tt4b_Mapi_Class::mapi_post: Response: 

HTTP/1.1 200 OK
Server: nginx
Content-Type: application/json
Content-Length: 92
X-Tt-Logid: 20250101140517C8F21E18F3F73FB1EC81
x-tt-trace-host: 018e5a586174a888928d793bdac74b79b56517d7628cf0ffdff56b078ad2cf561585f01ba58f402ad6e635d0de3d6143a16fe66cc3c6de7726fbb2324bdc4cd15844b80552fcfb140dabef81658560d21eedbc057833401abb72ed54046befe1ca3a1d64190df3328859d4949b9e21427e
x-tt-trace-id: 00-250101140517C8F21E18F3F73FB1EC81-44194C7151EFB7D1-00
X-Origin-Response-Time: 32,23.218.219.45
X-Akamai-Request-ID: 7fb09373.349d68
Expires: Wed, 01 Jan 2025 14:05:17 GMT
Cache-Control: max-age=0, no-cache, no-store
Pragma: no-cache
Date: Wed, 01 Jan 2025 14:05:17 GMT
X-Cache: TCP_MISS from a95-101-134-92.deploy.akamaitechnologies.com (AkamaiGHost/11.7.2.1-9611f29bef89eba7b18045b10aa2af98) (-)
Connection: close
X-Cache-Remote: TCP_MISS from a23-218-219-45.deploy.akamaitechnologies.com (AkamaiGHost/11.7.2.1-9611f29bef89eba7b18045b10aa2af98) (-)
x-tt-trace-tag: id=16;cdn-cache=miss;type=dyn
Server-Timing: cdn-cache; desc=MISS, edge; dur=82, origin; dur=32
Server-Timing: inner; dur=28
X-Parent-Response-Time: 114,95.101.134.92

{"code": 0, "message": "OK", "request_id": "20250101140517C8F21E18F3F73FB1EC81", "data": {}}
2025-01-01T14:05:19+00:00 DEBUG POST: https://business-api.tiktok.com/open_api/v1.3/event/track/

{"partner_name":"WooCommerce","event_source":"web","event_source_id":"CSM79Q3C77UAG1T340I0","data":[{"event":"Pageview","event_id":"67754b9faab88_tt4b_woocommerce_670666209cf1f","event_time":1735740319,"user":{"ip":"62.210.13.154","user_agent":"WP Rocket\/Preload","locale":"ar","external_id":"0","email":"e3b0c44298fc1c149afbf4c8996fb92427ae41e4649b934ca495991b7852b855","phone_number":"e3b0c44298fc1c149afbf4c8996fb92427ae41e4649b934ca495991b7852b855","first_name":"e3b0c44298fc1c149afbf4c8996fb92427ae41e4649b934ca495991b7852b855","last_name":"e3b0c44298fc1c149afbf4c8996fb92427ae41e4649b934ca495991b7852b855","zip_code":"e3b0c44298fc1c149afbf4c8996fb92427ae41e4649b934ca495991b7852b855"},"page":{"url":"http:\/\/www.ibn-sinaa.com\/product\/plastic-cards-printing\/"}}]}
 ajax: no
2025-01-01T14:05:19+00:00 DEBUG Tt4b_Mapi_Class::mapi_post: Response: 

HTTP/1.1 200 OK
Server: nginx
Content-Type: application/json
Content-Length: 92
X-Tt-Logid: 20250101140519D9541C4ABA35B4224789
x-tt-trace-host: 018e5a586174a888928d793bdac74b79b56517d7628cf0ffdff56b078ad2cf5615c56a2fe5b8d7ef77431c75a0078c5bcf4d9c0e8f08ee1f99eea85b0b2698ee9ad07a3a1ad9ee40e43aa2af7b43ad23b0d4c4aa18bbe3d5a4cf9b8373c9e57f5d0cc20d80aef015586e5aea3e82d8985e
x-tt-trace-id: 00-250101140519D9541C4ABA35B4224789-7A24042550E81848-00
X-Origin-Response-Time: 30,23.213.246.229
X-Akamai-Request-ID: 4066abb1.34ecf2
Expires: Wed, 01 Jan 2025 14:05:19 GMT
Cache-Control: max-age=0, no-cache, no-store
Pragma: no-cache
Date: Wed, 01 Jan 2025 14:05:19 GMT
X-Cache: TCP_MISS from a95-101-134-92.deploy.akamaitechnologies.com (AkamaiGHost/11.7.2.1-9611f29bef89eba7b18045b10aa2af98) (-)
Connection: close
X-Cache-Remote: TCP_MISS from a23-213-246-229.deploy.akamaitechnologies.com (AkamaiGHost/11.7.2.1-9611f29bef89eba7b18045b10aa2af98) (-)
x-tt-trace-tag: id=16;cdn-cache=miss;type=dyn
Server-Timing: cdn-cache; desc=MISS, edge; dur=82, origin; dur=30
Server-Timing: inner; dur=26
X-Parent-Response-Time: 111,95.101.134.92

{"code": 0, "message": "OK", "request_id": "20250101140519D9541C4ABA35B4224789", "data": {}}
2025-01-01T14:05:20+00:00 DEBUG Tt4b_Pixel_Class::inject_view_content_event: hit ViewContent
2025-01-01T14:05:20+00:00 DEBUG POST: https://business-api.tiktok.com/open_api/v1.3/event/track/

{"partner_name":"WooCommerce","event_source":"web","event_source_id":"CSM79Q3C77UAG1T340I0","data":[{"event":"ViewContent","event_id":"67754ba00af9d_tt4b_woocommerce_670666209cf1f_2948","event_time":1735740320,"user":{"ip":"62.210.13.154","user_agent":"WP Rocket\/Preload","locale":"ar","external_id":"0","email":"e3b0c44298fc1c149afbf4c8996fb92427ae41e4649b934ca495991b7852b855","phone_number":"e3b0c44298fc1c149afbf4c8996fb92427ae41e4649b934ca495991b7852b855","first_name":"e3b0c44298fc1c149afbf4c8996fb92427ae41e4649b934ca495991b7852b855","last_name":"e3b0c44298fc1c149afbf4c8996fb92427ae41e4649b934ca495991b7852b855","zip_code":"e3b0c44298fc1c149afbf4c8996fb92427ae41e4649b934ca495991b7852b855"},"properties":{"contents":[{"price":85,"quantity":1,"content_id":"2948","content_name":"\u0637\u0628\u0627\u0639\u0629 \u0643\u0631\u0648\u062a \u0628\u0644\u0627\u0633\u062a\u064a\u0643","description":"<ul>\r\n \t<li>\u0643\u0631\u0648\u062a \u0634\u062e\u0635\u064a\u0629 \u0645\u0635\u0646\u0648\u0639\u0629 \u0645\u0646 \u0648\u0631\u0642 \u062e\u0627\u0635 \u0645\u062e\u0644\u0648\u0637 \u0645\u0639 \u0627\u0644\u0628\u0644\u0627\u0633\u062a\u064a\u0643 \u0644\u064a\u0639\u0637\u064a \u0645\u0642\u0627\u0648\u0645\u0629 \u0644\u0644\u0633\u0648\u0627\u0626\u0644 \u0648\u0644\u0644\u0642\u0637\u0639.<\/li>\r\n \t<li>\u0645\u062f\u0629 \u0627\u0644\u062a\u0646\u0641\u064a\u0630 \u0627\u0644\u0645\u062a\u0648\u0642\u0639\u0629: 1 \u2013 3 \u0623\u064a\u0627\u0645 \u0639\u0645\u0644 \u0628\u0639\u062f \u062a\u0623\u0643\u064a\u062f \u0627\u0644\u0637\u0644\u0628 \u0648\u0627\u0644\u062a\u0635\u0645\u064a\u0645 \u0648\u062d\u0633\u0628 \u0627\u0644\u0643\u0645\u064a\u0629 (\u062a\u0632\u064a\u062f \u0627\u0644\u0645\u062f\u0629 \u0639\u0646\u062f \u0637\u0644\u0628 \u0627\u0644\u0634\u062d\u0646).<\/li>\r\n<\/ul>","availability":"IN_STOCK","sale_price":85,"on_sale":false}],"content_type":"product","currency":"SAR","value":85,"event_trigger_source":"WooCommerce"},"page":{"url":"http:\/\/www.ibn-sinaa.com\/product\/plastic-cards-printing\/"}}]}
 ajax: no
2025-01-01T14:05:20+00:00 DEBUG Tt4b_Mapi_Class::mapi_post: Response: 

HTTP/1.1 200 OK
Server: nginx
Content-Type: application/json
Content-Length: 92
X-Tt-Logid: 20250101140520EFC21A0E2F8CDDAE7C60
Server-Timing: inner; dur=29
x-tt-trace-host: 018e5a586174a888928d793bdac74b79b520593bf434961dbceff88e4b17f9a1560391e36f6921ef227a71de654aa657ccefe4ffa23c5de503d641b90557000c3646d92774963077f24eb368e346afa3aa56b9359ae610540232d3fd710aa4d5de
x-tt-trace-id: 00-250101140520EFC21A0E2F8CDDAE7C60-0D923C2F8A91724A-00
Expires: Wed, 01 Jan 2025 14:05:20 GMT
Cache-Control: max-age=0, no-cache, no-store
Pragma: no-cache
Date: Wed, 01 Jan 2025 14:05:20 GMT
X-Cache: TCP_MISS from a95-101-134-116.deploy.akamaitechnologies.com (AkamaiGHost/11.7.2.1-9611f29bef89eba7b18045b10aa2af98) (-)
Connection: close
x-tt-trace-tag: id=16;cdn-cache=miss;type=dyn
Server-Timing: cdn-cache; desc=MISS, edge; dur=2, origin; dur=108
X-Origin-Response-Time: 108,95.101.134.116
X-Akamai-Request-ID: 29f2a7a6

{"code": 0, "message": "OK", "request_id": "20250101140520EFC21A0E2F8CDDAE7C60", "data": {}}
2025-01-01T14:05:21+00:00 DEBUG POST: https://business-api.tiktok.com/open_api/v1.3/event/track/

{"partner_name":"WooCommerce","event_source":"web","event_source_id":"CSM79Q3C77UAG1T340I0","data":[{"event":"Pageview","event_id":"67754ba18f7e5_tt4b_woocommerce_670666209cf1f","event_time":1735740321,"user":{"ip":"62.210.13.154","user_agent":"WP Rocket\/Preload","locale":"ar","external_id":"0","email":"e3b0c44298fc1c149afbf4c8996fb92427ae41e4649b934ca495991b7852b855","phone_number":"e3b0c44298fc1c149afbf4c8996fb92427ae41e4649b934ca495991b7852b855","first_name":"e3b0c44298fc1c149afbf4c8996fb92427ae41e4649b934ca495991b7852b855","last_name":"e3b0c44298fc1c149afbf4c8996fb92427ae41e4649b934ca495991b7852b855","zip_code":"e3b0c44298fc1c149afbf4c8996fb92427ae41e4649b934ca495991b7852b855"},"page":{"url":"http:\/\/www.ibn-sinaa.com\/product\/print-notebook-thick-cover-a6\/"}}]}
 ajax: no
2025-01-01T14:05:21+00:00 DEBUG Tt4b_Mapi_Class::mapi_post: Response: 

HTTP/1.1 200 OK
Server: nginx
Content-Type: application/json
Content-Length: 92
X-Tt-Logid: 20250101140521C66A22F28F39B781A172
x-tt-trace-host: 018e5a586174a888928d793bdac74b79b519a86797e72c2eba011e03e23beee17de14dfb9fb241cef89176ce4f156aaa4f6dc44cbbeb587fd167a8106d34ab9b1cf0b53d6e2a8480e7fc2f5e1e254d9860a5e68626650c016d8cbd4c53c53ca75aca0808cd1e8d6bcf3cd2c4ce99dec8fa
x-tt-trace-id: 00-250101140521C66A22F28F39B781A172-0EF0317E3ED7EEEB-00
X-Origin-Response-Time: 31,23.218.219.41
X-Akamai-Request-ID: 72db768f.29f2e340
Expires: Wed, 01 Jan 2025 14:05:21 GMT
Cache-Control: max-age=0, no-cache, no-store
Pragma: no-cache
Date: Wed, 01 Jan 2025 14:05:21 GMT
X-Cache: TCP_MISS from a95-101-134-116.deploy.akamaitechnologies.com (AkamaiGHost/11.7.2.1-9611f29bef89eba7b18045b10aa2af98) (-)
Connection: close
X-Cache-Remote: TCP_MISS from a23-218-219-41.deploy.akamaitechnologies.com (AkamaiGHost/11.7.2.1-9611f29bef89eba7b18045b10aa2af98) (-)
x-tt-trace-tag: id=16;cdn-cache=miss;type=dyn
Server-Timing: cdn-cache; desc=MISS, edge; dur=83, origin; dur=30
Server-Timing: inner; dur=27
X-Parent-Response-Time: 112,95.101.134.116

{"code": 0, "message": "OK", "request_id": "20250101140521C66A22F28F39B781A172", "data": {}}
2025-01-01T14:05:21+00:00 DEBUG Tt4b_Pixel_Class::inject_view_content_event: hit ViewContent
2025-01-01T14:05:21+00:00 DEBUG POST: https://business-api.tiktok.com/open_api/v1.3/event/track/

{"partner_name":"WooCommerce","event_source":"web","event_source_id":"CSM79Q3C77UAG1T340I0","data":[{"event":"ViewContent","event_id":"67754ba1d7fd3_tt4b_woocommerce_670666209cf1f_4003","event_time":1735740321,"user":{"ip":"62.210.13.154","user_agent":"WP Rocket\/Preload","locale":"ar","external_id":"0","email":"e3b0c44298fc1c149afbf4c8996fb92427ae41e4649b934ca495991b7852b855","phone_number":"e3b0c44298fc1c149afbf4c8996fb92427ae41e4649b934ca495991b7852b855","first_name":"e3b0c44298fc1c149afbf4c8996fb92427ae41e4649b934ca495991b7852b855","last_name":"e3b0c44298fc1c149afbf4c8996fb92427ae41e4649b934ca495991b7852b855","zip_code":"e3b0c44298fc1c149afbf4c8996fb92427ae41e4649b934ca495991b7852b855"},"properties":{"contents":[{"price":59,"quantity":1,"content_id":"4003","content_name":"\u0637\u0628\u0627\u0639\u0629 \u0646\u0648\u062a\u0629 \u063a\u0644\u0627\u0641 \u0633\u0645\u064a\u0643 A6","description":"\u0646\u0648\u062a\u0629 \u0645\u0639 \u063a\u0644\u0627\u0641 \u0633\u0645\u064a\u0643 \u0645\u0642\u0627\u0633 A6 \u0648\u0648\u0631\u0642 \u062f\u0627\u062e\u0644\u064a \u0627\u0628\u064a\u0636 \u0648 \u0627\u0633\u0648\u062f.\r\n\u0627\u0644\u0648\u0631\u0642 \u0627\u0644\u062f\u0627\u062e\u0644\u064a: \u0648\u0631\u0642 \u0639\u0627\u062f\u064a 80 \u062c\u0631\u0627\u0645 \u0639\u062f\u062f 50 \u0648\u0642\u0629 \u060c \u0627\u0644\u063a\u0644\u0627\u0641: \u0648\u0631\u0642 \u0643\u0648\u0634\u064a\u0647 350 \u062c\u0631\u0627\u0645 \u0645\u0639 \u0633\u0644\u0641\u0627\u0646.\r\n\u0645\u062f\u0629 \u0627\u0644\u062a\u0646\u0641\u064a\u0630 \u0627\u0644\u0645\u062a\u0648\u0642\u0639\u0629: \u0645\u0646 3 \u0625\u0644\u0649 5 \u0623\u064a\u0627\u0645 \u0639\u0645\u0644 \u0628\u0639\u062f \u0627\u0639\u062a\u0645\u0627\u062f \u0627\u0644\u062a\u0635\u0645\u064a\u0645 \u0648\u0627\u0644\u0637\u0644\u0628 \u062d\u0633\u0628 \u0627\u0644\u0643\u0645\u064a\u0629 (\u062a\u0632\u064a\u062f \u0627\u0644\u0645\u062f\u0629 \u0639\u0646\u062f \u0637\u0644\u0628 \u0627\u0644\u0634\u062d\u0646).","availability":"IN_STOCK","sale_price":59,"on_sale":false}],"content_type":"product","currency":"SAR","value":59,"event_trigger_source":"WooCommerce"},"page":{"url":"http:\/\/www.ibn-sinaa.com\/product\/print-notebook-thick-cover-a6\/"}}]}
 ajax: no
2025-01-01T14:05:22+00:00 DEBUG Tt4b_Mapi_Class::mapi_post: Response: 

HTTP/1.1 200 OK
Server: nginx
Content-Type: application/json
Content-Length: 92
X-Tt-Logid: 2025010114052131097EB45E6FC829F2AC
x-tt-trace-host: 018e5a586174a888928d793bdac74b79b56517d7628cf0ffdff56b078ad2cf5615f66ce83ac6a20d76f0e298179a0c8264ce6586f890f315e9c81f7df848ba1338dbe518603221405711c6efde3a9a6151bb07b7ed524fd16c6306965f4283f20351b5a91fced30ab4a9243935fcf7f3c5
x-tt-trace-id: 00-25010114052131097EB45E6FC829F2AC-1775E4636472E0E1-00
X-Origin-Response-Time: 36,23.218.219.51
X-Akamai-Request-ID: 7032b6ab.354613
Expires: Wed, 01 Jan 2025 14:05:22 GMT
Cache-Control: max-age=0, no-cache, no-store
Pragma: no-cache
Date: Wed, 01 Jan 2025 14:05:22 GMT
X-Cache: TCP_MISS from a95-101-134-92.deploy.akamaitechnologies.com (AkamaiGHost/11.7.2.1-9611f29bef89eba7b18045b10aa2af98) (-)
Connection: close
X-Cache-Remote: TCP_MISS from a23-218-219-51.deploy.akamaitechnologies.com (AkamaiGHost/11.7.2.1-9611f29bef89eba7b18045b10aa2af98) (-)
x-tt-trace-tag: id=16;cdn-cache=miss;type=dyn
Server-Timing: cdn-cache; desc=MISS, edge; dur=85, origin; dur=35
Server-Timing: inner; dur=31
X-Parent-Response-Time: 116,95.101.134.92

{"code": 0, "message": "OK", "request_id": "2025010114052131097EB45E6FC829F2AC", "data": {}}
2025-01-01T14:05:22+00:00 DEBUG POST: https://business-api.tiktok.com/open_api/v1.3/event/track/

{"partner_name":"WooCommerce","event_source":"web","event_source_id":"CSM79Q3C77UAG1T340I0","data":[{"event":"Pageview","event_id":"67754ba2c3c79_tt4b_woocommerce_670666209cf1f","event_time":1735740322,"user":{"ip":"62.210.13.154","user_agent":"WP Rocket\/Preload","locale":"ar","external_id":"0","email":"e3b0c44298fc1c149afbf4c8996fb92427ae41e4649b934ca495991b7852b855","phone_number":"e3b0c44298fc1c149afbf4c8996fb92427ae41e4649b934ca495991b7852b855","first_name":"e3b0c44298fc1c149afbf4c8996fb92427ae41e4649b934ca495991b7852b855","last_name":"e3b0c44298fc1c149afbf4c8996fb92427ae41e4649b934ca495991b7852b855","zip_code":"e3b0c44298fc1c149afbf4c8996fb92427ae41e4649b934ca495991b7852b855"},"page":{"url":"http:\/\/www.ibn-sinaa.com\/product\/school-achievement-records\/"}}]}
 ajax: no
2025-01-01T14:05:22+00:00 DEBUG Tt4b_Mapi_Class::mapi_post: Response: 

HTTP/1.1 200 OK
Server: nginx
Content-Type: application/json
Content-Length: 92
X-Tt-Logid: 20250101140522A7A0364C942AA2D09C83
x-tt-trace-host: 018e5a586174a888928d793bdac74b79b56517d7628cf0ffdff56b078ad2cf56159b4e0f0e08aecf3ac846d2414a0ca84e71ff439a52a380417ea6c0f46190b33125520719b561121343d93a54ac96d4d58a5417712ead433ef1766639b00cac0a0b940ce832c4831ffa4226cf5d4afd7a
x-tt-trace-id: 00-250101140522A7A0364C942AA2D09C83-1BC41EA47161F6B0-00
X-Origin-Response-Time: 34,23.218.219.33
X-Akamai-Request-ID: 3c4312ad.3570db
Expires: Wed, 01 Jan 2025 14:05:22 GMT
Cache-Control: max-age=0, no-cache, no-store
Pragma: no-cache
Date: Wed, 01 Jan 2025 14:05:22 GMT
X-Cache: TCP_MISS from a95-101-134-92.deploy.akamaitechnologies.com (AkamaiGHost/11.7.2.1-9611f29bef89eba7b18045b10aa2af98) (-)
Connection: close
X-Cache-Remote: TCP_MISS from a23-218-219-33.deploy.akamaitechnologies.com (AkamaiGHost/11.7.2.1-9611f29bef89eba7b18045b10aa2af98) (-)
x-tt-trace-tag: id=16;cdn-cache=miss;type=dyn
Server-Timing: cdn-cache; desc=MISS, edge; dur=89, origin; dur=34
Server-Timing: inner; dur=31
X-Parent-Response-Time: 119,95.101.134.92

{"code": 0, "message": "OK", "request_id": "20250101140522A7A0364C942AA2D09C83", "data": {}}
2025-01-01T14:05:23+00:00 DEBUG Tt4b_Pixel_Class::inject_view_content_event: hit ViewContent
2025-01-01T14:05:23+00:00 DEBUG POST: https://business-api.tiktok.com/open_api/v1.3/event/track/

{"partner_name":"WooCommerce","event_source":"web","event_source_id":"CSM79Q3C77UAG1T340I0","data":[{"event":"ViewContent","event_id":"67754ba310c5c_tt4b_woocommerce_670666209cf1f_4049","event_time":1735740323,"user":{"ip":"62.210.13.154","user_agent":"WP Rocket\/Preload","locale":"ar","external_id":"0","email":"e3b0c44298fc1c149afbf4c8996fb92427ae41e4649b934ca495991b7852b855","phone_number":"e3b0c44298fc1c149afbf4c8996fb92427ae41e4649b934ca495991b7852b855","first_name":"e3b0c44298fc1c149afbf4c8996fb92427ae41e4649b934ca495991b7852b855","last_name":"e3b0c44298fc1c149afbf4c8996fb92427ae41e4649b934ca495991b7852b855","zip_code":"e3b0c44298fc1c149afbf4c8996fb92427ae41e4649b934ca495991b7852b855"},"properties":{"contents":[{"price":65,"quantity":1,"content_id":"4049","content_name":"\u0633\u062c\u0644\u0627\u062a \u0627\u0644\u0627\u0646\u062c\u0627\u0632 \u0627\u0644\u0645\u062f\u0631\u0633\u064a\u0629","description":". \u0637\u0628\u0627\u0639\u0647 \u0633\u062c\u0644\u0627\u062a \u0645\u062f\u0631\u0633\u064a\u0629 \u0627\u062d\u062a\u0631\u0627\u0641\u064a\u0629 \u062e\u0627\u0645\u062a\u0647\u0627 \u0643\u0631\u062a\u0648\u0646 2000 \u062c\u0631\u0627\u0645,\u062a\u0636\u0627\u0641 \u0637\u0628\u0642\u0629 \u062d\u0645\u0627\u064a\u0647 \u0627\u0633\u062a\u064a\u0643\u0631 \u0645\u0639 \u0633\u0644\u0648\u0641\u0627\u0646 \u0644\u0627\u0645\u0639.\r\n. \u0645\u062a\u0648\u0641\u0631 \u0628 \u0627\u062d\u062c\u0627\u0645 \u0645\u062e\u062a\u0644\u0641\u0647 ( \u0635\u063a\u064a\u0631, \u0648\u0633\u0637 , \u0643\u0628\u064a\u0631 ).\r\n. \u064a\u062a\u0633\u0639 \u0627\u0644\u0645\u0642\u0627\u0633 \u0627\u0644\u0635\u063a\u064a\u0631 ( \u0645\u0646 50 \u0627\u0644\u0649 150 \u0648\u0631\u0642\u0629 ) \u0648 \u0627\u0644\u0648\u0633\u0637 ( \u0645\u0646 150 \u0627\u0644\u0649 300 \u0648\u0631\u0642\u0629 ) \u0648 \u0627\u0644\u0643\u0628\u064a\u0631 ( \u0645\u0646 300 \u0627\u0644\u0649 400 \u0648\u0631\u0642\u0629 ).\r\n. \u0645\u062f\u0629 \u0627\u0644\u062a\u0646\u0641\u064a\u0630 : 3-5 \u0627\u064a\u0627\u0645 \u0648\u062a\u0632\u064a\u062f \u0627\u0644\u0645\u062f\u0629 \u0639\u0646 \u0637\u0644\u0628 \u0627\u0644\u0634\u062d\u0646.","availability":"IN_STOCK","sale_price":65,"on_sale":false}],"content_type":"product","currency":"SAR","value":65,"event_trigger_source":"WooCommerce"},"page":{"url":"http:\/\/www.ibn-sinaa.com\/product\/school-achievement-records\/"}}]}
 ajax: no
2025-01-01T14:05:23+00:00 DEBUG Tt4b_Mapi_Class::mapi_post: Response: 

HTTP/1.1 200 OK
Server: nginx
Content-Type: application/json
Content-Length: 92
X-Tt-Logid: 202501011405239595583D396578CD0286
x-tt-trace-host: 018e5a586174a888928d793bdac74b79b519a86797e72c2eba011e03e23beee17dcf24f51a3f66ece77f80810e3829c480a38b99c673a51a9ec9c77522101e8cd89957f2de1c244870d60f26725173229952292fc1483810cdd7b2b9e758cdc8263fd4e2863a9e6d5ac469c19df7c3bf94
x-tt-trace-id: 00-2501011405239595583D396578CD0286-7073A9C873A66BEC-00
X-Origin-Response-Time: 27,23.218.219.5
X-Akamai-Request-ID: 28591.29f31998
Expires: Wed, 01 Jan 2025 14:05:23 GMT
Cache-Control: max-age=0, no-cache, no-store
Pragma: no-cache
Date: Wed, 01 Jan 2025 14:05:23 GMT
X-Cache: TCP_MISS from a95-101-134-116.deploy.akamaitechnologies.com (AkamaiGHost/11.7.2.1-9611f29bef89eba7b18045b10aa2af98) (-)
Connection: close
X-Cache-Remote: TCP_MISS from a23-218-219-5.deploy.akamaitechnologies.com (AkamaiGHost/11.7.2.1-9611f29bef89eba7b18045b10aa2af98) (-)
x-tt-trace-tag: id=16;cdn-cache=miss;type=dyn
Server-Timing: cdn-cache; desc=MISS, edge; dur=88, origin; dur=27
Server-Timing: inner; dur=24
X-Parent-Response-Time: 113,95.101.134.116

{"code": 0, "message": "OK", "request_id": "202501011405239595583D396578CD0286", "data": {}}
2025-01-01T14:05:24+00:00 DEBUG POST: https://business-api.tiktok.com/open_api/v1.3/event/track/

{"partner_name":"WooCommerce","event_source":"web","event_source_id":"CSM79Q3C77UAG1T340I0","data":[{"event":"Pageview","event_id":"67754ba4efca2_tt4b_woocommerce_670666209cf1f","event_time":1735740324,"user":{"ip":"62.210.13.154","user_agent":"WP Rocket\/Preload","locale":"ar","external_id":"0","email":"e3b0c44298fc1c149afbf4c8996fb92427ae41e4649b934ca495991b7852b855","phone_number":"e3b0c44298fc1c149afbf4c8996fb92427ae41e4649b934ca495991b7852b855","first_name":"e3b0c44298fc1c149afbf4c8996fb92427ae41e4649b934ca495991b7852b855","last_name":"e3b0c44298fc1c149afbf4c8996fb92427ae41e4649b934ca495991b7852b855","zip_code":"e3b0c44298fc1c149afbf4c8996fb92427ae41e4649b934ca495991b7852b855"},"page":{"url":"http:\/\/www.ibn-sinaa.com\/product-tag\/%D8%B7%D8%A8%D8%A7%D8%B9%D8%A9-%D9%85%D9%84%D9%88%D9%86\/"}}]}
 ajax: no
2025-01-01T14:05:25+00:00 DEBUG Tt4b_Mapi_Class::mapi_post: Response: 

HTTP/1.1 200 OK
Server: nginx
Content-Type: application/json
Content-Length: 92
X-Tt-Logid: 20250101140525ABDF38B094EDAA2F35C0
x-tt-trace-host: 018e5a586174a888928d793bdac74b79b519a86797e72c2eba011e03e23beee17d5ca8dc2bf1a7bcdaaabc1fc433e665d44bc9e04d5843ab9f5d7f263c285b719bc910ddaec78946baff29253931817ad2f55687ea9971cd1c98bea4228db6fd1ceeb124a71dc918d02a9ab024096d5cf5
x-tt-trace-id: 00-250101140525ABDF38B094EDAA2F35C0-2CCA9FFC3F6872EB-00
X-Origin-Response-Time: 30,23.218.219.53
X-Akamai-Request-ID: f4ec7de.29f3638c
Expires: Wed, 01 Jan 2025 14:05:25 GMT
Cache-Control: max-age=0, no-cache, no-store
Pragma: no-cache
Date: Wed, 01 Jan 2025 14:05:25 GMT
X-Cache: TCP_MISS from a95-101-134-116.deploy.akamaitechnologies.com (AkamaiGHost/11.7.2.1-9611f29bef89eba7b18045b10aa2af98) (-)
Connection: close
X-Cache-Remote: TCP_MISS from a23-218-219-53.deploy.akamaitechnologies.com (AkamaiGHost/11.7.2.1-9611f29bef89eba7b18045b10aa2af98) (-)
x-tt-trace-tag: id=16;cdn-cache=miss;type=dyn
Server-Timing: cdn-cache; desc=MISS, edge; dur=83, origin; dur=30
Server-Timing: inner; dur=25
X-Parent-Response-Time: 113,95.101.134.116

{"code": 0, "message": "OK", "request_id": "20250101140525ABDF38B094EDAA2F35C0", "data": {}}
2025-01-01T14:05:26+00:00 DEBUG POST: https://business-api.tiktok.com/open_api/v1.3/event/track/

{"partner_name":"WooCommerce","event_source":"web","event_source_id":"CSM79Q3C77UAG1T340I0","data":[{"event":"Pageview","event_id":"67754ba66a7b3_tt4b_woocommerce_670666209cf1f","event_time":1735740326,"user":{"ip":"62.210.13.154","user_agent":"WP Rocket\/Preload","locale":"ar","external_id":"0","email":"e3b0c44298fc1c149afbf4c8996fb92427ae41e4649b934ca495991b7852b855","phone_number":"e3b0c44298fc1c149afbf4c8996fb92427ae41e4649b934ca495991b7852b855","first_name":"e3b0c44298fc1c149afbf4c8996fb92427ae41e4649b934ca495991b7852b855","last_name":"e3b0c44298fc1c149afbf4c8996fb92427ae41e4649b934ca495991b7852b855","zip_code":"e3b0c44298fc1c149afbf4c8996fb92427ae41e4649b934ca495991b7852b855"},"page":{"url":"http:\/\/www.ibn-sinaa.com\/product\/print-folders\/"}}]}
 ajax: no
2025-01-01T14:05:26+00:00 DEBUG Tt4b_Mapi_Class::mapi_post: Response: 

HTTP/1.1 200 OK
Server: nginx
Content-Type: application/json
Content-Length: 92
X-Tt-Logid: 202501011405263368F8A2128CEFD815CD
Server-Timing: inner; dur=25
x-tt-trace-host: 018e5a586174a888928d793bdac74b79b51a437ee89a1c03eb2011d034a2e3e9f522deb0abb46d1688a08744e1aeb29b29862c16c5ecd269fb4534ed766c302b696a653307866afb4740e88d1e9921ded230dfe7216a82570137d461a080600fe9
x-tt-trace-id: 00-2501011405263368F8A2128CEFD815CD-4404C9CE8470E2BA-00
Expires: Wed, 01 Jan 2025 14:05:26 GMT
Cache-Control: max-age=0, no-cache, no-store
Pragma: no-cache
Date: Wed, 01 Jan 2025 14:05:26 GMT
X-Cache: TCP_MISS from a95-101-134-92.deploy.akamaitechnologies.com (AkamaiGHost/11.7.2.1-9611f29bef89eba7b18045b10aa2af98) (-)
Connection: close
x-tt-trace-tag: id=16;cdn-cache=miss;type=dyn
Server-Timing: cdn-cache; desc=MISS, edge; dur=1, origin; dur=105
X-Origin-Response-Time: 105,95.101.134.92
X-Akamai-Request-ID: 36170a

{"code": 0, "message": "OK", "request_id": "202501011405263368F8A2128CEFD815CD", "data": {}}
2025-01-01T14:05:26+00:00 DEBUG Tt4b_Pixel_Class::inject_view_content_event: hit ViewContent
2025-01-01T14:05:26+00:00 DEBUG POST: https://business-api.tiktok.com/open_api/v1.3/event/track/

{"partner_name":"WooCommerce","event_source":"web","event_source_id":"CSM79Q3C77UAG1T340I0","data":[{"event":"ViewContent","event_id":"67754ba6b8cfc_tt4b_woocommerce_670666209cf1f_3545","event_time":1735740326,"user":{"ip":"62.210.13.154","user_agent":"WP Rocket\/Preload","locale":"ar","external_id":"0","email":"e3b0c44298fc1c149afbf4c8996fb92427ae41e4649b934ca495991b7852b855","phone_number":"e3b0c44298fc1c149afbf4c8996fb92427ae41e4649b934ca495991b7852b855","first_name":"e3b0c44298fc1c149afbf4c8996fb92427ae41e4649b934ca495991b7852b855","last_name":"e3b0c44298fc1c149afbf4c8996fb92427ae41e4649b934ca495991b7852b855","zip_code":"e3b0c44298fc1c149afbf4c8996fb92427ae41e4649b934ca495991b7852b855"},"properties":{"contents":[{"price":0,"quantity":1,"content_id":"3545","content_name":"\u0637\u0628\u0627\u0639\u0629 \u0641\u0648\u0644\u062f\u0631\u0627\u062a \u062c\u064a\u0628 \u0639\u0627\u062f\u064a","description":"\u0641\u0648\u0644\u062f\u0631 \u062c\u064a\u0628 \u0623\u0628\u064a\u0636 \u0639\u0627\u062f\u064a.\r\n\u0646\u0648\u0639 \u0627\u0644\u0648\u0631\u0642: \u0648\u0631\u0642 \u0643\u0648\u0634\u064a\u0647 350 \u062c\u0631\u0627\u0645 \u0645\u0639 \u0633\u0644\u0641\u0627\u0646\r\n\u0645\u062f\u0629 \u0627\u0644\u062a\u0646\u0641\u064a\u0630 \u0627\u0644\u0645\u062a\u0648\u0642\u0639\u0629: \u0645\u0646 4 \u0625\u0644\u0649 7 \u0623\u064a\u0627\u0645 \u0639\u0645\u0644 \u0628\u0639\u062f \u0627\u0639\u062a\u0645\u0627\u062f \u0627\u0644\u0637\u0644\u0628 \u0648\u0627\u0644\u0643\u0645\u064a\u0629 (\u062a\u0632\u064a\u062f \u0627\u0644\u0645\u062f\u0629 \u0639\u0646\u062f \u0637\u0644\u0628 \u0627\u0644\u0634\u062d\u0646).","availability":"IN_STOCK","sale_price":0,"on_sale":false}],"content_type":"product","currency":"SAR","value":0,"event_trigger_source":"WooCommerce"},"page":{"url":"http:\/\/www.ibn-sinaa.com\/product\/print-folders\/"}}]}
 ajax: no
2025-01-01T14:05:26+00:00 DEBUG Tt4b_Mapi_Class::mapi_post: Response: 

HTTP/1.1 200 OK
Server: nginx
Content-Type: application/json
Content-Length: 92
X-Tt-Logid: 2025010114052638D61B3E176350CF8F56
x-tt-trace-host: 018e5a586174a888928d793bdac74b79b519a86797e72c2eba011e03e23beee17d6edacaf7c9be4a9d35fac9b5a24bf6335c50501b0e83206d44e4d1cac57cdd0d2a3605d6916f12aaa1a4f294ca4e4db746ab8288e7cac4a0a2c638b3cb506c73b9c523e1c17d40657fa30c79992411c6
x-tt-trace-id: 00-25010114052638D61B3E176350CF8F56-515F1E1C2049177D-00
X-Origin-Response-Time: 90,23.218.219.15
X-Akamai-Request-ID: 1f2eaedc.29f3a65a
Expires: Wed, 01 Jan 2025 14:05:26 GMT
Cache-Control: max-age=0, no-cache, no-store
Pragma: no-cache
Date: Wed, 01 Jan 2025 14:05:26 GMT
X-Cache: TCP_MISS from a95-101-134-116.deploy.akamaitechnologies.com (AkamaiGHost/11.7.2.1-9611f29bef89eba7b18045b10aa2af98) (-)
Connection: close
X-Cache-Remote: TCP_MISS from a23-218-219-15.deploy.akamaitechnologies.com (AkamaiGHost/11.7.2.1-9611f29bef89eba7b18045b10aa2af98) (-)
x-tt-trace-tag: id=16;cdn-cache=miss;type=dyn
Server-Timing: cdn-cache; desc=MISS, edge; dur=85, origin; dur=90
Server-Timing: inner; dur=84
X-Parent-Response-Time: 172,95.101.134.116

{"code": 0, "message": "OK", "request_id": "2025010114052638D61B3E176350CF8F56", "data": {}}
2025-01-01T14:05:27+00:00 DEBUG POST: https://business-api.tiktok.com/open_api/v1.3/event/track/

{"partner_name":"WooCommerce","event_source":"web","event_source_id":"CSM79Q3C77UAG1T340I0","data":[{"event":"Pageview","event_id":"67754ba795379_tt4b_woocommerce_670666209cf1f","event_time":1735740327,"user":{"ip":"62.210.13.154","user_agent":"WP Rocket\/Preload","locale":"ar","external_id":"0","email":"e3b0c44298fc1c149afbf4c8996fb92427ae41e4649b934ca495991b7852b855","phone_number":"e3b0c44298fc1c149afbf4c8996fb92427ae41e4649b934ca495991b7852b855","first_name":"e3b0c44298fc1c149afbf4c8996fb92427ae41e4649b934ca495991b7852b855","last_name":"e3b0c44298fc1c149afbf4c8996fb92427ae41e4649b934ca495991b7852b855","zip_code":"e3b0c44298fc1c149afbf4c8996fb92427ae41e4649b934ca495991b7852b855"},"page":{"url":"http:\/\/www.ibn-sinaa.com\/product\/arched-advertising-table\/"}}]}
 ajax: no
2025-01-01T14:05:27+00:00 DEBUG Tt4b_Mapi_Class::mapi_post: Response: 

HTTP/1.1 200 OK
Server: nginx
Content-Type: application/json
Content-Length: 92
X-Tt-Logid: 20250101140527D6CB40F9204C303DF30E
x-tt-trace-host: 018e5a586174a888928d793bdac74b79b56517d7628cf0ffdff56b078ad2cf5615bd523e1f6dbca3aaeee7b7452cec1638a7576c770d753273462f40cf6ae8a23bc30384f85ad90aac753e8035516641e2f7015202e70de766c58d0218cd9554ec87d103f6eb398762c2a251fa2adb816d
x-tt-trace-id: 00-250101140527D6CB40F9204C303DF30E-5A3A91A08A04E5D4-00
X-Origin-Response-Time: 24,23.32.17.26
X-Akamai-Request-ID: 99a2d20.364d20
Expires: Wed, 01 Jan 2025 14:05:27 GMT
Cache-Control: max-age=0, no-cache, no-store
Pragma: no-cache
Date: Wed, 01 Jan 2025 14:05:27 GMT
X-Cache: TCP_MISS from a95-101-134-92.deploy.akamaitechnologies.com (AkamaiGHost/11.7.2.1-9611f29bef89eba7b18045b10aa2af98) (-)
Connection: close
X-Cache-Remote: TCP_MISS from a23-32-17-26.deploy.akamaitechnologies.com (AkamaiGHost/11.7.2.1-9611f29bef89eba7b18045b10aa2af98) (-)
x-tt-trace-tag: id=16;cdn-cache=miss;type=dyn
Server-Timing: cdn-cache; desc=MISS, edge; dur=81, origin; dur=24
Server-Timing: inner; dur=21
X-Parent-Response-Time: 105,95.101.134.92

{"code": 0, "message": "OK", "request_id": "20250101140527D6CB40F9204C303DF30E", "data": {}}
2025-01-01T14:05:27+00:00 DEBUG Tt4b_Pixel_Class::inject_view_content_event: hit ViewContent
2025-01-01T14:05:27+00:00 DEBUG POST: https://business-api.tiktok.com/open_api/v1.3/event/track/

{"partner_name":"WooCommerce","event_source":"web","event_source_id":"CSM79Q3C77UAG1T340I0","data":[{"event":"ViewContent","event_id":"67754ba7d7ca9_tt4b_woocommerce_670666209cf1f_4330","event_time":1735740327,"user":{"ip":"62.210.13.154","user_agent":"WP Rocket\/Preload","locale":"ar","external_id":"0","email":"e3b0c44298fc1c149afbf4c8996fb92427ae41e4649b934ca495991b7852b855","phone_number":"e3b0c44298fc1c149afbf4c8996fb92427ae41e4649b934ca495991b7852b855","first_name":"e3b0c44298fc1c149afbf4c8996fb92427ae41e4649b934ca495991b7852b855","last_name":"e3b0c44298fc1c149afbf4c8996fb92427ae41e4649b934ca495991b7852b855","zip_code":"e3b0c44298fc1c149afbf4c8996fb92427ae41e4649b934ca495991b7852b855"},"properties":{"contents":[{"price":900,"quantity":1,"content_id":"4330","content_name":"\u0637\u0627\u0648\u0644\u0629 \u062f\u0639\u0627\u0626\u064a\u0629 \u0645\u0642\u0648\u0633\u0629","description":"\u0637\u0627\u0648\u0644\u0629 \u062f\u0639\u0627\u0626\u064a\u0629 \u0645\u0642\u0648\u0633\u0629 : \u0645\u062b\u0627\u0644\u064a\u0629 \u0644\u0639\u0631\u0636 \u0627\u0644\u0645\u0646\u062a\u062c\u0627\u062a \u0648\u0627\u0644\u062e\u062f\u0645\u0627\u062a \u0628\u062c\u0648\u062f\u0629 \u0639\u0627\u0644\u064a\u0629 \u0648\u062a\u0635\u0645\u064a\u0645 \u062c\u0630\u0627\u0628. \u0645\u062b\u0627\u0644\u064a\u0629 \u0644\u0644\u0627\u0633\u062a\u062e\u062f\u0627\u0645 \u0641\u064a \u0627\u0644\u0645\u0639\u0627\u0631\u0636 \u0648\u0627\u0644\u0641\u0639\u0627\u0644\u064a\u0627\u062a \u0627\u0644\u062a\u0633\u0648\u064a\u0642\u064a\u0629\u060c \u062a\u062a\u0645\u064a\u0632 \u0628\u0645\u062a\u0627\u0646\u062a\u0647\u0627 \u0648\u0633\u0647\u0648\u0644\u0629 \u0646\u0642\u0644\u0647\u0627 \u0648\u062a\u0631\u0643\u064a\u0628\u0647\u0627. \u062a\u062c\u0639\u0644 \u0639\u0631\u0636 \u0645\u0646\u062a\u062c\u0627\u062a\u0643 \u0623\u0643\u062b\u0631 \u062c\u0627\u0630\u0628\u064a\u0629 \u0648\u062a\u0646\u0638\u064a\u0645\u064b\u0627.","availability":"IN_STOCK","sale_price":900,"on_sale":false}],"content_type":"product","currency":"SAR","value":900,"event_trigger_source":"WooCommerce"},"page":{"url":"http:\/\/www.ibn-sinaa.com\/product\/arched-advertising-table\/"}}]}
 ajax: no
2025-01-01T14:05:28+00:00 DEBUG Tt4b_Mapi_Class::mapi_post: Response: 

HTTP/1.1 200 OK
Server: nginx
Content-Type: application/json
Content-Length: 92
X-Tt-Logid: 20250101140527B73D33B85304F3B4953A
x-tt-trace-host: 018e5a586174a888928d793bdac74b79b519a86797e72c2eba011e03e23beee17d5ccdd42bbf80e0ab2ea9a51de061eac8cdf0870be3d0ea06c4a778557ecf7f48b4c10fb9f3b67044e7975eefcf18e1976349e92e7f0c16db69c939aedbdae8cb40ba8b58d7fb7f414d0c994c50a54c67
x-tt-trace-id: 00-250101140527B73D33B85304F3B4953A-75D99B3D2388898F-00
X-Origin-Response-Time: 27,23.218.219.36
X-Akamai-Request-ID: f74b9bb.29f3d03e
Expires: Wed, 01 Jan 2025 14:05:28 GMT
Cache-Control: max-age=0, no-cache, no-store
Pragma: no-cache
Date: Wed, 01 Jan 2025 14:05:28 GMT
X-Cache: TCP_MISS from a95-101-134-116.deploy.akamaitechnologies.com (AkamaiGHost/11.7.2.1-9611f29bef89eba7b18045b10aa2af98) (-)
Connection: close
X-Cache-Remote: TCP_MISS from a23-218-219-36.deploy.akamaitechnologies.com (AkamaiGHost/11.7.2.1-9611f29bef89eba7b18045b10aa2af98) (-)
x-tt-trace-tag: id=16;cdn-cache=miss;type=dyn
Server-Timing: cdn-cache; desc=MISS, edge; dur=84, origin; dur=27
Server-Timing: inner; dur=22
X-Parent-Response-Time: 111,95.101.134.116

{"code": 0, "message": "OK", "request_id": "20250101140527B73D33B85304F3B4953A", "data": {}}
2025-01-01T14:05:29+00:00 DEBUG POST: https://business-api.tiktok.com/open_api/v1.3/event/track/

{"partner_name":"WooCommerce","event_source":"web","event_source_id":"CSM79Q3C77UAG1T340I0","data":[{"event":"Pageview","event_id":"67754ba980d7a_tt4b_woocommerce_670666209cf1f","event_time":1735740329,"user":{"ip":"62.210.13.154","user_agent":"WP Rocket\/Preload","locale":"ar","external_id":"0","email":"e3b0c44298fc1c149afbf4c8996fb92427ae41e4649b934ca495991b7852b855","phone_number":"e3b0c44298fc1c149afbf4c8996fb92427ae41e4649b934ca495991b7852b855","first_name":"e3b0c44298fc1c149afbf4c8996fb92427ae41e4649b934ca495991b7852b855","last_name":"e3b0c44298fc1c149afbf4c8996fb92427ae41e4649b934ca495991b7852b855","zip_code":"e3b0c44298fc1c149afbf4c8996fb92427ae41e4649b934ca495991b7852b855"},"page":{"url":"http:\/\/www.ibn-sinaa.com\/product\/print-coupons\/"}}]}
 ajax: no
2025-01-01T14:05:29+00:00 DEBUG Tt4b_Mapi_Class::mapi_post: Response: 

HTTP/1.1 200 OK
Server: nginx
Content-Type: application/json
Content-Length: 92
X-Tt-Logid: 20250101140529300F61EA1B4D727D90F7
x-tt-trace-host: 018e5a586174a888928d793bdac74b79b519a86797e72c2eba011e03e23beee17d20481d648d54f0218cbad5b9f220e2a2497a8bd826209fd44a698ac42a0046d8038404241575de1073af17d935648848110ccae8da614c7dff0288e6ac84849acdb86e33475abf8f13d5414d89036cd6
x-tt-trace-id: 00-250101140529300F61EA1B4D727D90F7-2ABE3F304A238467-00
X-Origin-Response-Time: 68,23.32.17.6
X-Akamai-Request-ID: 2260e1af.29f40e28
Expires: Wed, 01 Jan 2025 14:05:29 GMT
Cache-Control: max-age=0, no-cache, no-store
Pragma: no-cache
Date: Wed, 01 Jan 2025 14:05:29 GMT
X-Cache: TCP_MISS from a95-101-134-116.deploy.akamaitechnologies.com (AkamaiGHost/11.7.2.1-9611f29bef89eba7b18045b10aa2af98) (-)
Connection: close
X-Cache-Remote: TCP_MISS from a23-32-17-6.deploy.akamaitechnologies.com (AkamaiGHost/11.7.2.1-9611f29bef89eba7b18045b10aa2af98) (-)
x-tt-trace-tag: id=16;cdn-cache=miss;type=dyn
Server-Timing: cdn-cache; desc=MISS, edge; dur=84, origin; dur=68
Server-Timing: inner; dur=60
X-Parent-Response-Time: 150,95.101.134.116

{"code": 0, "message": "OK", "request_id": "20250101140529300F61EA1B4D727D90F7", "data": {}}
2025-01-01T14:05:29+00:00 DEBUG Tt4b_Pixel_Class::inject_view_content_event: hit ViewContent
2025-01-01T14:05:29+00:00 DEBUG POST: https://business-api.tiktok.com/open_api/v1.3/event/track/

{"partner_name":"WooCommerce","event_source":"web","event_source_id":"CSM79Q3C77UAG1T340I0","data":[{"event":"ViewContent","event_id":"67754ba9ea032_tt4b_woocommerce_670666209cf1f_3993","event_time":1735740329,"user":{"ip":"62.210.13.154","user_agent":"WP Rocket\/Preload","locale":"ar","external_id":"0","email":"e3b0c44298fc1c149afbf4c8996fb92427ae41e4649b934ca495991b7852b855","phone_number":"e3b0c44298fc1c149afbf4c8996fb92427ae41e4649b934ca495991b7852b855","first_name":"e3b0c44298fc1c149afbf4c8996fb92427ae41e4649b934ca495991b7852b855","last_name":"e3b0c44298fc1c149afbf4c8996fb92427ae41e4649b934ca495991b7852b855","zip_code":"e3b0c44298fc1c149afbf4c8996fb92427ae41e4649b934ca495991b7852b855"},"properties":{"contents":[{"price":60,"quantity":1,"content_id":"3993","content_name":"\u0637\u0628\u0627\u0639\u0629 \u0643\u0648\u0628\u0648\u0646\u0627\u062a","description":"\u062a\u0646\u0641\u064a\u0630 \u0637\u0628\u0627\u0639\u0629 \u0627\u0644\u0643\u0648\u0628\u0648\u0646\u0627\u062a \u0623\u0648 \u0627\u0644\u0642\u0633\u0627\u0626\u0645 \u0639\u0644\u0649 \u0648\u0631\u0642 \u0643\u0648\u0634\u064a\u0647 130 \u062c\u0631\u0627\u0645 \u0648\u062c\u0647 \u0648\u0627\u062d\u062f.\r\n\u0645\u0642\u0627\u0633 \u0627\u0644\u062f\u0641\u062a\u0631: A4 \u060c \u0639\u062f\u062f 100 ;\u0639\u062f\u062f 100 \u0643\u0648\u0628\u0648\u0646 \u0641\u064a \u0627\u0644\u062f\u0641\u062a\u0631 \u0627\u0644\u0648\u0627\u062d\u062f.\r\n\u0645\u062f\u0629 \u0627\u0644\u062a\u0646\u0641\u064a\u0630 \u0627\u0644\u0645\u062a\u0648\u0642\u0639\u0629: \u0645\u0646 3 \u0625\u0644\u0649 5 \u0623\u064a\u0627\u0645 \u0639\u0645\u0644 \u0628\u0639\u062f \u0627\u0639\u062a\u0645\u0627\u062f \u0627\u0644\u062a\u0635\u0645\u064a\u0645 \u0648\u0627\u0644\u0637\u0644\u0628 \u062d\u0633\u0628 \u0627\u0644\u0643\u0645\u064a\u0629 (\u062a\u0632\u064a\u062f \u0627\u0644\u0645\u062f\u0629 \u0639\u0646\u062f \u0637\u0644\u0628 \u0627\u0644\u0634\u062d\u0646).","availability":"IN_STOCK","sale_price":60,"on_sale":false}],"content_type":"product","currency":"SAR","value":60,"event_trigger_source":"WooCommerce"},"page":{"url":"http:\/\/www.ibn-sinaa.com\/product\/print-coupons\/"}}]}
 ajax: no
2025-01-01T14:05:30+00:00 DEBUG Tt4b_Mapi_Class::mapi_post: Response: 

HTTP/1.1 200 OK
Server: nginx
Content-Type: application/json
Content-Length: 92
X-Tt-Logid: 20250101140530D695F93BF33D1968AC0E
x-tt-trace-host: 018e5a586174a888928d793bdac74b79b56517d7628cf0ffdff56b078ad2cf56152d05abc66f8329b214a048fffd1cf00c4729db5c7d5b8b0f0b547f07557edf37b2c9481e5ce16d9ebebc3a68bc1e730ab71b525d8ac79af82582a55ef29bfd3ce4ec9111c81887b451e159aff83e28b5
x-tt-trace-id: 00-250101140530D695F93BF33D1968AC0E-2225D20C642DA70B-00
X-Origin-Response-Time: 31,23.218.219.15
X-Akamai-Request-ID: 1f2ecb3c.36b896
Expires: Wed, 01 Jan 2025 14:05:30 GMT
Cache-Control: max-age=0, no-cache, no-store
Pragma: no-cache
Date: Wed, 01 Jan 2025 14:05:30 GMT
X-Cache: TCP_MISS from a95-101-134-92.deploy.akamaitechnologies.com (AkamaiGHost/11.7.2.1-9611f29bef89eba7b18045b10aa2af98) (-)
Connection: close
X-Cache-Remote: TCP_MISS from a23-218-219-15.deploy.akamaitechnologies.com (AkamaiGHost/11.7.2.1-9611f29bef89eba7b18045b10aa2af98) (-)
x-tt-trace-tag: id=16;cdn-cache=miss;type=dyn
Server-Timing: cdn-cache; desc=MISS, edge; dur=80, origin; dur=31
Server-Timing: inner; dur=29
X-Parent-Response-Time: 111,95.101.134.92

{"code": 0, "message": "OK", "request_id": "20250101140530D695F93BF33D1968AC0E", "data": {}}
2025-01-01T14:05:31+00:00 DEBUG POST: https://business-api.tiktok.com/open_api/v1.3/event/track/

{"partner_name":"WooCommerce","event_source":"web","event_source_id":"CSM79Q3C77UAG1T340I0","data":[{"event":"Pageview","event_id":"67754bab58dbf_tt4b_woocommerce_670666209cf1f","event_time":1735740331,"user":{"ip":"62.210.13.154","user_agent":"WP Rocket\/Preload","locale":"ar","external_id":"0","email":"e3b0c44298fc1c149afbf4c8996fb92427ae41e4649b934ca495991b7852b855","phone_number":"e3b0c44298fc1c149afbf4c8996fb92427ae41e4649b934ca495991b7852b855","first_name":"e3b0c44298fc1c149afbf4c8996fb92427ae41e4649b934ca495991b7852b855","last_name":"e3b0c44298fc1c149afbf4c8996fb92427ae41e4649b934ca495991b7852b855","zip_code":"e3b0c44298fc1c149afbf4c8996fb92427ae41e4649b934ca495991b7852b855"},"page":{"url":"http:\/\/www.ibn-sinaa.com\/product\/print-brochure-flyer-a3\/"}}]}
 ajax: no
2025-01-01T14:05:31+00:00 DEBUG Tt4b_Mapi_Class::mapi_post: Response: 

HTTP/1.1 200 OK
Server: nginx
Content-Type: application/json
Content-Length: 92
X-Tt-Logid: 202501011405316AC7BC9561DE66CFF8A6
Server-Timing: inner; dur=21
x-tt-trace-host: 018e5a586174a888928d793bdac74b79b520593bf434961dbceff88e4b17f9a156cd784ab054ec2e85f9462a5b609ec25b8dc21629a5d122c5a9338e1d4265cb7dd77ef9b5f3c48e040f3803b27a18bc6d0efb82ade1d42b717e24c47ccfcfdd72
x-tt-trace-id: 00-2501011405316AC7BC9561DE66CFF8A6-042EBB6349E06EB9-00
Expires: Wed, 01 Jan 2025 14:05:31 GMT
Cache-Control: max-age=0, no-cache, no-store
Pragma: no-cache
Date: Wed, 01 Jan 2025 14:05:31 GMT
X-Cache: TCP_MISS from a95-101-134-116.deploy.akamaitechnologies.com (AkamaiGHost/11.7.2.1-9611f29bef89eba7b18045b10aa2af98) (-)
Connection: close
x-tt-trace-tag: id=16;cdn-cache=miss;type=dyn
Server-Timing: cdn-cache; desc=MISS, edge; dur=7, origin; dur=140
X-Origin-Response-Time: 140,95.101.134.116
X-Akamai-Request-ID: 29f45383

{"code": 0, "message": "OK", "request_id": "202501011405316AC7BC9561DE66CFF8A6", "data": {}}
2025-01-01T14:05:31+00:00 DEBUG Tt4b_Pixel_Class::inject_view_content_event: hit ViewContent
2025-01-01T14:05:31+00:00 DEBUG POST: https://business-api.tiktok.com/open_api/v1.3/event/track/

{"partner_name":"WooCommerce","event_source":"web","event_source_id":"CSM79Q3C77UAG1T340I0","data":[{"event":"ViewContent","event_id":"67754babc8b64_tt4b_woocommerce_670666209cf1f_SKU_22","event_time":1735740331,"user":{"ip":"62.210.13.154","user_agent":"WP Rocket\/Preload","locale":"ar","external_id":"0","email":"e3b0c44298fc1c149afbf4c8996fb92427ae41e4649b934ca495991b7852b855","phone_number":"e3b0c44298fc1c149afbf4c8996fb92427ae41e4649b934ca495991b7852b855","first_name":"e3b0c44298fc1c149afbf4c8996fb92427ae41e4649b934ca495991b7852b855","last_name":"e3b0c44298fc1c149afbf4c8996fb92427ae41e4649b934ca495991b7852b855","zip_code":"e3b0c44298fc1c149afbf4c8996fb92427ae41e4649b934ca495991b7852b855"},"properties":{"contents":[{"price":0,"quantity":1,"content_id":"SKU_22","content_name":"\u0637\u0628\u0627\u0639\u0629 \u0628\u0631\u0634\u0648\u0631 \u0641\u0644\u0627\u064a\u0631 A3","description":"\u0641\u0644\u0627\u064a\u0631 \u0645\u0642\u0627\u0633 A3 \u0637\u0628\u0627\u0639\u0629 \u0639\u0644\u0649 \u0648\u0631\u0642 \u0643\u0648\u0634\u064a\u0647 150 \u062c\u0631\u0627\u0645 \u0637\u0628\u0627\u0639\u0629 \u0628\u062c\u0648\u062f\u0629 \u0639\u0627\u0644\u064a\u0629.\r\n\u0645\u062f\u0629 \u0627\u0644\u062a\u0646\u0641\u064a\u0630 \u0627\u0644\u0645\u062a\u0648\u0642\u0639\u0629: 1 \u2013 3 \u0623\u064a\u0627\u0645 \u0639\u0645\u0644 \u0628\u0639\u062f \u062a\u0623\u0643\u064a\u062f \u0627\u0644\u0637\u0644\u0628 \u0648\u0627\u0644\u062a\u0635\u0645\u064a\u0645 \u0648\u062d\u0633\u0628 \u0627\u0644\u0643\u0645\u064a\u0629 (\u062a\u0632\u064a\u062f \u0627\u0644\u0645\u062f\u0629 \u0639\u0646\u062f \u0637\u0644\u0628 \u0627\u0644\u0634\u062d\u0646).","availability":"IN_STOCK","sale_price":0,"on_sale":false}],"content_type":"product","currency":"SAR","value":0,"event_trigger_source":"WooCommerce"},"page":{"url":"http:\/\/www.ibn-sinaa.com\/product\/print-brochure-flyer-a3\/"}}]}
 ajax: no
2025-01-01T14:05:32+00:00 DEBUG Tt4b_Mapi_Class::mapi_post: Response: 

HTTP/1.1 200 OK
Server: nginx
Content-Type: application/json
Content-Length: 92
X-Tt-Logid: 20250101140531841DADB7146FB91F7624
Server-Timing: inner; dur=52
x-tt-trace-host: 018e5a586174a888928d793bdac74b79b51a437ee89a1c03eb2011d034a2e3e9f5d9383017bc2e6a4dd04e50329fa1f6e5bd25144b7b9c0028354186d1253b9498e44878319dbcd08bc046aed22e1a5e3e91d2085247f406e17aab8d83cb979ed2
x-tt-trace-id: 00-250101140531841DADB7146FB91F7624-2F109A1277FD4743-00
Expires: Wed, 01 Jan 2025 14:05:32 GMT
Cache-Control: max-age=0, no-cache, no-store
Pragma: no-cache
Date: Wed, 01 Jan 2025 14:05:32 GMT
X-Cache: TCP_MISS from a95-101-134-92.deploy.akamaitechnologies.com (AkamaiGHost/11.7.2.1-9611f29bef89eba7b18045b10aa2af98) (-)
Connection: close
x-tt-trace-tag: id=16;cdn-cache=miss;type=dyn
Server-Timing: cdn-cache; desc=MISS, edge; dur=1, origin; dur=131
X-Origin-Response-Time: 132,95.101.134.92
X-Akamai-Request-ID: 371085

{"code": 0, "message": "OK", "request_id": "20250101140531841DADB7146FB91F7624", "data": {}}
2025-01-01T14:05:32+00:00 DEBUG POST: https://business-api.tiktok.com/open_api/v1.3/event/track/

{"partner_name":"WooCommerce","event_source":"web","event_source_id":"CSM79Q3C77UAG1T340I0","data":[{"event":"Pageview","event_id":"67754bacb6df9_tt4b_woocommerce_670666209cf1f","event_time":1735740332,"user":{"ip":"62.210.13.154","user_agent":"WP Rocket\/Preload","locale":"ar","external_id":"0","email":"e3b0c44298fc1c149afbf4c8996fb92427ae41e4649b934ca495991b7852b855","phone_number":"e3b0c44298fc1c149afbf4c8996fb92427ae41e4649b934ca495991b7852b855","first_name":"e3b0c44298fc1c149afbf4c8996fb92427ae41e4649b934ca495991b7852b855","last_name":"e3b0c44298fc1c149afbf4c8996fb92427ae41e4649b934ca495991b7852b855","zip_code":"e3b0c44298fc1c149afbf4c8996fb92427ae41e4649b934ca495991b7852b855"},"page":{"url":"http:\/\/www.ibn-sinaa.com\/product\/print-brochure-flyer-a4\/"}}]}
 ajax: no
2025-01-01T14:05:33+00:00 DEBUG Tt4b_Mapi_Class::mapi_post: Response: 

HTTP/1.1 200 OK
Server: nginx
Content-Type: application/json
Content-Length: 92
X-Tt-Logid: 20250101140533D1AF1FE441A9903B2436
x-tt-trace-host: 018e5a586174a888928d793bdac74b79b56517d7628cf0ffdff56b078ad2cf5615e1916859531b0f5bc0df6e765bcfefcdc6c39aa9985ad8ea247301f408475d5044cb7aa231ea02d2e118b38fb22cbc80d15ae80a15e6a3daa485e1705e08d3385c0812c87178978ee57b4f5823dc80b2
x-tt-trace-id: 00-250101140533D1AF1FE441A9903B2436-40A9CA5114F298F1-00
X-Origin-Response-Time: 23,23.218.219.32
X-Akamai-Request-ID: 13f5d36f.373ef1
Expires: Wed, 01 Jan 2025 14:05:33 GMT
Cache-Control: max-age=0, no-cache, no-store
Pragma: no-cache
Date: Wed, 01 Jan 2025 14:05:33 GMT
X-Cache: TCP_MISS from a95-101-134-92.deploy.akamaitechnologies.com (AkamaiGHost/11.7.2.1-9611f29bef89eba7b18045b10aa2af98) (-)
Connection: close
X-Cache-Remote: TCP_MISS from a23-218-219-32.deploy.akamaitechnologies.com (AkamaiGHost/11.7.2.1-9611f29bef89eba7b18045b10aa2af98) (-)
x-tt-trace-tag: id=16;cdn-cache=miss;type=dyn
Server-Timing: cdn-cache; desc=MISS, edge; dur=238, origin; dur=23
Server-Timing: inner; dur=20
X-Parent-Response-Time: 261,95.101.134.92

{"code": 0, "message": "OK", "request_id": "20250101140533D1AF1FE441A9903B2436", "data": {}}
2025-01-01T14:05:33+00:00 DEBUG Tt4b_Pixel_Class::inject_view_content_event: hit ViewContent
2025-01-01T14:05:33+00:00 DEBUG POST: https://business-api.tiktok.com/open_api/v1.3/event/track/

{"partner_name":"WooCommerce","event_source":"web","event_source_id":"CSM79Q3C77UAG1T340I0","data":[{"event":"ViewContent","event_id":"67754bad7223f_tt4b_woocommerce_670666209cf1f_SKU_198","event_time":1735740333,"user":{"ip":"62.210.13.154","user_agent":"WP Rocket\/Preload","locale":"ar","external_id":"0","email":"e3b0c44298fc1c149afbf4c8996fb92427ae41e4649b934ca495991b7852b855","phone_number":"e3b0c44298fc1c149afbf4c8996fb92427ae41e4649b934ca495991b7852b855","first_name":"e3b0c44298fc1c149afbf4c8996fb92427ae41e4649b934ca495991b7852b855","last_name":"e3b0c44298fc1c149afbf4c8996fb92427ae41e4649b934ca495991b7852b855","zip_code":"e3b0c44298fc1c149afbf4c8996fb92427ae41e4649b934ca495991b7852b855"},"properties":{"contents":[{"price":0,"quantity":1,"content_id":"SKU_198","content_name":"\u0637\u0628\u0627\u0639\u0629 \u0628\u0631\u0634\u0648\u0631 \u0641\u0644\u0627\u064a\u0631 A4","description":"<ul>\r\n \t<li>\u0641\u0644\u0627\u064a\u0631 \u0645\u0642\u0627\u0633 A4 \u0637\u0628\u0627\u0639\u0629 \u0639\u0644\u0649 \u0648\u0631\u0642 \u0643\u0648\u0634\u064a\u0647 150 \u062c\u0631\u0627\u0645 \u0628\u062c\u0648\u062f\u0629 \u0639\u0627\u0644\u064a\u0629.<\/li>\r\n \t<li>\u0645\u062f\u0629 \u0627\u0644\u062a\u0646\u0641\u064a\u0630 \u0627\u0644\u0645\u062a\u0648\u0642\u0639\u0629: 1 \u2013 3 \u0623\u064a\u0627\u0645 \u0639\u0645\u0644 \u0628\u0639\u062f \u062a\u0623\u0643\u064a\u062f \u0627\u0644\u0637\u0644\u0628 \u0648\u0627\u0644\u062a\u0635\u0645\u064a\u0645 \u0648\u062d\u0633\u0628 \u0627\u0644\u0643\u0645\u064a\u0629 (\u062a\u0632\u064a\u062f \u0627\u0644\u0645\u062f\u0629 \u0639\u0646\u062f \u0637\u0644\u0628 \u0627\u0644\u0634\u062d\u0646).<\/li>\r\n<\/ul>","availability":"IN_STOCK","sale_price":0,"on_sale":false}],"content_type":"product","currency":"SAR","value":0,"event_trigger_source":"WooCommerce"},"page":{"url":"http:\/\/www.ibn-sinaa.com\/product\/print-brochure-flyer-a4\/"}}]}
 ajax: no
2025-01-01T14:05:33+00:00 DEBUG Tt4b_Mapi_Class::mapi_post: Response: 

HTTP/1.1 200 OK
Server: nginx
Content-Type: application/json
Content-Length: 92
X-Tt-Logid: 20250101140533022492FA6A013D81D776
x-tt-trace-host: 018e5a586174a888928d793bdac74b79b56517d7628cf0ffdff56b078ad2cf5615e1916859531b0f5bc0df6e765bcfefcdd2acb6aa94d4d18188bc111d31457d840dcee5238a717087cc4136cdcd778fe18bd290c0cbf15479e302f7b527ff66e9373164b31bbc415cc1980a9cab157e55
x-tt-trace-id: 00-250101140533022492FA6A013D81D776-25EDB3366557C374-00
X-Origin-Response-Time: 33,23.218.219.32
X-Akamai-Request-ID: 13f5d704.375d78
Expires: Wed, 01 Jan 2025 14:05:33 GMT
Cache-Control: max-age=0, no-cache, no-store
Pragma: no-cache
Date: Wed, 01 Jan 2025 14:05:33 GMT
X-Cache: TCP_MISS from a95-101-134-92.deploy.akamaitechnologies.com (AkamaiGHost/11.7.2.1-9611f29bef89eba7b18045b10aa2af98) (-)
Connection: close
X-Cache-Remote: TCP_MISS from a23-218-219-32.deploy.akamaitechnologies.com (AkamaiGHost/11.7.2.1-9611f29bef89eba7b18045b10aa2af98) (-)
x-tt-trace-tag: id=16;cdn-cache=miss;type=dyn
Server-Timing: cdn-cache; desc=MISS, edge; dur=80, origin; dur=33
Server-Timing: inner; dur=27
X-Parent-Response-Time: 113,95.101.134.92

{"code": 0, "message": "OK", "request_id": "20250101140533022492FA6A013D81D776", "data": {}}
2025-01-01T14:05:35+00:00 DEBUG POST: https://business-api.tiktok.com/open_api/v1.3/event/track/

{"partner_name":"WooCommerce","event_source":"web","event_source_id":"CSM79Q3C77UAG1T340I0","data":[{"event":"Pageview","event_id":"67754baf86118_tt4b_woocommerce_670666209cf1f","event_time":1735740335,"user":{"ip":"62.210.13.154","user_agent":"WP Rocket\/Preload","locale":"ar","external_id":"0","email":"e3b0c44298fc1c149afbf4c8996fb92427ae41e4649b934ca495991b7852b855","phone_number":"e3b0c44298fc1c149afbf4c8996fb92427ae41e4649b934ca495991b7852b855","first_name":"e3b0c44298fc1c149afbf4c8996fb92427ae41e4649b934ca495991b7852b855","last_name":"e3b0c44298fc1c149afbf4c8996fb92427ae41e4649b934ca495991b7852b855","zip_code":"e3b0c44298fc1c149afbf4c8996fb92427ae41e4649b934ca495991b7852b855"},"page":{"url":"http:\/\/www.ibn-sinaa.com\/product-tag\/%D8%B3%D8%AC%D9%84%D8%A7%D8%AA-%D9%85%D8%AF%D8%B1%D8%B3%D9%8A%D8%A9\/"}}]}
 ajax: no
2025-01-01T14:05:35+00:00 DEBUG Tt4b_Mapi_Class::mapi_post: Response: 

HTTP/1.1 200 OK
Server: nginx
Content-Type: application/json
Content-Length: 92
X-Tt-Logid: 202501011405358D3B12F2E9B67D5C60B1
x-tt-trace-host: 018e5a586174a888928d793bdac74b79b56517d7628cf0ffdff56b078ad2cf5615bd523e1f6dbca3aaeee7b7452cec163873739a5e44f8f7539f4ddd241f62dab0f50b8d38abfcd0533e12c5ea43965740fd3af5e9ed818c7734763afc5aa78e6ea6125690df9497c488ae3c22214d9088
x-tt-trace-id: 00-2501011405358D3B12F2E9B67D5C60B1-1511B18413108578-00
X-Origin-Response-Time: 27,23.32.17.26
X-Akamai-Request-ID: 99a8065.37bbb9
Expires: Wed, 01 Jan 2025 14:05:35 GMT
Cache-Control: max-age=0, no-cache, no-store
Pragma: no-cache
Date: Wed, 01 Jan 2025 14:05:35 GMT
X-Cache: TCP_MISS from a95-101-134-92.deploy.akamaitechnologies.com (AkamaiGHost/11.7.2.1-9611f29bef89eba7b18045b10aa2af98) (-)
Connection: close
X-Cache-Remote: TCP_MISS from a23-32-17-26.deploy.akamaitechnologies.com (AkamaiGHost/11.7.2.1-9611f29bef89eba7b18045b10aa2af98) (-)
x-tt-trace-tag: id=16;cdn-cache=miss;type=dyn
Server-Timing: cdn-cache; desc=MISS, edge; dur=100, origin; dur=27
Server-Timing: inner; dur=24
X-Parent-Response-Time: 121,95.101.134.92

{"code": 0, "message": "OK", "request_id": "202501011405358D3B12F2E9B67D5C60B1", "data": {}}
2025-01-01T14:05:36+00:00 DEBUG POST: https://business-api.tiktok.com/open_api/v1.3/event/track/

{"partner_name":"WooCommerce","event_source":"web","event_source_id":"CSM79Q3C77UAG1T340I0","data":[{"event":"Pageview","event_id":"67754bb091f70_tt4b_woocommerce_670666209cf1f","event_time":1735740336,"user":{"ip":"62.210.13.154","user_agent":"WP Rocket\/Preload","locale":"ar","external_id":"0","email":"e3b0c44298fc1c149afbf4c8996fb92427ae41e4649b934ca495991b7852b855","phone_number":"e3b0c44298fc1c149afbf4c8996fb92427ae41e4649b934ca495991b7852b855","first_name":"e3b0c44298fc1c149afbf4c8996fb92427ae41e4649b934ca495991b7852b855","last_name":"e3b0c44298fc1c149afbf4c8996fb92427ae41e4649b934ca495991b7852b855","zip_code":"e3b0c44298fc1c149afbf4c8996fb92427ae41e4649b934ca495991b7852b855"},"page":{"url":"http:\/\/www.ibn-sinaa.com\/product\/social-studies-records\/"}}]}
 ajax: no
2025-01-01T14:05:36+00:00 DEBUG Tt4b_Mapi_Class::mapi_post: Response: 

HTTP/1.1 200 OK
Server: nginx
Content-Type: application/json
Content-Length: 92
X-Tt-Logid: 202501011405367F92DF6329C1F2B70564
x-tt-trace-host: 018e5a586174a888928d793bdac74b79b56517d7628cf0ffdff56b078ad2cf5615e1916859531b0f5bc0df6e765bcfefcdb729d8da4a3ddcd4c6677c4be90b0c4885ec97a3d277ca88260f242822da7dacf05b30c93d26136486fad52540bd17f29219214fb5d1924c3f86d0fe3dd0c3b4
x-tt-trace-id: 00-2501011405367F92DF6329C1F2B70564-0C3F641210A70132-00
X-Origin-