2025-01-14T00:05:03+00:00 DEBUG POST: https://business-api.tiktok.com/open_api/v1.3/event/track/

{"partner_name":"WooCommerce","event_source":"web","event_source_id":"CSM79Q3C77UAG1T340I0","data":[{"event":"Pageview","event_id":"6785aa2f1130d_tt4b_woocommerce_670666209cf1f","event_time":1736813103,"user":{"ip":"66.249.66.167","user_agent":"Mozilla\/5.0 (Linux; Android 6.0.1; Nexus 5X Build\/MMB29P) AppleWebKit\/537.36 (KHTML, like Gecko) Chrome\/131.0.6778.264 Mobile Safari\/537.36 (compatible; Googlebot\/2.1; +http:\/\/www.google.com\/bot.html)","locale":"ar","external_id":"0","email":"e3b0c44298fc1c149afbf4c8996fb92427ae41e4649b934ca495991b7852b855","phone_number":"e3b0c44298fc1c149afbf4c8996fb92427ae41e4649b934ca495991b7852b855","first_name":"e3b0c44298fc1c149afbf4c8996fb92427ae41e4649b934ca495991b7852b855","last_name":"e3b0c44298fc1c149afbf4c8996fb92427ae41e4649b934ca495991b7852b855","zip_code":"e3b0c44298fc1c149afbf4c8996fb92427ae41e4649b934ca495991b7852b855"},"page":{"url":"http:\/\/www.ibn-sinaa.com\/%D8%A7%D9%84%D8%B4%D8%B1%D9%88%D8%B7-%D9%88%D8%A7%D9%84%D8%A7%D8%AD%D9%83%D8%A7%D9%85\/feed\/"}}]}
 ajax: no
2025-01-14T00:05:03+00:00 DEBUG Tt4b_Mapi_Class::mapi_post: Response: 

HTTP/1.1 200 OK
Server: nginx
Content-Type: application/json
Content-Length: 92
X-Tt-Logid: 202501140005034C4605508F29F22334E2
x-tt-trace-host: 018e5a586174a888928d793bdac74b79b56517d7628cf0ffdff56b078ad2cf5615ce2cef92a7799ace2d42b0dd87f03583d485c2e017d224da1168c3896cfa8d36fbe117ab436d4ee476b3f43f0527aedf0a04370aa166232059ccee18615b757f780d2b7c9138552b739a368dabe8cb0a
x-tt-trace-id: 00-2501140005034C4605508F29F22334E2-2091CD8A91E7BBFA-00
X-Origin-Response-Time: 30,23.213.246.207
X-Akamai-Request-ID: 5550c2d1.edb0078
Expires: Tue, 14 Jan 2025 00:05:03 GMT
Cache-Control: max-age=0, no-cache, no-store
Pragma: no-cache
Date: Tue, 14 Jan 2025 00:05:03 GMT
X-Cache: TCP_MISS from a95-101-134-92.deploy.akamaitechnologies.com (AkamaiGHost/11.7.2.1-9611f29bef89eba7b18045b10aa2af98) (-)
Connection: close
X-Cache-Remote: TCP_MISS from a23-213-246-207.deploy.akamaitechnologies.com (AkamaiGHost/11.8.0-1debf780f7d7c834933fa9689361eec6) (-)
x-tt-trace-tag: id=16;cdn-cache=miss;type=dyn
Server-Timing: cdn-cache; desc=MISS, edge; dur=80, origin; dur=30
Server-Timing: inner; dur=27
X-Parent-Response-Time: 110,95.101.134.92

{"code": 0, "message": "OK", "request_id": "202501140005034C4605508F29F22334E2", "data": {}}
2025-01-14T00:06:40+00:00 DEBUG POST: https://business-api.tiktok.com/open_api/v1.3/event/track/

{"partner_name":"WooCommerce","event_source":"web","event_source_id":"CSM79Q3C77UAG1T340I0","data":[{"event":"Pageview","event_id":"6785aa90297f1_tt4b_woocommerce_670666209cf1f","event_time":1736813200,"user":{"ip":"191.101.209.98","user_agent":"Mozilla\/5.0 (Windows NT 10.0; Win64; x64) AppleWebKit\/537.36 (KHTML, like Gecko) Chrome\/130.0.0.0 Safari\/537.36 CCleaner\/130.0.0.0","locale":"ar","external_id":"0","email":"e3b0c44298fc1c149afbf4c8996fb92427ae41e4649b934ca495991b7852b855","phone_number":"e3b0c44298fc1c149afbf4c8996fb92427ae41e4649b934ca495991b7852b855","first_name":"e3b0c44298fc1c149afbf4c8996fb92427ae41e4649b934ca495991b7852b855","last_name":"e3b0c44298fc1c149afbf4c8996fb92427ae41e4649b934ca495991b7852b855","zip_code":"e3b0c44298fc1c149afbf4c8996fb92427ae41e4649b934ca495991b7852b855"},"page":{"url":"http:\/\/ibn-sinaa.com\/contact\/"}}]}
 ajax: no
2025-01-14T00:06:40+00:00 DEBUG Tt4b_Mapi_Class::mapi_post: Response: 

HTTP/1.1 200 OK
Server: nginx
Content-Type: application/json
Content-Length: 92
X-Tt-Logid: 2025011400064096AF07104FB8AFBE2C81
x-tt-trace-host: 018e5a586174a888928d793bdac74b79b52a36c08622bbc2ac99357be22beb959aa4808e4d0ce800d1e47bd5da7d820c8d9ab05c7d6a33c0116e22885f1812f6b66d4213f86b8d17b31f76fec6d62965b85ce795a56dbfdb3ef3b82a70b61c12c5b695208cea5b5a965c3c45cf42f9ae90
x-tt-trace-id: 00-25011400064096AF07104FB8AFBE2C81-1FDF823B3F1F8564-00
X-Origin-Response-Time: 33,23.207.199.17
X-Akamai-Request-ID: 5b7a53a.83fc24c
Expires: Tue, 14 Jan 2025 00:06:40 GMT
Cache-Control: max-age=0, no-cache, no-store
Pragma: no-cache
Date: Tue, 14 Jan 2025 00:06:40 GMT
X-Cache: TCP_MISS from a95-101-134-36.deploy.akamaitechnologies.com (AkamaiGHost/11.7.2.1-9611f29bef89eba7b18045b10aa2af98) (-)
Connection: close
X-Cache-Remote: TCP_MISS from a23-207-199-17.deploy.akamaitechnologies.com (AkamaiGHost/11.7.2.1-9611f29bef89eba7b18045b10aa2af98) (-)
x-tt-trace-tag: id=16;cdn-cache=miss;type=dyn
Server-Timing: cdn-cache; desc=MISS, edge; dur=85, origin; dur=32
Server-Timing: inner; dur=24
X-Parent-Response-Time: 117,95.101.134.36

{"code": 0, "message": "OK", "request_id": "2025011400064096AF07104FB8AFBE2C81", "data": {}}
2025-01-14T00:07:27+00:00 DEBUG POST: https://business-api.tiktok.com/open_api/v1.3/event/track/

{"partner_name":"WooCommerce","event_source":"web","event_source_id":"CSM79Q3C77UAG1T340I0","data":[{"event":"Pageview","event_id":"6785aabf97a97_tt4b_woocommerce_670666209cf1f","event_time":1736813247,"user":{"ip":"66.249.66.166","user_agent":"Mozilla\/5.0 (Linux; Android 6.0.1; Nexus 5X Build\/MMB29P) AppleWebKit\/537.36 (KHTML, like Gecko) Chrome\/131.0.6778.264 Mobile Safari\/537.36 (compatible; Googlebot\/2.1; +http:\/\/www.google.com\/bot.html)","locale":"ar","external_id":"0","email":"e3b0c44298fc1c149afbf4c8996fb92427ae41e4649b934ca495991b7852b855","phone_number":"e3b0c44298fc1c149afbf4c8996fb92427ae41e4649b934ca495991b7852b855","first_name":"e3b0c44298fc1c149afbf4c8996fb92427ae41e4649b934ca495991b7852b855","last_name":"e3b0c44298fc1c149afbf4c8996fb92427ae41e4649b934ca495991b7852b855","zip_code":"e3b0c44298fc1c149afbf4c8996fb92427ae41e4649b934ca495991b7852b855"},"page":{"url":"http:\/\/www.ibn-sinaa.com\/product-tag\/%D8%AF%D8%B1%D9%88%D8%B9-%D9%88-%D9%87%D8%AF%D8%A7%D9%8A%D8%A7\/"}}]}
 ajax: no
2025-01-14T00:07:27+00:00 DEBUG Tt4b_Mapi_Class::mapi_post: Response: 

HTTP/1.1 200 OK
Server: nginx
Content-Type: application/json
Content-Length: 92
X-Tt-Logid: 20250114000727D0C454CFC442EABE3978
x-tt-trace-host: 018e5a586174a888928d793bdac74b79b52a36c08622bbc2ac99357be22beb959acebf9e05ecf521b8ea2770bf6cae28a4a06827382a16113ff840458206f3040470b2320db90bb70f331669a21e9acdb267284cb8f271868165acffaa9d829d864d47415ec24b80197de6d9ea10b96cdf
x-tt-trace-id: 00-250114000727D0C454CFC442EABE3978-072BE51356707E14-00
X-Origin-Response-Time: 44,23.218.219.6
X-Akamai-Request-ID: 15f1ef73.841d80c
Expires: Tue, 14 Jan 2025 00:07:27 GMT
Cache-Control: max-age=0, no-cache, no-store
Pragma: no-cache
Date: Tue, 14 Jan 2025 00:07:27 GMT
X-Cache: TCP_MISS from a95-101-134-36.deploy.akamaitechnologies.com (AkamaiGHost/11.7.2.1-9611f29bef89eba7b18045b10aa2af98) (-)
Connection: close
X-Cache-Remote: TCP_MISS from a23-218-219-6.deploy.akamaitechnologies.com (AkamaiGHost/11.7.2.1-9611f29bef89eba7b18045b10aa2af98) (-)
x-tt-trace-tag: id=16;cdn-cache=miss;type=dyn
Server-Timing: cdn-cache; desc=MISS, edge; dur=82, origin; dur=43
Server-Timing: inner; dur=37
X-Parent-Response-Time: 124,95.101.134.36

{"code": 0, "message": "OK", "request_id": "20250114000727D0C454CFC442EABE3978", "data": {}}
2025-01-14T00:09:23+00:00 DEBUG POST: https://business-api.tiktok.com/open_api/v1.3/event/track/

{"partner_name":"WooCommerce","event_source":"web","event_source_id":"CSM79Q3C77UAG1T340I0","data":[{"event":"Pageview","event_id":"6785ab335e726_tt4b_woocommerce_670666209cf1f","event_time":1736813363,"user":{"ip":"66.249.66.20","user_agent":"Mozilla\/5.0 (Linux; Android 6.0.1; Nexus 5X Build\/MMB29P) AppleWebKit\/537.36 (KHTML, like Gecko) Chrome\/131.0.6778.264 Mobile Safari\/537.36 (compatible; Googlebot\/2.1; +http:\/\/www.google.com\/bot.html)","locale":"ar","external_id":"0","email":"e3b0c44298fc1c149afbf4c8996fb92427ae41e4649b934ca495991b7852b855","phone_number":"e3b0c44298fc1c149afbf4c8996fb92427ae41e4649b934ca495991b7852b855","first_name":"e3b0c44298fc1c149afbf4c8996fb92427ae41e4649b934ca495991b7852b855","last_name":"e3b0c44298fc1c149afbf4c8996fb92427ae41e4649b934ca495991b7852b855","zip_code":"e3b0c44298fc1c149afbf4c8996fb92427ae41e4649b934ca495991b7852b855"},"page":{"url":"http:\/\/mail.ibn-sinaa.com\/tag\/%D8%B7%D8%A8%D8%A7%D8%B9%D8%A9-%D8%B3%D8%B1%D9%8A%D8%B9%D8%A9\/"}}]}
 ajax: no
2025-01-14T00:09:23+00:00 DEBUG Tt4b_Mapi_Class::mapi_post: Response: 

HTTP/1.1 200 OK
Server: nginx
Content-Type: application/json
Content-Length: 92
X-Tt-Logid: 20250114000923D39B3A8203613EF8C13E
x-tt-trace-host: 018e5a586174a888928d793bdac74b79b52a36c08622bbc2ac99357be22beb959a173b41adedfd16dd25f72809333731c672589bf3a5099377b47341b58f73ea5bbc7eb6ab9b98429aa6a40421273281a7a05759cde4a145d2078b82c2d5f38bcab26aebb68061901ff3a6a806818ff07e
x-tt-trace-id: 00-250114000923D39B3A8203613EF8C13E-2514D6F93274B082-00
X-Origin-Response-Time: 52,23.218.219.21
X-Akamai-Request-ID: 5144e7e.8467f69
Expires: Tue, 14 Jan 2025 00:09:23 GMT
Cache-Control: max-age=0, no-cache, no-store
Pragma: no-cache
Date: Tue, 14 Jan 2025 00:09:23 GMT
X-Cache: TCP_MISS from a95-101-134-36.deploy.akamaitechnologies.com (AkamaiGHost/11.7.2.1-9611f29bef89eba7b18045b10aa2af98) (-)
Connection: close
X-Cache-Remote: TCP_MISS from a23-218-219-21.deploy.akamaitechnologies.com (AkamaiGHost/11.7.2.1-9611f29bef89eba7b18045b10aa2af98) (-)
x-tt-trace-tag: id=16;cdn-cache=miss;type=dyn
Server-Timing: cdn-cache; desc=MISS, edge; dur=124, origin; dur=51
Server-Timing: inner; dur=22
X-Parent-Response-Time: 175,95.101.134.36

{"code": 0, "message": "OK", "request_id": "20250114000923D39B3A8203613EF8C13E", "data": {}}
2025-01-14T00:10:36+00:00 DEBUG POST: https://business-api.tiktok.com/open_api/v1.3/event/track/

{"partner_name":"WooCommerce","event_source":"web","event_source_id":"CSM79Q3C77UAG1T340I0","data":[{"event":"Pageview","event_id":"6785ab7c1014b_tt4b_woocommerce_670666209cf1f","event_time":1736813436,"user":{"ip":"103.110.84.177","user_agent":"Mozilla\/5.0 (Windows NT 6.3; WOW64) AppleWebKit\/537.36 (KHTML, like Gecko) Chrome\/46.0.2490.80 Safari\/537.36","locale":"ar","external_id":"0","email":"e3b0c44298fc1c149afbf4c8996fb92427ae41e4649b934ca495991b7852b855","phone_number":"e3b0c44298fc1c149afbf4c8996fb92427ae41e4649b934ca495991b7852b855","first_name":"e3b0c44298fc1c149afbf4c8996fb92427ae41e4649b934ca495991b7852b855","last_name":"e3b0c44298fc1c149afbf4c8996fb92427ae41e4649b934ca495991b7852b855","zip_code":"e3b0c44298fc1c149afbf4c8996fb92427ae41e4649b934ca495991b7852b855"},"page":{"url":"http:\/\/ibn-sinaa.com\/-\/-\/-\/-\/-\/-\/-\/-\/-\/-\/"}}]}
 ajax: no
2025-01-14T00:10:36+00:00 DEBUG Tt4b_Mapi_Class::mapi_post: Response: 

HTTP/1.1 200 OK
Server: nginx
Content-Type: application/json
Content-Length: 92
X-Tt-Logid: 2025011400103618A02C2420870B32CEEA
Server-Timing: inner; dur=37
x-tt-trace-host: 018e5a586174a888928d793bdac74b79b51a437ee89a1c03eb2011d034a2e3e9f5442c7ece4145d53ce0e32afe106453129bd2bd1866d367c0e215644a0744ed15f3e817c7d93cc68289dc791882c62a567b8ac153bb1a634733deef99c6c94a37
x-tt-trace-id: 00-25011400103618A02C2420870B32CEEA-080223E8507B88E2-00
Expires: Tue, 14 Jan 2025 00:10:36 GMT
Cache-Control: max-age=0, no-cache, no-store
Pragma: no-cache
Date: Tue, 14 Jan 2025 00:10:36 GMT
X-Cache: TCP_MISS from a95-101-134-92.deploy.akamaitechnologies.com (AkamaiGHost/11.7.2.1-9611f29bef89eba7b18045b10aa2af98) (-)
Connection: close
x-tt-trace-tag: id=16;cdn-cache=miss;type=dyn
Server-Timing: cdn-cache; desc=MISS, edge; dur=0, origin; dur=117
X-Origin-Response-Time: 117,95.101.134.92
X-Akamai-Request-ID: eee5a05

{"code": 0, "message": "OK", "request_id": "2025011400103618A02C2420870B32CEEA", "data": {}}
2025-01-14T00:12:29+00:00 DEBUG POST: https://business-api.tiktok.com/open_api/v1.3/event/track/

{"partner_name":"WooCommerce","event_source":"web","event_source_id":"CSM79Q3C77UAG1T340I0","data":[{"event":"Pageview","event_id":"6785abeddc750_tt4b_woocommerce_670666209cf1f","event_time":1736813549,"user":{"ip":"66.249.66.167","user_agent":"Mozilla\/5.0 (Linux; Android 6.0.1; Nexus 5X Build\/MMB29P) AppleWebKit\/537.36 (KHTML, like Gecko) Chrome\/131.0.6778.264 Mobile Safari\/537.36 (compatible; Googlebot\/2.1; +http:\/\/www.google.com\/bot.html)","locale":"ar","external_id":"0","email":"e3b0c44298fc1c149afbf4c8996fb92427ae41e4649b934ca495991b7852b855","phone_number":"e3b0c44298fc1c149afbf4c8996fb92427ae41e4649b934ca495991b7852b855","first_name":"e3b0c44298fc1c149afbf4c8996fb92427ae41e4649b934ca495991b7852b855","last_name":"e3b0c44298fc1c149afbf4c8996fb92427ae41e4649b934ca495991b7852b855","zip_code":"e3b0c44298fc1c149afbf4c8996fb92427ae41e4649b934ca495991b7852b855"},"page":{"url":"http:\/\/www.ibn-sinaa.com\/en\/product\/%D8%AA%D8%A7%D9%82%D8%A7%D8%AA\/"}}]}
 ajax: no
2025-01-14T00:12:30+00:00 DEBUG Tt4b_Mapi_Class::mapi_post: Response: 

HTTP/1.1 200 OK
Server: nginx
Content-Type: application/json
Content-Length: 92
X-Tt-Logid: 20250114001229E2289C6A5BAD4AA5CEA2
Server-Timing: inner; dur=31
x-tt-trace-host: 018e5a586174a888928d793bdac74b79b51a437ee89a1c03eb2011d034a2e3e9f5d2279a3ed4631672cc534b0a6cdf5dc46352be08c160d0972c91af098e8df03ebff36a6d75078f1c0faf0bb66927bd05f86499d96dbf19a092764b91b4078e94
x-tt-trace-id: 00-250114001229E2289C6A5BAD4AA5CEA2-2FEABA0982585F7D-00
Expires: Tue, 14 Jan 2025 00:12:30 GMT
Cache-Control: max-age=0, no-cache, no-store
Pragma: no-cache
Date: Tue, 14 Jan 2025 00:12:30 GMT
X-Cache: TCP_MISS from a95-101-134-92.deploy.akamaitechnologies.com (AkamaiGHost/11.7.2.1-9611f29bef89eba7b18045b10aa2af98) (-)
Connection: close
x-tt-trace-tag: id=16;cdn-cache=miss;type=dyn
Server-Timing: cdn-cache; desc=MISS, edge; dur=0, origin; dur=115
X-Origin-Response-Time: 115,95.101.134.92
X-Akamai-Request-ID: ef490a5

{"code": 0, "message": "OK", "request_id": "20250114001229E2289C6A5BAD4AA5CEA2", "data": {}}
2025-01-14T00:12:42+00:00 DEBUG Tt4b_Pixel_Class::inject_add_to_cart_event: hit AddToCart
2025-01-14T00:12:42+00:00 DEBUG POST: https://business-api.tiktok.com/open_api/v1.3/event/track/

{"partner_name":"WooCommerce","event_source":"web","event_source_id":"CSM79Q3C77UAG1T340I0","data":[{"event":"AddToCart","event_id":"6785abfa43dec_tt4b_woocommerce_670666209cf1f_4436","event_time":1736813562,"user":{"ip":"54.36.148.178","user_agent":"Mozilla\/5.0 (compatible; AhrefsBot\/7.0; +http:\/\/ahrefs.com\/robot\/)","locale":"ar","external_id":"0","email":"e3b0c44298fc1c149afbf4c8996fb92427ae41e4649b934ca495991b7852b855","phone_number":"e3b0c44298fc1c149afbf4c8996fb92427ae41e4649b934ca495991b7852b855","first_name":"e3b0c44298fc1c149afbf4c8996fb92427ae41e4649b934ca495991b7852b855","last_name":"e3b0c44298fc1c149afbf4c8996fb92427ae41e4649b934ca495991b7852b855","zip_code":"e3b0c44298fc1c149afbf4c8996fb92427ae41e4649b934ca495991b7852b855"},"properties":{"contents":[{"price":180,"quantity":1,"content_id":"4436","content_name":"\u062a\u0642\u0648\u064a\u0645 \u062e\u0634\u0628 \u0648\u0633\u0637 \u0645\u0639 \u062c\u0644\u062f","description":"\u062a\u0642\u0648\u064a\u0645 \u0645\u064a\u0644\u0627\u062f\u064a \u062e\u0634\u0628: \u062a\u0635\u0645\u064a\u0645 \u0639\u0635\u0631\u064a \u0648\u0623\u0646\u064a\u0642\u060c \u0645\u0635\u0646\u0648\u0639 \u0645\u0646 \u0627\u0644\u062e\u0634\u0628 \u0627\u0644\u0645\u062a\u064a\u0646 \u0628\u0648\u0636\u0648\u062d \u0627\u0633\u062a\u062b\u0646\u0627\u0626\u064a \u0644\u0644\u0643\u062a\u0627\u0628\u0629 \u0648\u0627\u0644\u0631\u0624\u064a\u0629\u060c \u064a\u0636\u064a\u0641 \u0644\u0645\u0633\u0629 \u0645\u0646 \u0627\u0644\u0641\u062e\u0627\u0645\u0629 \u0648\u0627\u0644\u062a\u0646\u0638\u064a\u0645 \u0644\u0645\u0643\u062a\u0628\u0643. \u0645\u062b\u0627\u0644\u064a \u0644\u062a\u0646\u0638\u064a\u0645 \u0627\u0644\u0645\u0648\u0627\u0639\u064a\u062f \u0648\u0627\u0644\u0627\u062c\u062a\u0645\u0627\u0639\u0627\u062a\u060c \u0648\u064a\u0636\u0641\u064a \u062c\u0627\u0630\u0628\u064a\u0629 \u0639\u0644\u0649 \u0645\u0633\u0627\u062d\u0629 \u0627\u0644\u0639\u0645\u0644 \u0627\u0644\u062e\u0627\u0635\u0629 \u0628\u0643.","availability":"IN_STOCK","sale_price":180,"on_sale":false}],"content_type":"product","currency":"SAR","value":180,"event_trigger_source":"WooCommerce"},"page":{"url":"http:\/\/www.ibn-sinaa.com\/product\/%D8%AA%D9%82%D9%88%D9%8A%D9%85-%D9%85%D9%8A%D9%84%D8%A7%D8%AF%D9%8A-%D9%81%D8%A7%D8%AE%D8%B1\/?add-to-cart=4436"}}]}
 ajax: no
2025-01-14T00:12:42+00:00 DEBUG Tt4b_Mapi_Class::mapi_post: Response: 

HTTP/1.1 200 OK
Server: nginx
Content-Type: application/json
Content-Length: 92
X-Tt-Logid: 20250114001242A6D3E1619C5E131E247B
x-tt-trace-host: 018e5a586174a888928d793bdac74b79b52a36c08622bbc2ac99357be22beb959a12b61454fce988e817d032a00573808c1c1fd14e767f534952d8ec2b79dfd4f3c3a6755c2af7dd04f84da4beeb170c6570ef977c036a3df616604b001293581f1a9b325ad8c9bb48c266d6658c8d65d8
x-tt-trace-id: 00-250114001242A6D3E1619C5E131E247B-7631014D3CC6F23D-00
X-Origin-Response-Time: 41,23.213.246.201
X-Akamai-Request-ID: b5e5fd5.84e37a8
Expires: Tue, 14 Jan 2025 00:12:42 GMT
Cache-Control: max-age=0, no-cache, no-store
Pragma: no-cache
Date: Tue, 14 Jan 2025 00:12:42 GMT
X-Cache: TCP_MISS from a95-101-134-36.deploy.akamaitechnologies.com (AkamaiGHost/11.7.2.1-9611f29bef89eba7b18045b10aa2af98) (-)
Connection: close
X-Cache-Remote: TCP_MISS from a23-213-246-201.deploy.akamaitechnologies.com (AkamaiGHost/11.8.0-1debf780f7d7c834933fa9689361eec6) (-)
x-tt-trace-tag: id=16;cdn-cache=miss;type=dyn
Server-Timing: cdn-cache; desc=MISS, edge; dur=94, origin; dur=41
Server-Timing: inner; dur=28
X-Parent-Response-Time: 132,95.101.134.36

{"code": 0, "message": "OK", "request_id": "20250114001242A6D3E1619C5E131E247B", "data": {}}
2025-01-14T00:15:34+00:00 DEBUG POST: https://business-api.tiktok.com/open_api/v1.3/event/track/

{"partner_name":"WooCommerce","event_source":"web","event_source_id":"CSM79Q3C77UAG1T340I0","data":[{"event":"Pageview","event_id":"6785aca6c10ca_tt4b_woocommerce_670666209cf1f","event_time":1736813734,"user":{"ip":"52.167.144.158","user_agent":"Mozilla\/5.0 AppleWebKit\/537.36 (KHTML, like Gecko; compatible; bingbot\/2.0; +http:\/\/www.bing.com\/bingbot.htm) Chrome\/116.0.1938.76 Safari\/537.36","locale":"ar","external_id":"0","email":"e3b0c44298fc1c149afbf4c8996fb92427ae41e4649b934ca495991b7852b855","phone_number":"e3b0c44298fc1c149afbf4c8996fb92427ae41e4649b934ca495991b7852b855","first_name":"e3b0c44298fc1c149afbf4c8996fb92427ae41e4649b934ca495991b7852b855","last_name":"e3b0c44298fc1c149afbf4c8996fb92427ae41e4649b934ca495991b7852b855","zip_code":"e3b0c44298fc1c149afbf4c8996fb92427ae41e4649b934ca495991b7852b855"},"page":{"url":"http:\/\/www.ibn-sinaa.com\/wp-content\/uploads\/2024\/11\/%D9%84%D9%88%D8%AD%D8%A9-%D8%AE%D8%B4%D8%A8%D9%8A%D8%A93-1024x1024.png\/"}}]}
 ajax: no
2025-01-14T00:15:34+00:00 DEBUG Tt4b_Mapi_Class::mapi_post: Response: 

HTTP/1.1 200 OK
Server: nginx
Content-Type: application/json
Content-Length: 92
X-Tt-Logid: 2025011400153440CEC2B5733E0E2BBA4F
x-tt-trace-host: 018e5a586174a888928d793bdac74b79b52a36c08622bbc2ac99357be22beb959a549dafe4a8c77bd4654f534f7d7ea1832121e0c8db27589fec22100077151d0284b3f60296627a46d518f271d50684b60bcc95cd61a04180b12e5093e43f07026c44e3debcbf4b67576965c23971789a
x-tt-trace-id: 00-25011400153440CEC2B5733E0E2BBA4F-7485D2823F493701-00
X-Origin-Response-Time: 43,23.218.219.19
X-Akamai-Request-ID: c452e7b.854bfab
Expires: Tue, 14 Jan 2025 00:15:34 GMT
Cache-Control: max-age=0, no-cache, no-store
Pragma: no-cache
Date: Tue, 14 Jan 2025 00:15:34 GMT
X-Cache: TCP_MISS from a95-101-134-36.deploy.akamaitechnologies.com (AkamaiGHost/11.7.2.1-9611f29bef89eba7b18045b10aa2af98) (-)
Connection: close
X-Cache-Remote: TCP_MISS from a23-218-219-19.deploy.akamaitechnologies.com (AkamaiGHost/11.7.2.1-9611f29bef89eba7b18045b10aa2af98) (-)
x-tt-trace-tag: id=16;cdn-cache=miss;type=dyn
Server-Timing: cdn-cache; desc=MISS, edge; dur=81, origin; dur=43
Server-Timing: inner; dur=29
X-Parent-Response-Time: 124,95.101.134.36

{"code": 0, "message": "OK", "request_id": "2025011400153440CEC2B5733E0E2BBA4F", "data": {}}
2025-01-14T00:20:15+00:00 DEBUG Tt4b_Pixel_Class::inject_add_to_cart_event: hit AddToCart
2025-01-14T00:20:15+00:00 DEBUG POST: https://business-api.tiktok.com/open_api/v1.3/event/track/

{"partner_name":"WooCommerce","event_source":"web","event_source_id":"CSM79Q3C77UAG1T340I0","data":[{"event":"AddToCart","event_id":"6785adbf81131_tt4b_woocommerce_670666209cf1f_4426","event_time":1736814015,"user":{"ip":"54.36.148.2","user_agent":"Mozilla\/5.0 (compatible; AhrefsBot\/7.0; +http:\/\/ahrefs.com\/robot\/)","locale":"ar","external_id":"0","email":"e3b0c44298fc1c149afbf4c8996fb92427ae41e4649b934ca495991b7852b855","phone_number":"e3b0c44298fc1c149afbf4c8996fb92427ae41e4649b934ca495991b7852b855","first_name":"e3b0c44298fc1c149afbf4c8996fb92427ae41e4649b934ca495991b7852b855","last_name":"e3b0c44298fc1c149afbf4c8996fb92427ae41e4649b934ca495991b7852b855","zip_code":"e3b0c44298fc1c149afbf4c8996fb92427ae41e4649b934ca495991b7852b855"},"properties":{"contents":[{"price":180,"quantity":1,"content_id":"4426","content_name":"\u062a\u0642\u0648\u064a\u0645 \u0627\u0643\u0631\u064a\u0644\u064a\u0643 \u0645\u0639 \u062c\u064a\u0628 \u062e\u0634\u0628","description":"\u062a\u0642\u0648\u064a\u0645 \u0623\u0643\u0631\u064a\u0644\u064a\u0643 \u0645\u0639 \u062c\u064a\u0628 \u062e\u0634\u0628: \u062a\u0635\u0645\u064a\u0645 \u0639\u0635\u0631\u064a \u0648\u0623\u0646\u064a\u0642\u060c \u0645\u0635\u0646\u0648\u0639 \u0645\u0646 \u0627\u0644\u0623\u0643\u0631\u064a\u0644\u064a\u0643 \u0627\u0644\u0645\u062a\u064a\u0646 \u0628\u0648\u0636\u0648\u062d \u0627\u0633\u062a\u062b\u0646\u0627\u0626\u064a \u0644\u0644\u0643\u062a\u0627\u0628\u0629 \u0648\u0627\u0644\u0631\u0624\u064a\u0629\u060c \u064a\u0636\u064a\u0641 \u0644\u0645\u0633\u0629 \u0645\u0646 \u0627\u0644\u0641\u062e\u0627\u0645\u0629 \u0648\u0627\u0644\u062a\u0646\u0638\u064a\u0645 \u0644\u0645\u0643\u062a\u0628\u0643. \u0645\u062b\u0627\u0644\u064a \u0644\u062a\u0646\u0638\u064a\u0645 \u0627\u0644\u0645\u0648\u0627\u0639\u064a\u062f \u0648\u0627\u0644\u0627\u062c\u062a\u0645\u0627\u0639\u0627\u062a\u060c \u0648\u064a\u0636\u0641\u064a \u062c\u0627\u0630\u0628\u064a\u0629 \u0639\u0644\u0649 \u0645\u0633\u0627\u062d\u0629 \u0627\u0644\u0639\u0645\u0644 \u0627\u0644\u062e\u0627\u0635\u0629 \u0628\u0643.","availability":"IN_STOCK","sale_price":180,"on_sale":false}],"content_type":"product","currency":"SAR","value":180,"event_trigger_source":"WooCommerce"},"page":{"url":"http:\/\/www.ibn-sinaa.com\/product\/%D8%AA%D9%82%D9%88%D9%8A%D9%85-%D8%A7%D9%83%D8%B1%D9%8A%D9%84%D9%8A%D9%83-%D9%85%D8%B9-%D8%AC%D9%8A%D8%A8-%D8%AE%D8%B4%D8%A8\/?add-to-cart=4426"}}]}
 ajax: no
2025-01-14T00:20:15+00:00 DEBUG Tt4b_Mapi_Class::mapi_post: Response: 

HTTP/1.1 200 OK
Server: nginx
Content-Type: application/json
Content-Length: 92
X-Tt-Logid: 20250114002015269569A8113FD922482F
Server-Timing: inner; dur=41
x-tt-trace-host: 018e5a586174a888928d793bdac74b79b51a437ee89a1c03eb2011d034a2e3e9f5bd4486604e0d7bbc9ec3d2f52c9e97311429b6ddbe61bb9707f9f640529d98242a9bbdc92d5148f4b6a36c04355b1007944a8826604e895123a4a1ab0016d23e
x-tt-trace-id: 00-250114002015269569A8113FD922482F-69140AA55E441E0E-00
Expires: Tue, 14 Jan 2025 00:20:15 GMT
Cache-Control: max-age=0, no-cache, no-store
Pragma: no-cache
Date: Tue, 14 Jan 2025 00:20:15 GMT
X-Cache: TCP_MISS from a95-101-134-92.deploy.akamaitechnologies.com (AkamaiGHost/11.7.2.1-9611f29bef89eba7b18045b10aa2af98) (-)
Connection: close
x-tt-trace-tag: id=16;cdn-cache=miss;type=dyn
Server-Timing: cdn-cache; desc=MISS, edge; dur=1, origin; dur=124
X-Origin-Response-Time: 124,95.101.134.92
X-Akamai-Request-ID: f0c7989

{"code": 0, "message": "OK", "request_id": "20250114002015269569A8113FD922482F", "data": {}}
2025-01-14T00:24:03+00:00 DEBUG POST: https://business-api.tiktok.com/open_api/v1.3/event/track/

{"partner_name":"WooCommerce","event_source":"web","event_source_id":"CSM79Q3C77UAG1T340I0","data":[{"event":"Pageview","event_id":"6785aea385951_tt4b_woocommerce_670666209cf1f","event_time":1736814243,"user":{"ip":"54.36.148.242","user_agent":"Mozilla\/5.0 (compatible; AhrefsBot\/7.0; +http:\/\/ahrefs.com\/robot\/)","locale":"ar","external_id":"0","email":"e3b0c44298fc1c149afbf4c8996fb92427ae41e4649b934ca495991b7852b855","phone_number":"e3b0c44298fc1c149afbf4c8996fb92427ae41e4649b934ca495991b7852b855","first_name":"e3b0c44298fc1c149afbf4c8996fb92427ae41e4649b934ca495991b7852b855","last_name":"e3b0c44298fc1c149afbf4c8996fb92427ae41e4649b934ca495991b7852b855","zip_code":"e3b0c44298fc1c149afbf4c8996fb92427ae41e4649b934ca495991b7852b855"},"page":{"url":"http:\/\/mail.ibn-sinaa.com\/product\/print-cards-die-cut\/"}}]}
 ajax: no
2025-01-14T00:24:03+00:00 DEBUG POST: https://business-api.tiktok.com/open_api/v1.3/event/track/

{"partner_name":"WooCommerce","event_source":"web","event_source_id":"CSM79Q3C77UAG1T340I0","data":[{"event":"Pageview","event_id":"6785aea3a18c8_tt4b_woocommerce_670666209cf1f","event_time":1736814243,"user":{"ip":"66.249.66.19","user_agent":"Mozilla\/5.0 (Linux; Android 6.0.1; Nexus 5X Build\/MMB29P) AppleWebKit\/537.36 (KHTML, like Gecko) Chrome\/131.0.6778.264 Mobile Safari\/537.36 (compatible; Googlebot\/2.1; +http:\/\/www.google.com\/bot.html)","locale":"ar","external_id":"0","email":"e3b0c44298fc1c149afbf4c8996fb92427ae41e4649b934ca495991b7852b855","phone_number":"e3b0c44298fc1c149afbf4c8996fb92427ae41e4649b934ca495991b7852b855","first_name":"e3b0c44298fc1c149afbf4c8996fb92427ae41e4649b934ca495991b7852b855","last_name":"e3b0c44298fc1c149afbf4c8996fb92427ae41e4649b934ca495991b7852b855","zip_code":"e3b0c44298fc1c149afbf4c8996fb92427ae41e4649b934ca495991b7852b855"},"page":{"url":"http:\/\/mail.ibn-sinaa.com\/shop\/page\/3\/"}}]}
 ajax: no
2025-01-14T00:24:03+00:00 DEBUG Tt4b_Mapi_Class::mapi_post: Response: 

HTTP/1.1 200 OK
Server: nginx
Content-Type: application/json
Content-Length: 92
X-Tt-Logid: 202501140024030E7D963706AF54BADD3D
x-tt-trace-host: 018e5a586174a888928d793bdac74b79b56517d7628cf0ffdff56b078ad2cf5615efca85305b9335ef751ac12ee4b58deb5f6ab31aea28557038c5ab6d4bd1d17a98319f35635c83d86a6efedb8e5dbfedbe9b5ad443bf4be14af28163a413194a65b9dffa49d93bd834a2aeb8e7cb0a18
x-tt-trace-id: 00-2501140024030E7D963706AF54BADD3D-245D5CC3622DC3E5-00
X-Origin-Response-Time: 37,23.218.219.40
X-Akamai-Request-ID: 5dc0d28.f17e419
Expires: Tue, 14 Jan 2025 00:24:03 GMT
Cache-Control: max-age=0, no-cache, no-store
Pragma: no-cache
Date: Tue, 14 Jan 2025 00:24:03 GMT
X-Cache: TCP_MISS from a95-101-134-92.deploy.akamaitechnologies.com (AkamaiGHost/11.7.2.1-9611f29bef89eba7b18045b10aa2af98) (-)
Connection: close
X-Cache-Remote: TCP_MISS from a23-218-219-40.deploy.akamaitechnologies.com (AkamaiGHost/11.8.0-1debf780f7d7c834933fa9689361eec6) (-)
x-tt-trace-tag: id=16;cdn-cache=miss;type=dyn
Server-Timing: cdn-cache; desc=MISS, edge; dur=84, origin; dur=37
Server-Timing: inner; dur=31
X-Parent-Response-Time: 119,95.101.134.92

{"code": 0, "message": "OK", "request_id": "202501140024030E7D963706AF54BADD3D", "data": {}}
2025-01-14T00:24:03+00:00 DEBUG Tt4b_Pixel_Class::inject_view_content_event: hit ViewContent
2025-01-14T00:24:03+00:00 DEBUG POST: https://business-api.tiktok.com/open_api/v1.3/event/track/

{"partner_name":"WooCommerce","event_source":"web","event_source_id":"CSM79Q3C77UAG1T340I0","data":[{"event":"ViewContent","event_id":"6785aea3ce256_tt4b_woocommerce_670666209cf1f_SKU_201","event_time":1736814243,"user":{"ip":"54.36.148.242","user_agent":"Mozilla\/5.0 (compatible; AhrefsBot\/7.0; +http:\/\/ahrefs.com\/robot\/)","locale":"ar","external_id":"0","email":"e3b0c44298fc1c149afbf4c8996fb92427ae41e4649b934ca495991b7852b855","phone_number":"e3b0c44298fc1c149afbf4c8996fb92427ae41e4649b934ca495991b7852b855","first_name":"e3b0c44298fc1c149afbf4c8996fb92427ae41e4649b934ca495991b7852b855","last_name":"e3b0c44298fc1c149afbf4c8996fb92427ae41e4649b934ca495991b7852b855","zip_code":"e3b0c44298fc1c149afbf4c8996fb92427ae41e4649b934ca495991b7852b855"},"properties":{"contents":[{"price":0,"quantity":1,"content_id":"SKU_201","content_name":"\u0637\u0628\u0627\u0639\u0629 \u0643\u0631\u0648\u062a \u0634\u062e\u0635\u064a\u0629 \u062f\u0627\u064a \u0643\u062a","description":"\u0627\u062d\u0635\u0644 \u0639\u0644\u0649 \u0643\u0631\u0648\u062a \u062f\u0627\u064a \u0643\u062a \u0627\u0644\u0645\u0645\u064a\u0632\u0629 \u0645\u0646 \u0645\u062a\u062c\u0631 \u0627\u0628\u0646 \u0633\u064a\u0646\u0627 \u0627\u0644\u0625\u0644\u0643\u062a\u0631\u0648\u0646\u064a. \u062a\u0635\u0645\u064a\u0645\u0627\u062a \u0641\u0631\u064a\u062f\u0629 \u0648\u0623\u0634\u0643\u0627\u0644 \u0645\u062e\u0635\u0635\u0629 \u062a\u0646\u0627\u0633\u0628 \u062c\u0645\u064a\u0639 \u0627\u0644\u0645\u0646\u0627\u0633\u0628\u0627\u062a \u0627\u0644\u0631\u0633\u0645\u064a\u0629 \u0648\u0627\u0644\u0634\u062e\u0635\u064a\u0629\u060c \u0628\u062c\u0648\u062f\u0629 \u0637\u0628\u0627\u0639\u0629 \u0639\u0627\u0644\u064a\u0629 \u0648\u062f\u0642\u0629 \u0641\u064a \u0627\u0644\u062a\u0641\u0627\u0635\u064a\u0644","availability":"IN_STOCK","sale_price":0,"on_sale":false}],"content_type":"product","currency":"SAR","value":0,"event_trigger_source":"WooCommerce"},"page":{"url":"http:\/\/mail.ibn-sinaa.com\/product\/print-cards-die-cut\/"}}]}
 ajax: no
2025-01-14T00:24:03+00:00 DEBUG Tt4b_Mapi_Class::mapi_post: Response: 

HTTP/1.1 200 OK
Server: nginx
Content-Type: application/json
Content-Length: 92
X-Tt-Logid: 20250114002403DBD36365F18EF67D096B
Server-Timing: inner; dur=38
x-tt-trace-host: 018e5a586174a888928d793bdac74b79b5ad707aeae3c73e258680035dfad0d1c002ccf8f299d66e790c981b21d794eb1e85a2f7c4d324d89b25a3a0a0fef4e984c2d9053981d035eb5b94d1265ee161df9670ae859da3fd99337a6b2b76ed92db
x-tt-trace-id: 00-250114002403DBD36365F18EF67D096B-1872796525C2327E-00
Expires: Tue, 14 Jan 2025 00:24:03 GMT
Cache-Control: max-age=0, no-cache, no-store
Pragma: no-cache
Date: Tue, 14 Jan 2025 00:24:03 GMT
X-Cache: TCP_MISS from a95-101-134-36.deploy.akamaitechnologies.com (AkamaiGHost/11.7.2.1-9611f29bef89eba7b18045b10aa2af98) (-)
Connection: close
x-tt-trace-tag: id=16;cdn-cache=miss;type=dyn
Server-Timing: cdn-cache; desc=MISS, edge; dur=0, origin; dur=117
X-Origin-Response-Time: 117,95.101.134.36
X-Akamai-Request-ID: 8675149

{"code": 0, "message": "OK", "request_id": "20250114002403DBD36365F18EF67D096B", "data": {}}
2025-01-14T00:24:04+00:00 DEBUG Tt4b_Mapi_Class::mapi_post: Response: 

HTTP/1.1 200 OK
Server: nginx
Content-Type: application/json
Content-Length: 92
X-Tt-Logid: 20250114002403A0AC273E9BA7C31FE436
x-tt-trace-host: 018e5a586174a888928d793bdac74b79b56517d7628cf0ffdff56b078ad2cf56157ca421c1f726d18dd420811f1244be2f93c07d4ad1dd3b833c4deca798c9e4e4e73beda89f7658bc11a0fc1e403da0a588623cf88dbe6a8f4c76e5d42385d3b5d5522cd4813b886bc5940b97989c80a0
x-tt-trace-id: 00-250114002403A0AC273E9BA7C31FE436-6775BDC66B043E00-00
X-Origin-Response-Time: 68,23.213.246.201
X-Akamai-Request-ID: c159cba.f17e76b
Expires: Tue, 14 Jan 2025 00:24:04 GMT
Cache-Control: max-age=0, no-cache, no-store
Pragma: no-cache
Date: Tue, 14 Jan 2025 00:24:04 GMT
X-Cache: TCP_MISS from a95-101-134-92.deploy.akamaitechnologies.com (AkamaiGHost/11.7.2.1-9611f29bef89eba7b18045b10aa2af98) (-)
Connection: close
X-Cache-Remote: TCP_MISS from a23-213-246-201.deploy.akamaitechnologies.com (AkamaiGHost/11.8.0-1debf780f7d7c834933fa9689361eec6) (-)
x-tt-trace-tag: id=16;cdn-cache=miss;type=dyn
Server-Timing: cdn-cache; desc=MISS, edge; dur=80, origin; dur=68
Server-Timing: inner; dur=33
X-Parent-Response-Time: 147,95.101.134.92

{"code": 0, "message": "OK", "request_id": "20250114002403A0AC273E9BA7C31FE436", "data": {}}
2025-01-14T00:24:56+00:00 DEBUG POST: https://business-api.tiktok.com/open_api/v1.3/event/track/

{"partner_name":"WooCommerce","event_source":"web","event_source_id":"CSM79Q3C77UAG1T340I0","data":[{"event":"Pageview","event_id":"6785aed8712bc_tt4b_woocommerce_670666209cf1f","event_time":1736814296,"user":{"ip":"194.5.175.52","user_agent":"GRequests\/0.10","locale":"ar","external_id":"0","email":"e3b0c44298fc1c149afbf4c8996fb92427ae41e4649b934ca495991b7852b855","phone_number":"e3b0c44298fc1c149afbf4c8996fb92427ae41e4649b934ca495991b7852b855","first_name":"e3b0c44298fc1c149afbf4c8996fb92427ae41e4649b934ca495991b7852b855","last_name":"e3b0c44298fc1c149afbf4c8996fb92427ae41e4649b934ca495991b7852b855","zip_code":"e3b0c44298fc1c149afbf4c8996fb92427ae41e4649b934ca495991b7852b855"},"page":{"url":"http:\/\/mail.ibn-sinaa.com\/-\/-\/-\/-\/-\/-\/-\/-\/-\/-\/","referrer":"http:\/\/mail.ibn-sinaa.com\/wp-login.php"}}]}
 ajax: no
2025-01-14T00:24:56+00:00 DEBUG Tt4b_Mapi_Class::mapi_post: Response: 

HTTP/1.1 200 OK
Server: nginx
Content-Type: application/json
Content-Length: 92
X-Tt-Logid: 20250114002456F29CA0B1E5D7D7C878BD
x-tt-trace-host: 018e5a586174a888928d793bdac74b79b56517d7628cf0ffdff56b078ad2cf56157ca421c1f726d18dd420811f1244be2fb7e4b0e330b7107fc835756c7fac917a8504f8789b560b9739608024eab14f110d2e58e0173274bdbbd07e1719cc7601fab119588e690c30f253c82e210cc10e
x-tt-trace-id: 00-250114002456F29CA0B1E5D7D7C878BD-5FA8188473E2C97D-00
X-Origin-Response-Time: 42,23.213.246.201
X-Akamai-Request-ID: c2474ba.f1a740d
Expires: Tue, 14 Jan 2025 00:24:56 GMT
Cache-Control: max-age=0, no-cache, no-store
Pragma: no-cache
Date: Tue, 14 Jan 2025 00:24:56 GMT
X-Cache: TCP_MISS from a95-101-134-92.deploy.akamaitechnologies.com (AkamaiGHost/11.7.2.1-9611f29bef89eba7b18045b10aa2af98) (-)
Connection: close
X-Cache-Remote: TCP_MISS from a23-213-246-201.deploy.akamaitechnologies.com (AkamaiGHost/11.8.0-1debf780f7d7c834933fa9689361eec6) (-)
x-tt-trace-tag: id=16;cdn-cache=miss;type=dyn
Server-Timing: cdn-cache; desc=MISS, edge; dur=93, origin; dur=42
Server-Timing: inner; dur=34
X-Parent-Response-Time: 131,95.101.134.92

{"code": 0, "message": "OK", "request_id": "20250114002456F29CA0B1E5D7D7C878BD", "data": {}}
2025-01-14T00:25:02+00:00 DEBUG POST: https://business-api.tiktok.com/open_api/v1.3/event/track/

{"partner_name":"WooCommerce","event_source":"web","event_source_id":"CSM79Q3C77UAG1T340I0","data":[{"event":"Pageview","event_id":"6785aede4965e_tt4b_woocommerce_670666209cf1f","event_time":1736814302,"user":{"ip":"194.5.175.52","user_agent":"GRequests\/0.10","locale":"ar","external_id":"0","email":"e3b0c44298fc1c149afbf4c8996fb92427ae41e4649b934ca495991b7852b855","phone_number":"e3b0c44298fc1c149afbf4c8996fb92427ae41e4649b934ca495991b7852b855","first_name":"e3b0c44298fc1c149afbf4c8996fb92427ae41e4649b934ca495991b7852b855","last_name":"e3b0c44298fc1c149afbf4c8996fb92427ae41e4649b934ca495991b7852b855","zip_code":"e3b0c44298fc1c149afbf4c8996fb92427ae41e4649b934ca495991b7852b855"},"page":{"url":"http:\/\/mail.ibn-sinaa.com\/-\/-\/-\/-\/-\/-\/-\/-\/-\/-\/","referrer":"http:\/\/mail.ibn-sinaa.com\/wp-login.php"}}]}
 ajax: no
2025-01-14T00:25:02+00:00 DEBUG Tt4b_Mapi_Class::mapi_post: Response: 

HTTP/1.1 200 OK
Server: nginx
Content-Type: application/json
Content-Length: 92
X-Tt-Logid: 20250114002502A818151D7FD2A7A63F2E
x-tt-trace-host: 018e5a586174a888928d793bdac74b79b56517d7628cf0ffdff56b078ad2cf56158f6e8a097a64e4b022d1ee84570492f5f907b444541a126af4f1bbd8f03534edc5cbf00030dff561d2f7073317d2c5ce3f8513db66c5588c8805bfb01747ca3e65f61907040f128da43d3c4623c05eca
x-tt-trace-id: 00-250114002502A818151D7FD2A7A63F2E-73AA796298EAA199-00
X-Origin-Response-Time: 29,23.207.199.27
X-Akamai-Request-ID: bb8fc.f1abec2
Expires: Tue, 14 Jan 2025 00:25:02 GMT
Cache-Control: max-age=0, no-cache, no-store
Pragma: no-cache
Date: Tue, 14 Jan 2025 00:25:02 GMT
X-Cache: TCP_MISS from a95-101-134-92.deploy.akamaitechnologies.com (AkamaiGHost/11.7.2.1-9611f29bef89eba7b18045b10aa2af98) (-)
Connection: close
X-Cache-Remote: TCP_MISS from a23-207-199-27.deploy.akamaitechnologies.com (AkamaiGHost/11.7.2.1-9611f29bef89eba7b18045b10aa2af98) (-)
x-tt-trace-tag: id=16;cdn-cache=miss;type=dyn
Server-Timing: cdn-cache; desc=MISS, edge; dur=80, origin; dur=29
Server-Timing: inner; dur=26
X-Parent-Response-Time: 108,95.101.134.92

{"code": 0, "message": "OK", "request_id": "20250114002502A818151D7FD2A7A63F2E", "data": {}}
2025-01-14T00:25:07+00:00 DEBUG POST: https://business-api.tiktok.com/open_api/v1.3/event/track/

{"partner_name":"WooCommerce","event_source":"web","event_source_id":"CSM79Q3C77UAG1T340I0","data":[{"event":"Pageview","event_id":"6785aee313412_tt4b_woocommerce_670666209cf1f","event_time":1736814307,"user":{"ip":"66.249.66.165","user_agent":"Mozilla\/5.0 (Linux; Android 6.0.1; Nexus 5X Build\/MMB29P) AppleWebKit\/537.36 (KHTML, like Gecko) Chrome\/131.0.6778.264 Mobile Safari\/537.36 (compatible; Googlebot\/2.1; +http:\/\/www.google.com\/bot.html)","locale":"ar","external_id":"0","email":"e3b0c44298fc1c149afbf4c8996fb92427ae41e4649b934ca495991b7852b855","phone_number":"e3b0c44298fc1c149afbf4c8996fb92427ae41e4649b934ca495991b7852b855","first_name":"e3b0c44298fc1c149afbf4c8996fb92427ae41e4649b934ca495991b7852b855","last_name":"e3b0c44298fc1c149afbf4c8996fb92427ae41e4649b934ca495991b7852b855","zip_code":"e3b0c44298fc1c149afbf4c8996fb92427ae41e4649b934ca495991b7852b855"},"page":{"url":"http:\/\/www.ibn-sinaa.com\/product-tag\/%D8%B7%D8%A8%D8%A7%D8%B9%D9%87-%D8%AA%D9%82%D9%88%D9%8A%D9%85-%D9%85%D9%8A%D9%84%D8%A7%D8%AF%D9%8A\/"}}]}
 ajax: no
2025-01-14T00:25:07+00:00 DEBUG Tt4b_Mapi_Class::mapi_post: Response: 

HTTP/1.1 200 OK
Server: nginx
Content-Type: application/json
Content-Length: 92
X-Tt-Logid: 20250114002507EA5047EAEB6727248AE9
Server-Timing: inner; dur=34
x-tt-trace-host: 018e5a586174a888928d793bdac74b79b51a437ee89a1c03eb2011d034a2e3e9f5b2883820e147e65d49568ccd0afe30679ceb63cf382f32e23d4682ff3f9959488b7b1c7cf2e0230c0f18df2f26e284ba54a78415fa5fdd95ff64d44023dbd499
x-tt-trace-id: 00-250114002507EA5047EAEB6727248AE9-5210D1028FFD5488-00
Expires: Tue, 14 Jan 2025 00:25:07 GMT
Cache-Control: max-age=0, no-cache, no-store
Pragma: no-cache
Date: Tue, 14 Jan 2025 00:25:07 GMT
X-Cache: TCP_MISS from a95-101-134-92.deploy.akamaitechnologies.com (AkamaiGHost/11.7.2.1-9611f29bef89eba7b18045b10aa2af98) (-)
Connection: close
x-tt-trace-tag: id=16;cdn-cache=miss;type=dyn
Server-Timing: cdn-cache; desc=MISS, edge; dur=1, origin; dur=138
X-Origin-Response-Time: 139,95.101.134.92
X-Akamai-Request-ID: f1aff23

{"code": 0, "message": "OK", "request_id": "20250114002507EA5047EAEB6727248AE9", "data": {}}
2025-01-14T00:25:10+00:00 DEBUG POST: https://business-api.tiktok.com/open_api/v1.3/event/track/

{"partner_name":"WooCommerce","event_source":"web","event_source_id":"CSM79Q3C77UAG1T340I0","data":[{"event":"Pageview","event_id":"6785aee67e468_tt4b_woocommerce_670666209cf1f","event_time":1736814310,"user":{"ip":"194.5.175.52","user_agent":"GRequests\/0.10","locale":"ar","external_id":"0","email":"e3b0c44298fc1c149afbf4c8996fb92427ae41e4649b934ca495991b7852b855","phone_number":"e3b0c44298fc1c149afbf4c8996fb92427ae41e4649b934ca495991b7852b855","first_name":"e3b0c44298fc1c149afbf4c8996fb92427ae41e4649b934ca495991b7852b855","last_name":"e3b0c44298fc1c149afbf4c8996fb92427ae41e4649b934ca495991b7852b855","zip_code":"e3b0c44298fc1c149afbf4c8996fb92427ae41e4649b934ca495991b7852b855"},"page":{"url":"http:\/\/mail.ibn-sinaa.com\/404\/","referrer":"https:\/\/mail.ibn-sinaa.com\/wp-admin\/"}}]}
 ajax: no
2025-01-14T00:25:10+00:00 DEBUG Tt4b_Mapi_Class::mapi_post: Response: 

HTTP/1.1 200 OK
Server: nginx
Content-Type: application/json
Content-Length: 92
X-Tt-Logid: 2025011400251092721AD33AE5E4AC4D83
Server-Timing: inner; dur=26
x-tt-trace-host: 018e5a586174a888928d793bdac74b79b5ad707aeae3c73e258680035dfad0d1c09d8fa81f7a4429a2201fdf0bae426021cd6eef7e4dbb1f6c81a444c546a850c2ee82abca45d479a765b16d4b0e1798d59a3acd88ef55c2fa71b1b5bd048b05b6
x-tt-trace-id: 00-25011400251092721AD33AE5E4AC4D83-0155D4366BE8545E-00
Expires: Tue, 14 Jan 2025 00:25:10 GMT
Cache-Control: max-age=0, no-cache, no-store
Pragma: no-cache
Date: Tue, 14 Jan 2025 00:25:10 GMT
X-Cache: TCP_MISS from a95-101-134-36.deploy.akamaitechnologies.com (AkamaiGHost/11.7.2.1-9611f29bef89eba7b18045b10aa2af98) (-)
Connection: close
x-tt-trace-tag: id=16;cdn-cache=miss;type=dyn
Server-Timing: cdn-cache; desc=MISS, edge; dur=1, origin; dur=108
X-Origin-Response-Time: 109,95.101.134.36
X-Akamai-Request-ID: 869d1eb

{"code": 0, "message": "OK", "request_id": "2025011400251092721AD33AE5E4AC4D83", "data": {}}
2025-01-14T00:26:14+00:00 DEBUG POST: https://business-api.tiktok.com/open_api/v1.3/event/track/

{"partner_name":"WooCommerce","event_source":"web","event_source_id":"CSM79Q3C77UAG1T340I0","data":[{"event":"Pageview","event_id":"6785af2675f44_tt4b_woocommerce_670666209cf1f","event_time":1736814374,"user":{"ip":"129.226.145.114","user_agent":"Mozilla\/5.0 (Windows NT 6.1; Win64; x64; rv:58.0) Gecko\/20100101 Firefox\/58.0","locale":"ar","external_id":"0","email":"e3b0c44298fc1c149afbf4c8996fb92427ae41e4649b934ca495991b7852b855","phone_number":"e3b0c44298fc1c149afbf4c8996fb92427ae41e4649b934ca495991b7852b855","first_name":"e3b0c44298fc1c149afbf4c8996fb92427ae41e4649b934ca495991b7852b855","last_name":"e3b0c44298fc1c149afbf4c8996fb92427ae41e4649b934ca495991b7852b855","zip_code":"e3b0c44298fc1c149afbf4c8996fb92427ae41e4649b934ca495991b7852b855"},"page":{"url":"http:\/\/ibn-sinaa.com\/xmlrpc.php"}}]}
 ajax: no
2025-01-14T00:26:14+00:00 DEBUG Tt4b_Mapi_Class::mapi_post: Response: 

HTTP/1.1 200 OK
Server: nginx
Content-Type: application/json
Content-Length: 92
X-Tt-Logid: 20250114002614FE04D2F5F0E79E485471
x-tt-trace-host: 018e5a586174a888928d793bdac74b79b52a36c08622bbc2ac99357be22beb959a59dd1cb72f86ab41c8c4ff1aa487888820e5e4cacc9d8bc2dc193ca369a0ecf050abffb5c430a18d472b3d510356622a0c5b594c6dc80a765c3b9dfe5f60dfd3df2e75d7c527d085e80f950ba1661779
x-tt-trace-id: 00-250114002614FE04D2F5F0E79E485471-64616A738C8CF9BB-00
X-Origin-Response-Time: 84,23.207.199.10
X-Akamai-Request-ID: 48c3bbb.86c3f67
Expires: Tue, 14 Jan 2025 00:26:14 GMT
Cache-Control: max-age=0, no-cache, no-store
Pragma: no-cache
Date: Tue, 14 Jan 2025 00:26:14 GMT
X-Cache: TCP_MISS from a95-101-134-36.deploy.akamaitechnologies.com (AkamaiGHost/11.7.2.1-9611f29bef89eba7b18045b10aa2af98) (-)
Connection: close
X-Cache-Remote: TCP_MISS from a23-207-199-10.deploy.akamaitechnologies.com (AkamaiGHost/11.7.2.1-9611f29bef89eba7b18045b10aa2af98) (-)
x-tt-trace-tag: id=16;cdn-cache=miss;type=dyn
Server-Timing: cdn-cache; desc=MISS, edge; dur=81, origin; dur=84
Server-Timing: inner; dur=78
X-Parent-Response-Time: 165,95.101.134.36

{"code": 0, "message": "OK", "request_id": "20250114002614FE04D2F5F0E79E485471", "data": {}}
2025-01-14T00:26:28+00:00 DEBUG POST: https://business-api.tiktok.com/open_api/v1.3/event/track/

{"partner_name":"WooCommerce","event_source":"web","event_source_id":"CSM79Q3C77UAG1T340I0","data":[{"event":"Pageview","event_id":"6785af349d9bf_tt4b_woocommerce_670666209cf1f","event_time":1736814388,"user":{"ip":"66.249.66.166","user_agent":"Mozilla\/5.0 (Linux; Android 6.0.1; Nexus 5X Build\/MMB29P) AppleWebKit\/537.36 (KHTML, like Gecko) Chrome\/131.0.6778.264 Mobile Safari\/537.36 (compatible; Googlebot\/2.1; +http:\/\/www.google.com\/bot.html)","locale":"ar","external_id":"0","email":"e3b0c44298fc1c149afbf4c8996fb92427ae41e4649b934ca495991b7852b855","phone_number":"e3b0c44298fc1c149afbf4c8996fb92427ae41e4649b934ca495991b7852b855","first_name":"e3b0c44298fc1c149afbf4c8996fb92427ae41e4649b934ca495991b7852b855","last_name":"e3b0c44298fc1c149afbf4c8996fb92427ae41e4649b934ca495991b7852b855","zip_code":"e3b0c44298fc1c149afbf4c8996fb92427ae41e4649b934ca495991b7852b855"},"page":{"url":"http:\/\/www.ibn-sinaa.com\/en\/product-tag\/%D9%88%D8%B1%D9%82-%D8%AE%D8%B7%D8%A7%D8%A8%D8%A7%D8%AA-%D9%81%D8%A7%D8%AE%D8%B1%D8%A9\/"}}]}
 ajax: no
2025-01-14T00:26:28+00:00 DEBUG Tt4b_Mapi_Class::mapi_post: Response: 

HTTP/1.1 200 OK
Server: nginx
Content-Type: application/json
Content-Length: 92
X-Tt-Logid: 20250114002628528BEDAB52044317D53F
Server-Timing: inner; dur=20
x-tt-trace-host: 018e5a586174a888928d793bdac74b79b51a437ee89a1c03eb2011d034a2e3e9f5e605282d1e7f2061845146ea3a3495422632bd6bb3120710c5ea3587bc8e586d46b86a59bed702acedfabb92e48d9b4f68ad3ce52cc47ebb63b2cfba1d428ea9
x-tt-trace-id: 00-250114002628528BEDAB52044317D53F-344762A56758C8B6-00
Expires: Tue, 14 Jan 2025 00:26:28 GMT
Cache-Control: max-age=0, no-cache, no-store
Pragma: no-cache
Date: Tue, 14 Jan 2025 00:26:28 GMT
X-Cache: TCP_MISS from a95-101-134-92.deploy.akamaitechnologies.com (AkamaiGHost/11.7.2.1-9611f29bef89eba7b18045b10aa2af98) (-)
Connection: close
x-tt-trace-tag: id=16;cdn-cache=miss;type=dyn
Server-Timing: cdn-cache; desc=MISS, edge; dur=0, origin; dur=101
X-Origin-Response-Time: 101,95.101.134.92
X-Akamai-Request-ID: f1f0d0e

{"code": 0, "message": "OK", "request_id": "20250114002628528BEDAB52044317D53F", "data": {}}
2025-01-14T00:26:33+00:00 DEBUG POST: https://business-api.tiktok.com/open_api/v1.3/event/track/

{"partner_name":"WooCommerce","event_source":"web","event_source_id":"CSM79Q3C77UAG1T340I0","data":[{"event":"Pageview","event_id":"6785af393d266_tt4b_woocommerce_670666209cf1f","event_time":1736814393,"user":{"ip":"78.46.58.26","user_agent":"Mozilla\/5.0 (Linux; Android 10) AppleWebKit\/537.36 (KHTML, like Gecko) Chrome\/91.0.4472.114 Mobile Safari\/537.36","locale":"ar","external_id":"0","email":"e3b0c44298fc1c149afbf4c8996fb92427ae41e4649b934ca495991b7852b855","phone_number":"e3b0c44298fc1c149afbf4c8996fb92427ae41e4649b934ca495991b7852b855","first_name":"e3b0c44298fc1c149afbf4c8996fb92427ae41e4649b934ca495991b7852b855","last_name":"e3b0c44298fc1c149afbf4c8996fb92427ae41e4649b934ca495991b7852b855","zip_code":"e3b0c44298fc1c149afbf4c8996fb92427ae41e4649b934ca495991b7852b855"},"page":{"url":"http:\/\/ibn-sinaa.com\/xmlrpc.php"}}]}
 ajax: no
2025-01-14T00:26:33+00:00 DEBUG Tt4b_Mapi_Class::mapi_post: Response: 

HTTP/1.1 200 OK
Server: nginx
Content-Type: application/json
Content-Length: 92
X-Tt-Logid: 20250114002633B42FF21BB4416DE467B6
Server-Timing: inner; dur=44
x-tt-trace-host: 018e5a586174a888928d793bdac74b79b51a437ee89a1c03eb2011d034a2e3e9f5d0233163b2e7e86c3627304892dbf52868dad1cba4eebf96d74ba1891cbbf87c369ff410ed34b7b8a19022cb61122a0dcafcc20efcf574332b167db23c5cabf4
x-tt-trace-id: 00-250114002633B42FF21BB4416DE467B6-54180E6B299FC491-00
Expires: Tue, 14 Jan 2025 00:26:33 GMT
Cache-Control: max-age=0, no-cache, no-store
Pragma: no-cache
Date: Tue, 14 Jan 2025 00:26:33 GMT
X-Cache: TCP_MISS from a95-101-134-92.deploy.akamaitechnologies.com (AkamaiGHost/11.7.2.1-9611f29bef89eba7b18045b10aa2af98) (-)
Connection: close
x-tt-trace-tag: id=16;cdn-cache=miss;type=dyn
Server-Timing: cdn-cache; desc=MISS, edge; dur=1, origin; dur=123
X-Origin-Response-Time: 123,95.101.134.92
X-Akamai-Request-ID: f1f44ba

{"code": 0, "message": "OK", "request_id": "20250114002633B42FF21BB4416DE467B6", "data": {}}
2025-01-14T00:26:36+00:00 DEBUG POST: https://business-api.tiktok.com/open_api/v1.3/event/track/

{"partner_name":"WooCommerce","event_source":"web","event_source_id":"CSM79Q3C77UAG1T340I0","data":[{"event":"Pageview","event_id":"6785af3c8a323_tt4b_woocommerce_670666209cf1f","event_time":1736814396,"user":{"ip":"78.46.58.26","user_agent":"Mozilla\/5.0 (Linux; Android 10) AppleWebKit\/537.36 (KHTML, like Gecko) Chrome\/91.0.4472.114 Mobile Safari\/537.36","locale":"ar","external_id":"0","email":"e3b0c44298fc1c149afbf4c8996fb92427ae41e4649b934ca495991b7852b855","phone_number":"e3b0c44298fc1c149afbf4c8996fb92427ae41e4649b934ca495991b7852b855","first_name":"e3b0c44298fc1c149afbf4c8996fb92427ae41e4649b934ca495991b7852b855","last_name":"e3b0c44298fc1c149afbf4c8996fb92427ae41e4649b934ca495991b7852b855","zip_code":"e3b0c44298fc1c149afbf4c8996fb92427ae41e4649b934ca495991b7852b855"},"page":{"url":"http:\/\/ibn-sinaa.com\/xmlrpc.php"}}]}
 ajax: no
2025-01-14T00:26:36+00:00 DEBUG Tt4b_Mapi_Class::mapi_post: Response: 

HTTP/1.1 200 OK
Server: nginx
Content-Type: application/json
Content-Length: 92
X-Tt-Logid: 2025011400263657F67DC71C94B8A36D84
Server-Timing: inner; dur=30
x-tt-trace-host: 018e5a586174a888928d793bdac74b79b51a437ee89a1c03eb2011d034a2e3e9f58a09757c505f97dfc84d292b58c9a9f62bdeeb3f19db02c6f256ef4def5281a4c7deb4fc1d43e3b10b2756bba424ab5c33453dfef08ddea7611c2174db7ad6d8
x-tt-trace-id: 00-25011400263657F67DC71C94B8A36D84-05ECD8673DF1ACE9-00
Expires: Tue, 14 Jan 2025 00:26:36 GMT
Cache-Control: max-age=0, no-cache, no-store
Pragma: no-cache
Date: Tue, 14 Jan 2025 00:26:36 GMT
X-Cache: TCP_MISS from a95-101-134-92.deploy.akamaitechnologies.com (AkamaiGHost/11.7.2.1-9611f29bef89eba7b18045b10aa2af98) (-)
Connection: close
x-tt-trace-tag: id=16;cdn-cache=miss;type=dyn
Server-Timing: cdn-cache; desc=MISS, edge; dur=0, origin; dur=112
X-Origin-Response-Time: 112,95.101.134.92
X-Akamai-Request-ID: f1f6e7e

{"code": 0, "message": "OK", "request_id": "2025011400263657F67DC71C94B8A36D84", "data": {}}
2025-01-14T00:26:41+00:00 DEBUG POST: https://business-api.tiktok.com/open_api/v1.3/event/track/

{"partner_name":"WooCommerce","event_source":"web","event_source_id":"CSM79Q3C77UAG1T340I0","data":[{"event":"Pageview","event_id":"6785af4115c64_tt4b_woocommerce_670666209cf1f","event_time":1736814401,"user":{"ip":"78.46.58.26","user_agent":"Mozilla\/5.0 (Linux; Android 10) AppleWebKit\/537.36 (KHTML, like Gecko) Chrome\/91.0.4472.114 Mobile Safari\/537.36","locale":"ar","external_id":"0","email":"e3b0c44298fc1c149afbf4c8996fb92427ae41e4649b934ca495991b7852b855","phone_number":"e3b0c44298fc1c149afbf4c8996fb92427ae41e4649b934ca495991b7852b855","first_name":"e3b0c44298fc1c149afbf4c8996fb92427ae41e4649b934ca495991b7852b855","last_name":"e3b0c44298fc1c149afbf4c8996fb92427ae41e4649b934ca495991b7852b855","zip_code":"e3b0c44298fc1c149afbf4c8996fb92427ae41e4649b934ca495991b7852b855"},"page":{"url":"http:\/\/ibn-sinaa.com\/xmlrpc.php"}}]}
 ajax: no
2025-01-14T00:26:41+00:00 DEBUG Tt4b_Mapi_Class::mapi_post: Response: 

HTTP/1.1 200 OK
Server: nginx
Content-Type: application/json
Content-Length: 92
X-Tt-Logid: 20250114002641D6AA1A8620D5971FE6C4
x-tt-trace-host: 018e5a586174a888928d793bdac74b79b52a36c08622bbc2ac99357be22beb959a92dbceb021bd1f7f7194efec0331b8ca7af0ffb2cc66a1e2053f5ece4caa7c3177222767b9e611df524d6fc7cf705551e141a4a7b86e3476e7bc49f745bf5d940969ffe0b6ef3759980fdb597e4b9f27
x-tt-trace-id: 00-250114002641D6AA1A8620D5971FE6C4-320959DB46DF3A60-00
X-Origin-Response-Time: 42,23.207.199.39
X-Akamai-Request-ID: 247ccc8.86d2e75
Expires: Tue, 14 Jan 2025 00:26:41 GMT
Cache-Control: max-age=0, no-cache, no-store
Pragma: no-cache
Date: Tue, 14 Jan 2025 00:26:41 GMT
X-Cache: TCP_MISS from a95-101-134-36.deploy.akamaitechnologies.com (AkamaiGHost/11.7.2.1-9611f29bef89eba7b18045b10aa2af98) (-)
Connection: close
X-Cache-Remote: TCP_MISS from a23-207-199-39.deploy.akamaitechnologies.com (AkamaiGHost/11.8.0-1debf780f7d7c834933fa9689361eec6) (-)
x-tt-trace-tag: id=16;cdn-cache=miss;type=dyn
Server-Timing: cdn-cache; desc=MISS, edge; dur=81, origin; dur=41
Server-Timing: inner; dur=39
X-Parent-Response-Time: 122,95.101.134.36

{"code": 0, "message": "OK", "request_id": "20250114002641D6AA1A8620D5971FE6C4", "data": {}}
2025-01-14T00:27:01+00:00 DEBUG POST: https://business-api.tiktok.com/open_api/v1.3/event/track/

{"partner_name":"WooCommerce","event_source":"web","event_source_id":"CSM79Q3C77UAG1T340I0","data":[{"event":"Pageview","event_id":"6785af5504d04_tt4b_woocommerce_670666209cf1f","event_time":1736814421,"user":{"ip":"92.255.57.103","user_agent":"Mozilla\/5.0 (Macintosh; Intel Mac OS X 10.15; rv:131.0) Gecko\/20100101 Firefox\/131.0","locale":"ar","external_id":"0","email":"e3b0c44298fc1c149afbf4c8996fb92427ae41e4649b934ca495991b7852b855","phone_number":"e3b0c44298fc1c149afbf4c8996fb92427ae41e4649b934ca495991b7852b855","first_name":"e3b0c44298fc1c149afbf4c8996fb92427ae41e4649b934ca495991b7852b855","last_name":"e3b0c44298fc1c149afbf4c8996fb92427ae41e4649b934ca495991b7852b855","zip_code":"e3b0c44298fc1c149afbf4c8996fb92427ae41e4649b934ca495991b7852b855"},"page":{"url":"http:\/\/ibn-sinaa.com\/-\/-\/-\/-\/-\/-\/-\/-\/-\/-\/","referrer":"http:\/\/ibn-sinaa.com\/wp-login.php"}}]}
 ajax: no
2025-01-14T00:27:01+00:00 DEBUG Tt4b_Mapi_Class::mapi_post: Response: 

HTTP/1.1 200 OK
Server: nginx
Content-Type: application/json
Content-Length: 92
X-Tt-Logid: 20250114002701155B053E2E98121BA238
Server-Timing: inner; dur=29
x-tt-trace-host: 018e5a586174a888928d793bdac74b79b5ad707aeae3c73e258680035dfad0d1c0369d266777f69bcb6ae432fc2db74bca824b3767fce5dcea135a729ea0a68976a29cf65e2816e9bdd08d4ae64c4c3c24592c4e5add8c20616018936ab9f77419
x-tt-trace-id: 00-250114002701155B053E2E98121BA238-4424E52C8044FAB5-00
Expires: Tue, 14 Jan 2025 00:27:01 GMT
Cache-Control: max-age=0, no-cache, no-store
Pragma: no-cache
Date: Tue, 14 Jan 2025 00:27:01 GMT
X-Cache: TCP_MISS from a95-101-134-36.deploy.akamaitechnologies.com (AkamaiGHost/11.7.2.1-9611f29bef89eba7b18045b10aa2af98) (-)
Connection: close
x-tt-trace-tag: id=16;cdn-cache=miss;type=dyn
Server-Timing: cdn-cache; desc=MISS, edge; dur=1, origin; dur=108
X-Origin-Response-Time: 109,95.101.134.36
X-Akamai-Request-ID: 86ddb04

{"code": 0, "message": "OK", "request_id": "20250114002701155B053E2E98121BA238", "data": {}}
2025-01-14T00:27:10+00:00 DEBUG POST: https://business-api.tiktok.com/open_api/v1.3/event/track/

{"partner_name":"WooCommerce","event_source":"web","event_source_id":"CSM79Q3C77UAG1T340I0","data":[{"event":"Pageview","event_id":"6785af5e90dd1_tt4b_woocommerce_670666209cf1f","event_time":1736814430,"user":{"ip":"129.226.145.114","user_agent":"Mozilla\/5.0 (Windows NT 6.1; Win64; x64; rv:58.0) Gecko\/20100101 Firefox\/58.0","locale":"ar","external_id":"0","email":"e3b0c44298fc1c149afbf4c8996fb92427ae41e4649b934ca495991b7852b855","phone_number":"e3b0c44298fc1c149afbf4c8996fb92427ae41e4649b934ca495991b7852b855","first_name":"e3b0c44298fc1c149afbf4c8996fb92427ae41e4649b934ca495991b7852b855","last_name":"e3b0c44298fc1c149afbf4c8996fb92427ae41e4649b934ca495991b7852b855","zip_code":"e3b0c44298fc1c149afbf4c8996fb92427ae41e4649b934ca495991b7852b855"},"page":{"url":"http:\/\/ibn-sinaa.com\/xmlrpc.php"}}]}
 ajax: no
2025-01-14T00:27:10+00:00 DEBUG Tt4b_Mapi_Class::mapi_post: Response: 

HTTP/1.1 200 OK
Server: nginx
Content-Type: application/json
Content-Length: 92
X-Tt-Logid: 20250114002710A378B2807864A1A15B5E
x-tt-trace-host: 018e5a586174a888928d793bdac74b79b52a36c08622bbc2ac99357be22beb959a7b86c8c8a9385bc09b9316ec6d721e06e6848d2af6c9aa3251826551869edd27080c85fd8ee5f9d6dc3206b6c0ec60d1b9035dcdc1f368a5d2f75960f842f64bfeb0b3d83ea3150eccc917c81eaa3f4d
x-tt-trace-id: 00-250114002710A378B2807864A1A15B5E-3891992427FBF040-00
X-Origin-Response-Time: 35,23.52.15.143
X-Akamai-Request-ID: 84a16dfc.86e2db4
Expires: Tue, 14 Jan 2025 00:27:10 GMT
Cache-Control: max-age=0, no-cache, no-store
Pragma: no-cache
Date: Tue, 14 Jan 2025 00:27:10 GMT
X-Cache: TCP_MISS from a95-101-134-36.deploy.akamaitechnologies.com (AkamaiGHost/11.7.2.1-9611f29bef89eba7b18045b10aa2af98) (-)
Connection: close
X-Cache-Remote: TCP_MISS from a23-52-15-143.deploy.akamaitechnologies.com (AkamaiGHost/11.8.0-1debf780f7d7c834933fa9689361eec6) (-)
x-tt-trace-tag: id=16;cdn-cache=miss;type=dyn
Server-Timing: cdn-cache; desc=MISS, edge; dur=80, origin; dur=35
Server-Timing: inner; dur=31
X-Parent-Response-Time: 115,95.101.134.36

{"code": 0, "message": "OK", "request_id": "20250114002710A378B2807864A1A15B5E", "data": {}}
2025-01-14T00:27:24+00:00 DEBUG POST: https://business-api.tiktok.com/open_api/v1.3/event/track/

{"partner_name":"WooCommerce","event_source":"web","event_source_id":"CSM79Q3C77UAG1T340I0","data":[{"event":"Pageview","event_id":"6785af6c5f922_tt4b_woocommerce_670666209cf1f","event_time":1736814444,"user":{"ip":"66.249.66.166","user_agent":"Mozilla\/5.0 (Linux; Android 6.0.1; Nexus 5X Build\/MMB29P) AppleWebKit\/537.36 (KHTML, like Gecko) Chrome\/131.0.6778.264 Mobile Safari\/537.36 (compatible; Googlebot\/2.1; +http:\/\/www.google.com\/bot.html)","locale":"ar","external_id":"0","email":"e3b0c44298fc1c149afbf4c8996fb92427ae41e4649b934ca495991b7852b855","phone_number":"e3b0c44298fc1c149afbf4c8996fb92427ae41e4649b934ca495991b7852b855","first_name":"e3b0c44298fc1c149afbf4c8996fb92427ae41e4649b934ca495991b7852b855","last_name":"e3b0c44298fc1c149afbf4c8996fb92427ae41e4649b934ca495991b7852b855","zip_code":"e3b0c44298fc1c149afbf4c8996fb92427ae41e4649b934ca495991b7852b855"},"page":{"url":"http:\/\/www.ibn-sinaa.com\/en\/product-tag\/%D9%88%D8%B1%D9%82-%D8%AE%D8%B7%D8%A7%D8%A8%D8%A7%D8%AA-%D9%85%D9%82%D9%85%D8%B4\/"}}]}
 ajax: no
2025-01-14T00:27:24+00:00 DEBUG Tt4b_Mapi_Class::mapi_post: Response: 

HTTP/1.1 200 OK
Server: nginx
Content-Type: application/json
Content-Length: 92
X-Tt-Logid: 202501140027244E5615673F116B9F1456
x-tt-trace-host: 018e5a586174a888928d793bdac74b79b52a36c08622bbc2ac99357be22beb959af1e9ea0e9cffdcf9d573eba469b69061d2eb16587a1a670e532895eea0941591b62b9cd1fef7221607a2f9ee83296bf7bbf2007ee3ac05171ab70746476a195cb7cb08306c53ba554079adc14654b950
x-tt-trace-id: 00-2501140027244E5615673F116B9F1456-7EBB38766069DEC0-00
X-Origin-Response-Time: 41,23.52.15.133
X-Akamai-Request-ID: 2d2be3be.86ea44d
Expires: Tue, 14 Jan 2025 00:27:24 GMT
Cache-Control: max-age=0, no-cache, no-store
Pragma: no-cache
Date: Tue, 14 Jan 2025 00:27:24 GMT
X-Cache: TCP_MISS from a95-101-134-36.deploy.akamaitechnologies.com (AkamaiGHost/11.7.2.1-9611f29bef89eba7b18045b10aa2af98) (-)
Connection: close
X-Cache-Remote: TCP_MISS from a23-52-15-133.deploy.akamaitechnologies.com (AkamaiGHost/11.7.2.1-9611f29bef89eba7b18045b10aa2af98) (-)
x-tt-trace-tag: id=16;cdn-cache=miss;type=dyn
Server-Timing: cdn-cache; desc=MISS, edge; dur=81, origin; dur=40
Server-Timing: inner; dur=37
X-Parent-Response-Time: 121,95.101.134.36

{"code": 0, "message": "OK", "request_id": "202501140027244E5615673F116B9F1456", "data": {}}
2025-01-14T00:27:25+00:00 DEBUG POST: https://business-api.tiktok.com/open_api/v1.3/event/track/

{"partner_name":"WooCommerce","event_source":"web","event_source_id":"CSM79Q3C77UAG1T340I0","data":[{"event":"Pageview","event_id":"6785af6d6b47d_tt4b_woocommerce_670666209cf1f","event_time":1736814445,"user":{"ip":"129.226.145.114","user_agent":"Mozilla\/5.0 (Windows NT 6.1; Win64; x64; rv:58.0) Gecko\/20100101 Firefox\/58.0","locale":"ar","external_id":"0","email":"e3b0c44298fc1c149afbf4c8996fb92427ae41e4649b934ca495991b7852b855","phone_number":"e3b0c44298fc1c149afbf4c8996fb92427ae41e4649b934ca495991b7852b855","first_name":"e3b0c44298fc1c149afbf4c8996fb92427ae41e4649b934ca495991b7852b855","last_name":"e3b0c44298fc1c149afbf4c8996fb92427ae41e4649b934ca495991b7852b855","zip_code":"e3b0c44298fc1c149afbf4c8996fb92427ae41e4649b934ca495991b7852b855"},"page":{"url":"http:\/\/ibn-sinaa.com\/xmlrpc.php"}}]}
 ajax: no
2025-01-14T00:27:25+00:00 DEBUG Tt4b_Mapi_Class::mapi_post: Response: 

HTTP/1.1 200 OK
Server: nginx
Content-Type: application/json
Content-Length: 92
X-Tt-Logid: 202501140027251FF84D200AA6FCE67305
Server-Timing: inner; dur=37
x-tt-trace-host: 018e5a586174a888928d793bdac74b79b51a437ee89a1c03eb2011d034a2e3e9f5ed66ae7199d90a9c41845c301076b16a914abb21d5077acdcdc3947f84cf2c996a08f863308de5aadf0edc914dc673b3d150f11e4be802f5f40c8acb9e66a2d3
x-tt-trace-id: 00-2501140027251FF84D200AA6FCE67305-244F48E74C27F8BF-00
Expires: Tue, 14 Jan 2025 00:27:25 GMT
Cache-Control: max-age=0, no-cache, no-store
Pragma: no-cache
Date: Tue, 14 Jan 2025 00:27:25 GMT
X-Cache: TCP_MISS from a95-101-134-92.deploy.akamaitechnologies.com (AkamaiGHost/11.7.2.1-9611f29bef89eba7b18045b10aa2af98) (-)
Connection: close
x-tt-trace-tag: id=16;cdn-cache=miss;type=dyn
Server-Timing: cdn-cache; desc=MISS, edge; dur=1, origin; dur=119
X-Origin-Response-Time: 119,95.101.134.92
X-Akamai-Request-ID: f21d830

{"code": 0, "message": "OK", "request_id": "202501140027251FF84D200AA6FCE67305", "data": {}}
2025-01-14T00:27:30+00:00 DEBUG POST: https://business-api.tiktok.com/open_api/v1.3/event/track/

{"partner_name":"WooCommerce","event_source":"web","event_source_id":"CSM79Q3C77UAG1T340I0","data":[{"event":"Pageview","event_id":"6785af72c32d1_tt4b_woocommerce_670666209cf1f","event_time":1736814450,"user":{"ip":"52.185.65.226","user_agent":"Mozilla\/5.0 (Windows NT 6.1; WOW64; rv:17.0) Gecko\/20100101 Firefox\/17.0","locale":"ar","external_id":"0","email":"e3b0c44298fc1c149afbf4c8996fb92427ae41e4649b934ca495991b7852b855","phone_number":"e3b0c44298fc1c149afbf4c8996fb92427ae41e4649b934ca495991b7852b855","first_name":"e3b0c44298fc1c149afbf4c8996fb92427ae41e4649b934ca495991b7852b855","last_name":"e3b0c44298fc1c149afbf4c8996fb92427ae41e4649b934ca495991b7852b855","zip_code":"e3b0c44298fc1c149afbf4c8996fb92427ae41e4649b934ca495991b7852b855"},"page":{"url":"http:\/\/ibn-sinaa.com\/xmlrpc.php"}}]}
 ajax: no
2025-01-14T00:27:30+00:00 DEBUG Tt4b_Mapi_Class::mapi_post: Response: 

HTTP/1.1 200 OK
Server: nginx
Content-Type: application/json
Content-Length: 92
X-Tt-Logid: 20250114002730A8E56EF0FDA8E8513E05
x-tt-trace-host: 018e5a586174a888928d793bdac74b79b52a36c08622bbc2ac99357be22beb959af1e9ea0e9cffdcf9d573eba469b69061837be94f72115b0faaefc207bc45897c750a4316a30561a6add7f832004faff9de93581b1ca5a371cfac74de580f17990d0096b3d50b080ec60793b34a7c8393
x-tt-trace-id: 00-250114002730A8E56EF0FDA8E8513E05-3E6C0BDC489D8BAE-00
X-Origin-Response-Time: 35,23.52.15.133
X-Akamai-Request-ID: 2d2d67c0.86ed9cc
Expires: Tue, 14 Jan 2025 00:27:30 GMT
Cache-Control: max-age=0, no-cache, no-store
Pragma: no-cache
Date: Tue, 14 Jan 2025 00:27:30 GMT
X-Cache: TCP_MISS from a95-101-134-36.deploy.akamaitechnologies.com (AkamaiGHost/11.7.2.1-9611f29bef89eba7b18045b10aa2af98) (-)
Connection: close
X-Cache-Remote: TCP_MISS from a23-52-15-133.deploy.akamaitechnologies.com (AkamaiGHost/11.7.2.1-9611f29bef89eba7b18045b10aa2af98) (-)
x-tt-trace-tag: id=16;cdn-cache=miss;type=dyn
Server-Timing: cdn-cache; desc=MISS, edge; dur=81, origin; dur=35
Server-Timing: inner; dur=31
X-Parent-Response-Time: 116,95.101.134.36

{"code": 0, "message": "OK", "request_id": "20250114002730A8E56EF0FDA8E8513E05", "data": {}}
2025-01-14T00:27:33+00:00 DEBUG POST: https://business-api.tiktok.com/open_api/v1.3/event/track/

{"partner_name":"WooCommerce","event_source":"web","event_source_id":"CSM79Q3C77UAG1T340I0","data":[{"event":"Pageview","event_id":"6785af7548372_tt4b_woocommerce_670666209cf1f","event_time":1736814453,"user":{"ip":"80.64.30.32","user_agent":"Mozilla\/5.0 (Macintosh; Intel Mac OS X 10_15_7) AppleWebKit\/537.36 (KHTML, like Gecko) Chrome\/128.0.0.0 Safari\/537.36","locale":"ar","external_id":"0","email":"e3b0c44298fc1c149afbf4c8996fb92427ae41e4649b934ca495991b7852b855","phone_number":"e3b0c44298fc1c149afbf4c8996fb92427ae41e4649b934ca495991b7852b855","first_name":"e3b0c44298fc1c149afbf4c8996fb92427ae41e4649b934ca495991b7852b855","last_name":"e3b0c44298fc1c149afbf4c8996fb92427ae41e4649b934ca495991b7852b855","zip_code":"e3b0c44298fc1c149afbf4c8996fb92427ae41e4649b934ca495991b7852b855"},"page":{"url":"http:\/\/ibn-sinaa.com\/-\/-\/-\/-\/-\/-\/-\/-\/-\/-\/","referrer":"http:\/\/ibn-sinaa.com\/wp-login.php"}}]}
 ajax: no
2025-01-14T00:27:33+00:00 DEBUG Tt4b_Mapi_Class::mapi_post: Response: 

HTTP/1.1 200 OK
Server: nginx
Content-Type: application/json
Content-Length: 92
X-Tt-Logid: 20250114002733159CC085EFD3658B22FE
Server-Timing: inner; dur=32
x-tt-trace-host: 018e5a586174a888928d793bdac74b79b5ad707aeae3c73e258680035dfad0d1c01cec338b54e2ff240770620b476630a81a6591c5fe38ed8de3951646333746227e26a53f570b02fb49bca40367a63226ac6343b636fc54aa131fbd97bb23d04e
x-tt-trace-id: 00-250114002733159CC085EFD3658B22FE-1E034CD9615770B3-00
Expires: Tue, 14 Jan 2025 00:27:33 GMT
Cache-Control: max-age=0, no-cache, no-store
Pragma: no-cache
Date: Tue, 14 Jan 2025 00:27:33 GMT
X-Cache: TCP_MISS from a95-101-134-36.deploy.akamaitechnologies.com (AkamaiGHost/11.7.2.1-9611f29bef89eba7b18045b10aa2af98) (-)
Connection: close
x-tt-trace-tag: id=16;cdn-cache=miss;type=dyn
Server-Timing: cdn-cache; desc=MISS, edge; dur=0, origin; dur=113
X-Origin-Response-Time: 113,95.101.134.36
X-Akamai-Request-ID: 86ef08a

{"code": 0, "message": "OK", "request_id": "20250114002733159CC085EFD3658B22FE", "data": {}}
2025-01-14T00:27:34+00:00 DEBUG POST: https://business-api.tiktok.com/open_api/v1.3/event/track/

{"partner_name":"WooCommerce","event_source":"web","event_source_id":"CSM79Q3C77UAG1T340I0","data":[{"event":"Pageview","event_id":"6785af769c7da_tt4b_woocommerce_670666209cf1f","event_time":1736814454,"user":{"ip":"66.249.66.166","user_agent":"Mozilla\/5.0 (Linux; Android 6.0.1; Nexus 5X Build\/MMB29P) AppleWebKit\/537.36 (KHTML, like Gecko) Chrome\/131.0.6778.264 Mobile Safari\/537.36 (compatible; Googlebot\/2.1; +http:\/\/www.google.com\/bot.html)","locale":"ar","external_id":"0","email":"e3b0c44298fc1c149afbf4c8996fb92427ae41e4649b934ca495991b7852b855","phone_number":"e3b0c44298fc1c149afbf4c8996fb92427ae41e4649b934ca495991b7852b855","first_name":"e3b0c44298fc1c149afbf4c8996fb92427ae41e4649b934ca495991b7852b855","last_name":"e3b0c44298fc1c149afbf4c8996fb92427ae41e4649b934ca495991b7852b855","zip_code":"e3b0c44298fc1c149afbf4c8996fb92427ae41e4649b934ca495991b7852b855"},"page":{"url":"http:\/\/www.ibn-sinaa.com\/product\/straight-pop-up\/"}}]}
 ajax: no
2025-01-14T00:27:34+00:00 DEBUG Tt4b_Mapi_Class::mapi_post: Response: 

HTTP/1.1 200 OK
Server: nginx
Content-Type: application/json
Content-Length: 92
X-Tt-Logid: 20250114002734BFD521382A76DDC5C7AC
x-tt-trace-host: 018e5a586174a888928d793bdac74b79b52a36c08622bbc2ac99357be22beb959a7b86c8c8a9385bc09b9316ec6d721e06cd5654048456d1403f67464cfdbfefb70391641369355b4d0413b9b17b0785f7b8e13f2fa4b1f140491f8ece05429e01ea4c690dc9dc04ded2e316bb101e792c
x-tt-trace-id: 00-250114002734BFD521382A76DDC5C7AC-2AC4E4AC37012D42-00
X-Origin-Response-Time: 31,23.52.15.143
X-Akamai-Request-ID: 84a7746a.86efcaa
Expires: Tue, 14 Jan 2025 00:27:34 GMT
Cache-Control: max-age=0, no-cache, no-store
Pragma: no-cache
Date: Tue, 14 Jan 2025 00:27:34 GMT
X-Cache: TCP_MISS from a95-101-134-36.deploy.akamaitechnologies.com (AkamaiGHost/11.7.2.1-9611f29bef89eba7b18045b10aa2af98) (-)
Connection: close
X-Cache-Remote: TCP_MISS from a23-52-15-143.deploy.akamaitechnologies.com (AkamaiGHost/11.8.0-1debf780f7d7c834933fa9689361eec6) (-)
x-tt-trace-tag: id=16;cdn-cache=miss;type=dyn
Server-Timing: cdn-cache; desc=MISS, edge; dur=81, origin; dur=31
Server-Timing: inner; dur=22
X-Parent-Response-Time: 112,95.101.134.36

{"code": 0, "message": "OK", "request_id": "20250114002734BFD521382A76DDC5C7AC", "data": {}}
2025-01-14T00:27:34+00:00 DEBUG Tt4b_Pixel_Class::inject_view_content_event: hit ViewContent
2025-01-14T00:27:34+00:00 DEBUG POST: https://business-api.tiktok.com/open_api/v1.3/event/track/

{"partner_name":"WooCommerce","event_source":"web","event_source_id":"CSM79Q3C77UAG1T340I0","data":[{"event":"ViewContent","event_id":"6785af76d7416_tt4b_woocommerce_670666209cf1f_4346","event_time":1736814454,"user":{"ip":"66.249.66.166","user_agent":"Mozilla\/5.0 (Linux; Android 6.0.1; Nexus 5X Build\/MMB29P) AppleWebKit\/537.36 (KHTML, like Gecko) Chrome\/131.0.6778.264 Mobile Safari\/537.36 (compatible; Googlebot\/2.1; +http:\/\/www.google.com\/bot.html)","locale":"ar","external_id":"0","email":"e3b0c44298fc1c149afbf4c8996fb92427ae41e4649b934ca495991b7852b855","phone_number":"e3b0c44298fc1c149afbf4c8996fb92427ae41e4649b934ca495991b7852b855","first_name":"e3b0c44298fc1c149afbf4c8996fb92427ae41e4649b934ca495991b7852b855","last_name":"e3b0c44298fc1c149afbf4c8996fb92427ae41e4649b934ca495991b7852b855","zip_code":"e3b0c44298fc1c149afbf4c8996fb92427ae41e4649b934ca495991b7852b855"},"properties":{"contents":[{"price":1800,"quantity":1,"content_id":"4346","content_name":"\u0628\u0648\u0628 \u0627\u0628 \u0645\u0633\u062a\u0642\u064a\u0645","description":"\u0628\u0648\u0628 \u0627\u0628 \u0645\u0633\u062a\u0642\u064a\u0645 - \u0639\u0631\u0636 \u0627\u062d\u062a\u0631\u0627\u0641\u064a \u0648\u062c\u0630\u0627\u0628\r\n\r\n\u0627\u062d\u0635\u0644 \u0639\u0644\u0649 \u0628\u0648\u0628 \u0627\u0628 \u0645\u0633\u062a\u0642\u064a\u0645 \u0645\u0646 \u0645\u062a\u062c\u0631 \u0627\u0628\u0646 \u0633\u064a\u0646\u0627 \u0627\u0644\u0625\u0644\u0643\u062a\u0631\u0648\u0646\u064a. \u064a\u062a\u0645\u064a\u0632 \u0628\u062a\u0635\u0645\u064a\u0645 \u0627\u062d\u062a\u0631\u0627\u0641\u064a \u0648\u062c\u0648\u062f\u0629 \u0639\u0627\u0644\u064a\u0629\u060c \u0645\u062b\u0627\u0644\u064a \u0644\u0644\u0645\u0639\u0627\u0631\u0636 \u0648\u0627\u0644\u0641\u0639\u0627\u0644\u064a\u0627\u062a \u0627\u0644\u062a\u0631\u0648\u064a\u062c\u064a\u0629. \u064a\u0648\u0641\u0631 \u0645\u0633\u0627\u062d\u0629 \u0639\u0631\u0636 \u0648\u0627\u0633\u0639\u0629 \u0644\u0639\u0631\u0636 \u0645\u0646\u062a\u062c\u0627\u062a\u0643 \u0623\u0648 \u0645\u0648\u0627\u062f\u0643 \u0627\u0644\u0625\u0639\u0644\u0627\u0646\u064a\u0629 \u0628\u0634\u0643\u0644 \u0645\u0646\u0638\u0645 \u0648\u062c\u0630\u0627\u0628.","availability":"IN_STOCK","sale_price":1800,"on_sale":false}],"content_type":"product","currency":"SAR","value":1800,"event_trigger_source":"WooCommerce"},"page":{"url":"http:\/\/www.ibn-sinaa.com\/product\/straight-pop-up\/"}}]}
 ajax: no
2025-01-14T00:27:35+00:00 DEBUG Tt4b_Mapi_Class::mapi_post: Response: 

HTTP/1.1 200 OK
Server: nginx
Content-Type: application/json
Content-Length: 92
X-Tt-Logid: 2025011400273434C1A1A7B4C87FF1BC6A
x-tt-trace-host: 018e5a586174a888928d793bdac74b79b52a36c08622bbc2ac99357be22beb959a9c521693bef4e628d7a97da6ac9666fb84208702f5da4fda5bbe846d1ebab842dde8a5e9a728517d76b418672fc765bd4652df8c1e878081c54f850dae10375b195482d3b5a9e304e3757e006e2a90bc
x-tt-trace-id: 00-25011400273434C1A1A7B4C87FF1BC6A-4016E133376D4F39-00
X-Origin-Response-Time: 32,23.54.205.233
X-Akamai-Request-ID: c7230da.86efe5e
Expires: Tue, 14 Jan 2025 00:27:35 GMT
Cache-Control: max-age=0, no-cache, no-store
Pragma: no-cache
Date: Tue, 14 Jan 2025 00:27:35 GMT
X-Cache: TCP_MISS from a95-101-134-36.deploy.akamaitechnologies.com (AkamaiGHost/11.7.2.1-9611f29bef89eba7b18045b10aa2af98) (-)
Connection: close
X-Cache-Remote: TCP_MISS from a23-54-205-233.deploy.akamaitechnologies.com (AkamaiGHost/11.8.0-1debf780f7d7c834933fa9689361eec6) (-)
x-tt-trace-tag: id=16;cdn-cache=miss;type=dyn
Server-Timing: cdn-cache; desc=MISS, edge; dur=80, origin; dur=32
Server-Timing: inner; dur=28
X-Parent-Response-Time: 112,95.101.134.36

{"code": 0, "message": "OK", "request_id": "2025011400273434C1A1A7B4C87FF1BC6A", "data": {}}
2025-01-14T00:27:36+00:00 DEBUG POST: https://business-api.tiktok.com/open_api/v1.3/event/track/

{"partner_name":"WooCommerce","event_source":"web","event_source_id":"CSM79Q3C77UAG1T340I0","data":[{"event":"Pageview","event_id":"6785af7864306_tt4b_woocommerce_670666209cf1f","event_time":1736814456,"user":{"ip":"52.185.65.226","user_agent":"Mozilla\/5.0 (Windows NT 6.1; WOW64; rv:17.0) Gecko\/20100101 Firefox\/17.0","locale":"ar","external_id":"0","email":"e3b0c44298fc1c149afbf4c8996fb92427ae41e4649b934ca495991b7852b855","phone_number":"e3b0c44298fc1c149afbf4c8996fb92427ae41e4649b934ca495991b7852b855","first_name":"e3b0c44298fc1c149afbf4c8996fb92427ae41e4649b934ca495991b7852b855","last_name":"e3b0c44298fc1c149afbf4c8996fb92427ae41e4649b934ca495991b7852b855","zip_code":"e3b0c44298fc1c149afbf4c8996fb92427ae41e4649b934ca495991b7852b855"},"page":{"url":"http:\/\/ibn-sinaa.com\/xmlrpc.php"}}]}
 ajax: no
2025-01-14T00:27:36+00:00 DEBUG Tt4b_Mapi_Class::mapi_post: Response: 

HTTP/1.1 200 OK
Server: nginx
Content-Type: application/json
Content-Length: 92
X-Tt-Logid: 20250114002736B42FF21BB4416DE4772C
Server-Timing: inner; dur=26
x-tt-trace-host: 018e5a586174a888928d793bdac74b79b51a437ee89a1c03eb2011d034a2e3e9f5d0233163b2e7e86c3627304892dbf5284858c6ea302dfb8ff5f1162f9bae5106502251ad7ce3bd8bd7495aeb4b1c9c0c43833d57dc239908c3217b6ef5be45a6
x-tt-trace-id: 00-250114002736B42FF21BB4416DE4772C-6FC2958D473037BE-00
Expires: Tue, 14 Jan 2025 00:27:36 GMT
Cache-Control: max-age=0, no-cache, no-store
Pragma: no-cache
Date: Tue, 14 Jan 2025 00:27:36 GMT
X-Cache: TCP_MISS from a95-101-134-92.deploy.akamaitechnologies.com (AkamaiGHost/11.7.2.1-9611f29bef89eba7b18045b10aa2af98) (-)
Connection: close
x-tt-trace-tag: id=16;cdn-cache=miss;type=dyn
Server-Timing: cdn-cache; desc=MISS, edge; dur=1, origin; dur=106
X-Origin-Response-Time: 106,95.101.134.92
X-Akamai-Request-ID: f226184

{"code": 0, "message": "OK", "request_id": "20250114002736B42FF21BB4416DE4772C", "data": {}}
2025-01-14T00:27:45+00:00 DEBUG POST: https://business-api.tiktok.com/open_api/v1.3/event/track/

{"partner_name":"WooCommerce","event_source":"web","event_source_id":"CSM79Q3C77UAG1T340I0","data":[{"event":"Pageview","event_id":"6785af8119010_tt4b_woocommerce_670666209cf1f","event_time":1736814465,"user":{"ip":"52.185.65.226","user_agent":"Mozilla\/5.0 (Windows NT 6.1; WOW64; rv:17.0) Gecko\/20100101 Firefox\/17.0","locale":"ar","external_id":"0","email":"e3b0c44298fc1c149afbf4c8996fb92427ae41e4649b934ca495991b7852b855","phone_number":"e3b0c44298fc1c149afbf4c8996fb92427ae41e4649b934ca495991b7852b855","first_name":"e3b0c44298fc1c149afbf4c8996fb92427ae41e4649b934ca495991b7852b855","last_name":"e3b0c44298fc1c149afbf4c8996fb92427ae41e4649b934ca495991b7852b855","zip_code":"e3b0c44298fc1c149afbf4c8996fb92427ae41e4649b934ca495991b7852b855"},"page":{"url":"http:\/\/ibn-sinaa.com\/xmlrpc.php"}}]}
 ajax: no
2025-01-14T00:27:45+00:00 DEBUG Tt4b_Mapi_Class::mapi_post: Response: 

HTTP/1.1 200 OK
Server: nginx
Content-Type: application/json
Content-Length: 92
X-Tt-Logid: 2025011400274522123DEA0762C4A45C6C
x-tt-trace-host: 018e5a586174a888928d793bdac74b79b52a36c08622bbc2ac99357be22beb959a59dd1cb72f86ab41c8c4ff1aa487888872d39b78feb3101cde43e672c0ef05f112724d64923e2edb53135a29e9e0746c550ad2e216e8fa2352ea018c65eba5331cd32515782f6e29f3cd2de4c24fb3db
x-tt-trace-id: 00-25011400274522123DEA0762C4A45C6C-32667E2477322C7A-00
X-Origin-Response-Time: 27,23.207.199.10
X-Akamai-Request-ID: 4901698.86f5b83
Expires: Tue, 14 Jan 2025 00:27:45 GMT
Cache-Control: max-age=0, no-cache, no-store
Pragma: no-cache
Date: Tue, 14 Jan 2025 00:27:45 GMT
X-Cache: TCP_MISS from a95-101-134-36.deploy.akamaitechnologies.com (AkamaiGHost/11.7.2.1-9611f29bef89eba7b18045b10aa2af98) (-)
Connection: close
X-Cache-Remote: TCP_MISS from a23-207-199-10.deploy.akamaitechnologies.com (AkamaiGHost/11.7.2.1-9611f29bef89eba7b18045b10aa2af98) (-)
x-tt-trace-tag: id=16;cdn-cache=miss;type=dyn
Server-Timing: cdn-cache; desc=MISS, edge; dur=85, origin; dur=27
Server-Timing: inner; dur=23
X-Parent-Response-Time: 112,95.101.134.36

{"code": 0, "message": "OK", "request_id": "2025011400274522123DEA0762C4A45C6C", "data": {}}
2025-01-14T00:27:47+00:00 DEBUG POST: https://business-api.tiktok.com/open_api/v1.3/event/track/

{"partner_name":"WooCommerce","event_source":"web","event_source_id":"CSM79Q3C77UAG1T340I0","data":[{"event":"Pageview","event_id":"6785af8392fb9_tt4b_woocommerce_670666209cf1f","event_time":1736814467,"user":{"ip":"179.188.54.100","user_agent":"Mozilla\/5.0 (Windows NT 10.0; WOW64) AppleWebKit\/537.36 (KHTML, like Gecko) Chrome\/91.0.4472.114 Safari\/537.36","locale":"ar","external_id":"0","email":"e3b0c44298fc1c149afbf4c8996fb92427ae41e4649b934ca495991b7852b855","phone_number":"e3b0c44298fc1c149afbf4c8996fb92427ae41e4649b934ca495991b7852b855","first_name":"e3b0c44298fc1c149afbf4c8996fb92427ae41e4649b934ca495991b7852b855","last_name":"e3b0c44298fc1c149afbf4c8996fb92427ae41e4649b934ca495991b7852b855","zip_code":"e3b0c44298fc1c149afbf4c8996fb92427ae41e4649b934ca495991b7852b855"},"page":{"url":"http:\/\/ibn-sinaa.com\/xmlrpc.php"}}]}
 ajax: no
2025-01-14T00:27:47+00:00 DEBUG Tt4b_Mapi_Class::mapi_post: Response: 

HTTP/1.1 200 OK
Server: nginx
Content-Type: application/json
Content-Length: 92
X-Tt-Logid: 20250114002747A43233AA9B580DB07D94
Server-Timing: inner; dur=20
x-tt-trace-host: 018e5a586174a888928d793bdac74b79b51a437ee89a1c03eb2011d034a2e3e9f5abb769086d21c255e2466c66ee29f98134a729fc4b3318940f3c79be06b66b2b5881811189ca1f859d456e5076a62378366a0972428bafe10dde48a091788903
x-tt-trace-id: 00-250114002747A43233AA9B580DB07D94-466DF06A75272B00-00
Expires: Tue, 14 Jan 2025 00:27:47 GMT
Cache-Control: max-age=0, no-cache, no-store
Pragma: no-cache
Date: Tue, 14 Jan 2025 00:27:47 GMT
X-Cache: TCP_MISS from a95-101-134-92.deploy.akamaitechnologies.com (AkamaiGHost/11.7.2.1-9611f29bef89eba7b18045b10aa2af98) (-)
Connection: close
x-tt-trace-tag: id=16;cdn-cache=miss;type=dyn
Server-Timing: cdn-cache; desc=MISS, edge; dur=2, origin; dur=103
X-Origin-Response-Time: 104,95.101.134.92
X-Akamai-Request-ID: f22edcd

{"code": 0, "message": "OK", "request_id": "20250114002747A43233AA9B580DB07D94", "data": {}}
2025-01-14T00:27:53+00:00 DEBUG POST: https://business-api.tiktok.com/open_api/v1.3/event/track/

{"partner_name":"WooCommerce","event_source":"web","event_source_id":"CSM79Q3C77UAG1T340I0","data":[{"event":"Pageview","event_id":"6785af89e2374_tt4b_woocommerce_670666209cf1f","event_time":1736814473,"user":{"ip":"179.188.54.100","user_agent":"Mozilla\/5.0 (Windows NT 10.0; WOW64) AppleWebKit\/537.36 (KHTML, like Gecko) Chrome\/91.0.4472.114 Safari\/537.36","locale":"ar","external_id":"0","email":"e3b0c44298fc1c149afbf4c8996fb92427ae41e4649b934ca495991b7852b855","phone_number":"e3b0c44298fc1c149afbf4c8996fb92427ae41e4649b934ca495991b7852b855","first_name":"e3b0c44298fc1c149afbf4c8996fb92427ae41e4649b934ca495991b7852b855","last_name":"e3b0c44298fc1c149afbf4c8996fb92427ae41e4649b934ca495991b7852b855","zip_code":"e3b0c44298fc1c149afbf4c8996fb92427ae41e4649b934ca495991b7852b855"},"page":{"url":"http:\/\/ibn-sinaa.com\/xmlrpc.php"}}]}
 ajax: no
2025-01-14T00:27:54+00:00 DEBUG Tt4b_Mapi_Class::mapi_post: Response: 

HTTP/1.1 200 OK
Server: nginx
Content-Type: application/json
Content-Length: 92
X-Tt-Logid: 2025011400275416B945B3400612A10A77
Server-Timing: inner; dur=34
x-tt-trace-host: 018e5a586174a888928d793bdac74b79b51a437ee89a1c03eb2011d034a2e3e9f57e1523c25766d8ebc6f1f43c184bef0de79a49e9386f7c971e50567669e97469c63946a538dca775f02dd34234271416b949a5777528d1e9f7f2a46b18b8d0a0
x-tt-trace-id: 00-25011400275416B945B3400612A10A77-09E94D918CE7D562-00
Expires: Tue, 14 Jan 2025 00:27:54 GMT
Cache-Control: max-age=0, no-cache, no-store
Pragma: no-cache
Date: Tue, 14 Jan 2025 00:27:54 GMT
X-Cache: TCP_MISS from a95-101-134-92.deploy.akamaitechnologies.com (AkamaiGHost/11.7.2.1-9611f29bef89eba7b18045b10aa2af98) (-)
Connection: close
x-tt-trace-tag: id=16;cdn-cache=miss;type=dyn
Server-Timing: cdn-cache; desc=MISS, edge; dur=1, origin; dur=118
X-Origin-Response-Time: 118,95.101.134.92
X-Akamai-Request-ID: f233d62

{"code": 0, "message": "OK", "request_id": "2025011400275416B945B3400612A10A77", "data": {}}
2025-01-14T00:28:00+00:00 DEBUG POST: https://business-api.tiktok.com/open_api/v1.3/event/track/

{"partner_name":"WooCommerce","event_source":"web","event_source_id":"CSM79Q3C77UAG1T340I0","data":[{"event":"Pageview","event_id":"6785af90404b6_tt4b_woocommerce_670666209cf1f","event_time":1736814480,"user":{"ip":"179.188.54.100","user_agent":"Mozilla\/5.0 (Windows NT 10.0; WOW64) AppleWebKit\/537.36 (KHTML, like Gecko) Chrome\/91.0.4472.114 Safari\/537.36","locale":"ar","external_id":"0","email":"e3b0c44298fc1c149afbf4c8996fb92427ae41e4649b934ca495991b7852b855","phone_number":"e3b0c44298fc1c149afbf4c8996fb92427ae41e4649b934ca495991b7852b855","first_name":"e3b0c44298fc1c149afbf4c8996fb92427ae41e4649b934ca495991b7852b855","last_name":"e3b0c44298fc1c149afbf4c8996fb92427ae41e4649b934ca495991b7852b855","zip_code":"e3b0c44298fc1c149afbf4c8996fb92427ae41e4649b934ca495991b7852b855"},"page":{"url":"http:\/\/ibn-sinaa.com\/xmlrpc.php"}}]}
 ajax: no
2025-01-14T00:28:00+00:00 DEBUG Tt4b_Mapi_Class::mapi_post: Response: 

HTTP/1.1 200 OK
Server: nginx
Content-Type: application/json
Content-Length: 92
X-Tt-Logid: 20250114002800F5A8BDBE12779B248747
x-tt-trace-host: 018e5a586174a888928d793bdac74b79b52a36c08622bbc2ac99357be22beb959a568264153cb40b109d2d63d8723f6ed2d07fbc0b8386f26126bb3aac183f91c34363d53764e95e7d476042ce4dc2b14a31717483953f5c454abc40bebc69e696234e53fbce2537fd333df9b0a77238bc
x-tt-trace-id: 00-250114002800F5A8BDBE12779B248747-7EBB38765F811601-00
X-Origin-Response-Time: 33,23.218.219.4
X-Akamai-Request-ID: 2968c1e.86fe777
Expires: Tue, 14 Jan 2025 00:28:00 GMT
Cache-Control: max-age=0, no-cache, no-store
Pragma: no-cache
Date: Tue, 14 Jan 2025 00:28:00 GMT
X-Cache: TCP_MISS from a95-101-134-36.deploy.akamaitechnologies.com (AkamaiGHost/11.7.2.1-9611f29bef89eba7b18045b10aa2af98) (-)
Connection: close
X-Cache-Remote: TCP_MISS from a23-218-219-4.deploy.akamaitechnologies.com (AkamaiGHost/11.7.2.1-9611f29bef89eba7b18045b10aa2af98) (-)
x-tt-trace-tag: id=16;cdn-cache=miss;type=dyn
Server-Timing: cdn-cache; desc=MISS, edge; dur=85, origin; dur=33
Server-Timing: inner; dur=29
X-Parent-Response-Time: 116,95.101.134.36

{"code": 0, "message": "OK", "request_id": "20250114002800F5A8BDBE12779B248747", "data": {}}
2025-01-14T00:28:01+00:00 DEBUG POST: https://business-api.tiktok.com/open_api/v1.3/event/track/

{"partner_name":"WooCommerce","event_source":"web","event_source_id":"CSM79Q3C77UAG1T340I0","data":[{"event":"Pageview","event_id":"6785af91381f6_tt4b_woocommerce_670666209cf1f","event_time":1736814481,"user":{"ip":"35.74.36.200","user_agent":"Mozilla\/5.0 (X11; Linux x86_64) AppleWebKit\/537.36 (KHTML, like Gecko) Chrome\/44.0.2403.157 Safari\/537.36","locale":"ar","external_id":"0","email":"e3b0c44298fc1c149afbf4c8996fb92427ae41e4649b934ca495991b7852b855","phone_number":"e3b0c44298fc1c149afbf4c8996fb92427ae41e4649b934ca495991b7852b855","first_name":"e3b0c44298fc1c149afbf4c8996fb92427ae41e4649b934ca495991b7852b855","last_name":"e3b0c44298fc1c149afbf4c8996fb92427ae41e4649b934ca495991b7852b855","zip_code":"e3b0c44298fc1c149afbf4c8996fb92427ae41e4649b934ca495991b7852b855"},"page":{"url":"http:\/\/ibn-sinaa.com\/xmlrpc.php"}}]}
 ajax: no
2025-01-14T00:28:01+00:00 DEBUG Tt4b_Mapi_Class::mapi_post: Response: 

HTTP/1.1 200 OK
Server: nginx
Content-Type: application/json
Content-Length: 92
X-Tt-Logid: 20250114002801BC5A2610BC26C2A71EBC
x-tt-trace-host: 018e5a586174a888928d793bdac74b79b52a36c08622bbc2ac99357be22beb959ad16fbea461b858a34829f628a8c4642059e083a8efdbbe57e485cf8a9622d6fa9c194cebcaa3614b611828a310e3f7ddf1322ea401509e82a3ab3ccdd9a9a331a7c16d8b443100f3383c927acd4e9ebc
x-tt-trace-id: 00-250114002801BC5A2610BC26C2A71EBC-3891992427FC1D0D-00
X-Origin-Response-Time: 34,23.218.219.63
X-Akamai-Request-ID: c08b506.86ff00b
Expires: Tue, 14 Jan 2025 00:28:01 GMT
Cache-Control: max-age=0, no-cache, no-store
Pragma: no-cache
Date: Tue, 14 Jan 2025 00:28:01 GMT
X-Cache: TCP_MISS from a95-101-134-36.deploy.akamaitechnologies.com (AkamaiGHost/11.7.2.1-9611f29bef89eba7b18045b10aa2af98) (-)
Connection: close
X-Cache-Remote: TCP_MISS from a23-218-219-63.deploy.akamaitechnologies.com (AkamaiGHost/11.8.0-1debf780f7d7c834933fa9689361eec6) (-)
x-tt-trace-tag: id=16;cdn-cache=miss;type=dyn
Server-Timing: cdn-cache; desc=MISS, edge; dur=81, origin; dur=33
Server-Timing: inner; dur=30
X-Parent-Response-Time: 114,95.101.134.36

{"code": 0, "message": "OK", "request_id": "20250114002801BC5A2610BC26C2A71EBC", "data": {}}
2025-01-14T00:28:08+00:00 DEBUG POST: https://business-api.tiktok.com/open_api/v1.3/event/track/

{"partner_name":"WooCommerce","event_source":"web","event_source_id":"CSM79Q3C77UAG1T340I0","data":[{"event":"Pageview","event_id":"6785af98d9365_tt4b_woocommerce_670666209cf1f","event_time":1736814488,"user":{"ip":"35.74.36.200","user_agent":"Mozilla\/5.0 (X11; Linux x86_64) AppleWebKit\/537.36 (KHTML, like Gecko) Chrome\/44.0.2403.157 Safari\/537.36","locale":"ar","external_id":"0","email":"e3b0c44298fc1c149afbf4c8996fb92427ae41e4649b934ca495991b7852b855","phone_number":"e3b0c44298fc1c149afbf4c8996fb92427ae41e4649b934ca495991b7852b855","first_name":"e3b0c44298fc1c149afbf4c8996fb92427ae41e4649b934ca495991b7852b855","last_name":"e3b0c44298fc1c149afbf4c8996fb92427ae41e4649b934ca495991b7852b855","zip_code":"e3b0c44298fc1c149afbf4c8996fb92427ae41e4649b934ca495991b7852b855"},"page":{"url":"http:\/\/ibn-sinaa.com\/xmlrpc.php"}}]}
 ajax: no
2025-01-14T00:28:09+00:00 DEBUG Tt4b_Mapi_Class::mapi_post: Response: 

HTTP/1.1 200 OK
Server: nginx
Content-Type: application/json
Content-Length: 92
X-Tt-Logid: 202501140028097AF78DD5762400B4F7B6
x-tt-trace-host: 018e5a586174a888928d793bdac74b79b56517d7628cf0ffdff56b078ad2cf56157c300d23b0cb2f769a595a158b8fb09e472c69cfdcb9da7cdf32ceecdfd90d986da3c9920ea4450e6bdbe5129468434e5699b76e102fb443523d182949c792c1556aefc56acd753d0ca60829d9ac9376
x-tt-trace-id: 00-2501140028097AF78DD5762400B4F7B6-56D732B27CB6E1C9-00
X-Origin-Response-Time: 34,23.213.246.203
X-Akamai-Request-ID: 73f39f8d.f240379
Expires: Tue, 14 Jan 2025 00:28:09 GMT
Cache-Control: max-age=0, no-cache, no-store
Pragma: no-cache
Date: Tue, 14 Jan 2025 00:28:09 GMT
X-Cache: TCP_MISS from a95-101-134-92.deploy.akamaitechnologies.com (AkamaiGHost/11.7.2.1-9611f29bef89eba7b18045b10aa2af98) (-)
Connection: close
X-Cache-Remote: TCP_MISS from a23-213-246-203.deploy.akamaitechnologies.com (AkamaiGHost/11.7.2.1-9611f29bef89eba7b18045b10aa2af98) (-)
x-tt-trace-tag: id=16;cdn-cache=miss;type=dyn
Server-Timing: cdn-cache; desc=MISS, edge; dur=87, origin; dur=34
Server-Timing: inner; dur=30
X-Parent-Response-Time: 121,95.101.134.92

{"code": 0, "message": "OK", "request_id": "202501140028097AF78DD5762400B4F7B6", "data": {}}
2025-01-14T00:28:10+00:00 DEBUG POST: https://business-api.tiktok.com/open_api/v1.3/event/track/

{"partner_name":"WooCommerce","event_source":"web","event_source_id":"CSM79Q3C77UAG1T340I0","data":[{"event":"Pageview","event_id":"6785af9a12c5b_tt4b_woocommerce_670666209cf1f","event_time":1736814490,"user":{"ip":"132.148.126.17","user_agent":"Mozilla\/5.0 (Windows NT 10.0; Win64; x64; rv:78.0) Gecko\/20100101 Firefox\/78.0","locale":"ar","external_id":"0","email":"e3b0c44298fc1c149afbf4c8996fb92427ae41e4649b934ca495991b7852b855","phone_number":"e3b0c44298fc1c149afbf4c8996fb92427ae41e4649b934ca495991b7852b855","first_name":"e3b0c44298fc1c149afbf4c8996fb92427ae41e4649b934ca495991b7852b855","last_name":"e3b0c44298fc1c149afbf4c8996fb92427ae41e4649b934ca495991b7852b855","zip_code":"e3b0c44298fc1c149afbf4c8996fb92427ae41e4649b934ca495991b7852b855"},"page":{"url":"http:\/\/ibn-sinaa.com\/xmlrpc.php"}}]}
 ajax: no
2025-01-14T00:28:10+00:00 DEBUG Tt4b_Mapi_Class::mapi_post: Response: 

HTTP/1.1 200 OK
Server: nginx
Content-Type: application/json
Content-Length: 92
X-Tt-Logid: 20250114002810ADD3E7F0C94EE1C45C27
Server-Timing: inner; dur=46
x-tt-trace-host: 018e5a586174a888928d793bdac74b79b51a437ee89a1c03eb2011d034a2e3e9f5e90b7042ab7ff969b1fac78086ec03f638636d095b23e6ce8f5775947b572959fb4453d3180caae71fa6928f28ef20f6f1f0590675894c2a0383a894b51604e2
x-tt-trace-id: 00-250114002810ADD3E7F0C94EE1C45C27-0F14FF0A7ACFDA69-00
Expires: Tue, 14 Jan 2025 00:28:10 GMT
Cache-Control: max-age=0, no-cache, no-store
Pragma: no-cache
Date: Tue, 14 Jan 2025 00:28:10 GMT
X-Cache: TCP_MISS from a95-101-134-92.deploy.akamaitechnologies.com (AkamaiGHost/11.7.2.1-9611f29bef89eba7b18045b10aa2af98) (-)
Connection: close
x-tt-trace-tag: id=16;cdn-cache=miss;type=dyn
Server-Timing: cdn-cache; desc=MISS, edge; dur=1, origin; dur=126
X-Origin-Response-Time: 127,95.101.134.92
X-Akamai-Request-ID: f2412d8

{"code": 0, "message": "OK", "request_id": "20250114002810ADD3E7F0C94EE1C45C27", "data": {}}
2025-01-14T00:28:15+00:00 DEBUG POST: https://business-api.tiktok.com/open_api/v1.3/event/track/

{"partner_name":"WooCommerce","event_source":"web","event_source_id":"CSM79Q3C77UAG1T340I0","data":[{"event":"Pageview","event_id":"6785af9fd7356_tt4b_woocommerce_670666209cf1f","event_time":1736814495,"user":{"ip":"132.148.126.17","user_agent":"Mozilla\/5.0 (Windows NT 10.0; Win64; x64; rv:78.0) Gecko\/20100101 Firefox\/78.0","locale":"ar","external_id":"0","email":"e3b0c44298fc1c149afbf4c8996fb92427ae41e4649b934ca495991b7852b855","phone_number":"e3b0c44298fc1c149afbf4c8996fb92427ae41e4649b934ca495991b7852b855","first_name":"e3b0c44298fc1c149afbf4c8996fb92427ae41e4649b934ca495991b7852b855","last_name":"e3b0c44298fc1c149afbf4c8996fb92427ae41e4649b934ca495991b7852b855","zip_code":"e3b0c44298fc1c149afbf4c8996fb92427ae41e4649b934ca495991b7852b855"},"page":{"url":"http:\/\/ibn-sinaa.com\/xmlrpc.php"}}]}
 ajax: no
2025-01-14T00:28:16+00:00 DEBUG Tt4b_Mapi_Class::mapi_post: Response: 

HTTP/1.1 200 OK
Server: nginx
Content-Type: application/json
Content-Length: 92
X-Tt-Logid: 20250114002816F923D116801240ACC340
Server-Timing: inner; dur=29
x-tt-trace-host: 018e5a586174a888928d793bdac74b79b51a437ee89a1c03eb2011d034a2e3e9f5c0d7104e6bfddb6b0137a5a2f8eab7e5e35d838c996e7b3ca037455d002745d2299fd0f170f64c228237a263536235f556e44abc26717335b117ac1c0ff62aa8
x-tt-trace-id: 00-250114002816F923D116801240ACC340-1A76F6EE55EEB9D3-00
Expires: Tue, 14 Jan 2025 00:28:16 GMT
Cache-Control: max-age=0, no-cache, no-store
Pragma: no-cache
Date: Tue, 14 Jan 2025 00:28:16 GMT
X-Cache: TCP_MISS from a95-101-134-92.deploy.akamaitechnologies.com (AkamaiGHost/11.7.2.1-9611f29bef89eba7b18045b10aa2af98) (-)
Connection: close
x-tt-trace-tag: id=16;cdn-cache=miss;type=dyn
Server-Timing: cdn-cache; desc=MISS, edge; dur=1, origin; dur=111
X-Origin-Response-Time: 112,95.101.134.92
X-Akamai-Request-ID: f245a77

{"code": 0, "message": "OK", "request_id": "20250114002816F923D116801240ACC340", "data": {}}
2025-01-14T00:28:16+00:00 DEBUG POST: https://business-api.tiktok.com/open_api/v1.3/event/track/

{"partner_name":"WooCommerce","event_source":"web","event_source_id":"CSM79Q3C77UAG1T340I0","data":[{"event":"Pageview","event_id":"6785afa04acf0_tt4b_woocommerce_670666209cf1f","event_time":1736814496,"user":{"ip":"35.74.36.200","user_agent":"Mozilla\/5.0 (X11; Linux x86_64) AppleWebKit\/537.36 (KHTML, like Gecko) Chrome\/44.0.2403.157 Safari\/537.36","locale":"ar","external_id":"0","email":"e3b0c44298fc1c149afbf4c8996fb92427ae41e4649b934ca495991b7852b855","phone_number":"e3b0c44298fc1c149afbf4c8996fb92427ae41e4649b934ca495991b7852b855","first_name":"e3b0c44298fc1c149afbf4c8996fb92427ae41e4649b934ca495991b7852b855","last_name":"e3b0c44298fc1c149afbf4c8996fb92427ae41e4649b934ca495991b7852b855","zip_code":"e3b0c44298fc1c149afbf4c8996fb92427ae41e4649b934ca495991b7852b855"},"page":{"url":"http:\/\/ibn-sinaa.com\/xmlrpc.php"}}]}
 ajax: no
2025-01-14T00:28:16+00:00 DEBUG POST: https://business-api.tiktok.com/open_api/v1.3/event/track/

{"partner_name":"WooCommerce","event_source":"web","event_source_id":"CSM79Q3C77UAG1T340I0","data":[{"event":"Pageview","event_id":"6785afa06cdc0_tt4b_woocommerce_670666209cf1f","event_time":1736814496,"user":{"ip":"103.173.227.63","user_agent":"Mozilla\/5.0 (Windows NT 10.0; Win64; x64) AppleWebKit\/537.36 (KHTML, like Gecko) Chrome\/60.0.3112.101 Safari\/537.36","locale":"ar","external_id":"0","email":"e3b0c44298fc1c149afbf4c8996fb92427ae41e4649b934ca495991b7852b855","phone_number":"e3b0c44298fc1c149afbf4c8996fb92427ae41e4649b934ca495991b7852b855","first_name":"e3b0c44298fc1c149afbf4c8996fb92427ae41e4649b934ca495991b7852b855","last_name":"e3b0c44298fc1c149afbf4c8996fb92427ae41e4649b934ca495991b7852b855","zip_code":"e3b0c44298fc1c149afbf4c8996fb92427ae41e4649b934ca495991b7852b855"},"page":{"url":"http:\/\/ibn-sinaa.com\/-\/-\/-\/-\/-\/-\/-\/-\/-\/-\/"}}]}
 ajax: no
2025-01-14T00:28:16+00:00 DEBUG Tt4b_Mapi_Class::mapi_post: Response: 

HTTP/1.1 200 OK
Server: nginx
Content-Type: application/json
Content-Length: 92
X-Tt-Logid: 20250114002816C3AD652A378E32B7FD59
Server-Timing: inner; dur=47
x-tt-trace-host: 018e5a586174a888928d793bdac74b79b5ad707aeae3c73e258680035dfad0d1c0748f0797b23d5e1ddf3c018789cf0227a93899e1929e27ae923406bc3a16dd209387294b7f1703c128331881a7cbd67f86c66e302b158deb070914b3fa7bdb94
x-tt-trace-id: 00-250114002816C3AD652A378E32B7FD59-6FC2958D475E6711-00
Expires: Tue, 14 Jan 2025 00:28:16 GMT
Cache-Control: max-age=0, no-cache, no-store
Pragma: no-cache
Date: Tue, 14 Jan 2025 00:28:16 GMT
X-Cache: TCP_MISS from a95-101-134-36.deploy.akamaitechnologies.com (AkamaiGHost/11.7.2.1-9611f29bef89eba7b18045b10aa2af98) (-)
Connection: close
x-tt-trace-tag: id=16;cdn-cache=miss;type=dyn
Server-Timing: cdn-cache; desc=MISS, edge; dur=1, origin; dur=127
X-Origin-Response-Time: 128,95.101.134.36
X-Akamai-Request-ID: 870700d

{"code": 0, "message": "OK", "request_id": "20250114002816C3AD652A378E32B7FD59", "data": {}}
2025-01-14T00:28:16+00:00 DEBUG Tt4b_Mapi_Class::mapi_post: Response: 

HTTP/1.1 200 OK
Server: nginx
Content-Type: application/json
Content-Length: 92
X-Tt-Logid: 20250114002816C3AD652A378E32B7FD63
Server-Timing: inner; dur=28
x-tt-trace-host: 018e5a586174a888928d793bdac74b79b5ad707aeae3c73e258680035dfad0d1c0748f0797b23d5e1ddf3c018789cf022705ed604e13492dc30defb6fb715d25284ca58d00ef3f5c444d82460d013a7e98167fbb2d3639512393c565cd3255e2ff
x-tt-trace-id: 00-250114002816C3AD652A378E32B7FD63-0E7AB88B807D5CA1-00
Expires: Tue, 14 Jan 2025 00:28:16 GMT
Cache-Control: max-age=0, no-cache, no-store
Pragma: no-cache
Date: Tue, 14 Jan 2025 00:28:16 GMT
X-Cache: TCP_MISS from a95-101-134-36.deploy.akamaitechnologies.com (AkamaiGHost/11.7.2.1-9611f29bef89eba7b18045b10aa2af98) (-)
Connection: close
x-tt-trace-tag: id=16;cdn-cache=miss;type=dyn
Server-Timing: cdn-cache; desc=MISS, edge; dur=0, origin; dur=108
X-Origin-Response-Time: 108,95.101.134.36
X-Akamai-Request-ID: 870713d

{"code": 0, "message": "OK", "request_id": "20250114002816C3AD652A378E32B7FD63", "data": {}}
2025-01-14T00:28:22+00:00 DEBUG POST: https://business-api.tiktok.com/open_api/v1.3/event/track/

{"partner_name":"WooCommerce","event_source":"web","event_source_id":"CSM79Q3C77UAG1T340I0","data":[{"event":"Pageview","event_id":"6785afa64de07_tt4b_woocommerce_670666209cf1f","event_time":1736814502,"user":{"ip":"132.148.126.17","user_agent":"Mozilla\/5.0 (Windows NT 10.0; Win64; x64; rv:78.0) Gecko\/20100101 Firefox\/78.0","locale":"ar","external_id":"0","email":"e3b0c44298fc1c149afbf4c8996fb92427ae41e4649b934ca495991b7852b855","phone_number":"e3b0c44298fc1c149afbf4c8996fb92427ae41e4649b934ca495991b7852b855","first_name":"e3b0c44298fc1c149afbf4c8996fb92427ae41e4649b934ca495991b7852b855","last_name":"e3b0c44298fc1c149afbf4c8996fb92427ae41e4649b934ca495991b7852b855","zip_code":"e3b0c44298fc1c149afbf4c8996fb92427ae41e4649b934ca495991b7852b855"},"page":{"url":"http:\/\/ibn-sinaa.com\/xmlrpc.php"}}]}
 ajax: no
2025-01-14T00:28:22+00:00 DEBUG Tt4b_Mapi_Class::mapi_post: Response: 

HTTP/1.1 200 OK
Server: nginx
Content-Type: application/json
Content-Length: 92
X-Tt-Logid: 202501140028222FACEFE57BBCB9C62E1A
x-tt-trace-host: 018e5a586174a888928d793bdac74b79b52a36c08622bbc2ac99357be22beb959a7b86c8c8a9385bc09b9316ec6d721e064f91ab0a0b7af3917980e415380a38e5fb4b86dd0f113ae8b3653d30fd175b66caf74caa240ab7f3a3a979a632f5678deca37065c91597f80f3162f1cc41972d
x-tt-trace-id: 00-2501140028222FACEFE57BBCB9C62E1A-215A57C654FE14B9-00
X-Origin-Response-Time: 29,23.52.15.143
X-Akamai-Request-ID: 84b42b29.870a2fd
Expires: Tue, 14 Jan 2025 00:28:22 GMT
Cache-Control: max-age=0, no-cache, no-store
Pragma: no-cache
Date: Tue, 14 Jan 2025 00:28:22 GMT
X-Cache: TCP_MISS from a95-101-134-36.deploy.akamaitechnologies.com (AkamaiGHost/11.7.2.1-9611f29bef89eba7b18045b10aa2af98) (-)
Connection: close
X-Cache-Remote: TCP_MISS from a23-52-15-143.deploy.akamaitechnologies.com (AkamaiGHost/11.8.0-1debf780f7d7c834933fa9689361eec6) (-)
x-tt-trace-tag: id=16;cdn-cache=miss;type=dyn
Server-Timing: cdn-cache; desc=MISS, edge; dur=79, origin; dur=29
Server-Timing: inner; dur=26
X-Parent-Response-Time: 108,95.101.134.36

{"code": 0, "message": "OK", "request_id": "202501140028222FACEFE57BBCB9C62E1A", "data": {}}
2025-01-14T00:28:23+00:00 DEBUG POST: https://business-api.tiktok.com/open_api/v1.3/event/track/

{"partner_name":"WooCommerce","event_source":"web","event_source_id":"CSM79Q3C77UAG1T340I0","data":[{"event":"Pageview","event_id":"6785afa7a316c_tt4b_woocommerce_670666209cf1f","event_time":1736814503,"user":{"ip":"194.233.80.23","user_agent":"Mozilla\/5.0 (Windows NT 6.1; WOW64; rv:54.0) Gecko\/20100101 Firefox\/54.0","locale":"ar","external_id":"0","email":"e3b0c44298fc1c149afbf4c8996fb92427ae41e4649b934ca495991b7852b855","phone_number":"e3b0c44298fc1c149afbf4c8996fb92427ae41e4649b934ca495991b7852b855","first_name":"e3b0c44298fc1c149afbf4c8996fb92427ae41e4649b934ca495991b7852b855","last_name":"e3b0c44298fc1c149afbf4c8996fb92427ae41e4649b934ca495991b7852b855","zip_code":"e3b0c44298fc1c149afbf4c8996fb92427ae41e4649b934ca495991b7852b855"},"page":{"url":"http:\/\/ibn-sinaa.com\/xmlrpc.php"}}]}
 ajax: no
2025-01-14T00:28:23+00:00 DEBUG Tt4b_Mapi_Class::mapi_post: Response: 

HTTP/1.1 200 OK
Server: nginx
Content-Type: application/json
Content-Length: 92
X-Tt-Logid: 202501140028239D4913C87F49EDB3D2A8
Server-Timing: inner; dur=21
x-tt-trace-host: 018e5a586174a888928d793bdac74b79b51a437ee89a1c03eb2011d034a2e3e9f57e1523c25766d8ebc6f1f43c184bef0d334ec148548c5bc357eb32eb896c92667ffa4eaf20dd5d608f4e3747a2c8df249bbbe717d6399e79b6da74c4838f139a
x-tt-trace-id: 00-2501140028239D4913C87F49EDB3D2A8-2B62A9422AF595D0-00
Expires: Tue, 14 Jan 2025 00:28:23 GMT
Cache-Control: max-age=0, no-cache, no-store
Pragma: no-cache
Date: Tue, 14 Jan 2025 00:28:23 GMT
X-Cache: TCP_MISS from a95-101-134-92.deploy.akamaitechnologies.com (AkamaiGHost/11.7.2.1-9611f29bef89eba7b18045b10aa2af98) (-)
Connection: close
x-tt-trace-tag: id=16;cdn-cache=miss;type=dyn
Server-Timing: cdn-cache; desc=MISS, edge; dur=1, origin; dur=100
X-Origin-Response-Time: 100,95.101.134.92
X-Akamai-Request-ID: f24b9ef

{"code": 0, "message": "OK", "request_id": "202501140028239D4913C87F49EDB3D2A8", "data": {}}
2025-01-14T00:28:29+00:00 DEBUG POST: https://business-api.tiktok.com/open_api/v1.3/event/track/

{"partner_name":"WooCommerce","event_source":"web","event_source_id":"CSM79Q3C77UAG1T340I0","data":[{"event":"Pageview","event_id":"6785afad34866_tt4b_woocommerce_670666209cf1f","event_time":1736814509,"user":{"ip":"194.233.80.23","user_agent":"Mozilla\/5.0 (Windows NT 6.1; WOW64; rv:54.0) Gecko\/20100101 Firefox\/54.0","locale":"ar","external_id":"0","email":"e3b0c44298fc1c149afbf4c8996fb92427ae41e4649b934ca495991b7852b855","phone_number":"e3b0c44298fc1c149afbf4c8996fb92427ae41e4649b934ca495991b7852b855","first_name":"e3b0c44298fc1c149afbf4c8996fb92427ae41e4649b934ca495991b7852b855","last_name":"e3b0c44298fc1c149afbf4c8996fb92427ae41e4649b934ca495991b7852b855","zip_code":"e3b0c44298fc1c149afbf4c8996fb92427ae41e4649b934ca495991b7852b855"},"page":{"url":"http:\/\/ibn-sinaa.com\/xmlrpc.php"}}]}
 ajax: no
2025-01-14T00:28:29+00:00 DEBUG Tt4b_Mapi_Class::mapi_post: Response: 

HTTP/1.1 200 OK
Server: nginx
Content-Type: application/json
Content-Length: 92
X-Tt-Logid: 20250114002829155B053E2E98121BAFAB
Server-Timing: inner; dur=28
x-tt-trace-host: 018e5a586174a888928d793bdac74b79b5ad707aeae3c73e258680035dfad0d1c0369d266777f69bcb6ae432fc2db74bcaaeeb63b3891d73603ef66570de91ed316722b7fa6073329f3ca00911112c6fe32e3b47eb6e07740987b156ca69750400
x-tt-trace-id: 00-250114002829155B053E2E98121BAFAB-7BE85C2373347557-00
Expires: Tue, 14 Jan 2025 00:28:29 GMT
Cache-Control: max-age=0, no-cache, no-store
Pragma: no-cache
Date: Tue, 14 Jan 2025 00:28:29 GMT
X-Cache: TCP_MISS from a95-101-134-36.deploy.akamaitechnologies.com (AkamaiGHost/11.7.2.1-9611f29bef89eba7b18045b10aa2af98) (-)
Connection: close
x-tt-trace-tag: id=16;cdn-cache=miss;type=dyn
Server-Timing: cdn-cache; desc=MISS, edge; dur=0, origin; dur=108
X-Origin-Response-Time: 108,95.101.134.36
X-Akamai-Request-ID: 870dd94

{"code": 0, "message": "OK", "request_id": "20250114002829155B053E2E98121BAFAB", "data": {}}
2025-01-14T00:28:36+00:00 DEBUG POST: https://business-api.tiktok.com/open_api/v1.3/event/track/

{"partner_name":"WooCommerce","event_source":"web","event_source_id":"CSM79Q3C77UAG1T340I0","data":[{"event":"Pageview","event_id":"6785afb414b37_tt4b_woocommerce_670666209cf1f","event_time":1736814516,"user":{"ip":"66.249.66.19","user_agent":"Googlebot-Image\/1.0","locale":"ar","external_id":"0","email":"e3b0c44298fc1c149afbf4c8996fb92427ae41e4649b934ca495991b7852b855","phone_number":"e3b0c44298fc1c149afbf4c8996fb92427ae41e4649b934ca495991b7852b855","first_name":"e3b0c44298fc1c149afbf4c8996fb92427ae41e4649b934ca495991b7852b855","last_name":"e3b0c44298fc1c149afbf4c8996fb92427ae41e4649b934ca495991b7852b855","zip_code":"e3b0c44298fc1c149afbf4c8996fb92427ae41e4649b934ca495991b7852b855"},"page":{"url":"http:\/\/mail.ibn-sinaa.com\/wp-content\/uploads\/2013\/06\/%D8%A8%D8%B1%D9%88%D8%B4%D9%88%D8%B1%D8%A7%D8%AA.png-A4-1000x1000.png\/"}}]}
 ajax: no
2025-01-14T00:28:36+00:00 DEBUG Tt4b_Mapi_Class::mapi_post: Response: 

HTTP/1.1 200 OK
Server: nginx
Content-Type: application/json
Content-Length: 92
X-Tt-Logid: 2025011400283667054CB3F2CB1C18A570
Server-Timing: inner; dur=27
x-tt-trace-host: 018e5a586174a888928d793bdac74b79b51a437ee89a1c03eb2011d034a2e3e9f58d65517240c15757ba66944525e6429b1d8ab753dd82293cf77ed84435117344d6c01e3b53792a6db69ec4ab9af4039c0e84f30d438d5904e3bdbea865705ddd
x-tt-trace-id: 00-25011400283667054CB3F2CB1C18A570-44B1B50962D3D49D-00
Expires: Tue, 14 Jan 2025 00:28:36 GMT
Cache-Control: max-age=0, no-cache, no-store
Pragma: no-cache
Date: Tue, 14 Jan 2025 00:28:36 GMT
X-Cache: TCP_MISS from a95-101-134-92.deploy.akamaitechnologies.com (AkamaiGHost/11.7.2.1-9611f29bef89eba7b18045b10aa2af98) (-)
Connection: close
x-tt-trace-tag: id=16;cdn-cache=miss;type=dyn
Server-Timing: cdn-cache; desc=MISS, edge; dur=0, origin; dur=108
X-Origin-Response-Time: 108,95.101.134.92
X-Akamai-Request-ID: f2552a1

{"code": 0, "message": "OK", "request_id": "2025011400283667054CB3F2CB1C18A570", "data": {}}
2025-01-14T00:28:36+00:00 DEBUG POST: https://business-api.tiktok.com/open_api/v1.3/event/track/

{"partner_name":"WooCommerce","event_source":"web","event_source_id":"CSM79Q3C77UAG1T340I0","data":[{"event":"Pageview","event_id":"6785afb47661b_tt4b_woocommerce_670666209cf1f","event_time":1736814516,"user":{"ip":"194.233.80.23","user_agent":"Mozilla\/5.0 (Windows NT 6.1; WOW64; rv:54.0) Gecko\/20100101 Firefox\/54.0","locale":"ar","external_id":"0","email":"e3b0c44298fc1c149afbf4c8996fb92427ae41e4649b934ca495991b7852b855","phone_number":"e3b0c44298fc1c149afbf4c8996fb92427ae41e4649b934ca495991b7852b855","first_name":"e3b0c44298fc1c149afbf4c8996fb92427ae41e4649b934ca495991b7852b855","last_name":"e3b0c44298fc1c149afbf4c8996fb92427ae41e4649b934ca495991b7852b855","zip_code":"e3b0c44298fc1c149afbf4c8996fb92427ae41e4649b934ca495991b7852b855"},"page":{"url":"http:\/\/ibn-sinaa.com\/xmlrpc.php"}}]}
 ajax: no
2025-01-14T00:28:36+00:00 DEBUG Tt4b_Mapi_Class::mapi_post: Response: 

HTTP/1.1 200 OK
Server: nginx
Content-Type: application/json
Content-Length: 92
X-Tt-Logid: 202501140028366089FB28AAB9E4B04A81
Server-Timing: inner; dur=30
x-tt-trace-host: 018e5a586174a888928d793bdac74b79b51a437ee89a1c03eb2011d034a2e3e9f5bc0f54769b05f38d100f45375a7636eb3a9c77a4a08df1e517e358260704a76e655e5a6f53688cdfbf704280b2eb5254e9263f5c653cafdd426943728d0f7718
x-tt-trace-id: 00-2501140028366089FB28AAB9E4B04A81-32667E247733DAFD-00
Expires: Tue, 14 Jan 2025 00:28:36 GMT
Cache-Control: max-age=0, no-cache, no-store
Pragma: no-cache
Date: Tue, 14 Jan 2025 00:28:36 GMT
X-Cache: TCP_MISS from a95-101-134-92.deploy.akamaitechnologies.com (AkamaiGHost/11.7.2.1-9611f29bef89eba7b18045b10aa2af98) (-)
Connection: close
x-tt-trace-tag: id=16;cdn-cache=miss;type=dyn
Server-Timing: cdn-cache; desc=MISS, edge; dur=0, origin; dur=110
X-Origin-Response-Time: 110,95.101.134.92
X-Akamai-Request-ID: f2557e4

{"code": 0, "message": "OK", "request_id": "202501140028366089FB28AAB9E4B04A81", "data": {}}
2025-01-14T00:28:38+00:00 DEBUG POST: https://business-api.tiktok.com/open_api/v1.3/event/track/

{"partner_name":"WooCommerce","event_source":"web","event_source_id":"CSM79Q3C77UAG1T340I0","data":[{"event":"Pageview","event_id":"6785afb68fea0_tt4b_woocommerce_670666209cf1f","event_time":1736814518,"user":{"ip":"103.93.65.66","user_agent":"Mozilla\/5.0 (Windows NT 10.0; Win64; x64; rv:79.0) Gecko\/20100101 Firefox\/79.0","locale":"ar","external_id":"0","email":"e3b0c44298fc1c149afbf4c8996fb92427ae41e4649b934ca495991b7852b855","phone_number":"e3b0c44298fc1c149afbf4c8996fb92427ae41e4649b934ca495991b7852b855","first_name":"e3b0c44298fc1c149afbf4c8996fb92427ae41e4649b934ca495991b7852b855","last_name":"e3b0c44298fc1c149afbf4c8996fb92427ae41e4649b934ca495991b7852b855","zip_code":"e3b0c44298fc1c149afbf4c8996fb92427ae41e4649b934ca495991b7852b855"},"page":{"url":"http:\/\/ibn-sinaa.com\/xmlrpc.php"}}]}
 ajax: no
2025-01-14T00:28:38+00:00 DEBUG Tt4b_Mapi_Class::mapi_post: Response: 

HTTP/1.1 200 OK
Server: nginx
Content-Type: application/json
Content-Length: 92
X-Tt-Logid: 20250114002838898A4C73D2EC9F9B9796
Server-Timing: inner; dur=24
x-tt-trace-host: 018e5a586174a888928d793bdac74b79b5ad707aeae3c73e258680035dfad0d1c0860406564ad498c895a07a8c0a08d4947ccc6e7048c4db2c3171035716e47eccabcb7372c0290e536c3f2489abc20515d73c2bd522a663b410b90f5324faf69b
x-tt-trace-id: 00-250114002838898A4C73D2EC9F9B9796-747869BE5CE44B03-00
Expires: Tue, 14 Jan 2025 00:28:38 GMT
Cache-Control: max-age=0, no-cache, no-store
Pragma: no-cache
Date: Tue, 14 Jan 2025 00:28:38 GMT
X-Cache: TCP_MISS from a95-101-134-36.deploy.akamaitechnologies.com (AkamaiGHost/11.7.2.1-9611f29bef89eba7b18045b10aa2af98) (-)
Connection: close
x-tt-trace-tag: id=16;cdn-cache=miss;type=dyn
Server-Timing: cdn-cache; desc=MISS, edge; dur=1, origin; dur=106
X-Origin-Response-Time: 106,95.101.134.36
X-Akamai-Request-ID: 8712d5d

{"code": 0, "message": "OK", "request_id": "20250114002838898A4C73D2EC9F9B9796", "data": {}}
2025-01-14T00:28:44+00:00 DEBUG POST: https://business-api.tiktok.com/open_api/v1.3/event/track/

{"partner_name":"WooCommerce","event_source":"web","event_source_id":"CSM79Q3C77UAG1T340I0","data":[{"event":"Pageview","event_id":"6785afbcb72c1_tt4b_woocommerce_670666209cf1f","event_time":1736814524,"user":{"ip":"103.93.65.66","user_agent":"Mozilla\/5.0 (Windows NT 10.0; Win64; x64; rv:79.0) Gecko\/20100101 Firefox\/79.0","locale":"ar","external_id":"0","email":"e3b0c44298fc1c149afbf4c8996fb92427ae41e4649b934ca495991b7852b855","phone_number":"e3b0c44298fc1c149afbf4c8996fb92427ae41e4649b934ca495991b7852b855","first_name":"e3b0c44298fc1c149afbf4c8996fb92427ae41e4649b934ca495991b7852b855","last_name":"e3b0c44298fc1c149afbf4c8996fb92427ae41e4649b934ca495991b7852b855","zip_code":"e3b0c44298fc1c149afbf4c8996fb92427ae41e4649b934ca495991b7852b855"},"page":{"url":"http:\/\/ibn-sinaa.com\/xmlrpc.php"}}]}
 ajax: no
2025-01-14T00:28:44+00:00 DEBUG Tt4b_Mapi_Class::mapi_post: Response: 

HTTP/1.1 200 OK
Server: nginx
Content-Type: application/json
Content-Length: 92
X-Tt-Logid: 202501140028446089FB28AAB9E4B04CDD
Server-Timing: inner; dur=43
x-tt-trace-host: 018e5a586174a888928d793bdac74b79b51a437ee89a1c03eb2011d034a2e3e9f5bc0f54769b05f38d100f45375a7636eb3a9c77a4a08df1e517e358260704a76e655e5a6f53688cdfbf704280b2eb52544e6a31ffb2813e138485f97eb70dbc74
x-tt-trace-id: 00-2501140028446089FB28AAB9E4B04CDD-32667E247733DFA3-00
Expires: Tue, 14 Jan 2025 00:28:44 GMT
Cache-Control: max-age=0, no-cache, no-store
Pragma: no-cache
Date: Tue, 14 Jan 2025 00:28:44 GMT
X-Cache: TCP_MISS from a95-101-134-92.deploy.akamaitechnologies.com (AkamaiGHost/11.7.2.1-9611f29bef89eba7b18045b10aa2af98) (-)
Connection: close
x-tt-trace-tag: id=16;cdn-cache=miss;type=dyn
Server-Timing: cdn-cache; desc=MISS, edge; dur=0, origin; dur=122
X-Origin-Response-Time: 122,95.101.134.92
X-Akamai-Request-ID: f25bbd0

{"code": 0, "message": "OK", "request_id": "202501140028446089FB28AAB9E4B04CDD", "data": {}}
2025-01-14T00:28:50+00:00 DEBUG POST: https://business-api.tiktok.com/open_api/v1.3/event/track/

{"partner_name":"WooCommerce","event_source":"web","event_source_id":"CSM79Q3C77UAG1T340I0","data":[{"event":"Pageview","event_id":"6785afc24ac1b_tt4b_woocommerce_670666209cf1f","event_time":1736814530,"user":{"ip":"103.93.65.66","user_agent":"Mozilla\/5.0 (Windows NT 10.0; Win64; x64; rv:79.0) Gecko\/20100101 Firefox\/79.0","locale":"ar","external_id":"0","email":"e3b0c44298fc1c149afbf4c8996fb92427ae41e4649b934ca495991b7852b855","phone_number":"e3b0c44298fc1c149afbf4c8996fb92427ae41e4649b934ca495991b7852b855","first_name":"e3b0c44298fc1c149afbf4c8996fb92427ae41e4649b934ca495991b7852b855","last_name":"e3b0c44298fc1c149afbf4c8996fb92427ae41e4649b934ca495991b7852b855","zip_code":"e3b0c44298fc1c149afbf4c8996fb92427ae41e4649b934ca495991b7852b855"},"page":{"url":"http:\/\/ibn-sinaa.com\/xmlrpc.php"}}]}
 ajax: no
2025-01-14T00:28:50+00:00 DEBUG Tt4b_Mapi_Class::mapi_post: Response: 

HTTP/1.1 200 OK
Server: nginx
Content-Type: application/json
Content-Length: 92
X-Tt-Logid: 202501140028503B551F2067E94EC86692
x-tt-trace-host: 018e5a586174a888928d793bdac74b79b56517d7628cf0ffdff56b078ad2cf5615c581a1dc29bbdc17987f2b881ac240e1128eedaf0213982a0064d66f83a82bdad102132a29dec11d830cd0fff0abd35f40b677d19d5b11378a72e47d40ae2ccf66dfafc47fa6bbec41a81021aa4207c1
x-tt-trace-id: 00-2501140028503B551F2067E94EC86692-22462AC7A1800DC9-00
X-Origin-Response-Time: 24,23.207.199.29
X-Akamai-Request-ID: 21448b4b.f25ffab
Expires: Tue, 14 Jan 2025 00:28:50 GMT
Cache-Control: max-age=0, no-cache, no-store
Pragma: no-cache
Date: Tue, 14 Jan 2025 00:28:50 GMT
X-Cache: TCP_MISS from a95-101-134-92.deploy.akamaitechnologies.com (AkamaiGHost/11.7.2.1-9611f29bef89eba7b18045b10aa2af98) (-)
Connection: close
X-Cache-Remote: TCP_MISS from a23-207-199-29.deploy.akamaitechnologies.com (AkamaiGHost/11.8.0-2d0f2d516c5d43e1487924a77ec5924a) (-)
x-tt-trace-tag: id=16;cdn-cache=miss;type=dyn
Server-Timing: cdn-cache; desc=MISS, edge; dur=85, origin; dur=24
Server-Timing: inner; dur=22
X-Parent-Response-Time: 109,95.101.134.92

{"code": 0, "message": "OK", "request_id": "202501140028503B551F2067E94EC86692", "data": {}}
2025-01-14T00:29:03+00:00 DEBUG POST: https://business-api.tiktok.com/open_api/v1.3/event/track/

{"partner_name":"WooCommerce","event_source":"web","event_source_id":"CSM79Q3C77UAG1T340I0","data":[{"event":"Pageview","event_id":"6785afcfced0b_tt4b_woocommerce_670666209cf1f","event_time":1736814543,"user":{"ip":"157.90.176.32","user_agent":"Mozilla\/5.0 (Windows NT 6.1; WOW64; rv:45.0) Gecko\/20100101 Firefox\/45.0","locale":"ar","external_id":"0","email":"e3b0c44298fc1c149afbf4c8996fb92427ae41e4649b934ca495991b7852b855","phone_number":"e3b0c44298fc1c149afbf4c8996fb92427ae41e4649b934ca495991b7852b855","first_name":"e3b0c44298fc1c149afbf4c8996fb92427ae41e4649b934ca495991b7852b855","last_name":"e3b0c44298fc1c149afbf4c8996fb92427ae41e4649b934ca495991b7852b855","zip_code":"e3b0c44298fc1c149afbf4c8996fb92427ae41e4649b934ca495991b7852b855"},"page":{"url":"http:\/\/ibn-sinaa.com\/xmlrpc.php"}}]}
 ajax: no
2025-01-14T00:29:04+00:00 DEBUG Tt4b_Mapi_Class::mapi_post: Response: 

HTTP/1.1 200 OK
Server: nginx
Content-Type: application/json
Content-Length: 92
X-Tt-Logid: 20250114002903BF5E4ADA0FF62C3EBF72
x-tt-trace-host: 018e5a586174a888928d793bdac74b79b52a36c08622bbc2ac99357be22beb959a7b86c8c8a9385bc09b9316ec6d721e06d34c51bea39947e3bdcd192a425755485c1c45d2e39defc847466c1531c0829a7c8e8314286e30b0c1b95500d1bbba58fd0a35fe4cc2715a87f1907c93b4b05a
x-tt-trace-id: 00-250114002903BF5E4ADA0FF62C3EBF72-4A28A7AD64EDE451-00
X-Origin-Response-Time: 47,23.52.15.143
X-Akamai-Request-ID: 84c009e2.87206ab
Expires: Tue, 14 Jan 2025 00:29:04 GMT
Cache-Control: max-age=0, no-cache, no-store
Pragma: no-cache
Date: Tue, 14 Jan 2025 00:29:04 GMT
X-Cache: TCP_MISS from a95-101-134-36.deploy.akamaitechnologies.com (AkamaiGHost/11.7.2.1-9611f29bef89eba7b18045b10aa2af98) (-)
Connection: close
X-Cache-Remote: TCP_MISS from a23-52-15-143.deploy.akamaitechnologies.com (AkamaiGHost/11.8.0-1debf780f7d7c834933fa9689361eec6) (-)
x-tt-trace-tag: id=16;cdn-cache=miss;type=dyn
Server-Timing: cdn-cache; desc=MISS, edge; dur=84, origin; dur=47
Server-Timing: inner; dur=43
X-Parent-Response-Time: 130,95.101.134.36

{"code": 0, "message": "OK", "request_id": "20250114002903BF5E4ADA0FF62C3EBF72", "data": {}}
2025-01-14T00:29:05+00:00 DEBUG POST: https://business-api.tiktok.com/open_api/v1.3/event/track/

{"partner_name":"WooCommerce","event_source":"web","event_source_id":"CSM79Q3C77UAG1T340I0","data":[{"event":"Pageview","event_id":"6785afd16609a_tt4b_woocommerce_670666209cf1f","event_time":1736814545,"user":{"ip":"128.199.88.56","user_agent":"Mozilla\/5.0 (Windows NT 10.0; Win64; x64) AppleWebKit\/537.36 (KHTML, like Gecko) Chrome\/80.0.3987.132 Safari\/537.36","locale":"ar","external_id":"0","email":"e3b0c44298fc1c149afbf4c8996fb92427ae41e4649b934ca495991b7852b855","phone_number":"e3b0c44298fc1c149afbf4c8996fb92427ae41e4649b934ca495991b7852b855","first_name":"e3b0c44298fc1c149afbf4c8996fb92427ae41e4649b934ca495991b7852b855","last_name":"e3b0c44298fc1c149afbf4c8996fb92427ae41e4649b934ca495991b7852b855","zip_code":"e3b0c44298fc1c149afbf4c8996fb92427ae41e4649b934ca495991b7852b855"},"page":{"url":"http:\/\/ibn-sinaa.com\/xmlrpc.php"}}]}
 ajax: no
2025-01-14T00:29:05+00:00 DEBUG Tt4b_Mapi_Class::mapi_post: Response: 

HTTP/1.1 200 OK
Server: nginx
Content-Type: application/json
Content-Length: 92
X-Tt-Logid: 202501140029052D6F16B1E17AEEB14082
x-tt-trace-host: 018e5a586174a888928d793bdac74b79b56517d7628cf0ffdff56b078ad2cf5615d4bb7dadc1668630c3694087cb703c98be425b77c79376af7cf8101b4b4085e036b20c355f4a60c3db0ce7b6916d3c49ddb82d94b447e780a5877bfa731653ab47dd408dcee2f1991f78b6c88aa77e4c
x-tt-trace-id: 00-2501140029052D6F16B1E17AEEB14082-41CC782248C7A306-00
X-Origin-Response-Time: 24,23.207.199.5
X-Akamai-Request-ID: bc948f5.f26c214
Expires: Tue, 14 Jan 2025 00:29:05 GMT
Cache-Control: max-age=0, no-cache, no-store
Pragma: no-cache
Date: Tue, 14 Jan 2025 00:29:05 GMT
X-Cache: TCP_MISS from a95-101-134-92.deploy.akamaitechnologies.com (AkamaiGHost/11.7.2.1-9611f29bef89eba7b18045b10aa2af98) (-)
Connection: close
X-Cache-Remote: TCP_MISS from a23-207-199-5.deploy.akamaitechnologies.com (AkamaiGHost/11.8.0-2d0f2d516c5d43e1487924a77ec5924a) (-)
x-tt-trace-tag: id=16;cdn-cache=miss;type=dyn
Server-Timing: cdn-cache; desc=MISS, edge; dur=82, origin; dur=23
Server-Timing: inner; dur=20
X-Parent-Response-Time: 104,95.101.134.92

{"code": 0, "message": "OK", "request_id": "202501140029052D6F16B1E17AEEB14082", "data": {}}
2025-01-14T00:29:08+00:00 DEBUG POST: https://business-api.tiktok.com/open_api/v1.3/event/track/

{"partner_name":"WooCommerce","event_source":"web","event_source_id":"CSM79Q3C77UAG1T340I0","data":[{"event":"Pageview","event_id":"6785afd4b5c23_tt4b_woocommerce_670666209cf1f","event_time":1736814548,"user":{"ip":"157.90.176.32","user_agent":"Mozilla\/5.0 (Windows NT 6.1; WOW64; rv:45.0) Gecko\/20100101 Firefox\/45.0","locale":"ar","external_id":"0","email":"e3b0c44298fc1c149afbf4c8996fb92427ae41e4649b934ca495991b7852b855","phone_number":"e3b0c44298fc1c149afbf4c8996fb92427ae41e4649b934ca495991b7852b855","first_name":"e3b0c44298fc1c149afbf4c8996fb92427ae41e4649b934ca495991b7852b855","last_name":"e3b0c44298fc1c149afbf4c8996fb92427ae41e4649b934ca495991b7852b855","zip_code":"e3b0c44298fc1c149afbf4c8996fb92427ae41e4649b934ca495991b7852b855"},"page":{"url":"http:\/\/ibn-sinaa.com\/xmlrpc.php"}}]}
 ajax: no
2025-01-14T00:29:08+00:00 DEBUG Tt4b_Mapi_Class::mapi_post: Response: 

HTTP/1.1 200 OK
Server: nginx
Content-Type: application/json
Content-Length: 92
X-Tt-Logid: 20250114002908F196D3293949BFAB258E
x-tt-trace-host: 018e5a586174a888928d793bdac74b79b56517d7628cf0ffdff56b078ad2cf56157ca421c1f726d18dd420811f1244be2faa339cb787d1982b2a39fd155dfe3f2df7c8ff75d31074ecc144c2603144a6fcca1b9ba36d7cbf8924c5c435b3903157c0e20f203f285a26e23e828b5174c51a
x-tt-trace-id: 00-250114002908F196D3293949BFAB258E-5E08B04B9650BE03-00
X-Origin-Response-Time: 32,23.213.246.201
X-Akamai-Request-ID: c6f1953.f26ecb4
Expires: Tue, 14 Jan 2025 00:29:08 GMT
Cache-Control: max-age=0, no-cache, no-store
Pragma: no-cache
Date: Tue, 14 Jan 2025 00:29:08 GMT
X-Cache: TCP_MISS from a95-101-134-92.deploy.akamaitechnologies.com (AkamaiGHost/11.7.2.1-9611f29bef89eba7b18045b10aa2af98) (-)
Connection: close
X-Cache-Remote: TCP_MISS from a23-213-246-201.deploy.akamaitechnologies.com (AkamaiGHost/11.8.0-1debf780f7d7c834933fa9689361eec6) (-)
x-tt-trace-tag: id=16;cdn-cache=miss;type=dyn
Server-Timing: cdn-cache; desc=MISS, edge; dur=82, origin; dur=32
Server-Timing: inner; dur=22
X-Parent-Response-Time: 114,95.101.134.92

{"code": 0, "message": "OK", "request_id": "20250114002908F196D3293949BFAB258E", "data": {}}
2025-01-14T00:29:12+00:00 DEBUG POST: https://business-api.tiktok.com/open_api/v1.3/event/track/

{"partner_name":"WooCommerce","event_source":"web","event_source_id":"CSM79Q3C77UAG1T340I0","data":[{"event":"Pageview","event_id":"6785afd8849c8_tt4b_woocommerce_670666209cf1f","event_time":1736814552,"user":{"ip":"128.199.88.56","user_agent":"Mozilla\/5.0 (Windows NT 10.0; Win64; x64) AppleWebKit\/537.36 (KHTML, like Gecko) Chrome\/80.0.3987.132 Safari\/537.36","locale":"ar","external_id":"0","email":"e3b0c44298fc1c149afbf4c8996fb92427ae41e4649b934ca495991b7852b855","phone_number":"e3b0c44298fc1c149afbf4c8996fb92427ae41e4649b934ca495991b7852b855","first_name":"e3b0c44298fc1c149afbf4c8996fb92427ae41e4649b934ca495991b7852b855","last_name":"e3b0c44298fc1c149afbf4c8996fb92427ae41e4649b934ca495991b7852b855","zip_code":"e3b0c44298fc1c149afbf4c8996fb92427ae41e4649b934ca495991b7852b855"},"page":{"url":"http:\/\/ibn-sinaa.com\/xmlrpc.php"}}]}
 ajax: no
2025-01-14T00:29:12+00:00 DEBUG Tt4b_Mapi_Class::mapi_post: Response: 

HTTP/1.1 200 OK
Server: nginx
Content-Type: application/json
Content-Length: 92
X-Tt-Logid: 20250114002912C3AD652A378E32B8055C
Server-Timing: inner; dur=27
x-tt-trace-host: 018e5a586174a888928d793bdac74b79b5ad707aeae3c73e258680035dfad0d1c0748f0797b23d5e1ddf3c018789cf022762c52ce3a4e3e51d70d319c80d7eddf2dddaac6de5d44154eff382a2abc1ce71c8406384264db13889fd9df6591499ba
x-tt-trace-id: 00-250114002912C3AD652A378E32B8055C-53FDB2D243F28E75-00
Expires: Tue, 14 Jan 2025 00:29:12 GMT
Cache-Control: max-age=0, no-cache, no-store
Pragma: no-cache
Date: Tue, 14 Jan 2025 00:29:12 GMT
X-Cache: TCP_MISS from a95-101-134-36.deploy.akamaitechnologies.com (AkamaiGHost/11.7.2.1-9611f29bef89eba7b18045b10aa2af98) (-)
Connection: close
x-tt-trace-tag: id=16;cdn-cache=miss;type=dyn
Server-Timing: cdn-cache; desc=MISS, edge; dur=0, origin; dur=106
X-Origin-Response-Time: 106,95.101.134.36
X-Akamai-Request-ID: 8725077

{"code": 0, "message": "OK", "request_id": "20250114002912C3AD652A378E32B8055C", "data": {}}
2025-01-14T00:29:14+00:00 DEBUG POST: https://business-api.tiktok.com/open_api/v1.3/event/track/

{"partner_name":"WooCommerce","event_source":"web","event_source_id":"CSM79Q3C77UAG1T340I0","data":[{"event":"Pageview","event_id":"6785afdabcb65_tt4b_woocommerce_670666209cf1f","event_time":1736814554,"user":{"ip":"66.249.66.167","user_agent":"Mozilla\/5.0 (Linux; Android 6.0.1; Nexus 5X Build\/MMB29P) AppleWebKit\/537.36 (KHTML, like Gecko) Chrome\/131.0.6778.264 Mobile Safari\/537.36 (compatible; Googlebot\/2.1; +http:\/\/www.google.com\/bot.html)","locale":"ar","external_id":"0","email":"e3b0c44298fc1c149afbf4c8996fb92427ae41e4649b934ca495991b7852b855","phone_number":"e3b0c44298fc1c149afbf4c8996fb92427ae41e4649b934ca495991b7852b855","first_name":"e3b0c44298fc1c149afbf4c8996fb92427ae41e4649b934ca495991b7852b855","last_name":"e3b0c44298fc1c149afbf4c8996fb92427ae41e4649b934ca495991b7852b855","zip_code":"e3b0c44298fc1c149afbf4c8996fb92427ae41e4649b934ca495991b7852b855"},"page":{"url":"http:\/\/www.ibn-sinaa.com\/en\/product\/%D8%B3%D8%AC%D9%84%D8%A7%D8%AA-%D9%85%D8%A7%D8%AF%D8%A9-%D8%A7%D9%84%D8%B1%D9%8A%D8%A7%D8%B6%D9%8A%D8%A7%D8%AA\/"}}]}
 ajax: no
2025-01-14T00:29:14+00:00 DEBUG Tt4b_Mapi_Class::mapi_post: Response: 

HTTP/1.1 200 OK
Server: nginx
Content-Type: application/json
Content-Length: 92
X-Tt-Logid: 20250114002914F58D5DCE7BE61C430095
x-tt-trace-host: 018e5a586174a888928d793bdac74b79b52a36c08622bbc2ac99357be22beb959a50c5e1b96fd69df23875654c2e673abdb1e0c57940b949ed5c7c647f1ebd919ac0e020c5ccf4462a5b6717da372ebbf22b1aaa442f5ffbfa4a875816bc01d68b5aa6d888e186293597471775fcc1c801
x-tt-trace-id: 00-250114002914F58D5DCE7BE61C430095-3F85E1BC6DF7EE66-00
X-Origin-Response-Time: 27,23.218.219.39
X-Akamai-Request-ID: 5e56b99.87262d2
Expires: Tue, 14 Jan 2025 00:29:14 GMT
Cache-Control: max-age=0, no-cache, no-store
Pragma: no-cache
Date: Tue, 14 Jan 2025 00:29:14 GMT
X-Cache: TCP_MISS from a95-101-134-36.deploy.akamaitechnologies.com (AkamaiGHost/11.7.2.1-9611f29bef89eba7b18045b10aa2af98) (-)
Connection: close
X-Cache-Remote: TCP_MISS from a23-218-219-39.deploy.akamaitechnologies.com (AkamaiGHost/11.8.0-1debf780f7d7c834933fa9689361eec6) (-)
x-tt-trace-tag: id=16;cdn-cache=miss;type=dyn
Server-Timing: cdn-cache; desc=MISS, edge; dur=92, origin; dur=27
Server-Timing: inner; dur=23
X-Parent-Response-Time: 116,95.101.134.36

{"code": 0, "message": "OK", "request_id": "20250114002914F58D5DCE7BE61C430095", "data": {}}
2025-01-14T00:29:15+00:00 DEBUG POST: https://business-api.tiktok.com/open_api/v1.3/event/track/

{"partner_name":"WooCommerce","event_source":"web","event_source_id":"CSM79Q3C77UAG1T340I0","data":[{"event":"Pageview","event_id":"6785afdb40a96_tt4b_woocommerce_670666209cf1f","event_time":1736814555,"user":{"ip":"157.90.176.32","user_agent":"Mozilla\/5.0 (Windows NT 6.1; WOW64; rv:45.0) Gecko\/20100101 Firefox\/45.0","locale":"ar","external_id":"0","email":"e3b0c44298fc1c149afbf4c8996fb92427ae41e4649b934ca495991b7852b855","phone_number":"e3b0c44298fc1c149afbf4c8996fb92427ae41e4649b934ca495991b7852b855","first_name":"e3b0c44298fc1c149afbf4c8996fb92427ae41e4649b934ca495991b7852b855","last_name":"e3b0c44298fc1c149afbf4c8996fb92427ae41e4649b934ca495991b7852b855","zip_code":"e3b0c44298fc1c149afbf4c8996fb92427ae41e4649b934ca495991b7852b855"},"page":{"url":"http:\/\/ibn-sinaa.com\/xmlrpc.php"}}]}
 ajax: no
2025-01-14T00:29:15+00:00 DEBUG Tt4b_Mapi_Class::mapi_post: Response: 

HTTP/1.1 200 OK
Server: nginx
Content-Type: application/json
Content-Length: 92
X-Tt-Logid: 20250114002915B33935C9448AB5B1F823
x-tt-trace-host: 018e5a586174a888928d793bdac74b79b56517d7628cf0ffdff56b078ad2cf561571a40b14dc9d18730fc4fcdd3fec3a5e1eee943054fc9f80918f11a675acbe12a8ea61aa9c6fbbaf2c8dac26fa720aed4c61c24d611f31a4dd0e076a6975a57827b4e92e4dacf61914964ddb6a0ab850
x-tt-trace-id: 00-250114002915B33935C9448AB5B1F823-0C27B5129EBBD59C-00
X-Origin-Response-Time: 48,23.207.199.55
X-Akamai-Request-ID: 1e5ebf1.f273e22
Expires: Tue, 14 Jan 2025 00:29:15 GMT
Cache-Control: max-age=0, no-cache, no-store
Pragma: no-cache
Date: Tue, 14 Jan 2025 00:29:15 GMT
X-Cache: TCP_MISS from a95-101-134-92.deploy.akamaitechnologies.com (AkamaiGHost/11.7.2.1-9611f29bef89eba7b18045b10aa2af98) (-)
Connection: close
X-Cache-Remote: TCP_MISS from a23-207-199-55.deploy.akamaitechnologies.com (AkamaiGHost/11.8.0-1debf780f7d7c834933fa9689361eec6) (-)
x-tt-trace-tag: id=16;cdn-cache=miss;type=dyn
Server-Timing: cdn-cache; desc=MISS, edge; dur=94, origin; dur=48
Server-Timing: inner; dur=41
X-Parent-Response-Time: 142,95.101.134.92

{"code": 0, "message": "OK", "request_id": "20250114002915B33935C9448AB5B1F823", "data": {}}
2025-01-14T00:29:18+00:00 DEBUG POST: https://business-api.tiktok.com/open_api/v1.3/event/track/

{"partner_name":"WooCommerce","event_source":"web","event_source_id":"CSM79Q3C77UAG1T340I0","data":[{"event":"Pageview","event_id":"6785afde28d64_tt4b_woocommerce_670666209cf1f","event_time":1736814558,"user":{"ip":"128.199.88.56","user_agent":"Mozilla\/5.0 (Windows NT 10.0; Win64; x64) AppleWebKit\/537.36 (KHTML, like Gecko) Chrome\/80.0.3987.132 Safari\/537.36","locale":"ar","external_id":"0","email":"e3b0c44298fc1c149afbf4c8996fb92427ae41e4649b934ca495991b7852b855","phone_number":"e3b0c44298fc1c149afbf4c8996fb92427ae41e4649b934ca495991b7852b855","first_name":"e3b0c44298fc1c149afbf4c8996fb92427ae41e4649b934ca495991b7852b855","last_name":"e3b0c44298fc1c149afbf4c8996fb92427ae41e4649b934ca495991b7852b855","zip_code":"e3b0c44298fc1c149afbf4c8996fb92427ae41e4649b934ca495991b7852b855"},"page":{"url":"http:\/\/ibn-sinaa.com\/xmlrpc.php"}}]}
 ajax: no
2025-01-14T00:29:18+00:00 DEBUG Tt4b_Mapi_Class::mapi_post: Response: 

HTTP/1.1 200 OK
Server: nginx
Content-Type: application/json
Content-Length: 92
X-Tt-Logid: 202501140029187F588260DD5E7FAD302A
Server-Timing: inner; dur=27
x-tt-trace-host: 018e5a586174a888928d793bdac74b79b51a437ee89a1c03eb2011d034a2e3e9f514fdfb33acdfc246815e219bd5c96f12356bf46ab3bbd540ff3bc90c7ee07845474185106e20022b10450204e9bb9852bacd4bf8a4bb3df4b662cbc419ef4ee4
x-tt-trace-id: 00-2501140029187F588260DD5E7FAD302A-76A99FF67B1CA92D-00
Expires: Tue, 14 Jan 2025 00:29:18 GMT
Cache-Control: max-age=0, no-cache, no-store
Pragma: no-cache
Date: Tue, 14 Jan 2025 00:29:18 GMT
X-Cache: TCP_MISS from a95-101-134-92.deploy.akamaitechnologies.com (AkamaiGHost/11.7.2.1-9611f29bef89eba7b18045b10aa2af98) (-)
Connection: close
x-tt-trace-tag: id=16;cdn-cache=miss;type=dyn
Server-Timing: cdn-cache; desc=MISS, edge; dur=1, origin; dur=110
X-Origin-Response-Time: 111,95.101.134.92
X-Akamai-Request-ID: f27620e

{"code": 0, "message": "OK", "request_id": "202501140029187F588260DD5E7FAD302A", "data": {}}
2025-01-14T00:29:30+00:00 DEBUG POST: https://business-api.tiktok.com/open_api/v1.3/event/track/

{"partner_name":"WooCommerce","event_source":"web","event_source_id":"CSM79Q3C77UAG1T340I0","data":[{"event":"Pageview","event_id":"6785afea06697_tt4b_woocommerce_670666209cf1f","event_time":1736814570,"user":{"ip":"166.62.89.87","user_agent":"Mozilla\/5.0 (Windows NT 10.0; Win64; x64) AppleWebKit\/537.36 (KHTML, like Gecko) Chrome\/64.0.3282.186 Safari\/537.36","locale":"ar","external_id":"0","email":"e3b0c44298fc1c149afbf4c8996fb92427ae41e4649b934ca495991b7852b855","phone_number":"e3b0c44298fc1c149afbf4c8996fb92427ae41e4649b934ca495991b7852b855","first_name":"e3b0c44298fc1c149afbf4c8996fb92427ae41e4649b934ca495991b7852b855","last_name":"e3b0c44298fc1c149afbf4c8996fb92427ae41e4649b934ca495991b7852b855","zip_code":"e3b0c44298fc1c149afbf4c8996fb92427ae41e4649b934ca495991b7852b855"},"page":{"url":"http:\/\/ibn-sinaa.com\/xmlrpc.php"}}]}
 ajax: no
2025-01-14T00:29:30+00:00 DEBUG Tt4b_Mapi_Class::mapi_post: Response: 

HTTP/1.1 200 OK
Server: nginx
Content-Type: application/json
Content-Length: 92
X-Tt-Logid: 20250114002930AF0D1D5DEEF3C3C3E97E
x-tt-trace-host: 018e5a586174a888928d793bdac74b79b56517d7628cf0ffdff56b078ad2cf5615ce2cef92a7799ace2d42b0dd87f0358362ed8fc053a2d4bba4dcd0f41d510ce4b4540948123d1f1d6e96d80346cb6a1ba2791c99c928d8402f3ae14ed08bd8516c0230d96d285fb457e175037c4c1dc3
x-tt-trace-id: 00-250114002930AF0D1D5DEEF3C3C3E97E-6C7D49ED97BAB96C-00
X-Origin-Response-Time: 31,23.213.246.207
X-Akamai-Request-ID: 569092ce.f27f792
Expires: Tue, 14 Jan 2025 00:29:30 GMT
Cache-Control: max-age=0, no-cache, no-store
Pragma: no-cache
Date: Tue, 14 Jan 2025 00:29:30 GMT
X-Cache: TCP_MISS from a95-101-134-92.deploy.akamaitechnologies.com (AkamaiGHost/11.7.2.1-9611f29bef89eba7b18045b10aa2af98) (-)
Connection: close
X-Cache-Remote: TCP_MISS from a23-213-246-207.deploy.akamaitechnologies.com (AkamaiGHost/11.8.0-1debf780f7d7c834933fa9689361eec6) (-)
x-tt-trace-tag: id=16;cdn-cache=miss;type=dyn
Server-Timing: cdn-cache; desc=MISS, edge; dur=80, origin; dur=31
Server-Timing: inner; dur=27
X-Parent-Response-Time: 111,95.101.134.92

{"code": 0, "message": "OK", "request_id": "20250114002930AF0D1D5DEEF3C3C3E97E", "data": {}}
2025-01-14T00:29:34+00:00 DEBUG POST: https://business-api.tiktok.com/open_api/v1.3/event/track/

{"partner_name":"WooCommerce","event_source":"web","event_source_id":"CSM79Q3C77UAG1T340I0","data":[{"event":"Pageview","event_id":"6785afeeddd49_tt4b_woocommerce_670666209cf1f","event_time":1736814574,"user":{"ip":"166.62.89.87","user_agent":"Mozilla\/5.0 (Windows NT 10.0; Win64; x64) AppleWebKit\/537.36 (KHTML, like Gecko) Chrome\/64.0.3282.186 Safari\/537.36","locale":"ar","external_id":"0","email":"e3b0c44298fc1c149afbf4c8996fb92427ae41e4649b934ca495991b7852b855","phone_number":"e3b0c44298fc1c149afbf4c8996fb92427ae41e4649b934ca495991b7852b855","first_name":"e3b0c44298fc1c149afbf4c8996fb92427ae41e4649b934ca495991b7852b855","last_name":"e3b0c44298fc1c149afbf4c8996fb92427ae41e4649b934ca495991b7852b855","zip_code":"e3b0c44298fc1c149afbf4c8996fb92427ae41e4649b934ca495991b7852b855"},"page":{"url":"http:\/\/ibn-sinaa.com\/xmlrpc.php"}}]}
 ajax: no
2025-01-14T00:29:35+00:00 DEBUG Tt4b_Mapi_Class::mapi_post: Response: 

HTTP/1.1 200 OK
Server: nginx
Content-Type: application/json
Content-Length: 92
X-Tt-Logid: 20250114002935C3AD652A378E32B80818
Server-Timing: inner; dur=43
x-tt-trace-host: 018e5a586174a888928d793bdac74b79b5ad707aeae3c73e258680035dfad0d1c0748f0797b23d5e1ddf3c018789cf02273a0b2a065cb2a5df32bf9b9fef09218c192492acb721ddcea3d1571f402e2ae5c08a664c8a347239078f9280af7a114e
x-tt-trace-id: 00-250114002935C3AD652A378E32B80818-0BD21278689DFED4-00
Expires: Tue, 14 Jan 2025 00:29:35 GMT
Cache-Control: max-age=0, no-cache, no-store
Pragma: no-cache
Date: Tue, 14 Jan 2025 00:29:35 GMT
X-Cache: TCP_MISS from a95-101-134-36.deploy.akamaitechnologies.com (AkamaiGHost/11.7.2.1-9611f29bef89eba7b18045b10aa2af98) (-)
Connection: close
x-tt-trace-tag: id=16;cdn-cache=miss;type=dyn
Server-Timing: cdn-cache; desc=MISS, edge; dur=1, origin; dur=122
X-Origin-Response-Time: 123,95.101.134.36
X-Akamai-Request-ID: 8730d31

{"code": 0, "message": "OK", "request_id": "20250114002935C3AD652A378E32B80818", "data": {}}
2025-01-14T00:29:39+00:00 DEBUG POST: https://business-api.tiktok.com/open_api/v1.3/event/track/

{"partner_name":"WooCommerce","event_source":"web","event_source_id":"CSM79Q3C77UAG1T340I0","data":[{"event":"Pageview","event_id":"6785aff3ddca2_tt4b_woocommerce_670666209cf1f","event_time":1736814579,"user":{"ip":"166.62.89.87","user_agent":"Mozilla\/5.0 (Windows NT 10.0; Win64; x64) AppleWebKit\/537.36 (KHTML, like Gecko) Chrome\/64.0.3282.186 Safari\/537.36","locale":"ar","external_id":"0","email":"e3b0c44298fc1c149afbf4c8996fb92427ae41e4649b934ca495991b7852b855","phone_number":"e3b0c44298fc1c149afbf4c8996fb92427ae41e4649b934ca495991b7852b855","first_name":"e3b0c44298fc1c149afbf4c8996fb92427ae41e4649b934ca495991b7852b855","last_name":"e3b0c44298fc1c149afbf4c8996fb92427ae41e4649b934ca495991b7852b855","zip_code":"e3b0c44298fc1c149afbf4c8996fb92427ae41e4649b934ca495991b7852b855"},"page":{"url":"http:\/\/ibn-sinaa.com\/xmlrpc.php"}}]}
 ajax: no
2025-01-14T00:29:40+00:00 DEBUG Tt4b_Mapi_Class::mapi_post: Response: 

HTTP/1.1 200 OK
Server: nginx
Content-Type: application/json
Content-Length: 92
X-Tt-Logid: 2025011400294009A81D63D3B43BA41C96
Server-Timing: inner; dur=23
x-tt-trace-host: 018e5a586174a888928d793bdac74b79b5ad707aeae3c73e258680035dfad0d1c06259d91e78fc03af6d268580fbcae5563379081244bb75c688d9f604ef25aaa272e919f06b59ad891908adb5cfbd74d7ae3626bddd72b04b6abdf86e0e5d3927
x-tt-trace-id: 00-25011400294009A81D63D3B43BA41C96-4AE1C7DF40D599DD-00
Expires: Tue, 14 Jan 2025 00:29:40 GMT
Cache-Control: max-age=0, no-cache, no-store
Pragma: no-cache
Date: Tue, 14 Jan 2025 00:29:40 GMT
X-Cache: TCP_MISS from a95-101-134-36.deploy.akamaitechnologies.com (AkamaiGHost/11.7.2.1-9611f29bef89eba7b18045b10aa2af98) (-)
Connection: close
x-tt-trace-tag: id=16;cdn-cache=miss;type=dyn
Server-Timing: cdn-cache; desc=MISS, edge; dur=1, origin; dur=105
X-Origin-Response-Time: 106,95.101.134.36
X-Akamai-Request-ID: 8733aa6

{"code": 0, "message": "OK", "request_id": "2025011400294009A81D63D3B43BA41C96", "data": {}}
2025-01-14T00:30:14+00:00 DEBUG POST: https://business-api.tiktok.com/open_api/v1.3/event/track/

{"partner_name":"WooCommerce","event_source":"web","event_source_id":"CSM79Q3C77UAG1T340I0","data":[{"event":"Pageview","event_id":"6785b016e8326_tt4b_woocommerce_670666209cf1f","event_time":1736814614,"user":{"ip":"66.249.66.167","user_agent":"Mozilla\/5.0 (Linux; Android 6.0.1; Nexus 5X Build\/MMB29P) AppleWebKit\/537.36 (KHTML, like Gecko) Chrome\/131.0.6778.264 Mobile Safari\/537.36 (compatible; Googlebot\/2.1; +http:\/\/www.google.com\/bot.html)","locale":"ar","external_id":"0","email":"e3b0c44298fc1c149afbf4c8996fb92427ae41e4649b934ca495991b7852b855","phone_number":"e3b0c44298fc1c149afbf4c8996fb92427ae41e4649b934ca495991b7852b855","first_name":"e3b0c44298fc1c149afbf4c8996fb92427ae41e4649b934ca495991b7852b855","last_name":"e3b0c44298fc1c149afbf4c8996fb92427ae41e4649b934ca495991b7852b855","zip_code":"e3b0c44298fc1c149afbf4c8996fb92427ae41e4649b934ca495991b7852b855"},"page":{"url":"http:\/\/www.ibn-sinaa.com\/en\/product\/%D8%B3%D8%AC%D9%84%D8%A7%D8%AA-%D9%85%D8%A7%D8%AF%D8%A9-%D8%A7%D9%84%D9%83%D9%8A%D9%85%D9%8A%D8%A7%D8%A1\/"}}]}
 ajax: no
2025-01-14T00:30:15+00:00 DEBUG Tt4b_Mapi_Class::mapi_post: Response: 

HTTP/1.1 200 OK
Server: nginx
Content-Type: application/json
Content-Length: 92
X-Tt-Logid: 20250114003015250B9E33AF2C83B58D82
x-tt-trace-host: 018e5a586174a888928d793bdac74b79b52a36c08622bbc2ac99357be22beb959a2787acf23a7d643b2b877c9dc000de69654989fdaa3b36217e51ceb37b003307f5ba0583520f580747701a53e0a9150534ece21ee931164392e5dcf0d3e5c166a32716df2dca308786b1e9a68d58f322
x-tt-trace-id: 00-250114003015250B9E33AF2C83B58D82-13226A46832D4B56-00
X-Origin-Response-Time: 45,23.213.246.207
X-Akamai-Request-ID: 5699478f.8746b1c
Expires: Tue, 14 Jan 2025 00:30:15 GMT
Cache-Control: max-age=0, no-cache, no-store
Pragma: no-cache
Date: Tue, 14 Jan 2025 00:30:15 GMT
X-Cache: TCP_MISS from a95-101-134-36.deploy.akamaitechnologies.com (AkamaiGHost/11.7.2.1-9611f29bef89eba7b18045b10aa2af98) (-)
Connection: close
X-Cache-Remote: TCP_MISS from a23-213-246-207.deploy.akamaitechnologies.com (AkamaiGHost/11.8.0-1debf780f7d7c834933fa9689361eec6) (-)
x-tt-trace-tag: id=16;cdn-cache=miss;type=dyn
Server-Timing: cdn-cache; desc=MISS, edge; dur=79, origin; dur=45
Server-Timing: inner; dur=37
X-Parent-Response-Time: 124,95.101.134.36

{"code": 0, "message": "OK", "request_id": "20250114003015250B9E33AF2C83B58D82", "data": {}}
2025-01-14T00:30:44+00:00 DEBUG Tt4b_Pixel_Class::inject_add_to_cart_event: hit AddToCart
2025-01-14T00:30:44+00:00 DEBUG POST: https://business-api.tiktok.com/open_api/v1.3/event/track/

{"partner_name":"WooCommerce","event_source":"web","event_source_id":"CSM79Q3C77UAG1T340I0","data":[{"event":"AddToCart","event_id":"6785b034df837_tt4b_woocommerce_670666209cf1f_4436","event_time":1736814644,"user":{"ip":"54.36.149.50","user_agent":"Mozilla\/5.0 (compatible; AhrefsBot\/7.0; +http:\/\/ahrefs.com\/robot\/)","locale":"ar","external_id":"0","email":"e3b0c44298fc1c149afbf4c8996fb92427ae41e4649b934ca495991b7852b855","phone_number":"e3b0c44298fc1c149afbf4c8996fb92427ae41e4649b934ca495991b7852b855","first_name":"e3b0c44298fc1c149afbf4c8996fb92427ae41e4649b934ca495991b7852b855","last_name":"e3b0c44298fc1c149afbf4c8996fb92427ae41e4649b934ca495991b7852b855","zip_code":"e3b0c44298fc1c149afbf4c8996fb92427ae41e4649b934ca495991b7852b855"},"properties":{"contents":[{"price":180,"quantity":1,"content_id":"4436","content_name":"\u062a\u0642\u0648\u064a\u0645 \u062e\u0634\u0628 \u0648\u0633\u0637 \u0645\u0639 \u062c\u0644\u062f","description":"\u062a\u0642\u0648\u064a\u0645 \u0645\u064a\u0644\u0627\u062f\u064a \u062e\u0634\u0628: \u062a\u0635\u0645\u064a\u0645 \u0639\u0635\u0631\u064a \u0648\u0623\u0646\u064a\u0642\u060c \u0645\u0635\u0646\u0648\u0639 \u0645\u0646 \u0627\u0644\u062e\u0634\u0628 \u0627\u0644\u0645\u062a\u064a\u0646 \u0628\u0648\u0636\u0648\u062d \u0627\u0633\u062a\u062b\u0646\u0627\u0626\u064a \u0644\u0644\u0643\u062a\u0627\u0628\u0629 \u0648\u0627\u0644\u0631\u0624\u064a\u0629\u060c \u064a\u0636\u064a\u0641 \u0644\u0645\u0633\u0629 \u0645\u0646 \u0627\u0644\u0641\u062e\u0627\u0645\u0629 \u0648\u0627\u0644\u062a\u0646\u0638\u064a\u0645 \u0644\u0645\u0643\u062a\u0628\u0643. \u0645\u062b\u0627\u0644\u064a \u0644\u062a\u0646\u0638\u064a\u0645 \u0627\u0644\u0645\u0648\u0627\u0639\u064a\u062f \u0648\u0627\u0644\u0627\u062c\u062a\u0645\u0627\u0639\u0627\u062a\u060c \u0648\u064a\u0636\u0641\u064a \u062c\u0627\u0630\u0628\u064a\u0629 \u0639\u0644\u0649 \u0645\u0633\u0627\u062d\u0629 \u0627\u0644\u0639\u0645\u0644 \u0627\u0644\u062e\u0627\u0635\u0629 \u0628\u0643.","availability":"IN_STOCK","sale_price":180,"on_sale":false}],"content_type":"product","currency":"SAR","value":180,"event_trigger_source":"WooCommerce"},"page":{"url":"http:\/\/www.ibn-sinaa.com\/product\/%D8%AA%D9%82%D9%88%D9%8A%D9%85-%D9%85%D9%8A%D9%84%D8%A7%D8%AF%D9%8A-%D8%AE%D8%B4%D8%A8\/?add-to-cart=4436"}}]}
 ajax: no
2025-01-14T00:30:45+00:00 DEBUG Tt4b_Mapi_Class::mapi_post: Response: 

HTTP/1.1 200 OK
Server: nginx
Content-Type: application/json
Content-Length: 92
X-Tt-Logid: 20250114003045F21DFD759CEEF6A99316
x-tt-trace-host: 018e5a586174a888928d793bdac74b79b56517d7628cf0ffdff56b078ad2cf561536349692ea59039ef4c791b28f92d6846985619537abf103250bf0a09157266fdbd7aac824b2f272b08e4f9e727fc16c791342342be1cc8fb61a4e65cb548ed92bfdea2f371a88c4737f80b2e4cc6c44
x-tt-trace-id: 00-250114003045F21DFD759CEEF6A99316-0B5BF1208688FE4A-00
X-Origin-Response-Time: 33,23.54.205.238
X-Akamai-Request-ID: 36fb5c98.f2bfcc3
Expires: Tue, 14 Jan 2025 00:30:45 GMT
Cache-Control: max-age=0, no-cache, no-store
Pragma: no-cache
Date: Tue, 14 Jan 2025 00:30:45 GMT
X-Cache: TCP_MISS from a95-101-134-92.deploy.akamaitechnologies.com (AkamaiGHost/11.7.2.1-9611f29bef89eba7b18045b10aa2af98) (-)
Connection: close
X-Cache-Remote: TCP_MISS from a23-54-205-238.deploy.akamaitechnologies.com (AkamaiGHost/11.7.2.1-9611f29bef89eba7b18045b10aa2af98) (-)
x-tt-trace-tag: id=16;cdn-cache=miss;type=dyn
Server-Timing: cdn-cache; desc=MISS, edge; dur=82, origin; dur=33
Server-Timing: inner; dur=28
X-Parent-Response-Time: 114,95.101.134.92

{"code": 0, "message": "OK", "request_id": "20250114003045F21DFD759CEEF6A99316", "data": {}}
2025-01-14T00:32:13+00:00 DEBUG POST: https://business-api.tiktok.com/open_api/v1.3/event/track/

{"partner_name":"WooCommerce","event_source":"web","event_source_id":"CSM79Q3C77UAG1T340I0","data":[{"event":"Pageview","event_id":"6785b08dc9f0d_tt4b_woocommerce_670666209cf1f","event_time":1736814733,"user":{"ip":"66.249.66.166","user_agent":"Mozilla\/5.0 (Linux; Android 6.0.1; Nexus 5X Build\/MMB29P) AppleWebKit\/537.36 (KHTML, like Gecko) Chrome\/131.0.6778.264 Mobile Safari\/537.36 (compatible; Googlebot\/2.1; +http:\/\/www.google.com\/bot.html)","locale":"ar","external_id":"0","email":"e3b0c44298fc1c149afbf4c8996fb92427ae41e4649b934ca495991b7852b855","phone_number":"e3b0c44298fc1c149afbf4c8996fb92427ae41e4649b934ca495991b7852b855","first_name":"e3b0c44298fc1c149afbf4c8996fb92427ae41e4649b934ca495991b7852b855","last_name":"e3b0c44298fc1c149afbf4c8996fb92427ae41e4649b934ca495991b7852b855","zip_code":"e3b0c44298fc1c149afbf4c8996fb92427ae41e4649b934ca495991b7852b855"},"page":{"url":"http:\/\/www.ibn-sinaa.com\/product-category\/print-occasions\/"}}]}
 ajax: no
2025-01-14T00:32:14+00:00 DEBUG Tt4b_Mapi_Class::mapi_post: Response: 

HTTP/1.1 200 OK
Server: nginx
Content-Type: application/json
Content-Length: 92
X-Tt-Logid: 202501140032134A278A5A8D242DC7E457
Server-Timing: inner; dur=25
x-tt-trace-host: 018e5a586174a888928d793bdac74b79b51a437ee89a1c03eb2011d034a2e3e9f5573cfcf7b097b2a1e9dd760ece4424a2fa122beb0cce077f43810f98e2b432632dcea1034a081645019557205b78d5e9a93f25ee1264c369a56a2442ac12e1bb
x-tt-trace-id: 00-2501140032134A278A5A8D242DC7E457-10ABBAE72F867F61-00
Expires: Tue, 14 Jan 2025 00:32:14 GMT
Cache-Control: max-age=0, no-cache, no-store
Pragma: no-cache
Date: Tue, 14 Jan 2025 00:32:14 GMT
X-Cache: TCP_MISS from a95-101-134-92.deploy.akamaitechnologies.com (AkamaiGHost/11.7.2.1-9611f29bef89eba7b18045b10aa2af98) (-)
Connection: close
x-tt-trace-tag: id=16;cdn-cache=miss;type=dyn
Server-Timing: cdn-cache; desc=MISS, edge; dur=2, origin; dur=134
X-Origin-Response-Time: 135,95.101.134.92
X-Akamai-Request-ID: f3130e6

{"code": 0, "message": "OK", "request_id": "202501140032134A278A5A8D242DC7E457", "data": {}}
2025-01-14T00:34:33+00:00 DEBUG POST: https://business-api.tiktok.com/open_api/v1.3/event/track/

{"partner_name":"WooCommerce","event_source":"web","event_source_id":"CSM79Q3C77UAG1T340I0","data":[{"event":"Pageview","event_id":"6785b1195b55a_tt4b_woocommerce_670666209cf1f","event_time":1736814873,"user":{"ip":"66.249.66.70","user_agent":"Mozilla\/5.0 (Linux; Android 6.0.1; Nexus 5X Build\/MMB29P) AppleWebKit\/537.36 (KHTML, like Gecko) Chrome\/131.0.6778.264 Mobile Safari\/537.36 (compatible; Googlebot\/2.1; +http:\/\/www.google.com\/bot.html)","locale":"ar","external_id":"0","email":"e3b0c44298fc1c149afbf4c8996fb92427ae41e4649b934ca495991b7852b855","phone_number":"e3b0c44298fc1c149afbf4c8996fb92427ae41e4649b934ca495991b7852b855","first_name":"e3b0c44298fc1c149afbf4c8996fb92427ae41e4649b934ca495991b7852b855","last_name":"e3b0c44298fc1c149afbf4c8996fb92427ae41e4649b934ca495991b7852b855","zip_code":"e3b0c44298fc1c149afbf4c8996fb92427ae41e4649b934ca495991b7852b855"},"page":{"url":"http:\/\/ibn-sinaa.com\/product\/school-records-art-education\/"}}]}
 ajax: no
2025-01-14T00:34:33+00:00 DEBUG Tt4b_Mapi_Class::mapi_post: Response: 

HTTP/1.1 200 OK
Server: nginx
Content-Type: application/json
Content-Length: 92
X-Tt-Logid: 202501140034334EDDD836F099193C4918
Server-Timing: inner; dur=30
x-tt-trace-host: 018e5a586174a888928d793bdac74b79b5ad707aeae3c73e258680035dfad0d1c0ea59fb59e7d1a8428aaba98f75633ddcf1a05d2d27c08455575f9bf8354d49e2b7f9a1fbb658f01836320e96044d0aaa6afd6b49459b1300cd8a400c34ee10b1
x-tt-trace-id: 00-2501140034334EDDD836F099193C4918-5A90DB1C8B196FF3-00
Expires: Tue, 14 Jan 2025 00:34:33 GMT
Cache-Control: max-age=0, no-cache, no-store
Pragma: no-cache
Date: Tue, 14 Jan 2025 00:34:33 GMT
X-Cache: TCP_MISS from a95-101-134-36.deploy.akamaitechnologies.com (AkamaiGHost/11.7.2.1-9611f29bef89eba7b18045b10aa2af98) (-)
Connection: close
x-tt-trace-tag: id=16;cdn-cache=miss;type=dyn
Server-Timing: cdn-cache; desc=MISS, edge; dur=0, origin; dur=141
X-Origin-Response-Time: 141,95.101.134.36
X-Akamai-Request-ID: 87dab2f

{"code": 0, "message": "OK", "request_id": "202501140034334EDDD836F099193C4918", "data": {}}
2025-01-14T00:34:33+00:00 DEBUG Tt4b_Pixel_Class::inject_view_content_event: hit ViewContent
2025-01-14T00:34:33+00:00 DEBUG POST: https://business-api.tiktok.com/open_api/v1.3/event/track/

{"partner_name":"WooCommerce","event_source":"web","event_source_id":"CSM79Q3C77UAG1T340I0","data":[{"event":"ViewContent","event_id":"6785b119a2c47_tt4b_woocommerce_670666209cf1f_4111","event_time":1736814873,"user":{"ip":"66.249.66.70","user_agent":"Mozilla\/5.0 (Linux; Android 6.0.1; Nexus 5X Build\/MMB29P) AppleWebKit\/537.36 (KHTML, like Gecko) Chrome\/131.0.6778.264 Mobile Safari\/537.36 (compatible; Googlebot\/2.1; +http:\/\/www.google.com\/bot.html)","locale":"ar","external_id":"0","email":"e3b0c44298fc1c149afbf4c8996fb92427ae41e4649b934ca495991b7852b855","phone_number":"e3b0c44298fc1c149afbf4c8996fb92427ae41e4649b934ca495991b7852b855","first_name":"e3b0c44298fc1c149afbf4c8996fb92427ae41e4649b934ca495991b7852b855","last_name":"e3b0c44298fc1c149afbf4c8996fb92427ae41e4649b934ca495991b7852b855","zip_code":"e3b0c44298fc1c149afbf4c8996fb92427ae41e4649b934ca495991b7852b855"},"properties":{"contents":[{"price":65,"quantity":1,"content_id":"4111","content_name":"\u0633\u062c\u0644\u0627\u062a \u0645\u0627\u062f\u0629 \u0627\u0644\u062a\u0631\u0628\u064a\u0629 \u0627\u0644\u0641\u0646\u064a\u0629","description":". \u0637\u0628\u0627\u0639\u0647 \u0633\u062c\u0644\u0627\u062a \u0645\u062f\u0631\u0633\u064a\u0629 \u0627\u062d\u062a\u0631\u0627\u0641\u064a\u0629 \u062e\u0627\u0645\u062a\u0647\u0627 \u0643\u0631\u062a\u0648\u0646 2000 \u062c\u0631\u0627\u0645,\u062a\u0636\u0627\u0641 \u0637\u0628\u0642\u0629 \u062d\u0645\u0627\u064a\u0647 \u0627\u0633\u062a\u064a\u0643\u0631 \u0645\u0639 \u0633\u0644\u0648\u0641\u0627\u0646 \u0644\u0627\u0645\u0639.\r\n. \u0645\u062a\u0648\u0641\u0631 \u0628 \u0627\u062d\u062c\u0627\u0645 \u0645\u062e\u062a\u0644\u0641\u0647 ( \u0635\u063a\u064a\u0631, \u0648\u0633\u0637 , \u0643\u0628\u064a\u0631 ).\r\n. \u064a\u062a\u0633\u0639 \u0627\u0644\u0645\u0642\u0627\u0633 \u0627\u0644\u0635\u063a\u064a\u0631 ( \u0645\u0646 50 \u0627\u0644\u0649 150 \u0648\u0631\u0642\u0629 )\r\n. \u064a\u062a\u0633\u0639 \u0627\u0644\u0648\u0633\u0637 ( \u0645\u0646 150 \u0627\u0644\u0649 300 \u0648\u0631\u0642\u0629 )\r\n. \u0627\u0644\u0643\u0628\u064a\u0631 ( \u0645\u0646 300 \u0627\u0644\u0649 400 \u0648\u0631\u0642\u0629 ).\r\n. \u0645\u062f\u0629 \u0627\u0644\u062a\u0646\u0641\u064a\u0630 : 3-5 \u0627\u064a\u0627\u0645 \u0648\u062a\u0632\u064a\u062f \u0627\u0644\u0645\u062f\u0629 \u0639\u0646 \u0637\u0644\u0628 \u0627\u0644\u0634\u062d\u0646.","availability":"IN_STOCK","sale_price":65,"on_sale":false}],"content_type":"product","currency":"SAR","value":65,"event_trigger_source":"WooCommerce"},"page":{"url":"http:\/\/ibn-sinaa.com\/product\/school-records-art-education\/"}}]}
 ajax: no
2025-01-14T00:34:33+00:00 DEBUG Tt4b_Mapi_Class::mapi_post: Response: 

HTTP/1.1 200 OK
Server: nginx
Content-Type: application/json
Content-Length: 92
X-Tt-Logid: 20250114003433D5C50DEDFD7E5BCB874C
x-tt-trace-host: 018e5a586174a888928d793bdac74b79b56517d7628cf0ffdff56b078ad2cf56151515f2484181e372668a861a2249ee9a1e26a3b217f444de271e5f74b699bc9436dce7da6e8b079bc15889c53a30067045ee70ffe1fcc2954ee696c10c30ecccc7afad00046f8ac6971371fc7d2ad5d1
x-tt-trace-id: 00-250114003433D5C50DEDFD7E5BCB874C-072BE513585746D9-00
X-Origin-Response-Time: 35,23.213.246.199
X-Akamai-Request-ID: 8d1f603e.f392d92
Expires: Tue, 14 Jan 2025 00:34:33 GMT
Cache-Control: max-age=0, no-cache, no-store
Pragma: no-cache
Date: Tue, 14 Jan 2025 00:34:33 GMT
X-Cache: TCP_MISS from a95-101-134-92.deploy.akamaitechnologies.com (AkamaiGHost/11.7.2.1-9611f29bef89eba7b18045b10aa2af98) (-)
Connection: close
X-Cache-Remote: TCP_MISS from a23-213-246-199.deploy.akamaitechnologies.com (AkamaiGHost/11.8.0-1debf780f7d7c834933fa9689361eec6) (-)
x-tt-trace-tag: id=16;cdn-cache=miss;type=dyn
Server-Timing: cdn-cache; desc=MISS, edge; dur=80, origin; dur=34
Server-Timing: inner; dur=31
X-Parent-Response-Time: 114,95.101.134.92

{"code": 0, "message": "OK", "request_id": "20250114003433D5C50DEDFD7E5BCB874C", "data": {}}
2025-01-14T00:34:37+00:00 DEBUG POST: https://business-api.tiktok.com/open_api/v1.3/event/track/

{"partner_name":"WooCommerce","event_source":"web","event_source_id":"CSM79Q3C77UAG1T340I0","data":[{"event":"Pageview","event_id":"6785b11dbe49f_tt4b_woocommerce_670666209cf1f","event_time":1736814877,"user":{"ip":"66.249.66.71","user_agent":"Mozilla\/5.0 (Linux; Android 6.0.1; Nexus 5X Build\/MMB29P) AppleWebKit\/537.36 (KHTML, like Gecko) Chrome\/131.0.6778.264 Mobile Safari\/537.36 (compatible; Googlebot\/2.1; +http:\/\/www.google.com\/bot.html)","locale":"ar","external_id":"0","email":"e3b0c44298fc1c149afbf4c8996fb92427ae41e4649b934ca495991b7852b855","phone_number":"e3b0c44298fc1c149afbf4c8996fb92427ae41e4649b934ca495991b7852b855","first_name":"e3b0c44298fc1c149afbf4c8996fb92427ae41e4649b934ca495991b7852b855","last_name":"e3b0c44298fc1c149afbf4c8996fb92427ae41e4649b934ca495991b7852b855","zip_code":"e3b0c44298fc1c149afbf4c8996fb92427ae41e4649b934ca495991b7852b855"},"page":{"url":"http:\/\/ibn-sinaa.com\/privacy-policy\/"}}]}
 ajax: no
2025-01-14T00:34:37+00:00 DEBUG Tt4b_Mapi_Class::mapi_post: Response: 

HTTP/1.1 200 OK
Server: nginx
Content-Type: application/json
Content-Length: 92
X-Tt-Logid: 20250114003437A2C96019C0658B5A9A4F
x-tt-trace-host: 018e5a586174a888928d793bdac74b79b56517d7628cf0ffdff56b078ad2cf5615e4abcd256ff43ce7b10cc6a7ea6ff940e4c5936d49aca948025d7ab07c1ff8ccc3b81ba38360dd4ee2a9cff5117c475bccad5c4d4c0af13907b8785d38e8a06a7cae85ac18b927a4724c682b5ad30d26
x-tt-trace-id: 00-250114003437A2C96019C0658B5A9A4F-257B8533904DC5AC-00
X-Origin-Response-Time: 31,23.54.205.233
X-Akamai-Request-ID: ce3b058.f39627f
Expires: Tue, 14 Jan 2025 00:34:37 GMT
Cache-Control: max-age=0, no-cache, no-store
Pragma: no-cache
Date: Tue, 14 Jan 2025 00:34:37 GMT
X-Cache: TCP_MISS from a95-101-134-92.deploy.akamaitechnologies.com (AkamaiGHost/11.7.2.1-9611f29bef89eba7b18045b10aa2af98) (-)
Connection: close
X-Cache-Remote: TCP_MISS from a23-54-205-233.deploy.akamaitechnologies.com (AkamaiGHost/11.8.0-1debf780f7d7c834933fa9689361eec6) (-)
x-tt-trace-tag: id=16;cdn-cache=miss;type=dyn
Server-Timing: cdn-cache; desc=MISS, edge; dur=82, origin; dur=31
Server-Timing: inner; dur=25
X-Parent-Response-Time: 113,95.101.134.92

{"code": 0, "message": "OK", "request_id": "20250114003437A2C96019C0658B5A9A4F", "data": {}}
2025-01-14T00:36:51+00:00 DEBUG POST: https://business-api.tiktok.com/open_api/v1.3/event/track/

{"partner_name":"WooCommerce","event_source":"web","event_source_id":"CSM79Q3C77UAG1T340I0","data":[{"event":"Pageview","event_id":"6785b1a30e8b4_tt4b_woocommerce_670666209cf1f","event_time":1736815011,"user":{"ip":"66.249.66.167","user_agent":"Mozilla\/5.0 (Linux; Android 6.0.1; Nexus 5X Build\/MMB29P) AppleWebKit\/537.36 (KHTML, like Gecko) Chrome\/131.0.6778.264 Mobile Safari\/537.36 (compatible; Googlebot\/2.1; +http:\/\/www.google.com\/bot.html)","locale":"ar","external_id":"0","email":"e3b0c44298fc1c149afbf4c8996fb92427ae41e4649b934ca495991b7852b855","phone_number":"e3b0c44298fc1c149afbf4c8996fb92427ae41e4649b934ca495991b7852b855","first_name":"e3b0c44298fc1c149afbf4c8996fb92427ae41e4649b934ca495991b7852b855","last_name":"e3b0c44298fc1c149afbf4c8996fb92427ae41e4649b934ca495991b7852b855","zip_code":"e3b0c44298fc1c149afbf4c8996fb92427ae41e4649b934ca495991b7852b855"},"page":{"url":"http:\/\/www.ibn-sinaa.com\/product-tag\/%D8%B7%D8%A8%D8%A7%D8%B9%D8%A9-%D8%AA%D9%82%D9%88%D9%8A%D9%85-2025\/page\/2\/"}}]}
 ajax: no
2025-01-14T00:36:51+00:00 DEBUG Tt4b_Mapi_Class::mapi_post: Response: 

HTTP/1.1 200 OK
Server: nginx
Content-Type: application/json
Content-Length: 92
X-Tt-Logid: 20250114003651128847FAE7063B23F84A
x-tt-trace-host: 018e5a586174a888928d793bdac74b79b52a36c08622bbc2ac99357be22beb959ad4bc43923c2f3068bd445c1ca4653a384d6295db7fd7d891343def4a8d94c7824f4ec1a59b759460873a6f143028678891edeaf31f8b6708aef7bed21674678bcde42164f36298bc55fb156253640dae
x-tt-trace-id: 00-250114003651128847FAE7063B23F84A-59C22183A01956DB-00
X-Origin-Response-Time: 135,23.213.246.229
X-Akamai-Request-ID: 46074f78.8829711
Expires: Tue, 14 Jan 2025 00:36:51 GMT
Cache-Control: max-age=0, no-cache, no-store
Pragma: no-cache
Date: Tue, 14 Jan 2025 00:36:51 GMT
X-Cache: TCP_MISS from a95-101-134-36.deploy.akamaitechnologies.com (AkamaiGHost/11.7.2.1-9611f29bef89eba7b18045b10aa2af98) (-)
Connection: close
X-Cache-Remote: TCP_MISS from a23-213-246-229.deploy.akamaitechnologies.com (AkamaiGHost/11.7.2.1-9611f29bef89eba7b18045b10aa2af98) (-)
x-tt-trace-tag: id=16;cdn-cache=miss;type=dyn
Server-Timing: cdn-cache; desc=MISS, edge; dur=88, origin; dur=134
Server-Timing: inner; dur=126
X-Parent-Response-Time: 220,95.101.134.36

{"code": 0, "message": "OK", "request_id": "20250114003651128847FAE7063B23F84A", "data": {}}
2025-01-14T00:37:27+00:00 DEBUG POST: https://business-api.tiktok.com/open_api/v1.3/event/track/

{"partner_name":"WooCommerce","event_source":"web","event_source_id":"CSM79Q3C77UAG1T340I0","data":[{"event":"Pageview","event_id":"6785b1c71205c_tt4b_woocommerce_670666209cf1f","event_time":1736815047,"user":{"ip":"66.249.66.167","user_agent":"Mozilla\/5.0 (Linux; Android 6.0.1; Nexus 5X Build\/MMB29P) AppleWebKit\/537.36 (KHTML, like Gecko) Chrome\/131.0.6778.264 Mobile Safari\/537.36 (compatible; Googlebot\/2.1; +http:\/\/www.google.com\/bot.html)","locale":"ar","external_id":"0","email":"e3b0c44298fc1c149afbf4c8996fb92427ae41e4649b934ca495991b7852b855","phone_number":"e3b0c44298fc1c149afbf4c8996fb92427ae41e4649b934ca495991b7852b855","first_name":"e3b0c44298fc1c149afbf4c8996fb92427ae41e4649b934ca495991b7852b855","last_name":"e3b0c44298fc1c149afbf4c8996fb92427ae41e4649b934ca495991b7852b855","zip_code":"e3b0c44298fc1c149afbf4c8996fb92427ae41e4649b934ca495991b7852b855"},"page":{"url":"http:\/\/www.ibn-sinaa.com\/en\/product-category\/%D8%B7%D8%A8%D8%A7%D8%B9%D8%A9-%D8%AF%D9%8A%D8%AC%D8%AA%D8%A7%D9%84\/%D9%88%D8%B1%D9%82-%D8%AE%D8%B7%D8%A7%D8%A8%D8%A7%D8%AA\/"}}]}
 ajax: no
2025-01-14T00:37:27+00:00 DEBUG Tt4b_Mapi_Class::mapi_post: Response: 

HTTP/1.1 200 OK
Server: nginx
Content-Type: application/json
Content-Length: 92
X-Tt-Logid: 20250114003727B3487933B8C3D5B1C2DC
x-tt-trace-host: 018e5a586174a888928d793bdac74b79b52a36c08622bbc2ac99357be22beb959a59dd1cb72f86ab41c8c4ff1aa487888877f65f9f0c4c7c279b6cf62b6be33e155a1915193fcdc0250a5449ad6877f30f455c0c85eb1959bfc176ff48ffabf3ffa9dd46591225ef3adda52617a582e98f
x-tt-trace-id: 00-250114003727B3487933B8C3D5B1C2DC-7F10F79A866820AC-00
X-Origin-Response-Time: 537,23.207.199.10
X-Akamai-Request-ID: 4aceb35.883d6cb
Expires: Tue, 14 Jan 2025 00:37:27 GMT
Cache-Control: max-age=0, no-cache, no-store
Pragma: no-cache
Date: Tue, 14 Jan 2025 00:37:27 GMT
X-Cache: TCP_MISS from a95-101-134-36.deploy.akamaitechnologies.com (AkamaiGHost/11.7.2.1-9611f29bef89eba7b18045b10aa2af98) (-)
Connection: close
X-Cache-Remote: TCP_MISS from a23-207-199-10.deploy.akamaitechnologies.com (AkamaiGHost/11.7.2.1-9611f29bef89eba7b18045b10aa2af98) (-)
x-tt-trace-tag: id=16;cdn-cache=miss;type=dyn
Server-Timing: cdn-cache; desc=MISS, edge; dur=82, origin; dur=537
Server-Timing: inner; dur=520
X-Parent-Response-Time: 619,95.101.134.36

{"code": 0, "message": "OK", "request_id": "20250114003727B3487933B8C3D5B1C2DC", "data": {}}
2025-01-14T00:38:25+00:00 DEBUG POST: https://business-api.tiktok.com/open_api/v1.3/event/track/

{"partner_name":"WooCommerce","event_source":"web","event_source_id":"CSM79Q3C77UAG1T340I0","data":[{"event":"Pageview","event_id":"6785b2016523e_tt4b_woocommerce_670666209cf1f","event_time":1736815105,"user":{"ip":"66.249.66.166","user_agent":"Mozilla\/5.0 (Linux; Android 6.0.1; Nexus 5X Build\/MMB29P) AppleWebKit\/537.36 (KHTML, like Gecko) Chrome\/131.0.6778.264 Mobile Safari\/537.36 (compatible; Googlebot\/2.1; +http:\/\/www.google.com\/bot.html)","locale":"ar","external_id":"0","email":"e3b0c44298fc1c149afbf4c8996fb92427ae41e4649b934ca495991b7852b855","phone_number":"e3b0c44298fc1c149afbf4c8996fb92427ae41e4649b934ca495991b7852b855","first_name":"e3b0c44298fc1c149afbf4c8996fb92427ae41e4649b934ca495991b7852b855","last_name":"e3b0c44298fc1c149afbf4c8996fb92427ae41e4649b934ca495991b7852b855","zip_code":"e3b0c44298fc1c149afbf4c8996fb92427ae41e4649b934ca495991b7852b855"},"page":{"url":"http:\/\/www.ibn-sinaa.com\/en\/product\/%D9%88%D8%B1%D9%82-%D8%AE%D8%B7%D8%A7%D8%A8%D8%A7%D8%AA-%D9%85%D9%82%D9%85%D8%B4\/feed\/"}}]}
 ajax: no
2025-01-14T00:38:25+00:00 DEBUG Tt4b_Mapi_Class::mapi_post: Response: 

HTTP/1.1 200 OK
Server: nginx
Content-Type: application/json
Content-Length: 92
X-Tt-Logid: 2025011400382554AF5DE9ACD8A41B4DDF
x-tt-trace-host: 018e5a586174a888928d793bdac74b79b56517d7628cf0ffdff56b078ad2cf561571a40b14dc9d18730fc4fcdd3fec3a5ea2729376f81ac15bbe0270fd80cc067cf127bb6097ae965c6f0855f33c79921af4b6653b8769cfd7a353f5aee866383c918310207bc61c5d3b5692b69db9a5b2
x-tt-trace-id: 00-25011400382554AF5DE9ACD8A41B4DDF-572A5CE03301345E-00
X-Origin-Response-Time: 34,23.207.199.55
X-Akamai-Request-ID: 1fcff68.f4685ca
Expires: Tue, 14 Jan 2025 00:38:25 GMT
Cache-Control: max-age=0, no-cache, no-store
Pragma: no-cache
Date: Tue, 14 Jan 2025 00:38:25 GMT
X-Cache: TCP_MISS from a95-101-134-92.deploy.akamaitechnologies.com (AkamaiGHost/11.7.2.1-9611f29bef89eba7b18045b10aa2af98) (-)
Connection: close
X-Cache-Remote: TCP_MISS from a23-207-199-55.deploy.akamaitechnologies.com (AkamaiGHost/11.8.0-1debf780f7d7c834933fa9689361eec6) (-)
x-tt-trace-tag: id=16;cdn-cache=miss;type=dyn
Server-Timing: cdn-cache; desc=MISS, edge; dur=86, origin; dur=34
Server-Timing: inner; dur=29
X-Parent-Response-Time: 117,95.101.134.92

{"code": 0, "message": "OK", "request_id": "2025011400382554AF5DE9ACD8A41B4DDF", "data": {}}
2025-01-14T00:44:20+00:00 DEBUG POST: https://business-api.tiktok.com/open_api/v1.3/event/track/

{"partner_name":"WooCommerce","event_source":"web","event_source_id":"CSM79Q3C77UAG1T340I0","data":[{"event":"Pageview","event_id":"6785b36449aef_tt4b_woocommerce_670666209cf1f","event_time":1736815460,"user":{"ip":"66.249.66.166","user_agent":"Mozilla\/5.0 (Linux; Android 6.0.1; Nexus 5X Build\/MMB29P) AppleWebKit\/537.36 (KHTML, like Gecko) Chrome\/131.0.6778.264 Mobile Safari\/537.36 (compatible; Googlebot\/2.1; +http:\/\/www.google.com\/bot.html)","locale":"ar","external_id":"0","email":"e3b0c44298fc1c149afbf4c8996fb92427ae41e4649b934ca495991b7852b855","phone_number":"e3b0c44298fc1c149afbf4c8996fb92427ae41e4649b934ca495991b7852b855","first_name":"e3b0c44298fc1c149afbf4c8996fb92427ae41e4649b934ca495991b7852b855","last_name":"e3b0c44298fc1c149afbf4c8996fb92427ae41e4649b934ca495991b7852b855","zip_code":"e3b0c44298fc1c149afbf4c8996fb92427ae41e4649b934ca495991b7852b855"},"page":{"url":"http:\/\/www.ibn-sinaa.com\/product-tag\/%D9%85%D8%B0%D9%83%D8%B1%D8%A9-%D8%B4%D8%AE%D8%B5%D9%8A%D8%A9\/"}}]}
 ajax: no
2025-01-14T00:44:20+00:00 DEBUG Tt4b_Mapi_Class::mapi_post: Response: 

HTTP/1.1 200 OK
Server: nginx
Content-Type: application/json
Content-Length: 92
X-Tt-Logid: 20250114004420D2985A895A64B116E6A5
Server-Timing: inner; dur=44
x-tt-trace-host: 018e5a586174a888928d793bdac74b79b5ad707aeae3c73e258680035dfad0d1c01b88211ddcfd1a6c0adac9435fdd10495119d7f19cd8e42348e44d15ccdf7de494ef30a6871d04b326370a38dc06df0754717b493e9901bb982ae194ef259aa9
x-tt-trace-id: 00-250114004420D2985A895A64B116E6A5-392C7933547FDAB6-00
Expires: Tue, 14 Jan 2025 00:44:20 GMT
Cache-Control: max-age=0, no-cache, no-store
Pragma: no-cache
Date: Tue, 14 Jan 2025 00:44:20 GMT
X-Cache: TCP_MISS from a95-101-134-36.deploy.akamaitechnologies.com (AkamaiGHost/11.7.2.1-9611f29bef89eba7b18045b10aa2af98) (-)
Connection: close
x-tt-trace-tag: id=16;cdn-cache=miss;type=dyn
Server-Timing: cdn-cache; desc=MISS, edge; dur=1, origin; dur=123
X-Origin-Response-Time: 123,95.101.134.36
X-Akamai-Request-ID: 8929785

{"code": 0, "message": "OK", "request_id": "20250114004420D2985A895A64B116E6A5", "data": {}}
2025-01-14T00:44:28+00:00 DEBUG POST: https://business-api.tiktok.com/open_api/v1.3/event/track/

{"partner_name":"WooCommerce","event_source":"web","event_source_id":"CSM79Q3C77UAG1T340I0","data":[{"event":"Pageview","event_id":"6785b36c79e8d_tt4b_woocommerce_670666209cf1f","event_time":1736815468,"user":{"ip":"66.249.66.165","user_agent":"Mozilla\/5.0 (Linux; Android 6.0.1; Nexus 5X Build\/MMB29P) AppleWebKit\/537.36 (KHTML, like Gecko) Chrome\/131.0.6778.264 Mobile Safari\/537.36 (compatible; Googlebot\/2.1; +http:\/\/www.google.com\/bot.html)","locale":"ar","external_id":"0","email":"e3b0c44298fc1c149afbf4c8996fb92427ae41e4649b934ca495991b7852b855","phone_number":"e3b0c44298fc1c149afbf4c8996fb92427ae41e4649b934ca495991b7852b855","first_name":"e3b0c44298fc1c149afbf4c8996fb92427ae41e4649b934ca495991b7852b855","last_name":"e3b0c44298fc1c149afbf4c8996fb92427ae41e4649b934ca495991b7852b855","zip_code":"e3b0c44298fc1c149afbf4c8996fb92427ae41e4649b934ca495991b7852b855"},"page":{"url":"http:\/\/www.ibn-sinaa.com\/product\/print-folders\/"}}]}
 ajax: no
2025-01-14T00:44:28+00:00 DEBUG Tt4b_Mapi_Class::mapi_post: Response: 

HTTP/1.1 200 OK
Server: nginx
Content-Type: application/json
Content-Length: 92
X-Tt-Logid: 202501140044284368AAFD1367F33C9BDF
Server-Timing: inner; dur=38
x-tt-trace-host: 018e5a586174a888928d793bdac74b79b51a437ee89a1c03eb2011d034a2e3e9f5455bf51ad94cf0e4df0e33855cd05cd6ce414f6ffc81195b9809647886e8f2790534f77039cb1fda5d1da1b86f322a2fd9d2f2f1b943798b62aaed9683c37bbb
x-tt-trace-id: 00-2501140044284368AAFD1367F33C9BDF-6BE6AB055221218A-00
Expires: Tue, 14 Jan 2025 00:44:28 GMT
Cache-Control: max-age=0, no-cache, no-store
Pragma: no-cache
Date: Tue, 14 Jan 2025 00:44:28 GMT
X-Cache: TCP_MISS from a95-101-134-92.deploy.akamaitechnologies.com (AkamaiGHost/11.7.2.1-9611f29bef89eba7b18045b10aa2af98) (-)
Connection: close
x-tt-trace-tag: id=16;cdn-cache=miss;type=dyn
Server-Timing: cdn-cache; desc=MISS, edge; dur=2, origin; dur=121
X-Origin-Response-Time: 122,95.101.134.92
X-Akamai-Request-ID: f5ac07f

{"code": 0, "message": "OK", "request_id": "202501140044284368AAFD1367F33C9BDF", "data": {}}
2025-01-14T00:44:28+00:00 DEBUG Tt4b_Pixel_Class::inject_view_content_event: hit ViewContent
2025-01-14T00:44:28+00:00 DEBUG POST: https://business-api.tiktok.com/open_api/v1.3/event/track/

{"partner_name":"WooCommerce","event_source":"web","event_source_id":"CSM79Q3C77UAG1T340I0","data":[{"event":"ViewContent","event_id":"6785b36cb3911_tt4b_woocommerce_670666209cf1f_3545","event_time":1736815468,"user":{"ip":"66.249.66.165","user_agent":"Mozilla\/5.0 (Linux; Android 6.0.1; Nexus 5X Build\/MMB29P) AppleWebKit\/537.36 (KHTML, like Gecko) Chrome\/131.0.6778.264 Mobile Safari\/537.36 (compatible; Googlebot\/2.1; +http:\/\/www.google.com\/bot.html)","locale":"ar","external_id":"0","email":"e3b0c44298fc1c149afbf4c8996fb92427ae41e4649b934ca495991b7852b855","phone_number":"e3b0c44298fc1c149afbf4c8996fb92427ae41e4649b934ca495991b7852b855","first_name":"e3b0c44298fc1c149afbf4c8996fb92427ae41e4649b934ca495991b7852b855","last_name":"e3b0c44298fc1c149afbf4c8996fb92427ae41e4649b934ca495991b7852b855","zip_code":"e3b0c44298fc1c149afbf4c8996fb92427ae41e4649b934ca495991b7852b855"},"properties":{"contents":[{"price":0,"quantity":1,"content_id":"3545","content_name":"\u0637\u0628\u0627\u0639\u0629 \u0641\u0648\u0644\u062f\u0631\u0627\u062a \u062c\u064a\u0628 \u0639\u0627\u062f\u064a","description":"\u0641\u0648\u0644\u062f\u0631 \u062c\u064a\u0628 \u0623\u0628\u064a\u0636 \u0639\u0627\u062f\u064a.\r\n\u0646\u0648\u0639 \u0627\u0644\u0648\u0631\u0642: \u0648\u0631\u0642 \u0643\u0648\u0634\u064a\u0647 350 \u062c\u0631\u0627\u0645 \u0645\u0639 \u0633\u0644\u0641\u0627\u0646\r\n\u0645\u062f\u0629 \u0627\u0644\u062a\u0646\u0641\u064a\u0630 \u0627\u0644\u0645\u062a\u0648\u0642\u0639\u0629: \u0645\u0646 4 \u0625\u0644\u0649 7 \u0623\u064a\u0627\u0645 \u0639\u0645\u0644 \u0628\u0639\u062f \u0627\u0639\u062a\u0645\u0627\u062f \u0627\u0644\u0637\u0644\u0628 \u0648\u0627\u0644\u0643\u0645\u064a\u0629 (\u062a\u0632\u064a\u062f \u0627\u0644\u0645\u062f\u0629 \u0639\u0646\u062f \u0637\u0644\u0628 \u0627\u0644\u0634\u062d\u0646).","availability":"IN_STOCK","sale_price":0,"on_sale":false}],"content_type":"product","currency":"SAR","value":0,"event_trigger_source":"WooCommerce"},"page":{"url":"http:\/\/www.ibn-sinaa.com\/product\/print-folders\/"}}]}
 ajax: no
2025-01-14T00:44:28+00:00 DEBUG Tt4b_Mapi_Class::mapi_post: Response: 

HTTP/1.1 200 OK
Server: nginx
Content-Type: application/json
Content-Length: 92
X-Tt-Logid: 20250114004428A350A2EF83D768CB0A9A
x-tt-trace-host: 018e5a586174a888928d793bdac74b79b56517d7628cf0ffdff56b078ad2cf5615d6f6629dc7b3c68f5ffd0c962ac6db53a6d4742eb75cc69dfd819e85801547e952ba54cbff60a937ef2a406c12b74f7d9bef8fce49cdbb9f5260ff84c9a2bd3c0042661bcb0454924f40e7a4fbd815bc
x-tt-trace-id: 00-250114004428A350A2EF83D768CB0A9A-51D17CD472D34076-00
X-Origin-Response-Time: 35,23.207.199.39
X-Akamai-Request-ID: 27c14c8.f5ac3ad
Expires: Tue, 14 Jan 2025 00:44:28 GMT
Cache-Control: max-age=0, no-cache, no-store
Pragma: no-cache
Date: Tue, 14 Jan 2025 00:44:28 GMT
X-Cache: TCP_MISS from a95-101-134-92.deploy.akamaitechnologies.com (AkamaiGHost/11.7.2.1-9611f29bef89eba7b18045b10aa2af98) (-)
Connection: close
X-Cache-Remote: TCP_MISS from a23-207-199-39.deploy.akamaitechnologies.com (AkamaiGHost/11.8.0-1debf780f7d7c834933fa9689361eec6) (-)
x-tt-trace-tag: id=16;cdn-cache=miss;type=dyn
Server-Timing: cdn-cache; desc=MISS, edge; dur=91, origin; dur=34
Server-Timing: inner; dur=31
X-Parent-Response-Time: 124,95.101.134.92

{"code": 0, "message": "OK", "request_id": "20250114004428A350A2EF83D768CB0A9A", "data": {}}
2025-01-14T00:46:01+00:00 DEBUG POST: https://business-api.tiktok.com/open_api/v1.3/event/track/

{"partner_name":"WooCommerce","event_source":"web","event_source_id":"CSM79Q3C77UAG1T340I0","data":[{"event":"Pageview","event_id":"6785b3c95c8cb_tt4b_woocommerce_670666209cf1f","event_time":1736815561,"user":{"ip":"139.59.27.59","user_agent":"Mozilla\/5.0 (Windows NT 6.1; Win64; x64) AppleWebKit\/537.36 (KHTML, like Gecko) Chrome\/67.0.3396.87 Safari\/537.36","locale":"ar","external_id":"0","email":"e3b0c44298fc1c149afbf4c8996fb92427ae41e4649b934ca495991b7852b855","phone_number":"e3b0c44298fc1c149afbf4c8996fb92427ae41e4649b934ca495991b7852b855","first_name":"e3b0c44298fc1c149afbf4c8996fb92427ae41e4649b934ca495991b7852b855","last_name":"e3b0c44298fc1c149afbf4c8996fb92427ae41e4649b934ca495991b7852b855","zip_code":"e3b0c44298fc1c149afbf4c8996fb92427ae41e4649b934ca495991b7852b855"},"page":{"url":"http:\/\/ibn-sinaa.com\/-\/-\/-\/-\/-\/-\/-\/-\/-\/-\/"}}]}
 ajax: no
2025-01-14T00:46:01+00:00 DEBUG Tt4b_Mapi_Class::mapi_post: Response: 

HTTP/1.1 200 OK
Server: nginx
Content-Type: application/json
Content-Length: 92
X-Tt-Logid: 20250114004601AD06C45409585EA8B50A
x-tt-trace-host: 018e5a586174a888928d793bdac74b79b56517d7628cf0ffdff56b078ad2cf5615c56a2fe5b8d7ef77431c75a0078c5bcf0db4a33d82cc2ee04476c54f878e770b76a512cabca805055b3934a2c9282087716cce54938664230bf6cb11c20ee1ebbe500fb27fa882189fb5c76100550dfb
x-tt-trace-id: 00-250114004601AD06C45409585EA8B50A-5AA9F84C45C405F1-00
X-Origin-Response-Time: 37,23.213.246.229
X-Akamai-Request-ID: 468ae898.f60dac6
Expires: Tue, 14 Jan 2025 00:46:01 GMT
Cache-Control: max-age=0, no-cache, no-store
Pragma: no-cache
Date: Tue, 14 Jan 2025 00:46:01 GMT
X-Cache: TCP_MISS from a95-101-134-92.deploy.akamaitechnologies.com (AkamaiGHost/11.7.2.1-9611f29bef89eba7b18045b10aa2af98) (-)
Connection: close
X-Cache-Remote: TCP_MISS from a23-213-246-229.deploy.akamaitechnologies.com (AkamaiGHost/11.7.2.1-9611f29bef89eba7b18045b10aa2af98) (-)
x-tt-trace-tag: id=16;cdn-cache=miss;type=dyn
Server-Timing: cdn-cache; desc=MISS, edge; dur=81, origin; dur=37
Server-Timing: inner; dur=34
X-Parent-Response-Time: 117,95.101.134.92

{"code": 0, "message": "OK", "request_id": "20250114004601AD06C45409585EA8B50A", "data": {}}
2025-01-14T00:46:06+00:00 DEBUG POST: https://business-api.tiktok.com/open_api/v1.3/event/track/

{"partner_name":"WooCommerce","event_source":"web","event_source_id":"CSM79Q3C77UAG1T340I0","data":[{"event":"Pageview","event_id":"6785b3ce2fb67_tt4b_woocommerce_670666209cf1f","event_time":1736815566,"user":{"ip":"66.249.66.165","user_agent":"Mozilla\/5.0 (Linux; Android 6.0.1; Nexus 5X Build\/MMB29P) AppleWebKit\/537.36 (KHTML, like Gecko) Chrome\/131.0.6778.264 Mobile Safari\/537.36 (compatible; Googlebot\/2.1; +http:\/\/www.google.com\/bot.html)","locale":"ar","external_id":"0","email":"e3b0c44298fc1c149afbf4c8996fb92427ae41e4649b934ca495991b7852b855","phone_number":"e3b0c44298fc1c149afbf4c8996fb92427ae41e4649b934ca495991b7852b855","first_name":"e3b0c44298fc1c149afbf4c8996fb92427ae41e4649b934ca495991b7852b855","last_name":"e3b0c44298fc1c149afbf4c8996fb92427ae41e4649b934ca495991b7852b855","zip_code":"e3b0c44298fc1c149afbf4c8996fb92427ae41e4649b934ca495991b7852b855"},"page":{"url":"http:\/\/www.ibn-sinaa.com\/product\/print-invoices\/"}}]}
 ajax: no
2025-01-14T00:46:06+00:00 DEBUG Tt4b_Mapi_Class::mapi_post: Response: 

HTTP/1.1 200 OK
Server: nginx
Content-Type: application/json
Content-Length: 92
X-Tt-Logid: 20250114004606F6402F998E093A204FA2
x-tt-trace-host: 018e5a586174a888928d793bdac74b79b56517d7628cf0ffdff56b078ad2cf5615e1916859531b0f5bc0df6e765bcfefcde99f189c5806145947d0d5469a7533cf6e797cec17e922bda1fffabfec5b29cebb409efd7dfee28a95d52a38d73b08cf384ee3c39f77d2838266568c7992f9ed
x-tt-trace-id: 00-250114004606F6402F998E093A204FA2-3B7F81713DC22A22-00
X-Origin-Response-Time: 133,23.218.219.32
X-Akamai-Request-ID: 515a938.f6128e2
Expires: Tue, 14 Jan 2025 00:46:06 GMT
Cache-Control: max-age=0, no-cache, no-store
Pragma: no-cache
Date: Tue, 14 Jan 2025 00:46:06 GMT
X-Cache: TCP_MISS from a95-101-134-92.deploy.akamaitechnologies.com (AkamaiGHost/11.7.2.1-9611f29bef89eba7b18045b10aa2af98) (-)
Connection: close
X-Cache-Remote: TCP_MISS from a23-218-219-32.deploy.akamaitechnologies.com (AkamaiGHost/11.8.0-1debf780f7d7c834933fa9689361eec6) (-)
x-tt-trace-tag: id=16;cdn-cache=miss;type=dyn
Server-Timing: cdn-cache; desc=MISS, edge; dur=84, origin; dur=132
Server-Timing: inner; dur=130
X-Parent-Response-Time: 216,95.101.134.92

{"code": 0, "message": "OK", "request_id": "20250114004606F6402F998E093A204FA2", "data": {}}
2025-01-14T00:46:06+00:00 DEBUG Tt4b_Pixel_Class::inject_view_content_event: hit ViewContent
2025-01-14T00:46:06+00:00 DEBUG POST: https://business-api.tiktok.com/open_api/v1.3/event/track/

{"partner_name":"WooCommerce","event_source":"web","event_source_id":"CSM79Q3C77UAG1T340I0","data":[{"event":"ViewContent","event_id":"6785b3ce807f8_tt4b_woocommerce_670666209cf1f_3593","event_time":1736815566,"user":{"ip":"66.249.66.165","user_agent":"Mozilla\/5.0 (Linux; Android 6.0.1; Nexus 5X Build\/MMB29P) AppleWebKit\/537.36 (KHTML, like Gecko) Chrome\/131.0.6778.264 Mobile Safari\/537.36 (compatible; Googlebot\/2.1; +http:\/\/www.google.com\/bot.html)","locale":"ar","external_id":"0","email":"e3b0c44298fc1c149afbf4c8996fb92427ae41e4649b934ca495991b7852b855","phone_number":"e3b0c44298fc1c149afbf4c8996fb92427ae41e4649b934ca495991b7852b855","first_name":"e3b0c44298fc1c149afbf4c8996fb92427ae41e4649b934ca495991b7852b855","last_name":"e3b0c44298fc1c149afbf4c8996fb92427ae41e4649b934ca495991b7852b855","zip_code":"e3b0c44298fc1c149afbf4c8996fb92427ae41e4649b934ca495991b7852b855"},"properties":{"contents":[{"price":180,"quantity":1,"content_id":"3593","content_name":"\u0637\u0628\u0627\u0639\u0629 \u0641\u0648\u0627\u062a\u064a\u0631","description":"\u0637\u0628\u0627\u0639\u0629 \u062f\u0641\u0627\u062a\u0631 \u0641\u0648\u0627\u062a\u064a\u0631 \u0645\u0642\u0627\u0633 A5, \u0639\u062f\u062f \u0635\u0641\u062d\u0627\u062a 100 \u0635\u0641\u062d\u0629 ( \u0627\u0635\u0644 + \u0635\u0648\u0631\u0629 ).\r\n\u0623\u0642\u0644 \u0643\u0645\u064a\u0629 \u0644\u0644\u0637\u0644\u0628 \u0647\u064a 10 \u062f\u0641\u0627\u062a\u0631.\r\n\u0645\u062f\u0629 \u0627\u0644\u062a\u0646\u0641\u064a\u0630: \u0645\u0646 5 \u0625\u0644\u0649 7 \u0623\u064a\u0627\u0645 \u0639\u0645\u0644 \u0628\u0639\u062f \u0627\u0639\u062a\u0645\u0627\u062f \u0627\u0644\u0637\u0644\u0628 \u0648\u0627\u0644\u062a\u0635\u0645\u064a\u0645 \u062d\u0633\u0628 \u0627\u0644\u0643\u0645\u064a\u0629 (\u062a\u0632\u064a\u062f \u0627\u0644\u0645\u062f\u0629 \u0639\u0646\u062f \u0637\u0644\u0628 \u0627\u0644\u0634\u062d\u0646).","availability":"IN_STOCK","sale_price":180,"on_sale":false}],"content_type":"product","currency":"SAR","value":180,"event_trigger_source":"WooCommerce"},"page":{"url":"http:\/\/www.ibn-sinaa.com\/product\/print-invoices\/"}}]}
 ajax: no
2025-01-14T00:46:06+00:00 DEBUG Tt4b_Mapi_Class::mapi_post: Response: 

HTTP/1.1 200 OK
Server: nginx
Content-Type: application/json
Content-Length: 92
X-Tt-Logid: 20250114004606043365FC40A1E42E8BED
Server-Timing: inner; dur=185
x-tt-trace-host: 018e5a586174a888928d793bdac74b79b5ad707aeae3c73e258680035dfad0d1c07077b762d0d3bf17e84add8e860242b69f105cbd2e8fdc5fd2dd0896dfbb218a406517edb070ee2ae665d3b136b9cc5b64839845f5795d2bb6afb7dc887e4c3c
x-tt-trace-id: 00-250114004606043365FC40A1E42E8BED-1F3E08864D68661B-00
Expires: Tue, 14 Jan 2025 00:46:06 GMT
Cache-Control: max-age=0, no-cache, no-store
Pragma: no-cache
Date: Tue, 14 Jan 2025 00:46:06 GMT
X-Cache: TCP_MISS from a95-101-134-36.deploy.akamaitechnologies.com (AkamaiGHost/11.7.2.1-9611f29bef89eba7b18045b10aa2af98) (-)
Connection: close
x-tt-trace-tag: id=16;cdn-cache=miss;type=dyn
Server-Timing: cdn-cache; desc=MISS, edge; dur=0, origin; dur=268
X-Origin-Response-Time: 268,95.101.134.36
X-Akamai-Request-ID: 8977b30

{"code": 0, "message": "OK", "request_id": "20250114004606043365FC40A1E42E8BED", "data": {}}
2025-01-14T00:47:44+00:00 DEBUG POST: https://business-api.tiktok.com/open_api/v1.3/event/track/

{"partner_name":"WooCommerce","event_source":"web","event_source_id":"CSM79Q3C77UAG1T340I0","data":[{"event":"Pageview","event_id":"6785b4307f789_tt4b_woocommerce_670666209cf1f","event_time":1736815664,"user":{"ip":"66.249.66.20","user_agent":"Mozilla\/5.0 (Linux; Android 6.0.1; Nexus 5X Build\/MMB29P) AppleWebKit\/537.36 (KHTML, like Gecko) Chrome\/131.0.6778.264 Mobile Safari\/537.36 (compatible; Googlebot\/2.1; +http:\/\/www.google.com\/bot.html)","locale":"ar","external_id":"0","email":"e3b0c44298fc1c149afbf4c8996fb92427ae41e4649b934ca495991b7852b855","phone_number":"e3b0c44298fc1c149afbf4c8996fb92427ae41e4649b934ca495991b7852b855","first_name":"e3b0c44298fc1c149afbf4c8996fb92427ae41e4649b934ca495991b7852b855","last_name":"e3b0c44298fc1c149afbf4c8996fb92427ae41e4649b934ca495991b7852b855","zip_code":"e3b0c44298fc1c149afbf4c8996fb92427ae41e4649b934ca495991b7852b855"},"page":{"url":"http:\/\/mail.ibn-sinaa.com\/product\/curvy-cutting-cards\/"}}]}
 ajax: no
2025-01-14T00:47:44+00:00 DEBUG Tt4b_Mapi_Class::mapi_post: Response: 

HTTP/1.1 200 OK
Server: nginx
Content-Type: application/json
Content-Length: 92
X-Tt-Logid: 20250114004744ACBE3CED69E31FB9BE27
x-tt-trace-host: 018e5a586174a888928d793bdac74b79b56517d7628cf0ffdff56b078ad2cf56157c300d23b0cb2f769a595a158b8fb09e012e37ff69a6a45bba4035a8127615f8ecd39c104397154acc49f54b228fb3ab2f26b9af2e22e18c3c63da1688dddfd52135d582bac952961d46e3adc0b1c03b
x-tt-trace-id: 00-250114004744ACBE3CED69E31FB9BE27-6AA7319F7D33A46A-00
X-Origin-Response-Time: 40,23.213.246.203
X-Akamai-Request-ID: 751e4f84.f67035a
Expires: Tue, 14 Jan 2025 00:47:44 GMT
Cache-Control: max-age=0, no-cache, no-store
Pragma: no-cache
Date: Tue, 14 Jan 2025 00:47:44 GMT
X-Cache: TCP_MISS from a95-101-134-92.deploy.akamaitechnologies.com (AkamaiGHost/11.7.2.1-9611f29bef89eba7b18045b10aa2af98) (-)
Connection: close
X-Cache-Remote: TCP_MISS from a23-213-246-203.deploy.akamaitechnologies.com (AkamaiGHost/11.7.2.1-9611f29bef89eba7b18045b10aa2af98) (-)
x-tt-trace-tag: id=16;cdn-cache=miss;type=dyn
Server-Timing: cdn-cache; desc=MISS, edge; dur=82, origin; dur=40
Server-Timing: inner; dur=25
X-Parent-Response-Time: 122,95.101.134.92

{"code": 0, "message": "OK", "request_id": "20250114004744ACBE3CED69E31FB9BE27", "data": {}}
2025-01-14T00:47:44+00:00 DEBUG Tt4b_Pixel_Class::inject_view_content_event: hit ViewContent
2025-01-14T00:47:44+00:00 DEBUG POST: https://business-api.tiktok.com/open_api/v1.3/event/track/

{"partner_name":"WooCommerce","event_source":"web","event_source_id":"CSM79Q3C77UAG1T340I0","data":[{"event":"ViewContent","event_id":"6785b430c47bb_tt4b_woocommerce_670666209cf1f_SKU_1196","event_time":1736815664,"user":{"ip":"66.249.66.20","user_agent":"Mozilla\/5.0 (Linux; Android 6.0.1; Nexus 5X Build\/MMB29P) AppleWebKit\/537.36 (KHTML, like Gecko) Chrome\/131.0.6778.264 Mobile Safari\/537.36 (compatible; Googlebot\/2.1; +http:\/\/www.google.com\/bot.html)","locale":"ar","external_id":"0","email":"e3b0c44298fc1c149afbf4c8996fb92427ae41e4649b934ca495991b7852b855","phone_number":"e3b0c44298fc1c149afbf4c8996fb92427ae41e4649b934ca495991b7852b855","first_name":"e3b0c44298fc1c149afbf4c8996fb92427ae41e4649b934ca495991b7852b855","last_name":"e3b0c44298fc1c149afbf4c8996fb92427ae41e4649b934ca495991b7852b855","zip_code":"e3b0c44298fc1c149afbf4c8996fb92427ae41e4649b934ca495991b7852b855"},"properties":{"contents":[{"price":70,"quantity":1,"content_id":"SKU_1196","content_name":"\u0637\u0628\u0627\u0639\u0629 \u0643\u0631\u0648\u062a \u0634\u062e\u0635\u064a\u0629 \u0642\u0635 \u0643\u064a\u0631\u0641\u064a\u00a0","description":"<ul>\r\n \t<li>\u0637\u0628\u0627\u0639\u0629 \u0643\u0631\u0648\u062a \u0639\u0644\u0649 \u0648\u0631\u0642 \u0643\u0648\u0634\u064a\u0647 350 \u062c\u0631\u0627\u0645 \u0645\u0639 \u0637\u0628\u0642\u0629 \u062d\u0645\u0627\u064a\u0629 \u0648\u0642\u0635 \u0632\u0648\u0627\u064a\u0627 \u062d\u0633\u0628 \u0627\u0644\u0627\u062e\u062a\u064a\u0627\u0631.<\/li>\r\n \t<li>\u0645\u0642\u0627\u0633 \u0627\u0644\u0643\u0631\u062a 9\u00d75 \u0633\u0645 \u060c \u0627\u0642\u0644 \u0643\u0645\u064a\u0629 \u0644\u0644\u0637\u0644\u0628 100 \u0643\u0631\u062a.<\/li>\r\n \t<li>\u0645\u062f\u0629 \u0627\u0644\u062a\u0646\u0641\u064a\u0630 \u0627\u0644\u0645\u062a\u0648\u0642\u0639\u0629: 1 \u2013 3 \u0623\u064a\u0627\u0645 \u0639\u0645\u0644 \u0628\u0639\u062f \u062a\u0623\u0643\u064a\u062f \u0627\u0644\u0637\u0644\u0628 \u0648\u0627\u0644\u062a\u0635\u0645\u064a\u0645 \u0648\u062d\u0633\u0628 \u0627\u0644\u0643\u0645\u064a\u0629 (\u062a\u0632\u064a\u062f \u0627\u0644\u0645\u062f\u0629 \u0639\u0646\u062f \u0637\u0644\u0628 \u0627\u0644\u0634\u062d\u0646).<\/li>\r\n<\/ul>","availability":"IN_STOCK","sale_price":70,"on_sale":false}],"content_type":"product","currency":"SAR","value":70,"event_trigger_source":"WooCommerce"},"page":{"url":"http:\/\/mail.ibn-sinaa.com\/product\/curvy-cutting-cards\/"}}]}
 ajax: no
2025-01-14T00:47:44+00:00 DEBUG Tt4b_Mapi_Class::mapi_post: Response: 

HTTP/1.1 200 OK
Server: nginx
Content-Type: application/json
Content-Length: 92
X-Tt-Logid: 2025011400474499BAA2A759412035B613
x-tt-trace-host: 018e5a586174a888928d793bdac74b79b52a36c08622bbc2ac99357be22beb959a2aff7222f562ba4d73d3dcb5d747dfc846732306c9da510d412f39ddbb2d48f76b027687f7156c5feebed8cd68dc97cf38a92247592a3836e54efafb4a2a69682494f54cba4e18291c99ce57f5f8f167
x-tt-trace-id: 00-25011400474499BAA2A759412035B613-32AB4EE898D0BAEF-00
X-Origin-Response-Time: 32,23.207.199.27
X-Akamai-Request-ID: 3cc5f1.89b2fda
Expires: Tue, 14 Jan 2025 00:47:44 GMT
Cache-Control: max-age=0, no-cache, no-store
Pragma: no-cache
Date: Tue, 14 Jan 2025 00:47:44 GMT
X-Cache: TCP_MISS from a95-101-134-36.deploy.akamaitechnologies.com (AkamaiGHost/11.7.2.1-9611f29bef89eba7b18045b10aa2af98) (-)
Connection: close
X-Cache-Remote: TCP_MISS from a23-207-199-27.deploy.akamaitechnologies.com (AkamaiGHost/11.7.2.1-9611f29bef89eba7b18045b10aa2af98) (-)
x-tt-trace-tag: id=16;cdn-cache=miss;type=dyn
Server-Timing: cdn-cache; desc=MISS, edge; dur=82, origin; dur=32
Server-Timing: inner; dur=27
X-Parent-Response-Time: 113,95.101.134.36

{"code": 0, "message": "OK", "request_id": "2025011400474499BAA2A759412035B613", "data": {}}
2025-01-14T00:48:19+00:00 DEBUG Tt4b_Pixel_Class::inject_add_to_cart_event: hit AddToCart
2025-01-14T00:48:19+00:00 DEBUG POST: https://business-api.tiktok.com/open_api/v1.3/event/track/

{"partner_name":"WooCommerce","event_source":"web","event_source_id":"CSM79Q3C77UAG1T340I0","data":[{"event":"AddToCart","event_id":"6785b4533354b_tt4b_woocommerce_670666209cf1f_4440","event_time":1736815699,"user":{"ip":"54.36.148.110","user_agent":"Mozilla\/5.0 (compatible; AhrefsBot\/7.0; +http:\/\/ahrefs.com\/robot\/)","locale":"ar","external_id":"0","email":"e3b0c44298fc1c149afbf4c8996fb92427ae41e4649b934ca495991b7852b855","phone_number":"e3b0c44298fc1c149afbf4c8996fb92427ae41e4649b934ca495991b7852b855","first_name":"e3b0c44298fc1c149afbf4c8996fb92427ae41e4649b934ca495991b7852b855","last_name":"e3b0c44298fc1c149afbf4c8996fb92427ae41e4649b934ca495991b7852b855","zip_code":"e3b0c44298fc1c149afbf4c8996fb92427ae41e4649b934ca495991b7852b855"},"properties":{"contents":[{"price":850,"quantity":1,"content_id":"4440","content_name":"\u062a\u0642\u0648\u064a\u0645 \u0645\u064a\u0644\u0627\u062f\u064a \u0641\u0627\u062e\u0631","description":"\u062a\u0642\u0648\u064a\u0645 \u0645\u064a\u0644\u0627\u062f\u064a \u062e\u0634\u0628: \u062a\u0635\u0645\u064a\u0645 \u0639\u0635\u0631\u064a \u0648\u0623\u0646\u064a\u0642\u060c \u0645\u0635\u0646\u0648\u0639 \u0645\u0646 \u0645\u0648\u0627\u062f \u0639\u0627\u0644\u064a\u0629 \u0627\u0644\u062c\u0648\u062f\u0629 \u0628\u0648\u0636\u0648\u062d \u0627\u0633\u062a\u062b\u0646\u0627\u0626\u064a \u0644\u0644\u0643\u062a\u0627\u0628\u0629 \u0648\u0627\u0644\u0631\u0624\u064a\u0629\u060c \u064a\u0636\u064a\u0641 \u0644\u0645\u0633\u0629 \u0645\u0646 \u0627\u0644\u0641\u062e\u0627\u0645\u0629 \u0648\u0627\u0644\u062a\u0646\u0638\u064a\u0645 \u0644\u0645\u0643\u062a\u0628\u0643. \u0645\u062b\u0627\u0644\u064a \u0644\u062a\u0646\u0638\u064a\u0645 \u0627\u0644\u0645\u0648\u0627\u0639\u064a\u062f \u0648\u0627\u0644\u0627\u062c\u062a\u0645\u0627\u0639\u0627\u062a\u060c \u0648\u064a\u0636\u0641\u064a \u062c\u0627\u0630\u0628\u064a\u0629 \u0639\u0644\u0649 \u0645\u0633\u0627\u062d\u0629 \u0627\u0644\u0639\u0645\u0644 \u0627\u0644\u062e\u0627\u0635\u0629 \u0628\u0643.","availability":"IN_STOCK","sale_price":850,"on_sale":false}],"content_type":"product","currency":"SAR","value":850,"event_trigger_source":"WooCommerce"},"page":{"url":"http:\/\/www.ibn-sinaa.com\/product\/small-wood-calendar\/?add-to-cart=4440"}}]}
 ajax: no
2025-01-14T00:48:19+00:00 DEBUG Tt4b_Mapi_Class::mapi_post: Response: 

HTTP/1.1 200 OK
Server: nginx
Content-Type: application/json
Content-Length: 92
X-Tt-Logid: 20250114004819AD7A5365A37AAD33C282
x-tt-trace-host: 018e5a586174a888928d793bdac74b79b52a36c08622bbc2ac99357be22beb959a762af4ffe478bc0a6860cad0377f89133b84e8380527230580f39853cce551013ae582b04668cc8821e6a4510a4571cc9278c04587f191ad4e80c274faf7e85cad7bd61998159c3061fd7969be31fe60
x-tt-trace-id: 00-250114004819AD7A5365A37AAD33C282-3F85E1BC7235BEA8-00
X-Origin-Response-Time: 37,23.218.219.56
X-Akamai-Request-ID: 5a79cca.89c70e6
Expires: Tue, 14 Jan 2025 00:48:19 GMT
Cache-Control: max-age=0, no-cache, no-store
Pragma: no-cache
Date: Tue, 14 Jan 2025 00:48:19 GMT
X-Cache: TCP_MISS from a95-101-134-36.deploy.akamaitechnologies.com (AkamaiGHost/11.7.2.1-9611f29bef89eba7b18045b10aa2af98) (-)
Connection: close
X-Cache-Remote: TCP_MISS from a23-218-219-56.deploy.akamaitechnologies.com (AkamaiGHost/11.8.0-1debf780f7d7c834933fa9689361eec6) (-)
x-tt-trace-tag: id=16;cdn-cache=miss;type=dyn
Server-Timing: cdn-cache; desc=MISS, edge; dur=97, origin; dur=37
Server-Timing: inner; dur=34
X-Parent-Response-Time: 134,95.101.134.36

{"code": 0, "message": "OK", "request_id": "20250114004819AD7A5365A37AAD33C282", "data": {}}
2025-01-14T00:48:20+00:00 DEBUG POST: https://business-api.tiktok.com/open_api/v1.3/event/track/

{"partner_name":"WooCommerce","event_source":"web","event_source_id":"CSM79Q3C77UAG1T340I0","data":[{"event":"Pageview","event_id":"6785b45420082_tt4b_woocommerce_670666209cf1f","event_time":1736815700,"user":{"ip":"54.36.148.110","user_agent":"Mozilla\/5.0 (compatible; AhrefsBot\/7.0; +http:\/\/ahrefs.com\/robot\/)","locale":"ar","external_id":"0","email":"e3b0c44298fc1c149afbf4c8996fb92427ae41e4649b934ca495991b7852b855","phone_number":"e3b0c44298fc1c149afbf4c8996fb92427ae41e4649b934ca495991b7852b855","first_name":"e3b0c44298fc1c149afbf4c8996fb92427ae41e4649b934ca495991b7852b855","last_name":"e3b0c44298fc1c149afbf4c8996fb92427ae41e4649b934ca495991b7852b855","zip_code":"e3b0c44298fc1c149afbf4c8996fb92427ae41e4649b934ca495991b7852b855"},"page":{"url":"http:\/\/www.ibn-sinaa.com\/product\/small-wood-calendar\/?add-to-cart=4440"}}]}
 ajax: no
2025-01-14T00:48:20+00:00 DEBUG Tt4b_Mapi_Class::mapi_post: Response: 

HTTP/1.1 200 OK
Server: nginx
Content-Type: application/json
Content-Length: 92
X-Tt-Logid: 20250114004820B101638AFDB947255886
x-tt-trace-host: 018e5a586174a888928d793bdac74b79b52a36c08622bbc2ac99357be22beb959ad44cb14f4aba254b460095126c9221aae215da856f663c58cca1275ac55c9d26ad78ca6f44c630c9dc743a97738cf84217a4f80942fb12c06d65dfe1fe6e94f02e8649c8954d2c32c8ce3221995ae920
x-tt-trace-id: 00-250114004820B101638AFDB947255886-042EBB635D9764BF-00
X-Origin-Response-Time: 232,23.218.219.36
X-Akamai-Request-ID: 8b0f9ce.89c7a3b
Expires: Tue, 14 Jan 2025 00:48:20 GMT
Cache-Control: max-age=0, no-cache, no-store
Pragma: no-cache
Date: Tue, 14 Jan 2025 00:48:20 GMT
X-Cache: TCP_MISS from a95-101-134-36.deploy.akamaitechnologies.com (AkamaiGHost/11.7.2.1-9611f29bef89eba7b18045b10aa2af98) (-)
Connection: close
X-Cache-Remote: TCP_MISS from a23-218-219-36.deploy.akamaitechnologies.com (AkamaiGHost/11.7.2.1-9611f29bef89eba7b18045b10aa2af98) (-)
x-tt-trace-tag: id=16;cdn-cache=miss;type=dyn
Server-Timing: cdn-cache; desc=MISS, edge; dur=84, origin; dur=232
Server-Timing: inner; dur=224
X-Parent-Response-Time: 316,95.101.134.36

{"code": 0, "message": "OK", "request_id": "20250114004820B101638AFDB947255886", "data": {}}
2025-01-14T00:48:20+00:00 DEBUG Tt4b_Pixel_Class::inject_view_content_event: hit ViewContent
2025-01-14T00:48:20+00:00 DEBUG POST: https://business-api.tiktok.com/open_api/v1.3/event/track/

{"partner_name":"WooCommerce","event_source":"web","event_source_id":"CSM79Q3C77UAG1T340I0","data":[{"event":"ViewContent","event_id":"6785b454934ff_tt4b_woocommerce_670666209cf1f_4432","event_time":1736815700,"user":{"ip":"54.36.148.110","user_agent":"Mozilla\/5.0 (compatible; AhrefsBot\/7.0; +http:\/\/ahrefs.com\/robot\/)","locale":"ar","external_id":"0","email":"e3b0c44298fc1c149afbf4c8996fb92427ae41e4649b934ca495991b7852b855","phone_number":"e3b0c44298fc1c149afbf4c8996fb92427ae41e4649b934ca495991b7852b855","first_name":"e3b0c44298fc1c149afbf4c8996fb92427ae41e4649b934ca495991b7852b855","last_name":"e3b0c44298fc1c149afbf4c8996fb92427ae41e4649b934ca495991b7852b855","zip_code":"e3b0c44298fc1c149afbf4c8996fb92427ae41e4649b934ca495991b7852b855"},"properties":{"contents":[{"price":115,"quantity":1,"content_id":"4432","content_name":"\u062a\u0642\u0648\u064a\u0645 \u062e\u0634\u0628 \u0635\u063a\u064a\u0631","description":"\u062a\u0642\u0648\u064a\u0645 \u062e\u0634\u0628 \u0635\u063a\u064a\u0631: \u062a\u0635\u0645\u064a\u0645 \u0639\u0635\u0631\u064a \u0648\u0623\u0646\u064a\u0642\u060c \u0645\u0635\u0646\u0648\u0639 \u0645\u0646 \u0627\u0644\u062e\u0634\u0628 \u0627\u0644\u0645\u062a\u064a\u0646 \u0628\u0648\u0636\u0648\u062d \u0627\u0633\u062a\u062b\u0646\u0627\u0626\u064a \u0644\u0644\u0643\u062a\u0627\u0628\u0629 \u0648\u0627\u0644\u0631\u0624\u064a\u0629\u060c \u064a\u0636\u064a\u0641 \u0644\u0645\u0633\u0629 \u0645\u0646 \u0627\u0644\u0641\u062e\u0627\u0645\u0629 \u0648\u0627\u0644\u062a\u0646\u0638\u064a\u0645 \u0644\u0645\u0643\u062a\u0628\u0643. \u0645\u062b\u0627\u0644\u064a \u0644\u062a\u0646\u0638\u064a\u0645 \u0627\u0644\u0645\u0648\u0627\u0639\u064a\u062f \u0648\u0627\u0644\u0627\u062c\u062a\u0645\u0627\u0639\u0627\u062a\u060c \u0648\u064a\u0636\u0641\u064a \u062c\u0627\u0630\u0628\u064a\u0629 \u0639\u0644\u0649 \u0645\u0633\u0627\u062d\u0629 \u0627\u0644\u0639\u0645\u0644 \u0627\u0644\u062e\u0627\u0635\u0629 \u0628\u0643.","availability":"IN_STOCK","sale_price":115,"on_sale":false}],"content_type":"product","currency":"SAR","value":115,"event_trigger_source":"WooCommerce"},"page":{"url":"http:\/\/www.ibn-sinaa.com\/product\/small-wood-calendar\/?add-to-cart=4440"}}]}
 ajax: no
2025-01-14T00:48:20+00:00 DEBUG Tt4b_Mapi_Class::mapi_post: Response: 

HTTP/1.1 200 OK
Server: nginx
Content-Type: application/json
Content-Length: 92
X-Tt-Logid: 20250114004820DC612C39A6073E198F9C
Server-Timing: inner; dur=30
x-tt-trace-host: 018e5a586174a888928d793bdac74b79b51a437ee89a1c03eb2011d034a2e3e9f5287b2ccb55a39056eac292f5ccf48391e865b571bf70cca5f9094ba1daaa77d3c1dc1e4c384de362654e9622b449991d968348cba40dda32c1cd1dfe4eba8160
x-tt-trace-id: 00-250114004820DC612C39A6073E198F9C-4C8C65B94C50DC2C-00
Expires: Tue, 14 Jan 2025 00:48:20 GMT
Cache-Control: max-age=0, no-cache, no-store
Pragma: no-cache
Date: Tue, 14 Jan 2025 00:48:20 GMT
X-Cache: TCP_MISS from a95-101-134-92.deploy.akamaitechnologies.com (AkamaiGHost/11.7.2.1-9611f29bef89eba7b18045b10aa2af98) (-)
Connection: close
x-tt-trace-tag: id=16;cdn-cache=miss;type=dyn
Server-Timing: cdn-cache; desc=MISS, edge; dur=0, origin; dur=113
X-Origin-Response-Time: 113,95.101.134.92
X-Akamai-Request-ID: f695d31

{"code": 0, "message": "OK", "request_id": "20250114004820DC612C39A6073E198F9C", "data": {}}
2025-01-14T00:51:25+00:00 DEBUG POST: https://business-api.tiktok.com/open_api/v1.3/event/track/

{"partner_name":"WooCommerce","event_source":"web","event_source_id":"CSM79Q3C77UAG1T340I0","data":[{"event":"Pageview","event_id":"6785b50d25e17_tt4b_woocommerce_670666209cf1f","event_time":1736815885,"user":{"ip":"3.110.186.110","user_agent":"GRequests\/0.10","locale":"ar","external_id":"0","email":"e3b0c44298fc1c149afbf4c8996fb92427ae41e4649b934ca495991b7852b855","phone_number":"e3b0c44298fc1c149afbf4c8996fb92427ae41e4649b934ca495991b7852b855","first_name":"e3b0c44298fc1c149afbf4c8996fb92427ae41e4649b934ca495991b7852b855","last_name":"e3b0c44298fc1c149afbf4c8996fb92427ae41e4649b934ca495991b7852b855","zip_code":"e3b0c44298fc1c149afbf4c8996fb92427ae41e4649b934ca495991b7852b855"},"page":{"url":"http:\/\/ibn-sinaa.com\/-\/-\/-\/-\/-\/-\/-\/-\/-\/-\/"}}]}
 ajax: no
2025-01-14T00:51:25+00:00 DEBUG Tt4b_Mapi_Class::mapi_post: Response: 

HTTP/1.1 200 OK
Server: nginx
Content-Type: application/json
Content-Length: 92
X-Tt-Logid: 20250114005125AAFD051F87ABDC519D56
x-tt-trace-host: 018e5a586174a888928d793bdac74b79b56517d7628cf0ffdff56b078ad2cf5615ac72e97d1a0829265000023be5809f3cd7fb91b270ff02e0b60d322c03fe3abef30b35f532f091d3a2c4cf329a220e7df7534994dd87feffd32e8d91c3a98ccd1bc14b0b1519bb1fa8abaaf6bae9e9c7
x-tt-trace-id: 00-250114005125AAFD051F87ABDC519D56-482961FB790D536C-00
X-Origin-Response-Time: 37,23.218.219.21
X-Akamai-Request-ID: 5723f60.f747ce7
Expires: Tue, 14 Jan 2025 00:51:25 GMT
Cache-Control: max-age=0, no-cache, no-store
Pragma: no-cache
Date: Tue, 14 Jan 2025 00:51:25 GMT
X-Cache: TCP_MISS from a95-101-134-92.deploy.akamaitechnologies.com (AkamaiGHost/11.7.2.1-9611f29bef89eba7b18045b10aa2af98) (-)
Connection: close
X-Cache-Remote: TCP_MISS from a23-218-219-21.deploy.akamaitechnologies.com (AkamaiGHost/11.7.2.1-9611f29bef89eba7b18045b10aa2af98) (-)
x-tt-trace-tag: id=16;cdn-cache=miss;type=dyn
Server-Timing: cdn-cache; desc=MISS, edge; dur=91, origin; dur=37
Server-Timing: inner; dur=21
X-Parent-Response-Time: 128,95.101.134.92

{"code": 0, "message": "OK", "request_id": "20250114005125AAFD051F87ABDC519D56", "data": {}}
2025-01-14T00:51:29+00:00 DEBUG POST: https://business-api.tiktok.com/open_api/v1.3/event/track/

{"partner_name":"WooCommerce","event_source":"web","event_source_id":"CSM79Q3C77UAG1T340I0","data":[{"event":"Pageview","event_id":"6785b511cc2c7_tt4b_woocommerce_670666209cf1f","event_time":1736815889,"user":{"ip":"3.110.186.110","user_agent":"GRequests\/0.10","locale":"ar","external_id":"0","email":"e3b0c44298fc1c149afbf4c8996fb92427ae41e4649b934ca495991b7852b855","phone_number":"e3b0c44298fc1c149afbf4c8996fb92427ae41e4649b934ca495991b7852b855","first_name":"e3b0c44298fc1c149afbf4c8996fb92427ae41e4649b934ca495991b7852b855","last_name":"e3b0c44298fc1c149afbf4c8996fb92427ae41e4649b934ca495991b7852b855","zip_code":"e3b0c44298fc1c149afbf4c8996fb92427ae41e4649b934ca495991b7852b855"},"page":{"url":"http:\/\/ibn-sinaa.com\/-\/-\/-\/-\/-\/-\/-\/-\/-\/-\/"}}]}
 ajax: no
2025-01-14T00:51:30+00:00 DEBUG Tt4b_Mapi_Class::mapi_post: Response: 

HTTP/1.1 200 OK
Server: nginx
Content-Type: application/json
Content-Length: 92
X-Tt-Logid: 202501140051292847882E432758A5331B
x-tt-trace-host: 018e5a586174a888928d793bdac74b79b52a36c08622bbc2ac99357be22beb959a1dc88a14817b24fff1f9910c1ca2a08809ba70f5ab45eb82ad3cd4f32f6e9f82b11d33600da693faeca56fd5aa3116c22444aefdd0e88a53565801032da3a5ad4d9896d05c9afd8c3fbd58d9398c0c8b
x-tt-trace-id: 00-2501140051292847882E432758A5331B-7F610D5728A741CD-00
X-Origin-Response-Time: 85,23.213.246.203
X-Akamai-Request-ID: 755635b7.8a31570
Expires: Tue, 14 Jan 2025 00:51:30 GMT
Cache-Control: max-age=0, no-cache, no-store
Pragma: no-cache
Date: Tue, 14 Jan 2025 00:51:30 GMT
X-Cache: TCP_MISS from a95-101-134-36.deploy.akamaitechnologies.com (AkamaiGHost/11.7.2.1-9611f29bef89eba7b18045b10aa2af98) (-)
Connection: close
X-Cache-Remote: TCP_MISS from a23-213-246-203.deploy.akamaitechnologies.com (AkamaiGHost/11.7.2.1-9611f29bef89eba7b18045b10aa2af98) (-)
x-tt-trace-tag: id=16;cdn-cache=miss;type=dyn
Server-Timing: cdn-cache; desc=MISS, edge; dur=81, origin; dur=84
Server-Timing: inner; dur=80
X-Parent-Response-Time: 165,95.101.134.36

{"code": 0, "message": "OK", "request_id": "202501140051292847882E432758A5331B", "data": {}}
2025-01-14T00:51:41+00:00 DEBUG POST: https://business-api.tiktok.com/open_api/v1.3/event/track/

{"partner_name":"WooCommerce","event_source":"web","event_source_id":"CSM79Q3C77UAG1T340I0","data":[{"event":"Pageview","event_id":"6785b51d961cf_tt4b_woocommerce_670666209cf1f","event_time":1736815901,"user":{"ip":"3.110.186.110","user_agent":"GRequests\/0.10","locale":"ar","external_id":"0","email":"e3b0c44298fc1c149afbf4c8996fb92427ae41e4649b934ca495991b7852b855","phone_number":"e3b0c44298fc1c149afbf4c8996fb92427ae41e4649b934ca495991b7852b855","first_name":"e3b0c44298fc1c149afbf4c8996fb92427ae41e4649b934ca495991b7852b855","last_name":"e3b0c44298fc1c149afbf4c8996fb92427ae41e4649b934ca495991b7852b855","zip_code":"e3b0c44298fc1c149afbf4c8996fb92427ae41e4649b934ca495991b7852b855"},"page":{"url":"http:\/\/ibn-sinaa.com\/404\/","referrer":"https:\/\/ibn-sinaa.com\/wp-admin\/"}}]}
 ajax: no
2025-01-14T00:51:41+00:00 DEBUG Tt4b_Mapi_Class::mapi_post: Response: 

HTTP/1.1 200 OK
Server: nginx
Content-Type: application/json
Content-Length: 92
X-Tt-Logid: 20250114005141298095BF3E8EF64A6174
x-tt-trace-host: 018e5a586174a888928d793bdac74b79b52a36c08622bbc2ac99357be22beb959a9fdbbe85908aae76af41481a2898e1b0af4b83b871ce436556a7bdbdd7630bd6a2d74a983eee258d470e737769d0d6b6c3e1d476ae72397ab42d92c2b6681d1b8275d868804baccf9ad36972c193e300
x-tt-trace-id: 00-250114005141298095BF3E8EF64A6174-46B1E6702A295264-00
X-Origin-Response-Time: 51,23.207.199.14
X-Akamai-Request-ID: 55c7f4d.8a37a4e
Expires: Tue, 14 Jan 2025 00:51:41 GMT
Cache-Control: max-age=0, no-cache, no-store
Pragma: no-cache
Date: Tue, 14 Jan 2025 00:51:41 GMT
X-Cache: TCP_MISS from a95-101-134-36.deploy.akamaitechnologies.com (AkamaiGHost/11.7.2.1-9611f29bef89eba7b18045b10aa2af98) (-)
Connection: close
X-Cache-Remote: TCP_MISS from a23-207-199-14.deploy.akamaitechnologies.com (AkamaiGHost/11.8.0-1debf780f7d7c834933fa9689361eec6) (-)
x-tt-trace-tag: id=16;cdn-cache=miss;type=dyn
Server-Timing: cdn-cache; desc=MISS, edge; dur=94, origin; dur=51
Server-Timing: inner; dur=48
X-Parent-Response-Time: 145,95.101.134.36

{"code": 0, "message": "OK", "request_id": "20250114005141298095BF3E8EF64A6174", "data": {}}
2025-01-14T00:52:13+00:00 DEBUG POST: https://business-api.tiktok.com/open_api/v1.3/event/track/

{"partner_name":"WooCommerce","event_source":"web","event_source_id":"CSM79Q3C77UAG1T340I0","data":[{"event":"Pageview","event_id":"6785b53dabb46_tt4b_woocommerce_670666209cf1f","event_time":1736815933,"user":{"ip":"3.110.186.110","user_agent":"GRequests\/0.10","locale":"ar","external_id":"0","email":"e3b0c44298fc1c149afbf4c8996fb92427ae41e4649b934ca495991b7852b855","phone_number":"e3b0c44298fc1c149afbf4c8996fb92427ae41e4649b934ca495991b7852b855","first_name":"e3b0c44298fc1c149afbf4c8996fb92427ae41e4649b934ca495991b7852b855","last_name":"e3b0c44298fc1c149afbf4c8996fb92427ae41e4649b934ca495991b7852b855","zip_code":"e3b0c44298fc1c149afbf4c8996fb92427ae41e4649b934ca495991b7852b855"},"page":{"url":"http:\/\/ibn-sinaa.com\/-\/-\/-\/-\/-\/-\/-\/-\/-\/-\/"}}]}
 ajax: no
2025-01-14T00:52:13+00:00 DEBUG Tt4b_Mapi_Class::mapi_post: Response: 

HTTP/1.1 200 OK
Server: nginx
Content-Type: application/json
Content-Length: 92
X-Tt-Logid: 2025011400521367A84A86182D8357F2D5
Server-Timing: inner; dur=33
x-tt-trace-host: 018e5a586174a888928d793bdac74b79b5ad707aeae3c73e258680035dfad0d1c0318170d6a1dae8ee188e0ddb15a33a805a9cce9bec9ded9f0b55e2c19355fb7379a2bbe6fac88f0f5fba6fe01a62c3a48b163145f698db35f0f53c5e795cd5ca
x-tt-trace-id: 00-25011400521367A84A86182D8357F2D5-53FDB2D2443E883E-00
Expires: Tue, 14 Jan 2025 00:52:13 GMT
Cache-Control: max-age=0, no-cache, no-store
Pragma: no-cache
Date: Tue, 14 Jan 2025 00:52:13 GMT
X-Cache: TCP_MISS from a95-101-134-36.deploy.akamaitechnologies.com (AkamaiGHost/11.7.2.1-9611f29bef89eba7b18045b10aa2af98) (-)
Connection: close
x-tt-trace-tag: id=16;cdn-cache=miss;type=dyn
Server-Timing: cdn-cache; desc=MISS, edge; dur=0, origin; dur=115
X-Origin-Response-Time: 115,95.101.134.36
X-Akamai-Request-ID: 8a4985b

{"code": 0, "message": "OK", "request_id": "2025011400521367A84A86182D8357F2D5", "data": {}}
2025-01-14T00:52:18+00:00 DEBUG POST: https://business-api.tiktok.com/open_api/v1.3/event/track/

{"partner_name":"WooCommerce","event_source":"web","event_source_id":"CSM79Q3C77UAG1T340I0","data":[{"event":"Pageview","event_id":"6785b5426947b_tt4b_woocommerce_670666209cf1f","event_time":1736815938,"user":{"ip":"3.110.186.110","user_agent":"GRequests\/0.10","locale":"ar","external_id":"0","email":"e3b0c44298fc1c149afbf4c8996fb92427ae41e4649b934ca495991b7852b855","phone_number":"e3b0c44298fc1c149afbf4c8996fb92427ae41e4649b934ca495991b7852b855","first_name":"e3b0c44298fc1c149afbf4c8996fb92427ae41e4649b934ca495991b7852b855","last_name":"e3b0c44298fc1c149afbf4c8996fb92427ae41e4649b934ca495991b7852b855","zip_code":"e3b0c44298fc1c149afbf4c8996fb92427ae41e4649b934ca495991b7852b855"},"page":{"url":"http:\/\/ibn-sinaa.com\/-\/-\/-\/-\/-\/-\/-\/-\/-\/-\/"}}]}
 ajax: no
2025-01-14T00:52:18+00:00 DEBUG Tt4b_Mapi_Class::mapi_post: Response: 

HTTP/1.1 200 OK
Server: nginx
Content-Type: application/json
Content-Length: 92
X-Tt-Logid: 2025011400521843CF6FA42BF002A57451
Server-Timing: inner; dur=25
x-tt-trace-host: 018e5a586174a888928d793bdac74b79b5ad707aeae3c73e258680035dfad0d1c0eb843fc92e98d3c592006f9476278e78a5933279f720134957f354bb3833a4426ddc1dbefaabae902e7989ed988b987790b336d0d72a08a6d2255263ac95cfc8
x-tt-trace-id: 00-25011400521843CF6FA42BF002A57451-5E5E506B485E6DC6-00
Expires: Tue, 14 Jan 2025 00:52:18 GMT
Cache-Control: max-age=0, no-cache, no-store
Pragma: no-cache
Date: Tue, 14 Jan 2025 00:52:18 GMT
X-Cache: TCP_MISS from a95-101-134-36.deploy.akamaitechnologies.com (AkamaiGHost/11.7.2.1-9611f29bef89eba7b18045b10aa2af98) (-)
Connection: close
x-tt-trace-tag: id=16;cdn-cache=miss;type=dyn
Server-Timing: cdn-cache; desc=MISS, edge; dur=1, origin; dur=107
X-Origin-Response-Time: 108,95.101.134.36
X-Akamai-Request-ID: 8a4c204

{"code": 0, "message": "OK", "request_id": "2025011400521843CF6FA42BF002A57451", "data": {}}
2025-01-14T00:52:27+00:00 DEBUG POST: https://business-api.tiktok.com/open_api/v1.3/event/track/

{"partner_name":"WooCommerce","event_source":"web","event_source_id":"CSM79Q3C77UAG1T340I0","data":[{"event":"Pageview","event_id":"6785b54b32064_tt4b_woocommerce_670666209cf1f","event_time":1736815947,"user":{"ip":"3.110.186.110","user_agent":"GRequests\/0.10","locale":"ar","external_id":"0","email":"e3b0c44298fc1c149afbf4c8996fb92427ae41e4649b934ca495991b7852b855","phone_number":"e3b0c44298fc1c149afbf4c8996fb92427ae41e4649b934ca495991b7852b855","first_name":"e3b0c44298fc1c149afbf4c8996fb92427ae41e4649b934ca495991b7852b855","last_name":"e3b0c44298fc1c149afbf4c8996fb92427ae41e4649b934ca495991b7852b855","zip_code":"e3b0c44298fc1c149afbf4c8996fb92427ae41e4649b934ca495991b7852b855"},"page":{"url":"http:\/\/ibn-sinaa.com\/404\/","referrer":"https:\/\/ibn-sinaa.com\/wp-admin\/"}}]}
 ajax: no
2025-01-14T00:52:27+00:00 DEBUG Tt4b_Mapi_Class::mapi_post: Response: 

HTTP/1.1 200 OK
Server: nginx
Content-Type: application/json
Content-Length: 92
X-Tt-Logid: 20250114005227684A3EF183FB4FA68913
Server-Timing: inner; dur=28
x-tt-trace-host: 018e5a586174a888928d793bdac74b79b51a437ee89a1c03eb2011d034a2e3e9f57e1523c25766d8ebc6f1f43c184bef0d351d9afc0a4845c39406aa60530fa7ce0bfec0475bf55f54e80b146896a34cbefe0f33fa296ae387040985646f07b77b
x-tt-trace-id: 00-250114005227684A3EF183FB4FA68913-3616096470F501B0-00
Expires: Tue, 14 Jan 2025 00:52:27 GMT
Cache-Control: max-age=0, no-cache, no-store
Pragma: no-cache
Date: Tue, 14 Jan 2025 00:52:27 GMT
X-Cache: TCP_MISS from a95-101-134-92.deploy.akamaitechnologies.com (AkamaiGHost/11.7.2.1-9611f29bef89eba7b18045b10aa2af98) (-)
Connection: close
x-tt-trace-tag: id=16;cdn-cache=miss;type=dyn
Server-Timing: cdn-cache; desc=MISS, edge; dur=0, origin; dur=112
X-Origin-Response-Time: 112,95.101.134.92
X-Akamai-Request-ID: f78310c

{"code": 0, "message": "OK", "request_id": "20250114005227684A3EF183FB4FA68913", "data": {}}
2025-01-14T00:54:03+00:00 DEBUG POST: https://business-api.tiktok.com/open_api/v1.3/event/track/

{"partner_name":"WooCommerce","event_source":"web","event_source_id":"CSM79Q3C77UAG1T340I0","data":[{"event":"Pageview","event_id":"6785b5ab82294_tt4b_woocommerce_670666209cf1f","event_time":1736816043,"user":{"ip":"5.23.51.195","user_agent":"GRequests\/0.10","locale":"ar","external_id":"0","email":"e3b0c44298fc1c149afbf4c8996fb92427ae41e4649b934ca495991b7852b855","phone_number":"e3b0c44298fc1c149afbf4c8996fb92427ae41e4649b934ca495991b7852b855","first_name":"e3b0c44298fc1c149afbf4c8996fb92427ae41e4649b934ca495991b7852b855","last_name":"e3b0c44298fc1c149afbf4c8996fb92427ae41e4649b934ca495991b7852b855","zip_code":"e3b0c44298fc1c149afbf4c8996fb92427ae41e4649b934ca495991b7852b855"},"page":{"url":"http:\/\/mail.ibn-sinaa.com\/-\/-\/-\/-\/-\/-\/-\/-\/-\/-\/"}}]}
 ajax: no
2025-01-14T00:54:03+00:00 DEBUG Tt4b_Mapi_Class::mapi_post: Response: 

HTTP/1.1 200 OK
Server: nginx
Content-Type: application/json
Content-Length: 92
X-Tt-Logid: 20250114005403A010CE5E19F14FFE44FE
Server-Timing: inner; dur=22
x-tt-trace-host: 018e5a586174a888928d793bdac74b79b5ad707aeae3c73e258680035dfad0d1c0ed831e7f97d9b77c067b9ff0d5b88b7de87b76db9e18f815621fef444db7dc9bab1aea301829320ef4613428079895b408b4843a695237a56f01950558b906dc
x-tt-trace-id: 00-250114005403A010CE5E19F14FFE44FE-28F2D26572F46F93-00
Expires: Tue, 14 Jan 2025 00:54:03 GMT
Cache-Control: max-age=0, no-cache, no-store
Pragma: no-cache
Date: Tue, 14 Jan 2025 00:54:03 GMT
X-Cache: TCP_MISS from a95-101-134-36.deploy.akamaitechnologies.com (AkamaiGHost/11.7.2.1-9611f29bef89eba7b18045b10aa2af98) (-)
Connection: close
x-tt-trace-tag: id=16;cdn-cache=miss;type=dyn
Server-Timing: cdn-cache; desc=MISS, edge; dur=0, origin; dur=101
X-Origin-Response-Time: 101,95.101.134.36
X-Akamai-Request-ID: 8a852cc

{"code": 0, "message": "OK", "request_id": "20250114005403A010CE5E19F14FFE44FE", "data": {}}
2025-01-14T00:54:07+00:00 DEBUG POST: https://business-api.tiktok.com/open_api/v1.3/event/track/

{"partner_name":"WooCommerce","event_source":"web","event_source_id":"CSM79Q3C77UAG1T340I0","data":[{"event":"Pageview","event_id":"6785b5af58d6b_tt4b_woocommerce_670666209cf1f","event_time":1736816047,"user":{"ip":"5.23.51.195","user_agent":"GRequests\/0.10","locale":"ar","external_id":"0","email":"e3b0c44298fc1c149afbf4c8996fb92427ae41e4649b934ca495991b7852b855","phone_number":"e3b0c44298fc1c149afbf4c8996fb92427ae41e4649b934ca495991b7852b855","first_name":"e3b0c44298fc1c149afbf4c8996fb92427ae41e4649b934ca495991b7852b855","last_name":"e3b0c44298fc1c149afbf4c8996fb92427ae41e4649b934ca495991b7852b855","zip_code":"e3b0c44298fc1c149afbf4c8996fb92427ae41e4649b934ca495991b7852b855"},"page":{"url":"http:\/\/mail.ibn-sinaa.com\/-\/-\/-\/-\/-\/-\/-\/-\/-\/-\/"}}]}
 ajax: no
2025-01-14T00:54:07+00:00 DEBUG Tt4b_Mapi_Class::mapi_post: Response: 

HTTP/1.1 200 OK
Server: nginx
Content-Type: application/json
Content-Length: 92
X-Tt-Logid: 20250114005407C2378BDEE16AB6B75DE4
x-tt-trace-host: 018e5a586174a888928d793bdac74b79b52a36c08622bbc2ac99357be22beb959a09fc1c7b90b6c67ad6513baf9c5c8e48b5684f5ce4ba2fee7d67abecdc52890988a3d495076e0a245bec6416456f7f9403ae26e20b00f8e2547dc5c0d64725ba885981d12b240b2871a4968bb567ca26
x-tt-trace-id: 00-250114005407C2378BDEE16AB6B75DE4-4AE1C7DF40C9E42A-00
X-Origin-Response-Time: 54,23.207.199.41
X-Akamai-Request-ID: 2522684.8a87393
Expires: Tue, 14 Jan 2025 00:54:07 GMT
Cache-Control: max-age=0, no-cache, no-store
Pragma: no-cache
Date: Tue, 14 Jan 2025 00:54:07 GMT
X-Cache: TCP_MISS from a95-101-134-36.deploy.akamaitechnologies.com (AkamaiGHost/11.7.2.1-9611f29bef89eba7b18045b10aa2af98) (-)
Connection: close
X-Cache-Remote: TCP_MISS from a23-207-199-41.deploy.akamaitechnologies.com (AkamaiGHost/11.7.2.1-9611f29bef89eba7b18045b10aa2af98) (-)
x-tt-trace-tag: id=16;cdn-cache=miss;type=dyn
Server-Timing: cdn-cache; desc=MISS, edge; dur=87, origin; dur=54
Server-Timing: inner; dur=49
X-Parent-Response-Time: 141,95.101.134.36

{"code": 0, "message": "OK", "request_id": "20250114005407C2378BDEE16AB6B75DE4", "data": {}}
2025-01-14T00:54:18+00:00 DEBUG POST: https://business-api.tiktok.com/open_api/v1.3/event/track/

{"partner_name":"WooCommerce","event_source":"web","event_source_id":"CSM79Q3C77UAG1T340I0","data":[{"event":"Pageview","event_id":"6785b5ba31e8b_tt4b_woocommerce_670666209cf1f","event_time":1736816058,"user":{"ip":"5.23.51.195","user_agent":"GRequests\/0.10","locale":"ar","external_id":"0","email":"e3b0c44298fc1c149afbf4c8996fb92427ae41e4649b934ca495991b7852b855","phone_number":"e3b0c44298fc1c149afbf4c8996fb92427ae41e4649b934ca495991b7852b855","first_name":"e3b0c44298fc1c149afbf4c8996fb92427ae41e4649b934ca495991b7852b855","last_name":"e3b0c44298fc1c149afbf4c8996fb92427ae41e4649b934ca495991b7852b855","zip_code":"e3b0c44298fc1c149afbf4c8996fb92427ae41e4649b934ca495991b7852b855"},"page":{"url":"http:\/\/mail.ibn-sinaa.com\/404\/","referrer":"https:\/\/mail.ibn-sinaa.com\/wp-admin\/"}}]}
 ajax: no
2025-01-14T00:54:18+00:00 DEBUG Tt4b_Mapi_Class::mapi_post: Response: 

HTTP/1.1 200 OK
Server: nginx
Content-Type: application/json
Content-Length: 92
X-Tt-Logid: 20250114005418AF7CC3CB5F65F33F567B
Server-Timing: inner; dur=21
x-tt-trace-host: 018e5a586174a888928d793bdac74b79b51a437ee89a1c03eb2011d034a2e3e9f5ffb69bef33fe224d9a7400ac6c7fd21e81a22db6a81a060fbebaab11af221963b8076274613c2cdb191b8f38d1692dfc79cd9f6c92d69f4af9418de75819cb1b
x-tt-trace-id: 00-250114005418AF7CC3CB5F65F33F567B-215A57C65502C12E-00
Expires: Tue, 14 Jan 2025 00:54:18 GMT
Cache-Control: max-age=0, no-cache, no-store
Pragma: no-cache
Date: Tue, 14 Jan 2025 00:54:18 GMT
X-Cache: TCP_MISS from a95-101-134-92.deploy.akamaitechnologies.com (AkamaiGHost/11.7.2.1-9611f29bef89eba7b18045b10aa2af98) (-)
Connection: close
x-tt-trace-tag: id=16;cdn-cache=miss;type=dyn
Server-Timing: cdn-cache; desc=MISS, edge; dur=1, origin; dur=104
X-Origin-Response-Time: 104,95.101.134.92
X-Akamai-Request-ID: f7e91ed

{"code": 0, "message": "OK", "request_id": "20250114005418AF7CC3CB5F65F33F567B", "data": {}}
2025-01-14T00:54:43+00:00 DEBUG POST: https://business-api.tiktok.com/open_api/v1.3/event/track/

{"partner_name":"WooCommerce","event_source":"web","event_source_id":"CSM79Q3C77UAG1T340I0","data":[{"event":"Pageview","event_id":"6785b5d383f0d_tt4b_woocommerce_670666209cf1f","event_time":1736816083,"user":{"ip":"45.61.188.34","user_agent":"GRequests\/0.10","locale":"ar","external_id":"0","email":"e3b0c44298fc1c149afbf4c8996fb92427ae41e4649b934ca495991b7852b855","phone_number":"e3b0c44298fc1c149afbf4c8996fb92427ae41e4649b934ca495991b7852b855","first_name":"e3b0c44298fc1c149afbf4c8996fb92427ae41e4649b934ca495991b7852b855","last_name":"e3b0c44298fc1c149afbf4c8996fb92427ae41e4649b934ca495991b7852b855","zip_code":"e3b0c44298fc1c149afbf4c8996fb92427ae41e4649b934ca495991b7852b855"},"page":{"url":"http:\/\/mail.ibn-sinaa.com\/-\/-\/-\/-\/-\/-\/-\/-\/-\/-\/","referrer":"http:\/\/mail.ibn-sinaa.com\/wp-login.php"}}]}
 ajax: no
2025-01-14T00:54:43+00:00 DEBUG Tt4b_Mapi_Class::mapi_post: Response: 

HTTP/1.1 200 OK
Server: nginx
Content-Type: application/json
Content-Length: 92
X-Tt-Logid: 202501140054438A3D7C8631F6969607A4
Server-Timing: inner; dur=30
x-tt-trace-host: 018e5a586174a888928d793bdac74b79b5ad707aeae3c73e258680035dfad0d1c05a63b3518372c93aa9041041423ed13b3b036d525b9ddd3e25c2c6a10d5e7b8a30e7d5d54a066676bb3d4145601e6605c957c7925bc109f45710dccea01de8c0
x-tt-trace-id: 00-2501140054438A3D7C8631F6969607A4-5A90DB1C8AA39740-00
Expires: Tue, 14 Jan 2025 00:54:43 GMT
Cache-Control: max-age=0, no-cache, no-store
Pragma: no-cache
Date: Tue, 14 Jan 2025 00:54:43 GMT
X-Cache: TCP_MISS from a95-101-134-36.deploy.akamaitechnologies.com (AkamaiGHost/11.7.2.1-9611f29bef89eba7b18045b10aa2af98) (-)
Connection: close
x-tt-trace-tag: id=16;cdn-cache=miss;type=dyn
Server-Timing: cdn-cache; desc=MISS, edge; dur=2, origin; dur=111
X-Origin-Response-Time: 112,95.101.134.36
X-Akamai-Request-ID: 8a9be56

{"code": 0, "message": "OK", "request_id": "202501140054438A3D7C8631F6969607A4", "data": {}}
2025-01-14T00:54:48+00:00 DEBUG POST: https://business-api.tiktok.com/open_api/v1.3/event/track/

{"partner_name":"WooCommerce","event_source":"web","event_source_id":"CSM79Q3C77UAG1T340I0","data":[{"event":"Pageview","event_id":"6785b5d84a847_tt4b_woocommerce_670666209cf1f","event_time":1736816088,"user":{"ip":"45.61.188.34","user_agent":"GRequests\/0.10","locale":"ar","external_id":"0","email":"e3b0c44298fc1c149afbf4c8996fb92427ae41e4649b934ca495991b7852b855","phone_number":"e3b0c44298fc1c149afbf4c8996fb92427ae41e4649b934ca495991b7852b855","first_name":"e3b0c44298fc1c149afbf4c8996fb92427ae41e4649b934ca495991b7852b855","last_name":"e3b0c44298fc1c149afbf4c8996fb92427ae41e4649b934ca495991b7852b855","zip_code":"e3b0c44298fc1c149afbf4c8996fb92427ae41e4649b934ca495991b7852b855"},"page":{"url":"http:\/\/mail.ibn-sinaa.com\/-\/-\/-\/-\/-\/-\/-\/-\/-\/-\/","referrer":"http:\/\/mail.ibn-sinaa.com\/wp-login.php"}}]}
 ajax: no
2025-01-14T00:54:48+00:00 DEBUG Tt4b_Mapi_Class::mapi_post: Response: 

HTTP/1.1 200 OK
Server: nginx
Content-Type: application/json
Content-Length: 92
X-Tt-Logid: 20250114005448BB5A1C3862B84F134AB8
x-tt-trace-host: 018e5a586174a888928d793bdac74b79b52a36c08622bbc2ac99357be22beb959a278fcf0fe8b079e7fba1a7ee66a36187cc94bbe4afd3f83ca27f777e413be91af901d75a334bdb3c48c19003a0c2168bb421d10925fa02b9cb99add9497e9797dc8604365029a748dbcd144175f01c51
x-tt-trace-id: 00-250114005448BB5A1C3862B84F134AB8-5210D1028EA26859-00
X-Origin-Response-Time: 52,23.207.199.36
X-Akamai-Request-ID: 55e808e.8a9e85c
Expires: Tue, 14 Jan 2025 00:54:48 GMT
Cache-Control: max-age=0, no-cache, no-store
Pragma: no-cache
Date: Tue, 14 Jan 2025 00:54:48 GMT
X-Cache: TCP_MISS from a95-101-134-36.deploy.akamaitechnologies.com (AkamaiGHost/11.7.2.1-9611f29bef89eba7b18045b10aa2af98) (-)
Connection: close
X-Cache-Remote: TCP_MISS from a23-207-199-36.deploy.akamaitechnologies.com (AkamaiGHost/11.7.2.1-9611f29bef89eba7b18045b10aa2af98) (-)
x-tt-trace-tag: id=16;cdn-cache=miss;type=dyn
Server-Timing: cdn-cache; desc=MISS, edge; dur=92, origin; dur=52
Server-Timing: inner; dur=42
X-Parent-Response-Time: 144,95.101.134.36

{"code": 0, "message": "OK", "request_id": "20250114005448BB5A1C3862B84F134AB8", "data": {}}
2025-01-14T00:54:55+00:00 DEBUG POST: https://business-api.tiktok.com/open_api/v1.3/event/track/

{"partner_name":"WooCommerce","event_source":"web","event_source_id":"CSM79Q3C77UAG1T340I0","data":[{"event":"Pageview","event_id":"6785b5dfed751_tt4b_woocommerce_670666209cf1f","event_time":1736816095,"user":{"ip":"45.61.188.34","user_agent":"GRequests\/0.10","locale":"ar","external_id":"0","email":"e3b0c44298fc1c149afbf4c8996fb92427ae41e4649b934ca495991b7852b855","phone_number":"e3b0c44298fc1c149afbf4c8996fb92427ae41e4649b934ca495991b7852b855","first_name":"e3b0c44298fc1c149afbf4c8996fb92427ae41e4649b934ca495991b7852b855","last_name":"e3b0c44298fc1c149afbf4c8996fb92427ae41e4649b934ca495991b7852b855","zip_code":"e3b0c44298fc1c149afbf4c8996fb92427ae41e4649b934ca495991b7852b855"},"page":{"url":"http:\/\/mail.ibn-sinaa.com\/404\/","referrer":"https:\/\/mail.ibn-sinaa.com\/wp-admin\/"}}]}
 ajax: no
2025-01-14T00:54:56+00:00 DEBUG Tt4b_Mapi_Class::mapi_post: Response: 

HTTP/1.1 200 OK
Server: nginx
Content-Type: application/json
Content-Length: 92
X-Tt-Logid: 20250114005456751D141C48C814C984EF
x-tt-trace-host: 018e5a586174a888928d793bdac74b79b56517d7628cf0ffdff56b078ad2cf56152d6ca1370518b6fc60ee0b196d9f244d550232fe92e7351b2261b8baf2bd04de116f04fdd6f229e2f1245edfcb837e455dc5120944ff5e63304efd27cfc5b96678f174b71437e39d5bd150d24dd624b6
x-tt-trace-id: 00-250114005456751D141C48C814C984EF-5DBDB3CF6387AAE3-00
X-Origin-Response-Time: 35,23.213.246.241
X-Akamai-Request-ID: 34a523f0.f80c239
Expires: Tue, 14 Jan 2025 00:54:56 GMT
Cache-Control: max-age=0, no-cache, no-store
Pragma: no-cache
Date: Tue, 14 Jan 2025 00:54:56 GMT
X-Cache: TCP_MISS from a95-101-134-92.deploy.akamaitechnologies.com (AkamaiGHost/11.7.2.1-9611f29bef89eba7b18045b10aa2af98) (-)
Connection: close
X-Cache-Remote: TCP_MISS from a23-213-246-241.deploy.akamaitechnologies.com (AkamaiGHost/11.8.0-2d0f2d516c5d43e1487924a77ec5924a) (-)
x-tt-trace-tag: id=16;cdn-cache=miss;type=dyn
Server-Timing: cdn-cache; desc=MISS, edge; dur=82, origin; dur=35
Server-Timing: inner; dur=30
X-Parent-Response-Time: 116,95.101.134.92

{"code": 0, "message": "OK", "request_id": "20250114005456751D141C48C814C984EF", "data": {}}
2025-01-14T00:56:01+00:00 DEBUG POST: https://business-api.tiktok.com/open_api/v1.3/event/track/

{"partner_name":"WooCommerce","event_source":"web","event_source_id":"CSM79Q3C77UAG1T340I0","data":[{"event":"Pageview","event_id":"6785b621a4441_tt4b_woocommerce_670666209cf1f","event_time":1736816161,"user":{"ip":"66.249.66.165","user_agent":"Mozilla\/5.0 (Linux; Android 6.0.1; Nexus 5X Build\/MMB29P) AppleWebKit\/537.36 (KHTML, like Gecko) Chrome\/131.0.6778.264 Mobile Safari\/537.36 (compatible; Googlebot\/2.1; +http:\/\/www.google.com\/bot.html)","locale":"ar","external_id":"0","email":"e3b0c44298fc1c149afbf4c8996fb92427ae41e4649b934ca495991b7852b855","phone_number":"e3b0c44298fc1c149afbf4c8996fb92427ae41e4649b934ca495991b7852b855","first_name":"e3b0c44298fc1c149afbf4c8996fb92427ae41e4649b934ca495991b7852b855","last_name":"e3b0c44298fc1c149afbf4c8996fb92427ae41e4649b934ca495991b7852b855","zip_code":"e3b0c44298fc1c149afbf4c8996fb92427ae41e4649b934ca495991b7852b855"},"page":{"url":"http:\/\/www.ibn-sinaa.com\/product\/%D9%83%D8%B1%D9%88%D8%AA-%D8%A8%D8%B1%D9%8A%D8%B3%D8%AA%D9%88%D9%84\/feed\/"}}]}
 ajax: no
2025-01-14T00:56:01+00:00 DEBUG Tt4b_Mapi_Class::mapi_post: Response: 

HTTP/1.1 200 OK
Server: nginx
Content-Type: application/json
Content-Length: 92
X-Tt-Logid: 20250114005601BA52A9277D8C7FA38CC3
Server-Timing: inner; dur=27
x-tt-trace-host: 018e5a586174a888928d793bdac74b79b51a437ee89a1c03eb2011d034a2e3e9f51b49dd132e869bc1065eeecfb98d0a053023d21f947b3bdef52f57122b4852db0c626788a168514722997208bcd8449736b443d625e9b5c43f29eca99b2311f0
x-tt-trace-id: 00-250114005601BA52A9277D8C7FA38CC3-76A99FF679BA0920-00
Expires: Tue, 14 Jan 2025 00:56:01 GMT
Cache-Control: max-age=0, no-cache, no-store
Pragma: no-cache
Date: Tue, 14 Jan 2025 00:56:01 GMT
X-Cache: TCP_MISS from a95-101-134-92.deploy.akamaitechnologies.com (AkamaiGHost/11.7.2.1-9611f29bef89eba7b18045b10aa2af98) (-)
Connection: close
x-tt-trace-tag: id=16;cdn-cache=miss;type=dyn
Server-Timing: cdn-cache; desc=MISS, edge; dur=0, origin; dur=107
X-Origin-Response-Time: 107,95.101.134.92
X-Akamai-Request-ID: f848584

{"code": 0, "message": "OK", "request_id": "20250114005601BA52A9277D8C7FA38CC3", "data": {}}
2025-01-14T01:00:18+00:00 DEBUG POST: https://business-api.tiktok.com/open_api/v1.3/event/track/

{"partner_name":"WooCommerce","event_source":"web","event_source_id":"CSM79Q3C77UAG1T340I0","data":[{"event":"Pageview","event_id":"6785b7225e29b_tt4b_woocommerce_670666209cf1f","event_time":1736816418,"user":{"ip":"213.180.203.250","user_agent":"Mozilla\/5.0 (compatible; YandexBot\/3.0; +http:\/\/yandex.com\/bots)","locale":"ar","external_id":"0","email":"e3b0c44298fc1c149afbf4c8996fb92427ae41e4649b934ca495991b7852b855","phone_number":"e3b0c44298fc1c149afbf4c8996fb92427ae41e4649b934ca495991b7852b855","first_name":"e3b0c44298fc1c149afbf4c8996fb92427ae41e4649b934ca495991b7852b855","last_name":"e3b0c44298fc1c149afbf4c8996fb92427ae41e4649b934ca495991b7852b855","zip_code":"e3b0c44298fc1c149afbf4c8996fb92427ae41e4649b934ca495991b7852b855"},"page":{"url":"http:\/\/mail.ibn-sinaa.com\/cart\/"}}]}
 ajax: no
2025-01-14T01:00:18+00:00 DEBUG Tt4b_Mapi_Class::mapi_post: Response: 

HTTP/1.1 200 OK
Server: nginx
Content-Type: application/json
Content-Length: 92
X-Tt-Logid: 20250114010018B1F5D091EB5868A8065C
x-tt-trace-host: 018e5a586174a888928d793bdac74b79b56517d7628cf0ffdff56b078ad2cf561582c32320d99be5a031bb26174cb9a76cb70d7a94e4601a124df0ea2a341fbc09bbfda206d7334cd88c13c350231045e7c071609ecfe6b4e4712bd9c4057dc56c5b987bc5f871c2254ed60ee8f837c474
x-tt-trace-id: 00-250114010018B1F5D091EB5868A8065C-0240E1D859A429A0-00
X-Origin-Response-Time: 37,23.207.199.26
X-Akamai-Request-ID: 78092a1.f95efb6
Expires: Tue, 14 Jan 2025 01:00:18 GMT
Cache-Control: max-age=0, no-cache, no-store
Pragma: no-cache
Date: Tue, 14 Jan 2025 01:00:18 GMT
X-Cache: TCP_MISS from a95-101-134-92.deploy.akamaitechnologies.com (AkamaiGHost/11.7.2.1-9611f29bef89eba7b18045b10aa2af98) (-)
Connection: close
X-Cache-Remote: TCP_MISS from a23-207-199-26.deploy.akamaitechnologies.com (AkamaiGHost/11.7.2.1-9611f29bef89eba7b18045b10aa2af98) (-)
x-tt-trace-tag: id=16;cdn-cache=miss;type=dyn
Server-Timing: cdn-cache; desc=MISS, edge; dur=92, origin; dur=37
Server-Timing: inner; dur=31
X-Parent-Response-Time: 129,95.101.134.92

{"code": 0, "message": "OK", "request_id": "20250114010018B1F5D091EB5868A8065C", "data": {}}
2025-01-14T01:00:41+00:00 DEBUG Tt4b_Pixel_Class::inject_add_to_cart_event: hit AddToCart
2025-01-14T01:00:41+00:00 DEBUG POST: https://business-api.tiktok.com/open_api/v1.3/event/track/

{"partner_name":"WooCommerce","event_source":"web","event_source_id":"CSM79Q3C77UAG1T340I0","data":[{"event":"AddToCart","event_id":"6785b7390a8f0_tt4b_woocommerce_670666209cf1f_4436","event_time":1736816441,"user":{"ip":"213.180.203.151","user_agent":"Mozilla\/5.0 (compatible; YandexBot\/3.0; +http:\/\/yandex.com\/bots)","locale":"ar","external_id":"0","email":"e3b0c44298fc1c149afbf4c8996fb92427ae41e4649b934ca495991b7852b855","phone_number":"e3b0c44298fc1c149afbf4c8996fb92427ae41e4649b934ca495991b7852b855","first_name":"e3b0c44298fc1c149afbf4c8996fb92427ae41e4649b934ca495991b7852b855","last_name":"e3b0c44298fc1c149afbf4c8996fb92427ae41e4649b934ca495991b7852b855","zip_code":"e3b0c44298fc1c149afbf4c8996fb92427ae41e4649b934ca495991b7852b855"},"properties":{"contents":[{"price":180,"quantity":1,"content_id":"4436","content_name":"\u062a\u0642\u0648\u064a\u0645 \u062e\u0634\u0628 \u0648\u0633\u0637 \u0645\u0639 \u062c\u0644\u062f","description":"\u062a\u0642\u0648\u064a\u0645 \u0645\u064a\u0644\u0627\u062f\u064a \u062e\u0634\u0628: \u062a\u0635\u0645\u064a\u0645 \u0639\u0635\u0631\u064a \u0648\u0623\u0646\u064a\u0642\u060c \u0645\u0635\u0646\u0648\u0639 \u0645\u0646 \u0627\u0644\u062e\u0634\u0628 \u0627\u0644\u0645\u062a\u064a\u0646 \u0628\u0648\u0636\u0648\u062d \u0627\u0633\u062a\u062b\u0646\u0627\u0626\u064a \u0644\u0644\u0643\u062a\u0627\u0628\u0629 \u0648\u0627\u0644\u0631\u0624\u064a\u0629\u060c \u064a\u0636\u064a\u0641 \u0644\u0645\u0633\u0629 \u0645\u0646 \u0627\u0644\u0641\u062e\u0627\u0645\u0629 \u0648\u0627\u0644\u062a\u0646\u0638\u064a\u0645 \u0644\u0645\u0643\u062a\u0628\u0643. \u0645\u062b\u0627\u0644\u064a \u0644\u062a\u0646\u0638\u064a\u0645 \u0627\u0644\u0645\u0648\u0627\u0639\u064a\u062f \u0648\u0627\u0644\u0627\u062c\u062a\u0645\u0627\u0639\u0627\u062a\u060c \u0648\u064a\u0636\u0641\u064a \u062c\u0627\u0630\u0628\u064a\u0629 \u0639\u0644\u0649 \u0645\u0633\u0627\u062d\u0629 \u0627\u0644\u0639\u0645\u0644 \u0627\u0644\u062e\u0627\u0635\u0629 \u0628\u0643.","availability":"IN_STOCK","sale_price":180,"on_sale":false}],"content_type":"product","currency":"SAR","value":180,"event_trigger_source":"WooCommerce"},"page":{"url":"http:\/\/mail.ibn-sinaa.com\/cart\/?add-to-cart=4436"}}]}
 ajax: no
2025-01-14T01:00:41+00:00 DEBUG Tt4b_Mapi_Class::mapi_post: Response: 

HTTP/1.1 200 OK
Server: nginx
Content-Type: application/json
Content-Length: 92
X-Tt-Logid: 2025011401004187A70FD33FF566ACDC4A
Server-Timing: inner; dur=49
x-tt-trace-host: 018e5a586174a888928d793bdac74b79b51a437ee89a1c03eb2011d034a2e3e9f5928c8ddd398743b0b34bf0de3f98f12ecd6fb31f1a6aea943202beb544bceb720ac49a1d634ee8f05a7fed2a3cfa2ec1170b8cf4f5cff9bc78277b18e181e33a
x-tt-trace-id: 00-25011401004187A70FD33FF566ACDC4A-14DEE4AE6C67BCD0-00
Expires: Tue, 14 Jan 2025 01:00:41 GMT
Cache-Control: max-age=0, no-cache, no-store
Pragma: no-cache
Date: Tue, 14 Jan 2025 01:00:41 GMT
X-Cache: TCP_MISS from a95-101-134-92.deploy.akamaitechnologies.com (AkamaiGHost/11.7.2.1-9611f29bef89eba7b18045b10aa2af98) (-)
Connection: close
x-tt-trace-tag: id=16;cdn-cache=miss;type=dyn
Server-Timing: cdn-cache; desc=MISS, edge; dur=2, origin; dur=131
X-Origin-Response-Time: 131,95.101.134.92
X-Akamai-Request-ID: f978668

{"code": 0, "message": "OK", "request_id": "2025011401004187A70FD33FF566ACDC4A", "data": {}}
2025-01-14T01:00:41+00:00 DEBUG POST: https://business-api.tiktok.com/open_api/v1.3/event/track/

{"partner_name":"WooCommerce","event_source":"web","event_source_id":"CSM79Q3C77UAG1T340I0","data":[{"event":"Pageview","event_id":"6785b739be88d_tt4b_woocommerce_670666209cf1f","event_time":1736816441,"user":{"ip":"213.180.203.151","user_agent":"Mozilla\/5.0 (compatible; YandexBot\/3.0; +http:\/\/yandex.com\/bots)","locale":"ar","external_id":"0","email":"e3b0c44298fc1c149afbf4c8996fb92427ae41e4649b934ca495991b7852b855","phone_number":"e3b0c44298fc1c149afbf4c8996fb92427ae41e4649b934ca495991b7852b855","first_name":"e3b0c44298fc1c149afbf4c8996fb92427ae41e4649b934ca495991b7852b855","last_name":"e3b0c44298fc1c149afbf4c8996fb92427ae41e4649b934ca495991b7852b855","zip_code":"e3b0c44298fc1c149afbf4c8996fb92427ae41e4649b934ca495991b7852b855"},"page":{"url":"http:\/\/mail.ibn-sinaa.com\/cart\/?add-to-cart=4436"}}]}
 ajax: no
2025-01-14T01:00:41+00:00 DEBUG Tt4b_Mapi_Class::mapi_post: Response: 

HTTP/1.1 200 OK
Server: nginx
Content-Type: application/json
Content-Length: 92
X-Tt-Logid: 202501140100416E7BE81FFAD020E8DC40
x-tt-trace-host: 018e5a586174a888928d793bdac74b79b56517d7628cf0ffdff56b078ad2cf561562c29feb3eae18d83160dbdf1a60d2896c386a067b993e83a6d6d6a8e634a96640634940368b8a789d684e926a83ffffceb46ee44f37de978d8f0c248d215dd44841c4fea7fe36f14659e5d7600f4887
x-tt-trace-id: 00-2501140100416E7BE81FFAD020E8DC40-55108C06623E4C93-00
X-Origin-Response-Time: 61,23.207.199.36
X-Akamai-Request-ID: 56c3070.f97937b
Expires: Tue, 14 Jan 2025 01:00:41 GMT
Cache-Control: max-age=0, no-cache, no-store
Pragma: no-cache
Date: Tue, 14 Jan 2025 01:00:41 GMT
X-Cache: TCP_MISS from a95-101-134-92.deploy.akamaitechnologies.com (AkamaiGHost/11.7.2.1-9611f29bef89eba7b18045b10aa2af98) (-)
Connection: close
X-Cache-Remote: TCP_MISS from a23-207-199-36.deploy.akamaitechnologies.com (AkamaiGHost/11.7.2.1-9611f29bef89eba7b18045b10aa2af98) (-)
x-tt-trace-tag: id=16;cdn-cache=miss;type=dyn
Server-Timing: cdn-cache; desc=MISS, edge; dur=86, origin; dur=61
Server-Timing: inner; dur=52
X-Parent-Response-Time: 145,95.101.134.92

{"code": 0, "message": "OK", "request_id": "202501140100416E7BE81FFAD020E8DC40", "data": {}}
2025-01-14T01:00:45+00:00 DEBUG POST: https://business-api.tiktok.com/open_api/v1.3/event/track/

{"partner_name":"WooCommerce","event_source":"web","event_source_id":"CSM79Q3C77UAG1T340I0","data":[{"event":"Pageview","event_id":"6785b73d1de92_tt4b_woocommerce_670666209cf1f","event_time":1736816445,"user":{"ip":"95.108.213.181","user_agent":"Mozilla\/5.0 (compatible; YandexBot\/3.0; +http:\/\/yandex.com\/bots)","locale":"ar","external_id":"0","email":"e3b0c44298fc1c149afbf4c8996fb92427ae41e4649b934ca495991b7852b855","phone_number":"e3b0c44298fc1c149afbf4c8996fb92427ae41e4649b934ca495991b7852b855","first_name":"e3b0c44298fc1c149afbf4c8996fb92427ae41e4649b934ca495991b7852b855","last_name":"e3b0c44298fc1c149afbf4c8996fb92427ae41e4649b934ca495991b7852b855","zip_code":"e3b0c44298fc1c149afbf4c8996fb92427ae41e4649b934ca495991b7852b855"},"page":{"url":"http:\/\/mail.ibn-sinaa.com\/product\/science-telescope\/"}}]}
 ajax: no
2025-01-14T01:00:45+00:00 DEBUG Tt4b_Mapi_Class::mapi_post: Response: 

HTTP/1.1 200 OK
Server: nginx
Content-Type: application/json
Content-Length: 92
X-Tt-Logid: 20250114010045F23CDDC686DE41B7B09B
Server-Timing: inner; dur=30
x-tt-trace-host: 018e5a586174a888928d793bdac74b79b5ad707aeae3c73e258680035dfad0d1c08f8884f098c8fbed05ca93876d212842a2e2c08e47758276a864d5521b9a9cc53201e667c058aef63e92d438c0d91585fe7de65036e836ab4d9ada7dc5182cd1
x-tt-trace-id: 00-250114010045F23CDDC686DE41B7B09B-232F288C8F8B75E6-00
Expires: Tue, 14 Jan 2025 01:00:45 GMT
Cache-Control: max-age=0, no-cache, no-store
Pragma: no-cache
Date: Tue, 14 Jan 2025 01:00:45 GMT
X-Cache: TCP_MISS from a95-101-134-36.deploy.akamaitechnologies.com (AkamaiGHost/11.7.2.1-9611f29bef89eba7b18045b10aa2af98) (-)
Connection: close
x-tt-trace-tag: id=16;cdn-cache=miss;type=dyn
Server-Timing: cdn-cache; desc=MISS, edge; dur=3, origin; dur=111
X-Origin-Response-Time: 112,95.101.134.36
X-Akamai-Request-ID: 8baaa15

{"code": 0, "message": "OK", "request_id": "20250114010045F23CDDC686DE41B7B09B", "data": {}}
2025-01-14T01:00:45+00:00 DEBUG Tt4b_Pixel_Class::inject_view_content_event: hit ViewContent
2025-01-14T01:00:45+00:00 DEBUG POST: https://business-api.tiktok.com/open_api/v1.3/event/track/

{"partner_name":"WooCommerce","event_source":"web","event_source_id":"CSM79Q3C77UAG1T340I0","data":[{"event":"ViewContent","event_id":"6785b73d64636_tt4b_woocommerce_670666209cf1f_4381","event_time":1736816445,"user":{"ip":"95.108.213.181","user_agent":"Mozilla\/5.0 (compatible; YandexBot\/3.0; +http:\/\/yandex.com\/bots)","locale":"ar","external_id":"0","email":"e3b0c44298fc1c149afbf4c8996fb92427ae41e4649b934ca495991b7852b855","phone_number":"e3b0c44298fc1c149afbf4c8996fb92427ae41e4649b934ca495991b7852b855","first_name":"e3b0c44298fc1c149afbf4c8996fb92427ae41e4649b934ca495991b7852b855","last_name":"e3b0c44298fc1c149afbf4c8996fb92427ae41e4649b934ca495991b7852b855","zip_code":"e3b0c44298fc1c149afbf4c8996fb92427ae41e4649b934ca495991b7852b855"},"properties":{"contents":[{"price":1745,"quantity":1,"content_id":"4381","content_name":"\u0639\u0644\u0645 \u062a\u0633\u0644\u0643\u0648\u0628","description":"\u0623\u0639\u0644\u0627\u0645 \u0627\u0644\u062a\u0644\u0633\u0643\u0648\u0628 \u0627\u0644\u062f\u0639\u0627\u0626\u064a\u0629 : \u0645\u062b\u0627\u0644\u064a\u0629 \u0644\u062a\u0632\u064a\u064a\u0646 \u0627\u0644\u0645\u0643\u062a\u0628 \u0628\u0644\u0645\u0633\u0629 \u0623\u0646\u064a\u0642\u0629 \u0648\u0641\u0627\u062e\u0631\u0629. \u0645\u0635\u0646\u0648\u0639\u0629 \u0645\u0646 \u0645\u0648\u0627\u062f \u0645\u062a\u064a\u0646\u0629 \u0648\u0628\u0623\u0644\u0648\u0627\u0646 \u0632\u0627\u0647\u064a\u0629\u060c \u062a\u0636\u064a\u0641 \u062c\u0627\u0630\u0628\u064a\u0629 \u0645\u0645\u064a\u0632\u0629 \u0644\u0623\u064a \u0645\u0633\u0627\u062d\u0629 \u0645\u0643\u062a\u0628\u064a\u0629 \u062f\u0648\u0646 \u0634\u063a\u0644 \u062d\u064a\u0632 \u0643\u0628\u064a\u0631. \u0645\u062b\u0627\u0644\u064a\u0629 \u0644\u0644\u0627\u062c\u062a\u0645\u0627\u0639\u0627\u062a\u060c \u0627\u0644\u0645\u0624\u062a\u0645\u0631\u0627\u062a\u060c \u0648\u0627\u0644\u0647\u062f\u0627\u064a\u0627 \u0627\u0644\u0641\u0627\u062e\u0631\u0629.","availability":"IN_STOCK","sale_price":1745,"on_sale":false}],"content_type":"product","currency":"SAR","value":1745,"event_trigger_source":"WooCommerce"},"page":{"url":"http:\/\/mail.ibn-sinaa.com\/product\/science-telescope\/"}}]}
 ajax: no
2025-01-14T01:00:46+00:00 DEBUG POST: https://business-api.tiktok.com/open_api/v1.3/event/track/

{"partner_name":"WooCommerce","event_source":"web","event_source_id":"CSM79Q3C77UAG1T340I0","data":[{"event":"Pageview","event_id":"6785b73e63b9a_tt4b_woocommerce_670666209cf1f","event_time":1736816446,"user":{"ip":"213.180.203.137","user_agent":"Mozilla\/5.0 (compatible; YandexBot\/3.0; +http:\/\/yandex.com\/bots)","locale":"ar","external_id":"0","email":"e3b0c44298fc1c149afbf4c8996fb92427ae41e4649b934ca495991b7852b855","phone_number":"e3b0c44298fc1c149afbf4c8996fb92427ae41e4649b934ca495991b7852b855","first_name":"e3b0c44298fc1c149afbf4c8996fb92427ae41e4649b934ca495991b7852b855","last_name":"e3b0c44298fc1c149afbf4c8996fb92427ae41e4649b934ca495991b7852b855","zip_code":"e3b0c44298fc1c149afbf4c8996fb92427ae41e4649b934ca495991b7852b855"},"page":{"url":"http:\/\/mail.ibn-sinaa.com\/product\/calendar-gregorian-wood\/"}}]}
 ajax: no
2025-01-14T01:00:46+00:00 DEBUG Tt4b_Mapi_Class::mapi_post: Response: 

HTTP/1.1 200 OK
Server: nginx
Content-Type: application/json
Content-Length: 92
X-Tt-Logid: 202501140100467FDC8E24298E38CB5353
x-tt-trace-host: 018e5a586174a888928d793bdac74b79b56517d7628cf0ffdff56b078ad2cf5615c3df775885d1c8ee542740e737eb9d1adbc4839841c143c41d0c06617df50023b3b8e3678bfa3eaaa3eea84711080a7d228a1040a2aca9ac90ddf2160dfe59630339436ca32042e785c1f91368c6a8b6
x-tt-trace-id: 00-2501140100467FDC8E24298E38CB5353-16E4A6F224120166-00
X-Origin-Response-Time: 38,23.218.219.59
X-Akamai-Request-ID: 8f74f60.f97e532
Expires: Tue, 14 Jan 2025 01:00:46 GMT
Cache-Control: max-age=0, no-cache, no-store
Pragma: no-cache
Date: Tue, 14 Jan 2025 01:00:46 GMT
X-Cache: TCP_MISS from a95-101-134-92.deploy.akamaitechnologies.com (AkamaiGHost/11.7.2.1-9611f29bef89eba7b18045b10aa2af98) (-)
Connection: close
X-Cache-Remote: TCP_MISS from a23-218-219-59.deploy.akamaitechnologies.com (AkamaiGHost/11.7.2.1-9611f29bef89eba7b18045b10aa2af98) (-)
x-tt-trace-tag: id=16;cdn-cache=miss;type=dyn
Server-Timing: cdn-cache; desc=MISS, edge; dur=83, origin; dur=38
Server-Timing: inner; dur=33
X-Parent-Response-Time: 120,95.101.134.92

{"code": 0, "message": "OK", "request_id": "202501140100467FDC8E24298E38CB5353", "data": {}}
2025-01-14T01:00:46+00:00 DEBUG Tt4b_Pixel_Class::inject_view_content_event: hit ViewContent
2025-01-14T01:00:46+00:00 DEBUG POST: https://business-api.tiktok.com/open_api/v1.3/event/track/

{"partner_name":"WooCommerce","event_source":"web","event_source_id":"CSM79Q3C77UAG1T340I0","data":[{"event":"ViewContent","event_id":"6785b73ea0822_tt4b_woocommerce_670666209cf1f_4436","event_time":1736816446,"user":{"ip":"213.180.203.137","user_agent":"Mozilla\/5.0 (compatible; YandexBot\/3.0; +http:\/\/yandex.com\/bots)","locale":"ar","external_id":"0","email":"e3b0c44298fc1c149afbf4c8996fb92427ae41e4649b934ca495991b7852b855","phone_number":"e3b0c44298fc1c149afbf4c8996fb92427ae41e4649b934ca495991b7852b855","first_name":"e3b0c44298fc1c149afbf4c8996fb92427ae41e4649b934ca495991b7852b855","last_name":"e3b0c44298fc1c149afbf4c8996fb92427ae41e4649b934ca495991b7852b855","zip_code":"e3b0c44298fc1c149afbf4c8996fb92427ae41e4649b934ca495991b7852b855"},"properties":{"contents":[{"price":180,"quantity":1,"content_id":"4436","content_name":"\u062a\u0642\u0648\u064a\u0645 \u062e\u0634\u0628 \u0648\u0633\u0637 \u0645\u0639 \u062c\u0644\u062f","description":"\u062a\u0642\u0648\u064a\u0645 \u0645\u064a\u0644\u0627\u062f\u064a \u062e\u0634\u0628: \u062a\u0635\u0645\u064a\u0645 \u0639\u0635\u0631\u064a \u0648\u0623\u0646\u064a\u0642\u060c \u0645\u0635\u0646\u0648\u0639 \u0645\u0646 \u0627\u0644\u062e\u0634\u0628 \u0627\u0644\u0645\u062a\u064a\u0646 \u0628\u0648\u0636\u0648\u062d \u0627\u0633\u062a\u062b\u0646\u0627\u0626\u064a \u0644\u0644\u0643\u062a\u0627\u0628\u0629 \u0648\u0627\u0644\u0631\u0624\u064a\u0629\u060c \u064a\u0636\u064a\u0641 \u0644\u0645\u0633\u0629 \u0645\u0646 \u0627\u0644\u0641\u062e\u0627\u0645\u0629 \u0648\u0627\u0644\u062a\u0646\u0638\u064a\u0645 \u0644\u0645\u0643\u062a\u0628\u0643. \u0645\u062b\u0627\u0644\u064a \u0644\u062a\u0646\u0638\u064a\u0645 \u0627\u0644\u0645\u0648\u0627\u0639\u064a\u062f \u0648\u0627\u0644\u0627\u062c\u062a\u0645\u0627\u0639\u0627\u062a\u060c \u0648\u064a\u0636\u0641\u064a \u062c\u0627\u0630\u0628\u064a\u0629 \u0639\u0644\u0649 \u0645\u0633\u0627\u062d\u0629 \u0627\u0644\u0639\u0645\u0644 \u0627\u0644\u062e\u0627\u0635\u0629 \u0628\u0643.","availability":"IN_STOCK","sale_price":180,"on_sale":false}],"content_type":"product","currency":"SAR","value":180,"event_trigger_source":"WooCommerce"},"page":{"url":"http:\/\/mail.ibn-sinaa.com\/product\/calendar-gregorian-wood\/"}}]}
 ajax: no
2025-01-14T01:00:46+00:00 DEBUG Tt4b_Mapi_Class::mapi_post: Response: 

HTTP/1.1 200 OK
Server: nginx
Content-Type: application/json
Content-Length: 92
X-Tt-Logid: 202501140100460C324D9501EA66ADF91D
x-tt-trace-host: 018e5a586174a888928d793bdac74b79b56517d7628cf0ffdff56b078ad2cf561562c29feb3eae18d83160dbdf1a60d2895470b2042511f74881acf075366773b741d11385ae8ad70e41e15f16a47b1ffec335d8458ab7ae1243f6b3e2d58ebe871740cdd3eb221d298f4e0bb80845c940
x-tt-trace-id: 00-2501140100460C324D9501EA66ADF91D-32E4F7AB7E0A0D77-00
X-Origin-Response-Time: 44,23.207.199.36
X-Akamai-Request-ID: 56c68e1.f97e90b
Expires: Tue, 14 Jan 2025 01:00:46 GMT
Cache-Control: max-age=0, no-cache, no-store
Pragma: no-cache
Date: Tue, 14 Jan 2025 01:00:46 GMT
X-Cache: TCP_MISS from a95-101-134-92.deploy.akamaitechnologies.com (AkamaiGHost/11.7.2.1-9611f29bef89eba7b18045b10aa2af98) (-)
Connection: close
X-Cache-Remote: TCP_MISS from a23-207-199-36.deploy.akamaitechnologies.com (AkamaiGHost/11.7.2.1-9611f29bef89eba7b18045b10aa2af98) (-)
x-tt-trace-tag: id=16;cdn-cache=miss;type=dyn
Server-Timing: cdn-cache; desc=MISS, edge; dur=86, origin; dur=43
Server-Timing: inner; dur=40
X-Parent-Response-Time: 128,95.101.134.92

{"code": 0, "message": "OK", "request_id": "202501140100460C324D9501EA66ADF91D", "data": {}}
2025-01-14T01:00:47+00:00 DEBUG Tt4b_Mapi_Class::mapi_post: Response: 

HTTP/1.1 200 OK
Server: nginx
Content-Type: application/json
Content-Length: 92
X-Tt-Logid: 20250114010045AD7A5365A37AAD3471BB
x-tt-trace-host: 018e5a586174a888928d793bdac74b79b52a36c08622bbc2ac99357be22beb959ad4bc43923c2f3068bd445c1ca4653a38e174cf8771c51bf4e3d791c1f178d8b90b882d2571a3751be79f5094ffa38fe3f369858f10a39eb13c992a5953058eacc66e7d85ebd50e175322133d53ca09ff
x-tt-trace-id: 00-250114010045AD7A5365A37AAD3471BB-27FFCEE777563C97-00
X-Origin-Response-Time: 1990,23.213.246.229
X-Akamai-Request-ID: 475dcd89.8baacf2
Expires: Tue, 14 Jan 2025 01:00:47 GMT
Cache-Control: max-age=0, no-cache, no-store
Pragma: no-cache
Date: Tue, 14 Jan 2025 01:00:47 GMT
X-Cache: TCP_MISS from a95-101-134-36.deploy.akamaitechnologies.com (AkamaiGHost/11.7.2.1-9611f29bef89eba7b18045b10aa2af98) (-)
Connection: close
X-Cache-Remote: TCP_MISS from a23-213-246-229.deploy.akamaitechnologies.com (AkamaiGHost/11.7.2.1-9611f29bef89eba7b18045b10aa2af98) (-)
x-tt-trace-tag: id=16;cdn-cache=miss;type=dyn
Server-Timing: cdn-cache; desc=MISS, edge; dur=82, origin; dur=1990
Server-Timing: inner; dur=1986
X-Parent-Response-Time: 2071,95.101.134.36

{"code": 0, "message": "OK", "request_id": "20250114010045AD7A5365A37AAD3471BB", "data": {}}
2025-01-14T01:03:01+00:00 DEBUG Tt4b_Pixel_Class::inject_add_to_cart_event: hit AddToCart
2025-01-14T01:03:01+00:00 DEBUG POST: https://business-api.tiktok.com/open_api/v1.3/event/track/

{"partner_name":"WooCommerce","event_source":"web","event_source_id":"CSM79Q3C77UAG1T340I0","data":[{"event":"AddToCart","event_id":"6785b7c5d4e34_tt4b_woocommerce_670666209cf1f_SKU_198","event_time":1736816581,"user":{"ip":"54.36.148.80","user_agent":"Mozilla\/5.0 (compatible; AhrefsBot\/7.0; +http:\/\/ahrefs.com\/robot\/)","locale":"ar","external_id":"0","email":"e3b0c44298fc1c149afbf4c8996fb92427ae41e4649b934ca495991b7852b855","phone_number":"e3b0c44298fc1c149afbf4c8996fb92427ae41e4649b934ca495991b7852b855","first_name":"e3b0c44298fc1c149afbf4c8996fb92427ae41e4649b934ca495991b7852b855","last_name":"e3b0c44298fc1c149afbf4c8996fb92427ae41e4649b934ca495991b7852b855","zip_code":"e3b0c44298fc1c149afbf4c8996fb92427ae41e4649b934ca495991b7852b855"},"properties":{"contents":[{"price":0,"quantity":1,"content_id":"SKU_198","content_name":"\u0637\u0628\u0627\u0639\u0629 \u0628\u0631\u0634\u0648\u0631 \u0641\u0644\u0627\u064a\u0631 A4","description":"<ul>\r\n \t<li>\u0641\u0644\u0627\u064a\u0631 \u0645\u0642\u0627\u0633 A4 \u0637\u0628\u0627\u0639\u0629 \u0639\u0644\u0649 \u0648\u0631\u0642 \u0643\u0648\u0634\u064a\u0647 150 \u062c\u0631\u0627\u0645 \u0628\u062c\u0648\u062f\u0629 \u0639\u0627\u0644\u064a\u0629.<\/li>\r\n \t<li>\u0645\u062f\u0629 \u0627\u0644\u062a\u0646\u0641\u064a\u0630 \u0627\u0644\u0645\u062a\u0648\u0642\u0639\u0629: 1 \u2013 3 \u0623\u064a\u0627\u0645 \u0639\u0645\u0644 \u0628\u0639\u062f \u062a\u0623\u0643\u064a\u062f \u0627\u0644\u0637\u0644\u0628 \u0648\u0627\u0644\u062a\u0635\u0645\u064a\u0645 \u0648\u062d\u0633\u0628 \u0627\u0644\u0643\u0645\u064a\u0629 (\u062a\u0632\u064a\u062f \u0627\u0644\u0645\u062f\u0629 \u0639\u0646\u062f \u0637\u0644\u0628 \u0627\u0644\u0634\u062d\u0646).<\/li>\r\n<\/ul>","availability":"IN_STOCK","sale_price":0,"on_sale":false}],"content_type":"product","currency":"SAR","value":0,"event_trigger_source":"WooCommerce"},"page":{"url":"http:\/\/ibn-sinaa.com\/product\/poster-printing\/?add-to-cart=198"}}]}
 ajax: no
2025-01-14T01:03:02+00:00 DEBUG Tt4b_Mapi_Class::mapi_post: Response: 

HTTP/1.1 200 OK
Server: nginx
Content-Type: application/json
Content-Length: 92
X-Tt-Logid: 202501140103012C8F98467E82FFA48CC2
Server-Timing: inner; dur=34
x-tt-trace-host: 018e5a586174a888928d793bdac74b79b5ad707aeae3c73e258680035dfad0d1c049a92179520b67c329fa84676835e27718dae50cf1668cf17ec25c5cc8b902298603d12f8e281dad5267e1aeb1d8abf9fb831923e4ebfb8e249ed6b3ee91a106
x-tt-trace-id: 00-2501140103012C8F98467E82FFA48CC2-48671EAC3C7BD029-00
Expires: Tue, 14 Jan 2025 01:03:02 GMT
Cache-Control: max-age=0, no-cache, no-store
Pragma: no-cache
Date: Tue, 14 Jan 2025 01:03:02 GMT
X-Cache: TCP_MISS from a95-101-134-36.deploy.akamaitechnologies.com (AkamaiGHost/11.7.2.1-9611f29bef89eba7b18045b10aa2af98) (-)
Connection: close
x-tt-trace-tag: id=16;cdn-cache=miss;type=dyn
Server-Timing: cdn-cache; desc=MISS, edge; dur=10, origin; dur=118
X-Origin-Response-Time: 119,95.101.134.36
X-Akamai-Request-ID: 8c265e8

{"code": 0, "message": "OK", "request_id": "202501140103012C8F98467E82FFA48CC2", "data": {}}
2025-01-14T01:03:02+00:00 DEBUG POST: https://business-api.tiktok.com/open_api/v1.3/event/track/

{"partner_name":"WooCommerce","event_source":"web","event_source_id":"CSM79Q3C77UAG1T340I0","data":[{"event":"Pageview","event_id":"6785b7c6b7066_tt4b_woocommerce_670666209cf1f","event_time":1736816582,"user":{"ip":"54.36.148.80","user_agent":"Mozilla\/5.0 (compatible; AhrefsBot\/7.0; +http:\/\/ahrefs.com\/robot\/)","locale":"ar","external_id":"0","email":"e3b0c44298fc1c149afbf4c8996fb92427ae41e4649b934ca495991b7852b855","phone_number":"e3b0c44298fc1c149afbf4c8996fb92427ae41e4649b934ca495991b7852b855","first_name":"e3b0c44298fc1c149afbf4c8996fb92427ae41e4649b934ca495991b7852b855","last_name":"e3b0c44298fc1c149afbf4c8996fb92427ae41e4649b934ca495991b7852b855","zip_code":"e3b0c44298fc1c149afbf4c8996fb92427ae41e4649b934ca495991b7852b855"},"page":{"url":"http:\/\/ibn-sinaa.com\/product\/poster-printing\/?add-to-cart=198"}}]}
 ajax: no
2025-01-14T01:03:02+00:00 DEBUG Tt4b_Mapi_Class::mapi_post: Response: 

HTTP/1.1 200 OK
Server: nginx
Content-Type: application/json
Content-Length: 92
X-Tt-Logid: 202501140103020FE69573E9D442404CF5
x-tt-trace-host: 018e5a586174a888928d793bdac74b79b52a36c08622bbc2ac99357be22beb959a8d12dc028778f3af821514063bc771b0c97ba62e9fd246f19dec7a4fd41d346f050564996abe1622512ed13b80ede19721595f7d7f1c9e446892535c8311d48aa3f8e8fac707f391252ee922d7cddd1a
x-tt-trace-id: 00-2501140103020FE69573E9D442404CF5-4D817CEC780BB87D-00
X-Origin-Response-Time: 42,23.207.199.25
X-Akamai-Request-ID: 6fb8c50.8c273b1
Expires: Tue, 14 Jan 2025 01:03:02 GMT
Cache-Control: max-age=0, no-cache, no-store
Pragma: no-cache
Date: Tue, 14 Jan 2025 01:03:02 GMT
X-Cache: TCP_MISS from a95-101-134-36.deploy.akamaitechnologies.com (AkamaiGHost/11.7.2.1-9611f29bef89eba7b18045b10aa2af98) (-)
Connection: close
X-Cache-Remote: TCP_MISS from a23-207-199-25.deploy.akamaitechnologies.com (AkamaiGHost/11.7.2.1-9611f29bef89eba7b18045b10aa2af98) (-)
x-tt-trace-tag: id=16;cdn-cache=miss;type=dyn
Server-Timing: cdn-cache; desc=MISS, edge; dur=93, origin; dur=42
Server-Timing: inner; dur=29
X-Parent-Response-Time: 134,95.101.134.36

{"code": 0, "message": "OK", "request_id": "202501140103020FE69573E9D442404CF5", "data": {}}
2025-01-14T01:03:03+00:00 DEBUG Tt4b_Pixel_Class::inject_view_content_event: hit ViewContent
2025-01-14T01:03:03+00:00 DEBUG POST: https://business-api.tiktok.com/open_api/v1.3/event/track/

{"partner_name":"WooCommerce","event_source":"web","event_source_id":"CSM79Q3C77UAG1T340I0","data":[{"event":"ViewContent","event_id":"6785b7c71ed4b_tt4b_woocommerce_670666209cf1f_4708","event_time":1736816583,"user":{"ip":"54.36.148.80","user_agent":"Mozilla\/5.0 (compatible; AhrefsBot\/7.0; +http:\/\/ahrefs.com\/robot\/)","locale":"ar","external_id":"0","email":"e3b0c44298fc1c149afbf4c8996fb92427ae41e4649b934ca495991b7852b855","phone_number":"e3b0c44298fc1c149afbf4c8996fb92427ae41e4649b934ca495991b7852b855","first_name":"e3b0c44298fc1c149afbf4c8996fb92427ae41e4649b934ca495991b7852b855","last_name":"e3b0c44298fc1c149afbf4c8996fb92427ae41e4649b934ca495991b7852b855","zip_code":"e3b0c44298fc1c149afbf4c8996fb92427ae41e4649b934ca495991b7852b855"},"properties":{"contents":[{"price":0,"quantity":1,"content_id":"4708","content_name":"\u0637\u0628\u0627\u0639\u0647 \u0628\u0648\u0633\u062a\u0631","description":"<ul>\r\n \t<li>\u00a0\u0637\u0628\u0627\u0639\u0629 \u0627\u0644\u0628\u0648\u0633\u062a\u0631\u0627\u062a \u0628\u062f\u0642\u0629 \u0639\u0627\u0644\u064a\u0629 \u0648 \u0627\u0641\u0636\u0644 \u062c\u0648\u062f\u0629.<\/li>\r\n \t<li>\u0627\u0642\u0635\u0649 \u0639\u0631\u0636 \u0644\u0644\u0628\u0648\u0633\u062a\u0631 1.5 \u0645\u062a\u0631.<\/li>\r\n \t<li>\u0645\u062f\u0629 \u0627\u0644\u062a\u0646\u0641\u064a\u0630: \u0645\u0646 1 \u0625\u0644\u0649 2 \u0623\u064a\u0627\u0645 \u0639\u0645\u0644 \u0628\u0639\u062f \u0627\u0639\u062a\u0645\u0627\u062f \u0627\u0644\u062a\u0635\u0645\u064a\u0645 \u0648\u0627\u0644\u0637\u0644\u0628 \u062d\u0633\u0628 \u0627\u0644\u0643\u0645\u064a\u0629.<\/li>\r\n<\/ul>","availability":"IN_STOCK","sale_price":0,"on_sale":false}],"content_type":"product","currency":"SAR","value":0,"event_trigger_source":"WooCommerce"},"page":{"url":"http:\/\/ibn-sinaa.com\/product\/poster-printing\/?add-to-cart=198"}}]}
 ajax: no
2025-01-14T01:03:03+00:00 DEBUG Tt4b_Mapi_Class::mapi_post: Response: 

HTTP/1.1 200 OK
Server: nginx
Content-Type: application/json
Content-Length: 92
X-Tt-Logid: 20250114010303707C1E689D926E136A85
x-tt-trace-host: 018e5a586174a888928d793bdac74b79b56517d7628cf0ffdff56b078ad2cf5615c30aee8384f4710f072e3290112a0b36a35ff430d78645e0928db28f9c0724e071f68187528031cf3536baed90797af5e4b83f89f7c6185ed4c37c533ed65afdd3c2efda1e7536fe35a7b54dc6779b5d
x-tt-trace-id: 00-250114010303707C1E689D926E136A85-6B7A2A2D5C1F7F75-00
X-Origin-Response-Time: 35,23.213.246.237
X-Akamai-Request-ID: 71da4c52.fa19615
Expires: Tue, 14 Jan 2025 01:03:03 GMT
Cache-Control: max-age=0, no-cache, no-store
Pragma: no-cache
Date: Tue, 14 Jan 2025 01:03:03 GMT
X-Cache: TCP_MISS from a95-101-134-92.deploy.akamaitechnologies.com (AkamaiGHost/11.7.2.1-9611f29bef89eba7b18045b10aa2af98) (-)
Connection: close
X-Cache-Remote: TCP_MISS from a23-213-246-237.deploy.akamaitechnologies.com (AkamaiGHost/11.7.2.1-9611f29bef89eba7b18045b10aa2af98) (-)
x-tt-trace-tag: id=16;cdn-cache=miss;type=dyn
Server-Timing: cdn-cache; desc=MISS, edge; dur=82, origin; dur=35
Server-Timing: inner; dur=31
X-Parent-Response-Time: 116,95.101.134.92

{"code": 0, "message": "OK", "request_id": "20250114010303707C1E689D926E136A85", "data": {}}
2025-01-14T01:03:04+00:00 DEBUG POST: https://business-api.tiktok.com/open_api/v1.3/event/track/

{"partner_name":"WooCommerce","event_source":"web","event_source_id":"CSM79Q3C77UAG1T340I0","data":[{"event":"Pageview","event_id":"6785b7c837e65_tt4b_woocommerce_670666209cf1f","event_time":1736816584,"user":{"ip":"66.249.66.165","user_agent":"Mozilla\/5.0 (Linux; Android 6.0.1; Nexus 5X Build\/MMB29P) AppleWebKit\/537.36 (KHTML, like Gecko) Chrome\/131.0.6778.264 Mobile Safari\/537.36 (compatible; Googlebot\/2.1; +http:\/\/www.google.com\/bot.html)","locale":"ar","external_id":"0","email":"e3b0c44298fc1c149afbf4c8996fb92427ae41e4649b934ca495991b7852b855","phone_number":"e3b0c44298fc1c149afbf4c8996fb92427ae41e4649b934ca495991b7852b855","first_name":"e3b0c44298fc1c149afbf4c8996fb92427ae41e4649b934ca495991b7852b855","last_name":"e3b0c44298fc1c149afbf4c8996fb92427ae41e4649b934ca495991b7852b855","zip_code":"e3b0c44298fc1c149afbf4c8996fb92427ae41e4649b934ca495991b7852b855"},"page":{"url":"http:\/\/www.ibn-sinaa.com\/product\/school-chemistry-records\/"}}]}
 ajax: no
2025-01-14T01:03:04+00:00 DEBUG Tt4b_Mapi_Class::mapi_post: Response: 

HTTP/1.1 200 OK
Server: nginx
Content-Type: application/json
Content-Length: 92
X-Tt-Logid: 2025011401030442C7DEC4914D0719147F
Server-Timing: inner; dur=27
x-tt-trace-host: 018e5a586174a888928d793bdac74b79b5ad707aeae3c73e258680035dfad0d1c0b70636818b3c6a6bfd214f49af08312c59b098c009557df0b71319f8ed1492864f925497d73f50ee3e5425d53f5bc8c82c3edadbc41b2b63c57bfc184fa05582
x-tt-trace-id: 00-25011401030442C7DEC4914D0719147F-3F7ADEE3518C4FC9-00
Expires: Tue, 14 Jan 2025 01:03:04 GMT
Cache-Control: max-age=0, no-cache, no-store
Pragma: no-cache
Date: Tue, 14 Jan 2025 01:03:04 GMT
X-Cache: TCP_MISS from a95-101-134-36.deploy.akamaitechnologies.com (AkamaiGHost/11.7.2.1-9611f29bef89eba7b18045b10aa2af98) (-)
Connection: close
x-tt-trace-tag: id=16;cdn-cache=miss;type=dyn
Server-Timing: cdn-cache; desc=MISS, edge; dur=1, origin; dur=106
X-Origin-Response-Time: 107,95.101.134.36
X-Akamai-Request-ID: 8c28adc

{"code": 0, "message": "OK", "request_id": "2025011401030442C7DEC4914D0719147F", "data": {}}
2025-01-14T01:03:04+00:00 DEBUG Tt4b_Pixel_Class::inject_view_content_event: hit ViewContent
2025-01-14T01:03:04+00:00 DEBUG POST: https://business-api.tiktok.com/open_api/v1.3/event/track/

{"partner_name":"WooCommerce","event_source":"web","event_source_id":"CSM79Q3C77UAG1T340I0","data":[{"event":"ViewContent","event_id":"6785b7c889dec_tt4b_woocommerce_670666209cf1f_4205","event_time":1736816584,"user":{"ip":"66.249.66.165","user_agent":"Mozilla\/5.0 (Linux; Android 6.0.1; Nexus 5X Build\/MMB29P) AppleWebKit\/537.36 (KHTML, like Gecko) Chrome\/131.0.6778.264 Mobile Safari\/537.36 (compatible; Googlebot\/2.1; +http:\/\/www.google.com\/bot.html)","locale":"ar","external_id":"0","email":"e3b0c44298fc1c149afbf4c8996fb92427ae41e4649b934ca495991b7852b855","phone_number":"e3b0c44298fc1c149afbf4c8996fb92427ae41e4649b934ca495991b7852b855","first_name":"e3b0c44298fc1c149afbf4c8996fb92427ae41e4649b934ca495991b7852b855","last_name":"e3b0c44298fc1c149afbf4c8996fb92427ae41e4649b934ca495991b7852b855","zip_code":"e3b0c44298fc1c149afbf4c8996fb92427ae41e4649b934ca495991b7852b855"},"properties":{"contents":[{"price":65,"quantity":1,"content_id":"4205","content_name":"\u0633\u062c\u0644\u0627\u062a \u0645\u0627\u062f\u0629 \u0627\u0644\u0643\u064a\u0645\u064a\u0627\u0621","description":". \u0637\u0628\u0627\u0639\u0647 \u0633\u062c\u0644\u0627\u062a \u0645\u062f\u0631\u0633\u064a\u0629 \u0627\u062d\u062a\u0631\u0627\u0641\u064a\u0629 \u062e\u0627\u0645\u062a\u0647\u0627 \u0643\u0631\u062a\u0648\u0646 2000 \u062c\u0631\u0627\u0645,\u062a\u0636\u0627\u0641 \u0637\u0628\u0642\u0629 \u062d\u0645\u0627\u064a\u0647 \u0627\u0633\u062a\u064a\u0643\u0631 \u0645\u0639 \u0633\u0644\u0648\u0641\u0627\u0646 \u0644\u0627\u0645\u0639.\r\n. \u0645\u062a\u0648\u0641\u0631 \u0628 \u0627\u062d\u062c\u0627\u0645 \u0645\u062e\u062a\u0644\u0641\u0647 ( \u0635\u063a\u064a\u0631, \u0648\u0633\u0637 , \u0643\u0628\u064a\u0631 ).\r\n. \u064a\u062a\u0633\u0639 \u0627\u0644\u0645\u0642\u0627\u0633 \u0627\u0644\u0635\u063a\u064a\u0631 ( \u0645\u0646 50 \u0627\u0644\u0649 150 \u0648\u0631\u0642\u0629 )\r\n. \u064a\u062a\u0633\u0639 \u0627\u0644\u0648\u0633\u0637 ( \u0645\u0646 150 \u0627\u0644\u0649 300 \u0648\u0631\u0642\u0629 )\r\n. \u0627\u0644\u0643\u0628\u064a\u0631 ( \u0645\u0646 300 \u0627\u0644\u0649 400 \u0648\u0631\u0642\u0629 ).\r\n. \u0645\u062f\u0629 \u0627\u0644\u062a\u0646\u0641\u064a\u0630 : 3-5 \u0627\u064a\u0627\u0645 \u0648\u062a\u0632\u064a\u062f \u0627\u0644\u0645\u062f\u0629 \u0639\u0646 \u0637\u0644\u0628 \u0627\u0644\u0634\u062d\u0646.","availability":"IN_STOCK","sale_price":65,"on_sale":false}],"content_type":"product","currency":"SAR","value":65,"event_trigger_source":"WooCommerce"},"page":{"url":"http:\/\/www.ibn-sinaa.com\/product\/school-chemistry-records\/"}}]}
 ajax: no
2025-01-14T01:03:04+00:00 DEBUG Tt4b_Mapi_Class::mapi_post: Response: 

HTTP/1.1 200 OK
Server: nginx
Content-Type: application/json
Content-Length: 92
X-Tt-Logid: 202501140103048C4C8A2C7027141C4251
Server-Timing: inner; dur=40
x-tt-trace-host: 018e5a586174a888928d793bdac74b79b51a437ee89a1c03eb2011d034a2e3e9f54969781bb0475e8b87658e65bec98550ac6ff8826c6d479de61b95ebba4e66f38225b93c1b2893ef173d2f6eedd73b45106b061141b4d6402ef22a4892ab6dc5
x-tt-trace-id: 00-2501140103048C4C8A2C7027141C4251-327D27B4678FFBDC-00
Expires: Tue, 14 Jan 2025 01:03:04 GMT
Cache-Control: max-age=0, no-cache, no-store
Pragma: no-cache
Date: Tue, 14 Jan 2025 01:03:04 GMT
X-Cache: TCP_MISS from a95-101-134-92.deploy.akamaitechnologies.com (AkamaiGHost/11.7.2.1-9611f29bef89eba7b18045b10aa2af98) (-)
Connection: close
x-tt-trace-tag: id=16;cdn-cache=miss;type=dyn
Server-Timing: cdn-cache; desc=MISS, edge; dur=1, origin; dur=123
X-Origin-Response-Time: 124,95.101.134.92
X-Akamai-Request-ID: fa1b1d4

{"code": 0, "message": "OK", "request_id": "202501140103048C4C8A2C7027141C4251", "data": {}}
2025-01-14T01:03:48+00:00 DEBUG POST: https://business-api.tiktok.com/open_api/v1.3/event/track/

{"partner_name":"WooCommerce","event_source":"web","event_source_id":"CSM79Q3C77UAG1T340I0","data":[{"event":"Pageview","event_id":"6785b7f4887cd_tt4b_woocommerce_670666209cf1f","event_time":1736816628,"user":{"ip":"51.38.41.215","user_agent":"Mozilla\/5.0 (Windows NT 6.1; WOW64) AppleWebKit\/537.36 (KHTML, like Gecko) Chrome\/36.0.1985.125 Safari\/537.36","locale":"ar","external_id":"0","email":"e3b0c44298fc1c149afbf4c8996fb92427ae41e4649b934ca495991b7852b855","phone_number":"e3b0c44298fc1c149afbf4c8996fb92427ae41e4649b934ca495991b7852b855","first_name":"e3b0c44298fc1c149afbf4c8996fb92427ae41e4649b934ca495991b7852b855","last_name":"e3b0c44298fc1c149afbf4c8996fb92427ae41e4649b934ca495991b7852b855","zip_code":"e3b0c44298fc1c149afbf4c8996fb92427ae41e4649b934ca495991b7852b855"},"page":{"url":"http:\/\/ibn-sinaa.com\/-\/-\/-\/-\/-\/-\/-\/-\/-\/-\/"}}]}
 ajax: no
2025-01-14T01:03:48+00:00 DEBUG Tt4b_Mapi_Class::mapi_post: Response: 

HTTP/1.1 200 OK
Server: nginx
Content-Type: application/json
Content-Length: 92
X-Tt-Logid: 20250114010348ABDD8D54FE8991F7F7D7
Server-Timing: inner; dur=104
x-tt-trace-host: 018e5a586174a888928d793bdac74b79b5ad707aeae3c73e258680035dfad0d1c0e848b8ec021a4817a91d0b55ac91a9d8427206a450c1a546619b44f3596ceae588d6da1b7982d20bb6988a937cfbad1d6a8d2ed37a32ebcaf0109a37bd10a682
x-tt-trace-id: 00-250114010348ABDD8D54FE8991F7F7D7-48F48F9F7509FB4E-00
Expires: Tue, 14 Jan 2025 01:03:48 GMT
Cache-Control: max-age=0, no-cache, no-store
Pragma: no-cache
Date: Tue, 14 Jan 2025 01:03:48 GMT
X-Cache: TCP_MISS from a95-101-134-36.deploy.akamaitechnologies.com (AkamaiGHost/11.7.2.1-9611f29bef89eba7b18045b10aa2af98) (-)
Connection: close
x-tt-trace-tag: id=16;cdn-cache=miss;type=dyn
Server-Timing: cdn-cache; desc=MISS, edge; dur=0, origin; dur=187
X-Origin-Response-Time: 187,95.101.134.36
X-Akamai-Request-ID: 8c516dd

{"code": 0, "message": "OK", "request_id": "20250114010348ABDD8D54FE8991F7F7D7", "data": {}}
2025-01-14T01:04:40+00:00 DEBUG POST: https://business-api.tiktok.com/open_api/v1.3/event/track/

{"partner_name":"WooCommerce","event_source":"web","event_source_id":"CSM79Q3C77UAG1T340I0","data":[{"event":"Pageview","event_id":"6785b8286761c_tt4b_woocommerce_670666209cf1f","event_time":1736816680,"user":{"ip":"66.249.66.18","user_agent":"Mozilla\/5.0 (Linux; Android 6.0.1; Nexus 5X Build\/MMB29P) AppleWebKit\/537.36 (KHTML, like Gecko) Chrome\/131.0.6778.264 Mobile Safari\/537.36 (compatible; Googlebot\/2.1; +http:\/\/www.google.com\/bot.html)","locale":"ar","external_id":"0","email":"e3b0c44298fc1c149afbf4c8996fb92427ae41e4649b934ca495991b7852b855","phone_number":"e3b0c44298fc1c149afbf4c8996fb92427ae41e4649b934ca495991b7852b855","first_name":"e3b0c44298fc1c149afbf4c8996fb92427ae41e4649b934ca495991b7852b855","last_name":"e3b0c44298fc1c149afbf4c8996fb92427ae41e4649b934ca495991b7852b855","zip_code":"e3b0c44298fc1c149afbf4c8996fb92427ae41e4649b934ca495991b7852b855"},"page":{"url":"http:\/\/mail.ibn-sinaa.com\/tag\/%D9%85%D9%83%D8%AA%D8%A8%D8%A9-%D8%A7%D8%A8%D9%86-%D8%B3%D9%8A%D9%86%D8%A7\/"}}]}
 ajax: no
2025-01-14T01:04:40+00:00 DEBUG Tt4b_Mapi_Class::mapi_post: Response: 

HTTP/1.1 200 OK
Server: nginx
Content-Type: application/json
Content-Length: 92
X-Tt-Logid: 20250114010440F918D7C43A271A1DDC7D
Server-Timing: inner; dur=29
x-tt-trace-host: 018e5a586174a888928d793bdac74b79b51a437ee89a1c03eb2011d034a2e3e9f5dd84462460164b811091298f24845831be6746fc821913954be6331e5054130c07ec56327bda3fbee87ee7f85ecd69c59107eae28fe36159d246d57e985750bb
x-tt-trace-id: 00-250114010440F918D7C43A271A1DDC7D-569045E35BBBF5AB-00
Expires: Tue, 14 Jan 2025 01:04:40 GMT
Cache-Control: max-age=0, no-cache, no-store
Pragma: no-cache
Date: Tue, 14 Jan 2025 01:04:40 GMT
X-Cache: TCP_MISS from a95-101-134-92.deploy.akamaitechnologies.com (AkamaiGHost/11.7.2.1-9611f29bef89eba7b18045b10aa2af98) (-)
Connection: close
x-tt-trace-tag: id=16;cdn-cache=miss;type=dyn
Server-Timing: cdn-cache; desc=MISS, edge; dur=0, origin; dur=110
X-Origin-Response-Time: 110,95.101.134.92
X-Akamai-Request-ID: fa8827e

{"code": 0, "message": "OK", "request_id": "20250114010440F918D7C43A271A1DDC7D", "data": {}}
2025-01-14T01:06:31+00:00 DEBUG POST: https://business-api.tiktok.com/open_api/v1.3/event/track/

{"partner_name":"WooCommerce","event_source":"web","event_source_id":"CSM79Q3C77UAG1T340I0","data":[{"event":"Pageview","event_id":"6785b8973fb86_tt4b_woocommerce_670666209cf1f","event_time":1736816791,"user":{"ip":"91.238.160.205","user_agent":"GRequests\/0.10","locale":"ar","external_id":"0","email":"e3b0c44298fc1c149afbf4c8996fb92427ae41e4649b934ca495991b7852b855","phone_number":"e3b0c44298fc1c149afbf4c8996fb92427ae41e4649b934ca495991b7852b855","first_name":"e3b0c44298fc1c149afbf4c8996fb92427ae41e4649b934ca495991b7852b855","last_name":"e3b0c44298fc1c149afbf4c8996fb92427ae41e4649b934ca495991b7852b855","zip_code":"e3b0c44298fc1c149afbf4c8996fb92427ae41e4649b934ca495991b7852b855"},"page":{"url":"http:\/\/ibn-sinaa.com\/-\/-\/-\/-\/-\/-\/-\/-\/-\/-\/","referrer":"http:\/\/ibn-sinaa.com\/wp-login.php"}}]}
 ajax: no
2025-01-14T01:06:31+00:00 DEBUG Tt4b_Mapi_Class::mapi_post: Response: 

HTTP/1.1 200 OK
Server: nginx
Content-Type: application/json
Content-Length: 92
X-Tt-Logid: 2025011401063187A3D53DDC147CE91FC5
Server-Timing: inner; dur=44
x-tt-trace-host: 018e5a586174a888928d793bdac74b79b51a437ee89a1c03eb2011d034a2e3e9f50df8abaca4c38be74acfe429e6eb3f480fb83309bb4accafd6ce4391d846f167ca2263dbb37eccdad9ef7c247f7475a06275e40f508439693549b058106654d5
x-tt-trace-id: 00-25011401063187A3D53DDC147CE91FC5-3F78CD6372959A31-00
Expires: Tue, 14 Jan 2025 01:06:31 GMT
Cache-Control: max-age=0, no-cache, no-store
Pragma: no-cache
Date: Tue, 14 Jan 2025 01:06:31 GMT
X-Cache: TCP_MISS from a95-101-134-92.deploy.akamaitechnologies.com (AkamaiGHost/11.7.2.1-9611f29bef89eba7b18045b10aa2af98) (-)
Connection: close
x-tt-trace-tag: id=16;cdn-cache=miss;type=dyn
Server-Timing: cdn-cache; desc=MISS, edge; dur=1, origin; dur=123
X-Origin-Response-Time: 124,95.101.134.92
X-Akamai-Request-ID: fb049a2

{"code": 0, "message": "OK", "request_id": "2025011401063187A3D53DDC147CE91FC5", "data": {}}
2025-01-14T01:06:34+00:00 DEBUG POST: https://business-api.tiktok.com/open_api/v1.3/event/track/

{"partner_name":"WooCommerce","event_source":"web","event_source_id":"CSM79Q3C77UAG1T340I0","data":[{"event":"Pageview","event_id":"6785b89a86744_tt4b_woocommerce_670666209cf1f","event_time":1736816794,"user":{"ip":"216.244.66.233","user_agent":"Mozilla\/5.0 (compatible; DotBot\/1.2; +https:\/\/opensiteexplorer.org\/dotbot; help@moz.com)","locale":"ar","external_id":"0","email":"e3b0c44298fc1c149afbf4c8996fb92427ae41e4649b934ca495991b7852b855","phone_number":"e3b0c44298fc1c149afbf4c8996fb92427ae41e4649b934ca495991b7852b855","first_name":"e3b0c44298fc1c149afbf4c8996fb92427ae41e4649b934ca495991b7852b855","last_name":"e3b0c44298fc1c149afbf4c8996fb92427ae41e4649b934ca495991b7852b855","zip_code":"e3b0c44298fc1c149afbf4c8996fb92427ae41e4649b934ca495991b7852b855"},"page":{"url":"http:\/\/www.ibn-sinaa.com\/product-tag\/%D9%85%D8%AA%D8%AC%D8%B1-%D8%B7%D8%A8%D8%A7%D8%B9%D8%A9\/page\/2\/"}}]}
 ajax: no
2025-01-14T01:06:34+00:00 DEBUG Tt4b_Mapi_Class::mapi_post: Response: 

HTTP/1.1 200 OK
Server: nginx
Content-Type: application/json
Content-Length: 92
X-Tt-Logid: 2025011401063414C81BA8FD7605C4164A
Server-Timing: inner; dur=27
x-tt-trace-host: 018e5a586174a888928d793bdac74b79b51a437ee89a1c03eb2011d034a2e3e9f5110f58d85e15748a52bb62e4b9d441a323a655d14de565e457b1d189e4a26bc9c37c6c2dabddf9a0dcf91f6368ad8be7723b8c25939255fa91fd929e977a02d5
x-tt-trace-id: 00-25011401063414C81BA8FD7605C4164A-01CB79139F44C990-00
Expires: Tue, 14 Jan 2025 01:06:34 GMT
Cache-Control: max-age=0, no-cache, no-store
Pragma: no-cache
Date: Tue, 14 Jan 2025 01:06:34 GMT
X-Cache: TCP_MISS from a95-101-134-92.deploy.akamaitechnologies.com (AkamaiGHost/11.7.2.1-9611f29bef89eba7b18045b10aa2af98) (-)
Connection: close
x-tt-trace-tag: id=16;cdn-cache=miss;type=dyn
Server-Timing: cdn-cache; desc=MISS, edge; dur=0, origin; dur=110
X-Origin-Response-Time: 110,95.101.134.92
X-Akamai-Request-ID: fb08683

{"code": 0, "message": "OK", "request_id": "2025011401063414C81BA8FD7605C4164A", "data": {}}
2025-01-14T01:06:35+00:00 DEBUG POST: https://business-api.tiktok.com/open_api/v1.3/event/track/

{"partner_name":"WooCommerce","event_source":"web","event_source_id":"CSM79Q3C77UAG1T340I0","data":[{"event":"Pageview","event_id":"6785b89bd5ac4_tt4b_woocommerce_670666209cf1f","event_time":1736816795,"user":{"ip":"91.238.160.205","user_agent":"GRequests\/0.10","locale":"ar","external_id":"0","email":"e3b0c44298fc1c149afbf4c8996fb92427ae41e4649b934ca495991b7852b855","phone_number":"e3b0c44298fc1c149afbf4c8996fb92427ae41e4649b934ca495991b7852b855","first_name":"e3b0c44298fc1c149afbf4c8996fb92427ae41e4649b934ca495991b7852b855","last_name":"e3b0c44298fc1c149afbf4c8996fb92427ae41e4649b934ca495991b7852b855","zip_code":"e3b0c44298fc1c149afbf4c8996fb92427ae41e4649b934ca495991b7852b855"},"page":{"url":"http:\/\/ibn-sinaa.com\/-\/-\/-\/-\/-\/-\/-\/-\/-\/-\/","referrer":"http:\/\/ibn-sinaa.com\/wp-login.php"}}]}
 ajax: no
2025-01-14T01:06:36+00:00 DEBUG Tt4b_Mapi_Class::mapi_post: Response: 

HTTP/1.1 200 OK
Server: nginx
Content-Type: application/json
Content-Length: 92
X-Tt-Logid: 20250114010636E25CFAAA81FEE5BDD7A9
x-tt-trace-host: 018e5a586174a888928d793bdac74b79b52a36c08622bbc2ac99357be22beb959a1d3900347cc38d6b03f649cb1e285dc6091700f3cb40bc167020d57b55af921dfefdb98d81809d42ee333ae43f3f735ce7e8c55f633481498f200c2b181261650214299341021317adcc57130f062baa
x-tt-trace-id: 00-250114010636E25CFAAA81FEE5BDD7A9-7CDF273E643B5BCE-00
X-Origin-Response-Time: 30,23.213.246.235
X-Akamai-Request-ID: d7e949d.8ce746e
Expires: Tue, 14 Jan 2025 01:06:36 GMT
Cache-Control: max-age=0, no-cache, no-store
Pragma: no-cache
Date: Tue, 14 Jan 2025 01:06:36 GMT
X-Cache: TCP_MISS from a95-101-134-36.deploy.akamaitechnologies.com (AkamaiGHost/11.7.2.1-9611f29bef89eba7b18045b10aa2af98) (-)
Connection: close
X-Cache-Remote: TCP_MISS from a23-213-246-235.deploy.akamaitechnologies.com (AkamaiGHost/11.8.0-1debf780f7d7c834933fa9689361eec6) (-)
x-tt-trace-tag: id=16;cdn-cache=miss;type=dyn
Server-Timing: cdn-cache; desc=MISS, edge; dur=82, origin; dur=30
Server-Timing: inner; dur=24
X-Parent-Response-Time: 112,95.101.134.36

{"code": 0, "message": "OK", "request_id": "20250114010636E25CFAAA81FEE5BDD7A9", "data": {}}
2025-01-14T01:06:44+00:00 DEBUG POST: https://business-api.tiktok.com/open_api/v1.3/event/track/

{"partner_name":"WooCommerce","event_source":"web","event_source_id":"CSM79Q3C77UAG1T340I0","data":[{"event":"Pageview","event_id":"6785b8a3f3825_tt4b_woocommerce_670666209cf1f","event_time":1736816803,"user":{"ip":"91.238.160.205","user_agent":"GRequests\/0.10","locale":"ar","external_id":"0","email":"e3b0c44298fc1c149afbf4c8996fb92427ae41e4649b934ca495991b7852b855","phone_number":"e3b0c44298fc1c149afbf4c8996fb92427ae41e4649b934ca495991b7852b855","first_name":"e3b0c44298fc1c149afbf4c8996fb92427ae41e4649b934ca495991b7852b855","last_name":"e3b0c44298fc1c149afbf4c8996fb92427ae41e4649b934ca495991b7852b855","zip_code":"e3b0c44298fc1c149afbf4c8996fb92427ae41e4649b934ca495991b7852b855"},"page":{"url":"http:\/\/ibn-sinaa.com\/404\/","referrer":"https:\/\/ibn-sinaa.com\/wp-admin\/"}}]}
 ajax: no
2025-01-14T01:06:44+00:00 DEBUG Tt4b_Mapi_Class::mapi_post: Response: 

HTTP/1.1 200 OK
Server: n