2025-01-07T00:02:44+00:00 DEBUG POST: https://business-api.tiktok.com/open_api/v1.3/event/track/

{"partner_name":"WooCommerce","event_source":"web","event_source_id":"CSM79Q3C77UAG1T340I0","data":[{"event":"Pageview","event_id":"677c6f2460abb_tt4b_woocommerce_670666209cf1f","event_time":1736208164,"user":{"ip":"156.59.198.135","user_agent":"Mozilla\/5.0 (Linux; Android 5.0) AppleWebKit\/537.36 (KHTML, like Gecko) Mobile Safari\/537.36 (compatible; Bytespider; spider-feedback@bytedance.com)","locale":"ar","external_id":"0","email":"e3b0c44298fc1c149afbf4c8996fb92427ae41e4649b934ca495991b7852b855","phone_number":"e3b0c44298fc1c149afbf4c8996fb92427ae41e4649b934ca495991b7852b855","first_name":"e3b0c44298fc1c149afbf4c8996fb92427ae41e4649b934ca495991b7852b855","last_name":"e3b0c44298fc1c149afbf4c8996fb92427ae41e4649b934ca495991b7852b855","zip_code":"e3b0c44298fc1c149afbf4c8996fb92427ae41e4649b934ca495991b7852b855"},"page":{"url":"http:\/\/www.ibn-sinaa.com\/wp-content\/uploads\/2024\/10\/%D9%81%D9%88%D9%84%D8%AF%D8%B1%D8%A7%D8%AA-%D8%AC%D9%8A%D8%A8-%D8%B4%D9%86%D8%B7%D8%A9-1000x1000.png\/","referrer":"https:\/\/www.ibn-sinaa.com\/wp-content\/uploads\/2024\/10\/%D9%81%D9%88%D9%84%D8%AF%D8%B1%D8%A7%D8%AA-%D8%AC%D9%8A%D8%A8-%D8%B4%D9%86%D8%B7%D8%A9-1000x1000.png"}}]}
 ajax: no
2025-01-07T00:02:44+00:00 DEBUG Tt4b_Mapi_Class::mapi_post: Response: 

HTTP/1.1 200 OK
Server: nginx
Content-Type: application/json
Content-Length: 92
X-Tt-Logid: 20250107000244A384162A4A417EE6646D
Server-Timing: inner; dur=90
x-tt-trace-host: 018e5a586174a888928d793bdac74b79b51a437ee89a1c03eb2011d034a2e3e9f5a19e57dd82479d244806b0ad7a51bc74407394a096a7b8cccd5ccdd0beed7df1e744d2eee502e5de1de29da9c9635017c4e6f2ddcdda0efdc447acacdeeec8a8
x-tt-trace-id: 00-250107000244A384162A4A417EE6646D-59DE2B21673D7339-00
Expires: Tue, 07 Jan 2025 00:02:44 GMT
Cache-Control: max-age=0, no-cache, no-store
Pragma: no-cache
Date: Tue, 07 Jan 2025 00:02:44 GMT
X-Cache: TCP_MISS from a95-101-134-92.deploy.akamaitechnologies.com (AkamaiGHost/11.7.2.1-9611f29bef89eba7b18045b10aa2af98) (-)
Connection: close
x-tt-trace-tag: id=16;cdn-cache=miss;type=dyn
Server-Timing: cdn-cache; desc=MISS, edge; dur=1, origin; dur=173
X-Origin-Response-Time: 173,95.101.134.92
X-Akamai-Request-ID: aea575a

{"code": 0, "message": "OK", "request_id": "20250107000244A384162A4A417EE6646D", "data": {}}
2025-01-07T00:03:54+00:00 DEBUG Tt4b_Pixel_Class::inject_add_to_cart_event: hit AddToCart
2025-01-07T00:03:54+00:00 DEBUG POST: https://business-api.tiktok.com/open_api/v1.3/event/track/

{"partner_name":"WooCommerce","event_source":"web","event_source_id":"CSM79Q3C77UAG1T340I0","data":[{"event":"AddToCart","event_id":"677c6f6ae6412_tt4b_woocommerce_670666209cf1f_SKU_22","event_time":1736208234,"user":{"ip":"93.158.213.25","user_agent":"Mozilla\/5.0 (compatible; MJ12bot\/v1.4.8; http:\/\/mj12bot.com\/)","locale":"ar","external_id":"0","email":"e3b0c44298fc1c149afbf4c8996fb92427ae41e4649b934ca495991b7852b855","phone_number":"e3b0c44298fc1c149afbf4c8996fb92427ae41e4649b934ca495991b7852b855","first_name":"e3b0c44298fc1c149afbf4c8996fb92427ae41e4649b934ca495991b7852b855","last_name":"e3b0c44298fc1c149afbf4c8996fb92427ae41e4649b934ca495991b7852b855","zip_code":"e3b0c44298fc1c149afbf4c8996fb92427ae41e4649b934ca495991b7852b855"},"properties":{"contents":[{"price":0,"quantity":1,"content_id":"SKU_22","content_name":"\u0637\u0628\u0627\u0639\u0629 \u0628\u0631\u0634\u0648\u0631 \u0641\u0644\u0627\u064a\u0631 A3","description":"\u0641\u0644\u0627\u064a\u0631 \u0645\u0642\u0627\u0633 A3 \u0637\u0628\u0627\u0639\u0629 \u0639\u0644\u0649 \u0648\u0631\u0642 \u0643\u0648\u0634\u064a\u0647 150 \u062c\u0631\u0627\u0645 \u0637\u0628\u0627\u0639\u0629 \u0628\u062c\u0648\u062f\u0629 \u0639\u0627\u0644\u064a\u0629.\r\n\u0645\u062f\u0629 \u0627\u0644\u062a\u0646\u0641\u064a\u0630 \u0627\u0644\u0645\u062a\u0648\u0642\u0639\u0629: 1 \u2013 3 \u0623\u064a\u0627\u0645 \u0639\u0645\u0644 \u0628\u0639\u062f \u062a\u0623\u0643\u064a\u062f \u0627\u0644\u0637\u0644\u0628 \u0648\u0627\u0644\u062a\u0635\u0645\u064a\u0645 \u0648\u062d\u0633\u0628 \u0627\u0644\u0643\u0645\u064a\u0629 (\u062a\u0632\u064a\u062f \u0627\u0644\u0645\u062f\u0629 \u0639\u0646\u062f \u0637\u0644\u0628 \u0627\u0644\u0634\u062d\u0646).","availability":"IN_STOCK","sale_price":0,"on_sale":false}],"content_type":"product","currency":"SAR","value":0,"event_trigger_source":"WooCommerce"},"page":{"url":"http:\/\/ibn-sinaa.com\/en\/product\/%D8%A8%D8%B1%D8%B4%D9%88%D8%B1-%D9%81%D9%84%D8%A7%D9%8A%D8%B1-a5\/?add-to-cart=22"}}]}
 ajax: no
2025-01-07T00:03:55+00:00 DEBUG Tt4b_Mapi_Class::mapi_post: Response: 

HTTP/1.1 200 OK
Server: nginx
Content-Type: application/json
Content-Length: 92
X-Tt-Logid: 2025010700035552B27DA776760A4503BB
Server-Timing: inner; dur=34
x-tt-trace-host: 018e5a586174a888928d793bdac74b79b520593bf434961dbceff88e4b17f9a1564cbdb81da5038a2351c7f01bf4fa5e2e908aa92bb901eed537597609b7d7d30486e3e0608665687d875cb0af28a78a29ed1c8a2c218ad4dc9a66bc011b7b411b
x-tt-trace-id: 00-25010700035552B27DA776760A4503BB-1B3B19571D55BE23-00
Expires: Tue, 07 Jan 2025 00:03:55 GMT
Cache-Control: max-age=0, no-cache, no-store
Pragma: no-cache
Date: Tue, 07 Jan 2025 00:03:55 GMT
X-Cache: TCP_MISS from a95-101-134-116.deploy.akamaitechnologies.com (AkamaiGHost/11.7.2.1-9611f29bef89eba7b18045b10aa2af98) (-)
Connection: close
x-tt-trace-tag: id=16;cdn-cache=miss;type=dyn
Server-Timing: cdn-cache; desc=MISS, edge; dur=0, origin; dur=113
X-Origin-Response-Time: 113,95.101.134.116
X-Akamai-Request-ID: a790cdb

{"code": 0, "message": "OK", "request_id": "2025010700035552B27DA776760A4503BB", "data": {}}
2025-01-07T00:03:55+00:00 DEBUG POST: https://business-api.tiktok.com/open_api/v1.3/event/track/

{"partner_name":"WooCommerce","event_source":"web","event_source_id":"CSM79Q3C77UAG1T340I0","data":[{"event":"Pageview","event_id":"677c6f6b3f4b4_tt4b_woocommerce_670666209cf1f","event_time":1736208235,"user":{"ip":"93.158.213.25","user_agent":"Mozilla\/5.0 (compatible; MJ12bot\/v1.4.8; http:\/\/mj12bot.com\/)","locale":"ar","external_id":"0","email":"e3b0c44298fc1c149afbf4c8996fb92427ae41e4649b934ca495991b7852b855","phone_number":"e3b0c44298fc1c149afbf4c8996fb92427ae41e4649b934ca495991b7852b855","first_name":"e3b0c44298fc1c149afbf4c8996fb92427ae41e4649b934ca495991b7852b855","last_name":"e3b0c44298fc1c149afbf4c8996fb92427ae41e4649b934ca495991b7852b855","zip_code":"e3b0c44298fc1c149afbf4c8996fb92427ae41e4649b934ca495991b7852b855"},"page":{"url":"http:\/\/ibn-sinaa.com\/en\/product\/%D8%A8%D8%B1%D8%B4%D9%88%D8%B1-%D9%81%D9%84%D8%A7%D9%8A%D8%B1-a5\/?add-to-cart=22"}}]}
 ajax: no
2025-01-07T00:03:55+00:00 DEBUG Tt4b_Mapi_Class::mapi_post: Response: 

HTTP/1.1 200 OK
Server: nginx
Content-Type: application/json
Content-Length: 92
X-Tt-Logid: 20250107000355DFA6085737CD00AF8C74
Server-Timing: inner; dur=23
x-tt-trace-host: 018e5a586174a888928d793bdac74b79b51a437ee89a1c03eb2011d034a2e3e9f5a1d52311243efde94b50fa5b204bbd56e4db5580757817261fd6154c1dfa797c3685d8a63330cebea1849ffcd9a2ec4348045dde3f00860e253e0f51e80a367c
x-tt-trace-id: 00-250107000355DFA6085737CD00AF8C74-35911C4D604230AA-00
Expires: Tue, 07 Jan 2025 00:03:55 GMT
Cache-Control: max-age=0, no-cache, no-store
Pragma: no-cache
Date: Tue, 07 Jan 2025 00:03:55 GMT
X-Cache: TCP_MISS from a95-101-134-92.deploy.akamaitechnologies.com (AkamaiGHost/11.7.2.1-9611f29bef89eba7b18045b10aa2af98) (-)
Connection: close
x-tt-trace-tag: id=16;cdn-cache=miss;type=dyn
Server-Timing: cdn-cache; desc=MISS, edge; dur=0, origin; dur=106
X-Origin-Response-Time: 106,95.101.134.92
X-Akamai-Request-ID: aedd04a

{"code": 0, "message": "OK", "request_id": "20250107000355DFA6085737CD00AF8C74", "data": {}}
2025-01-07T00:03:59+00:00 DEBUG Tt4b_Pixel_Class::inject_add_to_cart_event: hit AddToCart
2025-01-07T00:03:59+00:00 DEBUG POST: https://business-api.tiktok.com/open_api/v1.3/event/track/

{"partner_name":"WooCommerce","event_source":"web","event_source_id":"CSM79Q3C77UAG1T340I0","data":[{"event":"AddToCart","event_id":"677c6f6f31dc0_tt4b_woocommerce_670666209cf1f_4125","event_time":1736208239,"user":{"ip":"93.158.213.25","user_agent":"Mozilla\/5.0 (compatible; MJ12bot\/v1.4.8; http:\/\/mj12bot.com\/)","locale":"ar","external_id":"0","email":"e3b0c44298fc1c149afbf4c8996fb92427ae41e4649b934ca495991b7852b855","phone_number":"e3b0c44298fc1c149afbf4c8996fb92427ae41e4649b934ca495991b7852b855","first_name":"e3b0c44298fc1c149afbf4c8996fb92427ae41e4649b934ca495991b7852b855","last_name":"e3b0c44298fc1c149afbf4c8996fb92427ae41e4649b934ca495991b7852b855","zip_code":"e3b0c44298fc1c149afbf4c8996fb92427ae41e4649b934ca495991b7852b855"},"properties":{"contents":[{"price":65,"quantity":1,"content_id":"4125","content_name":"\u0633\u062c\u0644\u0627\u062a \u0645\u0627\u062f\u0629 \u0627\u0644\u0641\u064a\u0632\u064a\u0627\u0621","description":". \u0637\u0628\u0627\u0639\u0647 \u0633\u062c\u0644\u0627\u062a \u0645\u062f\u0631\u0633\u064a\u0629 \u0627\u062d\u062a\u0631\u0627\u0641\u064a\u0629 \u062e\u0627\u0645\u062a\u0647\u0627 \u0643\u0631\u062a\u0648\u0646 2000 \u062c\u0631\u0627\u0645,\u062a\u0636\u0627\u0641 \u0637\u0628\u0642\u0629 \u062d\u0645\u0627\u064a\u0647 \u0627\u0633\u062a\u064a\u0643\u0631 \u0645\u0639 \u0633\u0644\u0648\u0641\u0627\u0646 \u0644\u0627\u0645\u0639.\r\n. \u0645\u062a\u0648\u0641\u0631 \u0628 \u0627\u062d\u062c\u0627\u0645 \u0645\u062e\u062a\u0644\u0641\u0647 ( \u0635\u063a\u064a\u0631, \u0648\u0633\u0637 , \u0643\u0628\u064a\u0631 ).\r\n. \u064a\u062a\u0633\u0639 \u0627\u0644\u0645\u0642\u0627\u0633 \u0627\u0644\u0635\u063a\u064a\u0631 ( \u0645\u0646 50 \u0627\u0644\u0649 150 \u0648\u0631\u0642\u0629 )\r\n. \u064a\u062a\u0633\u0639 \u0627\u0644\u0648\u0633\u0637 ( \u0645\u0646 150 \u0627\u0644\u0649 300 \u0648\u0631\u0642\u0629 )\r\n. \u0627\u0644\u0643\u0628\u064a\u0631 ( \u0645\u0646 300 \u0627\u0644\u0649 400 \u0648\u0631\u0642\u0629 ).\r\n. \u0645\u062f\u0629 \u0627\u0644\u062a\u0646\u0641\u064a\u0630 : 3-5 \u0627\u064a\u0627\u0645 \u0648\u062a\u0632\u064a\u062f \u0627\u0644\u0645\u062f\u0629 \u0639\u0646 \u0637\u0644\u0628 \u0627\u0644\u0634\u062d\u0646.","availability":"IN_STOCK","sale_price":65,"on_sale":false}],"content_type":"product","currency":"SAR","value":65,"event_trigger_source":"WooCommerce"},"page":{"url":"http:\/\/ibn-sinaa.com\/en\/product\/%D8%B3%D8%AC%D9%84%D8%A7%D8%AA-%D9%85%D8%A7%D8%AF%D8%A9-%D8%A7%D9%84%D9%81%D9%8A%D8%B2%D9%8A%D8%A7%D8%A1\/?add-to-cart=4125"}}]}
 ajax: no
2025-01-07T00:03:59+00:00 DEBUG Tt4b_Mapi_Class::mapi_post: Response: 

HTTP/1.1 200 OK
Server: nginx
Content-Type: application/json
Content-Length: 92
X-Tt-Logid: 202501070003593A9D8C491BDDB7E1DE5E
Server-Timing: inner; dur=39
x-tt-trace-host: 018e5a586174a888928d793bdac74b79b51a437ee89a1c03eb2011d034a2e3e9f5e00ee912ac5da7b167efbc329f41e47bb41847910503441d30a7d6683090ddf9d76856407ea7a90314c3ab360ebf61968a47605e807af5d3b1068de40dd750ad
x-tt-trace-id: 00-2501070003593A9D8C491BDDB7E1DE5E-5ED5C7E25B5006DC-00
Expires: Tue, 07 Jan 2025 00:03:59 GMT
Cache-Control: max-age=0, no-cache, no-store
Pragma: no-cache
Date: Tue, 07 Jan 2025 00:03:59 GMT
X-Cache: TCP_MISS from a95-101-134-92.deploy.akamaitechnologies.com (AkamaiGHost/11.7.2.1-9611f29bef89eba7b18045b10aa2af98) (-)
Connection: close
x-tt-trace-tag: id=16;cdn-cache=miss;type=dyn
Server-Timing: cdn-cache; desc=MISS, edge; dur=0, origin; dur=119
X-Origin-Response-Time: 119,95.101.134.92
X-Akamai-Request-ID: aee003a

{"code": 0, "message": "OK", "request_id": "202501070003593A9D8C491BDDB7E1DE5E", "data": {}}
2025-01-07T00:03:59+00:00 DEBUG POST: https://business-api.tiktok.com/open_api/v1.3/event/track/

{"partner_name":"WooCommerce","event_source":"web","event_source_id":"CSM79Q3C77UAG1T340I0","data":[{"event":"Pageview","event_id":"677c6f6f79637_tt4b_woocommerce_670666209cf1f","event_time":1736208239,"user":{"ip":"93.158.213.25","user_agent":"Mozilla\/5.0 (compatible; MJ12bot\/v1.4.8; http:\/\/mj12bot.com\/)","locale":"ar","external_id":"0","email":"e3b0c44298fc1c149afbf4c8996fb92427ae41e4649b934ca495991b7852b855","phone_number":"e3b0c44298fc1c149afbf4c8996fb92427ae41e4649b934ca495991b7852b855","first_name":"e3b0c44298fc1c149afbf4c8996fb92427ae41e4649b934ca495991b7852b855","last_name":"e3b0c44298fc1c149afbf4c8996fb92427ae41e4649b934ca495991b7852b855","zip_code":"e3b0c44298fc1c149afbf4c8996fb92427ae41e4649b934ca495991b7852b855"},"page":{"url":"http:\/\/ibn-sinaa.com\/en\/product\/%D8%B3%D8%AC%D9%84%D8%A7%D8%AA-%D9%85%D8%A7%D8%AF%D8%A9-%D8%A7%D9%84%D9%81%D9%8A%D8%B2%D9%8A%D8%A7%D8%A1\/?add-to-cart=4125"}}]}
 ajax: no
2025-01-07T00:03:59+00:00 DEBUG Tt4b_Mapi_Class::mapi_post: Response: 

HTTP/1.1 200 OK
Server: nginx
Content-Type: application/json
Content-Length: 92
X-Tt-Logid: 202501070003596685732457FA2DCFED00
Server-Timing: inner; dur=39
x-tt-trace-host: 018e5a586174a888928d793bdac74b79b51a437ee89a1c03eb2011d034a2e3e9f5aedc5cffedf6e5bfe762d0f31a5aa69fe70e22558276abf15ccd31903f684b772ad4e4e526b1ccd0d6e9aee91691bcc73ab837b42223de65e62810105ab3a8ec
x-tt-trace-id: 00-2501070003596685732457FA2DCFED00-491A361290075B68-00
Expires: Tue, 07 Jan 2025 00:03:59 GMT
Cache-Control: max-age=0, no-cache, no-store
Pragma: no-cache
Date: Tue, 07 Jan 2025 00:03:59 GMT
X-Cache: TCP_MISS from a95-101-134-92.deploy.akamaitechnologies.com (AkamaiGHost/11.7.2.1-9611f29bef89eba7b18045b10aa2af98) (-)
Connection: close
x-tt-trace-tag: id=16;cdn-cache=miss;type=dyn
Server-Timing: cdn-cache; desc=MISS, edge; dur=1, origin; dur=119
X-Origin-Response-Time: 120,95.101.134.92
X-Akamai-Request-ID: aee03c1

{"code": 0, "message": "OK", "request_id": "202501070003596685732457FA2DCFED00", "data": {}}
2025-01-07T00:04:03+00:00 DEBUG Tt4b_Pixel_Class::inject_add_to_cart_event: hit AddToCart
2025-01-07T00:04:03+00:00 DEBUG POST: https://business-api.tiktok.com/open_api/v1.3/event/track/

{"partner_name":"WooCommerce","event_source":"web","event_source_id":"CSM79Q3C77UAG1T340I0","data":[{"event":"AddToCart","event_id":"677c6f738e819_tt4b_woocommerce_670666209cf1f_SKU_198","event_time":1736208243,"user":{"ip":"93.158.213.25","user_agent":"Mozilla\/5.0 (compatible; MJ12bot\/v1.4.8; http:\/\/mj12bot.com\/)","locale":"ar","external_id":"0","email":"e3b0c44298fc1c149afbf4c8996fb92427ae41e4649b934ca495991b7852b855","phone_number":"e3b0c44298fc1c149afbf4c8996fb92427ae41e4649b934ca495991b7852b855","first_name":"e3b0c44298fc1c149afbf4c8996fb92427ae41e4649b934ca495991b7852b855","last_name":"e3b0c44298fc1c149afbf4c8996fb92427ae41e4649b934ca495991b7852b855","zip_code":"e3b0c44298fc1c149afbf4c8996fb92427ae41e4649b934ca495991b7852b855"},"properties":{"contents":[{"price":0,"quantity":1,"content_id":"SKU_198","content_name":"\u0637\u0628\u0627\u0639\u0629 \u0628\u0631\u0634\u0648\u0631 \u0641\u0644\u0627\u064a\u0631 A4","description":"<ul>\r\n \t<li>\u0641\u0644\u0627\u064a\u0631 \u0645\u0642\u0627\u0633 A4 \u0637\u0628\u0627\u0639\u0629 \u0639\u0644\u0649 \u0648\u0631\u0642 \u0643\u0648\u0634\u064a\u0647 150 \u062c\u0631\u0627\u0645 \u0628\u062c\u0648\u062f\u0629 \u0639\u0627\u0644\u064a\u0629.<\/li>\r\n \t<li>\u0645\u062f\u0629 \u0627\u0644\u062a\u0646\u0641\u064a\u0630 \u0627\u0644\u0645\u062a\u0648\u0642\u0639\u0629: 1 \u2013 3 \u0623\u064a\u0627\u0645 \u0639\u0645\u0644 \u0628\u0639\u062f \u062a\u0623\u0643\u064a\u062f \u0627\u0644\u0637\u0644\u0628 \u0648\u0627\u0644\u062a\u0635\u0645\u064a\u0645 \u0648\u062d\u0633\u0628 \u0627\u0644\u0643\u0645\u064a\u0629 (\u062a\u0632\u064a\u062f \u0627\u0644\u0645\u062f\u0629 \u0639\u0646\u062f \u0637\u0644\u0628 \u0627\u0644\u0634\u062d\u0646).<\/li>\r\n<\/ul>","availability":"IN_STOCK","sale_price":0,"on_sale":false}],"content_type":"product","currency":"SAR","value":0,"event_trigger_source":"WooCommerce"},"page":{"url":"http:\/\/ibn-sinaa.com\/en\/product\/%D9%83%D8%B1%D9%88%D8%AA-%D8%A8%D8%B5%D9%85%D8%A9\/?add-to-cart=198"}}]}
 ajax: no
2025-01-07T00:04:03+00:00 DEBUG Tt4b_Mapi_Class::mapi_post: Response: 

HTTP/1.1 200 OK
Server: nginx
Content-Type: application/json
Content-Length: 92
X-Tt-Logid: 20250107000403DFA6085737CD00AF8DAC
Server-Timing: inner; dur=25
x-tt-trace-host: 018e5a586174a888928d793bdac74b79b51a437ee89a1c03eb2011d034a2e3e9f5a1d52311243efde94b50fa5b204bbd569fa3245301823e9ab25d4b0c6fb01d2c67784bab8d2bf2e7bac7c13349e1102e7479f629599588b5830b60b81dcf85b8
x-tt-trace-id: 00-250107000403DFA6085737CD00AF8DAC-6C7D49ED8C3B3A7B-00
Expires: Tue, 07 Jan 2025 00:04:03 GMT
Cache-Control: max-age=0, no-cache, no-store
Pragma: no-cache
Date: Tue, 07 Jan 2025 00:04:03 GMT
X-Cache: TCP_MISS from a95-101-134-92.deploy.akamaitechnologies.com (AkamaiGHost/11.7.2.1-9611f29bef89eba7b18045b10aa2af98) (-)
Connection: close
x-tt-trace-tag: id=16;cdn-cache=miss;type=dyn
Server-Timing: cdn-cache; desc=MISS, edge; dur=2, origin; dur=107
X-Origin-Response-Time: 109,95.101.134.92
X-Akamai-Request-ID: aee3add

{"code": 0, "message": "OK", "request_id": "20250107000403DFA6085737CD00AF8DAC", "data": {}}
2025-01-07T00:04:03+00:00 DEBUG POST: https://business-api.tiktok.com/open_api/v1.3/event/track/

{"partner_name":"WooCommerce","event_source":"web","event_source_id":"CSM79Q3C77UAG1T340I0","data":[{"event":"Pageview","event_id":"677c6f73d9e51_tt4b_woocommerce_670666209cf1f","event_time":1736208243,"user":{"ip":"93.158.213.25","user_agent":"Mozilla\/5.0 (compatible; MJ12bot\/v1.4.8; http:\/\/mj12bot.com\/)","locale":"ar","external_id":"0","email":"e3b0c44298fc1c149afbf4c8996fb92427ae41e4649b934ca495991b7852b855","phone_number":"e3b0c44298fc1c149afbf4c8996fb92427ae41e4649b934ca495991b7852b855","first_name":"e3b0c44298fc1c149afbf4c8996fb92427ae41e4649b934ca495991b7852b855","last_name":"e3b0c44298fc1c149afbf4c8996fb92427ae41e4649b934ca495991b7852b855","zip_code":"e3b0c44298fc1c149afbf4c8996fb92427ae41e4649b934ca495991b7852b855"},"page":{"url":"http:\/\/ibn-sinaa.com\/en\/product\/%D9%83%D8%B1%D9%88%D8%AA-%D8%A8%D8%B5%D9%85%D8%A9\/?add-to-cart=198"}}]}
 ajax: no
2025-01-07T00:04:04+00:00 DEBUG Tt4b_Mapi_Class::mapi_post: Response: 

HTTP/1.1 200 OK
Server: nginx
Content-Type: application/json
Content-Length: 92
X-Tt-Logid: 20250107000403A43233AA9B580DD059D9
x-tt-trace-host: 018e5a586174a888928d793bdac74b79b56517d7628cf0ffdff56b078ad2cf561576c4034cffab1f6f77e23fdb8e38114fd768b5ef2d984012a0ccad1448600d4f4760b69f1047f096edbaaa4ba15ae29117090bcd743ccaf268f8aa86a48f5f11e2227692eb93f95356a05736381d5fa9
x-tt-trace-id: 00-250107000403A43233AA9B580DD059D9-13848FF18A3DCB78-00
X-Origin-Response-Time: 37,23.218.219.24
X-Akamai-Request-ID: d5a9257.aee3f28
Expires: Tue, 07 Jan 2025 00:04:04 GMT
Cache-Control: max-age=0, no-cache, no-store
Pragma: no-cache
Date: Tue, 07 Jan 2025 00:04:04 GMT
X-Cache: TCP_MISS from a95-101-134-92.deploy.akamaitechnologies.com (AkamaiGHost/11.7.2.1-9611f29bef89eba7b18045b10aa2af98) (-)
Connection: close
X-Cache-Remote: TCP_MISS from a23-218-219-24.deploy.akamaitechnologies.com (AkamaiGHost/11.7.2.1-9611f29bef89eba7b18045b10aa2af98) (-)
x-tt-trace-tag: id=16;cdn-cache=miss;type=dyn
Server-Timing: cdn-cache; desc=MISS, edge; dur=83, origin; dur=37
Server-Timing: inner; dur=23
X-Parent-Response-Time: 120,95.101.134.92

{"code": 0, "message": "OK", "request_id": "20250107000403A43233AA9B580DD059D9", "data": {}}
2025-01-07T00:04:08+00:00 DEBUG Tt4b_Pixel_Class::inject_add_to_cart_event: hit AddToCart
2025-01-07T00:04:08+00:00 DEBUG POST: https://business-api.tiktok.com/open_api/v1.3/event/track/

{"partner_name":"WooCommerce","event_source":"web","event_source_id":"CSM79Q3C77UAG1T340I0","data":[{"event":"AddToCart","event_id":"677c6f780f4ca_tt4b_woocommerce_670666209cf1f_SKU_22","event_time":1736208248,"user":{"ip":"93.158.213.25","user_agent":"Mozilla\/5.0 (compatible; MJ12bot\/v1.4.8; http:\/\/mj12bot.com\/)","locale":"ar","external_id":"0","email":"e3b0c44298fc1c149afbf4c8996fb92427ae41e4649b934ca495991b7852b855","phone_number":"e3b0c44298fc1c149afbf4c8996fb92427ae41e4649b934ca495991b7852b855","first_name":"e3b0c44298fc1c149afbf4c8996fb92427ae41e4649b934ca495991b7852b855","last_name":"e3b0c44298fc1c149afbf4c8996fb92427ae41e4649b934ca495991b7852b855","zip_code":"e3b0c44298fc1c149afbf4c8996fb92427ae41e4649b934ca495991b7852b855"},"properties":{"contents":[{"price":0,"quantity":1,"content_id":"SKU_22","content_name":"\u0637\u0628\u0627\u0639\u0629 \u0628\u0631\u0634\u0648\u0631 \u0641\u0644\u0627\u064a\u0631 A3","description":"\u0641\u0644\u0627\u064a\u0631 \u0645\u0642\u0627\u0633 A3 \u0637\u0628\u0627\u0639\u0629 \u0639\u0644\u0649 \u0648\u0631\u0642 \u0643\u0648\u0634\u064a\u0647 150 \u062c\u0631\u0627\u0645 \u0637\u0628\u0627\u0639\u0629 \u0628\u062c\u0648\u062f\u0629 \u0639\u0627\u0644\u064a\u0629.\r\n\u0645\u062f\u0629 \u0627\u0644\u062a\u0646\u0641\u064a\u0630 \u0627\u0644\u0645\u062a\u0648\u0642\u0639\u0629: 1 \u2013 3 \u0623\u064a\u0627\u0645 \u0639\u0645\u0644 \u0628\u0639\u062f \u062a\u0623\u0643\u064a\u062f \u0627\u0644\u0637\u0644\u0628 \u0648\u0627\u0644\u062a\u0635\u0645\u064a\u0645 \u0648\u062d\u0633\u0628 \u0627\u0644\u0643\u0645\u064a\u0629 (\u062a\u0632\u064a\u062f \u0627\u0644\u0645\u062f\u0629 \u0639\u0646\u062f \u0637\u0644\u0628 \u0627\u0644\u0634\u062d\u0646).","availability":"IN_STOCK","sale_price":0,"on_sale":false}],"content_type":"product","currency":"SAR","value":0,"event_trigger_source":"WooCommerce"},"page":{"url":"http:\/\/ibn-sinaa.com\/en\/product\/%D9%83%D8%B1%D9%88%D8%AA-%D8%A8%D8%B5%D9%85%D8%A9\/?add-to-cart=22"}}]}
 ajax: no
2025-01-07T00:04:08+00:00 DEBUG Tt4b_Mapi_Class::mapi_post: Response: 

HTTP/1.1 200 OK
Server: nginx
Content-Type: application/json
Content-Length: 92
X-Tt-Logid: 202501070004083A9D8C491BDDB7E1E038
Server-Timing: inner; dur=41
x-tt-trace-host: 018e5a586174a888928d793bdac74b79b51a437ee89a1c03eb2011d034a2e3e9f5e00ee912ac5da7b167efbc329f41e47b1f493b78706376ab14ba7af6294cec6d48fe93977da63005e3f237b2e573a305094f8777d9b4500652018ef093081fe4
x-tt-trace-id: 00-2501070004083A9D8C491BDDB7E1E038-6FC2958D3AF4A87C-00
Expires: Tue, 07 Jan 2025 00:04:08 GMT
Cache-Control: max-age=0, no-cache, no-store
Pragma: no-cache
Date: Tue, 07 Jan 2025 00:04:08 GMT
X-Cache: TCP_MISS from a95-101-134-92.deploy.akamaitechnologies.com (AkamaiGHost/11.7.2.1-9611f29bef89eba7b18045b10aa2af98) (-)
Connection: close
x-tt-trace-tag: id=16;cdn-cache=miss;type=dyn
Server-Timing: cdn-cache; desc=MISS, edge; dur=1, origin; dur=121
X-Origin-Response-Time: 122,95.101.134.92
X-Akamai-Request-ID: aee7521

{"code": 0, "message": "OK", "request_id": "202501070004083A9D8C491BDDB7E1E038", "data": {}}
2025-01-07T00:04:08+00:00 DEBUG POST: https://business-api.tiktok.com/open_api/v1.3/event/track/

{"partner_name":"WooCommerce","event_source":"web","event_source_id":"CSM79Q3C77UAG1T340I0","data":[{"event":"Pageview","event_id":"677c6f78644d5_tt4b_woocommerce_670666209cf1f","event_time":1736208248,"user":{"ip":"93.158.213.25","user_agent":"Mozilla\/5.0 (compatible; MJ12bot\/v1.4.8; http:\/\/mj12bot.com\/)","locale":"ar","external_id":"0","email":"e3b0c44298fc1c149afbf4c8996fb92427ae41e4649b934ca495991b7852b855","phone_number":"e3b0c44298fc1c149afbf4c8996fb92427ae41e4649b934ca495991b7852b855","first_name":"e3b0c44298fc1c149afbf4c8996fb92427ae41e4649b934ca495991b7852b855","last_name":"e3b0c44298fc1c149afbf4c8996fb92427ae41e4649b934ca495991b7852b855","zip_code":"e3b0c44298fc1c149afbf4c8996fb92427ae41e4649b934ca495991b7852b855"},"page":{"url":"http:\/\/ibn-sinaa.com\/en\/product\/%D9%83%D8%B1%D9%88%D8%AA-%D8%A8%D8%B5%D9%85%D8%A9\/?add-to-cart=22"}}]}
 ajax: no
2025-01-07T00:04:08+00:00 DEBUG Tt4b_Mapi_Class::mapi_post: Response: 

HTTP/1.1 200 OK
Server: nginx
Content-Type: application/json
Content-Length: 92
X-Tt-Logid: 20250107000408DCC36524B310B93F3B61
x-tt-trace-host: 018e5a586174a888928d793bdac74b79b519a86797e72c2eba011e03e23beee17dde4fddab5785245e6741e234a8e483f79d975bda719fe6207cb738ad53f0ef0bbb5fa7d1562bdfd72bb9b02ba947970dee5554827d3e4fec05b06db514b82c24803a197389598e6268393a5dc43c296d
x-tt-trace-id: 00-250107000408DCC36524B310B93F3B61-32AB4EE88E186B8C-00
X-Origin-Response-Time: 32,23.213.246.241
X-Akamai-Request-ID: 3f96224e.a79708a
Expires: Tue, 07 Jan 2025 00:04:08 GMT
Cache-Control: max-age=0, no-cache, no-store
Pragma: no-cache
Date: Tue, 07 Jan 2025 00:04:08 GMT
X-Cache: TCP_MISS from a95-101-134-116.deploy.akamaitechnologies.com (AkamaiGHost/11.7.2.1-9611f29bef89eba7b18045b10aa2af98) (-)
Connection: close
X-Cache-Remote: TCP_MISS from a23-213-246-241.deploy.akamaitechnologies.com (AkamaiGHost/11.7.2.1-9611f29bef89eba7b18045b10aa2af98) (-)
x-tt-trace-tag: id=16;cdn-cache=miss;type=dyn
Server-Timing: cdn-cache; desc=MISS, edge; dur=84, origin; dur=32
Server-Timing: inner; dur=24
X-Parent-Response-Time: 116,95.101.134.116

{"code": 0, "message": "OK", "request_id": "20250107000408DCC36524B310B93F3B61", "data": {}}
2025-01-07T00:04:19+00:00 DEBUG POST: https://business-api.tiktok.com/open_api/v1.3/event/track/

{"partner_name":"WooCommerce","event_source":"web","event_source_id":"CSM79Q3C77UAG1T340I0","data":[{"event":"Pageview","event_id":"677c6f83981d3_tt4b_woocommerce_670666209cf1f","event_time":1736208259,"user":{"ip":"93.158.213.25","user_agent":"Mozilla\/5.0 (compatible; MJ12bot\/v1.4.8; http:\/\/mj12bot.com\/)","locale":"ar","external_id":"0","email":"e3b0c44298fc1c149afbf4c8996fb92427ae41e4649b934ca495991b7852b855","phone_number":"e3b0c44298fc1c149afbf4c8996fb92427ae41e4649b934ca495991b7852b855","first_name":"e3b0c44298fc1c149afbf4c8996fb92427ae41e4649b934ca495991b7852b855","last_name":"e3b0c44298fc1c149afbf4c8996fb92427ae41e4649b934ca495991b7852b855","zip_code":"e3b0c44298fc1c149afbf4c8996fb92427ae41e4649b934ca495991b7852b855"},"page":{"url":"http:\/\/ibn-sinaa.com\/product-tag\/%D8%A7%D8%B3%D8%AA%D8%A7%D9%86%D8%AF%D8%A7%D8%AA\/"}}]}
 ajax: no
2025-01-07T00:04:19+00:00 DEBUG Tt4b_Mapi_Class::mapi_post: Response: 

HTTP/1.1 200 OK
Server: nginx
Content-Type: application/json
Content-Length: 92
X-Tt-Logid: 20250107000419071EFE2DC96E782FAF9E
Server-Timing: inner; dur=20
x-tt-trace-host: 018e5a586174a888928d793bdac74b79b51a437ee89a1c03eb2011d034a2e3e9f5ff8fa0d0775b88cac4dc909e1c6d2ff6486a0e4431fb99ace0c045ca7b84d183fc033dcbabf84ac2bef171010ae5a64af08abb18720d9162d9f262f79a374a9d
x-tt-trace-id: 00-250107000419071EFE2DC96E782FAF9E-78FC2692791DBC32-00
Expires: Tue, 07 Jan 2025 00:04:19 GMT
Cache-Control: max-age=0, no-cache, no-store
Pragma: no-cache
Date: Tue, 07 Jan 2025 00:04:19 GMT
X-Cache: TCP_MISS from a95-101-134-92.deploy.akamaitechnologies.com (AkamaiGHost/11.7.2.1-9611f29bef89eba7b18045b10aa2af98) (-)
Connection: close
x-tt-trace-tag: id=16;cdn-cache=miss;type=dyn
Server-Timing: cdn-cache; desc=MISS, edge; dur=0, origin; dur=103
X-Origin-Response-Time: 103,95.101.134.92
X-Akamai-Request-ID: aef07d9

{"code": 0, "message": "OK", "request_id": "20250107000419071EFE2DC96E782FAF9E", "data": {}}
2025-01-07T00:04:23+00:00 DEBUG POST: https://business-api.tiktok.com/open_api/v1.3/event/track/

{"partner_name":"WooCommerce","event_source":"web","event_source_id":"CSM79Q3C77UAG1T340I0","data":[{"event":"Pageview","event_id":"677c6f87c23fe_tt4b_woocommerce_670666209cf1f","event_time":1736208263,"user":{"ip":"93.158.213.25","user_agent":"Mozilla\/5.0 (compatible; MJ12bot\/v1.4.8; http:\/\/mj12bot.com\/)","locale":"ar","external_id":"0","email":"e3b0c44298fc1c149afbf4c8996fb92427ae41e4649b934ca495991b7852b855","phone_number":"e3b0c44298fc1c149afbf4c8996fb92427ae41e4649b934ca495991b7852b855","first_name":"e3b0c44298fc1c149afbf4c8996fb92427ae41e4649b934ca495991b7852b855","last_name":"e3b0c44298fc1c149afbf4c8996fb92427ae41e4649b934ca495991b7852b855","zip_code":"e3b0c44298fc1c149afbf4c8996fb92427ae41e4649b934ca495991b7852b855"},"page":{"url":"http:\/\/ibn-sinaa.com\/product-tag\/%D8%A7%D8%B3%D8%AA%D8%A7%D9%86%D8%AF%D8%A7%D8%AA-%D8%B1%D9%88%D9%84-%D8%A7%D8%A8\/"}}]}
 ajax: no
2025-01-07T00:04:23+00:00 DEBUG Tt4b_Mapi_Class::mapi_post: Response: 

HTTP/1.1 200 OK
Server: nginx
Content-Type: application/json
Content-Length: 92
X-Tt-Logid: 2025010700042377894D37BA573C6C25D6
Server-Timing: inner; dur=23
x-tt-trace-host: 018e5a586174a888928d793bdac74b79b51a437ee89a1c03eb2011d034a2e3e9f5913989ca11c269af96d0fd13f4c1656adc16cc97f5ef9dc19cc861db4c6a161f513c8aab956093318d4e0853c5aec78ee0ba7d2fecb843e59e451c07fa285f1d
x-tt-trace-id: 00-25010700042377894D37BA573C6C25D6-5344F92928514297-00
Expires: Tue, 07 Jan 2025 00:04:23 GMT
Cache-Control: max-age=0, no-cache, no-store
Pragma: no-cache
Date: Tue, 07 Jan 2025 00:04:23 GMT
X-Cache: TCP_MISS from a95-101-134-92.deploy.akamaitechnologies.com (AkamaiGHost/11.7.2.1-9611f29bef89eba7b18045b10aa2af98) (-)
Connection: close
x-tt-trace-tag: id=16;cdn-cache=miss;type=dyn
Server-Timing: cdn-cache; desc=MISS, edge; dur=0, origin; dur=106
X-Origin-Response-Time: 106,95.101.134.92
X-Akamai-Request-ID: aef3bd4

{"code": 0, "message": "OK", "request_id": "2025010700042377894D37BA573C6C25D6", "data": {}}
2025-01-07T00:04:27+00:00 DEBUG POST: https://business-api.tiktok.com/open_api/v1.3/event/track/

{"partner_name":"WooCommerce","event_source":"web","event_source_id":"CSM79Q3C77UAG1T340I0","data":[{"event":"Pageview","event_id":"677c6f8be4870_tt4b_woocommerce_670666209cf1f","event_time":1736208267,"user":{"ip":"93.158.213.25","user_agent":"Mozilla\/5.0 (compatible; MJ12bot\/v1.4.8; http:\/\/mj12bot.com\/)","locale":"ar","external_id":"0","email":"e3b0c44298fc1c149afbf4c8996fb92427ae41e4649b934ca495991b7852b855","phone_number":"e3b0c44298fc1c149afbf4c8996fb92427ae41e4649b934ca495991b7852b855","first_name":"e3b0c44298fc1c149afbf4c8996fb92427ae41e4649b934ca495991b7852b855","last_name":"e3b0c44298fc1c149afbf4c8996fb92427ae41e4649b934ca495991b7852b855","zip_code":"e3b0c44298fc1c149afbf4c8996fb92427ae41e4649b934ca495991b7852b855"},"page":{"url":"http:\/\/ibn-sinaa.com\/product\/%D8%B8%D8%B1%D9%81-a4c4\/feed\/"}}]}
 ajax: no
2025-01-07T00:04:28+00:00 DEBUG Tt4b_Mapi_Class::mapi_post: Response: 

HTTP/1.1 200 OK
Server: nginx
Content-Type: application/json
Content-Length: 92
X-Tt-Logid: 202501070004282EC887A17BDD3D82972F
x-tt-trace-host: 018e5a586174a888928d793bdac74b79b519a86797e72c2eba011e03e23beee17dcdcbff53e4d48f728af3cbfddafd55bb45c1edf1f810a771819dbb1a148a6e87a901fc126ae7112bc45b72ba843b49bd87f6bbc6a1dc0a4079e9eae4aa0c0572138ad1f0ef4f35fa9d4dd2503ea19f79
x-tt-trace-id: 00-2501070004282EC887A17BDD3D82972F-29E96B608C5CBD05-00
X-Origin-Response-Time: 59,23.36.67.111
X-Akamai-Request-ID: 33921a8.a79ffbe
Expires: Tue, 07 Jan 2025 00:04:28 GMT
Cache-Control: max-age=0, no-cache, no-store
Pragma: no-cache
Date: Tue, 07 Jan 2025 00:04:28 GMT
X-Cache: TCP_MISS from a95-101-134-116.deploy.akamaitechnologies.com (AkamaiGHost/11.7.2.1-9611f29bef89eba7b18045b10aa2af98) (-)
Connection: close
X-Cache-Remote: TCP_MISS from a23-36-67-111.deploy.akamaitechnologies.com (AkamaiGHost/11.7.2.1-9611f29bef89eba7b18045b10aa2af98) (-)
x-tt-trace-tag: id=16;cdn-cache=miss;type=dyn
Server-Timing: cdn-cache; desc=MISS, edge; dur=81, origin; dur=59
Server-Timing: inner; dur=55
X-Parent-Response-Time: 140,95.101.134.116

{"code": 0, "message": "OK", "request_id": "202501070004282EC887A17BDD3D82972F", "data": {}}
2025-01-07T00:04:34+00:00 DEBUG POST: https://business-api.tiktok.com/open_api/v1.3/event/track/

{"partner_name":"WooCommerce","event_source":"web","event_source_id":"CSM79Q3C77UAG1T340I0","data":[{"event":"Pageview","event_id":"677c6f92ddf33_tt4b_woocommerce_670666209cf1f","event_time":1736208274,"user":{"ip":"93.158.213.25","user_agent":"Mozilla\/5.0 (compatible; MJ12bot\/v1.4.8; http:\/\/mj12bot.com\/)","locale":"ar","external_id":"0","email":"e3b0c44298fc1c149afbf4c8996fb92427ae41e4649b934ca495991b7852b855","phone_number":"e3b0c44298fc1c149afbf4c8996fb92427ae41e4649b934ca495991b7852b855","first_name":"e3b0c44298fc1c149afbf4c8996fb92427ae41e4649b934ca495991b7852b855","last_name":"e3b0c44298fc1c149afbf4c8996fb92427ae41e4649b934ca495991b7852b855","zip_code":"e3b0c44298fc1c149afbf4c8996fb92427ae41e4649b934ca495991b7852b855"},"page":{"url":"http:\/\/ibn-sinaa.com\/product\/print-envelopes-a5\/"}}]}
 ajax: no
2025-01-07T00:04:35+00:00 DEBUG Tt4b_Mapi_Class::mapi_post: Response: 

HTTP/1.1 200 OK
Server: nginx
Content-Type: application/json
Content-Length: 92
X-Tt-Logid: 20250107000435778019DE2580AEC48137
x-tt-trace-host: 018e5a586174a888928d793bdac74b79b519a86797e72c2eba011e03e23beee17d6cc705d4865e7170496a432b032329c7ed5c08c0543e7d3f84e5521bc6d9232fae73df30fad6a79fd56a93a5741f1d74969e05d093d4e2fe9ab9b22847ddcc278c51a7eb644eff967147568be21c003d
x-tt-trace-id: 00-250107000435778019DE2580AEC48137-503D6EFA6F5BB507-00
X-Origin-Response-Time: 91,23.36.67.114
X-Akamai-Request-ID: 3aa2842.a7a31ea
Expires: Tue, 07 Jan 2025 00:04:35 GMT
Cache-Control: max-age=0, no-cache, no-store
Pragma: no-cache
Date: Tue, 07 Jan 2025 00:04:35 GMT
X-Cache: TCP_MISS from a95-101-134-116.deploy.akamaitechnologies.com (AkamaiGHost/11.7.2.1-9611f29bef89eba7b18045b10aa2af98) (-)
Connection: close
X-Cache-Remote: TCP_MISS from a23-36-67-114.deploy.akamaitechnologies.com (AkamaiGHost/11.7.2.1-9611f29bef89eba7b18045b10aa2af98) (-)
x-tt-trace-tag: id=16;cdn-cache=miss;type=dyn
Server-Timing: cdn-cache; desc=MISS, edge; dur=81, origin; dur=91
Server-Timing: inner; dur=87
X-Parent-Response-Time: 172,95.101.134.116

{"code": 0, "message": "OK", "request_id": "20250107000435778019DE2580AEC48137", "data": {}}
2025-01-07T00:04:35+00:00 DEBUG Tt4b_Pixel_Class::inject_view_content_event: hit ViewContent
2025-01-07T00:04:35+00:00 DEBUG POST: https://business-api.tiktok.com/open_api/v1.3/event/track/

{"partner_name":"WooCommerce","event_source":"web","event_source_id":"CSM79Q3C77UAG1T340I0","data":[{"event":"ViewContent","event_id":"677c6f9330653_tt4b_woocommerce_670666209cf1f_4021","event_time":1736208275,"user":{"ip":"93.158.213.25","user_agent":"Mozilla\/5.0 (compatible; MJ12bot\/v1.4.8; http:\/\/mj12bot.com\/)","locale":"ar","external_id":"0","email":"e3b0c44298fc1c149afbf4c8996fb92427ae41e4649b934ca495991b7852b855","phone_number":"e3b0c44298fc1c149afbf4c8996fb92427ae41e4649b934ca495991b7852b855","first_name":"e3b0c44298fc1c149afbf4c8996fb92427ae41e4649b934ca495991b7852b855","last_name":"e3b0c44298fc1c149afbf4c8996fb92427ae41e4649b934ca495991b7852b855","zip_code":"e3b0c44298fc1c149afbf4c8996fb92427ae41e4649b934ca495991b7852b855"},"properties":{"contents":[{"price":179,"quantity":1,"content_id":"4021","content_name":"\u0637\u0628\u0627\u0639\u0629 \u0638\u0631\u0648\u0641 A5\\C5","description":"\u0637\u0628\u0627\u0639\u0629 \u0645\u0644\u0648\u0646\u0629 \u0639\u0644\u0649 \u062c\u0647\u0629 \u0648\u0627\u062d\u062f\u0629 \u0645\u0646 \u0627\u0644\u0638\u0631\u0641 \u0645\u0646 \u0627\u0644\u062e\u0644\u0641 \u0641\u0642\u0637 (\u0644\u0648\u0646 \u0627\u0644\u0638\u0631\u0641 \u0623\u0628\u064a\u0636).\r\n\u0645\u0644\u0627\u062d\u0638\u0629 \u0645\u0647\u0645\u0629 : \u0645\u0642\u0627\u0633 \u0627\u0644\u0638\u0631\u0641 : 25 \u00d7 17 \u0633\u0645 \u060c \u062a\u062a\u0631\u0643 \u0647\u0648\u0627\u0645\u0634 \u0641\u0627\u0631\u063a\u0629 \u0641\u064a \u062d\u0648\u0627\u0641 \u0627\u0644\u0638\u0631\u0641 \u0639\u0646\u062f \u0627\u0644\u0637\u0628\u0627\u0639\u0629\r\n\u0645\u062f\u0629 \u062a\u0646\u0641\u064a\u0630 \u0627\u0644\u0637\u0644\u0628 : 3 \u2013 5 \u0623\u064a\u0627\u0645 \u0639\u0645\u0644 \u0628\u0639\u062f \u0627\u0639\u062a\u0645\u0627\u062f \u0627\u0644\u0637\u0644\u0628 \u0648\u0627\u0644\u062a\u0635\u0645\u064a\u0645 \u0648\u062d\u0633\u0628 \u0627\u0644\u0643\u0645\u064a\u0629 (\u062a\u0632\u064a\u062f \u0627\u0644\u0645\u062f\u0629 \u0639\u0646\u062f \u0637\u0644\u0628 \u0627\u0644\u0634\u062d\u0646).","availability":"IN_STOCK","sale_price":179,"on_sale":false}],"content_type":"product","currency":"SAR","value":179,"event_trigger_source":"WooCommerce"},"page":{"url":"http:\/\/ibn-sinaa.com\/product\/print-envelopes-a5\/"}}]}
 ajax: no
2025-01-07T00:04:35+00:00 DEBUG Tt4b_Mapi_Class::mapi_post: Response: 

HTTP/1.1 200 OK
Server: nginx
Content-Type: application/json
Content-Length: 92
X-Tt-Logid: 2025010700043504AB019039D449E65416
Server-Timing: inner; dur=23
x-tt-trace-host: 018e5a586174a888928d793bdac74b79b51a437ee89a1c03eb2011d034a2e3e9f5abb769086d21c255e2466c66ee29f9814aa0bd1f116172383c0b329b576eb6d68da8cdd7661ad59ccba1fb2574548b1252756f8e7326e073e884891de2461641
x-tt-trace-id: 00-25010700043504AB019039D449E65416-0C3F641218B9FF32-00
Expires: Tue, 07 Jan 2025 00:04:35 GMT
Cache-Control: max-age=0, no-cache, no-store
Pragma: no-cache
Date: Tue, 07 Jan 2025 00:04:35 GMT
X-Cache: TCP_MISS from a95-101-134-92.deploy.akamaitechnologies.com (AkamaiGHost/11.7.2.1-9611f29bef89eba7b18045b10aa2af98) (-)
Connection: close
x-tt-trace-tag: id=16;cdn-cache=miss;type=dyn
Server-Timing: cdn-cache; desc=MISS, edge; dur=1, origin; dur=102
X-Origin-Response-Time: 103,95.101.134.92
X-Akamai-Request-ID: aefc698

{"code": 0, "message": "OK", "request_id": "2025010700043504AB019039D449E65416", "data": {}}
2025-01-07T00:04:50+00:00 DEBUG POST: https://business-api.tiktok.com/open_api/v1.3/event/track/

{"partner_name":"WooCommerce","event_source":"web","event_source_id":"CSM79Q3C77UAG1T340I0","data":[{"event":"Pageview","event_id":"677c6fa2976b3_tt4b_woocommerce_670666209cf1f","event_time":1736208290,"user":{"ip":"93.158.213.25","user_agent":"Mozilla\/5.0 (compatible; MJ12bot\/v1.4.8; http:\/\/mj12bot.com\/)","locale":"ar","external_id":"0","email":"e3b0c44298fc1c149afbf4c8996fb92427ae41e4649b934ca495991b7852b855","phone_number":"e3b0c44298fc1c149afbf4c8996fb92427ae41e4649b934ca495991b7852b855","first_name":"e3b0c44298fc1c149afbf4c8996fb92427ae41e4649b934ca495991b7852b855","last_name":"e3b0c44298fc1c149afbf4c8996fb92427ae41e4649b934ca495991b7852b855","zip_code":"e3b0c44298fc1c149afbf4c8996fb92427ae41e4649b934ca495991b7852b855"},"page":{"url":"http:\/\/mail.ibn-sinaa.com\/product-category\/digital-printing\/tags\/"}}]}
 ajax: no
2025-01-07T00:04:50+00:00 DEBUG Tt4b_Mapi_Class::mapi_post: Response: 

HTTP/1.1 200 OK
Server: nginx
Content-Type: application/json
Content-Length: 92
X-Tt-Logid: 20250107000450608F9585663DE06C6F52
Server-Timing: inner; dur=21
x-tt-trace-host: 018e5a586174a888928d793bdac74b79b51a437ee89a1c03eb2011d034a2e3e9f5056c564142f764f75c1a50f56db7aa6a88acb5898a4360a839bb08a874ecf6696e2f93edbda140c71dc666b520d9a2bebc30e7accdc3ef3f50e5659f87aafb31
x-tt-trace-id: 00-250107000450608F9585663DE06C6F52-67E56A2792BE2581-00
Expires: Tue, 07 Jan 2025 00:04:50 GMT
Cache-Control: max-age=0, no-cache, no-store
Pragma: no-cache
Date: Tue, 07 Jan 2025 00:04:50 GMT
X-Cache: TCP_MISS from a95-101-134-92.deploy.akamaitechnologies.com (AkamaiGHost/11.7.2.1-9611f29bef89eba7b18045b10aa2af98) (-)
Connection: close
x-tt-trace-tag: id=16;cdn-cache=miss;type=dyn
Server-Timing: cdn-cache; desc=MISS, edge; dur=0, origin; dur=101
X-Origin-Response-Time: 101,95.101.134.92
X-Akamai-Request-ID: af080a9

{"code": 0, "message": "OK", "request_id": "20250107000450608F9585663DE06C6F52", "data": {}}
2025-01-07T00:04:57+00:00 DEBUG POST: https://business-api.tiktok.com/open_api/v1.3/event/track/

{"partner_name":"WooCommerce","event_source":"web","event_source_id":"CSM79Q3C77UAG1T340I0","data":[{"event":"Pageview","event_id":"677c6fa973061_tt4b_woocommerce_670666209cf1f","event_time":1736208297,"user":{"ip":"93.158.213.25","user_agent":"Mozilla\/5.0 (compatible; MJ12bot\/v1.4.8; http:\/\/mj12bot.com\/)","locale":"ar","external_id":"0","email":"e3b0c44298fc1c149afbf4c8996fb92427ae41e4649b934ca495991b7852b855","phone_number":"e3b0c44298fc1c149afbf4c8996fb92427ae41e4649b934ca495991b7852b855","first_name":"e3b0c44298fc1c149afbf4c8996fb92427ae41e4649b934ca495991b7852b855","last_name":"e3b0c44298fc1c149afbf4c8996fb92427ae41e4649b934ca495991b7852b855","zip_code":"e3b0c44298fc1c149afbf4c8996fb92427ae41e4649b934ca495991b7852b855"},"page":{"url":"http:\/\/mail.ibn-sinaa.com\/product-category\/advertising\/stands\/"}}]}
 ajax: no
2025-01-07T00:04:57+00:00 DEBUG Tt4b_Mapi_Class::mapi_post: Response: 

HTTP/1.1 200 OK
Server: nginx
Content-Type: application/json
Content-Length: 92
X-Tt-Logid: 2025010700045786661E51F28470C8EE58
Server-Timing: inner; dur=21
x-tt-trace-host: 018e5a586174a888928d793bdac74b79b520593bf434961dbceff88e4b17f9a15677b7027791f0399fb9a996b8c33d509e249f57c3e5e85a85d2491ac8324dad07965b4590a2eafc79feb4dd800cbc27b63fb0d6a257826482952944714968d54f
x-tt-trace-id: 00-25010700045786661E51F28470C8EE58-244F48E73FD2DC80-00
Expires: Tue, 07 Jan 2025 00:04:57 GMT
Cache-Control: max-age=0, no-cache, no-store
Pragma: no-cache
Date: Tue, 07 Jan 2025 00:04:57 GMT
X-Cache: TCP_MISS from a95-101-134-116.deploy.akamaitechnologies.com (AkamaiGHost/11.7.2.1-9611f29bef89eba7b18045b10aa2af98) (-)
Connection: close
x-tt-trace-tag: id=16;cdn-cache=miss;type=dyn
Server-Timing: cdn-cache; desc=MISS, edge; dur=0, origin; dur=101
X-Origin-Response-Time: 101,95.101.134.116
X-Akamai-Request-ID: a7ad3ab

{"code": 0, "message": "OK", "request_id": "2025010700045786661E51F28470C8EE58", "data": {}}
2025-01-07T00:05:04+00:00 DEBUG POST: https://business-api.tiktok.com/open_api/v1.3/event/track/

{"partner_name":"WooCommerce","event_source":"web","event_source_id":"CSM79Q3C77UAG1T340I0","data":[{"event":"Pageview","event_id":"677c6fb08ed29_tt4b_woocommerce_670666209cf1f","event_time":1736208304,"user":{"ip":"93.158.213.25","user_agent":"Mozilla\/5.0 (compatible; MJ12bot\/v1.4.8; http:\/\/mj12bot.com\/)","locale":"ar","external_id":"0","email":"e3b0c44298fc1c149afbf4c8996fb92427ae41e4649b934ca495991b7852b855","phone_number":"e3b0c44298fc1c149afbf4c8996fb92427ae41e4649b934ca495991b7852b855","first_name":"e3b0c44298fc1c149afbf4c8996fb92427ae41e4649b934ca495991b7852b855","last_name":"e3b0c44298fc1c149afbf4c8996fb92427ae41e4649b934ca495991b7852b855","zip_code":"e3b0c44298fc1c149afbf4c8996fb92427ae41e4649b934ca495991b7852b855"},"page":{"url":"http:\/\/mail.ibn-sinaa.com\/product-category\/advertising\/pop-up\/"}}]}
 ajax: no
2025-01-07T00:05:04+00:00 DEBUG Tt4b_Mapi_Class::mapi_post: Response: 

HTTP/1.1 200 OK
Server: nginx
Content-Type: application/json
Content-Length: 92
X-Tt-Logid: 2025010700050420432EDF4E4F10E5EDBF
Server-Timing: inner; dur=29
x-tt-trace-host: 018e5a586174a888928d793bdac74b79b520593bf434961dbceff88e4b17f9a1564cba96245e8b7bdf69d1f6f26b684faf614b1ae69d24468edd574d5c78ad98ba3e8072e1b71c7227aa954481400832f91c960fcd4ff08744fe7ebd9f24a400e2
x-tt-trace-id: 00-25010700050420432EDF4E4F10E5EDBF-28D9DCB78DB559B1-00
Expires: Tue, 07 Jan 2025 00:05:04 GMT
Cache-Control: max-age=0, no-cache, no-store
Pragma: no-cache
Date: Tue, 07 Jan 2025 00:05:04 GMT
X-Cache: TCP_MISS from a95-101-134-116.deploy.akamaitechnologies.com (AkamaiGHost/11.7.2.1-9611f29bef89eba7b18045b10aa2af98) (-)
Connection: close
x-tt-trace-tag: id=16;cdn-cache=miss;type=dyn
Server-Timing: cdn-cache; desc=MISS, edge; dur=1, origin; dur=112
X-Origin-Response-Time: 112,95.101.134.116
X-Akamai-Request-ID: a7b06e4

{"code": 0, "message": "OK", "request_id": "2025010700050420432EDF4E4F10E5EDBF", "data": {}}
2025-01-07T00:05:11+00:00 DEBUG POST: https://business-api.tiktok.com/open_api/v1.3/event/track/

{"partner_name":"WooCommerce","event_source":"web","event_source_id":"CSM79Q3C77UAG1T340I0","data":[{"event":"Pageview","event_id":"677c6fb789805_tt4b_woocommerce_670666209cf1f","event_time":1736208311,"user":{"ip":"93.158.213.25","user_agent":"Mozilla\/5.0 (compatible; MJ12bot\/v1.4.8; http:\/\/mj12bot.com\/)","locale":"ar","external_id":"0","email":"e3b0c44298fc1c149afbf4c8996fb92427ae41e4649b934ca495991b7852b855","phone_number":"e3b0c44298fc1c149afbf4c8996fb92427ae41e4649b934ca495991b7852b855","first_name":"e3b0c44298fc1c149afbf4c8996fb92427ae41e4649b934ca495991b7852b855","last_name":"e3b0c44298fc1c149afbf4c8996fb92427ae41e4649b934ca495991b7852b855","zip_code":"e3b0c44298fc1c149afbf4c8996fb92427ae41e4649b934ca495991b7852b855"},"page":{"url":"http:\/\/mail.ibn-sinaa.com\/product-category\/advertising\/roll-up\/"}}]}
 ajax: no
2025-01-07T00:05:11+00:00 DEBUG Tt4b_Mapi_Class::mapi_post: Response: 

HTTP/1.1 200 OK
Server: nginx
Content-Type: application/json
Content-Length: 92
X-Tt-Logid: 2025010700051120432EDF4E4F10E5EEE6
Server-Timing: inner; dur=39
x-tt-trace-host: 018e5a586174a888928d793bdac74b79b520593bf434961dbceff88e4b17f9a1564cba96245e8b7bdf69d1f6f26b684faf5ba7cee1a62ba26af93fd6d9ae5797d2f454bec7e4bbda278b1e9799accd812babd06c39b5d7b0372b0b0b9d22de12e4
x-tt-trace-id: 00-25010700051120432EDF4E4F10E5EEE6-342F1FA021C93855-00
Expires: Tue, 07 Jan 2025 00:05:11 GMT
Cache-Control: max-age=0, no-cache, no-store
Pragma: no-cache
Date: Tue, 07 Jan 2025 00:05:11 GMT
X-Cache: TCP_MISS from a95-101-134-116.deploy.akamaitechnologies.com (AkamaiGHost/11.7.2.1-9611f29bef89eba7b18045b10aa2af98) (-)
Connection: close
x-tt-trace-tag: id=16;cdn-cache=miss;type=dyn
Server-Timing: cdn-cache; desc=MISS, edge; dur=1, origin; dur=121
X-Origin-Response-Time: 121,95.101.134.116
X-Akamai-Request-ID: a7b3a54

{"code": 0, "message": "OK", "request_id": "2025010700051120432EDF4E4F10E5EEE6", "data": {}}
2025-01-07T00:05:18+00:00 DEBUG POST: https://business-api.tiktok.com/open_api/v1.3/event/track/

{"partner_name":"WooCommerce","event_source":"web","event_source_id":"CSM79Q3C77UAG1T340I0","data":[{"event":"Pageview","event_id":"677c6fbe71fa9_tt4b_woocommerce_670666209cf1f","event_time":1736208318,"user":{"ip":"93.158.213.25","user_agent":"Mozilla\/5.0 (compatible; MJ12bot\/v1.4.8; http:\/\/mj12bot.com\/)","locale":"ar","external_id":"0","email":"e3b0c44298fc1c149afbf4c8996fb92427ae41e4649b934ca495991b7852b855","phone_number":"e3b0c44298fc1c149afbf4c8996fb92427ae41e4649b934ca495991b7852b855","first_name":"e3b0c44298fc1c149afbf4c8996fb92427ae41e4649b934ca495991b7852b855","last_name":"e3b0c44298fc1c149afbf4c8996fb92427ae41e4649b934ca495991b7852b855","zip_code":"e3b0c44298fc1c149afbf4c8996fb92427ae41e4649b934ca495991b7852b855"},"page":{"url":"http:\/\/mail.ibn-sinaa.com\/product-category\/advertising\/pop-up-tables\/"}}]}
 ajax: no
2025-01-07T00:05:18+00:00 DEBUG Tt4b_Mapi_Class::mapi_post: Response: 

HTTP/1.1 200 OK
Server: nginx
Content-Type: application/json
Content-Length: 92
X-Tt-Logid: 20250107000518A5C3CC90BFBC11E8F11F
x-tt-trace-host: 018e5a586174a888928d793bdac74b79b56517d7628cf0ffdff56b078ad2cf5615b8011fd580845089311dcf3124a8dff550fae1eb07d9cabd5fcce157f581244ea64affb528f61275c65680997434adbb6afe835094cccd8426897ed4b0b2006cb5cc44c8d7ba3cb12e5baba096bd6c12
x-tt-trace-id: 00-250107000518A5C3CC90BFBC11E8F11F-2B30A0B38CF0FAD0-00
X-Origin-Response-Time: 34,23.52.15.170
X-Akamai-Request-ID: 94ef770f.af1d3b1
Expires: Tue, 07 Jan 2025 00:05:18 GMT
Cache-Control: max-age=0, no-cache, no-store
Pragma: no-cache
Date: Tue, 07 Jan 2025 00:05:18 GMT
X-Cache: TCP_MISS from a95-101-134-92.deploy.akamaitechnologies.com (AkamaiGHost/11.7.2.1-9611f29bef89eba7b18045b10aa2af98) (-)
Connection: close
X-Cache-Remote: TCP_MISS from a23-52-15-170.deploy.akamaitechnologies.com (AkamaiGHost/11.7.2.1-9611f29bef89eba7b18045b10aa2af98) (-)
x-tt-trace-tag: id=16;cdn-cache=miss;type=dyn
Server-Timing: cdn-cache; desc=MISS, edge; dur=80, origin; dur=34
Server-Timing: inner; dur=30
X-Parent-Response-Time: 114,95.101.134.92

{"code": 0, "message": "OK", "request_id": "20250107000518A5C3CC90BFBC11E8F11F", "data": {}}
2025-01-07T00:05:26+00:00 DEBUG POST: https://business-api.tiktok.com/open_api/v1.3/event/track/

{"partner_name":"WooCommerce","event_source":"web","event_source_id":"CSM79Q3C77UAG1T340I0","data":[{"event":"Pageview","event_id":"677c6fc68ef24_tt4b_woocommerce_670666209cf1f","event_time":1736208326,"user":{"ip":"93.158.213.25","user_agent":"Mozilla\/5.0 (compatible; MJ12bot\/v1.4.8; http:\/\/mj12bot.com\/)","locale":"ar","external_id":"0","email":"e3b0c44298fc1c149afbf4c8996fb92427ae41e4649b934ca495991b7852b855","phone_number":"e3b0c44298fc1c149afbf4c8996fb92427ae41e4649b934ca495991b7852b855","first_name":"e3b0c44298fc1c149afbf4c8996fb92427ae41e4649b934ca495991b7852b855","last_name":"e3b0c44298fc1c149afbf4c8996fb92427ae41e4649b934ca495991b7852b855","zip_code":"e3b0c44298fc1c149afbf4c8996fb92427ae41e4649b934ca495991b7852b855"},"page":{"url":"http:\/\/mail.ibn-sinaa.com\/product-tag\/%D8%B7%D8%A8%D8%A7%D8%B9%D9%87-%D8%B9%D9%84%D9%89-%D9%81%D9%84%D9%8A%D9%86\/"}}]}
 ajax: no
2025-01-07T00:05:26+00:00 DEBUG Tt4b_Mapi_Class::mapi_post: Response: 

HTTP/1.1 200 OK
Server: nginx
Content-Type: application/json
Content-Length: 92
X-Tt-Logid: 20250107000526AAA4FB9BC7EEA1D36772
x-tt-trace-host: 018e5a586174a888928d793bdac74b79b56517d7628cf0ffdff56b078ad2cf56155d54e5d357a995a4eb631e5b2e68e049dc857cde2b9b248f27bad5de5ff6097f97301f23bd6608fd5cdad1a55a75245c684f8f7f3a6ac109fbe77a0d24358f377c72dae5a00b158993cb1c8a6f6f8f3d
x-tt-trace-id: 00-250107000526AAA4FB9BC7EEA1D36772-74D83F8A492784AE-00
X-Origin-Response-Time: 40,23.52.15.171
X-Akamai-Request-ID: c7bf7cfd.af2377e
Expires: Tue, 07 Jan 2025 00:05:26 GMT
Cache-Control: max-age=0, no-cache, no-store
Pragma: no-cache
Date: Tue, 07 Jan 2025 00:05:26 GMT
X-Cache: TCP_MISS from a95-101-134-92.deploy.akamaitechnologies.com (AkamaiGHost/11.7.2.1-9611f29bef89eba7b18045b10aa2af98) (-)
Connection: close
X-Cache-Remote: TCP_MISS from a23-52-15-171.deploy.akamaitechnologies.com (AkamaiGHost/11.7.2.1-9611f29bef89eba7b18045b10aa2af98) (-)
x-tt-trace-tag: id=16;cdn-cache=miss;type=dyn
Server-Timing: cdn-cache; desc=MISS, edge; dur=90, origin; dur=40
Server-Timing: inner; dur=35
X-Parent-Response-Time: 129,95.101.134.92

{"code": 0, "message": "OK", "request_id": "20250107000526AAA4FB9BC7EEA1D36772", "data": {}}
2025-01-07T00:05:33+00:00 DEBUG POST: https://business-api.tiktok.com/open_api/v1.3/event/track/

{"partner_name":"WooCommerce","event_source":"web","event_source_id":"CSM79Q3C77UAG1T340I0","data":[{"event":"Pageview","event_id":"677c6fcd61b86_tt4b_woocommerce_670666209cf1f","event_time":1736208333,"user":{"ip":"93.158.213.25","user_agent":"Mozilla\/5.0 (compatible; MJ12bot\/v1.4.8; http:\/\/mj12bot.com\/)","locale":"ar","external_id":"0","email":"e3b0c44298fc1c149afbf4c8996fb92427ae41e4649b934ca495991b7852b855","phone_number":"e3b0c44298fc1c149afbf4c8996fb92427ae41e4649b934ca495991b7852b855","first_name":"e3b0c44298fc1c149afbf4c8996fb92427ae41e4649b934ca495991b7852b855","last_name":"e3b0c44298fc1c149afbf4c8996fb92427ae41e4649b934ca495991b7852b855","zip_code":"e3b0c44298fc1c149afbf4c8996fb92427ae41e4649b934ca495991b7852b855"},"page":{"url":"http:\/\/mail.ibn-sinaa.com\/product\/stand-curved\/"}}]}
 ajax: no
2025-01-07T00:05:33+00:00 DEBUG Tt4b_Mapi_Class::mapi_post: Response: 

HTTP/1.1 200 OK
Server: nginx
Content-Type: application/json
Content-Length: 92
X-Tt-Logid: 20250107000533DA38E24793809FFBFADD
x-tt-trace-host: 018e5a586174a888928d793bdac74b79b56517d7628cf0ffdff56b078ad2cf5615f55d02e955f3944bfcc4940f98843bb17b4320cd687c46b71499a748fdafa0ae08acaaa3106bf1fa8ecbce575433aafd485902648fd65b7ab2a3b1c82ba9672a0d97dfa9427b7821dcdc5d01db5b952a
x-tt-trace-id: 00-250107000533DA38E24793809FFBFADD-3598B2FB2628BD9B-00
X-Origin-Response-Time: 37,23.36.67.111
X-Akamai-Request-ID: 33beb8f.af28a4d
Expires: Tue, 07 Jan 2025 00:05:33 GMT
Cache-Control: max-age=0, no-cache, no-store
Pragma: no-cache
Date: Tue, 07 Jan 2025 00:05:33 GMT
X-Cache: TCP_MISS from a95-101-134-92.deploy.akamaitechnologies.com (AkamaiGHost/11.7.2.1-9611f29bef89eba7b18045b10aa2af98) (-)
Connection: close
X-Cache-Remote: TCP_MISS from a23-36-67-111.deploy.akamaitechnologies.com (AkamaiGHost/11.7.2.1-9611f29bef89eba7b18045b10aa2af98) (-)
x-tt-trace-tag: id=16;cdn-cache=miss;type=dyn
Server-Timing: cdn-cache; desc=MISS, edge; dur=85, origin; dur=37
Server-Timing: inner; dur=34
X-Parent-Response-Time: 121,95.101.134.92

{"code": 0, "message": "OK", "request_id": "20250107000533DA38E24793809FFBFADD", "data": {}}
2025-01-07T00:05:33+00:00 DEBUG Tt4b_Pixel_Class::inject_view_content_event: hit ViewContent
2025-01-07T00:05:33+00:00 DEBUG POST: https://business-api.tiktok.com/open_api/v1.3/event/track/

{"partner_name":"WooCommerce","event_source":"web","event_source_id":"CSM79Q3C77UAG1T340I0","data":[{"event":"ViewContent","event_id":"677c6fcd9d421_tt4b_woocommerce_670666209cf1f_4224","event_time":1736208333,"user":{"ip":"93.158.213.25","user_agent":"Mozilla\/5.0 (compatible; MJ12bot\/v1.4.8; http:\/\/mj12bot.com\/)","locale":"ar","external_id":"0","email":"e3b0c44298fc1c149afbf4c8996fb92427ae41e4649b934ca495991b7852b855","phone_number":"e3b0c44298fc1c149afbf4c8996fb92427ae41e4649b934ca495991b7852b855","first_name":"e3b0c44298fc1c149afbf4c8996fb92427ae41e4649b934ca495991b7852b855","last_name":"e3b0c44298fc1c149afbf4c8996fb92427ae41e4649b934ca495991b7852b855","zip_code":"e3b0c44298fc1c149afbf4c8996fb92427ae41e4649b934ca495991b7852b855"},"properties":{"contents":[{"price":690,"quantity":1,"content_id":"4224","content_name":"\u0627\u0633\u062a\u0627\u0646\u062f \u0645\u0646\u062d\u0646\u064a","description":"\u0637\u0628\u0627\u0639\u0629 \u0627\u0633\u062a\u0627\u0646\u062f \u0645\u0646\u062d\u0646\u064a \u0645\u0646 \u0645\u062a\u062c\u0631 \u0645\u0643\u062a\u0628\u0629 \u0627\u0628\u0646 \u0633\u064a\u0646\u0627 \u0627\u0644\u0625\u0644\u0643\u062a\u0631\u0648\u0646\u064a\u060c \u0645\u0635\u0645\u0645 \u0644\u0625\u0636\u0627\u0641\u0629 \u0644\u0645\u0633\u0629 \u0645\u0646 \u0627\u0644\u0623\u0646\u0627\u0642\u0629 \u0648\u0627\u0644\u0627\u062d\u062a\u0631\u0627\u0641\u064a\u0629 \u0644\u0639\u0631\u0636 \u0645\u0646\u062a\u062c\u0627\u062a\u0643 \u0623\u0648 \u0645\u0648\u0627\u062f\u0643 \u0627\u0644\u0625\u0639\u0644\u0627\u0646\u064a\u0629. \u064a\u062a\u0645\u064a\u0632 \u0647\u0630\u0627 \u0627\u0644\u0627\u0633\u062a\u0627\u0646\u062f \u0628\u062c\u0648\u062f\u0629 \u0639\u0627\u0644\u064a\u0629 \u0648\u062a\u0635\u0645\u064a\u0645 \u0645\u0646\u062d\u0646\u064a \u064a\u0644\u0641\u062a \u0627\u0644\u0623\u0646\u0638\u0627\u0631 \u0648\u064a\u0639\u0632\u0632 \u0645\u0646 \u062c\u0627\u0630\u0628\u064a\u0629 \u0627\u0644\u0639\u0631\u0636.","availability":"IN_STOCK","sale_price":690,"on_sale":false}],"content_type":"product","currency":"SAR","value":690,"event_trigger_source":"WooCommerce"},"page":{"url":"http:\/\/mail.ibn-sinaa.com\/product\/stand-curved\/"}}]}
 ajax: no
2025-01-07T00:05:33+00:00 DEBUG Tt4b_Mapi_Class::mapi_post: Response: 

HTTP/1.1 200 OK
Server: nginx
Content-Type: application/json
Content-Length: 92
X-Tt-Logid: 20250107000533BE4B1A1F47DC967FFE2B
x-tt-trace-host: 018e5a586174a888928d793bdac74b79b519a86797e72c2eba011e03e23beee17ddd399332df3c535577788db727d2fd7369247cf3afb22ddc48d314ede7c35845aa3b9e0b487b1877f9ba0c28e3998f7ae96c5df233467ea223a201d27d4eefc299c833b7ef17ddf9611e0f2dcd14fe4e
x-tt-trace-id: 00-250107000533BE4B1A1F47DC967FFE2B-4424E52C73B8A338-00
X-Origin-Response-Time: 45,23.213.246.240
X-Akamai-Request-ID: 4712602e.a7bda10
Expires: Tue, 07 Jan 2025 00:05:33 GMT
Cache-Control: max-age=0, no-cache, no-store
Pragma: no-cache
Date: Tue, 07 Jan 2025 00:05:33 GMT
X-Cache: TCP_MISS from a95-101-134-116.deploy.akamaitechnologies.com (AkamaiGHost/11.7.2.1-9611f29bef89eba7b18045b10aa2af98) (-)
Connection: close
X-Cache-Remote: TCP_MISS from a23-213-246-240.deploy.akamaitechnologies.com (AkamaiGHost/11.7.2.1-9611f29bef89eba7b18045b10aa2af98) (-)
x-tt-trace-tag: id=16;cdn-cache=miss;type=dyn
Server-Timing: cdn-cache; desc=MISS, edge; dur=107, origin; dur=44
Server-Timing: inner; dur=26
X-Parent-Response-Time: 149,95.101.134.116

{"code": 0, "message": "OK", "request_id": "20250107000533BE4B1A1F47DC967FFE2B", "data": {}}
2025-01-07T00:05:38+00:00 DEBUG POST: https://business-api.tiktok.com/open_api/v1.3/event/track/

{"partner_name":"WooCommerce","event_source":"web","event_source_id":"CSM79Q3C77UAG1T340I0","data":[{"event":"Pageview","event_id":"677c6fd22d7dc_tt4b_woocommerce_670666209cf1f","event_time":1736208338,"user":{"ip":"93.158.213.25","user_agent":"Mozilla\/5.0 (compatible; MJ12bot\/v1.4.8; http:\/\/mj12bot.com\/)","locale":"ar","external_id":"0","email":"e3b0c44298fc1c149afbf4c8996fb92427ae41e4649b934ca495991b7852b855","phone_number":"e3b0c44298fc1c149afbf4c8996fb92427ae41e4649b934ca495991b7852b855","first_name":"e3b0c44298fc1c149afbf4c8996fb92427ae41e4649b934ca495991b7852b855","last_name":"e3b0c44298fc1c149afbf4c8996fb92427ae41e4649b934ca495991b7852b855","zip_code":"e3b0c44298fc1c149afbf4c8996fb92427ae41e4649b934ca495991b7852b855"},"page":{"url":"http:\/\/mail.ibn-sinaa.com\/product\/%D8%A8%D8%B1%D8%B4%D9%88%D8%B1-%D9%81%D9%84%D8%A7%D9%8A%D8%B1-a4\/feed\/"}}]}
 ajax: no
2025-01-07T00:05:38+00:00 DEBUG Tt4b_Mapi_Class::mapi_post: Response: 

HTTP/1.1 200 OK
Server: nginx
Content-Type: application/json
Content-Length: 92
X-Tt-Logid: 2025010700053877894D37BA573C6C31F9
Server-Timing: inner; dur=33
x-tt-trace-host: 018e5a586174a888928d793bdac74b79b51a437ee89a1c03eb2011d034a2e3e9f5913989ca11c269af96d0fd13f4c1656aab77aef059d38ffebb372aa7422c04aafb2cc42e962f33586ec8378bcac267d7ad5380d6dd18b6f72e7c753aa61721e3
x-tt-trace-id: 00-25010700053877894D37BA573C6C31F9-7DCD1BA88B2C5638-00
Expires: Tue, 07 Jan 2025 00:05:38 GMT
Cache-Control: max-age=0, no-cache, no-store
Pragma: no-cache
Date: Tue, 07 Jan 2025 00:05:38 GMT
X-Cache: TCP_MISS from a95-101-134-92.deploy.akamaitechnologies.com (AkamaiGHost/11.7.2.1-9611f29bef89eba7b18045b10aa2af98) (-)
Connection: close
x-tt-trace-tag: id=16;cdn-cache=miss;type=dyn
Server-Timing: cdn-cache; desc=MISS, edge; dur=1, origin; dur=115
X-Origin-Response-Time: 116,95.101.134.92
X-Akamai-Request-ID: af2c539

{"code": 0, "message": "OK", "request_id": "2025010700053877894D37BA573C6C31F9", "data": {}}
2025-01-07T00:05:46+00:00 DEBUG POST: https://business-api.tiktok.com/open_api/v1.3/event/track/

{"partner_name":"WooCommerce","event_source":"web","event_source_id":"CSM79Q3C77UAG1T340I0","data":[{"event":"Pageview","event_id":"677c6fdad23dd_tt4b_woocommerce_670666209cf1f","event_time":1736208346,"user":{"ip":"93.158.213.25","user_agent":"Mozilla\/5.0 (compatible; MJ12bot\/v1.4.8; http:\/\/mj12bot.com\/)","locale":"ar","external_id":"0","email":"e3b0c44298fc1c149afbf4c8996fb92427ae41e4649b934ca495991b7852b855","phone_number":"e3b0c44298fc1c149afbf4c8996fb92427ae41e4649b934ca495991b7852b855","first_name":"e3b0c44298fc1c149afbf4c8996fb92427ae41e4649b934ca495991b7852b855","last_name":"e3b0c44298fc1c149afbf4c8996fb92427ae41e4649b934ca495991b7852b855","zip_code":"e3b0c44298fc1c149afbf4c8996fb92427ae41e4649b934ca495991b7852b855"},"page":{"url":"http:\/\/mail.ibn-sinaa.com\/product\/%D8%A8%D8%B1%D8%B4%D9%88%D8%B1-%D9%81%D9%84%D8%A7%D9%8A%D8%B1-a5\/feed\/"}}]}
 ajax: no
2025-01-07T00:05:47+00:00 DEBUG Tt4b_Mapi_Class::mapi_post: Response: 

HTTP/1.1 200 OK
Server: nginx
Content-Type: application/json
Content-Length: 92
X-Tt-Logid: 20250107000546193ACF9F3593B93AC873
Server-Timing: inner; dur=27
x-tt-trace-host: 018e5a586174a888928d793bdac74b79b51a437ee89a1c03eb2011d034a2e3e9f5f5632ae0b32bf73d7ff06ec77dab0d38f676f4fc00452a5e6eebf910a33bb5caaac0362514b5435a6091747ddefe8486e65b7f8db0ad425b78fbd538fa44ef1f
x-tt-trace-id: 00-250107000546193ACF9F3593B93AC873-3D3E113A36FA1ABD-00
Expires: Tue, 07 Jan 2025 00:05:47 GMT
Cache-Control: max-age=0, no-cache, no-store
Pragma: no-cache
Date: Tue, 07 Jan 2025 00:05:47 GMT
X-Cache: TCP_MISS from a95-101-134-92.deploy.akamaitechnologies.com (AkamaiGHost/11.7.2.1-9611f29bef89eba7b18045b10aa2af98) (-)
Connection: close
x-tt-trace-tag: id=16;cdn-cache=miss;type=dyn
Server-Timing: cdn-cache; desc=MISS, edge; dur=0, origin; dur=110
X-Origin-Response-Time: 110,95.101.134.92
X-Akamai-Request-ID: af32d39

{"code": 0, "message": "OK", "request_id": "20250107000546193ACF9F3593B93AC873", "data": {}}
2025-01-07T00:05:53+00:00 DEBUG POST: https://business-api.tiktok.com/open_api/v1.3/event/track/

{"partner_name":"WooCommerce","event_source":"web","event_source_id":"CSM79Q3C77UAG1T340I0","data":[{"event":"Pageview","event_id":"677c6fe1b3327_tt4b_woocommerce_670666209cf1f","event_time":1736208353,"user":{"ip":"93.158.213.25","user_agent":"Mozilla\/5.0 (compatible; MJ12bot\/v1.4.8; http:\/\/mj12bot.com\/)","locale":"ar","external_id":"0","email":"e3b0c44298fc1c149afbf4c8996fb92427ae41e4649b934ca495991b7852b855","phone_number":"e3b0c44298fc1c149afbf4c8996fb92427ae41e4649b934ca495991b7852b855","first_name":"e3b0c44298fc1c149afbf4c8996fb92427ae41e4649b934ca495991b7852b855","last_name":"e3b0c44298fc1c149afbf4c8996fb92427ae41e4649b934ca495991b7852b855","zip_code":"e3b0c44298fc1c149afbf4c8996fb92427ae41e4649b934ca495991b7852b855"},"page":{"url":"http:\/\/mail.ibn-sinaa.com\/product\/a3-folded-brochure-printing\/"}}]}
 ajax: no
2025-01-07T00:05:53+00:00 DEBUG Tt4b_Mapi_Class::mapi_post: Response: 

HTTP/1.1 200 OK
Server: nginx
Content-Type: application/json
Content-Length: 92
X-Tt-Logid: 20250107000553D25A152052B3F1496726
Server-Timing: inner; dur=39
x-tt-trace-host: 018e5a586174a888928d793bdac74b79b51a437ee89a1c03eb2011d034a2e3e9f5df89087440a7d6f908c3628e11572c1e8403938f206fc0b8020916c4f6bae1815cd5a61f65a98b0fd6a8e7fdb5ffb315a7fae4068460795a628fbc2bd7b57e56
x-tt-trace-id: 00-250107000553D25A152052B3F1496726-58B088B26B7BE503-00
Expires: Tue, 07 Jan 2025 00:05:53 GMT
Cache-Control: max-age=0, no-cache, no-store
Pragma: no-cache
Date: Tue, 07 Jan 2025 00:05:53 GMT
X-Cache: TCP_MISS from a95-101-134-92.deploy.akamaitechnologies.com (AkamaiGHost/11.7.2.1-9611f29bef89eba7b18045b10aa2af98) (-)
Connection: close
x-tt-trace-tag: id=16;cdn-cache=miss;type=dyn
Server-Timing: cdn-cache; desc=MISS, edge; dur=1, origin; dur=121
X-Origin-Response-Time: 122,95.101.134.92
X-Akamai-Request-ID: af37fc3

{"code": 0, "message": "OK", "request_id": "20250107000553D25A152052B3F1496726", "data": {}}
2025-01-07T00:05:53+00:00 DEBUG Tt4b_Pixel_Class::inject_view_content_event: hit ViewContent
2025-01-07T00:05:53+00:00 DEBUG POST: https://business-api.tiktok.com/open_api/v1.3/event/track/

{"partner_name":"WooCommerce","event_source":"web","event_source_id":"CSM79Q3C77UAG1T340I0","data":[{"event":"ViewContent","event_id":"677c6fe1ebe9d_tt4b_woocommerce_670666209cf1f_SKU_200","event_time":1736208353,"user":{"ip":"93.158.213.25","user_agent":"Mozilla\/5.0 (compatible; MJ12bot\/v1.4.8; http:\/\/mj12bot.com\/)","locale":"ar","external_id":"0","email":"e3b0c44298fc1c149afbf4c8996fb92427ae41e4649b934ca495991b7852b855","phone_number":"e3b0c44298fc1c149afbf4c8996fb92427ae41e4649b934ca495991b7852b855","first_name":"e3b0c44298fc1c149afbf4c8996fb92427ae41e4649b934ca495991b7852b855","last_name":"e3b0c44298fc1c149afbf4c8996fb92427ae41e4649b934ca495991b7852b855","zip_code":"e3b0c44298fc1c149afbf4c8996fb92427ae41e4649b934ca495991b7852b855"},"properties":{"contents":[{"price":0,"quantity":1,"content_id":"SKU_200","content_name":"\u0637\u0628\u0627\u0639\u0629 \u0628\u0631\u0634\u0648\u0631 \u0645\u0637\u0648\u064a\u0629 A3","description":"\u0628\u0631\u0648\u0634\u0648\u0631 \u0645\u0637\u0648\u064a \u062d\u0633\u0628 \u062a\u0635\u0645\u064a\u0645 \u0627\u0644\u0639\u0645\u064a\u0644 \u0648\u0631\u0642 \u0643\u0648\u0634\u064a\u0647 \u0645\u0637\u0641\u064a 150 \u062c\u0631\u0627\u0645\r\n\u0645\u062f\u0629 \u0627\u0644\u062a\u0646\u0641\u064a\u0630 \u0627\u0644\u0645\u062a\u0648\u0642\u0639\u0629: 1 \u2013 3 \u0623\u064a\u0627\u0645 \u0639\u0645\u0644 \u0628\u0639\u062f \u062a\u0623\u0643\u064a\u062f \u0627\u0644\u0637\u0644\u0628 \u0648\u0627\u0644\u062a\u0635\u0645\u064a\u0645 \u0648\u062d\u0633\u0628 \u0627\u0644\u0643\u0645\u064a\u0629 (\u062a\u0632\u064a\u062f \u0627\u0644\u0645\u062f\u0629 \u0639\u0646\u062f \u0637\u0644\u0628 \u0627\u0644\u0634\u062d\u0646).","availability":"IN_STOCK","sale_price":0,"on_sale":false}],"content_type":"product","currency":"SAR","value":0,"event_trigger_source":"WooCommerce"},"page":{"url":"http:\/\/mail.ibn-sinaa.com\/product\/a3-folded-brochure-printing\/"}}]}
 ajax: no
2025-01-07T00:05:54+00:00 DEBUG Tt4b_Mapi_Class::mapi_post: Response: 

HTTP/1.1 200 OK
Server: nginx
Content-Type: application/json
Content-Length: 92
X-Tt-Logid: 202501070005548BB7003F87C4993E5E40
Server-Timing: inner; dur=25
x-tt-trace-host: 018e5a586174a888928d793bdac74b79b520593bf434961dbceff88e4b17f9a156cf98c2542fd3319010cece17aa71436008cf05b88d1f0f7ce15d98f23db996c9c8ad882c1f4a017deff74e408703385679af75f5096b75e9057f28c42b474e5d
x-tt-trace-id: 00-2501070005548BB7003F87C4993E5E40-4987AE1D71FAA210-00
Expires: Tue, 07 Jan 2025 00:05:54 GMT
Cache-Control: max-age=0, no-cache, no-store
Pragma: no-cache
Date: Tue, 07 Jan 2025 00:05:54 GMT
X-Cache: TCP_MISS from a95-101-134-116.deploy.akamaitechnologies.com (AkamaiGHost/11.7.2.1-9611f29bef89eba7b18045b10aa2af98) (-)
Connection: close
x-tt-trace-tag: id=16;cdn-cache=miss;type=dyn
Server-Timing: cdn-cache; desc=MISS, edge; dur=0, origin; dur=105
X-Origin-Response-Time: 105,95.101.134.116
X-Akamai-Request-ID: a7c6cbd

{"code": 0, "message": "OK", "request_id": "202501070005548BB7003F87C4993E5E40", "data": {}}
2025-01-07T00:05:58+00:00 DEBUG POST: https://business-api.tiktok.com/open_api/v1.3/event/track/

{"partner_name":"WooCommerce","event_source":"web","event_source_id":"CSM79Q3C77UAG1T340I0","data":[{"event":"Pageview","event_id":"677c6fe616d63_tt4b_woocommerce_670666209cf1f","event_time":1736208358,"user":{"ip":"93.158.213.25","user_agent":"Mozilla\/5.0 (compatible; MJ12bot\/v1.4.8; http:\/\/mj12bot.com\/)","locale":"ar","external_id":"0","email":"e3b0c44298fc1c149afbf4c8996fb92427ae41e4649b934ca495991b7852b855","phone_number":"e3b0c44298fc1c149afbf4c8996fb92427ae41e4649b934ca495991b7852b855","first_name":"e3b0c44298fc1c149afbf4c8996fb92427ae41e4649b934ca495991b7852b855","last_name":"e3b0c44298fc1c149afbf4c8996fb92427ae41e4649b934ca495991b7852b855","zip_code":"e3b0c44298fc1c149afbf4c8996fb92427ae41e4649b934ca495991b7852b855"},"page":{"url":"http:\/\/mail.ibn-sinaa.com\/product\/%D8%A8%D8%B1%D8%B4%D9%88%D8%B1-%D9%85%D8%B7%D9%88%D9%8A%D8%A9-a3\/feed\/"}}]}
 ajax: no
2025-01-07T00:05:58+00:00 DEBUG Tt4b_Mapi_Class::mapi_post: Response: 

HTTP/1.1 200 OK
Server: nginx
Content-Type: application/json
Content-Length: 92
X-Tt-Logid: 202501070005588BB7003F87C4993E5F32
Server-Timing: inner; dur=43
x-tt-trace-host: 018e5a586174a888928d793bdac74b79b520593bf434961dbceff88e4b17f9a156cf98c2542fd3319010cece17aa714360d6ff9128afd4765208699fc91c383e28ff8c73050276ae364e04dcae271bef3eedd5c0d68c94fa7be46a60697fffb988
x-tt-trace-id: 00-2501070005588BB7003F87C4993E5F32-4C370B2D53F9D967-00
Expires: Tue, 07 Jan 2025 00:05:58 GMT
Cache-Control: max-age=0, no-cache, no-store
Pragma: no-cache
Date: Tue, 07 Jan 2025 00:05:58 GMT
X-Cache: TCP_MISS from a95-101-134-116.deploy.akamaitechnologies.com (AkamaiGHost/11.7.2.1-9611f29bef89eba7b18045b10aa2af98) (-)
Connection: close
x-tt-trace-tag: id=16;cdn-cache=miss;type=dyn
Server-Timing: cdn-cache; desc=MISS, edge; dur=0, origin; dur=123
X-Origin-Response-Time: 123,95.101.134.116
X-Akamai-Request-ID: a7c8b02

{"code": 0, "message": "OK", "request_id": "202501070005588BB7003F87C4993E5F32", "data": {}}
2025-01-07T00:06:10+00:00 DEBUG POST: https://business-api.tiktok.com/open_api/v1.3/event/track/

{"partner_name":"WooCommerce","event_source":"web","event_source_id":"CSM79Q3C77UAG1T340I0","data":[{"event":"Pageview","event_id":"677c6ff22e884_tt4b_woocommerce_670666209cf1f","event_time":1736208370,"user":{"ip":"93.158.213.25","user_agent":"Mozilla\/5.0 (compatible; MJ12bot\/v1.4.8; http:\/\/mj12bot.com\/)","locale":"ar","external_id":"0","email":"e3b0c44298fc1c149afbf4c8996fb92427ae41e4649b934ca495991b7852b855","phone_number":"e3b0c44298fc1c149afbf4c8996fb92427ae41e4649b934ca495991b7852b855","first_name":"e3b0c44298fc1c149afbf4c8996fb92427ae41e4649b934ca495991b7852b855","last_name":"e3b0c44298fc1c149afbf4c8996fb92427ae41e4649b934ca495991b7852b855","zip_code":"e3b0c44298fc1c149afbf4c8996fb92427ae41e4649b934ca495991b7852b855"},"page":{"url":"http:\/\/mail.ibn-sinaa.com\/product\/%D8%A8%D8%B1%D8%B4%D9%88%D8%B1-%D9%85%D8%B7%D9%88%D9%8A%D8%A9-a5\/feed\/"}}]}
 ajax: no
2025-01-07T00:06:10+00:00 DEBUG Tt4b_Mapi_Class::mapi_post: Response: 

HTTP/1.1 200 OK
Server: nginx
Content-Type: application/json
Content-Length: 92
X-Tt-Logid: 202501070006106ABB1C5631F5A2F5BC7B
Server-Timing: inner; dur=25
x-tt-trace-host: 018e5a586174a888928d793bdac74b79b520593bf434961dbceff88e4b17f9a156cd1d16b6048aec1543521d50453b403a86c59f93f23060d9394811b12e220121ec1612b5000ad08e835e9086dbe40b1ffc3effb176ffc338cc38cc9476a88dc0
x-tt-trace-id: 00-2501070006106ABB1C5631F5A2F5BC7B-1E034CD956203DA4-00
Expires: Tue, 07 Jan 2025 00:06:10 GMT
Cache-Control: max-age=0, no-cache, no-store
Pragma: no-cache
Date: Tue, 07 Jan 2025 00:06:10 GMT
X-Cache: TCP_MISS from a95-101-134-116.deploy.akamaitechnologies.com (AkamaiGHost/11.7.2.1-9611f29bef89eba7b18045b10aa2af98) (-)
Connection: close
x-tt-trace-tag: id=16;cdn-cache=miss;type=dyn
Server-Timing: cdn-cache; desc=MISS, edge; dur=1, origin; dur=107
X-Origin-Response-Time: 107,95.101.134.116
X-Akamai-Request-ID: a7ce321

{"code": 0, "message": "OK", "request_id": "202501070006106ABB1C5631F5A2F5BC7B", "data": {}}
2025-01-07T00:06:17+00:00 DEBUG POST: https://business-api.tiktok.com/open_api/v1.3/event/track/

{"partner_name":"WooCommerce","event_source":"web","event_source_id":"CSM79Q3C77UAG1T340I0","data":[{"event":"Pageview","event_id":"677c6ff922dc6_tt4b_woocommerce_670666209cf1f","event_time":1736208377,"user":{"ip":"93.158.213.25","user_agent":"Mozilla\/5.0 (compatible; MJ12bot\/v1.4.8; http:\/\/mj12bot.com\/)","locale":"ar","external_id":"0","email":"e3b0c44298fc1c149afbf4c8996fb92427ae41e4649b934ca495991b7852b855","phone_number":"e3b0c44298fc1c149afbf4c8996fb92427ae41e4649b934ca495991b7852b855","first_name":"e3b0c44298fc1c149afbf4c8996fb92427ae41e4649b934ca495991b7852b855","last_name":"e3b0c44298fc1c149afbf4c8996fb92427ae41e4649b934ca495991b7852b855","zip_code":"e3b0c44298fc1c149afbf4c8996fb92427ae41e4649b934ca495991b7852b855"},"page":{"url":"http:\/\/mail.ibn-sinaa.com\/product\/pop-up-background-holder\/"}}]}
 ajax: no
2025-01-07T00:06:17+00:00 DEBUG Tt4b_Mapi_Class::mapi_post: Response: 

HTTP/1.1 200 OK
Server: nginx
Content-Type: application/json
Content-Length: 92
X-Tt-Logid: 202501070006178A4BDE6D528C522F6C61
Server-Timing: inner; dur=32
x-tt-trace-host: 018e5a586174a888928d793bdac74b79b520593bf434961dbceff88e4b17f9a1565119dc3bd0b552ddad9fd34b725d956e6f7d9738e19655f7c956c85b3d2882b74f1eb479cbbf2bb581c2f414689d847d876248602c8ebd5750d3d2254976e93b
x-tt-trace-id: 00-2501070006178A4BDE6D528C522F6C61-3B5670C03404F431-00
Expires: Tue, 07 Jan 2025 00:06:17 GMT
Cache-Control: max-age=0, no-cache, no-store
Pragma: no-cache
Date: Tue, 07 Jan 2025 00:06:17 GMT
X-Cache: TCP_MISS from a95-101-134-116.deploy.akamaitechnologies.com (AkamaiGHost/11.7.2.1-9611f29bef89eba7b18045b10aa2af98) (-)
Connection: close
x-tt-trace-tag: id=16;cdn-cache=miss;type=dyn
Server-Timing: cdn-cache; desc=MISS, edge; dur=0, origin; dur=113
X-Origin-Response-Time: 113,95.101.134.116
X-Akamai-Request-ID: a7d14ab

{"code": 0, "message": "OK", "request_id": "202501070006178A4BDE6D528C522F6C61", "data": {}}
2025-01-07T00:06:17+00:00 DEBUG Tt4b_Pixel_Class::inject_view_content_event: hit ViewContent
2025-01-07T00:06:17+00:00 DEBUG POST: https://business-api.tiktok.com/open_api/v1.3/event/track/

{"partner_name":"WooCommerce","event_source":"web","event_source_id":"CSM79Q3C77UAG1T340I0","data":[{"event":"ViewContent","event_id":"677c6ff964d3c_tt4b_woocommerce_670666209cf1f_4354","event_time":1736208377,"user":{"ip":"93.158.213.25","user_agent":"Mozilla\/5.0 (compatible; MJ12bot\/v1.4.8; http:\/\/mj12bot.com\/)","locale":"ar","external_id":"0","email":"e3b0c44298fc1c149afbf4c8996fb92427ae41e4649b934ca495991b7852b855","phone_number":"e3b0c44298fc1c149afbf4c8996fb92427ae41e4649b934ca495991b7852b855","first_name":"e3b0c44298fc1c149afbf4c8996fb92427ae41e4649b934ca495991b7852b855","last_name":"e3b0c44298fc1c149afbf4c8996fb92427ae41e4649b934ca495991b7852b855","zip_code":"e3b0c44298fc1c149afbf4c8996fb92427ae41e4649b934ca495991b7852b855"},"properties":{"contents":[{"price":690,"quantity":1,"content_id":"4354","content_name":"\u0628\u0648\u0628 \u0627\u0628 \u062d\u0627\u0645\u0644 \u062e\u0644\u0641\u064a\u0629","description":"\u0628\u0648\u0628 \u0627\u0628 \u062d\u0627\u0645\u0644 \u062e\u0644\u0641\u064a\u0629 - \u0639\u0631\u0636 \u0627\u062d\u062a\u0631\u0627\u0641\u064a \u0648\u062c\u0630\u0627\u0628\r\n\r\n\u0627\u062d\u0635\u0644 \u0639\u0644\u0649 \u0628\u0648\u0628 \u0627\u0628 \u062d\u0627\u0645\u0644 \u062e\u0644\u0641\u064a\u0629 \u0645\u0646 \u0645\u062a\u062c\u0631 \u0627\u0628\u0646 \u0633\u064a\u0646\u0627 \u0627\u0644\u0625\u0644\u0643\u062a\u0631\u0648\u0646\u064a. \u064a\u062a\u0645\u064a\u0632 \u0628\u062a\u0635\u0645\u064a\u0645 \u0627\u062d\u062a\u0631\u0627\u0641\u064a \u0648\u062c\u0648\u062f\u0629 \u0639\u0627\u0644\u064a\u0629\u060c \u0645\u062b\u0627\u0644\u064a \u0644\u0644\u0645\u0639\u0627\u0631\u0636 \u0648\u0627\u0644\u0641\u0639\u0627\u0644\u064a\u0627\u062a \u0627\u0644\u062a\u0631\u0648\u064a\u062c\u064a\u0629. \u064a\u0648\u0641\u0631 \u0645\u0633\u0627\u062d\u0629 \u0639\u0631\u0636 \u0648\u0627\u0633\u0639\u0629 \u0644\u0639\u0631\u0636 \u0645\u0646\u062a\u062c\u0627\u062a\u0643 \u0623\u0648 \u0645\u0648\u0627\u062f\u0643 \u0627\u0644\u0625\u0639\u0644\u0627\u0646\u064a\u0629 \u0628\u0634\u0643\u0644 \u0645\u0646\u0638\u0645 \u0648\u062c\u0630\u0627\u0628.","availability":"IN_STOCK","sale_price":690,"on_sale":false}],"content_type":"product","currency":"SAR","value":690,"event_trigger_source":"WooCommerce"},"page":{"url":"http:\/\/mail.ibn-sinaa.com\/product\/pop-up-background-holder\/"}}]}
 ajax: no
2025-01-07T00:06:17+00:00 DEBUG Tt4b_Mapi_Class::mapi_post: Response: 

HTTP/1.1 200 OK
Server: nginx
Content-Type: application/json
Content-Length: 92
X-Tt-Logid: 2025010700061714201A4ED9889C2C9A25
Server-Timing: inner; dur=37
x-tt-trace-host: 018e5a586174a888928d793bdac74b79b520593bf434961dbceff88e4b17f9a156c36aaf4b8a668af80567322d05ac64dbfb29ab263977c125e7950db6268b09395be077a0fcb86cad49c3600403ba28878d88a403ef3eb75a2e83c7a889479281
x-tt-trace-id: 00-25010700061714201A4ED9889C2C9A25-7E86C9D249359E9E-00
Expires: Tue, 07 Jan 2025 00:06:17 GMT
Cache-Control: max-age=0, no-cache, no-store
Pragma: no-cache
Date: Tue, 07 Jan 2025 00:06:17 GMT
X-Cache: TCP_MISS from a95-101-134-116.deploy.akamaitechnologies.com (AkamaiGHost/11.7.2.1-9611f29bef89eba7b18045b10aa2af98) (-)
Connection: close
x-tt-trace-tag: id=16;cdn-cache=miss;type=dyn
Server-Timing: cdn-cache; desc=MISS, edge; dur=1, origin; dur=117
X-Origin-Response-Time: 117,95.101.134.116
X-Akamai-Request-ID: a7d1675

{"code": 0, "message": "OK", "request_id": "2025010700061714201A4ED9889C2C9A25", "data": {}}
2025-01-07T00:06:21+00:00 DEBUG POST: https://business-api.tiktok.com/open_api/v1.3/event/track/

{"partner_name":"WooCommerce","event_source":"web","event_source_id":"CSM79Q3C77UAG1T340I0","data":[{"event":"Pageview","event_id":"677c6ffdaf3e4_tt4b_woocommerce_670666209cf1f","event_time":1736208381,"user":{"ip":"93.158.213.25","user_agent":"Mozilla\/5.0 (compatible; MJ12bot\/v1.4.8; http:\/\/mj12bot.com\/)","locale":"ar","external_id":"0","email":"e3b0c44298fc1c149afbf4c8996fb92427ae41e4649b934ca495991b7852b855","phone_number":"e3b0c44298fc1c149afbf4c8996fb92427ae41e4649b934ca495991b7852b855","first_name":"e3b0c44298fc1c149afbf4c8996fb92427ae41e4649b934ca495991b7852b855","last_name":"e3b0c44298fc1c149afbf4c8996fb92427ae41e4649b934ca495991b7852b855","zip_code":"e3b0c44298fc1c149afbf4c8996fb92427ae41e4649b934ca495991b7852b855"},"page":{"url":"http:\/\/mail.ibn-sinaa.com\/product\/%D8%A8%D9%88%D8%A8-%D8%A7%D8%A8-%D8%AD%D8%A7%D9%85%D9%84-%D8%AE%D9%84%D9%81%D9%8A%D8%A9\/feed\/"}}]}
 ajax: no
2025-01-07T00:06:21+00:00 DEBUG Tt4b_Mapi_Class::mapi_post: Response: 

HTTP/1.1 200 OK
Server: nginx
Content-Type: application/json
Content-Length: 92
X-Tt-Logid: 20250107000621D59CB10E9D7DC0E54CA6
Server-Timing: inner; dur=27
x-tt-trace-host: 018e5a586174a888928d793bdac74b79b51a437ee89a1c03eb2011d034a2e3e9f5f07079c56c1a4a8354ea92f113967cabbaa2314c1c0f22e1f68cd92daea90dc88c18434526d91ffaa14bb154fe978a6665e694e2c44ed161b11624c240edb9fa
x-tt-trace-id: 00-250107000621D59CB10E9D7DC0E54CA6-108F1AC382389B71-00
Expires: Tue, 07 Jan 2025 00:06:21 GMT
Cache-Control: max-age=0, no-cache, no-store
Pragma: no-cache
Date: Tue, 07 Jan 2025 00:06:21 GMT
X-Cache: TCP_MISS from a95-101-134-92.deploy.akamaitechnologies.com (AkamaiGHost/11.7.2.1-9611f29bef89eba7b18045b10aa2af98) (-)
Connection: close
x-tt-trace-tag: id=16;cdn-cache=miss;type=dyn
Server-Timing: cdn-cache; desc=MISS, edge; dur=0, origin; dur=107
X-Origin-Response-Time: 107,95.101.134.92
X-Akamai-Request-ID: af4dacd

{"code": 0, "message": "OK", "request_id": "20250107000621D59CB10E9D7DC0E54CA6", "data": {}}
2025-01-07T00:06:28+00:00 DEBUG POST: https://business-api.tiktok.com/open_api/v1.3/event/track/

{"partner_name":"WooCommerce","event_source":"web","event_source_id":"CSM79Q3C77UAG1T340I0","data":[{"event":"Pageview","event_id":"677c7004c2dff_tt4b_woocommerce_670666209cf1f","event_time":1736208388,"user":{"ip":"93.158.213.25","user_agent":"Mozilla\/5.0 (compatible; MJ12bot\/v1.4.8; http:\/\/mj12bot.com\/)","locale":"ar","external_id":"0","email":"e3b0c44298fc1c149afbf4c8996fb92427ae41e4649b934ca495991b7852b855","phone_number":"e3b0c44298fc1c149afbf4c8996fb92427ae41e4649b934ca495991b7852b855","first_name":"e3b0c44298fc1c149afbf4c8996fb92427ae41e4649b934ca495991b7852b855","last_name":"e3b0c44298fc1c149afbf4c8996fb92427ae41e4649b934ca495991b7852b855","zip_code":"e3b0c44298fc1c149afbf4c8996fb92427ae41e4649b934ca495991b7852b855"},"page":{"url":"http:\/\/mail.ibn-sinaa.com\/product\/pop-up-holder-3-parts\/"}}]}
 ajax: no
2025-01-07T00:06:28+00:00 DEBUG Tt4b_Mapi_Class::mapi_post: Response: 

HTTP/1.1 200 OK
Server: nginx
Content-Type: application/json
Content-Length: 92
X-Tt-Logid: 20250107000628B29C6EA78CACD0468AF4
Server-Timing: inner; dur=28
x-tt-trace-host: 018e5a586174a888928d793bdac74b79b51a437ee89a1c03eb2011d034a2e3e9f5442c7ece4145d53ce0e32afe106453125af535de2721df0656e42f5806c5a28ed6be9c2db359dad9445483e86e1716fa1279e726400d408c985778ffe6a93c20
x-tt-trace-id: 00-250107000628B29C6EA78CACD0468AF4-411779CA425E4C3A-00
Expires: Tue, 07 Jan 2025 00:06:28 GMT
Cache-Control: max-age=0, no-cache, no-store
Pragma: no-cache
Date: Tue, 07 Jan 2025 00:06:28 GMT
X-Cache: TCP_MISS from a95-101-134-92.deploy.akamaitechnologies.com (AkamaiGHost/11.7.2.1-9611f29bef89eba7b18045b10aa2af98) (-)
Connection: close
x-tt-trace-tag: id=16;cdn-cache=miss;type=dyn
Server-Timing: cdn-cache; desc=MISS, edge; dur=0, origin; dur=114
X-Origin-Response-Time: 114,95.101.134.92
X-Akamai-Request-ID: af52e4f

{"code": 0, "message": "OK", "request_id": "20250107000628B29C6EA78CACD0468AF4", "data": {}}
2025-01-07T00:06:29+00:00 DEBUG Tt4b_Pixel_Class::inject_view_content_event: hit ViewContent
2025-01-07T00:06:29+00:00 DEBUG POST: https://business-api.tiktok.com/open_api/v1.3/event/track/

{"partner_name":"WooCommerce","event_source":"web","event_source_id":"CSM79Q3C77UAG1T340I0","data":[{"event":"ViewContent","event_id":"677c700508163_tt4b_woocommerce_670666209cf1f_4358","event_time":1736208389,"user":{"ip":"93.158.213.25","user_agent":"Mozilla\/5.0 (compatible; MJ12bot\/v1.4.8; http:\/\/mj12bot.com\/)","locale":"ar","external_id":"0","email":"e3b0c44298fc1c149afbf4c8996fb92427ae41e4649b934ca495991b7852b855","phone_number":"e3b0c44298fc1c149afbf4c8996fb92427ae41e4649b934ca495991b7852b855","first_name":"e3b0c44298fc1c149afbf4c8996fb92427ae41e4649b934ca495991b7852b855","last_name":"e3b0c44298fc1c149afbf4c8996fb92427ae41e4649b934ca495991b7852b855","zip_code":"e3b0c44298fc1c149afbf4c8996fb92427ae41e4649b934ca495991b7852b855"},"properties":{"contents":[{"price":690,"quantity":1,"content_id":"4358","content_name":"\u0628\u0648\u0628 \u0627\u0628 \u062d\u0627\u0645\u0644 3 \u0627\u062c\u0632\u0627\u0621","description":"\u0628\u0648\u0628 \u0627\u0628 \u062d\u0627\u0645\u0644 \u062e\u0644\u0641\u064a\u0629 - \u0639\u0631\u0636 \u0627\u062d\u062a\u0631\u0627\u0641\u064a \u0648\u062c\u0630\u0627\u0628\r\n\r\n\u0627\u062d\u0635\u0644 \u0639\u0644\u0649 \u0628\u0648\u0628 \u0627\u0628 \u062d\u0627\u0645\u0644 \u062e\u0644\u0641\u064a\u0629 \u0645\u0646 \u0645\u062a\u062c\u0631 \u0627\u0628\u0646 \u0633\u064a\u0646\u0627 \u0627\u0644\u0625\u0644\u0643\u062a\u0631\u0648\u0646\u064a. \u064a\u062a\u0645\u064a\u0632 \u0628\u062a\u0635\u0645\u064a\u0645 \u0627\u062d\u062a\u0631\u0627\u0641\u064a \u0648\u062c\u0648\u062f\u0629 \u0639\u0627\u0644\u064a\u0629\u060c \u0645\u062b\u0627\u0644\u064a \u0644\u0644\u0645\u0639\u0627\u0631\u0636 \u0648\u0627\u0644\u0641\u0639\u0627\u0644\u064a\u0627\u062a \u0627\u0644\u062a\u0631\u0648\u064a\u062c\u064a\u0629. \u064a\u0648\u0641\u0631 \u0645\u0633\u0627\u062d\u0629 \u0639\u0631\u0636 \u0648\u0627\u0633\u0639\u0629 \u0644\u0639\u0631\u0636 \u0645\u0646\u062a\u062c\u0627\u062a\u0643 \u0623\u0648 \u0645\u0648\u0627\u062f\u0643 \u0627\u0644\u0625\u0639\u0644\u0627\u0646\u064a\u0629 \u0628\u0634\u0643\u0644 \u0645\u0646\u0638\u0645 \u0648\u062c\u0630\u0627\u0628.","availability":"IN_STOCK","sale_price":690,"on_sale":false}],"content_type":"product","currency":"SAR","value":690,"event_trigger_source":"WooCommerce"},"page":{"url":"http:\/\/mail.ibn-sinaa.com\/product\/pop-up-holder-3-parts\/"}}]}
 ajax: no
2025-01-07T00:06:29+00:00 DEBUG Tt4b_Mapi_Class::mapi_post: Response: 

HTTP/1.1 200 OK
Server: nginx
Content-Type: application/json
Content-Length: 92
X-Tt-Logid: 20250107000629AA70912C3FEA0BCB72BA
Server-Timing: inner; dur=28
x-tt-trace-host: 018e5a586174a888928d793bdac74b79b51a437ee89a1c03eb2011d034a2e3e9f5d2279a3ed4631672cc534b0a6cdf5dc4249520543322cc2821161387ecf5f8fe669758cc0467e2d6f28f06c8cfc1333874edb7e0272f39294495b1a6611878be
x-tt-trace-id: 00-250107000629AA70912C3FEA0BCB72BA-42D622D2609C65B7-00
Expires: Tue, 07 Jan 2025 00:06:29 GMT
Cache-Control: max-age=0, no-cache, no-store
Pragma: no-cache
Date: Tue, 07 Jan 2025 00:06:29 GMT
X-Cache: TCP_MISS from a95-101-134-92.deploy.akamaitechnologies.com (AkamaiGHost/11.7.2.1-9611f29bef89eba7b18045b10aa2af98) (-)
Connection: close
x-tt-trace-tag: id=16;cdn-cache=miss;type=dyn
Server-Timing: cdn-cache; desc=MISS, edge; dur=2, origin; dur=108
X-Origin-Response-Time: 109,95.101.134.92
X-Akamai-Request-ID: af530e5

{"code": 0, "message": "OK", "request_id": "20250107000629AA70912C3FEA0BCB72BA", "data": {}}
2025-01-07T00:06:33+00:00 DEBUG POST: https://business-api.tiktok.com/open_api/v1.3/event/track/

{"partner_name":"WooCommerce","event_source":"web","event_source_id":"CSM79Q3C77UAG1T340I0","data":[{"event":"Pageview","event_id":"677c7009309e5_tt4b_woocommerce_670666209cf1f","event_time":1736208393,"user":{"ip":"93.158.213.25","user_agent":"Mozilla\/5.0 (compatible; MJ12bot\/v1.4.8; http:\/\/mj12bot.com\/)","locale":"ar","external_id":"0","email":"e3b0c44298fc1c149afbf4c8996fb92427ae41e4649b934ca495991b7852b855","phone_number":"e3b0c44298fc1c149afbf4c8996fb92427ae41e4649b934ca495991b7852b855","first_name":"e3b0c44298fc1c149afbf4c8996fb92427ae41e4649b934ca495991b7852b855","last_name":"e3b0c44298fc1c149afbf4c8996fb92427ae41e4649b934ca495991b7852b855","zip_code":"e3b0c44298fc1c149afbf4c8996fb92427ae41e4649b934ca495991b7852b855"},"page":{"url":"http:\/\/mail.ibn-sinaa.com\/product\/%D8%A8%D9%88%D8%A8-%D8%A7%D8%A8-%D8%AD%D8%A7%D9%85%D9%84-3-%D8%A7%D8%AC%D8%B2%D8%A7%D8%A1\/feed\/"}}]}
 ajax: no
2025-01-07T00:06:33+00:00 DEBUG Tt4b_Mapi_Class::mapi_post: Response: 

HTTP/1.1 200 OK
Server: nginx
Content-Type: application/json
Content-Length: 92
X-Tt-Logid: 2025010700063340F3D28ABA86E541C615
Server-Timing: inner; dur=28
x-tt-trace-host: 018e5a586174a888928d793bdac74b79b520593bf434961dbceff88e4b17f9a1566153a58a2dce3280890bb821a90bb535c4123774198c3ccc4698b0708fb60aff295cb44d0162b7777fa790003e6027a33b8f67ece045513bee6878886517075a
x-tt-trace-id: 00-25010700063340F3D28ABA86E541C615-713A0F1359E6BFCC-00
Expires: Tue, 07 Jan 2025 00:06:33 GMT
Cache-Control: max-age=0, no-cache, no-store
Pragma: no-cache
Date: Tue, 07 Jan 2025 00:06:33 GMT
X-Cache: TCP_MISS from a95-101-134-116.deploy.akamaitechnologies.com (AkamaiGHost/11.7.2.1-9611f29bef89eba7b18045b10aa2af98) (-)
Connection: close
x-tt-trace-tag: id=16;cdn-cache=miss;type=dyn
Server-Timing: cdn-cache; desc=MISS, edge; dur=0, origin; dur=111
X-Origin-Response-Time: 111,95.101.134.116
X-Akamai-Request-ID: a7d8747

{"code": 0, "message": "OK", "request_id": "2025010700063340F3D28ABA86E541C615", "data": {}}
2025-01-07T00:06:41+00:00 DEBUG POST: https://business-api.tiktok.com/open_api/v1.3/event/track/

{"partner_name":"WooCommerce","event_source":"web","event_source_id":"CSM79Q3C77UAG1T340I0","data":[{"event":"Pageview","event_id":"677c701186911_tt4b_woocommerce_670666209cf1f","event_time":1736208401,"user":{"ip":"93.158.213.25","user_agent":"Mozilla\/5.0 (compatible; MJ12bot\/v1.4.8; http:\/\/mj12bot.com\/)","locale":"ar","external_id":"0","email":"e3b0c44298fc1c149afbf4c8996fb92427ae41e4649b934ca495991b7852b855","phone_number":"e3b0c44298fc1c149afbf4c8996fb92427ae41e4649b934ca495991b7852b855","first_name":"e3b0c44298fc1c149afbf4c8996fb92427ae41e4649b934ca495991b7852b855","last_name":"e3b0c44298fc1c149afbf4c8996fb92427ae41e4649b934ca495991b7852b855","zip_code":"e3b0c44298fc1c149afbf4c8996fb92427ae41e4649b934ca495991b7852b855"},"page":{"url":"http:\/\/mail.ibn-sinaa.com\/product\/%D8%A8%D9%88%D8%A8-%D8%A7%D8%A8-%D9%85%D8%B3%D8%AA%D9%82%D9%8A%D9%85\/feed\/"}}]}
 ajax: no
2025-01-07T00:06:41+00:00 DEBUG Tt4b_Mapi_Class::mapi_post: Response: 

HTTP/1.1 200 OK
Server: nginx
Content-Type: application/json
Content-Length: 92
X-Tt-Logid: 202501070006414F0F006E0D1FE0454F24
Server-Timing: inner; dur=34
x-tt-trace-host: 018e5a586174a888928d793bdac74b79b520593bf434961dbceff88e4b17f9a156c517c495591f67d0e67ccbdc696181554be2092395714ac37da6177052aaffb2075eebfe12f5ee9fba373d56df3f670ce7983f9a2c72100b5e28c10a4628f943
x-tt-trace-id: 00-2501070006414F0F006E0D1FE0454F24-5714BFC176A2E512-00
Expires: Tue, 07 Jan 2025 00:06:41 GMT
Cache-Control: max-age=0, no-cache, no-store
Pragma: no-cache
Date: Tue, 07 Jan 2025 00:06:41 GMT
X-Cache: TCP_MISS from a95-101-134-116.deploy.akamaitechnologies.com (AkamaiGHost/11.7.2.1-9611f29bef89eba7b18045b10aa2af98) (-)
Connection: close
x-tt-trace-tag: id=16;cdn-cache=miss;type=dyn
Server-Timing: cdn-cache; desc=MISS, edge; dur=0, origin; dur=114
X-Origin-Response-Time: 114,95.101.134.116
X-Akamai-Request-ID: a7dc346

{"code": 0, "message": "OK", "request_id": "202501070006414F0F006E0D1FE0454F24", "data": {}}
2025-01-07T00:06:50+00:00 DEBUG POST: https://business-api.tiktok.com/open_api/v1.3/event/track/

{"partner_name":"WooCommerce","event_source":"web","event_source_id":"CSM79Q3C77UAG1T340I0","data":[{"event":"Pageview","event_id":"677c701a13fac_tt4b_woocommerce_670666209cf1f","event_time":1736208410,"user":{"ip":"93.158.213.25","user_agent":"Mozilla\/5.0 (compatible; MJ12bot\/v1.4.8; http:\/\/mj12bot.com\/)","locale":"ar","external_id":"0","email":"e3b0c44298fc1c149afbf4c8996fb92427ae41e4649b934ca495991b7852b855","phone_number":"e3b0c44298fc1c149afbf4c8996fb92427ae41e4649b934ca495991b7852b855","first_name":"e3b0c44298fc1c149afbf4c8996fb92427ae41e4649b934ca495991b7852b855","last_name":"e3b0c44298fc1c149afbf4c8996fb92427ae41e4649b934ca495991b7852b855","zip_code":"e3b0c44298fc1c149afbf4c8996fb92427ae41e4649b934ca495991b7852b855"},"page":{"url":"http:\/\/mail.ibn-sinaa.com\/product\/%D8%AA%D8%A7%D9%82%D8%A7%D8%AA\/feed\/"}}]}
 ajax: no
2025-01-07T00:06:50+00:00 DEBUG Tt4b_Mapi_Class::mapi_post: Response: 

HTTP/1.1 200 OK
Server: nginx
Content-Type: application/json
Content-Length: 92
X-Tt-Logid: 2025010700065096D9265F2359BCD92C37
Server-Timing: inner; dur=27
x-tt-trace-host: 018e5a586174a888928d793bdac74b79b520593bf434961dbceff88e4b17f9a1560b82f28f58a151f064d42c8c727140307a1e69f6338a1521c161fa540603d6789f960feeef230b3653ce3fc773fdcf172132c87f837039b416191b7b665b1685
x-tt-trace-id: 00-25010700065096D9265F2359BCD92C37-7B18AC3824F063C0-00
Expires: Tue, 07 Jan 2025 00:06:50 GMT
Cache-Control: max-age=0, no-cache, no-store
Pragma: no-cache
Date: Tue, 07 Jan 2025 00:06:50 GMT
X-Cache: TCP_MISS from a95-101-134-116.deploy.akamaitechnologies.com (AkamaiGHost/11.7.2.1-9611f29bef89eba7b18045b10aa2af98) (-)
Connection: close
x-tt-trace-tag: id=16;cdn-cache=miss;type=dyn
Server-Timing: cdn-cache; desc=MISS, edge; dur=1, origin; dur=106
X-Origin-Response-Time: 107,95.101.134.116
X-Akamai-Request-ID: a7dffb8

{"code": 0, "message": "OK", "request_id": "2025010700065096D9265F2359BCD92C37", "data": {}}
2025-01-07T00:07:01+00:00 DEBUG POST: https://business-api.tiktok.com/open_api/v1.3/event/track/

{"partner_name":"WooCommerce","event_source":"web","event_source_id":"CSM79Q3C77UAG1T340I0","data":[{"event":"Pageview","event_id":"677c702533bd1_tt4b_woocommerce_670666209cf1f","event_time":1736208421,"user":{"ip":"93.158.213.25","user_agent":"Mozilla\/5.0 (compatible; MJ12bot\/v1.4.8; http:\/\/mj12bot.com\/)","locale":"ar","external_id":"0","email":"e3b0c44298fc1c149afbf4c8996fb92427ae41e4649b934ca495991b7852b855","phone_number":"e3b0c44298fc1c149afbf4c8996fb92427ae41e4649b934ca495991b7852b855","first_name":"e3b0c44298fc1c149afbf4c8996fb92427ae41e4649b934ca495991b7852b855","last_name":"e3b0c44298fc1c149afbf4c8996fb92427ae41e4649b934ca495991b7852b855","zip_code":"e3b0c44298fc1c149afbf4c8996fb92427ae41e4649b934ca495991b7852b855"},"page":{"url":"http:\/\/mail.ibn-sinaa.com\/product\/black-acrylic-calendar-with-wood\/"}}]}
 ajax: no
2025-01-07T00:07:01+00:00 DEBUG Tt4b_Mapi_Class::mapi_post: Response: 

HTTP/1.1 200 OK
Server: nginx
Content-Type: application/json
Content-Length: 92
X-Tt-Logid: 202501070007014E9E34193CA6F9769F4A
Server-Timing: inner; dur=29
x-tt-trace-host: 018e5a586174a888928d793bdac74b79b520593bf434961dbceff88e4b17f9a156bca4a190dc1eaa156c2126a787953f30b9e32fec6f568e25c521ad28d9d12abdec3df165cc7f71e66ab3a397d7372e6c26778549b8bb30cf16075aaa666392b5
x-tt-trace-id: 00-2501070007014E9E34193CA6F9769F4A-40C30B9A400ADF9A-00
Expires: Tue, 07 Jan 2025 00:07:01 GMT
Cache-Control: max-age=0, no-cache, no-store
Pragma: no-cache
Date: Tue, 07 Jan 2025 00:07:01 GMT
X-Cache: TCP_MISS from a95-101-134-116.deploy.akamaitechnologies.com (AkamaiGHost/11.7.2.1-9611f29bef89eba7b18045b10aa2af98) (-)
Connection: close
x-tt-trace-tag: id=16;cdn-cache=miss;type=dyn
Server-Timing: cdn-cache; desc=MISS, edge; dur=0, origin; dur=112
X-Origin-Response-Time: 112,95.101.134.116
X-Akamai-Request-ID: a7e54ba

{"code": 0, "message": "OK", "request_id": "202501070007014E9E34193CA6F9769F4A", "data": {}}
2025-01-07T00:07:01+00:00 DEBUG Tt4b_Pixel_Class::inject_view_content_event: hit ViewContent
2025-01-07T00:07:01+00:00 DEBUG POST: https://business-api.tiktok.com/open_api/v1.3/event/track/

{"partner_name":"WooCommerce","event_source":"web","event_source_id":"CSM79Q3C77UAG1T340I0","data":[{"event":"ViewContent","event_id":"677c70256c5bd_tt4b_woocommerce_670666209cf1f_4428","event_time":1736208421,"user":{"ip":"93.158.213.25","user_agent":"Mozilla\/5.0 (compatible; MJ12bot\/v1.4.8; http:\/\/mj12bot.com\/)","locale":"ar","external_id":"0","email":"e3b0c44298fc1c149afbf4c8996fb92427ae41e4649b934ca495991b7852b855","phone_number":"e3b0c44298fc1c149afbf4c8996fb92427ae41e4649b934ca495991b7852b855","first_name":"e3b0c44298fc1c149afbf4c8996fb92427ae41e4649b934ca495991b7852b855","last_name":"e3b0c44298fc1c149afbf4c8996fb92427ae41e4649b934ca495991b7852b855","zip_code":"e3b0c44298fc1c149afbf4c8996fb92427ae41e4649b934ca495991b7852b855"},"properties":{"contents":[{"price":180,"quantity":1,"content_id":"4428","content_name":"\u062a\u0642\u0648\u064a\u0645 \u0627\u0643\u0631\u064a\u0644\u064a\u0643 \u0627\u0633\u0648\u062f \u0645\u0639 \u062e\u0634\u0628","description":"\u062a\u0642\u0648\u064a\u0645 \u0623\u0643\u0631\u064a\u0644\u064a\u0643 \u0627\u0633\u0648\u062f \u0645\u0639 \u062e\u0634\u0628: \u062a\u0635\u0645\u064a\u0645 \u0639\u0635\u0631\u064a \u0648\u0623\u0646\u064a\u0642\u060c \u0645\u0635\u0646\u0648\u0639 \u0645\u0646 \u0627\u0644\u0623\u0643\u0631\u064a\u0644\u064a\u0643 \u0627\u0644\u0645\u062a\u064a\u0646 \u0628\u0648\u0636\u0648\u062d \u0627\u0633\u062a\u062b\u0646\u0627\u0626\u064a \u0644\u0644\u0643\u062a\u0627\u0628\u0629 \u0648\u0627\u0644\u0631\u0624\u064a\u0629\u060c \u064a\u0636\u064a\u0641 \u0644\u0645\u0633\u0629 \u0645\u0646 \u0627\u0644\u0641\u062e\u0627\u0645\u0629 \u0648\u0627\u0644\u062a\u0646\u0638\u064a\u0645 \u0644\u0645\u0643\u062a\u0628\u0643. \u0645\u062b\u0627\u0644\u064a \u0644\u062a\u0646\u0638\u064a\u0645 \u0627\u0644\u0645\u0648\u0627\u0639\u064a\u062f \u0648\u0627\u0644\u0627\u062c\u062a\u0645\u0627\u0639\u0627\u062a\u060c \u0648\u064a\u0636\u0641\u064a \u062c\u0627\u0630\u0628\u064a\u0629 \u0639\u0644\u0649 \u0645\u0633\u0627\u062d\u0629 \u0627\u0644\u0639\u0645\u0644 \u0627\u0644\u062e\u0627\u0635\u0629 \u0628\u0643.","availability":"IN_STOCK","sale_price":180,"on_sale":false}],"content_type":"product","currency":"SAR","value":180,"event_trigger_source":"WooCommerce"},"page":{"url":"http:\/\/mail.ibn-sinaa.com\/product\/black-acrylic-calendar-with-wood\/"}}]}
 ajax: no
2025-01-07T00:07:01+00:00 DEBUG Tt4b_Mapi_Class::mapi_post: Response: 

HTTP/1.1 200 OK
Server: nginx
Content-Type: application/json
Content-Length: 92
X-Tt-Logid: 20250107000701DFFCD9DD4E727B0A4D85
x-tt-trace-host: 018e5a586174a888928d793bdac74b79b56517d7628cf0ffdff56b078ad2cf5615ab3762e5e2edff9248b6d5d9d43c5a07490bac1f061d436bc39fca24e2f23d13bac57c37fb2aba7cf5cf1f325fa23d868f80c8230c1679140b269b161b0a010bce63b244801e86372fc0a11e3c3d4552
x-tt-trace-id: 00-250107000701DFFCD9DD4E727B0A4D85-2A756B0970694485-00
X-Origin-Response-Time: 39,23.60.159.135
X-Akamai-Request-ID: 4244ad3.af6bbc9
Expires: Tue, 07 Jan 2025 00:07:01 GMT
Cache-Control: max-age=0, no-cache, no-store
Pragma: no-cache
Date: Tue, 07 Jan 2025 00:07:01 GMT
X-Cache: TCP_MISS from a95-101-134-92.deploy.akamaitechnologies.com (AkamaiGHost/11.7.2.1-9611f29bef89eba7b18045b10aa2af98) (-)
Connection: close
X-Cache-Remote: TCP_MISS from a23-60-159-135.deploy.akamaitechnologies.com (AkamaiGHost/11.7.2.1-9611f29bef89eba7b18045b10aa2af98) (-)
x-tt-trace-tag: id=16;cdn-cache=miss;type=dyn
Server-Timing: cdn-cache; desc=MISS, edge; dur=86, origin; dur=39
Server-Timing: inner; dur=21
X-Parent-Response-Time: 125,95.101.134.92

{"code": 0, "message": "OK", "request_id": "20250107000701DFFCD9DD4E727B0A4D85", "data": {}}
2025-01-07T00:07:08+00:00 DEBUG POST: https://business-api.tiktok.com/open_api/v1.3/event/track/

{"partner_name":"WooCommerce","event_source":"web","event_source_id":"CSM79Q3C77UAG1T340I0","data":[{"event":"Pageview","event_id":"677c702c3a078_tt4b_woocommerce_670666209cf1f","event_time":1736208428,"user":{"ip":"93.158.213.25","user_agent":"Mozilla\/5.0 (compatible; MJ12bot\/v1.4.8; http:\/\/mj12bot.com\/)","locale":"ar","external_id":"0","email":"e3b0c44298fc1c149afbf4c8996fb92427ae41e4649b934ca495991b7852b855","phone_number":"e3b0c44298fc1c149afbf4c8996fb92427ae41e4649b934ca495991b7852b855","first_name":"e3b0c44298fc1c149afbf4c8996fb92427ae41e4649b934ca495991b7852b855","last_name":"e3b0c44298fc1c149afbf4c8996fb92427ae41e4649b934ca495991b7852b855","zip_code":"e3b0c44298fc1c149afbf4c8996fb92427ae41e4649b934ca495991b7852b855"},"page":{"url":"http:\/\/mail.ibn-sinaa.com\/product\/acrylic-calendar-with-wooden-pocket\/"}}]}
 ajax: no
2025-01-07T00:07:08+00:00 DEBUG Tt4b_Mapi_Class::mapi_post: Response: 

HTTP/1.1 200 OK
Server: nginx
Content-Type: application/json
Content-Length: 92
X-Tt-Logid: 202501070007084E9E34193CA6F976A19D
Server-Timing: inner; dur=36
x-tt-trace-host: 018e5a586174a888928d793bdac74b79b520593bf434961dbceff88e4b17f9a156bca4a190dc1eaa156c2126a787953f301abf82f64aae64e6d9be5fc6ee24929e48dcc6f6558857d90edc6bf720b35f2533a054afc961dba6790edcd00f09521a
x-tt-trace-id: 00-2501070007084E9E34193CA6F976A19D-3DD4DF9790465660-00
Expires: Tue, 07 Jan 2025 00:07:08 GMT
Cache-Control: max-age=0, no-cache, no-store
Pragma: no-cache
Date: Tue, 07 Jan 2025 00:07:08 GMT
X-Cache: TCP_MISS from a95-101-134-116.deploy.akamaitechnologies.com (AkamaiGHost/11.7.2.1-9611f29bef89eba7b18045b10aa2af98) (-)
Connection: close
x-tt-trace-tag: id=16;cdn-cache=miss;type=dyn
Server-Timing: cdn-cache; desc=MISS, edge; dur=0, origin; dur=120
X-Origin-Response-Time: 120,95.101.134.116
X-Akamai-Request-ID: a7e8902

{"code": 0, "message": "OK", "request_id": "202501070007084E9E34193CA6F976A19D", "data": {}}
2025-01-07T00:07:08+00:00 DEBUG Tt4b_Pixel_Class::inject_view_content_event: hit ViewContent
2025-01-07T00:07:08+00:00 DEBUG POST: https://business-api.tiktok.com/open_api/v1.3/event/track/

{"partner_name":"WooCommerce","event_source":"web","event_source_id":"CSM79Q3C77UAG1T340I0","data":[{"event":"ViewContent","event_id":"677c702c735ba_tt4b_woocommerce_670666209cf1f_4426","event_time":1736208428,"user":{"ip":"93.158.213.25","user_agent":"Mozilla\/5.0 (compatible; MJ12bot\/v1.4.8; http:\/\/mj12bot.com\/)","locale":"ar","external_id":"0","email":"e3b0c44298fc1c149afbf4c8996fb92427ae41e4649b934ca495991b7852b855","phone_number":"e3b0c44298fc1c149afbf4c8996fb92427ae41e4649b934ca495991b7852b855","first_name":"e3b0c44298fc1c149afbf4c8996fb92427ae41e4649b934ca495991b7852b855","last_name":"e3b0c44298fc1c149afbf4c8996fb92427ae41e4649b934ca495991b7852b855","zip_code":"e3b0c44298fc1c149afbf4c8996fb92427ae41e4649b934ca495991b7852b855"},"properties":{"contents":[{"price":180,"quantity":1,"content_id":"4426","content_name":"\u062a\u0642\u0648\u064a\u0645 \u0627\u0643\u0631\u064a\u0644\u064a\u0643 \u0645\u0639 \u062c\u064a\u0628 \u062e\u0634\u0628","description":"\u062a\u0642\u0648\u064a\u0645 \u0623\u0643\u0631\u064a\u0644\u064a\u0643 \u0645\u0639 \u062c\u064a\u0628 \u062e\u0634\u0628: \u062a\u0635\u0645\u064a\u0645 \u0639\u0635\u0631\u064a \u0648\u0623\u0646\u064a\u0642\u060c \u0645\u0635\u0646\u0648\u0639 \u0645\u0646 \u0627\u0644\u0623\u0643\u0631\u064a\u0644\u064a\u0643 \u0627\u0644\u0645\u062a\u064a\u0646 \u0628\u0648\u0636\u0648\u062d \u0627\u0633\u062a\u062b\u0646\u0627\u0626\u064a \u0644\u0644\u0643\u062a\u0627\u0628\u0629 \u0648\u0627\u0644\u0631\u0624\u064a\u0629\u060c \u064a\u0636\u064a\u0641 \u0644\u0645\u0633\u0629 \u0645\u0646 \u0627\u0644\u0641\u062e\u0627\u0645\u0629 \u0648\u0627\u0644\u062a\u0646\u0638\u064a\u0645 \u0644\u0645\u0643\u062a\u0628\u0643. \u0645\u062b\u0627\u0644\u064a \u0644\u062a\u0646\u0638\u064a\u0645 \u0627\u0644\u0645\u0648\u0627\u0639\u064a\u062f \u0648\u0627\u0644\u0627\u062c\u062a\u0645\u0627\u0639\u0627\u062a\u060c \u0648\u064a\u0636\u0641\u064a \u062c\u0627\u0630\u0628\u064a\u0629 \u0639\u0644\u0649 \u0645\u0633\u0627\u062d\u0629 \u0627\u0644\u0639\u0645\u0644 \u0627\u0644\u062e\u0627\u0635\u0629 \u0628\u0643.","availability":"IN_STOCK","sale_price":180,"on_sale":false}],"content_type":"product","currency":"SAR","value":180,"event_trigger_source":"WooCommerce"},"page":{"url":"http:\/\/mail.ibn-sinaa.com\/product\/acrylic-calendar-with-wooden-pocket\/"}}]}
 ajax: no
2025-01-07T00:07:08+00:00 DEBUG Tt4b_Mapi_Class::mapi_post: Response: 

HTTP/1.1 200 OK
Server: nginx
Content-Type: application/json
Content-Length: 92
X-Tt-Logid: 202501070007082394A177277041D55010
x-tt-trace-host: 018e5a586174a888928d793bdac74b79b56517d7628cf0ffdff56b078ad2cf5615b8011fd580845089311dcf3124a8dff59d0c2fdb223eac55d19c6b1fdada15775dffd27b41754dc6cc7717937fd4f4a1f23def4c19d0ebb83adb39d4f8ad08e7c29a1f16cc0b49c4e36fb151d373cd3e
x-tt-trace-id: 00-2501070007082394A177277041D55010-32AB4EE88ECFD038-00
X-Origin-Response-Time: 81,23.52.15.170
X-Akamai-Request-ID: 950a824d.af71caf
Expires: Tue, 07 Jan 2025 00:07:08 GMT
Cache-Control: max-age=0, no-cache, no-store
Pragma: no-cache
Date: Tue, 07 Jan 2025 00:07:08 GMT
X-Cache: TCP_MISS from a95-101-134-92.deploy.akamaitechnologies.com (AkamaiGHost/11.7.2.1-9611f29bef89eba7b18045b10aa2af98) (-)
Connection: close
X-Cache-Remote: TCP_MISS from a23-52-15-170.deploy.akamaitechnologies.com (AkamaiGHost/11.7.2.1-9611f29bef89eba7b18045b10aa2af98) (-)
x-tt-trace-tag: id=16;cdn-cache=miss;type=dyn
Server-Timing: cdn-cache; desc=MISS, edge; dur=80, origin; dur=81
Server-Timing: inner; dur=77
X-Parent-Response-Time: 161,95.101.134.92

{"code": 0, "message": "OK", "request_id": "202501070007082394A177277041D55010", "data": {}}
2025-01-07T00:07:15+00:00 DEBUG POST: https://business-api.tiktok.com/open_api/v1.3/event/track/

{"partner_name":"WooCommerce","event_source":"web","event_source_id":"CSM79Q3C77UAG1T340I0","data":[{"event":"Pageview","event_id":"677c703320a7c_tt4b_woocommerce_670666209cf1f","event_time":1736208435,"user":{"ip":"93.158.213.25","user_agent":"Mozilla\/5.0 (compatible; MJ12bot\/v1.4.8; http:\/\/mj12bot.com\/)","locale":"ar","external_id":"0","email":"e3b0c44298fc1c149afbf4c8996fb92427ae41e4649b934ca495991b7852b855","phone_number":"e3b0c44298fc1c149afbf4c8996fb92427ae41e4649b934ca495991b7852b855","first_name":"e3b0c44298fc1c149afbf4c8996fb92427ae41e4649b934ca495991b7852b855","last_name":"e3b0c44298fc1c149afbf4c8996fb92427ae41e4649b934ca495991b7852b855","zip_code":"e3b0c44298fc1c149afbf4c8996fb92427ae41e4649b934ca495991b7852b855"},"page":{"url":"http:\/\/mail.ibn-sinaa.com\/product\/acrylic-calendar-with-mobile-holder\/"}}]}
 ajax: no
2025-01-07T00:07:15+00:00 DEBUG Tt4b_Mapi_Class::mapi_post: Response: 

HTTP/1.1 200 OK
Server: nginx
Content-Type: application/json
Content-Length: 92
X-Tt-Logid: 2025010700071591231AE3D23548E87D36
Server-Timing: inner; dur=29
x-tt-trace-host: 018e5a586174a888928d793bdac74b79b51a437ee89a1c03eb2011d034a2e3e9f522deb0abb46d1688a08744e1aeb29b29646132cf3598d77b6793323b232c30b576ddaa123a01390038067b5cc20a3d4e7fad4855513ac2d33ab85c151983663b
x-tt-trace-id: 00-25010700071591231AE3D23548E87D36-27FFCEE76B8223F6-00
Expires: Tue, 07 Jan 2025 00:07:15 GMT
Cache-Control: max-age=0, no-cache, no-store
Pragma: no-cache
Date: Tue, 07 Jan 2025 00:07:15 GMT
X-Cache: TCP_MISS from a95-101-134-92.deploy.akamaitechnologies.com (AkamaiGHost/11.7.2.1-9611f29bef89eba7b18045b10aa2af98) (-)
Connection: close
x-tt-trace-tag: id=16;cdn-cache=miss;type=dyn
Server-Timing: cdn-cache; desc=MISS, edge; dur=1, origin; dur=111
X-Origin-Response-Time: 112,95.101.134.92
X-Akamai-Request-ID: af77574

{"code": 0, "message": "OK", "request_id": "2025010700071591231AE3D23548E87D36", "data": {}}
2025-01-07T00:07:15+00:00 DEBUG Tt4b_Pixel_Class::inject_view_content_event: hit ViewContent
2025-01-07T00:07:15+00:00 DEBUG POST: https://business-api.tiktok.com/open_api/v1.3/event/track/

{"partner_name":"WooCommerce","event_source":"web","event_source_id":"CSM79Q3C77UAG1T340I0","data":[{"event":"ViewContent","event_id":"677c70335722c_tt4b_woocommerce_670666209cf1f_4430","event_time":1736208435,"user":{"ip":"93.158.213.25","user_agent":"Mozilla\/5.0 (compatible; MJ12bot\/v1.4.8; http:\/\/mj12bot.com\/)","locale":"ar","external_id":"0","email":"e3b0c44298fc1c149afbf4c8996fb92427ae41e4649b934ca495991b7852b855","phone_number":"e3b0c44298fc1c149afbf4c8996fb92427ae41e4649b934ca495991b7852b855","first_name":"e3b0c44298fc1c149afbf4c8996fb92427ae41e4649b934ca495991b7852b855","last_name":"e3b0c44298fc1c149afbf4c8996fb92427ae41e4649b934ca495991b7852b855","zip_code":"e3b0c44298fc1c149afbf4c8996fb92427ae41e4649b934ca495991b7852b855"},"properties":{"contents":[{"price":230,"quantity":1,"content_id":"4430","content_name":"\u062a\u0642\u0648\u064a\u0645 \u0627\u0643\u0631\u064a\u0644\u064a\u0643 \u0645\u0639 \u062d\u0627\u0645\u0644 \u0645\u0648\u0628\u0627\u064a\u0644","description":"\u062a\u0642\u0648\u064a\u0645 \u0623\u0643\u0631\u064a\u0644\u064a\u0643 \u0645\u0639 \u062d\u0627\u0645\u0644 \u0645\u0648\u0628\u0627\u064a\u0644: \u062a\u0635\u0645\u064a\u0645 \u0639\u0635\u0631\u064a \u0648\u0623\u0646\u064a\u0642\u060c \u0645\u0635\u0646\u0648\u0639 \u0645\u0646 \u0627\u0644\u0623\u0643\u0631\u064a\u0644\u064a\u0643 \u0627\u0644\u0645\u062a\u064a\u0646 \u0628\u0648\u0636\u0648\u062d \u0627\u0633\u062a\u062b\u0646\u0627\u0626\u064a \u0644\u0644\u0643\u062a\u0627\u0628\u0629 \u0648\u0627\u0644\u0631\u0624\u064a\u0629\u060c \u064a\u0636\u064a\u0641 \u0644\u0645\u0633\u0629 \u0645\u0646 \u0627\u0644\u0641\u062e\u0627\u0645\u0629 \u0648\u0627\u0644\u062a\u0646\u0638\u064a\u0645 \u0644\u0645\u0643\u062a\u0628\u0643. \u0645\u062b\u0627\u0644\u064a \u0644\u062a\u0646\u0638\u064a\u0645 \u0627\u0644\u0645\u0648\u0627\u0639\u064a\u062f \u0648\u0627\u0644\u0627\u062c\u062a\u0645\u0627\u0639\u0627\u062a\u060c \u0648\u064a\u0636\u0641\u064a \u062c\u0627\u0630\u0628\u064a\u0629 \u0639\u0644\u0649 \u0645\u0633\u0627\u062d\u0629 \u0627\u0644\u0639\u0645\u0644 \u0627\u0644\u062e\u0627\u0635\u0629 \u0628\u0643.","availability":"IN_STOCK","sale_price":230,"on_sale":false}],"content_type":"product","currency":"SAR","value":230,"event_trigger_source":"WooCommerce"},"page":{"url":"http:\/\/mail.ibn-sinaa.com\/product\/acrylic-calendar-with-mobile-holder\/"}}]}
 ajax: no
2025-01-07T00:07:15+00:00 DEBUG Tt4b_Mapi_Class::mapi_post: Response: 

HTTP/1.1 200 OK
Server: nginx
Content-Type: application/json
Content-Length: 92
X-Tt-Logid: 2025010700071503E8AF8DCC18EBC79FF5
Server-Timing: inner; dur=22
x-tt-trace-host: 018e5a586174a888928d793bdac74b79b520593bf434961dbceff88e4b17f9a1569e3ded50cffa8189fb5c667bde4f88fd6db33a1732508b57bb5cebe6af31f7870badced7c2a5c2fcccc3f6c5df3643822d9e1c3ba06f04c4df972e65915dcd11
x-tt-trace-id: 00-25010700071503E8AF8DCC18EBC79FF5-1BF09D371F4683D4-00
Expires: Tue, 07 Jan 2025 00:07:15 GMT
Cache-Control: max-age=0, no-cache, no-store
Pragma: no-cache
Date: Tue, 07 Jan 2025 00:07:15 GMT
X-Cache: TCP_MISS from a95-101-134-116.deploy.akamaitechnologies.com (AkamaiGHost/11.7.2.1-9611f29bef89eba7b18045b10aa2af98) (-)
Connection: close
x-tt-trace-tag: id=16;cdn-cache=miss;type=dyn
Server-Timing: cdn-cache; desc=MISS, edge; dur=0, origin; dur=103
X-Origin-Response-Time: 103,95.101.134.116
X-Akamai-Request-ID: a7ec05c

{"code": 0, "message": "OK", "request_id": "2025010700071503E8AF8DCC18EBC79FF5", "data": {}}
2025-01-07T00:07:19+00:00 DEBUG POST: https://business-api.tiktok.com/open_api/v1.3/event/track/

{"partner_name":"WooCommerce","event_source":"web","event_source_id":"CSM79Q3C77UAG1T340I0","data":[{"event":"Pageview","event_id":"677c7037a542c_tt4b_woocommerce_670666209cf1f","event_time":1736208439,"user":{"ip":"93.158.213.25","user_agent":"Mozilla\/5.0 (compatible; MJ12bot\/v1.4.8; http:\/\/mj12bot.com\/)","locale":"ar","external_id":"0","email":"e3b0c44298fc1c149afbf4c8996fb92427ae41e4649b934ca495991b7852b855","phone_number":"e3b0c44298fc1c149afbf4c8996fb92427ae41e4649b934ca495991b7852b855","first_name":"e3b0c44298fc1c149afbf4c8996fb92427ae41e4649b934ca495991b7852b855","last_name":"e3b0c44298fc1c149afbf4c8996fb92427ae41e4649b934ca495991b7852b855","zip_code":"e3b0c44298fc1c149afbf4c8996fb92427ae41e4649b934ca495991b7852b855"},"page":{"url":"http:\/\/mail.ibn-sinaa.com\/product\/%D8%B1%D8%A7%D9%8A%D8%A9-%D9%82%D9%88%D8%B3-%D9%82%D8%B2%D8%AD\/feed\/"}}]}
 ajax: no
2025-01-07T00:07:19+00:00 DEBUG Tt4b_Mapi_Class::mapi_post: Response: 

HTTP/1.1 200 OK
Server: nginx
Content-Type: application/json
Content-Length: 92
X-Tt-Logid: 20250107000719307B1E32E8BA1017266D
x-tt-trace-host: 018e5a586174a888928d793bdac74b79b56517d7628cf0ffdff56b078ad2cf561554089fec1bb040bfa00a8d9c3f64853f2500dd7b60540d467a6dab7cb44a19bffc86366ff078ebba28d59697972d3d330a2053e265993dc06ae45515f0bd24e853f1e5d89a47f6d5ec4099643149810d
x-tt-trace-id: 00-250107000719307B1E32E8BA1017266D-7E44618E829B9372-00
X-Origin-Response-Time: 32,23.218.219.22
X-Akamai-Request-ID: 1eb0341.af7b1a4
Expires: Tue, 07 Jan 2025 00:07:19 GMT
Cache-Control: max-age=0, no-cache, no-store
Pragma: no-cache
Date: Tue, 07 Jan 2025 00:07:19 GMT
X-Cache: TCP_MISS from a95-101-134-92.deploy.akamaitechnologies.com (AkamaiGHost/11.7.2.1-9611f29bef89eba7b18045b10aa2af98) (-)
Connection: close
X-Cache-Remote: TCP_MISS from a23-218-219-22.deploy.akamaitechnologies.com (AkamaiGHost/11.7.2.1-9611f29bef89eba7b18045b10aa2af98) (-)
x-tt-trace-tag: id=16;cdn-cache=miss;type=dyn
Server-Timing: cdn-cache; desc=MISS, edge; dur=83, origin; dur=31
Server-Timing: inner; dur=28
X-Parent-Response-Time: 114,95.101.134.92

{"code": 0, "message": "OK", "request_id": "20250107000719307B1E32E8BA1017266D", "data": {}}
2025-01-07T00:07:28+00:00 DEBUG POST: https://business-api.tiktok.com/open_api/v1.3/event/track/

{"partner_name":"WooCommerce","event_source":"web","event_source_id":"CSM79Q3C77UAG1T340I0","data":[{"event":"Pageview","event_id":"677c70400bb1c_tt4b_woocommerce_670666209cf1f","event_time":1736208448,"user":{"ip":"93.158.213.25","user_agent":"Mozilla\/5.0 (compatible; MJ12bot\/v1.4.8; http:\/\/mj12bot.com\/)","locale":"ar","external_id":"0","email":"e3b0c44298fc1c149afbf4c8996fb92427ae41e4649b934ca495991b7852b855","phone_number":"e3b0c44298fc1c149afbf4c8996fb92427ae41e4649b934ca495991b7852b855","first_name":"e3b0c44298fc1c149afbf4c8996fb92427ae41e4649b934ca495991b7852b855","last_name":"e3b0c44298fc1c149afbf4c8996fb92427ae41e4649b934ca495991b7852b855","zip_code":"e3b0c44298fc1c149afbf4c8996fb92427ae41e4649b934ca495991b7852b855"},"page":{"url":"http:\/\/mail.ibn-sinaa.com\/product\/%D8%B1%D9%88%D9%84-%D8%A7%D8%A8-%D8%A7%D9%83%D8%B3\/feed\/"}}]}
 ajax: no
2025-01-07T00:07:28+00:00 DEBUG Tt4b_Mapi_Class::mapi_post: Response: 

HTTP/1.1 200 OK
Server: nginx
Content-Type: application/json
Content-Length: 92
X-Tt-Logid: 202501070007285E7471D6FC04A2C4198D
Server-Timing: inner; dur=24
x-tt-trace-host: 018e5a586174a888928d793bdac74b79b520593bf434961dbceff88e4b17f9a156cbe93ab33a375be4a48c769669550f52be926a80f1223c38b25dd3cf4a5330070ef42ff9aa73c7f28de98a3dac89fd7b741eba974e59d55c198b7c720d62695d
x-tt-trace-id: 00-2501070007285E7471D6FC04A2C4198D-429F8B3C41EBA107-00
Expires: Tue, 07 Jan 2025 00:07:28 GMT
Cache-Control: max-age=0, no-cache, no-store
Pragma: no-cache
Date: Tue, 07 Jan 2025 00:07:28 GMT
X-Cache: TCP_MISS from a95-101-134-116.deploy.akamaitechnologies.com (AkamaiGHost/11.7.2.1-9611f29bef89eba7b18045b10aa2af98) (-)
Connection: close
x-tt-trace-tag: id=16;cdn-cache=miss;type=dyn
Server-Timing: cdn-cache; desc=MISS, edge; dur=0, origin; dur=107
X-Origin-Response-Time: 107,95.101.134.116
X-Akamai-Request-ID: a7f233d

{"code": 0, "message": "OK", "request_id": "202501070007285E7471D6FC04A2C4198D", "data": {}}
2025-01-07T00:07:34+00:00 DEBUG POST: https://business-api.tiktok.com/open_api/v1.3/event/track/

{"partner_name":"WooCommerce","event_source":"web","event_source_id":"CSM79Q3C77UAG1T340I0","data":[{"event":"Pageview","event_id":"677c7046bd5b5_tt4b_woocommerce_670666209cf1f","event_time":1736208454,"user":{"ip":"93.158.213.25","user_agent":"Mozilla\/5.0 (compatible; MJ12bot\/v1.4.8; http:\/\/mj12bot.com\/)","locale":"ar","external_id":"0","email":"e3b0c44298fc1c149afbf4c8996fb92427ae41e4649b934ca495991b7852b855","phone_number":"e3b0c44298fc1c149afbf4c8996fb92427ae41e4649b934ca495991b7852b855","first_name":"e3b0c44298fc1c149afbf4c8996fb92427ae41e4649b934ca495991b7852b855","last_name":"e3b0c44298fc1c149afbf4c8996fb92427ae41e4649b934ca495991b7852b855","zip_code":"e3b0c44298fc1c149afbf4c8996fb92427ae41e4649b934ca495991b7852b855"},"page":{"url":"http:\/\/mail.ibn-sinaa.com\/product\/roll-up-deluxe\/"}}]}
 ajax: no
2025-01-07T00:07:34+00:00 DEBUG Tt4b_Mapi_Class::mapi_post: Response: 

HTTP/1.1 200 OK
Server: nginx
Content-Type: application/json
Content-Length: 92
X-Tt-Logid: 202501070007345C775F7F0438F9C337CF
Server-Timing: inner; dur=30
x-tt-trace-host: 018e5a586174a888928d793bdac74b79b51a437ee89a1c03eb2011d034a2e3e9f5c6c634c758015a730d6b16cf8028eb14fe643ce445a0fb50d6b1e37f8fb39a14002668251143f0980fbc115ea57ac63a98e86c4fbb8f7d2b39a0ce717400971c
x-tt-trace-id: 00-2501070007345C775F7F0438F9C337CF-5764D98332BA6561-00
Expires: Tue, 07 Jan 2025 00:07:34 GMT
Cache-Control: max-age=0, no-cache, no-store
Pragma: no-cache
Date: Tue, 07 Jan 2025 00:07:34 GMT
X-Cache: TCP_MISS from a95-101-134-92.deploy.akamaitechnologies.com (AkamaiGHost/11.7.2.1-9611f29bef89eba7b18045b10aa2af98) (-)
Connection: close
x-tt-trace-tag: id=16;cdn-cache=miss;type=dyn
Server-Timing: cdn-cache; desc=MISS, edge; dur=1, origin; dur=113
X-Origin-Response-Time: 114,95.101.134.92
X-Akamai-Request-ID: af87992

{"code": 0, "message": "OK", "request_id": "202501070007345C775F7F0438F9C337CF", "data": {}}
2025-01-07T00:07:34+00:00 DEBUG Tt4b_Pixel_Class::inject_view_content_event: hit ViewContent
2025-01-07T00:07:34+00:00 DEBUG POST: https://business-api.tiktok.com/open_api/v1.3/event/track/

{"partner_name":"WooCommerce","event_source":"web","event_source_id":"CSM79Q3C77UAG1T340I0","data":[{"event":"ViewContent","event_id":"677c7046f3cc9_tt4b_woocommerce_670666209cf1f_4277","event_time":1736208454,"user":{"ip":"93.158.213.25","user_agent":"Mozilla\/5.0 (compatible; MJ12bot\/v1.4.8; http:\/\/mj12bot.com\/)","locale":"ar","external_id":"0","email":"e3b0c44298fc1c149afbf4c8996fb92427ae41e4649b934ca495991b7852b855","phone_number":"e3b0c44298fc1c149afbf4c8996fb92427ae41e4649b934ca495991b7852b855","first_name":"e3b0c44298fc1c149afbf4c8996fb92427ae41e4649b934ca495991b7852b855","last_name":"e3b0c44298fc1c149afbf4c8996fb92427ae41e4649b934ca495991b7852b855","zip_code":"e3b0c44298fc1c149afbf4c8996fb92427ae41e4649b934ca495991b7852b855"},"properties":{"contents":[{"price":250,"quantity":1,"content_id":"4277","content_name":"\u0631\u0648\u0644 \u0627\u0628 \u062f\u064a\u0644\u0648\u0643\u0633","description":"\u0631\u0648\u0644 \u0627\u0628 \u062f\u064a\u0644\u0648\u0643\u0633 \u062a\u0635\u0645\u064a\u0645 \u0627\u0646\u064a\u0642, \u0648\u0645\u0642\u0627\u0633\u0627\u062a \u0645\u062a\u0646\u0648\u0639\u0629.\r\n\u0627\u0644\u062e\u0627\u0645\u0629 \u0628\u0648\u0633\u062a\u0631.\r\n\u0645\u062f\u0629 \u0627\u0644\u062a\u0646\u0641\u064a\u0630: \u0645\u0646 3 \u0625\u0644\u0649 5 \u0623\u064a\u0627\u0645 \u0639\u0645\u0644 \u0628\u0639\u062f \u0627\u0639\u062a\u0645\u0627\u062f \u0627\u0644\u062a\u0635\u0645\u064a\u0645 \u0648\u0627\u0644\u0637\u0644\u0628 \u062d\u0633\u0628 \u0627\u0644\u0643\u0645\u064a\u0629 (\u062a\u0632\u064a\u062f \u0627\u0644\u0645\u062f\u0629 \u0639\u0646\u062f \u0637\u0644\u0628 \u0627\u0644\u0634\u062d\u0646).","availability":"IN_STOCK","sale_price":250,"on_sale":false}],"content_type":"product","currency":"SAR","value":250,"event_trigger_source":"WooCommerce"},"page":{"url":"http:\/\/mail.ibn-sinaa.com\/product\/roll-up-deluxe\/"}}]}
 ajax: no
2025-01-07T00:07:35+00:00 DEBUG Tt4b_Mapi_Class::mapi_post: Response: 

HTTP/1.1 200 OK
Server: nginx
Content-Type: application/json
Content-Length: 92
X-Tt-Logid: 2025010700073582778C4FF694E1CA46F3
Server-Timing: inner; dur=32
x-tt-trace-host: 018e5a586174a888928d793bdac74b79b51a437ee89a1c03eb2011d034a2e3e9f55616676c9c267739b18c1ece45aac40658d92defc3f5cec564b51e173aadea383e6ca53c61fe56c73c129cf81888d606a6991e27559d2cd2c6e52c61252b123d
x-tt-trace-id: 00-25010700073582778C4FF694E1CA46F3-438E3EC296A2EA9F-00
Expires: Tue, 07 Jan 2025 00:07:35 GMT
Cache-Control: max-age=0, no-cache, no-store
Pragma: no-cache
Date: Tue, 07 Jan 2025 00:07:35 GMT
X-Cache: TCP_MISS from a95-101-134-92.deploy.akamaitechnologies.com (AkamaiGHost/11.7.2.1-9611f29bef89eba7b18045b10aa2af98) (-)
Connection: close
x-tt-trace-tag: id=16;cdn-cache=miss;type=dyn
Server-Timing: cdn-cache; desc=MISS, edge; dur=0, origin; dur=112
X-Origin-Response-Time: 112,95.101.134.92
X-Akamai-Request-ID: af87c8e

{"code": 0, "message": "OK", "request_id": "2025010700073582778C4FF694E1CA46F3", "data": {}}
2025-01-07T00:07:43+00:00 DEBUG POST: https://business-api.tiktok.com/open_api/v1.3/event/track/

{"partner_name":"WooCommerce","event_source":"web","event_source_id":"CSM79Q3C77UAG1T340I0","data":[{"event":"Pageview","event_id":"677c704f9403d_tt4b_woocommerce_670666209cf1f","event_time":1736208463,"user":{"ip":"93.158.213.25","user_agent":"Mozilla\/5.0 (compatible; MJ12bot\/v1.4.8; http:\/\/mj12bot.com\/)","locale":"ar","external_id":"0","email":"e3b0c44298fc1c149afbf4c8996fb92427ae41e4649b934ca495991b7852b855","phone_number":"e3b0c44298fc1c149afbf4c8996fb92427ae41e4649b934ca495991b7852b855","first_name":"e3b0c44298fc1c149afbf4c8996fb92427ae41e4649b934ca495991b7852b855","last_name":"e3b0c44298fc1c149afbf4c8996fb92427ae41e4649b934ca495991b7852b855","zip_code":"e3b0c44298fc1c149afbf4c8996fb92427ae41e4649b934ca495991b7852b855"},"page":{"url":"http:\/\/mail.ibn-sinaa.com\/product\/%D8%B3%D8%AC%D9%84%D8%A7%D8%AA-%D8%A7%D9%84%D8%A7%D9%86%D8%AC%D8%A7%D8%B2-%D8%A7%D9%84%D9%85%D8%AF%D8%B1%D8%B3%D9%8A%D8%A9\/feed\/"}}]}
 ajax: no
2025-01-07T00:07:43+00:00 DEBUG Tt4b_Mapi_Class::mapi_post: Response: 

HTTP/1.1 200 OK
Server: nginx
Content-Type: application/json
Content-Length: 92
X-Tt-Logid: 2025010700074341F9D650439C546F2CA3
Server-Timing: inner; dur=30
x-tt-trace-host: 018e5a586174a888928d793bdac74b79b51a437ee89a1c03eb2011d034a2e3e9f5387e8511cadd7d26f07bb0620c27a922fb522cdd7a29e2ad914e01d7b47a74807cf4a47599e36246b8195a09afad9beec7c6dca4fded38d5f3618c094c4d2cd5
x-tt-trace-id: 00-25010700074341F9D650439C546F2CA3-38054849612514B2-00
Expires: Tue, 07 Jan 2025 00:07:43 GMT
Cache-Control: max-age=0, no-cache, no-store
Pragma: no-cache
Date: Tue, 07 Jan 2025 00:07:43 GMT
X-Cache: TCP_MISS from a95-101-134-92.deploy.akamaitechnologies.com (AkamaiGHost/11.7.2.1-9611f29bef89eba7b18045b10aa2af98) (-)
Connection: close
x-tt-trace-tag: id=16;cdn-cache=miss;type=dyn
Server-Timing: cdn-cache; desc=MISS, edge; dur=2, origin; dur=109
X-Origin-Response-Time: 110,95.101.134.92
X-Akamai-Request-ID: af8f262

{"code": 0, "message": "OK", "request_id": "2025010700074341F9D650439C546F2CA3", "data": {}}
2025-01-07T00:07:51+00:00 DEBUG POST: https://business-api.tiktok.com/open_api/v1.3/event/track/

{"partner_name":"WooCommerce","event_source":"web","event_source_id":"CSM79Q3C77UAG1T340I0","data":[{"event":"Pageview","event_id":"677c7057a4b9e_tt4b_woocommerce_670666209cf1f","event_time":1736208471,"user":{"ip":"93.158.213.25","user_agent":"Mozilla\/5.0 (compatible; MJ12bot\/v1.4.8; http:\/\/mj12bot.com\/)","locale":"ar","external_id":"0","email":"e3b0c44298fc1c149afbf4c8996fb92427ae41e4649b934ca495991b7852b855","phone_number":"e3b0c44298fc1c149afbf4c8996fb92427ae41e4649b934ca495991b7852b855","first_name":"e3b0c44298fc1c149afbf4c8996fb92427ae41e4649b934ca495991b7852b855","last_name":"e3b0c44298fc1c149afbf4c8996fb92427ae41e4649b934ca495991b7852b855","zip_code":"e3b0c44298fc1c149afbf4c8996fb92427ae41e4649b934ca495991b7852b855"},"page":{"url":"http:\/\/mail.ibn-sinaa.com\/product\/%D8%B3%D8%AC%D9%84%D8%A7%D8%AA-%D9%85%D8%A7%D8%AF%D8%A9-%D8%A7%D9%84%D8%A7%D8%AC%D8%AA%D9%85%D8%A7%D8%B9%D9%8A%D8%A7%D8%AA\/feed\/"}}]}
 ajax: no
2025-01-07T00:07:51+00:00 DEBUG Tt4b_Mapi_Class::mapi_post: Response: 

HTTP/1.1 200 OK
Server: nginx
Content-Type: application/json
Content-Length: 92
X-Tt-Logid: 20250107000751FC0518D6E63F88C78BA9
Server-Timing: inner; dur=32
x-tt-trace-host: 018e5a586174a888928d793bdac74b79b520593bf434961dbceff88e4b17f9a15697b1772bda102e3d619fe5e7c743072ba9024a1fa4b5940c25339cfe04d83cedc6a70ae43630ec9755e8ba2ef2b69d2d0bc0d26a91b28295a33b76d7b6fecf78
x-tt-trace-id: 00-250107000751FC0518D6E63F88C78BA9-046215CB2D2EC795-00
Expires: Tue, 07 Jan 2025 00:07:51 GMT
Cache-Control: max-age=0, no-cache, no-store
Pragma: no-cache
Date: Tue, 07 Jan 2025 00:07:51 GMT
X-Cache: TCP_MISS from a95-101-134-116.deploy.akamaitechnologies.com (AkamaiGHost/11.7.2.1-9611f29bef89eba7b18045b10aa2af98) (-)
Connection: close
x-tt-trace-tag: id=16;cdn-cache=miss;type=dyn
Server-Timing: cdn-cache; desc=MISS, edge; dur=0, origin; dur=115
X-Origin-Response-Time: 115,95.101.134.116
X-Akamai-Request-ID: a7fe148

{"code": 0, "message": "OK", "request_id": "20250107000751FC0518D6E63F88C78BA9", "data": {}}
2025-01-07T00:08:06+00:00 DEBUG POST: https://business-api.tiktok.com/open_api/v1.3/event/track/

{"partner_name":"WooCommerce","event_source":"web","event_source_id":"CSM79Q3C77UAG1T340I0","data":[{"event":"Pageview","event_id":"677c7066d379d_tt4b_woocommerce_670666209cf1f","event_time":1736208486,"user":{"ip":"93.158.213.25","user_agent":"Mozilla\/5.0 (compatible; MJ12bot\/v1.4.8; http:\/\/mj12bot.com\/)","locale":"ar","external_id":"0","email":"e3b0c44298fc1c149afbf4c8996fb92427ae41e4649b934ca495991b7852b855","phone_number":"e3b0c44298fc1c149afbf4c8996fb92427ae41e4649b934ca495991b7852b855","first_name":"e3b0c44298fc1c149afbf4c8996fb92427ae41e4649b934ca495991b7852b855","last_name":"e3b0c44298fc1c149afbf4c8996fb92427ae41e4649b934ca495991b7852b855","zip_code":"e3b0c44298fc1c149afbf4c8996fb92427ae41e4649b934ca495991b7852b855"},"page":{"url":"http:\/\/mail.ibn-sinaa.com\/product\/print-banner\/"}}]}
 ajax: no
2025-01-07T00:08:07+00:00 DEBUG Tt4b_Mapi_Class::mapi_post: Response: 

HTTP/1.1 200 OK
Server: nginx
Content-Type: application/json
Content-Length: 92
X-Tt-Logid: 20250107000806B0D35FA1E2CE8A0A8A40
Server-Timing: inner; dur=49
x-tt-trace-host: 018e5a586174a888928d793bdac74b79b51a437ee89a1c03eb2011d034a2e3e9f5bd4486604e0d7bbc9ec3d2f52c9e9731727f01afc635ceb22f4cf55b1f2992ddde47ee60269245b138484a6b8102da2a61c0ddddc746602bcf001fd0ff3525e9
x-tt-trace-id: 00-250107000806B0D35FA1E2CE8A0A8A40-3616096466E5B8ED-00
Expires: Tue, 07 Jan 2025 00:08:07 GMT
Cache-Control: max-age=0, no-cache, no-store
Pragma: no-cache
Date: Tue, 07 Jan 2025 00:08:07 GMT
X-Cache: TCP_MISS from a95-101-134-92.deploy.akamaitechnologies.com (AkamaiGHost/11.7.2.1-9611f29bef89eba7b18045b10aa2af98) (-)
Connection: close
x-tt-trace-tag: id=16;cdn-cache=miss;type=dyn
Server-Timing: cdn-cache; desc=MISS, edge; dur=4, origin; dur=136
X-Origin-Response-Time: 136,95.101.134.92
X-Akamai-Request-ID: afa37ea

{"code": 0, "message": "OK", "request_id": "20250107000806B0D35FA1E2CE8A0A8A40", "data": {}}
2025-01-07T00:08:07+00:00 DEBUG Tt4b_Pixel_Class::inject_view_content_event: hit ViewContent
2025-01-07T00:08:07+00:00 DEBUG POST: https://business-api.tiktok.com/open_api/v1.3/event/track/

{"partner_name":"WooCommerce","event_source":"web","event_source_id":"CSM79Q3C77UAG1T340I0","data":[{"event":"ViewContent","event_id":"677c70671d4cc_tt4b_woocommerce_670666209cf1f_2499","event_time":1736208487,"user":{"ip":"93.158.213.25","user_agent":"Mozilla\/5.0 (compatible; MJ12bot\/v1.4.8; http:\/\/mj12bot.com\/)","locale":"ar","external_id":"0","email":"e3b0c44298fc1c149afbf4c8996fb92427ae41e4649b934ca495991b7852b855","phone_number":"e3b0c44298fc1c149afbf4c8996fb92427ae41e4649b934ca495991b7852b855","first_name":"e3b0c44298fc1c149afbf4c8996fb92427ae41e4649b934ca495991b7852b855","last_name":"e3b0c44298fc1c149afbf4c8996fb92427ae41e4649b934ca495991b7852b855","zip_code":"e3b0c44298fc1c149afbf4c8996fb92427ae41e4649b934ca495991b7852b855"},"properties":{"contents":[{"price":70,"quantity":1,"content_id":"2499","content_name":"\u0637\u0628\u0627\u0639\u0647 \u0628\u0646\u0631","description":"<ul>\r\n \t<li>\u00a0\u0637\u0628\u0627\u0639\u0629 \u0627\u0644\u0628\u0646\u0631\u0627\u062a \u0628\u062f\u0642\u0629 \u0639\u0627\u0644\u064a\u0629 \u0648 \u0627\u0641\u0636\u0644 \u062c\u0648\u062f\u0629.<\/li>\r\n \t<li>\u0627\u0642\u0635\u0649 \u0639\u0631\u0636 \u0644\u0644\u0628\u0646\u0631 1.5 \u0645\u062a\u0631.<\/li>\r\n \t<li>\u0645\u062f\u0629 \u0627\u0644\u062a\u0646\u0641\u064a\u0630: \u0645\u0646 1 \u0625\u0644\u0649 2 \u0623\u064a\u0627\u0645 \u0639\u0645\u0644 \u0628\u0639\u062f \u0627\u0639\u062a\u0645\u0627\u062f \u0627\u0644\u062a\u0635\u0645\u064a\u0645 \u0648\u0627\u0644\u0637\u0644\u0628 \u062d\u0633\u0628 \u0627\u0644\u0643\u0645\u064a\u0629.<\/li>\r\n<\/ul>","availability":"IN_STOCK","sale_price":70,"on_sale":false}],"content_type":"product","currency":"SAR","value":70,"event_trigger_source":"WooCommerce"},"page":{"url":"http:\/\/mail.ibn-sinaa.com\/product\/print-banner\/"}}]}
 ajax: no
2025-01-07T00:08:07+00:00 DEBUG Tt4b_Mapi_Class::mapi_post: Response: 

HTTP/1.1 200 OK
Server: nginx
Content-Type: application/json
Content-Length: 92
X-Tt-Logid: 202501070008071BA8FD7DBD9EEDCA3918
Server-Timing: inner; dur=32
x-tt-trace-host: 018e5a586174a888928d793bdac74b79b520593bf434961dbceff88e4b17f9a156cbe93ab33a375be4a48c769669550f5252517e1d64c79d20d2a9e9a356b6fdb3f259234c718e0893fe5bd9729847ed6b146d9956bdd711d0745d51ee2bb71a07
x-tt-trace-id: 00-2501070008071BA8FD7DBD9EEDCA3918-6B3006F169F15CAF-00
Expires: Tue, 07 Jan 2025 00:08:07 GMT
Cache-Control: max-age=0, no-cache, no-store
Pragma: no-cache
Date: Tue, 07 Jan 2025 00:08:07 GMT
X-Cache: TCP_MISS from a95-101-134-116.deploy.akamaitechnologies.com (AkamaiGHost/11.7.2.1-9611f29bef89eba7b18045b10aa2af98) (-)
Connection: close
x-tt-trace-tag: id=16;cdn-cache=miss;type=dyn
Server-Timing: cdn-cache; desc=MISS, edge; dur=1, origin; dur=115
X-Origin-Response-Time: 115,95.101.134.116
X-Akamai-Request-ID: a805d92

{"code": 0, "message": "OK", "request_id": "202501070008071BA8FD7DBD9EEDCA3918", "data": {}}
2025-01-07T00:08:14+00:00 DEBUG POST: https://business-api.tiktok.com/open_api/v1.3/event/track/

{"partner_name":"WooCommerce","event_source":"web","event_source_id":"CSM79Q3C77UAG1T340I0","data":[{"event":"Pageview","event_id":"677c706e18dba_tt4b_woocommerce_670666209cf1f","event_time":1736208494,"user":{"ip":"93.158.213.25","user_agent":"Mozilla\/5.0 (compatible; MJ12bot\/v1.4.8; http:\/\/mj12bot.com\/)","locale":"ar","external_id":"0","email":"e3b0c44298fc1c149afbf4c8996fb92427ae41e4649b934ca495991b7852b855","phone_number":"e3b0c44298fc1c149afbf4c8996fb92427ae41e4649b934ca495991b7852b855","first_name":"e3b0c44298fc1c149afbf4c8996fb92427ae41e4649b934ca495991b7852b855","last_name":"e3b0c44298fc1c149afbf4c8996fb92427ae41e4649b934ca495991b7852b855","zip_code":"e3b0c44298fc1c149afbf4c8996fb92427ae41e4649b934ca495991b7852b855"},"page":{"url":"http:\/\/mail.ibn-sinaa.com\/product\/science-telescope\/"}}]}
 ajax: no
2025-01-07T00:08:14+00:00 DEBUG Tt4b_Mapi_Class::mapi_post: Response: 

HTTP/1.1 200 OK
Server: nginx
Content-Type: application/json
Content-Length: 92
X-Tt-Logid: 20250107000814186B181AF88DE4C9064B
Server-Timing: inner; dur=29
x-tt-trace-host: 018e5a586174a888928d793bdac74b79b520593bf434961dbceff88e4b17f9a15697b1772bda102e3d619fe5e7c743072bf44dee1a0ecf560b6ec46661735b337cba9c7aa0307826e3bf57d800321f79db7665bc9bdbfa17c284392d30974f38bd
x-tt-trace-id: 00-250107000814186B181AF88DE4C9064B-5210D10282D33498-00
Expires: Tue, 07 Jan 2025 00:08:14 GMT
Cache-Control: max-age=0, no-cache, no-store
Pragma: no-cache
Date: Tue, 07 Jan 2025 00:08:14 GMT
X-Cache: TCP_MISS from a95-101-134-116.deploy.akamaitechnologies.com (AkamaiGHost/11.7.2.1-9611f29bef89eba7b18045b10aa2af98) (-)
Connection: close
x-tt-trace-tag: id=16;cdn-cache=miss;type=dyn
Server-Timing: cdn-cache; desc=MISS, edge; dur=1, origin; dur=112
X-Origin-Response-Time: 112,95.101.134.116
X-Akamai-Request-ID: a80949e

{"code": 0, "message": "OK", "request_id": "20250107000814186B181AF88DE4C9064B", "data": {}}
2025-01-07T00:08:14+00:00 DEBUG Tt4b_Pixel_Class::inject_view_content_event: hit ViewContent
2025-01-07T00:08:14+00:00 DEBUG POST: https://business-api.tiktok.com/open_api/v1.3/event/track/

{"partner_name":"WooCommerce","event_source":"web","event_source_id":"CSM79Q3C77UAG1T340I0","data":[{"event":"ViewContent","event_id":"677c706e5392b_tt4b_woocommerce_670666209cf1f_4381","event_time":1736208494,"user":{"ip":"93.158.213.25","user_agent":"Mozilla\/5.0 (compatible; MJ12bot\/v1.4.8; http:\/\/mj12bot.com\/)","locale":"ar","external_id":"0","email":"e3b0c44298fc1c149afbf4c8996fb92427ae41e4649b934ca495991b7852b855","phone_number":"e3b0c44298fc1c149afbf4c8996fb92427ae41e4649b934ca495991b7852b855","first_name":"e3b0c44298fc1c149afbf4c8996fb92427ae41e4649b934ca495991b7852b855","last_name":"e3b0c44298fc1c149afbf4c8996fb92427ae41e4649b934ca495991b7852b855","zip_code":"e3b0c44298fc1c149afbf4c8996fb92427ae41e4649b934ca495991b7852b855"},"properties":{"contents":[{"price":1745,"quantity":1,"content_id":"4381","content_name":"\u0639\u0644\u0645 \u062a\u0633\u0644\u0643\u0648\u0628","description":"\u0623\u0639\u0644\u0627\u0645 \u0627\u0644\u062a\u0644\u0633\u0643\u0648\u0628 \u0627\u0644\u062f\u0639\u0627\u0626\u064a\u0629 : \u0645\u062b\u0627\u0644\u064a\u0629 \u0644\u062a\u0632\u064a\u064a\u0646 \u0627\u0644\u0645\u0643\u062a\u0628 \u0628\u0644\u0645\u0633\u0629 \u0623\u0646\u064a\u0642\u0629 \u0648\u0641\u0627\u062e\u0631\u0629. \u0645\u0635\u0646\u0648\u0639\u0629 \u0645\u0646 \u0645\u0648\u0627\u062f \u0645\u062a\u064a\u0646\u0629 \u0648\u0628\u0623\u0644\u0648\u0627\u0646 \u0632\u0627\u0647\u064a\u0629\u060c \u062a\u0636\u064a\u0641 \u062c\u0627\u0630\u0628\u064a\u0629 \u0645\u0645\u064a\u0632\u0629 \u0644\u0623\u064a \u0645\u0633\u0627\u062d\u0629 \u0645\u0643\u062a\u0628\u064a\u0629 \u062f\u0648\u0646 \u0634\u063a\u0644 \u062d\u064a\u0632 \u0643\u0628\u064a\u0631. \u0645\u062b\u0627\u0644\u064a\u0629 \u0644\u0644\u0627\u062c\u062a\u0645\u0627\u0639\u0627\u062a\u060c \u0627\u0644\u0645\u0624\u062a\u0645\u0631\u0627\u062a\u060c \u0648\u0627\u0644\u0647\u062f\u0627\u064a\u0627 \u0627\u0644\u0641\u0627\u062e\u0631\u0629.","availability":"IN_STOCK","sale_price":1745,"on_sale":false}],"content_type":"product","currency":"SAR","value":1745,"event_trigger_source":"WooCommerce"},"page":{"url":"http:\/\/mail.ibn-sinaa.com\/product\/science-telescope\/"}}]}
 ajax: no
2025-01-07T00:08:14+00:00 DEBUG Tt4b_Mapi_Class::mapi_post: Response: 

HTTP/1.1 200 OK
Server: nginx
Content-Type: application/json
Content-Length: 92
X-Tt-Logid: 202501070008143C85FCAAEDD47435FDB5
Server-Timing: inner; dur=32
x-tt-trace-host: 018e5a586174a888928d793bdac74b79b520593bf434961dbceff88e4b17f9a156f9295d926cdb892f6bcd02e3a6eb273842c3041a0f20457cba97ab5663e3e74e4c9b386fcb1e184f83c173306570a1e397132a846b5c861b4a93a772114b4d56
x-tt-trace-id: 00-2501070008143C85FCAAEDD47435FDB5-01B3F49766EA54CA-00
Expires: Tue, 07 Jan 2025 00:08:14 GMT
Cache-Control: max-age=0, no-cache, no-store
Pragma: no-cache
Date: Tue, 07 Jan 2025 00:08:14 GMT
X-Cache: TCP_MISS from a95-101-134-116.deploy.akamaitechnologies.com (AkamaiGHost/11.7.2.1-9611f29bef89eba7b18045b10aa2af98) (-)
Connection: close
x-tt-trace-tag: id=16;cdn-cache=miss;type=dyn
Server-Timing: cdn-cache; desc=MISS, edge; dur=1, origin; dur=114
X-Origin-Response-Time: 115,95.101.134.116
X-Akamai-Request-ID: a809661

{"code": 0, "message": "OK", "request_id": "202501070008143C85FCAAEDD47435FDB5", "data": {}}
2025-01-07T00:08:21+00:00 DEBUG POST: https://business-api.tiktok.com/open_api/v1.3/event/track/

{"partner_name":"WooCommerce","event_source":"web","event_source_id":"CSM79Q3C77UAG1T340I0","data":[{"event":"Pageview","event_id":"677c70754663b_tt4b_woocommerce_670666209cf1f","event_time":1736208501,"user":{"ip":"93.158.213.25","user_agent":"Mozilla\/5.0 (compatible; MJ12bot\/v1.4.8; http:\/\/mj12bot.com\/)","locale":"ar","external_id":"0","email":"e3b0c44298fc1c149afbf4c8996fb92427ae41e4649b934ca495991b7852b855","phone_number":"e3b0c44298fc1c149afbf4c8996fb92427ae41e4649b934ca495991b7852b855","first_name":"e3b0c44298fc1c149afbf4c8996fb92427ae41e4649b934ca495991b7852b855","last_name":"e3b0c44298fc1c149afbf4c8996fb92427ae41e4649b934ca495991b7852b855","zip_code":"e3b0c44298fc1c149afbf4c8996fb92427ae41e4649b934ca495991b7852b855"},"page":{"url":"http:\/\/mail.ibn-sinaa.com\/product\/raindrop-flag\/"}}]}
 ajax: no
2025-01-07T00:08:21+00:00 DEBUG Tt4b_Mapi_Class::mapi_post: Response: 

HTTP/1.1 200 OK
Server: nginx
Content-Type: application/json
Content-Length: 92
X-Tt-Logid: 2025010700082141F9D650439C546F36DF
Server-Timing: inner; dur=25
x-tt-trace-host: 018e5a586174a888928d793bdac74b79b51a437ee89a1c03eb2011d034a2e3e9f5387e8511cadd7d26f07bb0620c27a9226aef113b7baf5783ff0c8973295777ed15be93eff90487d4ee60cb3d66bebfa7789262ea97517ab77893badc46e9a3e8
x-tt-trace-id: 00-25010700082141F9D650439C546F36DF-1FDF823B34FBDC50-00
Expires: Tue, 07 Jan 2025 00:08:21 GMT
Cache-Control: max-age=0, no-cache, no-store
Pragma: no-cache
Date: Tue, 07 Jan 2025 00:08:21 GMT
X-Cache: TCP_MISS from a95-101-134-92.deploy.akamaitechnologies.com (AkamaiGHost/11.7.2.1-9611f29bef89eba7b18045b10aa2af98) (-)
Connection: close
x-tt-trace-tag: id=16;cdn-cache=miss;type=dyn
Server-Timing: cdn-cache; desc=MISS, edge; dur=2, origin; dur=104
X-Origin-Response-Time: 105,95.101.134.92
X-Akamai-Request-ID: afafa58

{"code": 0, "message": "OK", "request_id": "2025010700082141F9D650439C546F36DF", "data": {}}
2025-01-07T00:08:21+00:00 DEBUG Tt4b_Pixel_Class::inject_view_content_event: hit ViewContent
2025-01-07T00:08:21+00:00 DEBUG POST: https://business-api.tiktok.com/open_api/v1.3/event/track/

{"partner_name":"WooCommerce","event_source":"web","event_source_id":"CSM79Q3C77UAG1T340I0","data":[{"event":"ViewContent","event_id":"677c70757b69d_tt4b_woocommerce_670666209cf1f_4373","event_time":1736208501,"user":{"ip":"93.158.213.25","user_agent":"Mozilla\/5.0 (compatible; MJ12bot\/v1.4.8; http:\/\/mj12bot.com\/)","locale":"ar","external_id":"0","email":"e3b0c44298fc1c149afbf4c8996fb92427ae41e4649b934ca495991b7852b855","phone_number":"e3b0c44298fc1c149afbf4c8996fb92427ae41e4649b934ca495991b7852b855","first_name":"e3b0c44298fc1c149afbf4c8996fb92427ae41e4649b934ca495991b7852b855","last_name":"e3b0c44298fc1c149afbf4c8996fb92427ae41e4649b934ca495991b7852b855","zip_code":"e3b0c44298fc1c149afbf4c8996fb92427ae41e4649b934ca495991b7852b855"},"properties":{"contents":[{"price":460,"quantity":1,"content_id":"4373","content_name":"\u0639\u0644\u0645 \u0642\u0637\u0631\u0629 \u0627\u0644\u0645\u0637\u0631","description":"\u0623\u0639\u0644\u0627\u0645 \u0645\u0643\u062a\u0628\u064a\u0629 \u0635\u063a\u064a\u0631\u0629: \u0645\u062b\u0627\u0644\u064a\u0629 \u0644\u062a\u0632\u064a\u064a\u0646 \u0627\u0644\u0645\u0643\u062a\u0628 \u0628\u0644\u0645\u0633\u0629 \u0623\u0646\u064a\u0642\u0629 \u0648\u0641\u0627\u062e\u0631\u0629. \u0645\u0635\u0646\u0648\u0639\u0629 \u0645\u0646 \u0645\u0648\u0627\u062f \u0645\u062a\u064a\u0646\u0629 \u0648\u0628\u0623\u0644\u0648\u0627\u0646 \u0632\u0627\u0647\u064a\u0629\u060c \u062a\u0636\u064a\u0641 \u062c\u0627\u0630\u0628\u064a\u0629 \u0645\u0645\u064a\u0632\u0629 \u0644\u0623\u064a \u0645\u0633\u0627\u062d\u0629 \u0645\u0643\u062a\u0628\u064a\u0629 \u062f\u0648\u0646 \u0634\u063a\u0644 \u062d\u064a\u0632 \u0643\u0628\u064a\u0631. \u0645\u062b\u0627\u0644\u064a\u0629 \u0644\u0644\u0627\u062c\u062a\u0645\u0627\u0639\u0627\u062a\u060c \u0627\u0644\u0645\u0624\u062a\u0645\u0631\u0627\u062a\u060c \u0648\u0627\u0644\u0647\u062f\u0627\u064a\u0627 \u0627\u0644\u0641\u0627\u062e\u0631\u0629.","availability":"IN_STOCK","sale_price":460,"on_sale":false}],"content_type":"product","currency":"SAR","value":460,"event_trigger_source":"WooCommerce"},"page":{"url":"http:\/\/mail.ibn-sinaa.com\/product\/raindrop-flag\/"}}]}
 ajax: no
2025-01-07T00:08:21+00:00 DEBUG Tt4b_Mapi_Class::mapi_post: Response: 

HTTP/1.1 200 OK
Server: nginx
Content-Type: application/json
Content-Length: 92
X-Tt-Logid: 20250107000821317C6F15EFB6EDEC21DA
x-tt-trace-host: 018e5a586174a888928d793bdac74b79b519a86797e72c2eba011e03e23beee17dac01b1e4c73dd2c03628844cee9df974a02088819804c9dcadf657e9931c560d43e22324c2ba172cc0ec12f89379a92cdf2154786dd12ef9d4922dd36c5a20edd9aba4d4c38850ccc31fbd900e1d6bca
x-tt-trace-id: 00-250107000821317C6F15EFB6EDEC21DA-080223E8458269A3-00
X-Origin-Response-Time: 69,23.222.2.20
X-Akamai-Request-ID: 102f1e1.a80cd14
Expires: Tue, 07 Jan 2025 00:08:21 GMT
Cache-Control: max-age=0, no-cache, no-store
Pragma: no-cache
Date: Tue, 07 Jan 2025 00:08:21 GMT
X-Cache: TCP_MISS from a95-101-134-116.deploy.akamaitechnologies.com (AkamaiGHost/11.7.2.1-9611f29bef89eba7b18045b10aa2af98) (-)
Connection: close
X-Cache-Remote: TCP_MISS from a23-222-2-20.deploy.akamaitechnologies.com (AkamaiGHost/11.7.2.1-9611f29bef89eba7b18045b10aa2af98) (-)
x-tt-trace-tag: id=16;cdn-cache=miss;type=dyn
Server-Timing: cdn-cache; desc=MISS, edge; dur=80, origin; dur=69
Server-Timing: inner; dur=64
X-Parent-Response-Time: 149,95.101.134.116

{"code": 0, "message": "OK", "request_id": "20250107000821317C6F15EFB6EDEC21DA", "data": {}}
2025-01-07T00:08:33+00:00 DEBUG POST: https://business-api.tiktok.com/open_api/v1.3/event/track/

{"partner_name":"WooCommerce","event_source":"web","event_source_id":"CSM79Q3C77UAG1T340I0","data":[{"event":"Pageview","event_id":"677c7081c3ea5_tt4b_woocommerce_670666209cf1f","event_time":1736208513,"user":{"ip":"93.158.213.25","user_agent":"Mozilla\/5.0 (compatible; MJ12bot\/v1.4.8; http:\/\/mj12bot.com\/)","locale":"ar","external_id":"0","email":"e3b0c44298fc1c149afbf4c8996fb92427ae41e4649b934ca495991b7852b855","phone_number":"e3b0c44298fc1c149afbf4c8996fb92427ae41e4649b934ca495991b7852b855","first_name":"e3b0c44298fc1c149afbf4c8996fb92427ae41e4649b934ca495991b7852b855","last_name":"e3b0c44298fc1c149afbf4c8996fb92427ae41e4649b934ca495991b7852b855","zip_code":"e3b0c44298fc1c149afbf4c8996fb92427ae41e4649b934ca495991b7852b855"},"page":{"url":"http:\/\/mail.ibn-sinaa.com\/product\/%D9%83%D8%B1%D9%88%D8%AA-%D8%A8%D8%B1%D9%8A%D8%B3%D8%AA%D9%88%D9%84\/feed\/"}}]}
 ajax: no
2025-01-07T00:08:33+00:00 DEBUG Tt4b_Mapi_Class::mapi_post: Response: 

HTTP/1.1 200 OK
Server: nginx
Content-Type: application/json
Content-Length: 92
X-Tt-Logid: 20250107000833DAAD03890E1054CE0235
Server-Timing: inner; dur=45
x-tt-trace-host: 018e5a586174a888928d793bdac74b79b520593bf434961dbceff88e4b17f9a156fed22672baef61ad13f523bab36c0e1b90da113c5abd77e45e4b409c5644160dcf370606a5055e46f4d565c20119fdde7ff43f3342e306cf9a1c7e30ebe3b67d
x-tt-trace-id: 00-250107000833DAAD03890E1054CE0235-5314B41055F87ACC-00
Expires: Tue, 07 Jan 2025 00:08:33 GMT
Cache-Control: max-age=0, no-cache, no-store
Pragma: no-cache
Date: Tue, 07 Jan 2025 00:08:33 GMT
X-Cache: TCP_MISS from a95-101-134-116.deploy.akamaitechnologies.com (AkamaiGHost/11.7.2.1-9611f29bef89eba7b18045b10aa2af98) (-)
Connection: close
x-tt-trace-tag: id=16;cdn-cache=miss;type=dyn
Server-Timing: cdn-cache; desc=MISS, edge; dur=1, origin; dur=124
X-Origin-Response-Time: 124,95.101.134.116
X-Akamai-Request-ID: a812a93

{"code": 0, "message": "OK", "request_id": "20250107000833DAAD03890E1054CE0235", "data": {}}
2025-01-07T00:08:58+00:00 DEBUG Tt4b_Pixel_Class::inject_add_to_cart_event: hit AddToCart
2025-01-07T00:08:58+00:00 DEBUG POST: https://business-api.tiktok.com/open_api/v1.3/event/track/

{"partner_name":"WooCommerce","event_source":"web","event_source_id":"CSM79Q3C77UAG1T340I0","data":[{"event":"AddToCart","event_id":"677c709ade586_tt4b_woocommerce_670666209cf1f_SKU_22","event_time":1736208538,"user":{"ip":"93.158.213.25","user_agent":"Mozilla\/5.0 (compatible; MJ12bot\/v1.4.8; http:\/\/mj12bot.com\/)","locale":"ar","external_id":"0","email":"e3b0c44298fc1c149afbf4c8996fb92427ae41e4649b934ca495991b7852b855","phone_number":"e3b0c44298fc1c149afbf4c8996fb92427ae41e4649b934ca495991b7852b855","first_name":"e3b0c44298fc1c149afbf4c8996fb92427ae41e4649b934ca495991b7852b855","last_name":"e3b0c44298fc1c149afbf4c8996fb92427ae41e4649b934ca495991b7852b855","zip_code":"e3b0c44298fc1c149afbf4c8996fb92427ae41e4649b934ca495991b7852b855"},"properties":{"contents":[{"price":0,"quantity":1,"content_id":"SKU_22","content_name":"\u0637\u0628\u0627\u0639\u0629 \u0628\u0631\u0634\u0648\u0631 \u0641\u0644\u0627\u064a\u0631 A3","description":"\u0641\u0644\u0627\u064a\u0631 \u0645\u0642\u0627\u0633 A3 \u0637\u0628\u0627\u0639\u0629 \u0639\u0644\u0649 \u0648\u0631\u0642 \u0643\u0648\u0634\u064a\u0647 150 \u062c\u0631\u0627\u0645 \u0637\u0628\u0627\u0639\u0629 \u0628\u062c\u0648\u062f\u0629 \u0639\u0627\u0644\u064a\u0629.\r\n\u0645\u062f\u0629 \u0627\u0644\u062a\u0646\u0641\u064a\u0630 \u0627\u0644\u0645\u062a\u0648\u0642\u0639\u0629: 1 \u2013 3 \u0623\u064a\u0627\u0645 \u0639\u0645\u0644 \u0628\u0639\u062f \u062a\u0623\u0643\u064a\u062f \u0627\u0644\u0637\u0644\u0628 \u0648\u0627\u0644\u062a\u0635\u0645\u064a\u0645 \u0648\u062d\u0633\u0628 \u0627\u0644\u0643\u0645\u064a\u0629 (\u062a\u0632\u064a\u062f \u0627\u0644\u0645\u062f\u0629 \u0639\u0646\u062f \u0637\u0644\u0628 \u0627\u0644\u0634\u062d\u0646).","availability":"IN_STOCK","sale_price":0,"on_sale":false}],"content_type":"product","currency":"SAR","value":0,"event_trigger_source":"WooCommerce"},"page":{"url":"http:\/\/www.ibn-sinaa.com\/en\/product\/%D8%A8%D8%B1%D8%B4%D9%88%D8%B1-%D9%81%D9%84%D8%A7%D9%8A%D8%B1-a3\/?add-to-cart=22"}}]}
 ajax: no
2025-01-07T00:08:59+00:00 DEBUG Tt4b_Mapi_Class::mapi_post: Response: 

HTTP/1.1 200 OK
Server: nginx
Content-Type: application/json
Content-Length: 92
X-Tt-Logid: 20250107000858C1B5FCD7268DE2E79FA9
Server-Timing: inner; dur=35
x-tt-trace-host: 018e5a586174a888928d793bdac74b79b51a437ee89a1c03eb2011d034a2e3e9f5e00ee912ac5da7b167efbc329f41e47b0dbccb936bff94188fc7a44bd16da985a09f15e9c7fa29c3c519deb9a085fd028c5f3baf9b929b0f75283ad768918ceb
x-tt-trace-id: 00-250107000858C1B5FCD7268DE2E79FA9-2FC583521AC08C80-00
Expires: Tue, 07 Jan 2025 00:08:59 GMT
Cache-Control: max-age=0, no-cache, no-store
Pragma: no-cache
Date: Tue, 07 Jan 2025 00:08:59 GMT
X-Cache: TCP_MISS from a95-101-134-92.deploy.akamaitechnologies.com (AkamaiGHost/11.7.2.1-9611f29bef89eba7b18045b10aa2af98) (-)
Connection: close
x-tt-trace-tag: id=16;cdn-cache=miss;type=dyn
Server-Timing: cdn-cache; desc=MISS, edge; dur=1, origin; dur=115
X-Origin-Response-Time: 115,95.101.134.92
X-Akamai-Request-ID: afce642

{"code": 0, "message": "OK", "request_id": "20250107000858C1B5FCD7268DE2E79FA9", "data": {}}
2025-01-07T00:08:59+00:00 DEBUG POST: https://business-api.tiktok.com/open_api/v1.3/event/track/

{"partner_name":"WooCommerce","event_source":"web","event_source_id":"CSM79Q3C77UAG1T340I0","data":[{"event":"Pageview","event_id":"677c709b39470_tt4b_woocommerce_670666209cf1f","event_time":1736208539,"user":{"ip":"93.158.213.25","user_agent":"Mozilla\/5.0 (compatible; MJ12bot\/v1.4.8; http:\/\/mj12bot.com\/)","locale":"ar","external_id":"0","email":"e3b0c44298fc1c149afbf4c8996fb92427ae41e4649b934ca495991b7852b855","phone_number":"e3b0c44298fc1c149afbf4c8996fb92427ae41e4649b934ca495991b7852b855","first_name":"e3b0c44298fc1c149afbf4c8996fb92427ae41e4649b934ca495991b7852b855","last_name":"e3b0c44298fc1c149afbf4c8996fb92427ae41e4649b934ca495991b7852b855","zip_code":"e3b0c44298fc1c149afbf4c8996fb92427ae41e4649b934ca495991b7852b855"},"page":{"url":"http:\/\/www.ibn-sinaa.com\/en\/product\/%D8%A8%D8%B1%D8%B4%D9%88%D8%B1-%D9%81%D9%84%D8%A7%D9%8A%D8%B1-a3\/?add-to-cart=22"}}]}
 ajax: no
2025-01-07T00:08:59+00:00 DEBUG Tt4b_Mapi_Class::mapi_post: Response: 

HTTP/1.1 200 OK
Server: nginx
Content-Type: application/json
Content-Length: 92
X-Tt-Logid: 2025010700085945A6B59A308158C3998D
x-tt-trace-host: 018e5a586174a888928d793bdac74b79b519a86797e72c2eba011e03e23beee17d0f83cd1ea431930bf27a5d65bbd62f87f1844f0ef29c044f354a95d7a584d475ed0804cda19d6dc217a9d9455ab27813df3a91583d1ba5ee5e914512ef52c5e870b543269ffe8eaa3fad634286f250f9
x-tt-trace-id: 00-25010700085945A6B59A308158C3998D-4713D6BC939E07C7-00
X-Origin-Response-Time: 27,23.218.219.11
X-Akamai-Request-ID: 738a4e3.a81eccf
Expires: Tue, 07 Jan 2025 00:08:59 GMT
Cache-Control: max-age=0, no-cache, no-store
Pragma: no-cache
Date: Tue, 07 Jan 2025 00:08:59 GMT
X-Cache: TCP_MISS from a95-101-134-116.deploy.akamaitechnologies.com (AkamaiGHost/11.7.2.1-9611f29bef89eba7b18045b10aa2af98) (-)
Connection: close
X-Cache-Remote: TCP_MISS from a23-218-219-11.deploy.akamaitechnologies.com (AkamaiGHost/11.7.2.1-9611f29bef89eba7b18045b10aa2af98) (-)
x-tt-trace-tag: id=16;cdn-cache=miss;type=dyn
Server-Timing: cdn-cache; desc=MISS, edge; dur=93, origin; dur=27
Server-Timing: inner; dur=24
X-Parent-Response-Time: 120,95.101.134.116

{"code": 0, "message": "OK", "request_id": "2025010700085945A6B59A308158C3998D", "data": {}}
2025-01-07T00:09:04+00:00 DEBUG Tt4b_Pixel_Class::inject_add_to_cart_event: hit AddToCart
2025-01-07T00:09:04+00:00 DEBUG POST: https://business-api.tiktok.com/open_api/v1.3/event/track/

{"partner_name":"WooCommerce","event_source":"web","event_source_id":"CSM79Q3C77UAG1T340I0","data":[{"event":"AddToCart","event_id":"677c70a03815c_tt4b_woocommerce_670666209cf1f_SKU_22","event_time":1736208544,"user":{"ip":"93.158.213.25","user_agent":"Mozilla\/5.0 (compatible; MJ12bot\/v1.4.8; http:\/\/mj12bot.com\/)","locale":"ar","external_id":"0","email":"e3b0c44298fc1c149afbf4c8996fb92427ae41e4649b934ca495991b7852b855","phone_number":"e3b0c44298fc1c149afbf4c8996fb92427ae41e4649b934ca495991b7852b855","first_name":"e3b0c44298fc1c149afbf4c8996fb92427ae41e4649b934ca495991b7852b855","last_name":"e3b0c44298fc1c149afbf4c8996fb92427ae41e4649b934ca495991b7852b855","zip_code":"e3b0c44298fc1c149afbf4c8996fb92427ae41e4649b934ca495991b7852b855"},"properties":{"contents":[{"price":0,"quantity":1,"content_id":"SKU_22","content_name":"\u0637\u0628\u0627\u0639\u0629 \u0628\u0631\u0634\u0648\u0631 \u0641\u0644\u0627\u064a\u0631 A3","description":"\u0641\u0644\u0627\u064a\u0631 \u0645\u0642\u0627\u0633 A3 \u0637\u0628\u0627\u0639\u0629 \u0639\u0644\u0649 \u0648\u0631\u0642 \u0643\u0648\u0634\u064a\u0647 150 \u062c\u0631\u0627\u0645 \u0637\u0628\u0627\u0639\u0629 \u0628\u062c\u0648\u062f\u0629 \u0639\u0627\u0644\u064a\u0629.\r\n\u0645\u062f\u0629 \u0627\u0644\u062a\u0646\u0641\u064a\u0630 \u0627\u0644\u0645\u062a\u0648\u0642\u0639\u0629: 1 \u2013 3 \u0623\u064a\u0627\u0645 \u0639\u0645\u0644 \u0628\u0639\u062f \u062a\u0623\u0643\u064a\u062f \u0627\u0644\u0637\u0644\u0628 \u0648\u0627\u0644\u062a\u0635\u0645\u064a\u0645 \u0648\u062d\u0633\u0628 \u0627\u0644\u0643\u0645\u064a\u0629 (\u062a\u0632\u064a\u062f \u0627\u0644\u0645\u062f\u0629 \u0639\u0646\u062f \u0637\u0644\u0628 \u0627\u0644\u0634\u062d\u0646).","availability":"IN_STOCK","sale_price":0,"on_sale":false}],"content_type":"product","currency":"SAR","value":0,"event_trigger_source":"WooCommerce"},"page":{"url":"http:\/\/www.ibn-sinaa.com\/en\/product\/%D8%A8%D8%B1%D8%B4%D9%88%D8%B1-%D9%81%D9%84%D8%A7%D9%8A%D8%B1-a4\/?add-to-cart=22"}}]}
 ajax: no
2025-01-07T00:09:04+00:00 DEBUG Tt4b_Mapi_Class::mapi_post: Response: 

HTTP/1.1 200 OK
Server: nginx
Content-Type: application/json
Content-Length: 92
X-Tt-Logid: 202501070009046D995A1A8F74F357A46F
x-tt-trace-host: 018e5a586174a888928d793bdac74b79b519a86797e72c2eba011e03e23beee17db91eb5a522748181d1e141866f32047ef58d03ae02b76571d3185ab20f7448e7581c8777715f58ed95fb91e308f81ecdd96ec09ff5b8422be3dcd5b7d88785fd17b673a8b01dbb21baf08a38f58bf682
x-tt-trace-id: 00-2501070009046D995A1A8F74F357A46F-71C788016C755218-00
X-Origin-Response-Time: 57,23.60.159.135
X-Akamai-Request-ID: 4278686.a821233
Expires: Tue, 07 Jan 2025 00:09:04 GMT
Cache-Control: max-age=0, no-cache, no-store
Pragma: no-cache
Date: Tue, 07 Jan 2025 00:09:04 GMT
X-Cache: TCP_MISS from a95-101-134-116.deploy.akamaitechnologies.com (AkamaiGHost/11.7.2.1-9611f29bef89eba7b18045b10aa2af98) (-)
Connection: close
X-Cache-Remote: TCP_MISS from a23-60-159-135.deploy.akamaitechnologies.com (AkamaiGHost/11.7.2.1-9611f29bef89eba7b18045b10aa2af98) (-)
x-tt-trace-tag: id=16;cdn-cache=miss;type=dyn
Server-Timing: cdn-cache; desc=MISS, edge; dur=91, origin; dur=57
Server-Timing: inner; dur=38
X-Parent-Response-Time: 148,95.101.134.116

{"code": 0, "message": "OK", "request_id": "202501070009046D995A1A8F74F357A46F", "data": {}}
2025-01-07T00:09:04+00:00 DEBUG POST: https://business-api.tiktok.com/open_api/v1.3/event/track/

{"partner_name":"WooCommerce","event_source":"web","event_source_id":"CSM79Q3C77UAG1T340I0","data":[{"event":"Pageview","event_id":"677c70a092dc5_tt4b_woocommerce_670666209cf1f","event_time":1736208544,"user":{"ip":"93.158.213.25","user_agent":"Mozilla\/5.0 (compatible; MJ12bot\/v1.4.8; http:\/\/mj12bot.com\/)","locale":"ar","external_id":"0","email":"e3b0c44298fc1c149afbf4c8996fb92427ae41e4649b934ca495991b7852b855","phone_number":"e3b0c44298fc1c149afbf4c8996fb92427ae41e4649b934ca495991b7852b855","first_name":"e3b0c44298fc1c149afbf4c8996fb92427ae41e4649b934ca495991b7852b855","last_name":"e3b0c44298fc1c149afbf4c8996fb92427ae41e4649b934ca495991b7852b855","zip_code":"e3b0c44298fc1c149afbf4c8996fb92427ae41e4649b934ca495991b7852b855"},"page":{"url":"http:\/\/www.ibn-sinaa.com\/en\/product\/%D8%A8%D8%B1%D8%B4%D9%88%D8%B1-%D9%81%D9%84%D8%A7%D9%8A%D8%B1-a4\/?add-to-cart=22"}}]}
 ajax: no
2025-01-07T00:09:04+00:00 DEBUG Tt4b_Mapi_Class::mapi_post: Response: 

HTTP/1.1 200 OK
Server: nginx
Content-Type: application/json
Content-Length: 92
X-Tt-Logid: 20250107000904921DE50995160F73E48F
Server-Timing: inner; dur=27
x-tt-trace-host: 018e5a586174a888928d793bdac74b79b51a437ee89a1c03eb2011d034a2e3e9f5c574c4499c9fb7d9c2bb585db4335cf8079bdcb054421c6db48217c5bf5eb862c6ac0ee58dd7b012a43cb85899af57e68f5e0365506a1fe04ac794b4e940ac9d
x-tt-trace-id: 00-250107000904921DE50995160F73E48F-5D4B80BB8385AB6E-00
Expires: Tue, 07 Jan 2025 00:09:04 GMT
Cache-Control: max-age=0, no-cache, no-store
Pragma: no-cache
Date: Tue, 07 Jan 2025 00:09:04 GMT
X-Cache: TCP_MISS from a95-101-134-92.deploy.akamaitechnologies.com (AkamaiGHost/11.7.2.1-9611f29bef89eba7b18045b10aa2af98) (-)
Connection: close
x-tt-trace-tag: id=16;cdn-cache=miss;type=dyn
Server-Timing: cdn-cache; desc=MISS, edge; dur=2, origin; dur=114
X-Origin-Response-Time: 115,95.101.134.92
X-Akamai-Request-ID: afd3502

{"code": 0, "message": "OK", "request_id": "20250107000904921DE50995160F73E48F", "data": {}}
2025-01-07T00:09:08+00:00 DEBUG Tt4b_Pixel_Class::inject_add_to_cart_event: hit AddToCart
2025-01-07T00:09:08+00:00 DEBUG POST: https://business-api.tiktok.com/open_api/v1.3/event/track/

{"partner_name":"WooCommerce","event_source":"web","event_source_id":"CSM79Q3C77UAG1T340I0","data":[{"event":"AddToCart","event_id":"677c70a4b0f8b_tt4b_woocommerce_670666209cf1f_SKU_199","event_time":1736208548,"user":{"ip":"93.158.213.25","user_agent":"Mozilla\/5.0 (compatible; MJ12bot\/v1.4.8; http:\/\/mj12bot.com\/)","locale":"ar","external_id":"0","email":"e3b0c44298fc1c149afbf4c8996fb92427ae41e4649b934ca495991b7852b855","phone_number":"e3b0c44298fc1c149afbf4c8996fb92427ae41e4649b934ca495991b7852b855","first_name":"e3b0c44298fc1c149afbf4c8996fb92427ae41e4649b934ca495991b7852b855","last_name":"e3b0c44298fc1c149afbf4c8996fb92427ae41e4649b934ca495991b7852b855","zip_code":"e3b0c44298fc1c149afbf4c8996fb92427ae41e4649b934ca495991b7852b855"},"properties":{"contents":[{"price":0,"quantity":1,"content_id":"SKU_199","content_name":"\u0637\u0628\u0627\u0639\u0629 \u0628\u0631\u0634\u0648\u0631 \u0645\u0637\u0648\u064a\u0629 A4","description":"\u0628\u0631\u0648\u0634\u0648\u0631 \u0645\u0637\u0648\u064a \u062d\u0633\u0628 \u062a\u0635\u0645\u064a\u0645 \u0627\u0644\u0639\u0645\u064a\u0644 \u0648\u0631\u0642 \u0643\u0648\u0634\u064a\u0647 \u0645\u0637\u0641\u064a 150 \u062c\u0631\u0627\u0645.\r\n\u0645\u062f\u0629 \u0627\u0644\u062a\u0646\u0641\u064a\u0630 \u0627\u0644\u0645\u062a\u0648\u0642\u0639\u0629: 3 \u2013 5 \u0623\u064a\u0627\u0645 \u0639\u0645\u0644 \u0628\u0639\u062f \u062a\u0623\u0643\u064a\u062f \u0627\u0644\u0637\u0644\u0628 \u0648\u0627\u0644\u062a\u0635\u0645\u064a\u0645 \u0648\u062d\u0633\u0628 \u0627\u0644\u0643\u0645\u064a\u0629 (\u062a\u0632\u064a\u062f \u0627\u0644\u0645\u062f\u0629 \u0639\u0646\u062f \u0637\u0644\u0628 \u0627\u0644\u0634\u062d\u0646).","availability":"IN_STOCK","sale_price":0,"on_sale":false}],"content_type":"product","currency":"SAR","value":0,"event_trigger_source":"WooCommerce"},"page":{"url":"http:\/\/www.ibn-sinaa.com\/en\/product\/%D8%A8%D8%B1%D8%B4%D9%88%D8%B1-%D9%81%D9%84%D8%A7%D9%8A%D8%B1-a5\/?add-to-cart=199"}}]}
 ajax: no
2025-01-07T00:09:08+00:00 DEBUG Tt4b_Mapi_Class::mapi_post: Response: 

HTTP/1.1 200 OK
Server: nginx
Content-Type: application/json
Content-Length: 92
X-Tt-Logid: 20250107000908B7A10E38BA5B32EAADBB
x-tt-trace-host: 018e5a586174a888928d793bdac74b79b56517d7628cf0ffdff56b078ad2cf5615c90be283f6fcc82477c3e42948a320aeb14f101e050c3b9021f583d02591017659eca43d70390c878f3b0eec5c472fd1dfc7b2ab1506ffecb921e64f34a6cfcd2ec66eb168891b8809f6bd32685dc634
x-tt-trace-id: 00-250107000908B7A10E38BA5B32EAADBB-4F6CBE7B73B8D24B-00
X-Origin-Response-Time: 82,23.218.219.29
X-Akamai-Request-ID: 7043615.afd6bbc
Expires: Tue, 07 Jan 2025 00:09:08 GMT
Cache-Control: max-age=0, no-cache, no-store
Pragma: no-cache
Date: Tue, 07 Jan 2025 00:09:08 GMT
X-Cache: TCP_MISS from a95-101-134-92.deploy.akamaitechnologies.com (AkamaiGHost/11.7.2.1-9611f29bef89eba7b18045b10aa2af98) (-)
Connection: close
X-Cache-Remote: TCP_MISS from a23-218-219-29.deploy.akamaitechnologies.com (AkamaiGHost/11.7.2.1-9611f29bef89eba7b18045b10aa2af98) (-)
x-tt-trace-tag: id=16;cdn-cache=miss;type=dyn
Server-Timing: cdn-cache; desc=MISS, edge; dur=94, origin; dur=82
Server-Timing: inner; dur=79
X-Parent-Response-Time: 172,95.101.134.92

{"code": 0, "message": "OK", "request_id": "20250107000908B7A10E38BA5B32EAADBB", "data": {}}
2025-01-07T00:09:09+00:00 DEBUG POST: https://business-api.tiktok.com/open_api/v1.3/event/track/

{"partner_name":"WooCommerce","event_source":"web","event_source_id":"CSM79Q3C77UAG1T340I0","data":[{"event":"Pageview","event_id":"677c70a523e37_tt4b_woocommerce_670666209cf1f","event_time":1736208549,"user":{"ip":"93.158.213.25","user_agent":"Mozilla\/5.0 (compatible; MJ12bot\/v1.4.8; http:\/\/mj12bot.com\/)","locale":"ar","external_id":"0","email":"e3b0c44298fc1c149afbf4c8996fb92427ae41e4649b934ca495991b7852b855","phone_number":"e3b0c44298fc1c149afbf4c8996fb92427ae41e4649b934ca495991b7852b855","first_name":"e3b0c44298fc1c149afbf4c8996fb92427ae41e4649b934ca495991b7852b855","last_name":"e3b0c44298fc1c149afbf4c8996fb92427ae41e4649b934ca495991b7852b855","zip_code":"e3b0c44298fc1c149afbf4c8996fb92427ae41e4649b934ca495991b7852b855"},"page":{"url":"http:\/\/www.ibn-sinaa.com\/en\/product\/%D8%A8%D8%B1%D8%B4%D9%88%D8%B1-%D9%81%D9%84%D8%A7%D9%8A%D8%B1-a5\/?add-to-cart=199"}}]}
 ajax: no
2025-01-07T00:09:09+00:00 DEBUG Tt4b_Mapi_Class::mapi_post: Response: 

HTTP/1.1 200 OK
Server: nginx
Content-Type: application/json
Content-Length: 92
X-Tt-Logid: 202501070009093A9C3DD9E7A275CE8429
x-tt-trace-host: 018e5a586174a888928d793bdac74b79b56517d7628cf0ffdff56b078ad2cf5615c30aee8384f4710f072e3290112a0b3691d5e1b54a934f651634d4a877c6398377eefac0e8be7f164a55ab4ff3f94d2824d4243abe5e24a01a059fdb76b48e4df922f44748ffb93f9086fbf1cca87b5c
x-tt-trace-id: 00-2501070009093A9C3DD9E7A275CE8429-230B3BDD5E4350D2-00
X-Origin-Response-Time: 34,23.213.246.237
X-Akamai-Request-ID: 6947afef.afd7140
Expires: Tue, 07 Jan 2025 00:09:09 GMT
Cache-Control: max-age=0, no-cache, no-store
Pragma: no-cache
Date: Tue, 07 Jan 2025 00:09:09 GMT
X-Cache: TCP_MISS from a95-101-134-92.deploy.akamaitechnologies.com (AkamaiGHost/11.7.2.1-9611f29bef89eba7b18045b10aa2af98) (-)
Connection: close
X-Cache-Remote: TCP_MISS from a23-213-246-237.deploy.akamaitechnologies.com (AkamaiGHost/11.7.2.1-9611f29bef89eba7b18045b10aa2af98) (-)
x-tt-trace-tag: id=16;cdn-cache=miss;type=dyn
Server-Timing: cdn-cache; desc=MISS, edge; dur=83, origin; dur=34
Server-Timing: inner; dur=29
X-Parent-Response-Time: 117,95.101.134.92

{"code": 0, "message": "OK", "request_id": "202501070009093A9C3DD9E7A275CE8429", "data": {}}
2025-01-07T00:09:13+00:00 DEBUG Tt4b_Pixel_Class::inject_add_to_cart_event: hit AddToCart
2025-01-07T00:09:13+00:00 DEBUG POST: https://business-api.tiktok.com/open_api/v1.3/event/track/

{"partner_name":"WooCommerce","event_source":"web","event_source_id":"CSM79Q3C77UAG1T340I0","data":[{"event":"AddToCart","event_id":"677c70a92fa98_tt4b_woocommerce_670666209cf1f_SKU_200","event_time":1736208553,"user":{"ip":"93.158.213.25","user_agent":"Mozilla\/5.0 (compatible; MJ12bot\/v1.4.8; http:\/\/mj12bot.com\/)","locale":"ar","external_id":"0","email":"e3b0c44298fc1c149afbf4c8996fb92427ae41e4649b934ca495991b7852b855","phone_number":"e3b0c44298fc1c149afbf4c8996fb92427ae41e4649b934ca495991b7852b855","first_name":"e3b0c44298fc1c149afbf4c8996fb92427ae41e4649b934ca495991b7852b855","last_name":"e3b0c44298fc1c149afbf4c8996fb92427ae41e4649b934ca495991b7852b855","zip_code":"e3b0c44298fc1c149afbf4c8996fb92427ae41e4649b934ca495991b7852b855"},"properties":{"contents":[{"price":0,"quantity":1,"content_id":"SKU_200","content_name":"\u0637\u0628\u0627\u0639\u0629 \u0628\u0631\u0634\u0648\u0631 \u0645\u0637\u0648\u064a\u0629 A3","description":"\u0628\u0631\u0648\u0634\u0648\u0631 \u0645\u0637\u0648\u064a \u062d\u0633\u0628 \u062a\u0635\u0645\u064a\u0645 \u0627\u0644\u0639\u0645\u064a\u0644 \u0648\u0631\u0642 \u0643\u0648\u0634\u064a\u0647 \u0645\u0637\u0641\u064a 150 \u062c\u0631\u0627\u0645\r\n\u0645\u062f\u0629 \u0627\u0644\u062a\u0646\u0641\u064a\u0630 \u0627\u0644\u0645\u062a\u0648\u0642\u0639\u0629: 1 \u2013 3 \u0623\u064a\u0627\u0645 \u0639\u0645\u0644 \u0628\u0639\u062f \u062a\u0623\u0643\u064a\u062f \u0627\u0644\u0637\u0644\u0628 \u0648\u0627\u0644\u062a\u0635\u0645\u064a\u0645 \u0648\u062d\u0633\u0628 \u0627\u0644\u0643\u0645\u064a\u0629 (\u062a\u0632\u064a\u062f \u0627\u0644\u0645\u062f\u0629 \u0639\u0646\u062f \u0637\u0644\u0628 \u0627\u0644\u0634\u062d\u0646).","availability":"IN_STOCK","sale_price":0,"on_sale":false}],"content_type":"product","currency":"SAR","value":0,"event_trigger_source":"WooCommerce"},"page":{"url":"http:\/\/www.ibn-sinaa.com\/en\/product\/%D8%A8%D8%B1%D8%B4%D9%88%D8%B1-%D9%81%D9%84%D8%A7%D9%8A%D8%B1-a5\/?add-to-cart=200"}}]}
 ajax: no
2025-01-07T00:09:13+00:00 DEBUG Tt4b_Mapi_Class::mapi_post: Response: 

HTTP/1.1 200 OK
Server: nginx
Content-Type: application/json
Content-Length: 92
X-Tt-Logid: 20250107000913DAAD03890E1054CE0C97
Server-Timing: inner; dur=32
x-tt-trace-host: 018e5a586174a888928d793bdac74b79b520593bf434961dbceff88e4b17f9a156fed22672baef61ad13f523bab36c0e1b5a4fc5ccf95455abd94dc011be067c7d2d1520de44b8ac7e162efb1689099031e8ca528d099c87a6d9389797f333368f
x-tt-trace-id: 00-250107000913DAAD03890E1054CE0C97-302914BC7E7A0E94-00
Expires: Tue, 07 Jan 2025 00:09:13 GMT
Cache-Control: max-age=0, no-cache, no-store
Pragma: no-cache
Date: Tue, 07 Jan 2025 00:09:13 GMT
X-Cache: TCP_MISS from a95-101-134-116.deploy.akamaitechnologies.com (AkamaiGHost/11.7.2.1-9611f29bef89eba7b18045b10aa2af98) (-)
Connection: close
x-tt-trace-tag: id=16;cdn-cache=miss;type=dyn
Server-Timing: cdn-cache; desc=MISS, edge; dur=0, origin; dur=121
X-Origin-Response-Time: 121,95.101.134.116
X-Akamai-Request-ID: a825607

{"code": 0, "message": "OK", "request_id": "20250107000913DAAD03890E1054CE0C97", "data": {}}
2025-01-07T00:09:13+00:00 DEBUG POST: https://business-api.tiktok.com/open_api/v1.3/event/track/

{"partner_name":"WooCommerce","event_source":"web","event_source_id":"CSM79Q3C77UAG1T340I0","data":[{"event":"Pageview","event_id":"677c70a97c3af_tt4b_woocommerce_670666209cf1f","event_time":1736208553,"user":{"ip":"93.158.213.25","user_agent":"Mozilla\/5.0 (compatible; MJ12bot\/v1.4.8; http:\/\/mj12bot.com\/)","locale":"ar","external_id":"0","email":"e3b0c44298fc1c149afbf4c8996fb92427ae41e4649b934ca495991b7852b855","phone_number":"e3b0c44298fc1c149afbf4c8996fb92427ae41e4649b934ca495991b7852b855","first_name":"e3b0c44298fc1c149afbf4c8996fb92427ae41e4649b934ca495991b7852b855","last_name":"e3b0c44298fc1c149afbf4c8996fb92427ae41e4649b934ca495991b7852b855","zip_code":"e3b0c44298fc1c149afbf4c8996fb92427ae41e4649b934ca495991b7852b855"},"page":{"url":"http:\/\/www.ibn-sinaa.com\/en\/product\/%D8%A8%D8%B1%D8%B4%D9%88%D8%B1-%D9%81%D9%84%D8%A7%D9%8A%D8%B1-a5\/?add-to-cart=200"}}]}
 ajax: no
2025-01-07T00:09:13+00:00 DEBUG Tt4b_Mapi_Class::mapi_post: Response: 

HTTP/1.1 200 OK
Server: nginx
Content-Type: application/json
Content-Length: 92
X-Tt-Logid: 20250107000913921DE50995160F73E754
Server-Timing: inner; dur=34
x-tt-trace-host: 018e5a586174a888928d793bdac74b79b51a437ee89a1c03eb2011d034a2e3e9f5c574c4499c9fb7d9c2bb585db4335cf8470d02beefd1054983559661d650e4a56649f67775de8fd2e542078e76081a90d4a3390c41112c11ee1eda6080b06a36
x-tt-trace-id: 00-250107000913921DE50995160F73E754-6C457AD194C8AA65-00
Expires: Tue, 07 Jan 2025 00:09:13 GMT
Cache-Control: max-age=0, no-cache, no-store
Pragma: no-cache
Date: Tue, 07 Jan 2025 00:09:13 GMT
X-Cache: TCP_MISS from a95-101-134-92.deploy.akamaitechnologies.com (AkamaiGHost/11.7.2.1-9611f29bef89eba7b18045b10aa2af98) (-)
Connection: close
x-tt-trace-tag: id=16;cdn-cache=miss;type=dyn
Server-Timing: cdn-cache; desc=MISS, edge; dur=1, origin; dur=113
X-Origin-Response-Time: 114,95.101.134.92
X-Akamai-Request-ID: afda9e4

{"code": 0, "message": "OK", "request_id": "20250107000913921DE50995160F73E754", "data": {}}
2025-01-07T00:09:17+00:00 DEBUG Tt4b_Pixel_Class::inject_add_to_cart_event: hit AddToCart
2025-01-07T00:09:17+00:00 DEBUG POST: https://business-api.tiktok.com/open_api/v1.3/event/track/

{"partner_name":"WooCommerce","event_source":"web","event_source_id":"CSM79Q3C77UAG1T340I0","data":[{"event":"AddToCart","event_id":"677c70adb7ad8_tt4b_woocommerce_670666209cf1f_SKU_22","event_time":1736208557,"user":{"ip":"93.158.213.25","user_agent":"Mozilla\/5.0 (compatible; MJ12bot\/v1.4.8; http:\/\/mj12bot.com\/)","locale":"ar","external_id":"0","email":"e3b0c44298fc1c149afbf4c8996fb92427ae41e4649b934ca495991b7852b855","phone_number":"e3b0c44298fc1c149afbf4c8996fb92427ae41e4649b934ca495991b7852b855","first_name":"e3b0c44298fc1c149afbf4c8996fb92427ae41e4649b934ca495991b7852b855","last_name":"e3b0c44298fc1c149afbf4c8996fb92427ae41e4649b934ca495991b7852b855","zip_code":"e3b0c44298fc1c149afbf4c8996fb92427ae41e4649b934ca495991b7852b855"},"properties":{"contents":[{"price":0,"quantity":1,"content_id":"SKU_22","content_name":"\u0637\u0628\u0627\u0639\u0629 \u0628\u0631\u0634\u0648\u0631 \u0641\u0644\u0627\u064a\u0631 A3","description":"\u0641\u0644\u0627\u064a\u0631 \u0645\u0642\u0627\u0633 A3 \u0637\u0628\u0627\u0639\u0629 \u0639\u0644\u0649 \u0648\u0631\u0642 \u0643\u0648\u0634\u064a\u0647 150 \u062c\u0631\u0627\u0645 \u0637\u0628\u0627\u0639\u0629 \u0628\u062c\u0648\u062f\u0629 \u0639\u0627\u0644\u064a\u0629.\r\n\u0645\u062f\u0629 \u0627\u0644\u062a\u0646\u0641\u064a\u0630 \u0627\u0644\u0645\u062a\u0648\u0642\u0639\u0629: 1 \u2013 3 \u0623\u064a\u0627\u0645 \u0639\u0645\u0644 \u0628\u0639\u062f \u062a\u0623\u0643\u064a\u062f \u0627\u0644\u0637\u0644\u0628 \u0648\u0627\u0644\u062a\u0635\u0645\u064a\u0645 \u0648\u062d\u0633\u0628 \u0627\u0644\u0643\u0645\u064a\u0629 (\u062a\u0632\u064a\u062f \u0627\u0644\u0645\u062f\u0629 \u0639\u0646\u062f \u0637\u0644\u0628 \u0627\u0644\u0634\u062d\u0646).","availability":"IN_STOCK","sale_price":0,"on_sale":false}],"content_type":"product","currency":"SAR","value":0,"event_trigger_source":"WooCommerce"},"page":{"url":"http:\/\/www.ibn-sinaa.com\/en\/product\/%D8%A8%D8%B1%D8%B4%D9%88%D8%B1-%D9%81%D9%84%D8%A7%D9%8A%D8%B1-a5\/?add-to-cart=22"}}]}
 ajax: no
2025-01-07T00:09:17+00:00 DEBUG Tt4b_Mapi_Class::mapi_post: Response: 

HTTP/1.1 200 OK
Server: nginx
Content-Type: application/json
Content-Length: 92
X-Tt-Logid: 20250107000917FC980B6B101D6C336183
Server-Timing: inner; dur=75
x-tt-trace-host: 018e5a586174a888928d793bdac74b79b51a437ee89a1c03eb2011d034a2e3e9f5c574c4499c9fb7d9c2bb585db4335cf83b11c65de16e68aba59d745ad89b0e6eb1d6bc95e24d1728ace73dc25ad291ebbdd0eaa8625718afd7a650debc3a469e
x-tt-trace-id: 00-250107000917FC980B6B101D6C336183-569045E34FB50613-00
Expires: Tue, 07 Jan 2025 00:09:17 GMT
Cache-Control: max-age=0, no-cache, no-store
Pragma: no-cache
Date: Tue, 07 Jan 2025 00:09:17 GMT
X-Cache: TCP_MISS from a95-101-134-92.deploy.akamaitechnologies.com (AkamaiGHost/11.7.2.1-9611f29bef89eba7b18045b10aa2af98) (-)
Connection: close
x-tt-trace-tag: id=16;cdn-cache=miss;type=dyn
Server-Timing: cdn-cache; desc=MISS, edge; dur=0, origin; dur=158
X-Origin-Response-Time: 158,95.101.134.92
X-Akamai-Request-ID: afde236

{"code": 0, "message": "OK", "request_id": "20250107000917FC980B6B101D6C336183", "data": {}}
2025-01-07T00:09:18+00:00 DEBUG POST: https://business-api.tiktok.com/open_api/v1.3/event/track/

{"partner_name":"WooCommerce","event_source":"web","event_source_id":"CSM79Q3C77UAG1T340I0","data":[{"event":"Pageview","event_id":"677c70ae1aa92_tt4b_woocommerce_670666209cf1f","event_time":1736208558,"user":{"ip":"93.158.213.25","user_agent":"Mozilla\/5.0 (compatible; MJ12bot\/v1.4.8; http:\/\/mj12bot.com\/)","locale":"ar","external_id":"0","email":"e3b0c44298fc1c149afbf4c8996fb92427ae41e4649b934ca495991b7852b855","phone_number":"e3b0c44298fc1c149afbf4c8996fb92427ae41e4649b934ca495991b7852b855","first_name":"e3b0c44298fc1c149afbf4c8996fb92427ae41e4649b934ca495991b7852b855","last_name":"e3b0c44298fc1c149afbf4c8996fb92427ae41e4649b934ca495991b7852b855","zip_code":"e3b0c44298fc1c149afbf4c8996fb92427ae41e4649b934ca495991b7852b855"},"page":{"url":"http:\/\/www.ibn-sinaa.com\/en\/product\/%D8%A8%D8%B1%D8%B4%D9%88%D8%B1-%D9%81%D9%84%D8%A7%D9%8A%D8%B1-a5\/?add-to-cart=22"}}]}
 ajax: no
2025-01-07T00:09:18+00:00 DEBUG Tt4b_Mapi_Class::mapi_post: Response: 

HTTP/1.1 200 OK
Server: nginx
Content-Type: application/json
Content-Length: 92
X-Tt-Logid: 20250107000918C7AB8B92EE437334D90E
Server-Timing: inner; dur=27
x-tt-trace-host: 018e5a586174a888928d793bdac74b79b520593bf434961dbceff88e4b17f9a1565238e8f27831edb35d7e43f0e8c20d32d9c0b0bd224de05e390e79565ca75396a91f5d74e7e8aa1044dcd2136756829d6eefbaefbf525f9f2892a16981190aec
x-tt-trace-id: 00-250107000918C7AB8B92EE437334D90E-6DC67D187B34EE1A-00
Expires: Tue, 07 Jan 2025 00:09:18 GMT
Cache-Control: max-age=0, no-cache, no-store
Pragma: no-cache
Date: Tue, 07 Jan 2025 00:09:18 GMT
X-Cache: TCP_MISS from a95-101-134-116.deploy.akamaitechnologies.com (AkamaiGHost/11.7.2.1-9611f29bef89eba7b18045b10aa2af98) (-)
Connection: close
x-tt-trace-tag: id=16;cdn-cache=miss;type=dyn
Server-Timing: cdn-cache; desc=MISS, edge; dur=1, origin; dur=109
X-Origin-Response-Time: 109,95.101.134.116
X-Akamai-Request-ID: a827adb

{"code": 0, "message": "OK", "request_id": "20250107000918C7AB8B92EE437334D90E", "data": {}}
2025-01-07T00:09:22+00:00 DEBUG Tt4b_Pixel_Class::inject_add_to_cart_event: hit AddToCart
2025-01-07T00:09:22+00:00 DEBUG POST: https://business-api.tiktok.com/open_api/v1.3/event/track/

{"partner_name":"WooCommerce","event_source":"web","event_source_id":"CSM79Q3C77UAG1T340I0","data":[{"event":"AddToCart","event_id":"677c70b22e061_tt4b_woocommerce_670666209cf1f_2499","event_time":1736208562,"user":{"ip":"93.158.213.25","user_agent":"Mozilla\/5.0 (compatible; MJ12bot\/v1.4.8; http:\/\/mj12bot.com\/)","locale":"ar","external_id":"0","email":"e3b0c44298fc1c149afbf4c8996fb92427ae41e4649b934ca495991b7852b855","phone_number":"e3b0c44298fc1c149afbf4c8996fb92427ae41e4649b934ca495991b7852b855","first_name":"e3b0c44298fc1c149afbf4c8996fb92427ae41e4649b934ca495991b7852b855","last_name":"e3b0c44298fc1c149afbf4c8996fb92427ae41e4649b934ca495991b7852b855","zip_code":"e3b0c44298fc1c149afbf4c8996fb92427ae41e4649b934ca495991b7852b855"},"properties":{"contents":[{"price":70,"quantity":1,"content_id":"2499","content_name":"\u0637\u0628\u0627\u0639\u0647 \u0628\u0646\u0631","description":"<ul>\r\n \t<li>\u00a0\u0637\u0628\u0627\u0639\u0629 \u0627\u0644\u0628\u0646\u0631\u0627\u062a \u0628\u062f\u0642\u0629 \u0639\u0627\u0644\u064a\u0629 \u0648 \u0627\u0641\u0636\u0644 \u062c\u0648\u062f\u0629.<\/li>\r\n \t<li>\u0627\u0642\u0635\u0649 \u0639\u0631\u0636 \u0644\u0644\u0628\u0646\u0631 1.5 \u0645\u062a\u0631.<\/li>\r\n \t<li>\u0645\u062f\u0629 \u0627\u0644\u062a\u0646\u0641\u064a\u0630: \u0645\u0646 1 \u0625\u0644\u0649 2 \u0623\u064a\u0627\u0645 \u0639\u0645\u0644 \u0628\u0639\u062f \u0627\u0639\u062a\u0645\u0627\u062f \u0627\u0644\u062a\u0635\u0645\u064a\u0645 \u0648\u0627\u0644\u0637\u0644\u0628 \u062d\u0633\u0628 \u0627\u0644\u0643\u0645\u064a\u0629.<\/li>\r\n<\/ul>","availability":"IN_STOCK","sale_price":70,"on_sale":false}],"content_type":"product","currency":"SAR","value":70,"event_trigger_source":"WooCommerce"},"page":{"url":"http:\/\/www.ibn-sinaa.com\/en\/product\/%D8%A8%D8%B1%D8%B4%D9%88%D8%B1-%D9%81%D9%84%D8%A7%D9%8A%D8%B1-a5\/?add-to-cart=2499"}}]}
 ajax: no
2025-01-07T00:09:22+00:00 DEBUG Tt4b_Mapi_Class::mapi_post: Response: 

HTTP/1.1 200 OK
Server: nginx
Content-Type: application/json
Content-Length: 92
X-Tt-Logid: 202501070009226C823ED32136E2E8C4EE
x-tt-trace-host: 018e5a586174a888928d793bdac74b79b56517d7628cf0ffdff56b078ad2cf5615c56a2fe5b8d7ef77431c75a0078c5bcfaa1dfba2d78be54271e2b2ba8735e4bf361495cd757b5096516c9ec747dd57b0aa1471e47c844056a5c8d00d0949b7890beae417ad6827ad20cb049b0cb215ca
x-tt-trace-id: 00-2501070009226C823ED32136E2E8C4EE-574BD041625131F7-00
X-Origin-Response-Time: 42,23.213.246.229
X-Akamai-Request-ID: 3d852f41.afe1b31
Expires: Tue, 07 Jan 2025 00:09:22 GMT
Cache-Control: max-age=0, no-cache, no-store
Pragma: no-cache
Date: Tue, 07 Jan 2025 00:09:22 GMT
X-Cache: TCP_MISS from a95-101-134-92.deploy.akamaitechnologies.com (AkamaiGHost/11.7.2.1-9611f29bef89eba7b18045b10aa2af98) (-)
Connection: close
X-Cache-Remote: TCP_MISS from a23-213-246-229.deploy.akamaitechnologies.com (AkamaiGHost/11.7.2.1-9611f29bef89eba7b18045b10aa2af98) (-)
x-tt-trace-tag: id=16;cdn-cache=miss;type=dyn
Server-Timing: cdn-cache; desc=MISS, edge; dur=102, origin; dur=42
Server-Timing: inner; dur=36
X-Parent-Response-Time: 144,95.101.134.92

{"code": 0, "message": "OK", "request_id": "202501070009226C823ED32136E2E8C4EE", "data": {}}
2025-01-07T00:09:22+00:00 DEBUG POST: https://business-api.tiktok.com/open_api/v1.3/event/track/

{"partner_name":"WooCommerce","event_source":"web","event_source_id":"CSM79Q3C77UAG1T340I0","data":[{"event":"Pageview","event_id":"677c70b27e4a1_tt4b_woocommerce_670666209cf1f","event_time":1736208562,"user":{"ip":"93.158.213.25","user_agent":"Mozilla\/5.0 (compatible; MJ12bot\/v1.4.8; http:\/\/mj12bot.com\/)","locale":"ar","external_id":"0","email":"e3b0c44298fc1c149afbf4c8996fb92427ae41e4649b934ca495991b7852b855","phone_number":"e3b0c44298fc1c149afbf4c8996fb92427ae41e4649b934ca495991b7852b855","first_name":"e3b0c44298fc1c149afbf4c8996fb92427ae41e4649b934ca495991b7852b855","last_name":"e3b0c44298fc1c149afbf4c8996fb92427ae41e4649b934ca495991b7852b855","zip_code":"e3b0c44298fc1c149afbf4c8996fb92427ae41e4649b934ca495991b7852b855"},"page":{"url":"http:\/\/www.ibn-sinaa.com\/en\/product\/%D8%A8%D8%B1%D8%B4%D9%88%D8%B1-%D9%81%D9%84%D8%A7%D9%8A%D8%B1-a5\/?add-to-cart=2499"}}]}
 ajax: no
2025-01-07T00:09:22+00:00 DEBUG Tt4b_Mapi_Class::mapi_post: Response: 

HTTP/1.1 200 OK
Server: nginx
Content-Type: application/json
Content-Length: 92
X-Tt-Logid: 202501070009228D3AACFFD661F141F0C3
x-tt-trace-host: 018e5a586174a888928d793bdac74b79b519a86797e72c2eba011e03e23beee17ddd399332df3c535577788db727d2fd73be1cb94db662f2255152be65c12913814d1e06804d3742bea91ac12ddf2dbd2c7509fe0e416891a90e8f8f166872be3822e63840962915d0fd37a87ccafe458c
x-tt-trace-id: 00-2501070009228D3AACFFD661F141F0C3-56B93F0F55FBC601-00
X-Origin-Response-Time: 86,23.213.246.240
X-Akamai-Request-ID: 4743b08c.a829b0d
Expires: Tue, 07 Jan 2025 00:09:22 GMT
Cache-Control: max-age=0, no-cache, no-store
Pragma: no-cache
Date: Tue, 07 Jan 2025 00:09:22 GMT
X-Cache: TCP_MISS from a95-101-134-116.deploy.akamaitechnologies.com (AkamaiGHost/11.7.2.1-9611f29bef89eba7b18045b10aa2af98) (-)
Connection: close
X-Cache-Remote: TCP_MISS from a23-213-246-240.deploy.akamaitechnologies.com (AkamaiGHost/11.7.2.1-9611f29bef89eba7b18045b10aa2af98) (-)
x-tt-trace-tag: id=16;cdn-cache=miss;type=dyn
Server-Timing: cdn-cache; desc=MISS, edge; dur=89, origin; dur=86
Server-Timing: inner; dur=75
X-Parent-Response-Time: 175,95.101.134.116

{"code": 0, "message": "OK", "request_id": "202501070009228D3AACFFD661F141F0C3", "data": {}}
2025-01-07T00:09:26+00:00 DEBUG Tt4b_Pixel_Class::inject_add_to_cart_event: hit AddToCart
2025-01-07T00:09:26+00:00 DEBUG POST: https://business-api.tiktok.com/open_api/v1.3/event/track/

{"partner_name":"WooCommerce","event_source":"web","event_source_id":"CSM79Q3C77UAG1T340I0","data":[{"event":"AddToCart","event_id":"677c70b6d2720_tt4b_woocommerce_670666209cf1f_SKU_199","event_time":1736208566,"user":{"ip":"93.158.213.25","user_agent":"Mozilla\/5.0 (compatible; MJ12bot\/v1.4.8; http:\/\/mj12bot.com\/)","locale":"ar","external_id":"0","email":"e3b0c44298fc1c149afbf4c8996fb92427ae41e4649b934ca495991b7852b855","phone_number":"e3b0c44298fc1c149afbf4c8996fb92427ae41e4649b934ca495991b7852b855","first_name":"e3b0c44298fc1c149afbf4c8996fb92427ae41e4649b934ca495991b7852b855","last_name":"e3b0c44298fc1c149afbf4c8996fb92427ae41e4649b934ca495991b7852b855","zip_code":"e3b0c44298fc1c149afbf4c8996fb92427ae41e4649b934ca495991b7852b855"},"properties":{"contents":[{"price":0,"quantity":1,"content_id":"SKU_199","content_name":"\u0637\u0628\u0627\u0639\u0629 \u0628\u0631\u0634\u0648\u0631 \u0645\u0637\u0648\u064a\u0629 A4","description":"\u0628\u0631\u0648\u0634\u0648\u0631 \u0645\u0637\u0648\u064a \u062d\u0633\u0628 \u062a\u0635\u0645\u064a\u0645 \u0627\u0644\u0639\u0645\u064a\u0644 \u0648\u0631\u0642 \u0643\u0648\u0634\u064a\u0647 \u0645\u0637\u0641\u064a 150 \u062c\u0631\u0627\u0645.\r\n\u0645\u062f\u0629 \u0627\u0644\u062a\u0646\u0641\u064a\u0630 \u0627\u0644\u0645\u062a\u0648\u0642\u0639\u0629: 3 \u2013 5 \u0623\u064a\u0627\u0645 \u0639\u0645\u0644 \u0628\u0639\u062f \u062a\u0623\u0643\u064a\u062f \u0627\u0644\u0637\u0644\u0628 \u0648\u0627\u0644\u062a\u0635\u0645\u064a\u0645 \u0648\u062d\u0633\u0628 \u0627\u0644\u0643\u0645\u064a\u0629 (\u062a\u0632\u064a\u062f \u0627\u0644\u0645\u062f\u0629 \u0639\u0646\u062f \u0637\u0644\u0628 \u0627\u0644\u0634\u062d\u0646).","availability":"IN_STOCK","sale_price":0,"on_sale":false}],"content_type":"product","currency":"SAR","value":0,"event_trigger_source":"WooCommerce"},"page":{"url":"http:\/\/www.ibn-sinaa.com\/en\/product\/%D8%A8%D8%B1%D8%B4%D9%88%D8%B1-%D9%85%D8%B7%D9%88%D9%8A%D8%A9-a3\/?add-to-cart=199"}}]}
 ajax: no
2025-01-07T00:09:27+00:00 DEBUG Tt4b_Mapi_Class::mapi_post: Response: 

HTTP/1.1 200 OK
Server: nginx
Content-Type: application/json
Content-Length: 92
X-Tt-Logid: 20250107000926F047DE9A3BD36EE668B4
Server-Timing: inner; dur=132
x-tt-trace-host: 018e5a586174a888928d793bdac74b79b51a437ee89a1c03eb2011d034a2e3e9f5a19e57dd82479d244806b0ad7a51bc74407394a096a7b8cccd5ccdd0beed7df1394538146b01fe02da65f88f76bfbaccb7c2b27d59768ec3f729acfd62997973
x-tt-trace-id: 00-250107000926F047DE9A3BD36EE668B4-55108C06568D934E-00
Expires: Tue, 07 Jan 2025 00:09:27 GMT
Cache-Control: max-age=0, no-cache, no-store
Pragma: no-cache
Date: Tue, 07 Jan 2025 00:09:27 GMT
X-Cache: TCP_MISS from a95-101-134-92.deploy.akamaitechnologies.com (AkamaiGHost/11.7.2.1-9611f29bef89eba7b18045b10aa2af98) (-)
Connection: close
x-tt-trace-tag: id=16;cdn-cache=miss;type=dyn
Server-Timing: cdn-cache; desc=MISS, edge; dur=1, origin; dur=212
X-Origin-Response-Time: 212,95.101.134.92
X-Akamai-Request-ID: afe598f

{"code": 0, "message": "OK", "request_id": "20250107000926F047DE9A3BD36EE668B4", "data": {}}
2025-01-07T00:09:27+00:00 DEBUG POST: https://business-api.tiktok.com/open_api/v1.3/event/track/

{"partner_name":"WooCommerce","event_source":"web","event_source_id":"CSM79Q3C77UAG1T340I0","data":[{"event":"Pageview","event_id":"677c70b73b842_tt4b_woocommerce_670666209cf1f","event_time":1736208567,"user":{"ip":"93.158.213.25","user_agent":"Mozilla\/5.0 (compatible; MJ12bot\/v1.4.8; http:\/\/mj12bot.com\/)","locale":"ar","external_id":"0","email":"e3b0c44298fc1c149afbf4c8996fb92427ae41e4649b934ca495991b7852b855","phone_number":"e3b0c44298fc1c149afbf4c8996fb92427ae41e4649b934ca495991b7852b855","first_name":"e3b0c44298fc1c149afbf4c8996fb92427ae41e4649b934ca495991b7852b855","last_name":"e3b0c44298fc1c149afbf4c8996fb92427ae41e4649b934ca495991b7852b855","zip_code":"e3b0c44298fc1c149afbf4c8996fb92427ae41e4649b934ca495991b7852b855"},"page":{"url":"http:\/\/www.ibn-sinaa.com\/en\/product\/%D8%A8%D8%B1%D8%B4%D9%88%D8%B1-%D9%85%D8%B7%D9%88%D9%8A%D8%A9-a3\/?add-to-cart=199"}}]}
 ajax: no
2025-01-07T00:09:27+00:00 DEBUG Tt4b_Mapi_Class::mapi_post: Response: 

HTTP/1.1 200 OK
Server: nginx
Content-Type: application/json
Content-Length: 92
X-Tt-Logid: 20250107000927624BA83EF38975C2FF3D
Server-Timing: inner; dur=32
x-tt-trace-host: 018e5a586174a888928d793bdac74b79b520593bf434961dbceff88e4b17f9a156ffd02928d8fc895d224fac04b5a07ff764e443a27d6b1d45766a03bb76181550ebeb5e9853f97a3706dc140b557ca1d1e8076b10349f39e66366d207fab0be61
x-tt-trace-id: 00-250107000927624BA83EF38975C2FF3D-5F5DDE936E52FE13-00
Expires: Tue, 07 Jan 2025 00:09:27 GMT
Cache-Control: max-age=0, no-cache, no-store
Pragma: no-cache
Date: Tue, 07 Jan 2025 00:09:27 GMT
X-Cache: TCP_MISS from a95-101-134-116.deploy.akamaitechnologies.com (AkamaiGHost/11.7.2.1-9611f29bef89eba7b18045b10aa2af98) (-)
Connection: close
x-tt-trace-tag: id=16;cdn-cache=miss;type=dyn
Server-Timing: cdn-cache; desc=MISS, edge; dur=0, origin; dur=113
X-Origin-Response-Time: 113,95.101.134.116
X-Akamai-Request-ID: a82be28

{"code": 0, "message": "OK", "request_id": "20250107000927624BA83EF38975C2FF3D", "data": {}}
2025-01-07T00:09:31+00:00 DEBUG Tt4b_Pixel_Class::inject_add_to_cart_event: hit AddToCart
2025-01-07T00:09:31+00:00 DEBUG POST: https://business-api.tiktok.com/open_api/v1.3/event/track/

{"partner_name":"WooCommerce","event_source":"web","event_source_id":"CSM79Q3C77UAG1T340I0","data":[{"event":"AddToCart","event_id":"677c70bb3ff30_tt4b_woocommerce_670666209cf1f_SKU_200","event_time":1736208571,"user":{"ip":"93.158.213.25","user_agent":"Mozilla\/5.0 (compatible; MJ12bot\/v1.4.8; http:\/\/mj12bot.com\/)","locale":"ar","external_id":"0","email":"e3b0c44298fc1c149afbf4c8996fb92427ae41e4649b934ca495991b7852b855","phone_number":"e3b0c44298fc1c149afbf4c8996fb92427ae41e4649b934ca495991b7852b855","first_name":"e3b0c44298fc1c149afbf4c8996fb92427ae41e4649b934ca495991b7852b855","last_name":"e3b0c44298fc1c149afbf4c8996fb92427ae41e4649b934ca495991b7852b855","zip_code":"e3b0c44298fc1c149afbf4c8996fb92427ae41e4649b934ca495991b7852b855"},"properties":{"contents":[{"price":0,"quantity":1,"content_id":"SKU_200","content_name":"\u0637\u0628\u0627\u0639\u0629 \u0628\u0631\u0634\u0648\u0631 \u0645\u0637\u0648\u064a\u0629 A3","description":"\u0628\u0631\u0648\u0634\u0648\u0631 \u0645\u0637\u0648\u064a \u062d\u0633\u0628 \u062a\u0635\u0645\u064a\u0645 \u0627\u0644\u0639\u0645\u064a\u0644 \u0648\u0631\u0642 \u0643\u0648\u0634\u064a\u0647 \u0645\u0637\u0641\u064a 150 \u062c\u0631\u0627\u0645\r\n\u0645\u062f\u0629 \u0627\u0644\u062a\u0646\u0641\u064a\u0630 \u0627\u0644\u0645\u062a\u0648\u0642\u0639\u0629: 1 \u2013 3 \u0623\u064a\u0627\u0645 \u0639\u0645\u0644 \u0628\u0639\u062f \u062a\u0623\u0643\u064a\u062f \u0627\u0644\u0637\u0644\u0628 \u0648\u0627\u0644\u062a\u0635\u0645\u064a\u0645 \u0648\u062d\u0633\u0628 \u0627\u0644\u0643\u0645\u064a\u0629 (\u062a\u0632\u064a\u062f \u0627\u0644\u0645\u062f\u0629 \u0639\u0646\u062f \u0637\u0644\u0628 \u0627\u0644\u0634\u062d\u0646).","availability":"IN_STOCK","sale_price":0,"on_sale":false}],"content_type":"product","currency":"SAR","value":0,"event_trigger_source":"WooCommerce"},"page":{"url":"http:\/\/www.ibn-sinaa.com\/en\/product\/%D8%A8%D8%B1%D8%B4%D9%88%D8%B1-%D9%85%D8%B7%D9%88%D9%8A%D8%A9-a3\/?add-to-cart=200"}}]}
 ajax: no
2025-01-07T00:09:31+00:00 DEBUG Tt4b_Mapi_Class::mapi_post: Response: 

HTTP/1.1 200 OK
Server: nginx
Content-Type: application/json
Content-Length: 92
X-Tt-Logid: 20250107000931A7202DEC7A2A97FD1C3A
Server-Timing: inner; dur=29
x-tt-trace-host: 018e5a586174a888928d793bdac74b79b520593bf434961dbceff88e4b17f9a1561cf0a0fcd7ca9b60893a379f7a03250163ec72a159db2c097db993ff032c8258faf51ecb748da55d0c2a247b0309f195b673ff5211286705950f68fee0532036
x-tt-trace-id: 00-250107000931A7202DEC7A2A97FD1C3A-7960620F3EDCF335-00
Expires: Tue, 07 Jan 2025 00:09:31 GMT
Cache-Control: max-age=0, no-cache, no-store
Pragma: no-cache
Date: Tue, 07 Jan 2025 00:09:31 GMT
X-Cache: TCP_MISS from a95-101-134-116.deploy.akamaitechnologies.com (AkamaiGHost/11.7.2.1-9611f29bef89eba7b18045b10aa2af98) (-)
Connection: close
x-tt-trace-tag: id=16;cdn-cache=miss;type=dyn
Server-Timing: cdn-cache; desc=MISS, edge; dur=0, origin; dur=112
X-Origin-Response-Time: 112,95.101.134.116
X-Akamai-Request-ID: a82db29

{"code": 0, "message": "OK", "request_id": "20250107000931A7202DEC7A2A97FD1C3A", "data": {}}
2025-01-07T00:09:31+00:00 DEBUG POST: https://business-api.tiktok.com/open_api/v1.3/event/track/

{"partner_name":"WooCommerce","event_source":"web","event_source_id":"CSM79Q3C77UAG1T340I0","data":[{"event":"Pageview","event_id":"677c70bb884f5_tt4b_woocommerce_670666209cf1f","event_time":1736208571,"user":{"ip":"93.158.213.25","user_agent":"Mozilla\/5.0 (compatible; MJ12bot\/v1.4.8; http:\/\/mj12bot.com\/)","locale":"ar","external_id":"0","email":"e3b0c44298fc1c149afbf4c8996fb92427ae41e4649b934ca495991b7852b855","phone_number":"e3b0c44298fc1c149afbf4c8996fb92427ae41e4649b934ca495991b7852b855","first_name":"e3b0c44298fc1c149afbf4c8996fb92427ae41e4649b934ca495991b7852b855","last_name":"e3b0c44298fc1c149afbf4c8996fb92427ae41e4649b934ca495991b7852b855","zip_code":"e3b0c44298fc1c149afbf4c8996fb92427ae41e4649b934ca495991b7852b855"},"page":{"url":"http:\/\/www.ibn-sinaa.com\/en\/product\/%D8%A8%D8%B1%D8%B4%D9%88%D8%B1-%D9%85%D8%B7%D9%88%D9%8A%D8%A9-a3\/?add-to-cart=200"}}]}
 ajax: no
2025-01-07T00:09:31+00:00 DEBUG Tt4b_Mapi_Class::mapi_post: Response: 

HTTP/1.1 200 OK
Server: nginx
Content-Type: application/json
Content-Length: 92
X-Tt-Logid: 20250107000931F047DE9A3BD36EE66A13
Server-Timing: inner; dur=26
x-tt-trace-host: 018e5a586174a888928d793bdac74b79b51a437ee89a1c03eb2011d034a2e3e9f5a19e57dd82479d244806b0ad7a51bc74cf080b44c1f052a4132db8118fb7ff49314a185a2e5260633ef6268d25c093785d41f29f2f21a919793da6999cb363fa
x-tt-trace-id: 00-250107000931F047DE9A3BD36EE66A13-1B3B19571C63D1FF-00
Expires: Tue, 07 Jan 2025 00:09:31 GMT
Cache-Control: max-age=0, no-cache, no-store
Pragma: no-cache
Date: Tue, 07 Jan 2025 00:09:31 GMT
X-Cache: TCP_MISS from a95-101-134-92.deploy.akamaitechnologies.com (AkamaiGHost/11.7.2.1-9611f29bef89eba7b18045b10aa2af98) (-)
Connection: close
x-tt-trace-tag: id=16;cdn-cache=miss;type=dyn
Server-Timing: cdn-cache; desc=MISS, edge; dur=0, origin; dur=106
X-Origin-Response-Time: 106,95.101.134.92
X-Akamai-Request-ID: afe96a5

{"code": 0, "message": "OK", "request_id": "20250107000931F047DE9A3BD36EE66A13", "data": {}}
2025-01-07T00:09:35+00:00 DEBUG Tt4b_Pixel_Class::inject_add_to_cart_event: hit AddToCart
2025-01-07T00:09:35+00:00 DEBUG POST: https://business-api.tiktok.com/open_api/v1.3/event/track/

{"partner_name":"WooCommerce","event_source":"web","event_source_id":"CSM79Q3C77UAG1T340I0","data":[{"event":"AddToCart","event_id":"677c70bfafb71_tt4b_woocommerce_670666209cf1f_SKU_22","event_time":1736208575,"user":{"ip":"93.158.213.25","user_agent":"Mozilla\/5.0 (compatible; MJ12bot\/v1.4.8; http:\/\/mj12bot.com\/)","locale":"ar","external_id":"0","email":"e3b0c44298fc1c149afbf4c8996fb92427ae41e4649b934ca495991b7852b855","phone_number":"e3b0c44298fc1c149afbf4c8996fb92427ae41e4649b934ca495991b7852b855","first_name":"e3b0c44298fc1c149afbf4c8996fb92427ae41e4649b934ca495991b7852b855","last_name":"e3b0c44298fc1c149afbf4c8996fb92427ae41e4649b934ca495991b7852b855","zip_code":"e3b0c44298fc1c149afbf4c8996fb92427ae41e4649b934ca495991b7852b855"},"properties":{"contents":[{"price":0,"quantity":1,"content_id":"SKU_22","content_name":"\u0637\u0628\u0627\u0639\u0629 \u0628\u0631\u0634\u0648\u0631 \u0641\u0644\u0627\u064a\u0631 A3","description":"\u0641\u0644\u0627\u064a\u0631 \u0645\u0642\u0627\u0633 A3 \u0637\u0628\u0627\u0639\u0629 \u0639\u0644\u0649 \u0648\u0631\u0642 \u0643\u0648\u0634\u064a\u0647 150 \u062c\u0631\u0627\u0645 \u0637\u0628\u0627\u0639\u0629 \u0628\u062c\u0648\u062f\u0629 \u0639\u0627\u0644\u064a\u0629.\r\n\u0645\u062f\u0629 \u0627\u0644\u062a\u0646\u0641\u064a\u0630 \u0627\u0644\u0645\u062a\u0648\u0642\u0639\u0629: 1 \u2013 3 \u0623\u064a\u0627\u0645 \u0639\u0645\u0644 \u0628\u0639\u062f \u062a\u0623\u0643\u064a\u062f \u0627\u0644\u0637\u0644\u0628 \u0648\u0627\u0644\u062a\u0635\u0645\u064a\u0645 \u0648\u062d\u0633\u0628 \u0627\u0644\u0643\u0645\u064a\u0629 (\u062a\u0632\u064a\u062f \u0627\u0644\u0645\u062f\u0629 \u0639\u0646\u062f \u0637\u0644\u0628 \u0627\u0644\u0634\u062d\u0646).","availability":"IN_STOCK","sale_price":0,"on_sale":false}],"content_type":"product","currency":"SAR","value":0,"event_trigger_source":"WooCommerce"},"page":{"url":"http:\/\/www.ibn-sinaa.com\/en\/product\/%D8%A8%D8%B1%D8%B4%D9%88%D8%B1-%D9%85%D8%B7%D9%88%D9%8A%D8%A9-a3\/?add-to-cart=22"}}]}
 ajax: no
2025-01-07T00:09:35+00:00 DEBUG Tt4b_Mapi_Class::mapi_post: Response: 

HTTP/1.1 200 OK
Server: nginx
Content-Type: application/json
Content-Length: 92
X-Tt-Logid: 20250107000935B14ED53439D76AC2E741
x-tt-trace-host: 018e5a586174a888928d793bdac74b79b56517d7628cf0ffdff56b078ad2cf5615c56a2fe5b8d7ef77431c75a0078c5bcfb809fdbbda7485c70308e736561ed8dad3d80efba88b635c2cc685904495ce401be927a136f7860dc04d7bf5394a7f94353d46307d5a1730a4fc2ed0bdb9d4f0
x-tt-trace-id: 00-250107000935B14ED53439D76AC2E741-55108C06559C8F82-00
X-Origin-Response-Time: 47,23.213.246.229
X-Akamai-Request-ID: 3d880945.afeccfd
Expires: Tue, 07 Jan 2025 00:09:35 GMT
Cache-Control: max-age=0, no-cache, no-store
Pragma: no-cache
Date: Tue, 07 Jan 2025 00:09:35 GMT
X-Cache: TCP_MISS from a95-101-134-92.deploy.akamaitechnologies.com (AkamaiGHost/11.7.2.1-9611f29bef89eba7b18045b10aa2af98) (-)
Connection: close
X-Cache-Remote: TCP_MISS from a23-213-246-229.deploy.akamaitechnologies.com (AkamaiGHost/11.7.2.1-9611f29bef89eba7b18045b10aa2af98) (-)
x-tt-trace-tag: id=16;cdn-cache=miss;type=dyn
Server-Timing: cdn-cache; desc=MISS, edge; dur=90, origin; dur=47
Server-Timing: inner; dur=37
X-Parent-Response-Time: 135,95.101.134.92

{"code": 0, "message": "OK", "request_id": "20250107000935B14ED53439D76AC2E741", "data": {}}
2025-01-07T00:09:36+00:00 DEBUG POST: https://business-api.tiktok.com/open_api/v1.3/event/track/

{"partner_name":"WooCommerce","event_source":"web","event_source_id":"CSM79Q3C77UAG1T340I0","data":[{"event":"Pageview","event_id":"677c70c00bfb5_tt4b_woocommerce_670666209cf1f","event_time":1736208576,"user":{"ip":"93.158.213.25","user_agent":"Mozilla\/5.0 (compatible; MJ12bot\/v1.4.8; http:\/\/mj12bot.com\/)","locale":"ar","external_id":"0","email":"e3b0c44298fc1c149afbf4c8996fb92427ae41e4649b934ca495991b7852b855","phone_number":"e3b0c44298fc1c149afbf4c8996fb92427ae41e4649b934ca495991b7852b855","first_name":"e3b0c44298fc1c149afbf4c8996fb92427ae41e4649b934ca495991b7852b855","last_name":"e3b0c44298fc1c149afbf4c8996fb92427ae41e4649b934ca495991b7852b855","zip_code":"e3b0c44298fc1c149afbf4c8996fb92427ae41e4649b934ca495991b7852b855"},"page":{"url":"http:\/\/www.ibn-sinaa.com\/en\/product\/%D8%A8%D8%B1%D8%B4%D9%88%D8%B1-%D9%85%D8%B7%D9%88%D9%8A%D8%A9-a3\/?add-to-cart=22"}}]}
 ajax: no
2025-01-07T00:09:36+00:00 DEBUG Tt4b_Mapi_Class::mapi_post: Response: 

HTTP/1.1 200 OK
Server: nginx
Content-Type: application/json
Content-Length: 92
X-Tt-Logid: 202501070009360EDBF848B8C2824B00E9
Server-Timing: inner; dur=29
x-tt-trace-host: 018e5a586174a888928d793bdac74b79b520593bf434961dbceff88e4b17f9a1560675c5b0b84c6f14d769b817579ba6176f6aad95f8388dd4290200b2e180fa28eb2a4777e82eb209cfa5d42cf6528abfdff5708f3a371b91a08359aab2b5f2dd
x-tt-trace-id: 00-2501070009360EDBF848B8C2824B00E9-417806F7856BE087-00
Expires: Tue, 07 Jan 2025 00:09:36 GMT
Cache-Control: max-age=0, no-cache, no-store
Pragma: no-cache
Date: Tue, 07 Jan 2025 00:09:36 GMT
X-Cache: TCP_MISS from a95-101-134-116.deploy.akamaitechnologies.com (AkamaiGHost/11.7.2.1-9611f29bef89eba7b18045b10aa2af98) (-)
Connection: close
x-tt-trace-tag: id=16;cdn-cache=miss;type=dyn
Server-Timing: cdn-cache; desc=MISS, edge; dur=0, origin; dur=114
X-Origin-Response-Time: 114,95.101.134.116
X-Akamai-Request-ID: a82fe55

{"code": 0, "message": "OK", "request_id": "202501070009360EDBF848B8C2824B00E9", "data": {}}
2025-01-07T00:09:40+00:00 DEBUG Tt4b_Pixel_Class::inject_add_to_cart_event: hit AddToCart
2025-01-07T00:09:40+00:00 DEBUG POST: https://business-api.tiktok.com/open_api/v1.3/event/track/

{"partner_name":"WooCommerce","event_source":"web","event_source_id":"CSM79Q3C77UAG1T340I0","data":[{"event":"AddToCart","event_id":"677c70c425907_tt4b_woocommerce_670666209cf1f_SKU_40","event_time":1736208580,"user":{"ip":"93.158.213.25","user_agent":"Mozilla\/5.0 (compatible; MJ12bot\/v1.4.8; http:\/\/mj12bot.com\/)","locale":"ar","external_id":"0","email":"e3b0c44298fc1c149afbf4c8996fb92427ae41e4649b934ca495991b7852b855","phone_number":"e3b0c44298fc1c149afbf4c8996fb92427ae41e4649b934ca495991b7852b855","first_name":"e3b0c44298fc1c149afbf4c8996fb92427ae41e4649b934ca495991b7852b855","last_name":"e3b0c44298fc1c149afbf4c8996fb92427ae41e4649b934ca495991b7852b855","zip_code":"e3b0c44298fc1c149afbf4c8996fb92427ae41e4649b934ca495991b7852b855"},"properties":{"contents":[{"price":0,"quantity":1,"content_id":"SKU_40","content_name":"\u0637\u0628\u0627\u0639\u0629 \u0628\u0631\u0634\u0648\u0631 \u0645\u0637\u0648\u064a\u0629 A5","description":"\u0628\u0631\u0648\u0634\u0648\u0631 \u0645\u0637\u0648\u064a \u062d\u0633\u0628 \u062a\u0635\u0645\u064a\u0645 \u0627\u0644\u0639\u0645\u064a\u0644 \u0648\u0631\u0642 \u0643\u0648\u0634\u064a\u0647 \u0645\u0637\u0641\u064a 150 \u062c\u0631\u0627\u0645.\r\n\u0645\u062f\u0629 \u0627\u0644\u062a\u0646\u0641\u064a\u0630 \u0627\u0644\u0645\u062a\u0648\u0642\u0639\u0629: 3 \u2013 5 \u0623\u064a\u0627\u0645 \u0639\u0645\u0644 \u0628\u0639\u062f \u062a\u0623\u0643\u064a\u062f \u0627\u0644\u0637\u0644\u0628 \u0648\u0627\u0644\u062a\u0635\u0645\u064a\u0645 \u0648\u062d\u0633\u0628 \u0627\u0644\u0643\u0645\u064a\u0629 (\u062a\u0632\u064a\u062f \u0627\u0644\u0645\u062f\u0629 \u0639\u0646\u062f \u0637\u0644\u0628 \u0627\u0644\u0634\u062d\u0646).","availability":"IN_STOCK","sale_price":0,"on_sale":false}],"content_type":"product","currency":"SAR","value":0,"event_trigger_source":"WooCommerce"},"page":{"url":"http:\/\/www.ibn-sinaa.com\/en\/product\/%D8%A8%D8%B1%D8%B4%D9%88%D8%B1-%D9%85%D8%B7%D9%88%D9%8A%D8%A9-a3\/?add-to-cart=40"}}]}
 ajax: no
2025-01-07T00:09:40+00:00 DEBUG Tt4b_Mapi_Class::mapi_post: Response: 

HTTP/1.1 200 OK
Server: nginx
Content-Type: application/json
Content-Length: 92
X-Tt-Logid: 20250107000940624BA83EF38975C3018F
Server-Timing: inner; dur=40
x-tt-trace-host: 018e5a586174a888928d793bdac74b79b520593bf434961dbceff88e4b17f9a156ffd02928d8fc895d224fac04b5a07ff7e6c03ff6b2352fdbe7ca6147a104ab8fd149566a9e0f41df36101464af78d08a0713bcb118297ba1702af2691b3c5571
x-tt-trace-id: 00-250107000940624BA83EF38975C3018F-229233914AD434E4-00
Expires: Tue, 07 Jan 2025 00:09:40 GMT
Cache-Control: max-age=0, no-cache, no-store
Pragma: no-cache
Date: Tue, 07 Jan 2025 00:09:40 GMT
X-Cache: TCP_MISS from a95-101-134-116.deploy.akamaitechnologies.com (AkamaiGHost/11.7.2.1-9611f29bef89eba7b18045b10aa2af98) (-)
Connection: close
x-tt-trace-tag: id=16;cdn-cache=miss;type=dyn
Server-Timing: cdn-cache; desc=MISS, edge; dur=2, origin; dur=118
X-Origin-Response-Time: 120,95.101.134.116
X-Akamai-Request-ID: a831c14

{"code": 0, "message": "OK", "request_id": "20250107000940624BA83EF38975C3018F", "data": {}}
2025-01-07T00:09:40+00:00 DEBUG POST: https://business-api.tiktok.com/open_api/v1.3/event/track/

{"partner_name":"WooCommerce","event_source":"web","event_source_id":"CSM79Q3C77UAG1T340I0","data":[{"event":"Pageview","event_id":"677c70c4724e1_tt4b_woocommerce_670666209cf1f","event_time":1736208580,"user":{"ip":"93.158.213.25","user_agent":"Mozilla\/5.0 (compatible; MJ12bot\/v1.4.8; http:\/\/mj12bot.com\/)","locale":"ar","external_id":"0","email":"e3b0c44298fc1c149afbf4c8996fb92427ae41e4649b934ca495991b7852b855","phone_number":"e3b0c44298fc1c149afbf4c8996fb92427ae41e4649b934ca495991b7852b855","first_name":"e3b0c44298fc1c149afbf4c8996fb92427ae41e4649b934ca495991b7852b855","last_name":"e3b0c44298fc1c149afbf4c8996fb92427ae41e4649b934ca495991b7852b855","zip_code":"e3b0c44298fc1c149afbf4c8996fb92427ae41e4649b934ca495991b7852b855"},"page":{"url":"http:\/\/www.ibn-sinaa.com\/en\/product\/%D8%A8%D8%B1%D8%B4%D9%88%D8%B1-%D9%85%D8%B7%D9%88%D9%8A%D8%A9-a3\/?add-to-cart=40"}}]}
 ajax: no
2025-01-07T00:09:40+00:00 DEBUG Tt4b_Mapi_Class::mapi_post: Response: 

HTTP/1.1 200 OK
Server: nginx
Content-Type: application/json
Content-Length: 92
X-Tt-Logid: 202501070009401A2770FFC3ED2BE3D63F
Server-Timing: inner; dur=34
x-tt-trace-host: 018e5a586174a888928d793bdac74b79b51a437ee89a1c03eb2011d034a2e3e9f540775cda537d53eae5fc30d0cf60f8a2b77bc9f13886c29bc6a3dc866539e46112393fecfe89fed2e83f8f820eff636c3439a02acc2befd473b28b8d9cc4e2d1
x-tt-trace-id: 00-2501070009401A2770FFC3ED2BE3D63F-51D515A16407B2EF-00
Expires: Tue, 07 Jan 2025 00:09:40 GMT
Cache-Control: max-age=0, no-cache, no-store
Pragma: no-cache
Date: Tue, 07 Jan 2025 00:09:40 GMT
X-Cache: TCP_MISS from a95-101-134-92.deploy.akamaitechnologies.com (AkamaiGHost/11.7.2.1-9611f29bef89eba7b18045b10aa2af98) (-)
Connection: close
x-tt-trace-tag: id=16;cdn-cache=miss;type=dyn
Server-Timing: cdn-cache; desc=MISS, edge; dur=1, origin; dur=113
X-Origin-Response-Time: 114,95.101.134.92
X-Akamai-Request-ID: aff0bdc

{"code": 0, "message": "OK", "request_id": "202501070009401A2770FFC3ED2BE3D63F", "data": {}}
2025-01-07T00:09:44+00:00 DEBUG Tt4b_Pixel_Class::inject_add_to_cart_event: hit AddToCart
2025-01-07T00:09:44+00:00 DEBUG POST: https://business-api.tiktok.com/open_api/v1.3/event/track/

{"partner_name":"WooCommerce","event_source":"web","event_source_id":"CSM79Q3C77UAG1T340I0","data":[{"event":"AddToCart","event_id":"677c70c885f7b_tt4b_woocommerce_670666209cf1f_SKU_197","event_time":1736208584,"user":{"ip":"93.158.213.25","user_agent":"Mozilla\/5.0 (compatible; MJ12bot\/v1.4.8; http:\/\/mj12bot.com\/)","locale":"ar","external_id":"0","email":"e3b0c44298fc1c149afbf4c8996fb92427ae41e4649b934ca495991b7852b855","phone_number":"e3b0c44298fc1c149afbf4c8996fb92427ae41e4649b934ca495991b7852b855","first_name":"e3b0c44298fc1c149afbf4c8996fb92427ae41e4649b934ca495991b7852b855","last_name":"e3b0c44298fc1c149afbf4c8996fb92427ae41e4649b934ca495991b7852b855","zip_code":"e3b0c44298fc1c149afbf4c8996fb92427ae41e4649b934ca495991b7852b855"},"properties":{"contents":[{"price":0,"quantity":1,"content_id":"SKU_197","content_name":"\u0637\u0628\u0627\u0639\u0629 \u0628\u0631\u0634\u0648\u0631 \u0641\u0644\u0627\u064a\u0631 A5","description":"\u0641\u0644\u0627\u064a\u0631 \u0645\u0642\u0627\u0633 A5 \u0637\u0628\u0627\u0639\u0629 \u0631\u0642\u0645\u064a\u0629 \u0639\u0644\u0649 \u0648\u0631\u0642 \u0643\u0648\u0634\u064a\u0647.\r\n\u0645\u062f\u0629 \u0627\u0644\u062a\u0646\u0641\u064a\u0630 \u0627\u0644\u0645\u062a\u0648\u0642\u0639\u0629: 1 \u2013 3 \u0623\u064a\u0627\u0645 \u0639\u0645\u0644 \u0628\u0639\u062f \u062a\u0623\u0643\u064a\u062f \u0627\u0644\u0637\u0644\u0628 \u0648\u0627\u0644\u062a\u0635\u0645\u064a\u0645 \u0648\u062d\u0633\u0628 \u0627\u0644\u0643\u0645\u064a\u0629 (\u062a\u0632\u064a\u062f \u0627\u0644\u0645\u062f\u0629 \u0639\u0646\u062f \u0637\u0644\u0628 \u0627\u0644\u0634\u062d\u0646).","availability":"IN_STOCK","sale_price":0,"on_sale":false}],"content_type":"product","currency":"SAR","value":0,"event_trigger_source":"WooCommerce"},"page":{"url":"http:\/\/www.ibn-sinaa.com\/en\/product\/%D8%A8%D8%B1%D8%B4%D9%88%D8%B1-%D9%85%D8%B7%D9%88%D9%8A%D8%A9-a4\/?add-to-cart=197"}}]}
 ajax: no
2025-01-07T00:09:44+00:00 DEBUG Tt4b_Mapi_Class::mapi_post: Response: 

HTTP/1.1 200 OK
Server: nginx
Content-Type: application/json
Content-Length: 92
X-Tt-Logid: 20250107000944E75EC2105FCD96EF303F
x-tt-trace-host: 018e5a586174a888928d793bdac74b79b56517d7628cf0ffdff56b078ad2cf56154bf3e33fe5bd85015211e619e48f4563c97587aad493c00bc02d223434e55abd982e1a51679dccc17a2d7776859b992e01ee2869889605ee5fa9c1e717bc1d6736ca81f975e35a9fea1b5d20f8dc0946
x-tt-trace-id: 00-250107000944E75EC2105FCD96EF303F-3B60C3905053538A-00
X-Origin-Response-Time: 34,23.52.15.203
X-Akamai-Request-ID: e12b7d04.aff4120
Expires: Tue, 07 Jan 2025 00:09:44 GMT
Cache-Control: max-age=0, no-cache, no-store
Pragma: no-cache
Date: Tue, 07 Jan 2025 00:09:44 GMT
X-Cache: TCP_MISS from a95-101-134-92.deploy.akamaitechnologies.com (AkamaiGHost/11.7.2.1-9611f29bef89eba7b18045b10aa2af98) (-)
Connection: close
X-Cache-Remote: TCP_MISS from a23-52-15-203.deploy.akamaitechnologies.com (AkamaiGHost/11.7.2.1-9611f29bef89eba7b18045b10aa2af98) (-)
x-tt-trace-tag: id=16;cdn-cache=miss;type=dyn
Server-Timing: cdn-cache; desc=MISS, edge; dur=80, origin; dur=34
Server-Timing: inner; dur=30
X-Parent-Response-Time: 114,95.101.134.92

{"code": 0, "message": "OK", "request_id": "20250107000944E75EC2105FCD96EF303F", "data": {}}
2025-01-07T00:09:44+00:00 DEBUG POST: https://business-api.tiktok.com/open_api/v1.3/event/track/

{"partner_name":"WooCommerce","event_source":"web","event_source_id":"CSM79Q3C77UAG1T340I0","data":[{"event":"Pageview","event_id":"677c70c8cfc84_tt4b_woocommerce_670666209cf1f","event_time":1736208584,"user":{"ip":"93.158.213.25","user_agent":"Mozilla\/5.0 (compatible; MJ12bot\/v1.4.8; http:\/\/mj12bot.com\/)","locale":"ar","external_id":"0","email":"e3b0c44298fc1c149afbf4c8996fb92427ae41e4649b934ca495991b7852b855","phone_number":"e3b0c44298fc1c149afbf4c8996fb92427ae41e4649b934ca495991b7852b855","first_name":"e3b0c44298fc1c149afbf4c8996fb92427ae41e4649b934ca495991b7852b855","last_name":"e3b0c44298fc1c149afbf4c8996fb92427ae41e4649b934ca495991b7852b855","zip_code":"e3b0c44298fc1c149afbf4c8996fb92427ae41e4649b934ca495991b7852b855"},"page":{"url":"http:\/\/www.ibn-sinaa.com\/en\/product\/%D8%A8%D8%B1%D8%B4%D9%88%D8%B1-%D9%85%D8%B7%D9%88%D9%8A%D8%A9-a4\/?add-to-cart=197"}}]}
 ajax: no
2025-01-07T00:09:45+00:00 DEBUG Tt4b_Mapi_Class::mapi_post: Response: 

HTTP/1.1 200 OK
Server: nginx
Content-Type: application/json
Content-Length: 92
X-Tt-Logid: 20250107000944739D78A4A8B6B8C9A5FD
Server-Timing: inner; dur=33
x-tt-trace-host: 018e5a586174a888928d793bdac74b79b520593bf434961dbceff88e4b17f9a1562662ab37843a38799bf8f7a09614f8ca148ad9e481eb2a02ce89a8933d89c9f58eae0948dca2d01179084a4f25ff00ac53d48f0d16d3a68c39b0e8041b4d134a
x-tt-trace-id: 00-250107000944739D78A4A8B6B8C9A5FD-0C9429EF4A542929-00
Expires: Tue, 07 Jan 2025 00:09:45 GMT
Cache-Control: max-age=0, no-cache, no-store
Pragma: no-cache
Date: Tue, 07 Jan 2025 00:09:45 GMT
X-Cache: TCP_MISS from a95-101-134-116.deploy.akamaitechnologies.com (AkamaiGHost/11.7.2.1-9611f29bef89eba7b18045b10aa2af98) (-)
Connection: close
x-tt-trace-tag: id=16;cdn-cache=miss;type=dyn
Server-Timing: cdn-cache; desc=MISS, edge; dur=2, origin; dur=115
X-Origin-Response-Time: 116,95.101.134.116
X-Akamai-Request-ID: a833e7f

{"code": 0, "message": "OK", "request_id": "20250107000944739D78A4A8B6B8C9A5FD", "data": {}}
2025-01-07T00:09:48+00:00 DEBUG Tt4b_Pixel_Class::inject_add_to_cart_event: hit AddToCart
2025-01-07T00:09:48+00:00 DEBUG POST: https://business-api.tiktok.com/open_api/v1.3/event/track/

{"partner_name":"WooCommerce","event_source":"web","event_source_id":"CSM79Q3C77UAG1T340I0","data":[{"event":"AddToCart","event_id":"677c70ccec9ae_tt4b_woocommerce_670666209cf1f_SKU_198","event_time":1736208588,"user":{"ip":"93.158.213.25","user_agent":"Mozilla\/5.0 (compatible; MJ12bot\/v1.4.8; http:\/\/mj12bot.com\/)","locale":"ar","external_id":"0","email":"e3b0c44298fc1c149afbf4c8996fb92427ae41e4649b934ca495991b7852b855","phone_number":"e3b0c44298fc1c149afbf4c8996fb92427ae41e4649b934ca495991b7852b855","first_name":"e3b0c44298fc1c149afbf4c8996fb92427ae41e4649b934ca495991b7852b855","last_name":"e3b0c44298fc1c149afbf4c8996fb92427ae41e4649b934ca495991b7852b855","zip_code":"e3b0c44298fc1c149afbf4c8996fb92427ae41e4649b934ca495991b7852b855"},"properties":{"contents":[{"price":0,"quantity":1,"content_id":"SKU_198","content_name":"\u0637\u0628\u0627\u0639\u0629 \u0628\u0631\u0634\u0648\u0631 \u0641\u0644\u0627\u064a\u0631 A4","description":"<ul>\r\n \t<li>\u0641\u0644\u0627\u064a\u0631 \u0645\u0642\u0627\u0633 A4 \u0637\u0628\u0627\u0639\u0629 \u0639\u0644\u0649 \u0648\u0631\u0642 \u0643\u0648\u0634\u064a\u0647 150 \u062c\u0631\u0627\u0645 \u0628\u062c\u0648\u062f\u0629 \u0639\u0627\u0644\u064a\u0629.<\/li>\r\n \t<li>\u0645\u062f\u0629 \u0627\u0644\u062a\u0646\u0641\u064a\u0630 \u0627\u0644\u0645\u062a\u0648\u0642\u0639\u0629: 1 \u2013 3 \u0623\u064a\u0627\u0645 \u0639\u0645\u0644 \u0628\u0639\u062f \u062a\u0623\u0643\u064a\u062f \u0627\u0644\u0637\u0644\u0628 \u0648\u0627\u0644\u062a\u0635\u0645\u064a\u0645 \u0648\u062d\u0633\u0628 \u0627\u0644\u0643\u0645\u064a\u0629 (\u062a\u0632\u064a\u062f \u0627\u0644\u0645\u062f\u0629 \u0639\u0646\u062f \u0637\u0644\u0628 \u0627\u0644\u0634\u062d\u0646).<\/li>\r\n<\/ul>","availability":"IN_STOCK","sale_price":0,"on_sale":false}],"content_type":"product","currency":"SAR","value":0,"event_trigger_source":"WooCommerce"},"page":{"url":"http:\/\/www.ibn-sinaa.com\/en\/product\/%D8%A8%D8%B1%D8%B4%D9%88%D8%B1-%D9%85%D8%B7%D9%88%D9%8A%D8%A9-a4\/?add-to-cart=198"}}]}
 ajax: no
2025-01-07T00:09:49+00:00 DEBUG Tt4b_Mapi_Class::mapi_post: Response: 

HTTP/1.1 200 OK
Server: nginx
Content-Type: application/json
Content-Length: 92
X-Tt-Logid: 20250107000949624BA83EF38975C30292
Server-Timing: inner; dur=25
x-tt-trace-host: 018e5a586174a888928d793bdac74b79b520593bf434961dbceff88e4b17f9a156ffd02928d8fc895d224fac04b5a07ff78f67d46c655a6d5ecc75d74cdb9ce6409e6bbf050536fe588078c96744b0e0942c405bf7b056aad62b49ce15ade4a2df
x-tt-trace-id: 00-250107000949624BA83EF38975C30292-5ED5C7E25BB524D9-00
Expires: Tue, 07 Jan 2025 00:09:49 GMT
Cache-Control: max-age=0, no-cache, no-store
Pragma: no-cache
Date: Tue, 07 Jan 2025 00:09:49 GMT
X-Cache: TCP_MISS from a95-101-134-116.deploy.akamaitechnologies.com (AkamaiGHost/11.7.2.1-9611f29bef89eba7b18045b10aa2af98) (-)
Connection: close
x-tt-trace-tag: id=16;cdn-cache=miss;type=dyn
Server-Timing: cdn-cache; desc=MISS, edge; dur=1, origin; dur=104
X-Origin-Response-Time: 104,95.101.134.116
X-Akamai-Request-ID: a835d00

{"code": 0, "message": "OK", "request_id": "20250107000949624BA83EF38975C30292", "data": {}}
2025-01-07T00:09:49+00:00 DEBUG POST: https://business-api.tiktok.com/open_api/v1.3/event/track/

{"partner_name":"WooCommerce","event_source":"web","event_source_id":"CSM79Q3C77UAG1T340I0","data":[{"event":"Pageview","event_id":"677c70cd43fd6_tt4b_woocommerce_670666209cf1f","event_time":1736208589,"user":{"ip":"93.158.213.25","user_agent":"Mozilla\/5.0 (compatible; MJ12bot\/v1.4.8; http:\/\/mj12bot.com\/)","locale":"ar","external_id":"0","email":"e3b0c44298fc1c149afbf4c8996fb92427ae41e4649b934ca495991b7852b855","phone_number":"e3b0c44298fc1c149afbf4c8996fb92427ae41e4649b934ca495991b7852b855","first_name":"e3b0c44298fc1c149afbf4c8996fb92427ae41e4649b934ca495991b7852b855","last_name":"e3b0c44298fc1c149afbf4c8996fb92427ae41e4649b934ca495991b7852b855","zip_code":"e3b0c44298fc1c149afbf4c8996fb92427ae41e4649b934ca495991b7852b855"},"page":{"url":"http:\/\/www.ibn-sinaa.com\/en\/product\/%D8%A8%D8%B1%D8%B4%D9%88%D8%B1-%D9%85%D8%B7%D9%88%D9%8A%D8%A9-a4\/?add-to-cart=198"}}]}
 ajax: no
2025-01-07T00:09:49+00:00 DEBUG Tt4b_Mapi_Class::mapi_post: Response: 

HTTP/1.1 200 OK
Server: nginx
Content-Type: application/json
Content-Length: 92
X-Tt-Logid: 202501070009493D5CAC3AFD32906930F1
Server-Timing: inner; dur=37
x-tt-trace-host: 018e5a586174a888928d793bdac74b79b51a437ee89a1c03eb2011d034a2e3e9f5cc1099ea09b3e81133850cf305bff6e1a7ce67b69d0f5a0cfaffd93971fea8a03a9789cf60817f397a8ddd8dc621d0acebb9e456ade94d7ab4220a1cb66cf968
x-tt-trace-id: 00-2501070009493D5CAC3AFD32906930F1-55E68825542DBD43-00
Expires: Tue, 07 Jan 2025 00:09:49 GMT
Cache-Control: max-age=0, no-cache, no-store
Pragma: no-cache
Date: Tue, 07 Jan 2025 00:09:49 GMT
X-Cache: TCP_MISS from a95-101-134-92.deploy.akamaitechnologies.com (AkamaiGHost/11.7.2.1-9611f29bef89eba7b18045b10aa2af98) (-)
Connection: close
x-tt-trace-tag: id=16;cdn-cache=miss;type=dyn
Server-Timing: cdn-cache; desc=MISS, edge; dur=1, origin; dur=116
X-Origin-Response-Time: 117,95.101.134.92
X-Akamai-Request-ID: aff7ce1

{"code": 0, "message": "OK", "request_id": "202501070009493D5CAC3AFD32906930F1", "data": {}}
2025-01-07T00:09:53+00:00 DEBUG Tt4b_Pixel_Class::inject_add_to_cart_event: hit AddToCart
2025-01-07T00:09:53+00:00 DEBUG POST: https://business-api.tiktok.com/open_api/v1.3/event/track/

{"partner_name":"WooCommerce","event_source":"web","event_source_id":"CSM79Q3C77UAG1T340I0","data":[{"event":"AddToCart","event_id":"677c70d153469_tt4b_woocommerce_670666209cf1f_SKU_200","event_time":1736208593,"user":{"ip":"93.158.213.25","user_agent":"Mozilla\/5.0 (compatible; MJ12bot\/v1.4.8; http:\/\/mj12bot.com\/)","locale":"ar","external_id":"0","email":"e3b0c44298fc1c149afbf4c8996fb92427ae41e4649b934ca495991b7852b855","phone_number":"e3b0c44298fc1c149afbf4c8996fb92427ae41e4649b934ca495991b7852b855","first_name":"e3b0c44298fc1c149afbf4c8996fb92427ae41e4649b934ca495991b7852b855","last_name":"e3b0c44298fc1c149afbf4c8996fb92427ae41e4649b934ca495991b7852b855","zip_code":"e3b0c44298fc1c149afbf4c8996fb92427ae41e4649b934ca495991b7852b855"},"properties":{"contents":[{"price":0,"quantity":1,"content_id":"SKU_200","content_name":"\u0637\u0628\u0627\u0639\u0629 \u0628\u0631\u0634\u0648\u0631 \u0645\u0637\u0648\u064a\u0629 A3","description":"\u0628\u0631\u0648\u0634\u0648\u0631 \u0645\u0637\u0648\u064a \u062d\u0633\u0628 \u062a\u0635\u0645\u064a\u0645 \u0627\u0644\u0639\u0645\u064a\u0644 \u0648\u0631\u0642 \u0643\u0648\u0634\u064a\u0647 \u0645\u0637\u0641\u064a 150 \u062c\u0631\u0627\u0645\r\n\u0645\u062f\u0629 \u0627\u0644\u062a\u0646\u0641\u064a\u0630 \u0627\u0644\u0645\u062a\u0648\u0642\u0639\u0629: 1 \u2013 3 \u0623\u064a\u0627\u0645 \u0639\u0645\u0644 \u0628\u0639\u062f \u062a\u0623\u0643\u064a\u062f \u0627\u0644\u0637\u0644\u0628 \u0648\u0627\u0644\u062a\u0635\u0645\u064a\u0645 \u0648\u062d\u0633\u0628 \u0627\u0644\u0643\u0645\u064a\u0629 (\u062a\u0632\u064a\u062f \u0627\u0644\u0645\u062f\u0629 \u0639\u0646\u062f \u0637\u0644\u0628 \u0627\u0644\u0634\u062d\u0646).","availability":"IN_STOCK","sale_price":0,"on_sale":false}],"content_type":"product","currency":"SAR","value":0,"event_trigger_source":"WooCommerce"},"page":{"url":"http:\/\/www.ibn-sinaa.com\/en\/product\/%D8%A8%D8%B1%D8%B4%D9%88%D8%B1-%D9%85%D8%B7%D9%88%D9%8A%D8%A9-a4\/?add-to-cart=200"}}]}
 ajax: no
2025-01-07T00:09:53+00:00 DEBUG Tt4b_Mapi_Class::mapi_post: Response: 

HTTP/1.1 200 OK
Server: nginx
Content-Type: application/json
Content-Length: 92
X-Tt-Logid: 202501070009534B193D4A34D18BC8B9AD
Server-Timing: inner; dur=28
x-tt-trace-host: 018e5a586174a888928d793bdac74b79b51a437ee89a1c03eb2011d034a2e3e9f5cd9681ead7d6e9026c0424bcd7529bdcb09c72f675fcc8fe6fb60cab6c6e8fba4022798e9d4432a4918dd8b6024ae4b2db2581df1ce37eb5422286974e2c59cb
x-tt-trace-id: 00-2501070009534B193D4A34D18BC8B9AD-7E44618E87207B06-00
Expires: Tue, 07 Jan 2025 00:09:53 GMT
Cache-Control: max-age=0, no-cache, no-store
Pragma: no-cache
Date: Tue, 07 Jan 2025 00:09:53 GMT
X-Cache: TCP_MISS from a95-101-134-92.deploy.akamaitechnologies.com (AkamaiGHost/11.7.2.1-9611f29bef89eba7b18045b10aa2af98) (-)
Connection: close
x-tt-trace-tag: id=16;cdn-cache=miss;type=dyn
Server-Timing: cdn-cache; desc=MISS, edge; dur=0, origin; dur=108
X-Origin-Response-Time: 108,95.101.134.92
X-Akamai-Request-ID: affb212

{"code": 0, "message": "OK", "request_id": "202501070009534B193D4A34D18BC8B9AD", "data": {}}
2025-01-07T00:09:53+00:00 DEBUG POST: https://business-api.tiktok.com/open_api/v1.3/event/track/

{"partner_name":"WooCommerce","event_source":"web","event_source_id":"CSM79Q3C77UAG1T340I0","data":[{"event":"Pageview","event_id":"677c70d199292_tt4b_woocommerce_670666209cf1f","event_time":1736208593,"user":{"ip":"93.158.213.25","user_agent":"Mozilla\/5.0 (compatible; MJ12bot\/v1.4.8; http:\/\/mj12bot.com\/)","locale":"ar","external_id":"0","email":"e3b0c44298fc1c149afbf4c8996fb92427ae41e4649b934ca495991b7852b855","phone_number":"e3b0c44298fc1c149afbf4c8996fb92427ae41e4649b934ca495991b7852b855","first_name":"e3b0c44298fc1c149afbf4c8996fb92427ae41e4649b934ca495991b7852b855","last_name":"e3b0c44298fc1c149afbf4c8996fb92427ae41e4649b934ca495991b7852b855","zip_code":"e3b0c44298fc1c149afbf4c8996fb92427ae41e4649b934ca495991b7852b855"},"page":{"url":"http:\/\/www.ibn-sinaa.com\/en\/product\/%D8%A8%D8%B1%D8%B4%D9%88%D8%B1-%D9%85%D8%B7%D9%88%D9%8A%D8%A9-a4\/?add-to-cart=200"}}]}
 ajax: no
2025-01-07T00:09:53+00:00 DEBUG Tt4b_Mapi_Class::mapi_post: Response: 

HTTP/1.1 200 OK
Server: nginx
Content-Type: application/json
Content-Length: 92
X-Tt-Logid: 20250107000953624BA83EF38975C30374
Server-Timing: inner; dur=41
x-tt-trace-host: 018e5a586174a888928d793bdac74b79b520593bf434961dbceff88e4b17f9a156ffd02928d8fc895d224fac04b5a07ff73e52b37c9467e3b33939e70e06bff94e0858229e725891105d008e3c874688c91fc8265e8948a11df6232ce0b622c01f
x-tt-trace-id: 00-250107000953624BA83EF38975C30374-7960620F3F1D7614-00
Expires: Tue, 07 Jan 2025 00:09:53 GMT
Cache-Control: max-age=0, no-cache, no-store
Pragma: no-cache
Date: Tue, 07 Jan 2025 00:09:53 GMT
X-Cache: TCP_MISS from a95-101-134-116.deploy.akamaitechnologies.com (AkamaiGHost/11.7.2.1-9611f29bef89eba7b18045b10aa2af98) (-)
Connection: close
x-tt-trace-tag: id=16;cdn-cache=miss;type=dyn
Server-Timing: cdn-cache; desc=MISS, edge; dur=1, origin; dur=120
X-Origin-Response-Time: 121,95.101.134.116
X-Akamai-Request-ID: a838002

{"code": 0, "message": "OK", "request_id": "20250107000953624BA83EF38975C30374", "data": {}}
2025-01-07T00:09:57+00:00 DEBUG Tt4b_Pixel_Class::inject_add_to_cart_event: hit AddToCart
2025-01-07T00:09:57+00:00 DEBUG POST: https://business-api.tiktok.com/open_api/v1.3/event/track/

{"partner_name":"WooCommerce","event_source":"web","event_source_id":"CSM79Q3C77UAG1T340I0","data":[{"event":"AddToCart","event_id":"677c70d5737f9_tt4b_woocommerce_670666209cf1f_SKU_40","event_time":1736208597,"user":{"ip":"93.158.213.25","user_agent":"Mozilla\/5.0 (compatible; MJ12bot\/v1.4.8; http:\/\/mj12bot.com\/)","locale":"ar","external_id":"0","email":"e3b0c44298fc1c149afbf4c8996fb92427ae41e4649b934ca495991b7852b855","phone_number":"e3b0c44298fc1c149afbf4c8996fb92427ae41e4649b934ca495991b7852b855","first_name":"e3b0c44298fc1c149afbf4c8996fb92427ae41e4649b934ca495991b7852b855","last_name":"e3b0c44298fc1c149afbf4c8996fb92427ae41e4649b934ca495991b7852b855","zip_code":"e3b0c44298fc1c149afbf4c8996fb92427ae41e4649b934ca495991b7852b855"},"properties":{"contents":[{"price":0,"quantity":1,"content_id":"SKU_40","content_name":"\u0637\u0628\u0627\u0639\u0629 \u0628\u0631\u0634\u0648\u0631 \u0645\u0637\u0648\u064a\u0629 A5","description":"\u0628\u0631\u0648\u0634\u0648\u0631 \u0645\u0637\u0648\u064a \u062d\u0633\u0628 \u062a\u0635\u0645\u064a\u0645 \u0627\u0644\u0639\u0645\u064a\u0644 \u0648\u0631\u0642 \u0643\u0648\u0634\u064a\u0647 \u0645\u0637\u0641\u064a 150 \u062c\u0631\u0627\u0645.\r\n\u0645\u062f\u0629 \u0627\u0644\u062a\u0646\u0641\u064a\u0630 \u0627\u0644\u0645\u062a\u0648\u0642\u0639\u0629: 3 \u2013 5 \u0623\u064a\u0627\u0645 \u0639\u0645\u0644 \u0628\u0639\u062f \u062a\u0623\u0643\u064a\u062f \u0627\u0644\u0637\u0644\u0628 \u0648\u0627\u0644\u062a\u0635\u0645\u064a\u0645 \u0648\u062d\u0633\u0628 \u0627\u0644\u0643\u0645\u064a\u0629 (\u062a\u0632\u064a\u062f \u0627\u0644\u0645\u062f\u0629 \u0639\u0646\u062f \u0637\u0644\u0628 \u0627\u0644\u0634\u062d\u0646).","availability":"IN_STOCK","sale_price":0,"on_sale":false}],"content_type":"product","currency":"SAR","value":0,"event_trigger_source":"WooCommerce"},"page":{"url":"http:\/\/www.ibn-sinaa.com\/en\/product\/%D8%A8%D8%B1%D8%B4%D9%88%D8%B1-%D9%85%D8%B7%D9%88%D9%8A%D8%A9-a4\/?add-to-cart=40"}}]}
 ajax: no
2025-01-07T00:09:57+00:00 DEBUG Tt4b_Mapi_Class::mapi_post: Response: 

HTTP/1.1 200 OK
Server: nginx
Content-Type: application/json
Content-Length: 92
X-Tt-Logid: 2025010700095759B977E6CC00A6C5F1B9
Server-Timing: inner; dur=39
x-tt-trace-host: 018e5a586174a888928d793bdac74b79b51a437ee89a1c03eb2011d034a2e3e9f585a8569b11a355e01c22cd6fbdbc255b81abb21d585d83dc323bc9dd9a82dad0bc16109930e41b0280a64253ba4f1b4eb2d4f7799747a278d85dcaeaccd2fd69
x-tt-trace-id: 00-25010700095759B977E6CC00A6C5F1B9-76A99FF66F40A8F3-00
Expires: Tue, 07 Jan 2025 00:09:57 GMT
Cache-Control: max-age=0, no-cache, no-store
Pragma: no-cache
Date: Tue, 07 Jan 2025 00:09:57 GMT
X-Cache: TCP_MISS from a95-101-134-92.deploy.akamaitechnologies.com (AkamaiGHost/11.7.2.1-9611f29bef89eba7b18045b10aa2af98) (-)
Connection: close
x-tt-trace-tag: id=16;cdn-cache=miss;type=dyn
Server-Timing: cdn-cache; desc=MISS, edge; dur=0, origin; dur=118
X-Origin-Response-Time: 118,95.101.134.92
X-Akamai-Request-ID: affe6aa

{"code": 0, "message": "OK", "request_id": "2025010700095759B977E6CC00A6C5F1B9", "data": {}}
2025-01-07T00:09:57+00:00 DEBUG POST: https://business-api.tiktok.com/open_api/v1.3/event/track/

{"partner_name":"WooCommerce","event_source":"web","event_source_id":"CSM79Q3C77UAG1T340I0","data":[{"event":"Pageview","event_id":"677c70d5c062a_tt4b_woocommerce_670666209cf1f","event_time":1736208597,"user":{"ip":"93.158.213.25","user_agent":"Mozilla\/5.0 (compatible; MJ12bot\/v1.4.8; http:\/\/mj12bot.com\/)","locale":"ar","external_id":"0","email":"e3b0c44298fc1c149afbf4c8996fb92427ae41e4649b934ca495991b7852b855","phone_number":"e3b0c44298fc1c149afbf4c8996fb92427ae41e4649b934ca495991b7852b855","first_name":"e3b0c44298fc1c149afbf4c8996fb92427ae41e4649b934ca495991b7852b855","last_name":"e3b0c44298fc1c149afbf4c8996fb92427ae41e4649b934ca495991b7852b855","zip_code":"e3b0c44298fc1c149afbf4c8996fb92427ae41e4649b934ca495991b7852b855"},"page":{"url":"http:\/\/www.ibn-sinaa.com\/en\/product\/%D8%A8%D8%B1%D8%B4%D9%88%D8%B1-%D9%85%D8%B7%D9%88%D9%8A%D8%A9-a4\/?add-to-cart=40"}}]}
 ajax: no
2025-01-07T00:09:57+00:00 DEBUG Tt4b_Mapi_Class::mapi_post: Response: 

HTTP/1.1 200 OK
Server: nginx
Content-Type: application/json
Content-Length: 92
X-Tt-Logid: 2025010700095705876300C67885E32B0D
Server-Timing: inner; dur=29
x-tt-trace-host: 018e5a586174a888928d793bdac74b79b51a437ee89a1c03eb2011d034a2e3e9f56fec18b908abd10a270e80611d0afe040b50283729ad2597ef6ba60a1f299ec03d9d8bd2ba9d4735671fb2393bd439e6be310392a54e8e98e0fff3604c461e99
x-tt-trace-id: 00-25010700095705876300C67885E32B0D-16E4A6F217AAB011-00
Expires: Tue, 07 Jan 2025 00:09:57 GMT
Cache-Control: max-age=0, no-cache, no-store
Pragma: no-cache
Date: Tue, 07 Jan 2025 00:09:57 GMT
X-Cache: TCP_MISS from a95-101-134-92.deploy.akamaitechnologies.com (AkamaiGHost/11.7.2.1-9611f29bef89eba7b18045b10aa2af98) (-)
Connection: close
x-tt-trace-tag: id=16;cdn-cache=miss;type=dyn
Server-Timing: cdn-cache; desc=MISS, edge; dur=0, origin; dur=109
X-Origin-Response-Time: 109,95.101.134.92
X-Akamai-Request-ID: affeacc

{"code": 0, "message": "OK", "request_id": "2025010700095705876300C67885E32B0D", "data": {}}
2025-01-07T00:10:01+00:00 DEBUG Tt4b_Pixel_Class::inject_add_to_cart_event: hit AddToCart
2025-01-07T00:10:01+00:00 DEBUG POST: https://business-api.tiktok.com/open_api/v1.3/event/track/

{"partner_name":"WooCommerce","event_source":"web","event_source_id":"CSM79Q3C77UAG1T340I0","data":[{"event":"AddToCart","event_id":"677c70d9e4e11_tt4b_woocommerce_670666209cf1f_SKU_197","event_time":1736208601,"user":{"ip":"93.158.213.25","user_agent":"Mozilla\/5.0 (compatible; MJ12bot\/v1.4.8; http:\/\/mj12bot.com\/)","locale":"ar","external_id":"0","email":"e3b0c44298fc1c149afbf4c8996fb92427ae41e4649b934ca495991b7852b855","phone_number":"e3b0c44298fc1c149afbf4c8996fb92427ae41e4649b934ca495991b7852b855","first_name":"e3b0c44298fc1c149afbf4c8996fb92427ae41e4649b934ca495991b7852b855","last_name":"e3b0c44298fc1c149afbf4c8996fb92427ae41e4649b934ca495991b7852b855","zip_code":"e3b0c44298fc1c149afbf4c8996fb92427ae41e4649b934ca495991b7852b855"},"properties":{"contents":[{"price":0,"quantity":1,"content_id":"SKU_197","content_name":"\u0637\u0628\u0627\u0639\u0629 \u0628\u0631\u0634\u0648\u0631 \u0641\u0644\u0627\u064a\u0631 A5","description":"\u0641\u0644\u0627\u064a\u0631 \u0645\u0642\u0627\u0633 A5 \u0637\u0628\u0627\u0639\u0629 \u0631\u0642\u0645\u064a\u0629 \u0639\u0644\u0649 \u0648\u0631\u0642 \u0643\u0648\u0634\u064a\u0647.\r\n\u0645\u062f\u0629 \u0627\u0644\u062a\u0646\u0641\u064a\u0630 \u0627\u0644\u0645\u062a\u0648\u0642\u0639\u0629: 1 \u2013 3 \u0623\u064a\u0627\u0645 \u0639\u0645\u0644 \u0628\u0639\u062f \u062a\u0623\u0643\u064a\u062f \u0627\u0644\u0637\u0644\u0628 \u0648\u0627\u0644\u062a\u0635\u0645\u064a\u0645 \u0648\u062d\u0633\u0628 \u0627\u0644\u0643\u0645\u064a\u0629 (\u062a\u0632\u064a\u062f \u0627\u0644\u0645\u062f\u0629 \u0639\u0646\u062f \u0637\u0644\u0628 \u0627\u0644\u0634\u062d\u0646).","availability":"IN_STOCK","sale_price":0,"on_sale":false}],"content_type":"product","currency":"SAR","value":0,"event_trigger_source":"WooCommerce"},"page":{"url":"http:\/\/www.ibn-sinaa.com\/en\/product\/%D8%A8%D8%B1%D8%B4%D9%88%D8%B1-%D9%85%D8%B7%D9%88%D9%8A%D8%A9-a5\/?add-to-cart=197"}}]}
 ajax: no
2025-01-07T00:10:02+00:00 DEBUG Tt4b_Mapi_Class::mapi_post: Response: 

HTTP/1.1 200 OK
Server: nginx
Content-Type: application/json
Content-Length: 92
X-Tt-Logid: 202501070010026B989E5178B0953B14BD
x-tt-trace-host: 018e5a586174a888928d793bdac74b79b519a86797e72c2eba011e03e23beee17d95a8881f3cb6a2fad9b01fe536e0dd853d554ad3f9b481fc0620dbc81015a35b77c4aa755b6c52099984a88dc83db35cb5b4c4bf866fe3db7c86e4d93a5ea5ceb4b1b88f5bda3e0428bb1306044fad5f
x-tt-trace-id: 00-2501070010026B989E5178B0953B14BD-50FE5CC72A1006F8-00
X-Origin-Response-Time: 38,23.218.219.33
X-Akamai-Request-ID: 2cbc66f.a83bf9e
Expires: Tue, 07 Jan 2025 00:10:02 GMT
Cache-Control: max-age=0, no-cache, no-store
Pragma: no-cache
Date: Tue, 07 Jan 2025 00:10:02 GMT
X-Cache: TCP_MISS from a95-101-134-116.deploy.akamaitechnologies.com (AkamaiGHost/11.7.2.1-9611f29bef89eba7b18045b10aa2af98) (-)
Connection: close
X-Cache-Remote: TCP_MISS from a23-218-219-33.deploy.akamaitechnologies.com (AkamaiGHost/11.7.2.1-9611f29bef89eba7b18045b10aa2af98) (-)
x-tt-trace-tag: id=16;cdn-cache=miss;type=dyn
Server-Timing: cdn-cache; desc=MISS, edge; dur=102, origin; dur=38
Server-Timing: inner; dur=27
X-Parent-Response-Time: 140,95.101.134.116

{"code": 0, "message": "OK", "request_id": "202501070010026B989E5178B0953B14BD", "data": {}}
2025-01-07T00:10:02+00:00 DEBUG POST: https://business-api.tiktok.com/open_api/v1.3/event/track/

{"partner_name":"WooCommerce","event_source":"web","event_source_id":"CSM79Q3C77UAG1T340I0","data":[{"event":"Pageview","event_id":"677c70da40338_tt4b_woocommerce_670666209cf1f","event_time":1736208602,"user":{"ip":"93.158.213.25","user_agent":"Mozilla\/5.0 (compatible; MJ12bot\/v1.4.8; http:\/\/mj12bot.com\/)","locale":"ar","external_id":"0","email":"e3b0c44298fc1c149afbf4c8996fb92427ae41e4649b934ca495991b7852b855","phone_number":"e3b0c44298fc1c149afbf4c8996fb92427ae41e4649b934ca495991b7852b855","first_name":"e3b0c44298fc1c149afbf4c8996fb92427ae41e4649b934ca495991b7852b855","last_name":"e3b0c44298fc1c149afbf4c8996fb92427ae41e4649b934ca495991b7852b855","zip_code":"e3b0c44298fc1c149afbf4c8996fb92427ae41e4649b934ca495991b7852b855"},"page":{"url":"http:\/\/www.ibn-sinaa.com\/en\/product\/%D8%A8%D8%B1%D8%B4%D9%88%D8%B1-%D9%85%D8%B7%D9%88%D9%8A%D8%A9-a5\/?add-to-cart=197"}}]}
 ajax: no
2025-01-07T00:10:02+00:00 DEBUG Tt4b_Mapi_Class::mapi_post: Response: 

HTTP/1.1 200 OK
Server: nginx
Content-Type: application/json
Content-Length: 92
X-Tt-Logid: 202501070010025E794AFCE346EECE4169
x-tt-trace-host: 018e5a586174a888928d793bdac74b79b519a86797e72c2eba011e03e23beee17d47341ce2b2527997b19015b27069e6d313ba3d647c9192b541aa0bc3ea128f2cd3afb92acf52cfb222b7e4dc2e1230fe3778a5be04d809b51ca77ecc67ad7212beab8714f4cbf74efad1adda6fe4b454
x-tt-trace-id: 00-2501070010025E794AFCE346EECE4169-2DC29BDB3561B078-00
X-Origin-Response-Time: 51,23.218.219.46
X-Akamai-Request-ID: 81d141c.a83c20a
Expires: Tue, 07 Jan 2025 00:10:02 GMT
Cache-Control: max-age=0, no-cache, no-store
Pragma: no-cache
Date: Tue, 07 Jan 2025 00:10:02 GMT
X-Cache: TCP_MISS from a95-101-134-116.deploy.akamaitechnologies.com (AkamaiGHost/11.7.2.1-9611f29bef89eba7b18045b10aa2af98) (-)
Connection: close
X-Cache-Remote: TCP_MISS from a23-218-219-46.deploy.akamaitechnologies.com (AkamaiGHost/11.7.2.1-9611f29bef89eba7b18045b10aa2af98) (-)
x-tt-trace-tag: id=16;cdn-cache=miss;type=dyn
Server-Timing: cdn-cache; desc=MISS, edge; dur=85, origin; dur=51
Server-Timing: inner; dur=44
X-Parent-Response-Time: 135,95.101.134.116

{"code": 0, "message": "OK", "request_id": "202501070010025E794AFCE346EECE4169", "data": {}}
2025-01-07T00:10:06+00:00 DEBUG Tt4b_Pixel_Class::inject_add_to_cart_event: hit AddToCart
2025-01-07T00:10:06+00:00 DEBUG POST: https://business-api.tiktok.com/open_api/v1.3/event/track/

{"partner_name":"WooCommerce","event_source":"web","event_source_id":"CSM79Q3C77UAG1T340I0","data":[{"event":"AddToCart","event_id":"677c70de85a54_tt4b_woocommerce_670666209cf1f_SKU_198","event_time":1736208606,"user":{"ip":"93.158.213.25","user_agent":"Mozilla\/5.0 (compatible; MJ12bot\/v1.4.8; http:\/\/mj12bot.com\/)","locale":"ar","external_id":"0","email":"e3b0c44298fc1c149afbf4c8996fb92427ae41e4649b934ca495991b7852b855","phone_number":"e3b0c44298fc1c149afbf4c8996fb92427ae41e4649b934ca495991b7852b855","first_name":"e3b0c44298fc1c149afbf4c8996fb92427ae41e4649b934ca495991b7852b855","last_name":"e3b0c44298fc1c149afbf4c8996fb92427ae41e4649b934ca495991b7852b855","zip_code":"e3b0c44298fc1c149afbf4c8996fb92427ae41e4649b934ca495991b7852b855"},"properties":{"contents":[{"price":0,"quantity":1,"content_id":"SKU_198","content_name":"\u0637\u0628\u0627\u0639\u0629 \u0628\u0631\u0634\u0648\u0631 \u0641\u0644\u0627\u064a\u0631 A4","description":"<ul>\r\n \t<li>\u0641\u0644\u0627\u064a\u0631 \u0645\u0642\u0627\u0633 A4 \u0637\u0628\u0627\u0639\u0629 \u0639\u0644\u0649 \u0648\u0631\u0642 \u0643\u0648\u0634\u064a\u0647 150 \u062c\u0631\u0627\u0645 \u0628\u062c\u0648\u062f\u0629 \u0639\u0627\u0644\u064a\u0629.<\/li>\r\n \t<li>\u0645\u062f\u0629 \u0627\u0644\u062a\u0646\u0641\u064a\u0630 \u0627\u0644\u0645\u062a\u0648\u0642\u0639\u0629: 1 \u2013 3 \u0623\u064a\u0627\u0645 \u0639\u0645\u0644 \u0628\u0639\u062f \u062a\u0623\u0643\u064a\u062f \u0627\u0644\u0637\u0644\u0628 \u0648\u0627\u0644\u062a\u0635\u0645\u064a\u0645 \u0648\u062d\u0633\u0628 \u0627\u0644\u0643\u0645\u064a\u0629 (\u062a\u0632\u064a\u062f \u0627\u0644\u0645\u062f\u0629 \u0639\u0646\u062f \u0637\u0644\u0628 \u0627\u0644\u0634\u062d\u0646).<\/li>\r\n<\/ul>","availability":"IN_STOCK","sale_price":0,"on_sale":false}],"content_type":"product","currency":"SAR","value":0,"event_trigger_source":"WooCommerce"},"page":{"url":"http:\/\/www.ibn-sinaa.com\/en\/product\/%D8%A8%D8%B1%D8%B4%D9%88%D8%B1-%D9%85%D8%B7%D9%88%D9%8A%D8%A9-a5\/?add-to-cart=198"}}]}
 ajax: no
2025-01-07T00:10:06+00:00 DEBUG Tt4b_Mapi_Class::mapi_post: Response: 

HTTP/1.1 200 OK
Server: nginx
Content-Type: application/json
Content-Length: 92
X-Tt-Logid: 20250107001006B313EB99DF69EF427057
x-tt-trace-host: 018e5a586174a888928d793bdac74b79b56517d7628cf0ffdff56b078ad2cf56154c2b3a5442da9b805971ab070c9aa4d0927bb5ce2b177ee322bab78d8de3e18c30f093bef3ce23f932d6d46fb02504c52bc9d0dbe7590afdf61112727fcb33b532aa41f39f4035ba0162205518996227
x-tt-trace-id: 00-250107001006B313EB99DF69EF427057-279925B5408B835F-00
X-Origin-Response-Time: 55,23.222.2.25
X-Akamai-Request-ID: 26a3ec8c.b0067e1
Expires: Tue, 07 Jan 2025 00:10:06 GMT
Cache-Control: max-age=0, no-cache, no-store
Pragma: no-cache
Date: Tue, 07 Jan 2025 00:10:06 GMT
X-Cache: TCP_MISS from a95-101-134-92.deploy.akamaitechnologies.com (AkamaiGHost/11.7.2.1-9611f29bef89eba7b18045b10aa2af98) (-)
Connection: close
X-Cache-Remote: TCP_MISS from a23-222-2-25.deploy.akamaitechnologies.com (AkamaiGHost/11.7.2.1-9611f29bef89eba7b18045b10aa2af98) (-)
x-tt-trace-tag: id=16;cdn-cache=miss;type=dyn
Server-Timing: cdn-cache; desc=MISS, edge; dur=81, origin; dur=55
Server-Timing: inner; dur=51
X-Parent-Response-Time: 136,95.101.134.92

{"code": 0, "message": "OK", "request_id": "20250107001006B313EB99DF69EF427057", "data": {}}
2025-01-07T00:10:06+00:00 DEBUG POST: https://business-api.tiktok.com/open_api/v1.3/event/track/

{"partner_name":"WooCommerce","event_source":"web","event_source_id":"CSM79Q3C77UAG1T340I0","data":[{"event":"Pageview","event_id":"677c70deec296_tt4b_woocommerce_670666209cf1f","event_time":1736208606,"user":{"ip":"93.158.213.25","user_agent":"Mozilla\/5.0 (compatible; MJ12bot\/v1.4.8; http:\/\/mj12bot.com\/)","locale":"ar","external_id":"0","email":"e3b0c44298fc1c149afbf4c8996fb92427ae41e4649b934ca495991b7852b855","phone_number":"e3b0c44298fc1c149afbf4c8996fb92427ae41e4649b934ca495991b7852b855","first_name":"e3b0c44298fc1c149afbf4c8996fb92427ae41e4649b934ca495991b7852b855","last_name":"e3b0c44298fc1c149afbf4c8996fb92427ae41e4649b934ca495991b7852b855","zip_code":"e3b0c44298fc1c149afbf4c8996fb92427ae41e4649b934ca495991b7852b855"},"page":{"url":"http:\/\/www.ibn-sinaa.com\/en\/product\/%D8%A8%D8%B1%D8%B4%D9%88%D8%B1-%D9%85%D8%B7%D9%88%D9%8A%D8%A9-a5\/?add-to-cart=198"}}]}
 ajax: no
2025-01-07T00:10:07+00:00 DEBUG Tt4b_Mapi_Class::mapi_post: Response: 

HTTP/1.1 200 OK
Server: nginx
Content-Type: application/json
Content-Length: 92
X-Tt-Logid: 202501070010074B193D4A34D18BC8BBD7
Server-Timing: inner; dur=27
x-tt-trace-host: 018e5a586174a888928d793bdac74b79b51a437ee89a1c03eb2011d034a2e3e9f5cd9681ead7d6e9026c0424bcd7529bdc78be9e0b9280bb1d6183d362b4bcc4b0390d3df2c1a56bdf8b3b823bffc699a2d85987439f31c3a9afec873766360600
x-tt-trace-id: 00-2501070010074B193D4A34D18BC8BBD7-3013C29B46A1E489-00
Expires: Tue, 07 Jan 2025 00:10:07 GMT
Cache-Control: max-age=0, no-cache, no-store
Pragma: no-cache
Date: Tue, 07 Jan 2025 00:10:07 GMT
X-Cache: TCP_MISS from a95-101-134-92.deploy.akamaitechnologies.com (AkamaiGHost/11.7.2.1-9611f29bef89eba7b18045b10aa2af98) (-)
Connection: close
x-tt-trace-tag: id=16;cdn-cache=miss;type=dyn
Server-Timing: cdn-cache; desc=MISS, edge; dur=1, origin; dur=108
X-Origin-Response-Time: 108,95.101.134.92
X-Akamai-Request-ID: b006d14

{"code": 0, "message": "OK", "request_id": "202501070010074B193D4A34D18BC8BBD7", "data": {}}
2025-01-07T00:10:11+00:00 DEBUG Tt4b_Pixel_Class::inject_add_to_cart_event: hit AddToCart
2025-01-07T00:10:11+00:00 DEBUG POST: https://business-api.tiktok.com/open_api/v1.3/event/track/

{"partner_name":"WooCommerce","event_source":"web","event_source_id":"CSM79Q3C77UAG1T340I0","data":[{"event":"AddToCart","event_id":"677c70e331150_tt4b_woocommerce_670666209cf1f_2499","event_time":1736208611,"user":{"ip":"93.158.213.25","user_agent":"Mozilla\/5.0 (compatible; MJ12bot\/v1.4.8; http:\/\/mj12bot.com\/)","locale":"ar","external_id":"0","email":"e3b0c44298fc1c149afbf4c8996fb92427ae41e4649b934ca495991b7852b855","phone_number":"e3b0c44298fc1c149afbf4c8996fb92427ae41e4649b934ca495991b7852b855","first_name":"e3b0c44298fc1c149afbf4c8996fb92427ae41e4649b934ca495991b7852b855","last_name":"e3b0c44298fc1c149afbf4c8996fb92427ae41e4649b934ca495991b7852b855","zip_code":"e3b0c44298fc1c149afbf4c8996fb92427ae41e4649b934ca495991b7852b855"},"properties":{"contents":[{"price":70,"quantity":1,"content_id":"2499","content_name":"\u0637\u0628\u0627\u0639\u0647 \u0628\u0646\u0631","description":"<ul>\r\n \t<li>\u00a0\u0637\u0628\u0627\u0639\u0629 \u0627\u0644\u0628\u0646\u0631\u0627\u062a \u0628\u062f\u0642\u0629 \u0639\u0627\u0644\u064a\u0629 \u0648 \u0627\u0641\u0636\u0644 \u062c\u0648\u062f\u0629.<\/li>\r\n \t<li>\u0627\u0642\u0635\u0649 \u0639\u0631\u0636 \u0644\u0644\u0628\u0646\u0631 1.5 \u0645\u062a\u0631.<\/li>\r\n \t<li>\u0645\u062f\u0629 \u0627\u0644\u062a\u0646\u0641\u064a\u0630: \u0645\u0646 1 \u0625\u0644\u0649 2 \u0623\u064a\u0627\u0645 \u0639\u0645\u0644 \u0628\u0639\u062f \u0627\u0639\u062a\u0645\u0627\u062f \u0627\u0644\u062a\u0635\u0645\u064a\u0645 \u0648\u0627\u0644\u0637\u0644\u0628 \u062d\u0633\u0628 \u0627\u0644\u0643\u0645\u064a\u0629.<\/li>\r\n<\/ul>","availability":"IN_STOCK","sale_price":70,"on_sale":false}],"content_type":"product","currency":"SAR","value":70,"event_trigger_source":"WooCommerce"},"page":{"url":"http:\/\/www.ibn-sinaa.com\/en\/product\/%D8%A8%D8%B1%D8%B4%D9%88%D8%B1-%D9%85%D8%B7%D9%88%D9%8A%D8%A9-a5\/?add-to-cart=2499"}}]}
 ajax: no
2025-01-07T00:10:11+00:00 DEBUG Tt4b_Mapi_Class::mapi_post: Response: 

HTTP/1.1 200 OK
Server: nginx
Content-Type: application/json
Content-Length: 92
X-Tt-Logid: 202501070010116153F3120FDC7701599D
x-tt-trace-host: 018e5a586174a888928d793bdac74b79b519a86797e72c2eba011e03e23beee17ddb7f2a2bc17477f449bfa05f0ae2fe094a5742ca16b6b118ba34a2128dbc970cb52bda3f8340cfb42db50492b1a4cbb15fda25ddb327938667df518b3e392b7e422e90d399a79d203ddae2e573a681a1
x-tt-trace-id: 00-2501070010116153F3120FDC7701599D-2EED0CFD8A161C1B-00
X-Origin-Response-Time: 92,23.218.219.59
X-Akamai-Request-ID: 42d7711.a8405a8
Expires: Tue, 07 Jan 2025 00:10:11 GMT
Cache-Control: max-age=0, no-cache, no-store
Pragma: no-cache
Date: Tue, 07 Jan 2025 00:10:11 GMT
X-Cache: TCP_MISS from a95-101-134-116.deploy.akamaitechnologies.com (AkamaiGHost/11.7.2.1-9611f29bef89eba7b18045b10aa2af98) (-)
Connection: close
X-Cache-Remote: TCP_MISS from a23-218-219-59.deploy.akamaitechnologies.com (AkamaiGHost/11.7.2.1-9611f29bef89eba7b18045b10aa2af98) (-)
x-tt-trace-tag: id=16;cdn-cache=miss;type=dyn
Server-Timing: cdn-cache; desc=MISS, edge; dur=93, origin; dur=91
Server-Timing: inner; dur=45
X-Parent-Response-Time: 183,95.101.134.116

{"code": 0, "message": "OK", "request_id": "202501070010116153F3120FDC7701599D", "data": {}}
2025-01-07T00:10:11+00:00 DEBUG POST: https://business-api.tiktok.com/open_api/v1.3/event/track/

{"partner_name":"WooCommerce","event_source":"web","event_source_id":"CSM79Q3C77UAG1T340I0","data":[{"event":"Pageview","event_id":"677c70e38bbde_tt4b_woocommerce_670666209cf1f","event_time":1736208611,"user":{"ip":"93.158.213.25","user_agent":"Mozilla\/5.0 (compatible; MJ12bot\/v1.4.8; http:\/\/mj12bot.com\/)","locale":"ar","external_id":"0","email":"e3b0c44298fc1c149afbf4c8996fb92427ae41e4649b934ca495991b7852b855","phone_number":"e3b0c44298fc1c149afbf4c8996fb92427ae41e4649b934ca495991b7852b855","first_name":"e3b0c44298fc1c149afbf4c8996fb92427ae41e4649b934ca495991b7852b855","last_name":"e3b0c44298fc1c149afbf4c8996fb92427ae41e4649b934ca495991b7852b855","zip_code":"e3b0c44298fc1c149afbf4c8996fb92427ae41e4649b934ca495991b7852b855"},"page":{"url":"http:\/\/www.ibn-sinaa.com\/en\/product\/%D8%A8%D8%B1%D8%B4%D9%88%D8%B1-%D9%85%D8%B7%D9%88%D9%8A%D8%A9-a5\/?add-to-cart=2499"}}]}
 ajax: no
2025-01-07T00:10:11+00:00 DEBUG Tt4b_Mapi_Class::mapi_post: Response: 

HTTP/1.1 200 OK
Server: nginx
Content-Type: application/json
Content-Length: 92
X-Tt-Logid: 2025010700101105876300C67885E32E07
Server-Timing: inner; dur=21
x-tt-trace-host: 018e5a586174a888928d793bdac74b79b51a437ee89a1c03eb2011d034a2e3e9f56fec18b908abd10a270e80611d0afe04a17b4e2cc8c86cb54d3aa2fd4462d903d1fb17defd1f4a56cf3f3d9e3009d1ea888d705af9ffbea006adffb0245ce568
x-tt-trace-id: 00-25010700101105876300C67885E32E07-45FA7EFA89A00ED5-00
Expires: Tue, 07 Jan 2025 00:10:11 GMT
Cache-Control: max-age=0, no-cache, no-store
Pragma: no-cache
Date: Tue, 07 Jan 2025 00:10:11 GMT
X-Cache: TCP_MISS from a95-101-134-92.deploy.akamaitechnologies.com (AkamaiGHost/11.7.2.1-9611f29bef89eba7b18045b10aa2af98) (-)
Connection: close
x-tt-trace-tag: id=16;cdn-cache=miss;type=dyn
Server-Timing: cdn-cache; desc=MISS, edge; dur=0, origin; dur=102
X-Origin-Response-Time: 102,95.101.134.92
X-Akamai-Request-ID: b00aac1

{"code": 0, "message": "OK", "request_id": "2025010700101105876300C67885E32E07", "data": {}}
2025-01-07T00:10:15+00:00 DEBUG Tt4b_Pixel_Class::inject_add_to_cart_event: hit AddToCart
2025-01-07T00:10:15+00:00 DEBUG POST: https://business-api.tiktok.com/open_api/v1.3/event/track/

{"partner_name":"WooCommerce","event_source":"web","event_source_id":"CSM79Q3C77UAG1T340I0","data":[{"event":"AddToCart","event_id":"677c70e7af91f_tt4b_woocommerce_670666209cf1f_SKU_197","event_time":1736208615,"user":{"ip":"93.158.213.25","user_agent":"Mozilla\/5.0 (compatible; MJ12bot\/v1.4.8; http:\/\/mj12bot.com\/)","locale":"ar","external_id":"0","email":"e3b0c44298fc1c149afbf4c8996fb92427ae41e4649b934ca495991b7852b855","phone_number":"e3b0c44298fc1c149afbf4c8996fb92427ae41e4649b934ca495991b7852b855","first_name":"e3b0c44298fc1c149afbf4c8996fb92427ae41e4649b934ca495991b7852b855","last_name":"e3b0c44298fc1c149afbf4c8996fb92427ae41e4649b934ca495991b7852b855","zip_code":"e3b0c44298fc1c149afbf4c8996fb92427ae41e4649b934ca495991b7852b855"},"properties":{"contents":[{"price":0,"quantity":1,"content_id":"SKU_197","content_name":"\u0637\u0628\u0627\u0639\u0629 \u0628\u0631\u0634\u0648\u0631 \u0641\u0644\u0627\u064a\u0631 A5","description":"\u0641\u0644\u0627\u064a\u0631 \u0645\u0642\u0627\u0633 A5 \u0637\u0628\u0627\u0639\u0629 \u0631\u0642\u0645\u064a\u0629 \u0639\u0644\u0649 \u0648\u0631\u0642 \u0643\u0648\u0634\u064a\u0647.\r\n\u0645\u062f\u0629 \u0627\u0644\u062a\u0646\u0641\u064a\u0630 \u0627\u0644\u0645\u062a\u0648\u0642\u0639\u0629: 1 \u2013 3 \u0623\u064a\u0627\u0645 \u0639\u0645\u0644 \u0628\u0639\u062f \u062a\u0623\u0643\u064a\u062f \u0627\u0644\u0637\u0644\u0628 \u0648\u0627\u0644\u062a\u0635\u0645\u064a\u0645 \u0648\u062d\u0633\u0628 \u0627\u0644\u0643\u0645\u064a\u0629 (\u062a\u0632\u064a\u062f \u0627\u0644\u0645\u062f\u0629 \u0639\u0646\u062f \u0637\u0644\u0628 \u0627\u0644\u0634\u062d\u0646).","availability":"IN_STOCK","sale_price":0,"on_sale":false}],"content_type":"product","currency":"SAR","value":0,"event_trigger_source":"WooCommerce"},"page":{"url":"http:\/\/www.ibn-sinaa.com\/en\/product\/%D8%B1%D9%88%D9%84-%D8%A7%D8%A8-%D8%A7%D9%83%D8%B3\/?add-to-cart=197"}}]}
 ajax: no
2025-01-07T00:10:15+00:00 DEBUG Tt4b_Mapi_Class::mapi_post: Response: 

HTTP/1.1 200 OK
Server: nginx
Content-Type: application/json
Content-Length: 92
X-Tt-Logid: 202501070010152EC887A17BDD3D82DC4D
Server-Timing: inner; dur=32
x-tt-trace-host: 018e5a586174a888928d793bdac74b79b51a437ee89a1c03eb2011d034a2e3e9f5cc1099ea09b3e81133850cf305bff6e19e7b6031dce13901a58e12353f4b1cf4974dae0807ed50d560a24a348d6342e6b1a4394d3c44afc0c9102c368d76321c
x-tt-trace-id: 00-2501070010152EC887A17BDD3D82DC4D-59DE2B216835D0E5-00
Expires: Tue, 07 Jan 2025 00:10:15 GMT
Cache-Control: max-age=0, no-cache, no-store
Pragma: no-cache
Date: Tue, 07 Jan 2025 00:10:15 GMT
X-Cache: TCP_MISS from a95-101-134-92.deploy.akamaitechnologies.com (AkamaiGHost/11.7.2.1-9611f29bef89eba7b18045b10aa2af98) (-)
Connection: close
x-tt-trace-tag: id=16;cdn-cache=miss;type=dyn
Server-Timing: cdn-cache; desc=MISS, edge; dur=2, origin; dur=112
X-Origin-Response-Time: 113,95.101.134.92
X-Akamai-Request-ID: b00e165

{"code": 0, "message": "OK", "request_id": "202501070010152EC887A17BDD3D82DC4D", "data": {}}
2025-01-07T00:10:16+00:00 DEBUG POST: https://business-api.tiktok.com/open_api/v1.3/event/track/

{"partner_name":"WooCommerce","event_source":"web","event_source_id":"CSM79Q3C77UAG1T340I0","data":[{"event":"Pageview","event_id":"677c70e80843e_tt4b_woocommerce_670666209cf1f","event_time":1736208616,"user":{"ip":"93.158.213.25","user_agent":"Mozilla\/5.0 (compatible; MJ12bot\/v1.4.8; http:\/\/mj12bot.com\/)","locale":"ar","external_id":"0","email":"e3b0c44298fc1c149afbf4c8996fb92427ae41e4649b934ca495991b7852b855","phone_number":"e3b0c44298fc1c149afbf4c8996fb92427ae41e4649b934ca495991b7852b855","first_name":"e3b0c44298fc1c149afbf4c8996fb92427ae41e4649b934ca495991b7852b855","last_name":"e3b0c44298fc1c149afbf4c8996fb92427ae41e4649b934ca495991b7852b855","zip_code":"e3b0c44298fc1c149afbf4c8996fb92427ae41e4649b934ca495991b7852b855"},"page":{"url":"http:\/\/www.ibn-sinaa.com\/en\/product\/%D8%B1%D9%88%D9%84-%D8%A7%D8%A8-%D8%A7%D9%83%D8%B3\/?add-to-cart=197"}}]}
 ajax: no
2025-01-07T00:10:16+00:00 DEBUG Tt4b_Mapi_Class::mapi_post: Response: 

HTTP/1.1 200 OK
Server: nginx
Content-Type: application/json
Content-Length: 92
X-Tt-Logid: 20250107001016B0D35FA1E2CE8A0AA5F0
Server-Timing: inner; dur=44
x-tt-trace-host: 018e5a586174a888928d793bdac74b79b51a437ee89a1c03eb2011d034a2e3e9f5bd4486604e0d7bbc9ec3d2f52c9e9731a79a1cfe59c76b8e4e57bd41d5c19ce486cb35628e791274d38ce6da231f094b2e0802c20f3fc48909f82d2e3bcb12ee
x-tt-trace-id: 00-250107001016B0D35FA1E2CE8A0AA5F0-5D44BFE524B648CC-00
Expires: Tue, 07 Jan 2025 00:10:16 GMT
Cache-Control: max-age=0, no-cache, no-store
Pragma: no-cache
Date: Tue, 07 Jan 2025 00:10:16 GMT
X-Cache: TCP_MISS from a95-101-134-92.deploy.akamaitechnologies.com (AkamaiGHost/11.7.2.1-9611f29bef89eba7b18045b10aa2af98) (-)
Connection: close
x-tt-trace-tag: id=16;cdn-cache=miss;type=dyn
Server-Timing: cdn-cache; desc=MISS, edge; dur=1, origin; dur=127
X-Origin-Response-Time: 128,95.101.134.92
X-Akamai-Request-ID: b00e58c

{"code": 0, "message": "OK", "request_id": "20250107001016B0D35FA1E2CE8A0AA5F0", "data": {}}
2025-01-07T00:10:20+00:00 DEBUG Tt4b_Pixel_Class::inject_add_to_cart_event: hit AddToCart
2025-01-07T00:10:20+00:00 DEBUG POST: https://business-api.tiktok.com/open_api/v1.3/event/track/

{"partner_name":"WooCommerce","event_source":"web","event_source_id":"CSM79Q3C77UAG1T340I0","data":[{"event":"AddToCart","event_id":"677c70ec46db4_tt4b_woocommerce_670666209cf1f_3545","event_time":1736208620,"user":{"ip":"93.158.213.25","user_agent":"Mozilla\/5.0 (compatible; MJ12bot\/v1.4.8; http:\/\/mj12bot.com\/)","locale":"ar","external_id":"0","email":"e3b0c44298fc1c149afbf4c8996fb92427ae41e4649b934ca495991b7852b855","phone_number":"e3b0c44298fc1c149afbf4c8996fb92427ae41e4649b934ca495991b7852b855","first_name":"e3b0c44298fc1c149afbf4c8996fb92427ae41e4649b934ca495991b7852b855","last_name":"e3b0c44298fc1c149afbf4c8996fb92427ae41e4649b934ca495991b7852b855","zip_code":"e3b0c44298fc1c149afbf4c8996fb92427ae41e4649b934ca495991b7852b855"},"properties":{"contents":[{"price":0,"quantity":1,"content_id":"3545","content_name":"\u0637\u0628\u0627\u0639\u0629 \u0641\u0648\u0644\u062f\u0631\u0627\u062a \u062c\u064a\u0628 \u0639\u0627\u062f\u064a","description":"\u0641\u0648\u0644\u062f\u0631 \u062c\u064a\u0628 \u0623\u0628\u064a\u0636 \u0639\u0627\u062f\u064a.\r\n\u0646\u0648\u0639 \u0627\u0644\u0648\u0631\u0642: \u0648\u0631\u0642 \u0643\u0648\u0634\u064a\u0647 350 \u062c\u0631\u0627\u0645 \u0645\u0639 \u0633\u0644\u0641\u0627\u0646\r\n\u0645\u062f\u0629 \u0627\u0644\u062a\u0646\u0641\u064a\u0630 \u0627\u0644\u0645\u062a\u0648\u0642\u0639\u0629: \u0645\u0646 4 \u0625\u0644\u0649 7 \u0623\u064a\u0627\u0645 \u0639\u0645\u0644 \u0628\u0639\u062f \u0627\u0639\u062a\u0645\u0627\u062f \u0627\u0644\u0637\u0644\u0628 \u0648\u0627\u0644\u0643\u0645\u064a\u0629 (\u062a\u0632\u064a\u062f \u0627\u0644\u0645\u062f\u0629 \u0639\u0646\u062f \u0637\u0644\u0628 \u0627\u0644\u0634\u062d\u0646).","availability":"IN_STOCK","sale_price":0,"on_sale":false}],"content_type":"product","currency":"SAR","value":0,"event_trigger_source":"WooCommerce"},"page":{"url":"http:\/\/www.ibn-sinaa.com\/en\/product\/%D8%B1%D9%88%D9%84-%D8%A7%D8%A8-%D8%A7%D9%83%D8%B3\/?add-to-cart=3545"}}]}
 ajax: no
2025-01-07T00:10:20+00:00 DEBUG Tt4b_Mapi_Class::mapi_post: Response: 

HTTP/1.1 200 OK
Server: nginx
Content-Type: application/json
Content-Length: 92
X-Tt-Logid: 2025010700102099BAA2A7594120545C25
Server-Timing: inner; dur=26
x-tt-trace-host: 018e5a586174a888928d793bdac74b79b520593bf434961dbceff88e4b17f9a1568b6118d5f7d9b827a3ccd79a4728610845a4052b9239e78bb6e3f58ab99cc4ae89cada4f80ca695f095758683277a08885a3a5aaf9e8ddae107574f8a7e6f31f
x-tt-trace-id: 00-25010700102099BAA2A7594120545C25-5D9336FB2A242F8C-00
Expires: Tue, 07 Jan 2025 00:10:20 GMT
Cache-Control: max-age=0, no-cache, no-store
Pragma: no-cache
Date: Tue, 07 Jan 2025 00:10:20 GMT
X-Cache: TCP_MISS from a95-101-134-116.deploy.akamaitechnologies.com (AkamaiGHost/11.7.2.1-9611f29bef89eba7b18045b10aa2af98) (-)
Connection: close
x-tt-trace-tag: id=16;cdn-cache=miss;type=dyn
Server-Timing: cdn-cache; desc=MISS, edge; dur=0, origin; dur=109
X-Origin-Response-Time: 109,95.101.134.116
X-Akamai-Request-ID: a844a4d

{"code": 0, "message": "OK", "request_id": "2025010700102099BAA2A7594120545C25", "data": {}}
2025-01-07T00:10:20+00:00 DEBUG POST: https://business-api.tiktok.com/open_api/v1.3/event/track/

{"partner_name":"WooCommerce","event_source":"web","event_source_id":"CSM79Q3C77UAG1T340I0","data":[{"event":"Pageview","event_id":"677c70ec8e995_tt4b_woocommerce_670666209cf1f","event_time":1736208620,"user":{"ip":"93.158.213.25","user_agent":"Mozilla\/5.0 (compatible; MJ12bot\/v1.4.8; http:\/\/mj12bot.com\/)","locale":"ar","external_id":"0","email":"e3b0c44298fc1c149afbf4c8996fb92427ae41e4649b934ca495991b7852b855","phone_number":"e3b0c44298fc1c149afbf4c8996fb92427ae41e4649b934ca495991b7852b855","first_name":"e3b0c44298fc1c149afbf4c8996fb92427ae41e4649b934ca495991b7852b855","last_name":"e3b0c44298fc1c149afbf4c8996fb92427ae41e4649b934ca495991b7852b855","zip_code":"e3b0c44298fc1c149afbf4c8996fb92427ae41e4649b934ca495991b7852b855"},"page":{"url":"http:\/\/www.ibn-sinaa.com\/en\/product\/%D8%B1%D9%88%D9%84-%D8%A7%D8%A8-%D8%A7%D9%83%D8%B3\/?add-to-cart=3545"}}]}
 ajax: no
2025-01-07T00:10:20+00:00 DEBUG Tt4b_Mapi_Class::mapi_post: Response: 

HTTP/1.1 200 OK
Server: nginx
Content-Type: application/json
Content-Length: 92
X-Tt-Logid: 202501070010203A832FE4EA9DAE2F3CFE
Server-Timing: inner; dur=31
x-tt-trace-host: 018e5a586174a888928d793bdac74b79b51a437ee89a1c03eb2011d034a2e3e9f5dd84462460164b811091298f248458311454563c1f781256762fa9a79bdb4ab6f04f350255c88a2795154c4fc35acb3f70119e90ddd85f5b76ffe28c3ec45bc4
x-tt-trace-id: 00-2501070010203A832FE4EA9DAE2F3CFE-1C6B891E2F2E8260-00
Expires: Tue, 07 Jan 2025 00:10:20 GMT
Cache-Control: max-age=0, no-cache, no-store
Pragma: no-cache
Date: Tue, 07 Jan 2025 00:10:20 GMT
X-Cache: TCP_MISS from a95-101-134-92.deploy.akamaitechnologies.com (AkamaiGHost/11.7.2.1-9611f29bef89eba7b18045b10aa2af98) (-)
Connection: close
x-tt-trace-tag: id=16;cdn-cache=miss;type=dyn
Server-Timing: cdn-cache; desc=MISS, edge; dur=2, origin; dur=113
X-Origin-Response-Time: 114,95.101.134.92
X-Akamai-Request-ID: b012173

{"code": 0, "message": "OK", "request_id": "202501070010203A832FE4EA9DAE2F3CFE", "data": {}}
2025-01-07T00:10:24+00:00 DEBUG Tt4b_Pixel_Class::inject_add_to_cart_event: hit AddToCart
2025-01-07T00:10:24+00:00 DEBUG POST: https://business-api.tiktok.com/open_api/v1.3/event/track/

{"partner_name":"WooCommerce","event_source":"web","event_source_id":"CSM79Q3C77UAG1T340I0","data":[{"event":"AddToCart","event_id":"677c70f0a5375_tt4b_woocommerce_670666209cf1f_SKU_40","event_time":1736208624,"user":{"ip":"93.158.213.25","user_agent":"Mozilla\/5.0 (compatible; MJ12bot\/v1.4.8; http:\/\/mj12bot.com\/)","locale":"ar","external_id":"0","email":"e3b0c44298fc1c149afbf4c8996fb92427ae41e4649b934ca495991b7852b855","phone_number":"e3b0c44298fc1c149afbf4c8996fb92427ae41e4649b934ca495991b7852b855","first_name":"e3b0c44298fc1c149afbf4c8996fb92427ae41e4649b934ca495991b7852b855","last_name":"e3b0c44298fc1c149afbf4c8996fb92427ae41e4649b934ca495991b7852b855","zip_code":"e3b0c44298fc1c149afbf4c8996fb92427ae41e4649b934ca495991b7852b855"},"properties":{"contents":[{"price":0,"quantity":1,"content_id":"SKU_40","content_name":"\u0637\u0628\u0627\u0639\u0629 \u0628\u0631\u0634\u0648\u0631 \u0645\u0637\u0648\u064a\u0629 A5","description":"\u0628\u0631\u0648\u0634\u0648\u0631 \u0645\u0637\u0648\u064a \u062d\u0633\u0628 \u062a\u0635\u0645\u064a\u0645 \u0627\u0644\u0639\u0645\u064a\u0644 \u0648\u0631\u0642 \u0643\u0648\u0634\u064a\u0647 \u0645\u0637\u0641\u064a 150 \u062c\u0631\u0627\u0645.\r\n\u0645\u062f\u0629 \u0627\u0644\u062a\u0646\u0641\u064a\u0630 \u0627\u0644\u0645\u062a\u0648\u0642\u0639\u0629: 3 \u2013 5 \u0623\u064a\u0627\u0645 \u0639\u0645\u0644 \u0628\u0639\u062f \u062a\u0623\u0643\u064a\u062f \u0627\u0644\u0637\u0644\u0628 \u0648\u0627\u0644\u062a\u0635\u0645\u064a\u0645 \u0648\u062d\u0633\u0628 \u0627\u0644\u0643\u0645\u064a\u0629 (\u062a\u0632\u064a\u062f \u0627\u0644\u0645\u062f\u0629 \u0639\u0646\u062f \u0637\u0644\u0628 \u0627\u0644\u0634\u062d\u0646).","availability":"IN_STOCK","sale_price":0,"on_sale":false}],"content_type":"product","currency":"SAR","value":0,"event_trigger_source":"WooCommerce"},"page":{"url":"http:\/\/www.ibn-sinaa.com\/en\/product\/%D8%B1%D9%88%D9%84-%D8%A7%D8%A8-%D8%A7%D9%83%D8%B3\/?add-to-cart=40"}}]}
 ajax: no
2025-01-07T00:10:24+00:00 DEBUG Tt4b_Mapi_Class::mapi_post: Response: 

HTTP/1.1 200 OK
Server: nginx
Content-Type: application/json
Content-Length: 92
X-Tt-Logid: 2025010700102416F99DCAC5E8B6CA526D
x-tt-trace-host: 018e5a586174a888928d793bdac74b79b519a86797e72c2eba011e03e23beee17db5109870916fc8918046d5898d40fd4dec7e08294aed51ff583bba1412553b97f313bdf634e0d99424808cb3d90d9ef2d80c672ba37449231d23423a9b66e1e2d596da5ff932452d01aa0c60bd5d5a24
x-tt-trace-id: 00-25010700102416F99DCAC5E8B6CA526D-042E85946F46D42F-00
X-Origin-Response-Time: 25,23.213.246.231
X-Akamai-Request-ID: 2f32b232.a846be6
Expires: Tue, 07 Jan 2025 00:10:24 GMT
Cache-Control: max-age=0, no-cache, no-store
Pragma: no-cache
Date: Tue, 07 Jan 2025 00:10:24 GMT
X-Cache: TCP_MISS from a95-101-134-116.deploy.akamaitechnologies.com (AkamaiGHost/11.7.2.1-9611f29bef89eba7b18045b10aa2af98) (-)
Connection: close
X-Cache-Remote: TCP_MISS from a23-213-246-231.deploy.akamaitechnologies.com (AkamaiGHost/11.7.2.1-9611f29bef89eba7b18045b10aa2af98) (-)
x-tt-trace-tag: id=16;cdn-cache=miss;type=dyn
Server-Timing: cdn-cache; desc=MISS, edge; dur=83, origin; dur=25
Server-Timing: inner; dur=23
X-Parent-Response-Time: 107,95.101.134.116

{"code": 0, "message": "OK", "request_id": "2025010700102416F99DCAC5E8B6CA526D", "data": {}}
2025-01-07T00:10:24+00:00 DEBUG POST: https://business-api.tiktok.com/open_api/v1.3/event/track/

{"partner_name":"WooCommerce","event_source":"web","event_source_id":"CSM79Q3C77UAG1T340I0","data":[{"event":"Pageview","event_id":"677c70f0ef1d4_tt4b_woocommerce_670666209cf1f","event_time":1736208624,"user":{"ip":"93.158.213.25","user_agent":"Mozilla\/5.0 (compatible; MJ12bot\/v1.4.8; http:\/\/mj12bot.com\/)","locale":"ar","external_id":"0","email":"e3b0c44298fc1c149afbf4c8996fb92427ae41e4649b934ca495991b7852b855","phone_number":"e3b0c44298fc1c149afbf4c8996fb92427ae41e4649b934ca495991b7852b855","first_name":"e3b0c44298fc1c149afbf4c8996fb92427ae41e4649b934ca495991b7852b855","last_name":"e3b0c44298fc1c149afbf4c8996fb92427ae41e4649b934ca495991b7852b855","zip_code":"e3b0c44298fc1c149afbf4c8996fb92427ae41e4649b934ca495991b7852b855"},"page":{"url":"http:\/\/www.ibn-sinaa.com\/en\/product\/%D8%B1%D9%88%D9%84-%D8%A7%D8%A8-%D8%A7%D9%83%D8%B3\/?add-to-cart=40"}}]}
 ajax: no
2025-01-07T00:10:25+00:00 DEBUG Tt4b_Mapi_Class::mapi_post: Response: 

HTTP/1.1 200 OK
Server: nginx
Content-Type: application/json
Content-Length: 92
X-Tt-Logid: 20250107001025A384162A4A417EE6D31C
x-tt-trace-host: 018e5a586174a888928d793bdac74b79b519a86797e72c2eba011e03e23beee17dac01b1e4c73dd2c03628844cee9df974f2f4c9e4089b07c016dcbcc1985828453b265dbd3e6bb5d62b253edce31159d4e6fc78e103164bd8f44e88a7f0cff48451bc24fecef3b7f7015c0cdf56466238
x-tt-trace-id: 00-250107001025A384162A4A417EE6D31C-10751A671C5A0895-00
X-Origin-Response-Time: 35,23.222.2.20
X-Akamai-Request-ID: 1102b37.a846e21
Expires: Tue, 07 Jan 2025 00:10:25 GMT
Cache-Control: max-age=0, no-cache, no-store
Pragma: no-cache
Date: Tue, 07 Jan 2025 00:10:25 GMT
X-Cache: TCP_MISS from a95-101-134-116.deploy.akamaitechnologies.com (AkamaiGHost/11.7.2.1-9611f29bef89eba7b18045b10aa2af98) (-)
Connection: close
X-Cache-Remote: TCP_MISS from a23-222-2-20.deploy.akamaitechnologies.com (AkamaiGHost/11.7.2.1-9611f29bef89eba7b18045b10aa2af98) (-)
x-tt-trace-tag: id=16;cdn-cache=miss;type=dyn
Server-Timing: cdn-cache; desc=MISS, edge; dur=81, origin; dur=35
Server-Timing: inner; dur=27
X-Parent-Response-Time: 115,95.101.134.116

{"code": 0, "message": "OK", "request_id": "20250107001025A384162A4A417EE6D31C", "data": {}}
2025-01-07T00:10:29+00:00 DEBUG Tt4b_Pixel_Class::inject_add_to_cart_event: hit AddToCart
2025-01-07T00:10:29+00:00 DEBUG POST: https://business-api.tiktok.com/open_api/v1.3/event/track/

{"partner_name":"WooCommerce","event_source":"web","event_source_id":"CSM79Q3C77UAG1T340I0","data":[{"event":"AddToCart","event_id":"677c70f52f998_tt4b_woocommerce_670666209cf1f_SKU_197","event_time":1736208629,"user":{"ip":"93.158.213.25","user_agent":"Mozilla\/5.0 (compatible; MJ12bot\/v1.4.8; http:\/\/mj12bot.com\/)","locale":"ar","external_id":"0","email":"e3b0c44298fc1c149afbf4c8996fb92427ae41e4649b934ca495991b7852b855","phone_number":"e3b0c44298fc1c149afbf4c8996fb92427ae41e4649b934ca495991b7852b855","first_name":"e3b0c44298fc1c149afbf4c8996fb92427ae41e4649b934ca495991b7852b855","last_name":"e3b0c44298fc1c149afbf4c8996fb92427ae41e4649b934ca495991b7852b855","zip_code":"e3b0c44298fc1c149afbf4c8996fb92427ae41e4649b934ca495991b7852b855"},"properties":{"contents":[{"price":0,"quantity":1,"content_id":"SKU_197","content_name":"\u0637\u0628\u0627\u0639\u0629 \u0628\u0631\u0634\u0648\u0631 \u0641\u0644\u0627\u064a\u0631 A5","description":"\u0641\u0644\u0627\u064a\u0631 \u0645\u0642\u0627\u0633 A5 \u0637\u0628\u0627\u0639\u0629 \u0631\u0642\u0645\u064a\u0629 \u0639\u0644\u0649 \u0648\u0631\u0642 \u0643\u0648\u0634\u064a\u0647.\r\n\u0645\u062f\u0629 \u0627\u0644\u062a\u0646\u0641\u064a\u0630 \u0627\u0644\u0645\u062a\u0648\u0642\u0639\u0629: 1 \u2013 3 \u0623\u064a\u0627\u0645 \u0639\u0645\u0644 \u0628\u0639\u062f \u062a\u0623\u0643\u064a\u062f \u0627\u0644\u0637\u0644\u0628 \u0648\u0627\u0644\u062a\u0635\u0645\u064a\u0645 \u0648\u062d\u0633\u0628 \u0627\u0644\u0643\u0645\u064a\u0629 (\u062a\u0632\u064a\u062f \u0627\u0644\u0645\u062f\u0629 \u0639\u0646\u062f \u0637\u0644\u0628 \u0627\u0644\u0634\u062d\u0646).","availability":"IN_STOCK","sale_price":0,"on_sale":false}],"content_type":"product","currency":"SAR","value":0,"event_trigger_source":"WooCommerce"},"page":{"url":"http:\/\/www.ibn-sinaa.com\/en\/product\/%D8%B1%D9%88%D9%84-%D8%A7%D8%A8-%D8%AF%D9%8A%D9%84%D9%88%D9%83%D8%B3\/?add-to-cart=197"}}]}
 ajax: no
2025-01-07T00:10:29+00:00 DEBUG Tt4b_Mapi_Class::mapi_post: Response: 

HTTP/1.1 200 OK
Server: nginx
Content-Type: application/json
Content-Length: 92
X-Tt-Logid: 2025010700102988FDFE12B72BE52C7291
Server-Timing: inner; dur=27
x-tt-trace-host: 018e5a586174a888928d793bdac74b79b51a437ee89a1c03eb2011d034a2e3e9f5443500bd55cc7dbe00d6bfabeb0f1c07cd94019c4f74cf750df394f87d789673e0e021b3e86a92d3892b114d4090622c4c1dc472baf7e8908c7bc0868dcf551b
x-tt-trace-id: 00-25010700102988FDFE12B72BE52C7291-21DB736164763B86-00
Expires: Tue, 07 Jan 2025 00:10:29 GMT
Cache-Control: max-age=0, no-cache, no-store
Pragma: no-cache
Date: Tue, 07 Jan 2025 00:10:29 GMT
X-Cache: TCP_MISS from a95-101-134-92.deploy.akamaitechnologies.com (AkamaiGHost/11.7.2.1-9611f29bef89eba7b18045b10aa2af98) (-)
Connection: close
x-tt-trace-tag: id=16;cdn-cache=miss;type=dyn
Server-Timing: cdn-cache; desc=MISS, edge; dur=1, origin; dur=110
X-Origin-Response-Time: 111,95.101.134.92
X-Akamai-Request-ID: b019141

{"code": 0, "message": "OK", "request_id": "2025010700102988FDFE12B72BE52C7291", "data": {}}
2025-01-07T00:10:29+00:00 DEBUG POST: https://business-api.tiktok.com/open_api/v1.3/event/track/

{"partner_name":"WooCommerce","event_source":"web","event_source_id":"CSM79Q3C77UAG1T340I0","data":[{"event":"Pageview","event_id":"677c70f579840_tt4b_woocommerce_670666209cf1f","event_time":1736208629,"user":{"ip":"93.158.213.25","user_agent":"Mozilla\/5.0 (compatible; MJ12bot\/v1.4.8; http:\/\/mj12bot.com\/)","locale":"ar","external_id":"0","email":"e3b0c44298fc1c149afbf4c8996fb92427ae41e4649b934ca495991b7852b855","phone_number":"e3b0c44298fc1c149afbf4c8996fb92427ae41e4649b934ca495991b7852b855","first_name":"e3b0c44298fc1c149afbf4c8996fb92427ae41e4649b934ca495991b7852b855","last_name":"e3b0c44298fc1c149afbf4c8996fb92427ae41e4649b934ca495991b7852b855","zip_code":"e3b0c44298fc1c149afbf4c8996fb92427ae41e4649b934ca495991b7852b855"},"page":{"url":"http:\/\/www.ibn-sinaa.com\/en\/product\/%D8%B1%D9%88%D9%84-%D8%A7%D8%A8-%D8%AF%D9%8A%D9%84%D9%88%D9%83%D8%B3\/?add-to-cart=197"}}]}
 ajax: no
2025-01-07T00:10:29+00:00 DEBUG Tt4b_Mapi_Class::mapi_post: Response: 

HTTP/1.1 200 OK
Server: nginx
Content-Type: application/json
Content-Length: 92
X-Tt-Logid: 20250107001029D67B68F6289E6E278EC7
x-tt-trace-host: 018e5a586174a888928d793bdac74b79b519a86797e72c2eba011e03e23beee17db5109870916fc8918046d5898d40fd4d4557059fcc03865adfa2d04b3e222fe0ec7fee812bf22ba3a5611dca4f0fd62f946fb951ee8f6f1525b3c4bdece16715398a71422c0bd7100df076c4cc9a2c63
x-tt-trace-id: 00-250107001029D67B68F6289E6E278EC7-072BE5134BB02EF6-00
X-Origin-Response-Time: 47,23.213.246.231
X-Akamai-Request-ID: 2f339f90.a848fd5
Expires: Tue, 07 Jan 2025 00:10:29 GMT
Cache-Control: max-age=0, no-cache, no-store
Pragma: no-cache
Date: Tue, 07 Jan 2025 00:10:29 GMT
X-Cache: TCP_MISS from a95-101-134-116.deploy.akamaitechnologies.com (AkamaiGHost/11.7.2.1-9611f29bef89eba7b18045b10aa2af98) (-)
Connection: close
X-Cache-Remote: TCP_MISS from a23-213-246-231.deploy.akamaitechnologies.com (AkamaiGHost/11.7.2.1-9611f29bef89eba7b18045b10aa2af98) (-)
x-tt-trace-tag: id=16;cdn-cache=miss;type=dyn
Server-Timing: cdn-cache; desc=MISS, edge; dur=83, origin; dur=47
Server-Timing: inner; dur=28
X-Parent-Response-Time: 130,95.101.134.116

{"code": 0, "message": "OK", "request_id": "20250107001029D67B68F6289E6E278EC7", "data": {}}
2025-01-07T00:10:33+00:00 DEBUG Tt4b_Pixel_Class::inject_add_to_cart_event: hit AddToCart
2025-01-07T00:10:33+00:00 DEBUG POST: https://business-api.tiktok.com/open_api/v1.3/event/track/

{"partner_name":"WooCommerce","event_source":"web","event_source_id":"CSM79Q3C77UAG1T340I0","data":[{"event":"AddToCart","event_id":"677c70f9afb91_tt4b_woocommerce_670666209cf1f_SKU_198","event_time":1736208633,"user":{"ip":"93.158.213.25","user_agent":"Mozilla\/5.0 (compatible; MJ12bot\/v1.4.8; http:\/\/mj12bot.com\/)","locale":"ar","external_id":"0","email":"e3b0c44298fc1c149afbf4c8996fb92427ae41e4649b934ca495991b7852b855","phone_number":"e3b0c44298fc1c149afbf4c8996fb92427ae41e4649b934ca495991b7852b855","first_name":"e3b0c44298fc1c149afbf4c8996fb92427ae41e4649b934ca495991b7852b855","last_name":"e3b0c44298fc1c149afbf4c8996fb92427ae41e4649b934ca495991b7852b855","zip_code":"e3b0c44298fc1c149afbf4c8996fb92427ae41e4649b934ca495991b7852b855"},"properties":{"contents":[{"price":0,"quantity":1,"content_id":"SKU_198","content_name":"\u0637\u0628\u0627\u0639\u0629 \u0628\u0631\u0634\u0648\u0631 \u0641\u0644\u0627\u064a\u0631 A4","description":"<ul>\r\n \t<li>\u0641\u0644\u0627\u064a\u0631 \u0645\u0642\u0627\u0633 A4 \u0637\u0628\u0627\u0639\u0629 \u0639\u0644\u0649 \u0648\u0631\u0642 \u0643\u0648\u0634\u064a\u0647 150 \u062c\u0631\u0627\u0645 \u0628\u062c\u0648\u062f\u0629 \u0639\u0627\u0644\u064a\u0629.<\/li>\r\n \t<li>\u0645\u062f\u0629 \u0627\u0644\u062a\u0646\u0641\u064a\u0630 \u0627\u0644\u0645\u062a\u0648\u0642\u0639\u0629: 1 \u2013 3 \u0623\u064a\u0627\u0645 \u0639\u0645\u0644 \u0628\u0639\u062f \u062a\u0623\u0643\u064a\u062f \u0627\u0644\u0637\u0644\u0628 \u0648\u0627\u0644\u062a\u0635\u0645\u064a\u0645 \u0648\u062d\u0633\u0628 \u0627\u0644\u0643\u0645\u064a\u0629 (\u062a\u0632\u064a\u062f \u0627\u0644\u0645\u062f\u0629 \u0639\u0646\u062f \u0637\u0644\u0628 \u0627\u0644\u0634\u062d\u0646).<\/li>\r\n<\/ul>","availability":"IN_STOCK","sale_price":0,"on_sale":false}],"content_type":"product","currency":"SAR","value":0,"event_trigger_source":"WooCommerce"},"page":{"url":"http:\/\/www.ibn-sinaa.com\/en\/product\/%D8%B1%D9%88%D9%84-%D8%A7%D8%A8-%D8%AF%D9%8A%D9%84%D9%88%D9%83%D8%B3\/?add-to-cart=198"}}]}
 ajax: no
2025-01-07T00:10:34+00:00 DEBUG Tt4b_Mapi_Class::mapi_post: Response: 

HTTP/1.1 200 OK
Server: nginx
Content-Type: application/json
Content-Length: 92
X-Tt-Logid: 20250107001033D11D2D3428C016373D83
x-tt-trace-host: 018e5a586174a888928d793bdac74b79b56517d7628cf0ffdff56b078ad2cf56152d6ca1370518b6fc60ee0b196d9f244d2d2ad84c892900c22cc9c4ca32850ba56c7da695796f6d889e596802b0e675ebfbe153d9d1f892ba3b83cdc8fbf851572730baa2e33970f600e45aa840dd4a2c
x-tt-trace-id: 00-250107001033D11D2D3428C016373D83-3BDF878795FB690C-00
X-Origin-Response-Time: 364,23.213.246.241
X-Akamai-Request-ID: 3fdc72e2.b01ca47
Expires: Tue, 07 Jan 2025 00:10:34 GMT
Cache-Control: max-age=0, no-cache, no-store
Pragma: no-cache
Date: Tue, 07 Jan 2025 00:10:34 GMT
X-Cache: TCP_MISS from a95-101-134-92.deploy.akamaitechnologies.com (AkamaiGHost/11.7.2.1-9611f29bef89eba7b18045b10aa2af98) (-)
Connection: close
X-Cache-Remote: TCP_MISS from a23-213-246-241.deploy.akamaitechnologies.com (AkamaiGHost/11.7.2.1-9611f29bef89eba7b18045b10aa2af98) (-)
x-tt-trace-tag: id=16;cdn-cache=miss;type=dyn
Server-Timing: cdn-cache; desc=MISS, edge; dur=89, origin; dur=364
Server-Timing: inner; dur=358
X-Parent-Response-Time: 453,95.101.134.92

{"code": 0, "message": "OK", "request_id": "20250107001033D11D2D3428C016373D83", "data": {}}
2025-01-07T00:10:34+00:00 DEBUG POST: https://business-api.tiktok.com/open_api/v1.3/event/track/

{"partner_name":"WooCommerce","event_source":"web","event_source_id":"CSM79Q3C77UAG1T340I0","data":[{"event":"Pageview","event_id":"677c70fa5c447_tt4b_woocommerce_670666209cf1f","event_time":1736208634,"user":{"ip":"93.158.213.25","user_agent":"Mozilla\/5.0 (compatible; MJ12bot\/v1.4.8; http:\/\/mj12bot.com\/)","locale":"ar","external_id":"0","email":"e3b0c44298fc1c149afbf4c8996fb92427ae41e4649b934ca495991b7852b855","phone_number":"e3b0c44298fc1c149afbf4c8996fb92427ae41e4649b934ca495991b7852b855","first_name":"e3b0c44298fc1c149afbf4c8996fb92427ae41e4649b934ca495991b7852b855","last_name":"e3b0c44298fc1c149afbf4c8996fb92427ae41e4649b934ca495991b7852b855","zip_code":"e3b0c44298fc1c149afbf4c8996fb92427ae41e4649b934ca495991b7852b855"},"page":{"url":"http:\/\/www.ibn-sinaa.com\/en\/product\/%D8%B1%D9%88%D9%84-%D8%A7%D8%A8-%D8%AF%D9%8A%D9%84%D9%88%D9%83%D8%B3\/?add-to-cart=198"}}]}
 ajax: no
2025-01-07T00:10:34+00:00 DEBUG Tt4b_Mapi_Class::mapi_post: Response: 

HTTP/1.1 200 OK
Server: nginx
Content-Type: application/json
Content-Length: 92
X-Tt-Logid: 202501070010342B5BBD723BDB1EEC2B66
x-tt-trace-host: 018e5a586174a888928d793bdac74b79b56517d7628cf0ffdff56b078ad2cf56152d6ca1370518b6fc60ee0b196d9f244ddf484cd0356f89954dd0a8d2161463adc286b3e9bdb47b159c2f63910ba1bf50e312c8ef12a8651805cd8404395af196c82cea85f85f643e0d617a655a3fe6fa
x-tt-trace-id: 00-2501070010342B5BBD723BDB1EEC2B66-7147588772BF08A8-00
X-Origin-Response-Time: 170,23.213.246.241
X-Akamai-Request-ID: 3fdc8d1e.b01d313
Expires: Tue, 07 Jan 2025 00:10:34 GMT
Cache-Control: max-age=0, no-cache, no-store
Pragma: no-cache
Date: Tue, 07 Jan 2025 00:10:34 GMT
X-Cache: TCP_MISS from a95-101-134-92.deploy.akamaitechnologies.com (AkamaiGHost/11.7.2.1-9611f29bef89eba7b18045b10aa2af98) (-)
Connection: close
X-Cache-Remote: TCP_MISS from a23-213-246-241.deploy.akamaitechnologies.com (AkamaiGHost/11.7.2.1-9611f29bef89eba7b18045b10aa2af98) (-)
x-tt-trace-tag: id=16;cdn-cache=miss;type=dyn
Server-Timing: cdn-cache; desc=MISS, edge; dur=143, origin; dur=170
Server-Timing: inner; dur=130
X-Parent-Response-Time: 313,95.101.134.92

{"code": 0, "message": "OK", "request_id": "202501070010342B5BBD723BDB1EEC2B66", "data": {}}
2025-01-07T00:10:38+00:00 DEBUG Tt4b_Pixel_Class::inject_add_to_cart_event: hit AddToCart
2025-01-07T00:10:38+00:00 DEBUG POST: https://business-api.tiktok.com/open_api/v1.3/event/track/

{"partner_name":"WooCommerce","event_source":"web","event_source_id":"CSM79Q3C77UAG1T340I0","data":[{"event":"AddToCart","event_id":"677c70fea3f82_tt4b_woocommerce_670666209cf1f_SKU_22","event_time":1736208638,"user":{"ip":"93.158.213.25","user_agent":"Mozilla\/5.0 (compatible; MJ12bot\/v1.4.8; http:\/\/mj12bot.com\/)","locale":"ar","external_id":"0","email":"e3b0c44298fc1c149afbf4c8996fb92427ae41e4649b934ca495991b7852b855","phone_number":"e3b0c44298fc1c149afbf4c8996fb92427ae41e4649b934ca495991b7852b855","first_name":"e3b0c44298fc1c149afbf4c8996fb92427ae41e4649b934ca495991b7852b855","last_name":"e3b0c44298fc1c149afbf4c8996fb92427ae41e4649b934ca495991b7852b855","zip_code":"e3b0c44298fc1c149afbf4c8996fb92427ae41e4649b934ca495991b7852b855"},"properties":{"contents":[{"price":0,"quantity":1,"content_id":"SKU_22","content_name":"\u0637\u0628\u0627\u0639\u0629 \u0628\u0631\u0634\u0648\u0631 \u0641\u0644\u0627\u064a\u0631 A3","description":"\u0641\u0644\u0627\u064a\u0631 \u0645\u0642\u0627\u0633 A3 \u0637\u0628\u0627\u0639\u0629 \u0639\u0644\u0649 \u0648\u0631\u0642 \u0643\u0648\u0634\u064a\u0647 150 \u062c\u0631\u0627\u0645 \u0637\u0628\u0627\u0639\u0629 \u0628\u062c\u0648\u062f\u0629 \u0639\u0627\u0644\u064a\u0629.\r\n\u0645\u062f\u0629 \u0627\u0644\u062a\u0646\u0641\u064a\u0630 \u0627\u0644\u0645\u062a\u0648\u0642\u0639\u0629: 1 \u2013 3 \u0623\u064a\u0627\u0645 \u0639\u0645\u0644 \u0628\u0639\u062f \u062a\u0623\u0643\u064a\u062f \u0627\u0644\u0637\u0644\u0628 \u0648\u0627\u0644\u062a\u0635\u0645\u064a\u0645 \u0648\u062d\u0633\u0628 \u0627\u0644\u0643\u0645\u064a\u0629 (\u062a\u0632\u064a\u062f \u0627\u0644\u0645\u062f\u0629 \u0639\u0646\u062f \u0637\u0644\u0628 \u0627\u0644\u0634\u062d\u0646).","availability":"IN_STOCK","sale_price":0,"on_sale":false}],"content_type":"product","currency":"SAR","value":0,"event_trigger_source":"WooCommerce"},"page":{"url":"http:\/\/www.ibn-sinaa.com\/en\/product\/%D8%B1%D9%88%D9%84-%D8%A7%D8%A8-%D8%AF%D9%8A%D9%84%D9%88%D9%83%D8%B3\/?add-to-cart=22"}}]}
 ajax: no
2025-01-07T00:10:38+00:00 DEBUG Tt4b_Mapi_Class::map