2025-01-22T14:43:52+00:00 DEBUG POST: https://business-api.tiktok.com/open_api/v1.3/event/track/

{"partner_name":"WooCommerce","event_source":"web","event_source_id":"CSM79Q3C77UAG1T340I0","data":[{"event":"Pageview","event_id":"679104282238f_tt4b_woocommerce_670666209cf1f","event_time":1737557032,"user":{"ip":"62.210.13.154","user_agent":"WP Rocket\/Preload","locale":"ar","external_id":"0","email":"e3b0c44298fc1c149afbf4c8996fb92427ae41e4649b934ca495991b7852b855","phone_number":"e3b0c44298fc1c149afbf4c8996fb92427ae41e4649b934ca495991b7852b855","first_name":"e3b0c44298fc1c149afbf4c8996fb92427ae41e4649b934ca495991b7852b855","last_name":"e3b0c44298fc1c149afbf4c8996fb92427ae41e4649b934ca495991b7852b855","zip_code":"e3b0c44298fc1c149afbf4c8996fb92427ae41e4649b934ca495991b7852b855"},"page":{"url":"http:\/\/ibn-sinaa.com\/product\/stand-x-banner\/"}}]}
 ajax: no
2025-01-22T14:43:52+00:00 DEBUG Tt4b_Mapi_Class::mapi_post: Response: 

HTTP/1.1 200 OK
Server: nginx
Content-Type: application/json
Content-Length: 92
X-Tt-Logid: 20250122144352754E66894CC2E4D24472
x-tt-trace-host: 018e5a586174a888928d793bdac74b79b56517d7628cf0ffdff56b078ad2cf56156d02a841a14db753079542a3212e190cb4d7aa940bfa74827bdeb072e3d2cdb2369073f0848febf6f677554a8364e382c6cfa022005cbc1d87579d50906458ac4f0b73175bde17544a6f7d3231cc6b18
x-tt-trace-id: 00-250122144352754E66894CC2E4D24472-6A9E51A8AE6D8802-00
X-Origin-Response-Time: 26,23.207.199.47
X-Akamai-Request-ID: a997abf.714abd1
Expires: Wed, 22 Jan 2025 14:43:52 GMT
Cache-Control: max-age=0, no-cache, no-store
Pragma: no-cache
Date: Wed, 22 Jan 2025 14:43:52 GMT
X-Cache: TCP_MISS from a95-101-134-92.deploy.akamaitechnologies.com (AkamaiGHost/11.8.0-1debf780f7d7c834933fa9689361eec6) (-)
Connection: close
X-Cache-Remote: TCP_MISS from a23-207-199-47.deploy.akamaitechnologies.com (AkamaiGHost/11.8.0-1debf780f7d7c834933fa9689361eec6) (-)
x-tt-trace-tag: id=16;cdn-cache=miss;type=dyn
Server-Timing: cdn-cache; desc=MISS, edge; dur=85, origin; dur=25
Server-Timing: inner; dur=22
X-Parent-Response-Time: 106,95.101.134.92

{"code": 0, "message": "OK", "request_id": "20250122144352754E66894CC2E4D24472", "data": {}}
2025-01-22T14:43:52+00:00 DEBUG Tt4b_Pixel_Class::inject_view_content_event: hit ViewContent
2025-01-22T14:43:52+00:00 DEBUG POST: https://business-api.tiktok.com/open_api/v1.3/event/track/

{"partner_name":"WooCommerce","event_source":"web","event_source_id":"CSM79Q3C77UAG1T340I0","data":[{"event":"ViewContent","event_id":"679104286e6e8_tt4b_woocommerce_670666209cf1f_4244","event_time":1737557032,"user":{"ip":"62.210.13.154","user_agent":"WP Rocket\/Preload","locale":"ar","external_id":"0","email":"e3b0c44298fc1c149afbf4c8996fb92427ae41e4649b934ca495991b7852b855","phone_number":"e3b0c44298fc1c149afbf4c8996fb92427ae41e4649b934ca495991b7852b855","first_name":"e3b0c44298fc1c149afbf4c8996fb92427ae41e4649b934ca495991b7852b855","last_name":"e3b0c44298fc1c149afbf4c8996fb92427ae41e4649b934ca495991b7852b855","zip_code":"e3b0c44298fc1c149afbf4c8996fb92427ae41e4649b934ca495991b7852b855"},"properties":{"contents":[{"price":120,"quantity":1,"content_id":"4244","content_name":"\u0627\u0633\u062a\u0627\u0646\u062f \u0627\u0643\u0633 \u0628\u0646\u0631","description":"\u0637\u0628\u0627\u0639\u0629 \u0627\u0633\u062a\u0627\u0646\u062f \u0627\u0643\u0633 \u0628\u0646\u0631 \u0645\u0646 \u0645\u062a\u062c\u0631 \u0645\u0643\u062a\u0628\u0629 \u0627\u0628\u0646 \u0633\u064a\u0646\u0627 \u0627\u0644\u0625\u0644\u0643\u062a\u0631\u0648\u0646\u064a\u060c \u0645\u0635\u0645\u0645 \u0644\u0625\u0636\u0627\u0641\u0629 \u0644\u0645\u0633\u0629 \u0645\u0646 \u0627\u0644\u0623\u0646\u0627\u0642\u0629 \u0648\u0627\u0644\u0627\u062d\u062a\u0631\u0627\u0641\u064a\u0629 \u0644\u0639\u0631\u0636 \u0645\u0646\u062a\u062c\u0627\u062a\u0643 \u0623\u0648 \u0645\u0648\u0627\u062f\u0643 \u0627\u0644\u0625\u0639\u0644\u0627\u0646\u064a\u0629. \u064a\u062a\u0645\u064a\u0632 \u0647\u0630\u0627 \u0627\u0644\u0627\u0633\u062a\u0627\u0646\u062f \u0628\u062c\u0648\u062f\u0629 \u0639\u0627\u0644\u064a\u0629 \u0648\u062a\u0635\u0645\u064a\u0645 \u0645\u0646\u062d\u0646\u064a \u064a\u0644\u0641\u062a \u0627\u0644\u0623\u0646\u0638\u0627\u0631 \u0648\u064a\u0639\u0632\u0632 \u0645\u0646 \u062c\u0627\u0630\u0628\u064a\u0629 \u0627\u0644\u0639\u0631\u0636.","availability":"IN_STOCK","sale_price":120,"on_sale":false}],"content_type":"product","currency":"SAR","value":120,"event_trigger_source":"WooCommerce"},"page":{"url":"http:\/\/ibn-sinaa.com\/product\/stand-x-banner\/"}}]}
 ajax: no
2025-01-22T14:43:52+00:00 DEBUG Tt4b_Mapi_Class::mapi_post: Response: 

HTTP/1.1 200 OK
Server: nginx
Content-Type: application/json
Content-Length: 92
X-Tt-Logid: 20250122144352A2D5B9A1B07A86D1D2A4
x-tt-trace-host: 018e5a586174a888928d793bdac74b79b5b3c46136d344bf46da72cca5a862092ed408ed9872977b6c6f1916dfd6399909afff0a0751fe7c1b19c2fbdd21dd09d5b522e2526ae6e3966c87e46c978601659837023955104e9c931b0a9dea2ec54ea398ae5090941721f9fe57186c474024
x-tt-trace-id: 00-250122144352A2D5B9A1B07A86D1D2A4-1050B65652B2EC50-00
X-Origin-Response-Time: 35,23.218.219.58
X-Akamai-Request-ID: 247741e.74ed0f6
Expires: Wed, 22 Jan 2025 14:43:52 GMT
Cache-Control: max-age=0, no-cache, no-store
Pragma: no-cache
Date: Wed, 22 Jan 2025 14:43:52 GMT
X-Cache: TCP_MISS from a95-101-134-30.deploy.akamaitechnologies.com (AkamaiGHost/11.8.0-1debf780f7d7c834933fa9689361eec6) (-)
Connection: close
X-Cache-Remote: TCP_MISS from a23-218-219-58.deploy.akamaitechnologies.com (AkamaiGHost/11.8.0-1debf780f7d7c834933fa9689361eec6) (-)
x-tt-trace-tag: id=16;cdn-cache=miss;type=dyn
Server-Timing: cdn-cache; desc=MISS, edge; dur=91, origin; dur=35
Server-Timing: inner; dur=24
X-Parent-Response-Time: 120,95.101.134.30

{"code": 0, "message": "OK", "request_id": "20250122144352A2D5B9A1B07A86D1D2A4", "data": {}}
2025-01-22T14:43:53+00:00 DEBUG POST: https://business-api.tiktok.com/open_api/v1.3/event/track/

{"partner_name":"WooCommerce","event_source":"web","event_source_id":"CSM79Q3C77UAG1T340I0","data":[{"event":"Pageview","event_id":"6791042920dd3_tt4b_woocommerce_670666209cf1f","event_time":1737557033,"user":{"ip":"62.210.13.154","user_agent":"WP Rocket\/Preload","locale":"ar","external_id":"0","email":"e3b0c44298fc1c149afbf4c8996fb92427ae41e4649b934ca495991b7852b855","phone_number":"e3b0c44298fc1c149afbf4c8996fb92427ae41e4649b934ca495991b7852b855","first_name":"e3b0c44298fc1c149afbf4c8996fb92427ae41e4649b934ca495991b7852b855","last_name":"e3b0c44298fc1c149afbf4c8996fb92427ae41e4649b934ca495991b7852b855","zip_code":"e3b0c44298fc1c149afbf4c8996fb92427ae41e4649b934ca495991b7852b855"},"page":{"url":"http:\/\/ibn-sinaa.com\/product\/stand-books\/"}}]}
 ajax: no
2025-01-22T14:43:53+00:00 DEBUG POST: https://business-api.tiktok.com/open_api/v1.3/event/track/

{"partner_name":"WooCommerce","event_source":"web","event_source_id":"CSM79Q3C77UAG1T340I0","data":[{"event":"Pageview","event_id":"679104293188a_tt4b_woocommerce_670666209cf1f","event_time":1737557033,"user":{"ip":"62.210.13.154","user_agent":"WP Rocket\/Preload","locale":"ar","external_id":"0","email":"e3b0c44298fc1c149afbf4c8996fb92427ae41e4649b934ca495991b7852b855","phone_number":"e3b0c44298fc1c149afbf4c8996fb92427ae41e4649b934ca495991b7852b855","first_name":"e3b0c44298fc1c149afbf4c8996fb92427ae41e4649b934ca495991b7852b855","last_name":"e3b0c44298fc1c149afbf4c8996fb92427ae41e4649b934ca495991b7852b855","zip_code":"e3b0c44298fc1c149afbf4c8996fb92427ae41e4649b934ca495991b7852b855"},"page":{"url":"http:\/\/ibn-sinaa.com\/product\/v-screen-stand\/"}}]}
 ajax: no
2025-01-22T14:43:53+00:00 DEBUG Tt4b_Mapi_Class::mapi_post: Response: 

HTTP/1.1 200 OK
Server: nginx
Content-Type: application/json
Content-Length: 92
X-Tt-Logid: 20250122144353DA314E4120FE67526718
x-tt-trace-host: 018e5a586174a888928d793bdac74b79b56517d7628cf0ffdff56b078ad2cf5615bd523e1f6dbca3aaeee7b7452cec16387fd480b07bd5d76e1a2929a6d25cf42290f82a2d1a5be3a7a79573e7f0ef2c23c9b799381f8f952b478ea12afe2ceb140976296af1abfdc5da49aa35952d220b
x-tt-trace-id: 00-250122144353DA314E4120FE67526718-60F9FF8C7B365522-00
X-Origin-Response-Time: 26,23.32.17.26
X-Akamai-Request-ID: 343ab8.714cf90
Expires: Wed, 22 Jan 2025 14:43:53 GMT
Cache-Control: max-age=0, no-cache, no-store
Pragma: no-cache
Date: Wed, 22 Jan 2025 14:43:53 GMT
X-Cache: TCP_MISS from a95-101-134-92.deploy.akamaitechnologies.com (AkamaiGHost/11.8.0-1debf780f7d7c834933fa9689361eec6) (-)
Connection: close
X-Cache-Remote: TCP_MISS from a23-32-17-26.deploy.akamaitechnologies.com (AkamaiGHost/11.8.0-1debf780f7d7c834933fa9689361eec6) (-)
x-tt-trace-tag: id=16;cdn-cache=miss;type=dyn
Server-Timing: cdn-cache; desc=MISS, edge; dur=89, origin; dur=25
Server-Timing: inner; dur=22
X-Parent-Response-Time: 107,95.101.134.92

{"code": 0, "message": "OK", "request_id": "20250122144353DA314E4120FE67526718", "data": {}}
2025-01-22T14:43:53+00:00 DEBUG Tt4b_Mapi_Class::mapi_post: Response: 

HTTP/1.1 200 OK
Server: nginx
Content-Type: application/json
Content-Length: 92
X-Tt-Logid: 20250122144353F3327F188196CA1A6A0E
x-tt-trace-host: 018e5a586174a888928d793bdac74b79b56517d7628cf0ffdff56b078ad2cf5615d3561a8af06c3a76d18cc6a4032fec21cc5b84e685f78a0d8ed5a16b20ba9b39dcdc77ddc358c9080a34a14fd4e40f7b00857921c99b426ef8befa79a1f161764a495d09d4945ea478e59e240801faba
x-tt-trace-id: 00-250122144353F3327F188196CA1A6A0E-38F4A77237DC2224-00
X-Origin-Response-Time: 28,23.218.219.47
X-Akamai-Request-ID: 1ac0d64.714d1d4
Expires: Wed, 22 Jan 2025 14:43:53 GMT
Cache-Control: max-age=0, no-cache, no-store
Pragma: no-cache
Date: Wed, 22 Jan 2025 14:43:53 GMT
X-Cache: TCP_MISS from a95-101-134-92.deploy.akamaitechnologies.com (AkamaiGHost/11.8.0-1debf780f7d7c834933fa9689361eec6) (-)
Connection: close
X-Cache-Remote: TCP_MISS from a23-218-219-47.deploy.akamaitechnologies.com (AkamaiGHost/11.8.0-1debf780f7d7c834933fa9689361eec6) (-)
x-tt-trace-tag: id=16;cdn-cache=miss;type=dyn
Server-Timing: cdn-cache; desc=MISS, edge; dur=89, origin; dur=28
Server-Timing: inner; dur=22
X-Parent-Response-Time: 113,95.101.134.92

{"code": 0, "message": "OK", "request_id": "20250122144353F3327F188196CA1A6A0E", "data": {}}
2025-01-22T14:43:53+00:00 DEBUG Tt4b_Pixel_Class::inject_view_content_event: hit ViewContent
2025-01-22T14:43:53+00:00 DEBUG POST: https://business-api.tiktok.com/open_api/v1.3/event/track/

{"partner_name":"WooCommerce","event_source":"web","event_source_id":"CSM79Q3C77UAG1T340I0","data":[{"event":"ViewContent","event_id":"6791042973bd0_tt4b_woocommerce_670666209cf1f_4251","event_time":1737557033,"user":{"ip":"62.210.13.154","user_agent":"WP Rocket\/Preload","locale":"ar","external_id":"0","email":"e3b0c44298fc1c149afbf4c8996fb92427ae41e4649b934ca495991b7852b855","phone_number":"e3b0c44298fc1c149afbf4c8996fb92427ae41e4649b934ca495991b7852b855","first_name":"e3b0c44298fc1c149afbf4c8996fb92427ae41e4649b934ca495991b7852b855","last_name":"e3b0c44298fc1c149afbf4c8996fb92427ae41e4649b934ca495991b7852b855","zip_code":"e3b0c44298fc1c149afbf4c8996fb92427ae41e4649b934ca495991b7852b855"},"properties":{"contents":[{"price":690,"quantity":1,"content_id":"4251","content_name":"\u0627\u0633\u062a\u0627\u0646\u062f \u0643\u062a\u0628 \u0642\u0627\u0628\u0644 \u0644\u0644\u0637\u064a","description":"\u0627\u062d\u0635\u0644 \u0639\u0644\u0649 \u0627\u0633\u062a\u0627\u0646\u062f \u0643\u062a\u0628 \u0645\u0646 \u0645\u062a\u062c\u0631 \u0645\u0643\u062a\u0628\u0629 \u0627\u0628\u0646 \u0633\u064a\u0646\u0627 \u0627\u0644\u0625\u0644\u0643\u062a\u0631\u0648\u0646\u064a\u060c \u0645\u0635\u0645\u0645 \u0644\u0625\u0636\u0627\u0641\u0629 \u0644\u0645\u0633\u0629 \u0645\u0646 \u0627\u0644\u0623\u0646\u0627\u0642\u0629 \u0648\u0627\u0644\u0627\u062d\u062a\u0631\u0627\u0641\u064a\u0629 \u0644\u0639\u0631\u0636 \u0645\u0646\u062a\u062c\u0627\u062a\u0643 \u0623\u0648 \u0645\u0648\u0627\u062f\u0643 \u0627\u0644\u0625\u0639\u0644\u0627\u0646\u064a\u0629. \u064a\u062a\u0645\u064a\u0632 \u0647\u0630\u0627 \u0627\u0644\u0627\u0633\u062a\u0627\u0646\u062f \u0628\u062c\u0648\u062f\u0629 \u0639\u0627\u0644\u064a\u0629 \u0648\u062a\u0635\u0645\u064a\u0645 \u0645\u0646\u062d\u0646\u064a \u064a\u0644\u0641\u062a \u0627\u0644\u0623\u0646\u0638\u0627\u0631 \u0648\u064a\u0639\u0632\u0632 \u0645\u0646 \u062c\u0627\u0630\u0628\u064a\u0629 \u0627\u0644\u0639\u0631\u0636.","availability":"IN_STOCK","sale_price":690,"on_sale":false}],"content_type":"product","currency":"SAR","value":690,"event_trigger_source":"WooCommerce"},"page":{"url":"http:\/\/ibn-sinaa.com\/product\/stand-books\/"}}]}
 ajax: no
2025-01-22T14:43:53+00:00 DEBUG Tt4b_Pixel_Class::inject_view_content_event: hit ViewContent
2025-01-22T14:43:53+00:00 DEBUG POST: https://business-api.tiktok.com/open_api/v1.3/event/track/

{"partner_name":"WooCommerce","event_source":"web","event_source_id":"CSM79Q3C77UAG1T340I0","data":[{"event":"ViewContent","event_id":"6791042986983_tt4b_woocommerce_670666209cf1f_4241","event_time":1737557033,"user":{"ip":"62.210.13.154","user_agent":"WP Rocket\/Preload","locale":"ar","external_id":"0","email":"e3b0c44298fc1c149afbf4c8996fb92427ae41e4649b934ca495991b7852b855","phone_number":"e3b0c44298fc1c149afbf4c8996fb92427ae41e4649b934ca495991b7852b855","first_name":"e3b0c44298fc1c149afbf4c8996fb92427ae41e4649b934ca495991b7852b855","last_name":"e3b0c44298fc1c149afbf4c8996fb92427ae41e4649b934ca495991b7852b855","zip_code":"e3b0c44298fc1c149afbf4c8996fb92427ae41e4649b934ca495991b7852b855"},"properties":{"contents":[{"price":700,"quantity":1,"content_id":"4241","content_name":"\u0627\u0633\u062a\u0627\u0646\u062f \u0634\u0627\u0634\u0629 V","description":"\u0637\u0628\u0627\u0639\u0629 \u0627\u0633\u062a\u0627\u0646\u062f V \u0645\u0646 \u0645\u062a\u062c\u0631 \u0645\u0643\u062a\u0628\u0629 \u0627\u0628\u0646 \u0633\u064a\u0646\u0627 \u0627\u0644\u0625\u0644\u0643\u062a\u0631\u0648\u0646\u064a\u060c \u0645\u0635\u0645\u0645 \u0644\u0625\u0636\u0627\u0641\u0629 \u0644\u0645\u0633\u0629 \u0645\u0646 \u0627\u0644\u0623\u0646\u0627\u0642\u0629 \u0648\u0627\u0644\u0627\u062d\u062a\u0631\u0627\u0641\u064a\u0629 \u0644\u0639\u0631\u0636 \u0645\u0646\u062a\u062c\u0627\u062a\u0643 \u0623\u0648 \u0645\u0648\u0627\u062f\u0643 \u0627\u0644\u0625\u0639\u0644\u0627\u0646\u064a\u0629. \u064a\u062a\u0645\u064a\u0632 \u0647\u0630\u0627 \u0627\u0644\u0627\u0633\u062a\u0627\u0646\u062f \u0628\u062c\u0648\u062f\u0629 \u0639\u0627\u0644\u064a\u0629 \u0648\u062a\u0635\u0645\u064a\u0645 \u0645\u0646\u062d\u0646\u064a \u064a\u0644\u0641\u062a \u0627\u0644\u0623\u0646\u0638\u0627\u0631 \u0648\u064a\u0639\u0632\u0632 \u0645\u0646 \u062c\u0627\u0630\u0628\u064a\u0629 \u0627\u0644\u0639\u0631\u0636.","availability":"IN_STOCK","sale_price":700,"on_sale":false}],"content_type":"product","currency":"SAR","value":700,"event_trigger_source":"WooCommerce"},"page":{"url":"http:\/\/ibn-sinaa.com\/product\/v-screen-stand\/"}}]}
 ajax: no
2025-01-22T14:43:53+00:00 DEBUG Tt4b_Mapi_Class::mapi_post: Response: 

HTTP/1.1 200 OK
Server: nginx
Content-Type: application/json
Content-Length: 92
X-Tt-Logid: 20250122144353123D4CE457701951EF4A
x-tt-trace-host: 018e5a586174a888928d793bdac74b79b519a86797e72c2eba011e03e23beee17db98bb5dab1298545482cb70efde94de89b6ed899dc5ab55cd0cad1a1a0df9956d07c1b9cdae1577b6dcd0d714c14c741a2518554a044ab552ecc5ceab83f1e21b8495abc522fd884d1fbc5a6e2a1eef7
x-tt-trace-id: 00-250122144353123D4CE457701951EF4A-4565E35969A94EEB-00
X-Origin-Response-Time: 41,23.52.15.166
X-Akamai-Request-ID: 7e671dd5.18712c2e
Expires: Wed, 22 Jan 2025 14:43:53 GMT
Cache-Control: max-age=0, no-cache, no-store
Pragma: no-cache
Date: Wed, 22 Jan 2025 14:43:53 GMT
X-Cache: TCP_MISS from a95-101-134-116.deploy.akamaitechnologies.com (AkamaiGHost/11.8.0-1debf780f7d7c834933fa9689361eec6) (-)
Connection: close
X-Cache-Remote: TCP_MISS from a23-52-15-166.deploy.akamaitechnologies.com (AkamaiGHost/11.8.0-1debf780f7d7c834933fa9689361eec6) (-)
x-tt-trace-tag: id=16;cdn-cache=miss;type=dyn
Server-Timing: cdn-cache; desc=MISS, edge; dur=90, origin; dur=41
Server-Timing: inner; dur=36
X-Parent-Response-Time: 122,95.101.134.116

{"code": 0, "message": "OK", "request_id": "20250122144353123D4CE457701951EF4A", "data": {}}
2025-01-22T14:43:53+00:00 DEBUG Tt4b_Mapi_Class::mapi_post: Response: 

HTTP/1.1 200 OK
Server: nginx
Content-Type: application/json
Content-Length: 92
X-Tt-Logid: 20250122144353A96205143C322311728B
x-tt-trace-host: 018e5a586174a888928d793bdac74b79b519a86797e72c2eba011e03e23beee17d26ad17b40a0ec15036099995b3205869c2a7d74d6f6bcdeb6cae185b7ae9252f469dd4bd1b6cf6b84cc37a04c5bb758b77a6140b5710c5396238619d79054b579300b1c7527be9bf727d71c93893f40a
x-tt-trace-id: 00-250122144353A96205143C322311728B-30F37ADE65FB9A0A-00
X-Origin-Response-Time: 30,23.52.15.133
X-Akamai-Request-ID: d43171e.18712f31
Expires: Wed, 22 Jan 2025 14:43:53 GMT
Cache-Control: max-age=0, no-cache, no-store
Pragma: no-cache
Date: Wed, 22 Jan 2025 14:43:53 GMT
X-Cache: TCP_MISS from a95-101-134-116.deploy.akamaitechnologies.com (AkamaiGHost/11.8.0-1debf780f7d7c834933fa9689361eec6) (-)
Connection: close
X-Cache-Remote: TCP_MISS from a23-52-15-133.deploy.akamaitechnologies.com (AkamaiGHost/11.8.0-1debf780f7d7c834933fa9689361eec6) (-)
x-tt-trace-tag: id=16;cdn-cache=miss;type=dyn
Server-Timing: cdn-cache; desc=MISS, edge; dur=89, origin; dur=30
Server-Timing: inner; dur=26
X-Parent-Response-Time: 110,95.101.134.116

{"code": 0, "message": "OK", "request_id": "20250122144353A96205143C322311728B", "data": {}}
2025-01-22T14:43:55+00:00 DEBUG POST: https://business-api.tiktok.com/open_api/v1.3/event/track/

{"partner_name":"WooCommerce","event_source":"web","event_source_id":"CSM79Q3C77UAG1T340I0","data":[{"event":"Pageview","event_id":"6791042b808b2_tt4b_woocommerce_670666209cf1f","event_time":1737557035,"user":{"ip":"62.210.13.154","user_agent":"WP Rocket\/Preload","locale":"ar","external_id":"0","email":"e3b0c44298fc1c149afbf4c8996fb92427ae41e4649b934ca495991b7852b855","phone_number":"e3b0c44298fc1c149afbf4c8996fb92427ae41e4649b934ca495991b7852b855","first_name":"e3b0c44298fc1c149afbf4c8996fb92427ae41e4649b934ca495991b7852b855","last_name":"e3b0c44298fc1c149afbf4c8996fb92427ae41e4649b934ca495991b7852b855","zip_code":"e3b0c44298fc1c149afbf4c8996fb92427ae41e4649b934ca495991b7852b855"},"page":{"url":"http:\/\/ibn-sinaa.com\/product\/stand-reception\/"}}]}
 ajax: no
2025-01-22T14:43:55+00:00 DEBUG Tt4b_Mapi_Class::mapi_post: Response: 

HTTP/1.1 200 OK
Server: nginx
Content-Type: application/json
Content-Length: 92
X-Tt-Logid: 202501221443559209C9DA5D1F31E7998E
x-tt-trace-host: 018e5a586174a888928d793bdac74b79b56517d7628cf0ffdff56b078ad2cf56151924a53b9c355cc2cf7e5c8eac3d112fa1fbb49d9768041c2b0f9981c8a8db99a8b8d9aeed7910545cc3d1e20f972ee965039a0f4b63d80c5fab5d45aadf57907b509ec21bfa44876a6cd760b13dbe52
x-tt-trace-id: 00-2501221443559209C9DA5D1F31E7998E-1A9B1D947F7E823D-00
X-Origin-Response-Time: 30,23.213.246.240
X-Akamai-Request-ID: bcd723f9.7152293
Expires: Wed, 22 Jan 2025 14:43:55 GMT
Cache-Control: max-age=0, no-cache, no-store
Pragma: no-cache
Date: Wed, 22 Jan 2025 14:43:55 GMT
X-Cache: TCP_MISS from a95-101-134-92.deploy.akamaitechnologies.com (AkamaiGHost/11.8.0-1debf780f7d7c834933fa9689361eec6) (-)
Connection: close
X-Cache-Remote: TCP_MISS from a23-213-246-240.deploy.akamaitechnologies.com (AkamaiGHost/11.8.0-1debf780f7d7c834933fa9689361eec6) (-)
x-tt-trace-tag: id=16;cdn-cache=miss;type=dyn
Server-Timing: cdn-cache; desc=MISS, edge; dur=95, origin; dur=28
Server-Timing: inner; dur=23
X-Parent-Response-Time: 116,95.101.134.92

{"code": 0, "message": "OK", "request_id": "202501221443559209C9DA5D1F31E7998E", "data": {}}
2025-01-22T14:43:55+00:00 DEBUG Tt4b_Pixel_Class::inject_view_content_event: hit ViewContent
2025-01-22T14:43:55+00:00 DEBUG POST: https://business-api.tiktok.com/open_api/v1.3/event/track/

{"partner_name":"WooCommerce","event_source":"web","event_source_id":"CSM79Q3C77UAG1T340I0","data":[{"event":"ViewContent","event_id":"6791042bbea46_tt4b_woocommerce_670666209cf1f_4237","event_time":1737557035,"user":{"ip":"62.210.13.154","user_agent":"WP Rocket\/Preload","locale":"ar","external_id":"0","email":"e3b0c44298fc1c149afbf4c8996fb92427ae41e4649b934ca495991b7852b855","phone_number":"e3b0c44298fc1c149afbf4c8996fb92427ae41e4649b934ca495991b7852b855","first_name":"e3b0c44298fc1c149afbf4c8996fb92427ae41e4649b934ca495991b7852b855","last_name":"e3b0c44298fc1c149afbf4c8996fb92427ae41e4649b934ca495991b7852b855","zip_code":"e3b0c44298fc1c149afbf4c8996fb92427ae41e4649b934ca495991b7852b855"},"properties":{"contents":[{"price":399,"quantity":1,"content_id":"4237","content_name":"\u0627\u0633\u062a\u0627\u0646\u062f \u0627\u0633\u062a\u0642\u0628\u0627\u0644","description":"\u0637\u0628\u0627\u0639\u0629 \u0627\u0633\u062a\u0627\u0646\u062f \u0627\u0633\u062a\u0642\u0628\u0627\u0644 \u0645\u0646 \u0645\u062a\u062c\u0631 \u0645\u0643\u062a\u0628\u0629 \u0627\u0628\u0646 \u0633\u064a\u0646\u0627 \u0627\u0644\u0625\u0644\u0643\u062a\u0631\u0648\u0646\u064a\u060c \u0645\u0635\u0645\u0645 \u0644\u0625\u0636\u0627\u0641\u0629 \u0644\u0645\u0633\u0629 \u0645\u0646 \u0627\u0644\u0623\u0646\u0627\u0642\u0629 \u0648\u0627\u0644\u0627\u062d\u062a\u0631\u0627\u0641\u064a\u0629 \u0644\u0639\u0631\u0636 \u0645\u0646\u062a\u062c\u0627\u062a\u0643 \u0623\u0648 \u0645\u0648\u0627\u062f\u0643 \u0627\u0644\u0625\u0639\u0644\u0627\u0646\u064a\u0629. \u064a\u062a\u0645\u064a\u0632 \u0647\u0630\u0627 \u0627\u0644\u0627\u0633\u062a\u0627\u0646\u062f \u0628\u062c\u0648\u062f\u0629 \u0639\u0627\u0644\u064a\u0629 \u0648\u062a\u0635\u0645\u064a\u0645 \u0645\u0646\u062d\u0646\u064a \u064a\u0644\u0641\u062a \u0627\u0644\u0623\u0646\u0638\u0627\u0631 \u0648\u064a\u0639\u0632\u0632 \u0645\u0646 \u062c\u0627\u0630\u0628\u064a\u0629 \u0627\u0644\u0639\u0631\u0636","availability":"IN_STOCK","sale_price":399,"on_sale":false}],"content_type":"product","currency":"SAR","value":399,"event_trigger_source":"WooCommerce"},"page":{"url":"http:\/\/ibn-sinaa.com\/product\/stand-reception\/"}}]}
 ajax: no
2025-01-22T14:43:55+00:00 DEBUG Tt4b_Mapi_Class::mapi_post: Response: 

HTTP/1.1 200 OK
Server: nginx
Content-Type: application/json
Content-Length: 92
X-Tt-Logid: 202501221443559A646A7B43B5C59EC59E
x-tt-trace-host: 018e5a586174a888928d793bdac74b79b5e700587fe39153d955d7444df1af3be5a18d146c86d069948cfbbc7b74b1dee53e0dbf53b09977bfdbe729b1436e350130477d020b963a8a62175f4c7221cb5aa565aa533d94f3877c3fd73a273e44520d32de7c5967253b213ad55f23b5b9ed
x-tt-trace-id: 00-2501221443559A646A7B43B5C59EC59E-4D477F4949712EC1-00
X-Origin-Response-Time: 45,23.52.15.133
X-Akamai-Request-ID: d43930b.62621ce
Expires: Wed, 22 Jan 2025 14:43:55 GMT
Cache-Control: max-age=0, no-cache, no-store
Pragma: no-cache
Date: Wed, 22 Jan 2025 14:43:55 GMT
X-Cache: TCP_MISS from a95-101-134-94.deploy.akamaitechnologies.com (AkamaiGHost/11.8.0-1debf780f7d7c834933fa9689361eec6) (-)
Connection: close
X-Cache-Remote: TCP_MISS from a23-52-15-133.deploy.akamaitechnologies.com (AkamaiGHost/11.8.0-1debf780f7d7c834933fa9689361eec6) (-)
x-tt-trace-tag: id=16;cdn-cache=miss;type=dyn
Server-Timing: cdn-cache; desc=MISS, edge; dur=89, origin; dur=45
Server-Timing: inner; dur=40
X-Parent-Response-Time: 127,95.101.134.94

{"code": 0, "message": "OK", "request_id": "202501221443559A646A7B43B5C59EC59E", "data": {}}
2025-01-22T14:44:08+00:00 DEBUG Tt4b_Pixel_Class::inject_add_to_cart_event: hit AddToCart
2025-01-22T14:44:08+00:00 DEBUG POST: https://business-api.tiktok.com/open_api/v1.3/event/track/

{"partner_name":"WooCommerce","event_source":"web","event_source_id":"CSM79Q3C77UAG1T340I0","data":[{"event":"AddToCart","event_id":"679104385f1c0_tt4b_woocommerce_670666209cf1f_4445","event_time":1737557048,"user":{"ip":"54.36.148.236","user_agent":"Mozilla\/5.0 (compatible; AhrefsBot\/7.0; +http:\/\/ahrefs.com\/robot\/)","locale":"ar","external_id":"0","email":"e3b0c44298fc1c149afbf4c8996fb92427ae41e4649b934ca495991b7852b855","phone_number":"e3b0c44298fc1c149afbf4c8996fb92427ae41e4649b934ca495991b7852b855","first_name":"e3b0c44298fc1c149afbf4c8996fb92427ae41e4649b934ca495991b7852b855","last_name":"e3b0c44298fc1c149afbf4c8996fb92427ae41e4649b934ca495991b7852b855","zip_code":"e3b0c44298fc1c149afbf4c8996fb92427ae41e4649b934ca495991b7852b855"},"properties":{"contents":[{"price":69,"quantity":1,"content_id":"4445","content_name":"\u062a\u0642\u0648\u064a\u0645 \u0645\u064a\u0644\u0627\u062f\u064a \u0645\u0643\u062a\u0628\u064a \u0645\u062e\u0645\u0644\u064a","description":"\u062a\u0642\u0648\u064a\u0645 \u0645\u064a\u0644\u0627\u062f\u064a \u0645\u0643\u062a\u0628\u064a \u0645\u062e\u0645\u0644\u064a: \u062a\u0635\u0645\u064a\u0645 \u0639\u0635\u0631\u064a \u0648\u0623\u0646\u064a\u0642\u060c \u0645\u0635\u0646\u0648\u0639 \u0645\u0646 \u0627\u0644\u0623\u0643\u0631\u064a\u0644\u064a\u0643 \u0627\u0644\u0645\u062a\u064a\u0646 \u0628\u0648\u0636\u0648\u062d \u0627\u0633\u062a\u062b\u0646\u0627\u0626\u064a \u0644\u0644\u0643\u062a\u0627\u0628\u0629 \u0648\u0627\u0644\u0631\u0624\u064a\u0629\u060c \u064a\u0636\u064a\u0641 \u0644\u0645\u0633\u0629 \u0645\u0646 \u0627\u0644\u0641\u062e\u0627\u0645\u0629 \u0648\u0627\u0644\u062a\u0646\u0638\u064a\u0645 \u0644\u0645\u0643\u062a\u0628\u0643. \u0645\u062b\u0627\u0644\u064a \u0644\u062a\u0646\u0638\u064a\u0645 \u0627\u0644\u0645\u0648\u0627\u0639\u064a\u062f \u0648\u0627\u0644\u0627\u062c\u062a\u0645\u0627\u0639\u0627\u062a\u060c \u0648\u064a\u0636\u0641\u064a \u062c\u0627\u0630\u0628\u064a\u0629 \u0639\u0644\u0649 \u0645\u0633\u0627\u062d\u0629 \u0627\u0644\u0639\u0645\u0644 \u0627\u0644\u062e\u0627\u0635\u0629 \u0628\u0643.","availability":"IN_STOCK","sale_price":69,"on_sale":false}],"content_type":"product","currency":"SAR","value":69,"event_trigger_source":"WooCommerce"},"page":{"url":"http:\/\/www.ibn-sinaa.com\/product\/%D8%AA%D9%82%D9%88%D9%8A%D9%85-%D9%85%D9%8A%D9%84%D8%A7%D8%AF%D9%8A-%D8%AE%D8%B4%D8%A8\/?add-to-cart=4445"}}]}
 ajax: no
2025-01-22T14:44:08+00:00 DEBUG Tt4b_Mapi_Class::mapi_post: Response: 

HTTP/1.1 200 OK
Server: nginx
Content-Type: application/json
Content-Length: 92
X-Tt-Logid: 20250122144408426854AA0E1E21EC5DF3
x-tt-trace-host: 018e5a586174a888928d793bdac74b79b5e700587fe39153d955d7444df1af3be51fe6cafe9c890709219655b762dbf985741c757270ed77e75bf72be1e84b2a793488e60a14efe77860cbcaab792b6f90acc40c34a372c686b80f1206a4a05cd2fec40c74e30a2865100920b5a04dec66
x-tt-trace-id: 00-250122144408426854AA0E1E21EC5DF3-6DD0751C96990BE7-00
X-Origin-Response-Time: 29,23.213.246.228
X-Akamai-Request-ID: 72bc4921.627915c
Expires: Wed, 22 Jan 2025 14:44:08 GMT
Cache-Control: max-age=0, no-cache, no-store
Pragma: no-cache
Date: Wed, 22 Jan 2025 14:44:08 GMT
X-Cache: TCP_MISS from a95-101-134-94.deploy.akamaitechnologies.com (AkamaiGHost/11.8.0-1debf780f7d7c834933fa9689361eec6) (-)
Connection: close
X-Cache-Remote: TCP_MISS from a23-213-246-228.deploy.akamaitechnologies.com (AkamaiGHost/11.8.0-1debf780f7d7c834933fa9689361eec6) (-)
x-tt-trace-tag: id=16;cdn-cache=miss;type=dyn
Server-Timing: cdn-cache; desc=MISS, edge; dur=105, origin; dur=29
Server-Timing: inner; dur=20
X-Parent-Response-Time: 123,95.101.134.94

{"code": 0, "message": "OK", "request_id": "20250122144408426854AA0E1E21EC5DF3", "data": {}}
2025-01-22T14:44:09+00:00 DEBUG POST: https://business-api.tiktok.com/open_api/v1.3/event/track/

{"partner_name":"WooCommerce","event_source":"web","event_source_id":"CSM79Q3C77UAG1T340I0","data":[{"event":"Pageview","event_id":"67910439a3d0f_tt4b_woocommerce_670666209cf1f","event_time":1737557049,"user":{"ip":"51.36.41.222","user_agent":"WhatsApp\/2.23.20.0","locale":"ar","external_id":"0","email":"e3b0c44298fc1c149afbf4c8996fb92427ae41e4649b934ca495991b7852b855","phone_number":"e3b0c44298fc1c149afbf4c8996fb92427ae41e4649b934ca495991b7852b855","first_name":"e3b0c44298fc1c149afbf4c8996fb92427ae41e4649b934ca495991b7852b855","last_name":"e3b0c44298fc1c149afbf4c8996fb92427ae41e4649b934ca495991b7852b855","zip_code":"e3b0c44298fc1c149afbf4c8996fb92427ae41e4649b934ca495991b7852b855"},"page":{"url":"http:\/\/www.ibn-sinaa.com\/product\/print-banner\/"}}]}
 ajax: no
2025-01-22T14:44:09+00:00 DEBUG Tt4b_Mapi_Class::mapi_post: Response: 

HTTP/1.1 200 OK
Server: nginx
Content-Type: application/json
Content-Length: 92
X-Tt-Logid: 20250122144409BCAE7424302D5765B6DA
x-tt-trace-host: 018e5a586174a888928d793bdac74b79b52a36c08622bbc2ac99357be22beb959a5282294b7c3f72560c6715733a39a8866c071055fdbd40073dced793f74d1cada19848efb7fb5a1358f3892c0095f70b34ef7a3c3f4d944471ba41cd3b75320f2a54caceaa919ba7d6d0cd49e7777e78
x-tt-trace-id: 00-250122144409BCAE7424302D5765B6DA-552B7F96A6578018-00
X-Origin-Response-Time: 36,23.218.219.18
X-Akamai-Request-ID: 734d580.1176b4e6
Expires: Wed, 22 Jan 2025 14:44:09 GMT
Cache-Control: max-age=0, no-cache, no-store
Pragma: no-cache
Date: Wed, 22 Jan 2025 14:44:09 GMT
X-Cache: TCP_MISS from a95-101-134-36.deploy.akamaitechnologies.com (AkamaiGHost/11.8.0-1debf780f7d7c834933fa9689361eec6) (-)
Connection: close
X-Cache-Remote: TCP_MISS from a23-218-219-18.deploy.akamaitechnologies.com (AkamaiGHost/11.8.0-1debf780f7d7c834933fa9689361eec6) (-)
x-tt-trace-tag: id=16;cdn-cache=miss;type=dyn
Server-Timing: cdn-cache; desc=MISS, edge; dur=94, origin; dur=36
Server-Timing: inner; dur=33
X-Parent-Response-Time: 124,95.101.134.36

{"code": 0, "message": "OK", "request_id": "20250122144409BCAE7424302D5765B6DA", "data": {}}
2025-01-22T14:44:09+00:00 DEBUG Tt4b_Pixel_Class::inject_view_content_event: hit ViewContent
2025-01-22T14:44:09+00:00 DEBUG POST: https://business-api.tiktok.com/open_api/v1.3/event/track/

{"partner_name":"WooCommerce","event_source":"web","event_source_id":"CSM79Q3C77UAG1T340I0","data":[{"event":"ViewContent","event_id":"67910439db84a_tt4b_woocommerce_670666209cf1f_2499","event_time":1737557049,"user":{"ip":"51.36.41.222","user_agent":"WhatsApp\/2.23.20.0","locale":"ar","external_id":"0","email":"e3b0c44298fc1c149afbf4c8996fb92427ae41e4649b934ca495991b7852b855","phone_number":"e3b0c44298fc1c149afbf4c8996fb92427ae41e4649b934ca495991b7852b855","first_name":"e3b0c44298fc1c149afbf4c8996fb92427ae41e4649b934ca495991b7852b855","last_name":"e3b0c44298fc1c149afbf4c8996fb92427ae41e4649b934ca495991b7852b855","zip_code":"e3b0c44298fc1c149afbf4c8996fb92427ae41e4649b934ca495991b7852b855"},"properties":{"contents":[{"price":70,"quantity":1,"content_id":"2499","content_name":"\u0637\u0628\u0627\u0639\u0647 \u0628\u0646\u0631","description":"<ul>\r\n \t<li>\u00a0\u0637\u0628\u0627\u0639\u0629 \u0627\u0644\u0628\u0646\u0631\u0627\u062a \u0628\u062f\u0642\u0629 \u0639\u0627\u0644\u064a\u0629 \u0648 \u0627\u0641\u0636\u0644 \u062c\u0648\u062f\u0629.<\/li>\r\n \t<li>\u0627\u0642\u0635\u0649 \u0639\u0631\u0636 \u0644\u0644\u0628\u0646\u0631 1.5 \u0645\u062a\u0631.<\/li>\r\n \t<li>\u0645\u062f\u0629 \u0627\u0644\u062a\u0646\u0641\u064a\u0630: \u0645\u0646 1 \u0625\u0644\u0649 2 \u0623\u064a\u0627\u0645 \u0639\u0645\u0644 \u0628\u0639\u062f \u0627\u0639\u062a\u0645\u0627\u062f \u0627\u0644\u062a\u0635\u0645\u064a\u0645 \u0648\u0627\u0644\u0637\u0644\u0628 \u062d\u0633\u0628 \u0627\u0644\u0643\u0645\u064a\u0629.<\/li>\r\n<\/ul>","availability":"IN_STOCK","sale_price":70,"on_sale":false}],"content_type":"product","currency":"SAR","value":70,"event_trigger_source":"WooCommerce"},"page":{"url":"http:\/\/www.ibn-sinaa.com\/product\/print-banner\/"}}]}
 ajax: no
2025-01-22T14:44:10+00:00 DEBUG Tt4b_Mapi_Class::mapi_post: Response: 

HTTP/1.1 200 OK
Server: nginx
Content-Type: application/json
Content-Length: 92
X-Tt-Logid: 2025012214440987504C17BA092C52D115
x-tt-trace-host: 018e5a586174a888928d793bdac74b79b5e700587fe39153d955d7444df1af3be5e295968c1e772657e272cbb8778f9485b1f21b179c877950c83c89a0d51f12a855ad8e694cdb56600dccc26cca345079904bbab90bb1baed59b656ea40c1a31f0080382b2a0c283f1d284df8fa6319b0
x-tt-trace-id: 00-25012214440987504C17BA092C52D115-006BD97D3EB613E0-00
X-Origin-Response-Time: 94,23.213.246.231
X-Akamai-Request-ID: 106d6c93.627c050
Expires: Wed, 22 Jan 2025 14:44:10 GMT
Cache-Control: max-age=0, no-cache, no-store
Pragma: no-cache
Date: Wed, 22 Jan 2025 14:44:10 GMT
X-Cache: TCP_MISS from a95-101-134-94.deploy.akamaitechnologies.com (AkamaiGHost/11.8.0-1debf780f7d7c834933fa9689361eec6) (-)
Connection: close
X-Cache-Remote: TCP_MISS from a23-213-246-231.deploy.akamaitechnologies.com (AkamaiGHost/11.8.0-1debf780f7d7c834933fa9689361eec6) (-)
x-tt-trace-tag: id=16;cdn-cache=miss;type=dyn
Server-Timing: cdn-cache; desc=MISS, edge; dur=92, origin; dur=94
Server-Timing: inner; dur=90
X-Parent-Response-Time: 180,95.101.134.94

{"code": 0, "message": "OK", "request_id": "2025012214440987504C17BA092C52D115", "data": {}}
2025-01-22T14:44:14+00:00 DEBUG POST: https://business-api.tiktok.com/open_api/v1.3/event/track/

{"partner_name":"WooCommerce","event_source":"web","event_source_id":"CSM79Q3C77UAG1T340I0","data":[{"event":"Pageview","event_id":"6791043ed44bf_tt4b_woocommerce_670666209cf1f","event_time":1737557054,"user":{"ip":"49.51.183.84","user_agent":"Mozilla\/5.0 (iPhone; CPU iPhone OS 13_2_3 like Mac OS X) AppleWebKit\/605.1.15 (KHTML, like Gecko) Version\/13.0.3 Mobile\/15E148 Safari\/604.1","locale":"ar","external_id":"0","email":"e3b0c44298fc1c149afbf4c8996fb92427ae41e4649b934ca495991b7852b855","phone_number":"e3b0c44298fc1c149afbf4c8996fb92427ae41e4649b934ca495991b7852b855","first_name":"e3b0c44298fc1c149afbf4c8996fb92427ae41e4649b934ca495991b7852b855","last_name":"e3b0c44298fc1c149afbf4c8996fb92427ae41e4649b934ca495991b7852b855","zip_code":"e3b0c44298fc1c149afbf4c8996fb92427ae41e4649b934ca495991b7852b855"},"page":{"url":"http:\/\/www.ibn-sinaa.com\/faq\/"}}]}
 ajax: no
2025-01-22T14:44:15+00:00 DEBUG Tt4b_Mapi_Class::mapi_post: Response: 

HTTP/1.1 200 OK
Server: nginx
Content-Type: application/json
Content-Length: 92
X-Tt-Logid: 202501221444140222F91A78123D5737F7
x-tt-trace-host: 018e5a586174a888928d793bdac74b79b5b3c46136d344bf46da72cca5a862092e9e966ef32248bad9b94138fe236df079440008b24dfbd4f047588ee399b3040477b641a213074dc59a961dc62de604bda7e66a5b670559f1aa658e04d8126cfcc53ee96cbcabeb0f92a0c5121dcf8e8e
x-tt-trace-id: 00-2501221444140222F91A78123D5737F7-221FBCC25892FE36-00
X-Origin-Response-Time: 40,23.218.219.41
X-Akamai-Request-ID: fa78af.752080d
Expires: Wed, 22 Jan 2025 14:44:15 GMT
Cache-Control: max-age=0, no-cache, no-store
Pragma: no-cache
Date: Wed, 22 Jan 2025 14:44:15 GMT
X-Cache: TCP_MISS from a95-101-134-30.deploy.akamaitechnologies.com (AkamaiGHost/11.8.0-1debf780f7d7c834933fa9689361eec6) (-)
Connection: close
X-Cache-Remote: TCP_MISS from a23-218-219-41.deploy.akamaitechnologies.com (AkamaiGHost/11.8.0-1debf780f7d7c834933fa9689361eec6) (-)
x-tt-trace-tag: id=16;cdn-cache=miss;type=dyn
Server-Timing: cdn-cache; desc=MISS, edge; dur=84, origin; dur=40
Server-Timing: inner; dur=37
X-Parent-Response-Time: 120,95.101.134.30

{"code": 0, "message": "OK", "request_id": "202501221444140222F91A78123D5737F7", "data": {}}
2025-01-22T14:44:30+00:00 DEBUG POST: https://business-api.tiktok.com/open_api/v1.3/event/track/

{"partner_name":"WooCommerce","event_source":"web","event_source_id":"CSM79Q3C77UAG1T340I0","data":[{"event":"Pageview","event_id":"6791044e631d7_tt4b_woocommerce_670666209cf1f","event_time":1737557070,"user":{"ip":"62.210.13.154","user_agent":"WP Rocket\/Preload","locale":"ar","external_id":"0","email":"e3b0c44298fc1c149afbf4c8996fb92427ae41e4649b934ca495991b7852b855","phone_number":"e3b0c44298fc1c149afbf4c8996fb92427ae41e4649b934ca495991b7852b855","first_name":"e3b0c44298fc1c149afbf4c8996fb92427ae41e4649b934ca495991b7852b855","last_name":"e3b0c44298fc1c149afbf4c8996fb92427ae41e4649b934ca495991b7852b855","zip_code":"e3b0c44298fc1c149afbf4c8996fb92427ae41e4649b934ca495991b7852b855"},"page":{"url":"http:\/\/ibn-sinaa.com\/product\/reception-stand-with-lighting\/"}}]}
 ajax: no
2025-01-22T14:44:30+00:00 DEBUG Tt4b_Mapi_Class::mapi_post: Response: 

HTTP/1.1 200 OK
Server: nginx
Content-Type: application/json
Content-Length: 92
X-Tt-Logid: 202501221444309F5ED78C61303AE67CC9
x-tt-trace-host: 018e5a586174a888928d793bdac74b79b5b3c46136d344bf46da72cca5a862092e72485988920808239b7c0b83a73a71fdaf4cf3d6f190efdfb9d1071abab07ff4dede7cb60afe44a46e1584737bd16f3ae02b6b4e4253bc397ea686f92b81403624a72f96582c7eabd3b691a80da514a0
x-tt-trace-id: 00-2501221444309F5ED78C61303AE67CC9-216D6C634B682926-00
X-Origin-Response-Time: 27,23.207.199.29
X-Akamai-Request-ID: 74e90b2.7548f23
Expires: Wed, 22 Jan 2025 14:44:30 GMT
Cache-Control: max-age=0, no-cache, no-store
Pragma: no-cache
Date: Wed, 22 Jan 2025 14:44:30 GMT
X-Cache: TCP_MISS from a95-101-134-30.deploy.akamaitechnologies.com (AkamaiGHost/11.8.0-1debf780f7d7c834933fa9689361eec6) (-)
Connection: close
X-Cache-Remote: TCP_MISS from a23-207-199-29.deploy.akamaitechnologies.com (AkamaiGHost/11.8.0-2d0f2d516c5d43e1487924a77ec5924a) (-)
x-tt-trace-tag: id=16;cdn-cache=miss;type=dyn
Server-Timing: cdn-cache; desc=MISS, edge; dur=89, origin; dur=27
Server-Timing: inner; dur=23
X-Parent-Response-Time: 109,95.101.134.30

{"code": 0, "message": "OK", "request_id": "202501221444309F5ED78C61303AE67CC9", "data": {}}
2025-01-22T14:44:30+00:00 DEBUG Tt4b_Pixel_Class::inject_view_content_event: hit ViewContent
2025-01-22T14:44:30+00:00 DEBUG POST: https://business-api.tiktok.com/open_api/v1.3/event/track/

{"partner_name":"WooCommerce","event_source":"web","event_source_id":"CSM79Q3C77UAG1T340I0","data":[{"event":"ViewContent","event_id":"6791044e995a4_tt4b_woocommerce_670666209cf1f_4232","event_time":1737557070,"user":{"ip":"62.210.13.154","user_agent":"WP Rocket\/Preload","locale":"ar","external_id":"0","email":"e3b0c44298fc1c149afbf4c8996fb92427ae41e4649b934ca495991b7852b855","phone_number":"e3b0c44298fc1c149afbf4c8996fb92427ae41e4649b934ca495991b7852b855","first_name":"e3b0c44298fc1c149afbf4c8996fb92427ae41e4649b934ca495991b7852b855","last_name":"e3b0c44298fc1c149afbf4c8996fb92427ae41e4649b934ca495991b7852b855","zip_code":"e3b0c44298fc1c149afbf4c8996fb92427ae41e4649b934ca495991b7852b855"},"properties":{"contents":[{"price":499,"quantity":1,"content_id":"4232","content_name":"\u0627\u0633\u062a\u0627\u0646\u062f \u0627\u0633\u062a\u0642\u0628\u0627\u0644 \u0645\u0639 \u0627\u0636\u0627\u0621\u0629","description":"\u0637\u0628\u0627\u0639\u0629 \u0627\u0633\u062a\u0627\u0646\u062f \u0627\u0633\u062a\u0642\u0628\u0627\u0644 \u0645\u0639 \u0625\u0636\u0627\u0621\u0629 \u0645\u0646 \u0645\u062a\u062c\u0631 \u0627\u0628\u0646 \u0633\u064a\u0646\u0627 \u0627\u0644\u0625\u0644\u0643\u062a\u0631\u0648\u0646\u064a\u060c \u0645\u0635\u0645\u0645 \u0644\u0625\u0636\u0627\u0641\u0629 \u0644\u0645\u0633\u0629 \u0645\u0646 \u0627\u0644\u0623\u0646\u0627\u0642\u0629 \u0648\u0627\u0644\u0627\u062d\u062a\u0631\u0627\u0641\u064a\u0629 \u0644\u0639\u0631\u0636 \u0645\u0646\u062a\u062c\u0627\u062a\u0643 \u0623\u0648 \u0645\u0648\u0627\u062f\u0643 \u0627\u0644\u0625\u0639\u0644\u0627\u0646\u064a\u0629. \u064a\u062a\u0645\u064a\u0632 \u0647\u0630\u0627 \u0627\u0644\u0627\u0633\u062a\u0627\u0646\u062f \u0628\u062c\u0648\u062f\u0629 \u0639\u0627\u0644\u064a\u0629 \u0648\u062a\u0635\u0645\u064a\u0645 \u0645\u0646\u062d\u0646\u064a \u064a\u0644\u0641\u062a \u0627\u0644\u0623\u0646\u0638\u0627\u0631 \u0648\u064a\u0639\u0632\u0632 \u0645\u0646 \u062c\u0627\u0630\u0628\u064a\u0629 \u0627\u0644\u0639\u0631\u0636.","availability":"IN_STOCK","sale_price":499,"on_sale":false}],"content_type":"product","currency":"SAR","value":499,"event_trigger_source":"WooCommerce"},"page":{"url":"http:\/\/ibn-sinaa.com\/product\/reception-stand-with-lighting\/"}}]}
 ajax: no
2025-01-22T14:44:30+00:00 DEBUG Tt4b_Mapi_Class::mapi_post: Response: 

HTTP/1.1 200 OK
Server: nginx
Content-Type: application/json
Content-Length: 92
X-Tt-Logid: 20250122144430A0F82257F7FA3A53B6B7
x-tt-trace-host: 018e5a586174a888928d793bdac74b79b56517d7628cf0ffdff56b078ad2cf56152116b3ae99630511b052e16116ef899d567af7774ef4a923d84d8b9fe1164242b3ae87d2386ca3bcb0e5cc754116bc7237597c4a0c30b053cea29f2289431d81ed13cf88fc73ed26459a572ac66ab844
x-tt-trace-id: 00-250122144430A0F82257F7FA3A53B6B7-2B21AD3B5C4B859A-00
X-Origin-Response-Time: 37,23.213.246.239
X-Akamai-Request-ID: 50e0a6a6.71a0363
Expires: Wed, 22 Jan 2025 14:44:30 GMT
Cache-Control: max-age=0, no-cache, no-store
Pragma: no-cache
Date: Wed, 22 Jan 2025 14:44:30 GMT
X-Cache: TCP_MISS from a95-101-134-92.deploy.akamaitechnologies.com (AkamaiGHost/11.8.0-1debf780f7d7c834933fa9689361eec6) (-)
Connection: close
X-Cache-Remote: TCP_MISS from a23-213-246-239.deploy.akamaitechnologies.com (AkamaiGHost/11.8.0-1debf780f7d7c834933fa9689361eec6) (-)
x-tt-trace-tag: id=16;cdn-cache=miss;type=dyn
Server-Timing: cdn-cache; desc=MISS, edge; dur=86, origin; dur=37
Server-Timing: inner; dur=33
X-Parent-Response-Time: 117,95.101.134.92

{"code": 0, "message": "OK", "request_id": "20250122144430A0F82257F7FA3A53B6B7", "data": {}}
2025-01-22T14:44:35+00:00 DEBUG POST: https://business-api.tiktok.com/open_api/v1.3/event/track/

{"partner_name":"WooCommerce","event_source":"web","event_source_id":"CSM79Q3C77UAG1T340I0","data":[{"event":"Pageview","event_id":"679104532c07b_tt4b_woocommerce_670666209cf1f","event_time":1737557075,"user":{"ip":"62.210.13.154","user_agent":"WP Rocket\/Preload","locale":"ar","external_id":"0","email":"e3b0c44298fc1c149afbf4c8996fb92427ae41e4649b934ca495991b7852b855","phone_number":"e3b0c44298fc1c149afbf4c8996fb92427ae41e4649b934ca495991b7852b855","first_name":"e3b0c44298fc1c149afbf4c8996fb92427ae41e4649b934ca495991b7852b855","last_name":"e3b0c44298fc1c149afbf4c8996fb92427ae41e4649b934ca495991b7852b855","zip_code":"e3b0c44298fc1c149afbf4c8996fb92427ae41e4649b934ca495991b7852b855"},"page":{"url":"http:\/\/ibn-sinaa.com\/product\/stand-screen\/"}}]}
 ajax: no
2025-01-22T14:44:35+00:00 DEBUG Tt4b_Mapi_Class::mapi_post: Response: 

HTTP/1.1 200 OK
Server: nginx
Content-Type: application/json
Content-Length: 92
X-Tt-Logid: 202501221444359EE24D2CD1607E9D2F63
x-tt-trace-host: 018e5a586174a888928d793bdac74b79b5b3c46136d344bf46da72cca5a862092e2716d9b2f5d0bee3108c17687012f9b7126e06eefd6fcfd5a2bceab40309a140187874737fad8280b996a573cbd6c93e39f97c6e0ccaa03874a31032e33dbcea6bd9b6613dc96a5f7b217a7bf4a41c67
x-tt-trace-id: 00-2501221444359EE24D2CD1607E9D2F63-27E6E7CB88713830-00
X-Origin-Response-Time: 26,23.55.100.206
X-Akamai-Request-ID: 23136b86.7556032
Expires: Wed, 22 Jan 2025 14:44:35 GMT
Cache-Control: max-age=0, no-cache, no-store
Pragma: no-cache
Date: Wed, 22 Jan 2025 14:44:35 GMT
X-Cache: TCP_MISS from a95-101-134-30.deploy.akamaitechnologies.com (AkamaiGHost/11.8.0-1debf780f7d7c834933fa9689361eec6) (-)
Connection: close
X-Cache-Remote: TCP_MISS from a23-55-100-206.deploy.akamaitechnologies.com (AkamaiGHost/11.8.0-1debf780f7d7c834933fa9689361eec6) (-)
x-tt-trace-tag: id=16;cdn-cache=miss;type=dyn
Server-Timing: cdn-cache; desc=MISS, edge; dur=256, origin; dur=25
Server-Timing: inner; dur=22
X-Parent-Response-Time: 275,95.101.134.30

{"code": 0, "message": "OK", "request_id": "202501221444359EE24D2CD1607E9D2F63", "data": {}}
2025-01-22T14:44:35+00:00 DEBUG Tt4b_Pixel_Class::inject_view_content_event: hit ViewContent
2025-01-22T14:44:35+00:00 DEBUG POST: https://business-api.tiktok.com/open_api/v1.3/event/track/

{"partner_name":"WooCommerce","event_source":"web","event_source_id":"CSM79Q3C77UAG1T340I0","data":[{"event":"ViewContent","event_id":"679104538f15d_tt4b_woocommerce_670666209cf1f_4228","event_time":1737557075,"user":{"ip":"62.210.13.154","user_agent":"WP Rocket\/Preload","locale":"ar","external_id":"0","email":"e3b0c44298fc1c149afbf4c8996fb92427ae41e4649b934ca495991b7852b855","phone_number":"e3b0c44298fc1c149afbf4c8996fb92427ae41e4649b934ca495991b7852b855","first_name":"e3b0c44298fc1c149afbf4c8996fb92427ae41e4649b934ca495991b7852b855","last_name":"e3b0c44298fc1c149afbf4c8996fb92427ae41e4649b934ca495991b7852b855","zip_code":"e3b0c44298fc1c149afbf4c8996fb92427ae41e4649b934ca495991b7852b855"},"properties":{"contents":[{"price":499,"quantity":1,"content_id":"4228","content_name":"\u0627\u0633\u062a\u0627\u0646\u062f \u0634\u0627\u0634\u0647 \u062e\u0627\u0631\u062c\u064a \u0645\u0639 \u0627\u0636\u0627\u0621\u0629","description":"\u0637\u0628\u0627\u0639\u0629 \u0627\u0633\u062a\u0627\u0646\u062f \u062e\u0627\u0631\u062c\u064a \u0645\u0639 \u0625\u0636\u0627\u0621\u0629 \u0645\u0646 \u0645\u062a\u062c\u0631 \u0645\u0643\u062a\u0628\u0629 \u0627\u0628\u0646 \u0633\u064a\u0646\u0627 \u0627\u0644\u0625\u0644\u0643\u062a\u0631\u0648\u0646\u064a\u060c \u0645\u0635\u0645\u0645 \u0644\u0625\u0636\u0627\u0641\u0629 \u0644\u0645\u0633\u0629 \u0645\u0646 \u0627\u0644\u0623\u0646\u0627\u0642\u0629 \u0648\u0627\u0644\u0627\u062d\u062a\u0631\u0627\u0641\u064a\u0629 \u0644\u0639\u0631\u0636 \u0645\u0646\u062a\u062c\u0627\u062a\u0643 \u0623\u0648 \u0645\u0648\u0627\u062f\u0643 \u0627\u0644\u0625\u0639\u0644\u0627\u0646\u064a\u0629. \u064a\u062a\u0645\u064a\u0632 \u0647\u0630\u0627 \u0627\u0644\u0627\u0633\u062a\u0627\u0646\u062f \u0628\u062c\u0648\u062f\u0629 \u0639\u0627\u0644\u064a\u0629 \u0648\u062a\u0635\u0645\u064a\u0645 \u0645\u0646\u062d\u0646\u064a \u064a\u0644\u0641\u062a \u0627\u0644\u0623\u0646\u0638\u0627\u0631 \u0648\u064a\u0639\u0632\u0632 \u0645\u0646 \u062c\u0627\u0630\u0628\u064a\u0629 \u0627\u0644\u0639\u0631\u0636.","availability":"IN_STOCK","sale_price":499,"on_sale":false}],"content_type":"product","currency":"SAR","value":499,"event_trigger_source":"WooCommerce"},"page":{"url":"http:\/\/ibn-sinaa.com\/product\/stand-screen\/"}}]}
 ajax: no
2025-01-22T14:44:35+00:00 DEBUG Tt4b_Mapi_Class::mapi_post: Response: 

HTTP/1.1 200 OK
Server: nginx
Content-Type: application/json
Content-Length: 92
X-Tt-Logid: 2025012214443552E16371473FFDF4B619
x-tt-trace-host: 018e5a586174a888928d793bdac74b79b56517d7628cf0ffdff56b078ad2cf5615c581a1dc29bbdc17987f2b881ac240e1b1817057f8169fef16fb317ca330420f50fe63ee5b709be382886370f093f23255441b8255e35e5d97370cc6bab98c78736c5ec22c6679af542287cf6175571d
x-tt-trace-id: 00-25012214443552E16371473FFDF4B619-5210D1029BAB9E0A-00
X-Origin-Response-Time: 28,23.207.199.29
X-Akamai-Request-ID: 74eebc7.71aa2b9
Expires: Wed, 22 Jan 2025 14:44:35 GMT
Cache-Control: max-age=0, no-cache, no-store
Pragma: no-cache
Date: Wed, 22 Jan 2025 14:44:35 GMT
X-Cache: TCP_MISS from a95-101-134-92.deploy.akamaitechnologies.com (AkamaiGHost/11.8.0-1debf780f7d7c834933fa9689361eec6) (-)
Connection: close
X-Cache-Remote: TCP_MISS from a23-207-199-29.deploy.akamaitechnologies.com (AkamaiGHost/11.8.0-2d0f2d516c5d43e1487924a77ec5924a) (-)
x-tt-trace-tag: id=16;cdn-cache=miss;type=dyn
Server-Timing: cdn-cache; desc=MISS, edge; dur=89, origin; dur=28
Server-Timing: inner; dur=24
X-Parent-Response-Time: 111,95.101.134.92

{"code": 0, "message": "OK", "request_id": "2025012214443552E16371473FFDF4B619", "data": {}}
2025-01-22T14:44:37+00:00 DEBUG POST: https://business-api.tiktok.com/open_api/v1.3/event/track/

{"partner_name":"WooCommerce","event_source":"web","event_source_id":"CSM79Q3C77UAG1T340I0","data":[{"event":"Pageview","event_id":"679104552aed1_tt4b_woocommerce_670666209cf1f","event_time":1737557077,"user":{"ip":"62.210.13.154","user_agent":"WP Rocket\/Preload","locale":"ar","external_id":"0","email":"e3b0c44298fc1c149afbf4c8996fb92427ae41e4649b934ca495991b7852b855","phone_number":"e3b0c44298fc1c149afbf4c8996fb92427ae41e4649b934ca495991b7852b855","first_name":"e3b0c44298fc1c149afbf4c8996fb92427ae41e4649b934ca495991b7852b855","last_name":"e3b0c44298fc1c149afbf4c8996fb92427ae41e4649b934ca495991b7852b855","zip_code":"e3b0c44298fc1c149afbf4c8996fb92427ae41e4649b934ca495991b7852b855"},"page":{"url":"http:\/\/ibn-sinaa.com\/product\/stand-curved\/"}}]}
 ajax: no
2025-01-22T14:44:37+00:00 DEBUG Tt4b_Mapi_Class::mapi_post: Response: 

HTTP/1.1 200 OK
Server: nginx
Content-Type: application/json
Content-Length: 92
X-Tt-Logid: 202501221444372C86916142E7C7104976
x-tt-trace-host: 018e5a586174a888928d793bdac74b79b56517d7628cf0ffdff56b078ad2cf5615ac72e97d1a0829265000023be5809f3c160116dc40f410e2efeca91e68998445614990fd4d5199d42064de49606021be54714cef13dca3c57c3f081444e1d82f5fd21522e0dd16ff904e88d29b994321
x-tt-trace-id: 00-2501221444372C86916142E7C7104976-72C92C9960EE5CBF-00
X-Origin-Response-Time: 29,23.218.219.21
X-Akamai-Request-ID: a049a6e.71ada35
Expires: Wed, 22 Jan 2025 14:44:37 GMT
Cache-Control: max-age=0, no-cache, no-store
Pragma: no-cache
Date: Wed, 22 Jan 2025 14:44:37 GMT
X-Cache: TCP_MISS from a95-101-134-92.deploy.akamaitechnologies.com (AkamaiGHost/11.8.0-1debf780f7d7c834933fa9689361eec6) (-)
Connection: close
X-Cache-Remote: TCP_MISS from a23-218-219-21.deploy.akamaitechnologies.com (AkamaiGHost/11.8.0-1debf780f7d7c834933fa9689361eec6) (-)
x-tt-trace-tag: id=16;cdn-cache=miss;type=dyn
Server-Timing: cdn-cache; desc=MISS, edge; dur=99, origin; dur=28
Server-Timing: inner; dur=22
X-Parent-Response-Time: 119,95.101.134.92

{"code": 0, "message": "OK", "request_id": "202501221444372C86916142E7C7104976", "data": {}}
2025-01-22T14:44:37+00:00 DEBUG Tt4b_Pixel_Class::inject_view_content_event: hit ViewContent
2025-01-22T14:44:37+00:00 DEBUG POST: https://business-api.tiktok.com/open_api/v1.3/event/track/

{"partner_name":"WooCommerce","event_source":"web","event_source_id":"CSM79Q3C77UAG1T340I0","data":[{"event":"ViewContent","event_id":"679104557e569_tt4b_woocommerce_670666209cf1f_4224","event_time":1737557077,"user":{"ip":"62.210.13.154","user_agent":"WP Rocket\/Preload","locale":"ar","external_id":"0","email":"e3b0c44298fc1c149afbf4c8996fb92427ae41e4649b934ca495991b7852b855","phone_number":"e3b0c44298fc1c149afbf4c8996fb92427ae41e4649b934ca495991b7852b855","first_name":"e3b0c44298fc1c149afbf4c8996fb92427ae41e4649b934ca495991b7852b855","last_name":"e3b0c44298fc1c149afbf4c8996fb92427ae41e4649b934ca495991b7852b855","zip_code":"e3b0c44298fc1c149afbf4c8996fb92427ae41e4649b934ca495991b7852b855"},"properties":{"contents":[{"price":690,"quantity":1,"content_id":"4224","content_name":"\u0627\u0633\u062a\u0627\u0646\u062f \u0645\u0646\u062d\u0646\u064a","description":"\u0637\u0628\u0627\u0639\u0629 \u0627\u0633\u062a\u0627\u0646\u062f \u0645\u0646\u062d\u0646\u064a \u0645\u0646 \u0645\u062a\u062c\u0631 \u0645\u0643\u062a\u0628\u0629 \u0627\u0628\u0646 \u0633\u064a\u0646\u0627 \u0627\u0644\u0625\u0644\u0643\u062a\u0631\u0648\u0646\u064a\u060c \u0645\u0635\u0645\u0645 \u0644\u0625\u0636\u0627\u0641\u0629 \u0644\u0645\u0633\u0629 \u0645\u0646 \u0627\u0644\u0623\u0646\u0627\u0642\u0629 \u0648\u0627\u0644\u0627\u062d\u062a\u0631\u0627\u0641\u064a\u0629 \u0644\u0639\u0631\u0636 \u0645\u0646\u062a\u062c\u0627\u062a\u0643 \u0623\u0648 \u0645\u0648\u0627\u062f\u0643 \u0627\u0644\u0625\u0639\u0644\u0627\u0646\u064a\u0629. \u064a\u062a\u0645\u064a\u0632 \u0647\u0630\u0627 \u0627\u0644\u0627\u0633\u062a\u0627\u0646\u062f \u0628\u062c\u0648\u062f\u0629 \u0639\u0627\u0644\u064a\u0629 \u0648\u062a\u0635\u0645\u064a\u0645 \u0645\u0646\u062d\u0646\u064a \u064a\u0644\u0641\u062a \u0627\u0644\u0623\u0646\u0638\u0627\u0631 \u0648\u064a\u0639\u0632\u0632 \u0645\u0646 \u062c\u0627\u0630\u0628\u064a\u0629 \u0627\u0644\u0639\u0631\u0636.","availability":"IN_STOCK","sale_price":690,"on_sale":false}],"content_type":"product","currency":"SAR","value":690,"event_trigger_source":"WooCommerce"},"page":{"url":"http:\/\/ibn-sinaa.com\/product\/stand-curved\/"}}]}
 ajax: no
2025-01-22T14:44:37+00:00 DEBUG Tt4b_Mapi_Class::mapi_post: Response: 

HTTP/1.1 200 OK
Server: nginx
Content-Type: application/json
Content-Length: 92
X-Tt-Logid: 202501221444379EE24D2CD1607E9D308C
x-tt-trace-host: 018e5a586174a888928d793bdac74b79b5b3c46136d344bf46da72cca5a862092e2716d9b2f5d0bee3108c17687012f9b7126e06eefd6fcfd5a2bceab40309a140187874737fad8280b996a573cbd6c93eeffd4a2d92342f9a0a41447e344f77b13e8bd1c868f20d3fa9dd851f7c0465dc
x-tt-trace-id: 00-2501221444379EE24D2CD1607E9D308C-27E6E7CB88713B60-00
X-Origin-Response-Time: 46,23.55.100.206
X-Akamai-Request-ID: 23139989.755c033
Expires: Wed, 22 Jan 2025 14:44:37 GMT
Cache-Control: max-age=0, no-cache, no-store
Pragma: no-cache
Date: Wed, 22 Jan 2025 14:44:37 GMT
X-Cache: TCP_MISS from a95-101-134-30.deploy.akamaitechnologies.com (AkamaiGHost/11.8.0-1debf780f7d7c834933fa9689361eec6) (-)
Connection: close
X-Cache-Remote: TCP_MISS from a23-55-100-206.deploy.akamaitechnologies.com (AkamaiGHost/11.8.0-1debf780f7d7c834933fa9689361eec6) (-)
x-tt-trace-tag: id=16;cdn-cache=miss;type=dyn
Server-Timing: cdn-cache; desc=MISS, edge; dur=113, origin; dur=45
Server-Timing: inner; dur=29
X-Parent-Response-Time: 150,95.101.134.30

{"code": 0, "message": "OK", "request_id": "202501221444379EE24D2CD1607E9D308C", "data": {}}
2025-01-22T14:44:39+00:00 DEBUG POST: https://business-api.tiktok.com/open_api/v1.3/event/track/

{"partner_name":"WooCommerce","event_source":"web","event_source_id":"CSM79Q3C77UAG1T340I0","data":[{"event":"Pageview","event_id":"679104570b1d6_tt4b_woocommerce_670666209cf1f","event_time":1737557079,"user":{"ip":"62.210.13.154","user_agent":"WP Rocket\/Preload","locale":"ar","external_id":"0","email":"e3b0c44298fc1c149afbf4c8996fb92427ae41e4649b934ca495991b7852b855","phone_number":"e3b0c44298fc1c149afbf4c8996fb92427ae41e4649b934ca495991b7852b855","first_name":"e3b0c44298fc1c149afbf4c8996fb92427ae41e4649b934ca495991b7852b855","last_name":"e3b0c44298fc1c149afbf4c8996fb92427ae41e4649b934ca495991b7852b855","zip_code":"e3b0c44298fc1c149afbf4c8996fb92427ae41e4649b934ca495991b7852b855"},"page":{"url":"http:\/\/ibn-sinaa.com\/product\/teacher-group\/"}}]}
 ajax: no
2025-01-22T14:44:39+00:00 DEBUG Tt4b_Mapi_Class::mapi_post: Response: 

HTTP/1.1 200 OK
Server: nginx
Content-Type: application/json
Content-Length: 92
X-Tt-Logid: 202501221444399CE708E50DA934D27641
x-tt-trace-host: 018e5a586174a888928d793bdac74b79b56517d7628cf0ffdff56b078ad2cf5615b287ada350c6932547ca68bde9e4e08bcbea11a0e3196de60bd334d73ceb7ddef97280ba9a4812ae3f98435306ee66176e37da05c5487849c874a438f321bd1a70e51c37475a6058c0e72f9cb731fc25
x-tt-trace-id: 00-2501221444399CE708E50DA934D27641-7285393A3AD87FC1-00
X-Origin-Response-Time: 23,23.32.17.32
X-Akamai-Request-ID: 7ceaef.71b1b9a
Expires: Wed, 22 Jan 2025 14:44:39 GMT
Cache-Control: max-age=0, no-cache, no-store
Pragma: no-cache
Date: Wed, 22 Jan 2025 14:44:39 GMT
X-Cache: TCP_MISS from a95-101-134-92.deploy.akamaitechnologies.com (AkamaiGHost/11.8.0-1debf780f7d7c834933fa9689361eec6) (-)
Connection: close
X-Cache-Remote: TCP_MISS from a23-32-17-32.deploy.akamaitechnologies.com (AkamaiGHost/11.8.0-1debf780f7d7c834933fa9689361eec6) (-)
x-tt-trace-tag: id=16;cdn-cache=miss;type=dyn
Server-Timing: cdn-cache; desc=MISS, edge; dur=110, origin; dur=23
Server-Timing: inner; dur=19
X-Parent-Response-Time: 117,95.101.134.92

{"code": 0, "message": "OK", "request_id": "202501221444399CE708E50DA934D27641", "data": {}}
2025-01-22T14:44:39+00:00 DEBUG Tt4b_Pixel_Class::inject_view_content_event: hit ViewContent
2025-01-22T14:44:39+00:00 DEBUG POST: https://business-api.tiktok.com/open_api/v1.3/event/track/

{"partner_name":"WooCommerce","event_source":"web","event_source_id":"CSM79Q3C77UAG1T340I0","data":[{"event":"ViewContent","event_id":"6791045770ffb_tt4b_woocommerce_670666209cf1f_4220","event_time":1737557079,"user":{"ip":"62.210.13.154","user_agent":"WP Rocket\/Preload","locale":"ar","external_id":"0","email":"e3b0c44298fc1c149afbf4c8996fb92427ae41e4649b934ca495991b7852b855","phone_number":"e3b0c44298fc1c149afbf4c8996fb92427ae41e4649b934ca495991b7852b855","first_name":"e3b0c44298fc1c149afbf4c8996fb92427ae41e4649b934ca495991b7852b855","last_name":"e3b0c44298fc1c149afbf4c8996fb92427ae41e4649b934ca495991b7852b855","zip_code":"e3b0c44298fc1c149afbf4c8996fb92427ae41e4649b934ca495991b7852b855"},"properties":{"contents":[{"price":120,"quantity":1,"content_id":"4220","content_name":"\u0645\u062c\u0645\u0648\u0639\u0629 \u0627\u0644\u0645\u0639\u0644\u0645","description":"\u0627\u062c\u0639\u0644 \u064a\u0648\u0645\u0643 \u0627\u0644\u062f\u0631\u0627\u0633\u064a \u0623\u0643\u062b\u0631 \u062a\u0646\u0638\u064a\u0645\u064b\u0627 \u0648\u0641\u0627\u0639\u0644\u064a\u0629 \u0645\u0639 \u0645\u062c\u0645\u0648\u0639\u0647 \u0627\u0644\u0645\u0639\u0644\u0645 \u0645\u0646 \u0645\u062a\u062c\u0631 \u0645\u0643\u062a\u0628\u0629 \u0627\u0628\u0646 \u0633\u064a\u0646\u0627 \u0627\u0644\u0625\u0644\u0643\u062a\u0631\u0648\u0646\u064a. \u0647\u0630\u0647 \u0627\u0644\u0645\u062c\u0645\u0648\u0639\u0629 \u0627\u0644\u0645\u0635\u0645\u0645\u0629 \u062e\u0635\u064a\u0635\u064b\u0627 \u0644\u0644\u0645\u062f\u0631\u0633\u064a\u0646 \u062a\u062d\u062a\u0648\u064a \u0639\u0644\u0649 \u0643\u0644 \u0645\u0627 \u064a\u062d\u062a\u0627\u062c\u0648\u0646\u0647 \u0644\u0625\u062f\u0627\u0631\u0629 \u0648\u062a\u0646\u0638\u064a\u0645 \u064a\u0648\u0645\u0647\u0645 \u0627\u0644\u062f\u0631\u0627\u0633\u064a \u0628\u0623\u0641\u0636\u0644 \u0635\u0648\u0631\u0629 \u0645\u0645\u0643\u0646\u0629.","availability":"IN_STOCK","sale_price":120,"on_sale":false}],"content_type":"product","currency":"SAR","value":120,"event_trigger_source":"WooCommerce"},"page":{"url":"http:\/\/ibn-sinaa.com\/product\/teacher-group\/"}}]}
 ajax: no
2025-01-22T14:44:39+00:00 DEBUG Tt4b_Mapi_Class::mapi_post: Response: 

HTTP/1.1 200 OK
Server: nginx
Content-Type: application/json
Content-Length: 92
X-Tt-Logid: 2025012214443925B0ED1113066119CDA2
x-tt-trace-host: 018e5a586174a888928d793bdac74b79b5b3c46136d344bf46da72cca5a862092e7b2d4d4775d527df840008e01ab160a3615f9ffd0728015708c9182ec47145668d510deaa63e1ea3a21b98297c06a25dcc8952344b84959287e51e19ad2b514c80ad230ac839db21a36346aba2497018
x-tt-trace-id: 00-25012214443925B0ED1113066119CDA2-0C3F64122D41D015-00
X-Origin-Response-Time: 37,23.207.199.41
X-Akamai-Request-ID: 9c66b1f.75610ee
Expires: Wed, 22 Jan 2025 14:44:39 GMT
Cache-Control: max-age=0, no-cache, no-store
Pragma: no-cache
Date: Wed, 22 Jan 2025 14:44:39 GMT
X-Cache: TCP_MISS from a95-101-134-30.deploy.akamaitechnologies.com (AkamaiGHost/11.8.0-1debf780f7d7c834933fa9689361eec6) (-)
Connection: close
X-Cache-Remote: TCP_MISS from a23-207-199-41.deploy.akamaitechnologies.com (AkamaiGHost/11.8.0-2d0f2d516c5d43e1487924a77ec5924a) (-)
x-tt-trace-tag: id=16;cdn-cache=miss;type=dyn
Server-Timing: cdn-cache; desc=MISS, edge; dur=97, origin; dur=37
Server-Timing: inner; dur=33
X-Parent-Response-Time: 125,95.101.134.30

{"code": 0, "message": "OK", "request_id": "2025012214443925B0ED1113066119CDA2", "data": {}}
2025-01-22T14:44:40+00:00 DEBUG POST: https://business-api.tiktok.com/open_api/v1.3/event/track/

{"partner_name":"WooCommerce","event_source":"web","event_source_id":"CSM79Q3C77UAG1T340I0","data":[{"event":"Pageview","event_id":"679104585c57a_tt4b_woocommerce_670666209cf1f","event_time":1737557080,"user":{"ip":"62.210.13.154","user_agent":"WP Rocket\/Preload","locale":"ar","external_id":"0","email":"e3b0c44298fc1c149afbf4c8996fb92427ae41e4649b934ca495991b7852b855","phone_number":"e3b0c44298fc1c149afbf4c8996fb92427ae41e4649b934ca495991b7852b855","first_name":"e3b0c44298fc1c149afbf4c8996fb92427ae41e4649b934ca495991b7852b855","last_name":"e3b0c44298fc1c149afbf4c8996fb92427ae41e4649b934ca495991b7852b855","zip_code":"e3b0c44298fc1c149afbf4c8996fb92427ae41e4649b934ca495991b7852b855"},"page":{"url":"http:\/\/ibn-sinaa.com\/product\/school-chemistry-records\/"}}]}
 ajax: no
2025-01-22T14:44:40+00:00 DEBUG Tt4b_Mapi_Class::mapi_post: Response: 

HTTP/1.1 200 OK
Server: nginx
Content-Type: application/json
Content-Length: 92
X-Tt-Logid: 202501221444407C9442C59A43BEE4DA6C
Server-Timing: inner; dur=31
x-tt-trace-host: 018e5a586174a888928d793bdac74b79b546481499826e61e341177deeedfd94a474a0af7719b99d1034edb0719915fca544dc039b566390cedb8313deec3e6404bd80ff90446230e272c13e15a67b85ff60410f172c6dcb233bf9de78910d910b
x-tt-trace-id: 00-2501221444407C9442C59A43BEE4DA6C-65B4A8A93BE58DB7-00
Expires: Wed, 22 Jan 2025 14:44:40 GMT
Cache-Control: max-age=0, no-cache, no-store
Pragma: no-cache
Date: Wed, 22 Jan 2025 14:44:40 GMT
X-Cache: TCP_MISS from a95-101-134-30.deploy.akamaitechnologies.com (AkamaiGHost/11.8.0-1debf780f7d7c834933fa9689361eec6) (-)
Connection: close
x-tt-trace-tag: id=16;cdn-cache=miss;type=dyn
Server-Timing: cdn-cache; desc=MISS, edge; dur=4, origin; dur=112
X-Origin-Response-Time: 112,95.101.134.30
X-Akamai-Request-ID: 75636a0

{"code": 0, "message": "OK", "request_id": "202501221444407C9442C59A43BEE4DA6C", "data": {}}
2025-01-22T14:44:40+00:00 DEBUG Tt4b_Pixel_Class::inject_view_content_event: hit ViewContent
2025-01-22T14:44:40+00:00 DEBUG POST: https://business-api.tiktok.com/open_api/v1.3/event/track/

{"partner_name":"WooCommerce","event_source":"web","event_source_id":"CSM79Q3C77UAG1T340I0","data":[{"event":"ViewContent","event_id":"67910458aae44_tt4b_woocommerce_670666209cf1f_4205","event_time":1737557080,"user":{"ip":"62.210.13.154","user_agent":"WP Rocket\/Preload","locale":"ar","external_id":"0","email":"e3b0c44298fc1c149afbf4c8996fb92427ae41e4649b934ca495991b7852b855","phone_number":"e3b0c44298fc1c149afbf4c8996fb92427ae41e4649b934ca495991b7852b855","first_name":"e3b0c44298fc1c149afbf4c8996fb92427ae41e4649b934ca495991b7852b855","last_name":"e3b0c44298fc1c149afbf4c8996fb92427ae41e4649b934ca495991b7852b855","zip_code":"e3b0c44298fc1c149afbf4c8996fb92427ae41e4649b934ca495991b7852b855"},"properties":{"contents":[{"price":65,"quantity":1,"content_id":"4205","content_name":"\u0633\u062c\u0644\u0627\u062a \u0645\u0627\u062f\u0629 \u0627\u0644\u0643\u064a\u0645\u064a\u0627\u0621","description":". \u0637\u0628\u0627\u0639\u0647 \u0633\u062c\u0644\u0627\u062a \u0645\u062f\u0631\u0633\u064a\u0629 \u0627\u062d\u062a\u0631\u0627\u0641\u064a\u0629 \u062e\u0627\u0645\u062a\u0647\u0627 \u0643\u0631\u062a\u0648\u0646 2000 \u062c\u0631\u0627\u0645,\u062a\u0636\u0627\u0641 \u0637\u0628\u0642\u0629 \u062d\u0645\u0627\u064a\u0647 \u0627\u0633\u062a\u064a\u0643\u0631 \u0645\u0639 \u0633\u0644\u0648\u0641\u0627\u0646 \u0644\u0627\u0645\u0639.\r\n. \u0645\u062a\u0648\u0641\u0631 \u0628 \u0627\u062d\u062c\u0627\u0645 \u0645\u062e\u062a\u0644\u0641\u0647 ( \u0635\u063a\u064a\u0631, \u0648\u0633\u0637 , \u0643\u0628\u064a\u0631 ).\r\n. \u064a\u062a\u0633\u0639 \u0627\u0644\u0645\u0642\u0627\u0633 \u0627\u0644\u0635\u063a\u064a\u0631 ( \u0645\u0646 50 \u0627\u0644\u0649 150 \u0648\u0631\u0642\u0629 )\r\n. \u064a\u062a\u0633\u0639 \u0627\u0644\u0648\u0633\u0637 ( \u0645\u0646 150 \u0627\u0644\u0649 300 \u0648\u0631\u0642\u0629 )\r\n. \u0627\u0644\u0643\u0628\u064a\u0631 ( \u0645\u0646 300 \u0627\u0644\u0649 400 \u0648\u0631\u0642\u0629 ).\r\n. \u0645\u062f\u0629 \u0627\u0644\u062a\u0646\u0641\u064a\u0630 : 3-5 \u0627\u064a\u0627\u0645 \u0648\u062a\u0632\u064a\u062f \u0627\u0644\u0645\u062f\u0629 \u0639\u0646 \u0637\u0644\u0628 \u0627\u0644\u0634\u062d\u0646.","availability":"IN_STOCK","sale_price":65,"on_sale":false}],"content_type":"product","currency":"SAR","value":65,"event_trigger_source":"WooCommerce"},"page":{"url":"http:\/\/ibn-sinaa.com\/product\/school-chemistry-records\/"}}]}
 ajax: no
2025-01-22T14:44:40+00:00 DEBUG Tt4b_Mapi_Class::mapi_post: Response: 

HTTP/1.1 200 OK
Server: nginx
Content-Type: application/json
Content-Length: 92
X-Tt-Logid: 20250122144440A0ED6DB4C33A665FC917
x-tt-trace-host: 018e5a586174a888928d793bdac74b79b56517d7628cf0ffdff56b078ad2cf5615f9164d9a8a008cc56978e60bf37849583052b7e08a8d94993434d2f62351c146501faa397d103f2cbf2540e439a30f92971e24829ce540b3372880a386e9c5c9ddba8672fb0e5d7f88b6875ad385dc83
x-tt-trace-id: 00-250122144440A0ED6DB4C33A665FC917-1214FB5B96B942D5-00
X-Origin-Response-Time: 28,23.218.219.16
X-Akamai-Request-ID: 3f7c644.71b5067
Expires: Wed, 22 Jan 2025 14:44:40 GMT
Cache-Control: max-age=0, no-cache, no-store
Pragma: no-cache
Date: Wed, 22 Jan 2025 14:44:40 GMT
X-Cache: TCP_MISS from a95-101-134-92.deploy.akamaitechnologies.com (AkamaiGHost/11.8.0-1debf780f7d7c834933fa9689361eec6) (-)
Connection: close
X-Cache-Remote: TCP_MISS from a23-218-219-16.deploy.akamaitechnologies.com (AkamaiGHost/11.8.0-1debf780f7d7c834933fa9689361eec6) (-)
x-tt-trace-tag: id=16;cdn-cache=miss;type=dyn
Server-Timing: cdn-cache; desc=MISS, edge; dur=106, origin; dur=28
Server-Timing: inner; dur=23
X-Parent-Response-Time: 111,95.101.134.92

{"code": 0, "message": "OK", "request_id": "20250122144440A0ED6DB4C33A665FC917", "data": {}}
2025-01-22T14:44:42+00:00 DEBUG POST: https://business-api.tiktok.com/open_api/v1.3/event/track/

{"partner_name":"WooCommerce","event_source":"web","event_source_id":"CSM79Q3C77UAG1T340I0","data":[{"event":"Pageview","event_id":"6791045a0c930_tt4b_woocommerce_670666209cf1f","event_time":1737557082,"user":{"ip":"62.210.13.154","user_agent":"WP Rocket\/Preload","locale":"ar","external_id":"0","email":"e3b0c44298fc1c149afbf4c8996fb92427ae41e4649b934ca495991b7852b855","phone_number":"e3b0c44298fc1c149afbf4c8996fb92427ae41e4649b934ca495991b7852b855","first_name":"e3b0c44298fc1c149afbf4c8996fb92427ae41e4649b934ca495991b7852b855","last_name":"e3b0c44298fc1c149afbf4c8996fb92427ae41e4649b934ca495991b7852b855","zip_code":"e3b0c44298fc1c149afbf4c8996fb92427ae41e4649b934ca495991b7852b855"},"page":{"url":"http:\/\/ibn-sinaa.com\/product\/school-mathematics-records\/"}}]}
 ajax: no
2025-01-22T14:44:42+00:00 DEBUG Tt4b_Mapi_Class::mapi_post: Response: 

HTTP/1.1 200 OK
Server: nginx
Content-Type: application/json
Content-Length: 92
X-Tt-Logid: 2025012214444205A709189829C01A17AF
Server-Timing: inner; dur=40
x-tt-trace-host: 018e5a586174a888928d793bdac74b79b546481499826e61e341177deeedfd94a436c7a0b445001dbda8c1bdedc3e42eca0c3a5f220b6ac3af73789e5741da8d3c1ad826a20229223c679b2cea535fc16081aed9f4fe9fe202fa5357061acf67e7
x-tt-trace-id: 00-25012214444205A709189829C01A17AF-41E11BEC58B02C48-00
Expires: Wed, 22 Jan 2025 14:44:42 GMT
Cache-Control: max-age=0, no-cache, no-store
Pragma: no-cache
Date: Wed, 22 Jan 2025 14:44:42 GMT
X-Cache: TCP_MISS from a95-101-134-30.deploy.akamaitechnologies.com (AkamaiGHost/11.8.0-1debf780f7d7c834933fa9689361eec6) (-)
Connection: close
x-tt-trace-tag: id=16;cdn-cache=miss;type=dyn
Server-Timing: cdn-cache; desc=MISS, edge; dur=10, origin; dur=127
X-Origin-Response-Time: 131,95.101.134.30
X-Akamai-Request-ID: 756779b

{"code": 0, "message": "OK", "request_id": "2025012214444205A709189829C01A17AF", "data": {}}
2025-01-22T14:44:42+00:00 DEBUG Tt4b_Pixel_Class::inject_view_content_event: hit ViewContent
2025-01-22T14:44:42+00:00 DEBUG POST: https://business-api.tiktok.com/open_api/v1.3/event/track/

{"partner_name":"WooCommerce","event_source":"web","event_source_id":"CSM79Q3C77UAG1T340I0","data":[{"event":"ViewContent","event_id":"6791045a634a3_tt4b_woocommerce_670666209cf1f_4187","event_time":1737557082,"user":{"ip":"62.210.13.154","user_agent":"WP Rocket\/Preload","locale":"ar","external_id":"0","email":"e3b0c44298fc1c149afbf4c8996fb92427ae41e4649b934ca495991b7852b855","phone_number":"e3b0c44298fc1c149afbf4c8996fb92427ae41e4649b934ca495991b7852b855","first_name":"e3b0c44298fc1c149afbf4c8996fb92427ae41e4649b934ca495991b7852b855","last_name":"e3b0c44298fc1c149afbf4c8996fb92427ae41e4649b934ca495991b7852b855","zip_code":"e3b0c44298fc1c149afbf4c8996fb92427ae41e4649b934ca495991b7852b855"},"properties":{"contents":[{"price":65,"quantity":1,"content_id":"4187","content_name":"\u0633\u062c\u0644\u0627\u062a \u0645\u0627\u062f\u0629 \u0627\u0644\u0631\u064a\u0627\u0636\u064a\u0627\u062a","description":". \u0637\u0628\u0627\u0639\u0647 \u0633\u062c\u0644\u0627\u062a \u0645\u062f\u0631\u0633\u064a\u0629 \u0627\u062d\u062a\u0631\u0627\u0641\u064a\u0629 \u062e\u0627\u0645\u062a\u0647\u0627 \u0643\u0631\u062a\u0648\u0646 2000 \u062c\u0631\u0627\u0645,\u062a\u0636\u0627\u0641 \u0637\u0628\u0642\u0629 \u062d\u0645\u0627\u064a\u0647 \u0627\u0633\u062a\u064a\u0643\u0631 \u0645\u0639 \u0633\u0644\u0648\u0641\u0627\u0646 \u0644\u0627\u0645\u0639.\r\n. \u0645\u062a\u0648\u0641\u0631 \u0628 \u0627\u062d\u062c\u0627\u0645 \u0645\u062e\u062a\u0644\u0641\u0647 ( \u0635\u063a\u064a\u0631, \u0648\u0633\u0637 , \u0643\u0628\u064a\u0631 ).\r\n. \u064a\u062a\u0633\u0639 \u0627\u0644\u0645\u0642\u0627\u0633 \u0627\u0644\u0635\u063a\u064a\u0631 ( \u0645\u0646 50 \u0627\u0644\u0649 150 \u0648\u0631\u0642\u0629 )\r\n. \u064a\u062a\u0633\u0639 \u0627\u0644\u0648\u0633\u0637 ( \u0645\u0646 150 \u0627\u0644\u0649 300 \u0648\u0631\u0642\u0629 )\r\n. \u0627\u0644\u0643\u0628\u064a\u0631 ( \u0645\u0646 300 \u0627\u0644\u0649 400 \u0648\u0631\u0642\u0629 ).\r\n. \u0645\u062f\u0629 \u0627\u0644\u062a\u0646\u0641\u064a\u0630 : 3-5 \u0627\u064a\u0627\u0645 \u0648\u062a\u0632\u064a\u062f \u0627\u0644\u0645\u062f\u0629 \u0639\u0646 \u0637\u0644\u0628 \u0627\u0644\u0634\u062d\u0646.","availability":"IN_STOCK","sale_price":65,"on_sale":false}],"content_type":"product","currency":"SAR","value":65,"event_trigger_source":"WooCommerce"},"page":{"url":"http:\/\/ibn-sinaa.com\/product\/school-mathematics-records\/"}}]}
 ajax: no
2025-01-22T14:44:42+00:00 DEBUG Tt4b_Mapi_Class::mapi_post: Response: 

HTTP/1.1 200 OK
Server: nginx
Content-Type: application/json
Content-Length: 92
X-Tt-Logid: 20250122144442A4666009699B58E89CEF
x-tt-trace-host: 018e5a586174a888928d793bdac74b79b519a86797e72c2eba011e03e23beee17d95a8881f3cb6a2fad9b01fe536e0dd85a3b9d30090e407a7e210aa9235eed012aa7c1c4aecf2f0e3349bfa1eccef445fa8173a4e451d07cc3d1af256722a7a3e2cc7707aa169baacfb01ebe89496c42e
x-tt-trace-id: 00-250122144442A4666009699B58E89CEF-2FC583523212D37F-00
X-Origin-Response-Time: 36,23.218.219.33
X-Akamai-Request-ID: 105b9b0.187764d3
Expires: Wed, 22 Jan 2025 14:44:42 GMT
Cache-Control: max-age=0, no-cache, no-store
Pragma: no-cache
Date: Wed, 22 Jan 2025 14:44:42 GMT
X-Cache: TCP_MISS from a95-101-134-116.deploy.akamaitechnologies.com (AkamaiGHost/11.8.0-1debf780f7d7c834933fa9689361eec6) (-)
Connection: close
X-Cache-Remote: TCP_MISS from a23-218-219-33.deploy.akamaitechnologies.com (AkamaiGHost/11.8.0-1debf780f7d7c834933fa9689361eec6) (-)
x-tt-trace-tag: id=16;cdn-cache=miss;type=dyn
Server-Timing: cdn-cache; desc=MISS, edge; dur=89, origin; dur=35
Server-Timing: inner; dur=32
X-Parent-Response-Time: 115,95.101.134.116

{"code": 0, "message": "OK", "request_id": "20250122144442A4666009699B58E89CEF", "data": {}}
2025-01-22T14:44:43+00:00 DEBUG POST: https://business-api.tiktok.com/open_api/v1.3/event/track/

{"partner_name":"WooCommerce","event_source":"web","event_source_id":"CSM79Q3C77UAG1T340I0","data":[{"event":"Pageview","event_id":"6791045bb5b40_tt4b_woocommerce_670666209cf1f","event_time":1737557083,"user":{"ip":"62.210.13.154","user_agent":"WP Rocket\/Preload","locale":"ar","external_id":"0","email":"e3b0c44298fc1c149afbf4c8996fb92427ae41e4649b934ca495991b7852b855","phone_number":"e3b0c44298fc1c149afbf4c8996fb92427ae41e4649b934ca495991b7852b855","first_name":"e3b0c44298fc1c149afbf4c8996fb92427ae41e4649b934ca495991b7852b855","last_name":"e3b0c44298fc1c149afbf4c8996fb92427ae41e4649b934ca495991b7852b855","zip_code":"e3b0c44298fc1c149afbf4c8996fb92427ae41e4649b934ca495991b7852b855"},"page":{"url":"http:\/\/ibn-sinaa.com\/product\/computer-subject-records\/"}}]}
 ajax: no
2025-01-22T14:44:44+00:00 DEBUG Tt4b_Mapi_Class::mapi_post: Response: 

HTTP/1.1 200 OK
Server: nginx
Content-Type: application/json
Content-Length: 92
X-Tt-Logid: 20250122144443A9F13F0C8B15E0512BCC
x-tt-trace-host: 018e5a586174a888928d793bdac74b79b519a86797e72c2eba011e03e23beee17d784a0589fb435dbd8892ba86124a925fec6e5d38241fabae91a7685119f0b3df7f6e3aadc2a05040a10b1d85bc3362922ed766405393834bcb6f2fb27df751d662f2d79a4223b99e7966e8ecba2760c7
x-tt-trace-id: 00-250122144443A9F13F0C8B15E0512BCC-11A5F0309C47457F-00
X-Origin-Response-Time: 261,23.207.199.5
X-Akamai-Request-ID: a61f5ef.187793d4
Expires: Wed, 22 Jan 2025 14:44:44 GMT
Cache-Control: max-age=0, no-cache, no-store
Pragma: no-cache
Date: Wed, 22 Jan 2025 14:44:44 GMT
X-Cache: TCP_MISS from a95-101-134-116.deploy.akamaitechnologies.com (AkamaiGHost/11.8.0-1debf780f7d7c834933fa9689361eec6) (-)
Connection: close
X-Cache-Remote: TCP_MISS from a23-207-199-5.deploy.akamaitechnologies.com (AkamaiGHost/11.8.0-2d0f2d516c5d43e1487924a77ec5924a) (-)
x-tt-trace-tag: id=16;cdn-cache=miss;type=dyn
Server-Timing: cdn-cache; desc=MISS, edge; dur=85, origin; dur=261
Server-Timing: inner; dur=258
X-Parent-Response-Time: 343,95.101.134.116

{"code": 0, "message": "OK", "request_id": "20250122144443A9F13F0C8B15E0512BCC", "data": {}}
2025-01-22T14:44:44+00:00 DEBUG Tt4b_Pixel_Class::inject_view_content_event: hit ViewContent
2025-01-22T14:44:44+00:00 DEBUG POST: https://business-api.tiktok.com/open_api/v1.3/event/track/

{"partner_name":"WooCommerce","event_source":"web","event_source_id":"CSM79Q3C77UAG1T340I0","data":[{"event":"ViewContent","event_id":"6791045c4a1c9_tt4b_woocommerce_670666209cf1f_4179","event_time":1737557084,"user":{"ip":"62.210.13.154","user_agent":"WP Rocket\/Preload","locale":"ar","external_id":"0","email":"e3b0c44298fc1c149afbf4c8996fb92427ae41e4649b934ca495991b7852b855","phone_number":"e3b0c44298fc1c149afbf4c8996fb92427ae41e4649b934ca495991b7852b855","first_name":"e3b0c44298fc1c149afbf4c8996fb92427ae41e4649b934ca495991b7852b855","last_name":"e3b0c44298fc1c149afbf4c8996fb92427ae41e4649b934ca495991b7852b855","zip_code":"e3b0c44298fc1c149afbf4c8996fb92427ae41e4649b934ca495991b7852b855"},"properties":{"contents":[{"price":65,"quantity":1,"content_id":"4179","content_name":"\u0633\u062c\u0644\u0627\u062a \u0645\u0627\u062f\u0629 \u0627\u0644\u062d\u0627\u0633\u0628 \u0627\u0644\u0627\u0644\u064a","description":". \u0637\u0628\u0627\u0639\u0647 \u0633\u062c\u0644\u0627\u062a \u0645\u062f\u0631\u0633\u064a\u0629 \u0627\u062d\u062a\u0631\u0627\u0641\u064a\u0629 \u062e\u0627\u0645\u062a\u0647\u0627 \u0643\u0631\u062a\u0648\u0646 2000 \u062c\u0631\u0627\u0645,\u062a\u0636\u0627\u0641 \u0637\u0628\u0642\u0629 \u062d\u0645\u0627\u064a\u0647 \u0627\u0633\u062a\u064a\u0643\u0631 \u0645\u0639 \u0633\u0644\u0648\u0641\u0627\u0646 \u0644\u0627\u0645\u0639.\r\n. \u0645\u062a\u0648\u0641\u0631 \u0628 \u0627\u062d\u062c\u0627\u0645 \u0645\u062e\u062a\u0644\u0641\u0647 ( \u0635\u063a\u064a\u0631, \u0648\u0633\u0637 , \u0643\u0628\u064a\u0631 ).\r\n. \u064a\u062a\u0633\u0639 \u0627\u0644\u0645\u0642\u0627\u0633 \u0627\u0644\u0635\u063a\u064a\u0631 ( \u0645\u0646 50 \u0627\u0644\u0649 150 \u0648\u0631\u0642\u0629 )\r\n. \u064a\u062a\u0633\u0639 \u0627\u0644\u0648\u0633\u0637 ( \u0645\u0646 150 \u0627\u0644\u0649 300 \u0648\u0631\u0642\u0629 )\r\n. \u0627\u0644\u0643\u0628\u064a\u0631 ( \u0645\u0646 300 \u0627\u0644\u0649 400 \u0648\u0631\u0642\u0629 ).\r\n. \u0645\u062f\u0629 \u0627\u0644\u062a\u0646\u0641\u064a\u0630 : 3-5 \u0627\u064a\u0627\u0645 \u0648\u062a\u0632\u064a\u062f \u0627\u0644\u0645\u062f\u0629 \u0639\u0646 \u0637\u0644\u0628 \u0627\u0644\u0634\u062d\u0646.","availability":"IN_STOCK","sale_price":65,"on_sale":false}],"content_type":"product","currency":"SAR","value":65,"event_trigger_source":"WooCommerce"},"page":{"url":"http:\/\/ibn-sinaa.com\/product\/computer-subject-records\/"}}]}
 ajax: no
2025-01-22T14:44:44+00:00 DEBUG Tt4b_Mapi_Class::mapi_post: Response: 

HTTP/1.1 200 OK
Server: nginx
Content-Type: application/json
Content-Length: 92
X-Tt-Logid: 20250122144444EA02DBA4CF56ACEA5947
x-tt-trace-host: 018e5a586174a888928d793bdac74b79b5b3c46136d344bf46da72cca5a862092ed7e49f3a168bfa94eef32c8543693d4d89fe5f0a530c9aed87563c4211d45e7fda16ee4f2d53ee2dc260483c67d871eccd199669de105a722777b5d3de7c74f286e04df7b64907052dbe665b6d276a2e
x-tt-trace-id: 00-250122144444EA02DBA4CF56ACEA5947-396E30CA6889B5C5-00
X-Origin-Response-Time: 24,23.213.246.228
X-Akamai-Request-ID: 72c2b51d.756ce38
Expires: Wed, 22 Jan 2025 14:44:44 GMT
Cache-Control: max-age=0, no-cache, no-store
Pragma: no-cache
Date: Wed, 22 Jan 2025 14:44:44 GMT
X-Cache: TCP_MISS from a95-101-134-30.deploy.akamaitechnologies.com (AkamaiGHost/11.8.0-1debf780f7d7c834933fa9689361eec6) (-)
Connection: close
X-Cache-Remote: TCP_MISS from a23-213-246-228.deploy.akamaitechnologies.com (AkamaiGHost/11.8.0-1debf780f7d7c834933fa9689361eec6) (-)
x-tt-trace-tag: id=16;cdn-cache=miss;type=dyn
Server-Timing: cdn-cache; desc=MISS, edge; dur=90, origin; dur=24
Server-Timing: inner; dur=20
X-Parent-Response-Time: 106,95.101.134.30

{"code": 0, "message": "OK", "request_id": "20250122144444EA02DBA4CF56ACEA5947", "data": {}}
2025-01-22T14:44:45+00:00 DEBUG POST: https://business-api.tiktok.com/open_api/v1.3/event/track/

{"partner_name":"WooCommerce","event_source":"web","event_source_id":"CSM79Q3C77UAG1T340I0","data":[{"event":"Pageview","event_id":"6791045d36607_tt4b_woocommerce_670666209cf1f","event_time":1737557085,"user":{"ip":"62.210.13.154","user_agent":"WP Rocket\/Preload","locale":"ar","external_id":"0","email":"e3b0c44298fc1c149afbf4c8996fb92427ae41e4649b934ca495991b7852b855","phone_number":"e3b0c44298fc1c149afbf4c8996fb92427ae41e4649b934ca495991b7852b855","first_name":"e3b0c44298fc1c149afbf4c8996fb92427ae41e4649b934ca495991b7852b855","last_name":"e3b0c44298fc1c149afbf4c8996fb92427ae41e4649b934ca495991b7852b855","zip_code":"e3b0c44298fc1c149afbf4c8996fb92427ae41e4649b934ca495991b7852b855"},"page":{"url":"http:\/\/ibn-sinaa.com\/product\/biology-records\/"}}]}
 ajax: no
2025-01-22T14:44:45+00:00 DEBUG Tt4b_Mapi_Class::mapi_post: Response: 

HTTP/1.1 200 OK
Server: nginx
Content-Type: application/json
Content-Length: 92
X-Tt-Logid: 20250122144445DD6FF11B223C80F1C0E8
x-tt-trace-host: 018e5a586174a888928d793bdac74b79b5b3c46136d344bf46da72cca5a862092edf7a59084ff079170b75b555db085f80b1c2744decd504078d0fb7a0482a381cafb8e4cab80356abe195b733c99baba75dbc3e90b66f4bab719b5375b6641cce0ee57ab37614441088e2f834939ddf97
x-tt-trace-id: 00-250122144445DD6FF11B223C80F1C0E8-5986CB1D6B7F2042-00
X-Origin-Response-Time: 32,23.213.246.240
X-Akamai-Request-ID: bce1268f.756efa0
Expires: Wed, 22 Jan 2025 14:44:45 GMT
Cache-Control: max-age=0, no-cache, no-store
Pragma: no-cache
Date: Wed, 22 Jan 2025 14:44:45 GMT
X-Cache: TCP_MISS from a95-101-134-30.deploy.akamaitechnologies.com (AkamaiGHost/11.8.0-1debf780f7d7c834933fa9689361eec6) (-)
Connection: close
X-Cache-Remote: TCP_MISS from a23-213-246-240.deploy.akamaitechnologies.com (AkamaiGHost/11.8.0-1debf780f7d7c834933fa9689361eec6) (-)
x-tt-trace-tag: id=16;cdn-cache=miss;type=dyn
Server-Timing: cdn-cache; desc=MISS, edge; dur=118, origin; dur=32
Server-Timing: inner; dur=20
X-Parent-Response-Time: 146,95.101.134.30

{"code": 0, "message": "OK", "request_id": "20250122144445DD6FF11B223C80F1C0E8", "data": {}}
2025-01-22T14:44:45+00:00 DEBUG Tt4b_Pixel_Class::inject_view_content_event: hit ViewContent
2025-01-22T14:44:45+00:00 DEBUG POST: https://business-api.tiktok.com/open_api/v1.3/event/track/

{"partner_name":"WooCommerce","event_source":"web","event_source_id":"CSM79Q3C77UAG1T340I0","data":[{"event":"ViewContent","event_id":"6791045d82f59_tt4b_woocommerce_670666209cf1f_4173","event_time":1737557085,"user":{"ip":"62.210.13.154","user_agent":"WP Rocket\/Preload","locale":"ar","external_id":"0","email":"e3b0c44298fc1c149afbf4c8996fb92427ae41e4649b934ca495991b7852b855","phone_number":"e3b0c44298fc1c149afbf4c8996fb92427ae41e4649b934ca495991b7852b855","first_name":"e3b0c44298fc1c149afbf4c8996fb92427ae41e4649b934ca495991b7852b855","last_name":"e3b0c44298fc1c149afbf4c8996fb92427ae41e4649b934ca495991b7852b855","zip_code":"e3b0c44298fc1c149afbf4c8996fb92427ae41e4649b934ca495991b7852b855"},"properties":{"contents":[{"price":65,"quantity":1,"content_id":"4173","content_name":"\u0633\u062c\u0644\u0627\u062a \u0645\u0627\u062f\u0629 \u0627\u0644\u0627\u062d\u064a\u0627\u0621","description":". \u0637\u0628\u0627\u0639\u0647 \u0633\u062c\u0644\u0627\u062a \u0645\u062f\u0631\u0633\u064a\u0629 \u0627\u062d\u062a\u0631\u0627\u0641\u064a\u0629 \u062e\u0627\u0645\u062a\u0647\u0627 \u0643\u0631\u062a\u0648\u0646 2000 \u062c\u0631\u0627\u0645,\u062a\u0636\u0627\u0641 \u0637\u0628\u0642\u0629 \u062d\u0645\u0627\u064a\u0647 \u0627\u0633\u062a\u064a\u0643\u0631 \u0645\u0639 \u0633\u0644\u0648\u0641\u0627\u0646 \u0644\u0627\u0645\u0639.\r\n. \u0645\u062a\u0648\u0641\u0631 \u0628 \u0627\u062d\u062c\u0627\u0645 \u0645\u062e\u062a\u0644\u0641\u0647 ( \u0635\u063a\u064a\u0631, \u0648\u0633\u0637 , \u0643\u0628\u064a\u0631 ).\r\n. \u064a\u062a\u0633\u0639 \u0627\u0644\u0645\u0642\u0627\u0633 \u0627\u0644\u0635\u063a\u064a\u0631 ( \u0645\u0646 50 \u0627\u0644\u0649 150 \u0648\u0631\u0642\u0629 )\r\n. \u064a\u062a\u0633\u0639 \u0627\u0644\u0648\u0633\u0637 ( \u0645\u0646 150 \u0627\u0644\u0649 300 \u0648\u0631\u0642\u0629 )\r\n. \u0627\u0644\u0643\u0628\u064a\u0631 ( \u0645\u0646 300 \u0627\u0644\u0649 400 \u0648\u0631\u0642\u0629 ).\r\n. \u0645\u062f\u0629 \u0627\u0644\u062a\u0646\u0641\u064a\u0630 : 3-5 \u0627\u064a\u0627\u0645 \u0648\u062a\u0632\u064a\u062f \u0627\u0644\u0645\u062f\u0629 \u0639\u0646 \u0637\u0644\u0628 \u0627\u0644\u0634\u062d\u0646.","availability":"IN_STOCK","sale_price":65,"on_sale":false}],"content_type":"product","currency":"SAR","value":65,"event_trigger_source":"WooCommerce"},"page":{"url":"http:\/\/ibn-sinaa.com\/product\/biology-records\/"}}]}
 ajax: no
2025-01-22T14:44:45+00:00 DEBUG Tt4b_Mapi_Class::mapi_post: Response: 

HTTP/1.1 200 OK
Server: nginx
Content-Type: application/json
Content-Length: 92
X-Tt-Logid: 202501221444455C7A2AA358C44FD387E5
x-tt-trace-host: 018e5a586174a888928d793bdac74b79b52a36c08622bbc2ac99357be22beb959a09f6753c45c0875e25089ace9e91a2fefccc3c53ef7b7771ab0f7ae227aeece8304469162fbc9d113d7f1c2868ebb173bafbace60c3089f58849fe9267dd4f77e9bbff183aeb5b280b754958740cdbca
x-tt-trace-id: 00-2501221444455C7A2AA358C44FD387E5-4F003B1933128D32-00
X-Origin-Response-Time: 33,23.32.17.13
X-Akamai-Request-ID: 4a3e50.117a9f9b
Expires: Wed, 22 Jan 2025 14:44:45 GMT
Cache-Control: max-age=0, no-cache, no-store
Pragma: no-cache
Date: Wed, 22 Jan 2025 14:44:45 GMT
X-Cache: TCP_MISS from a95-101-134-36.deploy.akamaitechnologies.com (AkamaiGHost/11.8.0-1debf780f7d7c834933fa9689361eec6) (-)
Connection: close
X-Cache-Remote: TCP_MISS from a23-32-17-13.deploy.akamaitechnologies.com (AkamaiGHost/11.8.0-2d0f2d516c5d43e1487924a77ec5924a) (-)
x-tt-trace-tag: id=16;cdn-cache=miss;type=dyn
Server-Timing: cdn-cache; desc=MISS, edge; dur=93, origin; dur=33
Server-Timing: inner; dur=28
X-Parent-Response-Time: 117,95.101.134.36

{"code": 0, "message": "OK", "request_id": "202501221444455C7A2AA358C44FD387E5", "data": {}}
2025-01-22T14:44:47+00:00 DEBUG POST: https://business-api.tiktok.com/open_api/v1.3/event/track/

{"partner_name":"WooCommerce","event_source":"web","event_source_id":"CSM79Q3C77UAG1T340I0","data":[{"event":"Pageview","event_id":"6791045f24b15_tt4b_woocommerce_670666209cf1f","event_time":1737557087,"user":{"ip":"62.210.13.154","user_agent":"WP Rocket\/Preload","locale":"ar","external_id":"0","email":"e3b0c44298fc1c149afbf4c8996fb92427ae41e4649b934ca495991b7852b855","phone_number":"e3b0c44298fc1c149afbf4c8996fb92427ae41e4649b934ca495991b7852b855","first_name":"e3b0c44298fc1c149afbf4c8996fb92427ae41e4649b934ca495991b7852b855","last_name":"e3b0c44298fc1c149afbf4c8996fb92427ae41e4649b934ca495991b7852b855","zip_code":"e3b0c44298fc1c149afbf4c8996fb92427ae41e4649b934ca495991b7852b855"},"page":{"url":"http:\/\/ibn-sinaa.com\/product\/english-language-subject-records\/"}}]}
 ajax: no
2025-01-22T14:44:47+00:00 DEBUG Tt4b_Mapi_Class::mapi_post: Response: 

HTTP/1.1 200 OK
Server: nginx
Content-Type: application/json
Content-Length: 92
X-Tt-Logid: 20250122144447E84A40AD21572753D878
x-tt-trace-host: 018e5a586174a888928d793bdac74b79b52a36c08622bbc2ac99357be22beb959a5282294b7c3f72560c6715733a39a886fec134d49521b8505d85a33828301f3fed23e39b844e895d63d1f0ce3d2377e9b541412045a8293aa4fb91153ef80a85ca75d72f3a97a023ec217e1fcad4946c
x-tt-trace-id: 00-250122144447E84A40AD21572753D878-62C05A4E6F243804-00
X-Origin-Response-Time: 26,23.218.219.18
X-Akamai-Request-ID: 736444b.117acef9
Expires: Wed, 22 Jan 2025 14:44:47 GMT
Cache-Control: max-age=0, no-cache, no-store
Pragma: no-cache
Date: Wed, 22 Jan 2025 14:44:47 GMT
X-Cache: TCP_MISS from a95-101-134-36.deploy.akamaitechnologies.com (AkamaiGHost/11.8.0-1debf780f7d7c834933fa9689361eec6) (-)
Connection: close
X-Cache-Remote: TCP_MISS from a23-218-219-18.deploy.akamaitechnologies.com (AkamaiGHost/11.8.0-1debf780f7d7c834933fa9689361eec6) (-)
x-tt-trace-tag: id=16;cdn-cache=miss;type=dyn
Server-Timing: cdn-cache; desc=MISS, edge; dur=86, origin; dur=25
Server-Timing: inner; dur=23
X-Parent-Response-Time: 106,95.101.134.36

{"code": 0, "message": "OK", "request_id": "20250122144447E84A40AD21572753D878", "data": {}}
2025-01-22T14:44:47+00:00 DEBUG Tt4b_Pixel_Class::inject_view_content_event: hit ViewContent
2025-01-22T14:44:47+00:00 DEBUG POST: https://business-api.tiktok.com/open_api/v1.3/event/track/

{"partner_name":"WooCommerce","event_source":"web","event_source_id":"CSM79Q3C77UAG1T340I0","data":[{"event":"ViewContent","event_id":"6791045f79f62_tt4b_woocommerce_670666209cf1f_4157","event_time":1737557087,"user":{"ip":"62.210.13.154","user_agent":"WP Rocket\/Preload","locale":"ar","external_id":"0","email":"e3b0c44298fc1c149afbf4c8996fb92427ae41e4649b934ca495991b7852b855","phone_number":"e3b0c44298fc1c149afbf4c8996fb92427ae41e4649b934ca495991b7852b855","first_name":"e3b0c44298fc1c149afbf4c8996fb92427ae41e4649b934ca495991b7852b855","last_name":"e3b0c44298fc1c149afbf4c8996fb92427ae41e4649b934ca495991b7852b855","zip_code":"e3b0c44298fc1c149afbf4c8996fb92427ae41e4649b934ca495991b7852b855"},"properties":{"contents":[{"price":65,"quantity":1,"content_id":"4157","content_name":"\u0633\u062c\u0644\u0627\u062a \u0645\u0627\u062f\u0629 \u0627\u0644\u0644\u063a\u0629 \u0627\u0644\u0627\u0646\u062c\u0644\u064a\u0632\u064a\u0629","description":". \u0637\u0628\u0627\u0639\u0647 \u0633\u062c\u0644\u0627\u062a \u0645\u062f\u0631\u0633\u064a\u0629 \u0627\u062d\u062a\u0631\u0627\u0641\u064a\u0629 \u062e\u0627\u0645\u062a\u0647\u0627 \u0643\u0631\u062a\u0648\u0646 2000 \u062c\u0631\u0627\u0645,\u062a\u0636\u0627\u0641 \u0637\u0628\u0642\u0629 \u062d\u0645\u0627\u064a\u0647 \u0627\u0633\u062a\u064a\u0643\u0631 \u0645\u0639 \u0633\u0644\u0648\u0641\u0627\u0646 \u0644\u0627\u0645\u0639.\r\n. \u0645\u062a\u0648\u0641\u0631 \u0628 \u0627\u062d\u062c\u0627\u0645 \u0645\u062e\u062a\u0644\u0641\u0647 ( \u0635\u063a\u064a\u0631, \u0648\u0633\u0637 , \u0643\u0628\u064a\u0631 ).\r\n. \u064a\u062a\u0633\u0639 \u0627\u0644\u0645\u0642\u0627\u0633 \u0627\u0644\u0635\u063a\u064a\u0631 ( \u0645\u0646 50 \u0627\u0644\u0649 150 \u0648\u0631\u0642\u0629 )\r\n. \u064a\u062a\u0633\u0639 \u0627\u0644\u0648\u0633\u0637 ( \u0645\u0646 150 \u0627\u0644\u0649 300 \u0648\u0631\u0642\u0629 )\r\n. \u0627\u0644\u0643\u0628\u064a\u0631 ( \u0645\u0646 300 \u0627\u0644\u0649 400 \u0648\u0631\u0642\u0629 ).\r\n. \u0645\u062f\u0629 \u0627\u0644\u062a\u0646\u0641\u064a\u0630 : 3-5 \u0627\u064a\u0627\u0645 \u0648\u062a\u0632\u064a\u062f \u0627\u0644\u0645\u062f\u0629 \u0639\u0646 \u0637\u0644\u0628 \u0627\u0644\u0634\u062d\u0646.","availability":"IN_STOCK","sale_price":65,"on_sale":false}],"content_type":"product","currency":"SAR","value":65,"event_trigger_source":"WooCommerce"},"page":{"url":"http:\/\/ibn-sinaa.com\/product\/english-language-subject-records\/"}}]}
 ajax: no
2025-01-22T14:44:47+00:00 DEBUG Tt4b_Mapi_Class::mapi_post: Response: 

HTTP/1.1 200 OK
Server: nginx
Content-Type: application/json
Content-Length: 92
X-Tt-Logid: 20250122144447B688822D8C8E5B5EFF8E
x-tt-trace-host: 018e5a586174a888928d793bdac74b79b5b3c46136d344bf46da72cca5a862092e7b2d4d4775d527df840008e01ab160a374dc61782b46802516dc8db9249044fa1f91af207b46a8c550896b74285da808eb63a283a769dc434592727846336a02d45260f93006d7ff7c51fcccca359d18
x-tt-trace-id: 00-250122144447B688822D8C8E5B5EFF8E-2FE9B8E0ADC1B758-00
X-Origin-Response-Time: 30,23.207.199.41
X-Akamai-Request-ID: 9c6c5b9.7573e33
Expires: Wed, 22 Jan 2025 14:44:47 GMT
Cache-Control: max-age=0, no-cache, no-store
Pragma: no-cache
Date: Wed, 22 Jan 2025 14:44:47 GMT
X-Cache: TCP_MISS from a95-101-134-30.deploy.akamaitechnologies.com (AkamaiGHost/11.8.0-1debf780f7d7c834933fa9689361eec6) (-)
Connection: close
X-Cache-Remote: TCP_MISS from a23-207-199-41.deploy.akamaitechnologies.com (AkamaiGHost/11.8.0-2d0f2d516c5d43e1487924a77ec5924a) (-)
x-tt-trace-tag: id=16;cdn-cache=miss;type=dyn
Server-Timing: cdn-cache; desc=MISS, edge; dur=94, origin; dur=30
Server-Timing: inner; dur=27
X-Parent-Response-Time: 112,95.101.134.30

{"code": 0, "message": "OK", "request_id": "20250122144447B688822D8C8E5B5EFF8E", "data": {}}
2025-01-22T14:44:48+00:00 DEBUG POST: https://business-api.tiktok.com/open_api/v1.3/event/track/

{"partner_name":"WooCommerce","event_source":"web","event_source_id":"CSM79Q3C77UAG1T340I0","data":[{"event":"Pageview","event_id":"67910460bbe18_tt4b_woocommerce_670666209cf1f","event_time":1737557088,"user":{"ip":"62.210.13.154","user_agent":"WP Rocket\/Preload","locale":"ar","external_id":"0","email":"e3b0c44298fc1c149afbf4c8996fb92427ae41e4649b934ca495991b7852b855","phone_number":"e3b0c44298fc1c149afbf4c8996fb92427ae41e4649b934ca495991b7852b855","first_name":"e3b0c44298fc1c149afbf4c8996fb92427ae41e4649b934ca495991b7852b855","last_name":"e3b0c44298fc1c149afbf4c8996fb92427ae41e4649b934ca495991b7852b855","zip_code":"e3b0c44298fc1c149afbf4c8996fb92427ae41e4649b934ca495991b7852b855"},"page":{"url":"http:\/\/ibn-sinaa.com\/product\/school-records-arabic-language-subject\/"}}]}
 ajax: no
2025-01-22T14:44:48+00:00 DEBUG Tt4b_Mapi_Class::mapi_post: Response: 

HTTP/1.1 200 OK
Server: nginx
Content-Type: application/json
Content-Length: 92
X-Tt-Logid: 202501221444481284ACA309EFF8115459
x-tt-trace-host: 018e5a586174a888928d793bdac74b79b52a36c08622bbc2ac99357be22beb959a1d8bd64ed4bb908f10316c006bc69d12f517886768a38347dfd364ce04006c997513cc5166134ea08fb0ccbd8ba35e1508abfe75dbfd8a0a6c3f94f8256ae14c0d14e8adacdf9f9e4672b05c3d954e91
x-tt-trace-id: 00-2501221444481284ACA309EFF8115459-58C16DD14CEABE1E-00
X-Origin-Response-Time: 46,23.218.219.24
X-Akamai-Request-ID: 1b0a640.117afd28
Expires: Wed, 22 Jan 2025 14:44:48 GMT
Cache-Control: max-age=0, no-cache, no-store
Pragma: no-cache
Date: Wed, 22 Jan 2025 14:44:48 GMT
X-Cache: TCP_MISS from a95-101-134-36.deploy.akamaitechnologies.com (AkamaiGHost/11.8.0-1debf780f7d7c834933fa9689361eec6) (-)
Connection: close
X-Cache-Remote: TCP_MISS from a23-218-219-24.deploy.akamaitechnologies.com (AkamaiGHost/11.8.0-1debf780f7d7c834933fa9689361eec6) (-)
x-tt-trace-tag: id=16;cdn-cache=miss;type=dyn
Server-Timing: cdn-cache; desc=MISS, edge; dur=93, origin; dur=46
Server-Timing: inner; dur=41
X-Parent-Response-Time: 135,95.101.134.36

{"code": 0, "message": "OK", "request_id": "202501221444481284ACA309EFF8115459", "data": {}}
2025-01-22T14:44:49+00:00 DEBUG Tt4b_Pixel_Class::inject_view_content_event: hit ViewContent
2025-01-22T14:44:49+00:00 DEBUG POST: https://business-api.tiktok.com/open_api/v1.3/event/track/

{"partner_name":"WooCommerce","event_source":"web","event_source_id":"CSM79Q3C77UAG1T340I0","data":[{"event":"ViewContent","event_id":"6791046130747_tt4b_woocommerce_670666209cf1f_4139","event_time":1737557089,"user":{"ip":"62.210.13.154","user_agent":"WP Rocket\/Preload","locale":"ar","external_id":"0","email":"e3b0c44298fc1c149afbf4c8996fb92427ae41e4649b934ca495991b7852b855","phone_number":"e3b0c44298fc1c149afbf4c8996fb92427ae41e4649b934ca495991b7852b855","first_name":"e3b0c44298fc1c149afbf4c8996fb92427ae41e4649b934ca495991b7852b855","last_name":"e3b0c44298fc1c149afbf4c8996fb92427ae41e4649b934ca495991b7852b855","zip_code":"e3b0c44298fc1c149afbf4c8996fb92427ae41e4649b934ca495991b7852b855"},"properties":{"contents":[{"price":65,"quantity":1,"content_id":"4139","content_name":"\u0633\u062c\u0644\u0627\u062a \u0645\u0627\u062f\u0629 \u0627\u0644\u0644\u063a\u0629 \u0627\u0644\u0639\u0631\u0628\u064a\u0629","description":". \u0637\u0628\u0627\u0639\u0647 \u0633\u062c\u0644\u0627\u062a \u0645\u062f\u0631\u0633\u064a\u0629 \u0627\u062d\u062a\u0631\u0627\u0641\u064a\u0629 \u062e\u0627\u0645\u062a\u0647\u0627 \u0643\u0631\u062a\u0648\u0646 2000 \u062c\u0631\u0627\u0645,\u062a\u0636\u0627\u0641 \u0637\u0628\u0642\u0629 \u062d\u0645\u0627\u064a\u0647 \u0627\u0633\u062a\u064a\u0643\u0631 \u0645\u0639 \u0633\u0644\u0648\u0641\u0627\u0646 \u0644\u0627\u0645\u0639.\r\n. \u0645\u062a\u0648\u0641\u0631 \u0628 \u0627\u062d\u062c\u0627\u0645 \u0645\u062e\u062a\u0644\u0641\u0647 ( \u0635\u063a\u064a\u0631, \u0648\u0633\u0637 , \u0643\u0628\u064a\u0631 ).\r\n. \u064a\u062a\u0633\u0639 \u0627\u0644\u0645\u0642\u0627\u0633 \u0627\u0644\u0635\u063a\u064a\u0631 ( \u0645\u0646 50 \u0627\u0644\u0649 150 \u0648\u0631\u0642\u0629 )\r\n. \u064a\u062a\u0633\u0639 \u0627\u0644\u0648\u0633\u0637 ( \u0645\u0646 150 \u0627\u0644\u0649 300 \u0648\u0631\u0642\u0629 )\r\n. \u0627\u0644\u0643\u0628\u064a\u0631 ( \u0645\u0646 300 \u0627\u0644\u0649 400 \u0648\u0631\u0642\u0629 ).\r\n. \u0645\u062f\u0629 \u0627\u0644\u062a\u0646\u0641\u064a\u0630 : 3-5 \u0627\u064a\u0627\u0645 \u0648\u062a\u0632\u064a\u062f \u0627\u0644\u0645\u062f\u0629 \u0639\u0646 \u0637\u0644\u0628 \u0627\u0644\u0634\u062d\u0646.","availability":"IN_STOCK","sale_price":65,"on_sale":false}],"content_type":"product","currency":"SAR","value":65,"event_trigger_source":"WooCommerce"},"page":{"url":"http:\/\/ibn-sinaa.com\/product\/school-records-arabic-language-subject\/"}}]}
 ajax: no
2025-01-22T14:44:49+00:00 DEBUG Tt4b_Mapi_Class::mapi_post: Response: 

HTTP/1.1 200 OK
Server: nginx
Content-Type: application/json
Content-Length: 92
X-Tt-Logid: 202501221444497C9442C59A43BEE4DD90
Server-Timing: inner; dur=121
x-tt-trace-host: 018e5a586174a888928d793bdac74b79b546481499826e61e341177deeedfd94a474a0af7719b99d1034edb0719915fca54504bcf403a61232c24cee875f1109f50cdb029176d21f40b12225f097cabb9bef614f8e2d4b76e8b0985f2e5cd3c373
x-tt-trace-id: 00-2501221444497C9442C59A43BEE4DD90-2292339163F59D55-00
Expires: Wed, 22 Jan 2025 14:44:49 GMT
Cache-Control: max-age=0, no-cache, no-store
Pragma: no-cache
Date: Wed, 22 Jan 2025 14:44:49 GMT
X-Cache: TCP_MISS from a95-101-134-30.deploy.akamaitechnologies.com (AkamaiGHost/11.8.0-1debf780f7d7c834933fa9689361eec6) (-)
Connection: close
x-tt-trace-tag: id=16;cdn-cache=miss;type=dyn
Server-Timing: cdn-cache; desc=MISS, edge; dur=8, origin; dur=201
X-Origin-Response-Time: 201,95.101.134.30
X-Akamai-Request-ID: 75777b7

{"code": 0, "message": "OK", "request_id": "202501221444497C9442C59A43BEE4DD90", "data": {}}
2025-01-22T14:44:50+00:00 DEBUG POST: https://business-api.tiktok.com/open_api/v1.3/event/track/

{"partner_name":"WooCommerce","event_source":"web","event_source_id":"CSM79Q3C77UAG1T340I0","data":[{"event":"Pageview","event_id":"6791046250947_tt4b_woocommerce_670666209cf1f","event_time":1737557090,"user":{"ip":"62.210.13.154","user_agent":"WP Rocket\/Preload","locale":"ar","external_id":"0","email":"e3b0c44298fc1c149afbf4c8996fb92427ae41e4649b934ca495991b7852b855","phone_number":"e3b0c44298fc1c149afbf4c8996fb92427ae41e4649b934ca495991b7852b855","first_name":"e3b0c44298fc1c149afbf4c8996fb92427ae41e4649b934ca495991b7852b855","last_name":"e3b0c44298fc1c149afbf4c8996fb92427ae41e4649b934ca495991b7852b855","zip_code":"e3b0c44298fc1c149afbf4c8996fb92427ae41e4649b934ca495991b7852b855"},"page":{"url":"http:\/\/ibn-sinaa.com\/product\/school-records-physics\/"}}]}
 ajax: no
2025-01-22T14:44:50+00:00 DEBUG Tt4b_Mapi_Class::mapi_post: Response: 

HTTP/1.1 200 OK
Server: nginx
Content-Type: application/json
Content-Length: 92
X-Tt-Logid: 20250122144450AA6863D09CC562164126
Server-Timing: inner; dur=170
x-tt-trace-host: 018e5a586174a888928d793bdac74b79b546481499826e61e341177deeedfd94a436c7a0b445001dbda8c1bdedc3e42eca8207dc892017791b54540b1a4fb8c7e00aeb092fc80991223e660f6a97e83c288b16203119205e4fa83b1ba537e1a8b6
x-tt-trace-id: 00-250122144450AA6863D09CC562164126-51D17CD47AF98FDB-00
Expires: Wed, 22 Jan 2025 14:44:50 GMT
Cache-Control: max-age=0, no-cache, no-store
Pragma: no-cache
Date: Wed, 22 Jan 2025 14:44:50 GMT
X-Cache: TCP_MISS from a95-101-134-30.deploy.akamaitechnologies.com (AkamaiGHost/11.8.0-1debf780f7d7c834933fa9689361eec6) (-)
Connection: close
x-tt-trace-tag: id=16;cdn-cache=miss;type=dyn
Server-Timing: cdn-cache; desc=MISS, edge; dur=5, origin; dur=249
X-Origin-Response-Time: 250,95.101.134.30
X-Akamai-Request-ID: 7579dcd

{"code": 0, "message": "OK", "request_id": "20250122144450AA6863D09CC562164126", "data": {}}
2025-01-22T14:44:50+00:00 DEBUG Tt4b_Pixel_Class::inject_view_content_event: hit ViewContent
2025-01-22T14:44:50+00:00 DEBUG POST: https://business-api.tiktok.com/open_api/v1.3/event/track/

{"partner_name":"WooCommerce","event_source":"web","event_source_id":"CSM79Q3C77UAG1T340I0","data":[{"event":"ViewContent","event_id":"67910462aa38b_tt4b_woocommerce_670666209cf1f_4125","event_time":1737557090,"user":{"ip":"62.210.13.154","user_agent":"WP Rocket\/Preload","locale":"ar","external_id":"0","email":"e3b0c44298fc1c149afbf4c8996fb92427ae41e4649b934ca495991b7852b855","phone_number":"e3b0c44298fc1c149afbf4c8996fb92427ae41e4649b934ca495991b7852b855","first_name":"e3b0c44298fc1c149afbf4c8996fb92427ae41e4649b934ca495991b7852b855","last_name":"e3b0c44298fc1c149afbf4c8996fb92427ae41e4649b934ca495991b7852b855","zip_code":"e3b0c44298fc1c149afbf4c8996fb92427ae41e4649b934ca495991b7852b855"},"properties":{"contents":[{"price":65,"quantity":1,"content_id":"4125","content_name":"\u0633\u062c\u0644\u0627\u062a \u0645\u0627\u062f\u0629 \u0627\u0644\u0641\u064a\u0632\u064a\u0627\u0621","description":". \u0637\u0628\u0627\u0639\u0647 \u0633\u062c\u0644\u0627\u062a \u0645\u062f\u0631\u0633\u064a\u0629 \u0627\u062d\u062a\u0631\u0627\u0641\u064a\u0629 \u062e\u0627\u0645\u062a\u0647\u0627 \u0643\u0631\u062a\u0648\u0646 2000 \u062c\u0631\u0627\u0645,\u062a\u0636\u0627\u0641 \u0637\u0628\u0642\u0629 \u062d\u0645\u0627\u064a\u0647 \u0627\u0633\u062a\u064a\u0643\u0631 \u0645\u0639 \u0633\u0644\u0648\u0641\u0627\u0646 \u0644\u0627\u0645\u0639.\r\n. \u0645\u062a\u0648\u0641\u0631 \u0628 \u0627\u062d\u062c\u0627\u0645 \u0645\u062e\u062a\u0644\u0641\u0647 ( \u0635\u063a\u064a\u0631, \u0648\u0633\u0637 , \u0643\u0628\u064a\u0631 ).\r\n. \u064a\u062a\u0633\u0639 \u0627\u0644\u0645\u0642\u0627\u0633 \u0627\u0644\u0635\u063a\u064a\u0631 ( \u0645\u0646 50 \u0627\u0644\u0649 150 \u0648\u0631\u0642\u0629 )\r\n. \u064a\u062a\u0633\u0639 \u0627\u0644\u0648\u0633\u0637 ( \u0645\u0646 150 \u0627\u0644\u0649 300 \u0648\u0631\u0642\u0629 )\r\n. \u0627\u0644\u0643\u0628\u064a\u0631 ( \u0645\u0646 300 \u0627\u0644\u0649 400 \u0648\u0631\u0642\u0629 ).\r\n. \u0645\u062f\u0629 \u0627\u0644\u062a\u0646\u0641\u064a\u0630 : 3-5 \u0627\u064a\u0627\u0645 \u0648\u062a\u0632\u064a\u062f \u0627\u0644\u0645\u062f\u0629 \u0639\u0646 \u0637\u0644\u0628 \u0627\u0644\u0634\u062d\u0646.","availability":"IN_STOCK","sale_price":65,"on_sale":false}],"content_type":"product","currency":"SAR","value":65,"event_trigger_source":"WooCommerce"},"page":{"url":"http:\/\/ibn-sinaa.com\/product\/school-records-physics\/"}}]}
 ajax: no
2025-01-22T14:44:50+00:00 DEBUG Tt4b_Mapi_Class::mapi_post: Response: 

HTTP/1.1 200 OK
Server: nginx
Content-Type: application/json
Content-Length: 92
X-Tt-Logid: 202501221444506694B5071DBF4BDD782F
x-tt-trace-host: 018e5a586174a888928d793bdac74b79b519a86797e72c2eba011e03e23beee17d784a0589fb435dbd8892ba86124a925fcad7ff81e7dc9c056300ae59728dd599b83c2690a42d57964d6ce2e2f24a6638097fc7fcbb6d4aa7a85676b8da1d6fd5437b7d20c5d3507209bb98a01b7b3045
x-tt-trace-id: 00-2501221444506694B5071DBF4BDD782F-5FA8188481A8A48C-00
X-Origin-Response-Time: 32,23.207.199.5
X-Akamai-Request-ID: a6232fa.18787aa6
Expires: Wed, 22 Jan 2025 14:44:50 GMT
Cache-Control: max-age=0, no-cache, no-store
Pragma: no-cache
Date: Wed, 22 Jan 2025 14:44:50 GMT
X-Cache: TCP_MISS from a95-101-134-116.deploy.akamaitechnologies.com (AkamaiGHost/11.8.0-1debf780f7d7c834933fa9689361eec6) (-)
Connection: close
X-Cache-Remote: TCP_MISS from a23-207-199-5.deploy.akamaitechnologies.com (AkamaiGHost/11.8.0-2d0f2d516c5d43e1487924a77ec5924a) (-)
x-tt-trace-tag: id=16;cdn-cache=miss;type=dyn
Server-Timing: cdn-cache; desc=MISS, edge; dur=89, origin; dur=32
Server-Timing: inner; dur=26
X-Parent-Response-Time: 113,95.101.134.116

{"code": 0, "message": "OK", "request_id": "202501221444506694B5071DBF4BDD782F", "data": {}}
2025-01-22T14:44:51+00:00 DEBUG POST: https://business-api.tiktok.com/open_api/v1.3/event/track/

{"partner_name":"WooCommerce","event_source":"web","event_source_id":"CSM79Q3C77UAG1T340I0","data":[{"event":"Pageview","event_id":"679104639fc7f_tt4b_woocommerce_670666209cf1f","event_time":1737557091,"user":{"ip":"62.210.13.154","user_agent":"WP Rocket\/Preload","locale":"ar","external_id":"0","email":"e3b0c44298fc1c149afbf4c8996fb92427ae41e4649b934ca495991b7852b855","phone_number":"e3b0c44298fc1c149afbf4c8996fb92427ae41e4649b934ca495991b7852b855","first_name":"e3b0c44298fc1c149afbf4c8996fb92427ae41e4649b934ca495991b7852b855","last_name":"e3b0c44298fc1c149afbf4c8996fb92427ae41e4649b934ca495991b7852b855","zip_code":"e3b0c44298fc1c149afbf4c8996fb92427ae41e4649b934ca495991b7852b855"},"page":{"url":"http:\/\/ibn-sinaa.com\/product\/school-records-art-education\/"}}]}
 ajax: no
2025-01-22T14:44:51+00:00 DEBUG Tt4b_Mapi_Class::mapi_post: Response: 

HTTP/1.1 200 OK
Server: nginx
Content-Type: application/json
Content-Length: 92
X-Tt-Logid: 20250122144451E70BE4D19A39D754A5F3
x-tt-trace-host: 018e5a586174a888928d793bdac74b79b5b3c46136d344bf46da72cca5a862092e9dd545e610cb4ef6d5796792c2b59f8b63cabcfa2d60ca2861298caeac52c693b312808623ff07b3d1cc7c203930de020f15d0d7f09dcdf18c763a9f04742b9dff4e24ea8913d3c3f05c64e287a36e97
x-tt-trace-id: 00-250122144451E70BE4D19A39D754A5F3-1775E46380CA6957-00
X-Origin-Response-Time: 27,23.32.17.18
X-Akamai-Request-ID: 1e08763.757c70c
Expires: Wed, 22 Jan 2025 14:44:51 GMT
Cache-Control: max-age=0, no-cache, no-store
Pragma: no-cache
Date: Wed, 22 Jan 2025 14:44:51 GMT
X-Cache: TCP_MISS from a95-101-134-30.deploy.akamaitechnologies.com (AkamaiGHost/11.8.0-1debf780f7d7c834933fa9689361eec6) (-)
Connection: close
X-Cache-Remote: TCP_MISS from a23-32-17-18.deploy.akamaitechnologies.com (AkamaiGHost/11.8.0-1debf780f7d7c834933fa9689361eec6) (-)
x-tt-trace-tag: id=16;cdn-cache=miss;type=dyn
Server-Timing: cdn-cache; desc=MISS, edge; dur=91, origin; dur=27
Server-Timing: inner; dur=23
X-Parent-Response-Time: 112,95.101.134.30

{"code": 0, "message": "OK", "request_id": "20250122144451E70BE4D19A39D754A5F3", "data": {}}
2025-01-22T14:44:51+00:00 DEBUG Tt4b_Pixel_Class::inject_view_content_event: hit ViewContent
2025-01-22T14:44:51+00:00 DEBUG POST: https://business-api.tiktok.com/open_api/v1.3/event/track/

{"partner_name":"WooCommerce","event_source":"web","event_source_id":"CSM79Q3C77UAG1T340I0","data":[{"event":"ViewContent","event_id":"67910463d4449_tt4b_woocommerce_670666209cf1f_4111","event_time":1737557091,"user":{"ip":"62.210.13.154","user_agent":"WP Rocket\/Preload","locale":"ar","external_id":"0","email":"e3b0c44298fc1c149afbf4c8996fb92427ae41e4649b934ca495991b7852b855","phone_number":"e3b0c44298fc1c149afbf4c8996fb92427ae41e4649b934ca495991b7852b855","first_name":"e3b0c44298fc1c149afbf4c8996fb92427ae41e4649b934ca495991b7852b855","last_name":"e3b0c44298fc1c149afbf4c8996fb92427ae41e4649b934ca495991b7852b855","zip_code":"e3b0c44298fc1c149afbf4c8996fb92427ae41e4649b934ca495991b7852b855"},"properties":{"contents":[{"price":65,"quantity":1,"content_id":"4111","content_name":"\u0633\u062c\u0644\u0627\u062a \u0645\u0627\u062f\u0629 \u0627\u0644\u062a\u0631\u0628\u064a\u0629 \u0627\u0644\u0641\u0646\u064a\u0629","description":". \u0637\u0628\u0627\u0639\u0647 \u0633\u062c\u0644\u0627\u062a \u0645\u062f\u0631\u0633\u064a\u0629 \u0627\u062d\u062a\u0631\u0627\u0641\u064a\u0629 \u062e\u0627\u0645\u062a\u0647\u0627 \u0643\u0631\u062a\u0648\u0646 2000 \u062c\u0631\u0627\u0645,\u062a\u0636\u0627\u0641 \u0637\u0628\u0642\u0629 \u062d\u0645\u0627\u064a\u0647 \u0627\u0633\u062a\u064a\u0643\u0631 \u0645\u0639 \u0633\u0644\u0648\u0641\u0627\u0646 \u0644\u0627\u0645\u0639.\r\n. \u0645\u062a\u0648\u0641\u0631 \u0628 \u0627\u062d\u062c\u0627\u0645 \u0645\u062e\u062a\u0644\u0641\u0647 ( \u0635\u063a\u064a\u0631, \u0648\u0633\u0637 , \u0643\u0628\u064a\u0631 ).\r\n. \u064a\u062a\u0633\u0639 \u0627\u0644\u0645\u0642\u0627\u0633 \u0627\u0644\u0635\u063a\u064a\u0631 ( \u0645\u0646 50 \u0627\u0644\u0649 150 \u0648\u0631\u0642\u0629 )\r\n. \u064a\u062a\u0633\u0639 \u0627\u0644\u0648\u0633\u0637 ( \u0645\u0646 150 \u0627\u0644\u0649 300 \u0648\u0631\u0642\u0629 )\r\n. \u0627\u0644\u0643\u0628\u064a\u0631 ( \u0645\u0646 300 \u0627\u0644\u0649 400 \u0648\u0631\u0642\u0629 ).\r\n. \u0645\u062f\u0629 \u0627\u0644\u062a\u0646\u0641\u064a\u0630 : 3-5 \u0627\u064a\u0627\u0645 \u0648\u062a\u0632\u064a\u062f \u0627\u0644\u0645\u062f\u0629 \u0639\u0646 \u0637\u0644\u0628 \u0627\u0644\u0634\u062d\u0646.","availability":"IN_STOCK","sale_price":65,"on_sale":false}],"content_type":"product","currency":"SAR","value":65,"event_trigger_source":"WooCommerce"},"page":{"url":"http:\/\/ibn-sinaa.com\/product\/school-records-art-education\/"}}]}
 ajax: no
2025-01-22T14:44:52+00:00 DEBUG Tt4b_Mapi_Class::mapi_post: Response: 

HTTP/1.1 200 OK
Server: nginx
Content-Type: application/json
Content-Length: 92
X-Tt-Logid: 202501221444514C3C3CA7C983EE581666
x-tt-trace-host: 018e5a586174a888928d793bdac74b79b519a86797e72c2eba011e03e23beee17ddd399332df3c535577788db727d2fd731ba54185db181295e1d74782eb0919cea9be4edc486ae5275341708225ce05bab56769d572055164c4f2d9a3e3b1d0d646a6e963cba9dd7b0c1c3b12c3b1019f
x-tt-trace-id: 00-2501221444514C3C3CA7C983EE581666-27FFCEE7827453E3-00
X-Origin-Response-Time: 45,23.213.246.240
X-Akamai-Request-ID: bce2b145.1878a0e9
Expires: Wed, 22 Jan 2025 14:44:52 GMT
Cache-Control: max-age=0, no-cache, no-store
Pragma: no-cache
Date: Wed, 22 Jan 2025 14:44:52 GMT
X-Cache: TCP_MISS from a95-101-134-116.deploy.akamaitechnologies.com (AkamaiGHost/11.8.0-1debf780f7d7c834933fa9689361eec6) (-)
Connection: close
X-Cache-Remote: TCP_MISS from a23-213-246-240.deploy.akamaitechnologies.com (AkamaiGHost/11.8.0-1debf780f7d7c834933fa9689361eec6) (-)
x-tt-trace-tag: id=16;cdn-cache=miss;type=dyn
Server-Timing: cdn-cache; desc=MISS, edge; dur=179, origin; dur=41
Server-Timing: inner; dur=21
X-Parent-Response-Time: 193,95.101.134.116

{"code": 0, "message": "OK", "request_id": "202501221444514C3C3CA7C983EE581666", "data": {}}
2025-01-22T14:45:13+00:00 DEBUG POST: https://business-api.tiktok.com/open_api/v1.3/event/track/

{"partner_name":"WooCommerce","event_source":"web","event_source_id":"CSM79Q3C77UAG1T340I0","data":[{"event":"Pageview","event_id":"679104792ccd5_tt4b_woocommerce_670666209cf1f","event_time":1737557113,"user":{"ip":"69.30.195.178","user_agent":"GRequests\/0.10","locale":"ar","external_id":"0","email":"e3b0c44298fc1c149afbf4c8996fb92427ae41e4649b934ca495991b7852b855","phone_number":"e3b0c44298fc1c149afbf4c8996fb92427ae41e4649b934ca495991b7852b855","first_name":"e3b0c44298fc1c149afbf4c8996fb92427ae41e4649b934ca495991b7852b855","last_name":"e3b0c44298fc1c149afbf4c8996fb92427ae41e4649b934ca495991b7852b855","zip_code":"e3b0c44298fc1c149afbf4c8996fb92427ae41e4649b934ca495991b7852b855"},"page":{"url":"http:\/\/ibn-sinaa.com\/-\/-\/-\/-\/-\/-\/-\/-\/-\/-\/","referrer":"http:\/\/ibn-sinaa.com\/wp-login.php"}}]}
 ajax: no
2025-01-22T14:45:13+00:00 DEBUG Tt4b_Mapi_Class::mapi_post: Response: 

HTTP/1.1 200 OK
Server: nginx
Content-Type: application/json
Content-Length: 92
X-Tt-Logid: 2025012214451349803206DBA185541575
x-tt-trace-host: 018e5a586174a888928d793bdac74b79b5b3c46136d344bf46da72cca5a862092e5d406639f9a41f4c496f2eb45309bf2147a0144924e31c6e808ff7053cef97dc75323a912359f44fd0674576938e057cea4dcd4481d7630cd615ee33b4283f0bd097adc08b46865f4b902e13d62da2bc
x-tt-trace-id: 00-25012214451349803206DBA185541575-361609647F49F19E-00
X-Origin-Response-Time: 28,23.207.199.30
X-Akamai-Request-ID: 8ccf61f.75a5f17
Expires: Wed, 22 Jan 2025 14:45:13 GMT
Cache-Control: max-age=0, no-cache, no-store
Pragma: no-cache
Date: Wed, 22 Jan 2025 14:45:13 GMT
X-Cache: TCP_MISS from a95-101-134-30.deploy.akamaitechnologies.com (AkamaiGHost/11.8.0-1debf780f7d7c834933fa9689361eec6) (-)
Connection: close
X-Cache-Remote: TCP_MISS from a23-207-199-30.deploy.akamaitechnologies.com (AkamaiGHost/11.8.0-1debf780f7d7c834933fa9689361eec6) (-)
x-tt-trace-tag: id=16;cdn-cache=miss;type=dyn
Server-Timing: cdn-cache; desc=MISS, edge; dur=96, origin; dur=28
Server-Timing: inner; dur=25
X-Parent-Response-Time: 112,95.101.134.30

{"code": 0, "message": "OK", "request_id": "2025012214451349803206DBA185541575", "data": {}}
2025-01-22T14:45:16+00:00 DEBUG POST: https://business-api.tiktok.com/open_api/v1.3/event/track/

{"partner_name":"WooCommerce","event_source":"web","event_source_id":"CSM79Q3C77UAG1T340I0","data":[{"event":"Pageview","event_id":"6791047cd3030_tt4b_woocommerce_670666209cf1f","event_time":1737557116,"user":{"ip":"69.30.195.178","user_agent":"GRequests\/0.10","locale":"ar","external_id":"0","email":"e3b0c44298fc1c149afbf4c8996fb92427ae41e4649b934ca495991b7852b855","phone_number":"e3b0c44298fc1c149afbf4c8996fb92427ae41e4649b934ca495991b7852b855","first_name":"e3b0c44298fc1c149afbf4c8996fb92427ae41e4649b934ca495991b7852b855","last_name":"e3b0c44298fc1c149afbf4c8996fb92427ae41e4649b934ca495991b7852b855","zip_code":"e3b0c44298fc1c149afbf4c8996fb92427ae41e4649b934ca495991b7852b855"},"page":{"url":"http:\/\/ibn-sinaa.com\/-\/-\/-\/-\/-\/-\/-\/-\/-\/-\/","referrer":"http:\/\/ibn-sinaa.com\/wp-login.php"}}]}
 ajax: no
2025-01-22T14:45:17+00:00 DEBUG Tt4b_Mapi_Class::mapi_post: Response: 

HTTP/1.1 200 OK
Server: nginx
Content-Type: application/json
Content-Length: 92
X-Tt-Logid: 20250122144516EE32F6EC8B2070D0724E
x-tt-trace-host: 018e5a586174a888928d793bdac74b79b52a36c08622bbc2ac99357be22beb959a7b86c8c8a9385bc09b9316ec6d721e069f5000679f6a26731f4aa5d56a121a00587f6a3999fc77f05deb19640fb3bed985264d00bff5d6c5abbd75903b33690ec95e3f234a81aad2d6582f55049982e1
x-tt-trace-id: 00-250122144516EE32F6EC8B2070D0724E-7A2CD82B4C5065CA-00
X-Origin-Response-Time: 35,23.52.15.143
X-Akamai-Request-ID: dfb6ab0.117e598e
Expires: Wed, 22 Jan 2025 14:45:17 GMT
Cache-Control: max-age=0, no-cache, no-store
Pragma: no-cache
Date: Wed, 22 Jan 2025 14:45:17 GMT
X-Cache: TCP_MISS from a95-101-134-36.deploy.akamaitechnologies.com (AkamaiGHost/11.8.0-1debf780f7d7c834933fa9689361eec6) (-)
Connection: close
X-Cache-Remote: TCP_MISS from a23-52-15-143.deploy.akamaitechnologies.com (AkamaiGHost/11.8.0-1debf780f7d7c834933fa9689361eec6) (-)
x-tt-trace-tag: id=16;cdn-cache=miss;type=dyn
Server-Timing: cdn-cache; desc=MISS, edge; dur=89, origin; dur=35
Server-Timing: inner; dur=32
X-Parent-Response-Time: 117,95.101.134.36

{"code": 0, "message": "OK", "request_id": "20250122144516EE32F6EC8B2070D0724E", "data": {}}
2025-01-22T14:45:37+00:00 DEBUG POST: https://business-api.tiktok.com/open_api/v1.3/event/track/

{"partner_name":"WooCommerce","event_source":"web","event_source_id":"CSM79Q3C77UAG1T340I0","data":[{"event":"Pageview","event_id":"67910491dde76_tt4b_woocommerce_670666209cf1f","event_time":1737557137,"user":{"ip":"169.148.121.97","user_agent":"Mozilla\/5.0 (Windows NT 10.0; Win64; x64) AppleWebKit\/537.36 (KHTML, like Gecko) Chrome\/131.0.0.0 Safari\/537.36","locale":"ar","external_id":"0","ttp":"6L5T9_g5Phxb0bBgLgblrEF-dY8.tt.1","email":"e3b0c44298fc1c149afbf4c8996fb92427ae41e4649b934ca495991b7852b855","phone_number":"e3b0c44298fc1c149afbf4c8996fb92427ae41e4649b934ca495991b7852b855","first_name":"e3b0c44298fc1c149afbf4c8996fb92427ae41e4649b934ca495991b7852b855","last_name":"e3b0c44298fc1c149afbf4c8996fb92427ae41e4649b934ca495991b7852b855","zip_code":"e3b0c44298fc1c149afbf4c8996fb92427ae41e4649b934ca495991b7852b855"},"page":{"url":"http:\/\/www.ibn-sinaa.com\/"}}]}
 ajax: no
2025-01-22T14:45:38+00:00 DEBUG Tt4b_Mapi_Class::mapi_post: Response: 

HTTP/1.1 200 OK
Server: nginx
Content-Type: application/json
Content-Length: 92
X-Tt-Logid: 20250122144538F3CF8AADA351B7F35D5C
x-tt-trace-host: 018e5a586174a888928d793bdac74b79b56517d7628cf0ffdff56b078ad2cf56156d02a841a14db753079542a3212e190c99615a7bc264fc2a7fb096f8274240682fe3226812108c2f3181467f9b67ba8def71fae8505e6e09f8c1c2dad08c5a13a98edfe11dae3a8fee039d1a6b921f27
x-tt-trace-id: 00-250122144538F3CF8AADA351B7F35D5C-3DC89C73A49180C5-00
X-Origin-Response-Time: 42,23.207.199.47
X-Akamai-Request-ID: a9c73ca.7232c12
Expires: Wed, 22 Jan 2025 14:45:38 GMT
Cache-Control: max-age=0, no-cache, no-store
Pragma: no-cache
Date: Wed, 22 Jan 2025 14:45:38 GMT
X-Cache: TCP_MISS from a95-101-134-92.deploy.akamaitechnologies.com (AkamaiGHost/11.8.0-1debf780f7d7c834933fa9689361eec6) (-)
Connection: close
X-Cache-Remote: TCP_MISS from a23-207-199-47.deploy.akamaitechnologies.com (AkamaiGHost/11.8.0-1debf780f7d7c834933fa9689361eec6) (-)
x-tt-trace-tag: id=16;cdn-cache=miss;type=dyn
Server-Timing: cdn-cache; desc=MISS, edge; dur=93, origin; dur=42
Server-Timing: inner; dur=34
X-Parent-Response-Time: 130,95.101.134.92

{"code": 0, "message": "OK", "request_id": "20250122144538F3CF8AADA351B7F35D5C", "data": {}}
2025-01-22T14:45:44+00:00 DEBUG POST: https://business-api.tiktok.com/open_api/v1.3/event/track/

{"partner_name":"WooCommerce","event_source":"web","event_source_id":"CSM79Q3C77UAG1T340I0","data":[{"event":"Pageview","event_id":"6791049857a36_tt4b_woocommerce_670666209cf1f","event_time":1737557144,"user":{"ip":"62.210.13.154","user_agent":"WP Rocket\/Preload","locale":"ar","external_id":"0","email":"e3b0c44298fc1c149afbf4c8996fb92427ae41e4649b934ca495991b7852b855","phone_number":"e3b0c44298fc1c149afbf4c8996fb92427ae41e4649b934ca495991b7852b855","first_name":"e3b0c44298fc1c149afbf4c8996fb92427ae41e4649b934ca495991b7852b855","last_name":"e3b0c44298fc1c149afbf4c8996fb92427ae41e4649b934ca495991b7852b855","zip_code":"e3b0c44298fc1c149afbf4c8996fb92427ae41e4649b934ca495991b7852b855"},"page":{"url":"http:\/\/ibn-sinaa.com\/product\/school-records-physical-education\/"}}]}
 ajax: no
2025-01-22T14:45:44+00:00 DEBUG Tt4b_Mapi_Class::mapi_post: Response: 

HTTP/1.1 200 OK
Server: nginx
Content-Type: application/json
Content-Length: 92
X-Tt-Logid: 20250122144544A5EEBDF6FD99C3E9F674
x-tt-trace-host: 018e5a586174a888928d793bdac74b79b519a86797e72c2eba011e03e23beee17df622d25282f1d335fb16598a338d7c638fbac6ddfcc3c2be8a48eb720ea3d221f9073309b07a89fe31411435e2b3298c10e46b3c7c5c1b9eb9a0e7dc9d3e7a4686f19a43f062db522cf20faf8bbedf6a
x-tt-trace-id: 00-250122144544A5EEBDF6FD99C3E9F674-51D515A17BD509B0-00
X-Origin-Response-Time: 77,23.218.219.30
X-Akamai-Request-ID: 6a13030.187f6ebe
Expires: Wed, 22 Jan 2025 14:45:44 GMT
Cache-Control: max-age=0, no-cache, no-store
Pragma: no-cache
Date: Wed, 22 Jan 2025 14:45:44 GMT
X-Cache: TCP_MISS from a95-101-134-116.deploy.akamaitechnologies.com (AkamaiGHost/11.8.0-1debf780f7d7c834933fa9689361eec6) (-)
Connection: close
X-Cache-Remote: TCP_MISS from a23-218-219-30.deploy.akamaitechnologies.com (AkamaiGHost/11.8.0-1debf780f7d7c834933fa9689361eec6) (-)
x-tt-trace-tag: id=16;cdn-cache=miss;type=dyn
Server-Timing: cdn-cache; desc=MISS, edge; dur=86, origin; dur=77
Server-Timing: inner; dur=74
X-Parent-Response-Time: 158,95.101.134.116

{"code": 0, "message": "OK", "request_id": "20250122144544A5EEBDF6FD99C3E9F674", "data": {}}
2025-01-22T14:45:44+00:00 DEBUG Tt4b_Pixel_Class::inject_view_content_event: hit ViewContent
2025-01-22T14:45:44+00:00 DEBUG POST: https://business-api.tiktok.com/open_api/v1.3/event/track/

{"partner_name":"WooCommerce","event_source":"web","event_source_id":"CSM79Q3C77UAG1T340I0","data":[{"event":"ViewContent","event_id":"67910498a0182_tt4b_woocommerce_670666209cf1f_4097","event_time":1737557144,"user":{"ip":"62.210.13.154","user_agent":"WP Rocket\/Preload","locale":"ar","external_id":"0","email":"e3b0c44298fc1c149afbf4c8996fb92427ae41e4649b934ca495991b7852b855","phone_number":"e3b0c44298fc1c149afbf4c8996fb92427ae41e4649b934ca495991b7852b855","first_name":"e3b0c44298fc1c149afbf4c8996fb92427ae41e4649b934ca495991b7852b855","last_name":"e3b0c44298fc1c149afbf4c8996fb92427ae41e4649b934ca495991b7852b855","zip_code":"e3b0c44298fc1c149afbf4c8996fb92427ae41e4649b934ca495991b7852b855"},"properties":{"contents":[{"price":65,"quantity":1,"content_id":"4097","content_name":"\u0633\u062c\u0644\u0627\u062a \u0645\u0627\u062f\u0629 \u0627\u0644\u062a\u0631\u0628\u064a\u0629 \u0627\u0644\u0628\u062f\u0646\u064a\u0629","description":". \u0637\u0628\u0627\u0639\u0647 \u0633\u062c\u0644\u0627\u062a \u0645\u062f\u0631\u0633\u064a\u0629 \u0627\u062d\u062a\u0631\u0627\u0641\u064a\u0629 \u062e\u0627\u0645\u062a\u0647\u0627 \u0643\u0631\u062a\u0648\u0646 2000 \u062c\u0631\u0627\u0645,\u062a\u0636\u0627\u0641 \u0637\u0628\u0642\u0629 \u062d\u0645\u0627\u064a\u0647 \u0627\u0633\u062a\u064a\u0643\u0631 \u0645\u0639 \u0633\u0644\u0648\u0641\u0627\u0646 \u0644\u0627\u0645\u0639.\r\n. \u0645\u062a\u0648\u0641\u0631 \u0628 \u0627\u062d\u062c\u0627\u0645 \u0645\u062e\u062a\u0644\u0641\u0647 ( \u0635\u063a\u064a\u0631, \u0648\u0633\u0637 , \u0643\u0628\u064a\u0631 ).\r\n. \u064a\u062a\u0633\u0639 \u0627\u0644\u0645\u0642\u0627\u0633 \u0627\u0644\u0635\u063a\u064a\u0631 ( \u0645\u0646 50 \u0627\u0644\u0649 150 \u0648\u0631\u0642\u0629 )\r\n. \u064a\u062a\u0633\u0639 \u0627\u0644\u0648\u0633\u0637 ( \u0645\u0646 150 \u0627\u0644\u0649 300 \u0648\u0631\u0642\u0629 )\r\n. \u0627\u0644\u0643\u0628\u064a\u0631 ( \u0645\u0646 300 \u0627\u0644\u0649 400 \u0648\u0631\u0642\u0629 ).\r\n. \u0645\u062f\u0629 \u0627\u0644\u062a\u0646\u0641\u064a\u0630 : 3-5 \u0627\u064a\u0627\u0645 \u0648\u062a\u0632\u064a\u062f \u0627\u0644\u0645\u062f\u0629 \u0639\u0646 \u0637\u0644\u0628 \u0627\u0644\u0634\u062d\u0646.","availability":"IN_STOCK","sale_price":65,"on_sale":false}],"content_type":"product","currency":"SAR","value":65,"event_trigger_source":"WooCommerce"},"page":{"url":"http:\/\/ibn-sinaa.com\/product\/school-records-physical-education\/"}}]}
 ajax: no
2025-01-22T14:45:44+00:00 DEBUG Tt4b_Mapi_Class::mapi_post: Response: 

HTTP/1.1 200 OK
Server: nginx
Content-Type: application/json
Content-Length: 92
X-Tt-Logid: 20250122144544BCAE7424302D5765D458
x-tt-trace-host: 018e5a586174a888928d793bdac74b79b5b3c46136d344bf46da72cca5a862092e2716d9b2f5d0bee3108c17687012f9b7c3031736cdf07f22ec0ec6a62120c61e27960411b6fdb76684d5656e2cca431d55dcb21501187a201272f05481406eb0ba98925ee716881791150cc1b40d0f03
x-tt-trace-id: 00-250122144544BCAE7424302D5765D458-01FC366D80269DA3-00
X-Origin-Response-Time: 31,23.55.100.206
X-Akamai-Request-ID: 232375d7.75f6ab6
Expires: Wed, 22 Jan 2025 14:45:44 GMT
Cache-Control: max-age=0, no-cache, no-store
Pragma: no-cache
Date: Wed, 22 Jan 2025 14:45:44 GMT
X-Cache: TCP_MISS from a95-101-134-30.deploy.akamaitechnologies.com (AkamaiGHost/11.8.0-1debf780f7d7c834933fa9689361eec6) (-)
Connection: close
X-Cache-Remote: TCP_MISS from a23-55-100-206.deploy.akamaitechnologies.com (AkamaiGHost/11.8.0-1debf780f7d7c834933fa9689361eec6) (-)
x-tt-trace-tag: id=16;cdn-cache=miss;type=dyn
Server-Timing: cdn-cache; desc=MISS, edge; dur=92, origin; dur=31
Server-Timing: inner; dur=26
X-Parent-Response-Time: 115,95.101.134.30

{"code": 0, "message": "OK", "request_id": "20250122144544BCAE7424302D5765D458", "data": {}}
2025-01-22T14:45:46+00:00 DEBUG POST: https://business-api.tiktok.com/open_api/v1.3/event/track/

{"partner_name":"WooCommerce","event_source":"web","event_source_id":"CSM79Q3C77UAG1T340I0","data":[{"event":"Pageview","event_id":"6791049a28e22_tt4b_woocommerce_670666209cf1f","event_time":1737557146,"user":{"ip":"169.148.121.97","user_agent":"Mozilla\/5.0 (Windows NT 10.0; Win64; x64) AppleWebKit\/537.36 (KHTML, like Gecko) Chrome\/131.0.0.0 Safari\/537.36","locale":"ar","external_id":"0","ttp":"6L5T9_g5Phxb0bBgLgblrEF-dY8.tt.1","email":"e3b0c44298fc1c149afbf4c8996fb92427ae41e4649b934ca495991b7852b855","phone_number":"e3b0c44298fc1c149afbf4c8996fb92427ae41e4649b934ca495991b7852b855","first_name":"e3b0c44298fc1c149afbf4c8996fb92427ae41e4649b934ca495991b7852b855","last_name":"e3b0c44298fc1c149afbf4c8996fb92427ae41e4649b934ca495991b7852b855","zip_code":"e3b0c44298fc1c149afbf4c8996fb92427ae41e4649b934ca495991b7852b855"},"page":{"url":"http:\/\/www.ibn-sinaa.com\/shop\/","referrer":"https:\/\/www.ibn-sinaa.com\/"}}]}
 ajax: no
2025-01-22T14:45:46+00:00 DEBUG Tt4b_Mapi_Class::mapi_post: Response: 

HTTP/1.1 200 OK
Server: nginx
Content-Type: application/json
Content-Length: 92
X-Tt-Logid: 202501221445466D2C4ECBCC83EF54D80E
x-tt-trace-host: 018e5a586174a888928d793bdac74b79b5b3c46136d344bf46da72cca5a862092e8a101f618502fd0f06ec59a3d6a30b3f8d08ef44042273bbb6e164511d0d6c5b8f23f9a7f5c2fc21186b62a388e89c2c68f1753e377259681e8b740856bfeeec75085d9474b8357c7ece40b86bffe89c
x-tt-trace-id: 00-2501221445466D2C4ECBCC83EF54D80E-7E54CB7175BCCE3B-00
X-Origin-Response-Time: 37,23.213.246.229
X-Akamai-Request-ID: 899fe39c.75fa75c
Expires: Wed, 22 Jan 2025 14:45:46 GMT
Cache-Control: max-age=0, no-cache, no-store
Pragma: no-cache
Date: Wed, 22 Jan 2025 14:45:46 GMT
X-Cache: TCP_MISS from a95-101-134-30.deploy.akamaitechnologies.com (AkamaiGHost/11.8.0-1debf780f7d7c834933fa9689361eec6) (-)
Connection: close
X-Cache-Remote: TCP_MISS from a23-213-246-229.deploy.akamaitechnologies.com (AkamaiGHost/11.8.0-2d0f2d516c5d43e1487924a77ec5924a) (-)
x-tt-trace-tag: id=16;cdn-cache=miss;type=dyn
Server-Timing: cdn-cache; desc=MISS, edge; dur=90, origin; dur=36
Server-Timing: inner; dur=31
X-Parent-Response-Time: 120,95.101.134.30

{"code": 0, "message": "OK", "request_id": "202501221445466D2C4ECBCC83EF54D80E", "data": {}}
2025-01-22T14:45:48+00:00 DEBUG POST: https://business-api.tiktok.com/open_api/v1.3/event/track/

{"partner_name":"WooCommerce","event_source":"web","event_source_id":"CSM79Q3C77UAG1T340I0","data":[{"event":"Pageview","event_id":"6791049c528e4_tt4b_woocommerce_670666209cf1f","event_time":1737557148,"user":{"ip":"62.210.13.154","user_agent":"WP Rocket\/Preload","locale":"ar","external_id":"0","email":"e3b0c44298fc1c149afbf4c8996fb92427ae41e4649b934ca495991b7852b855","phone_number":"e3b0c44298fc1c149afbf4c8996fb92427ae41e4649b934ca495991b7852b855","first_name":"e3b0c44298fc1c149afbf4c8996fb92427ae41e4649b934ca495991b7852b855","last_name":"e3b0c44298fc1c149afbf4c8996fb92427ae41e4649b934ca495991b7852b855","zip_code":"e3b0c44298fc1c149afbf4c8996fb92427ae41e4649b934ca495991b7852b855"},"page":{"url":"http:\/\/ibn-sinaa.com\/product\/school-records-islamic-education\/"}}]}
 ajax: no
2025-01-22T14:45:48+00:00 DEBUG Tt4b_Mapi_Class::mapi_post: Response: 

HTTP/1.1 200 OK
Server: nginx
Content-Type: application/json
Content-Length: 92
X-Tt-Logid: 202501221445485D0F5567F6A9FA1FA83B
Server-Timing: inner; dur=73
x-tt-trace-host: 018e5a586174a888928d793bdac74b79b546481499826e61e341177deeedfd94a436c7a0b445001dbda8c1bdedc3e42ecab2e1c4c751b6633166a47b0ac08ca672f78a2b301aa68f0a6c13429e99294cf31965c2c5aba23ec68df4b60861738e95
x-tt-trace-id: 00-2501221445485D0F5567F6A9FA1FA83B-552A8F0F94D45162-00
Expires: Wed, 22 Jan 2025 14:45:48 GMT
Cache-Control: max-age=0, no-cache, no-store
Pragma: no-cache
Date: Wed, 22 Jan 2025 14:45:48 GMT
X-Cache: TCP_MISS from a95-101-134-30.deploy.akamaitechnologies.com (AkamaiGHost/11.8.0-1debf780f7d7c834933fa9689361eec6) (-)
Connection: close
x-tt-trace-tag: id=16;cdn-cache=miss;type=dyn
Server-Timing: cdn-cache; desc=MISS, edge; dur=6, origin; dur=156
X-Origin-Response-Time: 157,95.101.134.30
X-Akamai-Request-ID: 760031f

{"code": 0, "message": "OK", "request_id": "202501221445485D0F5567F6A9FA1FA83B", "data": {}}
2025-01-22T14:45:48+00:00 DEBUG Tt4b_Pixel_Class::inject_view_content_event: hit ViewContent
2025-01-22T14:45:48+00:00 DEBUG POST: https://business-api.tiktok.com/open_api/v1.3/event/track/

{"partner_name":"WooCommerce","event_source":"web","event_source_id":"CSM79Q3C77UAG1T340I0","data":[{"event":"ViewContent","event_id":"6791049c9777b_tt4b_woocommerce_670666209cf1f_4079","event_time":1737557148,"user":{"ip":"62.210.13.154","user_agent":"WP Rocket\/Preload","locale":"ar","external_id":"0","email":"e3b0c44298fc1c149afbf4c8996fb92427ae41e4649b934ca495991b7852b855","phone_number":"e3b0c44298fc1c149afbf4c8996fb92427ae41e4649b934ca495991b7852b855","first_name":"e3b0c44298fc1c149afbf4c8996fb92427ae41e4649b934ca495991b7852b855","last_name":"e3b0c44298fc1c149afbf4c8996fb92427ae41e4649b934ca495991b7852b855","zip_code":"e3b0c44298fc1c149afbf4c8996fb92427ae41e4649b934ca495991b7852b855"},"properties":{"contents":[{"price":65,"quantity":1,"content_id":"4079","content_name":"\u0633\u062c\u0644\u0627\u062a \u0645\u0627\u062f\u0629 \u0627\u0644\u062a\u0631\u0628\u064a\u0629 \u0627\u0644\u0627\u0633\u0644\u0627\u0645\u064a\u0629","description":". \u0637\u0628\u0627\u0639\u0647 \u0633\u062c\u0644\u0627\u062a \u0645\u062f\u0631\u0633\u064a\u0629 \u0627\u062d\u062a\u0631\u0627\u0641\u064a\u0629 \u062e\u0627\u0645\u062a\u0647\u0627 \u0643\u0631\u062a\u0648\u0646 2000 \u062c\u0631\u0627\u0645,\u062a\u0636\u0627\u0641 \u0637\u0628\u0642\u0629 \u062d\u0645\u0627\u064a\u0647 \u0627\u0633\u062a\u064a\u0643\u0631 \u0645\u0639 \u0633\u0644\u0648\u0641\u0627\u0646 \u0644\u0627\u0645\u0639.\r\n. \u0645\u062a\u0648\u0641\u0631 \u0628 \u0627\u062d\u062c\u0627\u0645 \u0645\u062e\u062a\u0644\u0641\u0647 ( \u0635\u063a\u064a\u0631, \u0648\u0633\u0637 , \u0643\u0628\u064a\u0631 ).\r\n. \u064a\u062a\u0633\u0639 \u0627\u0644\u0645\u0642\u0627\u0633 \u0627\u0644\u0635\u063a\u064a\u0631 ( \u0645\u0646 50 \u0627\u0644\u0649 150 \u0648\u0631\u0642\u0629 )\r\n. \u064a\u062a\u0633\u0639 \u0627\u0644\u0648\u0633\u0637 ( \u0645\u0646 150 \u0627\u0644\u0649 300 \u0648\u0631\u0642\u0629 )\r\n. \u0627\u0644\u0643\u0628\u064a\u0631 ( \u0645\u0646 300 \u0627\u0644\u0649 400 \u0648\u0631\u0642\u0629 ).\r\n. \u0645\u062f\u0629 \u0627\u0644\u062a\u0646\u0641\u064a\u0630 : 3-5 \u0627\u064a\u0627\u0645 \u0648\u062a\u0632\u064a\u062f \u0627\u0644\u0645\u062f\u0629 \u0639\u0646 \u0637\u0644\u0628 \u0627\u0644\u0634\u062d\u0646.","availability":"IN_STOCK","sale_price":65,"on_sale":false}],"content_type":"product","currency":"SAR","value":65,"event_trigger_source":"WooCommerce"},"page":{"url":"http:\/\/ibn-sinaa.com\/product\/school-records-islamic-education\/"}}]}
 ajax: no
2025-01-22T14:45:49+00:00 DEBUG Tt4b_Mapi_Class::mapi_post: Response: 

HTTP/1.1 200 OK
Server: nginx
Content-Type: application/json
Content-Length: 92
X-Tt-Logid: 20250122144548F668CF466607DB52E044
x-tt-trace-host: 018e5a586174a888928d793bdac74b79b519a86797e72c2eba011e03e23beee17d90f7935ab636d31a600acfd93a2582afa86b8268fa33726ac7893d32a4749719e1f371b28e1a473f354d7178b13a639eda929270559b49c1735b76bd306eec57f6075235beaad877098f0bc1c886f0bd
x-tt-trace-id: 00-250122144548F668CF466607DB52E044-4424E52C8D3697FB-00
X-Origin-Response-Time: 217,23.207.199.7
X-Akamai-Request-ID: 1246762c.187fe725
Expires: Wed, 22 Jan 2025 14:45:48 GMT
Cache-Control: max-age=0, no-cache, no-store
Pragma: no-cache
Date: Wed, 22 Jan 2025 14:45:48 GMT
X-Cache: TCP_MISS from a95-101-134-116.deploy.akamaitechnologies.com (AkamaiGHost/11.8.0-1debf780f7d7c834933fa9689361eec6) (-)
Connection: close
X-Cache-Remote: TCP_MISS from a23-207-199-7.deploy.akamaitechnologies.com (AkamaiGHost/11.8.0-1debf780f7d7c834933fa9689361eec6) (-)
x-tt-trace-tag: id=16;cdn-cache=miss;type=dyn
Server-Timing: cdn-cache; desc=MISS, edge; dur=108, origin; dur=217
Server-Timing: inner; dur=214
X-Parent-Response-Time: 317,95.101.134.116

{"code": 0, "message": "OK", "request_id": "20250122144548F668CF466607DB52E044", "data": {}}
2025-01-22T14:45:51+00:00 DEBUG POST: https://business-api.tiktok.com/open_api/v1.3/event/track/

{"partner_name":"WooCommerce","event_source":"web","event_source_id":"CSM79Q3C77UAG1T340I0","data":[{"event":"Pageview","event_id":"6791049f00fd1_tt4b_woocommerce_670666209cf1f","event_time":1737557151,"user":{"ip":"62.210.13.154","user_agent":"WP Rocket\/Preload","locale":"ar","external_id":"0","email":"e3b0c44298fc1c149afbf4c8996fb92427ae41e4649b934ca495991b7852b855","phone_number":"e3b0c44298fc1c149afbf4c8996fb92427ae41e4649b934ca495991b7852b855","first_name":"e3b0c44298fc1c149afbf4c8996fb92427ae41e4649b934ca495991b7852b855","last_name":"e3b0c44298fc1c149afbf4c8996fb92427ae41e4649b934ca495991b7852b855","zip_code":"e3b0c44298fc1c149afbf4c8996fb92427ae41e4649b934ca495991b7852b855"},"page":{"url":"http:\/\/ibn-sinaa.com\/product\/school-records-family-education\/"}}]}
 ajax: no
2025-01-22T14:45:51+00:00 DEBUG Tt4b_Mapi_Class::mapi_post: Response: 

HTTP/1.1 200 OK
Server: nginx
Content-Type: application/json
Content-Length: 92
X-Tt-Logid: 20250122144551DB76FF572C82D7EE01CF
x-tt-trace-host: 018e5a586174a888928d793bdac74b79b519a86797e72c2eba011e03e23beee17db98bb5dab1298545482cb70efde94de8a62d823c4723f186b06ddf1631a546a0203ec9ecd6ab1a6dfde968a01fa612bf5512349024253b029e7986e036e92855b3e7d4e110d0a1f24a8f71be764af14e
x-tt-trace-id: 00-250122144551DB76FF572C82D7EE01CF-61935F6B1B610E79-00
X-Origin-Response-Time: 23,23.52.15.166
X-Akamai-Request-ID: 7e7b0302.188027f9
Expires: Wed, 22 Jan 2025 14:45:51 GMT
Cache-Control: max-age=0, no-cache, no-store
Pragma: no-cache
Date: Wed, 22 Jan 2025 14:45:51 GMT
X-Cache: TCP_MISS from a95-101-134-116.deploy.akamaitechnologies.com (AkamaiGHost/11.8.0-1debf780f7d7c834933fa9689361eec6) (-)
Connection: close
X-Cache-Remote: TCP_MISS from a23-52-15-166.deploy.akamaitechnologies.com (AkamaiGHost/11.8.0-1debf780f7d7c834933fa9689361eec6) (-)
x-tt-trace-tag: id=16;cdn-cache=miss;type=dyn
Server-Timing: cdn-cache; desc=MISS, edge; dur=97, origin; dur=23
Server-Timing: inner; dur=18
X-Parent-Response-Time: 116,95.101.134.116

{"code": 0, "message": "OK", "request_id": "20250122144551DB76FF572C82D7EE01CF", "data": {}}
2025-01-22T14:45:51+00:00 DEBUG Tt4b_Pixel_Class::inject_view_content_event: hit ViewContent
2025-01-22T14:45:51+00:00 DEBUG POST: https://business-api.tiktok.com/open_api/v1.3/event/track/

{"partner_name":"WooCommerce","event_source":"web","event_source_id":"CSM79Q3C77UAG1T340I0","data":[{"event":"ViewContent","event_id":"6791049f54e05_tt4b_woocommerce_670666209cf1f_4069","event_time":1737557151,"user":{"ip":"62.210.13.154","user_agent":"WP Rocket\/Preload","locale":"ar","external_id":"0","email":"e3b0c44298fc1c149afbf4c8996fb92427ae41e4649b934ca495991b7852b855","phone_number":"e3b0c44298fc1c149afbf4c8996fb92427ae41e4649b934ca495991b7852b855","first_name":"e3b0c44298fc1c149afbf4c8996fb92427ae41e4649b934ca495991b7852b855","last_name":"e3b0c44298fc1c149afbf4c8996fb92427ae41e4649b934ca495991b7852b855","zip_code":"e3b0c44298fc1c149afbf4c8996fb92427ae41e4649b934ca495991b7852b855"},"properties":{"contents":[{"price":65,"quantity":1,"content_id":"4069","content_name":"\u0633\u062c\u0644\u0627\u062a \u0645\u0627\u062f\u0629 \u0627\u0644\u062a\u0631\u0628\u064a\u0629 \u0627\u0644\u0627\u0633\u0631\u064a\u0629","description":". \u0637\u0628\u0627\u0639\u0647 \u0633\u062c\u0644\u0627\u062a \u0645\u062f\u0631\u0633\u064a\u0629 \u0627\u062d\u062a\u0631\u0627\u0641\u064a\u0629 \u062e\u0627\u0645\u062a\u0647\u0627 \u0643\u0631\u062a\u0648\u0646 2000 \u062c\u0631\u0627\u0645,\u062a\u0636\u0627\u0641 \u0637\u0628\u0642\u0629 \u062d\u0645\u0627\u064a\u0647 \u0627\u0633\u062a\u064a\u0643\u0631 \u0645\u0639 \u0633\u0644\u0648\u0641\u0627\u0646 \u0644\u0627\u0645\u0639.\r\n. \u0645\u062a\u0648\u0641\u0631 \u0628 \u0627\u062d\u062c\u0627\u0645 \u0645\u062e\u062a\u0644\u0641\u0647 ( \u0635\u063a\u064a\u0631, \u0648\u0633\u0637 , \u0643\u0628\u064a\u0631 ).\r\n. \u064a\u062a\u0633\u0639 \u0627\u0644\u0645\u0642\u0627\u0633 \u0627\u0644\u0635\u063a\u064a\u0631 ( \u0645\u0646 50 \u0627\u0644\u0649 150 \u0648\u0631\u0642\u0629 )\r\n. \u064a\u062a\u0633\u0639 \u0627\u0644\u0648\u0633\u0637 ( \u0645\u0646 150 \u0627\u0644\u0649 300 \u0648\u0631\u0642\u0629 )\r\n. \u0627\u0644\u0643\u0628\u064a\u0631 ( \u0645\u0646 300 \u0627\u0644\u0649 400 \u0648\u0631\u0642\u0629 ).\r\n. \u0645\u062f\u0629 \u0627\u0644\u062a\u0646\u0641\u064a\u0630 : 3-5 \u0627\u064a\u0627\u0645 \u0648\u062a\u0632\u064a\u062f \u0627\u0644\u0645\u062f\u0629 \u0639\u0646 \u0637\u0644\u0628 \u0627\u0644\u0634\u062d\u0646.","availability":"IN_STOCK","sale_price":65,"on_sale":false}],"content_type":"product","currency":"SAR","value":65,"event_trigger_source":"WooCommerce"},"page":{"url":"http:\/\/ibn-sinaa.com\/product\/school-records-family-education\/"}}]}
 ajax: no
2025-01-22T14:45:51+00:00 DEBUG Tt4b_Mapi_Class::mapi_post: Response: 

HTTP/1.1 200 OK
Server: nginx
Content-Type: application/json
Content-Length: 92
X-Tt-Logid: 20250122144551AEE23FEAF83C90563C8E
x-tt-trace-host: 018e5a586174a888928d793bdac74b79b5b3c46136d344bf46da72cca5a862092ec397c9f15d915f55d199f4f8e0d5baacbe287573bce1b26b3bee28db5b77996423ba299f7de3ebeb2fb72fcb3af95d2f45ac7a8e42437c780c84f59b71e20320adcc352c04f252bb8621e3b456e6a6ec
x-tt-trace-id: 00-250122144551AEE23FEAF83C90563C8E-5AE772DC9F288030-00
X-Origin-Response-Time: 36,23.32.17.31
X-Akamai-Request-ID: 2aad8eb.76081e9
Expires: Wed, 22 Jan 2025 14:45:51 GMT
Cache-Control: max-age=0, no-cache, no-store
Pragma: no-cache
Date: Wed, 22 Jan 2025 14:45:51 GMT
X-Cache: TCP_MISS from a95-101-134-30.deploy.akamaitechnologies.com (AkamaiGHost/11.8.0-1debf780f7d7c834933fa9689361eec6) (-)
Connection: close
X-Cache-Remote: TCP_MISS from a23-32-17-31.deploy.akamaitechnologies.com (AkamaiGHost/11.8.0-1debf780f7d7c834933fa9689361eec6) (-)
x-tt-trace-tag: id=16;cdn-cache=miss;type=dyn
Server-Timing: cdn-cache; desc=MISS, edge; dur=89, origin; dur=35
Server-Timing: inner; dur=32
X-Parent-Response-Time: 118,95.101.134.30

{"code": 0, "message": "OK", "request_id": "20250122144551AEE23FEAF83C90563C8E", "data": {}}
2025-01-22T14:45:54+00:00 DEBUG POST: https://business-api.tiktok.com/open_api/v1.3/event/track/

{"partner_name":"WooCommerce","event_source":"web","event_source_id":"CSM79Q3C77UAG1T340I0","data":[{"event":"Pageview","event_id":"679104a200341_tt4b_woocommerce_670666209cf1f","event_time":1737557154,"user":{"ip":"62.210.13.154","user_agent":"WP Rocket\/Preload","locale":"ar","external_id":"0","email":"e3b0c44298fc1c149afbf4c8996fb92427ae41e4649b934ca495991b7852b855","phone_number":"e3b0c44298fc1c149afbf4c8996fb92427ae41e4649b934ca495991b7852b855","first_name":"e3b0c44298fc1c149afbf4c8996fb92427ae41e4649b934ca495991b7852b855","last_name":"e3b0c44298fc1c149afbf4c8996fb92427ae41e4649b934ca495991b7852b855","zip_code":"e3b0c44298fc1c149afbf4c8996fb92427ae41e4649b934ca495991b7852b855"},"page":{"url":"http:\/\/ibn-sinaa.com\/product\/school-achievement-records\/"}}]}
 ajax: no
2025-01-22T14:45:54+00:00 DEBUG Tt4b_Mapi_Class::mapi_post: Response: 

HTTP/1.1 200 OK
Server: nginx
Content-Type: application/json
Content-Length: 92
X-Tt-Logid: 202501221445546FC7710D461FCDD69301
x-tt-trace-host: 018e5a586174a888928d793bdac74b79b52a36c08622bbc2ac99357be22beb959ad16fbea461b858a34829f628a8c46420cb221da014b213a2ae149c3ceabc54515cf5c28aead4c95e1ac77854eaa02a92f72353205e981d484ff66312e7db9e67ed4e0f44df15f45ff3d29e89bd8bc30c
x-tt-trace-id: 00-2501221445546FC7710D461FCDD69301-5F5DDE9387405F77-00
X-Origin-Response-Time: 28,23.218.219.63
X-Akamai-Request-ID: 2a28005.11827b12
Expires: Wed, 22 Jan 2025 14:45:54 GMT
Cache-Control: max-age=0, no-cache, no-store
Pragma: no-cache
Date: Wed, 22 Jan 2025 14:45:54 GMT
X-Cache: TCP_MISS from a95-101-134-36.deploy.akamaitechnologies.com (AkamaiGHost/11.8.0-1debf780f7d7c834933fa9689361eec6) (-)
Connection: close
X-Cache-Remote: TCP_MISS from a23-218-219-63.deploy.akamaitechnologies.com (AkamaiGHost/11.8.0-1debf780f7d7c834933fa9689361eec6) (-)
x-tt-trace-tag: id=16;cdn-cache=miss;type=dyn
Server-Timing: cdn-cache; desc=MISS, edge; dur=86, origin; dur=28
Server-Timing: inner; dur=24
X-Parent-Response-Time: 109,95.101.134.36

{"code": 0, "message": "OK", "request_id": "202501221445546FC7710D461FCDD69301", "data": {}}
2025-01-22T14:45:54+00:00 DEBUG Tt4b_Pixel_Class::inject_view_content_event: hit ViewContent
2025-01-22T14:45:54+00:00 DEBUG POST: https://business-api.tiktok.com/open_api/v1.3/event/track/

{"partner_name":"WooCommerce","event_source":"web","event_source_id":"CSM79Q3C77UAG1T340I0","data":[{"event":"ViewContent","event_id":"679104a24e178_tt4b_woocommerce_670666209cf1f_4049","event_time":1737557154,"user":{"ip":"62.210.13.154","user_agent":"WP Rocket\/Preload","locale":"ar","external_id":"0","email":"e3b0c44298fc1c149afbf4c8996fb92427ae41e4649b934ca495991b7852b855","phone_number":"e3b0c44298fc1c149afbf4c8996fb92427ae41e4649b934ca495991b7852b855","first_name":"e3b0c44298fc1c149afbf4c8996fb92427ae41e4649b934ca495991b7852b855","last_name":"e3b0c44298fc1c149afbf4c8996fb92427ae41e4649b934ca495991b7852b855","zip_code":"e3b0c44298fc1c149afbf4c8996fb92427ae41e4649b934ca495991b7852b855"},"properties":{"contents":[{"price":65,"quantity":1,"content_id":"4049","content_name":"\u0633\u062c\u0644\u0627\u062a \u0627\u0644\u0627\u0646\u062c\u0627\u0632 \u0627\u0644\u0645\u062f\u0631\u0633\u064a\u0629","description":". \u0637\u0628\u0627\u0639\u0647 \u0633\u062c\u0644\u0627\u062a \u0645\u062f\u0631\u0633\u064a\u0629 \u0627\u062d\u062a\u0631\u0627\u0641\u064a\u0629 \u062e\u0627\u0645\u062a\u0647\u0627 \u0643\u0631\u062a\u0648\u0646 2000 \u062c\u0631\u0627\u0645,\u062a\u0636\u0627\u0641 \u0637\u0628\u0642\u0629 \u062d\u0645\u0627\u064a\u0647 \u0627\u0633\u062a\u064a\u0643\u0631 \u0645\u0639 \u0633\u0644\u0648\u0641\u0627\u0646 \u0644\u0627\u0645\u0639.\r\n. \u0645\u062a\u0648\u0641\u0631 \u0628 \u0627\u062d\u062c\u0627\u0645 \u0645\u062e\u062a\u0644\u0641\u0647 ( \u0635\u063a\u064a\u0631, \u0648\u0633\u0637 , \u0643\u0628\u064a\u0631 ).\r\n. \u064a\u062a\u0633\u0639 \u0627\u0644\u0645\u0642\u0627\u0633 \u0627\u0644\u0635\u063a\u064a\u0631 ( \u0645\u0646 50 \u0627\u0644\u0649 150 \u0648\u0631\u0642\u0629 ) \u0648 \u0627\u0644\u0648\u0633\u0637 ( \u0645\u0646 150 \u0627\u0644\u0649 300 \u0648\u0631\u0642\u0629 ) \u0648 \u0627\u0644\u0643\u0628\u064a\u0631 ( \u0645\u0646 300 \u0627\u0644\u0649 400 \u0648\u0631\u0642\u0629 ).\r\n. \u0645\u062f\u0629 \u0627\u0644\u062a\u0646\u0641\u064a\u0630 : 3-5 \u0627\u064a\u0627\u0645 \u0648\u062a\u0632\u064a\u062f \u0627\u0644\u0645\u062f\u0629 \u0639\u0646 \u0637\u0644\u0628 \u0627\u0644\u0634\u062d\u0646.","availability":"IN_STOCK","sale_price":65,"on_sale":false}],"content_type":"product","currency":"SAR","value":65,"event_trigger_source":"WooCommerce"},"page":{"url":"http:\/\/ibn-sinaa.com\/product\/school-achievement-records\/"}}]}
 ajax: no
2025-01-22T14:45:54+00:00 DEBUG POST: https://business-api.tiktok.com/open_api/v1.3/event/track/

{"partner_name":"WooCommerce","event_source":"web","event_source_id":"CSM79Q3C77UAG1T340I0","data":[{"event":"Pageview","event_id":"679104a257369_tt4b_woocommerce_670666209cf1f","event_time":1737557154,"user":{"ip":"169.148.121.97","user_agent":"Mozilla\/5.0 (Windows NT 10.0; Win64; x64) AppleWebKit\/537.36 (KHTML, like Gecko) Chrome\/131.0.0.0 Safari\/537.36","locale":"ar","external_id":"0","ttp":"6L5T9_g5Phxb0bBgLgblrEF-dY8.tt.1","email":"e3b0c44298fc1c149afbf4c8996fb92427ae41e4649b934ca495991b7852b855","phone_number":"e3b0c44298fc1c149afbf4c8996fb92427ae41e4649b934ca495991b7852b855","first_name":"e3b0c44298fc1c149afbf4c8996fb92427ae41e4649b934ca495991b7852b855","last_name":"e3b0c44298fc1c149afbf4c8996fb92427ae41e4649b934ca495991b7852b855","zip_code":"e3b0c44298fc1c149afbf4c8996fb92427ae41e4649b934ca495991b7852b855"},"page":{"url":"http:\/\/www.ibn-sinaa.com\/product\/stand-x-banner\/","referrer":"https:\/\/www.ibn-sinaa.com\/shop\/"}}]}
 ajax: no
2025-01-22T14:45:54+00:00 DEBUG Tt4b_Mapi_Class::mapi_post: Response: 

HTTP/1.1 200 OK
Server: nginx
Content-Type: application/json
Content-Length: 92
X-Tt-Logid: 2025012214455452CCD0B0EA163F155054
x-tt-trace-host: 018e5a586174a888928d793bdac74b79b5b3c46136d344bf46da72cca5a862092e9554614a4cc0e33d6d3432379b65a68fe383c18dcd7098202f650a69b2e9e6f69a31ff0ce2de6317c16269c73e57b72020329bc18951ff5fbcce30ba10aeccbf7db92bfcb4cf81f0bc2b3e8f83701576
x-tt-trace-id: 00-25012214455452CCD0B0EA163F155054-211B15A8950C2F57-00
X-Origin-Response-Time: 23,23.55.100.200
X-Akamai-Request-ID: 26f84abf.76104a5
Expires: Wed, 22 Jan 2025 14:45:54 GMT
Cache-Control: max-age=0, no-cache, no-store
Pragma: no-cache
Date: Wed, 22 Jan 2025 14:45:54 GMT
X-Cache: TCP_MISS from a95-101-134-30.deploy.akamaitechnologies.com (AkamaiGHost/11.8.0-1debf780f7d7c834933fa9689361eec6) (-)
Connection: close
X-Cache-Remote: TCP_MISS from a23-55-100-200.deploy.akamaitechnologies.com (AkamaiGHost/11.8.0-1debf780f7d7c834933fa9689361eec6) (-)
x-tt-trace-tag: id=16;cdn-cache=miss;type=dyn
Server-Timing: cdn-cache; desc=MISS, edge; dur=91, origin; dur=22
Server-Timing: inner; dur=19
X-Parent-Response-Time: 106,95.101.134.30

{"code": 0, "message": "OK", "request_id": "2025012214455452CCD0B0EA163F155054", "data": {}}
2025-01-22T14:45:54+00:00 DEBUG Tt4b_Mapi_Class::mapi_post: Response: 

HTTP/1.1 200 OK
Server: nginx
Content-Type: application/json
Content-Length: 92
X-Tt-Logid: 202501221445544845769C635C13D6CF76
x-tt-trace-host: 018e5a586174a888928d793bdac74b79b5b3c46136d344bf46da72cca5a862092eaeca44cd012685b737a2eee1dd8d86fdf66e9603cfad2107be40e4cbd6f58ed20eabb04d5dd762ddd8bb0736aec272d00187a92b7f3e76e389e03b57245b1d86665d99f04938258a5834a9a6467a6d45
x-tt-trace-id: 00-2501221445544845769C635C13D6CF76-1C9CD7D591D9E57B-00
X-Origin-Response-Time: 67,23.207.199.47
X-Akamai-Request-ID: a9cf06f.7610715
Expires: Wed, 22 Jan 2025 14:45:54 GMT
Cache-Control: max-age=0, no-cache, no-store
Pragma: no-cache
Date: Wed, 22 Jan 2025 14:45:54 GMT
X-Cache: TCP_MISS from a95-101-134-30.deploy.akamaitechnologies.com (AkamaiGHost/11.8.0-1debf780f7d7c834933fa9689361eec6) (-)
Connection: close
X-Cache-Remote: TCP_MISS from a23-207-199-47.deploy.akamaitechnologies.com (AkamaiGHost/11.8.0-1debf780f7d7c834933fa9689361eec6) (-)
x-tt-trace-tag: id=16;cdn-cache=miss;type=dyn
Server-Timing: cdn-cache; desc=MISS, edge; dur=89, origin; dur=67
Server-Timing: inner; dur=63
X-Parent-Response-Time: 150,95.101.134.30

{"code": 0, "message": "OK", "request_id": "202501221445544845769C635C13D6CF76", "data": {}}
2025-01-22T14:45:54+00:00 DEBUG Tt4b_Pixel_Class::inject_view_content_event: hit ViewContent
2025-01-22T14:45:54+00:00 DEBUG POST: https://business-api.tiktok.com/open_api/v1.3/event/track/

{"partner_name":"WooCommerce","event_source":"web","event_source_id":"CSM79Q3C77UAG1T340I0","data":[{"event":"ViewContent","event_id":"679104a2b7bd5_tt4b_woocommerce_670666209cf1f_4244","event_time":1737557154,"user":{"ip":"169.148.121.97","user_agent":"Mozilla\/5.0 (Windows NT 10.0; Win64; x64) AppleWebKit\/537.36 (KHTML, like Gecko) Chrome\/131.0.0.0 Safari\/537.36","locale":"ar","external_id":"0","ttp":"6L5T9_g5Phxb0bBgLgblrEF-dY8.tt.1","email":"e3b0c44298fc1c149afbf4c8996fb92427ae41e4649b934ca495991b7852b855","phone_number":"e3b0c44298fc1c149afbf4c8996fb92427ae41e4649b934ca495991b7852b855","first_name":"e3b0c44298fc1c149afbf4c8996fb92427ae41e4649b934ca495991b7852b855","last_name":"e3b0c44298fc1c149afbf4c8996fb92427ae41e4649b934ca495991b7852b855","zip_code":"e3b0c44298fc1c149afbf4c8996fb92427ae41e4649b934ca495991b7852b855"},"properties":{"contents":[{"price":120,"quantity":1,"content_id":"4244","content_name":"\u0627\u0633\u062a\u0627\u0646\u062f \u0627\u0643\u0633 \u0628\u0646\u0631","description":"\u0637\u0628\u0627\u0639\u0629 \u0627\u0633\u062a\u0627\u0646\u062f \u0627\u0643\u0633 \u0628\u0646\u0631 \u0645\u0646 \u0645\u062a\u062c\u0631 \u0645\u0643\u062a\u0628\u0629 \u0627\u0628\u0646 \u0633\u064a\u0646\u0627 \u0627\u0644\u0625\u0644\u0643\u062a\u0631\u0648\u0646\u064a\u060c \u0645\u0635\u0645\u0645 \u0644\u0625\u0636\u0627\u0641\u0629 \u0644\u0645\u0633\u0629 \u0645\u0646 \u0627\u0644\u0623\u0646\u0627\u0642\u0629 \u0648\u0627\u0644\u0627\u062d\u062a\u0631\u0627\u0641\u064a\u0629 \u0644\u0639\u0631\u0636 \u0645\u0646\u062a\u062c\u0627\u062a\u0643 \u0623\u0648 \u0645\u0648\u0627\u062f\u0643 \u0627\u0644\u0625\u0639\u0644\u0627\u0646\u064a\u0629. \u064a\u062a\u0645\u064a\u0632 \u0647\u0630\u0627 \u0627\u0644\u0627\u0633\u062a\u0627\u0646\u062f \u0628\u062c\u0648\u062f\u0629 \u0639\u0627\u0644\u064a\u0629 \u0648\u062a\u0635\u0645\u064a\u0645 \u0645\u0646\u062d\u0646\u064a \u064a\u0644\u0641\u062a \u0627\u0644\u0623\u0646\u0638\u0627\u0631 \u0648\u064a\u0639\u0632\u0632 \u0645\u0646 \u062c\u0627\u0630\u0628\u064a\u0629 \u0627\u0644\u0639\u0631\u0636.","availability":"IN_STOCK","sale_price":120,"on_sale":false}],"content_type":"product","currency":"SAR","value":120,"event_trigger_source":"WooCommerce"},"page":{"url":"http:\/\/www.ibn-sinaa.com\/product\/stand-x-banner\/","referrer":"https:\/\/www.ibn-sinaa.com\/shop\/"}}]}
 ajax: no
2025-01-22T14:45:55+00:00 DEBUG Tt4b_Mapi_Class::mapi_post: Response: 

HTTP/1.1 200 OK
Server: nginx
Content-Type: application/json
Content-Length: 92
X-Tt-Logid: 202501221445555EAFD5812D24C59EF2E4
x-tt-trace-host: 018e5a586174a888928d793bdac74b79b5b3c46136d344bf46da72cca5a862092ea2cf431fd6a1c87e00b74d8ab0831050c07d389e7bbbca22c0c665a4cb3f573812b9acee55be19624115c5c078421dbe9342968ae6fa7c51c2d40f390235d7339c23c813aba098c0ca92eb2af6e324de
x-tt-trace-id: 00-2501221445555EAFD5812D24C59EF2E4-10301D4E959FDA3C-00
X-Origin-Response-Time: 28,23.218.219.48
X-Akamai-Request-ID: 787c94.76117f1
Expires: Wed, 22 Jan 2025 14:45:55 GMT
Cache-Control: max-age=0, no-cache, no-store
Pragma: no-cache
Date: Wed, 22 Jan 2025 14:45:55 GMT
X-Cache: TCP_MISS from a95-101-134-30.deploy.akamaitechnologies.com (AkamaiGHost/11.8.0-1debf780f7d7c834933fa9689361eec6) (-)
Connection: close
X-Cache-Remote: TCP_MISS from a23-218-219-48.deploy.akamaitechnologies.com (AkamaiGHost/11.8.0-1debf780f7d7c834933fa9689361eec6) (-)
x-tt-trace-tag: id=16;cdn-cache=miss;type=dyn
Server-Timing: cdn-cache; desc=MISS, edge; dur=279, origin; dur=28
Server-Timing: inner; dur=23
X-Parent-Response-Time: 297,95.101.134.30

{"code": 0, "message": "OK", "request_id": "202501221445555EAFD5812D24C59EF2E4", "data": {}}
2025-01-22T14:45:55+00:00 DEBUG POST: https://business-api.tiktok.com/open_api/v1.3/event/track/

{"partner_name":"WooCommerce","event_source":"web","event_source_id":"CSM79Q3C77UAG1T340I0","data":[{"event":"Pageview","event_id":"679104a3670ad_tt4b_woocommerce_670666209cf1f","event_time":1737557155,"user":{"ip":"62.210.13.154","user_agent":"WP Rocket\/Preload","locale":"ar","external_id":"0","email":"e3b0c44298fc1c149afbf4c8996fb92427ae41e4649b934ca495991b7852b855","phone_number":"e3b0c44298fc1c149afbf4c8996fb92427ae41e4649b934ca495991b7852b855","first_name":"e3b0c44298fc1c149afbf4c8996fb92427ae41e4649b934ca495991b7852b855","last_name":"e3b0c44298fc1c149afbf4c8996fb92427ae41e4649b934ca495991b7852b855","zip_code":"e3b0c44298fc1c149afbf4c8996fb92427ae41e4649b934ca495991b7852b855"},"page":{"url":"http:\/\/ibn-sinaa.com\/product\/social-studies-records\/"}}]}
 ajax: no
2025-01-22T14:45:55+00:00 DEBUG Tt4b_Mapi_Class::mapi_post: Response: 

HTTP/1.1 200 OK
Server: nginx
Content-Type: application/json
Content-Length: 92
X-Tt-Logid: 2025012214455534F7BEFE4439969F5CC6
x-tt-trace-host: 018e5a586174a888928d793bdac74b79b519a86797e72c2eba011e03e23beee17d2f05075c31f112b5e5cf7949430a5faeb697307553fd1a1511b00db17b9e6c6ae3b1841341beba1d11f97563f1d8f1605c4ceaaa24a050b732e2d8adc9a58070792507f2bbecce7027714bfccafba2a5
x-tt-trace-id: 00-25012214455534F7BEFE4439969F5CC6-08D7D56E52686D77-00
X-Origin-Response-Time: 46,23.207.199.47
X-Akamai-Request-ID: a9cf7b1.18809fdd
Expires: Wed, 22 Jan 2025 14:45:55 GMT
Cache-Control: max-age=0, no-cache, no-store
Pragma: no-cache
Date: Wed, 22 Jan 2025 14:45:55 GMT
X-Cache: TCP_MISS from a95-101-134-116.deploy.akamaitechnologies.com (AkamaiGHost/11.8.0-1debf780f7d7c834933fa9689361eec6) (-)
Connection: close
X-Cache-Remote: TCP_MISS from a23-207-199-47.deploy.akamaitechnologies.com (AkamaiGHost/11.8.0-1debf780f7d7c834933fa9689361eec6) (-)
x-tt-trace-tag: id=16;cdn-cache=miss;type=dyn
Server-Timing: cdn-cache; desc=MISS, edge; dur=84, origin; dur=45
Server-Timing: inner; dur=41
X-Parent-Response-Time: 126,95.101.134.116

{"code": 0, "message": "OK", "request_id": "2025012214455534F7BEFE4439969F5CC6", "data": {}}
2025-01-22T14:45:55+00:00 DEBUG Tt4b_Pixel_Class::inject_view_content_event: hit ViewContent
2025-01-22T14:45:55+00:00 DEBUG POST: https://business-api.tiktok.com/open_api/v1.3/event/track/

{"partner_name":"WooCommerce","event_source":"web","event_source_id":"CSM79Q3C77UAG1T340I0","data":[{"event":"ViewContent","event_id":"679104a3b3e19_tt4b_woocommerce_670666209cf1f_3659","event_time":1737557155,"user":{"ip":"62.210.13.154","user_agent":"WP Rocket\/Preload","locale":"ar","external_id":"0","email":"e3b0c44298fc1c149afbf4c8996fb92427ae41e4649b934ca495991b7852b855","phone_number":"e3b0c44298fc1c149afbf4c8996fb92427ae41e4649b934ca495991b7852b855","first_name":"e3b0c44298fc1c149afbf4c8996fb92427ae41e4649b934ca495991b7852b855","last_name":"e3b0c44298fc1c149afbf4c8996fb92427ae41e4649b934ca495991b7852b855","zip_code":"e3b0c44298fc1c149afbf4c8996fb92427ae41e4649b934ca495991b7852b855"},"properties":{"contents":[{"price":65,"quantity":1,"content_id":"3659","content_name":"\u0633\u062c\u0644\u0627\u062a \u0645\u0627\u062f\u0629 \u0627\u0644\u0627\u062c\u062a\u0645\u0627\u0639\u064a\u0627\u062a","description":". \u0637\u0628\u0627\u0639\u0647 \u0633\u062c\u0644\u0627\u062a \u0645\u062f\u0631\u0633\u064a\u0629 \u0627\u062d\u062a\u0631\u0627\u0641\u064a\u0629 \u062e\u0627\u0645\u062a\u0647\u0627 \u0643\u0631\u062a\u0648\u0646 2000 \u062c\u0631\u0627\u0645,\u062a\u0636\u0627\u0641 \u0637\u0628\u0642\u0629 \u062d\u0645\u0627\u064a\u0647 \u0627\u0633\u062a\u064a\u0643\u0631 \u0645\u0639 \u0633\u0644\u0648\u0641\u0627\u0646 \u0644\u0627\u0645\u0639.\r\n. \u0645\u062a\u0648\u0641\u0631 \u0628 \u0627\u062d\u062c\u0627\u0645 \u0645\u062e\u062a\u0644\u0641\u0647 ( \u0635\u063a\u064a\u0631, \u0648\u0633\u0637 , \u0643\u0628\u064a\u0631 ).\r\n. \u064a\u062a\u0633\u0639 \u0627\u0644\u0645\u0642\u0627\u0633 \u0627\u0644\u0635\u063a\u064a\u0631 ( \u0645\u0646 50 \u0627\u0644\u0649 150 \u0648\u0631\u0642\u0629 ) \u0648 \u0627\u0644\u0648\u0633\u0637 ( \u0645\u0646 150 \u0627\u0644\u0649 300 \u0648\u0631\u0642\u0629 ) \u0648 \u0627\u0644\u0643\u0628\u064a\u0631 ( \u0645\u0646 300 \u0627\u0644\u0649 400 \u0648\u0631\u0642\u0629 ).\r\n. \u0645\u062f\u0629 \u0627\u0644\u062a\u0646\u0641\u064a\u0630 : 3-5 \u0627\u064a\u0627\u0645 \u0648\u062a\u0632\u064a\u062f \u0627\u0644\u0645\u062f\u0629 \u0639\u0646 \u0637\u0644\u0628 \u0627\u0644\u0634\u062d\u0646.","availability":"IN_STOCK","sale_price":65,"on_sale":false}],"content_type":"product","currency":"SAR","value":65,"event_trigger_source":"WooCommerce"},"page":{"url":"http:\/\/ibn-sinaa.com\/product\/social-studies-records\/"}}]}
 ajax: no
2025-01-22T14:45:55+00:00 DEBUG Tt4b_Mapi_Class::mapi_post: Response: 

HTTP/1.1 200 OK
Server: nginx
Content-Type: application/json
Content-Length: 92
X-Tt-Logid: 202501221445554CE50546A7A04B533BBF
Server-Timing: inner; dur=21
x-tt-trace-host: 018e5a586174a888928d793bdac74b79b546481499826e61e341177deeedfd94a4000dcb39ff5acbf67ac95807ab850552a0805b65c4560f995bd15407e0996e6c43788bf0e9c3929958fd7b7982faaf7740cc68fc6692d8fc1bc0f6a8ea967a0b
x-tt-trace-id: 00-2501221445554CE50546A7A04B533BBF-215A57C6639260AA-00
Expires: Wed, 22 Jan 2025 14:45:55 GMT
Cache-Control: max-age=0, no-cache, no-store
Pragma: no-cache
Date: Wed, 22 Jan 2025 14:45:55 GMT
X-Cache: TCP_MISS from a95-101-134-30.deploy.akamaitechnologies.com (AkamaiGHost/11.8.0-1debf780f7d7c834933fa9689361eec6) (-)
Connection: close
x-tt-trace-tag: id=16;cdn-cache=miss;type=dyn
Server-Timing: cdn-cache; desc=MISS, edge; dur=8, origin; dur=104
X-Origin-Response-Time: 104,95.101.134.30
X-Akamai-Request-ID: 7614441

{"code": 0, "message": "OK", "request_id": "202501221445554CE50546A7A04B533BBF", "data": {}}
2025-01-22T14:45:57+00:00 DEBUG POST: https://business-api.tiktok.com/open_api/v1.3/event/track/

{"partner_name":"WooCommerce","event_source":"web","event_source_id":"CSM79Q3C77UAG1T340I0","data":[{"event":"Pageview","event_id":"679104a5825d6_tt4b_woocommerce_670666209cf1f","event_time":1737557157,"user":{"ip":"62.210.13.154","user_agent":"WP Rocket\/Preload","locale":"ar","external_id":"0","email":"e3b0c44298fc1c149afbf4c8996fb92427ae41e4649b934ca495991b7852b855","phone_number":"e3b0c44298fc1c149afbf4c8996fb92427ae41e4649b934ca495991b7852b855","first_name":"e3b0c44298fc1c149afbf4c8996fb92427ae41e4649b934ca495991b7852b855","last_name":"e3b0c44298fc1c149afbf4c8996fb92427ae41e4649b934ca495991b7852b855","zip_code":"e3b0c44298fc1c149afbf4c8996fb92427ae41e4649b934ca495991b7852b855"},"page":{"url":"http:\/\/ibn-sinaa.com\/product\/dl-envelope\/"}}]}
 ajax: no
2025-01-22T14:45:57+00:00 DEBUG Tt4b_Mapi_Class::mapi_post: Response: 

HTTP/1.1 200 OK
Server: nginx
Content-Type: application/json
Content-Length: 92
X-Tt-Logid: 202501221445572344D2F50C4A64552292
x-tt-trace-host: 018e5a586174a888928d793bdac74b79b519a86797e72c2eba011e03e23beee17dde4fddab5785245e6741e234a8e483f75ef53c367f4ffb258b7234cca3a153a607c0b81dc93563c70d2bd500dda2ae4f5faccb6f6bccf38cb80f0d277371234af4045e3d9d3fa01a2bc257ee7c81fec7
x-tt-trace-id: 00-2501221445572344D2F50C4A64552292-01DF8A775309000E-00
X-Origin-Response-Time: 35,23.213.246.241
X-Akamai-Request-ID: 9056d07e.1880db13
Expires: Wed, 22 Jan 2025 14:45:57 GMT
Cache-Control: max-age=0, no-cache, no-store
Pragma: no-cache
Date: Wed, 22 Jan 2025 14:45:57 GMT
X-Cache: TCP_MISS from a95-101-134-116.deploy.akamaitechnologies.com (AkamaiGHost/11.8.0-1debf780f7d7c834933fa9689361eec6) (-)
Connection: close
X-Cache-Remote: TCP_MISS from a23-213-246-241.deploy.akamaitechnologies.com (AkamaiGHost/11.8.0-2d0f2d516c5d43e1487924a77ec5924a) (-)
x-tt-trace-tag: id=16;cdn-cache=miss;type=dyn
Server-Timing: cdn-cache; desc=MISS, edge; dur=88, origin; dur=35
Server-Timing: inner; dur=30
X-Parent-Response-Time: 117,95.101.134.116

{"code": 0, "message": "OK", "request_id": "202501221445572344D2F50C4A64552292", "data": {}}
2025-01-22T14:45:57+00:00 DEBUG Tt4b_Pixel_Class::inject_view_content_event: hit ViewContent
2025-01-22T14:45:57+00:00 DEBUG POST: https://business-api.tiktok.com/open_api/v1.3/event/track/

{"partner_name":"WooCommerce","event_source":"web","event_source_id":"CSM79Q3C77UAG1T340I0","data":[{"event":"ViewContent","event_id":"679104a5f3285_tt4b_woocommerce_670666209cf1f_4026","event_time":1737557157,"user":{"ip":"62.210.13.154","user_agent":"WP Rocket\/Preload","locale":"ar","external_id":"0","email":"e3b0c44298fc1c149afbf4c8996fb92427ae41e4649b934ca495991b7852b855","phone_number":"e3b0c44298fc1c149afbf4c8996fb92427ae41e4649b934ca495991b7852b855","first_name":"e3b0c44298fc1c149afbf4c8996fb92427ae41e4649b934ca495991b7852b855","last_name":"e3b0c44298fc1c149afbf4c8996fb92427ae41e4649b934ca495991b7852b855","zip_code":"e3b0c44298fc1c149afbf4c8996fb92427ae41e4649b934ca495991b7852b855"},"properties":{"contents":[{"price":170,"quantity":1,"content_id":"4026","content_name":"\u0638\u0631\u0641 DL","description":"\u0637\u0628\u0627\u0639\u0629 \u0645\u0644\u0648\u0646\u0629 \u0639\u0644\u0649 \u062c\u0647\u0629 \u0648\u0627\u062d\u062f\u0629 \u0645\u0646 \u0627\u0644\u0638\u0631\u0641 \u0645\u0646 \u0627\u0644\u062e\u0644\u0641 \u0641\u0642\u0637 (\u0644\u0648\u0646 \u0627\u0644\u0638\u0631\u0641 \u0623\u0628\u064a\u0636).\r\n\u0645\u0644\u0627\u062d\u0638\u0629 \u0645\u0647\u0645\u0629 : \u0645\u0642\u0627\u0633 \u0627\u0644\u0638\u0631\u0641 : 22 \u00d7 11 \u0633\u0645 \u060c \u062a\u062a\u0631\u0643 \u0647\u0648\u0627\u0645\u0634 \u0641\u0627\u0631\u063a\u0629 \u0641\u064a \u062d\u0648\u0627\u0641 \u0627\u0644\u0638\u0631\u0641 \u0639\u0646\u062f \u0627\u0644\u0637\u0628\u0627\u0639\u0629\r\n\u0645\u062f\u0629 \u062a\u0646\u0641\u064a\u0630 \u0627\u0644\u0637\u0644\u0628 : 3 \u2013 5 \u0623\u064a\u0627\u0645 \u0639\u0645\u0644 \u0628\u0639\u062f \u0627\u0639\u062a\u0645\u0627\u062f \u0627\u0644\u0637\u0644\u0628 \u0648\u0627\u0644\u062a\u0635\u0645\u064a\u0645 \u0648\u062d\u0633\u0628 \u0627\u0644\u0643\u0645\u064a\u0629 (\u062a\u0632\u064a\u062f \u0627\u0644\u0645\u062f\u0629 \u0639\u0646\u062f \u0637\u0644\u0628 \u0627\u0644\u0634\u062d\u0646).","availability":"IN_STOCK","sale_price":170,"on_sale":false}],"content_type":"product","currency":"SAR","value":170,"event_trigger_source":"WooCommerce"},"page":{"url":"http:\/\/ibn-sinaa.com\/product\/dl-envelope\/"}}]}
 ajax: no
2025-01-22T14:45:58+00:00 DEBUG Tt4b_Mapi_Class::mapi_post: Response: 

HTTP/1.1 200 OK
Server: nginx
Content-Type: application/json
Content-Length: 92
X-Tt-Logid: 2025012214455841E6EA979696ECCF00A4
x-tt-trace-host: 018e5a586174a888928d793bdac74b79b519a86797e72c2eba011e03e23beee17dde4fddab5785245e6741e234a8e483f7115de0bb46af92d3625ad2807114659d09dcb1582dfe14de9041a84f7d2720f708b1abaa58fc87b08dc0f22fc2651cdf685b8d763dad981b3f9d06911c986cdf
x-tt-trace-id: 00-25012214455841E6EA979696ECCF00A4-4404C9CEA58FC04B-00
X-Origin-Response-Time: 25,23.213.246.241
X-Akamai-Request-ID: 9056e40c.1880e6f9
Expires: Wed, 22 Jan 2025 14:45:58 GMT
Cache-Control: max-age=0, no-cache, no-store
Pragma: no-cache
Date: Wed, 22 Jan 2025 14:45:58 GMT
X-Cache: TCP_MISS from a95-101-134-116.deploy.akamaitechnologies.com (AkamaiGHost/11.8.0-1debf780f7d7c834933fa9689361eec6) (-)
Connection: close
X-Cache-Remote: TCP_MISS from a23-213-246-241.deploy.akamaitechnologies.com (AkamaiGHost/11.8.0-2d0f2d516c5d43e1487924a77ec5924a) (-)
x-tt-trace-tag: id=16;cdn-cache=miss;type=dyn
Server-Timing: cdn-cache; desc=MISS, edge; dur=88, origin; dur=24
Server-Timing: inner; dur=21
X-Parent-Response-Time: 107,95.101.134.116

{"code": 0, "message": "OK", "request_id": "2025012214455841E6EA979696ECCF00A4", "data": {}}
2025-01-22T14:46:00+00:00 DEBUG POST: https://business-api.tiktok.com/open_api/v1.3/event/track/

{"partner_name":"WooCommerce","event_source":"web","event_source_id":"CSM79Q3C77UAG1T340I0","data":[{"event":"Pageview","event_id":"679104a81bc60_tt4b_woocommerce_670666209cf1f","event_time":1737557160,"user":{"ip":"62.210.13.154","user_agent":"WP Rocket\/Preload","locale":"ar","external_id":"0","email":"e3b0c44298fc1c149afbf4c8996fb92427ae41e4649b934ca495991b7852b855","phone_number":"e3b0c44298fc1c149afbf4c8996fb92427ae41e4649b934ca495991b7852b855","first_name":"e3b0c44298fc1c149afbf4c8996fb92427ae41e4649b934ca495991b7852b855","last_name":"e3b0c44298fc1c149afbf4c8996fb92427ae41e4649b934ca495991b7852b855","zip_code":"e3b0c44298fc1c149afbf4c8996fb92427ae41e4649b934ca495991b7852b855"},"page":{"url":"http:\/\/ibn-sinaa.com\/product\/print-envelopes-a5\/"}}]}
 ajax: no
2025-01-22T14:46:00+00:00 DEBUG Tt4b_Mapi_Class::mapi_post: Response: 

HTTP/1.1 200 OK
Server: nginx
Content-Type: application/json
Content-Length: 92
X-Tt-Logid: 202501221446000155BB5B0C7C76103C9E
x-tt-trace-host: 018e5a586174a888928d793bdac74b79b52a36c08622bbc2ac99357be22beb959a9bb0be4690a1e2cb75fa873e206725ddd1e79bd50191a0df6e42e7f344e20b8ffca6e905430170163dd0f536d0043b5fc60db508fdc948c57a8694ea6aa642acb4d7f347e933607f3b28829cfdcd61b5
x-tt-trace-id: 00-2501221446000155BB5B0C7C76103C9E-6223839E9EA6FCD9-00
X-Origin-Response-Time: 29,23.213.246.241
X-Akamai-Request-ID: 90576804.11831b7b
Expires: Wed, 22 Jan 2025 14:46:00 GMT
Cache-Control: max-age=0, no-cache, no-store
Pragma: no-cache
Date: Wed, 22 Jan 2025 14:46:00 GMT
X-Cache: TCP_MISS from a95-101-134-36.deploy.akamaitechnologies.com (AkamaiGHost/11.8.0-1debf780f7d7c834933fa9689361eec6) (-)
Connection: close
X-Cache-Remote: TCP_MISS from a23-213-246-241.deploy.akamaitechnologies.com (AkamaiGHost/11.8.0-2d0f2d516c5d43e1487924a77ec5924a) (-)
x-tt-trace-tag: id=16;cdn-cache=miss;type=dyn
Server-Timing: cdn-cache; desc=MISS, edge; dur=86, origin; dur=29
Server-Timing: inner; dur=24
X-Parent-Response-Time: 110,95.101.134.36

{"code": 0, "message": "OK", "request_id": "202501221446000155BB5B0C7C76103C9E", "data": {}}
2025-01-22T14:46:00+00:00 DEBUG Tt4b_Pixel_Class::inject_view_content_event: hit ViewContent
2025-01-22T14:46:00+00:00 DEBUG POST: https://business-api.tiktok.com/open_api/v1.3/event/track/

{"partner_name":"WooCommerce","event_source":"web","event_source_id":"CSM79Q3C77UAG1T340I0","data":[{"event":"ViewContent","event_id":"679104a86e52c_tt4b_woocommerce_670666209cf1f_4021","event_time":1737557160,"user":{"ip":"62.210.13.154","user_agent":"WP Rocket\/Preload","locale":"ar","external_id":"0","email":"e3b0c44298fc1c149afbf4c8996fb92427ae41e4649b934ca495991b7852b855","phone_number":"e3b0c44298fc1c149afbf4c8996fb92427ae41e4649b934ca495991b7852b855","first_name":"e3b0c44298fc1c149afbf4c8996fb92427ae41e4649b934ca495991b7852b855","last_name":"e3b0c44298fc1c149afbf4c8996fb92427ae41e4649b934ca495991b7852b855","zip_code":"e3b0c44298fc1c149afbf4c8996fb92427ae41e4649b934ca495991b7852b855"},"properties":{"contents":[{"price":179,"quantity":1,"content_id":"4021","content_name":"\u0637\u0628\u0627\u0639\u0629 \u0638\u0631\u0648\u0641 A5\\C5","description":"\u0637\u0628\u0627\u0639\u0629 \u0645\u0644\u0648\u0646\u0629 \u0639\u0644\u0649 \u062c\u0647\u0629 \u0648\u0627\u062d\u062f\u0629 \u0645\u0646 \u0627\u0644\u0638\u0631\u0641 \u0645\u0646 \u0627\u0644\u062e\u0644\u0641 \u0641\u0642\u0637 (\u0644\u0648\u0646 \u0627\u0644\u0638\u0631\u0641 \u0623\u0628\u064a\u0636).\r\n\u0645\u0644\u0627\u062d\u0638\u0629 \u0645\u0647\u0645\u0629 : \u0645\u0642\u0627\u0633 \u0627\u0644\u0638\u0631\u0641 : 25 \u00d7 17 \u0633\u0645 \u060c \u062a\u062a\u0631\u0643 \u0647\u0648\u0627\u0645\u0634 \u0641\u0627\u0631\u063a\u0629 \u0641\u064a \u062d\u0648\u0627\u0641 \u0627\u0644\u0638\u0631\u0641 \u0639\u0646\u062f \u0627\u0644\u0637\u0628\u0627\u0639\u0629\r\n\u0645\u062f\u0629 \u062a\u0646\u0641\u064a\u0630 \u0627\u0644\u0637\u0644\u0628 : 3 \u2013 5 \u0623\u064a\u0627\u0645 \u0639\u0645\u0644 \u0628\u0639\u062f \u0627\u0639\u062a\u0645\u0627\u062f \u0627\u0644\u0637\u0644\u0628 \u0648\u0627\u0644\u062a\u0635\u0645\u064a\u0645 \u0648\u062d\u0633\u0628 \u0627\u0644\u0643\u0645\u064a\u0629 (\u062a\u0632\u064a\u062f \u0627\u0644\u0645\u062f\u0629 \u0639\u0646\u062f \u0637\u0644\u0628 \u0627\u0644\u0634\u062d\u0646).","availability":"IN_STOCK","sale_price":179,"on_sale":false}],"content_type":"product","currency":"SAR","value":179,"event_trigger_source":"WooCommerce"},"page":{"url":"http:\/\/ibn-sinaa.com\/product\/print-envelopes-a5\/"}}]}
 ajax: no
2025-01-22T14:46:00+00:00 DEBUG Tt4b_Mapi_Class::mapi_post: Response: 

HTTP/1.1 200 OK
Server: nginx
Content-Type: application/json
Content-Length: 92
X-Tt-Logid: 20250122144600A76CAF56F07195D23572
x-tt-trace-host: 018e5a586174a888928d793bdac74b79b519a86797e72c2eba011e03e23beee17db65035f546af1186c069dd97694dda5899f769a3e0d1557fc1e5aea84f1d0e6e9318bf58cc91613ab9fcf0beb86ca24b628d59158cabc7f4243350959be33249338aa40b6a8632a8e062266dff8e573c
x-tt-trace-id: 00-250122144600A76CAF56F07195D23572-01EA249834D6B48D-00
X-Origin-Response-Time: 41,23.55.100.206
X-Akamai-Request-ID: 23268fb2.188127d3
Expires: Wed, 22 Jan 2025 14:46:00 GMT
Cache-Control: max-age=0, no-cache, no-store
Pragma: no-cache
Date: Wed, 22 Jan 2025 14:46:00 GMT
X-Cache: TCP_MISS from a95-101-134-116.deploy.akamaitechnologies.com (AkamaiGHost/11.8.0-1debf780f7d7c834933fa9689361eec6) (-)
Connection: close
X-Cache-Remote: TCP_MISS from a23-55-100-206.deploy.akamaitechnologies.com (AkamaiGHost/11.8.0-1debf780f7d7c834933fa9689361eec6) (-)
x-tt-trace-tag: id=16;cdn-cache=miss;type=dyn
Server-Timing: cdn-cache; desc=MISS, edge; dur=88, origin; dur=41
Server-Timing: inner; dur=38
X-Parent-Response-Time: 122,95.101.134.116

{"code": 0, "message": "OK", "request_id": "20250122144600A76CAF56F07195D23572", "data": {}}
2025-01-22T14:46:00+00:00 DEBUG POST: https://business-api.tiktok.com/open_api/v1.3/event/track/

{"partner_name":"WooCommerce","event_source":"web","event_source_id":"CSM79Q3C77UAG1T340I0","data":[{"event":"Pageview","event_id":"679104a8cf587_tt4b_woocommerce_670666209cf1f","event_time":1737557160,"user":{"ip":"62.210.13.154","user_agent":"WP Rocket\/Preload","locale":"ar","external_id":"0","email":"e3b0c44298fc1c149afbf4c8996fb92427ae41e4649b934ca495991b7852b855","phone_number":"e3b0c44298fc1c149afbf4c8996fb92427ae41e4649b934ca495991b7852b855","first_name":"e3b0c44298fc1c149afbf4c8996fb92427ae41e4649b934ca495991b7852b855","last_name":"e3b0c44298fc1c149afbf4c8996fb92427ae41e4649b934ca495991b7852b855","zip_code":"e3b0c44298fc1c149afbf4c8996fb92427ae41e4649b934ca495991b7852b855"},"page":{"url":"http:\/\/ibn-sinaa.com\/product\/print-envelopes-a4\/"}}]}
 ajax: no
2025-01-22T14:46:01+00:00 DEBUG Tt4b_Mapi_Class::mapi_post: Response: 

HTTP/1.1 200 OK
Server: nginx
Content-Type: application/json
Content-Length: 92
X-Tt-Logid: 20250122144600B02C2F1140A377132C5C
x-tt-trace-host: 018e5a586174a888928d793bdac74b79b519a86797e72c2eba011e03e23beee17d871b76ebd0ab2a56a969a8459576cd46c83a46d4c3d56d7d372e11768c7d034388218a92191637c07b8a4584f468949df378072a84cd973a4d208eb5f20147cf7f97db63419cf1c58067d747ca86ba42
x-tt-trace-id: 00-250122144600B02C2F1140A377132C5C-39D53FBA47E56165-00
X-Origin-Response-Time: 96,23.218.219.52
X-Akamai-Request-ID: e6664a.18813305
Expires: Wed, 22 Jan 2025 14:46:01 GMT
Cache-Control: max-age=0, no-cache, no-store
Pragma: no-cache
Date: Wed, 22 Jan 2025 14:46:01 GMT
X-Cache: TCP_MISS from a95-101-134-116.deploy.akamaitechnologies.com (AkamaiGHost/11.8.0-1debf780f7d7c834933fa9689361eec6) (-)
Connection: close
X-Cache-Remote: TCP_MISS from a23-218-219-52.deploy.akamaitechnologies.com (AkamaiGHost/11.8.0-1debf780f7d7c834933fa9689361eec6) (-)
x-tt-trace-tag: id=16;cdn-cache=miss;type=dyn
Server-Timing: cdn-cache; desc=MISS, edge; dur=88, origin; dur=96
Server-Timing: inner; dur=93
X-Parent-Response-Time: 179,95.101.134.116

{"code": 0, "message": "OK", "request_id": "20250122144600B02C2F1140A377132C5C", "data": {}}
2025-01-22T14:46:01+00:00 DEBUG Tt4b_Pixel_Class::inject_view_content_event: hit ViewContent
2025-01-22T14:46:01+00:00 DEBUG POST: https://business-api.tiktok.com/open_api/v1.3/event/track/

{"partner_name":"WooCommerce","event_source":"web","event_source_id":"CSM79Q3C77UAG1T340I0","data":[{"event":"ViewContent","event_id":"679104a9447e3_tt4b_woocommerce_670666209cf1f_4018","event_time":1737557161,"user":{"ip":"62.210.13.154","user_agent":"WP Rocket\/Preload","locale":"ar","external_id":"0","email":"e3b0c44298fc1c149afbf4c8996fb92427ae41e4649b934ca495991b7852b855","phone_number":"e3b0c44298fc1c149afbf4c8996fb92427ae41e4649b934ca495991b7852b855","first_name":"e3b0c44298fc1c149afbf4c8996fb92427ae41e4649b934ca495991b7852b855","last_name":"e3b0c44298fc1c149afbf4c8996fb92427ae41e4649b934ca495991b7852b855","zip_code":"e3b0c44298fc1c149afbf4c8996fb92427ae41e4649b934ca495991b7852b855"},"properties":{"contents":[{"price":199,"quantity":1,"content_id":"4018","content_name":"\u0637\u0628\u0627\u0639\u0629 \u0638\u0631\u0648\u0641 A4\\C4","description":"\u0637\u0628\u0627\u0639\u0629 \u0645\u0644\u0648\u0646\u0629 \u0639\u0644\u0649 \u062c\u0647\u0629 \u0648\u0627\u062d\u062f\u0629 \u0645\u0646 \u0627\u0644\u0638\u0631\u0641 \u0645\u0646 \u0627\u0644\u062e\u0644\u0641 \u0641\u0642\u0637 (\u0644\u0648\u0646 \u0627\u0644\u0638\u0631\u0641 \u0623\u0628\u064a\u0636).\r\n\u0645\u0644\u0627\u062d\u0638\u0629 \u0645\u0647\u0645\u0629 : \u0645\u0642\u0627\u0633 \u0627\u0644\u0638\u0631\u0641 : 25 \u00d7 35 \u0633\u0645 \u060c \u062a\u062a\u0631\u0643 \u0647\u0648\u0627\u0645\u0634 \u0641\u0627\u0631\u063a\u0629 \u0641\u064a \u062d\u0648\u0627\u0641 \u0627\u0644\u0638\u0631\u0641 \u0639\u0646\u062f \u0627\u0644\u0637\u0628\u0627\u0639\u0629\r\n\u0645\u062f\u0629 \u062a\u0646\u0641\u064a\u0630 \u0627\u0644\u0637\u0644\u0628 : 3 \u2013 5 \u0623\u064a\u0627\u0645 \u0639\u0645\u0644 \u0628\u0639\u062f \u0627\u0639\u062a\u0645\u0627\u062f \u0627\u0644\u0637\u0644\u0628 \u0648\u0627\u0644\u062a\u0635\u0645\u064a\u0645 \u0648\u062d\u0633\u0628 \u0627\u0644\u0643\u0645\u064a\u0629 (\u062a\u0632\u064a\u062f \u0627\u0644\u0645\u062f\u0629 \u0639\u0646\u062f \u0637\u0644\u0628 \u0627\u0644\u0634\u062d\u0646).","availability":"IN_STOCK","sale_price":199,"on_sale":false}],"content_type":"product","currency":"SAR","value":199,"event_trigger_source":"WooCommerce"},"page":{"url":"http:\/\/ibn-sinaa.com\/product\/print-envelopes-a4\/"}}]}
 ajax: no
2025-01-22T14:46:01+00:00 DEBUG Tt4b_Mapi_Class::mapi_post: Response: 

HTTP/1.1 200 OK
Server: nginx
Content-Type: application/json
Content-Length: 92
X-Tt-Logid: 2025012214460187595AEDB7EE725B7E77
x-tt-trace-host: 018e5a586174a888928d793bdac74b79b52a36c08622bbc2ac99357be22beb959a7b86c8c8a9385bc09b9316ec6d721e068040ad96c23a6e427004757f085769793657bd7467f85ff7e3027c8c7d1ed39b1609d2efa9fe81b046e2d90912c01a40b0e30187bbe50f7c39893f83161aef7c
x-tt-trace-id: 00-25012214460187595AEDB7EE725B7E77-28F2D2657F8C043E-00
X-Origin-Response-Time: 51,23.52.15.143
X-Akamai-Request-ID: e07406d.11833a2b
Expires: Wed, 22 Jan 2025 14:46:01 GMT
Cache-Control: max-age=0, no-cache, no-store
Pragma: no-cache
Date: Wed, 22 Jan 2025 14:46:01 GMT
X-Cache: TCP_MISS from a95-101-134-36.deploy.akamaitechnologies.com (AkamaiGHost/11.8.0-1debf780f7d7c834933fa9689361eec6) (-)
Connection: close
X-Cache-Remote: TCP_MISS from a23-52-15-143.deploy.akamaitechnologies.com (AkamaiGHost/11.8.0-1debf780f7d7c834933fa9689361eec6) (-)
x-tt-trace-tag: id=16;cdn-cache=miss;type=dyn
Server-Timing: cdn-cache; desc=MISS, edge; dur=88, origin; dur=51
Server-Timing: inner; dur=48
X-Parent-Response-Time: 131,95.101.134.36

{"code": 0, "message": "OK", "request_id": "2025012214460187595AEDB7EE725B7E77", "data": {}}
2025-01-22T14:46:02+00:00 DEBUG POST: https://business-api.tiktok.com/open_api/v1.3/event/track/

{"partner_name":"WooCommerce","event_source":"web","event_source_id":"CSM79Q3C77UAG1T340I0","data":[{"event":"Pageview","event_id":"679104aa18a67_tt4b_woocommerce_670666209cf1f","event_time":1737557162,"user":{"ip":"62.210.13.154","user_agent":"WP Rocket\/Preload","locale":"ar","external_id":"0","email":"e3b0c44298fc1c149afbf4c8996fb92427ae41e4649b934ca495991b7852b855","phone_number":"e3b0c44298fc1c149afbf4c8996fb92427ae41e4649b934ca495991b7852b855","first_name":"e3b0c44298fc1c149afbf4c8996fb92427ae41e4649b934ca495991b7852b855","last_name":"e3b0c44298fc1c149afbf4c8996fb92427ae41e4649b934ca495991b7852b855","zip_code":"e3b0c44298fc1c149afbf4c8996fb92427ae41e4649b934ca495991b7852b855"},"page":{"url":"http:\/\/ibn-sinaa.com\/product\/a6-wirebound-notebook-printing\/"}}]}
 ajax: no
2025-01-22T14:46:02+00:00 DEBUG Tt4b_Mapi_Class::mapi_post: Response: 

HTTP/1.1 200 OK
Server: nginx
Content-Type: application/json
Content-Length: 92
X-Tt-Logid: 20250122144602F3A93556D64F6222C5BD
x-tt-trace-host: 018e5a586174a888928d793bdac74b79b52a36c08622bbc2ac99357be22beb959a9bb0be4690a1e2cb75fa873e206725ddd1e79bd50191a0df6e42e7f344e20b8f25e332ed448cf72f7fbb0a160022daaa9679ef9e7b434d9fe0eccf803eccf04b46ff336bffba34824ab020284448ade1
x-tt-trace-id: 00-250122144602F3A93556D64F6222C5BD-7D8E38267FE1A715-00
X-Origin-Response-Time: 100,23.213.246.241
X-Akamai-Request-ID: 9057cc95.11835090
Expires: Wed, 22 Jan 2025 14:46:02 GMT
Cache-Control: max-age=0, no-cache, no-store
Pragma: no-cache
Date: Wed, 22 Jan 2025 14:46:02 GMT
X-Cache: TCP_MISS from a95-101-134-36.deploy.akamaitechnologies.com (AkamaiGHost/11.8.0-1debf780f7d7c834933fa9689361eec6) (-)
Connection: close
X-Cache-Remote: TCP_MISS from a23-213-246-241.deploy.akamaitechnologies.com (AkamaiGHost/11.8.0-2d0f2d516c5d43e1487924a77ec5924a) (-)
x-tt-trace-tag: id=16;cdn-cache=miss;type=dyn
Server-Timing: cdn-cache; desc=MISS, edge; dur=85, origin; dur=100
Server-Timing: inner; dur=95
X-Parent-Response-Time: 180,95.101.134.36

{"code": 0, "message": "OK", "request_id": "20250122144602F3A93556D64F6222C5BD", "data": {}}
2025-01-22T14:46:02+00:00 DEBUG Tt4b_Pixel_Class::inject_view_content_event: hit ViewContent
2025-01-22T14:46:02+00:00 DEBUG POST: https://business-api.tiktok.com/open_api/v1.3/event/track/

{"partner_name":"WooCommerce","event_source":"web","event_source_id":"CSM79Q3C77UAG1T340I0","data":[{"event":"ViewContent","event_id":"679104aa90069_tt4b_woocommerce_670666209cf1f_4015","event_time":1737557162,"user":{"ip":"62.210.13.154","user_agent":"WP Rocket\/Preload","locale":"ar","external_id":"0","email":"e3b0c44298fc1c149afbf4c8996fb92427ae41e4649b934ca495991b7852b855","phone_number":"e3b0c44298fc1c149afbf4c8996fb92427ae41e4649b934ca495991b7852b855","first_name":"e3b0c44298fc1c149afbf4c8996fb92427ae41e4649b934ca495991b7852b855","last_name":"e3b0c44298fc1c149afbf4c8996fb92427ae41e4649b934ca495991b7852b855","zip_code":"e3b0c44298fc1c149afbf4c8996fb92427ae41e4649b934ca495991b7852b855"},"properties":{"contents":[{"price":59,"quantity":1,"content_id":"4015","content_name":"\u0637\u0628\u0627\u0639\u0629 \u0646\u0648\u062a\u0629 \u063a\u0644\u0627\u0641 \u0633\u0644\u0643 A6","description":".\u0646\u0648\u062a\u0629 \u0645\u0639 \u063a\u0644\u0627\u0641 \u0633\u0644\u0643 \u0645\u0642\u0627\u0633 A6 \u0648\u0648\u0631\u0642 \u062f\u0627\u062e\u0644\u064a \u0627\u0628\u064a\u0636 \u0648 \u0627\u0633\u0648\u062f.\r\n.\u0627\u0644\u0648\u0631\u0642 \u0627\u0644\u062f\u0627\u062e\u0644\u064a: \u0648\u0631\u0642 \u0639\u0627\u062f\u064a 80 \u062c\u0631\u0627\u0645 \u0639\u062f\u062f 50 \u0648\u0631\u0642\u0629 \u060c \u0627\u0644\u063a\u0644\u0627\u0641: \u0648\u0631\u0642 \u0643\u0648\u0634\u064a\u0647 350 \u062c\u0631\u0627\u0645 \u0645\u0639 \u0633\u0644\u0641\u0627\u0646.\r\n.\u0645\u062f\u0629 \u0627\u0644\u062a\u0646\u0641\u064a\u0630 \u0627\u0644\u0645\u062a\u0648\u0642\u0639\u0629: \u0645\u0646 3 \u0625\u0644\u0649 5 \u0623\u064a\u0627\u0645 \u0639\u0645\u0644 \u0628\u0639\u062f \u0627\u0639\u062a\u0645\u0627\u062f \u0627\u0644\u062a\u0635\u0645\u064a\u0645 \u0648\u0627\u0644\u0637\u0644\u0628 \u062d\u0633\u0628 \u0627\u0644\u0643\u0645\u064a\u0629 (\u062a\u0632\u064a\u062f \u0627\u0644\u0645\u062f\u0629 \u0639\u0646\u062f \u0637\u0644\u0628 \u0627\u0644\u0634\u062d\u0646).","availability":"IN_STOCK","sale_price":59,"on_sale":false}],"content_type":"product","currency":"SAR","value":59,"event_trigger_source":"WooCommerce"},"page":{"url":"http:\/\/ibn-sinaa.com\/product\/a6-wirebound-notebook-printing\/"}}]}
 ajax: no
2025-01-22T14:46:02+00:00 DEBUG Tt4b_Mapi_Class::mapi_post: Response: 

HTTP/1.1 200 OK
Server: nginx
Content-Type: application/json
Content-Length: 92
X-Tt-Logid: 202501221446023A1B32331CDCF352473A
x-tt-trace-host: 018e5a586174a888928d793bdac74b79b519a86797e72c2eba011e03e23beee17d2f05075c31f112b5e5cf7949430a5faef6dda13c920779c6a035c96e97879382a4c82a2a3e989070d76d3c74f1131adaec5036c6be5ecc6516edd51c914c4566c0ecdf3d220bbba08e2c1bba2760dcc5
x-tt-trace-id: 00-2501221446023A1B32331CDCF352473A-5B9C69736BF366B7-00
X-Origin-Response-Time: 33,23.207.199.47
X-Akamai-Request-ID: a9d3329.188162a1
Expires: Wed, 22 Jan 2025 14:46:02 GMT
Cache-Control: max-age=0, no-cache, no-store
Pragma: no-cache
Date: Wed, 22 Jan 2025 14:46:02 GMT
X-Cache: TCP_MISS from a95-101-134-116.deploy.akamaitechnologies.com (AkamaiGHost/11.8.0-1debf780f7d7c834933fa9689361eec6) (-)
Connection: close
X-Cache-Remote: TCP_MISS from a23-207-199-47.deploy.akamaitechnologies.com (AkamaiGHost/11.8.0-1debf780f7d7c834933fa9689361eec6) (-)
x-tt-trace-tag: id=16;cdn-cache=miss;type=dyn
Server-Timing: cdn-cache; desc=MISS, edge; dur=90, origin; dur=33
Server-Timing: inner; dur=30
X-Parent-Response-Time: 115,95.101.134.116

{"code": 0, "message": "OK", "request_id": "202501221446023A1B32331CDCF352473A", "data": {}}
2025-01-22T14:46:04+00:00 DEBUG POST: https://business-api.tiktok.com/open_api/v1.3/event/track/

{"partner_name":"WooCommerce","event_source":"web","event_source_id":"CSM79Q3C77UAG1T340I0","data":[{"event":"Pageview","event_id":"679104ac30acc_tt4b_woocommerce_670666209cf1f","event_time":1737557164,"user":{"ip":"62.210.13.154","user_agent":"WP Rocket\/Preload","locale":"ar","external_id":"0","email":"e3b0c44298fc1c149afbf4c8996fb92427ae41e4649b934ca495991b7852b855","phone_number":"e3b0c44298fc1c149afbf4c8996fb92427ae41e4649b934ca495991b7852b855","first_name":"e3b0c44298fc1c149afbf4c8996fb92427ae41e4649b934ca495991b7852b855","last_name":"e3b0c44298fc1c149afbf4c8996fb92427ae41e4649b934ca495991b7852b855","zip_code":"e3b0c44298fc1c149afbf4c8996fb92427ae41e4649b934ca495991b7852b855"},"page":{"url":"http:\/\/ibn-sinaa.com\/product\/a5-wirebound-notebook-printing\/"}}]}
 ajax: no
2025-01-22T14:46:04+00:00 DEBUG Tt4b_Mapi_Class::mapi_post: Response: 

HTTP/1.1 200 OK
Server: nginx
Content-Type: application/json
Content-Length: 92
X-Tt-Logid: 2025012214460426425998913C42121B49
x-tt-trace-host: 018e5a586174a888928d793bdac74b79b5b3c46136d344bf46da72cca5a862092ed7e49f3a168bfa94eef32c8543693d4d3e3166661c6217c17d2cddf2e1b710aba897cdd0e307f1112645e9358eb5c00f6851da877cee141d6e1bb3c17ad5350a068af96e77f5b0325673279d1b9b4c2b
x-tt-trace-id: 00-25012214460426425998913C42121B49-4B1093E7992F347C-00
X-Origin-Response-Time: 25,23.213.246.228
X-Akamai-Request-ID: 72d22180.762b6c9
Expires: Wed, 22 Jan 2025 14:46:04 GMT
Cache-Control: max-age=0, no-cache, no-store
Pragma: no-cache
Date: Wed, 22 Jan 2025 14:46:04 GMT
X-Cache: TCP_MISS from a95-101-134-30.deploy.akamaitechnologies.com (AkamaiGHost/11.8.0-1debf780f7d7c834933fa9689361eec6) (-)
Connection: close
X-Cache-Remote: TCP_MISS from a23-213-246-228.deploy.akamaitechnologies.com (AkamaiGHost/11.8.0-1debf780f7d7c834933fa9689361eec6) (-)
x-tt-trace-tag: id=16;cdn-cache=miss;type=dyn
Server-Timing: cdn-cache; desc=MISS, edge; dur=91, origin; dur=25
Server-Timing: inner; dur=21
X-Parent-Response-Time: 109,95.101.134.30

{"code": 0, "message": "OK", "request_id": "2025012214460426425998913C42121B49", "data": {}}
2025-01-22T14:46:04+00:00 DEBUG Tt4b_Pixel_Class::inject_view_content_event: hit ViewContent
2025-01-22T14:46:04+00:00 DEBUG POST: https://business-api.tiktok.com/open_api/v1.3/event/track/

{"partner_name":"WooCommerce","event_source":"web","event_source_id":"CSM79Q3C77UAG1T340I0","data":[{"event":"ViewContent","event_id":"679104ac880f6_tt4b_woocommerce_670666209cf1f_4009","event_time":1737557164,"user":{"ip":"62.210.13.154","user_agent":"WP Rocket\/Preload","locale":"ar","external_id":"0","email":"e3b0c44298fc1c149afbf4c8996fb92427ae41e4649b934ca495991b7852b855","phone_number":"e3b0c44298fc1c149afbf4c8996fb92427ae41e4649b934ca495991b7852b855","first_name":"e3b0c44298fc1c149afbf4c8996fb92427ae41e4649b934ca495991b7852b855","last_name":"e3b0c44298fc1c149afbf4c8996fb92427ae41e4649b934ca495991b7852b855","zip_code":"e3b0c44298fc1c149afbf4c8996fb92427ae41e4649b934ca495991b7852b855"},"properties":{"contents":[{"price":99,"quantity":1,"content_id":"4009","content_name":"\u0637\u0628\u0627\u0639\u0629 \u0646\u0648\u062a\u0629 \u063a\u0644\u0627\u0641 \u0633\u0644\u0643 A5","description":"\u0646\u0648\u062a\u0629 \u0645\u0639 \u063a\u0644\u0627\u0641 \u0633\u0644\u0643 \u0645\u0642\u0627\u0633 A5 \u0648\u0648\u0631\u0642 \u062f\u0627\u062e\u0644\u064a \u0627\u0628\u064a\u0636 \u0648 \u0627\u0633\u0648\u062f.\r\n\u0627\u0644\u0648\u0631\u0642 \u0627\u0644\u062f\u0627\u062e\u0644\u064a: \u0648\u0631\u0642 \u0639\u0627\u062f\u064a 80 \u062c\u0631\u0627\u0645 \u0639\u062f\u062f 50 \u0648\u0631\u0642\u0629 \u060c \u0627\u0644\u063a\u0644\u0627\u0641: \u0648\u0631\u0642 \u0643\u0648\u0634\u064a\u0647 350 \u062c\u0631\u0627\u0645 \u0645\u0639 \u0633\u0644\u0641\u0627\u0646.\r\n\u0645\u062f\u0629 \u0627\u0644\u062a\u0646\u0641\u064a\u0630 \u0627\u0644\u0645\u062a\u0648\u0642\u0639\u0629: \u0645\u0646 3 \u0625\u0644\u0649 5 \u0623\u064a\u0627\u0645 \u0639\u0645\u0644 \u0628\u0639\u062f \u0627\u0639\u062a\u0645\u0627\u062f \u0627\u0644\u062a\u0635\u0645\u064a\u0645 \u0648\u0627\u0644\u0637\u0644\u0628 \u062d\u0633\u0628 \u0627\u0644\u0643\u0645\u064a\u0629 (\u062a\u0632\u064a\u062f \u0627\u0644\u0645\u062f\u0629 \u0639\u0646\u062f \u0637\u0644\u0628 \u0627\u0644\u0634\u062d\u0646).","availability":"IN_STOCK","sale_price":99,"on_sale":false}],"content_type":"product","currency":"SAR","value":99,"event_trigger_source":"WooCommerce"},"page":{"url":"http:\/\/ibn-sinaa.com\/product\/a5-wirebound-notebook-printing\/"}}]}
 ajax: no
2025-01-22T14:46:04+00:00 DEBUG Tt4b_Mapi_Class::mapi_post: Response: 

HTTP/1.1 200 OK
Server: nginx
Content-Type: application/json
Content-Length: 92
X-Tt-Logid: 2025012214460481CC40855FB616A7C7F2
x-tt-trace-host: 018e5a586174a888928d793bdac74b79b5b3c46136d344bf46da72cca5a862092ed02b692230ad162fa0d15764aa61ed72b2e30cada1eb15e804cd046f4aaec99c8869df71096868481d18b37743599bd7bbb8b8b0d437d1c4074218babb31b0c008a36bdbc0994a3fae44e2d29f82b32b
x-tt-trace-id: 00-25012214460481CC40855FB616A7C7F2-2A6B55458BE77790-00
X-Origin-Response-Time: 22,23.52.15.143
X-Akamai-Request-ID: e086c18.762c480
Expires: Wed, 22 Jan 2025 14:46:04 GMT
Cache-Control: max-age=0, no-cache, no-store
Pragma: no-cache
Date: Wed, 22 Jan 2025 14:46:04 GMT
X-Cache: TCP_MISS from a95-101-134-30.deploy.akamaitechnologies.com (AkamaiGHost/11.8.0-1debf780f7d7c834933fa9689361eec6) (-)
Connection: close
X-Cache-Remote: TCP_MISS from a23-52-15-143.deploy.akamaitechnologies.com (AkamaiGHost/11.8.0-1debf780f7d7c834933fa9689361eec6) (-)
x-tt-trace-tag: id=16;cdn-cache=miss;type=dyn
Server-Timing: cdn-cache; desc=MISS, edge; dur=89, origin; dur=22
Server-Timing: inner; dur=20
X-Parent-Response-Time: 103,95.101.134.30

{"code": 0, "message": "OK", "request_id": "2025012214460481CC40855FB616A7C7F2", "data": {}}
2025-01-22T14:46:06+00:00 DEBUG POST: https://business-api.tiktok.com/open_api/v1.3/event/track/

{"partner_name":"WooCommerce","event_source":"web","event_source_id":"CSM79Q3C77UAG1T340I0","data":[{"event":"Pageview","event_id":"679104ae730d1_tt4b_woocommerce_670666209cf1f","event_time":1737557166,"user":{"ip":"62.210.13.154","user_agent":"WP Rocket\/Preload","locale":"ar","external_id":"0","email":"e3b0c44298fc1c149afbf4c8996fb92427ae41e4649b934ca495991b7852b855","phone_number":"e3b0c44298fc1c149afbf4c8996fb92427ae41e4649b934ca495991b7852b855","first_name":"e3b0c44298fc1c149afbf4c8996fb92427ae41e4649b934ca495991b7852b855","last_name":"e3b0c44298fc1c149afbf4c8996fb92427ae41e4649b934ca495991b7852b855","zip_code":"e3b0c44298fc1c149afbf4c8996fb92427ae41e4649b934ca495991b7852b855"},"page":{"url":"http:\/\/ibn-sinaa.com\/product\/print-notebook-thick-cover-a6\/"}}]}
 ajax: no
2025-01-22T14:46:06+00:00 DEBUG Tt4b_Mapi_Class::mapi_post: Response: 

HTTP/1.1 200 OK
Server: nginx
Content-Type: application/json
Content-Length: 92
X-Tt-Logid: 2025012214460687595AEDB7EE725B809E
x-tt-trace-host: 018e5a586174a888928d793bdac74b79b5e700587fe39153d955d7444df1af3be59b0d4b780b01dfdbd89aa5401438d31fe5d65c14cb0641c13b8e4e1d1b1f492ffe610eeb64e8d400aa47b9a97958529516e311ceef568a504832e4468dfd03b53ea22c1eb217bcb8baef228fe302533d
x-tt-trace-id: 00-25012214460687595AEDB7EE725B809E-28F2D2657F8C0C69-00
X-Origin-Response-Time: 30,23.52.15.143
X-Akamai-Request-ID: e08c83f.63592eb
Expires: Wed, 22 Jan 2025 14:46:06 GMT
Cache-Control: max-age=0, no-cache, no-store
Pragma: no-cache
Date: Wed, 22 Jan 2025 14:46:06 GMT
X-Cache: TCP_MISS from a95-101-134-94.deploy.akamaitechnologies.com (AkamaiGHost/11.8.0-1debf780f7d7c834933fa9689361eec6) (-)
Connection: close
X-Cache-Remote: TCP_MISS from a23-52-15-143.deploy.akamaitechnologies.com (AkamaiGHost/11.8.0-1debf780f7d7c834933fa9689361eec6) (-)
x-tt-trace-tag: id=16;cdn-cache=miss;type=dyn
Server-Timing: cdn-cache; desc=MISS, edge; dur=86, origin; dur=30
Server-Timing: inner; dur=29
X-Parent-Response-Time: 112,95.101.134.94

{"code": 0, "message": "OK", "request_id": "2025012214460687595AEDB7EE725B809E", "data": {}}
2025-01-22T14:46:06+00:00 DEBUG Tt4b_Pixel_Class::inject_view_content_event: hit ViewContent
2025-01-22T14:46:06+00:00 DEBUG POST: https://business-api.tiktok.com/open_api/v1.3/event/track/

{"partner_name":"WooCommerce","event_source":"web","event_source_id":"CSM79Q3C77UAG1T340I0","data":[{"event":"ViewContent","event_id":"679104aecb81d_tt4b_woocommerce_670666209cf1f_4003","event_time":1737557166,"user":{"ip":"62.210.13.154","user_agent":"WP Rocket\/Preload","locale":"ar","external_id":"0","email":"e3b0c44298fc1c149afbf4c8996fb92427ae41e4649b934ca495991b7852b855","phone_number":"e3b0c44298fc1c149afbf4c8996fb92427ae41e4649b934ca495991b7852b855","first_name":"e3b0c44298fc1c149afbf4c8996fb92427ae41e4649b934ca495991b7852b855","last_name":"e3b0c44298fc1c149afbf4c8996fb92427ae41e4649b934ca495991b7852b855","zip_code":"e3b0c44298fc1c149afbf4c8996fb92427ae41e4649b934ca495991b7852b855"},"properties":{"contents":[{"price":59,"quantity":1,"content_id":"4003","content_name":"\u0637\u0628\u0627\u0639\u0629 \u0646\u0648\u062a\u0629 \u063a\u0644\u0627\u0641 \u0633\u0645\u064a\u0643 A6","description":"\u0646\u0648\u062a\u0629 \u0645\u0639 \u063a\u0644\u0627\u0641 \u0633\u0645\u064a\u0643 \u0645\u0642\u0627\u0633 A6 \u0648\u0648\u0631\u0642 \u062f\u0627\u062e\u0644\u064a \u0627\u0628\u064a\u0636 \u0648 \u0627\u0633\u0648\u062f.\r\n\u0627\u0644\u0648\u0631\u0642 \u0627\u0644\u062f\u0627\u062e\u0644\u064a: \u0648\u0631\u0642 \u0639\u0627\u062f\u064a 80 \u062c\u0631\u0627\u0645 \u0639\u062f\u062f 50 \u0648\u0642\u0629 \u060c \u0627\u0644\u063a\u0644\u0627\u0641: \u0648\u0631\u0642 \u0643\u0648\u0634\u064a\u0647 350 \u062c\u0631\u0627\u0645 \u0645\u0639 \u0633\u0644\u0641\u0627\u0646.\r\n\u0645\u062f\u0629 \u0627\u0644\u062a\u0646\u0641\u064a\u0630 \u0627\u0644\u0645\u062a\u0648\u0642\u0639\u0629: \u0645\u0646 3 \u0625\u0644\u0649 5 \u0623\u064a\u0627\u0645 \u0639\u0645\u0644 \u0628\u0639\u062f \u0627\u0639\u062a\u0645\u0627\u062f \u0627\u0644\u062a\u0635\u0645\u064a\u0645 \u0648\u0627\u0644\u0637\u0644\u0628 \u062d\u0633\u0628 \u0627\u0644\u0643\u0645\u064a\u0629 (\u062a\u0632\u064a\u062f \u0627\u0644\u0645\u062f\u0629 \u0639\u0646\u062f \u0637\u0644\u0628 \u0627\u0644\u0634\u062d\u0646).","availability":"IN_STOCK","sale_price":59,"on_sale":false}],"content_type":"product","currency":"SAR","value":59,"event_trigger_source":"WooCommerce"},"page":{"url":"http:\/\/ibn-sinaa.com\/product\/print-notebook-thick-cover-a6\/"}}]}
 ajax: no
2025-01-22T14:46:07+00:00 DEBUG Tt4b_Mapi_Class::mapi_post: Response: 

HTTP/1.1 200 OK
Server: nginx
Content-Type: application/json
Content-Length: 92
X-Tt-Logid: 202501221446061DEB06C1FBAA7CEA47D5
x-tt-trace-host: 018e5a586174a888928d793bdac74b79b5b3c46136d344bf46da72cca5a862092eb8e2e70586e0152ad5aca6615532b1cbca28fe8442f9fe6a3f38b5a35d5cb6475442ee3b94e662fb9a76cbd1ea3fa1de249ced93b89d8d399c9e4f16157a4d7c29c49b408644a39a0f0039ae73f7f04e
x-tt-trace-id: 00-2501221446061DEB06C1FBAA7CEA47D5-6223839E9E7E571D-00
X-Origin-Response-Time: 30,23.218.219.34
X-Akamai-Request-ID: b887e9d.7631ea8
Expires: Wed, 22 Jan 2025 14:46:07 GMT
Cache-Control: max-age=0, no-cache, no-store
Pragma: no-cache
Date: Wed, 22 Jan 2025 14:46:07 GMT
X-Cache: TCP_MISS from a95-101-134-30.deploy.akamaitechnologies.com (AkamaiGHost/11.8.0-1debf780f7d7c834933fa9689361eec6) (-)
Connection: close
X-Cache-Remote: TCP_MISS from a23-218-219-34.deploy.akamaitechnologies.com (AkamaiGHost/11.8.0-1debf780f7d7c834933fa9689361eec6) (-)
x-tt-trace-tag: id=16;cdn-cache=miss;type=dyn
Server-Timing: cdn-cache; desc=MISS, edge; dur=95, origin; dur=30
Server-Timing: inner; dur=27
X-Parent-Response-Time: 116,95.101.134.30

{"code": 0, "message": "OK", "request_id": "202501221446061DEB06C1FBAA7CEA47D5", "data": {}}
2025-01-22T14:46:07+00:00 DEBUG POST: https://business-api.tiktok.com/open_api/v1.3/event/track/

{"partner_name":"WooCommerce","event_source":"web","event_source_id":"CSM79Q3C77UAG1T340I0","data":[{"event":"Pageview","event_id":"679104af70a3f_tt4b_woocommerce_670666209cf1f","event_time":1737557167,"user":{"ip":"207.46.13.124","user_agent":"Mozilla\/5.0 AppleWebKit\/537.36 (KHTML, like Gecko; compatible; bingbot\/2.0; +http:\/\/www.bing.com\/bingbot.htm) Chrome\/116.0.1938.76 Safari\/537.36","locale":"ar","external_id":"0","email":"e3b0c44298fc1c149afbf4c8996fb92427ae41e4649b934ca495991b7852b855","phone_number":"e3b0c44298fc1c149afbf4c8996fb92427ae41e4649b934ca495991b7852b855","first_name":"e3b0c44298fc1c149afbf4c8996fb92427ae41e4649b934ca495991b7852b855","last_name":"e3b0c44298fc1c149afbf4c8996fb92427ae41e4649b934ca495991b7852b855","zip_code":"e3b0c44298fc1c149afbf4c8996fb92427ae41e4649b934ca495991b7852b855"},"page":{"url":"http:\/\/ibn-sinaa.com\/product-tag\/%D8%B7%D8%A8%D8%A7%D8%B9%D9%87-%D8%B9%D9%84%D9%89-%D9%81%D9%84%D9%8A%D9%86\/"}}]}
 ajax: no
2025-01-22T14:46:07+00:00 DEBUG Tt4b_Mapi_Class::mapi_post: Response: 

HTTP/1.1 200 OK
Server: nginx
Content-Type: application/json
Content-Length: 92
X-Tt-Logid: 20250122144607F698220AA5CF3879D57E
x-tt-trace-host: 018e5a586174a888928d793bdac74b79b5e700587fe39153d955d7444df1af3be5a14c7747f1e5944dd83083b56c5e98fa0e445904e038cffe4562e0f1c1ea319bad70019b87787deea009f097b03633e239b21430967753f1b503ae2fe8a99614464f5d5979c70e552dba765482b11b75
x-tt-trace-id: 00-250122144607F698220AA5CF3879D57E-2DAD317DAE5BD6C6-00
X-Origin-Response-Time: 25,23.218.219.8
X-Akamai-Request-ID: 69654b6.635ade7
Expires: Wed, 22 Jan 2025 14:46:07 GMT
Cache-Control: max-age=0, no-cache, no-store
Pragma: no-cache
Date: Wed, 22 Jan 2025 14:46:07 GMT
X-Cache: TCP_MISS from a95-101-134-94.deploy.akamaitechnologies.com (AkamaiGHost/11.8.0-1debf780f7d7c834933fa9689361eec6) (-)
Connection: close
X-Cache-Remote: TCP_MISS from a23-218-219-8.deploy.akamaitechnologies.com (AkamaiGHost/11.8.0-1debf780f7d7c834933fa9689361eec6) (-)
x-tt-trace-tag: id=16;cdn-cache=miss;type=dyn
Server-Timing: cdn-cache; desc=MISS, edge; dur=92, origin; dur=25
Server-Timing: inner; dur=22
X-Parent-Response-Time: 111,95.101.134.94

{"code": 0, "message": "OK", "request_id": "20250122144607F698220AA5CF3879D57E", "data": {}}
2025-01-22T14:46:08+00:00 DEBUG POST: https://business-api.tiktok.com/open_api/v1.3/event/track/

{"partner_name":"WooCommerce","event_source":"web","event_source_id":"CSM79Q3C77UAG1T340I0","data":[{"event":"Pageview","event_id":"679104b0ac6fc_tt4b_woocommerce_670666209cf1f","event_time":1737557168,"user":{"ip":"62.210.13.154","user_agent":"WP Rocket\/Preload","locale":"ar","external_id":"0","email":"e3b0c44298fc1c149afbf4c8996fb92427ae41e4649b934ca495991b7852b855","phone_number":"e3b0c44298fc1c149afbf4c8996fb92427ae41e4649b934ca495991b7852b855","first_name":"e3b0c44298fc1c149afbf4c8996fb92427ae41e4649b934ca495991b7852b855","last_name":"e3b0c44298fc1c149afbf4c8996fb92427ae41e4649b934ca495991b7852b855","zip_code":"e3b0c44298fc1c149afbf4c8996fb92427ae41e4649b934ca495991b7852b855"},"page":{"url":"http:\/\/ibn-sinaa.com\/product\/print-notebook-thick-cover-a5\/"}}]}
 ajax: no
2025-01-22T14:46:08+00:00 DEBUG Tt4b_Mapi_Class::mapi_post: Response: 

HTTP/1.1 200 OK
Server: nginx
Content-Type: application/json
Content-Length: 92
X-Tt-Logid: 20250122144608F8EEB80E80D2E5DAB65C
x-tt-trace-host: 018e5a586174a888928d793bdac74b79b5e700587fe39153d955d7444df1af3be5ca8be068b41998baf0912883548fe757d32755f54c9526fee83a7a460fc0f82a21c977975ca79a59cd1cdbd1f35b962012350c3de2ac248ae17b4fcc19777a6e082c75c0a960a0be5523470be60f9b01
x-tt-trace-id: 00-250122144608F8EEB80E80D2E5DAB65C-28F2D2657F4EA2CE-00
X-Origin-Response-Time: 112,23.213.246.240
X-Akamai-Request-ID: bcf371b0.635cf99
Expires: Wed, 22 Jan 2025 14:46:08 GMT
Cache-Control: max-age=0, no-cache, no-store
Pragma: no-cache
Date: Wed, 22 Jan 2025 14:46:08 GMT
X-Cache: TCP_MISS from a95-101-134-94.deploy.akamaitechnologies.com (AkamaiGHost/11.8.0-1debf780f7d7c834933fa9689361eec6) (-)
Connection: close
X-Cache-Remote: TCP_MISS from a23-213-246-240.deploy.akamaitechnologies.com (AkamaiGHost/11.8.0-1debf780f7d7c834933fa9689361eec6) (-)
x-tt-trace-tag: id=16;cdn-cache=miss;type=dyn
Server-Timing: cdn-cache; desc=MISS, edge; dur=87, origin; dur=112
Server-Timing: inner; dur=102
X-Parent-Response-Time: 194,95.101.134.94

{"code": 0, "message": "OK", "request_id": "20250122144608F8EEB80E80D2E5DAB65C", "data": {}}
2025-01-22T14:46:09+00:00 DEBUG Tt4b_Pixel_Class::inject_view_content_event: hit ViewContent
2025-01-22T14:46:09+00:00 DEBUG POST: https://business-api.tiktok.com/open_api/v1.3/event/track/

{"partner_name":"WooCommerce","event_source":"web","event_source_id":"CSM79Q3C77UAG1T340I0","data":[{"event":"ViewContent","event_id":"679104b102f1e_tt4b_woocommerce_670666209cf1f_3999","event_time":1737557169,"user":{"ip":"62.210.13.154","user_agent":"WP Rocket\/Preload","locale":"ar","external_id":"0","email":"e3b0c44298fc1c149afbf4c8996fb92427ae41e4649b934ca495991b7852b855","phone_number":"e3b0c44298fc1c149afbf4c8996fb92427ae41e4649b934ca495991b7852b855","first_name":"e3b0c44298fc1c149afbf4c8996fb92427ae41e4649b934ca495991b7852b855","last_name":"e3b0c44298fc1c149afbf4c8996fb92427ae41e4649b934ca495991b7852b855","zip_code":"e3b0c44298fc1c149afbf4c8996fb92427ae41e4649b934ca495991b7852b855"},"properties":{"contents":[{"price":99,"quantity":1,"content_id":"3999","content_name":"\u0637\u0628\u0627\u0639\u0629 \u0646\u0648\u062a\u0629 \u063a\u0644\u0627\u0641 \u0633\u0645\u064a\u0643 A5","description":"\u0646\u0648\u062a\u0629 \u0645\u0639 \u063a\u0644\u0627\u0641 \u0633\u0645\u064a\u0643 \u0645\u0642\u0627\u0633 A5 \u0648\u0648\u0631\u0642 \u062f\u0627\u062e\u0644\u064a \u0627\u0628\u064a\u0636 \u0648 \u0627\u0633\u0648\u062f.\r\n\u0627\u0644\u0648\u0631\u0642 \u0627\u0644\u062f\u0627\u062e\u0644\u064a: \u0648\u0631\u0642 \u0639\u0627\u062f\u064a 80 \u062c\u0631\u0627\u0645 \u0639\u062f\u062f 50 \u0648\u0631\u0642\u0629\u060c \u0627\u0644\u063a\u0644\u0627\u0641: \u0648\u0631\u0642 \u0643\u0648\u0634\u064a\u0647 350 \u062c\u0631\u0627\u0645 \u0645\u0639 \u0633\u0644\u0641\u0627\u0646.\r\n\u0645\u062f\u0629 \u0627\u0644\u062a\u0646\u0641\u064a\u0630 \u0627\u0644\u0645\u062a\u0648\u0642\u0639\u0629: \u0645\u0646 3 \u0625\u0644\u0649 5 \u0623\u064a\u0627\u0645 \u0639\u0645\u0644 \u0628\u0639\u062f \u0627\u0639\u062a\u0645\u0627\u062f \u0627\u0644\u062a\u0635\u0645\u064a\u0645 \u0648\u0627\u0644\u0637\u0644\u0628 \u062d\u0633\u0628 \u0627\u0644\u0643\u0645\u064a\u0629 (\u062a\u0632\u064a\u062f \u0627\u0644\u0645\u062f\u0629 \u0639\u0646\u062f \u0637\u0644\u0628 \u0627\u0644\u0634\u062d\u0646).","availability":"IN_STOCK","sale_price":99,"on_sale":false}],"content_type":"product","currency":"SAR","value":99,"event_trigger_source":"WooCommerce"},"page":{"url":"http:\/\/ibn-sinaa.com\/product\/print-notebook-thick-cover-a5\/"}}]}
 ajax: no
2025-01-22T14:46:09+00:00 DEBUG Tt4b_Mapi_Class::mapi_post: Response: 

HTTP/1.1 200 OK
Server: nginx
Content-Type: application/json
Content-Length: 92
X-Tt-Logid: 202501221446095768B203B50A50E41644
Server-Timing: inner; dur=31
x-tt-trace-host: 018e5a586174a888928d793bdac74b79b546481499826e61e341177deeedfd94a462debe0f7a66157b86087b6d8ae440e7e402c201805c48cd70fe13e8b8144fbb8e7b4619ca599993f3d90191c98163b729ead06d9b87da424217e18c9cc90b2e
x-tt-trace-id: 00-2501221446095768B203B50A50E41644-7E54CB7175666D3A-00
Expires: Wed, 22 Jan 2025 14:46:09 GMT
Cache-Control: max-age=0, no-cache, no-store
Pragma: no-cache
Date: Wed, 22 Jan 2025 14:46:09 GMT
X-Cache: TCP_MISS from a95-101-134-30.deploy.akamaitechnologies.com (AkamaiGHost/11.8.0-1debf780f7d7c834933fa9689361eec6) (-)
Connection: close
x-tt-trace-tag: id=16;cdn-cache=miss;type=dyn
Server-Timing: cdn-cache; desc=MISS, edge; dur=9, origin; dur=117
X-Origin-Response-Time: 117,95.101.134.30
X-Akamai-Request-ID: 7636c55

{"code": 0, "message": "OK", "request_id": "202501221446095768B203B50A50E41644", "data": {}}
2025-01-22T14:46:30+00:00 DEBUG POST: https://business-api.tiktok.com/open_api/v1.3/event/track/

{"partner_name":"WooCommerce","event_source":"web","event_source_id":"CSM79Q3C77UAG1T340I0","data":[{"event":"Pageview","event_id":"679104c6f3230_tt4b_woocommerce_670666209cf1f","event_time":1737557190,"user":{"ip":"54.36.149.91","user_agent":"Mozilla\/5.0 (compatible; AhrefsBot\/7.0; +http:\/\/ahrefs.com\/robot\/)","locale":"ar","external_id":"0","email":"e3b0c44298fc1c149afbf4c8996fb92427ae41e4649b934ca495991b7852b855","phone_number":"e3b0c44298fc1c149afbf4c8996fb92427ae41e4649b934ca495991b7852b855","first_name":"e3b0c44298fc1c149afbf4c8996fb92427ae41e4649b934ca495991b7852b855","last_name":"e3b0c44298fc1c149afbf4c8996fb92427ae41e4649b934ca495991b7852b855","zip_code":"e3b0c44298fc1c149afbf4c8996fb92427ae41e4649b934ca495991b7852b855"},"page":{"url":"http:\/\/www.ibn-sinaa.com\/product\/%D8%B1%D8%A7%D9%8A%D8%A9-%D9%82%D9%88%D8%B3-%D9%82%D8%B2%D8%AD\/feed\/"}}]}
 ajax: no
2025-01-22T14:46:31+00:00 DEBUG Tt4b_Mapi_Class::mapi_post: Response: 

HTTP/1.1 200 OK
Server: nginx
Content-Type: application/json
Content-Length: 92
X-Tt-Logid: 202501221446317FBE214A198AA32047E5
x-tt-trace-host: 018e5a586174a888928d793bdac74b79b519a86797e72c2eba011e03e23beee17d871b76ebd0ab2a56a969a8459576cd4678377847e4997c60a35e5dea608afa8d9eeb72fcc3cdbdb213feb09646c8859588ad1671a50618c63912d9983b946527559c0b1508ddd149e3f168989082a1d8
x-tt-trace-id: 00-2501221446317FBE214A198AA32047E5-72C92C99610845C0-00
X-Origin-Response-Time: 20,23.218.219.52
X-Akamai-Request-ID: e7bcf2.1884f2ed
Expires: Wed, 22 Jan 2025 14:46:31 GMT
Cache-Control: max-age=0, no-cache, no-store
Pragma: no-cache
Date: Wed, 22 Jan 2025 14:46:31 GMT
X-Cache: TCP_MISS from a95-101-134-116.deploy.akamaitechnologies.com (AkamaiGHost/11.8.0-1debf780f7d7c834933fa9689361eec6) (-)
Connection: close
X-Cache-Remote: TCP_MISS from a23-218-219-52.deploy.akamaitechnologies.com (AkamaiGHost/11.8.0-1debf780f7d7c834933fa9689361eec6) (-)
x-tt-trace-tag: id=16;cdn-cache=miss;type=dyn
Server-Timing: cdn-cache; desc=MISS, edge; dur=95, origin; dur=20
Server-Timing: inner; dur=15
X-Parent-Response-Time: 106,95.101.134.116

{"code": 0, "message": "OK", "request_id": "202501221446317FBE214A198AA32047E5", "data": {}}
2025-01-22T14:46:45+00:00 DEBUG POST: https://business-api.tiktok.com/open_api/v1.3/event/track/

{"partner_name":"WooCommerce","event_source":"web","event_source_id":"CSM79Q3C77UAG1T340I0","data":[{"event":"Pageview","event_id":"679104d57f31f_tt4b_woocommerce_670666209cf1f","event_time":1737557205,"user":{"ip":"62.210.13.154","user_agent":"WP Rocket\/Preload","locale":"ar","external_id":"0","email":"e3b0c44298fc1c149afbf4c8996fb92427ae41e4649b934ca495991b7852b855","phone_number":"e3b0c44298fc1c149afbf4c8996fb92427ae41e4649b934ca495991b7852b855","first_name":"e3b0c44298fc1c149afbf4c8996fb92427ae41e4649b934ca495991b7852b855","last_name":"e3b0c44298fc1c149afbf4c8996fb92427ae41e4649b934ca495991b7852b855","zip_code":"e3b0c44298fc1c149afbf4c8996fb92427ae41e4649b934ca495991b7852b855"},"page":{"url":"http:\/\/ibn-sinaa.com\/product\/print-coupons\/"}}]}
 ajax: no
2025-01-22T14:46:45+00:00 DEBUG Tt4b_Mapi_Class::mapi_post: Response: 

HTTP/1.1 200 OK
Server: nginx
Content-Type: application/json
Content-Length: 92
X-Tt-Logid: 20250122144645049E92B0DD198AECC32C
x-tt-trace-host: 018e5a586174a888928d793bdac74b79b50bdfdf3db9754ca5b59e9cfdb366171e3f2db5c8218479bc79522e72b03196085471707a1604b5b6183c819e3fb7aa2deedf7ecec057e2d10dde11e042797f2c0fc2405465d6b88469bf17dda754d5fbdc0b91f835c576d2f3237ac6e33f628f
x-tt-trace-id: 00-250122144645049E92B0DD198AECC32C-361609647DEBF01A-00
X-Origin-Response-Time: 67,23.207.199.47
X-Akamai-Request-ID: a9e6018.1c9a11fb
Expires: Wed, 22 Jan 2025 14:46:45 GMT
Cache-Control: max-age=0, no-cache, no-store
Pragma: no-cache
Date: Wed, 22 Jan 2025 14:46:45 GMT
X-Cache: TCP_MISS from a95-101-134-31.deploy.akamaitechnologies.com (AkamaiGHost/11.8.0-2d0f2d516c5d43e1487924a77ec5924a) (-)
Connection: close
X-Cache-Remote: TCP_MISS from a23-207-199-47.deploy.akamaitechnologies.com (AkamaiGHost/11.8.0-1debf780f7d7c834933fa9689361eec6) (-)
x-tt-trace-tag: id=16;cdn-cache=miss;type=dyn
Server-Timing: cdn-cache; desc=MISS, edge; dur=85, origin; dur=67
Server-Timing: inner; dur=62
X-Parent-Response-Time: 147,95.101.134.31

{"code": 0, "message": "OK", "request_id": "20250122144645049E92B0DD198AECC32C", "data": {}}
2025-01-22T14:46:45+00:00 DEBUG Tt4b_Pixel_Class::inject_view_content_event: hit ViewContent
2025-01-22T14:46:45+00:00 DEBUG POST: https://business-api.tiktok.com/open_api/v1.3/event/track/

{"partner_name":"WooCommerce","event_source":"web","event_source_id":"CSM79Q3C77UAG1T340I0","data":[{"event":"ViewContent","event_id":"679104d5c0360_tt4b_woocommerce_670666209cf1f_3993","event_time":1737557205,"user":{"ip":"62.210.13.154","user_agent":"WP Rocket\/Preload","locale":"ar","external_id":"0","email":"e3b0c44298fc1c149afbf4c8996fb92427ae41e4649b934ca495991b7852b855","phone_number":"e3b0c44298fc1c149afbf4c8996fb92427ae41e4649b934ca495991b7852b855","first_name":"e3b0c44298fc1c149afbf4c8996fb92427ae41e4649b934ca495991b7852b855","last_name":"e3b0c44298fc1c149afbf4c8996fb92427ae41e4649b934ca495991b7852b855","zip_code":"e3b0c44298fc1c149afbf4c8996fb92427ae41e4649b934ca495991b7852b855"},"properties":{"contents":[{"price":60,"quantity":1,"content_id":"3993","content_name":"\u0637\u0628\u0627\u0639\u0629 \u0643\u0648\u0628\u0648\u0646\u0627\u062a","description":"\u062a\u0646\u0641\u064a\u0630 \u0637\u0628\u0627\u0639\u0629 \u0627\u0644\u0643\u0648\u0628\u0648\u0646\u0627\u062a \u0623\u0648 \u0627\u0644\u0642\u0633\u0627\u0626\u0645 \u0639\u0644\u0649 \u0648\u0631\u0642 \u0643\u0648\u0634\u064a\u0647 130 \u062c\u0631\u0627\u0645 \u0648\u062c\u0647 \u0648\u0627\u062d\u062f.\r\n\u0645\u0642\u0627\u0633 \u0627\u0644\u062f\u0641\u062a\u0631: A4 \u060c \u0639\u062f\u062f 100 ;\u0639\u062f\u062f 100 \u0643\u0648\u0628\u0648\u0646 \u0641\u064a \u0627\u0644\u062f\u0641\u062a\u0631 \u0627\u0644\u0648\u0627\u062d\u062f.\r\n\u0645\u062f\u0629 \u0627\u0644\u062a\u0646\u0641\u064a\u0630 \u0627\u0644\u0645\u062a\u0648\u0642\u0639\u0629: \u0645\u0646 3 \u0625\u0644\u0649 5 \u0623\u064a\u0627\u0645 \u0639\u0645\u0644 \u0628\u0639\u062f \u0627\u0639\u062a\u0645\u0627\u062f \u0627\u0644\u062a\u0635\u0645\u064a\u0645 \u0648\u0627\u0644\u0637\u0644\u0628 \u062d\u0633\u0628 \u0627\u0644\u0643\u0645\u064a\u0629 (\u062a\u0632\u064a\u062f \u0627\u0644\u0645\u062f\u0629 \u0639\u0646\u062f \u0637\u0644\u0628 \u0627\u0644\u0634\u062d\u0646).","availability":"IN_STOCK","sale_price":60,"on_sale":false}],"content_type":"product","currency":"SAR","value":60,"event_trigger_source":"WooCommerce"},"page":{"url":"http:\/\/ibn-sinaa.com\/product\/print-coupons\/"}}]}
 ajax: no
2025-01-22T14:46:46+00:00 DEBUG Tt4b_Mapi_Class::mapi_post: Response: 

HTTP/1.1 200 OK
Server: nginx
Content-Type: application/json
Content-Length: 92
X-Tt-Logid: 202501221446452192ED651EF0D7EBC285
Server-Timing: inner; dur=25
x-tt-trace-host: 018e5a586174a888928d793bdac74b79b54a6bc2bb5944ae517554d983961f0ab5952d38e722e8bfd7f63395f77686d79d486f1ab3c9a8d7aded19f1312149f8017afd16b3bd55c45302ee3f4a20206565d7ace81bc9e073ca7fad3248334005df
x-tt-trace-id: 00-2501221446452192ED651EF0D7EBC285-7A7EE30B65E8C847-00
Expires: Wed, 22 Jan 2025 14:46:46 GMT
Cache-Control: max-age=0, no-cache, no-store
Pragma: no-cache
Date: Wed, 22 Jan 2025 14:46:46 GMT
X-Cache: TCP_MISS from a95-101-134-103.deploy.akamaitechnologies.com (AkamaiGHost/11.8.0-1debf780f7d7c834933fa9689361eec6) (-)
Connection: close
x-tt-trace-tag: id=16;cdn-cache=miss;type=dyn
Server-Timing: cdn-cache; desc=MISS, edge; dur=35, origin; dur=179
X-Origin-Response-Time: 180,95.101.134.103
X-Akamai-Request-ID: 1aaa988a

{"code": 0, "message": "OK", "request_id": "202501221446452192ED651EF0D7EBC285", "data": {}}
2025-01-22T14:46:47+00:00 DEBUG POST: https://business-api.tiktok.com/open_api/v1.3/event/track/

{"partner_name":"WooCommerce","event_source":"web","event_source_id":"CSM79Q3C77UAG1T340I0","data":[{"event":"Pageview","event_id":"679104d77e8a6_tt4b_woocommerce_670666209cf1f","event_time":1737557207,"user":{"ip":"62.210.13.154","user_agent":"WP Rocket\/Preload","locale":"ar","external_id":"0","email":"e3b0c44298fc1c149afbf4c8996fb92427ae41e4649b934ca495991b7852b855","phone_number":"e3b0c44298fc1c149afbf4c8996fb92427ae41e4649b934ca495991b7852b855","first_name":"e3b0c44298fc1c149afbf4c8996fb92427ae41e4649b934ca495991b7852b855","last_name":"e3b0c44298fc1c149afbf4c8996fb92427ae41e4649b934ca495991b7852b855","zip_code":"e3b0c44298fc1c149afbf4c8996fb92427ae41e4649b934ca495991b7852b855"},"page":{"url":"http:\/\/ibn-sinaa.com\/product\/printing-letter-paper-textured\/"}}]}
 ajax: no
2025-01-22T14:46:47+00:00 DEBUG Tt4b_Mapi_Class::mapi_post: Response: 

HTTP/1.1 200 OK
Server: nginx
Content-Type: application/json
Content-Length: 92
X-Tt-Logid: 202501221446477BD4BFEF14FBD7B2DF3D
x-tt-trace-host: 018e5a586174a888928d793bdac74b79b5c6f0feff1e8c603b0d907030a96d23183c292c912e698fb1191b336d8369d2b95cde002857874cdb58288b0c73a1cd495c86af77c8b360551c5c2653e1b361f0bbd959f433cab565c4a4c95f4e5ac2a0d7b773eabe17f292c81cc67b7ca27120
x-tt-trace-id: 00-2501221446477BD4BFEF14FBD7B2DF3D-62E7DA963A6E4F2E-00
X-Origin-Response-Time: 34,23.218.219.18
X-Akamai-Request-ID: 73a9af5.21bcd327
Expires: Wed, 22 Jan 2025 14:46:47 GMT
Cache-Control: max-age=0, no-cache, no-store
Pragma: no-cache
Date: Wed, 22 Jan 2025 14:46:47 GMT
X-Cache: TCP_MISS from a95-101-134-204.deploy.akamaitechnologies.com (AkamaiGHost/11.8.0-1debf780f7d7c834933fa9689361eec6) (-)
Connection: close
X-Cache-Remote: TCP_MISS from a23-218-219-18.deploy.akamaitechnologies.com (AkamaiGHost/11.8.0-1debf780f7d7c834933fa9689361eec6) (-)
x-tt-trace-tag: id=16;cdn-cache=miss;type=dyn
Server-Timing: cdn-cache; desc=MISS, edge; dur=93, origin; dur=34
Server-Timing: inner; dur=20
X-Parent-Response-Time: 119,95.101.134.204

{"code": 0, "message": "OK", "request_id": "202501221446477BD4BFEF14FBD7B2DF3D", "data": {}}
2025-01-22T14:46:48+00:00 DEBUG Tt4b_Pixel_Class::inject_view_content_event: hit ViewContent
2025-01-22T14:46:48+00:00 DEBUG POST: https://business-api.tiktok.com/open_api/v1.3/event/track/

{"partner_name":"WooCommerce","event_source":"web","event_source_id":"CSM79Q3C77UAG1T340I0","data":[{"event":"ViewContent","event_id":"679104d80c015_tt4b_woocommerce_670666209cf1f_3989","event_time":1737557208,"user":{"ip":"62.210.13.154","user_agent":"WP Rocket\/Preload","locale":"ar","external_id":"0","email":"e3b0c44298fc1c149afbf4c8996fb92427ae41e4649b934ca495991b7852b855","phone_number":"e3b0c44298fc1c149afbf4c8996fb92427ae41e4649b934ca495991b7852b855","first_name":"e3b0c44298fc1c149afbf4c8996fb92427ae41e4649b934ca495991b7852b855","last_name":"e3b0c44298fc1c149afbf4c8996fb92427ae41e4649b934ca495991b7852b855","zip_code":"e3b0c44298fc1c149afbf4c8996fb92427ae41e4649b934ca495991b7852b855"},"properties":{"contents":[{"price":89,"quantity":1,"content_id":"3989","content_name":"\u0637\u0628\u0627\u0639\u0629 \u0648\u0631\u0642 \u062e\u0637\u0627\u0628\u0627\u062a \u0645\u0642\u0645\u0634","description":"\u0637\u0628\u0627\u0639\u0629 \u0648\u0631\u0642 \u062e\u0637\u0627\u0628\u0627\u062a \u062e\u0627\u0645\u0647 \u0648\u0631\u0642 \u0645\u0642\u0645\u0634\u0629.\r\n\u062a\u0643\u0648\u0646 \u0627\u0644\u0637\u0628\u0627\u0639\u0629 \u0639\u0644\u0649 \u0648\u062c\u0647 \u0648\u0627\u062d\u062f \u060c \u062a\u0646\u0641\u0630 \u0639\u0644\u0649 \u0634\u0643\u0644 \u062f\u0641\u062a\u0631\u0645\u0646 100 \u0648\u0631\u0642\u0629 \u0627\u0648 \u0648\u0631\u0642 \u0641\u0631\u0637.\r\n\u0645\u062f\u0629 \u0627\u0644\u062a\u0646\u0641\u064a\u0630 \u0627\u0644\u0645\u062a\u0648\u0642\u0639\u0629: 1 \u2013 3 \u0623\u064a\u0627\u0645 \u0639\u0645\u0644 \u0628\u0639\u062f \u062a\u0623\u0643\u064a\u062f \u0627\u0644\u0637\u0644\u0628 \u0648\u0627\u0644\u062a\u0635\u0645\u064a\u0645 \u0648\u062d\u0633\u0628 \u0627\u0644\u0643\u0645\u064a\u0629 (\u062a\u0632\u064a\u062f \u0627\u0644\u0645\u062f\u0629 \u0639\u0646\u062f \u0637\u0644\u0628 \u0627\u0644\u0634\u062d\u0646).","availability":"IN_STOCK","sale_price":89,"on_sale":false}],"content_type":"product","currency":"SAR","value":89,"event_trigger_source":"WooCommerce"},"page":{"url":"http:\/\/ibn-sinaa.com\/product\/printing-letter-paper-textured\/"}}]}
 ajax: no
2025-01-22T14:46:48+00:00 DEBUG Tt4b_Mapi_Class::mapi_post: Response: 

HTTP/1.1 200 OK
Server: nginx
Content-Type: application/json
Content-Length: 92
X-Tt-Logid: 20250122144648AA1B30B9BDCD6D53F31B
x-tt-trace-host: 018e5a586174a888928d793bdac74b79b50bdfdf3db9754ca5b59e9cfdb366171ea08253104dd35c7dc6f6794734500b4cf256869a53b1e4f02eac1c2978727722c214dd81e067e3d474faaec060995baca995285e190025870d185652db2b2d4b265dc3652dfb954e374e3b837c50031c
x-tt-trace-id: 00-250122144648AA1B30B9BDCD6D53F31B-5DBDB3CF717A707D-00
X-Origin-Response-Time: 30,23.218.219.54
X-Akamai-Request-ID: 39c375f.1c9a5aed
Expires: Wed, 22 Jan 2025 14:46:48 GMT
Cache-Control: max-age=0, no-cache, no-store
Pragma: no-cache
Date: Wed, 22 Jan 2025 14:46:48 GMT
X-Cache: TCP_MISS from a95-101-134-31.deploy.akamaitechnologies.com (AkamaiGHost/11.8.0-2d0f2d516c5d43e1487924a77ec5924a) (-)
Connection: close
X-Cache-Remote: TCP_MISS from a23-218-219-54.deploy.akamaitechnologies.com (AkamaiGHost/11.8.0-1debf780f7d7c834933fa9689361eec6) (-)
x-tt-trace-tag: id=16;cdn-cache=miss;type=dyn
Server-Timing: cdn-cache; desc=MISS, edge; dur=98, origin; dur=30
Server-Timing: inner; dur=26
X-Parent-Response-Time: 120,95.101.134.31

{"code": 0, "message": "OK", "request_id": "20250122144648AA1B30B9BDCD6D53F31B", "data": {}}
2025-01-22T14:46:49+00:00 DEBUG POST: https://business-api.tiktok.com/open_api/v1.3/event/track/

{"partner_name":"WooCommerce","event_source":"web","event_source_id":"CSM79Q3C77UAG1T340I0","data":[{"event":"Pageview","event_id":"679104d99ddec_tt4b_woocommerce_670666209cf1f","event_time":1737557209,"user":{"ip":"62.210.13.154","user_agent":"WP Rocket\/Preload","locale":"ar","external_id":"0","email":"e3b0c44298fc1c149afbf4c8996fb92427ae41e4649b934ca495991b7852b855","phone_number":"e3b0c44298fc1c149afbf4c8996fb92427ae41e4649b934ca495991b7852b855","first_name":"e3b0c44298fc1c149afbf4c8996fb92427ae41e4649b934ca495991b7852b855","last_name":"e3b0c44298fc1c149afbf4c8996fb92427ae41e4649b934ca495991b7852b855","zip_code":"e3b0c44298fc1c149afbf4c8996fb92427ae41e4649b934ca495991b7852b855"},"page":{"url":"http:\/\/ibn-sinaa.com\/product\/luxury-letterhead-printing\/"}}]}
 ajax: no
2025-01-22T14:46:49+00:00 DEBUG Tt4b_Mapi_Class::mapi_post: Response: 

HTTP/1.1 200 OK
Server: nginx
Content-Type: application/json
Content-Length: 92
X-Tt-Logid: 202501221446491594433DB0CC892B5F47
x-tt-trace-host: 018e5a586174a888928d793bdac74b79b50bdfdf3db9754ca5b59e9cfdb366171e61d0036b3abd8db4eb1ba98a1563a13f4bf57566d9e4660e7a433c22253568e502d18362f8dd4e0d9ee0bdd0509e53f9993d4e2e474003074daad61ee7601565a6d92b05218a36d95d970f494f0a6165
x-tt-trace-id: 00-2501221446491594433DB0CC892B5F47-294E6C708814071D-00
X-Origin-Response-Time: 30,23.218.219.13
X-Akamai-Request-ID: 3972a70.1c9a88d4
Expires: Wed, 22 Jan 2025 14:46:49 GMT
Cache-Control: max-age=0, no-cache, no-store
Pragma: no-cache
Date: Wed, 22 Jan 2025 14:46:49 GMT
X-Cache: TCP_MISS from a95-101-134-31.deploy.akamaitechnologies.com (AkamaiGHost/11.8.0-2d0f2d516c5d43e1487924a77ec5924a) (-)
Connection: close
X-Cache-Remote: TCP_MISS from a23-218-219-13.deploy.akamaitechnologies.com (AkamaiGHost/11.8.0-1debf780f7d7c834933fa9689361eec6) (-)
x-tt-trace-tag: id=16;cdn-cache=miss;type=dyn
Server-Timing: cdn-cache; desc=MISS, edge; dur=85, origin; dur=30
Server-Timing: inner; dur=26
X-Parent-Response-Time: 110,95.101.134.31

{"code": 0, "message": "OK", "request_id": "202501221446491594433DB0CC892B5F47", "data": {}}
2025-01-22T14:46:49+00:00 DEBUG Tt4b_Pixel_Class::inject_view_content_event: hit ViewContent
2025-01-22T14:46:49+00:00 DEBUG POST: https://business-api.tiktok.com/open_api/v1.3/event/track/

{"partner_name":"WooCommerce","event_source":"web","event_source_id":"CSM79Q3C77UAG1T340I0","data":[{"event":"ViewContent","event_id":"679104d9ec257_tt4b_woocommerce_670666209cf1f_3986","event_time":1737557209,"user":{"ip":"62.210.13.154","user_agent":"WP Rocket\/Preload","locale":"ar","external_id":"0","email":"e3b0c44298fc1c149afbf4c8996fb92427ae41e4649b934ca495991b7852b855","phone_number":"e3b0c44298fc1c149afbf4c8996fb92427ae41e4649b934ca495991b7852b855","first_name":"e3b0c44298fc1c149afbf4c8996fb92427ae41e4649b934ca495991b7852b855","last_name":"e3b0c44298fc1c149afbf4c8996fb92427ae41e4649b934ca495991b7852b855","zip_code":"e3b0c44298fc1c149afbf4c8996fb92427ae41e4649b934ca495991b7852b855"},"properties":{"contents":[{"price":89,"quantity":1,"content_id":"3986","content_name":"\u0637\u0628\u0627\u0639\u0629 \u0648\u0631\u0642 \u062e\u0637\u0627\u0628\u0627\u062a \u0641\u0627\u062e\u0631\u0629","description":"\u0637\u0628\u0627\u0639\u0629 \u0648\u0631\u0642 \u0627\u0644\u062e\u0637\u0627\u0628\u0627\u062a \u0639\u0644\u0649 \u0648\u0631\u0642 \u0641\u0627\u062e\u0631 \u062c\u0648\u062f\u0629 \u0645\u0645\u062a\u0627\u0632\u0629.\r\n\u062a\u0643\u0648\u0646 \u0627\u0644\u0637\u0628\u0627\u0639\u0629 \u0639\u0644\u0649 \u0648\u062c\u0647 \u0648\u0627\u062d\u062f.\r\n\u0645\u062f\u0629 \u0627\u0644\u062a\u0646\u0641\u064a\u0630 \u0627\u0644\u0645\u062a\u0648\u0642\u0639\u0629: 1 \u2013 3 \u0623\u064a\u0627\u0645 \u0639\u0645\u0644 \u0628\u0639\u062f \u062a\u0623\u0643\u064a\u062f \u0627\u0644\u0637\u0644\u0628 \u0648\u0627\u0644\u062a\u0635\u0645\u064a\u0645 \u0648\u062d\u0633\u0628 \u0627\u0644\u0643\u0645\u064a\u0629 (\u062a\u0632\u064a\u062f \u0627\u0644\u0645\u062f\u0629 \u0639\u0646\u062f \u0637\u0644\u0628 \u0627\u0644\u0634\u062d\u0646).","availability":"IN_STOCK","sale_price":89,"on_sale":false}],"content_type":"product","currency":"SAR","value":89,"event_trigger_source":"WooCommerce"},"page":{"url":"http:\/\/ibn-sinaa.com\/product\/luxury-letterhead-printing\/"}}]}
 ajax: no
2025-01-22T14:46:50+00:00 DEBUG Tt4b_Mapi_Class::mapi_post: Response: 

HTTP/1.1 200 OK
Server: nginx
Content-Type: application/json
Content-Length: 92
X-Tt-Logid: 202501221446502BDF958627070612CB18
x-tt-trace-host: 018e5a586174a888928d793bdac74b79b568cc7452706a589a0060bcc9664125973ebad34912ec232918f27d7e920f8153b9f6b4cdec29fff1308fa4366f0d121550dcf90b100929140d9eefa661bced14f32f70a3c190e18fb7d416ef0c8f6899b8007e297956777a82f7cb0aa165f04d
x-tt-trace-id: 00-2501221446502BDF958627070612CB18-515F1E1C415A9C59-00
X-Origin-Response-Time: 38,23.52.15.170
X-Akamai-Request-ID: 7f2f8b24.1aab1dd8
Expires: Wed, 22 Jan 2025 14:46:50 GMT
Cache-Control: max-age=0, no-cache, no-store
Pragma: no-cache
Date: Wed, 22 Jan 2025 14:46:50 GMT
X-Cache: TCP_MISS from a95-101-134-103.deploy.akamaitechnologies.com (AkamaiGHost/11.8.0-1debf780f7d7c834933fa9689361eec6) (-)
Connection: close
X-Cache-Remote: TCP_MISS from a23-52-15-170.deploy.akamaitechnologies.com (AkamaiGHost/11.8.0-1debf780f7d7c834933fa9689361eec6) (-)
x-tt-trace-tag: id=16;cdn-cache=miss;type=dyn
Server-Timing: cdn-cache; desc=MISS, edge; dur=93, origin; dur=38
Server-Timing: inner; dur=35
X-Parent-Response-Time: 122,95.101.134.103

{"code": 0, "message": "OK", "request_id": "202501221446502BDF958627070612CB18", "data": {}}
2025-01-22T14:46:50+00:00 DEBUG POST: https://business-api.tiktok.com/open_api/v1.3/event/track/

{"partner_name":"WooCommerce","event_source":"web","event_source_id":"CSM79Q3C77UAG1T340I0","data":[{"event":"Pageview","event_id":"679104dae5a87_tt4b_woocommerce_670666209cf1f","event_time":1737557210,"user":{"ip":"62.210.13.154","user_agent":"WP Rocket\/Preload","locale":"ar","external_id":"0","email":"e3b0c44298fc1c149afbf4c8996fb92427ae41e4649b934ca495991b7852b855","phone_number":"e3b0c44298fc1c149afbf4c8996fb92427ae41e4649b934ca495991b7852b855","first_name":"e3b0c44298fc1c149afbf4c8996fb92427ae41e4649b934ca495991b7852b855","last_name":"e3b0c44298fc1c149afbf4c8996fb92427ae41e4649b934ca495991b7852b855","zip_code":"e3b0c44298fc1c149afbf4c8996fb92427ae41e4649b934ca495991b7852b855"},"page":{"url":"http:\/\/ibn-sinaa.com\/product\/print-paper-letter-plain\/"}}]}
 ajax: no
2025-01-22T14:46:51+00:00 DEBUG Tt4b_Mapi_Class::mapi_post: Response: 

HTTP/1.1 200 OK
Server: nginx
Content-Type: application/json
Content-Length: 92
X-Tt-Logid: 20250122144651B36B1381EE9D63D7C98B
x-tt-trace-host: 018e5a586174a888928d793bdac74b79b519a86797e72c2eba011e03e23beee17d26ad17b40a0ec15036099995b32058690d7b599cf5482bd04f35e66aee4c779cda72d421e47e55d9e35f5e440077a0d3d5707b7e158fb1520540b9cf8c7e6ea95af7cdb15006bf51e43723aa9638d16c
x-tt-trace-id: 00-250122144651B36B1381EE9D63D7C98B-5498C4484EE62055-00
X-Origin-Response-Time: 21,23.52.15.133
X-Akamai-Request-ID: d5f8b46.18876f77
Expires: Wed, 22 Jan 2025 14:46:51 GMT
Cache-Control: max-age=0, no-cache, no-store
Pragma: no-cache
Date: Wed, 22 Jan 2025 14:46:51 GMT
X-Cache: TCP_MISS from a95-101-134-116.deploy.akamaitechnologies.com (AkamaiGHost/11.8.0-1debf780f7d7c834933fa9689361eec6) (-)
Connection: close
X-Cache-Remote: TCP_MISS from a23-52-15-133.deploy.akamaitechnologies.com (AkamaiGHost/11.8.0-1debf780f7d7c834933fa9689361eec6) (-)
x-tt-trace-tag: id=16;cdn-cache=miss;type=dyn
Server-Timing: cdn-cache; desc=MISS, edge; dur=87, origin; dur=21
Server-Timing: inner; dur=18
X-Parent-Response-Time: 101,95.101.134.116

{"code": 0, "message": "OK", "request_id": "20250122144651B36B1381EE9D63D7C98B", "data": {}}
2025-01-22T14:46:51+00:00 DEBUG Tt4b_Pixel_Class::inject_view_content_event: hit ViewContent
2025-01-22T14:46:51+00:00 DEBUG POST: https://business-api.tiktok.com/open_api/v1.3/event/track/

{"partner_name":"WooCommerce","event_source":"web","event_source_id":"CSM79Q3C77UAG1T340I0","data":[{"event":"ViewContent","event_id":"679104db5f82a_tt4b_woocommerce_670666209cf1f_3983","event_time":1737557211,"user":{"ip":"62.210.13.154","user_agent":"WP Rocket\/Preload","locale":"ar","external_id":"0","email":"e3b0c44298fc1c149afbf4c8996fb92427ae41e4649b934ca495991b7852b855","phone_number":"e3b0c44298fc1c149afbf4c8996fb92427ae41e4649b934ca495991b7852b855","first_name":"e3b0c44298fc1c149afbf4c8996fb92427ae41e4649b934ca495991b7852b855","last_name":"e3b0c44298fc1c149afbf4c8996fb92427ae41e4649b934ca495991b7852b855","zip_code":"e3b0c44298fc1c149afbf4c8996fb92427ae41e4649b934ca495991b7852b855"},"properties":{"contents":[{"price":80,"quantity":1,"content_id":"3983","content_name":"\u0637\u0628\u0627\u0639\u0629 \u0648\u0631\u0642 \u062e\u0637\u0627\u0628\u0627\u062a \u0639\u0627\u062f\u064a","description":"\u0637\u0628\u0627\u0639\u0629 \u0648\u0631\u0642 \u062e\u0637\u0627\u0628\u0627\u062a \u0639\u0627\u062f\u064a\u0629\r\n\u062a\u0643\u0648\u0646 \u0627\u0644\u0637\u0628\u0627\u0639\u0629 \u0639\u0644\u0649 \u0648\u062c\u0647 \u0648\u0627\u062d\u062f \u060c \u062a\u0646\u0641\u0630 \u0639\u0644\u0649 \u0634\u0643\u0644 \u062f\u0641\u062a\u0631\u0645\u0646 100 \u0648\u0631\u0642\u0629 , \u0627\u0648 \u0648\u0631\u0642 \u0641\u0631\u0637.\r\n\u0645\u062f\u0629 \u0627\u0644\u062a\u0646\u0641\u064a\u0630 \u0627\u0644\u0645\u062a\u0648\u0642\u0639\u0629: 1 \u2013 3 \u0623\u064a\u0627\u0645 \u0639\u0645\u0644 \u0628\u0639\u062f \u062a\u0623\u0643\u064a\u062f \u0627\u0644\u0637\u0644\u0628 \u0648\u0627\u0644\u062a\u0635\u0645\u064a\u0645 \u0648\u062d\u0633\u0628 \u0627\u0644\u0643\u0645\u064a\u0629 (\u062a\u0632\u064a\u062f \u0627\u0644\u0645\u062f\u0629 \u0639\u0646\u062f \u0637\u0644\u0628 \u0627\u0644\u0634\u062d\u0646).","availability":"IN_STOCK","sale_price":80,"on_sale":false}],"content_type":"product","currency":"SAR","value":80,"event_trigger_source":"WooCommerce"},"page":{"url":"http:\/\/ibn-sinaa.com\/product\/print-paper-letter-plain\/"}}]}
 ajax: no
2025-01-22T14:46:51+00:00 DEBUG Tt4b_Mapi_Class::mapi_post: Response: 

HTTP/1.1 200 OK
Server: nginx
Content-Type: application/json
Content-Length: 92
X-Tt-Logid: 202501221446514A2FCCC717D3F15558CA
x-tt-trace-host: 018e5a586174a888928d793bdac74b79b5b3c46136d344bf46da72cca5a862092e67f682b4e9456afec40768dd4870872c394b34c3c59c8014f718c1e15c0511fec4a7d8b2b60c346065bce78180d70aad37e482ad4db6165bcbe8b356873fdbf71ab7ed245cc586f0891d61c8307a1ba0
x-tt-trace-id: 00-2501221446514A2FCCC717D3F15558CA-66E3D11F659E7330-00
X-Origin-Response-Time: 37,23.213.246.241
X-Akamai-Request-ID: 9061ee24.7695b12
Expires: Wed, 22 Jan 2025 14:46:51 GMT
Cache-Control: max-age=0, no-cache, no-store
Pragma: no-cache
Date: Wed, 22 Jan 2025 14:46:51 GMT
X-Cache: TCP_MISS from a95-101-134-30.deploy.akamaitechnologies.com (AkamaiGHost/11.8.0-1debf780f7d7c834933fa9689361eec6) (-)
Connection: close
X-Cache-Remote: TCP_MISS from a23-213-246-241.deploy.akamaitechnologies.com (AkamaiGHost/11.8.0-2d0f2d516c5d43e1487924a77ec5924a) (-)
x-tt-trace-tag: id=16;cdn-cache=miss;type=dyn
Server-Timing: cdn-cache; desc=MISS, edge; dur=97, origin; dur=37
Server-Timing: inner; dur=33
X-Parent-Response-Time: 126,95.101.134.30

{"code": 0, "message": "OK", "request_id": "202501221446514A2FCCC717D3F15558CA", "data": {}}
2025-01-22T14:46:52+00:00 DEBUG POST: https://business-api.tiktok.com/open_api/v1.3/event/track/

{"partner_name":"WooCommerce","event_source":"web","event_source_id":"CSM79Q3C77UAG1T340I0","data":[{"event":"Pageview","event_id":"679104dca47ce_tt4b_woocommerce_670666209cf1f","event_time":1737557212,"user":{"ip":"62.210.13.154","user_agent":"WP Rocket\/Preload","locale":"ar","external_id":"0","email":"e3b0c44298fc1c149afbf4c8996fb92427ae41e4649b934ca495991b7852b855","phone_number":"e3b0c44298fc1c149afbf4c8996fb92427ae41e4649b934ca495991b7852b855","first_name":"e3b0c44298fc1c149afbf4c8996fb92427ae41e4649b934ca495991b7852b855","last_name":"e3b0c44298fc1c149afbf4c8996fb92427ae41e4649b934ca495991b7852b855","zip_code":"e3b0c44298fc1c149afbf4c8996fb92427ae41e4649b934ca495991b7852b855"},"page":{"url":"http:\/\/ibn-sinaa.com\/product\/roll-up-printing\/"}}]}
 ajax: no
2025-01-22T14:46:52+00:00 DEBUG Tt4b_Mapi_Class::mapi_post: Response: 

HTTP/1.1 200 OK
Server: nginx
Content-Type: application/json
Content-Length: 92
X-Tt-Logid: 20250122144652066F9B044A9F60E256E9
x-tt-trace-host: 018e5a586174a888928d793bdac74b79b50bdfdf3db9754ca5b59e9cfdb366171eb43f0278bb3d6ab8f133918639f85c41b71c3b479b28d7a0639eed4b773d7099867236ef23bd6b7c58ca2fb3fed72d29f78ca37170f53ccb91b4ab83d114a1ff19105046a6cf2ba4732f385be833ea70
x-tt-trace-id: 00-250122144652066F9B044A9F60E256E9-03983A597499A348-00
X-Origin-Response-Time: 43,23.218.219.51
X-Akamai-Request-ID: 3f88322.1c9add9c
Expires: Wed, 22 Jan 2025 14:46:52 GMT
Cache-Control: max-age=0, no-cache, no-store
Pragma: no-cache
Date: Wed, 22 Jan 2025 14:46:52 GMT
X-Cache: TCP_MISS from a95-101-134-31.deploy.akamaitechnologies.com (AkamaiGHost/11.8.0-2d0f2d516c5d43e1487924a77ec5924a) (-)
Connection: close
X-Cache-Remote: TCP_MISS from a23-218-219-51.deploy.akamaitechnologies.com (AkamaiGHost/11.8.0-2d0f2d516c5d43e1487924a77ec5924a) (-)
x-tt-trace-tag: id=16;cdn-cache=miss;type=dyn
Server-Timing: cdn-cache; desc=MISS, edge; dur=86, origin; dur=43
Server-Timing: inner; dur=40
X-Parent-Response-Time: 124,95.101.134.31

{"code": 0, "message": "OK", "request_id": "20250122144652066F9B044A9F60E256E9", "data": {}}
2025-01-22T14:46:52+00:00 DEBUG Tt4b_Pixel_Class::inject_view_content_event: hit ViewContent
2025-01-22T14:46:52+00:00 DEBUG POST: https://business-api.tiktok.com/open_api/v1.3/event/track/

{"partner_name":"WooCommerce","event_source":"web","event_source_id":"CSM79Q3C77UAG1T340I0","data":[{"event":"ViewContent","event_id":"679104dce4f1a_tt4b_woocommerce_670666209cf1f_3667","event_time":1737557212,"user":{"ip":"62.210.13.154","user_agent":"WP Rocket\/Preload","locale":"ar","external_id":"0","email":"e3b0c44298fc1c149afbf4c8996fb92427ae41e4649b934ca495991b7852b855","phone_number":"e3b0c44298fc1c149afbf4c8996fb92427ae41e4649b934ca495991b7852b855","first_name":"e3b0c44298fc1c149afbf4c8996fb92427ae41e4649b934ca495991b7852b855","last_name":"e3b0c44298fc1c149afbf4c8996fb92427ae41e4649b934ca495991b7852b855","zip_code":"e3b0c44298fc1c149afbf4c8996fb92427ae41e4649b934ca495991b7852b855"},"properties":{"contents":[{"price":120,"quantity":1,"content_id":"3667","content_name":"\u0637\u0628\u0627\u0639\u0629 \u0631\u0648\u0644 \u0627\u0628","description":"\u0631\u0648\u0644 \u0627\u0628 \u0645\u0642\u0627\u0633\u0627\u062a \u0645\u062a\u0646\u0648\u0639\u0629.\r\n\u0627\u0644\u062e\u0627\u0645\u0629 \u0628\u0648\u0633\u062a\u0631.\r\n\u0645\u062f\u0629 \u0627\u0644\u062a\u0646\u0641\u064a\u0630: \u0645\u0646 3 \u0625\u0644\u0649 5 \u0623\u064a\u0627\u0645 \u0639\u0645\u0644 \u0628\u0639\u062f \u0627\u0639\u062a\u0645\u0627\u062f \u0627\u0644\u062a\u0635\u0645\u064a\u0645 \u0648\u0627\u0644\u0637\u0644\u0628 \u062d\u0633\u0628 \u0627\u0644\u0643\u0645\u064a\u0629 (\u062a\u0632\u064a\u062f \u0627\u0644\u0645\u062f\u0629 \u0639\u0646\u062f \u0637\u0644\u0628 \u0627\u0644\u0634\u062d\u0646).","availability":"IN_STOCK","sale_price":120,"on_sale":false}],"content_type":"product","currency":"SAR","value":120,"event_trigger_source":"WooCommerce"},"page":{"url":"http:\/\/ibn-sinaa.com\/product\/roll-up-printing\/"}}]}
 ajax: no
2025-01-22T14:46:53+00:00 DEBUG Tt4b_Mapi_Class::mapi_post: Response: 

HTTP/1.1 200 OK
Server: nginx
Content-Type: application/json
Content-Length: 92
X-Tt-Logid: 2025012214465374491DE01AC4767730ED
x-tt-trace-host: 018e5a586174a888928d793bdac74b79b568cc7452706a589a0060bcc966412597e768c0417a80975a9c731e60dea614724dafcb1a1386c84b837607796cf4df264f62fd00b1c9ea428b68ef38efdd83d25ee27698e7fbb6ed166695ef1aefa540ab47f7973273e8d03c44d9071c315073
x-tt-trace-id: 00-25012214465374491DE01AC4767730ED-75A8151157F8FA83-00
X-Origin-Response-Time: 36,23.213.246.237
X-Akamai-Request-ID: 860f21f8.1aab7da5
Expires: Wed, 22 Jan 2025 14:46:53 GMT
Cache-Control: max-age=0, no-cache, no-store
Pragma: no-cache
Date: Wed, 22 Jan 2025 14:46:53 GMT
X-Cache: TCP_MISS from a95-101-134-103.deploy.akamaitechnologies.com (AkamaiGHost/11.8.0-1debf780f7d7c834933fa9689361eec6) (-)
Connection: close
X-Cache-Remote: TCP_MISS from a23-213-246-237.deploy.akamaitechnologies.com (AkamaiGHost/11.8.0-2d0f2d516c5d43e1487924a77ec5924a) (-)
x-tt-trace-tag: id=16;cdn-cache=miss;type=dyn
Server-Timing: cdn-cache; desc=MISS, edge; dur=97, origin; dur=35
Server-Timing: inner; dur=32
X-Parent-Response-Time: 126,95.101.134.103

{"code": 0, "message": "OK", "request_id": "2025012214465374491DE01AC4767730ED", "data": {}}
2025-01-22T14:46:54+00:00 DEBUG POST: https://business-api.tiktok.com/open_api/v1.3/event/track/

{"partner_name":"WooCommerce","event_source":"web","event_source_id":"CSM79Q3C77UAG1T340I0","data":[{"event":"Pageview","event_id":"679104de71775_tt4b_woocommerce_670666209cf1f","event_time":1737557214,"user":{"ip":"62.210.13.154","user_agent":"WP Rocket\/Preload","locale":"ar","external_id":"0","email":"e3b0c44298fc1c149afbf4c8996fb92427ae41e4649b934ca495991b7852b855","phone_number":"e3b0c44298fc1c149afbf4c8996fb92427ae41e4649b934ca495991b7852b855","first_name":"e3b0c44298fc1c149afbf4c8996fb92427ae41e4649b934ca495991b7852b855","last_name":"e3b0c44298fc1c149afbf4c8996fb92427ae41e4649b934ca495991b7852b855","zip_code":"e3b0c44298fc1c149afbf4c8996fb92427ae41e4649b934ca495991b7852b855"},"page":{"url":"http:\/\/ibn-sinaa.com\/product\/print-tags\/"}}]}
 ajax: no
2025-01-22T14:46:54+00:00 DEBUG Tt4b_Mapi_Class::mapi_post: Response: 

HTTP/1.1 200 OK
Server: nginx
Content-Type: application/json
Content-Length: 92
X-Tt-Logid: 202501221446542DC220A2C17F7956538C
x-tt-trace-host: 018e5a586174a888928d793bdac74b79b519a86797e72c2eba011e03e23beee17d1f99b3e5cf74e0e1384cb35c642c6245da3d2ae20764c7f87b7fa6708ffc2982fc05ed243c664a0fde5b08770316fcc5fff957eeb494ff82aa29d61fa202c1be12f4397125008b5770d19574379f1b01
x-tt-trace-id: 00-2501221446542DC220A2C17F7956538C-17A5F9E0A762C2A4-00
X-Origin-Response-Time: 44,23.218.219.56
X-Akamai-Request-ID: f43c11b.1887dd0c
Expires: Wed, 22 Jan 2025 14:46:54 GMT
Cache-Control: max-age=0, no-cache, no-store
Pragma: no-cache
Date: Wed, 22 Jan 2025 14:46:54 GMT
X-Cache: TCP_MISS from a95-101-134-116.deploy.akamaitechnologies.com (AkamaiGHost/11.8.0-1debf780f7d7c834933fa9689361eec6) (-)
Connection: close
X-Cache-Remote: TCP_MISS from a23-218-219-56.deploy.akamaitechnologies.com (AkamaiGHost/11.8.0-1debf780f7d7c834933fa9689361eec6) (-)
x-tt-trace-tag: id=16;cdn-cache=miss;type=dyn
Server-Timing: cdn-cache; desc=MISS, edge; dur=83, origin; dur=44
Server-Timing: inner; dur=41
X-Parent-Response-Time: 125,95.101.134.116

{"code": 0, "message": "OK", "request_id": "202501221446542DC220A2C17F7956538C", "data": {}}
2025-01-22T14:46:54+00:00 DEBUG Tt4b_Pixel_Class::inject_view_content_event: hit ViewContent
2025-01-22T14:46:54+00:00 DEBUG POST: https://business-api.tiktok.com/open_api/v1.3/event/track/

{"partner_name":"WooCommerce","event_source":"web","event_source_id":"CSM79Q3C77UAG1T340I0","data":[{"event":"ViewContent","event_id":"679104debe02d_tt4b_woocommerce_670666209cf1f_3653","event_time":1737557214,"user":{"ip":"62.210.13.154","user_agent":"WP Rocket\/Preload","locale":"ar","external_id":"0","email":"e3b0c44298fc1c149afbf4c8996fb92427ae41e4649b934ca495991b7852b855","phone_number":"e3b0c44298fc1c149afbf4c8996fb92427ae41e4649b934ca495991b7852b855","first_name":"e3b0c44298fc1c149afbf4c8996fb92427ae41e4649b934ca495991b7852b855","last_name":"e3b0c44298fc1c149afbf4c8996fb92427ae41e4649b934ca495991b7852b855","zip_code":"e3b0c44298fc1c149afbf4c8996fb92427ae41e4649b934ca495991b7852b855"},"properties":{"contents":[{"price":50,"quantity":1,"content_id":"3653","content_name":"\u0637\u0628\u0627\u0639\u0629 \u062a\u0627\u0642\u0627\u062a","description":"\u0637\u0628\u0627\u0639\u0629 \u062a\u0627\u0642\u0627\u062a \u0648\u0631\u0642\u064a \u0628\u0634\u0643\u0644 \u062f\u0627\u0626\u0631\u064a \u0645\u062a\u0639\u062f\u062f \u0627\u0644\u0627\u0633\u062a\u062e\u062f\u0627\u0645\u0627\u062a \u0637\u0628\u0627\u0639\u0629 \u0645\u0644\u0648\u0646\u0629.\r\n\u0644\u0637\u0644\u0628 \u0645\u0642\u0627\u0633 \u0645\u062e\u0635\u0635 \u063a\u064a\u0631 \u0627\u0644\u0645\u0639\u0631\u0648\u0636 \u062a\u0648\u0627\u0635\u0644 \u0645\u0639\u0646\u0627 \u0639\u0628\u0631 \u0627\u0644\u0648\u0627\u062a\u0633 \u0627\u0628.\r\n\u0645\u062f\u0629 \u0627\u0644\u062a\u0646\u0641\u064a\u0630 \u0627\u0644\u0645\u062a\u0648\u0642\u0639\u0629: \u0645\u0646 1 \u0625\u0644\u0649 3 \u0623\u064a\u0627\u0645 \u0628\u0639\u062f \u062a\u0623\u0643\u064a\u062f \u0627\u0644\u062a\u0635\u0645\u064a\u0645 \u0648\u0627\u0644\u0637\u0644\u0628 \u0648\u062d\u0633\u0628 \u0627\u0644\u0643\u0645\u064a\u0629 (\u062a\u0632\u064a\u062f \u0627\u0644\u0645\u062f\u0629 \u0639\u0646\u062f \u0637\u0644\u0628 \u0627\u0644\u0634\u062d\u0646)","availability":"IN_STOCK","sale_price":50,"on_sale":false}],"content_type":"product","currency":"SAR","value":50,"event_trigger_source":"WooCommerce"},"page":{"url":"http:\/\/ibn-sinaa.com\/product\/print-tags\/"}}]}
 ajax: no
2025-01-22T14:46:54+00:00 DEBUG Tt4b_Mapi_Class::mapi_post: Response: 

HTTP/1.1 200 OK
Server: nginx
Content-Type: application/json
Content-Length: 92
X-Tt-Logid: 20250122144654A57B015A58D84915BFF7
x-tt-trace-host: 018e5a586174a888928d793bdac74b79b519a86797e72c2eba011e03e23beee17d1f99b3e5cf74e0e1384cb35c642c6245120eaa13d42a7af25887c0f19dfecc7102c7abd4de05207aaaa9958c01bf0390708fddac82b729d8fe3fab5912aa0d8622c47be577b3c8916acc0762721f2233
x-tt-trace-id: 00-250122144654A57B015A58D84915BFF7-370F1A9B60991946-00
X-Origin-Response-Time: 33,23.218.219.56
X-Akamai-Request-ID: f43c3fa.1887e5a4
Expires: Wed, 22 Jan 2025 14:46:54 GMT
Cache-Control: max-age=0, no-cache, no-store
Pragma: no-cache
Date: Wed, 22 Jan 2025 14:46:54 GMT
X-Cache: TCP_MISS from a95-101-134-116.deploy.akamaitechnologies.com (AkamaiGHost/11.8.0-1debf780f7d7c834933fa9689361eec6) (-)
Connection: close
X-Cache-Remote: TCP_MISS from a23-218-219-56.deploy.akamaitechnologies.com (AkamaiGHost/11.8.0-1debf780f7d7c834933fa9689361eec6) (-)
x-tt-trace-tag: id=16;cdn-cache=miss;type=dyn
Server-Timing: cdn-cache; desc=MISS, edge; dur=89, origin; dur=32
Server-Timing: inner; dur=29
X-Parent-Response-Time: 115,95.101.134.116

{"code": 0, "message": "OK", "request_id": "20250122144654A57B015A58D84915BFF7", "data": {}}
2025-01-22T14:46:55+00:00 DEBUG POST: https://business-api.tiktok.com/open_api/v1.3/event/track/

{"partner_name":"WooCommerce","event_source":"web","event_source_id":"CSM79Q3C77UAG1T340I0","data":[{"event":"Pageview","event_id":"679104dfdc90a_tt4b_woocommerce_670666209cf1f","event_time":1737557215,"user":{"ip":"62.210.13.154","user_agent":"WP Rocket\/Preload","locale":"ar","external_id":"0","email":"e3b0c44298fc1c149afbf4c8996fb92427ae41e4649b934ca495991b7852b855","phone_number":"e3b0c44298fc1c149afbf4c8996fb92427ae41e4649b934ca495991b7852b855","first_name":"e3b0c44298fc1c149afbf4c8996fb92427ae41e4649b934ca495991b7852b855","last_name":"e3b0c44298fc1c149afbf4c8996fb92427ae41e4649b934ca495991b7852b855","zip_code":"e3b0c44298fc1c149afbf4c8996fb92427ae41e4649b934ca495991b7852b855"},"page":{"url":"http:\/\/ibn-sinaa.com\/product\/print-receipt-issues\/"}}]}
 ajax: no
2025-01-22T14:46:56+00:00 DEBUG Tt4b_Mapi_Class::mapi_post: Response: 

HTTP/1.1 200 OK
Server: nginx
Content-Type: application/json
Content-Length: 92
X-Tt-Logid: 20250122144656DC57A7943E94D45DF31F
x-tt-trace-host: 018e5a586174a888928d793bdac74b79b5b3c46136d344bf46da72cca5a862092ebd15a6bfcdf949c4f0e5ec2adbd9fc0d7c10d5e6ddd670109cc79f4772f8480df6bebac585d3768c9a3f21a151f08193d1a1933da88ffa1a24bf900f1bcf5dc9e7fa241e4d4916857ba7aea280a462b8
x-tt-trace-id: 00-250122144656DC57A7943E94D45DF31F-1E22E0AA383B62D1-00
X-Origin-Response-Time: 24,23.52.15.133
X-Akamai-Request-ID: d606283.76a1438
Expires: Wed, 22 Jan 2025 14:46:56 GMT
Cache-Control: max-age=0, no-cache, no-store
Pragma: no-cache
Date: Wed, 22 Jan 2025 14:46:56 GMT
X-Cache: TCP_MISS from a95-101-134-30.deploy.akamaitechnologies.com (AkamaiGHost/11.8.0-1debf780f7d7c834933fa9689361eec6) (-)
Connection: close
X-Cache-Remote: TCP_MISS from a23-52-15-133.deploy.akamaitechnologies.com (AkamaiGHost/11.8.0-1debf780f7d7c834933fa9689361eec6) (-)
x-tt-trace-tag: id=16;cdn-cache=miss;type=dyn
Server-Timing: cdn-cache; desc=MISS, edge; dur=94, origin; dur=24
Server-Timing: inner; dur=20
X-Parent-Response-Time: 105,95.101.134.30

{"code": 0, "message": "OK", "request_id": "20250122144656DC57A7943E94D45DF31F", "data": {}}
2025-01-22T14:46:56+00:00 DEBUG Tt4b_Pixel_Class::inject_view_content_event: hit ViewContent
2025-01-22T14:46:56+00:00 DEBUG POST: https://business-api.tiktok.com/open_api/v1.3/event/track/

{"partner_name":"WooCommerce","event_source":"web","event_source_id":"CSM79Q3C77UAG1T340I0","data":[{"event":"ViewContent","event_id":"679104e02e912_tt4b_woocommerce_670666209cf1f_3626","event_time":1737557216,"user":{"ip":"62.210.13.154","user_agent":"WP Rocket\/Preload","locale":"ar","external_id":"0","email":"e3b0c44298fc1c149afbf4c8996fb92427ae41e4649b934ca495991b7852b855","phone_number":"e3b0c44298fc1c149afbf4c8996fb92427ae41e4649b934ca495991b7852b855","first_name":"e3b0c44298fc1c149afbf4c8996fb92427ae41e4649b934ca495991b7852b855","last_name":"e3b0c44298fc1c149afbf4c8996fb92427ae41e4649b934ca495991b7852b855","zip_code":"e3b0c44298fc1c149afbf4c8996fb92427ae41e4649b934ca495991b7852b855"},"properties":{"contents":[{"price":230,"quantity":1,"content_id":"3626","content_name":"\u0637\u0628\u0627\u0639\u0629 \u0633\u0646\u062f\u0627\u062a ( \u0635\u0631\u0641 - \u0642\u0628\u0636 )","description":"- \u062f\u0641\u0627\u062a\u0631 \u0633\u0646\u062f\u0627\u062a ( \u0635\u0631\u0641 - \u0642\u0628\u0636 ) \u0645\u0642\u0627\u0633 A5 \u0637\u0628\u0627\u0639\u0629 \u0648\u062c\u0647 \u0648\u0627\u062d\u062f.\r\n- \u0623\u0642\u0644 \u0643\u0645\u064a\u0629 \u0644\u0644\u0637\u0644\u0628 \u0647\u064a 10 \u062f\u0641\u0627\u062a\u0631.\r\n- \u0645\u062f\u0629 \u0627\u0644\u062a\u0646\u0641\u064a\u0630: \u0645\u0646 3 \u0625\u0644\u0649 5 \u0623\u064a\u0627\u0645 \u0639\u0645\u0644 \u0628\u0639\u062f \u0627\u0639\u062a\u0645\u0627\u062f \u0627\u0644\u0637\u0644\u0628 \u0648\u0627\u0644\u062a\u0635\u0645\u064a\u0645 \u062d\u0633\u0628 \u0627\u0644\u0643\u0645\u064a\u0629 (\u062a\u0632\u064a\u062f \u0627\u0644\u0645\u062f\u0629 \u0639\u0646\u062f \u0637\u0644\u0628 \u0627\u0644\u0634\u062d\u0646).","availability":"IN_STOCK","sale_price":230,"on_sale":false}],"content_type":"product","currency":"SAR","value":230,"event_trigger_source":"WooCommerce"},"page":{"url":"http:\/\/ibn-sinaa.com\/product\/print-receipt-issues\/"}}]}
 ajax: no
2025-01-22T14:46:56+00:00 DEBUG Tt4b_Mapi_Class::mapi_post: Response: 

HTTP/1.1 200 OK
Server: nginx
Content-Type: application/json
Content-Length: 92
X-Tt-Logid: 20250122144656A6302D6BB44DB0F20C9A
x-tt-trace-host: 018e5a586174a888928d793bdac74b79b519a86797e72c2eba011e03e23beee17d1f99b3e5cf74e0e1384cb35c642c62451f096b8e544816dab2de0a3305983cc967d5a42d1f775d20eb22c9d737a57f1c2bcd6993e68f29ce55cc63fe458b4ea70417b3c95650c30bd26473a6fb18c050
x-tt-trace-id: 00-250122144656A6302D6BB44DB0F20C9A-493CA8D29F80CE74-00
X-Origin-Response-Time: 39,23.218.219.56
X-Akamai-Request-ID: f43d202.18880fb2
Expires: Wed, 22 Jan 2025 14:46:56 GMT
Cache-Control: max-age=0, no-cache, no-store
Pragma: no-cache
Date: Wed, 22 Jan 2025 14:46:56 GMT
X-Cache: TCP_MISS from a95-101-134-116.deploy.akamaitechnologies.com (AkamaiGHost/11.8.0-1debf780f7d7c834933fa9689361eec6) (-)
Connection: close
X-Cache-Remote: TCP_MISS from a23-218-219-56.deploy.akamaitechnologies.com (AkamaiGHost/11.8.0-1debf780f7d7c834933fa9689361eec6) (-)
x-tt-trace-tag: id=16;cdn-cache=miss;type=dyn
Server-Timing: cdn-cache; desc=MISS, edge; dur=95, origin; dur=38
Server-Timing: inner; dur=35
X-Parent-Response-Time: 124,95.101.134.116

{"code": 0, "message": "OK", "request_id": "20250122144656A6302D6BB44DB0F20C9A", "data": {}}
2025-01-22T14:46:57+00:00 DEBUG POST: https://business-api.tiktok.com/open_api/v1.3/event/track/

{"partner_name":"WooCommerce","event_source":"web","event_source_id":"CSM79Q3C77UAG1T340I0","data":[{"event":"Pageview","event_id":"679104e15a558_tt4b_woocommerce_670666209cf1f","event_time":1737557217,"user":{"ip":"62.210.13.154","user_agent":"WP Rocket\/Preload","locale":"ar","external_id":"0","email":"e3b0c44298fc1c149afbf4c8996fb92427ae41e4649b934ca495991b7852b855","phone_number":"e3b0c44298fc1c149afbf4c8996fb92427ae41e4649b934ca495991b7852b855","first_name":"e3b0c44298fc1c149afbf4c8996fb92427ae41e4649b934ca495991b7852b855","last_name":"e3b0c44298fc1c149afbf4c8996fb92427ae41e4649b934ca495991b7852b855","zip_code":"e3b0c44298fc1c149afbf4c8996fb92427ae41e4649b934ca495991b7852b855"},"page":{"url":"http:\/\/ibn-sinaa.com\/product\/print-invoices\/"}}]}
 ajax: no
2025-01-22T14:46:57+00:00 DEBUG Tt4b_Mapi_Class::mapi_post: Response: 

HTTP/1.1 200 OK
Server: nginx
Content-Type: application/json
Content-Length: 92
X-Tt-Logid: 2025012214465781C231327962715198C4
x-tt-trace-host: 018e5a586174a888928d793bdac74b79b5b3c46136d344bf46da72cca5a862092ebd15a6bfcdf949c4f0e5ec2adbd9fc0d7d5230f1700d1de2591861c17263691d21ad3f88278a3e1e7b4174306caa697e96c1d2977a71bac9ef2f8f39cedd5ba08d05963cafed81eacdf59338f867fe17
x-tt-trace-id: 00-25012214465781C231327962715198C4-714758878BEE95C0-00
X-Origin-Response-Time: 26,23.52.15.133
X-Akamai-Request-ID: d60ac29.76a4ed4
Expires: Wed, 22 Jan 2025 14:46:57 GMT
Cache-Control: max-age=0, no-cache, no-store
Pragma: no-cache
Date: Wed, 22 Jan 2025 14:46:57 GMT
X-Cache: TCP_MISS from a95-101-134-30.deploy.akamaitechnologies.com (AkamaiGHost/11.8.0-1debf780f7d7c834933fa9689361eec6) (-)
Connection: close
X-Cache-Remote: TCP_MISS from a23-52-15-133.deploy.akamaitechnologies.com (AkamaiGHost/11.8.0-1debf780f7d7c834933fa9689361eec6) (-)
x-tt-trace-tag: id=16;cdn-cache=miss;type=dyn
Server-Timing: cdn-cache; desc=MISS, edge; dur=244, origin; dur=26
Server-Timing: inner; dur=23
X-Parent-Response-Time: 265,95.101.134.30

{"code": 0, "message": "OK", "request_id": "2025012214465781C231327962715198C4", "data": {}}
2025-01-22T14:46:57+00:00 DEBUG Tt4b_Pixel_Class::inject_view_content_event: hit ViewContent
2025-01-22T14:46:57+00:00 DEBUG POST: https://business-api.tiktok.com/open_api/v1.3/event/track/

{"partner_name":"WooCommerce","event_source":"web","event_source_id":"CSM79Q3C77UAG1T340I0","data":[{"event":"ViewContent","event_id":"679104e1cd659_tt4b_woocommerce_670666209cf1f_3593","event_time":1737557217,"user":{"ip":"62.210.13.154","user_agent":"WP Rocket\/Preload","locale":"ar","external_id":"0","email":"e3b0c44298fc1c149afbf4c8996fb92427ae41e4649b934ca495991b7852b855","phone_number":"e3b0c44298fc1c149afbf4c8996fb92427ae41e4649b934ca495991b7852b855","first_name":"e3b0c44298fc1c149afbf4c8996fb92427ae41e4649b934ca495991b7852b855","last_name":"e3b0c44298fc1c149afbf4c8996fb92427ae41e4649b934ca495991b7852b855","zip_code":"e3b0c44298fc1c149afbf4c8996fb92427ae41e4649b934ca495991b7852b855"},"properties":{"contents":[{"price":180,"quantity":1,"content_id":"3593","content_name":"\u0637\u0628\u0627\u0639\u0629 \u0641\u0648\u0627\u062a\u064a\u0631","description":"\u0637\u0628\u0627\u0639\u0629 \u062f\u0641\u0627\u062a\u0631 \u0641\u0648\u0627\u062a\u064a\u0631 \u0645\u0642\u0627\u0633 A5, \u0639\u062f\u062f \u0635\u0641\u062d\u0627\u062a 100 \u0635\u0641\u062d\u0629 ( \u0627\u0635\u0644 + \u0635\u0648\u0631\u0629 ).\r\n\u0623\u0642\u0644 \u0643\u0645\u064a\u0629 \u0644\u0644\u0637\u0644\u0628 \u0647\u064a 10 \u062f\u0641\u0627\u062a\u0631.\r\n\u0645\u062f\u0629 \u0627\u0644\u062a\u0646\u0641\u064a\u0630: \u0645\u0646 5 \u0625\u0644\u0649 7 \u0623\u064a\u0627\u0645 \u0639\u0645\u0644 \u0628\u0639\u062f \u0627\u0639\u062a\u0645\u0627\u062f \u0627\u0644\u0637\u0644\u0628 \u0648\u0627\u0644\u062a\u0635\u0645\u064a\u0645 \u062d\u0633\u0628 \u0627\u0644\u0643\u0645\u064a\u0629 (\u062a\u0632\u064a\u062f \u0627\u0644\u0645\u062f\u0629 \u0639\u0646\u062f \u0637\u0644\u0628 \u0627\u0644\u0634\u062d\u0646).","availability":"IN_STOCK","sale_price":180,"on_sale":false}],"content_type":"product","currency":"SAR","value":180,"event_trigger_source":"WooCommerce"},"page":{"url":"http:\/\/ibn-sinaa.com\/product\/print-invoices\/"}}]}
 ajax: no
2025-01-22T14:46:58+00:00 DEBUG Tt4b_Mapi_Class::mapi_post: Response: 

HTTP/1.1 200 OK
Server: nginx
Content-Type: application/json
Content-Length: 92
X-Tt-Logid: 20250122144657A77DCF8774E0AD5718B9
x-tt-trace-host: 018e5a586174a888928d793bdac74b79b519a86797e72c2eba011e03e23beee17de446d1e39d1f2cd35e8a370ff9fc489b58420c0398fc363f74f8c43e3e0f1446598a07341812e048b1341063793974d2b6849db99089cac50f759f27ab3310a5d2e98f1b64cf47f0860ed50f1984c3ea
x-tt-trace-id: 00-250122144657A77DCF8774E0AD5718B9-49F73E9B35F033D4-00
X-Origin-Response-Time: 30,23.52.15.171
X-Akamai-Request-ID: ad0a8b33.188841a7
Expires: Wed, 22 Jan 2025 14:46:58 GMT
Cache-Control: max-age=0, no-cache, no-store
Pragma: no-cache
Date: Wed, 22 Jan 2025 14:46:58 GMT
X-Cache: TCP_MISS from a95-101-134-116.deploy.akamaitechnologies.com (AkamaiGHost/11.8.0-1debf780f7d7c834933fa9689361eec6) (-)
Connection: close
X-Cache-Remote: TCP_MISS from a23-52-15-171.deploy.akamaitechnologies.com (AkamaiGHost/11.8.0-1debf780f7d7c834933fa9689361eec6) (-)
x-tt-trace-tag: id=16;cdn-cache=miss;type=dyn
Server-Timing: cdn-cache; desc=MISS, edge; dur=89, origin; dur=30
Server-Timing: inner; dur=27
X-Parent-Response-Time: 111,95.101.134.116

{"code": 0, "message": "OK", "request_id": "20250122144657A77DCF8774E0AD5718B9", "data": {}}
2025-01-22T14:46:58+00:00 DEBUG POST: https://business-api.tiktok.com/open_api/v1.3/event/track/

{"partner_name":"WooCommerce","event_source":"web","event_source_id":"CSM79Q3C77UAG1T340I0","data":[{"event":"Pageview","event_id":"679104e29f68e_tt4b_woocommerce_670666209cf1f","event_time":1737557218,"user":{"ip":"62.210.13.154","user_agent":"WP Rocket\/Preload","locale":"ar","external_id":"0","email":"e3b0c44298fc1c149afbf4c8996fb92427ae41e4649b934ca495991b7852b855","phone_number":"e3b0c44298fc1c149afbf4c8996fb92427ae41e4649b934ca495991b7852b855","first_name":"e3b0c44298fc1c149afbf4c8996fb92427ae41e4649b934ca495991b7852b855","last_name":"e3b0c44298fc1c149afbf4c8996fb92427ae41e4649b934ca495991b7852b855","zip_code":"e3b0c44298fc1c149afbf4c8996fb92427ae41e4649b934ca495991b7852b855"},"page":{"url":"http:\/\/ibn-sinaa.com\/product\/print-folders-2\/"}}]}
 ajax: no
2025-01-22T14:46:58+00:00 DEBUG Tt4b_Mapi_Class::mapi_post: Response: 

HTTP/1.1 200 OK
Server: nginx
Content-Type: application/json
Content-Length: 92
X-Tt-Logid: 20250122144658DFFCE8748F5C7653E606
x-tt-trace-host: 018e5a586174a888928d793bdac74b79b5b3c46136d344bf46da72cca5a862092ed912b87684dfd469a5de3d3ca90501e4d820110dbe85dd686bb287517f4c27d052350bcee04279a4242b58ed83f941a91f8c4b0f4767e64e2458ad60d67512cdfcc0db136f5749649231055a5049b450
x-tt-trace-id: 00-250122144658DFFCE8748F5C7653E606-4424E52C8D370E6E-00
X-Origin-Response-Time: 29,23.207.199.5
X-Akamai-Request-ID: a65e348.76a8077
Expires: Wed, 22 Jan 2025 14:46:58 GMT
Cache-Control: max-age=0, no-cache, no-store
Pragma: no-cache
Date: Wed, 22 Jan 2025 14:46:58 GMT
X-Cache: TCP_MISS from a95-101-134-30.deploy.akamaitechnologies.com (AkamaiGHost/11.8.0-1debf780f7d7c834933fa9689361eec6) (-)
Connection: close
X-Cache-Remote: TCP_MISS from a23-207-199-5.deploy.akamaitechnologies.com (AkamaiGHost/11.8.0-2d0f2d516c5d43e1487924a77ec5924a) (-)
x-tt-trace-tag: id=16;cdn-cache=miss;type=dyn
Server-Timing: cdn-cache; desc=MISS, edge; dur=87, origin; dur=29
Server-Timing: inner; dur=25
X-Parent-Response-Time: 111,95.101.134.30

{"code": 0, "message": "OK", "request_id": "20250122144658DFFCE8748F5C7653E606", "data": {}}
2025-01-22T14:46:59+00:00 DEBUG Tt4b_Pixel_Class::inject_view_content_event: hit ViewContent
2025-01-22T14:46:59+00:00 DEBUG POST: https://business-api.tiktok.com/open_api/v1.3/event/track/

{"partner_name":"WooCommerce","event_source":"web","event_source_id":"CSM79Q3C77UAG1T340I0","data":[{"event":"ViewContent","event_id":"679104e306e9d_tt4b_woocommerce_670666209cf1f_3560","event_time":1737557219,"user":{"ip":"62.210.13.154","user_agent":"WP Rocket\/Preload","locale":"ar","external_id":"0","email":"e3b0c44298fc1c149afbf4c8996fb92427ae41e4649b934ca495991b7852b855","phone_number":"e3b0c44298fc1c149afbf4c8996fb92427ae41e4649b934ca495991b7852b855","first_name":"e3b0c44298fc1c149afbf4c8996fb92427ae41e4649b934ca495991b7852b855","last_name":"e3b0c44298fc1c149afbf4c8996fb92427ae41e4649b934ca495991b7852b855","zip_code":"e3b0c44298fc1c149afbf4c8996fb92427ae41e4649b934ca495991b7852b855"},"properties":{"contents":[{"price":400,"quantity":1,"content_id":"3560","content_name":"\u0637\u0628\u0627\u0639\u0629 \u0641\u0648\u0644\u062f\u0631\u0627\u062a \u062c\u064a\u0628 \u0634\u0646\u0637\u0647","description":"\u0637\u0628\u0627\u0639\u0629 \u0641\u0648\u0644\u062f\u0631\u0627\u062a \u0645\u0639 \u062c\u064a\u0628 \u0645\u0637\u0628\u0648\u0639 \u0645\u0644\u0648\u0646 .\r\n\u0646\u0648\u0639 \u0627\u0644\u0648\u0631\u0642: \u0648\u0631\u0642 \u0643\u0648\u0634\u064a\u0647 350 \u062c\u0631\u0627\u0645 \u0645\u0639 \u0633\u0644\u0641\u0627\u0646.\r\n\u0645\u062f\u0629 \u0627\u0644\u062a\u0646\u0641\u064a\u0630 \u0627\u0644\u0645\u062a\u0648\u0642\u0639\u0629: \u0645\u0646 3 \u0625\u0644\u0649 5 \u0623\u064a\u0627\u0645 \u0639\u0645\u0644 \u0628\u0639\u062f \u0627\u0639\u062a\u0645\u0627\u062f \u0627\u0644\u0637\u0644\u0628 \u0648\u0627\u0644\u0643\u0645\u064a\u0629 (\u062a\u0632\u064a\u062f \u0627\u0644\u0645\u062f\u0629 \u0639\u0646\u062f \u0637\u0644\u0628 \u0627\u0644\u0634\u062d\u0646).","availability":"IN_STOCK","sale_price":400,"on_sale":false}],"content_type":"product","currency":"SAR","value":400,"event_trigger_source":"WooCommerce"},"page":{"url":"http:\/\/ibn-sinaa.com\/product\/print-folders-2\/"}}]}
 ajax: no
2025-01-22T14:46:59+00:00 DEBUG Tt4b_Mapi_Class::mapi_post: Response: 

HTTP/1.1 200 OK
Server: nginx
Content-Type: application/json
Content-Length: 92
X-Tt-Logid: 2025012214465951E352D30BAAFE52697B
x-tt-trace-host: 018e5a586174a888928d793bdac74b79b52a36c08622bbc2ac99357be22beb959a568264153cb40b109d2d63d8723f6ed2c689aaae455aaf243cce57dc5dce4ac67a04e999f44fb9c22d2301cc0abd16fccf5f00e20e2b917ee32ee98fe89ad5cdacf75703f1d221a3a580556eaa7adf2f
x-tt-trace-id: 00-25012214465951E352D30BAAFE52697B-0F7780BD41F13FBC-00
X-Origin-Response-Time: 33,23.218.219.4
X-Akamai-Request-ID: 65623d.11898c09
Expires: Wed, 22 Jan 2025 14:46:59 GMT
Cache-Control: max-age=0, no-cache, no-store
Pragma: no-cache
Date: Wed, 22 Jan 2025 14:46:59 GMT
X-Cache: TCP_MISS from a95-101-134-36.deploy.akamaitechnologies.com (AkamaiGHost/11.8.0-1debf780f7d7c834933fa9689361eec6) (-)
Connection: close
X-Cache-Remote: TCP_MISS from a23-218-219-4.deploy.akamaitechnologies.com (AkamaiGHost/11.8.0-1debf780f7d7c834933fa9689361eec6) (-)
x-tt-trace-tag: id=16;cdn-cache=miss;type=dyn
Server-Timing: cdn-cache; desc=MISS, edge; dur=90, origin; dur=33
Server-Timing: inner; dur=26
X-Parent-Response-Time: 116,95.101.134.36

{"code": 0, "message": "OK", "request_id": "2025012214465951E352D30BAAFE52697B", "data": {}}
2025-01-22T14:47:00+00:00 DEBUG POST: https://business-api.tiktok.com/open_api/v1.3/event/track/

{"partner_name":"WooCommerce","event_source":"web","event_source_id":"CSM79Q3C77UAG1T340I0","data":[{"event":"Pageview","event_id":"679104e4527ca_tt4b_woocommerce_670666209cf1f","event_time":1737557220,"user":{"ip":"62.210.13.154","user_agent":"WP Rocket\/Preload","locale":"ar","external_id":"0","email":"e3b0c44298fc1c149afbf4c8996fb92427ae41e4649b934ca495991b7852b855","phone_number":"e3b0c44298fc1c149afbf4c8996fb92427ae41e4649b934ca495991b7852b855","first_name":"e3b0c44298fc1c149afbf4c8996fb92427ae41e4649b934ca495991b7852b855","last_name":"e3b0c44298fc1c149afbf4c8996fb92427ae41e4649b934ca495991b7852b855","zip_code":"e3b0c44298fc1c149afbf4c8996fb92427ae41e4649b934ca495991b7852b855"},"page":{"url":"http:\/\/ibn-sinaa.com\/product\/print-folders\/"}}]}
 ajax: no
2025-01-22T14:47:00+00:00 DEBUG Tt4b_Mapi_Class::mapi_post: Response: 

HTTP/1.1 200 OK
Server: nginx
Content-Type: application/json
Content-Length: 92
X-Tt-Logid: 20250122144700DEE2CA3C8D2106D3242C
x-tt-trace-host: 018e5a586174a888928d793bdac74b79b52a36c08622bbc2ac99357be22beb959abc418820c56fd4b85fa267a1d4e819c243029338a171de41e2b36d84b3f120b7bd43e6ade868fcd6ddd5ff6506cb5a6e72a9864d3bb85ce709b383e6ada5d2797add980a0a150a3e8dbdd37851f54c5e
x-tt-trace-id: 00-250122144700DEE2CA3C8D2106D3242C-072BE51362D5FBA8-00
X-Origin-Response-Time: 34,23.213.246.239
X-Akamai-Request-ID: 50fd831d.1189b3e7
Expires: Wed, 22 Jan 2025 14:47:00 GMT
Cache-Control: max-age=0, no-cache, no-store
Pragma: no-cache
Date: Wed, 22 Jan 2025 14:47:00 GMT
X-Cache: TCP_MISS from a95-101-134-36.deploy.akamaitechnologies.com (AkamaiGHost/11.8.0-1debf780f7d7c834933fa9689361eec6) (-)
Connection: close
X-Cache-Remote: TCP_MISS from a23-213-246-239.deploy.akamaitechnologies.com (AkamaiGHost/11.8.0-1debf780f7d7c834933fa9689361eec6) (-)
x-tt-trace-tag: id=16;cdn-cache=miss;type=dyn
Server-Timing: cdn-cache; desc=MISS, edge; dur=87, origin; dur=34
Server-Timing: inner; dur=30
X-Parent-Response-Time: 116,95.101.134.36

{"code": 0, "message": "OK", "request_id": "20250122144700DEE2CA3C8D2106D3242C", "data": {}}
2025-01-22T14:47:00+00:00 DEBUG Tt4b_Pixel_Class::inject_view_content_event: hit ViewContent
2025-01-22T14:47:00+00:00 DEBUG POST: https://business-api.tiktok.com/open_api/v1.3/event/track/

{"partner_name":"WooCommerce","event_source":"web","event_source_id":"CSM79Q3C77UAG1T340I0","data":[{"event":"ViewContent","event_id":"679104e4ad94e_tt4b_woocommerce_670666209cf1f_3545","event_time":1737557220,"user":{"ip":"62.210.13.154","user_agent":"WP Rocket\/Preload","locale":"ar","external_id":"0","email":"e3b0c44298fc1c149afbf4c8996fb92427ae41e4649b934ca495991b7852b855","phone_number":"e3b0c44298fc1c149afbf4c8996fb92427ae41e4649b934ca495991b7852b855","first_name":"e3b0c44298fc1c149afbf4c8996fb92427ae41e4649b934ca495991b7852b855","last_name":"e3b0c44298fc1c149afbf4c8996fb92427ae41e4649b934ca495991b7852b855","zip_code":"e3b0c44298fc1c149afbf4c8996fb92427ae41e4649b934ca495991b7852b855"},"properties":{"contents":[{"price":0,"quantity":1,"content_id":"3545","content_name":"\u0637\u0628\u0627\u0639\u0629 \u0641\u0648\u0644\u062f\u0631\u0627\u062a \u062c\u064a\u0628 \u0639\u0627\u062f\u064a","description":"\u0641\u0648\u0644\u062f\u0631 \u062c\u064a\u0628 \u0623\u0628\u064a\u0636 \u0639\u0627\u062f\u064a.\r\n\u0646\u0648\u0639 \u0627\u0644\u0648\u0631\u0642: \u0648\u0631\u0642 \u0643\u0648\u0634\u064a\u0647 350 \u062c\u0631\u0627\u0645 \u0645\u0639 \u0633\u0644\u0641\u0627\u0646\r\n\u0645\u062f\u0629 \u0627\u0644\u062a\u0646\u0641\u064a\u0630 \u0627\u0644\u0645\u062a\u0648\u0642\u0639\u0629: \u0645\u0646 4 \u0625\u0644\u0649 7 \u0623\u064a\u0627\u0645 \u0639\u0645\u0644 \u0628\u0639\u062f \u0627\u0639\u062a\u0645\u0627\u062f \u0627\u0644\u0637\u0644\u0628 \u0648\u0627\u0644\u0643\u0645\u064a\u0629 (\u062a\u0632\u064a\u062f \u0627\u0644\u0645\u062f\u0629 \u0639\u0646\u062f \u0637\u0644\u0628 \u0627\u0644\u0634\u062d\u0646).","availability":"IN_STOCK","sale_price":0,"on_sale":false}],"content_type":"product","currency":"SAR","value":0,"event_trigger_source":"WooCommerce"},"page":{"url":"http:\/\/ibn-sinaa.com\/product\/print-folders\/"}}]}
 ajax: no
2025-01-22T14:47:00+00:00 DEBUG Tt4b_Mapi_Class::mapi_post: Response: 

HTTP/1.1 200 OK
Server: nginx
Content-Type: application/json
Content-Length: 92
X-Tt-Logid: 20250122144700BDAA39F99F59A11751E7
x-tt-trace-host: 018e5a586174a888928d793bdac74b79b52a36c08622bbc2ac99357be22beb959a7b86c8c8a9385bc09b9316ec6d721e06c318184741e715ab4237a6aa5e4249dcebe1881b88df84d67c4d8d72fc47bd1e5ea2f3c32f4881f91d172c13a2535addd01da777c757efc7177cb3d67d535009
x-tt-trace-id: 00-250122144700BDAA39F99F59A11751E7-17F06917893079AC-00
X-Origin-Response-Time: 41,23.52.15.143
X-Akamai-Request-ID: e15f0bc.1189bf55
Expires: Wed, 22 Jan 2025 14:47:00 GMT
Cache-Control: max-age=0, no-cache, no-store
Pragma: no-cache
Date: Wed, 22 Jan 2025 14:47:00 GMT
X-Cache: TCP_MISS from a95-101-134-36.deploy.akamaitechnologies.com (AkamaiGHost/11.8.0-1debf780f7d7c834933fa9689361eec6) (-)
Connection: close
X-Cache-Remote: TCP_MISS from a23-52-15-143.deploy.akamaitechnologies.com (AkamaiGHost/11.8.0-1debf780f7d7c834933fa9689361eec6) (-)
x-tt-trace-tag: id=16;cdn-cache=miss;type=dyn
Server-Timing: cdn-cache; desc=MISS, edge; dur=100, origin; dur=41
Server-Timing: inner; dur=36
X-Parent-Response-Time: 132,95.101.134.36

{"code": 0, "message": "OK", "request_id": "20250122144700BDAA39F99F59A11751E7", "data": {}}
2025-01-22T14:47:01+00:00 DEBUG POST: https://business-api.tiktok.com/open_api/v1.3/event/track/

{"partner_name":"WooCommerce","event_source":"web","event_source_id":"CSM79Q3C77UAG1T340I0","data":[{"event":"Pageview","event_id":"679104e5bc7d4_tt4b_woocommerce_670666209cf1f","event_time":1737557221,"user":{"ip":"62.210.13.154","user_agent":"WP Rocket\/Preload","locale":"ar","external_id":"0","email":"e3b0c44298fc1c149afbf4c8996fb92427ae41e4649b934ca495991b7852b855","phone_number":"e3b0c44298fc1c149afbf4c8996fb92427ae41e4649b934ca495991b7852b855","first_name":"e3b0c44298fc1c149afbf4c8996fb92427ae41e4649b934ca495991b7852b855","last_name":"e3b0c44298fc1c149afbf4c8996fb92427ae41e4649b934ca495991b7852b855","zip_code":"e3b0c44298fc1c149afbf4c8996fb92427ae41e4649b934ca495991b7852b855"},"page":{"url":"http:\/\/ibn-sinaa.com\/product\/plastic-cards-printing\/"}}]}
 ajax: no
2025-01-22T14:47:01+00:00 DEBUG Tt4b_Mapi_Class::mapi_post: Response: 

HTTP/1.1 200 OK
Server: nginx
Content-Type: application/json
Content-Length: 92
X-Tt-Logid: 2025012214470179B8B924B3E6EF1808E1
x-tt-trace-host: 018e5a586174a888928d793bdac74b79b52a36c08622bbc2ac99357be22beb959abbf31ef7d650ad6bc0870a83bf8525cbca486a92d6b059e112feeb46a441e6e08dd3d7a1072ce47e0c8c0aa284b5442bcd36088f4983945b4accbc157af6477a127767e68be72331319c814bb5191c9b
x-tt-trace-id: 00-25012214470179B8B924B3E6EF1808E1-58C16DD14CEB891B-00
X-Origin-Response-Time: 33,23.32.17.12
X-Akamai-Request-ID: 67e253.1189e041
Expires: Wed, 22 Jan 2025 14:47:01 GMT
Cache-Control: max-age=0, no-cache, no-store
Pragma: no-cache
Date: Wed, 22 Jan 2025 14:47:01 GMT
X-Cache: TCP_MISS from a95-101-134-36.deploy.akamaitechnologies.com (AkamaiGHost/11.8.0-1debf780f7d7c834933fa9689361eec6) (-)
Connection: close
X-Cache-Remote: TCP_MISS from a23-32-17-12.deploy.akamaitechnologies.com (AkamaiGHost/11.8.0-1debf780f7d7c834933fa9689361eec6) (-)
x-tt-trace-tag: id=16;cdn-cache=miss;type=dyn
Server-Timing: cdn-cache; desc=MISS, edge; dur=87, origin; dur=33
Server-Timing: inner; dur=27
X-Parent-Response-Time: 115,95.101.134.36

{"code": 0, "message": "OK", "request_id": "2025012214470179B8B924B3E6EF1808E1", "data": {}}
2025-01-22T14:47:02+00:00 DEBUG Tt4b_Pixel_Class::inject_view_content_event: hit ViewContent
2025-01-22T14:47:02+00:00 DEBUG POST: https://business-api.tiktok.com/open_api/v1.3/event/track/

{"partner_name":"WooCommerce","event_source":"web","event_source_id":"CSM79Q3C77UAG1T340I0","data":[{"event":"ViewContent","event_id":"679104e611a3e_tt4b_woocommerce_670666209cf1f_2948","event_time":1737557222,"user":{"ip":"62.210.13.154","user_agent":"WP Rocket\/Preload","locale":"ar","external_id":"0","email":"e3b0c44298fc1c149afbf4c8996fb92427ae41e4649b934ca495991b7852b855","phone_number":"e3b0c44298fc1c149afbf4c8996fb92427ae41e4649b934ca495991b7852b855","first_name":"e3b0c44298fc1c149afbf4c8996fb92427ae41e4649b934ca495991b7852b855","last_name":"e3b0c44298fc1c149afbf4c8996fb92427ae41e4649b934ca495991b7852b855","zip_code":"e3b0c44298fc1c149afbf4c8996fb92427ae41e4649b934ca495991b7852b855"},"properties":{"contents":[{"price":85,"quantity":1,"content_id":"2948","content_name":"\u0637\u0628\u0627\u0639\u0629 \u0643\u0631\u0648\u062a \u0628\u0644\u0627\u0633\u062a\u064a\u0643","description":"<ul>\r\n \t<li>\u0643\u0631\u0648\u062a \u0634\u062e\u0635\u064a\u0629 \u0645\u0635\u0646\u0648\u0639\u0629 \u0645\u0646 \u0648\u0631\u0642 \u062e\u0627\u0635 \u0645\u062e\u0644\u0648\u0637 \u0645\u0639 \u0627\u0644\u0628\u0644\u0627\u0633\u062a\u064a\u0643 \u0644\u064a\u0639\u0637\u064a \u0645\u0642\u0627\u0648\u0645\u0629 \u0644\u0644\u0633\u0648\u0627\u0626\u0644 \u0648\u0644\u0644\u0642\u0637\u0639.<\/li>\r\n \t<li>\u0645\u062f\u0629 \u0627\u0644\u062a\u0646\u0641\u064a\u0630 \u0627\u0644\u0645\u062a\u0648\u0642\u0639\u0629: 1 \u2013 3 \u0623\u064a\u0627\u0645 \u0639\u0645\u0644 \u0628\u0639\u062f \u062a\u0623\u0643\u064a\u062f \u0627\u0644\u0637\u0644\u0628 \u0648\u0627\u0644\u062a\u0635\u0645\u064a\u0645 \u0648\u062d\u0633\u0628 \u0627\u0644\u0643\u0645\u064a\u0629 (\u062a\u0632\u064a\u062f \u0627\u0644\u0645\u062f\u0629 \u0639\u0646\u062f \u0637\u0644\u0628 \u0627\u0644\u0634\u062d\u0646).<\/li>\r\n<\/ul>","availability":"IN_STOCK","sale_price":85,"on_sale":false}],"content_type":"product","currency":"SAR","value":85,"event_trigger_source":"WooCommerce"},"page":{"url":"http:\/\/ibn-sinaa.com\/product\/plastic-cards-printing\/"}}]}
 ajax: no
2025-01-22T14:47:02+00:00 DEBUG Tt4b_Mapi_Class::mapi_post: Response: 

HTTP/1.1 200 OK
Server: nginx
Content-Type: application/json
Content-Length: 92
X-Tt-Logid: 202501221447024CE50546A7A04B5352EB
Server-Timing: inner; dur=31
x-tt-trace-host: 018e5a586174a888928d793bdac74b79b546481499826e61e341177deeedfd94a4000dcb39ff5acbf67ac95807ab850552f160726e96d58c52b3507465553c3b16a94a376ea2ed0ac7143e27a9693135f1eb16a6f9c56e5f71ecf667b51313fcd5
x-tt-trace-id: 00-2501221447024CE50546A7A04B5352EB-43DE067EA2E4CF39-00
Expires: Wed, 22 Jan 2025 14:47:02 GMT
Cache-Control: max-age=0, no-cache, no-store
Pragma: no-cache
Date: Wed, 22 Jan 2025 14:47:02 GMT
X-Cache: TCP_MISS from a95-101-134-30.deploy.akamaitechnologies.com (AkamaiGHost/11.8.0-1debf780f7d7c834933fa9689361eec6) (-)
Connection: close
x-tt-trace-tag: id=16;cdn-cache=miss;type=dyn
Server-Timing: cdn-cache; desc=MISS, edge; dur=8, origin; dur=118
X-Origin-Response-Time: 119,95.101.134.30
X-Akamai-Request-ID: 76b03e4

{"code": 0, "message": "OK", "request_id": "202501221447024CE50546A7A04B5352EB", "data": {}}
2025-01-22T14:47:03+00:00 DEBUG POST: https://business-api.tiktok.com/open_api/v1.3/event/track/

{"partner_name":"WooCommerce","event_source":"web","event_source_id":"CSM79Q3C77UAG1T340I0","data":[{"event":"Pageview","event_id":"679104e75ea40_tt4b_woocommerce_670666209cf1f","event_time":1737557223,"user":{"ip":"62.210.13.154","user_agent":"WP Rocket\/Preload","locale":"ar","external_id":"0","email":"e3b0c44298fc1c149afbf4c8996fb92427ae41e4649b934ca495991b7852b855","phone_number":"e3b0c44298fc1c149afbf4c8996fb92427ae41e4649b934ca495991b7852b855","first_name":"e3b0c44298fc1c149afbf4c8996fb92427ae41e4649b934ca495991b7852b855","last_name":"e3b0c44298fc1c149afbf4c8996fb92427ae41e4649b934ca495991b7852b855","zip_code":"e3b0c44298fc1c149afbf4c8996fb92427ae41e4649b934ca495991b7852b855"},"page":{"url":"http:\/\/ibn-sinaa.com\/product\/personal-cards\/"}}]}
 ajax: no
2025-01-22T14:47:03+00:00 DEBUG Tt4b_Mapi_Class::mapi_post: Response: 

HTTP/1.1 200 OK
Server: nginx
Content-Type: application/json
Content-Length: 92
X-Tt-Logid: 202501221447033818A78381D40B5FD4E4
x-tt-trace-host: 018e5a586174a888928d793bdac74b79b5b3c46136d344bf46da72cca5a862092e147ea8abf1d539e7dbdd0c0b774ef662e24547ceec113f5d4d929680d7e79d02e0712a4a2ef717db1e84f6865af37bd576536440e56b3d538f2b1cf977361eec2dcac10c7de650f62a726ab5944266f3
x-tt-trace-id: 00-2501221447033818A78381D40B5FD4E4-2314CC0B40EFAC38-00
X-Origin-Response-Time: 50,23.218.219.42
X-Akamai-Request-ID: 44d0a07.76b3600
Expires: Wed, 22 Jan 2025 14:47:03 GMT
Cache-Control: max-age=0, no-cache, no-store
Pragma: no-cache
Date: Wed, 22 Jan 2025 14:47:03 GMT
X-Cache: TCP_MISS from a95-101-134-30.deploy.akamaitechnologies.com (AkamaiGHost/11.8.0-1debf780f7d7c834933fa