2025-01-16T11:15:42+00:00 DEBUG POST: https://business-api.tiktok.com/open_api/v1.3/event/track/

{"partner_name":"WooCommerce","event_source":"web","event_source_id":"CSM79Q3C77UAG1T340I0","data":[{"event":"Pageview","event_id":"6788ea5e26030_tt4b_woocommerce_670666209cf1f","event_time":1737026142,"user":{"ip":"95.217.195.123","user_agent":"Mozilla\/5.0 (compatible; MJ12bot\/v1.4.8; http:\/\/mj12bot.com\/)","locale":"ar","external_id":"0","email":"e3b0c44298fc1c149afbf4c8996fb92427ae41e4649b934ca495991b7852b855","phone_number":"e3b0c44298fc1c149afbf4c8996fb92427ae41e4649b934ca495991b7852b855","first_name":"e3b0c44298fc1c149afbf4c8996fb92427ae41e4649b934ca495991b7852b855","last_name":"e3b0c44298fc1c149afbf4c8996fb92427ae41e4649b934ca495991b7852b855","zip_code":"e3b0c44298fc1c149afbf4c8996fb92427ae41e4649b934ca495991b7852b855"},"page":{"url":"http:\/\/www.ibn-sinaa.com\/en\/product\/%D8%B3%D8%AC%D9%84%D8%A7%D8%AA-%D9%85%D8%A7%D8%AF%D8%A9-%D8%A7%D9%84%D8%AA%D8%B1%D8%A8%D9%8A%D8%A9-%D8%A7%D9%84%D8%A7%D8%B3%D9%84%D8%A7%D9%85%D9%8A%D8%A9\/?add-to-cart=3545"}}]}
 ajax: no
2025-01-16T11:15:42+00:00 DEBUG Tt4b_Mapi_Class::mapi_post: Response: 

HTTP/1.1 200 OK
Server: nginx
Content-Type: application/json
Content-Length: 92
X-Tt-Logid: 20250116111542A343A8741634357E3466
x-tt-trace-host: 018e5a586174a888928d793bdac74b79b56517d7628cf0ffdff56b078ad2cf56156d479c2c1c2c474b269eb70be4281ff776fd8cc29e847aaa390b07a0b983c8d765d76affdd3107c7ff6d1c3c75b34cbfd5d7e6d5982581884fa3cbfd7f7e9a4ee8b6c2438ac845604cee0fadd3bcc1a6
x-tt-trace-id: 00-250116111542A343A8741634357E3466-7E75FD77903A043C-00
X-Origin-Response-Time: 34,23.207.199.41
X-Akamai-Request-ID: 23376f5.c832837
Expires: Thu, 16 Jan 2025 11:15:42 GMT
Cache-Control: max-age=0, no-cache, no-store
Pragma: no-cache
Date: Thu, 16 Jan 2025 11:15:42 GMT
X-Cache: TCP_MISS from a95-101-134-92.deploy.akamaitechnologies.com (AkamaiGHost/11.8.0-1debf780f7d7c834933fa9689361eec6) (-)
Connection: close
X-Cache-Remote: TCP_MISS from a23-207-199-41.deploy.akamaitechnologies.com (AkamaiGHost/11.8.0-2d0f2d516c5d43e1487924a77ec5924a) (-)
x-tt-trace-tag: id=16;cdn-cache=miss;type=dyn
Server-Timing: cdn-cache; desc=MISS, edge; dur=82, origin; dur=34
Server-Timing: inner; dur=30
X-Parent-Response-Time: 115,95.101.134.92

{"code": 0, "message": "OK", "request_id": "20250116111542A343A8741634357E3466", "data": {}}
2025-01-16T11:15:47+00:00 DEBUG Tt4b_Pixel_Class::inject_add_to_cart_event: hit AddToCart
2025-01-16T11:15:47+00:00 DEBUG POST: https://business-api.tiktok.com/open_api/v1.3/event/track/

{"partner_name":"WooCommerce","event_source":"web","event_source_id":"CSM79Q3C77UAG1T340I0","data":[{"event":"AddToCart","event_id":"6788ea63ecf5a_tt4b_woocommerce_670666209cf1f_3545","event_time":1737026147,"user":{"ip":"95.217.195.123","user_agent":"Mozilla\/5.0 (compatible; MJ12bot\/v1.4.8; http:\/\/mj12bot.com\/)","locale":"ar","external_id":"0","email":"e3b0c44298fc1c149afbf4c8996fb92427ae41e4649b934ca495991b7852b855","phone_number":"e3b0c44298fc1c149afbf4c8996fb92427ae41e4649b934ca495991b7852b855","first_name":"e3b0c44298fc1c149afbf4c8996fb92427ae41e4649b934ca495991b7852b855","last_name":"e3b0c44298fc1c149afbf4c8996fb92427ae41e4649b934ca495991b7852b855","zip_code":"e3b0c44298fc1c149afbf4c8996fb92427ae41e4649b934ca495991b7852b855"},"properties":{"contents":[{"price":0,"quantity":1,"content_id":"3545","content_name":"\u0637\u0628\u0627\u0639\u0629 \u0641\u0648\u0644\u062f\u0631\u0627\u062a \u062c\u064a\u0628 \u0639\u0627\u062f\u064a","description":"\u0641\u0648\u0644\u062f\u0631 \u062c\u064a\u0628 \u0623\u0628\u064a\u0636 \u0639\u0627\u062f\u064a.\r\n\u0646\u0648\u0639 \u0627\u0644\u0648\u0631\u0642: \u0648\u0631\u0642 \u0643\u0648\u0634\u064a\u0647 350 \u062c\u0631\u0627\u0645 \u0645\u0639 \u0633\u0644\u0641\u0627\u0646\r\n\u0645\u062f\u0629 \u0627\u0644\u062a\u0646\u0641\u064a\u0630 \u0627\u0644\u0645\u062a\u0648\u0642\u0639\u0629: \u0645\u0646 4 \u0625\u0644\u0649 7 \u0623\u064a\u0627\u0645 \u0639\u0645\u0644 \u0628\u0639\u062f \u0627\u0639\u062a\u0645\u0627\u062f \u0627\u0644\u0637\u0644\u0628 \u0648\u0627\u0644\u0643\u0645\u064a\u0629 (\u062a\u0632\u064a\u062f \u0627\u0644\u0645\u062f\u0629 \u0639\u0646\u062f \u0637\u0644\u0628 \u0627\u0644\u0634\u062d\u0646).","availability":"IN_STOCK","sale_price":0,"on_sale":false}],"content_type":"product","currency":"SAR","value":0,"event_trigger_source":"WooCommerce"},"page":{"url":"http:\/\/www.ibn-sinaa.com\/en\/product\/%D8%B8%D8%B1%D9%81-a5\/?add-to-cart=3545"}}]}
 ajax: no
2025-01-16T11:15:48+00:00 DEBUG Tt4b_Mapi_Class::mapi_post: Response: 

HTTP/1.1 200 OK
Server: nginx
Content-Type: application/json
Content-Length: 92
X-Tt-Logid: 20250116111548FA857CC99C4022CFBBA0
x-tt-trace-host: 018e5a586174a888928d793bdac74b79b519a86797e72c2eba011e03e23beee17dffce9843412f14ada9478a72357fa5598d3982fc2c64be116ef410b4c54e7f55eb7b183a761befbcdfc297f033dfff537f790601caba6c114374027916d20be090ccebc167413f5b223082c823309425
x-tt-trace-id: 00-250116111548FA857CC99C4022CFBBA0-1640084D273EF5D5-00
X-Origin-Response-Time: 25,23.222.2.25
X-Akamai-Request-ID: 23161d72.d43a978
Expires: Thu, 16 Jan 2025 11:15:48 GMT
Cache-Control: max-age=0, no-cache, no-store
Pragma: no-cache
Date: Thu, 16 Jan 2025 11:15:48 GMT
X-Cache: TCP_MISS from a95-101-134-116.deploy.akamaitechnologies.com (AkamaiGHost/11.8.0-1debf780f7d7c834933fa9689361eec6) (-)
Connection: close
X-Cache-Remote: TCP_MISS from a23-222-2-25.deploy.akamaitechnologies.com (AkamaiGHost/11.8.0-1debf780f7d7c834933fa9689361eec6) (-)
x-tt-trace-tag: id=16;cdn-cache=miss;type=dyn
Server-Timing: cdn-cache; desc=MISS, edge; dur=81, origin; dur=25
Server-Timing: inner; dur=21
X-Parent-Response-Time: 106,95.101.134.116

{"code": 0, "message": "OK", "request_id": "20250116111548FA857CC99C4022CFBBA0", "data": {}}
2025-01-16T11:15:48+00:00 DEBUG POST: https://business-api.tiktok.com/open_api/v1.3/event/track/

{"partner_name":"WooCommerce","event_source":"web","event_source_id":"CSM79Q3C77UAG1T340I0","data":[{"event":"Pageview","event_id":"6788ea64918c5_tt4b_woocommerce_670666209cf1f","event_time":1737026148,"user":{"ip":"95.217.195.123","user_agent":"Mozilla\/5.0 (compatible; MJ12bot\/v1.4.8; http:\/\/mj12bot.com\/)","locale":"ar","external_id":"0","email":"e3b0c44298fc1c149afbf4c8996fb92427ae41e4649b934ca495991b7852b855","phone_number":"e3b0c44298fc1c149afbf4c8996fb92427ae41e4649b934ca495991b7852b855","first_name":"e3b0c44298fc1c149afbf4c8996fb92427ae41e4649b934ca495991b7852b855","last_name":"e3b0c44298fc1c149afbf4c8996fb92427ae41e4649b934ca495991b7852b855","zip_code":"e3b0c44298fc1c149afbf4c8996fb92427ae41e4649b934ca495991b7852b855"},"page":{"url":"http:\/\/www.ibn-sinaa.com\/en\/product\/%D8%B8%D8%B1%D9%81-a5\/?add-to-cart=3545"}}]}
 ajax: no
2025-01-16T11:15:48+00:00 DEBUG POST: https://business-api.tiktok.com/open_api/v1.3/event/track/

{"partner_name":"WooCommerce","event_source":"web","event_source_id":"CSM79Q3C77UAG1T340I0","data":[{"event":"Pageview","event_id":"6788ea6498118_tt4b_woocommerce_670666209cf1f","event_time":1737026148,"user":{"ip":"62.210.13.154","user_agent":"WP Rocket\/Preload","locale":"ar","external_id":"0","email":"e3b0c44298fc1c149afbf4c8996fb92427ae41e4649b934ca495991b7852b855","phone_number":"e3b0c44298fc1c149afbf4c8996fb92427ae41e4649b934ca495991b7852b855","first_name":"e3b0c44298fc1c149afbf4c8996fb92427ae41e4649b934ca495991b7852b855","last_name":"e3b0c44298fc1c149afbf4c8996fb92427ae41e4649b934ca495991b7852b855","zip_code":"e3b0c44298fc1c149afbf4c8996fb92427ae41e4649b934ca495991b7852b855"},"page":{"url":"http:\/\/ibn-sinaa.com\/wp-content\/uploads\/2024\/11\/1-7.png\/"}}]}
 ajax: no
2025-01-16T11:15:48+00:00 DEBUG Tt4b_Mapi_Class::mapi_post: Response: 

HTTP/1.1 200 OK
Server: nginx
Content-Type: application/json
Content-Length: 92
X-Tt-Logid: 202501161115481D50195261A53333CB13
x-tt-trace-host: 018e5a586174a888928d793bdac74b79b56517d7628cf0ffdff56b078ad2cf561571a40b14dc9d18730fc4fcdd3fec3a5e7e6c18a243620bec6f235a75c1de2b65f17e192d8d52f9a2204c60d0ca9294bab77c5fd28849ec7369ad65a2647dde177b69fa4cd5f1ae01cb52251d00dac411
x-tt-trace-id: 00-2501161115481D50195261A53333CB13-0F162B8B1DF073DA-00
X-Origin-Response-Time: 38,23.207.199.55
X-Akamai-Request-ID: 7c0dbd6.c83c903
Expires: Thu, 16 Jan 2025 11:15:48 GMT
Cache-Control: max-age=0, no-cache, no-store
Pragma: no-cache
Date: Thu, 16 Jan 2025 11:15:48 GMT
X-Cache: TCP_MISS from a95-101-134-92.deploy.akamaitechnologies.com (AkamaiGHost/11.8.0-1debf780f7d7c834933fa9689361eec6) (-)
Connection: close
X-Cache-Remote: TCP_MISS from a23-207-199-55.deploy.akamaitechnologies.com (AkamaiGHost/11.8.0-1debf780f7d7c834933fa9689361eec6) (-)
x-tt-trace-tag: id=16;cdn-cache=miss;type=dyn
Server-Timing: cdn-cache; desc=MISS, edge; dur=82, origin; dur=38
Server-Timing: inner; dur=33
X-Parent-Response-Time: 119,95.101.134.92

{"code": 0, "message": "OK", "request_id": "202501161115481D50195261A53333CB13", "data": {}}
2025-01-16T11:15:48+00:00 DEBUG Tt4b_Mapi_Class::mapi_post: Response: 

HTTP/1.1 200 OK
Server: nginx
Content-Type: application/json
Content-Length: 92
X-Tt-Logid: 20250116111548EC1AD72CF651E86BA34B
Server-Timing: inner; dur=25
x-tt-trace-host: 018e5a586174a888928d793bdac74b79b51a437ee89a1c03eb2011d034a2e3e9f56fec18b908abd10a270e80611d0afe04965804391893bdbde7ac32a229fb8ba2d6b9a14ee419660aa1d1f432c8201153ce38282fb5a6c0091ef0248c481cb930
x-tt-trace-id: 00-250116111548EC1AD72CF651E86BA34B-0904E6CD58795505-00
Expires: Thu, 16 Jan 2025 11:15:48 GMT
Cache-Control: max-age=0, no-cache, no-store
Pragma: no-cache
Date: Thu, 16 Jan 2025 11:15:48 GMT
X-Cache: TCP_MISS from a95-101-134-92.deploy.akamaitechnologies.com (AkamaiGHost/11.8.0-1debf780f7d7c834933fa9689361eec6) (-)
Connection: close
x-tt-trace-tag: id=16;cdn-cache=miss;type=dyn
Server-Timing: cdn-cache; desc=MISS, edge; dur=1, origin; dur=104
X-Origin-Response-Time: 105,95.101.134.92
X-Akamai-Request-ID: c83ca3c

{"code": 0, "message": "OK", "request_id": "20250116111548EC1AD72CF651E86BA34B", "data": {}}
2025-01-16T11:15:50+00:00 DEBUG POST: https://business-api.tiktok.com/open_api/v1.3/event/track/

{"partner_name":"WooCommerce","event_source":"web","event_source_id":"CSM79Q3C77UAG1T340I0","data":[{"event":"Pageview","event_id":"6788ea66e5d2d_tt4b_woocommerce_670666209cf1f","event_time":1737026150,"user":{"ip":"62.210.13.154","user_agent":"WP Rocket\/Preload","locale":"ar","external_id":"0","email":"e3b0c44298fc1c149afbf4c8996fb92427ae41e4649b934ca495991b7852b855","phone_number":"e3b0c44298fc1c149afbf4c8996fb92427ae41e4649b934ca495991b7852b855","first_name":"e3b0c44298fc1c149afbf4c8996fb92427ae41e4649b934ca495991b7852b855","last_name":"e3b0c44298fc1c149afbf4c8996fb92427ae41e4649b934ca495991b7852b855","zip_code":"e3b0c44298fc1c149afbf4c8996fb92427ae41e4649b934ca495991b7852b855"},"page":{"url":"http:\/\/ibn-sinaa.com\/wp-content\/uploads\/2024\/11\/5-1-1.png\/"}}]}
 ajax: no
2025-01-16T11:15:51+00:00 DEBUG Tt4b_Mapi_Class::mapi_post: Response: 

HTTP/1.1 200 OK
Server: nginx
Content-Type: application/json
Content-Length: 92
X-Tt-Logid: 20250116111551D7FF83988D31B7763365
x-tt-trace-host: 018e5a586174a888928d793bdac74b79b519a86797e72c2eba011e03e23beee17dffce9843412f14ada9478a72357fa559271924ac13fc2906242f2320af8b179133e0036edcaf45e3fbfb87cd30cabba687ea5cf70c05ecd96a83e255882ad3c25a777841990b4937b2b710c12c8251e4
x-tt-trace-id: 00-250116111551D7FF83988D31B7763365-0C3F641227C8CC45-00
X-Origin-Response-Time: 22,23.222.2.25
X-Akamai-Request-ID: 2316660f.d43e71a
Expires: Thu, 16 Jan 2025 11:15:51 GMT
Cache-Control: max-age=0, no-cache, no-store
Pragma: no-cache
Date: Thu, 16 Jan 2025 11:15:51 GMT
X-Cache: TCP_MISS from a95-101-134-116.deploy.akamaitechnologies.com (AkamaiGHost/11.8.0-1debf780f7d7c834933fa9689361eec6) (-)
Connection: close
X-Cache-Remote: TCP_MISS from a23-222-2-25.deploy.akamaitechnologies.com (AkamaiGHost/11.8.0-1debf780f7d7c834933fa9689361eec6) (-)
x-tt-trace-tag: id=16;cdn-cache=miss;type=dyn
Server-Timing: cdn-cache; desc=MISS, edge; dur=81, origin; dur=22
Server-Timing: inner; dur=18
X-Parent-Response-Time: 103,95.101.134.116

{"code": 0, "message": "OK", "request_id": "20250116111551D7FF83988D31B7763365", "data": {}}
2025-01-16T11:15:52+00:00 DEBUG POST: https://business-api.tiktok.com/open_api/v1.3/event/track/

{"partner_name":"WooCommerce","event_source":"web","event_source_id":"CSM79Q3C77UAG1T340I0","data":[{"event":"Pageview","event_id":"6788ea688636e_tt4b_woocommerce_670666209cf1f","event_time":1737026152,"user":{"ip":"62.210.13.154","user_agent":"WP Rocket\/Preload","locale":"ar","external_id":"0","email":"e3b0c44298fc1c149afbf4c8996fb92427ae41e4649b934ca495991b7852b855","phone_number":"e3b0c44298fc1c149afbf4c8996fb92427ae41e4649b934ca495991b7852b855","first_name":"e3b0c44298fc1c149afbf4c8996fb92427ae41e4649b934ca495991b7852b855","last_name":"e3b0c44298fc1c149afbf4c8996fb92427ae41e4649b934ca495991b7852b855","zip_code":"e3b0c44298fc1c149afbf4c8996fb92427ae41e4649b934ca495991b7852b855"},"page":{"url":"http:\/\/www.ibn-sinaa.com\/product\/print-on-cork\/"}}]}
 ajax: no
2025-01-16T11:15:52+00:00 DEBUG Tt4b_Mapi_Class::mapi_post: Response: 

HTTP/1.1 200 OK
Server: nginx
Content-Type: application/json
Content-Length: 92
X-Tt-Logid: 202501161115523E41BFA3DBEC5DD4E3E7
Server-Timing: inner; dur=18
x-tt-trace-host: 018e5a586174a888928d793bdac74b79b51a437ee89a1c03eb2011d034a2e3e9f5f5632ae0b32bf73d7ff06ec77dab0d381c3928b28853842ddc3416beaeeffd9c1467d60750ca27dc95bfc394438aa1daafcbad11289a5843209d05d0538ed5c6
x-tt-trace-id: 00-2501161115523E41BFA3DBEC5DD4E3E7-10AE8D55A0DAD8AE-00
Expires: Thu, 16 Jan 2025 11:15:52 GMT
Cache-Control: max-age=0, no-cache, no-store
Pragma: no-cache
Date: Thu, 16 Jan 2025 11:15:52 GMT
X-Cache: TCP_MISS from a95-101-134-92.deploy.akamaitechnologies.com (AkamaiGHost/11.8.0-1debf780f7d7c834933fa9689361eec6) (-)
Connection: close
x-tt-trace-tag: id=16;cdn-cache=miss;type=dyn
Server-Timing: cdn-cache; desc=MISS, edge; dur=0, origin; dur=98
X-Origin-Response-Time: 98,95.101.134.92
X-Akamai-Request-ID: c843241

{"code": 0, "message": "OK", "request_id": "202501161115523E41BFA3DBEC5DD4E3E7", "data": {}}
2025-01-16T11:15:52+00:00 DEBUG Tt4b_Pixel_Class::inject_view_content_event: hit ViewContent
2025-01-16T11:15:52+00:00 DEBUG POST: https://business-api.tiktok.com/open_api/v1.3/event/track/

{"partner_name":"WooCommerce","event_source":"web","event_source_id":"CSM79Q3C77UAG1T340I0","data":[{"event":"ViewContent","event_id":"6788ea68ca687_tt4b_woocommerce_670666209cf1f_4297","event_time":1737026152,"user":{"ip":"62.210.13.154","user_agent":"WP Rocket\/Preload","locale":"ar","external_id":"0","email":"e3b0c44298fc1c149afbf4c8996fb92427ae41e4649b934ca495991b7852b855","phone_number":"e3b0c44298fc1c149afbf4c8996fb92427ae41e4649b934ca495991b7852b855","first_name":"e3b0c44298fc1c149afbf4c8996fb92427ae41e4649b934ca495991b7852b855","last_name":"e3b0c44298fc1c149afbf4c8996fb92427ae41e4649b934ca495991b7852b855","zip_code":"e3b0c44298fc1c149afbf4c8996fb92427ae41e4649b934ca495991b7852b855"},"properties":{"contents":[{"price":70,"quantity":1,"content_id":"4297","content_name":"\u0637\u0628\u0627\u0639\u0647 \u0639\u0644\u0649 \u0641\u0644\u064a\u0646","description":"\u0627\u062d\u0635\u0644 \u0639\u0644\u0649 \u062e\u062f\u0645\u0629 \"\u0637\u0628\u0627\u0639\u0629 \u0639\u0644\u0649 \u0641\u0644\u064a\u0646\" \u0645\u0646 \u0645\u062a\u062c\u0631 \u0645\u0643\u062a\u0628\u0629 \u0627\u0628\u0646 \u0633\u064a\u0646\u0627 \u0627\u0644\u0625\u0644\u0643\u062a\u0631\u0648\u0646\u064a\u060c \u0648\u0627\u0644\u062a\u064a \u062a\u0636\u0645\u0646 \u0644\u0643 \u0639\u0631\u0636\u064b\u0627 \u062c\u0627\u0630\u0628\u064b\u0627 \u0648\u0627\u062d\u062a\u0631\u0627\u0641\u064a\u064b\u0627 \u0644\u0645\u0646\u062a\u062c\u0627\u062a\u0643 \u0623\u0648 \u0645\u0648\u0627\u062f\u0643 \u0627\u0644\u0625\u0639\u0644\u0627\u0646\u064a\u0629. \u064a\u062a\u0645\u064a\u0632 \u0647\u0630\u0627 \u0627\u0644\u0646\u0648\u0639 \u0645\u0646 \u0627\u0644\u0637\u0628\u0627\u0639\u0629 \u0628\u062c\u0648\u062f\u0629 \u0639\u0627\u0644\u064a\u0629 \u0648\u062a\u0635\u0645\u064a\u0645\u0627\u062a \u0645\u062a\u0642\u062f\u0645\u0629 \u062a\u0644\u0628\u064a \u0627\u062d\u062a\u064a\u0627\u062c\u0627\u062a\u0643 \u0627\u0644\u0645\u062a\u0646\u0648\u0639\u0629.","availability":"IN_STOCK","sale_price":70,"on_sale":false}],"content_type":"product","currency":"SAR","value":70,"event_trigger_source":"WooCommerce"},"page":{"url":"http:\/\/www.ibn-sinaa.com\/product\/print-on-cork\/"}}]}
 ajax: no
2025-01-16T11:15:53+00:00 DEBUG Tt4b_Mapi_Class::mapi_post: Response: 

HTTP/1.1 200 OK
Server: nginx
Content-Type: application/json
Content-Length: 92
X-Tt-Logid: 20250116111552A26CD026ED271F56E2F2
x-tt-trace-host: 018e5a586174a888928d793bdac74b79b56517d7628cf0ffdff56b078ad2cf5615268ee232486f6e49317b25af8de393e6ef0d32864f75ee71da96c3745c9b728cc40a2a948c7d818d2a23f00941520c377d5fac065ae76977ebfc39a0c0fd3731e69946d77ae2be72d9c4ab77fc1bc1b8
x-tt-trace-id: 00-250116111552A26CD026ED271F56E2F2-7ABEE95574CBAC85-00
X-Origin-Response-Time: 35,23.207.199.7
X-Akamai-Request-ID: 903f852.c8438be
Expires: Thu, 16 Jan 2025 11:15:52 GMT
Cache-Control: max-age=0, no-cache, no-store
Pragma: no-cache
Date: Thu, 16 Jan 2025 11:15:52 GMT
X-Cache: TCP_MISS from a95-101-134-92.deploy.akamaitechnologies.com (AkamaiGHost/11.8.0-1debf780f7d7c834933fa9689361eec6) (-)
Connection: close
X-Cache-Remote: TCP_MISS from a23-207-199-7.deploy.akamaitechnologies.com (AkamaiGHost/11.8.0-1debf780f7d7c834933fa9689361eec6) (-)
x-tt-trace-tag: id=16;cdn-cache=miss;type=dyn
Server-Timing: cdn-cache; desc=MISS, edge; dur=79, origin; dur=35
Server-Timing: inner; dur=30
X-Parent-Response-Time: 114,95.101.134.92

{"code": 0, "message": "OK", "request_id": "20250116111552A26CD026ED271F56E2F2", "data": {}}
2025-01-16T11:15:54+00:00 DEBUG POST: https://business-api.tiktok.com/open_api/v1.3/event/track/

{"partner_name":"WooCommerce","event_source":"web","event_source_id":"CSM79Q3C77UAG1T340I0","data":[{"event":"Pageview","event_id":"6788ea6aa9148_tt4b_woocommerce_670666209cf1f","event_time":1737026154,"user":{"ip":"62.210.13.154","user_agent":"WP Rocket\/Preload","locale":"ar","external_id":"0","email":"e3b0c44298fc1c149afbf4c8996fb92427ae41e4649b934ca495991b7852b855","phone_number":"e3b0c44298fc1c149afbf4c8996fb92427ae41e4649b934ca495991b7852b855","first_name":"e3b0c44298fc1c149afbf4c8996fb92427ae41e4649b934ca495991b7852b855","last_name":"e3b0c44298fc1c149afbf4c8996fb92427ae41e4649b934ca495991b7852b855","zip_code":"e3b0c44298fc1c149afbf4c8996fb92427ae41e4649b934ca495991b7852b855"},"page":{"url":"http:\/\/ibn-sinaa.com\/wp-content\/uploads\/2013\/06\/%D8%A8%D8%B1%D8%B4%D9%88%D8%B1-A4-%D9%85%D8%B9-%D8%B7%D9%8A%D8%A9.png\/"}}]}
 ajax: no
2025-01-16T11:15:54+00:00 DEBUG Tt4b_Mapi_Class::mapi_post: Response: 

HTTP/1.1 200 OK
Server: nginx
Content-Type: application/json
Content-Length: 92
X-Tt-Logid: 20250116111554EC1AD72CF651E86BA479
Server-Timing: inner; dur=72
x-tt-trace-host: 018e5a586174a888928d793bdac74b79b51a437ee89a1c03eb2011d034a2e3e9f56fec18b908abd10a270e80611d0afe040d9e22a66dc93a047144726b56a278449f3c3eb90602b95104c7cb1ad9a05607ad88f0e923a75b4e68c2df8ef1b99005
x-tt-trace-id: 00-250116111554EC1AD72CF651E86BA479-74C31C8F976B42CD-00
Expires: Thu, 16 Jan 2025 11:15:54 GMT
Cache-Control: max-age=0, no-cache, no-store
Pragma: no-cache
Date: Thu, 16 Jan 2025 11:15:54 GMT
X-Cache: TCP_MISS from a95-101-134-92.deploy.akamaitechnologies.com (AkamaiGHost/11.8.0-1debf780f7d7c834933fa9689361eec6) (-)
Connection: close
x-tt-trace-tag: id=16;cdn-cache=miss;type=dyn
Server-Timing: cdn-cache; desc=MISS, edge; dur=1, origin; dur=152
X-Origin-Response-Time: 152,95.101.134.92
X-Akamai-Request-ID: c8469f5

{"code": 0, "message": "OK", "request_id": "20250116111554EC1AD72CF651E86BA479", "data": {}}
2025-01-16T11:15:56+00:00 DEBUG POST: https://business-api.tiktok.com/open_api/v1.3/event/track/

{"partner_name":"WooCommerce","event_source":"web","event_source_id":"CSM79Q3C77UAG1T340I0","data":[{"event":"Pageview","event_id":"6788ea6c7f5b3_tt4b_woocommerce_670666209cf1f","event_time":1737026156,"user":{"ip":"62.210.13.154","user_agent":"WP Rocket\/Preload","locale":"ar","external_id":"0","email":"e3b0c44298fc1c149afbf4c8996fb92427ae41e4649b934ca495991b7852b855","phone_number":"e3b0c44298fc1c149afbf4c8996fb92427ae41e4649b934ca495991b7852b855","first_name":"e3b0c44298fc1c149afbf4c8996fb92427ae41e4649b934ca495991b7852b855","last_name":"e3b0c44298fc1c149afbf4c8996fb92427ae41e4649b934ca495991b7852b855","zip_code":"e3b0c44298fc1c149afbf4c8996fb92427ae41e4649b934ca495991b7852b855"},"page":{"url":"http:\/\/ibn-sinaa.com\/wp-content\/uploads\/2013\/06\/%D9%83%D8%B1%D8%AA-%D8%A8%D8%B5%D9%85%D8%A9-2.png\/"}}]}
 ajax: no
2025-01-16T11:15:56+00:00 DEBUG Tt4b_Mapi_Class::mapi_post: Response: 

HTTP/1.1 200 OK
Server: nginx
Content-Type: application/json
Content-Length: 92
X-Tt-Logid: 202501161115565546EFA7AD7C0A51B557
Server-Timing: inner; dur=17
x-tt-trace-host: 018e5a586174a888928d793bdac74b79b520593bf434961dbceff88e4b17f9a156ffd02928d8fc895d224fac04b5a07ff7f28089ea8140b0f3bdf1da71fd7daf3bd3265623451f52b35ec1a9ef6a4706d25d05db25e93d70ddc5cdf55d29733c24
x-tt-trace-id: 00-2501161115565546EFA7AD7C0A51B557-5B041D9290C9D86B-00
Expires: Thu, 16 Jan 2025 11:15:56 GMT
Cache-Control: max-age=0, no-cache, no-store
Pragma: no-cache
Date: Thu, 16 Jan 2025 11:15:56 GMT
X-Cache: TCP_MISS from a95-101-134-116.deploy.akamaitechnologies.com (AkamaiGHost/11.8.0-1debf780f7d7c834933fa9689361eec6) (-)
Connection: close
x-tt-trace-tag: id=16;cdn-cache=miss;type=dyn
Server-Timing: cdn-cache; desc=MISS, edge; dur=1, origin; dur=99
X-Origin-Response-Time: 100,95.101.134.116
X-Akamai-Request-ID: d445b42

{"code": 0, "message": "OK", "request_id": "202501161115565546EFA7AD7C0A51B557", "data": {}}
2025-01-16T11:15:57+00:00 DEBUG Tt4b_Pixel_Class::inject_add_to_cart_event: hit AddToCart
2025-01-16T11:15:57+00:00 DEBUG POST: https://business-api.tiktok.com/open_api/v1.3/event/track/

{"partner_name":"WooCommerce","event_source":"web","event_source_id":"CSM79Q3C77UAG1T340I0","data":[{"event":"AddToCart","event_id":"6788ea6d7d334_tt4b_woocommerce_670666209cf1f_3545","event_time":1737026157,"user":{"ip":"95.217.195.123","user_agent":"Mozilla\/5.0 (compatible; MJ12bot\/v1.4.8; http:\/\/mj12bot.com\/)","locale":"ar","external_id":"0","email":"e3b0c44298fc1c149afbf4c8996fb92427ae41e4649b934ca495991b7852b855","phone_number":"e3b0c44298fc1c149afbf4c8996fb92427ae41e4649b934ca495991b7852b855","first_name":"e3b0c44298fc1c149afbf4c8996fb92427ae41e4649b934ca495991b7852b855","last_name":"e3b0c44298fc1c149afbf4c8996fb92427ae41e4649b934ca495991b7852b855","zip_code":"e3b0c44298fc1c149afbf4c8996fb92427ae41e4649b934ca495991b7852b855"},"properties":{"contents":[{"price":0,"quantity":1,"content_id":"3545","content_name":"\u0637\u0628\u0627\u0639\u0629 \u0641\u0648\u0644\u062f\u0631\u0627\u062a \u062c\u064a\u0628 \u0639\u0627\u062f\u064a","description":"\u0641\u0648\u0644\u062f\u0631 \u062c\u064a\u0628 \u0623\u0628\u064a\u0636 \u0639\u0627\u062f\u064a.\r\n\u0646\u0648\u0639 \u0627\u0644\u0648\u0631\u0642: \u0648\u0631\u0642 \u0643\u0648\u0634\u064a\u0647 350 \u062c\u0631\u0627\u0645 \u0645\u0639 \u0633\u0644\u0641\u0627\u0646\r\n\u0645\u062f\u0629 \u0627\u0644\u062a\u0646\u0641\u064a\u0630 \u0627\u0644\u0645\u062a\u0648\u0642\u0639\u0629: \u0645\u0646 4 \u0625\u0644\u0649 7 \u0623\u064a\u0627\u0645 \u0639\u0645\u0644 \u0628\u0639\u062f \u0627\u0639\u062a\u0645\u0627\u062f \u0627\u0644\u0637\u0644\u0628 \u0648\u0627\u0644\u0643\u0645\u064a\u0629 (\u062a\u0632\u064a\u062f \u0627\u0644\u0645\u062f\u0629 \u0639\u0646\u062f \u0637\u0644\u0628 \u0627\u0644\u0634\u062d\u0646).","availability":"IN_STOCK","sale_price":0,"on_sale":false}],"content_type":"product","currency":"SAR","value":0,"event_trigger_source":"WooCommerce"},"page":{"url":"http:\/\/www.ibn-sinaa.com\/en\/product\/%D8%B8%D8%B1%D9%81-dl\/?add-to-cart=3545"}}]}
 ajax: no
2025-01-16T11:15:57+00:00 DEBUG Tt4b_Mapi_Class::mapi_post: Response: 

HTTP/1.1 200 OK
Server: nginx
Content-Type: application/json
Content-Length: 92
X-Tt-Logid: 202501161115570870F32C17D9E3D1A412
x-tt-trace-host: 018e5a586174a888928d793bdac74b79b56517d7628cf0ffdff56b078ad2cf561571a40b14dc9d18730fc4fcdd3fec3a5e45951b7cf262f5fc92fa6bfb0b855c5a294db2d7605ba2f9f83f17222bb561ab9aab168b0b7c3152d3d55b406f15ddc96477419f52749df9e6d4ba83dea86949
x-tt-trace-id: 00-2501161115570870F32C17D9E3D1A412-0F65774166C25332-00
X-Origin-Response-Time: 26,23.207.199.55
X-Akamai-Request-ID: 7c12746.c84b48b
Expires: Thu, 16 Jan 2025 11:15:57 GMT
Cache-Control: max-age=0, no-cache, no-store
Pragma: no-cache
Date: Thu, 16 Jan 2025 11:15:57 GMT
X-Cache: TCP_MISS from a95-101-134-92.deploy.akamaitechnologies.com (AkamaiGHost/11.8.0-1debf780f7d7c834933fa9689361eec6) (-)
Connection: close
X-Cache-Remote: TCP_MISS from a23-207-199-55.deploy.akamaitechnologies.com (AkamaiGHost/11.8.0-1debf780f7d7c834933fa9689361eec6) (-)
x-tt-trace-tag: id=16;cdn-cache=miss;type=dyn
Server-Timing: cdn-cache; desc=MISS, edge; dur=80, origin; dur=26
Server-Timing: inner; dur=23
X-Parent-Response-Time: 106,95.101.134.92

{"code": 0, "message": "OK", "request_id": "202501161115570870F32C17D9E3D1A412", "data": {}}
2025-01-16T11:15:58+00:00 DEBUG POST: https://business-api.tiktok.com/open_api/v1.3/event/track/

{"partner_name":"WooCommerce","event_source":"web","event_source_id":"CSM79Q3C77UAG1T340I0","data":[{"event":"Pageview","event_id":"6788ea6e1ea91_tt4b_woocommerce_670666209cf1f","event_time":1737026158,"user":{"ip":"95.217.195.123","user_agent":"Mozilla\/5.0 (compatible; MJ12bot\/v1.4.8; http:\/\/mj12bot.com\/)","locale":"ar","external_id":"0","email":"e3b0c44298fc1c149afbf4c8996fb92427ae41e4649b934ca495991b7852b855","phone_number":"e3b0c44298fc1c149afbf4c8996fb92427ae41e4649b934ca495991b7852b855","first_name":"e3b0c44298fc1c149afbf4c8996fb92427ae41e4649b934ca495991b7852b855","last_name":"e3b0c44298fc1c149afbf4c8996fb92427ae41e4649b934ca495991b7852b855","zip_code":"e3b0c44298fc1c149afbf4c8996fb92427ae41e4649b934ca495991b7852b855"},"page":{"url":"http:\/\/www.ibn-sinaa.com\/en\/product\/%D8%B8%D8%B1%D9%81-dl\/?add-to-cart=3545"}}]}
 ajax: no
2025-01-16T11:15:58+00:00 DEBUG Tt4b_Mapi_Class::mapi_post: Response: 

HTTP/1.1 200 OK
Server: nginx
Content-Type: application/json
Content-Length: 92
X-Tt-Logid: 20250116111558EDEE6F0A43BBE4C4D281
Server-Timing: inner; dur=23
x-tt-trace-host: 018e5a586174a888928d793bdac74b79b520593bf434961dbceff88e4b17f9a156f9295d926cdb892f6bcd02e3a6eb2738b76a18dab28953047ace55b3f4b78cd085736bb745dc94ae41c7c87ee413d488e2df60ca5536074840e05f39016e69b5
x-tt-trace-id: 00-250116111558EDEE6F0A43BBE4C4D281-4DE9F0569BFBC919-00
Expires: Thu, 16 Jan 2025 11:15:58 GMT
Cache-Control: max-age=0, no-cache, no-store
Pragma: no-cache
Date: Thu, 16 Jan 2025 11:15:58 GMT
X-Cache: TCP_MISS from a95-101-134-116.deploy.akamaitechnologies.com (AkamaiGHost/11.8.0-1debf780f7d7c834933fa9689361eec6) (-)
Connection: close
x-tt-trace-tag: id=16;cdn-cache=miss;type=dyn
Server-Timing: cdn-cache; desc=MISS, edge; dur=1, origin; dur=102
X-Origin-Response-Time: 102,95.101.134.116
X-Akamai-Request-ID: d447ce4

{"code": 0, "message": "OK", "request_id": "20250116111558EDEE6F0A43BBE4C4D281", "data": {}}
2025-01-16T11:15:59+00:00 DEBUG POST: https://business-api.tiktok.com/open_api/v1.3/event/track/

{"partner_name":"WooCommerce","event_source":"web","event_source_id":"CSM79Q3C77UAG1T340I0","data":[{"event":"Pageview","event_id":"6788ea6faa19e_tt4b_woocommerce_670666209cf1f","event_time":1737026159,"user":{"ip":"62.210.13.154","user_agent":"WP Rocket\/Preload","locale":"ar","external_id":"0","email":"e3b0c44298fc1c149afbf4c8996fb92427ae41e4649b934ca495991b7852b855","phone_number":"e3b0c44298fc1c149afbf4c8996fb92427ae41e4649b934ca495991b7852b855","first_name":"e3b0c44298fc1c149afbf4c8996fb92427ae41e4649b934ca495991b7852b855","last_name":"e3b0c44298fc1c149afbf4c8996fb92427ae41e4649b934ca495991b7852b855","zip_code":"e3b0c44298fc1c149afbf4c8996fb92427ae41e4649b934ca495991b7852b855"},"page":{"url":"http:\/\/ibn-sinaa.com\/wp-content\/uploads\/2013\/06\/%D9%83%D8%B1%D8%AA-%D8%A8%D8%B5%D9%85%D8%A9.png\/"}}]}
 ajax: no
2025-01-16T11:15:59+00:00 DEBUG Tt4b_Mapi_Class::mapi_post: Response: 

HTTP/1.1 200 OK
Server: nginx
Content-Type: application/json
Content-Length: 92
X-Tt-Logid: 202501161115591DEB096F5CE44B5825AD
x-tt-trace-host: 018e5a586174a888928d793bdac74b79b56517d7628cf0ffdff56b078ad2cf5615268ee232486f6e49317b25af8de393e6ef0d32864f75ee71da96c3745c9b728c04098603ac3419f6dfd280b5f42c55b88faf633e306cbd0199587ecd81c03353db68f57bdd1af0fac073e5b8763000fa
x-tt-trace-id: 00-2501161115591DEB096F5CE44B5825AD-2CA81A6271297796-00
X-Origin-Response-Time: 30,23.207.199.7
X-Akamai-Request-ID: 9043566.c84eb0f
Expires: Thu, 16 Jan 2025 11:15:59 GMT
Cache-Control: max-age=0, no-cache, no-store
Pragma: no-cache
Date: Thu, 16 Jan 2025 11:15:59 GMT
X-Cache: TCP_MISS from a95-101-134-92.deploy.akamaitechnologies.com (AkamaiGHost/11.8.0-1debf780f7d7c834933fa9689361eec6) (-)
Connection: close
X-Cache-Remote: TCP_MISS from a23-207-199-7.deploy.akamaitechnologies.com (AkamaiGHost/11.8.0-1debf780f7d7c834933fa9689361eec6) (-)
x-tt-trace-tag: id=16;cdn-cache=miss;type=dyn
Server-Timing: cdn-cache; desc=MISS, edge; dur=81, origin; dur=30
Server-Timing: inner; dur=27
X-Parent-Response-Time: 110,95.101.134.92

{"code": 0, "message": "OK", "request_id": "202501161115591DEB096F5CE44B5825AD", "data": {}}
2025-01-16T11:16:01+00:00 DEBUG Tt4b_Pixel_Class::inject_add_to_cart_event: hit AddToCart
2025-01-16T11:16:01+00:00 DEBUG POST: https://business-api.tiktok.com/open_api/v1.3/event/track/

{"partner_name":"WooCommerce","event_source":"web","event_source_id":"CSM79Q3C77UAG1T340I0","data":[{"event":"AddToCart","event_id":"6788ea711375e_tt4b_woocommerce_670666209cf1f_SKU_197","event_time":1737026161,"user":{"ip":"54.36.149.41","user_agent":"Mozilla\/5.0 (compatible; AhrefsBot\/7.0; +http:\/\/ahrefs.com\/robot\/)","locale":"ar","external_id":"0","email":"e3b0c44298fc1c149afbf4c8996fb92427ae41e4649b934ca495991b7852b855","phone_number":"e3b0c44298fc1c149afbf4c8996fb92427ae41e4649b934ca495991b7852b855","first_name":"e3b0c44298fc1c149afbf4c8996fb92427ae41e4649b934ca495991b7852b855","last_name":"e3b0c44298fc1c149afbf4c8996fb92427ae41e4649b934ca495991b7852b855","zip_code":"e3b0c44298fc1c149afbf4c8996fb92427ae41e4649b934ca495991b7852b855"},"properties":{"contents":[{"price":0,"quantity":1,"content_id":"SKU_197","content_name":"\u0637\u0628\u0627\u0639\u0629 \u0628\u0631\u0634\u0648\u0631 \u0641\u0644\u0627\u064a\u0631 A5","description":"\u0641\u0644\u0627\u064a\u0631 \u0645\u0642\u0627\u0633 A5 \u0637\u0628\u0627\u0639\u0629 \u0631\u0642\u0645\u064a\u0629 \u0639\u0644\u0649 \u0648\u0631\u0642 \u0643\u0648\u0634\u064a\u0647.\r\n\u0645\u062f\u0629 \u0627\u0644\u062a\u0646\u0641\u064a\u0630 \u0627\u0644\u0645\u062a\u0648\u0642\u0639\u0629: 1 \u2013 3 \u0623\u064a\u0627\u0645 \u0639\u0645\u0644 \u0628\u0639\u062f \u062a\u0623\u0643\u064a\u062f \u0627\u0644\u0637\u0644\u0628 \u0648\u0627\u0644\u062a\u0635\u0645\u064a\u0645 \u0648\u062d\u0633\u0628 \u0627\u0644\u0643\u0645\u064a\u0629 (\u062a\u0632\u064a\u062f \u0627\u0644\u0645\u062f\u0629 \u0639\u0646\u062f \u0637\u0644\u0628 \u0627\u0644\u0634\u062d\u0646).","availability":"IN_STOCK","sale_price":0,"on_sale":false}],"content_type":"product","currency":"SAR","value":0,"event_trigger_source":"WooCommerce"},"page":{"url":"http:\/\/mail.ibn-sinaa.com\/product-category\/digital-printing\/brochures\/?add-to-cart=197"}}]}
 ajax: no
2025-01-16T11:16:01+00:00 DEBUG Tt4b_Mapi_Class::mapi_post: Response: 

HTTP/1.1 200 OK
Server: nginx
Content-Type: application/json
Content-Length: 92
X-Tt-Logid: 20250116111601293F7F36A68C0BC8DD08
x-tt-trace-host: 018e5a586174a888928d793bdac74b79b519a86797e72c2eba011e03e23beee17dac01b1e4c73dd2c03628844cee9df974c59de8c32884e1301583a5bac379df25e79f2adc6f7f18e86a7cb835ff2e595543fffa8b1000c4738991214882b57f0dae0836a3171f8361fe4c9b5b9e6a6374
x-tt-trace-id: 00-250116111601293F7F36A68C0BC8DD08-058A60D79DDB75D1-00
X-Origin-Response-Time: 28,23.222.2.20
X-Akamai-Request-ID: 2a7f02a4.d44bcd0
Expires: Thu, 16 Jan 2025 11:16:01 GMT
Cache-Control: max-age=0, no-cache, no-store
Pragma: no-cache
Date: Thu, 16 Jan 2025 11:16:01 GMT
X-Cache: TCP_MISS from a95-101-134-116.deploy.akamaitechnologies.com (AkamaiGHost/11.8.0-1debf780f7d7c834933fa9689361eec6) (-)
Connection: close
X-Cache-Remote: TCP_MISS from a23-222-2-20.deploy.akamaitechnologies.com (AkamaiGHost/11.8.0-1debf780f7d7c834933fa9689361eec6) (-)
x-tt-trace-tag: id=16;cdn-cache=miss;type=dyn
Server-Timing: cdn-cache; desc=MISS, edge; dur=80, origin; dur=28
Server-Timing: inner; dur=24
X-Parent-Response-Time: 108,95.101.134.116

{"code": 0, "message": "OK", "request_id": "20250116111601293F7F36A68C0BC8DD08", "data": {}}
2025-01-16T11:16:02+00:00 DEBUG POST: https://business-api.tiktok.com/open_api/v1.3/event/track/

{"partner_name":"WooCommerce","event_source":"web","event_source_id":"CSM79Q3C77UAG1T340I0","data":[{"event":"Pageview","event_id":"6788ea7209bc6_tt4b_woocommerce_670666209cf1f","event_time":1737026162,"user":{"ip":"54.36.149.41","user_agent":"Mozilla\/5.0 (compatible; AhrefsBot\/7.0; +http:\/\/ahrefs.com\/robot\/)","locale":"ar","external_id":"0","email":"e3b0c44298fc1c149afbf4c8996fb92427ae41e4649b934ca495991b7852b855","phone_number":"e3b0c44298fc1c149afbf4c8996fb92427ae41e4649b934ca495991b7852b855","first_name":"e3b0c44298fc1c149afbf4c8996fb92427ae41e4649b934ca495991b7852b855","last_name":"e3b0c44298fc1c149afbf4c8996fb92427ae41e4649b934ca495991b7852b855","zip_code":"e3b0c44298fc1c149afbf4c8996fb92427ae41e4649b934ca495991b7852b855"},"page":{"url":"http:\/\/mail.ibn-sinaa.com\/product-category\/digital-printing\/brochures\/?add-to-cart=197"}}]}
 ajax: no
2025-01-16T11:16:02+00:00 DEBUG Tt4b_Mapi_Class::mapi_post: Response: 

HTTP/1.1 200 OK
Server: nginx
Content-Type: application/json
Content-Length: 92
X-Tt-Logid: 2025011611160275303DDE2AFADD59F72A
x-tt-trace-host: 018e5a586174a888928d793bdac74b79b519a86797e72c2eba011e03e23beee17dc5a747086774868a0d30942f9bb98121dbd39590428b7be20b9bc58f28d37c7166980cf0118c223ea8b1a7121764f1f39860caff41173bcf3509a3c89e4aa71ad1a9e6d4c5f286797531c4a9f4a72a1c
x-tt-trace-id: 00-25011611160275303DDE2AFADD59F72A-31BEB82D43C51175-00
X-Origin-Response-Time: 30,23.207.199.12
X-Akamai-Request-ID: 781fb03.d44d18d
Expires: Thu, 16 Jan 2025 11:16:02 GMT
Cache-Control: max-age=0, no-cache, no-store
Pragma: no-cache
Date: Thu, 16 Jan 2025 11:16:02 GMT
X-Cache: TCP_MISS from a95-101-134-116.deploy.akamaitechnologies.com (AkamaiGHost/11.8.0-1debf780f7d7c834933fa9689361eec6) (-)
Connection: close
X-Cache-Remote: TCP_MISS from a23-207-199-12.deploy.akamaitechnologies.com (AkamaiGHost/11.8.0-1debf780f7d7c834933fa9689361eec6) (-)
x-tt-trace-tag: id=16;cdn-cache=miss;type=dyn
Server-Timing: cdn-cache; desc=MISS, edge; dur=81, origin; dur=30
Server-Timing: inner; dur=25
X-Parent-Response-Time: 110,95.101.134.116

{"code": 0, "message": "OK", "request_id": "2025011611160275303DDE2AFADD59F72A", "data": {}}
2025-01-16T11:16:02+00:00 DEBUG POST: https://business-api.tiktok.com/open_api/v1.3/event/track/

{"partner_name":"WooCommerce","event_source":"web","event_source_id":"CSM79Q3C77UAG1T340I0","data":[{"event":"Pageview","event_id":"6788ea72b751d_tt4b_woocommerce_670666209cf1f","event_time":1737026162,"user":{"ip":"62.210.13.154","user_agent":"WP Rocket\/Preload","locale":"ar","external_id":"0","email":"e3b0c44298fc1c149afbf4c8996fb92427ae41e4649b934ca495991b7852b855","phone_number":"e3b0c44298fc1c149afbf4c8996fb92427ae41e4649b934ca495991b7852b855","first_name":"e3b0c44298fc1c149afbf4c8996fb92427ae41e4649b934ca495991b7852b855","last_name":"e3b0c44298fc1c149afbf4c8996fb92427ae41e4649b934ca495991b7852b855","zip_code":"e3b0c44298fc1c149afbf4c8996fb92427ae41e4649b934ca495991b7852b855"},"page":{"url":"http:\/\/ibn-sinaa.com\/wp-content\/uploads\/2013\/06\/%D9%83%D8%B1%D8%AA-%D8%AF%D8%A7%D9%8A-%D9%83%D8%AA.png\/"}}]}
 ajax: no
2025-01-16T11:16:02+00:00 DEBUG Tt4b_Mapi_Class::mapi_post: Response: 

HTTP/1.1 200 OK
Server: nginx
Content-Type: application/json
Content-Length: 92
X-Tt-Logid: 2025011611160226939F63780D6659DCA2
x-tt-trace-host: 018e5a586174a888928d793bdac74b79b519a86797e72c2eba011e03e23beee17dffce9843412f14ada9478a72357fa5592dfd2694e826a9ef9b0aeba6e21a07ffc8582e5bd1243fdc5b08451f306b341834ac3064a67cca5631930e81ce4e21fa014bb5176243b3f4aeb66000cb596702
x-tt-trace-id: 00-25011611160226939F63780D6659DCA2-3918282554848E4A-00
X-Origin-Response-Time: 27,23.222.2.25
X-Akamai-Request-ID: 23178ea4.d44e122
Expires: Thu, 16 Jan 2025 11:16:02 GMT
Cache-Control: max-age=0, no-cache, no-store
Pragma: no-cache
Date: Thu, 16 Jan 2025 11:16:02 GMT
X-Cache: TCP_MISS from a95-101-134-116.deploy.akamaitechnologies.com (AkamaiGHost/11.8.0-1debf780f7d7c834933fa9689361eec6) (-)
Connection: close
X-Cache-Remote: TCP_MISS from a23-222-2-25.deploy.akamaitechnologies.com (AkamaiGHost/11.8.0-1debf780f7d7c834933fa9689361eec6) (-)
x-tt-trace-tag: id=16;cdn-cache=miss;type=dyn
Server-Timing: cdn-cache; desc=MISS, edge; dur=81, origin; dur=27
Server-Timing: inner; dur=25
X-Parent-Response-Time: 107,95.101.134.116

{"code": 0, "message": "OK", "request_id": "2025011611160226939F63780D6659DCA2", "data": {}}
2025-01-16T11:16:05+00:00 DEBUG POST: https://business-api.tiktok.com/open_api/v1.3/event/track/

{"partner_name":"WooCommerce","event_source":"web","event_source_id":"CSM79Q3C77UAG1T340I0","data":[{"event":"Pageview","event_id":"6788ea752a8cf_tt4b_woocommerce_670666209cf1f","event_time":1737026165,"user":{"ip":"62.210.13.154","user_agent":"WP Rocket\/Preload","locale":"ar","external_id":"0","email":"e3b0c44298fc1c149afbf4c8996fb92427ae41e4649b934ca495991b7852b855","phone_number":"e3b0c44298fc1c149afbf4c8996fb92427ae41e4649b934ca495991b7852b855","first_name":"e3b0c44298fc1c149afbf4c8996fb92427ae41e4649b934ca495991b7852b855","last_name":"e3b0c44298fc1c149afbf4c8996fb92427ae41e4649b934ca495991b7852b855","zip_code":"e3b0c44298fc1c149afbf4c8996fb92427ae41e4649b934ca495991b7852b855"},"page":{"url":"http:\/\/ibn-sinaa.com\/wp-content\/uploads\/2021\/09\/%D9%83%D8%B1%D8%AA-%D8%A8%D8%B1%D9%8A%D8%B3%D8%AA%D9%88%D9%84.png\/"}}]}
 ajax: no
2025-01-16T11:16:05+00:00 DEBUG Tt4b_Mapi_Class::mapi_post: Response: 

HTTP/1.1 200 OK
Server: nginx
Content-Type: application/json
Content-Length: 92
X-Tt-Logid: 20250116111605B686C8022939725E01FC
x-tt-trace-host: 018e5a586174a888928d793bdac74b79b56517d7628cf0ffdff56b078ad2cf56154c2b3a5442da9b805971ab070c9aa4d044b86734c8a72b48fa2de87388ff20deab7d8ecc40620da42eede4c591defb74031550666e69dee08c290103f40b12c46aaa0b21de925d60d25a0bf88a0f777a
x-tt-trace-id: 00-250116111605B686C8022939725E01FC-35693E735E261A26-00
X-Origin-Response-Time: 25,23.222.2.25
X-Akamai-Request-ID: 2317e556.c857294
Expires: Thu, 16 Jan 2025 11:16:05 GMT
Cache-Control: max-age=0, no-cache, no-store
Pragma: no-cache
Date: Thu, 16 Jan 2025 11:16:05 GMT
X-Cache: TCP_MISS from a95-101-134-92.deploy.akamaitechnologies.com (AkamaiGHost/11.8.0-1debf780f7d7c834933fa9689361eec6) (-)
Connection: close
X-Cache-Remote: TCP_MISS from a23-222-2-25.deploy.akamaitechnologies.com (AkamaiGHost/11.8.0-1debf780f7d7c834933fa9689361eec6) (-)
x-tt-trace-tag: id=16;cdn-cache=miss;type=dyn
Server-Timing: cdn-cache; desc=MISS, edge; dur=85, origin; dur=25
Server-Timing: inner; dur=22
X-Parent-Response-Time: 106,95.101.134.92

{"code": 0, "message": "OK", "request_id": "20250116111605B686C8022939725E01FC", "data": {}}
2025-01-16T11:16:05+00:00 DEBUG POST: https://business-api.tiktok.com/open_api/v1.3/event/track/

{"partner_name":"WooCommerce","event_source":"web","event_source_id":"CSM79Q3C77UAG1T340I0","data":[{"event":"Pageview","event_id":"6788ea75c54e1_tt4b_woocommerce_670666209cf1f","event_time":1737026165,"user":{"ip":"62.210.13.154","user_agent":"WP Rocket\/Preload","locale":"ar","external_id":"0","email":"e3b0c44298fc1c149afbf4c8996fb92427ae41e4649b934ca495991b7852b855","phone_number":"e3b0c44298fc1c149afbf4c8996fb92427ae41e4649b934ca495991b7852b855","first_name":"e3b0c44298fc1c149afbf4c8996fb92427ae41e4649b934ca495991b7852b855","last_name":"e3b0c44298fc1c149afbf4c8996fb92427ae41e4649b934ca495991b7852b855","zip_code":"e3b0c44298fc1c149afbf4c8996fb92427ae41e4649b934ca495991b7852b855"},"page":{"url":"http:\/\/ibn-sinaa.com\/wp-content\/uploads\/2024\/10\/%D8%AA%D8%A7%D9%82%D8%A7%D8%AA.png\/"}}]}
 ajax: no
2025-01-16T11:16:06+00:00 DEBUG Tt4b_Mapi_Class::mapi_post: Response: 

HTTP/1.1 200 OK
Server: nginx
Content-Type: application/json
Content-Length: 92
X-Tt-Logid: 20250116111605859A4CB0B4B9B35C6C55
Server-Timing: inner; dur=26
x-tt-trace-host: 018e5a586174a888928d793bdac74b79b51a437ee89a1c03eb2011d034a2e3e9f5dadaaba3a440952660d86bad856ea894ddd7584df021e6f4f7a81c47b21483142727654cbbdd88a72a3619a85ae2d04e64b50e49e97766c457aaf21fce83b3aa
x-tt-trace-id: 00-250116111605859A4CB0B4B9B35C6C55-4424E52C8291E89D-00
Expires: Thu, 16 Jan 2025 11:16:05 GMT
Cache-Control: max-age=0, no-cache, no-store
Pragma: no-cache
Date: Thu, 16 Jan 2025 11:16:05 GMT
X-Cache: TCP_MISS from a95-101-134-92.deploy.akamaitechnologies.com (AkamaiGHost/11.8.0-1debf780f7d7c834933fa9689361eec6) (-)
Connection: close
x-tt-trace-tag: id=16;cdn-cache=miss;type=dyn
Server-Timing: cdn-cache; desc=MISS, edge; dur=1, origin; dur=105
X-Origin-Response-Time: 105,95.101.134.92
X-Akamai-Request-ID: c8581f2

{"code": 0, "message": "OK", "request_id": "20250116111605859A4CB0B4B9B35C6C55", "data": {}}
2025-01-16T11:16:08+00:00 DEBUG POST: https://business-api.tiktok.com/open_api/v1.3/event/track/

{"partner_name":"WooCommerce","event_source":"web","event_source_id":"CSM79Q3C77UAG1T340I0","data":[{"event":"Pageview","event_id":"6788ea78935cb_tt4b_woocommerce_670666209cf1f","event_time":1737026168,"user":{"ip":"62.210.13.154","user_agent":"WP Rocket\/Preload","locale":"ar","external_id":"0","email":"e3b0c44298fc1c149afbf4c8996fb92427ae41e4649b934ca495991b7852b855","phone_number":"e3b0c44298fc1c149afbf4c8996fb92427ae41e4649b934ca495991b7852b855","first_name":"e3b0c44298fc1c149afbf4c8996fb92427ae41e4649b934ca495991b7852b855","last_name":"e3b0c44298fc1c149afbf4c8996fb92427ae41e4649b934ca495991b7852b855","zip_code":"e3b0c44298fc1c149afbf4c8996fb92427ae41e4649b934ca495991b7852b855"},"page":{"url":"http:\/\/ibn-sinaa.com\/wp-content\/uploads\/2024\/10\/%D8%B1%D9%88%D9%84-%D8%A7%D8%A8-11.png\/"}}]}
 ajax: no
2025-01-16T11:16:08+00:00 DEBUG Tt4b_Mapi_Class::mapi_post: Response: 

HTTP/1.1 200 OK
Server: nginx
Content-Type: application/json
Content-Length: 92
X-Tt-Logid: 20250116111608E219B4B2385AC79A47A7
Server-Timing: inner; dur=51
x-tt-trace-host: 018e5a586174a888928d793bdac74b79b51a437ee89a1c03eb2011d034a2e3e9f5800c93c2019f82c29a21fc485d68f0a713f7ca7f7e94eadb1a7a63657c6a6c5f44f77922038abf99641c4330c08aea9e228c00f326f13d1a3806b414bd98b373
x-tt-trace-id: 00-250116111608E219B4B2385AC79A47A7-535E33E53430E8EF-00
Expires: Thu, 16 Jan 2025 11:16:08 GMT
Cache-Control: max-age=0, no-cache, no-store
Pragma: no-cache
Date: Thu, 16 Jan 2025 11:16:08 GMT
X-Cache: TCP_MISS from a95-101-134-92.deploy.akamaitechnologies.com (AkamaiGHost/11.8.0-1debf780f7d7c834933fa9689361eec6) (-)
Connection: close
x-tt-trace-tag: id=16;cdn-cache=miss;type=dyn
Server-Timing: cdn-cache; desc=MISS, edge; dur=0, origin; dur=134
X-Origin-Response-Time: 134,95.101.134.92
X-Akamai-Request-ID: c85c5db

{"code": 0, "message": "OK", "request_id": "20250116111608E219B4B2385AC79A47A7", "data": {}}
2025-01-16T11:16:08+00:00 DEBUG Tt4b_Pixel_Class::inject_add_to_cart_event: hit AddToCart
2025-01-16T11:16:08+00:00 DEBUG POST: https://business-api.tiktok.com/open_api/v1.3/event/track/

{"partner_name":"WooCommerce","event_source":"web","event_source_id":"CSM79Q3C77UAG1T340I0","data":[{"event":"AddToCart","event_id":"6788ea78d50ee_tt4b_woocommerce_670666209cf1f_3545","event_time":1737026168,"user":{"ip":"95.217.195.123","user_agent":"Mozilla\/5.0 (compatible; MJ12bot\/v1.4.8; http:\/\/mj12bot.com\/)","locale":"ar","external_id":"0","email":"e3b0c44298fc1c149afbf4c8996fb92427ae41e4649b934ca495991b7852b855","phone_number":"e3b0c44298fc1c149afbf4c8996fb92427ae41e4649b934ca495991b7852b855","first_name":"e3b0c44298fc1c149afbf4c8996fb92427ae41e4649b934ca495991b7852b855","last_name":"e3b0c44298fc1c149afbf4c8996fb92427ae41e4649b934ca495991b7852b855","zip_code":"e3b0c44298fc1c149afbf4c8996fb92427ae41e4649b934ca495991b7852b855"},"properties":{"contents":[{"price":0,"quantity":1,"content_id":"3545","content_name":"\u0637\u0628\u0627\u0639\u0629 \u0641\u0648\u0644\u062f\u0631\u0627\u062a \u062c\u064a\u0628 \u0639\u0627\u062f\u064a","description":"\u0641\u0648\u0644\u062f\u0631 \u062c\u064a\u0628 \u0623\u0628\u064a\u0636 \u0639\u0627\u062f\u064a.\r\n\u0646\u0648\u0639 \u0627\u0644\u0648\u0631\u0642: \u0648\u0631\u0642 \u0643\u0648\u0634\u064a\u0647 350 \u062c\u0631\u0627\u0645 \u0645\u0639 \u0633\u0644\u0641\u0627\u0646\r\n\u0645\u062f\u0629 \u0627\u0644\u062a\u0646\u0641\u064a\u0630 \u0627\u0644\u0645\u062a\u0648\u0642\u0639\u0629: \u0645\u0646 4 \u0625\u0644\u0649 7 \u0623\u064a\u0627\u0645 \u0639\u0645\u0644 \u0628\u0639\u062f \u0627\u0639\u062a\u0645\u0627\u062f \u0627\u0644\u0637\u0644\u0628 \u0648\u0627\u0644\u0643\u0645\u064a\u0629 (\u062a\u0632\u064a\u062f \u0627\u0644\u0645\u062f\u0629 \u0639\u0646\u062f \u0637\u0644\u0628 \u0627\u0644\u0634\u062d\u0646).","availability":"IN_STOCK","sale_price":0,"on_sale":false}],"content_type":"product","currency":"SAR","value":0,"event_trigger_source":"WooCommerce"},"page":{"url":"http:\/\/www.ibn-sinaa.com\/en\/product\/%D9%81%D9%88%D8%A7%D8%AA%D9%8A%D8%B1\/?add-to-cart=3545"}}]}
 ajax: no
2025-01-16T11:16:09+00:00 DEBUG Tt4b_Mapi_Class::mapi_post: Response: 

HTTP/1.1 200 OK
Server: nginx
Content-Type: application/json
Content-Length: 92
X-Tt-Logid: 20250116111608689EBC87537570729510
x-tt-trace-host: 018e5a586174a888928d793bdac74b79b56517d7628cf0ffdff56b078ad2cf5615161547483036b61718961b3309901e7a8c00ae85eeff8cd73ba81b261206a449525193107a0175ce39f46b0c488b6d56851a377862222f03c4b3718d92bc7d6273658ab8b9dfd948a6d032990fdcc422
x-tt-trace-id: 00-250116111608689EBC87537570729510-1E034CD964670C66-00
X-Origin-Response-Time: 30,23.32.17.13
X-Akamai-Request-ID: 63f09b2.c85cc2a
Expires: Thu, 16 Jan 2025 11:16:09 GMT
Cache-Control: max-age=0, no-cache, no-store
Pragma: no-cache
Date: Thu, 16 Jan 2025 11:16:09 GMT
X-Cache: TCP_MISS from a95-101-134-92.deploy.akamaitechnologies.com (AkamaiGHost/11.8.0-1debf780f7d7c834933fa9689361eec6) (-)
Connection: close
X-Cache-Remote: TCP_MISS from a23-32-17-13.deploy.akamaitechnologies.com (AkamaiGHost/11.8.0-2d0f2d516c5d43e1487924a77ec5924a) (-)
x-tt-trace-tag: id=16;cdn-cache=miss;type=dyn
Server-Timing: cdn-cache; desc=MISS, edge; dur=80, origin; dur=30
Server-Timing: inner; dur=27
X-Parent-Response-Time: 109,95.101.134.92

{"code": 0, "message": "OK", "request_id": "20250116111608689EBC87537570729510", "data": {}}
2025-01-16T11:16:09+00:00 DEBUG POST: https://business-api.tiktok.com/open_api/v1.3/event/track/

{"partner_name":"WooCommerce","event_source":"web","event_source_id":"CSM79Q3C77UAG1T340I0","data":[{"event":"Pageview","event_id":"6788ea796d417_tt4b_woocommerce_670666209cf1f","event_time":1737026169,"user":{"ip":"95.217.195.123","user_agent":"Mozilla\/5.0 (compatible; MJ12bot\/v1.4.8; http:\/\/mj12bot.com\/)","locale":"ar","external_id":"0","email":"e3b0c44298fc1c149afbf4c8996fb92427ae41e4649b934ca495991b7852b855","phone_number":"e3b0c44298fc1c149afbf4c8996fb92427ae41e4649b934ca495991b7852b855","first_name":"e3b0c44298fc1c149afbf4c8996fb92427ae41e4649b934ca495991b7852b855","last_name":"e3b0c44298fc1c149afbf4c8996fb92427ae41e4649b934ca495991b7852b855","zip_code":"e3b0c44298fc1c149afbf4c8996fb92427ae41e4649b934ca495991b7852b855"},"page":{"url":"http:\/\/www.ibn-sinaa.com\/en\/product\/%D9%81%D9%88%D8%A7%D8%AA%D9%8A%D8%B1\/?add-to-cart=3545"}}]}
 ajax: no
2025-01-16T11:16:09+00:00 DEBUG Tt4b_Mapi_Class::mapi_post: Response: 

HTTP/1.1 200 OK
Server: nginx
Content-Type: application/json
Content-Length: 92
X-Tt-Logid: 20250116111609DA0FD064C9584F99CE1D
x-tt-trace-host: 018e5a586174a888928d793bdac74b79b56517d7628cf0ffdff56b078ad2cf5615b8011fd580845089311dcf3124a8dff5417353e561623b46403bddb1001301ccaf4b89851aa9e2177c3a88f90787cee6254e0f74b7154488f1208768c87c0f2f24f659916a3149aa01ac673405c5f919
x-tt-trace-id: 00-250116111609DA0FD064C9584F99CE1D-0694B678861A95C5-00
X-Origin-Response-Time: 31,23.52.15.170
X-Akamai-Request-ID: 3a3f2aef.c85d98f
Expires: Thu, 16 Jan 2025 11:16:09 GMT
Cache-Control: max-age=0, no-cache, no-store
Pragma: no-cache
Date: Thu, 16 Jan 2025 11:16:09 GMT
X-Cache: TCP_MISS from a95-101-134-92.deploy.akamaitechnologies.com (AkamaiGHost/11.8.0-1debf780f7d7c834933fa9689361eec6) (-)
Connection: close
X-Cache-Remote: TCP_MISS from a23-52-15-170.deploy.akamaitechnologies.com (AkamaiGHost/11.8.0-1debf780f7d7c834933fa9689361eec6) (-)
x-tt-trace-tag: id=16;cdn-cache=miss;type=dyn
Server-Timing: cdn-cache; desc=MISS, edge; dur=82, origin; dur=31
Server-Timing: inner; dur=28
X-Parent-Response-Time: 112,95.101.134.92

{"code": 0, "message": "OK", "request_id": "20250116111609DA0FD064C9584F99CE1D", "data": {}}
2025-01-16T11:16:12+00:00 DEBUG POST: https://business-api.tiktok.com/open_api/v1.3/event/track/

{"partner_name":"WooCommerce","event_source":"web","event_source_id":"CSM79Q3C77UAG1T340I0","data":[{"event":"Pageview","event_id":"6788ea7cd2915_tt4b_woocommerce_670666209cf1f","event_time":1737026172,"user":{"ip":"62.210.13.154","user_agent":"WP Rocket\/Preload","locale":"ar","external_id":"0","email":"e3b0c44298fc1c149afbf4c8996fb92427ae41e4649b934ca495991b7852b855","phone_number":"e3b0c44298fc1c149afbf4c8996fb92427ae41e4649b934ca495991b7852b855","first_name":"e3b0c44298fc1c149afbf4c8996fb92427ae41e4649b934ca495991b7852b855","last_name":"e3b0c44298fc1c149afbf4c8996fb92427ae41e4649b934ca495991b7852b855","zip_code":"e3b0c44298fc1c149afbf4c8996fb92427ae41e4649b934ca495991b7852b855"},"page":{"url":"http:\/\/ibn-sinaa.com\/wp-content\/uploads\/2024\/10\/%D8%B1%D9%88%D9%84-%D8%A7%D8%A8-6.png\/"}}]}
 ajax: no
2025-01-16T11:16:13+00:00 DEBUG POST: https://business-api.tiktok.com/open_api/v1.3/event/track/

{"partner_name":"WooCommerce","event_source":"web","event_source_id":"CSM79Q3C77UAG1T340I0","data":[{"event":"Pageview","event_id":"6788ea7d030b9_tt4b_woocommerce_670666209cf1f","event_time":1737026173,"user":{"ip":"62.210.13.154","user_agent":"WP Rocket\/Preload","locale":"ar","external_id":"0","email":"e3b0c44298fc1c149afbf4c8996fb92427ae41e4649b934ca495991b7852b855","phone_number":"e3b0c44298fc1c149afbf4c8996fb92427ae41e4649b934ca495991b7852b855","first_name":"e3b0c44298fc1c149afbf4c8996fb92427ae41e4649b934ca495991b7852b855","last_name":"e3b0c44298fc1c149afbf4c8996fb92427ae41e4649b934ca495991b7852b855","zip_code":"e3b0c44298fc1c149afbf4c8996fb92427ae41e4649b934ca495991b7852b855"},"page":{"url":"http:\/\/ibn-sinaa.com\/wp-content\/uploads\/2024\/10\/%D8%B1%D9%88%D9%84-%D8%A7%D8%A8-9.png\/"}}]}
 ajax: no
2025-01-16T11:16:13+00:00 DEBUG Tt4b_Mapi_Class::mapi_post: Response: 

HTTP/1.1 200 OK
Server: nginx
Content-Type: application/json
Content-Length: 92
X-Tt-Logid: 20250116111612DA0FD064C9584F99CEF4
x-tt-trace-host: 018e5a586174a888928d793bdac74b79b56517d7628cf0ffdff56b078ad2cf5615b8011fd580845089311dcf3124a8dff5417353e561623b46403bddb1001301cc1fc3272e4fe9557c33bad7e43a0c27ec68ec16d38d67ce1e15cd459b4a5c59704cf4a888f83e038ccc51ff2f75abf75b
x-tt-trace-id: 00-250116111612DA0FD064C9584F99CEF4-4B84CA4E3F04FB77-00
X-Origin-Response-Time: 29,23.52.15.170
X-Akamai-Request-ID: 3a3f5502.c862f17
Expires: Thu, 16 Jan 2025 11:16:13 GMT
Cache-Control: max-age=0, no-cache, no-store
Pragma: no-cache
Date: Thu, 16 Jan 2025 11:16:13 GMT
X-Cache: TCP_MISS from a95-101-134-92.deploy.akamaitechnologies.com (AkamaiGHost/11.8.0-1debf780f7d7c834933fa9689361eec6) (-)
Connection: close
X-Cache-Remote: TCP_MISS from a23-52-15-170.deploy.akamaitechnologies.com (AkamaiGHost/11.8.0-1debf780f7d7c834933fa9689361eec6) (-)
x-tt-trace-tag: id=16;cdn-cache=miss;type=dyn
Server-Timing: cdn-cache; desc=MISS, edge; dur=84, origin; dur=27
Server-Timing: inner; dur=24
X-Parent-Response-Time: 109,95.101.134.92

{"code": 0, "message": "OK", "request_id": "20250116111612DA0FD064C9584F99CEF4", "data": {}}
2025-01-16T11:16:13+00:00 DEBUG Tt4b_Mapi_Class::mapi_post: Response: 

HTTP/1.1 200 OK
Server: nginx
Content-Type: application/json
Content-Length: 92
X-Tt-Logid: 2025011611161393175469AF014E7AD5BE
x-tt-trace-host: 018e5a586174a888928d793bdac74b79b519a86797e72c2eba011e03e23beee17dac01b1e4c73dd2c03628844cee9df974a066661f07bf45b16dc482e941d3ad12cf05e630e6cd5471e9e7286b7626774f91a6d92c0e4792af01c843065df342a1855280456d9a1a4ca223d955eca143a3
x-tt-trace-id: 00-25011611161393175469AF014E7AD5BE-155F00A832E288D2-00
X-Origin-Response-Time: 30,23.222.2.20
X-Akamai-Request-ID: 2a80107e.d45d4c1
Expires: Thu, 16 Jan 2025 11:16:13 GMT
Cache-Control: max-age=0, no-cache, no-store
Pragma: no-cache
Date: Thu, 16 Jan 2025 11:16:13 GMT
X-Cache: TCP_MISS from a95-101-134-116.deploy.akamaitechnologies.com (AkamaiGHost/11.8.0-1debf780f7d7c834933fa9689361eec6) (-)
Connection: close
X-Cache-Remote: TCP_MISS from a23-222-2-20.deploy.akamaitechnologies.com (AkamaiGHost/11.8.0-1debf780f7d7c834933fa9689361eec6) (-)
x-tt-trace-tag: id=16;cdn-cache=miss;type=dyn
Server-Timing: cdn-cache; desc=MISS, edge; dur=84, origin; dur=30
Server-Timing: inner; dur=27
X-Parent-Response-Time: 113,95.101.134.116

{"code": 0, "message": "OK", "request_id": "2025011611161393175469AF014E7AD5BE", "data": {}}
2025-01-16T11:16:15+00:00 DEBUG POST: https://business-api.tiktok.com/open_api/v1.3/event/track/

{"partner_name":"WooCommerce","event_source":"web","event_source_id":"CSM79Q3C77UAG1T340I0","data":[{"event":"Pageview","event_id":"6788ea7fa4280_tt4b_woocommerce_670666209cf1f","event_time":1737026175,"user":{"ip":"62.210.13.154","user_agent":"WP Rocket\/Preload","locale":"ar","external_id":"0","email":"e3b0c44298fc1c149afbf4c8996fb92427ae41e4649b934ca495991b7852b855","phone_number":"e3b0c44298fc1c149afbf4c8996fb92427ae41e4649b934ca495991b7852b855","first_name":"e3b0c44298fc1c149afbf4c8996fb92427ae41e4649b934ca495991b7852b855","last_name":"e3b0c44298fc1c149afbf4c8996fb92427ae41e4649b934ca495991b7852b855","zip_code":"e3b0c44298fc1c149afbf4c8996fb92427ae41e4649b934ca495991b7852b855"},"page":{"url":"http:\/\/ibn-sinaa.com\/wp-content\/uploads\/2024\/10\/%D8%B1%D9%88%D9%84-%D8%A7%D8%A8.png\/"}}]}
 ajax: no
2025-01-16T11:16:15+00:00 DEBUG Tt4b_Mapi_Class::mapi_post: Response: 

HTTP/1.1 200 OK
Server: nginx
Content-Type: application/json
Content-Length: 92
X-Tt-Logid: 20250116111615D2D869DC9362EE550D68
x-tt-trace-host: 018e5a586174a888928d793bdac74b79b519a86797e72c2eba011e03e23beee17de4792e6fcaab278ef4ebc4ca811c70602b935c568c5cfdb4812a68dc930be07854cdd26d2eb1f51eae0774a2502deed10dad7d28dd7d98e36fdf02b45be1366b13b2e9a62bf996ffa92d249866ab1801
x-tt-trace-id: 00-250116111615D2D869DC9362EE550D68-25F2DB505939A335-00
X-Origin-Response-Time: 33,23.32.17.20
X-Akamai-Request-ID: b03aaf6.d46178c
Expires: Thu, 16 Jan 2025 11:16:15 GMT
Cache-Control: max-age=0, no-cache, no-store
Pragma: no-cache
Date: Thu, 16 Jan 2025 11:16:15 GMT
X-Cache: TCP_MISS from a95-101-134-116.deploy.akamaitechnologies.com (AkamaiGHost/11.8.0-1debf780f7d7c834933fa9689361eec6) (-)
Connection: close
X-Cache-Remote: TCP_MISS from a23-32-17-20.deploy.akamaitechnologies.com (AkamaiGHost/11.8.0-1debf780f7d7c834933fa9689361eec6) (-)
x-tt-trace-tag: id=16;cdn-cache=miss;type=dyn
Server-Timing: cdn-cache; desc=MISS, edge; dur=80, origin; dur=33
Server-Timing: inner; dur=29
X-Parent-Response-Time: 112,95.101.134.116

{"code": 0, "message": "OK", "request_id": "20250116111615D2D869DC9362EE550D68", "data": {}}
2025-01-16T11:16:16+00:00 DEBUG POST: https://business-api.tiktok.com/open_api/v1.3/event/track/

{"partner_name":"WooCommerce","event_source":"web","event_source_id":"CSM79Q3C77UAG1T340I0","data":[{"event":"Pageview","event_id":"6788ea801de9b_tt4b_woocommerce_670666209cf1f","event_time":1737026176,"user":{"ip":"62.210.13.154","user_agent":"WP Rocket\/Preload","locale":"ar","external_id":"0","email":"e3b0c44298fc1c149afbf4c8996fb92427ae41e4649b934ca495991b7852b855","phone_number":"e3b0c44298fc1c149afbf4c8996fb92427ae41e4649b934ca495991b7852b855","first_name":"e3b0c44298fc1c149afbf4c8996fb92427ae41e4649b934ca495991b7852b855","last_name":"e3b0c44298fc1c149afbf4c8996fb92427ae41e4649b934ca495991b7852b855","zip_code":"e3b0c44298fc1c149afbf4c8996fb92427ae41e4649b934ca495991b7852b855"},"page":{"url":"http:\/\/ibn-sinaa.com\/wp-content\/uploads\/2024\/10\/%D8%B3%D9%86%D8%AF-%D9%82%D8%A8%D8%B6-%D9%88%D8%B5%D8%B1%D9%81.png\/"}}]}
 ajax: no
2025-01-16T11:16:16+00:00 DEBUG Tt4b_Mapi_Class::mapi_post: Response: 

HTTP/1.1 200 OK
Server: nginx
Content-Type: application/json
Content-Length: 92
X-Tt-Logid: 2025011611161631B828CF71CAC2D01A3B
Server-Timing: inner; dur=24
x-tt-trace-host: 018e5a586174a888928d793bdac74b79b51a437ee89a1c03eb2011d034a2e3e9f5ad48a8857e51aec539f3c29117577393f848d2b930ff429d3c58b5dbf7da56b4e4d9da4950758c4e83a29a340d9c962231f00f4b92d1aa56b1905f56cbad2767
x-tt-trace-id: 00-25011611161631B828CF71CAC2D01A3B-21F1C911449A932C-00
Expires: Thu, 16 Jan 2025 11:16:16 GMT
Cache-Control: max-age=0, no-cache, no-store
Pragma: no-cache
Date: Thu, 16 Jan 2025 11:16:16 GMT
X-Cache: TCP_MISS from a95-101-134-92.deploy.akamaitechnologies.com (AkamaiGHost/11.8.0-1debf780f7d7c834933fa9689361eec6) (-)
Connection: close
x-tt-trace-tag: id=16;cdn-cache=miss;type=dyn
Server-Timing: cdn-cache; desc=MISS, edge; dur=0, origin; dur=104
X-Origin-Response-Time: 104,95.101.134.92
X-Akamai-Request-ID: c868105

{"code": 0, "message": "OK", "request_id": "2025011611161631B828CF71CAC2D01A3B", "data": {}}
2025-01-16T11:18:38+00:00 DEBUG POST: https://business-api.tiktok.com/open_api/v1.3/event/track/

{"partner_name":"WooCommerce","event_source":"web","event_source_id":"CSM79Q3C77UAG1T340I0","data":[{"event":"Pageview","event_id":"6788eb0e2a256_tt4b_woocommerce_670666209cf1f","event_time":1737026318,"user":{"ip":"85.208.96.196","user_agent":"Mozilla\/5.0 (compatible; SemrushBot\/7~bl; +http:\/\/www.semrush.com\/bot.html)","locale":"ar","external_id":"0","email":"e3b0c44298fc1c149afbf4c8996fb92427ae41e4649b934ca495991b7852b855","phone_number":"e3b0c44298fc1c149afbf4c8996fb92427ae41e4649b934ca495991b7852b855","first_name":"e3b0c44298fc1c149afbf4c8996fb92427ae41e4649b934ca495991b7852b855","last_name":"e3b0c44298fc1c149afbf4c8996fb92427ae41e4649b934ca495991b7852b855","zip_code":"e3b0c44298fc1c149afbf4c8996fb92427ae41e4649b934ca495991b7852b855"},"page":{"url":"http:\/\/ibn-sinaa.com\/product-tag\/%D8%B7%D8%A8%D8%A7%D8%B9%D8%A9-%D8%B8%D8%B1%D9%81\/"}}]}
 ajax: no
2025-01-16T11:18:38+00:00 DEBUG Tt4b_Mapi_Class::mapi_post: Response: 

HTTP/1.1 200 OK
Server: nginx
Content-Type: application/json
Content-Length: 92
X-Tt-Logid: 202501161118383A934AFDF1904B74C34C
Server-Timing: inner; dur=21
x-tt-trace-host: 018e5a586174a888928d793bdac74b79b520593bf434961dbceff88e4b17f9a1564de374c1303799daf3f509557834ab7843a40c6e7e6031f5ae12bd0b06f9daacbfa04165bb4b0c40cf5ad631b236c81c4df7814d8fceb7f5c1ca8bcdd3efce41
x-tt-trace-id: 00-2501161118383A934AFDF1904B74C34C-750631CE9337FA72-00
Expires: Thu, 16 Jan 2025 11:18:38 GMT
Cache-Control: max-age=0, no-cache, no-store
Pragma: no-cache
Date: Thu, 16 Jan 2025 11:18:38 GMT
X-Cache: TCP_MISS from a95-101-134-116.deploy.akamaitechnologies.com (AkamaiGHost/11.8.0-1debf780f7d7c834933fa9689361eec6) (-)
Connection: close
x-tt-trace-tag: id=16;cdn-cache=miss;type=dyn
Server-Timing: cdn-cache; desc=MISS, edge; dur=1, origin; dur=104
X-Origin-Response-Time: 104,95.101.134.116
X-Akamai-Request-ID: d531683

{"code": 0, "message": "OK", "request_id": "202501161118383A934AFDF1904B74C34C", "data": {}}
2025-01-16T11:18:43+00:00 DEBUG POST: https://business-api.tiktok.com/open_api/v1.3/event/track/

{"partner_name":"WooCommerce","event_source":"web","event_source_id":"CSM79Q3C77UAG1T340I0","data":[{"event":"Pageview","event_id":"6788eb1324cde_tt4b_woocommerce_670666209cf1f","event_time":1737026323,"user":{"ip":"62.210.13.154","user_agent":"WP Rocket\/Preload","locale":"ar","external_id":"0","email":"e3b0c44298fc1c149afbf4c8996fb92427ae41e4649b934ca495991b7852b855","phone_number":"e3b0c44298fc1c149afbf4c8996fb92427ae41e4649b934ca495991b7852b855","first_name":"e3b0c44298fc1c149afbf4c8996fb92427ae41e4649b934ca495991b7852b855","last_name":"e3b0c44298fc1c149afbf4c8996fb92427ae41e4649b934ca495991b7852b855","zip_code":"e3b0c44298fc1c149afbf4c8996fb92427ae41e4649b934ca495991b7852b855"},"page":{"url":"http:\/\/ibn-sinaa.com\/wp-content\/uploads\/2024\/10\/%D9%81%D9%88%D9%84%D8%AF%D8%B1%D8%A7%D8%AA-%D8%AC%D9%8A%D8%A8-%D8%B4%D9%86%D8%B7%D8%A9.png\/"}}]}
 ajax: no
2025-01-16T11:18:43+00:00 DEBUG Tt4b_Mapi_Class::mapi_post: Response: 

HTTP/1.1 200 OK
Server: nginx
Content-Type: application/json
Content-Length: 92
X-Tt-Logid: 20250116111843424FF2B39097A2CF4EA6
x-tt-trace-host: 018e5a586174a888928d793bdac74b79b56517d7628cf0ffdff56b078ad2cf561504f4656b80bdbea5aba28cf82bcc32ab084426ac88eb7f63433894f20e47aa1277993abaeb8ce4929345ceaf57843eac837df1d2c3af1dae18faaa0bc53eefad30ea8d7cc52bcec91461b9f007ef9783
x-tt-trace-id: 00-250116111843424FF2B39097A2CF4EA6-151E19394C6252BB-00
X-Origin-Response-Time: 29,23.218.219.62
X-Akamai-Request-ID: 87a0eb8.c943d7d
Expires: Thu, 16 Jan 2025 11:18:43 GMT
Cache-Control: max-age=0, no-cache, no-store
Pragma: no-cache
Date: Thu, 16 Jan 2025 11:18:43 GMT
X-Cache: TCP_MISS from a95-101-134-92.deploy.akamaitechnologies.com (AkamaiGHost/11.8.0-1debf780f7d7c834933fa9689361eec6) (-)
Connection: close
X-Cache-Remote: TCP_MISS from a23-218-219-62.deploy.akamaitechnologies.com (AkamaiGHost/11.8.0-1debf780f7d7c834933fa9689361eec6) (-)
x-tt-trace-tag: id=16;cdn-cache=miss;type=dyn
Server-Timing: cdn-cache; desc=MISS, edge; dur=239, origin; dur=29
Server-Timing: inner; dur=23
X-Parent-Response-Time: 268,95.101.134.92

{"code": 0, "message": "OK", "request_id": "20250116111843424FF2B39097A2CF4EA6", "data": {}}
2025-01-16T11:18:47+00:00 DEBUG POST: https://business-api.tiktok.com/open_api/v1.3/event/track/

{"partner_name":"WooCommerce","event_source":"web","event_source_id":"CSM79Q3C77UAG1T340I0","data":[{"event":"Pageview","event_id":"6788eb17cfb28_tt4b_woocommerce_670666209cf1f","event_time":1737026327,"user":{"ip":"62.210.13.154","user_agent":"WP Rocket\/Preload","locale":"ar","external_id":"0","email":"e3b0c44298fc1c149afbf4c8996fb92427ae41e4649b934ca495991b7852b855","phone_number":"e3b0c44298fc1c149afbf4c8996fb92427ae41e4649b934ca495991b7852b855","first_name":"e3b0c44298fc1c149afbf4c8996fb92427ae41e4649b934ca495991b7852b855","last_name":"e3b0c44298fc1c149afbf4c8996fb92427ae41e4649b934ca495991b7852b855","zip_code":"e3b0c44298fc1c149afbf4c8996fb92427ae41e4649b934ca495991b7852b855"},"page":{"url":"http:\/\/ibn-sinaa.com\/wp-content\/uploads\/2024\/10\/%D9%81%D9%88%D9%84%D8%AF%D8%B1%D8%A7%D8%AA-%D8%AC%D9%8A%D8%A8-%D8%B9%D8%A7%D8%AF%D9%8A.png\/"}}]}
 ajax: no
2025-01-16T11:18:48+00:00 DEBUG Tt4b_Mapi_Class::mapi_post: Response: 

HTTP/1.1 200 OK
Server: nginx
Content-Type: application/json
Content-Length: 92
X-Tt-Logid: 2025011611184737BD83ED36EEACC9CB4D
x-tt-trace-host: 018e5a586174a888928d793bdac74b79b56517d7628cf0ffdff56b078ad2cf56152f03c9e69e88f33da8dbb68229ec77ae8471afb3aeb157287c929cb629b5733d602fb37b018b9c66e393d41cf078caa01a7193ac1b4d926c092eb0aa233d97bf7c990281d7dcf7326c4e9185bb31ced5
x-tt-trace-id: 00-25011611184737BD83ED36EEACC9CB4D-232F288C91E355D6-00
X-Origin-Response-Time: 28,23.207.199.52
X-Akamai-Request-ID: 60be004.c94b7b4
Expires: Thu, 16 Jan 2025 11:18:48 GMT
Cache-Control: max-age=0, no-cache, no-store
Pragma: no-cache
Date: Thu, 16 Jan 2025 11:18:48 GMT
X-Cache: TCP_MISS from a95-101-134-92.deploy.akamaitechnologies.com (AkamaiGHost/11.8.0-1debf780f7d7c834933fa9689361eec6) (-)
Connection: close
X-Cache-Remote: TCP_MISS from a23-207-199-52.deploy.akamaitechnologies.com (AkamaiGHost/11.8.0-1debf780f7d7c834933fa9689361eec6) (-)
x-tt-trace-tag: id=16;cdn-cache=miss;type=dyn
Server-Timing: cdn-cache; desc=MISS, edge; dur=81, origin; dur=27
Server-Timing: inner; dur=24
X-Parent-Response-Time: 107,95.101.134.92

{"code": 0, "message": "OK", "request_id": "2025011611184737BD83ED36EEACC9CB4D", "data": {}}
2025-01-16T11:18:49+00:00 DEBUG POST: https://business-api.tiktok.com/open_api/v1.3/event/track/

{"partner_name":"WooCommerce","event_source":"web","event_source_id":"CSM79Q3C77UAG1T340I0","data":[{"event":"Pageview","event_id":"6788eb19ce1c0_tt4b_woocommerce_670666209cf1f","event_time":1737026329,"user":{"ip":"62.210.13.154","user_agent":"WP Rocket\/Preload","locale":"ar","external_id":"0","email":"e3b0c44298fc1c149afbf4c8996fb92427ae41e4649b934ca495991b7852b855","phone_number":"e3b0c44298fc1c149afbf4c8996fb92427ae41e4649b934ca495991b7852b855","first_name":"e3b0c44298fc1c149afbf4c8996fb92427ae41e4649b934ca495991b7852b855","last_name":"e3b0c44298fc1c149afbf4c8996fb92427ae41e4649b934ca495991b7852b855","zip_code":"e3b0c44298fc1c149afbf4c8996fb92427ae41e4649b934ca495991b7852b855"},"page":{"url":"http:\/\/ibn-sinaa.com\/blog\/"}}]}
 ajax: no
2025-01-16T11:18:50+00:00 DEBUG Tt4b_Mapi_Class::mapi_post: Response: 

HTTP/1.1 200 OK
Server: nginx
Content-Type: application/json
Content-Length: 92
X-Tt-Logid: 202501161118492533DB5B66121F54D949
x-tt-trace-host: 018e5a586174a888928d793bdac74b79b56517d7628cf0ffdff56b078ad2cf5615ec7361c839890d9f40e34b372e9e4f415ebaf932370402e6718514e95a58d8fba766afa1129152b7a5b1b2f063ec13b10ca64db8968130878e2cbb4e61d9c2762a5d8032df93aa0f2472b3d295295812
x-tt-trace-id: 00-2501161118492533DB5B66121F54D949-03DE7B958DAFE7AC-00
X-Origin-Response-Time: 26,23.222.2.17
X-Akamai-Request-ID: ea98708.c94e867
Expires: Thu, 16 Jan 2025 11:18:50 GMT
Cache-Control: max-age=0, no-cache, no-store
Pragma: no-cache
Date: Thu, 16 Jan 2025 11:18:50 GMT
X-Cache: TCP_MISS from a95-101-134-92.deploy.akamaitechnologies.com (AkamaiGHost/11.8.0-1debf780f7d7c834933fa9689361eec6) (-)
Connection: close
X-Cache-Remote: TCP_MISS from a23-222-2-17.deploy.akamaitechnologies.com (AkamaiGHost/11.8.0-1debf780f7d7c834933fa9689361eec6) (-)
x-tt-trace-tag: id=16;cdn-cache=miss;type=dyn
Server-Timing: cdn-cache; desc=MISS, edge; dur=82, origin; dur=26
Server-Timing: inner; dur=23
X-Parent-Response-Time: 107,95.101.134.92

{"code": 0, "message": "OK", "request_id": "202501161118492533DB5B66121F54D949", "data": {}}
2025-01-16T11:18:52+00:00 DEBUG POST: https://business-api.tiktok.com/open_api/v1.3/event/track/

{"partner_name":"WooCommerce","event_source":"web","event_source_id":"CSM79Q3C77UAG1T340I0","data":[{"event":"Pageview","event_id":"6788eb1beea83_tt4b_woocommerce_670666209cf1f","event_time":1737026331,"user":{"ip":"62.210.13.154","user_agent":"WP Rocket\/Preload","locale":"ar","external_id":"0","email":"e3b0c44298fc1c149afbf4c8996fb92427ae41e4649b934ca495991b7852b855","phone_number":"e3b0c44298fc1c149afbf4c8996fb92427ae41e4649b934ca495991b7852b855","first_name":"e3b0c44298fc1c149afbf4c8996fb92427ae41e4649b934ca495991b7852b855","last_name":"e3b0c44298fc1c149afbf4c8996fb92427ae41e4649b934ca495991b7852b855","zip_code":"e3b0c44298fc1c149afbf4c8996fb92427ae41e4649b934ca495991b7852b855"},"page":{"url":"http:\/\/ibn-sinaa.com\/ibn-sina-online-store\/"}}]}
 ajax: no
2025-01-16T11:18:52+00:00 DEBUG Tt4b_Mapi_Class::mapi_post: Response: 

HTTP/1.1 200 OK
Server: nginx
Content-Type: application/json
Content-Length: 92
X-Tt-Logid: 20250116111852C77AFA8A602F2D5861D9
Server-Timing: inner; dur=30
x-tt-trace-host: 018e5a586174a888928d793bdac74b79b520593bf434961dbceff88e4b17f9a15659d082bd812a5fcd5785c9f078fbf71b3fe65afc4e63a1d9ffaa4022ede774e2e6499b5f13f128e79f8d14edff295cb6136c8743b27ff3a1267460c212017ea0
x-tt-trace-id: 00-250116111852C77AFA8A602F2D5861D9-2AFC85109237EFBF-00
Expires: Thu, 16 Jan 2025 11:18:52 GMT
Cache-Control: max-age=0, no-cache, no-store
Pragma: no-cache
Date: Thu, 16 Jan 2025 11:18:52 GMT
X-Cache: TCP_MISS from a95-101-134-116.deploy.akamaitechnologies.com (AkamaiGHost/11.8.0-1debf780f7d7c834933fa9689361eec6) (-)
Connection: close
x-tt-trace-tag: id=16;cdn-cache=miss;type=dyn
Server-Timing: cdn-cache; desc=MISS, edge; dur=0, origin; dur=112
X-Origin-Response-Time: 112,95.101.134.116
X-Akamai-Request-ID: d54571f

{"code": 0, "message": "OK", "request_id": "20250116111852C77AFA8A602F2D5861D9", "data": {}}
2025-01-16T11:18:53+00:00 DEBUG POST: https://business-api.tiktok.com/open_api/v1.3/event/track/

{"partner_name":"WooCommerce","event_source":"web","event_source_id":"CSM79Q3C77UAG1T340I0","data":[{"event":"Pageview","event_id":"6788eb1de4581_tt4b_woocommerce_670666209cf1f","event_time":1737026333,"user":{"ip":"62.210.13.154","user_agent":"WP Rocket\/Preload","locale":"ar","external_id":"0","email":"e3b0c44298fc1c149afbf4c8996fb92427ae41e4649b934ca495991b7852b855","phone_number":"e3b0c44298fc1c149afbf4c8996fb92427ae41e4649b934ca495991b7852b855","first_name":"e3b0c44298fc1c149afbf4c8996fb92427ae41e4649b934ca495991b7852b855","last_name":"e3b0c44298fc1c149afbf4c8996fb92427ae41e4649b934ca495991b7852b855","zip_code":"e3b0c44298fc1c149afbf4c8996fb92427ae41e4649b934ca495991b7852b855"},"page":{"url":"http:\/\/ibn-sinaa.com\/wp-content\/uploads\/2024\/11\/%D8%A7%D8%B3%D8%AA%D8%A7%D9%86%D8%AF-%D8%B6%D9%88%D8%A1-%D8%A8%D8%B1%D8%AC-%D8%A7%D9%84%D8%A7%D8%B9%D9%84%D8%A7%D9%86.png\/"}}]}
 ajax: no
2025-01-16T11:18:54+00:00 DEBUG Tt4b_Mapi_Class::mapi_post: Response: 

HTTP/1.1 200 OK
Server: nginx
Content-Type: application/json
Content-Length: 92
X-Tt-Logid: 202501161118541AD4F9173F1B8D5BB3B8
Server-Timing: inner; dur=23
x-tt-trace-host: 018e5a586174a888928d793bdac74b79b51a437ee89a1c03eb2011d034a2e3e9f5ffc82f446ca6f82a9308f886d69de8baa589bade4c9f8c52d70e5552d1d384157896e1a902a8f17d2e588d46a6b55c18f0b81a848f04eb396d17ee4f5c2a38e3
x-tt-trace-id: 00-2501161118541AD4F9173F1B8D5BB3B8-74F61D359C25FC46-00
Expires: Thu, 16 Jan 2025 11:18:54 GMT
Cache-Control: max-age=0, no-cache, no-store
Pragma: no-cache
Date: Thu, 16 Jan 2025 11:18:54 GMT
X-Cache: TCP_MISS from a95-101-134-92.deploy.akamaitechnologies.com (AkamaiGHost/11.8.0-1debf780f7d7c834933fa9689361eec6) (-)
Connection: close
x-tt-trace-tag: id=16;cdn-cache=miss;type=dyn
Server-Timing: cdn-cache; desc=MISS, edge; dur=0, origin; dur=103
X-Origin-Response-Time: 103,95.101.134.92
X-Akamai-Request-ID: c954941

{"code": 0, "message": "OK", "request_id": "202501161118541AD4F9173F1B8D5BB3B8", "data": {}}
2025-01-16T11:18:55+00:00 DEBUG POST: https://business-api.tiktok.com/open_api/v1.3/event/track/

{"partner_name":"WooCommerce","event_source":"web","event_source_id":"CSM79Q3C77UAG1T340I0","data":[{"event":"Pageview","event_id":"6788eb1f292de_tt4b_woocommerce_670666209cf1f","event_time":1737026335,"user":{"ip":"62.210.13.154","user_agent":"WP Rocket\/Preload","locale":"ar","external_id":"0","email":"e3b0c44298fc1c149afbf4c8996fb92427ae41e4649b934ca495991b7852b855","phone_number":"e3b0c44298fc1c149afbf4c8996fb92427ae41e4649b934ca495991b7852b855","first_name":"e3b0c44298fc1c149afbf4c8996fb92427ae41e4649b934ca495991b7852b855","last_name":"e3b0c44298fc1c149afbf4c8996fb92427ae41e4649b934ca495991b7852b855","zip_code":"e3b0c44298fc1c149afbf4c8996fb92427ae41e4649b934ca495991b7852b855"},"page":{"url":"http:\/\/ibn-sinaa.com\/wp-content\/uploads\/2024\/11\/%D8%B7%D8%A7%D9%88%D9%84%D8%A7%D8%AA-%D8%AF%D8%B9%D8%A7%D8%A6%D9%8A%D8%A9-%D9%85%D9%82%D9%88%D8%B3%D8%A9.png\/"}}]}
 ajax: no
2025-01-16T11:18:55+00:00 DEBUG Tt4b_Mapi_Class::mapi_post: Response: 

HTTP/1.1 200 OK
Server: nginx
Content-Type: application/json
Content-Length: 92
X-Tt-Logid: 20250116111855A12E8D0C7DFAF57F74DA
x-tt-trace-host: 018e5a586174a888928d793bdac74b79b519a86797e72c2eba011e03e23beee17d784a0589fb435dbd8892ba86124a925faf9a255e02044e8131b940ad10a7553d4628850dd45a32a5cacbb6427bb0173d844d72369443363a96f7f567c5a1a83f0d173b83143dacd208610b985eb0d718
x-tt-trace-id: 00-250116111855A12E8D0C7DFAF57F74DA-47314E078E9ACE59-00
X-Origin-Response-Time: 30,23.207.199.5
X-Akamai-Request-ID: 6aa69b4.d54a217
Expires: Thu, 16 Jan 2025 11:18:55 GMT
Cache-Control: max-age=0, no-cache, no-store
Pragma: no-cache
Date: Thu, 16 Jan 2025 11:18:55 GMT
X-Cache: TCP_MISS from a95-101-134-116.deploy.akamaitechnologies.com (AkamaiGHost/11.8.0-1debf780f7d7c834933fa9689361eec6) (-)
Connection: close
X-Cache-Remote: TCP_MISS from a23-207-199-5.deploy.akamaitechnologies.com (AkamaiGHost/11.8.0-2d0f2d516c5d43e1487924a77ec5924a) (-)
x-tt-trace-tag: id=16;cdn-cache=miss;type=dyn
Server-Timing: cdn-cache; desc=MISS, edge; dur=84, origin; dur=30
Server-Timing: inner; dur=27
X-Parent-Response-Time: 111,95.101.134.116

{"code": 0, "message": "OK", "request_id": "20250116111855A12E8D0C7DFAF57F74DA", "data": {}}
2025-01-16T11:18:57+00:00 DEBUG POST: https://business-api.tiktok.com/open_api/v1.3/event/track/

{"partner_name":"WooCommerce","event_source":"web","event_source_id":"CSM79Q3C77UAG1T340I0","data":[{"event":"Pageview","event_id":"6788eb2118563_tt4b_woocommerce_670666209cf1f","event_time":1737026337,"user":{"ip":"62.210.13.154","user_agent":"WP Rocket\/Preload","locale":"ar","external_id":"0","email":"e3b0c44298fc1c149afbf4c8996fb92427ae41e4649b934ca495991b7852b855","phone_number":"e3b0c44298fc1c149afbf4c8996fb92427ae41e4649b934ca495991b7852b855","first_name":"e3b0c44298fc1c149afbf4c8996fb92427ae41e4649b934ca495991b7852b855","last_name":"e3b0c44298fc1c149afbf4c8996fb92427ae41e4649b934ca495991b7852b855","zip_code":"e3b0c44298fc1c149afbf4c8996fb92427ae41e4649b934ca495991b7852b855"},"page":{"url":"http:\/\/ibn-sinaa.com\/wp-content\/uploads\/2024\/11\/%D8%B8%D8%B1%D9%81-A4-C4.png\/"}}]}
 ajax: no
2025-01-16T11:18:57+00:00 DEBUG Tt4b_Mapi_Class::mapi_post: Response: 

HTTP/1.1 200 OK
Server: nginx
Content-Type: application/json
Content-Length: 92
X-Tt-Logid: 202501161118575DFC3ACE77C9FCDD459B
x-tt-trace-host: 018e5a586174a888928d793bdac74b79b519a86797e72c2eba011e03e23beee17d5ad1055caad823ce9b7201bec580afdf1d2e74dcdf1df72e0efafa00350068a363ac79a97987d7bb7d800233ee4bd0311d86aca26ec1e66e313df0cb8617b8ecf5897b2b6ba206abd299be795f258337
x-tt-trace-id: 00-2501161118575DFC3ACE77C9FCDD459B-14DEE4AE853229D0-00
X-Origin-Response-Time: 34,23.207.199.55
X-Akamai-Request-ID: 7c674db.d54d1d6
Expires: Thu, 16 Jan 2025 11:18:57 GMT
Cache-Control: max-age=0, no-cache, no-store
Pragma: no-cache
Date: Thu, 16 Jan 2025 11:18:57 GMT
X-Cache: TCP_MISS from a95-101-134-116.deploy.akamaitechnologies.com (AkamaiGHost/11.8.0-1debf780f7d7c834933fa9689361eec6) (-)
Connection: close
X-Cache-Remote: TCP_MISS from a23-207-199-55.deploy.akamaitechnologies.com (AkamaiGHost/11.8.0-1debf780f7d7c834933fa9689361eec6) (-)
x-tt-trace-tag: id=16;cdn-cache=miss;type=dyn
Server-Timing: cdn-cache; desc=MISS, edge; dur=79, origin; dur=34
Server-Timing: inner; dur=31
X-Parent-Response-Time: 113,95.101.134.116

{"code": 0, "message": "OK", "request_id": "202501161118575DFC3ACE77C9FCDD459B", "data": {}}
2025-01-16T11:18:59+00:00 DEBUG POST: https://business-api.tiktok.com/open_api/v1.3/event/track/

{"partner_name":"WooCommerce","event_source":"web","event_source_id":"CSM79Q3C77UAG1T340I0","data":[{"event":"Pageview","event_id":"6788eb231c2db_tt4b_woocommerce_670666209cf1f","event_time":1737026339,"user":{"ip":"62.210.13.154","user_agent":"WP Rocket\/Preload","locale":"ar","external_id":"0","email":"e3b0c44298fc1c149afbf4c8996fb92427ae41e4649b934ca495991b7852b855","phone_number":"e3b0c44298fc1c149afbf4c8996fb92427ae41e4649b934ca495991b7852b855","first_name":"e3b0c44298fc1c149afbf4c8996fb92427ae41e4649b934ca495991b7852b855","last_name":"e3b0c44298fc1c149afbf4c8996fb92427ae41e4649b934ca495991b7852b855","zip_code":"e3b0c44298fc1c149afbf4c8996fb92427ae41e4649b934ca495991b7852b855"},"page":{"url":"http:\/\/ibn-sinaa.com\/wp-content\/uploads\/2024\/11\/%D8%B8%D8%B1%D9%81-DL.png\/"}}]}
 ajax: no
2025-01-16T11:18:59+00:00 DEBUG Tt4b_Mapi_Class::mapi_post: Response: 

HTTP/1.1 200 OK
Server: nginx
Content-Type: application/json
Content-Length: 92
X-Tt-Logid: 202501161118595D361A44AE6BE1FF810C
Server-Timing: inner; dur=24
x-tt-trace-host: 018e5a586174a888928d793bdac74b79b520593bf434961dbceff88e4b17f9a1561f5e30e1c8a63697ae2f6acaef99d1f5194b2f421123d70ea6f917c9a09dd04533f3ce4fa68b3cca949c50939aeb7722c8d6cecc0c517e7a6eef86bca17fea42
x-tt-trace-id: 00-2501161118595D361A44AE6BE1FF810C-342F1FA02FE96F95-00
Expires: Thu, 16 Jan 2025 11:18:59 GMT
Cache-Control: max-age=0, no-cache, no-store
Pragma: no-cache
Date: Thu, 16 Jan 2025 11:18:59 GMT
X-Cache: TCP_MISS from a95-101-134-116.deploy.akamaitechnologies.com (AkamaiGHost/11.8.0-1debf780f7d7c834933fa9689361eec6) (-)
Connection: close
x-tt-trace-tag: id=16;cdn-cache=miss;type=dyn
Server-Timing: cdn-cache; desc=MISS, edge; dur=0, origin; dur=107
X-Origin-Response-Time: 107,95.101.134.116
X-Akamai-Request-ID: d5501a1

{"code": 0, "message": "OK", "request_id": "202501161118595D361A44AE6BE1FF810C", "data": {}}
2025-01-16T11:19:00+00:00 DEBUG POST: https://business-api.tiktok.com/open_api/v1.3/event/track/

{"partner_name":"WooCommerce","event_source":"web","event_source_id":"CSM79Q3C77UAG1T340I0","data":[{"event":"Pageview","event_id":"6788eb24a4aaf_tt4b_woocommerce_670666209cf1f","event_time":1737026340,"user":{"ip":"62.210.13.154","user_agent":"WP Rocket\/Preload","locale":"ar","external_id":"0","email":"e3b0c44298fc1c149afbf4c8996fb92427ae41e4649b934ca495991b7852b855","phone_number":"e3b0c44298fc1c149afbf4c8996fb92427ae41e4649b934ca495991b7852b855","first_name":"e3b0c44298fc1c149afbf4c8996fb92427ae41e4649b934ca495991b7852b855","last_name":"e3b0c44298fc1c149afbf4c8996fb92427ae41e4649b934ca495991b7852b855","zip_code":"e3b0c44298fc1c149afbf4c8996fb92427ae41e4649b934ca495991b7852b855"},"page":{"url":"http:\/\/ibn-sinaa.com\/advertising\/"}}]}
 ajax: no
2025-01-16T11:19:00+00:00 DEBUG Tt4b_Mapi_Class::mapi_post: Response: 

HTTP/1.1 200 OK
Server: nginx
Content-Type: application/json
Content-Length: 92
X-Tt-Logid: 20250116111900F3A43DB0955BA1B722A5
Server-Timing: inner; dur=31
x-tt-trace-host: 018e5a586174a888928d793bdac74b79b51a437ee89a1c03eb2011d034a2e3e9f58d977a219890e1683417aad994f995c7fbae09d6137956d20fbc1d5b2d126c56a194be90b848a39e317aa5066a3df118d79b5fea5162b87a5618ec9482228124
x-tt-trace-id: 00-250116111900F3A43DB0955BA1B722A5-526CD4F5690BE96E-00
Expires: Thu, 16 Jan 2025 11:19:00 GMT
Cache-Control: max-age=0, no-cache, no-store
Pragma: no-cache
Date: Thu, 16 Jan 2025 11:19:00 GMT
X-Cache: TCP_MISS from a95-101-134-92.deploy.akamaitechnologies.com (AkamaiGHost/11.8.0-1debf780f7d7c834933fa9689361eec6) (-)
Connection: close
x-tt-trace-tag: id=16;cdn-cache=miss;type=dyn
Server-Timing: cdn-cache; desc=MISS, edge; dur=2, origin; dur=110
X-Origin-Response-Time: 110,95.101.134.92
X-Akamai-Request-ID: c95e835

{"code": 0, "message": "OK", "request_id": "20250116111900F3A43DB0955BA1B722A5", "data": {}}
2025-01-16T11:19:02+00:00 DEBUG POST: https://business-api.tiktok.com/open_api/v1.3/event/track/

{"partner_name":"WooCommerce","event_source":"web","event_source_id":"CSM79Q3C77UAG1T340I0","data":[{"event":"Pageview","event_id":"6788eb265ca1a_tt4b_woocommerce_670666209cf1f","event_time":1737026342,"user":{"ip":"62.210.13.154","user_agent":"WP Rocket\/Preload","locale":"ar","external_id":"0","email":"e3b0c44298fc1c149afbf4c8996fb92427ae41e4649b934ca495991b7852b855","phone_number":"e3b0c44298fc1c149afbf4c8996fb92427ae41e4649b934ca495991b7852b855","first_name":"e3b0c44298fc1c149afbf4c8996fb92427ae41e4649b934ca495991b7852b855","last_name":"e3b0c44298fc1c149afbf4c8996fb92427ae41e4649b934ca495991b7852b855","zip_code":"e3b0c44298fc1c149afbf4c8996fb92427ae41e4649b934ca495991b7852b855"},"page":{"url":"http:\/\/ibn-sinaa.com\/digital-printing\/"}}]}
 ajax: no
2025-01-16T11:19:02+00:00 DEBUG Tt4b_Mapi_Class::mapi_post: Response: 

HTTP/1.1 200 OK
Server: nginx
Content-Type: application/json
Content-Length: 92
X-Tt-Logid: 20250116111902663918F9E37E0E62EDDD
x-tt-trace-host: 018e5a586174a888928d793bdac74b79b519a86797e72c2eba011e03e23beee17d01a7c9f1e84b090bf3dcdbc680d89f8f6e00d8ea5b35c4e82a307680852c649482ffcb01fbec59c843bfbd17b3e0b03d01acfe1fa08199aaffbb158731d1375c13326c04dc640e0eb4a866995b1b38dc
x-tt-trace-id: 00-250116111902663918F9E37E0E62EDDD-682B1AE85FCB2E54-00
X-Origin-Response-Time: 22,23.207.199.27
X-Akamai-Request-ID: 918d776.d554c90
Expires: Thu, 16 Jan 2025 11:19:02 GMT
Cache-Control: max-age=0, no-cache, no-store
Pragma: no-cache
Date: Thu, 16 Jan 2025 11:19:02 GMT
X-Cache: TCP_MISS from a95-101-134-116.deploy.akamaitechnologies.com (AkamaiGHost/11.8.0-1debf780f7d7c834933fa9689361eec6) (-)
Connection: close
X-Cache-Remote: TCP_MISS from a23-207-199-27.deploy.akamaitechnologies.com (AkamaiGHost/11.8.0-1debf780f7d7c834933fa9689361eec6) (-)
x-tt-trace-tag: id=16;cdn-cache=miss;type=dyn
Server-Timing: cdn-cache; desc=MISS, edge; dur=81, origin; dur=22
Server-Timing: inner; dur=19
X-Parent-Response-Time: 103,95.101.134.116

{"code": 0, "message": "OK", "request_id": "20250116111902663918F9E37E0E62EDDD", "data": {}}
2025-01-16T11:19:03+00:00 DEBUG POST: https://business-api.tiktok.com/open_api/v1.3/event/track/

{"partner_name":"WooCommerce","event_source":"web","event_source_id":"CSM79Q3C77UAG1T340I0","data":[{"event":"Pageview","event_id":"6788eb27e2c4d_tt4b_woocommerce_670666209cf1f","event_time":1737026343,"user":{"ip":"62.210.13.154","user_agent":"WP Rocket\/Preload","locale":"ar","external_id":"0","email":"e3b0c44298fc1c149afbf4c8996fb92427ae41e4649b934ca495991b7852b855","phone_number":"e3b0c44298fc1c149afbf4c8996fb92427ae41e4649b934ca495991b7852b855","first_name":"e3b0c44298fc1c149afbf4c8996fb92427ae41e4649b934ca495991b7852b855","last_name":"e3b0c44298fc1c149afbf4c8996fb92427ae41e4649b934ca495991b7852b855","zip_code":"e3b0c44298fc1c149afbf4c8996fb92427ae41e4649b934ca495991b7852b855"},"page":{"url":"http:\/\/ibn-sinaa.com\/shields-and-gifts\/"}}]}
 ajax: no
2025-01-16T11:19:04+00:00 DEBUG Tt4b_Mapi_Class::mapi_post: Response: 

HTTP/1.1 200 OK
Server: nginx
Content-Type: application/json
Content-Length: 92
X-Tt-Logid: 20250116111904195736DC44A72AE5DC27
x-tt-trace-host: 018e5a586174a888928d793bdac74b79b56517d7628cf0ffdff56b078ad2cf56154c2b3a5442da9b805971ab070c9aa4d04ef2daaf9eba6cce43ba7e874a09085de6649c12745ec0fa90a41734a28d96ce350d41493bacc4ec459aa42fd51e8937b6355ff25abfb4836d5c04f4f06d612d
x-tt-trace-id: 00-250116111904195736DC44A72AE5DC27-1640084D27E25F3A-00
X-Origin-Response-Time: 24,23.222.2.25
X-Akamai-Request-ID: 232a0dad.c96304f
Expires: Thu, 16 Jan 2025 11:19:04 GMT
Cache-Control: max-age=0, no-cache, no-store
Pragma: no-cache
Date: Thu, 16 Jan 2025 11:19:04 GMT
X-Cache: TCP_MISS from a95-101-134-92.deploy.akamaitechnologies.com (AkamaiGHost/11.8.0-1debf780f7d7c834933fa9689361eec6) (-)
Connection: close
X-Cache-Remote: TCP_MISS from a23-222-2-25.deploy.akamaitechnologies.com (AkamaiGHost/11.8.0-1debf780f7d7c834933fa9689361eec6) (-)
x-tt-trace-tag: id=16;cdn-cache=miss;type=dyn
Server-Timing: cdn-cache; desc=MISS, edge; dur=82, origin; dur=24
Server-Timing: inner; dur=20
X-Parent-Response-Time: 106,95.101.134.92

{"code": 0, "message": "OK", "request_id": "20250116111904195736DC44A72AE5DC27", "data": {}}
2025-01-16T11:19:05+00:00 DEBUG POST: https://business-api.tiktok.com/open_api/v1.3/event/track/

{"partner_name":"WooCommerce","event_source":"web","event_source_id":"CSM79Q3C77UAG1T340I0","data":[{"event":"Pageview","event_id":"6788eb2977fc7_tt4b_woocommerce_670666209cf1f","event_time":1737026345,"user":{"ip":"62.210.13.154","user_agent":"WP Rocket\/Preload","locale":"ar","external_id":"0","email":"e3b0c44298fc1c149afbf4c8996fb92427ae41e4649b934ca495991b7852b855","phone_number":"e3b0c44298fc1c149afbf4c8996fb92427ae41e4649b934ca495991b7852b855","first_name":"e3b0c44298fc1c149afbf4c8996fb92427ae41e4649b934ca495991b7852b855","last_name":"e3b0c44298fc1c149afbf4c8996fb92427ae41e4649b934ca495991b7852b855","zip_code":"e3b0c44298fc1c149afbf4c8996fb92427ae41e4649b934ca495991b7852b855"},"page":{"url":"http:\/\/ibn-sinaa.com\/acrylic\/"}}]}
 ajax: no
2025-01-16T11:19:05+00:00 DEBUG Tt4b_Mapi_Class::mapi_post: Response: 

HTTP/1.1 200 OK
Server: nginx
Content-Type: application/json
Content-Length: 92
X-Tt-Logid: 202501161119055D361A44AE6BE1FF82A0
Server-Timing: inner; dur=24
x-tt-trace-host: 018e5a586174a888928d793bdac74b79b520593bf434961dbceff88e4b17f9a1561f5e30e1c8a63697ae2f6acaef99d1f556bdfd0725f5a656e00ef1cbdbaec7cd8841a467bd161169c3e8b97815c33590fb3a1bf0cd3c9f2d123e86635431eec4
x-tt-trace-id: 00-2501161119055D361A44AE6BE1FF82A0-6CAF545737248D13-00
Expires: Thu, 16 Jan 2025 11:19:05 GMT
Cache-Control: max-age=0, no-cache, no-store
Pragma: no-cache
Date: Thu, 16 Jan 2025 11:19:05 GMT
X-Cache: TCP_MISS from a95-101-134-116.deploy.akamaitechnologies.com (AkamaiGHost/11.8.0-1debf780f7d7c834933fa9689361eec6) (-)
Connection: close
x-tt-trace-tag: id=16;cdn-cache=miss;type=dyn
Server-Timing: cdn-cache; desc=MISS, edge; dur=1, origin; dur=107
X-Origin-Response-Time: 108,95.101.134.116
X-Akamai-Request-ID: d55942c

{"code": 0, "message": "OK", "request_id": "202501161119055D361A44AE6BE1FF82A0", "data": {}}
2025-01-16T11:19:06+00:00 DEBUG POST: https://business-api.tiktok.com/open_api/v1.3/event/track/

{"partner_name":"WooCommerce","event_source":"web","event_source_id":"CSM79Q3C77UAG1T340I0","data":[{"event":"Pageview","event_id":"6788eb2a60a0f_tt4b_woocommerce_670666209cf1f","event_time":1737026346,"user":{"ip":"62.210.13.154","user_agent":"WP Rocket\/Preload","locale":"ar","external_id":"0","email":"e3b0c44298fc1c149afbf4c8996fb92427ae41e4649b934ca495991b7852b855","phone_number":"e3b0c44298fc1c149afbf4c8996fb92427ae41e4649b934ca495991b7852b855","first_name":"e3b0c44298fc1c149afbf4c8996fb92427ae41e4649b934ca495991b7852b855","last_name":"e3b0c44298fc1c149afbf4c8996fb92427ae41e4649b934ca495991b7852b855","zip_code":"e3b0c44298fc1c149afbf4c8996fb92427ae41e4649b934ca495991b7852b855"},"page":{"url":"http:\/\/ibn-sinaa.com\/print-celebrations\/"}}]}
 ajax: no
2025-01-16T11:19:06+00:00 DEBUG Tt4b_Mapi_Class::mapi_post: Response: 

HTTP/1.1 200 OK
Server: nginx
Content-Type: application/json
Content-Length: 92
X-Tt-Logid: 20250116111906C3E4DB8B0634258B2F0E
x-tt-trace-host: 018e5a586174a888928d793bdac74b79b519a86797e72c2eba011e03e23beee17d6bd3ee0660ef22f714f9f6e6b4e4a97d0c725e4413265674ccf558fe16136546abda6e7aa5b700150667ecc879b87d1fe6a91081af11b12a1ce63dcd7d8c3e1d9d1f038d8da9d566a83e46528bf866d5
x-tt-trace-id: 00-250116111906C3E4DB8B0634258B2F0E-11E84B3286EFC8DB-00
X-Origin-Response-Time: 26,23.207.199.4
X-Akamai-Request-ID: 5531007.d55a7ea
Expires: Thu, 16 Jan 2025 11:19:06 GMT
Cache-Control: max-age=0, no-cache, no-store
Pragma: no-cache
Date: Thu, 16 Jan 2025 11:19:06 GMT
X-Cache: TCP_MISS from a95-101-134-116.deploy.akamaitechnologies.com (AkamaiGHost/11.8.0-1debf780f7d7c834933fa9689361eec6) (-)
Connection: close
X-Cache-Remote: TCP_MISS from a23-207-199-4.deploy.akamaitechnologies.com (AkamaiGHost/11.8.0-1debf780f7d7c834933fa9689361eec6) (-)
x-tt-trace-tag: id=16;cdn-cache=miss;type=dyn
Server-Timing: cdn-cache; desc=MISS, edge; dur=81, origin; dur=26
Server-Timing: inner; dur=20
X-Parent-Response-Time: 107,95.101.134.116

{"code": 0, "message": "OK", "request_id": "20250116111906C3E4DB8B0634258B2F0E", "data": {}}
2025-01-16T11:22:47+00:00 DEBUG POST: https://business-api.tiktok.com/open_api/v1.3/event/track/

{"partner_name":"WooCommerce","event_source":"web","event_source_id":"CSM79Q3C77UAG1T340I0","data":[{"event":"Pageview","event_id":"6788ec07a39dd_tt4b_woocommerce_670666209cf1f","event_time":1737026567,"user":{"ip":"54.36.148.23","user_agent":"Mozilla\/5.0 (compatible; AhrefsBot\/7.0; +http:\/\/ahrefs.com\/robot\/)","locale":"ar","external_id":"0","email":"e3b0c44298fc1c149afbf4c8996fb92427ae41e4649b934ca495991b7852b855","phone_number":"e3b0c44298fc1c149afbf4c8996fb92427ae41e4649b934ca495991b7852b855","first_name":"e3b0c44298fc1c149afbf4c8996fb92427ae41e4649b934ca495991b7852b855","last_name":"e3b0c44298fc1c149afbf4c8996fb92427ae41e4649b934ca495991b7852b855","zip_code":"e3b0c44298fc1c149afbf4c8996fb92427ae41e4649b934ca495991b7852b855"},"page":{"url":"http:\/\/www.ibn-sinaa.com\/product\/%D8%B7%D8%A8%D8%A7%D8%B9%D9%87-%D8%A8%D9%86%D8%B1\/feed\/"}}]}
 ajax: no
2025-01-16T11:22:47+00:00 DEBUG Tt4b_Mapi_Class::mapi_post: Response: 

HTTP/1.1 200 OK
Server: nginx
Content-Type: application/json
Content-Length: 92
X-Tt-Logid: 20250116112247173BD1CDF0F211452A5D
x-tt-trace-host: 018e5a586174a888928d793bdac74b79b519a86797e72c2eba011e03e23beee17dffce9843412f14ada9478a72357fa559020ffb1bac01cdbeebb1a8735cab552516ff26a9533c2e0a62dac7bd9abf4c49d15d523154880a054903c878a21fde197a9859ea59693cbaa47a553d5d603b74
x-tt-trace-id: 00-250116112247173BD1CDF0F211452A5D-67A90BFC6B4449AD-00
X-Origin-Response-Time: 27,23.222.2.25
X-Akamai-Request-ID: 233fb1e3.d6943de
Expires: Thu, 16 Jan 2025 11:22:47 GMT
Cache-Control: max-age=0, no-cache, no-store
Pragma: no-cache
Date: Thu, 16 Jan 2025 11:22:47 GMT
X-Cache: TCP_MISS from a95-101-134-116.deploy.akamaitechnologies.com (AkamaiGHost/11.8.0-1debf780f7d7c834933fa9689361eec6) (-)
Connection: close
X-Cache-Remote: TCP_MISS from a23-222-2-25.deploy.akamaitechnologies.com (AkamaiGHost/11.8.0-1debf780f7d7c834933fa9689361eec6) (-)
x-tt-trace-tag: id=16;cdn-cache=miss;type=dyn
Server-Timing: cdn-cache; desc=MISS, edge; dur=82, origin; dur=27
Server-Timing: inner; dur=23
X-Parent-Response-Time: 109,95.101.134.116

{"code": 0, "message": "OK", "request_id": "20250116112247173BD1CDF0F211452A5D", "data": {}}
2025-01-16T11:22:58+00:00 DEBUG POST: https://business-api.tiktok.com/open_api/v1.3/event/track/

{"partner_name":"WooCommerce","event_source":"web","event_source_id":"CSM79Q3C77UAG1T340I0","data":[{"event":"Pageview","event_id":"6788ec125479f_tt4b_woocommerce_670666209cf1f","event_time":1737026578,"user":{"ip":"62.210.13.154","user_agent":"WP Rocket\/Preload","locale":"ar","external_id":"0","email":"e3b0c44298fc1c149afbf4c8996fb92427ae41e4649b934ca495991b7852b855","phone_number":"e3b0c44298fc1c149afbf4c8996fb92427ae41e4649b934ca495991b7852b855","first_name":"e3b0c44298fc1c149afbf4c8996fb92427ae41e4649b934ca495991b7852b855","last_name":"e3b0c44298fc1c149afbf4c8996fb92427ae41e4649b934ca495991b7852b855","zip_code":"e3b0c44298fc1c149afbf4c8996fb92427ae41e4649b934ca495991b7852b855"},"page":{"url":"http:\/\/ibn-sinaa.com\/product\/corrugated-display-table\/"}}]}
 ajax: no
2025-01-16T11:22:58+00:00 DEBUG Tt4b_Mapi_Class::mapi_post: Response: 

HTTP/1.1 200 OK
Server: nginx
Content-Type: application/json
Content-Length: 92
X-Tt-Logid: 202501161122581728B23DEB0DD45EA19B
Server-Timing: inner; dur=32
x-tt-trace-host: 018e5a586174a888928d793bdac74b79b51a437ee89a1c03eb2011d034a2e3e9f5cd9681ead7d6e9026c0424bcd7529bdc647dcefd4fc966cfca461237dc8ee85b6c0b2f993f4ec77c20baaae00b52fbedef66819265bf64e0dfba7da071ad8b04
x-tt-trace-id: 00-2501161122581728B23DEB0DD45EA19B-26E879CB686CABC0-00
Expires: Thu, 16 Jan 2025 11:22:58 GMT
Cache-Control: max-age=0, no-cache, no-store
Pragma: no-cache
Date: Thu, 16 Jan 2025 11:22:58 GMT
X-Cache: TCP_MISS from a95-101-134-92.deploy.akamaitechnologies.com (AkamaiGHost/11.8.0-1debf780f7d7c834933fa9689361eec6) (-)
Connection: close
x-tt-trace-tag: id=16;cdn-cache=miss;type=dyn
Server-Timing: cdn-cache; desc=MISS, edge; dur=1, origin; dur=111
X-Origin-Response-Time: 112,95.101.134.92
X-Akamai-Request-ID: cab7e64

{"code": 0, "message": "OK", "request_id": "202501161122581728B23DEB0DD45EA19B", "data": {}}
2025-01-16T11:22:58+00:00 DEBUG Tt4b_Pixel_Class::inject_view_content_event: hit ViewContent
2025-01-16T11:22:58+00:00 DEBUG POST: https://business-api.tiktok.com/open_api/v1.3/event/track/

{"partner_name":"WooCommerce","event_source":"web","event_source_id":"CSM79Q3C77UAG1T340I0","data":[{"event":"ViewContent","event_id":"6788ec128c9f5_tt4b_woocommerce_670666209cf1f_4317","event_time":1737026578,"user":{"ip":"62.210.13.154","user_agent":"WP Rocket\/Preload","locale":"ar","external_id":"0","email":"e3b0c44298fc1c149afbf4c8996fb92427ae41e4649b934ca495991b7852b855","phone_number":"e3b0c44298fc1c149afbf4c8996fb92427ae41e4649b934ca495991b7852b855","first_name":"e3b0c44298fc1c149afbf4c8996fb92427ae41e4649b934ca495991b7852b855","last_name":"e3b0c44298fc1c149afbf4c8996fb92427ae41e4649b934ca495991b7852b855","zip_code":"e3b0c44298fc1c149afbf4c8996fb92427ae41e4649b934ca495991b7852b855"},"properties":{"contents":[{"price":690,"quantity":1,"content_id":"4317","content_name":"\u0637\u0627\u0648\u0644\u0629 \u0639\u0631\u0636 \u0645\u0645\u0648\u062c\u0629 \u0643\u0648\u0631\u062c\u062a\u064a\u062f","description":"\u0637\u0627\u0648\u0644\u0629 \u0639\u0631\u0636 \u0645\u0645\u0648\u062c\u0629 \u0643\u0648\u0631\u062c\u064a\u062a\u062f: \u0645\u062b\u0627\u0644\u064a\u0629 \u0644\u0639\u0631\u0636 \u0627\u0644\u0645\u0646\u062a\u062c\u0627\u062a \u0648\u0627\u0644\u062e\u062f\u0645\u0627\u062a \u0628\u062c\u0648\u062f\u0629 \u0639\u0627\u0644\u064a\u0629 \u0648\u062a\u0635\u0645\u064a\u0645 \u062c\u0630\u0627\u0628. \u0645\u062b\u0627\u0644\u064a\u0629 \u0644\u0644\u0627\u0633\u062a\u062e\u062f\u0627\u0645 \u0641\u064a \u0627\u0644\u0645\u0639\u0627\u0631\u0636 \u0648\u0627\u0644\u0641\u0639\u0627\u0644\u064a\u0627\u062a \u0627\u0644\u062a\u0633\u0648\u064a\u0642\u064a\u0629\u060c \u062a\u062a\u0645\u064a\u0632 \u0628\u0645\u062a\u0627\u0646\u062a\u0647\u0627 \u0648\u0633\u0647\u0648\u0644\u0629 \u0646\u0642\u0644\u0647\u0627 \u0648\u062a\u0631\u0643\u064a\u0628\u0647\u0627. \u062a\u062c\u0639\u0644 \u0639\u0631\u0636 \u0645\u0646\u062a\u062c\u0627\u062a\u0643 \u0623\u0643\u062b\u0631 \u062c\u0627\u0630\u0628\u064a\u0629 \u0648\u062a\u0646\u0638\u064a\u0645\u064b\u0627.","availability":"IN_STOCK","sale_price":690,"on_sale":false}],"content_type":"product","currency":"SAR","value":690,"event_trigger_source":"WooCommerce"},"page":{"url":"http:\/\/ibn-sinaa.com\/product\/corrugated-display-table\/"}}]}
 ajax: no
2025-01-16T11:22:58+00:00 DEBUG Tt4b_Mapi_Class::mapi_post: Response: 

HTTP/1.1 200 OK
Server: nginx
Content-Type: application/json
Content-Length: 92
X-Tt-Logid: 20250116112258B605D59C11C4245C3EBE
Server-Timing: inner; dur=27
x-tt-trace-host: 018e5a586174a888928d793bdac74b79b520593bf434961dbceff88e4b17f9a15630af4a3c3bf42853dea849713732e70fcdb098ac1adeb374c5b590f9526f5dc242f3dc5478e67906be7df651761cbc780ca3a7c4eb750bf0c4d6b367bae44476
x-tt-trace-id: 00-250116112258B605D59C11C4245C3EBE-1D8E3AE0421C85B1-00
Expires: Thu, 16 Jan 2025 11:22:58 GMT
Cache-Control: max-age=0, no-cache, no-store
Pragma: no-cache
Date: Thu, 16 Jan 2025 11:22:58 GMT
X-Cache: TCP_MISS from a95-101-134-116.deploy.akamaitechnologies.com (AkamaiGHost/11.8.0-1debf780f7d7c834933fa9689361eec6) (-)
Connection: close
x-tt-trace-tag: id=16;cdn-cache=miss;type=dyn
Server-Timing: cdn-cache; desc=MISS, edge; dur=1, origin; dur=107
X-Origin-Response-Time: 108,95.101.134.116
X-Akamai-Request-ID: d6a3ec4

{"code": 0, "message": "OK", "request_id": "20250116112258B605D59C11C4245C3EBE", "data": {}}
2025-01-16T11:24:27+00:00 DEBUG POST: https://business-api.tiktok.com/open_api/v1.3/event/track/

{"partner_name":"WooCommerce","event_source":"web","event_source_id":"CSM79Q3C77UAG1T340I0","data":[{"event":"Pageview","event_id":"6788ec6be010c_tt4b_woocommerce_670666209cf1f","event_time":1737026667,"user":{"ip":"66.249.66.166","user_agent":"Mozilla\/5.0 (Linux; Android 6.0.1; Nexus 5X Build\/MMB29P) AppleWebKit\/537.36 (KHTML, like Gecko) Chrome\/131.0.6778.264 Mobile Safari\/537.36 (compatible; Googlebot\/2.1; +http:\/\/www.google.com\/bot.html)","locale":"ar","external_id":"0","email":"e3b0c44298fc1c149afbf4c8996fb92427ae41e4649b934ca495991b7852b855","phone_number":"e3b0c44298fc1c149afbf4c8996fb92427ae41e4649b934ca495991b7852b855","first_name":"e3b0c44298fc1c149afbf4c8996fb92427ae41e4649b934ca495991b7852b855","last_name":"e3b0c44298fc1c149afbf4c8996fb92427ae41e4649b934ca495991b7852b855","zip_code":"e3b0c44298fc1c149afbf4c8996fb92427ae41e4649b934ca495991b7852b855"},"page":{"url":"http:\/\/www.ibn-sinaa.com\/product\/personal-cards\/"}}]}
 ajax: no
2025-01-16T11:24:28+00:00 DEBUG Tt4b_Mapi_Class::mapi_post: Response: 

HTTP/1.1 200 OK
Server: nginx
Content-Type: application/json
Content-Length: 92
X-Tt-Logid: 202501161124287AC52CC050D2925A8353
Server-Timing: inner; dur=22
x-tt-trace-host: 018e5a586174a888928d793bdac74b79b520593bf434961dbceff88e4b17f9a1565119dc3bd0b552ddad9fd34b725d956e94b526bfad18d094f6546a5777f3f07d81a97bb4bd90dd2181f7a9c6954733ab192dbfde22c3b5e667d23d2fb31f64eb
x-tt-trace-id: 00-2501161124287AC52CC050D2925A8353-32851EB325E4AC03-00
Expires: Thu, 16 Jan 2025 11:24:28 GMT
Cache-Control: max-age=0, no-cache, no-store
Pragma: no-cache
Date: Thu, 16 Jan 2025 11:24:28 GMT
X-Cache: TCP_MISS from a95-101-134-116.deploy.akamaitechnologies.com (AkamaiGHost/11.8.0-1debf780f7d7c834933fa9689361eec6) (-)
Connection: close
x-tt-trace-tag: id=16;cdn-cache=miss;type=dyn
Server-Timing: cdn-cache; desc=MISS, edge; dur=1, origin; dur=102
X-Origin-Response-Time: 103,95.101.134.116
X-Akamai-Request-ID: d71fb88

{"code": 0, "message": "OK", "request_id": "202501161124287AC52CC050D2925A8353", "data": {}}
2025-01-16T11:24:28+00:00 DEBUG Tt4b_Pixel_Class::inject_view_content_event: hit ViewContent
2025-01-16T11:24:28+00:00 DEBUG POST: https://business-api.tiktok.com/open_api/v1.3/event/track/

{"partner_name":"WooCommerce","event_source":"web","event_source_id":"CSM79Q3C77UAG1T340I0","data":[{"event":"ViewContent","event_id":"6788ec6c24c8a_tt4b_woocommerce_670666209cf1f_d-k-1","event_time":1737026668,"user":{"ip":"66.249.66.166","user_agent":"Mozilla\/5.0 (Linux; Android 6.0.1; Nexus 5X Build\/MMB29P) AppleWebKit\/537.36 (KHTML, like Gecko) Chrome\/131.0.6778.264 Mobile Safari\/537.36 (compatible; Googlebot\/2.1; +http:\/\/www.google.com\/bot.html)","locale":"ar","external_id":"0","email":"e3b0c44298fc1c149afbf4c8996fb92427ae41e4649b934ca495991b7852b855","phone_number":"e3b0c44298fc1c149afbf4c8996fb92427ae41e4649b934ca495991b7852b855","first_name":"e3b0c44298fc1c149afbf4c8996fb92427ae41e4649b934ca495991b7852b855","last_name":"e3b0c44298fc1c149afbf4c8996fb92427ae41e4649b934ca495991b7852b855","zip_code":"e3b0c44298fc1c149afbf4c8996fb92427ae41e4649b934ca495991b7852b855"},"properties":{"contents":[{"price":57,"quantity":1,"content_id":"d-k-1","content_name":"\u0637\u0628\u0627\u0639\u0629 \u0643\u0631\u0648\u062a \u0634\u062e\u0635\u064a\u0629 \u0639\u0627\u062f\u064a\u0629","description":"<ul>\r\n \t<li>\u0637\u0628\u0627\u0639\u0629 \u0643\u0631\u0648\u062a \u0639\u0644\u0649 \u0648\u0631\u0642 \u0643\u0648\u0634\u064a\u0647 350 \u062c\u0631\u0627\u0645 \u0645\u0639 \u0637\u0628\u0642\u0629 \u062d\u0645\u0627\u064a\u0629.<\/li>\r\n \t<li>\u0645\u0642\u0627\u0633 \u0627\u0644\u0643\u0631\u062a\u00a0 9\u00d75 \u0633\u0645, \u0627\u0642\u0644 \u0643\u0645\u064a\u0629 \u0644\u0644\u0637\u0644\u0628 100 \u0643\u0631\u062a.<\/li>\r\n \t<li>\u0645\u062f\u0629 \u0627\u0644\u062a\u0646\u0641\u064a\u0630 \u0627\u0644\u0645\u062a\u0648\u0642\u0639\u0629: 1 \u2013 3 \u0623\u064a\u0627\u0645 \u0639\u0645\u0644 \u0628\u0639\u062f \u062a\u0623\u0643\u064a\u062f \u0627\u0644\u0637\u0644\u0628 \u0648\u0627\u0644\u062a\u0635\u0645\u064a\u0645 \u0648\u062d\u0633\u0628 \u0627\u0644\u0643\u0645\u064a\u0629 (\u062a\u0632\u064a\u062f \u0627\u0644\u0645\u062f\u0629 \u0639\u0646\u062f \u0637\u0644\u0628 \u0627\u0644\u0634\u062d\u0646).<\/li>\r\n<\/ul>","availability":"IN_STOCK","sale_price":57,"on_sale":false}],"content_type":"product","currency":"SAR","value":57,"event_trigger_source":"WooCommerce"},"page":{"url":"http:\/\/www.ibn-sinaa.com\/product\/personal-cards\/"}}]}
 ajax: no
2025-01-16T11:24:28+00:00 DEBUG Tt4b_Mapi_Class::mapi_post: Response: 

HTTP/1.1 200 OK
Server: nginx
Content-Type: application/json
Content-Length: 92
X-Tt-Logid: 20250116112428174A4EA9F0053A92E941
Server-Timing: inner; dur=24
x-tt-trace-host: 018e5a586174a888928d793bdac74b79b51a437ee89a1c03eb2011d034a2e3e9f54f4d80c6ec364cd4ed42d3134aa5df394e3bd37c10414fdc946ab81859d32e0cd3d70f519b9d912b5b5a3ed6660fccc1fabc379443cf4be03dc783e012dc16b8
x-tt-trace-id: 00-250116112428174A4EA9F0053A92E941-529B2F862D2503AE-00
Expires: Thu, 16 Jan 2025 11:24:28 GMT
Cache-Control: max-age=0, no-cache, no-store
Pragma: no-cache
Date: Thu, 16 Jan 2025 11:24:28 GMT
X-Cache: TCP_MISS from a95-101-134-92.deploy.akamaitechnologies.com (AkamaiGHost/11.8.0-1debf780f7d7c834933fa9689361eec6) (-)
Connection: close
x-tt-trace-tag: id=16;cdn-cache=miss;type=dyn
Server-Timing: cdn-cache; desc=MISS, edge; dur=0, origin; dur=107
X-Origin-Response-Time: 107,95.101.134.92
X-Akamai-Request-ID: cb3816f

{"code": 0, "message": "OK", "request_id": "20250116112428174A4EA9F0053A92E941", "data": {}}
2025-01-16T11:24:31+00:00 DEBUG POST: https://business-api.tiktok.com/open_api/v1.3/event/track/

{"partner_name":"WooCommerce","event_source":"web","event_source_id":"CSM79Q3C77UAG1T340I0","data":[{"event":"Pageview","event_id":"6788ec6ff053a_tt4b_woocommerce_670666209cf1f","event_time":1737026671,"user":{"ip":"66.249.66.71","user_agent":"Mozilla\/5.0 (Linux; Android 6.0.1; Nexus 5X Build\/MMB29P) AppleWebKit\/537.36 (KHTML, like Gecko) Chrome\/131.0.6778.264 Mobile Safari\/537.36 (compatible; Googlebot\/2.1; +http:\/\/www.google.com\/bot.html)","locale":"ar","external_id":"0","email":"e3b0c44298fc1c149afbf4c8996fb92427ae41e4649b934ca495991b7852b855","phone_number":"e3b0c44298fc1c149afbf4c8996fb92427ae41e4649b934ca495991b7852b855","first_name":"e3b0c44298fc1c149afbf4c8996fb92427ae41e4649b934ca495991b7852b855","last_name":"e3b0c44298fc1c149afbf4c8996fb92427ae41e4649b934ca495991b7852b855","zip_code":"e3b0c44298fc1c149afbf4c8996fb92427ae41e4649b934ca495991b7852b855"},"page":{"url":"http:\/\/ibn-sinaa.com\/product\/personal-cards\/"}}]}
 ajax: no
2025-01-16T11:24:32+00:00 DEBUG Tt4b_Mapi_Class::mapi_post: Response: 

HTTP/1.1 200 OK
Server: nginx
Content-Type: application/json
Content-Length: 92
X-Tt-Logid: 202501161124327484A9F14140A775BA8E
x-tt-trace-host: 018e5a586174a888928d793bdac74b79b519a86797e72c2eba011e03e23beee17da623e0f79e5d944edf03c3184791aca0b81db2ec4e896e0a7c39885405cb9af678225e8d1865f7d9dd111bac9a82d8d9a769f1811f0ba183751f1c5adb7298fb66fb598c017e50b27d879d68cf793aaa
x-tt-trace-id: 00-2501161124327484A9F14140A775BA8E-49372C3B7CACD26B-00
X-Origin-Response-Time: 27,23.218.219.32
X-Akamai-Request-ID: 4e010d.d724ce5
Expires: Thu, 16 Jan 2025 11:24:32 GMT
Cache-Control: max-age=0, no-cache, no-store
Pragma: no-cache
Date: Thu, 16 Jan 2025 11:24:32 GMT
X-Cache: TCP_MISS from a95-101-134-116.deploy.akamaitechnologies.com (AkamaiGHost/11.8.0-1debf780f7d7c834933fa9689361eec6) (-)
Connection: close
X-Cache-Remote: TCP_MISS from a23-218-219-32.deploy.akamaitechnologies.com (AkamaiGHost/11.8.0-1debf780f7d7c834933fa9689361eec6) (-)
x-tt-trace-tag: id=16;cdn-cache=miss;type=dyn
Server-Timing: cdn-cache; desc=MISS, edge; dur=80, origin; dur=27
Server-Timing: inner; dur=23
X-Parent-Response-Time: 107,95.101.134.116

{"code": 0, "message": "OK", "request_id": "202501161124327484A9F14140A775BA8E", "data": {}}
2025-01-16T11:24:32+00:00 DEBUG Tt4b_Pixel_Class::inject_view_content_event: hit ViewContent
2025-01-16T11:24:32+00:00 DEBUG POST: https://business-api.tiktok.com/open_api/v1.3/event/track/

{"partner_name":"WooCommerce","event_source":"web","event_source_id":"CSM79Q3C77UAG1T340I0","data":[{"event":"ViewContent","event_id":"6788ec703772f_tt4b_woocommerce_670666209cf1f_d-k-1","event_time":1737026672,"user":{"ip":"66.249.66.71","user_agent":"Mozilla\/5.0 (Linux; Android 6.0.1; Nexus 5X Build\/MMB29P) AppleWebKit\/537.36 (KHTML, like Gecko) Chrome\/131.0.6778.264 Mobile Safari\/537.36 (compatible; Googlebot\/2.1; +http:\/\/www.google.com\/bot.html)","locale":"ar","external_id":"0","email":"e3b0c44298fc1c149afbf4c8996fb92427ae41e4649b934ca495991b7852b855","phone_number":"e3b0c44298fc1c149afbf4c8996fb92427ae41e4649b934ca495991b7852b855","first_name":"e3b0c44298fc1c149afbf4c8996fb92427ae41e4649b934ca495991b7852b855","last_name":"e3b0c44298fc1c149afbf4c8996fb92427ae41e4649b934ca495991b7852b855","zip_code":"e3b0c44298fc1c149afbf4c8996fb92427ae41e4649b934ca495991b7852b855"},"properties":{"contents":[{"price":57,"quantity":1,"content_id":"d-k-1","content_name":"\u0637\u0628\u0627\u0639\u0629 \u0643\u0631\u0648\u062a \u0634\u062e\u0635\u064a\u0629 \u0639\u0627\u062f\u064a\u0629","description":"<ul>\r\n \t<li>\u0637\u0628\u0627\u0639\u0629 \u0643\u0631\u0648\u062a \u0639\u0644\u0649 \u0648\u0631\u0642 \u0643\u0648\u0634\u064a\u0647 350 \u062c\u0631\u0627\u0645 \u0645\u0639 \u0637\u0628\u0642\u0629 \u062d\u0645\u0627\u064a\u0629.<\/li>\r\n \t<li>\u0645\u0642\u0627\u0633 \u0627\u0644\u0643\u0631\u062a\u00a0 9\u00d75 \u0633\u0645, \u0627\u0642\u0644 \u0643\u0645\u064a\u0629 \u0644\u0644\u0637\u0644\u0628 100 \u0643\u0631\u062a.<\/li>\r\n \t<li>\u0645\u062f\u0629 \u0627\u0644\u062a\u0646\u0641\u064a\u0630 \u0627\u0644\u0645\u062a\u0648\u0642\u0639\u0629: 1 \u2013 3 \u0623\u064a\u0627\u0645 \u0639\u0645\u0644 \u0628\u0639\u062f \u062a\u0623\u0643\u064a\u062f \u0627\u0644\u0637\u0644\u0628 \u0648\u0627\u0644\u062a\u0635\u0645\u064a\u0645 \u0648\u062d\u0633\u0628 \u0627\u0644\u0643\u0645\u064a\u0629 (\u062a\u0632\u064a\u062f \u0627\u0644\u0645\u062f\u0629 \u0639\u0646\u062f \u0637\u0644\u0628 \u0627\u0644\u0634\u062d\u0646).<\/li>\r\n<\/ul>","availability":"IN_STOCK","sale_price":57,"on_sale":false}],"content_type":"product","currency":"SAR","value":57,"event_trigger_source":"WooCommerce"},"page":{"url":"http:\/\/ibn-sinaa.com\/product\/personal-cards\/"}}]}
 ajax: no
2025-01-16T11:24:32+00:00 DEBUG Tt4b_Mapi_Class::mapi_post: Response: 

HTTP/1.1 200 OK
Server: nginx
Content-Type: application/json
Content-Length: 92
X-Tt-Logid: 20250116112432637DCB4F2A2CA3F842E6
Server-Timing: inner; dur=26
x-tt-trace-host: 018e5a586174a888928d793bdac74b79b51a437ee89a1c03eb2011d034a2e3e9f5913989ca11c269af96d0fd13f4c1656aecf119d41545e8927da073d1ab302b0763801ba479709e152f5b4e746d212446c64ac2fc6a5c23cf308fc2fb28144443
x-tt-trace-id: 00-250116112432637DCB4F2A2CA3F842E6-628E25AA7B271D1D-00
Expires: Thu, 16 Jan 2025 11:24:32 GMT
Cache-Control: max-age=0, no-cache, no-store
Pragma: no-cache
Date: Thu, 16 Jan 2025 11:24:32 GMT
X-Cache: TCP_MISS from a95-101-134-92.deploy.akamaitechnologies.com (AkamaiGHost/11.8.0-1debf780f7d7c834933fa9689361eec6) (-)
Connection: close
x-tt-trace-tag: id=16;cdn-cache=miss;type=dyn
Server-Timing: cdn-cache; desc=MISS, edge; dur=0, origin; dur=106
X-Origin-Response-Time: 106,95.101.134.92
X-Akamai-Request-ID: cb3dc18

{"code": 0, "message": "OK", "request_id": "20250116112432637DCB4F2A2CA3F842E6", "data": {}}
2025-01-16T11:24:40+00:00 DEBUG POST: https://business-api.tiktok.com/open_api/v1.3/event/track/

{"partner_name":"WooCommerce","event_source":"web","event_source_id":"CSM79Q3C77UAG1T340I0","data":[{"event":"Pageview","event_id":"6788ec78804a5_tt4b_woocommerce_670666209cf1f","event_time":1737026680,"user":{"ip":"62.210.13.154","user_agent":"WP Rocket\/Preload","locale":"ar","external_id":"0","email":"e3b0c44298fc1c149afbf4c8996fb92427ae41e4649b934ca495991b7852b855","phone_number":"e3b0c44298fc1c149afbf4c8996fb92427ae41e4649b934ca495991b7852b855","first_name":"e3b0c44298fc1c149afbf4c8996fb92427ae41e4649b934ca495991b7852b855","last_name":"e3b0c44298fc1c149afbf4c8996fb92427ae41e4649b934ca495991b7852b855","zip_code":"e3b0c44298fc1c149afbf4c8996fb92427ae41e4649b934ca495991b7852b855"},"page":{"url":"http:\/\/ibn-sinaa.com\/product\/print-personal-cards-fingerprint\/"}}]}
 ajax: no
2025-01-16T11:24:40+00:00 DEBUG Tt4b_Mapi_Class::mapi_post: Response: 

HTTP/1.1 200 OK
Server: nginx
Content-Type: application/json
Content-Length: 92
X-Tt-Logid: 20250116112440767D4F446A4FFEB526D7
x-tt-trace-host: 018e5a586174a888928d793bdac74b79b519a86797e72c2eba011e03e23beee17dac01b1e4c73dd2c03628844cee9df9746f762a736336df249ddae47218d3f201cf3e4042e0b40f789e44570181940ec2f21b6c2be2e534c6568216d688f1dcd98123fdd1db15857c3abdf0c0a8077cbc
x-tt-trace-id: 00-250116112440767D4F446A4FFEB526D7-2CCA9FFC556185AB-00
X-Origin-Response-Time: 30,23.222.2.20
X-Akamai-Request-ID: 2ab9957c.d72f158
Expires: Thu, 16 Jan 2025 11:24:40 GMT
Cache-Control: max-age=0, no-cache, no-store
Pragma: no-cache
Date: Thu, 16 Jan 2025 11:24:40 GMT
X-Cache: TCP_MISS from a95-101-134-116.deploy.akamaitechnologies.com (AkamaiGHost/11.8.0-1debf780f7d7c834933fa9689361eec6) (-)
Connection: close
X-Cache-Remote: TCP_MISS from a23-222-2-20.deploy.akamaitechnologies.com (AkamaiGHost/11.8.0-1debf780f7d7c834933fa9689361eec6) (-)
x-tt-trace-tag: id=16;cdn-cache=miss;type=dyn
Server-Timing: cdn-cache; desc=MISS, edge; dur=82, origin; dur=30
Server-Timing: inner; dur=26
X-Parent-Response-Time: 112,95.101.134.116

{"code": 0, "message": "OK", "request_id": "20250116112440767D4F446A4FFEB526D7", "data": {}}
2025-01-16T11:24:40+00:00 DEBUG Tt4b_Pixel_Class::inject_view_content_event: hit ViewContent
2025-01-16T11:24:40+00:00 DEBUG POST: https://business-api.tiktok.com/open_api/v1.3/event/track/

{"partner_name":"WooCommerce","event_source":"web","event_source_id":"CSM79Q3C77UAG1T340I0","data":[{"event":"ViewContent","event_id":"6788ec78bceea_tt4b_woocommerce_670666209cf1f_SKU_203","event_time":1737026680,"user":{"ip":"62.210.13.154","user_agent":"WP Rocket\/Preload","locale":"ar","external_id":"0","email":"e3b0c44298fc1c149afbf4c8996fb92427ae41e4649b934ca495991b7852b855","phone_number":"e3b0c44298fc1c149afbf4c8996fb92427ae41e4649b934ca495991b7852b855","first_name":"e3b0c44298fc1c149afbf4c8996fb92427ae41e4649b934ca495991b7852b855","last_name":"e3b0c44298fc1c149afbf4c8996fb92427ae41e4649b934ca495991b7852b855","zip_code":"e3b0c44298fc1c149afbf4c8996fb92427ae41e4649b934ca495991b7852b855"},"properties":{"contents":[{"price":330,"quantity":1,"content_id":"SKU_203","content_name":"\u0637\u0628\u0627\u0639\u0629 \u0643\u0631\u0648\u062a \u0628\u0635\u0645\u0629","description":"\u0643\u0631\u0648\u062a \u0634\u062e\u0635\u064a\u0629 \u0645\u0639 \u0625\u0636\u0627\u0641\u0629 \u062a\u0623\u062b\u064a\u0631 \u0627\u0644\u0628\u0635\u0645\u0629.\r\n\u062a\u0646\u0641\u064a\u0630 \u0627\u0644\u0637\u0628\u0627\u0639\u0629 \u0639\u0644\u0649 \u0627\u0644\u0648\u062c\u0647\u064a\u0646 \u0648\u0631\u0642 \u0643\u0648\u0634\u064a\u0647 350 \u062c\u0631\u0627\u0645 \u0645\u0639 \u0637\u0628\u0642\u0629 \u0633\u0644\u0648\u0641\u0627\u0646 \u0648\u0642\u0635 \u062f\u0627\u0626\u0631\u064a \u0644\u0644\u0632\u0648\u0627\u064a\u0627.\r\n\u0645\u062f\u0629 \u0627\u0644\u062a\u0646\u0641\u064a\u0630 \u0627\u0644\u0645\u062a\u0648\u0642\u0639\u0629: \u0645\u0646 5 \u0625\u0644\u0649 7 \u0623\u064a\u0627\u0645 \u0639\u0645\u0644 \u0628\u0639\u062f \u0627\u0639\u062a\u0645\u0627\u062f \u0627\u0644\u062a\u0635\u0645\u064a\u0645 \u0648\u0627\u0644\u0637\u0644\u0628 \u062d\u0633\u0628 \u0627\u0644\u0643\u0645\u064a\u0629 (\u062a\u0632\u064a\u062f \u0627\u0644\u0645\u062f\u0629 \u0639\u0646\u062f \u0637\u0644\u0628 \u0627\u0644\u0634\u062d\u0646).","availability":"IN_STOCK","sale_price":330,"on_sale":false}],"content_type":"product","currency":"SAR","value":330,"event_trigger_source":"WooCommerce"},"page":{"url":"http:\/\/ibn-sinaa.com\/product\/print-personal-cards-fingerprint\/"}}]}
 ajax: no
2025-01-16T11:24:40+00:00 DEBUG Tt4b_Mapi_Class::mapi_post: Response: 

HTTP/1.1 200 OK
Server: nginx
Content-Type: application/json
Content-Length: 92
X-Tt-Logid: 2025011611244087A3D53DDC147C97D068
x-tt-trace-host: 018e5a586174a888928d793bdac74b79b56517d7628cf0ffdff56b078ad2cf5615a0262118aaddb1e0605213aaefdfb535027047baa19fadb6fdf752c8a496b002f91b08f45162e38053d836b2f67ff7e53eeeab9cda1bb31ab93eb26a33baeb23eb8f9db943cd391aa9f244a3fb3e6322
x-tt-trace-id: 00-25011611244087A3D53DDC147C97D068-515F1E1C36CA7A18-00
X-Origin-Response-Time: 28,23.32.17.20
X-Akamai-Request-ID: b145338.cb49555
Expires: Thu, 16 Jan 2025 11:24:40 GMT
Cache-Control: max-age=0, no-cache, no-store
Pragma: no-cache
Date: Thu, 16 Jan 2025 11:24:40 GMT
X-Cache: TCP_MISS from a95-101-134-92.deploy.akamaitechnologies.com (AkamaiGHost/11.8.0-1debf780f7d7c834933fa9689361eec6) (-)
Connection: close
X-Cache-Remote: TCP_MISS from a23-32-17-20.deploy.akamaitechnologies.com (AkamaiGHost/11.8.0-1debf780f7d7c834933fa9689361eec6) (-)
x-tt-trace-tag: id=16;cdn-cache=miss;type=dyn
Server-Timing: cdn-cache; desc=MISS, edge; dur=81, origin; dur=28
Server-Timing: inner; dur=24
X-Parent-Response-Time: 109,95.101.134.92

{"code": 0, "message": "OK", "request_id": "2025011611244087A3D53DDC147C97D068", "data": {}}
2025-01-16T11:25:07+00:00 DEBUG POST: https://business-api.tiktok.com/open_api/v1.3/event/track/

{"partner_name":"WooCommerce","event_source":"web","event_source_id":"CSM79Q3C77UAG1T340I0","data":[{"event":"Pageview","event_id":"6788ec939720f_tt4b_woocommerce_670666209cf1f","event_time":1737026707,"user":{"ip":"207.46.13.7","user_agent":"Mozilla\/5.0 AppleWebKit\/537.36 (KHTML, like Gecko; compatible; bingbot\/2.0; +http:\/\/www.bing.com\/bingbot.htm) Chrome\/116.0.1938.76 Safari\/537.36","locale":"ar","external_id":"0","email":"e3b0c44298fc1c149afbf4c8996fb92427ae41e4649b934ca495991b7852b855","phone_number":"e3b0c44298fc1c149afbf4c8996fb92427ae41e4649b934ca495991b7852b855","first_name":"e3b0c44298fc1c149afbf4c8996fb92427ae41e4649b934ca495991b7852b855","last_name":"e3b0c44298fc1c149afbf4c8996fb92427ae41e4649b934ca495991b7852b855","zip_code":"e3b0c44298fc1c149afbf4c8996fb92427ae41e4649b934ca495991b7852b855"},"page":{"url":"http:\/\/www.ibn-sinaa.com\/wp-content\/uploads\/2024\/11\/%D8%B8%D8%B1%D9%81-A5-C5-1024x1024.png\/"}}]}
 ajax: no
2025-01-16T11:25:07+00:00 DEBUG Tt4b_Mapi_Class::mapi_post: Response: 

HTTP/1.1 200 OK
Server: nginx
Content-Type: application/json
Content-Length: 92
X-Tt-Logid: 20250116112507EC006B868D3D217787C6
x-tt-trace-host: 018e5a586174a888928d793bdac74b79b519a86797e72c2eba011e03e23beee17d2c9a98442cf6a744f1a631ede186198b3d32b0ee7bfecd61191846a8ef9acc0ed2499e29a050eca669053a44915bee6019784be2086dfd6f0d3b6cae9a3158ca4f7c169bff0448343be28f343474da1b
x-tt-trace-id: 00-250116112507EC006B868D3D217787C6-56F45ACDA1C99D6F-00
X-Origin-Response-Time: 27,23.222.2.17
X-Akamai-Request-ID: ec9b05f.d751bbc
Expires: Thu, 16 Jan 2025 11:25:07 GMT
Cache-Control: max-age=0, no-cache, no-store
Pragma: no-cache
Date: Thu, 16 Jan 2025 11:25:07 GMT
X-Cache: TCP_MISS from a95-101-134-116.deploy.akamaitechnologies.com (AkamaiGHost/11.8.0-1debf780f7d7c834933fa9689361eec6) (-)
Connection: close
X-Cache-Remote: TCP_MISS from a23-222-2-17.deploy.akamaitechnologies.com (AkamaiGHost/11.8.0-1debf780f7d7c834933fa9689361eec6) (-)
x-tt-trace-tag: id=16;cdn-cache=miss;type=dyn
Server-Timing: cdn-cache; desc=MISS, edge; dur=87, origin; dur=27
Server-Timing: inner; dur=24
X-Parent-Response-Time: 113,95.101.134.116

{"code": 0, "message": "OK", "request_id": "20250116112507EC006B868D3D217787C6", "data": {}}
2025-01-16T11:25:47+00:00 DEBUG Tt4b_Pixel_Class::inject_add_to_cart_event: hit AddToCart
2025-01-16T11:25:47+00:00 DEBUG POST: https://business-api.tiktok.com/open_api/v1.3/event/track/

{"partner_name":"WooCommerce","event_source":"web","event_source_id":"CSM79Q3C77UAG1T340I0","data":[{"event":"AddToCart","event_id":"6788ecbb0436a_tt4b_woocommerce_670666209cf1f_SKU_198","event_time":1737026747,"user":{"ip":"54.36.149.36","user_agent":"Mozilla\/5.0 (compatible; AhrefsBot\/7.0; +http:\/\/ahrefs.com\/robot\/)","locale":"ar","external_id":"0","email":"e3b0c44298fc1c149afbf4c8996fb92427ae41e4649b934ca495991b7852b855","phone_number":"e3b0c44298fc1c149afbf4c8996fb92427ae41e4649b934ca495991b7852b855","first_name":"e3b0c44298fc1c149afbf4c8996fb92427ae41e4649b934ca495991b7852b855","last_name":"e3b0c44298fc1c149afbf4c8996fb92427ae41e4649b934ca495991b7852b855","zip_code":"e3b0c44298fc1c149afbf4c8996fb92427ae41e4649b934ca495991b7852b855"},"properties":{"contents":[{"price":0,"quantity":1,"content_id":"SKU_198","content_name":"\u0637\u0628\u0627\u0639\u0629 \u0628\u0631\u0634\u0648\u0631 \u0641\u0644\u0627\u064a\u0631 A4","description":"<ul>\r\n \t<li>\u0641\u0644\u0627\u064a\u0631 \u0645\u0642\u0627\u0633 A4 \u0637\u0628\u0627\u0639\u0629 \u0639\u0644\u0649 \u0648\u0631\u0642 \u0643\u0648\u0634\u064a\u0647 150 \u062c\u0631\u0627\u0645 \u0628\u062c\u0648\u062f\u0629 \u0639\u0627\u0644\u064a\u0629.<\/li>\r\n \t<li>\u0645\u062f\u0629 \u0627\u0644\u062a\u0646\u0641\u064a\u0630 \u0627\u0644\u0645\u062a\u0648\u0642\u0639\u0629: 1 \u2013 3 \u0623\u064a\u0627\u0645 \u0639\u0645\u0644 \u0628\u0639\u062f \u062a\u0623\u0643\u064a\u062f \u0627\u0644\u0637\u0644\u0628 \u0648\u0627\u0644\u062a\u0635\u0645\u064a\u0645 \u0648\u062d\u0633\u0628 \u0627\u0644\u0643\u0645\u064a\u0629 (\u062a\u0632\u064a\u062f \u0627\u0644\u0645\u062f\u0629 \u0639\u0646\u062f \u0637\u0644\u0628 \u0627\u0644\u0634\u062d\u0646).<\/li>\r\n<\/ul>","availability":"IN_STOCK","sale_price":0,"on_sale":false}],"content_type":"product","currency":"SAR","value":0,"event_trigger_source":"WooCommerce"},"page":{"url":"http:\/\/mail.ibn-sinaa.com\/product-category\/digital-printing\/brochures\/?add-to-cart=198"}}]}
 ajax: no
2025-01-16T11:25:47+00:00 DEBUG Tt4b_Mapi_Class::mapi_post: Response: 

HTTP/1.1 200 OK
Server: nginx
Content-Type: application/json
Content-Length: 92
X-Tt-Logid: 202501161125470B3688CEA036F25F1DD8
x-tt-trace-host: 018e5a586174a888928d793bdac74b79b519a86797e72c2eba011e03e23beee17d4a5c41ced4e556e7050338e12ec1a44e0d7ecd8ccb07b0d1f3de6e21da77a532a20bd6dc7947f93c56d1255ad4fcbeaa0514492d3b98bc9bd782e61956a7a168d1f294f3aa78b7b0a93cba74b27b6984
x-tt-trace-id: 00-2501161125470B3688CEA036F25F1DD8-7AFB1526378756B8-00
X-Origin-Response-Time: 40,23.218.219.54
X-Akamai-Request-ID: 9bd7c.d780689
Expires: Thu, 16 Jan 2025 11:25:47 GMT
Cache-Control: max-age=0, no-cache, no-store
Pragma: no-cache
Date: Thu, 16 Jan 2025 11:25:47 GMT
X-Cache: TCP_MISS from a95-101-134-116.deploy.akamaitechnologies.com (AkamaiGHost/11.8.0-1debf780f7d7c834933fa9689361eec6) (-)
Connection: close
X-Cache-Remote: TCP_MISS from a23-218-219-54.deploy.akamaitechnologies.com (AkamaiGHost/11.8.0-1debf780f7d7c834933fa9689361eec6) (-)
x-tt-trace-tag: id=16;cdn-cache=miss;type=dyn
Server-Timing: cdn-cache; desc=MISS, edge; dur=80, origin; dur=40
Server-Timing: inner; dur=35
X-Parent-Response-Time: 120,95.101.134.116

{"code": 0, "message": "OK", "request_id": "202501161125470B3688CEA036F25F1DD8", "data": {}}
2025-01-16T11:25:47+00:00 DEBUG POST: https://business-api.tiktok.com/open_api/v1.3/event/track/

{"partner_name":"WooCommerce","event_source":"web","event_source_id":"CSM79Q3C77UAG1T340I0","data":[{"event":"Pageview","event_id":"6788ecbb8ab4d_tt4b_woocommerce_670666209cf1f","event_time":1737026747,"user":{"ip":"54.36.149.36","user_agent":"Mozilla\/5.0 (compatible; AhrefsBot\/7.0; +http:\/\/ahrefs.com\/robot\/)","locale":"ar","external_id":"0","email":"e3b0c44298fc1c149afbf4c8996fb92427ae41e4649b934ca495991b7852b855","phone_number":"e3b0c44298fc1c149afbf4c8996fb92427ae41e4649b934ca495991b7852b855","first_name":"e3b0c44298fc1c149afbf4c8996fb92427ae41e4649b934ca495991b7852b855","last_name":"e3b0c44298fc1c149afbf4c8996fb92427ae41e4649b934ca495991b7852b855","zip_code":"e3b0c44298fc1c149afbf4c8996fb92427ae41e4649b934ca495991b7852b855"},"page":{"url":"http:\/\/mail.ibn-sinaa.com\/product-category\/digital-printing\/brochures\/?add-to-cart=198"}}]}
 ajax: no
2025-01-16T11:25:47+00:00 DEBUG Tt4b_Mapi_Class::mapi_post: Response: 

HTTP/1.1 200 OK
Server: nginx
Content-Type: application/json
Content-Length: 92
X-Tt-Logid: 20250116112547D2E3CBFA65357D5C5DAD
x-tt-trace-host: 018e5a586174a888928d793bdac74b79b56517d7628cf0ffdff56b078ad2cf561536548b824deee1b24ae59f2d8f348a9086a34090dbf0457bea46b20d8569bf7dcec02ae2997eed980e50667497ab5170511714ec87cea3d13c0ddff0d4346ee76c05ead065c0c041f6caec061d0c5af6
x-tt-trace-id: 00-250116112547D2E3CBFA65357D5C5DAD-5764D983409F3681-00
X-Origin-Response-Time: 28,23.32.17.17
X-Akamai-Request-ID: e8338e.cb9f6f9
Expires: Thu, 16 Jan 2025 11:25:47 GMT
Cache-Control: max-age=0, no-cache, no-store
Pragma: no-cache
Date: Thu, 16 Jan 2025 11:25:47 GMT
X-Cache: TCP_MISS from a95-101-134-92.deploy.akamaitechnologies.com (AkamaiGHost/11.8.0-1debf780f7d7c834933fa9689361eec6) (-)
Connection: close
X-Cache-Remote: TCP_MISS from a23-32-17-17.deploy.akamaitechnologies.com (AkamaiGHost/11.8.0-1debf780f7d7c834933fa9689361eec6) (-)
x-tt-trace-tag: id=16;cdn-cache=miss;type=dyn
Server-Timing: cdn-cache; desc=MISS, edge; dur=81, origin; dur=28
Server-Timing: inner; dur=22
X-Parent-Response-Time: 109,95.101.134.92

{"code": 0, "message": "OK", "request_id": "20250116112547D2E3CBFA65357D5C5DAD", "data": {}}
2025-01-16T11:25:52+00:00 DEBUG POST: https://business-api.tiktok.com/open_api/v1.3/event/track/

{"partner_name":"WooCommerce","event_source":"web","event_source_id":"CSM79Q3C77UAG1T340I0","data":[{"event":"Pageview","event_id":"6788ecc0e7e4f_tt4b_woocommerce_670666209cf1f","event_time":1737026752,"user":{"ip":"62.210.13.154","user_agent":"WP Rocket\/Preload","locale":"ar","external_id":"0","email":"e3b0c44298fc1c149afbf4c8996fb92427ae41e4649b934ca495991b7852b855","phone_number":"e3b0c44298fc1c149afbf4c8996fb92427ae41e4649b934ca495991b7852b855","first_name":"e3b0c44298fc1c149afbf4c8996fb92427ae41e4649b934ca495991b7852b855","last_name":"e3b0c44298fc1c149afbf4c8996fb92427ae41e4649b934ca495991b7852b855","zip_code":"e3b0c44298fc1c149afbf4c8996fb92427ae41e4649b934ca495991b7852b855"},"page":{"url":"http:\/\/ibn-sinaa.com\/occasion-printing\/"}}]}
 ajax: no
2025-01-16T11:25:53+00:00 DEBUG Tt4b_Mapi_Class::mapi_post: Response: 

HTTP/1.1 200 OK
Server: nginx
Content-Type: application/json
Content-Length: 92
X-Tt-Logid: 20250116112553F1F02E6A206C387D9572
x-tt-trace-host: 018e5a586174a888928d793bdac74b79b56517d7628cf0ffdff56b078ad2cf56154c2b3a5442da9b805971ab070c9aa4d04310ac4efe14961f96cee48f4ce4c6364978550348fdbee924f17e0f76f4d1723b3d9db3992a76d5a636839b852b8b8b9a1beb66cbb455bf8364657666d836c5
x-tt-trace-id: 00-250116112553F1F02E6A206C387D9572-5DBDB3CF66B1B387-00
X-Origin-Response-Time: 40,23.222.2.25
X-Akamai-Request-ID: 2350c9eb.cba6591
Expires: Thu, 16 Jan 2025 11:25:53 GMT
Cache-Control: max-age=0, no-cache, no-store
Pragma: no-cache
Date: Thu, 16 Jan 2025 11:25:53 GMT
X-Cache: TCP_MISS from a95-101-134-92.deploy.akamaitechnologies.com (AkamaiGHost/11.8.0-1debf780f7d7c834933fa9689361eec6) (-)
Connection: close
X-Cache-Remote: TCP_MISS from a23-222-2-25.deploy.akamaitechnologies.com (AkamaiGHost/11.8.0-1debf780f7d7c834933fa9689361eec6) (-)
x-tt-trace-tag: id=16;cdn-cache=miss;type=dyn
Server-Timing: cdn-cache; desc=MISS, edge; dur=81, origin; dur=40
Server-Timing: inner; dur=36
X-Parent-Response-Time: 121,95.101.134.92

{"code": 0, "message": "OK", "request_id": "20250116112553F1F02E6A206C387D9572", "data": {}}
2025-01-16T11:25:57+00:00 DEBUG POST: https://business-api.tiktok.com/open_api/v1.3/event/track/

{"partner_name":"WooCommerce","event_source":"web","event_source_id":"CSM79Q3C77UAG1T340I0","data":[{"event":"Pageview","event_id":"6788ecc5e649d_tt4b_woocommerce_670666209cf1f","event_time":1737026757,"user":{"ip":"62.210.13.154","user_agent":"WP Rocket\/Preload","locale":"ar","external_id":"0","email":"e3b0c44298fc1c149afbf4c8996fb92427ae41e4649b934ca495991b7852b855","phone_number":"e3b0c44298fc1c149afbf4c8996fb92427ae41e4649b934ca495991b7852b855","first_name":"e3b0c44298fc1c149afbf4c8996fb92427ae41e4649b934ca495991b7852b855","last_name":"e3b0c44298fc1c149afbf4c8996fb92427ae41e4649b934ca495991b7852b855","zip_code":"e3b0c44298fc1c149afbf4c8996fb92427ae41e4649b934ca495991b7852b855"},"page":{"url":"http:\/\/ibn-sinaa.com\/types-of-personal-cards\/"}}]}
 ajax: no
2025-01-16T11:25:58+00:00 DEBUG Tt4b_Mapi_Class::mapi_post: Response: 

HTTP/1.1 200 OK
Server: nginx
Content-Type: application/json
Content-Length: 92
X-Tt-Logid: 202501161125587A9D21A765271856ABA7
Server-Timing: inner; dur=28
x-tt-trace-host: 018e5a586174a888928d793bdac74b79b520593bf434961dbceff88e4b17f9a156ffd02928d8fc895d224fac04b5a07ff7e90a6d7a8ee17b4e85868cf99ea62ceda40a8a53d2433d7d9b2f85052ed07eb3879d777a8385f6d6bd0c4f2692ad32b8
x-tt-trace-id: 00-2501161125587A9D21A765271856ABA7-042EBB6360ACE20B-00
Expires: Thu, 16 Jan 2025 11:25:58 GMT
Cache-Control: max-age=0, no-cache, no-store
Pragma: no-cache
Date: Thu, 16 Jan 2025 11:25:58 GMT
X-Cache: TCP_MISS from a95-101-134-116.deploy.akamaitechnologies.com (AkamaiGHost/11.8.0-1debf780f7d7c834933fa9689361eec6) (-)
Connection: close
x-tt-trace-tag: id=16;cdn-cache=miss;type=dyn
Server-Timing: cdn-cache; desc=MISS, edge; dur=1, origin; dur=107
X-Origin-Response-Time: 107,95.101.134.116
X-Akamai-Request-ID: d78e374

{"code": 0, "message": "OK", "request_id": "202501161125587A9D21A765271856ABA7", "data": {}}
2025-01-16T11:26:00+00:00 DEBUG POST: https://business-api.tiktok.com/open_api/v1.3/event/track/

{"partner_name":"WooCommerce","event_source":"web","event_source_id":"CSM79Q3C77UAG1T340I0","data":[{"event":"Pageview","event_id":"6788ecc81c4c0_tt4b_woocommerce_670666209cf1f","event_time":1737026760,"user":{"ip":"62.210.13.154","user_agent":"WP Rocket\/Preload","locale":"ar","external_id":"0","email":"e3b0c44298fc1c149afbf4c8996fb92427ae41e4649b934ca495991b7852b855","phone_number":"e3b0c44298fc1c149afbf4c8996fb92427ae41e4649b934ca495991b7852b855","first_name":"e3b0c44298fc1c149afbf4c8996fb92427ae41e4649b934ca495991b7852b855","last_name":"e3b0c44298fc1c149afbf4c8996fb92427ae41e4649b934ca495991b7852b855","zip_code":"e3b0c44298fc1c149afbf4c8996fb92427ae41e4649b934ca495991b7852b855"},"page":{"url":"http:\/\/ibn-sinaa.com\/my-account\/"}}]}
 ajax: no
2025-01-16T11:26:00+00:00 DEBUG Tt4b_Mapi_Class::mapi_post: Response: 

HTTP/1.1 200 OK
Server: nginx
Content-Type: application/json
Content-Length: 92
X-Tt-Logid: 20250116112600174A4EA9F0053A92FEAB
Server-Timing: inner; dur=22
x-tt-trace-host: 018e5a586174a888928d793bdac74b79b51a437ee89a1c03eb2011d034a2e3e9f54f4d80c6ec364cd4ed42d3134aa5df39bdc08c999a3c7cd089ab406326d608001f3e6728da44eb9f3655517dca4d9e9ba77b5a1aee3fc0e06fbd04b5a280448e
x-tt-trace-id: 00-250116112600174A4EA9F0053A92FEAB-1C5B64EE689A6F9F-00
Expires: Thu, 16 Jan 2025 11:26:00 GMT
Cache-Control: max-age=0, no-cache, no-store
Pragma: no-cache
Date: Thu, 16 Jan 2025 11:26:00 GMT
X-Cache: TCP_MISS from a95-101-134-92.deploy.akamaitechnologies.com (AkamaiGHost/11.8.0-1debf780f7d7c834933fa9689361eec6) (-)
Connection: close
x-tt-trace-tag: id=16;cdn-cache=miss;type=dyn
Server-Timing: cdn-cache; desc=MISS, edge; dur=0, origin; dur=105
X-Origin-Response-Time: 105,95.101.134.92
X-Akamai-Request-ID: cbaf717

{"code": 0, "message": "OK", "request_id": "20250116112600174A4EA9F0053A92FEAB", "data": {}}
2025-01-16T11:26:02+00:00 DEBUG POST: https://business-api.tiktok.com/open_api/v1.3/event/track/

{"partner_name":"WooCommerce","event_source":"web","event_source_id":"CSM79Q3C77UAG1T340I0","data":[{"event":"Pageview","event_id":"6788ecca2c0f6_tt4b_woocommerce_670666209cf1f","event_time":1737026762,"user":{"ip":"62.210.13.154","user_agent":"WP Rocket\/Preload","locale":"ar","external_id":"0","email":"e3b0c44298fc1c149afbf4c8996fb92427ae41e4649b934ca495991b7852b855","phone_number":"e3b0c44298fc1c149afbf4c8996fb92427ae41e4649b934ca495991b7852b855","first_name":"e3b0c44298fc1c149afbf4c8996fb92427ae41e4649b934ca495991b7852b855","last_name":"e3b0c44298fc1c149afbf4c8996fb92427ae41e4649b934ca495991b7852b855","zip_code":"e3b0c44298fc1c149afbf4c8996fb92427ae41e4649b934ca495991b7852b855"},"page":{"url":"http:\/\/ibn-sinaa.com\/wishlist\/"}}]}
 ajax: no
2025-01-16T11:26:02+00:00 DEBUG Tt4b_Mapi_Class::mapi_post: Response: 

HTTP/1.1 200 OK
Server: nginx
Content-Type: application/json
Content-Length: 92
X-Tt-Logid: 20250116112602E7FC51B361CDAC564BDD
Server-Timing: inner; dur=26
x-tt-trace-host: 018e5a586174a888928d793bdac74b79b51a437ee89a1c03eb2011d034a2e3e9f514fdfb33acdfc246815e219bd5c96f1257e5d2e65ac6e41105bad752bc7a60b5e3e944905d451861d8dba68e0219e3f06ce3c8cdf8f1d45db0dbfc55fa6ca66e
x-tt-trace-id: 00-250116112602E7FC51B361CDAC564BDD-59C750BB78D3E2E5-00
Expires: Thu, 16 Jan 2025 11:26:02 GMT
Cache-Control: max-age=0, no-cache, no-store
Pragma: no-cache
Date: Thu, 16 Jan 2025 11:26:02 GMT
X-Cache: TCP_MISS from a95-101-134-92.deploy.akamaitechnologies.com (AkamaiGHost/11.8.0-1debf780f7d7c834933fa9689361eec6) (-)
Connection: close
x-tt-trace-tag: id=16;cdn-cache=miss;type=dyn
Server-Timing: cdn-cache; desc=MISS, edge; dur=0, origin; dur=108
X-Origin-Response-Time: 108,95.101.134.92
X-Akamai-Request-ID: cbb224e

{"code": 0, "message": "OK", "request_id": "20250116112602E7FC51B361CDAC564BDD", "data": {}}
2025-01-16T11:26:03+00:00 DEBUG POST: https://business-api.tiktok.com/open_api/v1.3/event/track/

{"partner_name":"WooCommerce","event_source":"web","event_source_id":"CSM79Q3C77UAG1T340I0","data":[{"event":"Pageview","event_id":"6788eccbc3e21_tt4b_woocommerce_670666209cf1f","event_time":1737026763,"user":{"ip":"62.210.13.154","user_agent":"WP Rocket\/Preload","locale":"ar","external_id":"0","email":"e3b0c44298fc1c149afbf4c8996fb92427ae41e4649b934ca495991b7852b855","phone_number":"e3b0c44298fc1c149afbf4c8996fb92427ae41e4649b934ca495991b7852b855","first_name":"e3b0c44298fc1c149afbf4c8996fb92427ae41e4649b934ca495991b7852b855","last_name":"e3b0c44298fc1c149afbf4c8996fb92427ae41e4649b934ca495991b7852b855","zip_code":"e3b0c44298fc1c149afbf4c8996fb92427ae41e4649b934ca495991b7852b855"},"page":{"url":"http:\/\/ibn-sinaa.com\/mega-menu-category\/"}}]}
 ajax: no
2025-01-16T11:26:04+00:00 DEBUG Tt4b_Mapi_Class::mapi_post: Response: 

HTTP/1.1 200 OK
Server: nginx
Content-Type: application/json
Content-Length: 92
X-Tt-Logid: 20250116112603B5A343BEF8D014513453
Server-Timing: inner; dur=24
x-tt-trace-host: 018e5a586174a888928d793bdac74b79b51a437ee89a1c03eb2011d034a2e3e9f5cc1099ea09b3e81133850cf305bff6e12810959a06583834d02a9125efecc0486f69bc61f156a979558b52a205c99ad3b2165f3c0b222bb436e9208df441446e
x-tt-trace-id: 00-250116112603B5A343BEF8D014513453-5B984A6981313142-00
Expires: Thu, 16 Jan 2025 11:26:03 GMT
Cache-Control: max-age=0, no-cache, no-store
Pragma: no-cache
Date: Thu, 16 Jan 2025 11:26:03 GMT
X-Cache: TCP_MISS from a95-101-134-92.deploy.akamaitechnologies.com (AkamaiGHost/11.8.0-1debf780f7d7c834933fa9689361eec6) (-)
Connection: close
x-tt-trace-tag: id=16;cdn-cache=miss;type=dyn
Server-Timing: cdn-cache; desc=MISS, edge; dur=2, origin; dur=112
X-Origin-Response-Time: 112,95.101.134.92
X-Akamai-Request-ID: cbb41d8

{"code": 0, "message": "OK", "request_id": "20250116112603B5A343BEF8D014513453", "data": {}}
2025-01-16T11:26:05+00:00 DEBUG POST: https://business-api.tiktok.com/open_api/v1.3/event/track/

{"partner_name":"WooCommerce","event_source":"web","event_source_id":"CSM79Q3C77UAG1T340I0","data":[{"event":"Pageview","event_id":"6788eccd4299f_tt4b_woocommerce_670666209cf1f","event_time":1737026765,"user":{"ip":"62.210.13.154","user_agent":"WP Rocket\/Preload","locale":"ar","external_id":"0","email":"e3b0c44298fc1c149afbf4c8996fb92427ae41e4649b934ca495991b7852b855","phone_number":"e3b0c44298fc1c149afbf4c8996fb92427ae41e4649b934ca495991b7852b855","first_name":"e3b0c44298fc1c149afbf4c8996fb92427ae41e4649b934ca495991b7852b855","last_name":"e3b0c44298fc1c149afbf4c8996fb92427ae41e4649b934ca495991b7852b855","zip_code":"e3b0c44298fc1c149afbf4c8996fb92427ae41e4649b934ca495991b7852b855"},"page":{"url":"http:\/\/ibn-sinaa.com\/footer-newsletter\/"}}]}
 ajax: no
2025-01-16T11:26:05+00:00 DEBUG Tt4b_Mapi_Class::mapi_post: Response: 

HTTP/1.1 200 OK
Server: nginx
Content-Type: application/json
Content-Length: 92
X-Tt-Logid: 20250116112605F326A95849CAD6B1AC8F
x-tt-trace-host: 018e5a586174a888928d793bdac74b79b519a86797e72c2eba011e03e23beee17dac01b1e4c73dd2c03628844cee9df9744f917122f0cb57b93ec1b51da69832abfc70e693ad86090c2b788fe4cd8884585199e9ded9005535e092d292143459ecc764a3da236e19d44a6f302cfebf6570
x-tt-trace-id: 00-250116112605F326A95849CAD6B1AC8F-6AA7319F83864E8C-00
X-Origin-Response-Time: 36,23.222.2.20
X-Akamai-Request-ID: 2ac474fa.d796dec
Expires: Thu, 16 Jan 2025 11:26:05 GMT
Cache-Control: max-age=0, no-cache, no-store
Pragma: no-cache
Date: Thu, 16 Jan 2025 11:26:05 GMT
X-Cache: TCP_MISS from a95-101-134-116.deploy.akamaitechnologies.com (AkamaiGHost/11.8.0-1debf780f7d7c834933fa9689361eec6) (-)
Connection: close
X-Cache-Remote: TCP_MISS from a23-222-2-20.deploy.akamaitechnologies.com (AkamaiGHost/11.8.0-1debf780f7d7c834933fa9689361eec6) (-)
x-tt-trace-tag: id=16;cdn-cache=miss;type=dyn
Server-Timing: cdn-cache; desc=MISS, edge; dur=87, origin; dur=35
Server-Timing: inner; dur=32
X-Parent-Response-Time: 122,95.101.134.116

{"code": 0, "message": "OK", "request_id": "20250116112605F326A95849CAD6B1AC8F", "data": {}}
2025-01-16T11:26:07+00:00 DEBUG POST: https://business-api.tiktok.com/open_api/v1.3/event/track/

{"partner_name":"WooCommerce","event_source":"web","event_source_id":"CSM79Q3C77UAG1T340I0","data":[{"event":"Pageview","event_id":"6788eccf4b3bb_tt4b_woocommerce_670666209cf1f","event_time":1737026767,"user":{"ip":"62.210.13.154","user_agent":"WP Rocket\/Preload","locale":"ar","external_id":"0","email":"e3b0c44298fc1c149afbf4c8996fb92427ae41e4649b934ca495991b7852b855","phone_number":"e3b0c44298fc1c149afbf4c8996fb92427ae41e4649b934ca495991b7852b855","first_name":"e3b0c44298fc1c149afbf4c8996fb92427ae41e4649b934ca495991b7852b855","last_name":"e3b0c44298fc1c149afbf4c8996fb92427ae41e4649b934ca495991b7852b855","zip_code":"e3b0c44298fc1c149afbf4c8996fb92427ae41e4649b934ca495991b7852b855"},"page":{"url":"http:\/\/ibn-sinaa.com\/products-compare\/"}}]}
 ajax: no
2025-01-16T11:26:07+00:00 DEBUG Tt4b_Mapi_Class::mapi_post: Response: 

HTTP/1.1 200 OK
Server: nginx
Content-Type: application/json
Content-Length: 92
X-Tt-Logid: 20250116112607E7FC51B361CDAC564D3B
Server-Timing: inner; dur=33
x-tt-trace-host: 018e5a586174a888928d793bdac74b79b51a437ee89a1c03eb2011d034a2e3e9f514fdfb33acdfc246815e219bd5c96f12356bf46ab3bbd540ff3bc90c7ee07845a3a672b7bb3be7035dfe0c577277999f103717af70c4a9d59351896331642992
x-tt-trace-id: 00-250116112607E7FC51B361CDAC564D3B-5221A088941E6151-00
Expires: Thu, 16 Jan 2025 11:26:07 GMT
Cache-Control: max-age=0, no-cache, no-store
Pragma: no-cache
Date: Thu, 16 Jan 2025 11:26:07 GMT
X-Cache: TCP_MISS from a95-101-134-92.deploy.akamaitechnologies.com (AkamaiGHost/11.8.0-1debf780f7d7c834933fa9689361eec6) (-)
Connection: close
x-tt-trace-tag: id=16;cdn-cache=miss;type=dyn
Server-Timing: cdn-cache; desc=MISS, edge; dur=0, origin; dur=112
X-Origin-Response-Time: 112,95.101.134.92
X-Akamai-Request-ID: cbb8a3b

{"code": 0, "message": "OK", "request_id": "20250116112607E7FC51B361CDAC564D3B", "data": {}}
2025-01-16T11:26:08+00:00 DEBUG POST: https://business-api.tiktok.com/open_api/v1.3/event/track/

{"partner_name":"WooCommerce","event_source":"web","event_source_id":"CSM79Q3C77UAG1T340I0","data":[{"event":"Pageview","event_id":"6788ecd088f0b_tt4b_woocommerce_670666209cf1f","event_time":1737026768,"user":{"ip":"62.210.13.154","user_agent":"WP Rocket\/Preload","locale":"ar","external_id":"0","email":"e3b0c44298fc1c149afbf4c8996fb92427ae41e4649b934ca495991b7852b855","phone_number":"e3b0c44298fc1c149afbf4c8996fb92427ae41e4649b934ca495991b7852b855","first_name":"e3b0c44298fc1c149afbf4c8996fb92427ae41e4649b934ca495991b7852b855","last_name":"e3b0c44298fc1c149afbf4c8996fb92427ae41e4649b934ca495991b7852b855","zip_code":"e3b0c44298fc1c149afbf4c8996fb92427ae41e4649b934ca495991b7852b855"},"page":{"url":"http:\/\/www.ibn-sinaa.com\/product\/print-personal-cards-fingerprint\/"}}]}
 ajax: no
2025-01-16T11:26:08+00:00 DEBUG Tt4b_Mapi_Class::mapi_post: Response: 

HTTP/1.1 200 OK
Server: nginx
Content-Type: application/json
Content-Length: 92
X-Tt-Logid: 20250116112608E7FC51B361CDAC564D8F
Server-Timing: inner; dur=29
x-tt-trace-host: 018e5a586174a888928d793bdac74b79b51a437ee89a1c03eb2011d034a2e3e9f514fdfb33acdfc246815e219bd5c96f126c3e14cd0038cbabe0e925cecb79d9ecd4c70f25761d58090875fc718723871ac7e9f1072a7d4cbeb98a118c724f87b7
x-tt-trace-id: 00-250116112608E7FC51B361CDAC564D8F-244F48E74ECE93E9-00
Expires: Thu, 16 Jan 2025 11:26:08 GMT
Cache-Control: max-age=0, no-cache, no-store
Pragma: no-cache
Date: Thu, 16 Jan 2025 11:26:08 GMT
X-Cache: TCP_MISS from a95-101-134-92.deploy.akamaitechnologies.com (AkamaiGHost/11.8.0-1debf780f7d7c834933fa9689361eec6) (-)
Connection: close
x-tt-trace-tag: id=16;cdn-cache=miss;type=dyn
Server-Timing: cdn-cache; desc=MISS, edge; dur=0, origin; dur=109
X-Origin-Response-Time: 109,95.101.134.92
X-Akamai-Request-ID: cbba4fa

{"code": 0, "message": "OK", "request_id": "20250116112608E7FC51B361CDAC564D8F", "data": {}}
2025-01-16T11:26:08+00:00 DEBUG Tt4b_Pixel_Class::inject_view_content_event: hit ViewContent
2025-01-16T11:26:08+00:00 DEBUG POST: https://business-api.tiktok.com/open_api/v1.3/event/track/

{"partner_name":"WooCommerce","event_source":"web","event_source_id":"CSM79Q3C77UAG1T340I0","data":[{"event":"ViewContent","event_id":"6788ecd0d8e1e_tt4b_woocommerce_670666209cf1f_SKU_203","event_time":1737026768,"user":{"ip":"62.210.13.154","user_agent":"WP Rocket\/Preload","locale":"ar","external_id":"0","email":"e3b0c44298fc1c149afbf4c8996fb92427ae41e4649b934ca495991b7852b855","phone_number":"e3b0c44298fc1c149afbf4c8996fb92427ae41e4649b934ca495991b7852b855","first_name":"e3b0c44298fc1c149afbf4c8996fb92427ae41e4649b934ca495991b7852b855","last_name":"e3b0c44298fc1c149afbf4c8996fb92427ae41e4649b934ca495991b7852b855","zip_code":"e3b0c44298fc1c149afbf4c8996fb92427ae41e4649b934ca495991b7852b855"},"properties":{"contents":[{"price":330,"quantity":1,"content_id":"SKU_203","content_name":"\u0637\u0628\u0627\u0639\u0629 \u0643\u0631\u0648\u062a \u0628\u0635\u0645\u0629","description":"\u0643\u0631\u0648\u062a \u0634\u062e\u0635\u064a\u0629 \u0645\u0639 \u0625\u0636\u0627\u0641\u0629 \u062a\u0623\u062b\u064a\u0631 \u0627\u0644\u0628\u0635\u0645\u0629.\r\n\u062a\u0646\u0641\u064a\u0630 \u0627\u0644\u0637\u0628\u0627\u0639\u0629 \u0639\u0644\u0649 \u0627\u0644\u0648\u062c\u0647\u064a\u0646 \u0648\u0631\u0642 \u0643\u0648\u0634\u064a\u0647 350 \u062c\u0631\u0627\u0645 \u0645\u0639 \u0637\u0628\u0642\u0629 \u0633\u0644\u0648\u0641\u0627\u0646 \u0648\u0642\u0635 \u062f\u0627\u0626\u0631\u064a \u0644\u0644\u0632\u0648\u0627\u064a\u0627.\r\n\u0645\u062f\u0629 \u0627\u0644\u062a\u0646\u0641\u064a\u0630 \u0627\u0644\u0645\u062a\u0648\u0642\u0639\u0629: \u0645\u0646 5 \u0625\u0644\u0649 7 \u0623\u064a\u0627\u0645 \u0639\u0645\u0644 \u0628\u0639\u062f \u0627\u0639\u062a\u0645\u0627\u062f \u0627\u0644\u062a\u0635\u0645\u064a\u0645 \u0648\u0627\u0644\u0637\u0644\u0628 \u062d\u0633\u0628 \u0627\u0644\u0643\u0645\u064a\u0629 (\u062a\u0632\u064a\u062f \u0627\u0644\u0645\u062f\u0629 \u0639\u0646\u062f \u0637\u0644\u0628 \u0627\u0644\u0634\u062d\u0646).","availability":"IN_STOCK","sale_price":330,"on_sale":false}],"content_type":"product","currency":"SAR","value":330,"event_trigger_source":"WooCommerce"},"page":{"url":"http:\/\/www.ibn-sinaa.com\/product\/print-personal-cards-fingerprint\/"}}]}
 ajax: no
2025-01-16T11:26:09+00:00 DEBUG Tt4b_Mapi_Class::mapi_post: Response: 

HTTP/1.1 200 OK
Server: nginx
Content-Type: application/json
Content-Length: 92
X-Tt-Logid: 20250116112609F1B39D509C595D75EC96
x-tt-trace-host: 018e5a586174a888928d793bdac74b79b519a86797e72c2eba011e03e23beee17dd6cb64ce6b500f367869ad5dd7eea091d2e85865f562f7a5b2e13c2c2ed68b142275b60711d2802700289f1414b69ba65c546ec8e0137a9cd435c5f1637d8a8eba5d0d94065f1d37c647dc659c5229f6
x-tt-trace-id: 00-250116112609F1B39D509C595D75EC96-4C370B2D6113CC19-00
X-Origin-Response-Time: 35,23.207.199.46
X-Akamai-Request-ID: 2494a875.d79b238
Expires: Thu, 16 Jan 2025 11:26:09 GMT
Cache-Control: max-age=0, no-cache, no-store
Pragma: no-cache
Date: Thu, 16 Jan 2025 11:26:09 GMT
X-Cache: TCP_MISS from a95-101-134-116.deploy.akamaitechnologies.com (AkamaiGHost/11.8.0-1debf780f7d7c834933fa9689361eec6) (-)
Connection: close
X-Cache-Remote: TCP_MISS from a23-207-199-46.deploy.akamaitechnologies.com (AkamaiGHost/11.8.0-1debf780f7d7c834933fa9689361eec6) (-)
x-tt-trace-tag: id=16;cdn-cache=miss;type=dyn
Server-Timing: cdn-cache; desc=MISS, edge; dur=80, origin; dur=35
Server-Timing: inner; dur=31
X-Parent-Response-Time: 114,95.101.134.116

{"code": 0, "message": "OK", "request_id": "20250116112609F1B39D509C595D75EC96", "data": {}}
2025-01-16T11:26:10+00:00 DEBUG POST: https://business-api.tiktok.com/open_api/v1.3/event/track/

{"partner_name":"WooCommerce","event_source":"web","event_source_id":"CSM79Q3C77UAG1T340I0","data":[{"event":"Pageview","event_id":"6788ecd2a695a_tt4b_woocommerce_670666209cf1f","event_time":1737026770,"user":{"ip":"62.210.13.154","user_agent":"WP Rocket\/Preload","locale":"ar","external_id":"0","email":"e3b0c44298fc1c149afbf4c8996fb92427ae41e4649b934ca495991b7852b855","phone_number":"e3b0c44298fc1c149afbf4c8996fb92427ae41e4649b934ca495991b7852b855","first_name":"e3b0c44298fc1c149afbf4c8996fb92427ae41e4649b934ca495991b7852b855","last_name":"e3b0c44298fc1c149afbf4c8996fb92427ae41e4649b934ca495991b7852b855","zip_code":"e3b0c44298fc1c149afbf4c8996fb92427ae41e4649b934ca495991b7852b855"},"page":{"url":"http:\/\/ibn-sinaa.com\/products-compare-2\/"}}]}
 ajax: no
2025-01-16T11:26:10+00:00 DEBUG Tt4b_Mapi_Class::mapi_post: Response: 

HTTP/1.1 200 OK
Server: nginx
Content-Type: application/json
Content-Length: 92
X-Tt-Logid: 20250116112610E7FC51B361CDAC564E18
Server-Timing: inner; dur=27
x-tt-trace-host: 018e5a586174a888928d793bdac74b79b51a437ee89a1c03eb2011d034a2e3e9f514fdfb33acdfc246815e219bd5c96f12eef942c96d8d6d2124ead9f90bc1e221d6f27d382686aab917b257a01eb30fae16048913d43b21e8e55710f9503bc19d
x-tt-trace-id: 00-250116112610E7FC51B361CDAC564E18-54A3806E9EECBBFE-00
Expires: Thu, 16 Jan 2025 11:26:10 GMT
Cache-Control: max-age=0, no-cache, no-store
Pragma: no-cache
Date: Thu, 16 Jan 2025 11:26:10 GMT
X-Cache: TCP_MISS from a95-101-134-92.deploy.akamaitechnologies.com (AkamaiGHost/11.8.0-1debf780f7d7c834933fa9689361eec6) (-)
Connection: close
x-tt-trace-tag: id=16;cdn-cache=miss;type=dyn
Server-Timing: cdn-cache; desc=MISS, edge; dur=0, origin; dur=107
X-Origin-Response-Time: 107,95.101.134.92
X-Akamai-Request-ID: cbbd122

{"code": 0, "message": "OK", "request_id": "20250116112610E7FC51B361CDAC564E18", "data": {}}
2025-01-16T11:26:12+00:00 DEBUG POST: https://business-api.tiktok.com/open_api/v1.3/event/track/

{"partner_name":"WooCommerce","event_source":"web","event_source_id":"CSM79Q3C77UAG1T340I0","data":[{"event":"Pageview","event_id":"6788ecd4476c0_tt4b_woocommerce_670666209cf1f","event_time":1737026772,"user":{"ip":"62.210.13.154","user_agent":"WP Rocket\/Preload","locale":"ar","external_id":"0","email":"e3b0c44298fc1c149afbf4c8996fb92427ae41e4649b934ca495991b7852b855","phone_number":"e3b0c44298fc1c149afbf4c8996fb92427ae41e4649b934ca495991b7852b855","first_name":"e3b0c44298fc1c149afbf4c8996fb92427ae41e4649b934ca495991b7852b855","last_name":"e3b0c44298fc1c149afbf4c8996fb92427ae41e4649b934ca495991b7852b855","zip_code":"e3b0c44298fc1c149afbf4c8996fb92427ae41e4649b934ca495991b7852b855"},"page":{"url":"http:\/\/ibn-sinaa.com\/privacy-policy\/"}}]}
 ajax: no
2025-01-16T11:26:12+00:00 DEBUG Tt4b_Mapi_Class::mapi_post: Response: 

HTTP/1.1 200 OK
Server: nginx
Content-Type: application/json
Content-Length: 92
X-Tt-Logid: 20250116112612D6C3F2103D9673DA408F
Server-Timing: inner; dur=24
x-tt-trace-host: 018e5a586174a888928d793bdac74b79b51a437ee89a1c03eb2011d034a2e3e9f56819e2296efb24c0d63eb329133c0039530ab414c04f77af2a4eaaa281cebb551ea810d89b1dbdda37ea3d4a5ab1ce18d0f29d83c213ec272cfb206f73063693
x-tt-trace-id: 00-250116112612D6C3F2103D9673DA408F-35911C4D6E0E883C-00
Expires: Thu, 16 Jan 2025 11:26:12 GMT
Cache-Control: max-age=0, no-cache, no-store
Pragma: no-cache
Date: Thu, 16 Jan 2025 11:26:12 GMT
X-Cache: TCP_MISS from a95-101-134-92.deploy.akamaitechnologies.com (AkamaiGHost/11.8.0-1debf780f7d7c834933fa9689361eec6) (-)
Connection: close
x-tt-trace-tag: id=16;cdn-cache=miss;type=dyn
Server-Timing: cdn-cache; desc=MISS, edge; dur=1, origin; dur=108
X-Origin-Response-Time: 109,95.101.134.92
X-Akamai-Request-ID: cbbf405

{"code": 0, "message": "OK", "request_id": "20250116112612D6C3F2103D9673DA408F", "data": {}}
2025-01-16T11:26:14+00:00 DEBUG POST: https://business-api.tiktok.com/open_api/v1.3/event/track/

{"partner_name":"WooCommerce","event_source":"web","event_source_id":"CSM79Q3C77UAG1T340I0","data":[{"event":"Pageview","event_id":"6788ecd611ef0_tt4b_woocommerce_670666209cf1f","event_time":1737026774,"user":{"ip":"62.210.13.154","user_agent":"WP Rocket\/Preload","locale":"ar","external_id":"0","email":"e3b0c44298fc1c149afbf4c8996fb92427ae41e4649b934ca495991b7852b855","phone_number":"e3b0c44298fc1c149afbf4c8996fb92427ae41e4649b934ca495991b7852b855","first_name":"e3b0c44298fc1c149afbf4c8996fb92427ae41e4649b934ca495991b7852b855","last_name":"e3b0c44298fc1c149afbf4c8996fb92427ae41e4649b934ca495991b7852b855","zip_code":"e3b0c44298fc1c149afbf4c8996fb92427ae41e4649b934ca495991b7852b855"},"page":{"url":"http:\/\/ibn-sinaa.com\/mega-menu-shop\/"}}]}
 ajax: no
2025-01-16T11:26:14+00:00 DEBUG Tt4b_Mapi_Class::mapi_post: Response: 

HTTP/1.1 200 OK
Server: nginx
Content-Type: application/json
Content-Length: 92
X-Tt-Logid: 20250116112614E02CC322EDF73FC302C6
x-tt-trace-host: 018e5a586174a888928d793bdac74b79b519a86797e72c2eba011e03e23beee17d004ea8baff7edfa5c776e29e5d137b074a29ad54850ca9181b9129dfdcf0642b1ee96511bc5862f463f309efa5fc7f37f02b57a49c47d1b36712dde5c784cd0c8086e0ef8a8e12344cddcfb6dae0242f
x-tt-trace-id: 00-250116112614E02CC322EDF73FC302C6-19F4E9E2916F53D9-00
X-Origin-Response-Time: 26,23.218.219.13
X-Akamai-Request-ID: c61f229.d7a0eff
Expires: Thu, 16 Jan 2025 11:26:14 GMT
Cache-Control: max-age=0, no-cache, no-store
Pragma: no-cache
Date: Thu, 16 Jan 2025 11:26:14 GMT
X-Cache: TCP_MISS from a95-101-134-116.deploy.akamaitechnologies.com (AkamaiGHost/11.8.0-1debf780f7d7c834933fa9689361eec6) (-)
Connection: close
X-Cache-Remote: TCP_MISS from a23-218-219-13.deploy.akamaitechnologies.com (AkamaiGHost/11.8.0-1debf780f7d7c834933fa9689361eec6) (-)
x-tt-trace-tag: id=16;cdn-cache=miss;type=dyn
Server-Timing: cdn-cache; desc=MISS, edge; dur=89, origin; dur=26
Server-Timing: inner; dur=22
X-Parent-Response-Time: 115,95.101.134.116

{"code": 0, "message": "OK", "request_id": "20250116112614E02CC322EDF73FC302C6", "data": {}}
2025-01-16T11:26:15+00:00 DEBUG POST: https://business-api.tiktok.com/open_api/v1.3/event/track/

{"partner_name":"WooCommerce","event_source":"web","event_source_id":"CSM79Q3C77UAG1T340I0","data":[{"event":"Pageview","event_id":"6788ecd773e39_tt4b_woocommerce_670666209cf1f","event_time":1737026775,"user":{"ip":"62.210.13.154","user_agent":"WP Rocket\/Preload","locale":"ar","external_id":"0","email":"e3b0c44298fc1c149afbf4c8996fb92427ae41e4649b934ca495991b7852b855","phone_number":"e3b0c44298fc1c149afbf4c8996fb92427ae41e4649b934ca495991b7852b855","first_name":"e3b0c44298fc1c149afbf4c8996fb92427ae41e4649b934ca495991b7852b855","last_name":"e3b0c44298fc1c149afbf4c8996fb92427ae41e4649b934ca495991b7852b855","zip_code":"e3b0c44298fc1c149afbf4c8996fb92427ae41e4649b934ca495991b7852b855"},"page":{"url":"http:\/\/ibn-sinaa.com\/product\/print-tags\/"}}]}
 ajax: no
2025-01-16T11:26:15+00:00 DEBUG Tt4b_Mapi_Class::mapi_post: Response: 

HTTP/1.1 200 OK
Server: nginx
Content-Type: application/json
Content-Length: 92
X-Tt-Logid: 20250116112615E7FC51B361CDAC564F0E
Server-Timing: inner; dur=27
x-tt-trace-host: 018e5a586174a888928d793bdac74b79b51a437ee89a1c03eb2011d034a2e3e9f514fdfb33acdfc246815e219bd5c96f12ffec82a4296d9242c12e023df69534a9bdf88e04d10e52cd13818b976ada759b0d8a9c9028868506284f01c54809f7d8
x-tt-trace-id: 00-250116112615E7FC51B361CDAC564F0E-438E3EC2A56F36DB-00
Expires: Thu, 16 Jan 2025 11:26:15 GMT
Cache-Control: max-age=0, no-cache, no-store
Pragma: no-cache
Date: Thu, 16 Jan 2025 11:26:15 GMT
X-Cache: TCP_MISS from a95-101-134-92.deploy.akamaitechnologies.com (AkamaiGHost/11.8.0-1debf780f7d7c834933fa9689361eec6) (-)
Connection: close
x-tt-trace-tag: id=16;cdn-cache=miss;type=dyn
Server-Timing: cdn-cache; desc=MISS, edge; dur=0, origin; dur=107
X-Origin-Response-Time: 107,95.101.134.92
X-Akamai-Request-ID: cbc31a4

{"code": 0, "message": "OK", "request_id": "20250116112615E7FC51B361CDAC564F0E", "data": {}}
2025-01-16T11:26:15+00:00 DEBUG Tt4b_Pixel_Class::inject_view_content_event: hit ViewContent
2025-01-16T11:26:15+00:00 DEBUG POST: https://business-api.tiktok.com/open_api/v1.3/event/track/

{"partner_name":"WooCommerce","event_source":"web","event_source_id":"CSM79Q3C77UAG1T340I0","data":[{"event":"ViewContent","event_id":"6788ecd7a9dfb_tt4b_woocommerce_670666209cf1f_3653","event_time":1737026775,"user":{"ip":"62.210.13.154","user_agent":"WP Rocket\/Preload","locale":"ar","external_id":"0","email":"e3b0c44298fc1c149afbf4c8996fb92427ae41e4649b934ca495991b7852b855","phone_number":"e3b0c44298fc1c149afbf4c8996fb92427ae41e4649b934ca495991b7852b855","first_name":"e3b0c44298fc1c149afbf4c8996fb92427ae41e4649b934ca495991b7852b855","last_name":"e3b0c44298fc1c149afbf4c8996fb92427ae41e4649b934ca495991b7852b855","zip_code":"e3b0c44298fc1c149afbf4c8996fb92427ae41e4649b934ca495991b7852b855"},"properties":{"contents":[{"price":50,"quantity":1,"content_id":"3653","content_name":"\u0637\u0628\u0627\u0639\u0629 \u062a\u0627\u0642\u0627\u062a","description":"\u0637\u0628\u0627\u0639\u0629 \u062a\u0627\u0642\u0627\u062a \u0648\u0631\u0642\u064a \u0628\u0634\u0643\u0644 \u062f\u0627\u0626\u0631\u064a \u0645\u062a\u0639\u062f\u062f \u0627\u0644\u0627\u0633\u062a\u062e\u062f\u0627\u0645\u0627\u062a \u0637\u0628\u0627\u0639\u0629 \u0645\u0644\u0648\u0646\u0629.\r\n\u0644\u0637\u0644\u0628 \u0645\u0642\u0627\u0633 \u0645\u062e\u0635\u0635 \u063a\u064a\u0631 \u0627\u0644\u0645\u0639\u0631\u0648\u0636 \u062a\u0648\u0627\u0635\u0644 \u0645\u0639\u0646\u0627 \u0639\u0628\u0631 \u0627\u0644\u0648\u0627\u062a\u0633 \u0627\u0628.\r\n\u0645\u062f\u0629 \u0627\u0644\u062a\u0646\u0641\u064a\u0630 \u0627\u0644\u0645\u062a\u0648\u0642\u0639\u0629: \u0645\u0646 1 \u0625\u0644\u0649 3 \u0623\u064a\u0627\u0645 \u0628\u0639\u062f \u062a\u0623\u0643\u064a\u062f \u0627\u0644\u062a\u0635\u0645\u064a\u0645 \u0648\u0627\u0644\u0637\u0644\u0628 \u0648\u062d\u0633\u0628 \u0627\u0644\u0643\u0645\u064a\u0629 (\u062a\u0632\u064a\u062f \u0627\u0644\u0645\u062f\u0629 \u0639\u0646\u062f \u0637\u0644\u0628 \u0627\u0644\u0634\u062d\u0646)","availability":"IN_STOCK","sale_price":50,"on_sale":false}],"content_type":"product","currency":"SAR","value":50,"event_trigger_source":"WooCommerce"},"page":{"url":"http:\/\/ibn-sinaa.com\/product\/print-tags\/"}}]}
 ajax: no
2025-01-16T11:26:15+00:00 DEBUG Tt4b_Mapi_Class::mapi_post: Response: 

HTTP/1.1 200 OK
Server: nginx
Content-Type: application/json
Content-Length: 92
X-Tt-Logid: 20250116112615174A4EA9F0053A9303C4
Server-Timing: inner; dur=35
x-tt-trace-host: 018e5a586174a888928d793bdac74b79b51a437ee89a1c03eb2011d034a2e3e9f54f4d80c6ec364cd4ed42d3134aa5df395b9f324733115a9f178be513b4355734869395ef8ab63e0914db17923b7f3830bbe41ab18ae3b207e4008d14abf607c0
x-tt-trace-id: 00-250116112615174A4EA9F0053A9303C4-2AC4E4AC39628492-00
Expires: Thu, 16 Jan 2025 11:26:15 GMT
Cache-Control: max-age=0, no-cache, no-store
Pragma: no-cache
Date: Thu, 16 Jan 2025 11:26:15 GMT
X-Cache: TCP_MISS from a95-101-134-92.deploy.akamaitechnologies.com (AkamaiGHost/11.8.0-1debf780f7d7c834933fa9689361eec6) (-)
Connection: close
x-tt-trace-tag: id=16;cdn-cache=miss;type=dyn
Server-Timing: cdn-cache; desc=MISS, edge; dur=2, origin; dur=134
X-Origin-Response-Time: 135,95.101.134.92
X-Akamai-Request-ID: cbc3611

{"code": 0, "message": "OK", "request_id": "20250116112615174A4EA9F0053A9303C4", "data": {}}
2025-01-16T11:28:32+00:00 DEBUG Tt4b_Pixel_Class::inject_add_to_cart_event: hit AddToCart
2025-01-16T11:28:32+00:00 DEBUG POST: https://business-api.tiktok.com/open_api/v1.3/event/track/

{"partner_name":"WooCommerce","event_source":"web","event_source_id":"CSM79Q3C77UAG1T340I0","data":[{"event":"AddToCart","event_id":"6788ed60e827f_tt4b_woocommerce_670666209cf1f_4440","event_time":1737026912,"user":{"ip":"54.36.149.89","user_agent":"Mozilla\/5.0 (compatible; AhrefsBot\/7.0; +http:\/\/ahrefs.com\/robot\/)","locale":"ar","external_id":"0","email":"e3b0c44298fc1c149afbf4c8996fb92427ae41e4649b934ca495991b7852b855","phone_number":"e3b0c44298fc1c149afbf4c8996fb92427ae41e4649b934ca495991b7852b855","first_name":"e3b0c44298fc1c149afbf4c8996fb92427ae41e4649b934ca495991b7852b855","last_name":"e3b0c44298fc1c149afbf4c8996fb92427ae41e4649b934ca495991b7852b855","zip_code":"e3b0c44298fc1c149afbf4c8996fb92427ae41e4649b934ca495991b7852b855"},"properties":{"contents":[{"price":850,"quantity":1,"content_id":"4440","content_name":"\u062a\u0642\u0648\u064a\u0645 \u0645\u064a\u0644\u0627\u062f\u064a \u0641\u0627\u062e\u0631","description":"\u062a\u0642\u0648\u064a\u0645 \u0645\u064a\u0644\u0627\u062f\u064a \u062e\u0634\u0628: \u062a\u0635\u0645\u064a\u0645 \u0639\u0635\u0631\u064a \u0648\u0623\u0646\u064a\u0642\u060c \u0645\u0635\u0646\u0648\u0639 \u0645\u0646 \u0645\u0648\u0627\u062f \u0639\u0627\u0644\u064a\u0629 \u0627\u0644\u062c\u0648\u062f\u0629 \u0628\u0648\u0636\u0648\u062d \u0627\u0633\u062a\u062b\u0646\u0627\u0626\u064a \u0644\u0644\u0643\u062a\u0627\u0628\u0629 \u0648\u0627\u0644\u0631\u0624\u064a\u0629\u060c \u064a\u0636\u064a\u0641 \u0644\u0645\u0633\u0629 \u0645\u0646 \u0627\u0644\u0641\u062e\u0627\u0645\u0629 \u0648\u0627\u0644\u062a\u0646\u0638\u064a\u0645 \u0644\u0645\u0643\u062a\u0628\u0643. \u0645\u062b\u0627\u0644\u064a \u0644\u062a\u0646\u0638\u064a\u0645 \u0627\u0644\u0645\u0648\u0627\u0639\u064a\u062f \u0648\u0627\u0644\u0627\u062c\u062a\u0645\u0627\u0639\u0627\u062a\u060c \u0648\u064a\u0636\u0641\u064a \u062c\u0627\u0630\u0628\u064a\u0629 \u0639\u0644\u0649 \u0645\u0633\u0627\u062d\u0629 \u0627\u0644\u0639\u0645\u0644 \u0627\u0644\u062e\u0627\u0635\u0629 \u0628\u0643.","availability":"IN_STOCK","sale_price":850,"on_sale":false}],"content_type":"product","currency":"SAR","value":850,"event_trigger_source":"WooCommerce"},"page":{"url":"http:\/\/mail.ibn-sinaa.com\/product-tag\/%D8%B7%D8%A8%D8%A7%D8%B9%D9%87-%D8%AA%D9%82%D9%88%D9%8A%D9%85-%D9%85%D9%8A%D9%84%D8%A7%D8%AF%D9%8A\/page\/2\/?add-to-cart=4440"}}]}
 ajax: no
2025-01-16T11:28:33+00:00 DEBUG Tt4b_Mapi_Class::mapi_post: Response: 

HTTP/1.1 200 OK
Server: nginx
Content-Type: application/json
Content-Length: 92
X-Tt-Logid: 20250116112833D9797134D00F0808FF57
x-tt-trace-host: 018e5a586174a888928d793bdac74b79b56517d7628cf0ffdff56b078ad2cf5615555aa8fb97d1df19e6c7ae0782027706ccde7558af4ca0cf28856fb88d42a3e307e989cfd4fa72029566591fa9c4e7458fb8fd3e393bc0a19251b18a84cd6e5695d50900595f52264466cf7ce76c3f8a
x-tt-trace-id: 00-250116112833D9797134D00F0808FF57-1C9CD7D58AC48FB5-00
X-Origin-Response-Time: 60,23.222.2.20
X-Akamai-Request-ID: 2ad50664.cc6f2f1
Expires: Thu, 16 Jan 2025 11:28:33 GMT
Cache-Control: max-age=0, no-cache, no-store
Pragma: no-cache
Date: Thu, 16 Jan 2025 11:28:33 GMT
X-Cache: TCP_MISS from a95-101-134-92.deploy.akamaitechnologies.com (AkamaiGHost/11.8.0-1debf780f7d7c834933fa9689361eec6) (-)
Connection: close
X-Cache-Remote: TCP_MISS from a23-222-2-20.deploy.akamaitechnologies.com (AkamaiGHost/11.8.0-1debf780f7d7c834933fa9689361eec6) (-)
x-tt-trace-tag: id=16;cdn-cache=miss;type=dyn
Server-Timing: cdn-cache; desc=MISS, edge; dur=86, origin; dur=60
Server-Timing: inner; dur=33
X-Parent-Response-Time: 145,95.101.134.92

{"code": 0, "message": "OK", "request_id": "20250116112833D9797134D00F0808FF57", "data": {}}
2025-01-16T11:28:33+00:00 DEBUG POST: https://business-api.tiktok.com/open_api/v1.3/event/track/

{"partner_name":"WooCommerce","event_source":"web","event_source_id":"CSM79Q3C77UAG1T340I0","data":[{"event":"Pageview","event_id":"6788ed618d106_tt4b_woocommerce_670666209cf1f","event_time":1737026913,"user":{"ip":"54.36.149.89","user_agent":"Mozilla\/5.0 (compatible; AhrefsBot\/7.0; +http:\/\/ahrefs.com\/robot\/)","locale":"ar","external_id":"0","email":"e3b0c44298fc1c149afbf4c8996fb92427ae41e4649b934ca495991b7852b855","phone_number":"e3b0c44298fc1c149afbf4c8996fb92427ae41e4649b934ca495991b7852b855","first_name":"e3b0c44298fc1c149afbf4c8996fb92427ae41e4649b934ca495991b7852b855","last_name":"e3b0c44298fc1c149afbf4c8996fb92427ae41e4649b934ca495991b7852b855","zip_code":"e3b0c44298fc1c149afbf4c8996fb92427ae41e4649b934ca495991b7852b855"},"page":{"url":"http:\/\/mail.ibn-sinaa.com\/product-tag\/%D8%B7%D8%A8%D8%A7%D8%B9%D9%87-%D8%AA%D9%82%D9%88%D9%8A%D9%85-%D9%85%D9%8A%D9%84%D8%A7%D8%AF%D9%8A\/page\/2\/?add-to-cart=4440"}}]}
 ajax: no
2025-01-16T11:28:33+00:00 DEBUG Tt4b_Mapi_Class::mapi_post: Response: 

HTTP/1.1 200 OK
Server: nginx
Content-Type: application/json
Content-Length: 92
X-Tt-Logid: 2025011611283353DB6EB37A237BD4F503
x-tt-trace-host: 018e5a586174a888928d793bdac74b79b56517d7628cf0ffdff56b078ad2cf56154c2b3a5442da9b805971ab070c9aa4d05ee3e9796ab989bb25287ca68befe323c7155aec4a2ea6381a486cb1f6772432fb398ec0196c4c9139a0d888a515c050de6939202682b8ab4249f96136233c92
x-tt-trace-id: 00-25011611283353DB6EB37A237BD4F503-48189AD62C0912F9-00
X-Origin-Response-Time: 30,23.222.2.25
X-Akamai-Request-ID: 23608aa3.cc6ff7c
Expires: Thu, 16 Jan 2025 11:28:33 GMT
Cache-Control: max-age=0, no-cache, no-store
Pragma: no-cache
Date: Thu, 16 Jan 2025 11:28:33 GMT
X-Cache: TCP_MISS from a95-101-134-92.deploy.akamaitechnologies.com (AkamaiGHost/11.8.0-1debf780f7d7c834933fa9689361eec6) (-)
Connection: close
X-Cache-Remote: TCP_MISS from a23-222-2-25.deploy.akamaitechnologies.com (AkamaiGHost/11.8.0-1debf780f7d7c834933fa9689361eec6) (-)
x-tt-trace-tag: id=16;cdn-cache=miss;type=dyn
Server-Timing: cdn-cache; desc=MISS, edge; dur=79, origin; dur=30
Server-Timing: inner; dur=26
X-Parent-Response-Time: 109,95.101.134.92

{"code": 0, "message": "OK", "request_id": "2025011611283353DB6EB37A237BD4F503", "data": {}}
2025-01-16T11:28:39+00:00 DEBUG POST: https://business-api.tiktok.com/open_api/v1.3/event/track/

{"partner_name":"WooCommerce","event_source":"web","event_source_id":"CSM79Q3C77UAG1T340I0","data":[{"event":"Pageview","event_id":"6788ed672e4f7_tt4b_woocommerce_670666209cf1f","event_time":1737026919,"user":{"ip":"62.210.13.154","user_agent":"WP Rocket\/Preload","locale":"ar","external_id":"0","email":"e3b0c44298fc1c149afbf4c8996fb92427ae41e4649b934ca495991b7852b855","phone_number":"e3b0c44298fc1c149afbf4c8996fb92427ae41e4649b934ca495991b7852b855","first_name":"e3b0c44298fc1c149afbf4c8996fb92427ae41e4649b934ca495991b7852b855","last_name":"e3b0c44298fc1c149afbf4c8996fb92427ae41e4649b934ca495991b7852b855","zip_code":"e3b0c44298fc1c149afbf4c8996fb92427ae41e4649b934ca495991b7852b855"},"page":{"url":"http:\/\/www.ibn-sinaa.com\/product\/print-receipt-issues\/"}}]}
 ajax: no
2025-01-16T11:28:39+00:00 DEBUG Tt4b_Mapi_Class::mapi_post: Response: 

HTTP/1.1 200 OK
Server: nginx
Content-Type: application/json
Content-Length: 92
X-Tt-Logid: 20250116112839C9B2D32625B345E97666
x-tt-trace-host: 018e5a586174a888928d793bdac74b79b519a86797e72c2eba011e03e23beee17d2c9a98442cf6a744f1a631ede186198b4e3ef7078191e93df11cec44fe669f5877881341ada6333f2ffd14d966f8c7b726040cdb50cbbeb7b759b412b2257e646f61d47454ff07c79f91edb8adb2357c
x-tt-trace-id: 00-250116112839C9B2D32625B345E97666-5D4B80BB91171BFC-00
X-Origin-Response-Time: 28,23.222.2.17
X-Akamai-Request-ID: ede3e68.d84be81
Expires: Thu, 16 Jan 2025 11:28:39 GMT
Cache-Control: max-age=0, no-cache, no-store
Pragma: no-cache
Date: Thu, 16 Jan 2025 11:28:39 GMT
X-Cache: TCP_MISS from a95-101-134-116.deploy.akamaitechnologies.com (AkamaiGHost/11.8.0-1debf780f7d7c834933fa9689361eec6) (-)
Connection: close
X-Cache-Remote: TCP_MISS from a23-222-2-17.deploy.akamaitechnologies.com (AkamaiGHost/11.8.0-1debf780f7d7c834933fa9689361eec6) (-)
x-tt-trace-tag: id=16;cdn-cache=miss;type=dyn
Server-Timing: cdn-cache; desc=MISS, edge; dur=81, origin; dur=28
Server-Timing: inner; dur=24
X-Parent-Response-Time: 109,95.101.134.116

{"code": 0, "message": "OK", "request_id": "20250116112839C9B2D32625B345E97666", "data": {}}
2025-01-16T11:28:39+00:00 DEBUG Tt4b_Pixel_Class::inject_view_content_event: hit ViewContent
2025-01-16T11:28:39+00:00 DEBUG POST: https://business-api.tiktok.com/open_api/v1.3/event/track/

{"partner_name":"WooCommerce","event_source":"web","event_source_id":"CSM79Q3C77UAG1T340I0","data":[{"event":"ViewContent","event_id":"6788ed676426b_tt4b_woocommerce_670666209cf1f_3626","event_time":1737026919,"user":{"ip":"62.210.13.154","user_agent":"WP Rocket\/Preload","locale":"ar","external_id":"0","email":"e3b0c44298fc1c149afbf4c8996fb92427ae41e4649b934ca495991b7852b855","phone_number":"e3b0c44298fc1c149afbf4c8996fb92427ae41e4649b934ca495991b7852b855","first_name":"e3b0c44298fc1c149afbf4c8996fb92427ae41e4649b934ca495991b7852b855","last_name":"e3b0c44298fc1c149afbf4c8996fb92427ae41e4649b934ca495991b7852b855","zip_code":"e3b0c44298fc1c149afbf4c8996fb92427ae41e4649b934ca495991b7852b855"},"properties":{"contents":[{"price":230,"quantity":1,"content_id":"3626","content_name":"\u0637\u0628\u0627\u0639\u0629 \u0633\u0646\u062f\u0627\u062a ( \u0635\u0631\u0641 - \u0642\u0628\u0636 )","description":"- \u062f\u0641\u0627\u062a\u0631 \u0633\u0646\u062f\u0627\u062a ( \u0635\u0631\u0641 - \u0642\u0628\u0636 ) \u0645\u0642\u0627\u0633 A5 \u0637\u0628\u0627\u0639\u0629 \u0648\u062c\u0647 \u0648\u0627\u062d\u062f.\r\n- \u0623\u0642\u0644 \u0643\u0645\u064a\u0629 \u0644\u0644\u0637\u0644\u0628 \u0647\u064a 10 \u062f\u0641\u0627\u062a\u0631.\r\n- \u0645\u062f\u0629 \u0627\u0644\u062a\u0646\u0641\u064a\u0630: \u0645\u0646 3 \u0625\u0644\u0649 5 \u0623\u064a\u0627\u0645 \u0639\u0645\u0644 \u0628\u0639\u062f \u0627\u0639\u062a\u0645\u0627\u062f \u0627\u0644\u0637\u0644\u0628 \u0648\u0627\u0644\u062a\u0635\u0645\u064a\u0645 \u062d\u0633\u0628 \u0627\u0644\u0643\u0645\u064a\u0629 (\u062a\u0632\u064a\u062f \u0627\u0644\u0645\u062f\u0629 \u0639\u0646\u062f \u0637\u0644\u0628 \u0627\u0644\u0634\u062d\u0646).","availability":"IN_STOCK","sale_price":230,"on_sale":false}],"content_type":"product","currency":"SAR","value":230,"event_trigger_source":"WooCommerce"},"page":{"url":"http:\/\/www.ibn-sinaa.com\/product\/print-receipt-issues\/"}}]}
 ajax: no
2025-01-16T11:28:39+00:00 DEBUG Tt4b_Mapi_Class::mapi_post: Response: 

HTTP/1.1 200 OK
Server: nginx
Content-Type: application/json
Content-Length: 92
X-Tt-Logid: 202501161128396B1B739E313166DAAA0B
Server-Timing: inner; dur=30
x-tt-trace-host: 018e5a586174a888928d793bdac74b79b51a437ee89a1c03eb2011d034a2e3e9f5b2883820e147e65d49568ccd0afe3067054ad74f39a4b64a553d3978d0861cecffa8387cf9035e2b4637af9d71b92b3ffbe6e8ecfe068aa1b184a7aa8e2c97e0
x-tt-trace-id: 00-2501161128396B1B739E313166DAAA0B-714758877FE77D4C-00
Expires: Thu, 16 Jan 2025 11:28:39 GMT
Cache-Control: max-age=0, no-cache, no-store
Pragma: no-cache
Date: Thu, 16 Jan 2025 11:28:39 GMT
X-Cache: TCP_MISS from a95-101-134-92.deploy.akamaitechnologies.com (AkamaiGHost/11.8.0-1debf780f7d7c834933fa9689361eec6) (-)
Connection: close
x-tt-trace-tag: id=16;cdn-cache=miss;type=dyn
Server-Timing: cdn-cache; desc=MISS, edge; dur=2, origin; dur=114
X-Origin-Response-Time: 114,95.101.134.92
X-Akamai-Request-ID: cc77974

{"code": 0, "message": "OK", "request_id": "202501161128396B1B739E313166DAAA0B", "data": {}}
2025-01-16T11:28:43+00:00 DEBUG POST: https://business-api.tiktok.com/open_api/v1.3/event/track/

{"partner_name":"WooCommerce","event_source":"web","event_source_id":"CSM79Q3C77UAG1T340I0","data":[{"event":"Pageview","event_id":"6788ed6bd0d8c_tt4b_woocommerce_670666209cf1f","event_time":1737026923,"user":{"ip":"62.210.13.154","user_agent":"WP Rocket\/Preload","locale":"ar","external_id":"0","email":"e3b0c44298fc1c149afbf4c8996fb92427ae41e4649b934ca495991b7852b855","phone_number":"e3b0c44298fc1c149afbf4c8996fb92427ae41e4649b934ca495991b7852b855","first_name":"e3b0c44298fc1c149afbf4c8996fb92427ae41e4649b934ca495991b7852b855","last_name":"e3b0c44298fc1c149afbf4c8996fb92427ae41e4649b934ca495991b7852b855","zip_code":"e3b0c44298fc1c149afbf4c8996fb92427ae41e4649b934ca495991b7852b855"},"page":{"url":"http:\/\/ibn-sinaa.com\/faq\/"}}]}
 ajax: no
2025-01-16T11:28:44+00:00 DEBUG Tt4b_Mapi_Class::mapi_post: Response: 

HTTP/1.1 200 OK
Server: nginx
Content-Type: application/json
Content-Length: 92
X-Tt-Logid: 20250116112843A04E15A01955B9460E57
x-tt-trace-host: 018e5a586174a888928d793bdac74b79b519a86797e72c2eba011e03e23beee17dcdd40768c34585c23865ee1de88573b47963a5cee633cf057be24dda9aa69196ff8048ffb51420bb6fec11215a964839ef93b4d236d87d77269d49d9d6271ca8669ccb0f402458cd0db5fc9f119e14f5
x-tt-trace-id: 00-250116112843A04E15A01955B9460E57-1E22E0AA2EC4D18C-00
X-Origin-Response-Time: 27,23.32.17.36
X-Akamai-Request-ID: 78b971d.d8518cf
Expires: Thu, 16 Jan 2025 11:28:44 GMT
Cache-Control: max-age=0, no-cache, no-store
Pragma: no-cache
Date: Thu, 16 Jan 2025 11:28:44 GMT
X-Cache: TCP_MISS from a95-101-134-116.deploy.akamaitechnologies.com (AkamaiGHost/11.8.0-1debf780f7d7c834933fa9689361eec6) (-)
Connection: close
X-Cache-Remote: TCP_MISS from a23-32-17-36.deploy.akamaitechnologies.com (AkamaiGHost/11.8.0-1debf780f7d7c834933fa9689361eec6) (-)
x-tt-trace-tag: id=16;cdn-cache=miss;type=dyn
Server-Timing: cdn-cache; desc=MISS, edge; dur=87, origin; dur=27
Server-Timing: inner; dur=24
X-Parent-Response-Time: 113,95.101.134.116

{"code": 0, "message": "OK", "request_id": "20250116112843A04E15A01955B9460E57", "data": {}}
2025-01-16T11:28:46+00:00 DEBUG POST: https://business-api.tiktok.com/open_api/v1.3/event/track/

{"partner_name":"WooCommerce","event_source":"web","event_source_id":"CSM79Q3C77UAG1T340I0","data":[{"event":"Pageview","event_id":"6788ed6e3c958_tt4b_woocommerce_670666209cf1f","event_time":1737026926,"user":{"ip":"62.210.13.154","user_agent":"WP Rocket\/Preload","locale":"ar","external_id":"0","email":"e3b0c44298fc1c149afbf4c8996fb92427ae41e4649b934ca495991b7852b855","phone_number":"e3b0c44298fc1c149afbf4c8996fb92427ae41e4649b934ca495991b7852b855","first_name":"e3b0c44298fc1c149afbf4c8996fb92427ae41e4649b934ca495991b7852b855","last_name":"e3b0c44298fc1c149afbf4c8996fb92427ae41e4649b934ca495991b7852b855","zip_code":"e3b0c44298fc1c149afbf4c8996fb92427ae41e4649b934ca495991b7852b855"},"page":{"url":"http:\/\/ibn-sinaa.com\/ibnsinna\/"}}]}
 ajax: no
2025-01-16T11:28:46+00:00 DEBUG Tt4b_Mapi_Class::mapi_post: Response: 

HTTP/1.1 200 OK
Server: nginx
Content-Type: application/json
Content-Length: 92
X-Tt-Logid: 20250116112846BBE71D0A481057C5D504
x-tt-trace-host: 018e5a586174a888928d793bdac74b79b56517d7628cf0ffdff56b078ad2cf56154c2b3a5442da9b805971ab070c9aa4d00a99b14e147acc355f13620912a567d640d84239c32e56d94e4f09ea5ad616c74d4e44da9da9dc8c85cbd0697322d062c9c280f1387bfb3f2f9733b3e53d0b1b
x-tt-trace-id: 00-250116112846BBE71D0A481057C5D504-5314B41063C01491-00
X-Origin-Response-Time: 39,23.222.2.25
X-Akamai-Request-ID: 2361e026.cc80ce6
Expires: Thu, 16 Jan 2025 11:28:46 GMT
Cache-Control: max-age=0, no-cache, no-store
Pragma: no-cache
Date: Thu, 16 Jan 2025 11:28:46 GMT
X-Cache: TCP_MISS from a95-101-134-92.deploy.akamaitechnologies.com (AkamaiGHost/11.8.0-1debf780f7d7c834933fa9689361eec6) (-)
Connection: close
X-Cache-Remote: TCP_MISS from a23-222-2-25.deploy.akamaitechnologies.com (AkamaiGHost/11.8.0-1debf780f7d7c834933fa9689361eec6) (-)
x-tt-trace-tag: id=16;cdn-cache=miss;type=dyn
Server-Timing: cdn-cache; desc=MISS, edge; dur=82, origin; dur=39
Server-Timing: inner; dur=36
X-Parent-Response-Time: 121,95.101.134.92

{"code": 0, "message": "OK", "request_id": "20250116112846BBE71D0A481057C5D504", "data": {}}
2025-01-16T11:28:48+00:00 DEBUG POST: https://business-api.tiktok.com/open_api/v1.3/event/track/

{"partner_name":"WooCommerce","event_source":"web","event_source_id":"CSM79Q3C77UAG1T340I0","data":[{"event":"Pageview","event_id":"6788ed704d6bd_tt4b_woocommerce_670666209cf1f","event_time":1737026928,"user":{"ip":"62.210.13.154","user_agent":"WP Rocket\/Preload","locale":"ar","external_id":"0","email":"e3b0c44298fc1c149afbf4c8996fb92427ae41e4649b934ca495991b7852b855","phone_number":"e3b0c44298fc1c149afbf4c8996fb92427ae41e4649b934ca495991b7852b855","first_name":"e3b0c44298fc1c149afbf4c8996fb92427ae41e4649b934ca495991b7852b855","last_name":"e3b0c44298fc1c149afbf4c8996fb92427ae41e4649b934ca495991b7852b855","zip_code":"e3b0c44298fc1c149afbf4c8996fb92427ae41e4649b934ca495991b7852b855"},"page":{"url":"http:\/\/ibn-sinaa.com\/our_branches\/"}}]}
 ajax: no
2025-01-16T11:28:48+00:00 DEBUG Tt4b_Mapi_Class::mapi_post: Response: 

HTTP/1.1 200 OK
Server: nginx
Content-Type: application/json
Content-Length: 92
X-Tt-Logid: 202501161128480F4628532EC1845866A2
Server-Timing: inner; dur=22
x-tt-trace-host: 018e5a586174a888928d793bdac74b79b51a437ee89a1c03eb2011d034a2e3e9f5bc0f54769b05f38d100f45375a7636ebebfff236c6b5b12969d610ccc356e3da1b3354b3ad495daabe389fad2dc55eebdaa5cd54e5b48218a131e052622f189f
x-tt-trace-id: 00-2501161128480F4628532EC1845866A2-041ABBD990F84693-00
Expires: Thu, 16 Jan 2025 11:28:48 GMT
Cache-Control: max-age=0, no-cache, no-store
Pragma: no-cache
Date: Thu, 16 Jan 2025 11:28:48 GMT
X-Cache: TCP_MISS from a95-101-134-92.deploy.akamaitechnologies.com (AkamaiGHost/11.8.0-1debf780f7d7c834933fa9689361eec6) (-)
Connection: close
x-tt-trace-tag: id=16;cdn-cache=miss;type=dyn
Server-Timing: cdn-cache; desc=MISS, edge; dur=1, origin; dur=102
X-Origin-Response-Time: 102,95.101.134.92
X-Akamai-Request-ID: cc83646

{"code": 0, "message": "OK", "request_id": "202501161128480F4628532EC1845866A2", "data": {}}
2025-01-16T11:28:50+00:00 DEBUG POST: https://business-api.tiktok.com/open_api/v1.3/event/track/

{"partner_name":"WooCommerce","event_source":"web","event_source_id":"CSM79Q3C77UAG1T340I0","data":[{"event":"Pageview","event_id":"6788ed723173f_tt4b_woocommerce_670666209cf1f","event_time":1737026930,"user":{"ip":"62.210.13.154","user_agent":"WP Rocket\/Preload","locale":"ar","external_id":"0","email":"e3b0c44298fc1c149afbf4c8996fb92427ae41e4649b934ca495991b7852b855","phone_number":"e3b0c44298fc1c149afbf4c8996fb92427ae41e4649b934ca495991b7852b855","first_name":"e3b0c44298fc1c149afbf4c8996fb92427ae41e4649b934ca495991b7852b855","last_name":"e3b0c44298fc1c149afbf4c8996fb92427ae41e4649b934ca495991b7852b855","zip_code":"e3b0c44298fc1c149afbf4c8996fb92427ae41e4649b934ca495991b7852b855"},"page":{"url":"http:\/\/ibn-sinaa.com\/product\/raindrop-flag\/"}}]}
 ajax: no
2025-01-16T11:28:50+00:00 DEBUG Tt4b_Mapi_Class::mapi_post: Response: 

HTTP/1.1 200 OK
Server: nginx
Content-Type: application/json
Content-Length: 92
X-Tt-Logid: 2025011611285078F878A65A9A77CEE5AF
x-tt-trace-host: 018e5a586174a888928d793bdac74b79b519a86797e72c2eba011e03e23beee17dea223c9fa37095b0dfb67fea7368a30c7bbda9eb201a8536c9ced359eccf177b3f22b9d363c730efc520b3cc9c7acf8ea1163d9354d0f12cef78a9d8be56287197e47be776d0cbd64266c89dde241e00
x-tt-trace-id: 00-25011611285078F878A65A9A77CEE5AF-2C26883E84E71AAF-00
X-Origin-Response-Time: 25,23.207.199.10
X-Akamai-Request-ID: df3555b.d858d25
Expires: Thu, 16 Jan 2025 11:28:50 GMT
Cache-Control: max-age=0, no-cache, no-store
Pragma: no-cache
Date: Thu, 16 Jan 2025 11:28:50 GMT
X-Cache: TCP_MISS from a95-101-134-116.deploy.akamaitechnologies.com (AkamaiGHost/11.8.0-1debf780f7d7c834933fa9689361eec6) (-)
Connection: close
X-Cache-Remote: TCP_MISS from a23-207-199-10.deploy.akamaitechnologies.com (AkamaiGHost/11.8.0-1debf780f7d7c834933fa9689361eec6) (-)
x-tt-trace-tag: id=16;cdn-cache=miss;type=dyn
Server-Timing: cdn-cache; desc=MISS, edge; dur=82, origin; dur=24
Server-Timing: inner; dur=21
X-Parent-Response-Time: 105,95.101.134.116

{"code": 0, "message": "OK", "request_id": "2025011611285078F878A65A9A77CEE5AF", "data": {}}
2025-01-16T11:28:50+00:00 DEBUG Tt4b_Pixel_Class::inject_view_content_event: hit ViewContent
2025-01-16T11:28:50+00:00 DEBUG POST: https://business-api.tiktok.com/open_api/v1.3/event/track/

{"partner_name":"WooCommerce","event_source":"web","event_source_id":"CSM79Q3C77UAG1T340I0","data":[{"event":"ViewContent","event_id":"6788ed727fdb2_tt4b_woocommerce_670666209cf1f_4373","event_time":1737026930,"user":{"ip":"62.210.13.154","user_agent":"WP Rocket\/Preload","locale":"ar","external_id":"0","email":"e3b0c44298fc1c149afbf4c8996fb92427ae41e4649b934ca495991b7852b855","phone_number":"e3b0c44298fc1c149afbf4c8996fb92427ae41e4649b934ca495991b7852b855","first_name":"e3b0c44298fc1c149afbf4c8996fb92427ae41e4649b934ca495991b7852b855","last_name":"e3b0c44298fc1c149afbf4c8996fb92427ae41e4649b934ca495991b7852b855","zip_code":"e3b0c44298fc1c149afbf4c8996fb92427ae41e4649b934ca495991b7852b855"},"properties":{"contents":[{"price":460,"quantity":1,"content_id":"4373","content_name":"\u0639\u0644\u0645 \u0642\u0637\u0631\u0629 \u0627\u0644\u0645\u0637\u0631","description":"\u0623\u0639\u0644\u0627\u0645 \u0645\u0643\u062a\u0628\u064a\u0629 \u0635\u063a\u064a\u0631\u0629: \u0645\u062b\u0627\u0644\u064a\u0629 \u0644\u062a\u0632\u064a\u064a\u0646 \u0627\u0644\u0645\u0643\u062a\u0628 \u0628\u0644\u0645\u0633\u0629 \u0623\u0646\u064a\u0642\u0629 \u0648\u0641\u0627\u062e\u0631\u0629. \u0645\u0635\u0646\u0648\u0639\u0629 \u0645\u0646 \u0645\u0648\u0627\u062f \u0645\u062a\u064a\u0646\u0629 \u0648\u0628\u0623\u0644\u0648\u0627\u0646 \u0632\u0627\u0647\u064a\u0629\u060c \u062a\u0636\u064a\u0641 \u062c\u0627\u0630\u0628\u064a\u0629 \u0645\u0645\u064a\u0632\u0629 \u0644\u0623\u064a \u0645\u0633\u0627\u062d\u0629 \u0645\u0643\u062a\u0628\u064a\u0629 \u062f\u0648\u0646 \u0634\u063a\u0644 \u062d\u064a\u0632 \u0643\u0628\u064a\u0631. \u0645\u062b\u0627\u0644\u064a\u0629 \u0644\u0644\u0627\u062c\u062a\u0645\u0627\u0639\u0627\u062a\u060c \u0627\u0644\u0645\u0624\u062a\u0645\u0631\u0627\u062a\u060c \u0648\u0627\u0644\u0647\u062f\u0627\u064a\u0627 \u0627\u0644\u0641\u0627\u062e\u0631\u0629.","availability":"IN_STOCK","sale_price":460,"on_sale":false}],"content_type":"product","currency":"SAR","value":460,"event_trigger_source":"WooCommerce"},"page":{"url":"http:\/\/ibn-sinaa.com\/product\/raindrop-flag\/"}}]}
 ajax: no
2025-01-16T11:28:50+00:00 DEBUG Tt4b_Mapi_Class::mapi_post: Response: 

HTTP/1.1 200 OK
Server: nginx
Content-Type: application/json
Content-Length: 92
X-Tt-Logid: 202501161128509A3DDC153967DF54EBD0
x-tt-trace-host: 018e5a586174a888928d793bdac74b79b56517d7628cf0ffdff56b078ad2cf56154c2b3a5442da9b805971ab070c9aa4d0b60f3780e5e045cd36cedfdcd2a0e18cd77cfa86163d8f27f34e1a449afd74ac2364c88f3a8d14e75088e4b1d95d312c0357d6c0df5af5d7b274a963b9eab8ff
x-tt-trace-id: 00-2501161128509A3DDC153967DF54EBD0-3EBCFAF73A2B1ED1-00
X-Origin-Response-Time: 33,23.222.2.25
X-Akamai-Request-ID: 236245b3.cc863be
Expires: Thu, 16 Jan 2025 11:28:50 GMT
Cache-Control: max-age=0, no-cache, no-store
Pragma: no-cache
Date: Thu, 16 Jan 2025 11:28:50 GMT
X-Cache: TCP_MISS from a95-101-134-92.deploy.akamaitechnologies.com (AkamaiGHost/11.8.0-1debf780f7d7c834933fa9689361eec6) (-)
Connection: close
X-Cache-Remote: TCP_MISS from a23-222-2-25.deploy.akamaitechnologies.com (AkamaiGHost/11.8.0-1debf780f7d7c834933fa9689361eec6) (-)
x-tt-trace-tag: id=16;cdn-cache=miss;type=dyn
Server-Timing: cdn-cache; desc=MISS, edge; dur=81, origin; dur=33
Server-Timing: inner; dur=31
X-Parent-Response-Time: 114,95.101.134.92

{"code": 0, "message": "OK", "request_id": "202501161128509A3DDC153967DF54EBD0", "data": {}}
2025-01-16T11:28:51+00:00 DEBUG POST: https://business-api.tiktok.com/open_api/v1.3/event/track/

{"partner_name":"WooCommerce","event_source":"web","event_source_id":"CSM79Q3C77UAG1T340I0","data":[{"event":"Pageview","event_id":"6788ed7397e27_tt4b_woocommerce_670666209cf1f","event_time":1737026931,"user":{"ip":"62.210.13.154","user_agent":"WP Rocket\/Preload","locale":"ar","external_id":"0","email":"e3b0c44298fc1c149afbf4c8996fb92427ae41e4649b934ca495991b7852b855","phone_number":"e3b0c44298fc1c149afbf4c8996fb92427ae41e4649b934ca495991b7852b855","first_name":"e3b0c44298fc1c149afbf4c8996fb92427ae41e4649b934ca495991b7852b855","last_name":"e3b0c44298fc1c149afbf4c8996fb92427ae41e4649b934ca495991b7852b855","zip_code":"e3b0c44298fc1c149afbf4c8996fb92427ae41e4649b934ca495991b7852b855"},"page":{"url":"http:\/\/www.ibn-sinaa.com\/product\/roll-up-iron-base\/"}}]}
 ajax: no
2025-01-16T11:28:51+00:00 DEBUG Tt4b_Mapi_Class::mapi_post: Response: 

HTTP/1.1 200 OK
Server: nginx
Content-Type: application/json
Content-Length: 92
X-Tt-Logid: 20250116112851AD89A5177BE240624DA7
x-tt-trace-host: 018e5a586174a888928d793bdac74b79b519a86797e72c2eba011e03e23beee17dea223c9fa37095b0dfb67fea7368a30ca6f0916fe8b6d54920473cc7e240a11ce9256313e384c33ae99598ce51d7e296d1f96bde3c16dfab30e2812bedb8c843be2b09ae6db068b05b1930d3a93654d9
x-tt-trace-id: 00-250116112851AD89A5177BE240624DA7-0FAEA987392E5D7A-00
X-Origin-Response-Time: 25,23.207.199.10
X-Akamai-Request-ID: df36dc3.d85a677
Expires: Thu, 16 Jan 2025 11:28:51 GMT
Cache-Control: max-age=0, no-cache, no-store
Pragma: no-cache
Date: Thu, 16 Jan 2025 11:28:51 GMT
X-Cache: TCP_MISS from a95-101-134-116.deploy.akamaitechnologies.com (AkamaiGHost/11.8.0-1debf780f7d7c834933fa9689361eec6) (-)
Connection: close
X-Cache-Remote: TCP_MISS from a23-207-199-10.deploy.akamaitechnologies.com (AkamaiGHost/11.8.0-1debf780f7d7c834933fa9689361eec6) (-)
x-tt-trace-tag: id=16;cdn-cache=miss;type=dyn
Server-Timing: cdn-cache; desc=MISS, edge; dur=80, origin; dur=25
Server-Timing: inner; dur=20
X-Parent-Response-Time: 104,95.101.134.116

{"code": 0, "message": "OK", "request_id": "20250116112851AD89A5177BE240624DA7", "data": {}}
2025-01-16T11:28:51+00:00 DEBUG Tt4b_Pixel_Class::inject_view_content_event: hit ViewContent
2025-01-16T11:28:51+00:00 DEBUG POST: https://business-api.tiktok.com/open_api/v1.3/event/track/

{"partner_name":"WooCommerce","event_source":"web","event_source_id":"CSM79Q3C77UAG1T340I0","data":[{"event":"ViewContent","event_id":"6788ed73e104b_tt4b_woocommerce_670666209cf1f_4273","event_time":1737026931,"user":{"ip":"62.210.13.154","user_agent":"WP Rocket\/Preload","locale":"ar","external_id":"0","email":"e3b0c44298fc1c149afbf4c8996fb92427ae41e4649b934ca495991b7852b855","phone_number":"e3b0c44298fc1c149afbf4c8996fb92427ae41e4649b934ca495991b7852b855","first_name":"e3b0c44298fc1c149afbf4c8996fb92427ae41e4649b934ca495991b7852b855","last_name":"e3b0c44298fc1c149afbf4c8996fb92427ae41e4649b934ca495991b7852b855","zip_code":"e3b0c44298fc1c149afbf4c8996fb92427ae41e4649b934ca495991b7852b855"},"properties":{"contents":[{"price":220,"quantity":1,"content_id":"4273","content_name":"\u0631\u0648\u0644 \u0627\u0628 \u0642\u0627\u0639\u062f\u0629 \u062d\u062f\u064a\u062f\u0629","description":"\u0631\u0648\u0644 \u0627\u0628 \u0642\u0627\u0639\u062f\u0629 \u062d\u062f\u064a\u062f\u0629 \u062a\u0635\u0645\u064a\u0645 \u0627\u0646\u064a\u0642.\r\n\u0627\u0644\u062e\u0627\u0645\u0629 \u0628\u0648\u0633\u062a\u0631.\r\n\u0645\u062f\u0629 \u0627\u0644\u062a\u0646\u0641\u064a\u0630: \u0645\u0646 3 \u0625\u0644\u0649 5 \u0623\u064a\u0627\u0645 \u0639\u0645\u0644 \u0628\u0639\u062f \u0627\u0639\u062a\u0645\u0627\u062f \u0627\u0644\u062a\u0635\u0645\u064a\u0645 \u0648\u0627\u0644\u0637\u0644\u0628 \u062d\u0633\u0628 \u0627\u0644\u0643\u0645\u064a\u0629 (\u062a\u0632\u064a\u062f \u0627\u0644\u0645\u062f\u0629 \u0639\u0646\u062f \u0637\u0644\u0628 \u0627\u0644\u0634\u062d\u0646).","availability":"IN_STOCK","sale_price":220,"on_sale":false}],"content_type":"product","currency":"SAR","value":220,"event_trigger_source":"WooCommerce"},"page":{"url":"http:\/\/www.ibn-sinaa.com\/product\/roll-up-iron-base\/"}}]}
 ajax: no
2025-01-16T11:28:52+00:00 DEBUG Tt4b_Mapi_Class::mapi_post: Response: 

HTTP/1.1 200 OK
Server: nginx
Content-Type: application/json
Content-Length: 92
X-Tt-Logid: 20250116112852DF956A8F7AA784759932
x-tt-trace-host: 018e5a586174a888928d793bdac74b79b56517d7628cf0ffdff56b078ad2cf56159c95e3155c6ed357905b50908bac2aaea870b8ced7534b3dd33a24379acf8dff2676c2a66e9bf9e4dc0c377231438592c7497ce4a174e5843532071d709d6855527becf0e4085624e8811b8f4d67dd56
x-tt-trace-id: 00-250116112852DF956A8F7AA784759932-3B6E069799414DC7-00
X-Origin-Response-Time: 45,23.207.199.4
X-Akamai-Request-ID: 565fd15.cc8806f
Expires: Thu, 16 Jan 2025 11:28:52 GMT
Cache-Control: max-age=0, no-cache, no-store
Pragma: no-cache
Date: Thu, 16 Jan 2025 11:28:52 GMT
X-Cache: TCP_MISS from a95-101-134-92.deploy.akamaitechnologies.com (AkamaiGHost/11.8.0-1debf780f7d7c834933fa9689361eec6) (-)
Connection: close
X-Cache-Remote: TCP_MISS from a23-207-199-4.deploy.akamaitechnologies.com (AkamaiGHost/11.8.0-1debf780f7d7c834933fa9689361eec6) (-)
x-tt-trace-tag: id=16;cdn-cache=miss;type=dyn
Server-Timing: cdn-cache; desc=MISS, edge; dur=82, origin; dur=44
Server-Timing: inner; dur=41
X-Parent-Response-Time: 125,95.101.134.92

{"code": 0, "message": "OK", "request_id": "20250116112852DF956A8F7AA784759932", "data": {}}
2025-01-16T11:28:53+00:00 DEBUG POST: https://business-api.tiktok.com/open_api/v1.3/event/track/

{"partner_name":"WooCommerce","event_source":"web","event_source_id":"CSM79Q3C77UAG1T340I0","data":[{"event":"Pageview","event_id":"6788ed75d5cf7_tt4b_woocommerce_670666209cf1f","event_time":1737026933,"user":{"ip":"62.210.13.154","user_agent":"WP Rocket\/Preload","locale":"ar","external_id":"0","email":"e3b0c44298fc1c149afbf4c8996fb92427ae41e4649b934ca495991b7852b855","phone_number":"e3b0c44298fc1c149afbf4c8996fb92427ae41e4649b934ca495991b7852b855","first_name":"e3b0c44298fc1c149afbf4c8996fb92427ae41e4649b934ca495991b7852b855","last_name":"e3b0c44298fc1c149afbf4c8996fb92427ae41e4649b934ca495991b7852b855","zip_code":"e3b0c44298fc1c149afbf4c8996fb92427ae41e4649b934ca495991b7852b855"},"page":{"url":"http:\/\/www.ibn-sinaa.com\/product\/rainbow-banner\/"}}]}
 ajax: no
2025-01-16T11:28:54+00:00 DEBUG Tt4b_Mapi_Class::mapi_post: Response: 

HTTP/1.1 200 OK
Server: nginx
Content-Type: application/json
Content-Length: 92
X-Tt-Logid: 20250116112854C05290FADB851FC12EA1
x-tt-trace-host: 018e5a586174a888928d793bdac74b79b519a86797e72c2eba011e03e23beee17d332c572499d07e2904ac6c997715278e69c64a92853edd2ca561534c55d041f4fd06eb5a4b676010e21338af0a66b0895bf595d149fd641016e72b22920e5d9961c1633c0c99137be0ba6fdc2b983d75
x-tt-trace-id: 00-250116112854C05290FADB851FC12EA1-0A5B3B1752727F52-00
X-Origin-Response-Time: 35,23.207.199.37
X-Akamai-Request-ID: ac655a9.d85cf86
Expires: Thu, 16 Jan 2025 11:28:54 GMT
Cache-Control: max-age=0, no-cache, no-store
Pragma: no-cache
Date: Thu, 16 Jan 2025 11:28:54 GMT
X-Cache: TCP_MISS from a95-101-134-116.deploy.akamaitechnologies.com (AkamaiGHost/11.8.0-1debf780f7d7c834933fa9689361eec6) (-)
Connection: close
X-Cache-Remote: TCP_MISS from a23-207-199-37.deploy.akamaitechnologies.com (AkamaiGHost/11.8.0-2d0f2d516c5d43e1487924a77ec5924a) (-)
x-tt-trace-tag: id=16;cdn-cache=miss;type=dyn
Server-Timing: cdn-cache; desc=MISS, edge; dur=82, origin; dur=35
Server-Timing: inner; dur=32
X-Parent-Response-Time: 116,95.101.134.116

{"code": 0, "message": "OK", "request_id": "20250116112854C05290FADB851FC12EA1", "data": {}}
2025-01-16T11:28:54+00:00 DEBUG Tt4b_Pixel_Class::inject_view_content_event: hit ViewContent
2025-01-16T11:28:54+00:00 DEBUG POST: https://business-api.tiktok.com/open_api/v1.3/event/track/

{"partner_name":"WooCommerce","event_source":"web","event_source_id":"CSM79Q3C77UAG1T340I0","data":[{"event":"ViewContent","event_id":"6788ed76403fe_tt4b_woocommerce_670666209cf1f_4337","event_time":1737026934,"user":{"ip":"62.210.13.154","user_agent":"WP Rocket\/Preload","locale":"ar","external_id":"0","email":"e3b0c44298fc1c149afbf4c8996fb92427ae41e4649b934ca495991b7852b855","phone_number":"e3b0c44298fc1c149afbf4c8996fb92427ae41e4649b934ca495991b7852b855","first_name":"e3b0c44298fc1c149afbf4c8996fb92427ae41e4649b934ca495991b7852b855","last_name":"e3b0c44298fc1c149afbf4c8996fb92427ae41e4649b934ca495991b7852b855","zip_code":"e3b0c44298fc1c149afbf4c8996fb92427ae41e4649b934ca495991b7852b855"},"properties":{"contents":[{"price":2300,"quantity":1,"content_id":"4337","content_name":"\u0631\u0627\u064a\u0629 \u0642\u0648\u0633 \u0642\u0632\u062d","description":"","availability":"IN_STOCK","sale_price":2300,"on_sale":false}],"content_type":"product","currency":"SAR","value":2300,"event_trigger_source":"WooCommerce"},"page":{"url":"http:\/\/www.ibn-sinaa.com\/product\/rainbow-banner\/"}}]}
 ajax: no
2025-01-16T11:28:54+00:00 DEBUG Tt4b_Mapi_Class::mapi_post: Response: 

HTTP/1.1 200 OK
Server: nginx
Content-Type: application/json
Content-Length: 92
X-Tt-Logid: 202501161128543D6B804CD17601534A90
x-tt-trace-host: 018e5a586174a888928d793bdac74b79b56517d7628cf0ffdff56b078ad2cf5615e1916859531b0f5bc0df6e765bcfefcdf325f24053805c2e76638458eed85c6da3d7058f039849b8e4ca5b5eb37aaae5e108e4b1814c4543958b5043b8d89bc25a0e537a668821cb7785ef49fe8387dd
x-tt-trace-id: 00-2501161128543D6B804CD17601534A90-367901505887BF06-00
X-Origin-Response-Time: 33,23.218.219.32
X-Akamai-Request-ID: 574e7e.cc8b16e
Expires: Thu, 16 Jan 2025 11:28:54 GMT
Cache-Control: max-age=0, no-cache, no-store
Pragma: no-cache
Date: Thu, 16 Jan 2025 11:28:54 GMT
X-Cache: TCP_MISS from a95-101-134-92.deploy.akamaitechnologies.com (AkamaiGHost/11.8.0-1debf780f7d7c834933fa9689361eec6) (-)
Connection: close
X-Cache-Remote: TCP_MISS from a23-218-219-32.deploy.akamaitechnologies.com (AkamaiGHost/11.8.0-1debf780f7d7c834933fa9689361eec6) (-)
x-tt-trace-tag: id=16;cdn-cache=miss;type=dyn
Server-Timing: cdn-cache; desc=MISS, edge; dur=86, origin; dur=32
Server-Timing: inner; dur=28
X-Parent-Response-Time: 117,95.101.134.92

{"code": 0, "message": "OK", "request_id": "202501161128543D6B804CD17601534A90", "data": {}}
2025-01-16T11:28:55+00:00 DEBUG POST: https://business-api.tiktok.com/open_api/v1.3/event/track/

{"partner_name":"WooCommerce","event_source":"web","event_source_id":"CSM79Q3C77UAG1T340I0","data":[{"event":"Pageview","event_id":"6788ed773b6e9_tt4b_woocommerce_670666209cf1f","event_time":1737026935,"user":{"ip":"62.210.13.154","user_agent":"WP Rocket\/Preload","locale":"ar","external_id":"0","email":"e3b0c44298fc1c149afbf4c8996fb92427ae41e4649b934ca495991b7852b855","phone_number":"e3b0c44298fc1c149afbf4c8996fb92427ae41e4649b934ca495991b7852b855","first_name":"e3b0c44298fc1c149afbf4c8996fb92427ae41e4649b934ca495991b7852b855","last_name":"e3b0c44298fc1c149afbf4c8996fb92427ae41e4649b934ca495991b7852b855","zip_code":"e3b0c44298fc1c149afbf4c8996fb92427ae41e4649b934ca495991b7852b855"},"page":{"url":"http:\/\/www.ibn-sinaa.com\/product\/roll-up-plastic-base\/"}}]}
 ajax: no
2025-01-16T11:28:55+00:00 DEBUG Tt4b_Mapi_Class::mapi_post: Response: 

HTTP/1.1 200 OK
Server: nginx
Content-Type: application/json
Content-Length: 92
X-Tt-Logid: 202501161128557AB3E1439965D06FA09D
Server-Timing: inner; dur=22
x-tt-trace-host: 018e5a586174a888928d793bdac74b79b51a437ee89a1c03eb2011d034a2e3e9f511298c813ad91470f35d2aac921a8abb8f73b3466d9d9949ff3d917931aa6b130a094d25a229b966275bd98e4d911d1398e66b123fa284e1e6953a9e9a48f558
x-tt-trace-id: 00-2501161128557AB3E1439965D06FA09D-65B4A8A9321FA484-00
Expires: Thu, 16 Jan 2025 11:28:55 GMT
Cache-Control: max-age=0, no-cache, no-store
Pragma: no-cache
Date: Thu, 16 Jan 2025 11:28:55 GMT
X-Cache: TCP_MISS from a95-101-134-92.deploy.akamaitechnologies.com (AkamaiGHost/11.8.0-1debf780f7d7c834933fa9689361eec6) (-)
Connection: close
x-tt-trace-tag: id=16;cdn-cache=miss;type=dyn
Server-Timing: cdn-cache; desc=MISS, edge; dur=0, origin; dur=102
X-Origin-Response-Time: 102,95.101.134.92
X-Akamai-Request-ID: cc8c63c

{"code": 0, "message": "OK", "request_id": "202501161128557AB3E1439965D06FA09D", "data": {}}
2025-01-16T11:28:55+00:00 DEBUG Tt4b_Pixel_Class::inject_view_content_event: hit ViewContent
2025-01-16T11:28:55+00:00 DEBUG POST: https://business-api.tiktok.com/open_api/v1.3/event/track/

{"partner_name":"WooCommerce","event_source":"web","event_source_id":"CSM79Q3C77UAG1T340I0","data":[{"event":"ViewContent","event_id":"6788ed779404b_tt4b_woocommerce_670666209cf1f_4293","event_time":1737026935,"user":{"ip":"62.210.13.154","user_agent":"WP Rocket\/Preload","locale":"ar","external_id":"0","email":"e3b0c44298fc1c149afbf4c8996fb92427ae41e4649b934ca495991b7852b855","phone_number":"e3b0c44298fc1c149afbf4c8996fb92427ae41e4649b934ca495991b7852b855","first_name":"e3b0c44298fc1c149afbf4c8996fb92427ae41e4649b934ca495991b7852b855","last_name":"e3b0c44298fc1c149afbf4c8996fb92427ae41e4649b934ca495991b7852b855","zip_code":"e3b0c44298fc1c149afbf4c8996fb92427ae41e4649b934ca495991b7852b855"},"properties":{"contents":[{"price":180,"quantity":1,"content_id":"4293","content_name":"\u0631\u0648\u0644 \u0627\u0628 \u0642\u0627\u0639\u062f\u0629 \u0628\u0644\u0627\u0633\u062a\u064a\u0643\u0629","description":"\u0631\u0648\u0644 \u0627\u0628 \u0642\u0627\u0639\u062f\u0629 \u0628\u0644\u0627\u0633\u062a\u064a\u0643\u064a\u0629 \u062a\u0635\u0645\u064a\u0645 \u0627\u0646\u064a\u0642, \u0648\u0645\u0642\u0627\u0633\u0627\u062a \u0645\u062a\u0646\u0648\u0639\u0629.\r\n\u0627\u0644\u062e\u0627\u0645\u0629 \u0628\u0648\u0633\u062a\u0631.\r\n\u0645\u062f\u0629 \u0627\u0644\u062a\u0646\u0641\u064a\u0630: \u0645\u0646 3 \u0625\u0644\u0649 5 \u0623\u064a\u0627\u0645 \u0639\u0645\u0644 \u0628\u0639\u062f \u0627\u0639\u062a\u0645\u0627\u062f \u0627\u0644\u062a\u0635\u0645\u064a\u0645 \u0648\u0627\u0644\u0637\u0644\u0628 \u062d\u0633\u0628 \u0627\u0644\u0643\u0645\u064a\u0629 (\u062a\u0632\u064a\u062f \u0627\u0644\u0645\u062f\u0629 \u0639\u0646\u062f \u0637\u0644\u0628 \u0627\u0644\u0634\u062d\u0646).","availability":"IN_STOCK","sale_price":180,"on_sale":false}],"content_type":"product","currency":"SAR","value":180,"event_trigger_source":"WooCommerce"},"page":{"url":"http:\/\/www.ibn-sinaa.com\/product\/roll-up-plastic-base\/"}}]}
 ajax: no
2025-01-16T11:28:55+00:00 DEBUG Tt4b_Mapi_Class::mapi_post: Response: 

HTTP/1.1 200 OK
Server: nginx
Content-Type: application/json
Content-Length: 92
X-Tt-Logid: 202501161128557846880ADC4908D1F45E
x-tt-trace-host: 018e5a586174a888928d793bdac74b79b519a86797e72c2eba011e03e23beee17d332c572499d07e2904ac6c997715278ed89dd373439711fa68bba46c39717fd02009ad0bef37a2d396e4a5210c23ac9935adb3444a29aad484a739b6f49ec541c5458dfe8914345d64821e399d6ce350
x-tt-trace-id: 00-2501161128557846880ADC4908D1F45E-5DBDB3CF65F41EF9-00
X-Origin-Response-Time: 32,23.207.199.37
X-Akamai-Request-ID: ac6667d.d85ee34
Expires: Thu, 16 Jan 2025 11:28:55 GMT
Cache-Control: max-age=0, no-cache, no-store
Pragma: no-cache
Date: Thu, 16 Jan 2025 11:28:55 GMT
X-Cache: TCP_MISS from a95-101-134-116.deploy.akamaitechnologies.com (AkamaiGHost/11.8.0-1debf780f7d7c834933fa9689361eec6) (-)
Connection: close
X-Cache-Remote: TCP_MISS from a23-207-199-37.deploy.akamaitechnologies.com (AkamaiGHost/11.8.0-2d0f2d516c5d43e1487924a77ec5924a) (-)
x-tt-trace-tag: id=16;cdn-cache=miss;type=dyn
Server-Timing: cdn-cache; desc=MISS, edge; dur=80, origin; dur=32
Server-Timing: inner; dur=29
X-Parent-Response-Time: 112,95.101.134.116

{"code": 0, "message": "OK", "request_id": "202501161128557846880ADC4908D1F45E", "data": {}}
2025-01-16T11:28:57+00:00 DEBUG POST: https://business-api.tiktok.com/open_api/v1.3/event/track/

{"partner_name":"WooCommerce","event_source":"web","event_source_id":"CSM79Q3C77UAG1T340I0","data":[{"event":"Pageview","event_id":"6788ed794244a_tt4b_woocommerce_670666209cf1f","event_time":1737026937,"user":{"ip":"62.210.13.154","user_agent":"WP Rocket\/Preload","locale":"ar","external_id":"0","email":"e3b0c44298fc1c149afbf4c8996fb92427ae41e4649b934ca495991b7852b855","phone_number":"e3b0c44298fc1c149afbf4c8996fb92427ae41e4649b934ca495991b7852b855","first_name":"e3b0c44298fc1c149afbf4c8996fb92427ae41e4649b934ca495991b7852b855","last_name":"e3b0c44298fc1c149afbf4c8996fb92427ae41e4649b934ca495991b7852b855","zip_code":"e3b0c44298fc1c149afbf4c8996fb92427ae41e4649b934ca495991b7852b855"},"page":{"url":"http:\/\/ibn-sinaa.com\/terms-and-conditions\/"}}]}
 ajax: no
2025-01-16T11:28:57+00:00 DEBUG Tt4b_Mapi_Class::mapi_post: Response: 

HTTP/1.1 200 OK
Server: nginx
Content-Type: application/json
Content-Length: 92
X-Tt-Logid: 20250116112857A91918C7C402E0E984F5
x-tt-trace-host: 018e5a586174a888928d793bdac74b79b519a86797e72c2eba011e03e23beee17d5ad1055caad823ce9b7201bec580afdf6332515f113ba47d57b3d5a59253859eae5e40991fb8130bb6dfe2e4a310505be4be80b772d064ce5031e8d869a45c41503b66f8c9693bb9d71a5bf4361c3d33
x-tt-trace-id: 00-250116112857A91918C7C402E0E984F5-438E3EC2A5E2EC15-00
X-Origin-Response-Time: 21,23.207.199.55
X-Akamai-Request-ID: 7d61aaf.d860edf
Expires: Thu, 16 Jan 2025 11:28:57 GMT
Cache-Control: max-age=0, no-cache, no-store
Pragma: no-cache
Date: Thu, 16 Jan 2025 11:28:57 GMT
X-Cache: TCP_MISS from a95-101-134-116.deploy.akamaitechnologies.com (AkamaiGHost/11.8.0-1debf780f7d7c834933fa9689361eec6) (-)
Connection: close
X-Cache-Remote: TCP_MISS from a23-207-199-55.deploy.akamaitechnologies.com (AkamaiGHost/11.8.0-1debf780f7d7c834933fa9689361eec6) (-)
x-tt-trace-tag: id=16;cdn-cache=miss;type=dyn
Server-Timing: cdn-cache; desc=MISS, edge; dur=83, origin; dur=20
Server-Timing: inner; dur=15
X-Parent-Response-Time: 103,95.101.134.116

{"code": 0, "message": "OK", "request_id": "20250116112857A91918C7C402E0E984F5", "data": {}}
2025-01-16T11:28:58+00:00 DEBUG POST: https://business-api.tiktok.com/open_api/v1.3/event/track/

{"partner_name":"WooCommerce","event_source":"web","event_source_id":"CSM79Q3C77UAG1T340I0","data":[{"event":"Pageview","event_id":"6788ed7aa1d35_tt4b_woocommerce_670666209cf1f","event_time":1737026938,"user":{"ip":"62.210.13.154","user_agent":"WP Rocket\/Preload","locale":"ar","external_id":"0","email":"e3b0c44298fc1c149afbf4c8996fb92427ae41e4649b934ca495991b7852b855","phone_number":"e3b0c44298fc1c149afbf4c8996fb92427ae41e4649b934ca495991b7852b855","first_name":"e3b0c44298fc1c149afbf4c8996fb92427ae41e4649b934ca495991b7852b855","last_name":"e3b0c44298fc1c149afbf4c8996fb92427ae41e4649b934ca495991b7852b855","zip_code":"e3b0c44298fc1c149afbf4c8996fb92427ae41e4649b934ca495991b7852b855"},"page":{"url":"http:\/\/ibn-sinaa.com\/return-policy\/"}}]}
 ajax: no
2025-01-16T11:28:58+00:00 DEBUG Tt4b_Mapi_Class::mapi_post: Response: 

HTTP/1.1 200 OK
Server: nginx
Content-Type: application/json
Content-Length: 92
X-Tt-Logid: 20250116112858F326A95849CAD6B1E1A2
x-tt-trace-host: 018e5a586174a888928d793bdac74b79b519a86797e72c2eba011e03e23beee17d4d203a6345bbdb83cce71111a766a3caef53dff0fc6fc065c9ca1c927adfe556c9bd5d4b2d19baf0b501b3883b2aefedd94f01a9328fa80ed7d2f7072d0c845de8f85c5d7a0829b76d956981e4608db9
x-tt-trace-id: 00-250116112858F326A95849CAD6B1E1A2-616E1BFE6CEB901D-00
X-Origin-Response-Time: 41,23.32.17.37
X-Akamai-Request-ID: b466e94.d862770
Expires: Thu, 16 Jan 2025 11:28:58 GMT
Cache-Control: max-age=0, no-cache, no-store
Pragma: no-cache
Date: Thu, 16 Jan 2025 11:28:58 GMT
X-Cache: TCP_MISS from a95-101-134-116.deploy.akamaitechnologies.com (AkamaiGHost/11.8.0-1debf780f7d7c834933fa9689361eec6) (-)
Connection: close
X-Cache-Remote: TCP_MISS from a23-32-17-37.deploy.akamaitechnologies.com (AkamaiGHost/11.8.0-1debf780f7d7c834933fa9689361eec6) (-)
x-tt-trace-tag: id=16;cdn-cache=miss;type=dyn
Server-Timing: cdn-cache; desc=MISS, edge; dur=95, origin; dur=41
Server-Timing: inner; dur=37
X-Parent-Response-Time: 135,95.101.134.116

{"code": 0, "message": "OK", "request_id": "20250116112858F326A95849CAD6B1E1A2", "data": {}}
2025-01-16T11:29:00+00:00 DEBUG POST: https://business-api.tiktok.com/open_api/v1.3/event/track/

{"partner_name":"WooCommerce","event_source":"web","event_source_id":"CSM79Q3C77UAG1T340I0","data":[{"event":"Pageview","event_id":"6788ed7c2c446_tt4b_woocommerce_670666209cf1f","event_time":1737026940,"user":{"ip":"62.210.13.154","user_agent":"WP Rocket\/Preload","locale":"ar","external_id":"0","email":"e3b0c44298fc1c149afbf4c8996fb92427ae41e4649b934ca495991b7852b855","phone_number":"e3b0c44298fc1c149afbf4c8996fb92427ae41e4649b934ca495991b7852b855","first_name":"e3b0c44298fc1c149afbf4c8996fb92427ae41e4649b934ca495991b7852b855","last_name":"e3b0c44298fc1c149afbf4c8996fb92427ae41e4649b934ca495991b7852b855","zip_code":"e3b0c44298fc1c149afbf4c8996fb92427ae41e4649b934ca495991b7852b855"},"page":{"url":"http:\/\/ibn-sinaa.com\/about\/"}}]}
 ajax: no
2025-01-16T11:29:00+00:00 DEBUG Tt4b_Mapi_Class::mapi_post: Response: 

HTTP/1.1 200 OK
Server: nginx
Content-Type: application/json
Content-Length: 92
X-Tt-Logid: 202501161129000D946CBD540303EC5BCD
x-tt-trace-host: 018e5a586174a888928d793bdac74b79b56517d7628cf0ffdff56b078ad2cf56152f03c9e69e88f33da8dbb68229ec77ae3c9b788e7513d0f2c0ad540613c545fe2b7fc22ac3bf75b12404244b26d40aafc4e57d10462f7a8dead76c6e2d4efce7ef3b6a2f09ffad6465b38d59e706586a
x-tt-trace-id: 00-2501161129000D946CBD540303EC5BCD-58E3755E3FE83CC0-00
X-Origin-Response-Time: 35,23.207.199.52
X-Akamai-Request-ID: 6209013.cc92d3a
Expires: Thu, 16 Jan 2025 11:29:00 GMT
Cache-Control: max-age=0, no-cache, no-store
Pragma: no-cache
Date: Thu, 16 Jan 2025 11:29:00 GMT
X-Cache: TCP_MISS from a95-101-134-92.deploy.akamaitechnologies.com (AkamaiGHost/11.8.0-1debf780f7d7c834933fa9689361eec6) (-)
Connection: close
X-Cache-Remote: TCP_MISS from a23-207-199-52.deploy.akamaitechnologies.com (AkamaiGHost/11.8.0-1debf780f7d7c834933fa9689361eec6) (-)
x-tt-trace-tag: id=16;cdn-cache=miss;type=dyn
Server-Timing: cdn-cache; desc=MISS, edge; dur=84, origin; dur=35
Server-Timing: inner; dur=32
X-Parent-Response-Time: 117,95.101.134.92

{"code": 0, "message": "OK", "request_id": "202501161129000D946CBD540303EC5BCD", "data": {}}
2025-01-16T11:29:01+00:00 DEBUG POST: https://business-api.tiktok.com/open_api/v1.3/event/track/

{"partner_name":"WooCommerce","event_source":"web","event_source_id":"CSM79Q3C77UAG1T340I0","data":[{"event":"Pageview","event_id":"6788ed7d160ee_tt4b_woocommerce_670666209cf1f","event_time":1737026941,"user":{"ip":"62.210.13.154","user_agent":"WP Rocket\/Preload","locale":"ar","external_id":"0","email":"e3b0c44298fc1c149afbf4c8996fb92427ae41e4649b934ca495991b7852b855","phone_number":"e3b0c44298fc1c149afbf4c8996fb92427ae41e4649b934ca495991b7852b855","first_name":"e3b0c44298fc1c149afbf4c8996fb92427ae41e4649b934ca495991b7852b855","last_name":"e3b0c44298fc1c149afbf4c8996fb92427ae41e4649b934ca495991b7852b855","zip_code":"e3b0c44298fc1c149afbf4c8996fb92427ae41e4649b934ca495991b7852b855"},"page":{"url":"http:\/\/ibn-sinaa.com\/product\/roll-up-printing\/"}}]}
 ajax: no
2025-01-16T11:29:01+00:00 DEBUG Tt4b_Mapi_Class::mapi_post: Response: 

HTTP/1.1 200 OK
Server: nginx
Content-Type: application/json
Content-Length: 92
X-Tt-Logid: 202501161129018C6187F9419903231C45
Server-Timing: inner; dur=24
x-tt-trace-host: 018e5a586174a888928d793bdac74b79b520593bf434961dbceff88e4b17f9a1569e3ded50cffa8189fb5c667bde4f88fd586762547fa5aeaf1e9825c3facb1d616eadfa65f9186c8a14adc4e0dce51974a3caff08545fc04515d8579fcab5ee83
x-tt-trace-id: 00-2501161129018C6187F9419903231C45-197F3293703199D8-00
Expires: Thu, 16 Jan 2025 11:29:01 GMT
Cache-Control: max-age=0, no-cache, no-store
Pragma: no-cache
Date: Thu, 16 Jan 2025 11:29:01 GMT
X-Cache: TCP_MISS from a95-101-134-116.deploy.akamaitechnologies.com (AkamaiGHost/11.8.0-1debf780f7d7c834933fa9689361eec6) (-)
Connection: close
x-tt-trace-tag: id=16;cdn-cache=miss;type=dyn
Server-Timing: cdn-cache; desc=MISS, edge; dur=2, origin; dur=103
X-Origin-Response-Time: 104,95.101.134.116
X-Akamai-Request-ID: d8653e0

{"code": 0, "message": "OK", "request_id": "202501161129018C6187F9419903231C45", "data": {}}
2025-01-16T11:29:01+00:00 DEBUG Tt4b_Pixel_Class::inject_view_content_event: hit ViewContent
2025-01-16T11:29:01+00:00 DEBUG POST: https://business-api.tiktok.com/open_api/v1.3/event/track/

{"partner_name":"WooCommerce","event_source":"web","event_source_id":"CSM79Q3C77UAG1T340I0","data":[{"event":"ViewContent","event_id":"6788ed7d5270a_tt4b_woocommerce_670666209cf1f_3667","event_time":1737026941,"user":{"ip":"62.210.13.154","user_agent":"WP Rocket\/Preload","locale":"ar","external_id":"0","email":"e3b0c44298fc1c149afbf4c8996fb92427ae41e4649b934ca495991b7852b855","phone_number":"e3b0c44298fc1c149afbf4c8996fb92427ae41e4649b934ca495991b7852b855","first_name":"e3b0c44298fc1c149afbf4c8996fb92427ae41e4649b934ca495991b7852b855","last_name":"e3b0c44298fc1c149afbf4c8996fb92427ae41e4649b934ca495991b7852b855","zip_code":"e3b0c44298fc1c149afbf4c8996fb92427ae41e4649b934ca495991b7852b855"},"properties":{"contents":[{"price":120,"quantity":1,"content_id":"3667","content_name":"\u0637\u0628\u0627\u0639\u0629 \u0631\u0648\u0644 \u0627\u0628","description":"\u0631\u0648\u0644 \u0627\u0628 \u0645\u0642\u0627\u0633\u0627\u062a \u0645\u062a\u0646\u0648\u0639\u0629.\r\n\u0627\u0644\u062e\u0627\u0645\u0629 \u0628\u0648\u0633\u062a\u0631.\r\n\u0645\u062f\u0629 \u0627\u0644\u062a\u0646\u0641\u064a\u0630: \u0645\u0646 3 \u0625\u0644\u0649 5 \u0623\u064a\u0627\u0645 \u0639\u0645\u0644 \u0628\u0639\u062f \u0627\u0639\u062a\u0645\u0627\u062f \u0627\u0644\u062a\u0635\u0645\u064a\u0645 \u0648\u0627\u0644\u0637\u0644\u0628 \u062d\u0633\u0628 \u0627\u0644\u0643\u0645\u064a\u0629 (\u062a\u0632\u064a\u062f \u0627\u0644\u0645\u062f\u0629 \u0639\u0646\u062f \u0637\u0644\u0628 \u0627\u0644\u0634\u062d\u0646).","availability":"IN_STOCK","sale_price":120,"on_sale":false}],"content_type":"product","currency":"SAR","value":120,"event_trigger_source":"WooCommerce"},"page":{"url":"http:\/\/ibn-sinaa.com\/product\/roll-up-printing\/"}}]}
 ajax: no
2025-01-16T11:29:01+00:00 DEBUG Tt4b_Mapi_Class::mapi_post: Response: 

HTTP/1.1 200 OK
Server: nginx
Content-Type: application/json
Content-Length: 92
X-Tt-Logid: 2025011611290161A319BA38F6D15E2875
x-tt-trace-host: 018e5a586174a888928d793bdac74b79b519a86797e72c2eba011e03e23beee17d3ec2d2654006fdd9f9003a3a3e45afd96afcf315cadef0fed2e791454317b788cc7bb66dd853bbe766a72d364fa03cd3c2bfca8b8b45268dbeba914bc28a4b7063802f6b5561bbc06a80b8b143373e78
x-tt-trace-id: 00-25011611290161A319BA38F6D15E2875-37D64A337CC8551F-00
X-Origin-Response-Time: 28,23.207.199.54
X-Akamai-Request-ID: 2152432d.d865868
Expires: Thu, 16 Jan 2025 11:29:01 GMT
Cache-Control: max-age=0, no-cache, no-store
Pragma: no-cache
Date: Thu, 16 Jan 2025 11:29:01 GMT
X-Cache: TCP_MISS from a95-101-134-116.deploy.akamaitechnologies.com (AkamaiGHost/11.8.0-1debf780f7d7c834933fa9689361eec6) (-)
Connection: close
X-Cache-Remote: TCP_MISS from a23-207-199-54.deploy.akamaitechnologies.com (AkamaiGHost/11.8.0-1debf780f7d7c834933fa9689361eec6) (-)
x-tt-trace-tag: id=16;cdn-cache=miss;type=dyn
Server-Timing: cdn-cache; desc=MISS, edge; dur=81, origin; dur=28
Server-Timing: inner; dur=25
X-Parent-Response-Time: 108,95.101.134.116

{"code": 0, "message": "OK", "request_id": "2025011611290161A319BA38F6D15E2875", "data": {}}
2025-01-16T11:31:30+00:00 DEBUG Tt4b_Pixel_Class::inject_add_to_cart_event: hit AddToCart
2025-01-16T11:31:30+00:00 DEBUG POST: https://business-api.tiktok.com/open_api/v1.3/event/track/

{"partner_name":"WooCommerce","event_source":"web","event_source_id":"CSM79Q3C77UAG1T340I0","data":[{"event":"AddToCart","event_id":"6788ee1265c1c_tt4b_woocommerce_670666209cf1f_SKU_199","event_time":1737027090,"user":{"ip":"54.36.149.69","user_agent":"Mozilla\/5.0 (compatible; AhrefsBot\/7.0; +http:\/\/ahrefs.com\/robot\/)","locale":"ar","external_id":"0","email":"e3b0c44298fc1c149afbf4c8996fb92427ae41e4649b934ca495991b7852b855","phone_number":"e3b0c44298fc1c149afbf4c8996fb92427ae41e4649b934ca495991b7852b855","first_name":"e3b0c44298fc1c149afbf4c8996fb92427ae41e4649b934ca495991b7852b855","last_name":"e3b0c44298fc1c149afbf4c8996fb92427ae41e4649b934ca495991b7852b855","zip_code":"e3b0c44298fc1c149afbf4c8996fb92427ae41e4649b934ca495991b7852b855"},"properties":{"contents":[{"price":0,"quantity":1,"content_id":"SKU_199","content_name":"\u0637\u0628\u0627\u0639\u0629 \u0628\u0631\u0634\u0648\u0631 \u0645\u0637\u0648\u064a\u0629 A4","description":"\u0628\u0631\u0648\u0634\u0648\u0631 \u0645\u0637\u0648\u064a \u062d\u0633\u0628 \u062a\u0635\u0645\u064a\u0645 \u0627\u0644\u0639\u0645\u064a\u0644 \u0648\u0631\u0642 \u0643\u0648\u0634\u064a\u0647 \u0645\u0637\u0641\u064a 150 \u062c\u0631\u0627\u0645.\r\n\u0645\u062f\u0629 \u0627\u0644\u062a\u0646\u0641\u064a\u0630 \u0627\u0644\u0645\u062a\u0648\u0642\u0639\u0629: 3 \u2013 5 \u0623\u064a\u0627\u0645 \u0639\u0645\u0644 \u0628\u0639\u062f \u062a\u0623\u0643\u064a\u062f \u0627\u0644\u0637\u0644\u0628 \u0648\u0627\u0644\u062a\u0635\u0645\u064a\u0645 \u0648\u062d\u0633\u0628 \u0627\u0644\u0643\u0645\u064a\u0629 (\u062a\u0632\u064a\u062f \u0627\u0644\u0645\u062f\u0629 \u0639\u0646\u062f \u0637\u0644\u0628 \u0627\u0644\u0634\u062d\u0646).","availability":"IN_STOCK","sale_price":0,"on_sale":false}],"content_type":"product","currency":"SAR","value":0,"event_trigger_source":"WooCommerce"},"page":{"url":"http:\/\/mail.ibn-sinaa.com\/product-category\/digital-printing\/brochures\/?add-to-cart=199"}}]}
 ajax: no
2025-01-16T11:31:30+00:00 DEBUG Tt4b_Mapi_Class::mapi_post: Response: 

HTTP/1.1 200 OK
Server: nginx
Content-Type: application/json
Content-Length: 92
X-Tt-Logid: 20250116113130ADA05971D94FFFAF1B63
x-tt-trace-host: 018e5a586174a888928d793bdac74b79b56517d7628cf0ffdff56b078ad2cf5615ec7361c839890d9f40e34b372e9e4f4199f6ab13872a0e391ce1512c510a7a1aa1f90c84d46e599dadf38603ba68d99c8fa584cc47cde51585a15cb6acb4fc773e9cc94212ce8868069f4898585ab2a7
x-tt-trace-id: 00-250116113130ADA05971D94FFFAF1B63-4B1093E78F25EC34-00
X-Origin-Response-Time: 46,23.222.2.17
X-Akamai-Request-ID: ef1315a.cd6e774
Expires: Thu, 16 Jan 2025 11:31:30 GMT
Cache-Control: max-age=0, no-cache, no-store
Pragma: no-cache
Date: Thu, 16 Jan 2025 11:31:30 GMT
X-Cache: TCP_MISS from a95-101-134-92.deploy.akamaitechnologies.com (AkamaiGHost/11.8.0-1debf780f7d7c834933fa9689361eec6) (-)
Connection: close
X-Cache-Remote: TCP_MISS from a23-222-2-17.deploy.akamaitechnologies.com (AkamaiGHost/11.8.0-1debf780f7d7c834933fa9689361eec6) (-)
x-tt-trace-tag: id=16;cdn-cache=miss;type=dyn
Server-Timing: cdn-cache; desc=MISS, edge; dur=97, origin; dur=45
Server-Timing: inner; dur=39
X-Parent-Response-Time: 140,95.101.134.92

{"code": 0, "message": "OK", "request_id": "20250116113130ADA05971D94FFFAF1B63", "data": {}}
2025-01-16T11:31:31+00:00 DEBUG POST: https://business-api.tiktok.com/open_api/v1.3/event/track/

{"partner_name":"WooCommerce","event_source":"web","event_source_id":"CSM79Q3C77UAG1T340I0","data":[{"event":"Pageview","event_id":"6788ee1308094_tt4b_woocommerce_670666209cf1f","event_time":1737027091,"user":{"ip":"54.36.149.69","user_agent":"Mozilla\/5.0 (compatible; AhrefsBot\/7.0; +http:\/\/ahrefs.com\/robot\/)","locale":"ar","external_id":"0","email":"e3b0c44298fc1c149afbf4c8996fb92427ae41e4649b934ca495991b7852b855","phone_number":"e3b0c44298fc1c149afbf4c8996fb92427ae41e4649b934ca495991b7852b855","first_name":"e3b0c44298fc1c149afbf4c8996fb92427ae41e4649b934ca495991b7852b855","last_name":"e3b0c44298fc1c149afbf4c8996fb92427ae41e4649b934ca495991b7852b855","zip_code":"e3b0c44298fc1c149afbf4c8996fb92427ae41e4649b934ca495991b7852b855"},"page":{"url":"http:\/\/mail.ibn-sinaa.com\/product-category\/digital-printing\/brochures\/?add-to-cart=199"}}]}
 ajax: no
2025-01-16T11:31:31+00:00 DEBUG Tt4b_Mapi_Class::mapi_post: Response: 

HTTP/1.1 200 OK
Server: nginx
Content-Type: application/json
Content-Length: 92
X-Tt-Logid: 202501161131319F973ADBF7AFF96752EF
Server-Timing: inner; dur=25
x-tt-trace-host: 018e5a586174a888928d793bdac74b79b520593bf434961dbceff88e4b17f9a156679fb81a73b37eb229ec5a6e73dde3e01856f097fbb407e776a2c9f5e83de125420b3d56850bc2d25fcacea4efec7a6d26e9f65e354cab77f46e90bd76faeb4f
x-tt-trace-id: 00-2501161131319F973ADBF7AFF96752EF-0333B54C826C3725-00
Expires: Thu, 16 Jan 2025 11:31:31 GMT
Cache-Control: max-age=0, no-cache, no-store
Pragma: no-cache
Date: Thu, 16 Jan 2025 11:31:31 GMT
X-Cache: TCP_MISS from a95-101-134-116.deploy.akamaitechnologies.com (AkamaiGHost/11.8.0-1debf780f7d7c834933fa9689361eec6) (-)
Connection: close
x-tt-trace-tag: id=16;cdn-cache=miss;type=dyn
Server-Timing: cdn-cache; desc=MISS, edge; dur=0, origin; dur=105
X-Origin-Response-Time: 105,95.101.134.116
X-Akamai-Request-ID: d931bd9

{"code": 0, "message": "OK", "request_id": "202501161131319F973ADBF7AFF96752EF", "data": {}}
2025-01-16T11:31:36+00:00 DEBUG POST: https://business-api.tiktok.com/open_api/v1.3/event/track/

{"partner_name":"WooCommerce","event_source":"web","event_source_id":"CSM79Q3C77UAG1T340I0","data":[{"event":"Pageview","event_id":"6788ee18622dc_tt4b_woocommerce_670666209cf1f","event_time":1737027096,"user":{"ip":"62.210.13.154","user_agent":"WP Rocket\/Preload","locale":"ar","external_id":"0","email":"e3b0c44298fc1c149afbf4c8996fb92427ae41e4649b934ca495991b7852b855","phone_number":"e3b0c44298fc1c149afbf4c8996fb92427ae41e4649b934ca495991b7852b855","first_name":"e3b0c44298fc1c149afbf4c8996fb92427ae41e4649b934ca495991b7852b855","last_name":"e3b0c44298fc1c149afbf4c8996fb92427ae41e4649b934ca495991b7852b855","zip_code":"e3b0c44298fc1c149afbf4c8996fb92427ae41e4649b934ca495991b7852b855"},"page":{"url":"http:\/\/www.ibn-sinaa.com\/product\/roller-blinds\/"}}]}
 ajax: no
2025-01-16T11:31:36+00:00 DEBUG Tt4b_Mapi_Class::mapi_post: Response: 

HTTP/1.1 200 OK
Server: nginx
Content-Type: application/json
Content-Length: 92
X-Tt-Logid: 2025011611313638A92489801C7BCAD345
Server-Timing: inner; dur=18
x-tt-trace-host: 018e5a586174a888928d793bdac74b79b520593bf434961dbceff88e4b17f9a156c84306ea4ea886d9898e572c5ddb660b43f471a002b132512e99f7d3f4886f10cd80b221b1d392e1ca66e19b3000c27c4082ad6e321fcbb7c2439c38551faba9
x-tt-trace-id: 00-25011611313638A92489801C7BCAD345-64B7BA1C30DDD9D6-00
Expires: Thu, 16 Jan 2025 11:31:36 GMT
Cache-Control: max-age=0, no-cache, no-store
Pragma: no-cache
Date: Thu, 16 Jan 2025 11:31:36 GMT
X-Cache: TCP_MISS from a95-101-134-116.deploy.akamaitechnologies.com (AkamaiGHost/11.8.0-1debf780f7d7c834933fa9689361eec6) (-)
Connection: close
x-tt-trace-tag: id=16;cdn-cache=miss;type=dyn
Server-Timing: cdn-cache; desc=MISS, edge; dur=0, origin; dur=99
X-Origin-Response-Time: 99,95.101.134.116
X-Akamai-Request-ID: d938f02

{"code": 0, "message": "OK", "request_id": "2025011611313638A92489801C7BCAD345", "data": {}}
2025-01-16T11:31:36+00:00 DEBUG Tt4b_Pixel_Class::inject_view_content_event: hit ViewContent
2025-01-16T11:31:36+00:00 DEBUG POST: https://business-api.tiktok.com/open_api/v1.3/event/track/

{"partner_name":"WooCommerce","event_source":"web","event_source_id":"CSM79Q3C77UAG1T340I0","data":[{"event":"ViewContent","event_id":"6788ee18959bd_tt4b_woocommerce_670666209cf1f_4289","event_time":1737027096,"user":{"ip":"62.210.13.154","user_agent":"WP Rocket\/Preload","locale":"ar","external_id":"0","email":"e3b0c44298fc1c149afbf4c8996fb92427ae41e4649b934ca495991b7852b855","phone_number":"e3b0c44298fc1c149afbf4c8996fb92427ae41e4649b934ca495991b7852b855","first_name":"e3b0c44298fc1c149afbf4c8996fb92427ae41e4649b934ca495991b7852b855","last_name":"e3b0c44298fc1c149afbf4c8996fb92427ae41e4649b934ca495991b7852b855","zip_code":"e3b0c44298fc1c149afbf4c8996fb92427ae41e4649b934ca495991b7852b855"},"properties":{"contents":[{"price":230,"quantity":1,"content_id":"4289","content_name":"\u0633\u062a\u0627\u064a\u0631 \u0631\u0648\u0644","description":"\u0633\u062a\u0627\u064a\u0631 \u0631\u0648\u0644 \u062a\u0635\u0645\u064a\u0645 \u0627\u0646\u064a\u0642, \u0648\u0645\u0642\u0627\u0633\u0627\u062a \u0645\u062a\u0646\u0648\u0639\u0629.\r\n\u0627\u0644\u062e\u0627\u0645\u0629 \u0628\u0648\u0633\u062a\u0631.\r\n\u0645\u062f\u0629 \u0627\u0644\u062a\u0646\u0641\u064a\u0630: \u0645\u0646 3 \u0625\u0644\u0649 5 \u0623\u064a\u0627\u0645 \u0639\u0645\u0644 \u0628\u0639\u062f \u0627\u0639\u062a\u0645\u0627\u062f \u0627\u0644\u062a\u0635\u0645\u064a\u0645 \u0648\u0627\u0644\u0637\u0644\u0628 \u062d\u0633\u0628 \u0627\u0644\u0643\u0645\u064a\u0629 (\u062a\u0632\u064a\u062f \u0627\u0644\u0645\u062f\u0629 \u0639\u0646\u062f \u0637\u0644\u0628 \u0627\u0644\u0634\u062d\u0646).","availability":"IN_STOCK","sale_price":230,"on_sale":false}],"content_type":"product","currency":"SAR","value":230,"event_trigger_source":"WooCommerce"},"page":{"url":"http:\/\/www.ibn-sinaa.com\/product\/roller-blinds\/"}}]}
 ajax: no
2025-01-16T11:31:36+00:00 DEBUG Tt4b_Mapi_Class::mapi_post: Response: 

HTTP/1.1 200 OK
Server: nginx
Content-Type: application/json
Content-Length: 92
X-Tt-Logid: 20250116113136947A06BEBD14D4D42A16
x-tt-trace-host: 018e5a586174a888928d793bdac74b79b56517d7628cf0ffdff56b078ad2cf5615ec7361c839890d9f40e34b372e9e4f410ae575b718e5de4636105e2de9d4a8422aa48d979782fb421e9117ca0f574ac497bb13eec1245a302ec5557696e751c273c401f3835fc5472f3e7d8728c9bf0f
x-tt-trace-id: 00-250116113136947A06BEBD14D4D42A16-79EDB31E4F5237AD-00
X-Origin-Response-Time: 43,23.222.2.17
X-Akamai-Request-ID: ef1dd3d.cd77ab3
Expires: Thu, 16 Jan 2025 11:31:36 GMT
Cache-Control: max-age=0, no-cache, no-store
Pragma: no-cache
Date: Thu, 16 Jan 2025 11:31:36 GMT
X-Cache: TCP_MISS from a95-101-134-92.deploy.akamaitechnologies.com (AkamaiGHost/11.8.0-1debf780f7d7c834933fa9689361eec6) (-)
Connection: close
X-Cache-Remote: TCP_MISS from a23-222-2-17.deploy.akamaitechnologies.com (AkamaiGHost/11.8.0-1debf780f7d7c834933fa9689361eec6) (-)
x-tt-trace-tag: id=16;cdn-cache=miss;type=dyn
Server-Timing: cdn-cache; desc=MISS, edge; dur=85, origin; dur=41
Server-Timing: inner; dur=37
X-Parent-Response-Time: 126,95.101.134.92

{"code": 0, "message": "OK", "request_id": "20250116113136947A06BEBD14D4D42A16", "data": {}}
2025-01-16T11:31:41+00:00 DEBUG POST: https://business-api.tiktok.com/open_api/v1.3/event/track/

{"partner_name":"WooCommerce","event_source":"web","event_source_id":"CSM79Q3C77UAG1T340I0","data":[{"event":"Pageview","event_id":"6788ee1d341f9_tt4b_woocommerce_670666209cf1f","event_time":1737027101,"user":{"ip":"62.210.13.154","user_agent":"WP Rocket\/Preload","locale":"ar","external_id":"0","email":"e3b0c44298fc1c149afbf4c8996fb92427ae41e4649b934ca495991b7852b855","phone_number":"e3b0c44298fc1c149afbf4c8996fb92427ae41e4649b934ca495991b7852b855","first_name":"e3b0c44298fc1c149afbf4c8996fb92427ae41e4649b934ca495991b7852b855","last_name":"e3b0c44298fc1c149afbf4c8996fb92427ae41e4649b934ca495991b7852b855","zip_code":"e3b0c44298fc1c149afbf4c8996fb92427ae41e4649b934ca495991b7852b855"},"page":{"url":"http:\/\/ibn-sinaa.com\/product\/velvet-desk-adventure-calendar\/"}}]}
 ajax: no
2025-01-16T11:31:41+00:00 DEBUG Tt4b_Mapi_Class::mapi_post: Response: 

HTTP/1.1 200 OK
Server: nginx
Content-Type: application/json
Content-Length: 92
X-Tt-Logid: 2025011611314112D43E0C86A9C4646BFE
x-tt-trace-host: 018e5a586174a888928d793bdac74b79b56517d7628cf0ffdff56b078ad2cf56154c2b3a5442da9b805971ab070c9aa4d043c28cb89b9045ef88bef601912413b143840966f24062d44f52f0c3d073154a7777d7fa6591bc01c5764f04cc7ff7cf41bcfb740ca95b29e1baab341b2f1285
x-tt-trace-id: 00-25011611314112D43E0C86A9C4646BFE-08979E606E2A7E2C-00
X-Origin-Response-Time: 27,23.222.2.25
X-Akamai-Request-ID: 237378e6.cd7e718
Expires: Thu, 16 Jan 2025 11:31:41 GMT
Cache-Control: max-age=0, no-cache, no-store
Pragma: no-cache
Date: Thu, 16 Jan 2025 11:31:41 GMT
X-Cache: TCP_MISS from a95-101-134-92.deploy.akamaitechnologies.com (AkamaiGHost/11.8.0-1debf780f7d7c834933fa9689361eec6) (-)
Connection: close
X-Cache-Remote: TCP_MISS from a23-222-2-25.deploy.akamaitechnologies.com (AkamaiGHost/11.8.0-1debf780f7d7c834933fa9689361eec6) (-)
x-tt-trace-tag: id=16;cdn-cache=miss;type=dyn
Server-Timing: cdn-cache; desc=MISS, edge; dur=93, origin; dur=27
Server-Timing: inner; dur=23
X-Parent-Response-Time: 117,95.101.134.92

{"code": 0, "message": "OK", "request_id": "2025011611314112D43E0C86A9C4646BFE", "data": {}}
2025-01-16T11:31:41+00:00 DEBUG Tt4b_Pixel_Class::inject_view_content_event: hit ViewContent
2025-01-16T11:31:41+00:00 DEBUG POST: https://business-api.tiktok.com/open_api/v1.3/event/track/

{"partner_name":"WooCommerce","event_source":"web","event_source_id":"CSM79Q3C77UAG1T340I0","data":[{"event":"ViewContent","event_id":"6788ee1d6f536_tt4b_woocommerce_670666209cf1f_4445","event_time":1737027101,"user":{"ip":"62.210.13.154","user_agent":"WP Rocket\/Preload","locale":"ar","external_id":"0","email":"e3b0c44298fc1c149afbf4c8996fb92427ae41e4649b934ca495991b7852b855","phone_number":"e3b0c44298fc1c149afbf4c8996fb92427ae41e4649b934ca495991b7852b855","first_name":"e3b0c44298fc1c149afbf4c8996fb92427ae41e4649b934ca495991b7852b855","last_name":"e3b0c44298fc1c149afbf4c8996fb92427ae41e4649b934ca495991b7852b855","zip_code":"e3b0c44298fc1c149afbf4c8996fb92427ae41e4649b934ca495991b7852b855"},"properties":{"contents":[{"price":69,"quantity":1,"content_id":"4445","content_name":"\u062a\u0642\u0648\u064a\u0645 \u0645\u064a\u0644\u0627\u062f\u064a \u0645\u0643\u062a\u0628\u064a \u0645\u062e\u0645\u0644\u064a","description":"\u062a\u0642\u0648\u064a\u0645 \u0645\u064a\u0644\u0627\u062f\u064a \u0645\u0643\u062a\u0628\u064a \u0645\u062e\u0645\u0644\u064a: \u062a\u0635\u0645\u064a\u0645 \u0639\u0635\u0631\u064a \u0648\u0623\u0646\u064a\u0642\u060c \u0645\u0635\u0646\u0648\u0639 \u0645\u0646 \u0627\u0644\u0623\u0643\u0631\u064a\u0644\u064a\u0643 \u0627\u0644\u0645\u062a\u064a\u0646 \u0628\u0648\u0636\u0648\u062d \u0627\u0633\u062a\u062b\u0646\u0627\u0626\u064a \u0644\u0644\u0643\u062a\u0627\u0628\u0629 \u0648\u0627\u0644\u0631\u0624\u064a\u0629\u060c \u064a\u0636\u064a\u0641 \u0644\u0645\u0633\u0629 \u0645\u0646 \u0627\u0644\u0641\u062e\u0627\u0645\u0629 \u0648\u0627\u0644\u062a\u0646\u0638\u064a\u0645 \u0644\u0645\u0643\u062a\u0628\u0643. \u0645\u062b\u0627\u0644\u064a \u0644\u062a\u0646\u0638\u064a\u0645 \u0627\u0644\u0645\u0648\u0627\u0639\u064a\u062f \u0648\u0627\u0644\u0627\u062c\u062a\u0645\u0627\u0639\u0627\u062a\u060c \u0648\u064a\u0636\u0641\u064a \u062c\u0627\u0630\u0628\u064a\u0629 \u0639\u0644\u0649 \u0645\u0633\u0627\u062d\u0629 \u0627\u0644\u0639\u0645\u0644 \u0627\u0644\u062e\u0627\u0635\u0629 \u0628\u0643.","availability":"IN_STOCK","sale_price":69,"on_sale":false}],"content_type":"product","currency":"SAR","value":69,"event_trigger_source":"WooCommerce"},"page":{"url":"http:\/\/ibn-sinaa.com\/product\/velvet-desk-adventure-calendar\/"}}]}
 ajax: no
2025-01-16T11:31:41+00:00 DEBUG Tt4b_Mapi_Class::mapi_post: Response: 

HTTP/1.1 200 OK
Server: nginx
Content-Type: application/json
Content-Length: 92
X-Tt-Logid: 202501161131414A284F722694358FB995
x-tt-trace-host: 018e5a586174a888928d793bdac74b79b519a86797e72c2eba011e03e23beee17d5ad1055caad823ce9b7201bec580afdf83dfdd3ba6bc80833b05fa4f255bec9ecfe926d97b1c10fccce540f723490184347f51b5fd31039563175efd1364f8827f21de1f44273a58d55b0846dc831d39
x-tt-trace-id: 00-2501161131414A284F722694358FB995-0364B05588D0A5BF-00
X-Origin-Response-Time: 26,23.207.199.55
X-Akamai-Request-ID: 7dab7ea.d93f844
Expires: Thu, 16 Jan 2025 11:31:41 GMT
Cache-Control: max-age=0, no-cache, no-store
Pragma: no-cache
Date: Thu, 16 Jan 2025 11:31:41 GMT
X-Cache: TCP_MISS from a95-101-134-116.deploy.akamaitechnologies.com (AkamaiGHost/11.8.0-1debf780f7d7c834933fa9689361eec6) (-)
Connection: close
X-Cache-Remote: TCP_MISS from a23-207-199-55.deploy.akamaitechnologies.com (AkamaiGHost/11.8.0-1debf780f7d7c834933fa9689361eec6) (-)
x-tt-trace-tag: id=16;cdn-cache=miss;type=dyn
Server-Timing: cdn-cache; desc=MISS, edge; dur=81, origin; dur=26
Server-Timing: inner; dur=22
X-Parent-Response-Time: 106,95.101.134.116

{"code": 0, "message": "OK", "request_id": "202501161131414A284F722694358FB995", "data": {}}
2025-01-16T11:31:43+00:00 DEBUG POST: https://business-api.tiktok.com/open_api/v1.3/event/track/

{"partner_name":"WooCommerce","event_source":"web","event_source_id":"CSM79Q3C77UAG1T340I0","data":[{"event":"Pageview","event_id":"6788ee1f82b47_tt4b_woocommerce_670666209cf1f","event_time":1737027103,"user":{"ip":"62.210.13.154","user_agent":"WP Rocket\/Preload","locale":"ar","external_id":"0","email":"e3b0c44298fc1c149afbf4c8996fb92427ae41e4649b934ca495991b7852b855","phone_number":"e3b0c44298fc1c149afbf4c8996fb92427ae41e4649b934ca495991b7852b855","first_name":"e3b0c44298fc1c149afbf4c8996fb92427ae41e4649b934ca495991b7852b855","last_name":"e3b0c44298fc1c149afbf4c8996fb92427ae41e4649b934ca495991b7852b855","zip_code":"e3b0c44298fc1c149afbf4c8996fb92427ae41e4649b934ca495991b7852b855"},"page":{"url":"http:\/\/ibn-sinaa.com\/product\/gregorian-desktop-calendar\/"}}]}
 ajax: no
2025-01-16T11:31:43+00:00 DEBUG Tt4b_Mapi_Class::mapi_post: Response: 

HTTP/1.1 200 OK
Server: nginx
Content-Type: application/json
Content-Length: 92
X-Tt-Logid: 20250116113143101C3EE121B5293E6B85
Server-Timing: inner; dur=24
x-tt-trace-host: 018e5a586174a888928d793bdac74b79b520593bf434961dbceff88e4b17f9a156a49e2c0de10bb78e05f0b61c72298ac6072f6e4d8c7c7390b8cbc103725d2a81ccdd64f62262df04574775693a2c7d3d19bd251f5b2bd6b9321814eaad5c1a73
x-tt-trace-id: 00-250116113143101C3EE121B5293E6B85-56156CD497B3D6B2-00
Expires: Thu, 16 Jan 2025 11:31:43 GMT
Cache-Control: max-age=0, no-cache, no-store
Pragma: no-cache
Date: Thu, 16 Jan 2025 11:31:43 GMT
X-Cache: TCP_MISS from a95-101-134-116.deploy.akamaitechnologies.com (AkamaiGHost/11.8.0-1debf780f7d7c834933fa9689361eec6) (-)
Connection: close
x-tt-trace-tag: id=16;cdn-cache=miss;type=dyn
Server-Timing: cdn-cache; desc=MISS, edge; dur=1, origin; dur=111
X-Origin-Response-Time: 111,95.101.134.116
X-Akamai-Request-ID: d94234d

{"code": 0, "message": "OK", "request_id": "20250116113143101C3EE121B5293E6B85", "data": {}}
2025-01-16T11:31:43+00:00 DEBUG Tt4b_Pixel_Class::inject_view_content_event: hit ViewContent
2025-01-16T11:31:43+00:00 DEBUG POST: https://business-api.tiktok.com/open_api/v1.3/event/track/

{"partner_name":"WooCommerce","event_source":"web","event_source_id":"CSM79Q3C77UAG1T340I0","data":[{"event":"ViewContent","event_id":"6788ee1fca215_tt4b_woocommerce_670666209cf1f_4443","event_time":1737027103,"user":{"ip":"62.210.13.154","user_agent":"WP Rocket\/Preload","locale":"ar","external_id":"0","email":"e3b0c44298fc1c149afbf4c8996fb92427ae41e4649b934ca495991b7852b855","phone_number":"e3b0c44298fc1c149afbf4c8996fb92427ae41e4649b934ca495991b7852b855","first_name":"e3b0c44298fc1c149afbf4c8996fb92427ae41e4649b934ca495991b7852b855","last_name":"e3b0c44298fc1c149afbf4c8996fb92427ae41e4649b934ca495991b7852b855","zip_code":"e3b0c44298fc1c149afbf4c8996fb92427ae41e4649b934ca495991b7852b855"},"properties":{"contents":[{"price":69,"quantity":1,"content_id":"4443","content_name":"\u062a\u0642\u0648\u064a\u0645 \u0645\u064a\u0644\u0627\u062f\u064a \u0645\u0643\u062a\u0628\u064a","description":"\u062a\u0642\u0648\u064a\u0645 \u0645\u064a\u0644\u0627\u062f\u064a \u0645\u0643\u062a\u0628\u064a \u062c\u0644\u062f \u0639\u0627\u062f\u064a: \u062a\u0635\u0645\u064a\u0645 \u0639\u0635\u0631\u064a \u0648\u0623\u0646\u064a\u0642\u060c \u0645\u0635\u0646\u0648\u0639 \u0645\u0646 \u0627\u0644\u062c\u0644\u062f \u0627\u0644\u0645\u062a\u064a\u0646 \u0628\u0648\u0636\u0648\u062d \u0627\u0633\u062a\u062b\u0646\u0627\u0626\u064a \u0644\u0644\u0643\u062a\u0627\u0628\u0629 \u0648\u0627\u0644\u0631\u0624\u064a\u0629\u060c \u064a\u0636\u064a\u0641 \u0644\u0645\u0633\u0629 \u0645\u0646 \u0627\u0644\u0641\u062e\u0627\u0645\u0629 \u0648\u0627\u0644\u062a\u0646\u0638\u064a\u0645 \u0644\u0645\u0643\u062a\u0628\u0643. \u0645\u062b\u0627\u0644\u064a \u0644\u062a\u0646\u0638\u064a\u0645 \u0627\u0644\u0645\u0648\u0627\u0639\u064a\u062f \u0648\u0627\u0644\u0627\u062c\u062a\u0645\u0627\u0639\u0627\u062a\u060c \u0648\u064a\u0636\u0641\u064a \u062c\u0627\u0630\u0628\u064a\u0629 \u0639\u0644\u0649 \u0645\u0633\u0627\u062d\u0629 \u0627\u0644\u0639\u0645\u0644 \u0627\u0644\u062e\u0627\u0635\u0629 \u0628\u0643.","availability":"IN_STOCK","sale_price":69,"on_sale":false}],"content_type":"product","currency":"SAR","value":69,"event_trigger_source":"WooCommerce"},"page":{"url":"http:\/\/ibn-sinaa.com\/product\/gregorian-desktop-calendar\/"}}]}
 ajax: no
2025-01-16T11:31:44+00:00 DEBUG Tt4b_Mapi_Class::mapi_post: Response: 

HTTP/1.1 200 OK
Server: nginx
Content-Type: application/json
Content-Length: 92
X-Tt-Logid: 202501161131434AFE69D573F6E676CCC7
x-tt-trace-host: 018e5a586174a888928d793bdac74b79b519a86797e72c2eba011e03e23beee17de14dfb9fb241cef89176ce4f156aaa4f161d6d206b960ef087f376d8c585c5ea9806188248df099226d5ab8829f29627757d2faa40ce43b5a37dacac16458e2402edcf3c21664e68b41c8f8d3d559f93
x-tt-trace-id: 00-2501161131434AFE69D573F6E676CCC7-1FE90A76458E94B7-00
X-Origin-Response-Time: 30,23.218.219.41
X-Akamai-Request-ID: 1942b18.d9428aa
Expires: Thu, 16 Jan 2025 11:31:43 GMT
Cache-Control: max-age=0, no-cache, no-store
Pragma: no-cache
Date: Thu, 16 Jan 2025 11:31:43 GMT
X-Cache: TCP_MISS from a95-101-134-116.deploy.akamaitechnologies.com (AkamaiGHost/11.8.0-1debf780f7d7c834933fa9689361eec6) (-)
Connection: close
X-Cache-Remote: TCP_MISS from a23-218-219-41.deploy.akamaitechnologies.com (AkamaiGHost/11.8.0-1debf780f7d7c834933fa9689361eec6) (-)
x-tt-trace-tag: id=16;cdn-cache=miss;type=dyn
Server-Timing: cdn-cache; desc=MISS, edge; dur=83, origin; dur=30
Server-Timing: inner; dur=26
X-Parent-Response-Time: 113,95.101.134.116

{"code": 0, "message": "OK", "request_id": "202501161131434AFE69D573F6E676CCC7", "data": {}}
2025-01-16T11:31:45+00:00 DEBUG POST: https://business-api.tiktok.com/open_api/v1.3/event/track/

{"partner_name":"WooCommerce","event_source":"web","event_source_id":"CSM79Q3C77UAG1T340I0","data":[{"event":"Pageview","event_id":"6788ee2178599_tt4b_woocommerce_670666209cf1f","event_time":1737027105,"user":{"ip":"62.210.13.154","user_agent":"WP Rocket\/Preload","locale":"ar","external_id":"0","email":"e3b0c44298fc1c149afbf4c8996fb92427ae41e4649b934ca495991b7852b855","phone_number":"e3b0c44298fc1c149afbf4c8996fb92427ae41e4649b934ca495991b7852b855","first_name":"e3b0c44298fc1c149afbf4c8996fb92427ae41e4649b934ca495991b7852b855","last_name":"e3b0c44298fc1c149afbf4c8996fb92427ae41e4649b934ca495991b7852b855","zip_code":"e3b0c44298fc1c149afbf4c8996fb92427ae41e4649b934ca495991b7852b855"},"page":{"url":"http:\/\/ibn-sinaa.com\/product\/gregorian-calendar-gradient\/"}}]}
 ajax: no
2025-01-16T11:31:45+00:00 DEBUG Tt4b_Mapi_Class::mapi_post: Response: 

HTTP/1.1 200 OK
Server: nginx
Content-Type: application/json
Content-Length: 92
X-Tt-Logid: 2025011611314538A92489801C7BCAD61B
Server-Timing: inner; dur=37
x-tt-trace-host: 018e5a586174a888928d793bdac74b79b520593bf434961dbceff88e4b17f9a156c84306ea4ea886d9898e572c5ddb660bc5bcb9a16d310375623af0307f14e723a2921c4f0f24fa174e4274ea88c74306c914ded4643ddbb8179c8b1f8c662c55
x-tt-trace-id: 00-25011611314538A92489801C7BCAD61B-6459D8A858D04837-00
Expires: Thu, 16 Jan 2025 11:31:45 GMT
Cache-Control: max-age=0, no-cache, no-store
Pragma: no-cache
Date: Thu, 16 Jan 2025 11:31:45 GMT
X-Cache: TCP_MISS from a95-101-134-116.deploy.akamaitechnologies.com (AkamaiGHost/11.8.0-1debf780f7d7c834933fa9689361eec6) (-)
Connection: close
x-tt-trace-tag: id=16;cdn-cache=miss;type=dyn
Server-Timing: cdn-cache; desc=MISS, edge; dur=2, origin; dur=116
X-Origin-Response-Time: 117,95.101.134.116
X-Akamai-Request-ID: d944c26

{"code": 0, "message": "OK", "request_id": "2025011611314538A92489801C7BCAD61B", "data": {}}
2025-01-16T11:31:45+00:00 DEBUG Tt4b_Pixel_Class::inject_view_content_event: hit ViewContent
2025-01-16T11:31:45+00:00 DEBUG POST: https://business-api.tiktok.com/open_api/v1.3/event/track/

{"partner_name":"WooCommerce","event_source":"web","event_source_id":"CSM79Q3C77UAG1T340I0","data":[{"event":"ViewContent","event_id":"6788ee21c938b_tt4b_woocommerce_670666209cf1f_4442","event_time":1737027105,"user":{"ip":"62.210.13.154","user_agent":"WP Rocket\/Preload","locale":"ar","external_id":"0","email":"e3b0c44298fc1c149afbf4c8996fb92427ae41e4649b934ca495991b7852b855","phone_number":"e3b0c44298fc1c149afbf4c8996fb92427ae41e4649b934ca495991b7852b855","first_name":"e3b0c44298fc1c149afbf4c8996fb92427ae41e4649b934ca495991b7852b855","last_name":"e3b0c44298fc1c149afbf4c8996fb92427ae41e4649b934ca495991b7852b855","zip_code":"e3b0c44298fc1c149afbf4c8996fb92427ae41e4649b934ca495991b7852b855"},"properties":{"contents":[{"price":230,"quantity":1,"content_id":"4442","content_name":"\u062a\u0642\u0648\u064a\u0645 \u0645\u064a\u0644\u0627\u062f\u064a \u0645\u062f\u0631\u062c","description":"\u062a\u0642\u0648\u064a\u0645 \u0645\u064a\u0644\u0627\u062f\u064a \u062e\u0634\u0628: \u062a\u0635\u0645\u064a\u0645 \u0639\u0635\u0631\u064a \u0648\u0623\u0646\u064a\u0642\u060c \u0645\u0635\u0646\u0648\u0639 \u0645\u0646 \u0627\u0644\u062c\u0644\u062f \u0627\u0644\u0645\u062a\u064a\u0646 \u0628\u0648\u0636\u0648\u062d \u0627\u0633\u062a\u062b\u0646\u0627\u0626\u064a \u0644\u0644\u0643\u062a\u0627\u0628\u0629 \u0648\u0627\u0644\u0631\u0624\u064a\u0629\u060c \u064a\u0636\u064a\u0641 \u0644\u0645\u0633\u0629 \u0645\u0646 \u0627\u0644\u0641\u062e\u0627\u0645\u0629 \u0648\u0627\u0644\u062a\u0646\u0638\u064a\u0645 \u0644\u0645\u0643\u062a\u0628\u0643. \u0645\u062b\u0627\u0644\u064a \u0644\u062a\u0646\u0638\u064a\u0645 \u0627\u0644\u0645\u0648\u0627\u0639\u064a\u062f \u0648\u0627\u0644\u0627\u062c\u062a\u0645\u0627\u0639\u0627\u062a\u060c \u0648\u064a\u0636\u0641\u064a \u062c\u0627\u0630\u0628\u064a\u0629 \u0639\u0644\u0649 \u0645\u0633\u0627\u062d\u0629 \u0627\u0644\u0639\u0645\u0644 \u0627\u0644\u062e\u0627\u0635\u0629 \u0628\u0643.","availability":"IN_STOCK","sale_price":230,"on_sale":false}],"content_type":"product","currency":"SAR","value":230,"event_trigger_source":"WooCommerce"},"page":{"url":"http:\/\/ibn-sinaa.com\/product\/gregorian-calendar-gradient\/"}}]}
 ajax: no
2025-01-16T11:31:46+00:00 DEBUG Tt4b_Mapi_Class::mapi_post: Response: 

HTTP/1.1 200 OK
Server: nginx
Content-Type: application/json
Content-Length: 92
X-Tt-Logid: 2025011611314538A92489801C7BCAD654
Server-Timing: inner; dur=25
x-tt-trace-host: 018e5a586174a888928d793bdac74b79b520593bf434961dbceff88e4b17f9a156c84306ea4ea886d9898e572c5ddb660bdee5ea65c647230090936de2858c139ee31a09f9c0f9be4239bf81d0c8db6a3dff705307316eacc86f693d6cef37adcf
x-tt-trace-id: 00-25011611314538A92489801C7BCAD654-1214FB5B8B65843A-00
Expires: Thu, 16 Jan 2025 11:31:46 GMT
Cache-Control: max-age=0, no-cache, no-store
Pragma: no-cache
Date: Thu, 16 Jan 2025 11:31:46 GMT
X-Cache: TCP_MISS from a95-101-134-116.deploy.akamaitechnologies.com (AkamaiGHost/11.8.0-1debf780f7d7c834933fa9689361eec6) (-)
Connection: close
x-tt-trace-tag: id=16;cdn-cache=miss;type=dyn
Server-Timing: cdn-cache; desc=MISS, edge; dur=2, origin; dur=104
X-Origin-Response-Time: 104,95.101.134.116
X-Akamai-Request-ID: d945303

{"code": 0, "message": "OK", "request_id": "2025011611314538A92489801C7BCAD654", "data": {}}
2025-01-16T11:31:47+00:00 DEBUG POST: https://business-api.tiktok.com/open_api/v1.3/event/track/

{"partner_name":"WooCommerce","event_source":"web","event_source_id":"CSM79Q3C77UAG1T340I0","data":[{"event":"Pageview","event_id":"6788ee2309b18_tt4b_woocommerce_670666209cf1f","event_time":1737027107,"user":{"ip":"62.210.13.154","user_agent":"WP Rocket\/Preload","locale":"ar","external_id":"0","email":"e3b0c44298fc1c149afbf4c8996fb92427ae41e4649b934ca495991b7852b855","phone_number":"e3b0c44298fc1c149afbf4c8996fb92427ae41e4649b934ca495991b7852b855","first_name":"e3b0c44298fc1c149afbf4c8996fb92427ae41e4649b934ca495991b7852b855","last_name":"e3b0c44298fc1c149afbf4c8996fb92427ae41e4649b934ca495991b7852b855","zip_code":"e3b0c44298fc1c149afbf4c8996fb92427ae41e4649b934ca495991b7852b855"},"page":{"url":"http:\/\/ibn-sinaa.com\/product\/deluxe-calendar\/"}}]}
 ajax: no
2025-01-16T11:31:47+00:00 DEBUG Tt4b_Mapi_Class::mapi_post: Response: 

HTTP/1.1 200 OK
Server: nginx
Content-Type: application/json
Content-Length: 92
X-Tt-Logid: 2025011611314793A05F7CB55AFC3C3B39
x-tt-trace-host: 018e5a586174a888928d793bdac74b79b519a86797e72c2eba011e03e23beee17dd5de49317187165ae5cdc298e0b336f34a2f77a0ab3002864ce7af3ed0bdaf037d27a5af42f0b0bb63f1f9abdeab7ff114ad7a32e5884639401a524a9389daeb8ee18d9712498ee9bd5da72112a10538
x-tt-trace-id: 00-25011611314793A05F7CB55AFC3C3B39-6EC428C92C29694C-00
X-Origin-Response-Time: 29,23.218.219.27
X-Akamai-Request-ID: 5cbfbd3.d946bc9
Expires: Thu, 16 Jan 2025 11:31:47 GMT
Cache-Control: max-age=0, no-cache, no-store
Pragma: no-cache
Date: Thu, 16 Jan 2025 11:31:47 GMT
X-Cache: TCP_MISS from a95-101-134-116.deploy.akamaitechnologies.com (AkamaiGHost/11.8.0-1debf780f7d7c834933fa9689361eec6) (-)
Connection: close
X-Cache-Remote: TCP_MISS from a23-218-219-27.deploy.akamaitechnologies.com (AkamaiGHost/11.8.0-1debf780f7d7c834933fa9689361eec6) (-)
x-tt-trace-tag: id=16;cdn-cache=miss;type=dyn
Server-Timing: cdn-cache; desc=MISS, edge; dur=83, origin; dur=28
Server-Timing: inner; dur=24
X-Parent-Response-Time: 110,95.101.134.116

{"code": 0, "message": "OK", "request_id": "2025011611314793A05F7CB55AFC3C3B39", "data": {}}
2025-01-16T11:31:47+00:00 DEBUG Tt4b_Pixel_Class::inject_view_content_event: hit ViewContent
2025-01-16T11:31:47+00:00 DEBUG POST: https://business-api.tiktok.com/open_api/v1.3/event/track/

{"partner_name":"WooCommerce","event_source":"web","event_source_id":"CSM79Q3C77UAG1T340I0","data":[{"event":"ViewContent","event_id":"6788ee2349921_tt4b_woocommerce_670666209cf1f_4440","event_time":1737027107,"user":{"ip":"62.210.13.154","user_agent":"WP Rocket\/Preload","locale":"ar","external_id":"0","email":"e3b0c44298fc1c149afbf4c8996fb92427ae41e4649b934ca495991b7852b855","phone_number":"e3b0c44298fc1c149afbf4c8996fb92427ae41e4649b934ca495991b7852b855","first_name":"e3b0c44298fc1c149afbf4c8996fb92427ae41e4649b934ca495991b7852b855","last_name":"e3b0c44298fc1c149afbf4c8996fb92427ae41e4649b934ca495991b7852b855","zip_code":"e3b0c44298fc1c149afbf4c8996fb92427ae41e4649b934ca495991b7852b855"},"properties":{"contents":[{"price":850,"quantity":1,"content_id":"4440","content_name":"\u062a\u0642\u0648\u064a\u0645 \u0645\u064a\u0644\u0627\u062f\u064a \u0641\u0627\u062e\u0631","description":"\u062a\u0642\u0648\u064a\u0645 \u0645\u064a\u0644\u0627\u062f\u064a \u062e\u0634\u0628: \u062a\u0635\u0645\u064a\u0645 \u0639\u0635\u0631\u064a \u0648\u0623\u0646\u064a\u0642\u060c \u0645\u0635\u0646\u0648\u0639 \u0645\u0646 \u0645\u0648\u0627\u062f \u0639\u0627\u0644\u064a\u0629 \u0627\u0644\u062c\u0648\u062f\u0629 \u0628\u0648\u0636\u0648\u062d \u0627\u0633\u062a\u062b\u0646\u0627\u0626\u064a \u0644\u0644\u0643\u062a\u0627\u0628\u0629 \u0648\u0627\u0644\u0631\u0624\u064a\u0629\u060c \u064a\u0636\u064a\u0641 \u0644\u0645\u0633\u0629 \u0645\u0646 \u0627\u0644\u0641\u062e\u0627\u0645\u0629 \u0648\u0627\u0644\u062a\u0646\u0638\u064a\u0645 \u0644\u0645\u0643\u062a\u0628\u0643. \u0645\u062b\u0627\u0644\u064a \u0644\u062a\u0646\u0638\u064a\u0645 \u0627\u0644\u0645\u0648\u0627\u0639\u064a\u062f \u0648\u0627\u0644\u0627\u062c\u062a\u0645\u0627\u0639\u0627\u062a\u060c \u0648\u064a\u0636\u0641\u064a \u062c\u0627\u0630\u0628\u064a\u0629 \u0639\u0644\u0649 \u0645\u0633\u0627\u062d\u0629 \u0627\u0644\u0639\u0645\u0644 \u0627\u0644\u062e\u0627\u0635\u0629 \u0628\u0643.","availability":"IN_STOCK","sale_price":850,"on_sale":false}],"content_type":"product","currency":"SAR","value":850,"event_trigger_source":"WooCommerce"},"page":{"url":"http:\/\/ibn-sinaa.com\/product\/deluxe-calendar\/"}}]}
 ajax: no
2025-01-16T11:31:47+00:00 DEBUG Tt4b_Mapi_Class::mapi_post: Response: 

HTTP/1.1 200 OK
Server: nginx
Content-Type: application/json
Content-Length: 92
X-Tt-Logid: 2025011611314761D81EEE67DE19693FCB
Server-Timing: inner; dur=26
x-tt-trace-host: 018e5a586174a888928d793bdac74b79b51a437ee89a1c03eb2011d034a2e3e9f5387e8511cadd7d26f07bb0620c27a9229c7d619cdea345797decc7c8d23ce2e6859249f33f39978111b1a5e0610e69b88bf736498f6917d076f5df99d3bedc11
x-tt-trace-id: 00-25011611314761D81EEE67DE19693FCB-7A240425610A8EA0-00
Expires: Thu, 16 Jan 2025 11:31:47 GMT
Cache-Control: max-age=0, no-cache, no-store
Pragma: no-cache
Date: Thu, 16 Jan 2025 11:31:47 GMT
X-Cache: TCP_MISS from a95-101-134-92.deploy.akamaitechnologies.com (AkamaiGHost/11.8.0-1debf780f7d7c834933fa9689361eec6) (-)
Connection: close
x-tt-trace-tag: id=16;cdn-cache=miss;type=dyn
Server-Timing: cdn-cache; desc=MISS, edge; dur=0, origin; dur=105
X-Origin-Response-Time: 105,95.101.134.92
X-Akamai-Request-ID: cd870a4

{"code": 0, "message": "OK", "request_id": "2025011611314761D81EEE67DE19693FCB", "data": {}}
2025-01-16T11:31:49+00:00 DEBUG POST: https://business-api.tiktok.com/open_api/v1.3/event/track/

{"partner_name":"WooCommerce","event_source":"web","event_source_id":"CSM79Q3C77UAG1T340I0","data":[{"event":"Pageview","event_id":"6788ee250bdea_tt4b_woocommerce_670666209cf1f","event_time":1737027109,"user":{"ip":"62.210.13.154","user_agent":"WP Rocket\/Preload","locale":"ar","external_id":"0","email":"e3b0c44298fc1c149afbf4c8996fb92427ae41e4649b934ca495991b7852b855","phone_number":"e3b0c44298fc1c149afbf4c8996fb92427ae41e4649b934ca495991b7852b855","first_name":"e3b0c44298fc1c149afbf4c8996fb92427ae41e4649b934ca495991b7852b855","last_name":"e3b0c44298fc1c149afbf4c8996fb92427ae41e4649b934ca495991b7852b855","zip_code":"e3b0c44298fc1c149afbf4c8996fb92427ae41e4649b934ca495991b7852b855"},"page":{"url":"http:\/\/www.ibn-sinaa.com\/product\/school-achievement-records\/"}}]}
 ajax: no
2025-01-16T11:31:49+00:00 DEBUG Tt4b_Mapi_Class::mapi_post: Response: 

HTTP/1.1 200 OK
Server: nginx
Content-Type: application/json
Content-Length: 92
X-Tt-Logid: 20250116113149C86140369E6BF3DDFC59
x-tt-trace-host: 018e5a586174a888928d793bdac74b79b519a86797e72c2eba011e03e23beee17dffce9843412f14ada9478a72357fa559ff458958b77a392d1ce2bafd330d446d0f46dc70dbcfa67d426994abce78bc5765d852c20ef1a063810a86c1f931a7fc8ebb58a5b44ce675269eaa152cf483ff
x-tt-trace-id: 00-250116113149C86140369E6BF3DDFC59-6F1E5F8C31B6CA0D-00
X-Origin-Response-Time: 31,23.222.2.25
X-Akamai-Request-ID: 23746774.d94940b
Expires: Thu, 16 Jan 2025 11:31:49 GMT
Cache-Control: max-age=0, no-cache, no-store
Pragma: no-cache
Date: Thu, 16 Jan 2025 11:31:49 GMT
X-Cache: TCP_MISS from a95-101-134-116.deploy.akamaitechnologies.com (AkamaiGHost/11.8.0-1debf780f7d7c834933fa9689361eec6) (-)
Connection: close
X-Cache-Remote: TCP_MISS from a23-222-2-25.deploy.akamaitechnologies.com (AkamaiGHost/11.8.0-1debf780f7d7c834933fa9689361eec6) (-)
x-tt-trace-tag: id=16;cdn-cache=miss;type=dyn
Server-Timing: cdn-cache; desc=MISS, edge; dur=83, origin; dur=31
Server-Timing: inner; dur=28
X-Parent-Response-Time: 113,95.101.134.116

{"code": 0, "message": "OK", "request_id": "20250116113149C86140369E6BF3DDFC59", "data": {}}
2025-01-16T11:31:49+00:00 DEBUG Tt4b_Pixel_Class::inject_view_content_event: hit ViewContent
2025-01-16T11:31:49+00:00 DEBUG POST: https://business-api.tiktok.com/open_api/v1.3/event/track/

{"partner_name":"WooCommerce","event_source":"web","event_source_id":"CSM79Q3C77UAG1T340I0","data":[{"event":"ViewContent","event_id":"6788ee25536b1_tt4b_woocommerce_670666209cf1f_4049","event_time":1737027109,"user":{"ip":"62.210.13.154","user_agent":"WP Rocket\/Preload","locale":"ar","external_id":"0","email":"e3b0c44298fc1c149afbf4c8996fb92427ae41e4649b934ca495991b7852b855","phone_number":"e3b0c44298fc1c149afbf4c8996fb92427ae41e4649b934ca495991b7852b855","first_name":"e3b0c44298fc1c149afbf4c8996fb92427ae41e4649b934ca495991b7852b855","last_name":"e3b0c44298fc1c149afbf4c8996fb92427ae41e4649b934ca495991b7852b855","zip_code":"e3b0c44298fc1c149afbf4c8996fb92427ae41e4649b934ca495991b7852b855"},"properties":{"contents":[{"price":65,"quantity":1,"content_id":"4049","content_name":"\u0633\u062c\u0644\u0627\u062a \u0627\u0644\u0627\u0646\u062c\u0627\u0632 \u0627\u0644\u0645\u062f\u0631\u0633\u064a\u0629","description":". \u0637\u0628\u0627\u0639\u0647 \u0633\u062c\u0644\u0627\u062a \u0645\u062f\u0631\u0633\u064a\u0629 \u0627\u062d\u062a\u0631\u0627\u0641\u064a\u0629 \u062e\u0627\u0645\u062a\u0647\u0627 \u0643\u0631\u062a\u0648\u0646 2000 \u062c\u0631\u0627\u0645,\u062a\u0636\u0627\u0641 \u0637\u0628\u0642\u0629 \u062d\u0645\u0627\u064a\u0647 \u0627\u0633\u062a\u064a\u0643\u0631 \u0645\u0639 \u0633\u0644\u0648\u0641\u0627\u0646 \u0644\u0627\u0645\u0639.\r\n. \u0645\u062a\u0648\u0641\u0631 \u0628 \u0627\u062d\u062c\u0627\u0645 \u0645\u062e\u062a\u0644\u0641\u0647 ( \u0635\u063a\u064a\u0631, \u0648\u0633\u0637 , \u0643\u0628\u064a\u0631 ).\r\n. \u064a\u062a\u0633\u0639 \u0627\u0644\u0645\u0642\u0627\u0633 \u0627\u0644\u0635\u063a\u064a\u0631 ( \u0645\u0646 50 \u0627\u0644\u0649 150 \u0648\u0631\u0642\u0629 ) \u0648 \u0627\u0644\u0648\u0633\u0637 ( \u0645\u0646 150 \u0627\u0644\u0649 300 \u0648\u0631\u0642\u0629 ) \u0648 \u0627\u0644\u0643\u0628\u064a\u0631 ( \u0645\u0646 300 \u0627\u0644\u0649 400 \u0648\u0631\u0642\u0629 ).\r\n. \u0645\u062f\u0629 \u0627\u0644\u062a\u0646\u0641\u064a\u0630 : 3-5 \u0627\u064a\u0627\u0645 \u0648\u062a\u0632\u064a\u062f \u0627\u0644\u0645\u062f\u0629 \u0639\u0646 \u0637\u0644\u0628 \u0627\u0644\u0634\u062d\u0646.","availability":"IN_STOCK","sale_price":65,"on_sale":false}],"content_type":"product","currency":"SAR","value":65,"event_trigger_source":"WooCommerce"},"page":{"url":"http:\/\/www.ibn-sinaa.com\/product\/school-achievement-records\/"}}]}
 ajax: no
2025-01-16T11:31:49+00:00 DEBUG Tt4b_Mapi_Class::mapi_post: Response: 

HTTP/1.1 200 OK
Server: nginx
Content-Type: application/json
Content-Length: 92
X-Tt-Logid: 20250116113149BB6DD3382BA6AE824CDE
x-tt-trace-host: 018e5a586174a888928d793bdac74b79b56517d7628cf0ffdff56b078ad2cf5615c3ba4ed2b0ae1b9e62b8aa63adeeeca2be57596723783ce7b9c582ebe4a5b39fb2c18217ce627521b84dd4ec6c0fbdb6c1f957a8e0ed4ab28b51b75132b93b282978fde58ab5138607ce170b024a178a
x-tt-trace-id: 00-250116113149BB6DD3382BA6AE824CDE-0DAA789D8FCE5C81-00
X-Origin-Response-Time: 27,23.218.219.42
X-Akamai-Request-ID: 8f5404.cd89de3
Expires: Thu, 16 Jan 2025 11:31:49 GMT
Cache-Control: max-age=0, no-cache, no-store
Pragma: no-cache
Date: Thu, 16 Jan 2025 11:31:49 GMT
X-Cache: TCP_MISS from a95-101-134-92.deploy.akamaitechnologies.com (AkamaiGHost/11.8.0-1debf780f7d7c834933fa9689361eec6) (-)
Connection: close
X-Cache-Remote: TCP_MISS from a23-218-219-42.deploy.akamaitechnologies.com (AkamaiGHost/11.8.0-1debf780f7d7c834933fa9689361eec6) (-)
x-tt-trace-tag: id=16;cdn-cache=miss;type=dyn
Server-Timing: cdn-cache; desc=MISS, edge; dur=80, origin; dur=26
Server-Timing: inner; dur=24
X-Parent-Response-Time: 106,95.101.134.92

{"code": 0, "message": "OK", "request_id": "20250116113149BB6DD3382BA6AE824CDE", "data": {}}
2025-01-16T11:31:50+00:00 DEBUG POST: https://business-api.tiktok.com/open_api/v1.3/event/track/

{"partner_name":"WooCommerce","event_source":"web","event_source_id":"CSM79Q3C77UAG1T340I0","data":[{"event":"Pageview","event_id":"6788ee267bb20_tt4b_woocommerce_670666209cf1f","event_time":1737027110,"user":{"ip":"62.210.13.154","user_agent":"WP Rocket\/Preload","locale":"ar","external_id":"0","email":"e3b0c44298fc1c149afbf4c8996fb92427ae41e4649b934ca495991b7852b855","phone_number":"e3b0c44298fc1c149afbf4c8996fb92427ae41e4649b934ca495991b7852b855","first_name":"e3b0c44298fc1c149afbf4c8996fb92427ae41e4649b934ca495991b7852b855","last_name":"e3b0c44298fc1c149afbf4c8996fb92427ae41e4649b934ca495991b7852b855","zip_code":"e3b0c44298fc1c149afbf4c8996fb92427ae41e4649b934ca495991b7852b855"},"page":{"url":"http:\/\/www.ibn-sinaa.com\/product\/school-records-art-education\/"}}]}
 ajax: no
2025-01-16T11:31:50+00:00 DEBUG Tt4b_Mapi_Class::mapi_post: Response: 

HTTP/1.1 200 OK
Server: nginx
Content-Type: application/json
Content-Length: 92
X-Tt-Logid: 20250116113150637BA83B3F5CBAC9EAB6
Server-Timing: inner; dur=23
x-tt-trace-host: 018e5a586174a888928d793bdac74b79b51a437ee89a1c03eb2011d034a2e3e9f5d9383017bc2e6a4dd04e50329fa1f6e5d7798ef3526a1e953f054bb330b43cf366b558c3bd0653e830cf28c09b462e41dba41f6398ec022d46a1647fafae4394
x-tt-trace-id: 00-250116113150637BA83B3F5CBAC9EAB6-3BFEA19661853D74-00
Expires: Thu, 16 Jan 2025 11:31:50 GMT
Cache-Control: max-age=0, no-cache, no-store
Pragma: no-cache
Date: Thu, 16 Jan 2025 11:31:50 GMT
X-Cache: TCP_MISS from a95-101-134-92.deploy.akamaitechnologies.com (AkamaiGHost/11.8.0-1debf780f7d7c834933fa9689361eec6) (-)
Connection: close
x-tt-trace-tag: id=16;cdn-cache=miss;type=dyn
Server-Timing: cdn-cache; desc=MISS, edge; dur=1, origin; dur=102
X-Origin-Response-Time: 103,95.101.134.92
X-Akamai-Request-ID: cd8b850

{"code": 0, "message": "OK", "request_id": "20250116113150637BA83B3F5CBAC9EAB6", "data": {}}
2025-01-16T11:31:50+00:00 DEBUG Tt4b_Pixel_Class::inject_view_content_event: hit ViewContent
2025-01-16T11:31:50+00:00 DEBUG POST: https://business-api.tiktok.com/open_api/v1.3/event/track/

{"partner_name":"WooCommerce","event_source":"web","event_source_id":"CSM79Q3C77UAG1T340I0","data":[{"event":"ViewContent","event_id":"6788ee26c3691_tt4b_woocommerce_670666209cf1f_4111","event_time":1737027110,"user":{"ip":"62.210.13.154","user_agent":"WP Rocket\/Preload","locale":"ar","external_id":"0","email":"e3b0c44298fc1c149afbf4c8996fb92427ae41e4649b934ca495991b7852b855","phone_number":"e3b0c44298fc1c149afbf4c8996fb92427ae41e4649b934ca495991b7852b855","first_name":"e3b0c44298fc1c149afbf4c8996fb92427ae41e4649b934ca495991b7852b855","last_name":"e3b0c44298fc1c149afbf4c8996fb92427ae41e4649b934ca495991b7852b855","zip_code":"e3b0c44298fc1c149afbf4c8996fb92427ae41e4649b934ca495991b7852b855"},"properties":{"contents":[{"price":65,"quantity":1,"content_id":"4111","content_name":"\u0633\u062c\u0644\u0627\u062a \u0645\u0627\u062f\u0629 \u0627\u0644\u062a\u0631\u0628\u064a\u0629 \u0627\u0644\u0641\u0646\u064a\u0629","description":". \u0637\u0628\u0627\u0639\u0647 \u0633\u062c\u0644\u0627\u062a \u0645\u062f\u0631\u0633\u064a\u0629 \u0627\u062d\u062a\u0631\u0627\u0641\u064a\u0629 \u062e\u0627\u0645\u062a\u0647\u0627 \u0643\u0631\u062a\u0648\u0646 2000 \u062c\u0631\u0627\u0645,\u062a\u0636\u0627\u0641 \u0637\u0628\u0642\u0629 \u062d\u0645\u0627\u064a\u0647 \u0627\u0633\u062a\u064a\u0643\u0631 \u0645\u0639 \u0633\u0644\u0648\u0641\u0627\u0646 \u0644\u0627\u0645\u0639.\r\n. \u0645\u062a\u0648\u0641\u0631 \u0628 \u0627\u062d\u062c\u0627\u0645 \u0645\u062e\u062a\u0644\u0641\u0647 ( \u0635\u063a\u064a\u0631, \u0648\u0633\u0637 , \u0643\u0628\u064a\u0631 ).\r\n. \u064a\u062a\u0633\u0639 \u0627\u0644\u0645\u0642\u0627\u0633 \u0627\u0644\u0635\u063a\u064a\u0631 ( \u0645\u0646 50 \u0627\u0644\u0649 150 \u0648\u0631\u0642\u0629 )\r\n. \u064a\u062a\u0633\u0639 \u0627\u0644\u0648\u0633\u0637 ( \u0645\u0646 150 \u0627\u0644\u0649 300 \u0648\u0631\u0642\u0629 )\r\n. \u0627\u0644\u0643\u0628\u064a\u0631 ( \u0645\u0646 300 \u0627\u0644\u0649 400 \u0648\u0631\u0642\u0629 ).\r\n. \u0645\u062f\u0629 \u0627\u0644\u062a\u0646\u0641\u064a\u0630 : 3-5 \u0627\u064a\u0627\u0645 \u0648\u062a\u0632\u064a\u062f \u0627\u0644\u0645\u062f\u0629 \u0639\u0646 \u0637\u0644\u0628 \u0627\u0644\u0634\u062d\u0646.","availability":"IN_STOCK","sale_price":65,"on_sale":false}],"content_type":"product","currency":"SAR","value":65,"event_trigger_source":"WooCommerce"},"page":{"url":"http:\/\/www.ibn-sinaa.com\/product\/school-records-art-education\/"}}]}
 ajax: no
2025-01-16T11:31:50+00:00 DEBUG Tt4b_Mapi_Class::mapi_post: Response: 

HTTP/1.1 200 OK
Server: nginx
Content-Type: application/json
Content-Length: 92
X-Tt-Logid: 20250116113150FE676D11184A64098792
x-tt-trace-host: 018e5a586174a888928d793bdac74b79b519a86797e72c2eba011e03e23beee17dac01b1e4c73dd2c03628844cee9df974b1e7f05ae4a279bc570392c002c5c9b3408100130cfe2bb2c62736ced24b1debafaf28391c6ba0135007edfbf2d6e3b85172b8fb5e4b183018233933c9da62a7
x-tt-trace-id: 00-250116113150FE676D11184A64098792-5F5DDE937D13599D-00
X-Origin-Response-Time: 23,23.222.2.20
X-Akamai-Request-ID: 2aebb2da.d94b802
Expires: Thu, 16 Jan 2025 11:31:50 GMT
Cache-Control: max-age=0, no-cache, no-store
Pragma: no-cache
Date: Thu, 16 Jan 2025 11:31:50 GMT
X-Cache: TCP_MISS from a95-101-134-116.deploy.akamaitechnologies.com (AkamaiGHost/11.8.0-1debf780f7d7c834933fa9689361eec6) (-)
Connection: close
X-Cache-Remote: TCP_MISS from a23-222-2-20.deploy.akamaitechnologies.com (AkamaiGHost/11.8.0-1debf780f7d7c834933fa9689361eec6) (-)
x-tt-trace-tag: id=16;cdn-cache=miss;type=dyn
Server-Timing: cdn-cache; desc=MISS, edge; dur=82, origin; dur=23
Server-Timing: inner; dur=19
X-Parent-Response-Time: 105,95.101.134.116

{"code": 0, "message": "OK", "request_id": "20250116113150FE676D11184A64098792", "data": {}}
2025-01-16T11:31:52+00:00 DEBUG POST: https://business-api.tiktok.com/open_api/v1.3/event/track/

{"partner_name":"WooCommerce","event_source":"web","event_source_id":"CSM79Q3C77UAG1T340I0","data":[{"event":"Pageview","event_id":"6788ee2823c0d_tt4b_woocommerce_670666209cf1f","event_time":1737027112,"user":{"ip":"62.210.13.154","user_agent":"WP Rocket\/Preload","locale":"ar","external_id":"0","email":"e3b0c44298fc1c149afbf4c8996fb92427ae41e4649b934ca495991b7852b855","phone_number":"e3b0c44298fc1c149afbf4c8996fb92427ae41e4649b934ca495991b7852b855","first_name":"e3b0c44298fc1c149afbf4c8996fb92427ae41e4649b934ca495991b7852b855","last_name":"e3b0c44298fc1c149afbf4c8996fb92427ae41e4649b934ca495991b7852b855","zip_code":"e3b0c44298fc1c149afbf4c8996fb92427ae41e4649b934ca495991b7852b855"},"page":{"url":"http:\/\/ibn-sinaa.com\/product\/gregorian-calendar\/"}}]}
 ajax: no
2025-01-16T11:31:52+00:00 DEBUG Tt4b_Mapi_Class::mapi_post: Response: 

HTTP/1.1 200 OK
Server: nginx
Content-Type: application/json
Content-Length: 92
X-Tt-Logid: 202501161131528148327A03E9E40280A6
x-tt-trace-host: 018e5a586174a888928d793bdac74b79b519a86797e72c2eba011e03e23beee17df622d25282f1d335fb16598a338d7c639c1ad5bc3f91c09543e08d193edb81622847c8e2632660e789f5f3d16918775bf2c3d772b3ab1ff9adfd30eca2f41c70f32c65da013d602ce8f2397b8c40ae25
x-tt-trace-id: 00-2501161131528148327A03E9E40280A6-392C793363FBBA14-00
X-Origin-Response-Time: 22,23.218.219.30
X-Akamai-Request-ID: 7ce8320.d94d3e5
Expires: Thu, 16 Jan 2025 11:31:52 GMT
Cache-Control: max-age=0, no-cache, no-store
Pragma: no-cache
Date: Thu, 16 Jan 2025 11:31:52 GMT
X-Cache: TCP_MISS from a95-101-134-116.deploy.akamaitechnologies.com (AkamaiGHost/11.8.0-1debf780f7d7c834933fa9689361eec6) (-)
Connection: close
X-Cache-Remote: TCP_MISS from a23-218-219-30.deploy.akamaitechnologies.com (AkamaiGHost/11.8.0-1debf780f7d7c834933fa9689361eec6) (-)
x-tt-trace-tag: id=16;cdn-cache=miss;type=dyn
Server-Timing: cdn-cache; desc=MISS, edge; dur=82, origin; dur=22
Server-Timing: inner; dur=18
X-Parent-Response-Time: 104,95.101.134.116

{"code": 0, "message": "OK", "request_id": "202501161131528148327A03E9E40280A6", "data": {}}
2025-01-16T11:31:52+00:00 DEBUG Tt4b_Pixel_Class::inject_view_content_event: hit ViewContent
2025-01-16T11:31:52+00:00 DEBUG POST: https://business-api.tiktok.com/open_api/v1.3/event/track/

{"partner_name":"WooCommerce","event_source":"web","event_source_id":"CSM79Q3C77UAG1T340I0","data":[{"event":"ViewContent","event_id":"6788ee286dd38_tt4b_woocommerce_670666209cf1f_4438","event_time":1737027112,"user":{"ip":"62.210.13.154","user_agent":"WP Rocket\/Preload","locale":"ar","external_id":"0","email":"e3b0c44298fc1c149afbf4c8996fb92427ae41e4649b934ca495991b7852b855","phone_number":"e3b0c44298fc1c149afbf4c8996fb92427ae41e4649b934ca495991b7852b855","first_name":"e3b0c44298fc1c149afbf4c8996fb92427ae41e4649b934ca495991b7852b855","last_name":"e3b0c44298fc1c149afbf4c8996fb92427ae41e4649b934ca495991b7852b855","zip_code":"e3b0c44298fc1c149afbf4c8996fb92427ae41e4649b934ca495991b7852b855"},"properties":{"contents":[{"price":130,"quantity":1,"content_id":"4438","content_name":"\u062a\u0642\u0648\u064a\u0645 \u0635\u0646\u062f\u0648\u0642 \u062e\u0634\u0628","description":"\u062a\u0642\u0648\u064a\u0645 \u0645\u064a\u0644\u0627\u062f\u064a \u062e\u0634\u0628: \u062a\u0635\u0645\u064a\u0645 \u0639\u0635\u0631\u064a \u0648\u0623\u0646\u064a\u0642\u060c \u0645\u0635\u0646\u0648\u0639 \u0645\u0646 \u0627\u0644\u062e\u0634\u0628 \u0627\u0644\u0645\u062a\u064a\u0646 \u0628\u0648\u0636\u0648\u062d \u0627\u0633\u062a\u062b\u0646\u0627\u0626\u064a \u0644\u0644\u0643\u062a\u0627\u0628\u0629 \u0648\u0627\u0644\u0631\u0624\u064a\u0629\u060c \u064a\u0636\u064a\u0641 \u0644\u0645\u0633\u0629 \u0645\u0646 \u0627\u0644\u0641\u062e\u0627\u0645\u0629 \u0648\u0627\u0644\u062a\u0646\u0638\u064a\u0645 \u0644\u0645\u0643\u062a\u0628\u0643. \u0645\u062b\u0627\u0644\u064a \u0644\u062a\u0646\u0638\u064a\u0645 \u0627\u0644\u0645\u0648\u0627\u0639\u064a\u062f \u0648\u0627\u0644\u0627\u062c\u062a\u0645\u0627\u0639\u0627\u062a\u060c \u0648\u064a\u0636\u0641\u064a \u062c\u0627\u0630\u0628\u064a\u0629 \u0639\u0644\u0649 \u0645\u0633\u0627\u062d\u0629 \u0627\u0644\u0639\u0645\u0644 \u0627\u0644\u062e\u0627\u0635\u0629 \u0628\u0643.","availability":"IN_STOCK","sale_price":130,"on_sale":false}],"content_type":"product","currency":"SAR","value":130,"event_trigger_source":"WooCommerce"},"page":{"url":"http:\/\/ibn-sinaa.com\/product\/gregorian-calendar\/"}}]}
 ajax: no
2025-01-16T11:31:52+00:00 DEBUG Tt4b_Mapi_Class::mapi_post: Response: 

HTTP/1.1 200 OK
Server: nginx
Content-Type: application/json
Content-Length: 92
X-Tt-Logid: 2025011611315226AA0DF189764F54DCA6
x-tt-trace-host: 018e5a586174a888928d793bdac74b79b56517d7628cf0ffdff56b078ad2cf5615c3ba4ed2b0ae1b9e62b8aa63adeeeca212404bfda51888c75a36f4f6e08b9b91af1762525b2530be89bcc0646c432c53955d8883346152165a6039686c19ef6b537defa7d028d81d7e3695bb0c48c972
x-tt-trace-id: 00-25011611315226AA0DF189764F54DCA6-7C333B5B2F22B2A3-00
X-Origin-Response-Time: 29,23.218.219.42
X-Akamai-Request-ID: 8f8840.cd8e1f6
Expires: Thu, 16 Jan 2025 11:31:52 GMT
Cache-Control: max-age=0, no-cache, no-store
Pragma: no-cache
Date: Thu, 16 Jan 2025 11:31:52 GMT
X-Cache: TCP_MISS from a95-101-134-92.deploy.akamaitechnologies.com (AkamaiGHost/11.8.0-1debf780f7d7c834933fa9689361eec6) (-)
Connection: close
X-Cache-Remote: TCP_MISS from a23-218-219-42.deploy.akamaitechnologies.com (AkamaiGHost/11.8.0-1debf780f7d7c834933fa9689361eec6) (-)
x-tt-trace-tag: id=16;cdn-cache=miss;type=dyn
Server-Timing: cdn-cache; desc=MISS, edge; dur=85, origin; dur=29
Server-Timing: inner; dur=26
X-Parent-Response-Time: 114,95.101.134.92

{"code": 0, "message": "OK", "request_id": "2025011611315226AA0DF189764F54DCA6", "data": {}}
2025-01-16T11:31:54+00:00 DEBUG POST: https://business-api.tiktok.com/open_api/v1.3/event/track/

{"partner_name":"WooCommerce","event_source":"web","event_source_id":"CSM79Q3C77UAG1T340I0","data":[{"event":"Pageview","event_id":"6788ee2a3264d_tt4b_woocommerce_670666209cf1f","event_time":1737027114,"user":{"ip":"62.210.13.154","user_agent":"WP Rocket\/Preload","locale":"ar","external_id":"0","email":"e3b0c44298fc1c149afbf4c8996fb92427ae41e4649b934ca495991b7852b855","phone_number":"e3b0c44298fc1c149afbf4c8996fb92427ae41e4649b934ca495991b7852b855","first_name":"e3b0c44298fc1c149afbf4c8996fb92427ae41e4649b934ca495991b7852b855","last_name":"e3b0c44298fc1c149afbf4c8996fb92427ae41e4649b934ca495991b7852b855","zip_code":"e3b0c44298fc1c149afbf4c8996fb92427ae41e4649b934ca495991b7852b855"},"page":{"url":"http:\/\/ibn-sinaa.com\/product\/calendar-gregorian-wood\/"}}]}
 ajax: no
2025-01-16T11:31:54+00:00 DEBUG Tt4b_Mapi_Class::mapi_post: Response: 

HTTP/1.1 200 OK
Server: nginx
Content-Type: application/json
Content-Length: 92
X-Tt-Logid: 20250116113154F66583DFB1B19FC7E85C
Server-Timing: inner; dur=24
x-tt-trace-host: 018e5a586174a888928d793bdac74b79b51a437ee89a1c03eb2011d034a2e3e9f5f5632ae0b32bf73d7ff06ec77dab0d3871f98dde255941ed774db7e2106731a14527bdd91cae91f83f2a94c47c954c8446c4d5e312392cb0f21f26d9804af8c8
x-tt-trace-id: 00-250116113154F66583DFB1B19FC7E85C-7F2402A744E6C469-00
Expires: Thu, 16 Jan 2025 11:31:54 GMT
Cache-Control: max-age=0, no-cache, no-store
Pragma: no-cache
Date: Thu, 16 Jan 2025 11:31:54 GMT
X-Cache: TCP_MISS from a95-101-134-92.deploy.akamaitechnologies.com (AkamaiGHost/11.8.0-1debf780f7d7c834933fa9689361eec6) (-)
Connection: close
x-tt-trace-tag: id=16;cdn-cache=miss;type=dyn
Server-Timing: cdn-cache; desc=MISS, edge; dur=1, origin; dur=104
X-Origin-Response-Time: 104,95.101.134.92
X-Akamai-Request-ID: cd90a56

{"code": 0, "message": "OK", "request_id": "20250116113154F66583DFB1B19FC7E85C", "data": {}}
2025-01-16T11:31:54+00:00 DEBUG Tt4b_Pixel_Class::inject_view_content_event: hit ViewContent
2025-01-16T11:31:54+00:00 DEBUG POST: https://business-api.tiktok.com/open_api/v1.3/event/track/

{"partner_name":"WooCommerce","event_source":"web","event_source_id":"CSM79Q3C77UAG1T340I0","data":[{"event":"ViewContent","event_id":"6788ee2a8d4bb_tt4b_woocommerce_670666209cf1f_4436","event_time":1737027114,"user":{"ip":"62.210.13.154","user_agent":"WP Rocket\/Preload","locale":"ar","external_id":"0","email":"e3b0c44298fc1c149afbf4c8996fb92427ae41e4649b934ca495991b7852b855","phone_number":"e3b0c44298fc1c149afbf4c8996fb92427ae41e4649b934ca495991b7852b855","first_name":"e3b0c44298fc1c149afbf4c8996fb92427ae41e4649b934ca495991b7852b855","last_name":"e3b0c44298fc1c149afbf4c8996fb92427ae41e4649b934ca495991b7852b855","zip_code":"e3b0c44298fc1c149afbf4c8996fb92427ae41e4649b934ca495991b7852b855"},"properties":{"contents":[{"price":180,"quantity":1,"content_id":"4436","content_name":"\u062a\u0642\u0648\u064a\u0645 \u062e\u0634\u0628 \u0648\u0633\u0637 \u0645\u0639 \u062c\u0644\u062f","description":"\u062a\u0642\u0648\u064a\u0645 \u0645\u064a\u0644\u0627\u062f\u064a \u062e\u0634\u0628: \u062a\u0635\u0645\u064a\u0645 \u0639\u0635\u0631\u064a \u0648\u0623\u0646\u064a\u0642\u060c \u0645\u0635\u0646\u0648\u0639 \u0645\u0646 \u0627\u0644\u062e\u0634\u0628 \u0627\u0644\u0645\u062a\u064a\u0646 \u0628\u0648\u0636\u0648\u062d \u0627\u0633\u062a\u062b\u0646\u0627\u0626\u064a \u0644\u0644\u0643\u062a\u0627\u0628\u0629 \u0648\u0627\u0644\u0631\u0624\u064a\u0629\u060c \u064a\u0636\u064a\u0641 \u0644\u0645\u0633\u0629 \u0645\u0646 \u0627\u0644\u0641\u062e\u0627\u0645\u0629 \u0648\u0627\u0644\u062a\u0646\u0638\u064a\u0645 \u0644\u0645\u0643\u062a\u0628\u0643. \u0645\u062b\u0627\u0644\u064a \u0644\u062a\u0646\u0638\u064a\u0645 \u0627\u0644\u0645\u0648\u0627\u0639\u064a\u062f \u0648\u0627\u0644\u0627\u062c\u062a\u0645\u0627\u0639\u0627\u062a\u060c \u0648\u064a\u0636\u0641\u064a \u062c\u0627\u0630\u0628\u064a\u0629 \u0639\u0644\u0649 \u0645\u0633\u0627\u062d\u0629 \u0627\u0644\u0639\u0645\u0644 \u0627\u0644\u062e\u0627\u0635\u0629 \u0628\u0643.","availability":"IN_STOCK","sale_price":180,"on_sale":false}],"content_type":"product","currency":"SAR","value":180,"event_trigger_source":"WooCommerce"},"page":{"url":"http:\/\/ibn-sinaa.com\/product\/calendar-gregorian-wood\/"}}]}
 ajax: no
2025-01-16T11:31:54+00:00 DEBUG Tt4b_Mapi_Class::mapi_post: Response: 

HTTP/1.1 200 OK
Server: nginx
Content-Type: application/json
Content-Length: 92
X-Tt-Logid: 20250116113154421AFF9E596B41610594
x-tt-trace-host: 018e5a586174a888928d793bdac74b79b56517d7628cf0ffdff56b078ad2cf5615555aa8fb97d1df19e6c7ae0782027706898bb04d5c490a0d5118eab230d33ab4bfdb1f82edaafd1fbc44620866ebbd13da7e5400aa0b0e53aa3790fdaa357a2cbb4c0c5840f1168db61f55549ddc9e35
x-tt-trace-id: 00-250116113154421AFF9E596B41610594-54B342B64E5B679C-00
X-Origin-Response-Time: 71,23.222.2.20
X-Akamai-Request-ID: 2aec267a.cd911d0
Expires: Thu, 16 Jan 2025 11:31:54 GMT
Cache-Control: max-age=0, no-cache, no-store
Pragma: no-cache
Date: Thu, 16 Jan 2025 11:31:54 GMT
X-Cache: TCP_MISS from a95-101-134-92.deploy.akamaitechnologies.com (AkamaiGHost/11.8.0-1debf780f7d7c834933fa9689361eec6) (-)
Connection: close
X-Cache-Remote: TCP_MISS from a23-222-2-20.deploy.akamaitechnologies.com (AkamaiGHost/11.8.0-1debf780f7d7c834933fa9689361eec6) (-)
x-tt-trace-tag: id=16;cdn-cache=miss;type=dyn
Server-Timing: cdn-cache; desc=MISS, edge; dur=84, origin; dur=71
Server-Timing: inner; dur=68
X-Parent-Response-Time: 154,95.101.134.92

{"code": 0, "message": "OK", "request_id": "20250116113154421AFF9E596B41610594", "data": {}}
2025-01-16T11:31:55+00:00 DEBUG POST: https://business-api.tiktok.com/open_api/v1.3/event/track/

{"partner_name":"WooCommerce","event_source":"web","event_source_id":"CSM79Q3C77UAG1T340I0","data":[{"event":"Pageview","event_id":"6788ee2b99ad1_tt4b_woocommerce_670666209cf1f","event_time":1737027115,"user":{"ip":"62.210.13.154","user_agent":"WP Rocket\/Preload","locale":"ar","external_id":"0","email":"e3b0c44298fc1c149afbf4c8996fb92427ae41e4649b934ca495991b7852b855","phone_number":"e3b0c44298fc1c149afbf4c8996fb92427ae41e4649b934ca495991b7852b855","first_name":"e3b0c44298fc1c149afbf4c8996fb92427ae41e4649b934ca495991b7852b855","last_name":"e3b0c44298fc1c149afbf4c8996fb92427ae41e4649b934ca495991b7852b855","zip_code":"e3b0c44298fc1c149afbf4c8996fb92427ae41e4649b934ca495991b7852b855"},"page":{"url":"http:\/\/ibn-sinaa.com\/product\/small-wood-calendar-with-leather\/"}}]}
 ajax: no
2025-01-16T11:31:55+00:00 DEBUG Tt4b_Mapi_Class::mapi_post: Response: 

HTTP/1.1 200 OK
Server: nginx
Content-Type: application/json
Content-Length: 92
X-Tt-Logid: 20250116113155101C3EE121B5293E70A1
Server-Timing: inner; dur=24
x-tt-trace-host: 018e5a586174a888928d793bdac74b79b520593bf434961dbceff88e4b17f9a156a49e2c0de10bb78e05f0b61c72298ac64944fa08880cc8288174b57e14d0471499f15cb