2025-01-26T00:03:37+00:00 DEBUG POST: https://business-api.tiktok.com/open_api/v1.3/event/track/

{"partner_name":"WooCommerce","event_source":"web","event_source_id":"CSM79Q3C77UAG1T340I0","data":[{"event":"Pageview","event_id":"67957bd923b2e_tt4b_woocommerce_670666209cf1f","event_time":1737849817,"user":{"ip":"54.36.148.119","user_agent":"Mozilla\/5.0 (compatible; AhrefsBot\/7.0; +http:\/\/ahrefs.com\/robot\/)","locale":"ar","external_id":"0","email":"e3b0c44298fc1c149afbf4c8996fb92427ae41e4649b934ca495991b7852b855","phone_number":"e3b0c44298fc1c149afbf4c8996fb92427ae41e4649b934ca495991b7852b855","first_name":"e3b0c44298fc1c149afbf4c8996fb92427ae41e4649b934ca495991b7852b855","last_name":"e3b0c44298fc1c149afbf4c8996fb92427ae41e4649b934ca495991b7852b855","zip_code":"e3b0c44298fc1c149afbf4c8996fb92427ae41e4649b934ca495991b7852b855"},"page":{"url":"http:\/\/www.ibn-sinaa.com\/product-tag\/%D9%84%D9%88%D8%AD%D8%A7%D8%AA-%D9%81%D9%84%D9%8A%D9%86-%D9%85%D8%AF%D8%B1%D8%B3%D9%8A%D8%A9\/"}}]}
 ajax: no
2025-01-26T00:03:37+00:00 DEBUG Tt4b_Mapi_Class::mapi_post: Response: 

HTTP/1.1 200 OK
Server: nginx
Content-Type: application/json
Content-Length: 92
X-Tt-Logid: 2025012600033731563D5410CBB05BBA31
x-tt-trace-host: 018e5a586174a888928d793bdac74b79b56517d7628cf0ffdff56b078ad2cf5615e7217f37e0d1d63a4ecdee61762d282376549238c427d6507aac7f3b88c5df7feae320b8d1f502e0df162c4519e4d5726026451f78cf162e2230a55812c55766dc5a9faa827fdc8af64ca8e4147d8157
x-tt-trace-id: 00-25012600033731563D5410CBB05BBA31-5F5DDE938A7A18B9-00
X-Origin-Response-Time: 37,23.218.219.5
X-Akamai-Request-ID: 11253b51.1208ca11
Expires: Sun, 26 Jan 2025 00:03:37 GMT
Cache-Control: max-age=0, no-cache, no-store
Pragma: no-cache
Date: Sun, 26 Jan 2025 00:03:37 GMT
X-Cache: TCP_MISS from a95-101-134-92.deploy.akamaitechnologies.com (AkamaiGHost/11.8.0-1debf780f7d7c834933fa9689361eec6) (-)
Connection: close
X-Cache-Remote: TCP_MISS from a23-218-219-5.deploy.akamaitechnologies.com (AkamaiGHost/11.8.0-1debf780f7d7c834933fa9689361eec6) (-)
x-tt-trace-tag: id=16;cdn-cache=miss;type=dyn
Server-Timing: cdn-cache; desc=MISS, edge; dur=90, origin; dur=36
Server-Timing: inner; dur=34
X-Parent-Response-Time: 120,95.101.134.92

{"code": 0, "message": "OK", "request_id": "2025012600033731563D5410CBB05BBA31", "data": {}}
2025-01-26T00:03:52+00:00 DEBUG POST: https://business-api.tiktok.com/open_api/v1.3/event/track/

{"partner_name":"WooCommerce","event_source":"web","event_source_id":"CSM79Q3C77UAG1T340I0","data":[{"event":"Pageview","event_id":"67957be856d5c_tt4b_woocommerce_670666209cf1f","event_time":1737849832,"user":{"ip":"185.191.171.9","user_agent":"Mozilla\/5.0 (compatible; SemrushBot\/7~bl; +http:\/\/www.semrush.com\/bot.html)","locale":"ar","external_id":"0","email":"e3b0c44298fc1c149afbf4c8996fb92427ae41e4649b934ca495991b7852b855","phone_number":"e3b0c44298fc1c149afbf4c8996fb92427ae41e4649b934ca495991b7852b855","first_name":"e3b0c44298fc1c149afbf4c8996fb92427ae41e4649b934ca495991b7852b855","last_name":"e3b0c44298fc1c149afbf4c8996fb92427ae41e4649b934ca495991b7852b855","zip_code":"e3b0c44298fc1c149afbf4c8996fb92427ae41e4649b934ca495991b7852b855"},"page":{"url":"http:\/\/mail.ibn-sinaa.com\/product\/velvet-desk-adventure-calendar\/"}}]}
 ajax: no
2025-01-26T00:03:52+00:00 DEBUG Tt4b_Mapi_Class::mapi_post: Response: 

HTTP/1.1 200 OK
Server: nginx
Content-Type: application/json
Content-Length: 92
X-Tt-Logid: 20250126000352AF492F016589D252E343
x-tt-trace-host: 018e5a586174a888928d793bdac74b79b519a86797e72c2eba011e03e23beee17d1993591dfc48dcfc3b8c12cc342970f35e3b54cc34fbbb1c9822255ed3e9d90bfdcae141d7160022e4ec809704b3c15ea7e64ae65b72f6a6827731b74b4ebe6505f002eb8acd49db1f1c91493caa78ee
x-tt-trace-id: 00-250126000352AF492F016589D252E343-6F6FC2027299DCBF-00
X-Origin-Response-Time: 26,23.213.246.203
X-Akamai-Request-ID: d913f6c8.dc05c16
Expires: Sun, 26 Jan 2025 00:03:52 GMT
Cache-Control: max-age=0, no-cache, no-store
Pragma: no-cache
Date: Sun, 26 Jan 2025 00:03:52 GMT
X-Cache: TCP_MISS from a95-101-134-116.deploy.akamaitechnologies.com (AkamaiGHost/11.8.1-545a545a07b22376d11b3e238f123a02) (-)
Connection: close
X-Cache-Remote: TCP_MISS from a23-213-246-203.deploy.akamaitechnologies.com (AkamaiGHost/11.8.0-2d0f2d516c5d43e1487924a77ec5924a) (-)
x-tt-trace-tag: id=16;cdn-cache=miss;type=dyn
Server-Timing: cdn-cache; desc=MISS, edge; dur=82, origin; dur=26
Server-Timing: inner; dur=21
X-Parent-Response-Time: 105,95.101.134.116

{"code": 0, "message": "OK", "request_id": "20250126000352AF492F016589D252E343", "data": {}}
2025-01-26T00:03:52+00:00 DEBUG Tt4b_Pixel_Class::inject_view_content_event: hit ViewContent
2025-01-26T00:03:52+00:00 DEBUG POST: https://business-api.tiktok.com/open_api/v1.3/event/track/

{"partner_name":"WooCommerce","event_source":"web","event_source_id":"CSM79Q3C77UAG1T340I0","data":[{"event":"ViewContent","event_id":"67957be8900ab_tt4b_woocommerce_670666209cf1f_4445","event_time":1737849832,"user":{"ip":"185.191.171.9","user_agent":"Mozilla\/5.0 (compatible; SemrushBot\/7~bl; +http:\/\/www.semrush.com\/bot.html)","locale":"ar","external_id":"0","email":"e3b0c44298fc1c149afbf4c8996fb92427ae41e4649b934ca495991b7852b855","phone_number":"e3b0c44298fc1c149afbf4c8996fb92427ae41e4649b934ca495991b7852b855","first_name":"e3b0c44298fc1c149afbf4c8996fb92427ae41e4649b934ca495991b7852b855","last_name":"e3b0c44298fc1c149afbf4c8996fb92427ae41e4649b934ca495991b7852b855","zip_code":"e3b0c44298fc1c149afbf4c8996fb92427ae41e4649b934ca495991b7852b855"},"properties":{"contents":[{"price":69,"quantity":1,"content_id":"4445","content_name":"\u062a\u0642\u0648\u064a\u0645 \u0645\u064a\u0644\u0627\u062f\u064a \u0645\u0643\u062a\u0628\u064a \u0645\u062e\u0645\u0644\u064a","description":"\u062a\u0642\u0648\u064a\u0645 \u0645\u064a\u0644\u0627\u062f\u064a \u0645\u0643\u062a\u0628\u064a \u0645\u062e\u0645\u0644\u064a: \u062a\u0635\u0645\u064a\u0645 \u0639\u0635\u0631\u064a \u0648\u0623\u0646\u064a\u0642\u060c \u0645\u0635\u0646\u0648\u0639 \u0645\u0646 \u0627\u0644\u0623\u0643\u0631\u064a\u0644\u064a\u0643 \u0627\u0644\u0645\u062a\u064a\u0646 \u0628\u0648\u0636\u0648\u062d \u0627\u0633\u062a\u062b\u0646\u0627\u0626\u064a \u0644\u0644\u0643\u062a\u0627\u0628\u0629 \u0648\u0627\u0644\u0631\u0624\u064a\u0629\u060c \u064a\u0636\u064a\u0641 \u0644\u0645\u0633\u0629 \u0645\u0646 \u0627\u0644\u0641\u062e\u0627\u0645\u0629 \u0648\u0627\u0644\u062a\u0646\u0638\u064a\u0645 \u0644\u0645\u0643\u062a\u0628\u0643. \u0645\u062b\u0627\u0644\u064a \u0644\u062a\u0646\u0638\u064a\u0645 \u0627\u0644\u0645\u0648\u0627\u0639\u064a\u062f \u0648\u0627\u0644\u0627\u062c\u062a\u0645\u0627\u0639\u0627\u062a\u060c \u0648\u064a\u0636\u0641\u064a \u062c\u0627\u0630\u0628\u064a\u0629 \u0639\u0644\u0649 \u0645\u0633\u0627\u062d\u0629 \u0627\u0644\u0639\u0645\u0644 \u0627\u0644\u062e\u0627\u0635\u0629 \u0628\u0643.","availability":"IN_STOCK","sale_price":69,"on_sale":false}],"content_type":"product","currency":"SAR","value":69,"event_trigger_source":"WooCommerce"},"page":{"url":"http:\/\/mail.ibn-sinaa.com\/product\/velvet-desk-adventure-calendar\/"}}]}
 ajax: no
2025-01-26T00:03:52+00:00 DEBUG Tt4b_Mapi_Class::mapi_post: Response: 

HTTP/1.1 200 OK
Server: nginx
Content-Type: application/json
Content-Length: 92
X-Tt-Logid: 20250126000352E98F9B5D5842EEA77CDE
x-tt-trace-host: 018e5a586174a888928d793bdac74b79b56517d7628cf0ffdff56b078ad2cf5615e9532a8440ca1bcaebc628032267b34899b9486b2ac6ba03dc7303b2957808799d6b5c3bdc6605ac6754f5632e8b0be55898ba4c71ff9e2a0bb61cb715ff8406d6495a5362af35c5e801043dc4733737
x-tt-trace-id: 00-250126000352E98F9B5D5842EEA77CDE-2AFC8510A3C84A60-00
X-Origin-Response-Time: 40,23.218.219.12
X-Akamai-Request-ID: 979cc9a.120947fa
Expires: Sun, 26 Jan 2025 00:03:52 GMT
Cache-Control: max-age=0, no-cache, no-store
Pragma: no-cache
Date: Sun, 26 Jan 2025 00:03:52 GMT
X-Cache: TCP_MISS from a95-101-134-92.deploy.akamaitechnologies.com (AkamaiGHost/11.8.0-1debf780f7d7c834933fa9689361eec6) (-)
Connection: close
X-Cache-Remote: TCP_MISS from a23-218-219-12.deploy.akamaitechnologies.com (AkamaiGHost/11.8.0-1debf780f7d7c834933fa9689361eec6) (-)
x-tt-trace-tag: id=16;cdn-cache=miss;type=dyn
Server-Timing: cdn-cache; desc=MISS, edge; dur=86, origin; dur=40
Server-Timing: inner; dur=37
X-Parent-Response-Time: 122,95.101.134.92

{"code": 0, "message": "OK", "request_id": "20250126000352E98F9B5D5842EEA77CDE", "data": {}}
2025-01-26T00:05:03+00:00 DEBUG POST: https://business-api.tiktok.com/open_api/v1.3/event/track/

{"partner_name":"WooCommerce","event_source":"web","event_source_id":"CSM79Q3C77UAG1T340I0","data":[{"event":"Pageview","event_id":"67957c2f36af8_tt4b_woocommerce_670666209cf1f","event_time":1737849903,"user":{"ip":"185.225.33.121","user_agent":"Mozilla\/5.0 (Windows NT 10.0; Win64; x64; rv:79.0) Gecko\/20100101 Firefox\/79.0","locale":"ar","external_id":"0","email":"e3b0c44298fc1c149afbf4c8996fb92427ae41e4649b934ca495991b7852b855","phone_number":"e3b0c44298fc1c149afbf4c8996fb92427ae41e4649b934ca495991b7852b855","first_name":"e3b0c44298fc1c149afbf4c8996fb92427ae41e4649b934ca495991b7852b855","last_name":"e3b0c44298fc1c149afbf4c8996fb92427ae41e4649b934ca495991b7852b855","zip_code":"e3b0c44298fc1c149afbf4c8996fb92427ae41e4649b934ca495991b7852b855"},"page":{"url":"http:\/\/ibn-sinaa.com\/xmlrpc.php"}}]}
 ajax: no
2025-01-26T00:05:03+00:00 DEBUG Tt4b_Mapi_Class::mapi_post: Response: 

HTTP/1.1 200 OK
Server: nginx
Content-Type: application/json
Content-Length: 92
X-Tt-Logid: 20250126000503DDC1D9108440CD413645
x-tt-trace-host: 018e5a586174a888928d793bdac74b79b519a86797e72c2eba011e03e23beee17dcf24f51a3f66ece77f80810e3829c4803b47a33cb98080b5c3b2bf9cdeefe2c635e7aeb81e1999712ff1ba9093cc48283e2e2a81943afc74803998758b6c2dc57868433b2add77772f60e64d7aa057ee
x-tt-trace-id: 00-250126000503DDC1D9108440CD413645-17F069178DFEF577-00
X-Origin-Response-Time: 43,23.218.219.5
X-Akamai-Request-ID: 11282ea5.dc1bd76
Expires: Sun, 26 Jan 2025 00:05:03 GMT
Cache-Control: max-age=0, no-cache, no-store
Pragma: no-cache
Date: Sun, 26 Jan 2025 00:05:03 GMT
X-Cache: TCP_MISS from a95-101-134-116.deploy.akamaitechnologies.com (AkamaiGHost/11.8.1-545a545a07b22376d11b3e238f123a02) (-)
Connection: close
X-Cache-Remote: TCP_MISS from a23-218-219-5.deploy.akamaitechnologies.com (AkamaiGHost/11.8.0-1debf780f7d7c834933fa9689361eec6) (-)
x-tt-trace-tag: id=16;cdn-cache=miss;type=dyn
Server-Timing: cdn-cache; desc=MISS, edge; dur=86, origin; dur=43
Server-Timing: inner; dur=40
X-Parent-Response-Time: 125,95.101.134.116

{"code": 0, "message": "OK", "request_id": "20250126000503DDC1D9108440CD413645", "data": {}}
2025-01-26T00:05:09+00:00 DEBUG POST: https://business-api.tiktok.com/open_api/v1.3/event/track/

{"partner_name":"WooCommerce","event_source":"web","event_source_id":"CSM79Q3C77UAG1T340I0","data":[{"event":"Pageview","event_id":"67957c351bb99_tt4b_woocommerce_670666209cf1f","event_time":1737849909,"user":{"ip":"66.249.76.234","user_agent":"Mozilla\/5.0 (Linux; Android 6.0.1; Nexus 5X Build\/MMB29P) AppleWebKit\/537.36 (KHTML, like Gecko) Chrome\/132.0.6834.83 Mobile Safari\/537.36 (compatible; Googlebot\/2.1; +http:\/\/www.google.com\/bot.html)","locale":"ar","external_id":"0","email":"e3b0c44298fc1c149afbf4c8996fb92427ae41e4649b934ca495991b7852b855","phone_number":"e3b0c44298fc1c149afbf4c8996fb92427ae41e4649b934ca495991b7852b855","first_name":"e3b0c44298fc1c149afbf4c8996fb92427ae41e4649b934ca495991b7852b855","last_name":"e3b0c44298fc1c149afbf4c8996fb92427ae41e4649b934ca495991b7852b855","zip_code":"e3b0c44298fc1c149afbf4c8996fb92427ae41e4649b934ca495991b7852b855"},"page":{"url":"http:\/\/mail.ibn-sinaa.com\/product\/print-forex\/"}}]}
 ajax: no
2025-01-26T00:05:09+00:00 DEBUG Tt4b_Mapi_Class::mapi_post: Response: 

HTTP/1.1 200 OK
Server: nginx
Content-Type: application/json
Content-Length: 92
X-Tt-Logid: 202501260005096D18936A27537EB61996
x-tt-trace-host: 018e5a586174a888928d793bdac74b79b519a86797e72c2eba011e03e23beee17dcf24f51a3f66ece77f80810e3829c480de45e913b089fc5991482f0a3f05efd0f99f31d668cc5960e2d6f99aa9d5146e556dbe01b3a4f54f69c931297979b61be2e8c6fa78164647f598a1604ddc4ebd
x-tt-trace-id: 00-2501260005096D18936A27537EB61996-6C24355037F1898E-00
X-Origin-Response-Time: 30,23.218.219.5
X-Akamai-Request-ID: 112864cb.dc1da9b
Expires: Sun, 26 Jan 2025 00:05:09 GMT
Cache-Control: max-age=0, no-cache, no-store
Pragma: no-cache
Date: Sun, 26 Jan 2025 00:05:09 GMT
X-Cache: TCP_MISS from a95-101-134-116.deploy.akamaitechnologies.com (AkamaiGHost/11.8.1-545a545a07b22376d11b3e238f123a02) (-)
Connection: close
X-Cache-Remote: TCP_MISS from a23-218-219-5.deploy.akamaitechnologies.com (AkamaiGHost/11.8.0-1debf780f7d7c834933fa9689361eec6) (-)
x-tt-trace-tag: id=16;cdn-cache=miss;type=dyn
Server-Timing: cdn-cache; desc=MISS, edge; dur=95, origin; dur=30
Server-Timing: inner; dur=24
X-Parent-Response-Time: 121,95.101.134.116

{"code": 0, "message": "OK", "request_id": "202501260005096D18936A27537EB61996", "data": {}}
2025-01-26T00:05:09+00:00 DEBUG Tt4b_Pixel_Class::inject_view_content_event: hit ViewContent
2025-01-26T00:05:09+00:00 DEBUG POST: https://business-api.tiktok.com/open_api/v1.3/event/track/

{"partner_name":"WooCommerce","event_source":"web","event_source_id":"CSM79Q3C77UAG1T340I0","data":[{"event":"ViewContent","event_id":"67957c3557d18_tt4b_woocommerce_670666209cf1f_4301","event_time":1737849909,"user":{"ip":"66.249.76.234","user_agent":"Mozilla\/5.0 (Linux; Android 6.0.1; Nexus 5X Build\/MMB29P) AppleWebKit\/537.36 (KHTML, like Gecko) Chrome\/132.0.6834.83 Mobile Safari\/537.36 (compatible; Googlebot\/2.1; +http:\/\/www.google.com\/bot.html)","locale":"ar","external_id":"0","email":"e3b0c44298fc1c149afbf4c8996fb92427ae41e4649b934ca495991b7852b855","phone_number":"e3b0c44298fc1c149afbf4c8996fb92427ae41e4649b934ca495991b7852b855","first_name":"e3b0c44298fc1c149afbf4c8996fb92427ae41e4649b934ca495991b7852b855","last_name":"e3b0c44298fc1c149afbf4c8996fb92427ae41e4649b934ca495991b7852b855","zip_code":"e3b0c44298fc1c149afbf4c8996fb92427ae41e4649b934ca495991b7852b855"},"properties":{"contents":[{"price":100,"quantity":1,"content_id":"4301","content_name":"\u0637\u0628\u0627\u0639\u0647 \u0639\u0644\u0649 \u0641\u0648\u0631\u0643\u0633","description":"\u0627\u062d\u0635\u0644 \u0639\u0644\u0649 \u062e\u062f\u0645\u0629 \"\u0637\u0628\u0627\u0639\u0629 \u0639\u0644\u0649 \u0641\u0648\u0631\u0643\u0633\" \u0645\u0646 \u0645\u062a\u062c\u0631 \u0645\u0643\u062a\u0628\u0629 \u0627\u0628\u0646 \u0633\u064a\u0646\u0627 \u0627\u0644\u0625\u0644\u0643\u062a\u0631\u0648\u0646\u064a\u060c \u0648\u0627\u0644\u062a\u064a \u062a\u0636\u0645\u0646 \u0644\u0643 \u0639\u0631\u0636\u064b\u0627 \u062c\u0627\u0630\u0628\u064b\u0627 \u0648\u0627\u062d\u062a\u0631\u0627\u0641\u064a\u064b\u0627 \u0644\u0645\u0646\u062a\u062c\u0627\u062a\u0643 \u0623\u0648 \u0645\u0648\u0627\u062f\u0643 \u0627\u0644\u0625\u0639\u0644\u0627\u0646\u064a\u0629. \u064a\u062a\u0645\u064a\u0632 \u0647\u0630\u0627 \u0627\u0644\u0646\u0648\u0639 \u0645\u0646 \u0627\u0644\u0637\u0628\u0627\u0639\u0629 \u0628\u062c\u0648\u062f\u0629 \u0639\u0627\u0644\u064a\u0629 \u0648\u062a\u0635\u0645\u064a\u0645\u0627\u062a \u0645\u062a\u0642\u062f\u0645\u0629 \u062a\u0644\u0628\u064a \u0627\u062d\u062a\u064a\u0627\u062c\u0627\u062a\u0643 \u0627\u0644\u0645\u062a\u0646\u0648\u0639\u0629.","availability":"IN_STOCK","sale_price":100,"on_sale":false}],"content_type":"product","currency":"SAR","value":100,"event_trigger_source":"WooCommerce"},"page":{"url":"http:\/\/mail.ibn-sinaa.com\/product\/print-forex\/"}}]}
 ajax: no
2025-01-26T00:05:09+00:00 DEBUG Tt4b_Mapi_Class::mapi_post: Response: 

HTTP/1.1 200 OK
Server: nginx
Content-Type: application/json
Content-Length: 92
X-Tt-Logid: 2025012600050923B449CFD1392A58CA9E
x-tt-trace-host: 018e5a586174a888928d793bdac74b79b56517d7628cf0ffdff56b078ad2cf56155b670cb6039d336e04be6a28286721d83e9277b5b3a91ff098b523b21f3cd0732a1e2a471e885d53eb806d186b09ee54d2c579c6d2bd2fb5cf7679891aeab2f41c8fc390628a77dddecb8c0994f5e115
x-tt-trace-id: 00-25012600050923B449CFD1392A58CA9E-7EFBB3852B4F281A-00
X-Origin-Response-Time: 31,23.213.246.198
X-Akamai-Request-ID: ed203d93.120bc77b
Expires: Sun, 26 Jan 2025 00:05:09 GMT
Cache-Control: max-age=0, no-cache, no-store
Pragma: no-cache
Date: Sun, 26 Jan 2025 00:05:09 GMT
X-Cache: TCP_MISS from a95-101-134-92.deploy.akamaitechnologies.com (AkamaiGHost/11.8.0-1debf780f7d7c834933fa9689361eec6) (-)
Connection: close
X-Cache-Remote: TCP_MISS from a23-213-246-198.deploy.akamaitechnologies.com (AkamaiGHost/11.8.0-1debf780f7d7c834933fa9689361eec6) (-)
x-tt-trace-tag: id=16;cdn-cache=miss;type=dyn
Server-Timing: cdn-cache; desc=MISS, edge; dur=90, origin; dur=30
Server-Timing: inner; dur=27
X-Parent-Response-Time: 115,95.101.134.92

{"code": 0, "message": "OK", "request_id": "2025012600050923B449CFD1392A58CA9E", "data": {}}
2025-01-26T00:06:32+00:00 DEBUG Tt4b_Pixel_Class::inject_add_to_cart_event: hit AddToCart
2025-01-26T00:06:32+00:00 DEBUG POST: https://business-api.tiktok.com/open_api/v1.3/event/track/

{"partner_name":"WooCommerce","event_source":"web","event_source_id":"CSM79Q3C77UAG1T340I0","data":[{"event":"AddToCart","event_id":"67957c887ec99_tt4b_woocommerce_670666209cf1f_4443","event_time":1737849992,"user":{"ip":"54.36.149.78","user_agent":"Mozilla\/5.0 (compatible; AhrefsBot\/7.0; +http:\/\/ahrefs.com\/robot\/)","locale":"ar","external_id":"0","email":"e3b0c44298fc1c149afbf4c8996fb92427ae41e4649b934ca495991b7852b855","phone_number":"e3b0c44298fc1c149afbf4c8996fb92427ae41e4649b934ca495991b7852b855","first_name":"e3b0c44298fc1c149afbf4c8996fb92427ae41e4649b934ca495991b7852b855","last_name":"e3b0c44298fc1c149afbf4c8996fb92427ae41e4649b934ca495991b7852b855","zip_code":"e3b0c44298fc1c149afbf4c8996fb92427ae41e4649b934ca495991b7852b855"},"properties":{"contents":[{"price":69,"quantity":1,"content_id":"4443","content_name":"\u062a\u0642\u0648\u064a\u0645 \u0645\u064a\u0644\u0627\u062f\u064a \u0645\u0643\u062a\u0628\u064a","description":"\u062a\u0642\u0648\u064a\u0645 \u0645\u064a\u0644\u0627\u062f\u064a \u0645\u0643\u062a\u0628\u064a \u062c\u0644\u062f \u0639\u0627\u062f\u064a: \u062a\u0635\u0645\u064a\u0645 \u0639\u0635\u0631\u064a \u0648\u0623\u0646\u064a\u0642\u060c \u0645\u0635\u0646\u0648\u0639 \u0645\u0646 \u0627\u0644\u062c\u0644\u062f \u0627\u0644\u0645\u062a\u064a\u0646 \u0628\u0648\u0636\u0648\u062d \u0627\u0633\u062a\u062b\u0646\u0627\u0626\u064a \u0644\u0644\u0643\u062a\u0627\u0628\u0629 \u0648\u0627\u0644\u0631\u0624\u064a\u0629\u060c \u064a\u0636\u064a\u0641 \u0644\u0645\u0633\u0629 \u0645\u0646 \u0627\u0644\u0641\u062e\u0627\u0645\u0629 \u0648\u0627\u0644\u062a\u0646\u0638\u064a\u0645 \u0644\u0645\u0643\u062a\u0628\u0643. \u0645\u062b\u0627\u0644\u064a \u0644\u062a\u0646\u0638\u064a\u0645 \u0627\u0644\u0645\u0648\u0627\u0639\u064a\u062f \u0648\u0627\u0644\u0627\u062c\u062a\u0645\u0627\u0639\u0627\u062a\u060c \u0648\u064a\u0636\u0641\u064a \u062c\u0627\u0630\u0628\u064a\u0629 \u0639\u0644\u0649 \u0645\u0633\u0627\u062d\u0629 \u0627\u0644\u0639\u0645\u0644 \u0627\u0644\u062e\u0627\u0635\u0629 \u0628\u0643.","availability":"IN_STOCK","sale_price":69,"on_sale":false}],"content_type":"product","currency":"SAR","value":69,"event_trigger_source":"WooCommerce"},"page":{"url":"http:\/\/mail.ibn-sinaa.com\/product-category\/shields-and-gifts\/calendars\/page\/2\/?add-to-cart=4443"}}]}
 ajax: no
2025-01-26T00:06:32+00:00 DEBUG Tt4b_Mapi_Class::mapi_post: Response: 

HTTP/1.1 200 OK
Server: nginx
Content-Type: application/json
Content-Length: 92
X-Tt-Logid: 20250126000632FB53A155BC3025B86DF0
x-tt-trace-host: 018e5a586174a888928d793bdac74b79b56517d7628cf0ffdff56b078ad2cf56151c0dc832fe7aca1087c30caeb1d7714bce78d6f7f908fc58cd5a1487a7e9ec8681bee61ab0cbc45cb3340a7a38791a7a103e81822f70b78dfdbd08711ab00e0ccbf3233f17843d2dd499c63022945270
x-tt-trace-id: 00-250126000632FB53A155BC3025B86DF0-676EF3509CB9A497-00
X-Origin-Response-Time: 38,23.213.246.228
X-Akamai-Request-ID: 862cb71d.120e7f2f
Expires: Sun, 26 Jan 2025 00:06:32 GMT
Cache-Control: max-age=0, no-cache, no-store
Pragma: no-cache
Date: Sun, 26 Jan 2025 00:06:32 GMT
X-Cache: TCP_MISS from a95-101-134-92.deploy.akamaitechnologies.com (AkamaiGHost/11.8.0-1debf780f7d7c834933fa9689361eec6) (-)
Connection: close
X-Cache-Remote: TCP_MISS from a23-213-246-228.deploy.akamaitechnologies.com (AkamaiGHost/11.8.1-545a545a07b22376d11b3e238f123a02) (-)
x-tt-trace-tag: id=16;cdn-cache=miss;type=dyn
Server-Timing: cdn-cache; desc=MISS, edge; dur=88, origin; dur=38
Server-Timing: inner; dur=34
X-Parent-Response-Time: 121,95.101.134.92

{"code": 0, "message": "OK", "request_id": "20250126000632FB53A155BC3025B86DF0", "data": {}}
2025-01-26T00:06:33+00:00 DEBUG POST: https://business-api.tiktok.com/open_api/v1.3/event/track/

{"partner_name":"WooCommerce","event_source":"web","event_source_id":"CSM79Q3C77UAG1T340I0","data":[{"event":"Pageview","event_id":"67957c890b6cc_tt4b_woocommerce_670666209cf1f","event_time":1737849993,"user":{"ip":"54.36.149.78","user_agent":"Mozilla\/5.0 (compatible; AhrefsBot\/7.0; +http:\/\/ahrefs.com\/robot\/)","locale":"ar","external_id":"0","email":"e3b0c44298fc1c149afbf4c8996fb92427ae41e4649b934ca495991b7852b855","phone_number":"e3b0c44298fc1c149afbf4c8996fb92427ae41e4649b934ca495991b7852b855","first_name":"e3b0c44298fc1c149afbf4c8996fb92427ae41e4649b934ca495991b7852b855","last_name":"e3b0c44298fc1c149afbf4c8996fb92427ae41e4649b934ca495991b7852b855","zip_code":"e3b0c44298fc1c149afbf4c8996fb92427ae41e4649b934ca495991b7852b855"},"page":{"url":"http:\/\/mail.ibn-sinaa.com\/product-category\/shields-and-gifts\/calendars\/page\/2\/?add-to-cart=4443"}}]}
 ajax: no
2025-01-26T00:06:33+00:00 DEBUG Tt4b_Mapi_Class::mapi_post: Response: 

HTTP/1.1 200 OK
Server: nginx
Content-Type: application/json
Content-Length: 92
X-Tt-Logid: 202501260006330181D4661E6DEB3B532D
x-tt-trace-host: 018e5a586174a888928d793bdac74b79b519a86797e72c2eba011e03e23beee17d66f35b39f27032443c4fda53c9dfbec23f0d048ea7a41fc48032ca315f1bd8d2cf37740e586d024f83e1938c02df6195a6fd2ccac8406f1dd81d15381a462b797bddef1b01cf30746849c2188c293943
x-tt-trace-id: 00-2501260006330181D4661E6DEB3B532D-6B7A2A2D6C9863B3-00
X-Origin-Response-Time: 25,23.52.15.231
X-Akamai-Request-ID: 2909d078.dc37eac
Expires: Sun, 26 Jan 2025 00:06:33 GMT
Cache-Control: max-age=0, no-cache, no-store
Pragma: no-cache
Date: Sun, 26 Jan 2025 00:06:33 GMT
X-Cache: TCP_MISS from a95-101-134-116.deploy.akamaitechnologies.com (AkamaiGHost/11.8.1-545a545a07b22376d11b3e238f123a02) (-)
Connection: close
X-Cache-Remote: TCP_MISS from a23-52-15-231.deploy.akamaitechnologies.com (AkamaiGHost/11.8.1-545a545a07b22376d11b3e238f123a02) (-)
x-tt-trace-tag: id=16;cdn-cache=miss;type=dyn
Server-Timing: cdn-cache; desc=MISS, edge; dur=83, origin; dur=25
Server-Timing: inner; dur=22
X-Parent-Response-Time: 105,95.101.134.116

{"code": 0, "message": "OK", "request_id": "202501260006330181D4661E6DEB3B532D", "data": {}}
2025-01-26T00:07:46+00:00 DEBUG POST: https://business-api.tiktok.com/open_api/v1.3/event/track/

{"partner_name":"WooCommerce","event_source":"web","event_source_id":"CSM79Q3C77UAG1T340I0","data":[{"event":"Pageview","event_id":"67957cd225ef4_tt4b_woocommerce_670666209cf1f","event_time":1737850066,"user":{"ip":"103.110.84.40","user_agent":"GRequests\/0.10","locale":"ar","external_id":"0","email":"e3b0c44298fc1c149afbf4c8996fb92427ae41e4649b934ca495991b7852b855","phone_number":"e3b0c44298fc1c149afbf4c8996fb92427ae41e4649b934ca495991b7852b855","first_name":"e3b0c44298fc1c149afbf4c8996fb92427ae41e4649b934ca495991b7852b855","last_name":"e3b0c44298fc1c149afbf4c8996fb92427ae41e4649b934ca495991b7852b855","zip_code":"e3b0c44298fc1c149afbf4c8996fb92427ae41e4649b934ca495991b7852b855"},"page":{"url":"http:\/\/www.ibn-sinaa.com\/-\/-\/-\/-\/-\/-\/-\/-\/-\/-\/"}}]}
 ajax: no
2025-01-26T00:07:46+00:00 DEBUG Tt4b_Mapi_Class::mapi_post: Response: 

HTTP/1.1 200 OK
Server: nginx
Content-Type: application/json
Content-Length: 92
X-Tt-Logid: 2025012600074668C6856786289953183E
x-tt-trace-host: 018e5a586174a888928d793bdac74b79b56517d7628cf0ffdff56b078ad2cf5615b8011fd580845089311dcf3124a8dff587fe754f0838b0b6ff62573c0314b61d30895f4325a3f7716217e80e43ccb9ce6610481dce82b08489e16ca0660a0d4673560bd90f9242a3a982509e41fd25b8
x-tt-trace-id: 00-25012600074668C6856786289953183E-4559F1BB5E369766-00
X-Origin-Response-Time: 30,23.52.15.170
X-Akamai-Request-ID: 4539316e.1210eae2
Expires: Sun, 26 Jan 2025 00:07:46 GMT
Cache-Control: max-age=0, no-cache, no-store
Pragma: no-cache
Date: Sun, 26 Jan 2025 00:07:46 GMT
X-Cache: TCP_MISS from a95-101-134-92.deploy.akamaitechnologies.com (AkamaiGHost/11.8.0-1debf780f7d7c834933fa9689361eec6) (-)
Connection: close
X-Cache-Remote: TCP_MISS from a23-52-15-170.deploy.akamaitechnologies.com (AkamaiGHost/11.8.0-1debf780f7d7c834933fa9689361eec6) (-)
x-tt-trace-tag: id=16;cdn-cache=miss;type=dyn
Server-Timing: cdn-cache; desc=MISS, edge; dur=85, origin; dur=30
Server-Timing: inner; dur=22
X-Parent-Response-Time: 112,95.101.134.92

{"code": 0, "message": "OK", "request_id": "2025012600074668C6856786289953183E", "data": {}}
2025-01-26T00:07:50+00:00 DEBUG POST: https://business-api.tiktok.com/open_api/v1.3/event/track/

{"partner_name":"WooCommerce","event_source":"web","event_source_id":"CSM79Q3C77UAG1T340I0","data":[{"event":"Pageview","event_id":"67957cd6de1e3_tt4b_woocommerce_670666209cf1f","event_time":1737850070,"user":{"ip":"103.110.84.40","user_agent":"GRequests\/0.10","locale":"ar","external_id":"0","email":"e3b0c44298fc1c149afbf4c8996fb92427ae41e4649b934ca495991b7852b855","phone_number":"e3b0c44298fc1c149afbf4c8996fb92427ae41e4649b934ca495991b7852b855","first_name":"e3b0c44298fc1c149afbf4c8996fb92427ae41e4649b934ca495991b7852b855","last_name":"e3b0c44298fc1c149afbf4c8996fb92427ae41e4649b934ca495991b7852b855","zip_code":"e3b0c44298fc1c149afbf4c8996fb92427ae41e4649b934ca495991b7852b855"},"page":{"url":"http:\/\/www.ibn-sinaa.com\/-\/-\/-\/-\/-\/-\/-\/-\/-\/-\/"}}]}
 ajax: no
2025-01-26T00:07:51+00:00 DEBUG Tt4b_Mapi_Class::mapi_post: Response: 

HTTP/1.1 200 OK
Server: nginx
Content-Type: application/json
Content-Length: 92
X-Tt-Logid: 20250126000751E3B93AB1DB6E0DB9CDD7
x-tt-trace-host: 018e5a586174a888928d793bdac74b79b56517d7628cf0ffdff56b078ad2cf5615e4abcd256ff43ce7b10cc6a7ea6ff940e6716ec29719024cd464a77600c122f3e7dac4c3fa08feb4da874686d470436d8ced5da4c4befda42d7975a4adb264bef2bcaeb54489d5237f26926e3187c72b
x-tt-trace-id: 00-250126000751E3B93AB1DB6E0DB9CDD7-0C9F6BE29D049D13-00
X-Origin-Response-Time: 68,23.54.205.233
X-Akamai-Request-ID: 2f85bb63.121114d2
Expires: Sun, 26 Jan 2025 00:07:51 GMT
Cache-Control: max-age=0, no-cache, no-store
Pragma: no-cache
Date: Sun, 26 Jan 2025 00:07:51 GMT
X-Cache: TCP_MISS from a95-101-134-92.deploy.akamaitechnologies.com (AkamaiGHost/11.8.0-1debf780f7d7c834933fa9689361eec6) (-)
Connection: close
X-Cache-Remote: TCP_MISS from a23-54-205-233.deploy.akamaitechnologies.com (AkamaiGHost/11.8.1-545a545a07b22376d11b3e238f123a02) (-)
x-tt-trace-tag: id=16;cdn-cache=miss;type=dyn
Server-Timing: cdn-cache; desc=MISS, edge; dur=269, origin; dur=68
Server-Timing: inner; dur=51
X-Parent-Response-Time: 335,95.101.134.92

{"code": 0, "message": "OK", "request_id": "20250126000751E3B93AB1DB6E0DB9CDD7", "data": {}}
2025-01-26T00:07:58+00:00 DEBUG POST: https://business-api.tiktok.com/open_api/v1.3/event/track/

{"partner_name":"WooCommerce","event_source":"web","event_source_id":"CSM79Q3C77UAG1T340I0","data":[{"event":"Pageview","event_id":"67957cde5bddb_tt4b_woocommerce_670666209cf1f","event_time":1737850078,"user":{"ip":"103.110.84.40","user_agent":"GRequests\/0.10","locale":"ar","external_id":"0","email":"e3b0c44298fc1c149afbf4c8996fb92427ae41e4649b934ca495991b7852b855","phone_number":"e3b0c44298fc1c149afbf4c8996fb92427ae41e4649b934ca495991b7852b855","first_name":"e3b0c44298fc1c149afbf4c8996fb92427ae41e4649b934ca495991b7852b855","last_name":"e3b0c44298fc1c149afbf4c8996fb92427ae41e4649b934ca495991b7852b855","zip_code":"e3b0c44298fc1c149afbf4c8996fb92427ae41e4649b934ca495991b7852b855"},"page":{"url":"http:\/\/www.ibn-sinaa.com\/404\/","referrer":"https:\/\/www.ibn-sinaa.com\/wp-admin\/"}}]}
 ajax: no
2025-01-26T00:07:58+00:00 DEBUG Tt4b_Mapi_Class::mapi_post: Response: 

HTTP/1.1 200 OK
Server: nginx
Content-Type: application/json
Content-Length: 92
X-Tt-Logid: 20250126000758B86B8F14FDEE284FA17F
x-tt-trace-host: 018e5a586174a888928d793bdac74b79b56517d7628cf0ffdff56b078ad2cf5615a93db0bc779fce6e6fce49cc4afbd894fc64cc0f130e4dc1344827cd0306f30d24362e26bdf68ef5c986b87b8016dd8fdea94be96ff3f4edd2517171a34759336593b48fe64d7a1f90f0491e65100e01
x-tt-trace-id: 00-250126000758B86B8F14FDEE284FA17F-3839D5760F866057-00
X-Origin-Response-Time: 35,23.32.17.36
X-Akamai-Request-ID: 177db670.12115659
Expires: Sun, 26 Jan 2025 00:07:58 GMT
Cache-Control: max-age=0, no-cache, no-store
Pragma: no-cache
Date: Sun, 26 Jan 2025 00:07:58 GMT
X-Cache: TCP_MISS from a95-101-134-92.deploy.akamaitechnologies.com (AkamaiGHost/11.8.0-1debf780f7d7c834933fa9689361eec6) (-)
Connection: close
X-Cache-Remote: TCP_MISS from a23-32-17-36.deploy.akamaitechnologies.com (AkamaiGHost/11.8.0-1debf780f7d7c834933fa9689361eec6) (-)
x-tt-trace-tag: id=16;cdn-cache=miss;type=dyn
Server-Timing: cdn-cache; desc=MISS, edge; dur=85, origin; dur=33
Server-Timing: inner; dur=26
X-Parent-Response-Time: 116,95.101.134.92

{"code": 0, "message": "OK", "request_id": "20250126000758B86B8F14FDEE284FA17F", "data": {}}
2025-01-26T00:09:22+00:00 DEBUG Tt4b_Pixel_Class::inject_add_to_cart_event: hit AddToCart
2025-01-26T00:09:22+00:00 DEBUG POST: https://business-api.tiktok.com/open_api/v1.3/event/track/

{"partner_name":"WooCommerce","event_source":"web","event_source_id":"CSM79Q3C77UAG1T340I0","data":[{"event":"AddToCart","event_id":"67957d32f3dee_tt4b_woocommerce_670666209cf1f_4445","event_time":1737850162,"user":{"ip":"54.36.149.87","user_agent":"Mozilla\/5.0 (compatible; AhrefsBot\/7.0; +http:\/\/ahrefs.com\/robot\/)","locale":"ar","external_id":"0","email":"e3b0c44298fc1c149afbf4c8996fb92427ae41e4649b934ca495991b7852b855","phone_number":"e3b0c44298fc1c149afbf4c8996fb92427ae41e4649b934ca495991b7852b855","first_name":"e3b0c44298fc1c149afbf4c8996fb92427ae41e4649b934ca495991b7852b855","last_name":"e3b0c44298fc1c149afbf4c8996fb92427ae41e4649b934ca495991b7852b855","zip_code":"e3b0c44298fc1c149afbf4c8996fb92427ae41e4649b934ca495991b7852b855"},"properties":{"contents":[{"price":69,"quantity":1,"content_id":"4445","content_name":"\u062a\u0642\u0648\u064a\u0645 \u0645\u064a\u0644\u0627\u062f\u064a \u0645\u0643\u062a\u0628\u064a \u0645\u062e\u0645\u0644\u064a","description":"\u062a\u0642\u0648\u064a\u0645 \u0645\u064a\u0644\u0627\u062f\u064a \u0645\u0643\u062a\u0628\u064a \u0645\u062e\u0645\u0644\u064a: \u062a\u0635\u0645\u064a\u0645 \u0639\u0635\u0631\u064a \u0648\u0623\u0646\u064a\u0642\u060c \u0645\u0635\u0646\u0648\u0639 \u0645\u0646 \u0627\u0644\u0623\u0643\u0631\u064a\u0644\u064a\u0643 \u0627\u0644\u0645\u062a\u064a\u0646 \u0628\u0648\u0636\u0648\u062d \u0627\u0633\u062a\u062b\u0646\u0627\u0626\u064a \u0644\u0644\u0643\u062a\u0627\u0628\u0629 \u0648\u0627\u0644\u0631\u0624\u064a\u0629\u060c \u064a\u0636\u064a\u0641 \u0644\u0645\u0633\u0629 \u0645\u0646 \u0627\u0644\u0641\u062e\u0627\u0645\u0629 \u0648\u0627\u0644\u062a\u0646\u0638\u064a\u0645 \u0644\u0645\u0643\u062a\u0628\u0643. \u0645\u062b\u0627\u0644\u064a \u0644\u062a\u0646\u0638\u064a\u0645 \u0627\u0644\u0645\u0648\u0627\u0639\u064a\u062f \u0648\u0627\u0644\u0627\u062c\u062a\u0645\u0627\u0639\u0627\u062a\u060c \u0648\u064a\u0636\u0641\u064a \u062c\u0627\u0630\u0628\u064a\u0629 \u0639\u0644\u0649 \u0645\u0633\u0627\u062d\u0629 \u0627\u0644\u0639\u0645\u0644 \u0627\u0644\u062e\u0627\u0635\u0629 \u0628\u0643.","availability":"IN_STOCK","sale_price":69,"on_sale":false}],"content_type":"product","currency":"SAR","value":69,"event_trigger_source":"WooCommerce"},"page":{"url":"http:\/\/mail.ibn-sinaa.com\/product-category\/shields-and-gifts\/calendars\/page\/2\/?add-to-cart=4445"}}]}
 ajax: no
2025-01-26T00:09:23+00:00 DEBUG Tt4b_Mapi_Class::mapi_post: Response: 

HTTP/1.1 200 OK
Server: nginx
Content-Type: application/json
Content-Length: 92
X-Tt-Logid: 20250126000923124757B92D39C6A54982
x-tt-trace-host: 018e5a586174a888928d793bdac74b79b56517d7628cf0ffdff56b078ad2cf561576c4034cffab1f6f77e23fdb8e38114f6bf48f0030ce18a4186ff232cce7637058b3f08a01b967515838b0646486d5349cc28f9a224738fa0ad07d434f259b20ba0a82177f446abfa9df225e3bb76eb8
x-tt-trace-id: 00-250126000923124757B92D39C6A54982-2F2902537C6AFA5F-00
X-Origin-Response-Time: 36,23.218.219.24
X-Akamai-Request-ID: 13e363e5.1214535e
Expires: Sun, 26 Jan 2025 00:09:23 GMT
Cache-Control: max-age=0, no-cache, no-store
Pragma: no-cache
Date: Sun, 26 Jan 2025 00:09:23 GMT
X-Cache: TCP_MISS from a95-101-134-92.deploy.akamaitechnologies.com (AkamaiGHost/11.8.0-1debf780f7d7c834933fa9689361eec6) (-)
Connection: close
X-Cache-Remote: TCP_MISS from a23-218-219-24.deploy.akamaitechnologies.com (AkamaiGHost/11.8.1-2c00874bde3a1f428b1fbbe8783f6d16) (-)
x-tt-trace-tag: id=16;cdn-cache=miss;type=dyn
Server-Timing: cdn-cache; desc=MISS, edge; dur=95, origin; dur=36
Server-Timing: inner; dur=32
X-Parent-Response-Time: 124,95.101.134.92

{"code": 0, "message": "OK", "request_id": "20250126000923124757B92D39C6A54982", "data": {}}
2025-01-26T00:09:23+00:00 DEBUG POST: https://business-api.tiktok.com/open_api/v1.3/event/track/

{"partner_name":"WooCommerce","event_source":"web","event_source_id":"CSM79Q3C77UAG1T340I0","data":[{"event":"Pageview","event_id":"67957d33834e6_tt4b_woocommerce_670666209cf1f","event_time":1737850163,"user":{"ip":"54.36.149.87","user_agent":"Mozilla\/5.0 (compatible; AhrefsBot\/7.0; +http:\/\/ahrefs.com\/robot\/)","locale":"ar","external_id":"0","email":"e3b0c44298fc1c149afbf4c8996fb92427ae41e4649b934ca495991b7852b855","phone_number":"e3b0c44298fc1c149afbf4c8996fb92427ae41e4649b934ca495991b7852b855","first_name":"e3b0c44298fc1c149afbf4c8996fb92427ae41e4649b934ca495991b7852b855","last_name":"e3b0c44298fc1c149afbf4c8996fb92427ae41e4649b934ca495991b7852b855","zip_code":"e3b0c44298fc1c149afbf4c8996fb92427ae41e4649b934ca495991b7852b855"},"page":{"url":"http:\/\/mail.ibn-sinaa.com\/product-category\/shields-and-gifts\/calendars\/page\/2\/?add-to-cart=4445"}}]}
 ajax: no
2025-01-26T00:09:23+00:00 DEBUG Tt4b_Mapi_Class::mapi_post: Response: 

HTTP/1.1 200 OK
Server: nginx
Content-Type: application/json
Content-Length: 92
X-Tt-Logid: 20250126000923C76602E32753FE02084D
x-tt-trace-host: 018e5a586174a888928d793bdac74b79b519a86797e72c2eba011e03e23beee17dde4fddab5785245e6741e234a8e483f76334a2f2cfa08361a64907a0b9ad1417af73c5081e3e0dda34ee1676972e733e455426b1f43903e690b858b7a358fb17ae40d334e44c446615b932f54589baaf
x-tt-trace-id: 00-250126000923C76602E32753FE02084D-15AE98C66BFD7AEB-00
X-Origin-Response-Time: 49,23.213.246.241
X-Akamai-Request-ID: bf70c9cc.dc6bc1d
Expires: Sun, 26 Jan 2025 00:09:23 GMT
Cache-Control: max-age=0, no-cache, no-store
Pragma: no-cache
Date: Sun, 26 Jan 2025 00:09:23 GMT
X-Cache: TCP_MISS from a95-101-134-116.deploy.akamaitechnologies.com (AkamaiGHost/11.8.1-545a545a07b22376d11b3e238f123a02) (-)
Connection: close
X-Cache-Remote: TCP_MISS from a23-213-246-241.deploy.akamaitechnologies.com (AkamaiGHost/11.8.1-2c00874bde3a1f428b1fbbe8783f6d16) (-)
x-tt-trace-tag: id=16;cdn-cache=miss;type=dyn
Server-Timing: cdn-cache; desc=MISS, edge; dur=86, origin; dur=49
Server-Timing: inner; dur=44
X-Parent-Response-Time: 133,95.101.134.116

{"code": 0, "message": "OK", "request_id": "20250126000923C76602E32753FE02084D", "data": {}}
2025-01-26T00:12:02+00:00 DEBUG POST: https://business-api.tiktok.com/open_api/v1.3/event/track/

{"partner_name":"WooCommerce","event_source":"web","event_source_id":"CSM79Q3C77UAG1T340I0","data":[{"event":"Pageview","event_id":"67957dd21581b_tt4b_woocommerce_670666209cf1f","event_time":1737850322,"user":{"ip":"54.36.148.53","user_agent":"Mozilla\/5.0 (compatible; AhrefsBot\/7.0; +http:\/\/ahrefs.com\/robot\/)","locale":"ar","external_id":"0","email":"e3b0c44298fc1c149afbf4c8996fb92427ae41e4649b934ca495991b7852b855","phone_number":"e3b0c44298fc1c149afbf4c8996fb92427ae41e4649b934ca495991b7852b855","first_name":"e3b0c44298fc1c149afbf4c8996fb92427ae41e4649b934ca495991b7852b855","last_name":"e3b0c44298fc1c149afbf4c8996fb92427ae41e4649b934ca495991b7852b855","zip_code":"e3b0c44298fc1c149afbf4c8996fb92427ae41e4649b934ca495991b7852b855"},"page":{"url":"http:\/\/ibn-sinaa.com\/shop\/page\/9\/"}}]}
 ajax: no
2025-01-26T00:12:02+00:00 DEBUG Tt4b_Mapi_Class::mapi_post: Response: 

HTTP/1.1 200 OK
Server: nginx
Content-Type: application/json
Content-Length: 92
X-Tt-Logid: 202501260012021F6BDC254B2595A99D4B
x-tt-trace-host: 018e5a586174a888928d793bdac74b79b56517d7628cf0ffdff56b078ad2cf56151c0dc832fe7aca1087c30caeb1d7714b6b0e46e7c97a7f02381bd6d69f8807a486053988c4eb893f573f1f3b1a3fec15042b6d359942b8fd30ba8bfc34121e7c50b4a111e3fc9cfb5b376012767420c6
x-tt-trace-id: 00-2501260012021F6BDC254B2595A99D4B-35150F506024AF61-00
X-Origin-Response-Time: 44,23.213.246.228
X-Akamai-Request-ID: 86796c59.1219feaf
Expires: Sun, 26 Jan 2025 00:12:02 GMT
Cache-Control: max-age=0, no-cache, no-store
Pragma: no-cache
Date: Sun, 26 Jan 2025 00:12:02 GMT
X-Cache: TCP_MISS from a95-101-134-92.deploy.akamaitechnologies.com (AkamaiGHost/11.8.0-1debf780f7d7c834933fa9689361eec6) (-)
Connection: close
X-Cache-Remote: TCP_MISS from a23-213-246-228.deploy.akamaitechnologies.com (AkamaiGHost/11.8.1-545a545a07b22376d11b3e238f123a02) (-)
x-tt-trace-tag: id=16;cdn-cache=miss;type=dyn
Server-Timing: cdn-cache; desc=MISS, edge; dur=89, origin; dur=44
Server-Timing: inner; dur=26
X-Parent-Response-Time: 130,95.101.134.92

{"code": 0, "message": "OK", "request_id": "202501260012021F6BDC254B2595A99D4B", "data": {}}
2025-01-26T00:14:25+00:00 DEBUG Tt4b_Pixel_Class::inject_add_to_cart_event: hit AddToCart
2025-01-26T00:14:25+00:00 DEBUG POST: https://business-api.tiktok.com/open_api/v1.3/event/track/

{"partner_name":"WooCommerce","event_source":"web","event_source_id":"CSM79Q3C77UAG1T340I0","data":[{"event":"AddToCart","event_id":"67957e612ba70_tt4b_woocommerce_670666209cf1f_4442","event_time":1737850465,"user":{"ip":"54.36.148.216","user_agent":"Mozilla\/5.0 (compatible; AhrefsBot\/7.0; +http:\/\/ahrefs.com\/robot\/)","locale":"ar","external_id":"0","email":"e3b0c44298fc1c149afbf4c8996fb92427ae41e4649b934ca495991b7852b855","phone_number":"e3b0c44298fc1c149afbf4c8996fb92427ae41e4649b934ca495991b7852b855","first_name":"e3b0c44298fc1c149afbf4c8996fb92427ae41e4649b934ca495991b7852b855","last_name":"e3b0c44298fc1c149afbf4c8996fb92427ae41e4649b934ca495991b7852b855","zip_code":"e3b0c44298fc1c149afbf4c8996fb92427ae41e4649b934ca495991b7852b855"},"properties":{"contents":[{"price":230,"quantity":1,"content_id":"4442","content_name":"\u062a\u0642\u0648\u064a\u0645 \u0645\u064a\u0644\u0627\u062f\u064a \u0645\u062f\u0631\u062c","description":"\u062a\u0642\u0648\u064a\u0645 \u0645\u064a\u0644\u0627\u062f\u064a \u062e\u0634\u0628: \u062a\u0635\u0645\u064a\u0645 \u0639\u0635\u0631\u064a \u0648\u0623\u0646\u064a\u0642\u060c \u0645\u0635\u0646\u0648\u0639 \u0645\u0646 \u0627\u0644\u062c\u0644\u062f \u0627\u0644\u0645\u062a\u064a\u0646 \u0628\u0648\u0636\u0648\u062d \u0627\u0633\u062a\u062b\u0646\u0627\u0626\u064a \u0644\u0644\u0643\u062a\u0627\u0628\u0629 \u0648\u0627\u0644\u0631\u0624\u064a\u0629\u060c \u064a\u0636\u064a\u0641 \u0644\u0645\u0633\u0629 \u0645\u0646 \u0627\u0644\u0641\u062e\u0627\u0645\u0629 \u0648\u0627\u0644\u062a\u0646\u0638\u064a\u0645 \u0644\u0645\u0643\u062a\u0628\u0643. \u0645\u062b\u0627\u0644\u064a \u0644\u062a\u0646\u0638\u064a\u0645 \u0627\u0644\u0645\u0648\u0627\u0639\u064a\u062f \u0648\u0627\u0644\u0627\u062c\u062a\u0645\u0627\u0639\u0627\u062a\u060c \u0648\u064a\u0636\u0641\u064a \u062c\u0627\u0630\u0628\u064a\u0629 \u0639\u0644\u0649 \u0645\u0633\u0627\u062d\u0629 \u0627\u0644\u0639\u0645\u0644 \u0627\u0644\u062e\u0627\u0635\u0629 \u0628\u0643.","availability":"IN_STOCK","sale_price":230,"on_sale":false}],"content_type":"product","currency":"SAR","value":230,"event_trigger_source":"WooCommerce"},"page":{"url":"http:\/\/mail.ibn-sinaa.com\/product-category\/shields-and-gifts\/calendars\/page\/2\/?add-to-cart=4442"}}]}
 ajax: no
2025-01-26T00:14:25+00:00 DEBUG Tt4b_Mapi_Class::mapi_post: Response: 

HTTP/1.1 200 OK
Server: nginx
Content-Type: application/json
Content-Length: 92
X-Tt-Logid: 20250126001425966631F935D9F17B3DFB
x-tt-trace-host: 018e5a586174a888928d793bdac74b79b519a86797e72c2eba011e03e23beee17df0954c46e4b31e6f15b97a85d6f94a1aa85b19707f6f7514dfca3a03eaec01c4e6769f36b99e16c1cf1753f62e29515b92541d2fedf45311d51e19e27899b27748bd4bcb71f2341dd687cc5ffb1ca76d
x-tt-trace-id: 00-250126001425966631F935D9F17B3DFB-1A76F6EE68E36B96-00
X-Origin-Response-Time: 59,23.218.219.42
X-Akamai-Request-ID: 1abe2a97.dcc7f92
Expires: Sun, 26 Jan 2025 00:14:25 GMT
Cache-Control: max-age=0, no-cache, no-store
Pragma: no-cache
Date: Sun, 26 Jan 2025 00:14:25 GMT
X-Cache: TCP_MISS from a95-101-134-116.deploy.akamaitechnologies.com (AkamaiGHost/11.8.1-545a545a07b22376d11b3e238f123a02) (-)
Connection: close
X-Cache-Remote: TCP_MISS from a23-218-219-42.deploy.akamaitechnologies.com (AkamaiGHost/11.8.1-545a545a07b22376d11b3e238f123a02) (-)
x-tt-trace-tag: id=16;cdn-cache=miss;type=dyn
Server-Timing: cdn-cache; desc=MISS, edge; dur=87, origin; dur=58
Server-Timing: inner; dur=53
X-Parent-Response-Time: 141,95.101.134.116

{"code": 0, "message": "OK", "request_id": "20250126001425966631F935D9F17B3DFB", "data": {}}
2025-01-26T00:14:25+00:00 DEBUG POST: https://business-api.tiktok.com/open_api/v1.3/event/track/

{"partner_name":"WooCommerce","event_source":"web","event_source_id":"CSM79Q3C77UAG1T340I0","data":[{"event":"Pageview","event_id":"67957e61b6779_tt4b_woocommerce_670666209cf1f","event_time":1737850465,"user":{"ip":"54.36.148.216","user_agent":"Mozilla\/5.0 (compatible; AhrefsBot\/7.0; +http:\/\/ahrefs.com\/robot\/)","locale":"ar","external_id":"0","email":"e3b0c44298fc1c149afbf4c8996fb92427ae41e4649b934ca495991b7852b855","phone_number":"e3b0c44298fc1c149afbf4c8996fb92427ae41e4649b934ca495991b7852b855","first_name":"e3b0c44298fc1c149afbf4c8996fb92427ae41e4649b934ca495991b7852b855","last_name":"e3b0c44298fc1c149afbf4c8996fb92427ae41e4649b934ca495991b7852b855","zip_code":"e3b0c44298fc1c149afbf4c8996fb92427ae41e4649b934ca495991b7852b855"},"page":{"url":"http:\/\/mail.ibn-sinaa.com\/product-category\/shields-and-gifts\/calendars\/page\/2\/?add-to-cart=4442"}}]}
 ajax: no
2025-01-26T00:14:25+00:00 DEBUG Tt4b_Mapi_Class::mapi_post: Response: 

HTTP/1.1 200 OK
Server: nginx
Content-Type: application/json
Content-Length: 92
X-Tt-Logid: 2025012600142573B6DCC80D9F55791FDC
x-tt-trace-host: 018e5a586174a888928d793bdac74b79b56517d7628cf0ffdff56b078ad2cf5615c30aee8384f4710f072e3290112a0b3606abb7786c72ad476b0d369dfb693f07edd1f693e8b08ac1d0624eb847d0ed02bcec117c9ef65910e992dc77856942065df4292d31f0bb911be71491a822122d
x-tt-trace-id: 00-25012600142573B6DCC80D9F55791FDC-4DE9F0567962B562-00
X-Origin-Response-Time: 34,23.213.246.237
X-Akamai-Request-ID: d64e26a4.121efcc1
Expires: Sun, 26 Jan 2025 00:14:25 GMT
Cache-Control: max-age=0, no-cache, no-store
Pragma: no-cache
Date: Sun, 26 Jan 2025 00:14:25 GMT
X-Cache: TCP_MISS from a95-101-134-92.deploy.akamaitechnologies.com (AkamaiGHost/11.8.0-1debf780f7d7c834933fa9689361eec6) (-)
Connection: close
X-Cache-Remote: TCP_MISS from a23-213-246-237.deploy.akamaitechnologies.com (AkamaiGHost/11.8.0-2d0f2d516c5d43e1487924a77ec5924a) (-)
x-tt-trace-tag: id=16;cdn-cache=miss;type=dyn
Server-Timing: cdn-cache; desc=MISS, edge; dur=86, origin; dur=34
Server-Timing: inner; dur=29
X-Parent-Response-Time: 117,95.101.134.92

{"code": 0, "message": "OK", "request_id": "2025012600142573B6DCC80D9F55791FDC", "data": {}}
2025-01-26T00:17:10+00:00 DEBUG POST: https://business-api.tiktok.com/open_api/v1.3/event/track/

{"partner_name":"WooCommerce","event_source":"web","event_source_id":"CSM79Q3C77UAG1T340I0","data":[{"event":"Pageview","event_id":"67957f06522cb_tt4b_woocommerce_670666209cf1f","event_time":1737850630,"user":{"ip":"54.36.149.78","user_agent":"Mozilla\/5.0 (compatible; AhrefsBot\/7.0; +http:\/\/ahrefs.com\/robot\/)","locale":"ar","external_id":"0","email":"e3b0c44298fc1c149afbf4c8996fb92427ae41e4649b934ca495991b7852b855","phone_number":"e3b0c44298fc1c149afbf4c8996fb92427ae41e4649b934ca495991b7852b855","first_name":"e3b0c44298fc1c149afbf4c8996fb92427ae41e4649b934ca495991b7852b855","last_name":"e3b0c44298fc1c149afbf4c8996fb92427ae41e4649b934ca495991b7852b855","zip_code":"e3b0c44298fc1c149afbf4c8996fb92427ae41e4649b934ca495991b7852b855"},"page":{"url":"http:\/\/mail.ibn-sinaa.com\/privacy-policy\/"}}]}
 ajax: no
2025-01-26T00:17:10+00:00 DEBUG Tt4b_Mapi_Class::mapi_post: Response: 

HTTP/1.1 200 OK
Server: nginx
Content-Type: application/json
Content-Length: 92
X-Tt-Logid: 20250126001710F555A82438F02DCF1A40
x-tt-trace-host: 018e5a586174a888928d793bdac74b79b56517d7628cf0ffdff56b078ad2cf5615e9532a8440ca1bcaebc628032267b348cb8f0dba7e19bd96d5d03aab28ea2fdc8589cd6fab8f5474b283969d1cb933567ef4162384b4477429f15d2e45a90188d01f8607a5f11e73f23f0f60827fb900
x-tt-trace-id: 00-250126001710F555A82438F02DCF1A40-289B3FBB6A2E3740-00
X-Origin-Response-Time: 42,23.218.219.12
X-Akamai-Request-ID: 993ae6d.12247b8e
Expires: Sun, 26 Jan 2025 00:17:10 GMT
Cache-Control: max-age=0, no-cache, no-store
Pragma: no-cache
Date: Sun, 26 Jan 2025 00:17:10 GMT
X-Cache: TCP_MISS from a95-101-134-92.deploy.akamaitechnologies.com (AkamaiGHost/11.8.0-1debf780f7d7c834933fa9689361eec6) (-)
Connection: close
X-Cache-Remote: TCP_MISS from a23-218-219-12.deploy.akamaitechnologies.com (AkamaiGHost/11.8.0-1debf780f7d7c834933fa9689361eec6) (-)
x-tt-trace-tag: id=16;cdn-cache=miss;type=dyn
Server-Timing: cdn-cache; desc=MISS, edge; dur=84, origin; dur=42
Server-Timing: inner; dur=34
X-Parent-Response-Time: 123,95.101.134.92

{"code": 0, "message": "OK", "request_id": "20250126001710F555A82438F02DCF1A40", "data": {}}
2025-01-26T00:19:34+00:00 DEBUG Tt4b_Pixel_Class::inject_add_to_cart_event: hit AddToCart
2025-01-26T00:19:34+00:00 DEBUG POST: https://business-api.tiktok.com/open_api/v1.3/event/track/

{"partner_name":"WooCommerce","event_source":"web","event_source_id":"CSM79Q3C77UAG1T340I0","data":[{"event":"AddToCart","event_id":"67957f96c40f8_tt4b_woocommerce_670666209cf1f_4440","event_time":1737850774,"user":{"ip":"54.36.148.95","user_agent":"Mozilla\/5.0 (compatible; AhrefsBot\/7.0; +http:\/\/ahrefs.com\/robot\/)","locale":"ar","external_id":"0","email":"e3b0c44298fc1c149afbf4c8996fb92427ae41e4649b934ca495991b7852b855","phone_number":"e3b0c44298fc1c149afbf4c8996fb92427ae41e4649b934ca495991b7852b855","first_name":"e3b0c44298fc1c149afbf4c8996fb92427ae41e4649b934ca495991b7852b855","last_name":"e3b0c44298fc1c149afbf4c8996fb92427ae41e4649b934ca495991b7852b855","zip_code":"e3b0c44298fc1c149afbf4c8996fb92427ae41e4649b934ca495991b7852b855"},"properties":{"contents":[{"price":850,"quantity":1,"content_id":"4440","content_name":"\u062a\u0642\u0648\u064a\u0645 \u0645\u064a\u0644\u0627\u062f\u064a \u0641\u0627\u062e\u0631","description":"\u062a\u0642\u0648\u064a\u0645 \u0645\u064a\u0644\u0627\u062f\u064a \u062e\u0634\u0628: \u062a\u0635\u0645\u064a\u0645 \u0639\u0635\u0631\u064a \u0648\u0623\u0646\u064a\u0642\u060c \u0645\u0635\u0646\u0648\u0639 \u0645\u0646 \u0645\u0648\u0627\u062f \u0639\u0627\u0644\u064a\u0629 \u0627\u0644\u062c\u0648\u062f\u0629 \u0628\u0648\u0636\u0648\u062d \u0627\u0633\u062a\u062b\u0646\u0627\u0626\u064a \u0644\u0644\u0643\u062a\u0627\u0628\u0629 \u0648\u0627\u0644\u0631\u0624\u064a\u0629\u060c \u064a\u0636\u064a\u0641 \u0644\u0645\u0633\u0629 \u0645\u0646 \u0627\u0644\u0641\u062e\u0627\u0645\u0629 \u0648\u0627\u0644\u062a\u0646\u0638\u064a\u0645 \u0644\u0645\u0643\u062a\u0628\u0643. \u0645\u062b\u0627\u0644\u064a \u0644\u062a\u0646\u0638\u064a\u0645 \u0627\u0644\u0645\u0648\u0627\u0639\u064a\u062f \u0648\u0627\u0644\u0627\u062c\u062a\u0645\u0627\u0639\u0627\u062a\u060c \u0648\u064a\u0636\u0641\u064a \u062c\u0627\u0630\u0628\u064a\u0629 \u0639\u0644\u0649 \u0645\u0633\u0627\u062d\u0629 \u0627\u0644\u0639\u0645\u0644 \u0627\u0644\u062e\u0627\u0635\u0629 \u0628\u0643.","availability":"IN_STOCK","sale_price":850,"on_sale":false}],"content_type":"product","currency":"SAR","value":850,"event_trigger_source":"WooCommerce"},"page":{"url":"http:\/\/ibn-sinaa.com\/product\/acrylic-calendar-with-wooden-pocket\/?add-to-cart=4440"}}]}
 ajax: no
2025-01-26T00:19:34+00:00 DEBUG Tt4b_Mapi_Class::mapi_post: Response: 

HTTP/1.1 200 OK
Server: nginx
Content-Type: application/json
Content-Length: 92
X-Tt-Logid: 202501260019349AC59C6018F146A84544
x-tt-trace-host: 018e5a586174a888928d793bdac74b79b56517d7628cf0ffdff56b078ad2cf561536548b824deee1b24ae59f2d8f348a9011941cf7963dbbbc181b638b207a1eb50560dd6b7a9138f06cd6b52c876be8279221a91ddab7a101392cb46bdf7a8c295ddb61fb2c991d3b45ac61c6f98f15ed
x-tt-trace-id: 00-2501260019349AC59C6018F146A84544-3C14C6286809C9ED-00
X-Origin-Response-Time: 51,23.32.17.17
X-Akamai-Request-ID: 1487fcde.122adbf9
Expires: Sun, 26 Jan 2025 00:19:34 GMT
Cache-Control: max-age=0, no-cache, no-store
Pragma: no-cache
Date: Sun, 26 Jan 2025 00:19:34 GMT
X-Cache: TCP_MISS from a95-101-134-92.deploy.akamaitechnologies.com (AkamaiGHost/11.8.0-1debf780f7d7c834933fa9689361eec6) (-)
Connection: close
X-Cache-Remote: TCP_MISS from a23-32-17-17.deploy.akamaitechnologies.com (AkamaiGHost/11.8.0-1debf780f7d7c834933fa9689361eec6) (-)
x-tt-trace-tag: id=16;cdn-cache=miss;type=dyn
Server-Timing: cdn-cache; desc=MISS, edge; dur=87, origin; dur=51
Server-Timing: inner; dur=46
X-Parent-Response-Time: 131,95.101.134.92

{"code": 0, "message": "OK", "request_id": "202501260019349AC59C6018F146A84544", "data": {}}
2025-01-26T00:19:35+00:00 DEBUG POST: https://business-api.tiktok.com/open_api/v1.3/event/track/

{"partner_name":"WooCommerce","event_source":"web","event_source_id":"CSM79Q3C77UAG1T340I0","data":[{"event":"Pageview","event_id":"67957f9753f66_tt4b_woocommerce_670666209cf1f","event_time":1737850775,"user":{"ip":"54.36.148.95","user_agent":"Mozilla\/5.0 (compatible; AhrefsBot\/7.0; +http:\/\/ahrefs.com\/robot\/)","locale":"ar","external_id":"0","email":"e3b0c44298fc1c149afbf4c8996fb92427ae41e4649b934ca495991b7852b855","phone_number":"e3b0c44298fc1c149afbf4c8996fb92427ae41e4649b934ca495991b7852b855","first_name":"e3b0c44298fc1c149afbf4c8996fb92427ae41e4649b934ca495991b7852b855","last_name":"e3b0c44298fc1c149afbf4c8996fb92427ae41e4649b934ca495991b7852b855","zip_code":"e3b0c44298fc1c149afbf4c8996fb92427ae41e4649b934ca495991b7852b855"},"page":{"url":"http:\/\/ibn-sinaa.com\/product\/acrylic-calendar-with-wooden-pocket\/?add-to-cart=4440"}}]}
 ajax: no
2025-01-26T00:19:35+00:00 DEBUG Tt4b_Mapi_Class::mapi_post: Response: 

HTTP/1.1 200 OK
Server: nginx
Content-Type: application/json
Content-Length: 92
X-Tt-Logid: 20250126001935F264DD1F0E0CA2A95DA5
x-tt-trace-host: 018e5a586174a888928d793bdac74b79b519a86797e72c2eba011e03e23beee17d2ae8b694c8d6e24d1ce984535c6a3b1466fcce3a2aa8b7f33d3b78edb96fecbd57d59eade044e46d32ce375fc560f7cd10d35a9d9987ad8216c425b663d13f19957e51e76a86bcf7a436a09763867400
x-tt-trace-id: 00-250126001935F264DD1F0E0CA2A95DA5-0BA0B92171773B2A-00
X-Origin-Response-Time: 28,23.213.246.201
X-Akamai-Request-ID: 32d24575.dd28747
Expires: Sun, 26 Jan 2025 00:19:35 GMT
Cache-Control: max-age=0, no-cache, no-store
Pragma: no-cache
Date: Sun, 26 Jan 2025 00:19:35 GMT
X-Cache: TCP_MISS from a95-101-134-116.deploy.akamaitechnologies.com (AkamaiGHost/11.8.1-545a545a07b22376d11b3e238f123a02) (-)
Connection: close
X-Cache-Remote: TCP_MISS from a23-213-246-201.deploy.akamaitechnologies.com (AkamaiGHost/11.8.1-545a545a07b22376d11b3e238f123a02) (-)
x-tt-trace-tag: id=16;cdn-cache=miss;type=dyn
Server-Timing: cdn-cache; desc=MISS, edge; dur=86, origin; dur=28
Server-Timing: inner; dur=24
X-Parent-Response-Time: 112,95.101.134.116

{"code": 0, "message": "OK", "request_id": "20250126001935F264DD1F0E0CA2A95DA5", "data": {}}
2025-01-26T00:19:35+00:00 DEBUG Tt4b_Pixel_Class::inject_view_content_event: hit ViewContent
2025-01-26T00:19:35+00:00 DEBUG POST: https://business-api.tiktok.com/open_api/v1.3/event/track/

{"partner_name":"WooCommerce","event_source":"web","event_source_id":"CSM79Q3C77UAG1T340I0","data":[{"event":"ViewContent","event_id":"67957f9785fc6_tt4b_woocommerce_670666209cf1f_4426","event_time":1737850775,"user":{"ip":"54.36.148.95","user_agent":"Mozilla\/5.0 (compatible; AhrefsBot\/7.0; +http:\/\/ahrefs.com\/robot\/)","locale":"ar","external_id":"0","email":"e3b0c44298fc1c149afbf4c8996fb92427ae41e4649b934ca495991b7852b855","phone_number":"e3b0c44298fc1c149afbf4c8996fb92427ae41e4649b934ca495991b7852b855","first_name":"e3b0c44298fc1c149afbf4c8996fb92427ae41e4649b934ca495991b7852b855","last_name":"e3b0c44298fc1c149afbf4c8996fb92427ae41e4649b934ca495991b7852b855","zip_code":"e3b0c44298fc1c149afbf4c8996fb92427ae41e4649b934ca495991b7852b855"},"properties":{"contents":[{"price":180,"quantity":1,"content_id":"4426","content_name":"\u062a\u0642\u0648\u064a\u0645 \u0627\u0643\u0631\u064a\u0644\u064a\u0643 \u0645\u0639 \u062c\u064a\u0628 \u062e\u0634\u0628","description":"\u062a\u0642\u0648\u064a\u0645 \u0623\u0643\u0631\u064a\u0644\u064a\u0643 \u0645\u0639 \u062c\u064a\u0628 \u062e\u0634\u0628: \u062a\u0635\u0645\u064a\u0645 \u0639\u0635\u0631\u064a \u0648\u0623\u0646\u064a\u0642\u060c \u0645\u0635\u0646\u0648\u0639 \u0645\u0646 \u0627\u0644\u0623\u0643\u0631\u064a\u0644\u064a\u0643 \u0627\u0644\u0645\u062a\u064a\u0646 \u0628\u0648\u0636\u0648\u062d \u0627\u0633\u062a\u062b\u0646\u0627\u0626\u064a \u0644\u0644\u0643\u062a\u0627\u0628\u0629 \u0648\u0627\u0644\u0631\u0624\u064a\u0629\u060c \u064a\u0636\u064a\u0641 \u0644\u0645\u0633\u0629 \u0645\u0646 \u0627\u0644\u0641\u062e\u0627\u0645\u0629 \u0648\u0627\u0644\u062a\u0646\u0638\u064a\u0645 \u0644\u0645\u0643\u062a\u0628\u0643. \u0645\u062b\u0627\u0644\u064a \u0644\u062a\u0646\u0638\u064a\u0645 \u0627\u0644\u0645\u0648\u0627\u0639\u064a\u062f \u0648\u0627\u0644\u0627\u062c\u062a\u0645\u0627\u0639\u0627\u062a\u060c \u0648\u064a\u0636\u0641\u064a \u062c\u0627\u0630\u0628\u064a\u0629 \u0639\u0644\u0649 \u0645\u0633\u0627\u062d\u0629 \u0627\u0644\u0639\u0645\u0644 \u0627\u0644\u062e\u0627\u0635\u0629 \u0628\u0643.","availability":"IN_STOCK","sale_price":180,"on_sale":false}],"content_type":"product","currency":"SAR","value":180,"event_trigger_source":"WooCommerce"},"page":{"url":"http:\/\/ibn-sinaa.com\/product\/acrylic-calendar-with-wooden-pocket\/?add-to-cart=4440"}}]}
 ajax: no
2025-01-26T00:19:35+00:00 DEBUG Tt4b_Mapi_Class::mapi_post: Response: 

HTTP/1.1 200 OK
Server: nginx
Content-Type: application/json
Content-Length: 92
X-Tt-Logid: 20250126001935286939E67A2717B84FFD
x-tt-trace-host: 018e5a586174a888928d793bdac74b79b56517d7628cf0ffdff56b078ad2cf5615f66ce83ac6a20d76f0e298179a0c826411eb3147462e838b08e1b4e5a9493bc87729819b2c646d9510af8d35ef3178672ef766c82765a63b92d3622c2cbabcf292c007449896a1a5bf9de3ff9fb19e10
x-tt-trace-id: 00-250126001935286939E67A2717B84FFD-1089E97373E8E289-00
X-Origin-Response-Time: 40,23.218.219.51
X-Akamai-Request-ID: 1d5d834e.122ae52a
Expires: Sun, 26 Jan 2025 00:19:35 GMT
Cache-Control: max-age=0, no-cache, no-store
Pragma: no-cache
Date: Sun, 26 Jan 2025 00:19:35 GMT
X-Cache: TCP_MISS from a95-101-134-92.deploy.akamaitechnologies.com (AkamaiGHost/11.8.0-1debf780f7d7c834933fa9689361eec6) (-)
Connection: close
X-Cache-Remote: TCP_MISS from a23-218-219-51.deploy.akamaitechnologies.com (AkamaiGHost/11.8.0-2d0f2d516c5d43e1487924a77ec5924a) (-)
x-tt-trace-tag: id=16;cdn-cache=miss;type=dyn
Server-Timing: cdn-cache; desc=MISS, edge; dur=88, origin; dur=40
Server-Timing: inner; dur=35
X-Parent-Response-Time: 123,95.101.134.92

{"code": 0, "message": "OK", "request_id": "20250126001935286939E67A2717B84FFD", "data": {}}
2025-01-26T00:21:21+00:00 DEBUG POST: https://business-api.tiktok.com/open_api/v1.3/event/track/

{"partner_name":"WooCommerce","event_source":"web","event_source_id":"CSM79Q3C77UAG1T340I0","data":[{"event":"Pageview","event_id":"67958001be4ce_tt4b_woocommerce_670666209cf1f","event_time":1737850881,"user":{"ip":"185.233.3.42","user_agent":"Mozilla\/4.0 (compatible; MSIE 6.0; Windows NT 5.1; SV1)","locale":"ar","external_id":"0","email":"e3b0c44298fc1c149afbf4c8996fb92427ae41e4649b934ca495991b7852b855","phone_number":"e3b0c44298fc1c149afbf4c8996fb92427ae41e4649b934ca495991b7852b855","first_name":"e3b0c44298fc1c149afbf4c8996fb92427ae41e4649b934ca495991b7852b855","last_name":"e3b0c44298fc1c149afbf4c8996fb92427ae41e4649b934ca495991b7852b855","zip_code":"e3b0c44298fc1c149afbf4c8996fb92427ae41e4649b934ca495991b7852b855"},"page":{"url":"http:\/\/ibn-sinaa.com\/wp-content\/plugins\/vikbooking\/readme.txt"}}]}
 ajax: no
2025-01-26T00:21:22+00:00 DEBUG Tt4b_Mapi_Class::mapi_post: Response: 

HTTP/1.1 200 OK
Server: nginx
Content-Type: application/json
Content-Length: 92
X-Tt-Logid: 202501260021213F79F3AC115E987C409D
x-tt-trace-host: 018e5a586174a888928d793bdac74b79b56517d7628cf0ffdff56b078ad2cf5615a1dc161f7748850b04c0b5d06a60369186ad0f533dd1056a5f26e12c2818df89820bb5e7dd8c7e4bca2887349ac876b9e5dac3dcc132c1a043da989284ab4754eae0819b852c6a68d781c2098bc48433
x-tt-trace-id: 00-2501260021213F79F3AC115E987C409D-0EFAB00F28FFCBC2-00
X-Origin-Response-Time: 31,23.52.15.231
X-Akamai-Request-ID: 29c88d5d.122fe48c
Expires: Sun, 26 Jan 2025 00:21:22 GMT
Cache-Control: max-age=0, no-cache, no-store
Pragma: no-cache
Date: Sun, 26 Jan 2025 00:21:22 GMT
X-Cache: TCP_MISS from a95-101-134-92.deploy.akamaitechnologies.com (AkamaiGHost/11.8.0-1debf780f7d7c834933fa9689361eec6) (-)
Connection: close
X-Cache-Remote: TCP_MISS from a23-52-15-231.deploy.akamaitechnologies.com (AkamaiGHost/11.8.1-545a545a07b22376d11b3e238f123a02) (-)
x-tt-trace-tag: id=16;cdn-cache=miss;type=dyn
Server-Timing: cdn-cache; desc=MISS, edge; dur=84, origin; dur=31
Server-Timing: inner; dur=26
X-Parent-Response-Time: 113,95.101.134.92

{"code": 0, "message": "OK", "request_id": "202501260021213F79F3AC115E987C409D", "data": {}}
2025-01-26T00:22:41+00:00 DEBUG POST: https://business-api.tiktok.com/open_api/v1.3/event/track/

{"partner_name":"WooCommerce","event_source":"web","event_source_id":"CSM79Q3C77UAG1T340I0","data":[{"event":"Pageview","event_id":"67958051223cc_tt4b_woocommerce_670666209cf1f","event_time":1737850961,"user":{"ip":"52.167.144.18","user_agent":"Mozilla\/5.0 AppleWebKit\/537.36 (KHTML, like Gecko; compatible; bingbot\/2.0; +http:\/\/www.bing.com\/bingbot.htm) Chrome\/116.0.1938.76 Safari\/537.36","locale":"ar","external_id":"0","email":"e3b0c44298fc1c149afbf4c8996fb92427ae41e4649b934ca495991b7852b855","phone_number":"e3b0c44298fc1c149afbf4c8996fb92427ae41e4649b934ca495991b7852b855","first_name":"e3b0c44298fc1c149afbf4c8996fb92427ae41e4649b934ca495991b7852b855","last_name":"e3b0c44298fc1c149afbf4c8996fb92427ae41e4649b934ca495991b7852b855","zip_code":"e3b0c44298fc1c149afbf4c8996fb92427ae41e4649b934ca495991b7852b855"},"page":{"url":"http:\/\/ibn-sinaa.com\/?lang=ar&s=2025"}}]}
 ajax: no
2025-01-26T00:22:41+00:00 DEBUG Tt4b_Mapi_Class::mapi_post: Response: 

HTTP/1.1 200 OK
Server: nginx
Content-Type: application/json
Content-Length: 92
X-Tt-Logid: 2025012600224196E2DFC1475ADD7AEDC0
Server-Timing: inner; dur=32
x-tt-trace-host: 010f944bc43be00f209e30a38bc3490442ab1f7701c43117d48e838c6cea397d5b2872ea3ef4167ac7ff936bd2039541204d862429406d1a2a375ede79ca4344d1f4aca66372c97a0e70bae8d3b00bac32a1b4c9affe771a3320d2773c166ab772
x-tt-trace-id: 00-25012600224196E2DFC1475ADD7AEDC0-665BA99792D59BF1-00
Expires: Sun, 26 Jan 2025 00:22:41 GMT
Cache-Control: max-age=0, no-cache, no-store
Pragma: no-cache
Date: Sun, 26 Jan 2025 00:22:41 GMT
X-Cache: TCP_MISS from a23-77-196-94.deploy.akamaitechnologies.com (AkamaiGHost/11.8.1-2c00874bde3a1f428b1fbbe8783f6d16) (-)
Connection: close
x-tt-trace-tag: id=16;cdn-cache=miss;type=dyn
Server-Timing: cdn-cache; desc=MISS, edge; dur=3, origin; dur=115
X-Origin-Response-Time: 115,23.77.196.94
X-Akamai-Request-ID: 3f754e7

{"code": 0, "message": "OK", "request_id": "2025012600224196E2DFC1475ADD7AEDC0", "data": {}}
2025-01-26T00:28:09+00:00 DEBUG POST: https://business-api.tiktok.com/open_api/v1.3/event/track/

{"partner_name":"WooCommerce","event_source":"web","event_source_id":"CSM79Q3C77UAG1T340I0","data":[{"event":"Pageview","event_id":"6795819906e34_tt4b_woocommerce_670666209cf1f","event_time":1737851289,"user":{"ip":"52.167.144.183","user_agent":"Mozilla\/5.0 AppleWebKit\/537.36 (KHTML, like Gecko; compatible; bingbot\/2.0; +http:\/\/www.bing.com\/bingbot.htm) Chrome\/116.0.1938.76 Safari\/537.36","locale":"ar","external_id":"0","email":"e3b0c44298fc1c149afbf4c8996fb92427ae41e4649b934ca495991b7852b855","phone_number":"e3b0c44298fc1c149afbf4c8996fb92427ae41e4649b934ca495991b7852b855","first_name":"e3b0c44298fc1c149afbf4c8996fb92427ae41e4649b934ca495991b7852b855","last_name":"e3b0c44298fc1c149afbf4c8996fb92427ae41e4649b934ca495991b7852b855","zip_code":"e3b0c44298fc1c149afbf4c8996fb92427ae41e4649b934ca495991b7852b855"},"page":{"url":"http:\/\/mail.ibn-sinaa.com\/product\/advertising-table\/"}}]}
 ajax: no
2025-01-26T00:28:09+00:00 DEBUG Tt4b_Mapi_Class::mapi_post: Response: 

HTTP/1.1 200 OK
Server: nginx
Content-Type: application/json
Content-Length: 92
X-Tt-Logid: 20250126002809D2E44F82969B29E47E9B
Server-Timing: inner; dur=27
x-tt-trace-host: 010f944bc43be00f209e30a38bc3490442d13bbf9d2c86c006e6fe6e7ba6cbdb2a7a0968afb2f2b1c527573cb156b282d8c91a80808086e37f0aaa99bb7731291840c0c4da449163123e9e401a29d5abb92436ba4d41e359c8f0f6a6e5f8e276c4
x-tt-trace-id: 00-250126002809D2E44F82969B29E47E9B-31C9456D9C690103-00
Expires: Sun, 26 Jan 2025 00:28:09 GMT
Cache-Control: max-age=0, no-cache, no-store
Pragma: no-cache
Date: Sun, 26 Jan 2025 00:28:09 GMT
X-Cache: TCP_MISS from a23-77-196-76.deploy.akamaitechnologies.com (AkamaiGHost/11.8.0-1debf780f7d7c834933fa9689361eec6) (-)
Connection: close
x-tt-trace-tag: id=16;cdn-cache=miss;type=dyn
Server-Timing: cdn-cache; desc=MISS, edge; dur=2, origin; dur=113
X-Origin-Response-Time: 113,23.77.196.76
X-Akamai-Request-ID: 504b7e26

{"code": 0, "message": "OK", "request_id": "20250126002809D2E44F82969B29E47E9B", "data": {}}
2025-01-26T00:28:09+00:00 DEBUG Tt4b_Pixel_Class::inject_view_content_event: hit ViewContent
2025-01-26T00:28:09+00:00 DEBUG POST: https://business-api.tiktok.com/open_api/v1.3/event/track/

{"partner_name":"WooCommerce","event_source":"web","event_source_id":"CSM79Q3C77UAG1T340I0","data":[{"event":"ViewContent","event_id":"67958199553f8_tt4b_woocommerce_670666209cf1f_4333","event_time":1737851289,"user":{"ip":"52.167.144.183","user_agent":"Mozilla\/5.0 AppleWebKit\/537.36 (KHTML, like Gecko; compatible; bingbot\/2.0; +http:\/\/www.bing.com\/bingbot.htm) Chrome\/116.0.1938.76 Safari\/537.36","locale":"ar","external_id":"0","email":"e3b0c44298fc1c149afbf4c8996fb92427ae41e4649b934ca495991b7852b855","phone_number":"e3b0c44298fc1c149afbf4c8996fb92427ae41e4649b934ca495991b7852b855","first_name":"e3b0c44298fc1c149afbf4c8996fb92427ae41e4649b934ca495991b7852b855","last_name":"e3b0c44298fc1c149afbf4c8996fb92427ae41e4649b934ca495991b7852b855","zip_code":"e3b0c44298fc1c149afbf4c8996fb92427ae41e4649b934ca495991b7852b855"},"properties":{"contents":[{"price":900,"quantity":1,"content_id":"4333","content_name":"\u0637\u0627\u0648\u0644\u0629 \u062f\u0639\u0627\u0626\u064a\u0629","description":"\u0637\u0627\u0648\u0644\u0629 \u062f\u0639\u0627\u0626\u064a\u0629 \u0645\u0642\u0648\u0633\u0629 : \u0645\u062b\u0627\u0644\u064a\u0629 \u0644\u0639\u0631\u0636 \u0627\u0644\u0645\u0646\u062a\u062c\u0627\u062a \u0648\u0627\u0644\u062e\u062f\u0645\u0627\u062a \u0628\u062c\u0648\u062f\u0629 \u0639\u0627\u0644\u064a\u0629 \u0648\u062a\u0635\u0645\u064a\u0645 \u062c\u0630\u0627\u0628. \u0645\u062b\u0627\u0644\u064a\u0629 \u0644\u0644\u0627\u0633\u062a\u062e\u062f\u0627\u0645 \u0641\u064a \u0627\u0644\u0645\u0639\u0627\u0631\u0636 \u0648\u0627\u0644\u0641\u0639\u0627\u0644\u064a\u0627\u062a \u0627\u0644\u062a\u0633\u0648\u064a\u0642\u064a\u0629\u060c \u062a\u062a\u0645\u064a\u0632 \u0628\u0645\u062a\u0627\u0646\u062a\u0647\u0627 \u0648\u0633\u0647\u0648\u0644\u0629 \u0646\u0642\u0644\u0647\u0627 \u0648\u062a\u0631\u0643\u064a\u0628\u0647\u0627. \u062a\u062c\u0639\u0644 \u0639\u0631\u0636 \u0645\u0646\u062a\u062c\u0627\u062a\u0643 \u0623\u0643\u062b\u0631 \u062c\u0627\u0630\u0628\u064a\u0629 \u0648\u062a\u0646\u0638\u064a\u0645\u064b\u0627.","availability":"IN_STOCK","sale_price":900,"on_sale":false}],"content_type":"product","currency":"SAR","value":900,"event_trigger_source":"WooCommerce"},"page":{"url":"http:\/\/mail.ibn-sinaa.com\/product\/advertising-table\/"}}]}
 ajax: no
2025-01-26T00:28:09+00:00 DEBUG Tt4b_Mapi_Class::mapi_post: Response: 

HTTP/1.1 200 OK
Server: nginx
Content-Type: application/json
Content-Length: 92
X-Tt-Logid: 20250126002809005B271CD1FCE3796FC4
Server-Timing: inner; dur=39
x-tt-trace-host: 010f944bc43be00f209e30a38bc3490442ab1f7701c43117d48e838c6cea397d5b6df0171622bf3e809eed7840839b6beada245bd16ead45ede6fd2ca95719a8f77f20c1013c435544b7ff0c24be37aee97a8e1370b9aad976229b65eec46f5260
x-tt-trace-id: 00-250126002809005B271CD1FCE3796FC4-1A1D61A93A134CEE-00
Expires: Sun, 26 Jan 2025 00:28:09 GMT
Cache-Control: max-age=0, no-cache, no-store
Pragma: no-cache
Date: Sun, 26 Jan 2025 00:28:09 GMT
X-Cache: TCP_MISS from a23-77-196-94.deploy.akamaitechnologies.com (AkamaiGHost/11.8.1-2c00874bde3a1f428b1fbbe8783f6d16) (-)
Connection: close
x-tt-trace-tag: id=16;cdn-cache=miss;type=dyn
Server-Timing: cdn-cache; desc=MISS, edge; dur=4, origin; dur=123
X-Origin-Response-Time: 123,23.77.196.94
X-Akamai-Request-ID: 402a515

{"code": 0, "message": "OK", "request_id": "20250126002809005B271CD1FCE3796FC4", "data": {}}
2025-01-26T00:29:22+00:00 DEBUG POST: https://business-api.tiktok.com/open_api/v1.3/event/track/

{"partner_name":"WooCommerce","event_source":"web","event_source_id":"CSM79Q3C77UAG1T340I0","data":[{"event":"Pageview","event_id":"679581e26b0e6_tt4b_woocommerce_670666209cf1f","event_time":1737851362,"user":{"ip":"178.250.156.105","user_agent":"Mozilla\/5.0 (Windows NT 10.0; Win64; x64; rv:72.0) Gecko\/20100101 Firefox\/72.0","locale":"ar","external_id":"0","email":"e3b0c44298fc1c149afbf4c8996fb92427ae41e4649b934ca495991b7852b855","phone_number":"e3b0c44298fc1c149afbf4c8996fb92427ae41e4649b934ca495991b7852b855","first_name":"e3b0c44298fc1c149afbf4c8996fb92427ae41e4649b934ca495991b7852b855","last_name":"e3b0c44298fc1c149afbf4c8996fb92427ae41e4649b934ca495991b7852b855","zip_code":"e3b0c44298fc1c149afbf4c8996fb92427ae41e4649b934ca495991b7852b855"},"page":{"url":"http:\/\/ibn-sinaa.com\/xmlrpc.php"}}]}
 ajax: no
2025-01-26T00:29:22+00:00 DEBUG Tt4b_Mapi_Class::mapi_post: Response: 

HTTP/1.1 200 OK
Server: nginx
Content-Type: application/json
Content-Length: 92
X-Tt-Logid: 20250126002922C589577A3808395A59F0
x-tt-trace-host: 010f944bc43be00f209e30a38bc3490442e986d75a4a945d3d7df5ec7fb8a18033682a01ddc88d607cbcc4137a045b52de5fa87043b4b9eb2b6ec0d5c35b6a2da70342cea06ae78e2abe3ac119c060df33c33da8d6e552a7dd160653c15301e4f49a6f5232ba445e701306843aecaa34dc
x-tt-trace-id: 00-250126002922C589577A3808395A59F0-2162AF108027264A-00
X-Origin-Response-Time: 64,23.52.15.139
X-Akamai-Request-ID: 4a567197.504cef76
Expires: Sun, 26 Jan 2025 00:29:22 GMT
Cache-Control: max-age=0, no-cache, no-store
Pragma: no-cache
Date: Sun, 26 Jan 2025 00:29:22 GMT
X-Cache: TCP_MISS from a23-77-196-76.deploy.akamaitechnologies.com (AkamaiGHost/11.8.0-1debf780f7d7c834933fa9689361eec6) (-)
Connection: close
X-Cache-Remote: TCP_MISS from a23-52-15-139.deploy.akamaitechnologies.com (AkamaiGHost/11.8.0-2d0f2d516c5d43e1487924a77ec5924a) (-)
x-tt-trace-tag: id=16;cdn-cache=miss;type=dyn
Server-Timing: cdn-cache; desc=MISS, edge; dur=87, origin; dur=64
Server-Timing: inner; dur=23
X-Parent-Response-Time: 148,23.77.196.76

{"code": 0, "message": "OK", "request_id": "20250126002922C589577A3808395A59F0", "data": {}}
2025-01-26T00:31:48+00:00 DEBUG POST: https://business-api.tiktok.com/open_api/v1.3/event/track/

{"partner_name":"WooCommerce","event_source":"web","event_source_id":"CSM79Q3C77UAG1T340I0","data":[{"event":"Pageview","event_id":"679582744643e_tt4b_woocommerce_670666209cf1f","event_time":1737851508,"user":{"ip":"72.167.221.145","user_agent":"Mozilla\/5.0 (Windows NT 10.0; Win64; x64) AppleWebKit\/537.36 (KHTML, like Gecko) Chrome\/129.0.0.0 Safari\/537.36","locale":"ar","external_id":"0","email":"e3b0c44298fc1c149afbf4c8996fb92427ae41e4649b934ca495991b7852b855","phone_number":"e3b0c44298fc1c149afbf4c8996fb92427ae41e4649b934ca495991b7852b855","first_name":"e3b0c44298fc1c149afbf4c8996fb92427ae41e4649b934ca495991b7852b855","last_name":"e3b0c44298fc1c149afbf4c8996fb92427ae41e4649b934ca495991b7852b855","zip_code":"e3b0c44298fc1c149afbf4c8996fb92427ae41e4649b934ca495991b7852b855"},"page":{"url":"http:\/\/ibn-sinaa.com\/contact\/"}}]}
 ajax: no
2025-01-26T00:31:48+00:00 DEBUG Tt4b_Mapi_Class::mapi_post: Response: 

HTTP/1.1 200 OK
Server: nginx
Content-Type: application/json
Content-Length: 92
X-Tt-Logid: 20250126003148D17B7DC942E3CF626E75
Server-Timing: inner; dur=26
x-tt-trace-host: 010f944bc43be00f209e30a38bc3490442ab1f7701c43117d48e838c6cea397d5b423db405568ab1c930289970d4ceea20463a4334a2d992ab1c595400aedfed1704737658fa44208901be4cabb17c9f3daef9fa18a60744fdf5224cb4e10e8e50
x-tt-trace-id: 00-250126003148D17B7DC942E3CF626E75-798B72CF3FF8A16B-00
Expires: Sun, 26 Jan 2025 00:31:48 GMT
Cache-Control: max-age=0, no-cache, no-store
Pragma: no-cache
Date: Sun, 26 Jan 2025 00:31:48 GMT
X-Cache: TCP_MISS from a23-77-196-94.deploy.akamaitechnologies.com (AkamaiGHost/11.8.1-2c00874bde3a1f428b1fbbe8783f6d16) (-)
Connection: close
x-tt-trace-tag: id=16;cdn-cache=miss;type=dyn
Server-Timing: cdn-cache; desc=MISS, edge; dur=2, origin; dur=107
X-Origin-Response-Time: 107,23.77.196.94
X-Akamai-Request-ID: 40a143a

{"code": 0, "message": "OK", "request_id": "20250126003148D17B7DC942E3CF626E75", "data": {}}
2025-01-26T00:33:33+00:00 DEBUG Tt4b_Pixel_Class::inject_add_to_cart_event: hit AddToCart
2025-01-26T00:33:33+00:00 DEBUG POST: https://business-api.tiktok.com/open_api/v1.3/event/track/

{"partner_name":"WooCommerce","event_source":"web","event_source_id":"CSM79Q3C77UAG1T340I0","data":[{"event":"AddToCart","event_id":"679582dd9efa5_tt4b_woocommerce_670666209cf1f_SKU_201","event_time":1737851613,"user":{"ip":"213.180.203.189","user_agent":"Mozilla\/5.0 (compatible; YandexBot\/3.0; +http:\/\/yandex.com\/bots)","locale":"ar","external_id":"0","email":"e3b0c44298fc1c149afbf4c8996fb92427ae41e4649b934ca495991b7852b855","phone_number":"e3b0c44298fc1c149afbf4c8996fb92427ae41e4649b934ca495991b7852b855","first_name":"e3b0c44298fc1c149afbf4c8996fb92427ae41e4649b934ca495991b7852b855","last_name":"e3b0c44298fc1c149afbf4c8996fb92427ae41e4649b934ca495991b7852b855","zip_code":"e3b0c44298fc1c149afbf4c8996fb92427ae41e4649b934ca495991b7852b855"},"properties":{"contents":[{"price":0,"quantity":1,"content_id":"SKU_201","content_name":"\u0637\u0628\u0627\u0639\u0629 \u0643\u0631\u0648\u062a \u0634\u062e\u0635\u064a\u0629 \u062f\u0627\u064a \u0643\u062a","description":"\u0627\u062d\u0635\u0644 \u0639\u0644\u0649 \u0643\u0631\u0648\u062a \u062f\u0627\u064a \u0643\u062a \u0627\u0644\u0645\u0645\u064a\u0632\u0629 \u0645\u0646 \u0645\u062a\u062c\u0631 \u0627\u0628\u0646 \u0633\u064a\u0646\u0627 \u0627\u0644\u0625\u0644\u0643\u062a\u0631\u0648\u0646\u064a. \u062a\u0635\u0645\u064a\u0645\u0627\u062a \u0641\u0631\u064a\u062f\u0629 \u0648\u0623\u0634\u0643\u0627\u0644 \u0645\u062e\u0635\u0635\u0629 \u062a\u0646\u0627\u0633\u0628 \u062c\u0645\u064a\u0639 \u0627\u0644\u0645\u0646\u0627\u0633\u0628\u0627\u062a \u0627\u0644\u0631\u0633\u0645\u064a\u0629 \u0648\u0627\u0644\u0634\u062e\u0635\u064a\u0629\u060c \u0628\u062c\u0648\u062f\u0629 \u0637\u0628\u0627\u0639\u0629 \u0639\u0627\u0644\u064a\u0629 \u0648\u062f\u0642\u0629 \u0641\u064a \u0627\u0644\u062a\u0641\u0627\u0635\u064a\u0644","availability":"IN_STOCK","sale_price":0,"on_sale":false}],"content_type":"product","currency":"SAR","value":0,"event_trigger_source":"WooCommerce"},"page":{"url":"http:\/\/www.ibn-sinaa.com\/?add-to-cart=201"}}]}
 ajax: no
2025-01-26T00:33:33+00:00 DEBUG Tt4b_Mapi_Class::mapi_post: Response: 

HTTP/1.1 200 OK
Server: nginx
Content-Type: application/json
Content-Length: 92
X-Tt-Logid: 202501260033335BA9B5BFCA900C08080A
x-tt-trace-host: 010f944bc43be00f209e30a38bc3490442e986d75a4a945d3d7df5ec7fb8a18033b8724281842e0f106a518a3eee019888d8cfdcbbe61437af7059e71d02aac63507c1753e63dc1dd5ad58bb083de9b444ef1b8aedddc14a4a835513122533de9934e3b241c9b939a095150697c03b9d6b
x-tt-trace-id: 00-2501260033335BA9B5BFCA900C08080A-770B704415AE191D-00
X-Origin-Response-Time: 35,23.32.17.33
X-Akamai-Request-ID: 23b45ced.50527966
Expires: Sun, 26 Jan 2025 00:33:33 GMT
Cache-Control: max-age=0, no-cache, no-store
Pragma: no-cache
Date: Sun, 26 Jan 2025 00:33:33 GMT
X-Cache: TCP_MISS from a23-77-196-76.deploy.akamaitechnologies.com (AkamaiGHost/11.8.0-1debf780f7d7c834933fa9689361eec6) (-)
Connection: close
X-Cache-Remote: TCP_MISS from a23-32-17-33.deploy.akamaitechnologies.com (AkamaiGHost/11.8.1-2c00874bde3a1f428b1fbbe8783f6d16) (-)
x-tt-trace-tag: id=16;cdn-cache=miss;type=dyn
Server-Timing: cdn-cache; desc=MISS, edge; dur=90, origin; dur=35
Server-Timing: inner; dur=30
X-Parent-Response-Time: 121,23.77.196.76

{"code": 0, "message": "OK", "request_id": "202501260033335BA9B5BFCA900C08080A", "data": {}}
2025-01-26T00:33:34+00:00 DEBUG POST: https://business-api.tiktok.com/open_api/v1.3/event/track/

{"partner_name":"WooCommerce","event_source":"web","event_source_id":"CSM79Q3C77UAG1T340I0","data":[{"event":"Pageview","event_id":"679582de2e6bc_tt4b_woocommerce_670666209cf1f","event_time":1737851614,"user":{"ip":"213.180.203.189","user_agent":"Mozilla\/5.0 (compatible; YandexBot\/3.0; +http:\/\/yandex.com\/bots)","locale":"ar","external_id":"0","email":"e3b0c44298fc1c149afbf4c8996fb92427ae41e4649b934ca495991b7852b855","phone_number":"e3b0c44298fc1c149afbf4c8996fb92427ae41e4649b934ca495991b7852b855","first_name":"e3b0c44298fc1c149afbf4c8996fb92427ae41e4649b934ca495991b7852b855","last_name":"e3b0c44298fc1c149afbf4c8996fb92427ae41e4649b934ca495991b7852b855","zip_code":"e3b0c44298fc1c149afbf4c8996fb92427ae41e4649b934ca495991b7852b855"},"page":{"url":"http:\/\/www.ibn-sinaa.com\/?add-to-cart=201"}}]}
 ajax: no
2025-01-26T00:33:34+00:00 DEBUG Tt4b_Mapi_Class::mapi_post: Response: 

HTTP/1.1 200 OK
Server: nginx
Content-Type: application/json
Content-Length: 92
X-Tt-Logid: 20250126003334A4AC4FA33F4F6D7CC955
x-tt-trace-host: 010f944bc43be00f209e30a38bc3490442e986d75a4a945d3d7df5ec7fb8a1803391279af5d18397ff3f75d5676556e25017dec080bef4027d51b8afc0008cfe262b9b86a00a33c1d3c2e25298e92a32f353bd96e618f6415244dd59e9ecc47129623886596231a99a5e61e7a5ed212e78
x-tt-trace-id: 00-250126003334A4AC4FA33F4F6D7CC955-22FE99057A5AAA00-00
X-Origin-Response-Time: 23,23.32.17.36
X-Akamai-Request-ID: 17bbe0f8.50527c3e
Expires: Sun, 26 Jan 2025 00:33:34 GMT
Cache-Control: max-age=0, no-cache, no-store
Pragma: no-cache
Date: Sun, 26 Jan 2025 00:33:34 GMT
X-Cache: TCP_MISS from a23-77-196-76.deploy.akamaitechnologies.com (AkamaiGHost/11.8.0-1debf780f7d7c834933fa9689361eec6) (-)
Connection: close
X-Cache-Remote: TCP_MISS from a23-32-17-36.deploy.akamaitechnologies.com (AkamaiGHost/11.8.0-1debf780f7d7c834933fa9689361eec6) (-)
x-tt-trace-tag: id=16;cdn-cache=miss;type=dyn
Server-Timing: cdn-cache; desc=MISS, edge; dur=85, origin; dur=23
Server-Timing: inner; dur=20
X-Parent-Response-Time: 105,23.77.196.76

{"code": 0, "message": "OK", "request_id": "20250126003334A4AC4FA33F4F6D7CC955", "data": {}}
2025-01-26T00:34:43+00:00 DEBUG Tt4b_Pixel_Class::inject_add_to_cart_event: hit AddToCart
2025-01-26T00:34:43+00:00 DEBUG POST: https://business-api.tiktok.com/open_api/v1.3/event/track/

{"partner_name":"WooCommerce","event_source":"web","event_source_id":"CSM79Q3C77UAG1T340I0","data":[{"event":"AddToCart","event_id":"6795832381c48_tt4b_woocommerce_670666209cf1f_4440","event_time":1737851683,"user":{"ip":"54.36.148.201","user_agent":"Mozilla\/5.0 (compatible; AhrefsBot\/7.0; +http:\/\/ahrefs.com\/robot\/)","locale":"ar","external_id":"0","email":"e3b0c44298fc1c149afbf4c8996fb92427ae41e4649b934ca495991b7852b855","phone_number":"e3b0c44298fc1c149afbf4c8996fb92427ae41e4649b934ca495991b7852b855","first_name":"e3b0c44298fc1c149afbf4c8996fb92427ae41e4649b934ca495991b7852b855","last_name":"e3b0c44298fc1c149afbf4c8996fb92427ae41e4649b934ca495991b7852b855","zip_code":"e3b0c44298fc1c149afbf4c8996fb92427ae41e4649b934ca495991b7852b855"},"properties":{"contents":[{"price":850,"quantity":1,"content_id":"4440","content_name":"\u062a\u0642\u0648\u064a\u0645 \u0645\u064a\u0644\u0627\u062f\u064a \u0641\u0627\u062e\u0631","description":"\u062a\u0642\u0648\u064a\u0645 \u0645\u064a\u0644\u0627\u062f\u064a \u062e\u0634\u0628: \u062a\u0635\u0645\u064a\u0645 \u0639\u0635\u0631\u064a \u0648\u0623\u0646\u064a\u0642\u060c \u0645\u0635\u0646\u0648\u0639 \u0645\u0646 \u0645\u0648\u0627\u062f \u0639\u0627\u0644\u064a\u0629 \u0627\u0644\u062c\u0648\u062f\u0629 \u0628\u0648\u0636\u0648\u062d \u0627\u0633\u062a\u062b\u0646\u0627\u0626\u064a \u0644\u0644\u0643\u062a\u0627\u0628\u0629 \u0648\u0627\u0644\u0631\u0624\u064a\u0629\u060c \u064a\u0636\u064a\u0641 \u0644\u0645\u0633\u0629 \u0645\u0646 \u0627\u0644\u0641\u062e\u0627\u0645\u0629 \u0648\u0627\u0644\u062a\u0646\u0638\u064a\u0645 \u0644\u0645\u0643\u062a\u0628\u0643. \u0645\u062b\u0627\u0644\u064a \u0644\u062a\u0646\u0638\u064a\u0645 \u0627\u0644\u0645\u0648\u0627\u0639\u064a\u062f \u0648\u0627\u0644\u0627\u062c\u062a\u0645\u0627\u0639\u0627\u062a\u060c \u0648\u064a\u0636\u0641\u064a \u062c\u0627\u0630\u0628\u064a\u0629 \u0639\u0644\u0649 \u0645\u0633\u0627\u062d\u0629 \u0627\u0644\u0639\u0645\u0644 \u0627\u0644\u062e\u0627\u0635\u0629 \u0628\u0643.","availability":"IN_STOCK","sale_price":850,"on_sale":false}],"content_type":"product","currency":"SAR","value":850,"event_trigger_source":"WooCommerce"},"page":{"url":"http:\/\/ibn-sinaa.com\/product-category\/shields-and-gifts\/page\/2\/?add-to-cart=4440"}}]}
 ajax: no
2025-01-26T00:34:43+00:00 DEBUG Tt4b_Mapi_Class::mapi_post: Response: 

HTTP/1.1 200 OK
Server: nginx
Content-Type: application/json
Content-Length: 92
X-Tt-Logid: 202501260034438F72A52BA806474CEB07
x-tt-trace-host: 010f944bc43be00f209e30a38bc3490442eaa3404e11bcf4b9ac1c333e5763d4098f6efb4028bb497667ef7972fc5136b2cc63556258e6c30d81d37ef7486acaa5a736360918380cfc8a5653519bcdd49f62db61938f620bd6189713d128c0ddf1418a1d52b26c429ab5ae0458dad18577
x-tt-trace-id: 00-2501260034438F72A52BA806474CEB07-42D5FBB04CCE6076-00
X-Origin-Response-Time: 45,23.218.219.13
X-Akamai-Request-ID: 21432164.4101b9b
Expires: Sun, 26 Jan 2025 00:34:43 GMT
Cache-Control: max-age=0, no-cache, no-store
Pragma: no-cache
Date: Sun, 26 Jan 2025 00:34:43 GMT
X-Cache: TCP_MISS from a23-77-196-94.deploy.akamaitechnologies.com (AkamaiGHost/11.8.1-2c00874bde3a1f428b1fbbe8783f6d16) (-)
Connection: close
X-Cache-Remote: TCP_MISS from a23-218-219-13.deploy.akamaitechnologies.com (AkamaiGHost/11.8.0-1debf780f7d7c834933fa9689361eec6) (-)
x-tt-trace-tag: id=16;cdn-cache=miss;type=dyn
Server-Timing: cdn-cache; desc=MISS, edge; dur=87, origin; dur=45
Server-Timing: inner; dur=41
X-Parent-Response-Time: 129,23.77.196.94

{"code": 0, "message": "OK", "request_id": "202501260034438F72A52BA806474CEB07", "data": {}}
2025-01-26T00:34:44+00:00 DEBUG POST: https://business-api.tiktok.com/open_api/v1.3/event/track/

{"partner_name":"WooCommerce","event_source":"web","event_source_id":"CSM79Q3C77UAG1T340I0","data":[{"event":"Pageview","event_id":"67958324159b4_tt4b_woocommerce_670666209cf1f","event_time":1737851684,"user":{"ip":"54.36.148.201","user_agent":"Mozilla\/5.0 (compatible; AhrefsBot\/7.0; +http:\/\/ahrefs.com\/robot\/)","locale":"ar","external_id":"0","email":"e3b0c44298fc1c149afbf4c8996fb92427ae41e4649b934ca495991b7852b855","phone_number":"e3b0c44298fc1c149afbf4c8996fb92427ae41e4649b934ca495991b7852b855","first_name":"e3b0c44298fc1c149afbf4c8996fb92427ae41e4649b934ca495991b7852b855","last_name":"e3b0c44298fc1c149afbf4c8996fb92427ae41e4649b934ca495991b7852b855","zip_code":"e3b0c44298fc1c149afbf4c8996fb92427ae41e4649b934ca495991b7852b855"},"page":{"url":"http:\/\/ibn-sinaa.com\/product-category\/shields-and-gifts\/page\/2\/?add-to-cart=4440"}}]}
 ajax: no
2025-01-26T00:34:44+00:00 DEBUG Tt4b_Mapi_Class::mapi_post: Response: 

HTTP/1.1 200 OK
Server: nginx
Content-Type: application/json
Content-Length: 92
X-Tt-Logid: 20250126003444AFF86147DB56877C463F
x-tt-trace-host: 010f944bc43be00f209e30a38bc3490442e986d75a4a945d3d7df5ec7fb8a180333a1d43820f6b212ba1574c91d0597169d133bc9d71704817d96c503a3fba4a02bc5ec0853be682557d5ba0457dd9ea122903a72ab4df098a5cd2c0f4715d2363f05a6729186e6d12bffc4270aac95fca
x-tt-trace-id: 00-250126003444AFF86147DB56877C463F-007D462B39D263E6-00
X-Origin-Response-Time: 34,23.32.17.15
X-Akamai-Request-ID: c300979.50540ce6
Expires: Sun, 26 Jan 2025 00:34:44 GMT
Cache-Control: max-age=0, no-cache, no-store
Pragma: no-cache
Date: Sun, 26 Jan 2025 00:34:44 GMT
X-Cache: TCP_MISS from a23-77-196-76.deploy.akamaitechnologies.com (AkamaiGHost/11.8.0-1debf780f7d7c834933fa9689361eec6) (-)
Connection: close
X-Cache-Remote: TCP_MISS from a23-32-17-15.deploy.akamaitechnologies.com (AkamaiGHost/11.8.1-2c00874bde3a1f428b1fbbe8783f6d16) (-)
x-tt-trace-tag: id=16;cdn-cache=miss;type=dyn
Server-Timing: cdn-cache; desc=MISS, edge; dur=91, origin; dur=34
Server-Timing: inner; dur=26
X-Parent-Response-Time: 118,23.77.196.76

{"code": 0, "message": "OK", "request_id": "20250126003444AFF86147DB56877C463F", "data": {}}
2025-01-26T00:35:09+00:00 DEBUG POST: https://business-api.tiktok.com/open_api/v1.3/event/track/

{"partner_name":"WooCommerce","event_source":"web","event_source_id":"CSM79Q3C77UAG1T340I0","data":[{"event":"Pageview","event_id":"6795833db2b25_tt4b_woocommerce_670666209cf1f","event_time":1737851709,"user":{"ip":"66.249.66.18","user_agent":"Mozilla\/5.0 (Linux; Android 6.0.1; Nexus 5X Build\/MMB29P) AppleWebKit\/537.36 (KHTML, like Gecko) Chrome\/132.0.6834.83 Mobile Safari\/537.36 (compatible; Googlebot\/2.1; +http:\/\/www.google.com\/bot.html)","locale":"ar","external_id":"0","email":"e3b0c44298fc1c149afbf4c8996fb92427ae41e4649b934ca495991b7852b855","phone_number":"e3b0c44298fc1c149afbf4c8996fb92427ae41e4649b934ca495991b7852b855","first_name":"e3b0c44298fc1c149afbf4c8996fb92427ae41e4649b934ca495991b7852b855","last_name":"e3b0c44298fc1c149afbf4c8996fb92427ae41e4649b934ca495991b7852b855","zip_code":"e3b0c44298fc1c149afbf4c8996fb92427ae41e4649b934ca495991b7852b855"},"page":{"url":"http:\/\/mail.ibn-sinaa.com\/product\/stand-screen\/"}}]}
 ajax: no
2025-01-26T00:35:09+00:00 DEBUG Tt4b_Mapi_Class::mapi_post: Response: 

HTTP/1.1 200 OK
Server: nginx
Content-Type: application/json
Content-Length: 92
X-Tt-Logid: 20250126003509571C3864FB89D9B7F24A
x-tt-trace-host: 010f944bc43be00f209e30a38bc3490442eaa3404e11bcf4b9ac1c333e5763d40928a725e46186e7063d3e7c224b49f2baf15170477aac0c86733aa52f3cb0e2bf3491cebeb9f7808b92cf64ed828365636c08ab20c7f0987afaf35eabcd15546df02a8a7e96eb1beb92c4a86e3877be1e
x-tt-trace-id: 00-250126003509571C3864FB89D9B7F24A-5BC9A8454B3F29BB-00
X-Origin-Response-Time: 33,23.218.219.11
X-Akamai-Request-ID: 213f132e.4111c62
Expires: Sun, 26 Jan 2025 00:35:09 GMT
Cache-Control: max-age=0, no-cache, no-store
Pragma: no-cache
Date: Sun, 26 Jan 2025 00:35:09 GMT
X-Cache: TCP_MISS from a23-77-196-94.deploy.akamaitechnologies.com (AkamaiGHost/11.8.1-2c00874bde3a1f428b1fbbe8783f6d16) (-)
Connection: close
X-Cache-Remote: TCP_MISS from a23-218-219-11.deploy.akamaitechnologies.com (AkamaiGHost/11.8.0-2d0f2d516c5d43e1487924a77ec5924a) (-)
x-tt-trace-tag: id=16;cdn-cache=miss;type=dyn
Server-Timing: cdn-cache; desc=MISS, edge; dur=85, origin; dur=33
Server-Timing: inner; dur=29
X-Parent-Response-Time: 115,23.77.196.94

{"code": 0, "message": "OK", "request_id": "20250126003509571C3864FB89D9B7F24A", "data": {}}
2025-01-26T00:35:09+00:00 DEBUG Tt4b_Pixel_Class::inject_view_content_event: hit ViewContent
2025-01-26T00:35:09+00:00 DEBUG POST: https://business-api.tiktok.com/open_api/v1.3/event/track/

{"partner_name":"WooCommerce","event_source":"web","event_source_id":"CSM79Q3C77UAG1T340I0","data":[{"event":"ViewContent","event_id":"6795833de94e1_tt4b_woocommerce_670666209cf1f_4228","event_time":1737851709,"user":{"ip":"66.249.66.18","user_agent":"Mozilla\/5.0 (Linux; Android 6.0.1; Nexus 5X Build\/MMB29P) AppleWebKit\/537.36 (KHTML, like Gecko) Chrome\/132.0.6834.83 Mobile Safari\/537.36 (compatible; Googlebot\/2.1; +http:\/\/www.google.com\/bot.html)","locale":"ar","external_id":"0","email":"e3b0c44298fc1c149afbf4c8996fb92427ae41e4649b934ca495991b7852b855","phone_number":"e3b0c44298fc1c149afbf4c8996fb92427ae41e4649b934ca495991b7852b855","first_name":"e3b0c44298fc1c149afbf4c8996fb92427ae41e4649b934ca495991b7852b855","last_name":"e3b0c44298fc1c149afbf4c8996fb92427ae41e4649b934ca495991b7852b855","zip_code":"e3b0c44298fc1c149afbf4c8996fb92427ae41e4649b934ca495991b7852b855"},"properties":{"contents":[{"price":499,"quantity":1,"content_id":"4228","content_name":"\u0627\u0633\u062a\u0627\u0646\u062f \u0634\u0627\u0634\u0647 \u062e\u0627\u0631\u062c\u064a \u0645\u0639 \u0627\u0636\u0627\u0621\u0629","description":"\u0637\u0628\u0627\u0639\u0629 \u0627\u0633\u062a\u0627\u0646\u062f \u062e\u0627\u0631\u062c\u064a \u0645\u0639 \u0625\u0636\u0627\u0621\u0629 \u0645\u0646 \u0645\u062a\u062c\u0631 \u0645\u0643\u062a\u0628\u0629 \u0627\u0628\u0646 \u0633\u064a\u0646\u0627 \u0627\u0644\u0625\u0644\u0643\u062a\u0631\u0648\u0646\u064a\u060c \u0645\u0635\u0645\u0645 \u0644\u0625\u0636\u0627\u0641\u0629 \u0644\u0645\u0633\u0629 \u0645\u0646 \u0627\u0644\u0623\u0646\u0627\u0642\u0629 \u0648\u0627\u0644\u0627\u062d\u062a\u0631\u0627\u0641\u064a\u0629 \u0644\u0639\u0631\u0636 \u0645\u0646\u062a\u062c\u0627\u062a\u0643 \u0623\u0648 \u0645\u0648\u0627\u062f\u0643 \u0627\u0644\u0625\u0639\u0644\u0627\u0646\u064a\u0629. \u064a\u062a\u0645\u064a\u0632 \u0647\u0630\u0627 \u0627\u0644\u0627\u0633\u062a\u0627\u0646\u062f \u0628\u062c\u0648\u062f\u0629 \u0639\u0627\u0644\u064a\u0629 \u0648\u062a\u0635\u0645\u064a\u0645 \u0645\u0646\u062d\u0646\u064a \u064a\u0644\u0641\u062a \u0627\u0644\u0623\u0646\u0638\u0627\u0631 \u0648\u064a\u0639\u0632\u0632 \u0645\u0646 \u062c\u0627\u0630\u0628\u064a\u0629 \u0627\u0644\u0639\u0631\u0636.","availability":"IN_STOCK","sale_price":499,"on_sale":false}],"content_type":"product","currency":"SAR","value":499,"event_trigger_source":"WooCommerce"},"page":{"url":"http:\/\/mail.ibn-sinaa.com\/product\/stand-screen\/"}}]}
 ajax: no
2025-01-26T00:35:10+00:00 DEBUG Tt4b_Mapi_Class::mapi_post: Response: 

HTTP/1.1 200 OK
Server: nginx
Content-Type: application/json
Content-Length: 92
X-Tt-Logid: 202501260035108B1DCCB61EE421AAB618
Server-Timing: inner; dur=41
x-tt-trace-host: 010f944bc43be00f209e30a38bc3490442d13bbf9d2c86c006e6fe6e7ba6cbdb2af1ebad2c2bc99cdc635b9e652c541757d7d55af03d65e8b146c05b533e4517229adea5c88b186a3b139d8e51e0c29b4d255763a86660f53c1cb08605aef8d264
x-tt-trace-id: 00-2501260035108B1DCCB61EE421AAB618-5DBDB3CF75C72F79-00
Expires: Sun, 26 Jan 2025 00:35:10 GMT
Cache-Control: max-age=0, no-cache, no-store
Pragma: no-cache
Date: Sun, 26 Jan 2025 00:35:10 GMT
X-Cache: TCP_MISS from a23-77-196-76.deploy.akamaitechnologies.com (AkamaiGHost/11.8.0-1debf780f7d7c834933fa9689361eec6) (-)
Connection: close
x-tt-trace-tag: id=16;cdn-cache=miss;type=dyn
Server-Timing: cdn-cache; desc=MISS, edge; dur=4, origin; dur=131
X-Origin-Response-Time: 131,23.77.196.76
X-Akamai-Request-ID: 5054a285

{"code": 0, "message": "OK", "request_id": "202501260035108B1DCCB61EE421AAB618", "data": {}}
2025-01-26T00:36:22+00:00 DEBUG POST: https://business-api.tiktok.com/open_api/v1.3/event/track/

{"partner_name":"WooCommerce","event_source":"web","event_source_id":"CSM79Q3C77UAG1T340I0","data":[{"event":"Pageview","event_id":"67958386dacda_tt4b_woocommerce_670666209cf1f","event_time":1737851782,"user":{"ip":"52.167.144.231","user_agent":"Mozilla\/5.0 AppleWebKit\/537.36 (KHTML, like Gecko; compatible; bingbot\/2.0; +http:\/\/www.bing.com\/bingbot.htm) Chrome\/116.0.1938.76 Safari\/537.36","locale":"ar","external_id":"0","email":"e3b0c44298fc1c149afbf4c8996fb92427ae41e4649b934ca495991b7852b855","phone_number":"e3b0c44298fc1c149afbf4c8996fb92427ae41e4649b934ca495991b7852b855","first_name":"e3b0c44298fc1c149afbf4c8996fb92427ae41e4649b934ca495991b7852b855","last_name":"e3b0c44298fc1c149afbf4c8996fb92427ae41e4649b934ca495991b7852b855","zip_code":"e3b0c44298fc1c149afbf4c8996fb92427ae41e4649b934ca495991b7852b855"},"page":{"url":"http:\/\/ibn-sinaa.com\/product\/school-records-physical-education\/"}}]}
 ajax: no
2025-01-26T00:36:23+00:00 DEBUG Tt4b_Mapi_Class::mapi_post: Response: 

HTTP/1.1 200 OK
Server: nginx
Content-Type: application/json
Content-Length: 92
X-Tt-Logid: 20250126003622F76DAC8478DB7C5A7F8E
x-tt-trace-host: 010f944bc43be00f209e30a38bc3490442e986d75a4a945d3d7df5ec7fb8a18033aeb62c29a49abe03715c8d7ef1881197f7e8a6cbf5d3223330d648b90ecf21adb8762c7982aff6a4883b8039dcb3d070f86f2c7dfcdf4cad34e345b3903548e4a1a75797f1ef9ffe95047fb98e4c0053
x-tt-trace-id: 00-250126003622F76DAC8478DB7C5A7F8E-0A24E9FF407929FE-00
X-Origin-Response-Time: 30,23.218.219.18
X-Akamai-Request-ID: 16108f7b.50564890
Expires: Sun, 26 Jan 2025 00:36:23 GMT
Cache-Control: max-age=0, no-cache, no-store
Pragma: no-cache
Date: Sun, 26 Jan 2025 00:36:23 GMT
X-Cache: TCP_MISS from a23-77-196-76.deploy.akamaitechnologies.com (AkamaiGHost/11.8.0-1debf780f7d7c834933fa9689361eec6) (-)
Connection: close
X-Cache-Remote: TCP_MISS from a23-218-219-18.deploy.akamaitechnologies.com (AkamaiGHost/11.8.1-545a545a07b22376d11b3e238f123a02) (-)
x-tt-trace-tag: id=16;cdn-cache=miss;type=dyn
Server-Timing: cdn-cache; desc=MISS, edge; dur=84, origin; dur=29
Server-Timing: inner; dur=26
X-Parent-Response-Time: 111,23.77.196.76

{"code": 0, "message": "OK", "request_id": "20250126003622F76DAC8478DB7C5A7F8E", "data": {}}
2025-01-26T00:36:23+00:00 DEBUG Tt4b_Pixel_Class::inject_view_content_event: hit ViewContent
2025-01-26T00:36:23+00:00 DEBUG POST: https://business-api.tiktok.com/open_api/v1.3/event/track/

{"partner_name":"WooCommerce","event_source":"web","event_source_id":"CSM79Q3C77UAG1T340I0","data":[{"event":"ViewContent","event_id":"67958387207a7_tt4b_woocommerce_670666209cf1f_4097","event_time":1737851783,"user":{"ip":"52.167.144.231","user_agent":"Mozilla\/5.0 AppleWebKit\/537.36 (KHTML, like Gecko; compatible; bingbot\/2.0; +http:\/\/www.bing.com\/bingbot.htm) Chrome\/116.0.1938.76 Safari\/537.36","locale":"ar","external_id":"0","email":"e3b0c44298fc1c149afbf4c8996fb92427ae41e4649b934ca495991b7852b855","phone_number":"e3b0c44298fc1c149afbf4c8996fb92427ae41e4649b934ca495991b7852b855","first_name":"e3b0c44298fc1c149afbf4c8996fb92427ae41e4649b934ca495991b7852b855","last_name":"e3b0c44298fc1c149afbf4c8996fb92427ae41e4649b934ca495991b7852b855","zip_code":"e3b0c44298fc1c149afbf4c8996fb92427ae41e4649b934ca495991b7852b855"},"properties":{"contents":[{"price":65,"quantity":1,"content_id":"4097","content_name":"\u0633\u062c\u0644\u0627\u062a \u0645\u0627\u062f\u0629 \u0627\u0644\u062a\u0631\u0628\u064a\u0629 \u0627\u0644\u0628\u062f\u0646\u064a\u0629","description":". \u0637\u0628\u0627\u0639\u0647 \u0633\u062c\u0644\u0627\u062a \u0645\u062f\u0631\u0633\u064a\u0629 \u0627\u062d\u062a\u0631\u0627\u0641\u064a\u0629 \u062e\u0627\u0645\u062a\u0647\u0627 \u0643\u0631\u062a\u0648\u0646 2000 \u062c\u0631\u0627\u0645,\u062a\u0636\u0627\u0641 \u0637\u0628\u0642\u0629 \u062d\u0645\u0627\u064a\u0647 \u0627\u0633\u062a\u064a\u0643\u0631 \u0645\u0639 \u0633\u0644\u0648\u0641\u0627\u0646 \u0644\u0627\u0645\u0639.\r\n. \u0645\u062a\u0648\u0641\u0631 \u0628 \u0627\u062d\u062c\u0627\u0645 \u0645\u062e\u062a\u0644\u0641\u0647 ( \u0635\u063a\u064a\u0631, \u0648\u0633\u0637 , \u0643\u0628\u064a\u0631 ).\r\n. \u064a\u062a\u0633\u0639 \u0627\u0644\u0645\u0642\u0627\u0633 \u0627\u0644\u0635\u063a\u064a\u0631 ( \u0645\u0646 50 \u0627\u0644\u0649 150 \u0648\u0631\u0642\u0629 )\r\n. \u064a\u062a\u0633\u0639 \u0627\u0644\u0648\u0633\u0637 ( \u0645\u0646 150 \u0627\u0644\u0649 300 \u0648\u0631\u0642\u0629 )\r\n. \u0627\u0644\u0643\u0628\u064a\u0631 ( \u0645\u0646 300 \u0627\u0644\u0649 400 \u0648\u0631\u0642\u0629 ).\r\n. \u0645\u062f\u0629 \u0627\u0644\u062a\u0646\u0641\u064a\u0630 : 3-5 \u0627\u064a\u0627\u0645 \u0648\u062a\u0632\u064a\u062f \u0627\u0644\u0645\u062f\u0629 \u0639\u0646 \u0637\u0644\u0628 \u0627\u0644\u0634\u062d\u0646.","availability":"IN_STOCK","sale_price":65,"on_sale":false}],"content_type":"product","currency":"SAR","value":65,"event_trigger_source":"WooCommerce"},"page":{"url":"http:\/\/ibn-sinaa.com\/product\/school-records-physical-education\/"}}]}
 ajax: no
2025-01-26T00:36:23+00:00 DEBUG Tt4b_Mapi_Class::mapi_post: Response: 

HTTP/1.1 200 OK
Server: nginx
Content-Type: application/json
Content-Length: 92
X-Tt-Logid: 20250126003623F2886369B37CD0A896CF
Server-Timing: inner; dur=27
x-tt-trace-host: 010f944bc43be00f209e30a38bc3490442ab1f7701c43117d48e838c6cea397d5b809209ad726a7562ab0611bcd95ba59fbb8f2fab534f973293ac0d38ca8d184956648e7056efadfe0fcb2a289c057fdf199e2aeff936331449085af5b77ae237
x-tt-trace-id: 00-250126003623F2886369B37CD0A896CF-041ABBD96E7954EA-00
Expires: Sun, 26 Jan 2025 00:36:23 GMT
Cache-Control: max-age=0, no-cache, no-store
Pragma: no-cache
Date: Sun, 26 Jan 2025 00:36:23 GMT
X-Cache: TCP_MISS from a23-77-196-94.deploy.akamaitechnologies.com (AkamaiGHost/11.8.1-2c00874bde3a1f428b1fbbe8783f6d16) (-)
Connection: close
x-tt-trace-tag: id=16;cdn-cache=miss;type=dyn
Server-Timing: cdn-cache; desc=MISS, edge; dur=4, origin; dur=113
X-Origin-Response-Time: 113,23.77.196.94
X-Akamai-Request-ID: 413d7d9

{"code": 0, "message": "OK", "request_id": "20250126003623F2886369B37CD0A896CF", "data": {}}
2025-01-26T00:38:32+00:00 DEBUG POST: https://business-api.tiktok.com/open_api/v1.3/event/track/

{"partner_name":"WooCommerce","event_source":"web","event_source_id":"CSM79Q3C77UAG1T340I0","data":[{"event":"Pageview","event_id":"67958407f3d1e_tt4b_woocommerce_670666209cf1f","event_time":1737851911,"user":{"ip":"40.77.167.37","user_agent":"Mozilla\/5.0 AppleWebKit\/537.36 (KHTML, like Gecko; compatible; bingbot\/2.0; +http:\/\/www.bing.com\/bingbot.htm) Chrome\/116.0.1938.76 Safari\/537.36","locale":"ar","external_id":"0","email":"e3b0c44298fc1c149afbf4c8996fb92427ae41e4649b934ca495991b7852b855","phone_number":"e3b0c44298fc1c149afbf4c8996fb92427ae41e4649b934ca495991b7852b855","first_name":"e3b0c44298fc1c149afbf4c8996fb92427ae41e4649b934ca495991b7852b855","last_name":"e3b0c44298fc1c149afbf4c8996fb92427ae41e4649b934ca495991b7852b855","zip_code":"e3b0c44298fc1c149afbf4c8996fb92427ae41e4649b934ca495991b7852b855"},"page":{"url":"http:\/\/mail.ibn-sinaa.com\/product\/acrylic-braces\/"}}]}
 ajax: no
2025-01-26T00:38:32+00:00 DEBUG Tt4b_Mapi_Class::mapi_post: Response: 

HTTP/1.1 200 OK
Server: nginx
Content-Type: application/json
Content-Length: 92
X-Tt-Logid: 20250126003832ABE9E2B967ABCE5D5A50
Server-Timing: inner; dur=21
x-tt-trace-host: 010f944bc43be00f209e30a38bc3490442d13bbf9d2c86c006e6fe6e7ba6cbdb2a30a413b762fefaa6eabdeed2a74deef0d003a7ab642f9ec342db9a0958918087012bef8fb344335312c86d7bbe30055d896e80209d8d98bae14ae11c4e7ffa7e
x-tt-trace-id: 00-250126003832ABE9E2B967ABCE5D5A50-32DFC0AF2AB3C529-00
Expires: Sun, 26 Jan 2025 00:38:32 GMT
Cache-Control: max-age=0, no-cache, no-store
Pragma: no-cache
Date: Sun, 26 Jan 2025 00:38:32 GMT
X-Cache: TCP_MISS from a23-77-196-76.deploy.akamaitechnologies.com (AkamaiGHost/11.8.0-1debf780f7d7c834933fa9689361eec6) (-)
Connection: close
x-tt-trace-tag: id=16;cdn-cache=miss;type=dyn
Server-Timing: cdn-cache; desc=MISS, edge; dur=2, origin; dur=110
X-Origin-Response-Time: 110,23.77.196.76
X-Akamai-Request-ID: 5058e1d4

{"code": 0, "message": "OK", "request_id": "20250126003832ABE9E2B967ABCE5D5A50", "data": {}}
2025-01-26T00:38:32+00:00 DEBUG Tt4b_Pixel_Class::inject_view_content_event: hit ViewContent
2025-01-26T00:38:32+00:00 DEBUG POST: https://business-api.tiktok.com/open_api/v1.3/event/track/

{"partner_name":"WooCommerce","event_source":"web","event_source_id":"CSM79Q3C77UAG1T340I0","data":[{"event":"ViewContent","event_id":"6795840840369_tt4b_woocommerce_670666209cf1f_4424","event_time":1737851912,"user":{"ip":"40.77.167.37","user_agent":"Mozilla\/5.0 AppleWebKit\/537.36 (KHTML, like Gecko; compatible; bingbot\/2.0; +http:\/\/www.bing.com\/bingbot.htm) Chrome\/116.0.1938.76 Safari\/537.36","locale":"ar","external_id":"0","email":"e3b0c44298fc1c149afbf4c8996fb92427ae41e4649b934ca495991b7852b855","phone_number":"e3b0c44298fc1c149afbf4c8996fb92427ae41e4649b934ca495991b7852b855","first_name":"e3b0c44298fc1c149afbf4c8996fb92427ae41e4649b934ca495991b7852b855","last_name":"e3b0c44298fc1c149afbf4c8996fb92427ae41e4649b934ca495991b7852b855","zip_code":"e3b0c44298fc1c149afbf4c8996fb92427ae41e4649b934ca495991b7852b855"},"properties":{"contents":[{"price":180,"quantity":1,"content_id":"4424","content_name":"\u062a\u0642\u0648\u064a\u0645 \u0627\u0643\u0631\u064a\u0644\u064a\u0643 \u0645\u0639 \u0632\u0648\u0627\u064a\u0627","description":"\u062a\u0642\u0648\u064a\u0645 \u0623\u0643\u0631\u064a\u0644\u064a\u0643 \u0645\u0639 \u0632\u0648\u0627\u064a\u0627: \u062a\u0635\u0645\u064a\u0645 \u0639\u0635\u0631\u064a \u0648\u0623\u0646\u064a\u0642\u060c \u0645\u0635\u0646\u0648\u0639 \u0645\u0646 \u0627\u0644\u0623\u0643\u0631\u064a\u0644\u064a\u0643 \u0627\u0644\u0645\u062a\u064a\u0646 \u0628\u0648\u0636\u0648\u062d \u0627\u0633\u062a\u062b\u0646\u0627\u0626\u064a \u0644\u0644\u0643\u062a\u0627\u0628\u0629 \u0648\u0627\u0644\u0631\u0624\u064a\u0629\u060c \u064a\u0636\u064a\u0641 \u0644\u0645\u0633\u0629 \u0645\u0646 \u0627\u0644\u0641\u062e\u0627\u0645\u0629 \u0648\u0627\u0644\u062a\u0646\u0638\u064a\u0645 \u0644\u0645\u0643\u062a\u0628\u0643. \u0645\u062b\u0627\u0644\u064a \u0644\u062a\u0646\u0638\u064a\u0645 \u0627\u0644\u0645\u0648\u0627\u0639\u064a\u062f \u0648\u0627\u0644\u0627\u062c\u062a\u0645\u0627\u0639\u0627\u062a\u060c \u0648\u064a\u0636\u0641\u064a \u062c\u0627\u0630\u0628\u064a\u0629 \u0639\u0644\u0649 \u0645\u0633\u0627\u062d\u0629 \u0627\u0644\u0639\u0645\u0644 \u0627\u0644\u062e\u0627\u0635\u0629 \u0628\u0643.","availability":"IN_STOCK","sale_price":180,"on_sale":false}],"content_type":"product","currency":"SAR","value":180,"event_trigger_source":"WooCommerce"},"page":{"url":"http:\/\/mail.ibn-sinaa.com\/product\/acrylic-braces\/"}}]}
 ajax: no
2025-01-26T00:38:32+00:00 DEBUG Tt4b_Mapi_Class::mapi_post: Response: 

HTTP/1.1 200 OK
Server: nginx
Content-Type: application/json
Content-Length: 92
X-Tt-Logid: 20250126003832657B464D0D834DBBB123
x-tt-trace-host: 010f944bc43be00f209e30a38bc3490442eaa3404e11bcf4b9ac1c333e5763d40986818bdbe3d93990868fefd2344554094016085160051138d9702b78294d634c7c2214d5dcc283bcd40c701bd633d901add669ad2a80a1aca85628cda2babe70cbf59b11543a1809e0d04419fa456b65
x-tt-trace-id: 00-250126003832657B464D0D834DBBB123-2FC5835235C6CD95-00
X-Origin-Response-Time: 41,23.218.219.4
X-Akamai-Request-ID: 1554863a.41836dc
Expires: Sun, 26 Jan 2025 00:38:32 GMT
Cache-Control: max-age=0, no-cache, no-store
Pragma: no-cache
Date: Sun, 26 Jan 2025 00:38:32 GMT
X-Cache: TCP_MISS from a23-77-196-94.deploy.akamaitechnologies.com (AkamaiGHost/11.8.1-2c00874bde3a1f428b1fbbe8783f6d16) (-)
Connection: close
X-Cache-Remote: TCP_MISS from a23-218-219-4.deploy.akamaitechnologies.com (AkamaiGHost/11.8.0-1debf780f7d7c834933fa9689361eec6) (-)
x-tt-trace-tag: id=16;cdn-cache=miss;type=dyn
Server-Timing: cdn-cache; desc=MISS, edge; dur=88, origin; dur=41
Server-Timing: inner; dur=31
X-Parent-Response-Time: 125,23.77.196.94

{"code": 0, "message": "OK", "request_id": "20250126003832657B464D0D834DBBB123", "data": {}}
2025-01-26T00:41:43+00:00 DEBUG POST: https://business-api.tiktok.com/open_api/v1.3/event/track/

{"partner_name":"WooCommerce","event_source":"web","event_source_id":"CSM79Q3C77UAG1T340I0","data":[{"event":"Pageview","event_id":"679584c70e0bf_tt4b_woocommerce_670666209cf1f","event_time":1737852103,"user":{"ip":"40.77.167.37","user_agent":"Mozilla\/5.0 AppleWebKit\/537.36 (KHTML, like Gecko; compatible; bingbot\/2.0; +http:\/\/www.bing.com\/bingbot.htm) Chrome\/116.0.1938.76 Safari\/537.36","locale":"ar","external_id":"0","email":"e3b0c44298fc1c149afbf4c8996fb92427ae41e4649b934ca495991b7852b855","phone_number":"e3b0c44298fc1c149afbf4c8996fb92427ae41e4649b934ca495991b7852b855","first_name":"e3b0c44298fc1c149afbf4c8996fb92427ae41e4649b934ca495991b7852b855","last_name":"e3b0c44298fc1c149afbf4c8996fb92427ae41e4649b934ca495991b7852b855","zip_code":"e3b0c44298fc1c149afbf4c8996fb92427ae41e4649b934ca495991b7852b855"},"page":{"url":"http:\/\/mail.ibn-sinaa.com\/product\/computer-subject-records\/"}}]}
 ajax: no
2025-01-26T00:41:43+00:00 DEBUG Tt4b_Mapi_Class::mapi_post: Response: 

HTTP/1.1 200 OK
Server: nginx
Content-Type: application/json
Content-Length: 92
X-Tt-Logid: 202501260041433A2D05936B7E51CE05ED
Server-Timing: inner; dur=26
x-tt-trace-host: 010f944bc43be00f209e30a38bc3490442ab1f7701c43117d48e838c6cea397d5b416491cadcfe76c5b0ca44788f00f390af3f9893a05f4155f3fee726af14c8c884a8e8cee406969eb87ced88f912499d9318437e74fad590d59081b50907139a
x-tt-trace-id: 00-2501260041433A2D05936B7E51CE05ED-5221A088A40CD285-00
Expires: Sun, 26 Jan 2025 00:41:43 GMT
Cache-Control: max-age=0, no-cache, no-store
Pragma: no-cache
Date: Sun, 26 Jan 2025 00:41:43 GMT
X-Cache: TCP_MISS from a23-77-196-94.deploy.akamaitechnologies.com (AkamaiGHost/11.8.1-2c00874bde3a1f428b1fbbe8783f6d16) (-)
Connection: close
x-tt-trace-tag: id=16;cdn-cache=miss;type=dyn
Server-Timing: cdn-cache; desc=MISS, edge; dur=2, origin; dur=110
X-Origin-Response-Time: 110,23.77.196.94
X-Akamai-Request-ID: 41e2253

{"code": 0, "message": "OK", "request_id": "202501260041433A2D05936B7E51CE05ED", "data": {}}
2025-01-26T00:41:43+00:00 DEBUG Tt4b_Pixel_Class::inject_view_content_event: hit ViewContent
2025-01-26T00:41:43+00:00 DEBUG POST: https://business-api.tiktok.com/open_api/v1.3/event/track/

{"partner_name":"WooCommerce","event_source":"web","event_source_id":"CSM79Q3C77UAG1T340I0","data":[{"event":"ViewContent","event_id":"679584c74944a_tt4b_woocommerce_670666209cf1f_4179","event_time":1737852103,"user":{"ip":"40.77.167.37","user_agent":"Mozilla\/5.0 AppleWebKit\/537.36 (KHTML, like Gecko; compatible; bingbot\/2.0; +http:\/\/www.bing.com\/bingbot.htm) Chrome\/116.0.1938.76 Safari\/537.36","locale":"ar","external_id":"0","email":"e3b0c44298fc1c149afbf4c8996fb92427ae41e4649b934ca495991b7852b855","phone_number":"e3b0c44298fc1c149afbf4c8996fb92427ae41e4649b934ca495991b7852b855","first_name":"e3b0c44298fc1c149afbf4c8996fb92427ae41e4649b934ca495991b7852b855","last_name":"e3b0c44298fc1c149afbf4c8996fb92427ae41e4649b934ca495991b7852b855","zip_code":"e3b0c44298fc1c149afbf4c8996fb92427ae41e4649b934ca495991b7852b855"},"properties":{"contents":[{"price":65,"quantity":1,"content_id":"4179","content_name":"\u0633\u062c\u0644\u0627\u062a \u0645\u0627\u062f\u0629 \u0627\u0644\u062d\u0627\u0633\u0628 \u0627\u0644\u0627\u0644\u064a","description":". \u0637\u0628\u0627\u0639\u0647 \u0633\u062c\u0644\u0627\u062a \u0645\u062f\u0631\u0633\u064a\u0629 \u0627\u062d\u062a\u0631\u0627\u0641\u064a\u0629 \u062e\u0627\u0645\u062a\u0647\u0627 \u0643\u0631\u062a\u0648\u0646 2000 \u062c\u0631\u0627\u0645,\u062a\u0636\u0627\u0641 \u0637\u0628\u0642\u0629 \u062d\u0645\u0627\u064a\u0647 \u0627\u0633\u062a\u064a\u0643\u0631 \u0645\u0639 \u0633\u0644\u0648\u0641\u0627\u0646 \u0644\u0627\u0645\u0639.\r\n. \u0645\u062a\u0648\u0641\u0631 \u0628 \u0627\u062d\u062c\u0627\u0645 \u0645\u062e\u062a\u0644\u0641\u0647 ( \u0635\u063a\u064a\u0631, \u0648\u0633\u0637 , \u0643\u0628\u064a\u0631 ).\r\n. \u064a\u062a\u0633\u0639 \u0627\u0644\u0645\u0642\u0627\u0633 \u0627\u0644\u0635\u063a\u064a\u0631 ( \u0645\u0646 50 \u0627\u0644\u0649 150 \u0648\u0631\u0642\u0629 )\r\n. \u064a\u062a\u0633\u0639 \u0627\u0644\u0648\u0633\u0637 ( \u0645\u0646 150 \u0627\u0644\u0649 300 \u0648\u0631\u0642\u0629 )\r\n. \u0627\u0644\u0643\u0628\u064a\u0631 ( \u0645\u0646 300 \u0627\u0644\u0649 400 \u0648\u0631\u0642\u0629 ).\r\n. \u0645\u062f\u0629 \u0627\u0644\u062a\u0646\u0641\u064a\u0630 : 3-5 \u0627\u064a\u0627\u0645 \u0648\u062a\u0632\u064a\u062f \u0627\u0644\u0645\u062f\u0629 \u0639\u0646 \u0637\u0644\u0628 \u0627\u0644\u0634\u062d\u0646.","availability":"IN_STOCK","sale_price":65,"on_sale":false}],"content_type":"product","currency":"SAR","value":65,"event_trigger_source":"WooCommerce"},"page":{"url":"http:\/\/mail.ibn-sinaa.com\/product\/computer-subject-records\/"}}]}
 ajax: no
2025-01-26T00:41:43+00:00 DEBUG Tt4b_Mapi_Class::mapi_post: Response: 

HTTP/1.1 200 OK
Server: nginx
Content-Type: application/json
Content-Length: 92
X-Tt-Logid: 20250126004143FD8AEFEC0ED4417C322B
Server-Timing: inner; dur=39
x-tt-trace-host: 010f944bc43be00f209e30a38bc3490442d13bbf9d2c86c006e6fe6e7ba6cbdb2ada01872205cbd326850200412479ac455c4d337c89764e0c775594dd54d6756463fb36429c636eeb919e54d858054ce11ed85f5025a7dc08fa8910af1a2c1b39
x-tt-trace-id: 00-250126004143FD8AEFEC0ED4417C322B-60CA7D6C190EE890-00
Expires: Sun, 26 Jan 2025 00:41:43 GMT
Cache-Control: max-age=0, no-cache, no-store
Pragma: no-cache
Date: Sun, 26 Jan 2025 00:41:43 GMT
X-Cache: TCP_MISS from a23-77-196-76.deploy.akamaitechnologies.com (AkamaiGHost/11.8.0-1debf780f7d7c834933fa9689361eec6) (-)
Connection: close
x-tt-trace-tag: id=16;cdn-cache=miss;type=dyn
Server-Timing: cdn-cache; desc=MISS, edge; dur=4, origin; dur=125
X-Origin-Response-Time: 125,23.77.196.76
X-Akamai-Request-ID: 505c0e1a

{"code": 0, "message": "OK", "request_id": "20250126004143FD8AEFEC0ED4417C322B", "data": {}}
2025-01-26T00:43:14+00:00 DEBUG POST: https://business-api.tiktok.com/open_api/v1.3/event/track/

{"partner_name":"WooCommerce","event_source":"web","event_source_id":"CSM79Q3C77UAG1T340I0","data":[{"event":"Pageview","event_id":"679585220b7e4_tt4b_woocommerce_670666209cf1f","event_time":1737852194,"user":{"ip":"66.249.66.72","user_agent":"Mozilla\/5.0 (Linux; Android 6.0.1; Nexus 5X Build\/MMB29P) AppleWebKit\/537.36 (KHTML, like Gecko) Chrome\/132.0.6834.83 Mobile Safari\/537.36 (compatible; Googlebot\/2.1; +http:\/\/www.google.com\/bot.html)","locale":"ar","external_id":"0","email":"e3b0c44298fc1c149afbf4c8996fb92427ae41e4649b934ca495991b7852b855","phone_number":"e3b0c44298fc1c149afbf4c8996fb92427ae41e4649b934ca495991b7852b855","first_name":"e3b0c44298fc1c149afbf4c8996fb92427ae41e4649b934ca495991b7852b855","last_name":"e3b0c44298fc1c149afbf4c8996fb92427ae41e4649b934ca495991b7852b855","zip_code":"e3b0c44298fc1c149afbf4c8996fb92427ae41e4649b934ca495991b7852b855"},"page":{"url":"http:\/\/ibn-sinaa.com\/product\/arched-advertising-table\/"}}]}
 ajax: no
2025-01-26T00:43:14+00:00 DEBUG Tt4b_Mapi_Class::mapi_post: Response: 

HTTP/1.1 200 OK
Server: nginx
Content-Type: application/json
Content-Length: 92
X-Tt-Logid: 202501260043140A0FF21C8B85AD7E133F
x-tt-trace-host: 010f944bc43be00f209e30a38bc3490442e986d75a4a945d3d7df5ec7fb8a18033e715f7dd8a0c4ac5da0e271838537fa2fd92d353402471edd404b223d57de1bd864f1e9d893e3e0a3ad39d21009d4784543f7e7dbb627325c6badb1321e351e38fbba5e6e07c89177411dc4282344ac0
x-tt-trace-id: 00-2501260043140A0FF21C8B85AD7E133F-0A24E9FF0EC57C3D-00
X-Origin-Response-Time: 55,23.32.17.11
X-Akamai-Request-ID: ee6f15e.505d8131
Expires: Sun, 26 Jan 2025 00:43:14 GMT
Cache-Control: max-age=0, no-cache, no-store
Pragma: no-cache
Date: Sun, 26 Jan 2025 00:43:14 GMT
X-Cache: TCP_MISS from a23-77-196-76.deploy.akamaitechnologies.com (AkamaiGHost/11.8.0-1debf780f7d7c834933fa9689361eec6) (-)
Connection: close
X-Cache-Remote: TCP_MISS from a23-32-17-11.deploy.akamaitechnologies.com (AkamaiGHost/11.8.0-1debf780f7d7c834933fa9689361eec6) (-)
x-tt-trace-tag: id=16;cdn-cache=miss;type=dyn
Server-Timing: cdn-cache; desc=MISS, edge; dur=100, origin; dur=54
Server-Timing: inner; dur=27
X-Parent-Response-Time: 151,23.77.196.76

{"code": 0, "message": "OK", "request_id": "202501260043140A0FF21C8B85AD7E133F", "data": {}}
2025-01-26T00:43:14+00:00 DEBUG Tt4b_Pixel_Class::inject_view_content_event: hit ViewContent
2025-01-26T00:43:14+00:00 DEBUG POST: https://business-api.tiktok.com/open_api/v1.3/event/track/

{"partner_name":"WooCommerce","event_source":"web","event_source_id":"CSM79Q3C77UAG1T340I0","data":[{"event":"ViewContent","event_id":"6795852252812_tt4b_woocommerce_670666209cf1f_4330","event_time":1737852194,"user":{"ip":"66.249.66.72","user_agent":"Mozilla\/5.0 (Linux; Android 6.0.1; Nexus 5X Build\/MMB29P) AppleWebKit\/537.36 (KHTML, like Gecko) Chrome\/132.0.6834.83 Mobile Safari\/537.36 (compatible; Googlebot\/2.1; +http:\/\/www.google.com\/bot.html)","locale":"ar","external_id":"0","email":"e3b0c44298fc1c149afbf4c8996fb92427ae41e4649b934ca495991b7852b855","phone_number":"e3b0c44298fc1c149afbf4c8996fb92427ae41e4649b934ca495991b7852b855","first_name":"e3b0c44298fc1c149afbf4c8996fb92427ae41e4649b934ca495991b7852b855","last_name":"e3b0c44298fc1c149afbf4c8996fb92427ae41e4649b934ca495991b7852b855","zip_code":"e3b0c44298fc1c149afbf4c8996fb92427ae41e4649b934ca495991b7852b855"},"properties":{"contents":[{"price":900,"quantity":1,"content_id":"4330","content_name":"\u0637\u0627\u0648\u0644\u0629 \u062f\u0639\u0627\u0626\u064a\u0629 \u0645\u0642\u0648\u0633\u0629","description":"\u0637\u0627\u0648\u0644\u0629 \u062f\u0639\u0627\u0626\u064a\u0629 \u0645\u0642\u0648\u0633\u0629 : \u0645\u062b\u0627\u0644\u064a\u0629 \u0644\u0639\u0631\u0636 \u0627\u0644\u0645\u0646\u062a\u062c\u0627\u062a \u0648\u0627\u0644\u062e\u062f\u0645\u0627\u062a \u0628\u062c\u0648\u062f\u0629 \u0639\u0627\u0644\u064a\u0629 \u0648\u062a\u0635\u0645\u064a\u0645 \u062c\u0630\u0627\u0628. \u0645\u062b\u0627\u0644\u064a\u0629 \u0644\u0644\u0627\u0633\u062a\u062e\u062f\u0627\u0645 \u0641\u064a \u0627\u0644\u0645\u0639\u0627\u0631\u0636 \u0648\u0627\u0644\u0641\u0639\u0627\u0644\u064a\u0627\u062a \u0627\u0644\u062a\u0633\u0648\u064a\u0642\u064a\u0629\u060c \u062a\u062a\u0645\u064a\u0632 \u0628\u0645\u062a\u0627\u0646\u062a\u0647\u0627 \u0648\u0633\u0647\u0648\u0644\u0629 \u0646\u0642\u0644\u0647\u0627 \u0648\u062a\u0631\u0643\u064a\u0628\u0647\u0627. \u062a\u062c\u0639\u0644 \u0639\u0631\u0636 \u0645\u0646\u062a\u062c\u0627\u062a\u0643 \u0623\u0643\u062b\u0631 \u062c\u0627\u0630\u0628\u064a\u0629 \u0648\u062a\u0646\u0638\u064a\u0645\u064b\u0627.","availability":"IN_STOCK","sale_price":900,"on_sale":false}],"content_type":"product","currency":"SAR","value":900,"event_trigger_source":"WooCommerce"},"page":{"url":"http:\/\/ibn-sinaa.com\/product\/arched-advertising-table\/"}}]}
 ajax: no
2025-01-26T00:43:14+00:00 DEBUG Tt4b_Mapi_Class::mapi_post: Response: 

HTTP/1.1 200 OK
Server: nginx
Content-Type: application/json
Content-Length: 92
X-Tt-Logid: 2025012600431441F9C00BF5AB6837FB42
Server-Timing: inner; dur=26
x-tt-trace-host: 010f944bc43be00f209e30a38bc3490442ab1f7701c43117d48e838c6cea397d5bc930899b915c58aefce3cf931d116daed5f00e4e69e05d1d6e56f2ea05857d5080789d315908a76b56b2c7ba1eabf8a335f1a972d2cd072ee5081c350537b107
x-tt-trace-id: 00-25012600431441F9C00BF5AB6837FB42-76FB97C85A7DB909-00
Expires: Sun, 26 Jan 2025 00:43:14 GMT
Cache-Control: max-age=0, no-cache, no-store
Pragma: no-cache
Date: Sun, 26 Jan 2025 00:43:14 GMT
X-Cache: TCP_MISS from a23-77-196-94.deploy.akamaitechnologies.com (AkamaiGHost/11.8.1-2c00874bde3a1f428b1fbbe8783f6d16) (-)
Connection: close
x-tt-trace-tag: id=16;cdn-cache=miss;type=dyn
Server-Timing: cdn-cache; desc=MISS, edge; dur=4, origin; dur=111
X-Origin-Response-Time: 111,23.77.196.94
X-Akamai-Request-ID: 420dfa3

{"code": 0, "message": "OK", "request_id": "2025012600431441F9C00BF5AB6837FB42", "data": {}}
2025-01-26T00:44:50+00:00 DEBUG POST: https://business-api.tiktok.com/open_api/v1.3/event/track/

{"partner_name":"WooCommerce","event_source":"web","event_source_id":"CSM79Q3C77UAG1T340I0","data":[{"event":"Pageview","event_id":"67958582dbb60_tt4b_woocommerce_670666209cf1f","event_time":1737852290,"user":{"ip":"52.167.144.219","user_agent":"Mozilla\/5.0 AppleWebKit\/537.36 (KHTML, like Gecko; compatible; bingbot\/2.0; +http:\/\/www.bing.com\/bingbot.htm) Chrome\/116.0.1938.76 Safari\/537.36","locale":"ar","external_id":"0","email":"e3b0c44298fc1c149afbf4c8996fb92427ae41e4649b934ca495991b7852b855","phone_number":"e3b0c44298fc1c149afbf4c8996fb92427ae41e4649b934ca495991b7852b855","first_name":"e3b0c44298fc1c149afbf4c8996fb92427ae41e4649b934ca495991b7852b855","last_name":"e3b0c44298fc1c149afbf4c8996fb92427ae41e4649b934ca495991b7852b855","zip_code":"e3b0c44298fc1c149afbf4c8996fb92427ae41e4649b934ca495991b7852b855"},"page":{"url":"http:\/\/mail.ibn-sinaa.com\/product-tag\/%D9%85%D8%AA%D8%AC%D8%B1-%D8%B7%D8%A8%D8%A7%D8%B9%D8%A9\/"}}]}
 ajax: no
2025-01-26T00:44:51+00:00 DEBUG Tt4b_Mapi_Class::mapi_post: Response: 

HTTP/1.1 200 OK
Server: nginx
Content-Type: application/json
Content-Length: 92
X-Tt-Logid: 20250126004450D3C0DCECCC3C717BB6FA
x-tt-trace-host: 010f944bc43be00f209e30a38bc3490442e986d75a4a945d3d7df5ec7fb8a18033e474a59db7a1c524631e5c6c14fe01db9ca473100e508dff303db96053ba5ee8b848e5c8a938bc21fdd500927035d5a802d4f6d075a273926977583de42cc36446a4767d25121804e1a26d3e2d34efaa
x-tt-trace-id: 00-250126004450D3C0DCECCC3C717BB6FA-5742753D9D5804D1-00
X-Origin-Response-Time: 38,23.52.15.134
X-Akamai-Request-ID: ce10f4c5.505f40a9
Expires: Sun, 26 Jan 2025 00:44:51 GMT
Cache-Control: max-age=0, no-cache, no-store
Pragma: no-cache
Date: Sun, 26 Jan 2025 00:44:51 GMT
X-Cache: TCP_MISS from a23-77-196-76.deploy.akamaitechnologies.com (AkamaiGHost/11.8.0-1debf780f7d7c834933fa9689361eec6) (-)
Connection: close
X-Cache-Remote: TCP_MISS from a23-52-15-134.deploy.akamaitechnologies.com (AkamaiGHost/11.8.0-1debf780f7d7c834933fa9689361eec6) (-)
x-tt-trace-tag: id=16;cdn-cache=miss;type=dyn
Server-Timing: cdn-cache; desc=MISS, edge; dur=83, origin; dur=38
Server-Timing: inner; dur=34
X-Parent-Response-Time: 118,23.77.196.76

{"code": 0, "message": "OK", "request_id": "20250126004450D3C0DCECCC3C717BB6FA", "data": {}}
2025-01-26T00:45:12+00:00 DEBUG POST: https://business-api.tiktok.com/open_api/v1.3/event/track/

{"partner_name":"WooCommerce","event_source":"web","event_source_id":"CSM79Q3C77UAG1T340I0","data":[{"event":"Pageview","event_id":"679585981ba97_tt4b_woocommerce_670666209cf1f","event_time":1737852312,"user":{"ip":"54.36.148.15","user_agent":"Mozilla\/5.0 (compatible; AhrefsBot\/7.0; +http:\/\/ahrefs.com\/robot\/)","locale":"ar","external_id":"0","email":"e3b0c44298fc1c149afbf4c8996fb92427ae41e4649b934ca495991b7852b855","phone_number":"e3b0c44298fc1c149afbf4c8996fb92427ae41e4649b934ca495991b7852b855","first_name":"e3b0c44298fc1c149afbf4c8996fb92427ae41e4649b934ca495991b7852b855","last_name":"e3b0c44298fc1c149afbf4c8996fb92427ae41e4649b934ca495991b7852b855","zip_code":"e3b0c44298fc1c149afbf4c8996fb92427ae41e4649b934ca495991b7852b855"},"page":{"url":"http:\/\/www.ibn-sinaa.com\/product-tag\/%D8%B7%D8%A8%D8%A7%D8%B9%D8%A9-%D8%B9%D9%84%D9%89-%D9%81%D9%88%D8%B1%D9%83%D8%B3\/"}}]}
 ajax: no
2025-01-26T00:45:12+00:00 DEBUG Tt4b_Mapi_Class::mapi_post: Response: 

HTTP/1.1 200 OK
Server: nginx
Content-Type: application/json
Content-Length: 92
X-Tt-Logid: 20250126004512B562E6804D254951D914
x-tt-trace-host: 010f944bc43be00f209e30a38bc3490442eaa3404e11bcf4b9ac1c333e5763d409578a7fa487e0ce6860a601971f03a2418b289216cd54b863c3a72343c6a0d4918e589e3af839e5cba1a0dd5649cac53509e117cced49ece4aa9ee18025cf1e902fa7b95f7cd7c1d09bbd2f79fdf54243
x-tt-trace-id: 00-250126004512B562E6804D254951D914-26C9AF1124C8EEB3-00
X-Origin-Response-Time: 45,23.213.246.203
X-Akamai-Request-ID: db6d327d.4247b4b
Expires: Sun, 26 Jan 2025 00:45:12 GMT
Cache-Control: max-age=0, no-cache, no-store
Pragma: no-cache
Date: Sun, 26 Jan 2025 00:45:12 GMT
X-Cache: TCP_MISS from a23-77-196-94.deploy.akamaitechnologies.com (AkamaiGHost/11.8.1-2c00874bde3a1f428b1fbbe8783f6d16) (-)
Connection: close
X-Cache-Remote: TCP_MISS from a23-213-246-203.deploy.akamaitechnologies.com (AkamaiGHost/11.8.0-2d0f2d516c5d43e1487924a77ec5924a) (-)
x-tt-trace-tag: id=16;cdn-cache=miss;type=dyn
Server-Timing: cdn-cache; desc=MISS, edge; dur=82, origin; dur=45
Server-Timing: inner; dur=36
X-Parent-Response-Time: 125,23.77.196.94

{"code": 0, "message": "OK", "request_id": "20250126004512B562E6804D254951D914", "data": {}}
2025-01-26T00:56:44+00:00 DEBUG Tt4b_Pixel_Class::inject_add_to_cart_event: hit AddToCart
2025-01-26T00:56:44+00:00 DEBUG POST: https://business-api.tiktok.com/open_api/v1.3/event/track/

{"partner_name":"WooCommerce","event_source":"web","event_source_id":"CSM79Q3C77UAG1T340I0","data":[{"event":"AddToCart","event_id":"6795884ce4201_tt4b_woocommerce_670666209cf1f_4445","event_time":1737853004,"user":{"ip":"54.36.149.41","user_agent":"Mozilla\/5.0 (compatible; AhrefsBot\/7.0; +http:\/\/ahrefs.com\/robot\/)","locale":"ar","external_id":"0","email":"e3b0c44298fc1c149afbf4c8996fb92427ae41e4649b934ca495991b7852b855","phone_number":"e3b0c44298fc1c149afbf4c8996fb92427ae41e4649b934ca495991b7852b855","first_name":"e3b0c44298fc1c149afbf4c8996fb92427ae41e4649b934ca495991b7852b855","last_name":"e3b0c44298fc1c149afbf4c8996fb92427ae41e4649b934ca495991b7852b855","zip_code":"e3b0c44298fc1c149afbf4c8996fb92427ae41e4649b934ca495991b7852b855"},"properties":{"contents":[{"price":69,"quantity":1,"content_id":"4445","content_name":"\u062a\u0642\u0648\u064a\u0645 \u0645\u064a\u0644\u0627\u062f\u064a \u0645\u0643\u062a\u0628\u064a \u0645\u062e\u0645\u0644\u064a","description":"\u062a\u0642\u0648\u064a\u0645 \u0645\u064a\u0644\u0627\u062f\u064a \u0645\u0643\u062a\u0628\u064a \u0645\u062e\u0645\u0644\u064a: \u062a\u0635\u0645\u064a\u0645 \u0639\u0635\u0631\u064a \u0648\u0623\u0646\u064a\u0642\u060c \u0645\u0635\u0646\u0648\u0639 \u0645\u0646 \u0627\u0644\u0623\u0643\u0631\u064a\u0644\u064a\u0643 \u0627\u0644\u0645\u062a\u064a\u0646 \u0628\u0648\u0636\u0648\u062d \u0627\u0633\u062a\u062b\u0646\u0627\u0626\u064a \u0644\u0644\u0643\u062a\u0627\u0628\u0629 \u0648\u0627\u0644\u0631\u0624\u064a\u0629\u060c \u064a\u0636\u064a\u0641 \u0644\u0645\u0633\u0629 \u0645\u0646 \u0627\u0644\u0641\u062e\u0627\u0645\u0629 \u0648\u0627\u0644\u062a\u0646\u0638\u064a\u0645 \u0644\u0645\u0643\u062a\u0628\u0643. \u0645\u062b\u0627\u0644\u064a \u0644\u062a\u0646\u0638\u064a\u0645 \u0627\u0644\u0645\u0648\u0627\u0639\u064a\u062f \u0648\u0627\u0644\u0627\u062c\u062a\u0645\u0627\u0639\u0627\u062a\u060c \u0648\u064a\u0636\u0641\u064a \u062c\u0627\u0630\u0628\u064a\u0629 \u0639\u0644\u0649 \u0645\u0633\u0627\u062d\u0629 \u0627\u0644\u0639\u0645\u0644 \u0627\u0644\u062e\u0627\u0635\u0629 \u0628\u0643.","availability":"IN_STOCK","sale_price":69,"on_sale":false}],"content_type":"product","currency":"SAR","value":69,"event_trigger_source":"WooCommerce"},"page":{"url":"http:\/\/ibn-sinaa.com\/product-category\/shields-and-gifts\/page\/2\/?add-to-cart=4445"}}]}
 ajax: no
2025-01-26T00:56:45+00:00 DEBUG Tt4b_Mapi_Class::mapi_post: Response: 

HTTP/1.1 200 OK
Server: nginx
Content-Type: application/json
Content-Length: 92
X-Tt-Logid: 2025012600564549C7C79723C698560BD4
Server-Timing: inner; dur=33
x-tt-trace-host: 018e5a586174a888928d793bdac74b79b51a437ee89a1c03eb2011d034a2e3e9f5961eb073980a0e8a0b8c24de1981f0b886961185ebb718687a86ce794c7a59bc9a4897f1a23d2904da0aea7e638ee46248e81ad8eaa323d1ee168323e19e4f44
x-tt-trace-id: 00-25012600564549C7C79723C698560BD4-6B7A2A2D6DAC4F15-00
Expires: Sun, 26 Jan 2025 00:56:45 GMT
Cache-Control: max-age=0, no-cache, no-store
Pragma: no-cache
Date: Sun, 26 Jan 2025 00:56:45 GMT
X-Cache: TCP_MISS from a95-101-134-92.deploy.akamaitechnologies.com (AkamaiGHost/11.8.0-1debf780f7d7c834933fa9689361eec6) (-)
Connection: close
x-tt-trace-tag: id=16;cdn-cache=miss;type=dyn
Server-Timing: cdn-cache; desc=MISS, edge; dur=6, origin; dur=112
X-Origin-Response-Time: 112,95.101.134.92
X-Akamai-Request-ID: 1290e1fb

{"code": 0, "message": "OK", "request_id": "2025012600564549C7C79723C698560BD4", "data": {}}
2025-01-26T00:56:45+00:00 DEBUG POST: https://business-api.tiktok.com/open_api/v1.3/event/track/

{"partner_name":"WooCommerce","event_source":"web","event_source_id":"CSM79Q3C77UAG1T340I0","data":[{"event":"Pageview","event_id":"6795884d6fc3b_tt4b_woocommerce_670666209cf1f","event_time":1737853005,"user":{"ip":"54.36.149.41","user_agent":"Mozilla\/5.0 (compatible; AhrefsBot\/7.0; +http:\/\/ahrefs.com\/robot\/)","locale":"ar","external_id":"0","email":"e3b0c44298fc1c149afbf4c8996fb92427ae41e4649b934ca495991b7852b855","phone_number":"e3b0c44298fc1c149afbf4c8996fb92427ae41e4649b934ca495991b7852b855","first_name":"e3b0c44298fc1c149afbf4c8996fb92427ae41e4649b934ca495991b7852b855","last_name":"e3b0c44298fc1c149afbf4c8996fb92427ae41e4649b934ca495991b7852b855","zip_code":"e3b0c44298fc1c149afbf4c8996fb92427ae41e4649b934ca495991b7852b855"},"page":{"url":"http:\/\/ibn-sinaa.com\/product-category\/shields-and-gifts\/page\/2\/?add-to-cart=4445"}}]}
 ajax: no
2025-01-26T00:56:45+00:00 DEBUG Tt4b_Mapi_Class::mapi_post: Response: 

HTTP/1.1 200 OK
Server: nginx
Content-Type: application/json
Content-Length: 92
X-Tt-Logid: 202501260056458F8B63F083821AF41E12
x-tt-trace-host: 018e5a586174a888928d793bdac74b79b519a86797e72c2eba011e03e23beee17d2ae8b694c8d6e24d1ce984535c6a3b146ba27e30f186aca597e5679886a8a6cb367779522b2259ff6c08501ef869ecb57897b37064f52d5698a479de2441385a2570c969b16d36995d8dd571ed5c752c
x-tt-trace-id: 00-2501260056458F8B63F083821AF41E12-269D5BE65486D0F4-00
X-Origin-Response-Time: 33,23.213.246.201
X-Akamai-Request-ID: 3532fd2c.e0db0e3
Expires: Sun, 26 Jan 2025 00:56:45 GMT
Cache-Control: max-age=0, no-cache, no-store
Pragma: no-cache
Date: Sun, 26 Jan 2025 00:56:45 GMT
X-Cache: TCP_MISS from a95-101-134-116.deploy.akamaitechnologies.com (AkamaiGHost/11.8.1-545a545a07b22376d11b3e238f123a02) (-)
Connection: close
X-Cache-Remote: TCP_MISS from a23-213-246-201.deploy.akamaitechnologies.com (AkamaiGHost/11.8.1-545a545a07b22376d11b3e238f123a02) (-)
x-tt-trace-tag: id=16;cdn-cache=miss;type=dyn
Server-Timing: cdn-cache; desc=MISS, edge; dur=92, origin; dur=33
Server-Timing: inner; dur=29
X-Parent-Response-Time: 121,95.101.134.116

{"code": 0, "message": "OK", "request_id": "202501260056458F8B63F083821AF41E12", "data": {}}
2025-01-26T00:57:28+00:00 DEBUG POST: https://business-api.tiktok.com/open_api/v1.3/event/track/

{"partner_name":"WooCommerce","event_source":"web","event_source_id":"CSM79Q3C77UAG1T340I0","data":[{"event":"Pageview","event_id":"67958878805d5_tt4b_woocommerce_670666209cf1f","event_time":1737853048,"user":{"ip":"91.108.192.252","user_agent":"Mozilla\/5.0 (Windows NT 10.0; WOW64) AppleWebKit\/537.36 (KHTML, like Gecko) Chrome\/114.0.0.0 Safari\/537.36 Vivaldi\/5.3.2679.68","locale":"ar","external_id":"0","email":"e3b0c44298fc1c149afbf4c8996fb92427ae41e4649b934ca495991b7852b855","phone_number":"e3b0c44298fc1c149afbf4c8996fb92427ae41e4649b934ca495991b7852b855","first_name":"e3b0c44298fc1c149afbf4c8996fb92427ae41e4649b934ca495991b7852b855","last_name":"e3b0c44298fc1c149afbf4c8996fb92427ae41e4649b934ca495991b7852b855","zip_code":"e3b0c44298fc1c149afbf4c8996fb92427ae41e4649b934ca495991b7852b855"},"page":{"url":"http:\/\/www.ibn-sinaa.com\/dwqa-ask-question\/","referrer":"https:\/\/www.ibn-sinaa.com\/wp-content\/themes\/xtra\/assets\/css\/core.css?ver=4.7.2"}}]}
 ajax: no
2025-01-26T00:57:28+00:00 DEBUG Tt4b_Mapi_Class::mapi_post: Response: 

HTTP/1.1 200 OK
Server: nginx
Content-Type: application/json
Content-Length: 92
X-Tt-Logid: 202501260057285AC5ED4C150495810CF9
x-tt-trace-host: 018e5a586174a888928d793bdac74b79b519a86797e72c2eba011e03e23beee17d7fa9aa374f84f251c9730c186b559965289a65964729a1d6df6295efea3e406abf8bdc0ec22a00be5cfbbe18ebb0ccf0183c824d70ef630222477e96ba3731acb135edd0fef60fa211f18a0c1eccdd58
x-tt-trace-id: 00-2501260057285AC5ED4C150495810CF9-1775E463893B48BC-00
X-Origin-Response-Time: 40,23.218.219.6
X-Akamai-Request-ID: 243a449e.e0f1c51
Expires: Sun, 26 Jan 2025 00:57:28 GMT
Cache-Control: max-age=0, no-cache, no-store
Pragma: no-cache
Date: Sun, 26 Jan 2025 00:57:28 GMT
X-Cache: TCP_MISS from a95-101-134-116.deploy.akamaitechnologies.com (AkamaiGHost/11.8.1-545a545a07b22376d11b3e238f123a02) (-)
Connection: close
X-Cache-Remote: TCP_MISS from a23-218-219-6.deploy.akamaitechnologies.com (AkamaiGHost/11.8.0-1debf780f7d7c834933fa9689361eec6) (-)
x-tt-trace-tag: id=16;cdn-cache=miss;type=dyn
Server-Timing: cdn-cache; desc=MISS, edge; dur=86, origin; dur=39
Server-Timing: inner; dur=29
X-Parent-Response-Time: 122,95.101.134.116

{"code": 0, "message": "OK", "request_id": "202501260057285AC5ED4C150495810CF9", "data": {}}
2025-01-26T00:58:19+00:00 DEBUG POST: https://business-api.tiktok.com/open_api/v1.3/event/track/

{"partner_name":"WooCommerce","event_source":"web","event_source_id":"CSM79Q3C77UAG1T340I0","data":[{"event":"Pageview","event_id":"679588ab7792d_tt4b_woocommerce_670666209cf1f","event_time":1737853099,"user":{"ip":"51.178.76.50","user_agent":"GRequests\/0.10","locale":"ar","external_id":"0","email":"e3b0c44298fc1c149afbf4c8996fb92427ae41e4649b934ca495991b7852b855","phone_number":"e3b0c44298fc1c149afbf4c8996fb92427ae41e4649b934ca495991b7852b855","first_name":"e3b0c44298fc1c149afbf4c8996fb92427ae41e4649b934ca495991b7852b855","last_name":"e3b0c44298fc1c149afbf4c8996fb92427ae41e4649b934ca495991b7852b855","zip_code":"e3b0c44298fc1c149afbf4c8996fb92427ae41e4649b934ca495991b7852b855"},"page":{"url":"http:\/\/www.ibn-sinaa.com\/-\/-\/-\/-\/-\/-\/-\/-\/-\/-\/"}}]}
 ajax: no
2025-01-26T00:58:19+00:00 DEBUG Tt4b_Mapi_Class::mapi_post: Response: 

HTTP/1.1 200 OK
Server: nginx
Content-Type: application/json
Content-Length: 92
X-Tt-Logid: 20250126005819E7CDEDD35C9B65F7FE5F
Server-Timing: inner; dur=27
x-tt-trace-host: 018e5a586174a888928d793bdac74b79b520593bf434961dbceff88e4b17f9a15670577e510f2e8137b14a82757a4c94b2080a237d5861a9e4a8366549385656a7a8bdd62d456c53e0c9f3f6de16a50bf9d3f38dd018ce03c9b5dc09cfea55b0b0
x-tt-trace-id: 00-250126005819E7CDEDD35C9B65F7FE5F-33D140C0493B4964-00
Expires: Sun, 26 Jan 2025 00:58:19 GMT
Cache-Control: max-age=0, no-cache, no-store
Pragma: no-cache
Date: Sun, 26 Jan 2025 00:58:19 GMT
X-Cache: TCP_MISS from a95-101-134-116.deploy.akamaitechnologies.com (AkamaiGHost/11.8.1-545a545a07b22376d11b3e238f123a02) (-)
Connection: close
x-tt-trace-tag: id=16;cdn-cache=miss;type=dyn
Server-Timing: cdn-cache; desc=MISS, edge; dur=3, origin; dur=107
X-Origin-Response-Time: 108,95.101.134.116
X-Akamai-Request-ID: e10ce43

{"code": 0, "message": "OK", "request_id": "20250126005819E7CDEDD35C9B65F7FE5F", "data": {}}
2025-01-26T00:58:23+00:00 DEBUG POST: https://business-api.tiktok.com/open_api/v1.3/event/track/

{"partner_name":"WooCommerce","event_source":"web","event_source_id":"CSM79Q3C77UAG1T340I0","data":[{"event":"Pageview","event_id":"679588afab7d5_tt4b_woocommerce_670666209cf1f","event_time":1737853103,"user":{"ip":"51.178.76.50","user_agent":"GRequests\/0.10","locale":"ar","external_id":"0","email":"e3b0c44298fc1c149afbf4c8996fb92427ae41e4649b934ca495991b7852b855","phone_number":"e3b0c44298fc1c149afbf4c8996fb92427ae41e4649b934ca495991b7852b855","first_name":"e3b0c44298fc1c149afbf4c8996fb92427ae41e4649b934ca495991b7852b855","last_name":"e3b0c44298fc1c149afbf4c8996fb92427ae41e4649b934ca495991b7852b855","zip_code":"e3b0c44298fc1c149afbf4c8996fb92427ae41e4649b934ca495991b7852b855"},"page":{"url":"http:\/\/www.ibn-sinaa.com\/-\/-\/-\/-\/-\/-\/-\/-\/-\/-\/"}}]}
 ajax: no
2025-01-26T00:58:23+00:00 DEBUG Tt4b_Mapi_Class::mapi_post: Response: 

HTTP/1.1 200 OK
Server: nginx
Content-Type: application/json
Content-Length: 92
X-Tt-Logid: 20250126005823282242226C756F7E4836
x-tt-trace-host: 018e5a586174a888928d793bdac74b79b56517d7628cf0ffdff56b078ad2cf561587f4c2b237dc1cb370863b197cef1d402cf16e600c6e68b9592adcf46aec3f184523f0970af5d4d873da9aaf21beefb7a1517bd20878ff76bb9058c2c2c208eddef7861a8bd3f5a602a7b14ad79efb17
x-tt-trace-id: 00-250126005823282242226C756F7E4836-0BA0B9217973EF05-00
X-Origin-Response-Time: 31,23.218.219.52
X-Akamai-Request-ID: 19381dab.1294fdb6
Expires: Sun, 26 Jan 2025 00:58:23 GMT
Cache-Control: max-age=0, no-cache, no-store
Pragma: no-cache
Date: Sun, 26 Jan 2025 00:58:23 GMT
X-Cache: TCP_MISS from a95-101-134-92.deploy.akamaitechnologies.com (AkamaiGHost/11.8.0-1debf780f7d7c834933fa9689361eec6) (-)
Connection: close
X-Cache-Remote: TCP_MISS from a23-218-219-52.deploy.akamaitechnologies.com (AkamaiGHost/11.8.0-1debf780f7d7c834933fa9689361eec6) (-)
x-tt-trace-tag: id=16;cdn-cache=miss;type=dyn
Server-Timing: cdn-cache; desc=MISS, edge; dur=87, origin; dur=31
Server-Timing: inner; dur=27
X-Parent-Response-Time: 115,95.101.134.92

{"code": 0, "message": "OK", "request_id": "20250126005823282242226C756F7E4836", "data": {}}
2025-01-26T00:58:25+00:00 DEBUG POST: https://business-api.tiktok.com/open_api/v1.3/event/track/

{"partner_name":"WooCommerce","event_source":"web","event_source_id":"CSM79Q3C77UAG1T340I0","data":[{"event":"Pageview","event_id":"679588b180cc3_tt4b_woocommerce_670666209cf1f","event_time":1737853105,"user":{"ip":"40.77.167.38","user_agent":"Mozilla\/5.0 AppleWebKit\/537.36 (KHTML, like Gecko; compatible; bingbot\/2.0; +http:\/\/www.bing.com\/bingbot.htm) Chrome\/116.0.1938.76 Safari\/537.36","locale":"ar","external_id":"0","email":"e3b0c44298fc1c149afbf4c8996fb92427ae41e4649b934ca495991b7852b855","phone_number":"e3b0c44298fc1c149afbf4c8996fb92427ae41e4649b934ca495991b7852b855","first_name":"e3b0c44298fc1c149afbf4c8996fb92427ae41e4649b934ca495991b7852b855","last_name":"e3b0c44298fc1c149afbf4c8996fb92427ae41e4649b934ca495991b7852b855","zip_code":"e3b0c44298fc1c149afbf4c8996fb92427ae41e4649b934ca495991b7852b855"},"page":{"url":"http:\/\/www.ibn-sinaa.com\/page\/7\/"}}]}
 ajax: no
2025-01-26T00:58:25+00:00 DEBUG Tt4b_Mapi_Class::mapi_post: Response: 

HTTP/1.1 200 OK
Server: nginx
Content-Type: application/json
Content-Length: 92
X-Tt-Logid: 202501260058255CD8433FF959DA7C177B
x-tt-trace-host: 018e5a586174a888928d793bdac74b79b519a86797e72c2eba011e03e23beee17d5add313ea8ab374f19ba7c53b4747e8c7c0c7b7b5a01312b848c78a9d52f4dbfb5f2e7d0f93f1eae66840c0dc18e5bb323421dc49059b42948ad43879bfb8347c4b1199ad5d2f3a2c453e7d339e29dc2
x-tt-trace-id: 00-2501260058255CD8433FF959DA7C177B-50FE5CC716A1C437-00
X-Origin-Response-Time: 170,23.218.219.21
X-Akamai-Request-ID: 13cf6e16.e110118
Expires: Sun, 26 Jan 2025 00:58:25 GMT
Cache-Control: max-age=0, no-cache, no-store
Pragma: no-cache
Date: Sun, 26 Jan 2025 00:58:25 GMT
X-Cache: TCP_MISS from a95-101-134-116.deploy.akamaitechnologies.com (AkamaiGHost/11.8.1-545a545a07b22376d11b3e238f123a02) (-)
Connection: close
X-Cache-Remote: TCP_MISS from a23-218-219-21.deploy.akamaitechnologies.com (AkamaiGHost/11.8.0-1debf780f7d7c834933fa9689361eec6) (-)
x-tt-trace-tag: id=16;cdn-cache=miss;type=dyn
Server-Timing: cdn-cache; desc=MISS, edge; dur=85, origin; dur=170
Server-Timing: inner; dur=162
X-Parent-Response-Time: 252,95.101.134.116

{"code": 0, "message": "OK", "request_id": "202501260058255CD8433FF959DA7C177B", "data": {}}
2025-01-26T00:58:30+00:00 DEBUG POST: https://business-api.tiktok.com/open_api/v1.3/event/track/

{"partner_name":"WooCommerce","event_source":"web","event_source_id":"CSM79Q3C77UAG1T340I0","data":[{"event":"Pageview","event_id":"679588b693e64_tt4b_woocommerce_670666209cf1f","event_time":1737853110,"user":{"ip":"51.178.76.50","user_agent":"GRequests\/0.10","locale":"ar","external_id":"0","email":"e3b0c44298fc1c149afbf4c8996fb92427ae41e4649b934ca495991b7852b855","phone_number":"e3b0c44298fc1c149afbf4c8996fb92427ae41e4649b934ca495991b7852b855","first_name":"e3b0c44298fc1c149afbf4c8996fb92427ae41e4649b934ca495991b7852b855","last_name":"e3b0c44298fc1c149afbf4c8996fb92427ae41e4649b934ca495991b7852b855","zip_code":"e3b0c44298fc1c149afbf4c8996fb92427ae41e4649b934ca495991b7852b855"},"page":{"url":"http:\/\/www.ibn-sinaa.com\/404\/","referrer":"https:\/\/www.ibn-sinaa.com\/wp-admin\/"}}]}
 ajax: no
2025-01-26T00:58:30+00:00 DEBUG Tt4b_Mapi_Class::mapi_post: Response: 

HTTP/1.1 200 OK
Server: nginx
Content-Type: application/json
Content-Length: 92
X-Tt-Logid: 20250126005830A6F676FD7A783898E267
Server-Timing: inner; dur=30
x-tt-trace-host: 018e5a586174a888928d793bdac74b79b51a437ee89a1c03eb2011d034a2e3e9f552808e09d81d1cab24058c5e036ff3c7f809a0153171a88fe8ebb41593ed38a47d9937afbf38d88a7565e641f0cd8aa330931b1ba03f58693d94ba77c811f526
x-tt-trace-id: 00-250126005830A6F676FD7A783898E267-1E22E0AA0BFB6184-00
Expires: Sun, 26 Jan 2025 00:58:30 GMT
Cache-Control: max-age=0, no-cache, no-store
Pragma: no-cache
Date: Sun, 26 Jan 2025 00:58:30 GMT
X-Cache: TCP_MISS from a95-101-134-92.deploy.akamaitechnologies.com (AkamaiGHost/11.8.0-1debf780f7d7c834933fa9689361eec6) (-)
Connection: close
x-tt-trace-tag: id=16;cdn-cache=miss;type=dyn
Server-Timing: cdn-cache; desc=MISS, edge; dur=3, origin; dur=116
X-Origin-Response-Time: 116,95.101.134.92
X-Akamai-Request-ID: 1295457d

{"code": 0, "message": "OK", "request_id": "20250126005830A6F676FD7A783898E267", "data": {}}
2025-01-26T00:58:48+00:00 DEBUG POST: https://business-api.tiktok.com/open_api/v1.3/event/track/

{"partner_name":"WooCommerce","event_source":"web","event_source_id":"CSM79Q3C77UAG1T340I0","data":[{"event":"Pageview","event_id":"679588c8260e0_tt4b_woocommerce_670666209cf1f","event_time":1737853128,"user":{"ip":"83.175.120.25","user_agent":"GRequests\/0.10","locale":"ar","external_id":"0","email":"e3b0c44298fc1c149afbf4c8996fb92427ae41e4649b934ca495991b7852b855","phone_number":"e3b0c44298fc1c149afbf4c8996fb92427ae41e4649b934ca495991b7852b855","first_name":"e3b0c44298fc1c149afbf4c8996fb92427ae41e4649b934ca495991b7852b855","last_name":"e3b0c44298fc1c149afbf4c8996fb92427ae41e4649b934ca495991b7852b855","zip_code":"e3b0c44298fc1c149afbf4c8996fb92427ae41e4649b934ca495991b7852b855"},"page":{"url":"http:\/\/www.ibn-sinaa.com\/-\/-\/-\/-\/-\/-\/-\/-\/-\/-\/"}}]}
 ajax: no
2025-01-26T00:58:48+00:00 DEBUG Tt4b_Mapi_Class::mapi_post: Response: 

HTTP/1.1 200 OK
Server: nginx
Content-Type: application/json
Content-Length: 92
X-Tt-Logid: 202501260058486D1580D4A70B6F6FCC31
x-tt-trace-host: 018e5a586174a888928d793bdac74b79b519a86797e72c2eba011e03e23beee17dc22bf594e6af7194bdb473a5f9bfd482cd43674755df577f85bd7a5da326dfd4ec95343105680ac129d7623dad074cd221552e5b993a31a51615da42fac4082d13a2865247e865f6dea83f6e9688de00
x-tt-trace-id: 00-2501260058486D1580D4A70B6F6FCC31-36C49E095015DBE3-00
X-Origin-Response-Time: 49,23.218.219.55
X-Akamai-Request-ID: 2494a9dc.e11c143
Expires: Sun, 26 Jan 2025 00:58:48 GMT
Cache-Control: max-age=0, no-cache, no-store
Pragma: no-cache
Date: Sun, 26 Jan 2025 00:58:48 GMT
X-Cache: TCP_MISS from a95-101-134-116.deploy.akamaitechnologies.com (AkamaiGHost/11.8.1-545a545a07b22376d11b3e238f123a02) (-)
Connection: close
X-Cache-Remote: TCP_MISS from a23-218-219-55.deploy.akamaitechnologies.com (AkamaiGHost/11.8.1-545a545a07b22376d11b3e238f123a02) (-)
x-tt-trace-tag: id=16;cdn-cache=miss;type=dyn
Server-Timing: cdn-cache; desc=MISS, edge; dur=101, origin; dur=49
Server-Timing: inner; dur=32
X-Parent-Response-Time: 147,95.101.134.116

{"code": 0, "message": "OK", "request_id": "202501260058486D1580D4A70B6F6FCC31", "data": {}}
2025-01-26T00:58:51+00:00 DEBUG POST: https://business-api.tiktok.com/open_api/v1.3/event/track/

{"partner_name":"WooCommerce","event_source":"web","event_source_id":"CSM79Q3C77UAG1T340I0","data":[{"event":"Pageview","event_id":"679588cb9025c_tt4b_woocommerce_670666209cf1f","event_time":1737853131,"user":{"ip":"83.175.120.25","user_agent":"GRequests\/0.10","locale":"ar","external_id":"0","email":"e3b0c44298fc1c149afbf4c8996fb92427ae41e4649b934ca495991b7852b855","phone_number":"e3b0c44298fc1c149afbf4c8996fb92427ae41e4649b934ca495991b7852b855","first_name":"e3b0c44298fc1c149afbf4c8996fb92427ae41e4649b934ca495991b7852b855","last_name":"e3b0c44298fc1c149afbf4c8996fb92427ae41e4649b934ca495991b7852b855","zip_code":"e3b0c44298fc1c149afbf4c8996fb92427ae41e4649b934ca495991b7852b855"},"page":{"url":"http:\/\/www.ibn-sinaa.com\/-\/-\/-\/-\/-\/-\/-\/-\/-\/-\/"}}]}
 ajax: no
2025-01-26T00:58:51+00:00 DEBUG Tt4b_Mapi_Class::mapi_post: Response: 

HTTP/1.1 200 OK
Server: nginx
Content-Type: application/json
Content-Length: 92
X-Tt-Logid: 20250126005851C40ADCABC87D0555CCEB
Server-Timing: inner; dur=31
x-tt-trace-host: 018e5a586174a888928d793bdac74b79b51a437ee89a1c03eb2011d034a2e3e9f5c6c634c758015a730d6b16cf8028eb14a9963a002d5d4a2993a4dcfce99d56c361c6e9af96bb7408862e0e3558b6cbe1ea4f9fc23a524288dc7690107c682e57
x-tt-trace-id: 00-250126005851C40ADCABC87D0555CCEB-30F37ADE6A756B32-00
Expires: Sun, 26 Jan 2025 00:58:51 GMT
Cache-Control: max-age=0, no-cache, no-store
Pragma: no-cache
Date: Sun, 26 Jan 2025 00:58:51 GMT
X-Cache: TCP_MISS from a95-101-134-92.deploy.akamaitechnologies.com (AkamaiGHost/11.8.0-1debf780f7d7c834933fa9689361eec6) (-)
Connection: close
x-tt-trace-tag: id=16;cdn-cache=miss;type=dyn
Server-Timing: cdn-cache; desc=MISS, edge; dur=4, origin; dur=111
X-Origin-Response-Time: 111,95.101.134.92
X-Akamai-Request-ID: 12962691

{"code": 0, "message": "OK", "request_id": "20250126005851C40ADCABC87D0555CCEB", "data": {}}
2025-01-26T00:58:58+00:00 DEBUG POST: https://business-api.tiktok.com/open_api/v1.3/event/track/

{"partner_name":"WooCommerce","event_source":"web","event_source_id":"CSM79Q3C77UAG1T340I0","data":[{"event":"Pageview","event_id":"679588d214343_tt4b_woocommerce_670666209cf1f","event_time":1737853138,"user":{"ip":"83.175.120.25","user_agent":"GRequests\/0.10","locale":"ar","external_id":"0","email":"e3b0c44298fc1c149afbf4c8996fb92427ae41e4649b934ca495991b7852b855","phone_number":"e3b0c44298fc1c149afbf4c8996fb92427ae41e4649b934ca495991b7852b855","first_name":"e3b0c44298fc1c149afbf4c8996fb92427ae41e4649b934ca495991b7852b855","last_name":"e3b0c44298fc1c149afbf4c8996fb92427ae41e4649b934ca495991b7852b855","zip_code":"e3b0c44298fc1c149afbf4c8996fb92427ae41e4649b934ca495991b7852b855"},"page":{"url":"http:\/\/www.ibn-sinaa.com\/404\/","referrer":"https:\/\/www.ibn-sinaa.com\/wp-admin\/"}}]}
 ajax: no
2025-01-26T00:58:58+00:00 DEBUG Tt4b_Mapi_Class::mapi_post: Response: 

HTTP/1.1 200 OK
Server: nginx
Content-Type: application/json
Content-Length: 92
X-Tt-Logid: 20250126005858E14F0A50454319A96F36
Server-Timing: inner; dur=24
x-tt-trace-host: 018e5a586174a888928d793bdac74b79b51a437ee89a1c03eb2011d034a2e3e9f5c0967178551ef67048cf439bb2d5dca74d305814d566a3ec55d16bb5ba75b20746af26bb3422b794d97bea80e4ab4357c5a89786160c58266e84f1781c76ae2e
x-tt-trace-id: 00-250126005858E14F0A50454319A96F36-78FC269296918846-00
Expires: Sun, 26 Jan 2025 00:58:58 GMT
Cache-Control: max-age=0, no-cache, no-store
Pragma: no-cache
Date: Sun, 26 Jan 2025 00:58:58 GMT
X-Cache: TCP_MISS from a95-101-134-92.deploy.akamaitechnologies.com (AkamaiGHost/11.8.0-1debf780f7d7c834933fa9689361eec6) (-)
Connection: close
x-tt-trace-tag: id=16;cdn-cache=miss;type=dyn
Server-Timing: cdn-cache; desc=MISS, edge; dur=4, origin; dur=110
X-Origin-Response-Time: 110,95.101.134.92
X-Akamai-Request-ID: 12966be9

{"code": 0, "message": "OK", "request_id": "20250126005858E14F0A50454319A96F36", "data": {}}
2025-01-26T01:02:13+00:00 DEBUG POST: https://business-api.tiktok.com/open_api/v1.3/event/track/

{"partner_name":"WooCommerce","event_source":"web","event_source_id":"CSM79Q3C77UAG1T340I0","data":[{"event":"Pageview","event_id":"6795899517302_tt4b_woocommerce_670666209cf1f","event_time":1737853333,"user":{"ip":"54.36.149.3","user_agent":"Mozilla\/5.0 (compatible; AhrefsBot\/7.0; +http:\/\/ahrefs.com\/robot\/)","locale":"ar","external_id":"0","email":"e3b0c44298fc1c149afbf4c8996fb92427ae41e4649b934ca495991b7852b855","phone_number":"e3b0c44298fc1c149afbf4c8996fb92427ae41e4649b934ca495991b7852b855","first_name":"e3b0c44298fc1c149afbf4c8996fb92427ae41e4649b934ca495991b7852b855","last_name":"e3b0c44298fc1c149afbf4c8996fb92427ae41e4649b934ca495991b7852b855","zip_code":"e3b0c44298fc1c149afbf4c8996fb92427ae41e4649b934ca495991b7852b855"},"page":{"url":"http:\/\/www.ibn-sinaa.com\/product\/stand-t\/"}}]}
 ajax: no
2025-01-26T01:02:13+00:00 DEBUG Tt4b_Mapi_Class::mapi_post: Response: 

HTTP/1.1 200 OK
Server: nginx
Content-Type: application/json
Content-Length: 92
X-Tt-Logid: 20250126010213F6A4871D4AD87958A541
Server-Timing: inner; dur=53
x-tt-trace-host: 018e5a586174a888928d793bdac74b79b520593bf434961dbceff88e4b17f9a15684032592cdd99317302a89721a1354d12713cd06cf02dfc48a1cdac17f258628af63d90414d52405a0a4cf4fe291ae7d89432611bcc227d477d9c4753a9b32b2
x-tt-trace-id: 00-250126010213F6A4871D4AD87958A541-64616A739E23C5F4-00
Expires: Sun, 26 Jan 2025 01:02:13 GMT
Cache-Control: max-age=0, no-cache, no-store
Pragma: no-cache
Date: Sun, 26 Jan 2025 01:02:13 GMT
X-Cache: TCP_MISS from a95-101-134-116.deploy.akamaitechnologies.com (AkamaiGHost/11.8.1-545a545a07b22376d11b3e238f123a02) (-)
Connection: close
x-tt-trace-tag: id=16;cdn-cache=miss;type=dyn
Server-Timing: cdn-cache; desc=MISS, edge; dur=4, origin; dur=134
X-Origin-Response-Time: 134,95.101.134.116
X-Akamai-Request-ID: e18ce34

{"code": 0, "message": "OK", "request_id": "20250126010213F6A4871D4AD87958A541", "data": {}}
2025-01-26T01:02:13+00:00 DEBUG Tt4b_Pixel_Class::inject_view_content_event: hit ViewContent
2025-01-26T01:02:13+00:00 DEBUG POST: https://business-api.tiktok.com/open_api/v1.3/event/track/

{"partner_name":"WooCommerce","event_source":"web","event_source_id":"CSM79Q3C77UAG1T340I0","data":[{"event":"ViewContent","event_id":"6795899560ca2_tt4b_woocommerce_670666209cf1f_4259","event_time":1737853333,"user":{"ip":"54.36.149.3","user_agent":"Mozilla\/5.0 (compatible; AhrefsBot\/7.0; +http:\/\/ahrefs.com\/robot\/)","locale":"ar","external_id":"0","email":"e3b0c44298fc1c149afbf4c8996fb92427ae41e4649b934ca495991b7852b855","phone_number":"e3b0c44298fc1c149afbf4c8996fb92427ae41e4649b934ca495991b7852b855","first_name":"e3b0c44298fc1c149afbf4c8996fb92427ae41e4649b934ca495991b7852b855","last_name":"e3b0c44298fc1c149afbf4c8996fb92427ae41e4649b934ca495991b7852b855","zip_code":"e3b0c44298fc1c149afbf4c8996fb92427ae41e4649b934ca495991b7852b855"},"properties":{"contents":[{"price":230,"quantity":1,"content_id":"4259","content_name":"\u0627\u0633\u062a\u0627\u0646\u062f T","description":"\u0637\u0628\u0627\u0639\u0629 \u0627\u0633\u062a\u0627\u0646\u062f T \u0645\u0646 \u0645\u062a\u062c\u0631 \u0645\u0643\u062a\u0628\u0629 \u0627\u0628\u0646 \u0633\u064a\u0646\u0627 \u0627\u0644\u0625\u0644\u0643\u062a\u0631\u0648\u0646\u064a\u060c \u0645\u0635\u0645\u0645 \u0644\u0625\u0636\u0627\u0641\u0629 \u0644\u0645\u0633\u0629 \u0645\u0646 \u0627\u0644\u0623\u0646\u0627\u0642\u0629 \u0648\u0627\u0644\u0627\u062d\u062a\u0631\u0627\u0641\u064a\u0629 \u0644\u0639\u0631\u0636 \u0645\u0646\u062a\u062c\u0627\u062a\u0643 \u0623\u0648 \u0645\u0648\u0627\u062f\u0643 \u0627\u0644\u0625\u0639\u0644\u0627\u0646\u064a\u0629. \u064a\u062a\u0645\u064a\u0632 \u0647\u0630\u0627 \u0627\u0644\u0627\u0633\u062a\u0627\u0646\u062f \u0628\u062c\u0648\u062f\u0629 \u0639\u0627\u0644\u064a\u0629 \u0648\u062a\u0635\u0645\u064a\u0645 \u0645\u0646\u062d\u0646\u064a \u064a\u0644\u0641\u062a \u0627\u0644\u0623\u0646\u0638\u0627\u0631 \u0648\u064a\u0639\u0632\u0632 \u0645\u0646 \u062c\u0627\u0630\u0628\u064a\u0629 \u0627\u0644\u0639\u0631\u0636.","availability":"IN_STOCK","sale_price":230,"on_sale":false}],"content_type":"product","currency":"SAR","value":230,"event_trigger_source":"WooCommerce"},"page":{"url":"http:\/\/www.ibn-sinaa.com\/product\/stand-t\/"}}]}
 ajax: no
2025-01-26T01:02:13+00:00 DEBUG Tt4b_Mapi_Class::mapi_post: Response: 

HTTP/1.1 200 OK
Server: nginx
Content-Type: application/json
Content-Length: 92
X-Tt-Logid: 20250126010213782EEB50853CA4566F6C
x-tt-trace-host: 018e5a586174a888928d793bdac74b79b56517d7628cf0ffdff56b078ad2cf561576806a9972d53ee6989a625f0f6080252084d48662f4d1210bc3f7095cceb1f52f61aa70c719ca6be984fc8f3e9e84eb217c19cfc8d6fc09e62c33fa22149c16e70ca32105da9a1ad2d460d8093c3856
x-tt-trace-id: 00-250126010213782EEB50853CA4566F6C-51D515A18346DA4F-00
X-Origin-Response-Time: 36,23.32.17.18
X-Akamai-Request-ID: bb46744.129f2e98
Expires: Sun, 26 Jan 2025 01:02:13 GMT
Cache-Control: max-age=0, no-cache, no-store
Pragma: no-cache
Date: Sun, 26 Jan 2025 01:02:13 GMT
X-Cache: TCP_MISS from a95-101-134-92.deploy.akamaitechnologies.com (AkamaiGHost/11.8.0-1debf780f7d7c834933fa9689361eec6) (-)
Connection: close
X-Cache-Remote: TCP_MISS from a23-32-17-18.deploy.akamaitechnologies.com (AkamaiGHost/11.8.1-545a545a07b22376d11b3e238f123a02) (-)
x-tt-trace-tag: id=16;cdn-cache=miss;type=dyn
Server-Timing: cdn-cache; desc=MISS, edge; dur=87, origin; dur=36
Server-Timing: inner; dur=33
X-Parent-Response-Time: 118,95.101.134.92

{"code": 0, "message": "OK", "request_id": "20250126010213782EEB50853CA4566F6C", "data": {}}
2025-01-26T01:04:09+00:00 DEBUG POST: https://business-api.tiktok.com/open_api/v1.3/event/track/

{"partner_name":"WooCommerce","event_source":"web","event_source_id":"CSM79Q3C77UAG1T340I0","data":[{"event":"Pageview","event_id":"67958a0953d6c_tt4b_woocommerce_670666209cf1f","event_time":1737853449,"user":{"ip":"188.68.47.111","user_agent":"Mozilla\/5.0 (Windows NT 10.0; Win64; x64; rv:48.0) Gecko\/20100101 Firefox\/48.0","locale":"ar","external_id":"0","email":"e3b0c44298fc1c149afbf4c8996fb92427ae41e4649b934ca495991b7852b855","phone_number":"e3b0c44298fc1c149afbf4c8996fb92427ae41e4649b934ca495991b7852b855","first_name":"e3b0c44298fc1c149afbf4c8996fb92427ae41e4649b934ca495991b7852b855","last_name":"e3b0c44298fc1c149afbf4c8996fb92427ae41e4649b934ca495991b7852b855","zip_code":"e3b0c44298fc1c149afbf4c8996fb92427ae41e4649b934ca495991b7852b855"},"page":{"url":"http:\/\/ibn-sinaa.com\/xmlrpc.php"}}]}
 ajax: no
2025-01-26T01:04:09+00:00 DEBUG Tt4b_Mapi_Class::mapi_post: Response: 

HTTP/1.1 200 OK
Server: nginx
Content-Type: application/json
Content-Length: 92
X-Tt-Logid: 20250126010409F9E73CB4AD7EB0B82F79
x-tt-trace-host: 018e5a586174a888928d793bdac74b79b56517d7628cf0ffdff56b078ad2cf5615e9532a8440ca1bcaebc628032267b34885e49b2173760366c080cf5266498c7f82780579e95c6bc0ae2ec4ed8ef8f92f8e8df160183f3b3404bc5cf78f41f2c772d7e3766f25587abe65184763bfd901
x-tt-trace-id: 00-250126010409F9E73CB4AD7EB0B82F79-072BE51368012CAE-00
X-Origin-Response-Time: 44,23.218.219.12
X-Akamai-Request-ID: 9f3dc29.12a3c1df
Expires: Sun, 26 Jan 2025 01:04:09 GMT
Cache-Control: max-age=0, no-cache, no-store
Pragma: no-cache
Date: Sun, 26 Jan 2025 01:04:09 GMT
X-Cache: TCP_MISS from a95-101-134-92.deploy.akamaitechnologies.com (AkamaiGHost/11.8.0-1debf780f7d7c834933fa9689361eec6) (-)
Connection: close
X-Cache-Remote: TCP_MISS from a23-218-219-12.deploy.akamaitechnologies.com (AkamaiGHost/11.8.0-1debf780f7d7c834933fa9689361eec6) (-)
x-tt-trace-tag: id=16;cdn-cache=miss;type=dyn
Server-Timing: cdn-cache; desc=MISS, edge; dur=88, origin; dur=44
Server-Timing: inner; dur=27
X-Parent-Response-Time: 129,95.101.134.92

{"code": 0, "message": "OK", "request_id": "20250126010409F9E73CB4AD7EB0B82F79", "data": {}}
2025-01-26T01:05:23+00:00 DEBUG POST: https://business-api.tiktok.com/open_api/v1.3/event/track/

{"partner_name":"WooCommerce","event_source":"web","event_source_id":"CSM79Q3C77UAG1T340I0","data":[{"event":"Pageview","event_id":"67958a53d9caa_tt4b_woocommerce_670666209cf1f","event_time":1737853523,"user":{"ip":"185.191.171.11","user_agent":"Mozilla\/5.0 (compatible; SemrushBot\/7~bl; +http:\/\/www.semrush.com\/bot.html)","locale":"ar","external_id":"0","email":"e3b0c44298fc1c149afbf4c8996fb92427ae41e4649b934ca495991b7852b855","phone_number":"e3b0c44298fc1c149afbf4c8996fb92427ae41e4649b934ca495991b7852b855","first_name":"e3b0c44298fc1c149afbf4c8996fb92427ae41e4649b934ca495991b7852b855","last_name":"e3b0c44298fc1c149afbf4c8996fb92427ae41e4649b934ca495991b7852b855","zip_code":"e3b0c44298fc1c149afbf4c8996fb92427ae41e4649b934ca495991b7852b855"},"page":{"url":"http:\/\/www.ibn-sinaa.com\/product\/%D8%AA%D9%88%D8%B2%D9%8A%D8%B9%D8%A7%D8%AA-%D9%8A%D9%88%D9%85-%D8%A7%D9%84%D8%AA%D8%A7%D8%B3%D9%8A%D8%B3\/"}}]}
 ajax: no
2025-01-26T01:05:24+00:00 DEBUG Tt4b_Mapi_Class::mapi_post: Response: 

HTTP/1.1 200 OK
Server: nginx
Content-Type: application/json
Content-Length: 92
X-Tt-Logid: 2025012601052489655B77C5C58F13706F
x-tt-trace-host: 018e5a586174a888928d793bdac74b79b56517d7628cf0ffdff56b078ad2cf561559b6ad5bf4077e602c3ff069bcf5dff392a0c2c90b4bf1d4935eb3dc6bf92dd924e93daf2573ad8b1edb57e5b2b0faade97ba04048292cf2c1924475ae5e9f1931e02c68fa76e876f602b83807ffafab
x-tt-trace-id: 00-25012601052489655B77C5C58F13706F-0739FDD080DAC1A7-00
X-Origin-Response-Time: 32,23.32.17.34
X-Akamai-Request-ID: ee20cda.12a6352a
Expires: Sun, 26 Jan 2025 01:05:24 GMT
Cache-Control: max-age=0, no-cache, no-store
Pragma: no-cache
Date: Sun, 26 Jan 2025 01:05:24 GMT
X-Cache: TCP_MISS from a95-101-134-92.deploy.akamaitechnologies.com (AkamaiGHost/11.8.0-1debf780f7d7c834933fa9689361eec6) (-)
Connection: close
X-Cache-Remote: TCP_MISS from a23-32-17-34.deploy.akamaitechnologies.com (AkamaiGHost/11.8.1-2c00874bde3a1f428b1fbbe8783f6d16) (-)
x-tt-trace-tag: id=16;cdn-cache=miss;type=dyn
Server-Timing: cdn-cache; desc=MISS, edge; dur=84, origin; dur=32
Server-Timing: inner; dur=28
X-Parent-Response-Time: 113,95.101.134.92

{"code": 0, "message": "OK", "request_id": "2025012601052489655B77C5C58F13706F", "data": {}}
2025-01-26T01:05:24+00:00 DEBUG Tt4b_Pixel_Class::inject_view_content_event: hit ViewContent
2025-01-26T01:05:24+00:00 DEBUG POST: https://business-api.tiktok.com/open_api/v1.3/event/track/

{"partner_name":"WooCommerce","event_source":"web","event_source_id":"CSM79Q3C77UAG1T340I0","data":[{"event":"ViewContent","event_id":"67958a5424785_tt4b_woocommerce_670666209cf1f_TW-000","event_time":1737853524,"user":{"ip":"185.191.171.11","user_agent":"Mozilla\/5.0 (compatible; SemrushBot\/7~bl; +http:\/\/www.semrush.com\/bot.html)","locale":"ar","external_id":"0","email":"e3b0c44298fc1c149afbf4c8996fb92427ae41e4649b934ca495991b7852b855","phone_number":"e3b0c44298fc1c149afbf4c8996fb92427ae41e4649b934ca495991b7852b855","first_name":"e3b0c44298fc1c149afbf4c8996fb92427ae41e4649b934ca495991b7852b855","last_name":"e3b0c44298fc1c149afbf4c8996fb92427ae41e4649b934ca495991b7852b855","zip_code":"e3b0c44298fc1c149afbf4c8996fb92427ae41e4649b934ca495991b7852b855"},"properties":{"contents":[{"price":37,"quantity":1,"content_id":"TW-000","content_name":"\u062a\u0648\u0632\u064a\u0639\u0627\u062a \u064a\u0648\u0645 \u0627\u0644\u062a\u0627\u0633\u064a\u0633","description":"<ul>\r\n \t<li><strong>\u0648\u0635\u0641 \u0627\u0644\u0645\u0646\u062a\u062c :<\/strong>\r\n&gt;\u062a\u0648\u0632\u064a\u0639\u0627\u062a \u0628\u0647\u0648\u064a\u0629 \u064a\u0648\u0645 \u0627\u0644\u062a\u0627\u0633\u064a\u0633.\r\n&gt; \u0637\u0628\u0627\u0639\u0629 \u0645\u0644\u0648\u0646\u0629 \u0645\u0639 \u0627\u0636\u0627\u0641\u0629 \u0634\u0639\u0627\u0631 \u0627\u0644\u0639\u0645\u064a\u0644.\r\n&gt; \u062e\u0627\u0645\u0629 \u0628\u0644\u0648\u0633\u062a\u0631 \u0639\u0627\u0644\u064a\u0629 \u0627\u0644\u062c\u0648\u062f\u0629.<\/li>\r\n<\/ul>\r\n<ul>\r\n \t<li><strong>\u0637\u0631\u064a\u0642\u0629 \u0627\u0644\u0637\u0644\u0628:<\/strong>\r\n&gt; \u0627\u062e\u062a\u0631 \u0643\u0648\u062f \u062a\u0648\u0632\u064a\u0639\u0627\u062a \u0648 \u062d\u062f\u062f \u0627\u0644\u0643\u0645\u064a\u0629 \u0628\u0627\u0644\u0627\u0633\u0641\u0644, \u0627\u0631\u0641\u0642 \u0634\u0639\u0627\u0631\u0643 \u0648\u0627\u0630\u0647\u0628 \u0644\u0644\u062f\u0641\u0639.\r\n&gt; \u0627\u0644\u0637\u0644\u0628 \u0639\u0646 \u0637\u0631\u064a\u0642 \u0627\u0644\u0648\u062a\u0633 \u0628\u0627\u0644\u0638\u063a\u0637 \u0639\u0644\u0649 \u0632\u0631 \u0627\u0644\u0648\u0627\u062a\u0633\u0627\u0628.<\/li>\r\n<\/ul>\r\n<ul>\r\n \t<li><strong>\u0645\u062f\u0629 \u062a\u0646\u0641\u064a\u0630 \u0627\u0644\u0637\u0644\u0628 :<\/strong>\r\n&gt; \u062a\u0631\u0627\u0648\u062d \u0645\u0646 3 - 5 \u0627\u064a\u0627\u0645 \u0639\u0645\u0644 \u0648 \u0642\u062f \u062a\u0632\u064a\u062f \u0639\u0646\u062f \u0632\u064a\u0627\u062f\u0629 \u0627\u0644\u0643\u0645\u064a\u0627\u062a.<\/li>\r\n<\/ul>","availability":"IN_STOCK","sale_price":37,"on_sale":false}],"content_type":"product","currency":"SAR","value":37,"event_trigger_source":"WooCommerce"},"page":{"url":"http:\/\/www.ibn-sinaa.com\/product\/%D8%AA%D9%88%D8%B2%D9%8A%D8%B9%D8%A7%D8%AA-%D9%8A%D9%88%D9%85-%D8%A7%D9%84%D8%AA%D8%A7%D8%B3%D9%8A%D8%B3\/"}}]}
 ajax: no
2025-01-26T01:05:24+00:00 DEBUG Tt4b_Mapi_Class::mapi_post: Response: 

HTTP/1.1 200 OK
Server: nginx
Content-Type: application/json
Content-Length: 92
X-Tt-Logid: 2025012601052462CD6BB2DE4BD47E9599
x-tt-trace-host: 018e5a586174a888928d793bdac74b79b519a86797e72c2eba011e03e23beee17d4bbd75cbea132e02366fb092cf000d97133fa4c36a3f818c56a9b56e041f93f8bd9c63d72a6849a03ead5a40db9a1dcd677bd64e62121ad5cc97b0a08a8a1bf18de5c0e058e2025c23e46d6bae97c473
x-tt-trace-id: 00-25012601052462CD6BB2DE4BD47E9599-5D13E5573D9011A7-00
X-Origin-Response-Time: 45,23.218.219.24
X-Akamai-Request-ID: 146086b6.e1de66f
Expires: Sun, 26 Jan 2025 01:05:24 GMT
Cache-Control: max-age=0, no-cache, no-store
Pragma: no-cache
Date: Sun, 26 Jan 2025 01:05:24 GMT
X-Cache: TCP_MISS from a95-101-134-116.deploy.akamaitechnologies.com (AkamaiGHost/11.8.1-545a545a07b22376d11b3e238f123a02) (-)
Connection: close
X-Cache-Remote: TCP_MISS from a23-218-219-24.deploy.akamaitechnologies.com (AkamaiGHost/11.8.1-2c00874bde3a1f428b1fbbe8783f6d16) (-)
x-tt-trace-tag: id=16;cdn-cache=miss;type=dyn
Server-Timing: cdn-cache; desc=MISS, edge; dur=88, origin; dur=45
Server-Timing: inner; dur=39
X-Parent-Response-Time: 128,95.101.134.116

{"code": 0, "message": "OK", "request_id": "2025012601052462CD6BB2DE4BD47E9599", "data": {}}
2025-01-26T01:05:35+00:00 DEBUG POST: https://business-api.tiktok.com/open_api/v1.3/event/track/

{"partner_name":"WooCommerce","event_source":"web","event_source_id":"CSM79Q3C77UAG1T340I0","data":[{"event":"Pageview","event_id":"67958a5fe7239_tt4b_woocommerce_670666209cf1f","event_time":1737853535,"user":{"ip":"85.208.96.210","user_agent":"Mozilla\/5.0 (compatible; SemrushBot\/7~bl; +http:\/\/www.semrush.com\/bot.html)","locale":"ar","external_id":"0","email":"e3b0c44298fc1c149afbf4c8996fb92427ae41e4649b934ca495991b7852b855","phone_number":"e3b0c44298fc1c149afbf4c8996fb92427ae41e4649b934ca495991b7852b855","first_name":"e3b0c44298fc1c149afbf4c8996fb92427ae41e4649b934ca495991b7852b855","last_name":"e3b0c44298fc1c149afbf4c8996fb92427ae41e4649b934ca495991b7852b855","zip_code":"e3b0c44298fc1c149afbf4c8996fb92427ae41e4649b934ca495991b7852b855"},"page":{"url":"http:\/\/mail.ibn-sinaa.com\/shop\/page\/14\/"}}]}
 ajax: no
2025-01-26T01:05:36+00:00 DEBUG Tt4b_Mapi_Class::mapi_post: Response: 

HTTP/1.1 200 OK
Server: nginx
Content-Type: application/json
Content-Length: 92
X-Tt-Logid: 20250126010536248B6E970193165A98FB
x-tt-trace-host: 018e5a586174a888928d793bdac74b79b519a86797e72c2eba011e03e23beee17d9e3592ba37e405eedf6948489c78aa97a54303b6e5890978f56495ec57ad3acdf3d2d9ecbbef70080a96ef5c78465dca1afde0d74dbdb962f9981ec34355379e5726ca838a287bf2fe033ce7069c7c07
x-tt-trace-id: 00-250126010536248B6E970193165A98FB-6AA7319F935165FC-00
X-Origin-Response-Time: 43,23.213.246.228
X-Akamai-Request-ID: 896b224a.e1e219a
Expires: Sun, 26 Jan 2025 01:05:36 GMT
Cache-Control: max-age=0, no-cache, no-store
Pragma: no-cache
Date: Sun, 26 Jan 2025 01:05:36 GMT
X-Cache: TCP_MISS from a95-101-134-116.deploy.akamaitechnologies.com (AkamaiGHost/11.8.1-545a545a07b22376d11b3e238f123a02) (-)
Connection: close
X-Cache-Remote: TCP_MISS from a23-213-246-228.deploy.akamaitechnologies.com (AkamaiGHost/11.8.1-545a545a07b22376d11b3e238f123a02) (-)
x-tt-trace-tag: id=16;cdn-cache=miss;type=dyn
Server-Timing: cdn-cache; desc=MISS, edge; dur=83, origin; dur=43
Server-Timing: inner; dur=36
X-Parent-Response-Time: 124,95.101.134.116

{"code": 0, "message": "OK", "request_id": "20250126010536248B6E970193165A98FB", "data": {}}
2025-01-26T01:07:56+00:00 DEBUG Tt4b_Pixel_Class::inject_add_to_cart_event: hit AddToCart
2025-01-26T01:07:56+00:00 DEBUG POST: https://business-api.tiktok.com/open_api/v1.3/event/track/

{"partner_name":"WooCommerce","event_source":"web","event_source_id":"CSM79Q3C77UAG1T340I0","data":[{"event":"AddToCart","event_id":"67958aecd4196_tt4b_woocommerce_670666209cf1f_SKU_201","event_time":1737853676,"user":{"ip":"54.36.148.38","user_agent":"Mozilla\/5.0 (compatible; AhrefsBot\/7.0; +http:\/\/ahrefs.com\/robot\/)","locale":"ar","external_id":"0","email":"e3b0c44298fc1c149afbf4c8996fb92427ae41e4649b934ca495991b7852b855","phone_number":"e3b0c44298fc1c149afbf4c8996fb92427ae41e4649b934ca495991b7852b855","first_name":"e3b0c44298fc1c149afbf4c8996fb92427ae41e4649b934ca495991b7852b855","last_name":"e3b0c44298fc1c149afbf4c8996fb92427ae41e4649b934ca495991b7852b855","zip_code":"e3b0c44298fc1c149afbf4c8996fb92427ae41e4649b934ca495991b7852b855"},"properties":{"contents":[{"price":0,"quantity":1,"content_id":"SKU_201","content_name":"\u0637\u0628\u0627\u0639\u0629 \u0643\u0631\u0648\u062a \u0634\u062e\u0635\u064a\u0629 \u062f\u0627\u064a \u0643\u062a","description":"\u0627\u062d\u0635\u0644 \u0639\u0644\u0649 \u0643\u0631\u0648\u062a \u062f\u0627\u064a \u0643\u062a \u0627\u0644\u0645\u0645\u064a\u0632\u0629 \u0645\u0646 \u0645\u062a\u062c\u0631 \u0627\u0628\u0646 \u0633\u064a\u0646\u0627 \u0627\u0644\u0625\u0644\u0643\u062a\u0631\u0648\u0646\u064a. \u062a\u0635\u0645\u064a\u0645\u0627\u062a \u0641\u0631\u064a\u062f\u0629 \u0648\u0623\u0634\u0643\u0627\u0644 \u0645\u062e\u0635\u0635\u0629 \u062a\u0646\u0627\u0633\u0628 \u062c\u0645\u064a\u0639 \u0627\u0644\u0645\u0646\u0627\u0633\u0628\u0627\u062a \u0627\u0644\u0631\u0633\u0645\u064a\u0629 \u0648\u0627\u0644\u0634\u062e\u0635\u064a\u0629\u060c \u0628\u062c\u0648\u062f\u0629 \u0637\u0628\u0627\u0639\u0629 \u0639\u0627\u0644\u064a\u0629 \u0648\u062f\u0642\u0629 \u0641\u064a \u0627\u0644\u062a\u0641\u0627\u0635\u064a\u0644","availability":"IN_STOCK","sale_price":0,"on_sale":false}],"content_type":"product","currency":"SAR","value":0,"event_trigger_source":"WooCommerce"},"page":{"url":"http:\/\/www.ibn-sinaa.com\/product-category\/digital-printing\/personal-cards\/?add-to-cart=201"}}]}
 ajax: no
2025-01-26T01:07:57+00:00 DEBUG Tt4b_Mapi_Class::mapi_post: Response: 

HTTP/1.1 200 OK
Server: nginx
Content-Type: application/json
Content-Length: 92
X-Tt-Logid: 20250126010756CF8E04E48499BC7D9A33
x-tt-trace-host: 018e5a586174a888928d793bdac74b79b56517d7628cf0ffdff56b078ad2cf56159e816e107944f077a11d54c06434828f73c57f5b494ca3dfb7f0b83ac960890f98cca2f6fb7d3d0f2fbb6066487771625f563084f3f490e8738288b68a05cf5cd62a5f917beedf94b11322c5f3ffe947
x-tt-trace-id: 00-250126010756CF8E04E48499BC7D9A33-14DAC8BE5B6654AD-00
X-Origin-Response-Time: 34,23.32.17.14
X-Akamai-Request-ID: 1a4d7a51.12aa1914
Expires: Sun, 26 Jan 2025 01:07:57 GMT
Cache-Control: max-age=0, no-cache, no-store
Pragma: no-cache
Date: Sun, 26 Jan 2025 01:07:57 GMT
X-Cache: TCP_MISS from a95-101-134-92.deploy.akamaitechnologies.com (AkamaiGHost/11.8.0-1debf780f7d7c834933fa9689361eec6) (-)
Connection: close
X-Cache-Remote: TCP_MISS from a23-32-17-14.deploy.akamaitechnologies.com (AkamaiGHost/11.8.0-2d0f2d516c5d43e1487924a77ec5924a) (-)
x-tt-trace-tag: id=16;cdn-cache=miss;type=dyn
Server-Timing: cdn-cache; desc=MISS, edge; dur=87, origin; dur=33
Server-Timing: inner; dur=27
X-Parent-Response-Time: 115,95.101.134.92

{"code": 0, "message": "OK", "request_id": "20250126010756CF8E04E48499BC7D9A33", "data": {}}
2025-01-26T01:07:57+00:00 DEBUG POST: https://business-api.tiktok.com/open_api/v1.3/event/track/

{"partner_name":"WooCommerce","event_source":"web","event_source_id":"CSM79Q3C77UAG1T340I0","data":[{"event":"Pageview","event_id":"67958aed5f383_tt4b_woocommerce_670666209cf1f","event_time":1737853677,"user":{"ip":"54.36.148.38","user_agent":"Mozilla\/5.0 (compatible; AhrefsBot\/7.0; +http:\/\/ahrefs.com\/robot\/)","locale":"ar","external_id":"0","email":"e3b0c44298fc1c149afbf4c8996fb92427ae41e4649b934ca495991b7852b855","phone_number":"e3b0c44298fc1c149afbf4c8996fb92427ae41e4649b934ca495991b7852b855","first_name":"e3b0c44298fc1c149afbf4c8996fb92427ae41e4649b934ca495991b7852b855","last_name":"e3b0c44298fc1c149afbf4c8996fb92427ae41e4649b934ca495991b7852b855","zip_code":"e3b0c44298fc1c149afbf4c8996fb92427ae41e4649b934ca495991b7852b855"},"page":{"url":"http:\/\/www.ibn-sinaa.com\/product-category\/digital-printing\/personal-cards\/?add-to-cart=201"}}]}
 ajax: no
2025-01-26T01:07:57+00:00 DEBUG Tt4b_Mapi_Class::mapi_post: Response: 

HTTP/1.1 200 OK
Server: nginx
Content-Type: application/json
Content-Length: 92
X-Tt-Logid: 20250126010757F4AE4438560A18D160F8
Server-Timing: inner; dur=27
x-tt-trace-host: 018e5a586174a888928d793bdac74b79b520593bf434961dbceff88e4b17f9a156d974b2b97ff662b05572ddd0b07fc0539acadadfb8bfe705d0d6c8df2baec26b3f79599a46b6a40356ebef312f7d363c109ad2f57fa6a7181a534defd79906eb
x-tt-trace-id: 00-250126010757F4AE4438560A18D160F8-043CF08AA4C880F7-00
Expires: Sun, 26 Jan 2025 01:07:57 GMT
Cache-Control: max-age=0, no-cache, no-store
Pragma: no-cache
Date: Sun, 26 Jan 2025 01:07:57 GMT
X-Cache: TCP_MISS from a95-101-134-116.deploy.akamaitechnologies.com (AkamaiGHost/11.8.1-545a545a07b22376d11b3e238f123a02) (-)
Connection: close
x-tt-trace-tag: id=16;cdn-cache=miss;type=dyn
Server-Timing: cdn-cache; desc=MISS, edge; dur=2, origin; dur=107
X-Origin-Response-Time: 107,95.101.134.116
X-Akamai-Request-ID: e2050e5

{"code": 0, "message": "OK", "request_id": "20250126010757F4AE4438560A18D160F8", "data": {}}
2025-01-26T01:08:57+00:00 DEBUG POST: https://business-api.tiktok.com/open_api/v1.3/event/track/

{"partner_name":"WooCommerce","event_source":"web","event_source_id":"CSM79Q3C77UAG1T340I0","data":[{"event":"Pageview","event_id":"67958b291a5cb_tt4b_woocommerce_670666209cf1f","event_time":1737853737,"user":{"ip":"40.77.167.51","user_agent":"Mozilla\/5.0 AppleWebKit\/537.36 (KHTML, like Gecko; compatible; bingbot\/2.0; +http:\/\/www.bing.com\/bingbot.htm) Chrome\/116.0.1938.76 Safari\/537.36","locale":"ar","external_id":"0","email":"e3b0c44298fc1c149afbf4c8996fb92427ae41e4649b934ca495991b7852b855","phone_number":"e3b0c44298fc1c149afbf4c8996fb92427ae41e4649b934ca495991b7852b855","first_name":"e3b0c44298fc1c149afbf4c8996fb92427ae41e4649b934ca495991b7852b855","last_name":"e3b0c44298fc1c149afbf4c8996fb92427ae41e4649b934ca495991b7852b855","zip_code":"e3b0c44298fc1c149afbf4c8996fb92427ae41e4649b934ca495991b7852b855"},"page":{"url":"http:\/\/www.ibn-sinaa.com\/product-tag\/%D9%88%D8%B1%D9%82-%D8%AE%D8%B7%D8%A7%D8%A8%D8%A7%D8%AA\/"}}]}
 ajax: no
2025-01-26T01:08:57+00:00 DEBUG Tt4b_Mapi_Class::mapi_post: Response: 

HTTP/1.1 200 OK
Server: nginx
Content-Type: application/json
Content-Length: 92
X-Tt-Logid: 202501260108577AE81A42B7AF067FC209
x-tt-trace-host: 018e5a586174a888928d793bdac74b79b56517d7628cf0ffdff56b078ad2cf561500791e4cd5e18574a8bce0050d22300acaa102d091dbd0f2eff10465ed7618ac9d378286ec3eee33d55495e0bc2e9405ddaa4c0c2c350e33112357d48b2e62f774297228553d3e8f3137f7910b02d0c5
x-tt-trace-id: 00-2501260108577AE81A42B7AF067FC209-41CC782229AC9657-00
X-Origin-Response-Time: 28,23.32.17.29
X-Akamai-Request-ID: 1b2e4151.12ab7d9b
Expires: Sun, 26 Jan 2025 01:08:57 GMT
Cache-Control: max-age=0, no-cache, no-store
Pragma: no-cache
Date: Sun, 26 Jan 2025 01:08:57 GMT
X-Cache: TCP_MISS from a95-101-134-92.deploy.akamaitechnologies.com (AkamaiGHost/11.8.0-1debf780f7d7c834933fa9689361eec6) (-)
Connection: close
X-Cache-Remote: TCP_MISS from a23-32-17-29.deploy.akamaitechnologies.com (AkamaiGHost/11.8.0-1debf780f7d7c834933fa9689361eec6) (-)
x-tt-trace-tag: id=16;cdn-cache=miss;type=dyn
Server-Timing: cdn-cache; desc=MISS, edge; dur=83, origin; dur=28
Server-Timing: inner; dur=22
X-Parent-Response-Time: 108,95.101.134.92

{"code": 0, "message": "OK", "request_id": "202501260108577AE81A42B7AF067FC209", "data": {}}
2025-01-26T01:13:04+00:00 DEBUG POST: https://business-api.tiktok.com/open_api/v1.3/event/track/

{"partner_name":"WooCommerce","event_source":"web","event_source_id":"CSM79Q3C77UAG1T340I0","data":[{"event":"Pageview","event_id":"67958c2001778_tt4b_woocommerce_670666209cf1f","event_time":1737853984,"user":{"ip":"213.136.78.38","user_agent":"Mozilla\/5.0 (Windows NT 10.0; Win64; x64) AppleWebKit\/537.36 (KHTML, like Gecko) Chrome\/90.0.4430.85 Safari\/537.36","locale":"ar","external_id":"0","email":"e3b0c44298fc1c149afbf4c8996fb92427ae41e4649b934ca495991b7852b855","phone_number":"e3b0c44298fc1c149afbf4c8996fb92427ae41e4649b934ca495991b7852b855","first_name":"e3b0c44298fc1c149afbf4c8996fb92427ae41e4649b934ca495991b7852b855","last_name":"e3b0c44298fc1c149afbf4c8996fb92427ae41e4649b934ca495991b7852b855","zip_code":"e3b0c44298fc1c149afbf4c8996fb92427ae41e4649b934ca495991b7852b855"},"page":{"url":"http:\/\/ibn-sinaa.com\/wp-admin\/css\/","referrer":"\/wp-admin\/css\/binance.com"}}]}
 ajax: no
2025-01-26T01:13:04+00:00 DEBUG Tt4b_Mapi_Class::mapi_post: Response: 

HTTP/1.1 200 OK
Server: nginx
Content-Type: application/json
Content-Length: 92
X-Tt-Logid: 20250126011304F438D7A0C03561BCA28B
Server-Timing: inner; dur=35
x-tt-trace-host: 018e5a586174a888928d793bdac74b79b51a437ee89a1c03eb2011d034a2e3e9f58d977a219890e1683417aad994f995c7058de7f8a0be2da1af1ddafc72723c8367e16a8b51ad6ca9a98b1ebc59c9cd6556a9c5faa43335ad84be9d440cc838a0
x-tt-trace-id: 00-250126011304F438D7A0C03561BCA28B-087440DF35D49A51-00
Expires: Sun, 26 Jan 2025 01:13:04 GMT
Cache-Control: max-age=0, no-cache, no-store
Pragma: no-cache
Date: Sun, 26 Jan 2025 01:13:04 GMT
X-Cache: TCP_MISS from a95-101-134-92.deploy.akamaitechnologies.com (AkamaiGHost/11.8.0-1debf780f7d7c834933fa9689361eec6) (-)
Connection: close
x-tt-trace-tag: id=16;cdn-cache=miss;type=dyn
Server-Timing: cdn-cache; desc=MISS, edge; dur=2, origin; dur=115
X-Origin-Response-Time: 115,95.101.134.92
X-Akamai-Request-ID: 12b130fc

{"code": 0, "message": "OK", "request_id": "20250126011304F438D7A0C03561BCA28B", "data": {}}
2025-01-26T01:13:23+00:00 DEBUG POST: https://business-api.tiktok.com/open_api/v1.3/event/track/

{"partner_name":"WooCommerce","event_source":"web","event_source_id":"CSM79Q3C77UAG1T340I0","data":[{"event":"Pageview","event_id":"67958c339576a_tt4b_woocommerce_670666209cf1f","event_time":1737854003,"user":{"ip":"213.136.78.38","user_agent":"Mozilla\/5.0 (Windows NT 10.0; Win64; x64) AppleWebKit\/537.36 (KHTML, like Gecko) Chrome\/90.0.4430.85 Safari\/537.36","locale":"ar","external_id":"0","email":"e3b0c44298fc1c149afbf4c8996fb92427ae41e4649b934ca495991b7852b855","phone_number":"e3b0c44298fc1c149afbf4c8996fb92427ae41e4649b934ca495991b7852b855","first_name":"e3b0c44298fc1c149afbf4c8996fb92427ae41e4649b934ca495991b7852b855","last_name":"e3b0c44298fc1c149afbf4c8996fb92427ae41e4649b934ca495991b7852b855","zip_code":"e3b0c44298fc1c149afbf4c8996fb92427ae41e4649b934ca495991b7852b855"},"page":{"url":"http:\/\/ibn-sinaa.com\/.well-known\/","referrer":"\/.well-known\/binance.com"}}]}
 ajax: no
2025-01-26T01:13:23+00:00 DEBUG Tt4b_Mapi_Class::mapi_post: Response: 

HTTP/1.1 200 OK
Server: nginx
Content-Type: application/json
Content-Length: 92
X-Tt-Logid: 202501260113231DE93164E30A7E53A7E3
x-tt-trace-host: 018e5a586174a888928d793bdac74b79b519a86797e72c2eba011e03e23beee17d97eb6ba6c134786433fa002826f946510406836087e8b47b48d87ff7fd9ad0ec6d5e0f60c9220fd546b7510f621b105575e5ee2b75e2cbeb9c5404ec170453f688f6a7d579b24dae78e13bbbaecda02a
x-tt-trace-id: 00-2501260113231DE93164E30A7E53A7E3-19F4E9E2A0B3D6B8-00
X-Origin-Response-Time: 26,23.218.219.51
X-Akamai-Request-ID: 1dd6b517.e24d0b2
Expires: Sun, 26 Jan 2025 01:13:23 GMT
Cache-Control: max-age=0, no-cache, no-store
Pragma: no-cache
Date: Sun, 26 Jan 2025 01:13:23 GMT
X-Cache: TCP_MISS from a95-101-134-116.deploy.akamaitechnologies.com (AkamaiGHost/11.8.1-545a545a07b22376d11b3e238f123a02) (-)
Connection: close
X-Cache-Remote: TCP_MISS from a23-218-219-51.deploy.akamaitechnologies.com (AkamaiGHost/11.8.0-2d0f2d516c5d43e1487924a77ec5924a) (-)
x-tt-trace-tag: id=16;cdn-cache=miss;type=dyn
Server-Timing: cdn-cache; desc=MISS, edge; dur=84, origin; dur=25
Server-Timing: inner; dur=22
X-Parent-Response-Time: 106,95.101.134.116

{"code": 0, "message": "OK", "request_id": "202501260113231DE93164E30A7E53A7E3", "data": {}}
2025-01-26T01:13:36+00:00 DEBUG POST: https://business-api.tiktok.com/open_api/v1.3/event/track/

{"partner_name":"WooCommerce","event_source":"web","event_source_id":"CSM79Q3C77UAG1T340I0","data":[{"event":"Pageview","event_id":"67958c40d83bf_tt4b_woocommerce_670666209cf1f","event_time":1737854016,"user":{"ip":"213.136.78.38","user_agent":"Mozilla\/5.0 (Windows NT 10.0; Win64; x64) AppleWebKit\/537.36 (KHTML, like Gecko) Chrome\/90.0.4430.85 Safari\/537.36","locale":"ar","external_id":"0","email":"e3b0c44298fc1c149afbf4c8996fb92427ae41e4649b934ca495991b7852b855","phone_number":"e3b0c44298fc1c149afbf4c8996fb92427ae41e4649b934ca495991b7852b855","first_name":"e3b0c44298fc1c149afbf4c8996fb92427ae41e4649b934ca495991b7852b855","last_name":"e3b0c44298fc1c149afbf4c8996fb92427ae41e4649b934ca495991b7852b855","zip_code":"e3b0c44298fc1c149afbf4c8996fb92427ae41e4649b934ca495991b7852b855"},"page":{"url":"http:\/\/ibn-sinaa.com\/sites\/default\/files\/","referrer":"\/sites\/default\/files\/binance.com"}}]}
 ajax: no
2025-01-26T01:13:37+00:00 DEBUG Tt4b_Mapi_Class::mapi_post: Response: 

HTTP/1.1 200 OK
Server: nginx
Content-Type: application/json
Content-Length: 92
X-Tt-Logid: 20250126011336890A9E8EF141C1A9ED7A
Server-Timing: inner; dur=25
x-tt-trace-host: 018e5a586174a888928d793bdac74b79b520593bf434961dbceff88e4b17f9a1566d468f5b691e7659a679985a75eb88fd2ba4561682694200d837594c53ccd5c9879cb3316668a2ef2f3f6d0a373ce7a8f7fec7196997cebb02ef5e8d75eb9085
x-tt-trace-id: 00-250126011336890A9E8EF141C1A9ED7A-76FB97C835B521BE-00
Expires: Sun, 26 Jan 2025 01:13:37 GMT
Cache-Control: max-age=0, no-cache, no-store
Pragma: no-cache
Date: Sun, 26 Jan 2025 01:13:37 GMT
X-Cache: TCP_MISS from a95-101-134-116.deploy.akamaitechnologies.com (AkamaiGHost/11.8.1-545a545a07b22376d11b3e238f123a02) (-)
Connection: close
x-tt-trace-tag: id=16;cdn-cache=miss;type=dyn
Server-Timing: cdn-cache; desc=MISS, edge; dur=3, origin; dur=108
X-Origin-Response-Time: 108,95.101.134.116
X-Akamai-Request-ID: e25024f

{"code": 0, "message": "OK", "request_id": "20250126011336890A9E8EF141C1A9ED7A", "data": {}}
2025-01-26T01:13:42+00:00 DEBUG POST: https://business-api.tiktok.com/open_api/v1.3/event/track/

{"partner_name":"WooCommerce","event_source":"web","event_source_id":"CSM79Q3C77UAG1T340I0","data":[{"event":"Pageview","event_id":"67958c46055d2_tt4b_woocommerce_670666209cf1f","event_time":1737854022,"user":{"ip":"213.136.78.38","user_agent":"Mozilla\/5.0 (Windows NT 10.0; Win64; x64) AppleWebKit\/537.36 (KHTML, like Gecko) Chrome\/90.0.4430.85 Safari\/537.36","locale":"ar","external_id":"0","email":"e3b0c44298fc1c149afbf4c8996fb92427ae41e4649b934ca495991b7852b855","phone_number":"e3b0c44298fc1c149afbf4c8996fb92427ae41e4649b934ca495991b7852b855","first_name":"e3b0c44298fc1c149afbf4c8996fb92427ae41e4649b934ca495991b7852b855","last_name":"e3b0c44298fc1c149afbf4c8996fb92427ae41e4649b934ca495991b7852b855","zip_code":"e3b0c44298fc1c149afbf4c8996fb92427ae41e4649b934ca495991b7852b855"},"page":{"url":"http:\/\/ibn-sinaa.com\/admin\/controller\/extension\/extension\/","referrer":"\/admin\/controller\/extension\/extension\/binance.com"}}]}
 ajax: no
2025-01-26T01:13:42+00:00 DEBUG Tt4b_Mapi_Class::mapi_post: Response: 

HTTP/1.1 200 OK
Server: nginx
Content-Type: application/json
Content-Length: 92
X-Tt-Logid: 20250126011342CF270C7CCA6FA655F524
x-tt-trace-host: 018e5a586174a888928d793bdac74b79b56517d7628cf0ffdff56b078ad2cf56154c3553174eb306402809c86651aef0e887f421a3d808654fb3f26e1372c3f8feb8e051af832cb1a5dcb503463d06773df397aa95608d18afeb0e468738daff7cfecc2f3124cb669f037eee4e31d6ead2
x-tt-trace-id: 00-250126011342CF270C7CCA6FA655F524-27173C73AFDB3229-00
X-Origin-Response-Time: 33,23.32.17.22
X-Akamai-Request-ID: 1d8b32e0.12b2136d
Expires: Sun, 26 Jan 2025 01:13:42 GMT
Cache-Control: max-age=0, no-cache, no-store
Pragma: no-cache
Date: Sun, 26 Jan 2025 01:13:42 GMT
X-Cache: TCP_MISS from a95-101-134-92.deploy.akamaitechnologies.com (AkamaiGHost/11.8.0-1debf780f7d7c834933fa9689361eec6) (-)
Connection: close
X-Cache-Remote: TCP_MISS from a23-32-17-22.deploy.akamaitechnologies.com (AkamaiGHost/11.8.0-2d0f2d516c5d43e1487924a77ec5924a) (-)
x-tt-trace-tag: id=16;cdn-cache=miss;type=dyn
Server-Timing: cdn-cache; desc=MISS, edge; dur=84, origin; dur=33
Server-Timing: inner; dur=28
X-Parent-Response-Time: 114,95.101.134.92

{"code": 0, "message": "OK", "request_id": "20250126011342CF270C7CCA6FA655F524", "data": {}}
2025-01-26T01:13:46+00:00 DEBUG POST: https://business-api.tiktok.com/open_api/v1.3/event/track/

{"partner_name":"WooCommerce","event_source":"web","event_source_id":"CSM79Q3C77UAG1T340I0","data":[{"event":"Pageview","event_id":"67958c4a2a1af_tt4b_woocommerce_670666209cf1f","event_time":1737854026,"user":{"ip":"213.136.78.38","user_agent":"Mozilla\/5.0 (Windows NT 10.0; Win64; x64) AppleWebKit\/537.36 (KHTML, like Gecko) Chrome\/90.0.4430.85 Safari\/537.36","locale":"ar","external_id":"0","email":"e3b0c44298fc1c149afbf4c8996fb92427ae41e4649b934ca495991b7852b855","phone_number":"e3b0c44298fc1c149afbf4c8996fb92427ae41e4649b934ca495991b7852b855","first_name":"e3b0c44298fc1c149afbf4c8996fb92427ae41e4649b934ca495991b7852b855","last_name":"e3b0c44298fc1c149afbf4c8996fb92427ae41e4649b934ca495991b7852b855","zip_code":"e3b0c44298fc1c149afbf4c8996fb92427ae41e4649b934ca495991b7852b855"},"page":{"url":"http:\/\/ibn-sinaa.com\/uploads\/","referrer":"\/uploads\/binance.com"}}]}
 ajax: no
2025-01-26T01:13:46+00:00 DEBUG Tt4b_Mapi_Class::mapi_post: Response: 

HTTP/1.1 200 OK
Server: nginx
Content-Type: application/json
Content-Length: 92
X-Tt-Logid: 202501260113469382EEF2BAC97B5C39D7
x-tt-trace-host: 018e5a586174a888928d793bdac74b79b56517d7628cf0ffdff56b078ad2cf5615d02d71d3ede51b68e68d3829ca272f70cfb9508489e63d48156757e13b640e10b9414354cbd40a98ea3bd2820a901caabd502f796ff4e4c1a687cd22b68cc1f731489334b01c716a30981b3b81caad7e
x-tt-trace-id: 00-2501260113469382EEF2BAC97B5C39D7-0F8007DD491D003D-00
X-Origin-Response-Time: 34,23.218.219.20
X-Akamai-Request-ID: 1351fad5.12b22cbb
Expires: Sun, 26 Jan 2025 01:13:46 GMT
Cache-Control: max-age=0, no-cache, no-store
Pragma: no-cache
Date: Sun, 26 Jan 2025 01:13:46 GMT
X-Cache: TCP_MISS from a95-101-134-92.deploy.akamaitechnologies.com (AkamaiGHost/11.8.0-1debf780f7d7c834933fa9689361eec6) (-)
Connection: close
X-Cache-Remote: TCP_MISS from a23-218-219-20.deploy.akamaitechnologies.com (AkamaiGHost/11.8.0-1debf780f7d7c834933fa9689361eec6) (-)
x-tt-trace-tag: id=16;cdn-cache=miss;type=dyn
Server-Timing: cdn-cache; desc=MISS, edge; dur=86, origin; dur=34
Server-Timing: inner; dur=25
X-Parent-Response-Time: 117,95.101.134.92

{"code": 0, "message": "OK", "request_id": "202501260113469382EEF2BAC97B5C39D7", "data": {}}
2025-01-26T01:13:54+00:00 DEBUG POST: https://business-api.tiktok.com/open_api/v1.3/event/track/

{"partner_name":"WooCommerce","event_source":"web","event_source_id":"CSM79Q3C77UAG1T340I0","data":[{"event":"Pageview","event_id":"67958c52a212b_tt4b_woocommerce_670666209cf1f","event_time":1737854034,"user":{"ip":"213.136.78.38","user_agent":"Mozilla\/5.0 (Windows NT 10.0; Win64; x64) AppleWebKit\/537.36 (KHTML, like Gecko) Chrome\/90.0.4430.85 Safari\/537.36","locale":"ar","external_id":"0","email":"e3b0c44298fc1c149afbf4c8996fb92427ae41e4649b934ca495991b7852b855","phone_number":"e3b0c44298fc1c149afbf4c8996fb92427ae41e4649b934ca495991b7852b855","first_name":"e3b0c44298fc1c149afbf4c8996fb92427ae41e4649b934ca495991b7852b855","last_name":"e3b0c44298fc1c149afbf4c8996fb92427ae41e4649b934ca495991b7852b855","zip_code":"e3b0c44298fc1c149afbf4c8996fb92427ae41e4649b934ca495991b7852b855"},"page":{"url":"http:\/\/ibn-sinaa.com\/images\/","referrer":"\/images\/binance.com"}}]}
 ajax: no
2025-01-26T01:13:54+00:00 DEBUG Tt4b_Mapi_Class::mapi_post: Response: 

HTTP/1.1 200 OK
Server: nginx
Content-Type: application/json
Content-Length: 92
X-Tt-Logid: 202501260113540DF0DA0C5FCD77843623
Server-Timing: inner; dur=24
x-tt-trace-host: 018e5a586174a888928d793bdac74b79b520593bf434961dbceff88e4b17f9a156cf98c2542fd3319010cece17aa7143603170502db4936d9c39a3cdba34331cab1007eadd47e15c03f25f6a05477a2cc4bc4468661377b0df072fe5fdcf755ebf
x-tt-trace-id: 00-2501260113540DF0DA0C5FCD77843623-3FF438E147BFC31F-00
Expires: Sun, 26 Jan 2025 01:13:54 GMT
Cache-Control: max-age=0, no-cache, no-store
Pragma: no-cache
Date: Sun, 26 Jan 2025 01:13:54 GMT
X-Cache: TCP_MISS from a95-101-134-116.deploy.akamaitechnologies.com (AkamaiGHost/11.8.1-545a545a07b22376d11b3e238f123a02) (-)
Connection: close
x-tt-trace-tag: id=16;cdn-cache=miss;type=dyn
Server-Timing: cdn-cache; desc=MISS, edge; dur=3, origin; dur=107
X-Origin-Response-Time: 107,95.101.134.116
X-Akamai-Request-ID: e254088

{"code": 0, "message": "OK", "request_id": "202501260113540DF0DA0C5FCD77843623", "data": {}}
2025-01-26T01:14:00+00:00 DEBUG POST: https://business-api.tiktok.com/open_api/v1.3/event/track/

{"partner_name":"WooCommerce","event_source":"web","event_source_id":"CSM79Q3C77UAG1T340I0","data":[{"event":"Pageview","event_id":"67958c582d7db_tt4b_woocommerce_670666209cf1f","event_time":1737854040,"user":{"ip":"213.136.78.38","user_agent":"Mozilla\/5.0 (Windows NT 10.0; Win64; x64) AppleWebKit\/537.36 (KHTML, like Gecko) Chrome\/90.0.4430.85 Safari\/537.36","locale":"ar","external_id":"0","email":"e3b0c44298fc1c149afbf4c8996fb92427ae41e4649b934ca495991b7852b855","phone_number":"e3b0c44298fc1c149afbf4c8996fb92427ae41e4649b934ca495991b7852b855","first_name":"e3b0c44298fc1c149afbf4c8996fb92427ae41e4649b934ca495991b7852b855","last_name":"e3b0c44298fc1c149afbf4c8996fb92427ae41e4649b934ca495991b7852b855","zip_code":"e3b0c44298fc1c149afbf4c8996fb92427ae41e4649b934ca495991b7852b855"},"page":{"url":"http:\/\/ibn-sinaa.com\/files\/","referrer":"\/files\/binance.com"}}]}
 ajax: no
2025-01-26T01:14:00+00:00 DEBUG Tt4b_Mapi_Class::mapi_post: Response: 

HTTP/1.1 200 OK
Server: nginx
Content-Type: application/json
Content-Length: 92
X-Tt-Logid: 20250126011400DA9EA05111C0F917739D
x-tt-trace-host: 018e5a586174a888928d793bdac74b79b56517d7628cf0ffdff56b078ad2cf5615d02d71d3ede51b68e68d3829ca272f70ef0d8090db32e71ae0e10eee1b81ef1ae8cc8583b392be0a04ff3c8c55379d743240b7fa6ec03fe2ddf390c66c47449a291d7c83cef551fd6c6a143d656906e9
x-tt-trace-id: 00-250126011400DA9EA05111C0F917739D-5344F9291415F221-00
X-Origin-Response-Time: 28,23.218.219.20
X-Akamai-Request-ID: 135293e3.12b28195
Expires: Sun, 26 Jan 2025 01:14:00 GMT
Cache-Control: max-age=0, no-cache, no-store
Pragma: no-cache
Date: Sun, 26 Jan 2025 01:14:00 GMT
X-Cache: TCP_MISS from a95-101-134-92.deploy.akamaitechnologies.com (AkamaiGHost/11.8.0-1debf780f7d7c834933fa9689361eec6) (-)
Connection: close
X-Cache-Remote: TCP_MISS from a23-218-219-20.deploy.akamaitechnologies.com (AkamaiGHost/11.8.0-1debf780f7d7c834933fa9689361eec6) (-)
x-tt-trace-tag: id=16;cdn-cache=miss;type=dyn
Server-Timing: cdn-cache; desc=MISS, edge; dur=85, origin; dur=28
Server-Timing: inner; dur=25
X-Parent-Response-Time: 110,95.101.134.92

{"code": 0, "message": "OK", "request_id": "20250126011400DA9EA05111C0F917739D", "data": {}}
2025-01-26T01:17:42+00:00 DEBUG POST: https://business-api.tiktok.com/open_api/v1.3/event/track/

{"partner_name":"WooCommerce","event_source":"web","event_source_id":"CSM79Q3C77UAG1T340I0","data":[{"event":"Pageview","event_id":"67958d36099aa_tt4b_woocommerce_670666209cf1f","event_time":1737854262,"user":{"ip":"66.249.78.39","user_agent":"Googlebot-Image\/1.0","locale":"ar","external_id":"0","email":"e3b0c44298fc1c149afbf4c8996fb92427ae41e4649b934ca495991b7852b855","phone_number":"e3b0c44298fc1c149afbf4c8996fb92427ae41e4649b934ca495991b7852b855","first_name":"e3b0c44298fc1c149afbf4c8996fb92427ae41e4649b934ca495991b7852b855","last_name":"e3b0c44298fc1c149afbf4c8996fb92427ae41e4649b934ca495991b7852b855","zip_code":"e3b0c44298fc1c149afbf4c8996fb92427ae41e4649b934ca495991b7852b855"},"page":{"url":"http:\/\/ibn-sinaa.com\/wp-content\/uploads\/2024\/11\/%D8%B8%D8%B1%D9%81-A5-C5-600x600.png\/"}}]}
 ajax: no
2025-01-26T01:17:42+00:00 DEBUG Tt4b_Mapi_Class::mapi_post: Response: 

HTTP/1.1 200 OK
Server: nginx
Content-Type: application/json
Content-Length: 92
X-Tt-Logid: 202501260117422B6B3CC6D5853C580371
x-tt-trace-host: 018e5a586174a888928d793bdac74b79b519a86797e72c2eba011e03e23beee17dc8b04edb836c681a15f9bcb933a545df2cfebbe2ac03ff6af6849dc88044913855285f13ea0c28bbbf34ab86f00c5c7b693fd3eb7ab20b798c9db3494159a5e9b38f125177c71a48d1acb3f6669750f9
x-tt-trace-id: 00-2501260117422B6B3CC6D5853C580371-10EBAB92685D7880-00
X-Origin-Response-Time: 39,23.32.17.13
X-Akamai-Request-ID: 99d5183.e284a8f
Expires: Sun, 26 Jan 2025 01:17:42 GMT
Cache-Control: max-age=0, no-cache, no-store
Pragma: no-cache
Date: Sun, 26 Jan 2025 01:17:42 GMT
X-Cache: TCP_MISS from a95-101-134-116.deploy.akamaitechnologies.com (AkamaiGHost/11.8.1-545a545a07b22376d11b3e238f123a02) (-)
Connection: close
X-Cache-Remote: TCP_MISS from a23-32-17-13.deploy.akamaitechnologies.com (AkamaiGHost/11.8.1-2c00874bde3a1f428b1fbbe8783f6d16) (-)
x-tt-trace-tag: id=16;cdn-cache=miss;type=dyn
Server-Timing: cdn-cache; desc=MISS, edge; dur=98, origin; dur=39
Server-Timing: inner; dur=22
X-Parent-Response-Time: 134,95.101.134.116

{"code": 0, "message": "OK", "request_id": "202501260117422B6B3CC6D5853C580371", "data": {}}
2025-01-26T01:19:55+00:00 DEBUG Tt4b_Pixel_Class::inject_add_to_cart_event: hit AddToCart
2025-01-26T01:19:55+00:00 DEBUG POST: https://business-api.tiktok.com/open_api/v1.3/event/track/

{"partner_name":"WooCommerce","event_source":"web","event_source_id":"CSM79Q3C77UAG1T340I0","data":[{"event":"AddToCart","event_id":"67958dbbd9a66_tt4b_woocommerce_670666209cf1f_SKU_197","event_time":1737854395,"user":{"ip":"54.36.149.70","user_agent":"Mozilla\/5.0 (compatible; AhrefsBot\/7.0; +http:\/\/ahrefs.com\/robot\/)","locale":"ar","external_id":"0","email":"e3b0c44298fc1c149afbf4c8996fb92427ae41e4649b934ca495991b7852b855","phone_number":"e3b0c44298fc1c149afbf4c8996fb92427ae41e4649b934ca495991b7852b855","first_name":"e3b0c44298fc1c149afbf4c8996fb92427ae41e4649b934ca495991b7852b855","last_name":"e3b0c44298fc1c149afbf4c8996fb92427ae41e4649b934ca495991b7852b855","zip_code":"e3b0c44298fc1c149afbf4c8996fb92427ae41e4649b934ca495991b7852b855"},"properties":{"contents":[{"price":0,"quantity":1,"content_id":"SKU_197","content_name":"\u0637\u0628\u0627\u0639\u0629 \u0628\u0631\u0634\u0648\u0631 \u0641\u0644\u0627\u064a\u0631 A5","description":"\u0641\u0644\u0627\u064a\u0631 \u0645\u0642\u0627\u0633 A5 \u0637\u0628\u0627\u0639\u0629 \u0631\u0642\u0645\u064a\u0629 \u0639\u0644\u0649 \u0648\u0631\u0642 \u0643\u0648\u0634\u064a\u0647.\r\n\u0645\u062f\u0629 \u0627\u0644\u062a\u0646\u0641\u064a\u0630 \u0627\u0644\u0645\u062a\u0648\u0642\u0639\u0629: 1 \u2013 3 \u0623\u064a\u0627\u0645 \u0639\u0645\u0644 \u0628\u0639\u062f \u062a\u0623\u0643\u064a\u062f \u0627\u0644\u0637\u0644\u0628 \u0648\u0627\u0644\u062a\u0635\u0645\u064a\u0645 \u0648\u062d\u0633\u0628 \u0627\u0644\u0643\u0645\u064a\u0629 (\u062a\u0632\u064a\u062f \u0627\u0644\u0645\u062f\u0629 \u0639\u0646\u062f \u0637\u0644\u0628 \u0627\u0644\u0634\u062d\u0646).","availability":"IN_STOCK","sale_price":0,"on_sale":false}],"content_type":"product","currency":"SAR","value":0,"event_trigger_source":"WooCommerce"},"page":{"url":"http:\/\/ibn-sinaa.com\/shop\/page\/9\/?add-to-cart=197"}}]}
 ajax: no
2025-01-26T01:19:56+00:00 DEBUG Tt4b_Mapi_Class::mapi_post: Response: 

HTTP/1.1 200 OK
Server: nginx
Content-Type: application/json
Content-Length: 92
X-Tt-Logid: 202501260119553BC3F2B46F7402A9E6B4
x-tt-trace-host: 018e5a586174a888928d793bdac74b79b519a86797e72c2eba011e03e23beee17dde4fddab5785245e6741e234a8e483f7434054e9a6f935460fc37713fdb72e72f185bdd5f266fc567ebef67a8a3050c662c866f732f66d51c15dee5cb22518d049cacc1b5267818a8823f2d9b0dd756e
x-tt-trace-id: 00-2501260119553BC3F2B46F7402A9E6B4-768499063843AD84-00
X-Origin-Response-Time: 30,23.213.246.241
X-Akamai-Request-ID: c34a5f3c.e29fdba
Expires: Sun, 26 Jan 2025 01:19:56 GMT
Cache-Control: max-age=0, no-cache, no-store
Pragma: no-cache
Date: Sun, 26 Jan 2025 01:19:56 GMT
X-Cache: TCP_MISS from a95-101-134-116.deploy.akamaitechnologies.com (AkamaiGHost/11.8.1-545a545a07b22376d11b3e238f123a02) (-)
Connection: close
X-Cache-Remote: TCP_MISS from a23-213-246-241.deploy.akamaitechnologies.com (AkamaiGHost/11.8.1-2c00874bde3a1f428b1fbbe8783f6d16) (-)
x-tt-trace-tag: id=16;cdn-cache=miss;type=dyn
Server-Timing: cdn-cache; desc=MISS, edge; dur=88, origin; dur=30
Server-Timing: inner; dur=24
X-Parent-Response-Time: 113,95.101.134.116

{"code": 0, "message": "OK", "request_id": "202501260119553BC3F2B46F7402A9E6B4", "data": {}}
2025-01-26T01:19:56+00:00 DEBUG POST: https://business-api.tiktok.com/open_api/v1.3/event/track/

{"partner_name":"WooCommerce","event_source":"web","event_source_id":"CSM79Q3C77UAG1T340I0","data":[{"event":"Pageview","event_id":"67958dbcbb586_tt4b_woocommerce_670666209cf1f","event_time":1737854396,"user":{"ip":"54.36.149.70","user_agent":"Mozilla\/5.0 (compatible; AhrefsBot\/7.0; +http:\/\/ahrefs.com\/robot\/)","locale":"ar","external_id":"0","email":"e3b0c44298fc1c149afbf4c8996fb92427ae41e4649b934ca495991b7852b855","phone_number":"e3b0c44298fc1c149afbf4c8996fb92427ae41e4649b934ca495991b7852b855","first_name":"e3b0c44298fc1c149afbf4c8996fb92427ae41e4649b934ca495991b7852b855","last_name":"e3b0c44298fc1c149afbf4c8996fb92427ae41e4649b934ca495991b7852b855","zip_code":"e3b0c44298fc1c149afbf4c8996fb92427ae41e4649b934ca495991b7852b855"},"page":{"url":"http:\/\/ibn-sinaa.com\/shop\/page\/9\/?add-to-cart=197"}}]}
 ajax: no
2025-01-26T01:19:56+00:00 DEBUG Tt4b_Mapi_Class::mapi_post: Response: 

HTTP/1.1 200 OK
Server: nginx
Content-Type: application/json
Content-Length: 92
X-Tt-Logid: 20250126011956494D6CF56A633FC55E8D
Server-Timing: inner; dur=26
x-tt-trace-host: 018e5a586174a888928d793bdac74b79b520593bf434961dbceff88e4b17f9a1568330d5268c34aad04c6ef02d2cff58fb99c62e5954567d7cef9c02c4ed8674dd67d81086e6492321864a7a54e03837d272dc97a123b59af320008c10e9da7f0e
x-tt-trace-id: 00-250126011956494D6CF56A633FC55E8D-7952C01B8F515416-00
Expires: Sun, 26 Jan 2025 01:19:56 GMT
Cache-Control: max-age=0, no-cache, no-store
Pragma: no-cache
Date: Sun, 26 Jan 2025 01:19:56 GMT
X-Cache: TCP_MISS from a95-101-134-116.deploy.akamaitechnologies.com (AkamaiGHost/11.8.1-545a545a07b22376d11b3e238f123a02) (-)
Connection: close
x-tt-trace-tag: id=16;cdn-cache=miss;type=dyn
Server-Timing: cdn-cache; desc=MISS, edge; dur=3, origin; dur=109
X-Origin-Response-Time: 109,95.101.134.116
X-Akamai-Request-ID: e2a0090

{"code": 0, "message": "OK", "request_id": "20250126011956494D6CF56A633FC55E8D", "data": {}}
2025-01-26T01:24:40+00:00 DEBUG Tt4b_Pixel_Class::inject_add_to_cart_event: hit AddToCart
2025-01-26T01:24:40+00:00 DEBUG POST: https://business-api.tiktok.com/open_api/v1.3/event/track/

{"partner_name":"WooCommerce","event_source":"web","event_source_id":"CSM79Q3C77UAG1T340I0","data":[{"event":"AddToCart","event_id":"67958ed81ba86_tt4b_woocommerce_670666209cf1f_SKU_198","event_time":1737854680,"user":{"ip":"54.36.148.249","user_agent":"Mozilla\/5.0 (compatible; AhrefsBot\/7.0; +http:\/\/ahrefs.com\/robot\/)","locale":"ar","external_id":"0","email":"e3b0c44298fc1c149afbf4c8996fb92427ae41e4649b934ca495991b7852b855","phone_number":"e3b0c44298fc1c149afbf4c8996fb92427ae41e4649b934ca495991b7852b855","first_name":"e3b0c44298fc1c149afbf4c8996fb92427ae41e4649b934ca495991b7852b855","last_name":"e3b0c44298fc1c149afbf4c8996fb92427ae41e4649b934ca495991b7852b855","zip_code":"e3b0c44298fc1c149afbf4c8996fb92427ae41e4649b934ca495991b7852b855"},"properties":{"contents":[{"price":0,"quantity":1,"content_id":"SKU_198","content_name":"\u0637\u0628\u0627\u0639\u0629 \u0628\u0631\u0634\u0648\u0631 \u0641\u0644\u0627\u064a\u0631 A4","description":"<ul>\r\n \t<li>\u0641\u0644\u0627\u064a\u0631 \u0645\u0642\u0627\u0633 A4 \u0637\u0628\u0627\u0639\u0629 \u0639\u0644\u0649 \u0648\u0631\u0642 \u0643\u0648\u0634\u064a\u0647 150 \u062c\u0631\u0627\u0645 \u0628\u062c\u0648\u062f\u0629 \u0639\u0627\u0644\u064a\u0629.<\/li>\r\n \t<li>\u0645\u062f\u0629 \u0627\u0644\u062a\u0646\u0641\u064a\u0630 \u0627\u0644\u0645\u062a\u0648\u0642\u0639\u0629: 1 \u2013 3 \u0623\u064a\u0627\u0645 \u0639\u0645\u0644 \u0628\u0639\u062f \u062a\u0623\u0643\u064a\u062f \u0627\u0644\u0637\u0644\u0628 \u0648\u0627\u0644\u062a\u0635\u0645\u064a\u0645 \u0648\u062d\u0633\u0628 \u0627\u0644\u0643\u0645\u064a\u0629 (\u062a\u0632\u064a\u062f \u0627\u0644\u0645\u062f\u0629 \u0639\u0646\u062f \u0637\u0644\u0628 \u0627\u0644\u0634\u062d\u0646).<\/li>\r\n<\/ul>","availability":"IN_STOCK","sale_price":0,"on_sale":false}],"content_type":"product","currency":"SAR","value":0,"event_trigger_source":"WooCommerce"},"page":{"url":"http:\/\/ibn-sinaa.com\/shop\/page\/9\/?add-to-cart=198"}}]}
 ajax: no
2025-01-26T01:24:40+00:00 DEBUG Tt4b_Mapi_Class::mapi_post: Response: 

HTTP/1.1 200 OK
Server: nginx
Content-Type: application/json
Content-Length: 92
X-Tt-Logid: 20250126012440E1EC3F073C1F1EB9A2C1
Server-Timing: inner; dur=25
x-tt-trace-host: 018e5a586174a888928d793bdac74b79b51a437ee89a1c03eb2011d034a2e3e9f5c5baf292b2e0b24097e66c60c2ac3109fbd7f952a1dc1874856af250f0797e1008847f7306d221b058539571d38cf8ebe0d4ee391cc8f90160681c7762169886
x-tt-trace-id: 00-250126012440E1EC3F073C1F1EB9A2C1-3BDF8787B3A4AB21-00
Expires: Sun, 26 Jan 2025 01:24:40 GMT
Cache-Control: max-age=0, no-cache, no-store
Pragma: no-cache
Date: Sun, 26 Jan 2025 01:24:40 GMT
X-Cache: TCP_MISS from a95-101-134-92.deploy.akamaitechnologies.com (AkamaiGHost/11.8.0-1debf780f7d7c834933fa9689361eec6) (-)
Connection: close
x-tt-trace-tag: id=16;cdn-cache=miss;type=dyn
Server-Timing: cdn-cache; desc=MISS, edge; dur=5, origin; dur=105
X-Origin-Response-Time: 105,95.101.134.92
X-Akamai-Request-ID: 12c01946

{"code": 0, "message": "OK", "request_id": "20250126012440E1EC3F073C1F1EB9A2C1", "data": {}}
2025-01-26T01:24:40+00:00 DEBUG POST: https://business-api.tiktok.com/open_api/v1.3/event/track/

{"partner_name":"WooCommerce","event_source":"web","event_source_id":"CSM79Q3C77UAG1T340I0","data":[{"event":"Pageview","event_id":"67958ed897648_tt4b_woocommerce_670666209cf1f","event_time":1737854680,"user":{"ip":"54.36.148.249","user_agent":"Mozilla\/5.0 (compatible; AhrefsBot\/7.0; +http:\/\/ahrefs.com\/robot\/)","locale":"ar","external_id":"0","email":"e3b0c44298fc1c149afbf4c8996fb92427ae41e4649b934ca495991b7852b855","phone_number":"e3b0c44298fc1c149afbf4c8996fb92427ae41e4649b934ca495991b7852b855","first_name":"e3b0c44298fc1c149afbf4c8996fb92427ae41e4649b934ca495991b7852b855","last_name":"e3b0c44298fc1c149afbf4c8996fb92427ae41e4649b934ca495991b7852b855","zip_code":"e3b0c44298fc1c149afbf4c8996fb92427ae41e4649b934ca495991b7852b855"},"page":{"url":"http:\/\/ibn-sinaa.com\/shop\/page\/9\/?add-to-cart=198"}}]}
 ajax: no
2025-01-26T01:24:40+00:00 DEBUG Tt4b_Mapi_Class::mapi_post: Response: 

HTTP/1.1 200 OK
Server: nginx
Content-Type: application/json
Content-Length: 92
X-Tt-Logid: 202501260124404F235B69C972B9052887
Server-Timing: inner; dur=42
x-tt-trace-host: 018e5a586174a888928d793bdac74b79b520593bf434961dbceff88e4b17f9a156c36aaf4b8a668af80567322d05ac64db91a422085fff743e8e57d6614cc54e298deb801fc5188712ed0d6e1625a9b65333c690e12f714a56425f4c9264cce824
x-tt-trace-id: 00-2501260124404F235B69C972B9052887-4B1093E76C16A6B0-00
Expires: Sun, 26 Jan 2025 01:24:40 GMT
Cache-Control: max-age=0, no-cache, no-store
Pragma: no-cache
Date: Sun, 26 Jan 2025 01:24:40 GMT
X-Cache: TCP_MISS from a95-101-134-116.deploy.akamaitechnologies.com (AkamaiGHost/11.8.1-545a545a07b22376d11b3e238f123a02) (-)
Connection: close
x-tt-trace-tag: id=16;cdn-cache=miss;type=dyn
Server-Timing: cdn-cache; desc=MISS, edge; dur=3, origin; dur=122
X-Origin-Response-Time: 122,95.101.134.116
X-Akamai-Request-ID: e2d7811

{"code": 0, "message": "OK", "request_id": "202501260124404F235B69C972B9052887", "data": {}}
2025-01-26T01:25:39+00:00 DEBUG POST: https://business-api.tiktok.com/open_api/v1.3/event/track/

{"partner_name":"WooCommerce","event_source":"web","event_source_id":"CSM79Q3C77UAG1T340I0","data":[{"event":"Pageview","event_id":"67958f13209e1_tt4b_woocommerce_670666209cf1f","event_time":1737854739,"user":{"ip":"52.167.144.149","user_agent":"Mozilla\/5.0 AppleWebKit\/537.36 (KHTML, like Gecko; compatible; bingbot\/2.0; +http:\/\/www.bing.com\/bingbot.htm) Chrome\/116.0.1938.76 Safari\/537.36","locale":"ar","external_id":"0","email":"e3b0c44298fc1c149afbf4c8996fb92427ae41e4649b934ca495991b7852b855","phone_number":"e3b0c44298fc1c149afbf4c8996fb92427ae41e4649b934ca495991b7852b855","first_name":"e3b0c44298fc1c149afbf4c8996fb92427ae41e4649b934ca495991b7852b855","last_name":"e3b0c44298fc1c149afbf4c8996fb92427ae41e4649b934ca495991b7852b855","zip_code":"e3b0c44298fc1c149afbf4c8996fb92427ae41e4649b934ca495991b7852b855"},"page":{"url":"http:\/\/www.ibn-sinaa.com\/return-policy\/"}}]}
 ajax: no
2025-01-26T01:25:39+00:00 DEBUG Tt4b_Mapi_Class::mapi_post: Response: 

HTTP/1.1 200 OK
Server: nginx
Content-Type: application/json
Content-Length: 92
X-Tt-Logid: 20250126012539A380DB5645C7DE538588
Server-Timing: inner; dur=179
x-tt-trace-host: 018e5a586174a888928d793bdac74b79b51a437ee89a1c03eb2011d034a2e3e9f56fec18b908abd10a270e80611d0afe0498200b813601f455087a74c79b01164804846dab25f4b36204dc8f4dffb6f778c042a65842ddd9867d9a9db6c3e967ca
x-tt-trace-id: 00-250126012539A380DB5645C7DE538588-7CDF273E456A7AEA-00
Expires: Sun, 26 Jan 2025 01:25:39 GMT
Cache-Control: max-age=0, no-cache, no-store
Pragma: no-cache
Date: Sun, 26 Jan 2025 01:25:39 GMT
X-Cache: TCP_MISS from a95-101-134-92.deploy.akamaitechnologies.com (AkamaiGHost/11.8.0-1debf780f7d7c834933fa9689361eec6) (-)
Connection: close
x-tt-trace-tag: id=16;cdn-cache=miss;type=dyn
Server-Timing: cdn-cache; desc=MISS, edge; dur=3, origin; dur=258
X-Origin-Response-Time: 259,95.101.134.92
X-Akamai-Request-ID: 12c1380c

{"code": 0, "message": "OK", "request_id": "20250126012539A380DB5645C7DE538588", "data": {}}
2025-01-26T01:29:02+00:00 DEBUG Tt4b_Pixel_Class::inject_add_to_cart_event: hit AddToCart
2025-01-26T01:29:02+00:00 DEBUG POST: https://business-api.tiktok.com/open_api/v1.3/event/track/

{"partner_name":"WooCommerce","event_source":"web","event_source_id":"CSM79Q3C77UAG1T340I0","data":[{"event":"AddToCart","event_id":"67958fdeccada_tt4b_woocommerce_670666209cf1f_SKU_199","event_time":1737854942,"user":{"ip":"54.36.149.43","user_agent":"Mozilla\/5.0 (compatible; AhrefsBot\/7.0; +http:\/\/ahrefs.com\/robot\/)","locale":"ar","external_id":"0","email":"e3b0c44298fc1c149afbf4c8996fb92427ae41e4649b934ca495991b7852b855","phone_number":"e3b0c44298fc1c149afbf4c8996fb92427ae41e4649b934ca495991b7852b855","first_name":"e3b0c44298fc1c149afbf4c8996fb92427ae41e4649b934ca495991b7852b855","last_name":"e3b0c44298fc1c149afbf4c8996fb92427ae41e4649b934ca495991b7852b855","zip_code":"e3b0c44298fc1c149afbf4c8996fb92427ae41e4649b934ca495991b7852b855"},"properties":{"contents":[{"price":0,"quantity":1,"content_id":"SKU_199","content_name":"\u0637\u0628\u0627\u0639\u0629 \u0628\u0631\u0634\u0648\u0631 \u0645\u0637\u0648\u064a\u0629 A4","description":"\u0628\u0631\u0648\u0634\u0648\u0631 \u0645\u0637\u0648\u064a \u062d\u0633\u0628 \u062a\u0635\u0645\u064a\u0645 \u0627\u0644\u0639\u0645\u064a\u0644 \u0648\u0631\u0642 \u0643\u0648\u0634\u064a\u0647 \u0645\u0637\u0641\u064a 150 \u062c\u0631\u0627\u0645.\r\n\u0645\u062f\u0629 \u0627\u0644\u062a\u0646\u0641\u064a\u0630 \u0627\u0644\u0645\u062a\u0648\u0642\u0639\u0629: 3 \u2013 5 \u0623\u064a\u0627\u0645 \u0639\u0645\u0644 \u0628\u0639\u062f \u062a\u0623\u0643\u064a\u062f \u0627\u0644\u0637\u0644\u0628 \u0648\u0627\u0644\u062a\u0635\u0645\u064a\u0645 \u0648\u062d\u0633\u0628 \u0627\u0644\u0643\u0645\u064a\u0629 (\u062a\u0632\u064a\u062f \u0627\u0644\u0645\u062f\u0629 \u0639\u0646\u062f \u0637\u0644\u0628 \u0627\u0644\u0634\u062d\u0646).","availability":"IN_STOCK","sale_price":0,"on_sale":false}],"content_type":"product","currency":"SAR","value":0,"event_trigger_source":"WooCommerce"},"page":{"url":"http:\/\/ibn-sinaa.com\/shop\/page\/9\/?add-to-cart=199"}}]}
 ajax: no
2025-01-26T01:29:03+00:00 DEBUG Tt4b_Mapi_Class::mapi_post: Response: 

HTTP/1.1 200 OK
Server: nginx
Content-Type: application/json
Content-Length: 92
X-Tt-Logid: 202501260129020F5F0C84A3ADBC7E1C0B
Server-Timing: inner; dur=35
x-tt-trace-host: 018e5a586174a888928d793bdac74b79b520593bf434961dbceff88e4b17f9a156b51a011544b0602603aa56b3cec925e66c28e7f05b8ff34c9de58869d8cd0162dbd1b9021d42b15e6c857957e4b443c900bec96ef12d998129d05c2b24253fe3
x-tt-trace-id: 00-2501260129020F5F0C84A3ADBC7E1C0B-392C7933737BDDC0-00
Expires: Sun, 26 Jan 2025 01:29:03 GMT
Cache-Control: max-age=0, no-cache, no-store
Pragma: no-cache
Date: Sun, 26 Jan 2025 01:29:03 GMT
X-Cache: TCP_MISS from a95-101-134-116.deploy.akamaitechnologies.com (AkamaiGHost/11.8.1-545a545a07b22376d11b3e238f123a02) (-)
Connection: close
x-tt-trace-tag: id=16;cdn-cache=miss;type=dyn
Server-Timing: cdn-cache; desc=MISS, edge; dur=4, origin; dur=119
X-Origin-Response-Time: 119,95.101.134.116
X-Akamai-Request-ID: e30b8f2

{"code": 0, "message": "OK", "request_id": "202501260129020F5F0C84A3ADBC7E1C0B", "data": {}}
2025-01-26T01:29:03+00:00 DEBUG POST: https://business-api.tiktok.com/open_api/v1.3/event/track/

{"partner_name":"WooCommerce","event_source":"web","event_source_id":"CSM79Q3C77UAG1T340I0","data":[{"event":"Pageview","event_id":"67958fdf5fbc3_tt4b_woocommerce_670666209cf1f","event_time":1737854943,"user":{"ip":"54.36.149.43","user_agent":"Mozilla\/5.0 (compatible; AhrefsBot\/7.0; +http:\/\/ahrefs.com\/robot\/)","locale":"ar","external_id":"0","email":"e3b0c44298fc1c149afbf4c8996fb92427ae41e4649b934ca495991b7852b855","phone_number":"e3b0c44298fc1c149afbf4c8996fb92427ae41e4649b934ca495991b7852b855","first_name":"e3b0c44298fc1c149afbf4c8996fb92427ae41e4649b934ca495991b7852b855","last_name":"e3b0c44298fc1c149afbf4c8996fb92427ae41e4649b934ca495991b7852b855","zip_code":"e3b0c44298fc1c149afbf4c8996fb92427ae41e4649b934ca495991b7852b855"},"page":{"url":"http:\/\/ibn-sinaa.com\/shop\/page\/9\/?add-to-cart=199"}}]}
 ajax: no
2025-01-26T01:29:03+00:00 DEBUG Tt4b_Mapi_Class::mapi_post: Response: 

HTTP/1.1 200 OK
Server: nginx
Content-Type: application/json
Content-Length: 92
X-Tt-Logid: 202501260129038C34837F176C9C7D2C93
Server-Timing: inner; dur=29
x-tt-trace-host: 018e5a586174a888928d793bdac74b79b51a437ee89a1c03eb2011d034a2e3e9f5a5c20092e0dd12780e3421e5d453a4b94a99c5ad21ff2f8b8121f265dcc9f072bf8ba5f15e18188ab00034ec768a092d9bb3808e8969b0729f10b2873b2ac212
x-tt-trace-id: 00-2501260129038C34837F176C9C7D2C93-74C31C8F74A58318-00
Expires: Sun, 26 Jan 2025 01:29:03 GMT
Cache-Control: max-age=0, no-cache, no-store
Pragma: no-cache
Date: Sun, 26 Jan 2025 01:29:03 GMT
X-Cache: TCP_MISS from a95-101-134-92.deploy.akamaitechnologies.com (AkamaiGHost/11.8.0-1debf780f7d7c834933fa9689361eec6) (-)
Connection: close
x-tt-trace-tag: id=16;cdn-cache=miss;type=dyn
Server-Timing: cdn-cache; desc=MISS, edge; dur=2, origin; dur=113
X-Origin-Response-Time: 113,95.101.134.92
X-Akamai-Request-ID: 12c5d0ed

{"code": 0, "message": "OK", "request_id": "202501260129038C34837F176C9C7D2C93", "data": {}}
2025-01-26T01:31:03+00:00 DEBUG Tt4b_Pixel_Class::inject_add_to_cart_event: hit AddToCart
2025-01-26T01:31:03+00:00 DEBUG POST: https://business-api.tiktok.com/open_api/v1.3/event/track/

{"partner_name":"WooCommerce","event_source":"web","event_source_id":"CSM79Q3C77UAG1T340I0","data":[{"event":"AddToCart","event_id":"6795905765690_tt4b_woocommerce_670666209cf1f_SKU_200","event_time":1737855063,"user":{"ip":"54.36.148.80","user_agent":"Mozilla\/5.0 (compatible; AhrefsBot\/7.0; +http:\/\/ahrefs.com\/robot\/)","locale":"ar","external_id":"0","email":"e3b0c44298fc1c149afbf4c8996fb92427ae41e4649b934ca495991b7852b855","phone_number":"e3b0c44298fc1c149afbf4c8996fb92427ae41e4649b934ca495991b7852b855","first_name":"e3b0c44298fc1c149afbf4c8996fb92427ae41e4649b934ca495991b7852b855","last_name":"e3b0c44298fc1c149afbf4c8996fb92427ae41e4649b934ca495991b7852b855","zip_code":"e3b0c44298fc1c149afbf4c8996fb92427ae41e4649b934ca495991b7852b855"},"properties":{"contents":[{"price":0,"quantity":1,"content_id":"SKU_200","content_name":"\u0637\u0628\u0627\u0639\u0629 \u0628\u0631\u0634\u0648\u0631 \u0645\u0637\u0648\u064a\u0629 A3","description":"\u0628\u0631\u0648\u0634\u0648\u0631 \u0645\u0637\u0648\u064a \u062d\u0633\u0628 \u062a\u0635\u0645\u064a\u0645 \u0627\u0644\u0639\u0645\u064a\u0644 \u0648\u0631\u0642 \u0643\u0648\u0634\u064a\u0647 \u0645\u0637\u0641\u064a 150 \u062c\u0631\u0627\u0645\r\n\u0645\u062f\u0629 \u0627\u0644\u062a\u0646\u0641\u064a\u0630 \u0627\u0644\u0645\u062a\u0648\u0642\u0639\u0629: 1 \u2013 3 \u0623\u064a\u0627\u0645 \u0639\u0645\u0644 \u0628\u0639\u062f \u062a\u0623\u0643\u064a\u062f \u0627\u0644\u0637\u0644\u0628 \u0648\u0627\u0644\u062a\u0635\u0645\u064a\u0645 \u0648\u062d\u0633\u0628 \u0627\u0644\u0643\u0645\u064a\u0629 (\u062a\u0632\u064a\u062f \u0627\u0644\u0645\u062f\u0629 \u0639\u0646\u062f \u0637\u0644\u0628 \u0627\u0644\u0634\u062d\u0646).","availability":"IN_STOCK","sale_price":0,"on_sale":false}],"content_type":"product","currency":"SAR","value":0,"event_trigger_source":"WooCommerce"},"page":{"url":"http:\/\/ibn-sinaa.com\/shop\/page\/9\/?add-to-cart=200"}}]}
 ajax: no
2025-01-26T01:31:03+00:00 DEBUG Tt4b_Mapi_Class::mapi_post: Response: 

HTTP/1.1 200 OK
Server: nginx
Content-Type: application/json
Content-Length: 92
X-Tt-Logid: 20250126013103523191E2D71AC3AD7E6B
x-tt-trace-host: 018e5a586174a888928d793bdac74b79b519a86797e72c2eba011e03e23beee17d1ac9a65068de5f1eb0e4e6fc5173f015deb875f9a4d6185383b64b4038223c80d928473b2b94cfc45317fd16be02e7e214fd7bcc6a4079ac0d148693c141fb850433d7f1dbd075df1ae6074b26dbbc5d
x-tt-trace-id: 00-250126013103523191E2D71AC3AD7E6B-1FDF823B51FEB5D2-00
X-Origin-Response-Time: 38,23.213.246.229
X-Akamai-Request-ID: 7276c8b6.e323a16
Expires: Sun, 26 Jan 2025 01:31:03 GMT
Cache-Control: max-age=0, no-cache, no-store
Pragma: no-cache
Date: Sun, 26 Jan 2025 01:31:03 GMT
X-Cache: TCP_MISS from a95-101-134-116.deploy.akamaitechnologies.com (AkamaiGHost/11.8.1-545a545a07b22376d11b3e238f123a02) (-)
Connection: close
X-Cache-Remote: TCP_MISS from a23-213-246-229.deploy.akamaitechnologies.com (AkamaiGHost/11.8.0-2d0f2d516c5d43e1487924a77ec5924a) (-)
x-tt-trace-tag: id=16;cdn-cache=miss;type=dyn
Server-Timing: cdn-cache; desc=MISS, edge; dur=84, origin; dur=38
Server-Timing: inner; dur=33
X-Parent-Response-Time: 118,95.101.134.116

{"code": 0, "message": "OK", "request_id": "20250126013103523191E2D71AC3AD7E6B", "data": {}}
2025-01-26T01:31:03+00:00 DEBUG POST: https://business-api.tiktok.com/open_api/v1.3/event/track/

{"partner_name":"WooCommerce","event_source":"web","event_source_id":"CSM79Q3C77UAG1T340I0","data":[{"event":"Pageview","event_id":"67959057e6aff_tt4b_woocommerce_670666209cf1f","event_time":1737855063,"user":{"ip":"54.36.148.80","user_agent":"Mozilla\/5.0 (compatible; AhrefsBot\/7.0; +http:\/\/ahrefs.com\/robot\/)","locale":"ar","external_id":"0","email":"e3b0c44298fc1c149afbf4c8996fb92427ae41e4649b934ca495991b7852b855","phone_number":"e3b0c44298fc1c149afbf4c8996fb92427ae41e4649b934ca495991b7852b855","first_name":"e3b0c44298fc1c149afbf4c8996fb92427ae41e4649b934ca495991b7852b855","last_name":"e3b0c44298fc1c149afbf4c8996fb92427ae41e4649b934ca495991b7852b855","zip_code":"e3b0c44298fc1c149afbf4c8996fb92427ae41e4649b934ca495991b7852b855"},"page":{"url":"http:\/\/ibn-sinaa.com\/shop\/page\/9\/?add-to-cart=200"}}]}
 ajax: no
2025-01-26T01:31:04+00:00 DEBUG Tt4b_Mapi_Class::mapi_post: Response: 

HTTP/1.1 200 OK
Server: nginx
Content-Type: application/json
Content-Length: 92
X-Tt-Logid: 202501260131040B938BD1CBF6E5BCFCD9
Server-Timing: inner; dur=20
x-tt-trace-host: 018e5a586174a888928d793bdac74b79b51a437ee89a1c03eb2011d034a2e3e9f599e0410087f5bd26f87cd31aca29262b8ea256663d3a99672572691c65b9a1ca4bab7f52806084157a1717189a3563da34d46190ddc33cf1104bbba990686f50
x-tt-trace-id: 00-2501260131040B938BD1CBF6E5BCFCD9-08D7D56E53F06652-00
Expires: Sun, 26 Jan 2025 01:31:04 GMT
Cache-Control: max-age=0, no-cache, no-store
Pragma: no-cache
Date: Sun, 26 Jan 2025 01:31:04 GMT
X-Cache: TCP_MISS from a95-101-134-92.deploy.akamaitechnologies.com (AkamaiGHost/11.8.0-1debf780f7d7c834933fa9689361eec6) (-)
Connection: close
x-tt-trace-tag: id=16;cdn-cache=miss;type=dyn
Server-Timing: cdn-cache; desc=MISS, edge; dur=3, origin; dur=100
X-Origin-Response-Time: 101,95.101.134.92
X-Akamai-Request-ID: 12c87811

{"code": 0, "message": "OK", "request_id": "202501260131040B938BD1CBF6E5BCFCD9", "data": {}}
2025-01-26T01:33:01+00:00 DEBUG Tt4b_Pixel_Class::inject_add_to_cart_event: hit AddToCart
2025-01-26T01:33:01+00:00 DEBUG POST: https://business-api.tiktok.com/open_api/v1.3/event/track/

{"partner_name":"WooCommerce","event_source":"web","event_source_id":"CSM79Q3C77UAG1T340I0","data":[{"event":"AddToCart","event_id":"679590cd9293d_tt4b_woocommerce_670666209cf1f_SKU_22","event_time":1737855181,"user":{"ip":"54.36.148.194","user_agent":"Mozilla\/5.0 (compatible; AhrefsBot\/7.0; +http:\/\/ahrefs.com\/robot\/)","locale":"ar","external_id":"0","email":"e3b0c44298fc1c149afbf4c8996fb92427ae41e4649b934ca495991b7852b855","phone_number":"e3b0c44298fc1c149afbf4c8996fb92427ae41e4649b934ca495991b7852b855","first_name":"e3b0c44298fc1c149afbf4c8996fb92427ae41e4649b934ca495991b7852b855","last_name":"e3b0c44298fc1c149afbf4c8996fb92427ae41e4649b934ca495991b7852b855","zip_code":"e3b0c44298fc1c149afbf4c8996fb92427ae41e4649b934ca495991b7852b855"},"properties":{"contents":[{"price":0,"quantity":1,"content_id":"SKU_22","content_name":"\u0637\u0628\u0627\u0639\u0629 \u0628\u0631\u0634\u0648\u0631 \u0641\u0644\u0627\u064a\u0631 A3","description":"\u0641\u0644\u0627\u064a\u0631 \u0645\u0642\u0627\u0633 A3 \u0637\u0628\u0627\u0639\u0629 \u0639\u0644\u0649 \u0648\u0631\u0642 \u0643\u0648\u0634\u064a\u0647 150 \u062c\u0631\u0627\u0645 \u0637\u0628\u0627\u0639\u0629 \u0628\u062c\u0648\u062f\u0629 \u0639\u0627\u0644\u064a\u0629.\r\n\u0645\u062f\u0629 \u0627\u0644\u062a\u0646\u0641\u064a\u0630 \u0627\u0644\u0645\u062a\u0648\u0642\u0639\u0629: 1 \u2013 3 \u0623\u064a\u0627\u0645 \u0639\u0645\u0644 \u0628\u0639\u062f \u062a\u0623\u0643\u064a\u062f \u0627\u0644\u0637\u0644\u0628 \u0648\u0627\u0644\u062a\u0635\u0645\u064a\u0645 \u0648\u062d\u0633\u0628 \u0627\u0644\u0643\u0645\u064a\u0629 (\u062a\u0632\u064a\u062f \u0627\u0644\u0645\u062f\u0629 \u0639\u0646\u062f \u0637\u0644\u0628 \u0627\u0644\u0634\u062d\u0646).","availability":"IN_STOCK","sale_price":0,"on_sale":false}],"content_type":"product","currency":"SAR","value":0,"event_trigger_source":"WooCommerce"},"page":{"url":"http:\/\/ibn-sinaa.com\/shop\/page\/9\/?add-to-cart=22"}}]}
 ajax: no
2025-01-26T01:33:01+00:00 DEBUG Tt4b_Mapi_Class::mapi_post: Response: 

HTTP/1.1 200 OK
Server: nginx
Content-Type: application/json
Content-Length: 92
X-Tt-Logid: 20250126013301BD380AE53B157A86173F
Server-Timing: inner; dur=34
x-tt-trace-host: 018e5a586174a888928d793bdac74b79b51a437ee89a1c03eb2011d034a2e3e9f5bbe7e368060fd13f64c14c70e95ab6c73cf0eb1aca8e8aedae21efcd2f55fd615dbd0e136635a3f4f4b616a250b34c0266b6dc6fbdcbaf6a698f6619f7f3daeb
x-tt-trace-id: 00-250126013301BD380AE53B157A86173F-6223839EA237EBE5-00
Expires: Sun, 26 Jan 2025 01:33:01 GMT
Cache-Control: max-age=0, no-cache, no-store
Pragma: no-cache
Date: Sun, 26 Jan 2025 01:33:01 GMT
X-Cache: TCP_MISS from a95-101-134-92.deploy.akamaitechnologies.com (AkamaiGHost/11.8.0-1debf780f7d7c834933fa9689361eec6) (-)
Connection: close
x-tt-trace-tag: id=16;cdn-cache=miss;type=dyn
Server-Timing: cdn-cache; desc=MISS, edge; dur=5, origin; dur=116
X-Origin-Response-Time: 116,95.101.134.92
X-Akamai-Request-ID: 12cb09f5

{"code": 0, "message": "OK", "request_id": "20250126013301BD380AE53B157A86173F", "data": {}}
2025-01-26T01:33:02+00:00 DEBUG POST: https://business-api.tiktok.com/open_api/v1.3/event/track/

{"partner_name":"WooCommerce","event_source":"web","event_source_id":"CSM79Q3C77UAG1T340I0","data":[{"event":"Pageview","event_id":"679590ce2e2cc_tt4b_woocommerce_670666209cf1f","event_time":1737855182,"user":{"ip":"54.36.148.194","user_agent":"Mozilla\/5.0 (compatible; AhrefsBot\/7.0; +http:\/\/ahrefs.com\/robot\/)","locale":"ar","external_id":"0","email":"e3b0c44298fc1c149afbf4c8996fb92427ae41e4649b934ca495991b7852b855","phone_number":"e3b0c44298fc1c149afbf4c8996fb92427ae41e4649b934ca495991b7852b855","first_name":"e3b0c44298fc1c149afbf4c8996fb92427ae41e4649b934ca495991b7852b855","last_name":"e3b0c44298fc1c149afbf4c8996fb92427ae41e4649b934ca495991b7852b855","zip_code":"e3b0c44298fc1c149afbf4c8996fb92427ae41e4649b934ca495991b7852b855"},"page":{"url":"http:\/\/ibn-sinaa.com\/shop\/page\/9\/?add-to-cart=22"}}]}
 ajax: no
2025-01-26T01:33:02+00:00 DEBUG Tt4b_Mapi_Class::mapi_post: Response: 

HTTP/1.1 200 OK
Server: nginx
Content-Type: application/json
Content-Length: 92
X-Tt-Logid: 202501260133020EFC7013D723FC5C3055
x-tt-trace-host: 018e5a586174a888928d793bdac74b79b519a86797e72c2eba011e03e23beee17ddd399332df3c535577788db727d2fd73e5da7951bb57076697c9f993b9128f93c39cd07c5510f1b0da3c326e441aa3b9c542674b18b10b44141593bb9eac0218b342f5faed5565ea1ba08ec5569c99bb
x-tt-trace-id: 00-2501260133020EFC7013D723FC5C3055-166519CC485660DD-00
X-Origin-Response-Time: 28,23.213.246.240
X-Akamai-Request-ID: 26e757e.e33b3e5
Expires: Sun, 26 Jan 2025 01:33:02 GMT
Cache-Control: max-age=0, no-cache, no-store
Pragma: no-cache
Date: Sun, 26 Jan 2025 01:33:02 GMT
X-Cache: TCP_MISS from a95-101-134-116.deploy.akamaitechnologies.com (AkamaiGHost/11.8.1-545a545a07b22376d11b3e238f123a02) (-)
Connection: close
X-Cache-Remote: TCP_MISS from a23-213-246-240.deploy.akamaitechnologies.com (AkamaiGHost/11.8.0-1debf780f7d7c834933fa9689361eec6) (-)
x-tt-trace-tag: id=16;cdn-cache=miss;type=dyn
Server-Timing: cdn-cache; desc=MISS, edge; dur=85, origin; dur=27
Server-Timing: inner; dur=24
X-Parent-Response-Time: 109,95.101.134.116

{"code": 0, "message": "OK", "request_id": "202501260133020EFC7013D723FC5C3055", "data": {}}
2025-01-26T01:34:58+00:00 DEBUG Tt4b_Pixel_Class::inject_add_to_cart_event: hit AddToCart
2025-01-26T01:34:58+00:00 DEBUG POST: https://business-api.tiktok.com/open_api/v1.3/event/track/

{"partner_name":"WooCommerce","event_source":"web","event_source_id":"CSM79Q3C77UAG1T340I0","data":[{"event":"AddToCart","event_id":"679591428f475_tt4b_woocommerce_670666209cf1f_3653","event_time":1737855298,"user":{"ip":"54.36.148.41","user_agent":"Mozilla\/5.0 (compatible; AhrefsBot\/7.0; +http:\/\/ahrefs.com\/robot\/)","locale":"ar","external_id":"0","email":"e3b0c44298fc1c149afbf4c8996fb92427ae41e4649b934ca495991b7852b855","phone_number":"e3b0c44298fc1c149afbf4c8996fb92427ae41e4649b934ca495991b7852b855","first_name":"e3b0c44298fc1c149afbf4c8996fb92427ae41e4649b934ca495991b7852b855","last_name":"e3b0c44298fc1c149afbf4c8996fb92427ae41e4649b934ca495991b7852b855","zip_code":"e3b0c44298fc1c149afbf4c8996fb92427ae41e4649b934ca495991b7852b855"},"properties":{"contents":[{"price":50,"quantity":1,"content_id":"3653","content_name":"\u0637\u0628\u0627\u0639\u0629 \u062a\u0627\u0642\u0627\u062a","description":"\u0637\u0628\u0627\u0639\u0629 \u062a\u0627\u0642\u0627\u062a \u0648\u0631\u0642\u064a \u0628\u0634\u0643\u0644 \u062f\u0627\u0626\u0631\u064a \u0645\u062a\u0639\u062f\u062f \u0627\u0644\u0627\u0633\u062a\u062e\u062f\u0627\u0645\u0627\u062a \u0637\u0628\u0627\u0639\u0629 \u0645\u0644\u0648\u0646\u0629.\r\n\u0644\u0637\u0644\u0628 \u0645\u0642\u0627\u0633 \u0645\u062e\u0635\u0635 \u063a\u064a\u0631 \u0627\u0644\u0645\u0639\u0631\u0648\u0636 \u062a\u0648\u0627\u0635\u0644 \u0645\u0639\u0646\u0627 \u0639\u0628\u0631 \u0627\u0644\u0648\u0627\u062a\u0633 \u0627\u0628.\r\n\u0645\u062f\u0629 \u0627\u0644\u062a\u0646\u0641\u064a\u0630 \u0627\u0644\u0645\u062a\u0648\u0642\u0639\u0629: \u0645\u0646 1 \u0625\u0644\u0649 3 \u0623\u064a\u0627\u0645 \u0628\u0639\u062f \u062a\u0623\u0643\u064a\u062f \u0627\u0644\u062a\u0635\u0645\u064a\u0645 \u0648\u0627\u0644\u0637\u0644\u0628 \u0648\u062d\u0633\u0628 \u0627\u0644\u0643\u0645\u064a\u0629 (\u062a\u0632\u064a\u062f \u0627\u0644\u0645\u062f\u0629 \u0639\u0646\u062f \u0637\u0644\u0628 \u0627\u0644\u0634\u062d\u0646)","availability":"IN_STOCK","sale_price":50,"on_sale":false}],"content_type":"product","currency":"SAR","value":50,"event_trigger_source":"WooCommerce"},"page":{"url":"http:\/\/ibn-sinaa.com\/shop\/page\/9\/?add-to-cart=3653"}}]}
 ajax: no
2025-01-26T01:34:58+00:00 DEBUG Tt4b_Mapi_Class::mapi_post: Response: 

HTTP/1.1 200 OK
Server: nginx
Content-Type: application/json
Content-Length: 92
X-Tt-Logid: 202501260134587C525E95C64ADD0BC340
x-tt-trace-host: 018e5a586174a888928d793bdac74b79b56517d7628cf0ffdff56b078ad2cf5615161547483036b61718961b3309901e7af95abd7a4fdccfd82c5562f44339c591d70db3653c18edd427ca4faf3984271ccea9a57d09fc7e7fc3fae03eb2d597a8d0c90de8a61648c18d60b72dc6ddbe85
x-tt-trace-id: 00-2501260134587C525E95C64ADD0BC340-371056A5971A5FDF-00
X-Origin-Response-Time: 34,23.32.17.13
X-Akamai-Request-ID: 9c7c5c1.12cd930e
Expires: Sun, 26 Jan 2025 01:34:58 GMT
Cache-Control: max-age=0, no-cache, no-store
Pragma: no-cache
Date: Sun, 26 Jan 2025 01:34:58 GMT
X-Cache: TCP_MISS from a95-101-134-92.deploy.akamaitechnologies.com (AkamaiGHost/11.8.0-1debf780f7d7c834933fa9689361eec6) (-)
Connection: close
X-Cache-Remote: TCP_MISS from a23-32-17-13.deploy.akamaitechnologies.com (AkamaiGHost/11.8.1-2c00874bde3a1f428b1fbbe8783f6d16) (-)
x-tt-trace-tag: id=16;cdn-cache=miss;type=dyn
Server-Timing: cdn-cache; desc=MISS, edge; dur=85, origin; dur=34
Server-Timing: inner; dur=30
X-Parent-Response-Time: 114,95.101.134.92

{"code": 0, "message": "OK", "request_id": "202501260134587C525E95C64ADD0BC340", "data": {}}
2025-01-26T01:34:59+00:00 DEBUG POST: https://business-api.tiktok.com/open_api/v1.3/event/track/

{"partner_name":"WooCommerce","event_source":"web","event_source_id":"CSM79Q3C77UAG1T340I0","data":[{"event":"Pageview","event_id":"679591431a3e6_tt4b_woocommerce_670666209cf1f","event_time":1737855299,"user":{"ip":"54.36.148.41","user_agent":"Mozilla\/5.0 (compatible; AhrefsBot\/7.0; +http:\/\/ahrefs.com\/robot\/)","locale":"ar","external_id":"0","email":"e3b0c44298fc1c149afbf4c8996fb92427ae41e4649b934ca495991b7852b855","phone_number":"e3b0c44298fc1c149afbf4c8996fb92427ae41e4649b934ca495991b7852b855","first_name":"e3b0c44298fc1c149afbf4c8996fb92427ae41e4649b934ca495991b7852b855","last_name":"e3b0c44298fc1c149afbf4c8996fb92427ae41e4649b934ca495991b7852b855","zip_code":"e3b0c44298fc1c149afbf4c8996fb92427ae41e4649b934ca495991b7852b855"},"page":{"url":"http:\/\/ibn-sinaa.com\/shop\/page\/9\/?add-to-cart=3653"}}]}
 ajax: no
2025-01-26T01:34:59+00:00 DEBUG Tt4b_Mapi_Class::mapi_post: Response: 

HTTP/1.1 200 OK
Server: nginx
Content-Type: application/json
Content-Length: 92
X-Tt-Logid: 20250126013459E5C14B7C8AE22A563EEB
Server-Timing: inner; dur=33
x-tt-trace-host: 018e5a586174a888928d793bdac74b79b520593bf434961dbceff88e4b17f9a15615af4a552b34a0a04d33a54646c49651369e66587b21f18a56820ecac67a3bcad6ca42f7897f4e04b446a090b6c6005c90d92363b753ecc12ae1eab325e657f7
x-tt-trace-id: 00-250126013459E5C14B7C8AE22A563EEB-555166304A933A2A-00
Expires: Sun, 26 Jan 2025 01:34:59 GMT
Cache-Control: max-age=0, no-cache, no-store
Pragma: no-cache
Date: Sun, 26 Jan 2025 01:34:59 GMT
X-Cache: TCP_MISS from a95-101-134-116.deploy.akamaitechnologies.com (AkamaiGHost/11.8.1-545a545a07b22376d11b3e238f123a02) (-)
Connection: close
x-tt-trace-tag: id=16;cdn-cache=miss;type=dyn
Server-Timing: cdn-cache; desc=MISS, edge; dur=4, origin; dur=115
X-Origin-Response-Time: 116,95.101.134.116
X-Akamai-Request-ID: e352a79

{"code": 0, "message": "OK", "request_id": "20250126013459E5C14B7C8AE22A563EEB", "data": {}}
2025-01-26T01:37:15+00:00 DEBUG Tt4b_Pixel_Class::inject_add_to_cart_event: hit AddToCart
2025-01-26T01:37:15+00:00 DEBUG POST: https://business-api.tiktok.com/open_api/v1.3/event/track/

{"partner_name":"WooCommerce","event_source":"web","event_source_id":"CSM79Q3C77UAG1T340I0","data":[{"event":"AddToCart","event_id":"679591cb87e76_tt4b_woocommerce_670666209cf1f_SKU_40","event_time":1737855435,"user":{"ip":"54.36.149.96","user_agent":"Mozilla\/5.0 (compatible; AhrefsBot\/7.0; +http:\/\/ahrefs.com\/robot\/)","locale":"ar","external_id":"0","email":"e3b0c44298fc1c149afbf4c8996fb92427ae41e4649b934ca495991b7852b855","phone_number":"e3b0c44298fc1c149afbf4c8996fb92427ae41e4649b934ca495991b7852b855","first_name":"e3b0c44298fc1c149afbf4c8996fb92427ae41e4649b934ca495991b7852b855","last_name":"e3b0c44298fc1c149afbf4c8996fb92427ae41e4649b934ca495991b7852b855","zip_code":"e3b0c44298fc1c149afbf4c8996fb92427ae41e4649b934ca495991b7852b855"},"properties":{"contents":[{"price":0,"quantity":1,"content_id":"SKU_40","content_name":"\u0637\u0628\u0627\u0639\u0629 \u0628\u0631\u0634\u0648\u0631 \u0645\u0637\u0648\u064a\u0629 A5","description":"\u0628\u0631\u0648\u0634\u0648\u0631 \u0645\u0637\u0648\u064a \u062d\u0633\u0628 \u062a\u0635\u0645\u064a\u0645 \u0627\u0644\u0639\u0645\u064a\u0644 \u0648\u0631\u0642 \u0643\u0648\u0634\u064a\u0647 \u0645\u0637\u0641\u064a 150 \u062c\u0631\u0627\u0645.\r\n\u0645\u062f\u0629 \u0627\u0644\u062a\u0646\u0641\u064a\u0630 \u0627\u0644\u0645\u062a\u0648\u0642\u0639\u0629: 3 \u2013 5 \u0623\u064a\u0627\u0645 \u0639\u0645\u0644 \u0628\u0639\u062f \u062a\u0623\u0643\u064a\u062f \u0627\u0644\u0637\u0644\u0628 \u0648\u0627\u0644\u062a\u0635\u0645\u064a\u0645 \u0648\u062d\u0633\u0628 \u0627\u0644\u0643\u0645\u064a\u0629 (\u062a\u0632\u064a\u062f \u0627\u0644\u0645\u062f\u0629 \u0639\u0646\u062f \u0637\u0644\u0628 \u0627\u0644\u0634\u062d\u0646).","availability":"IN_STOCK","sale_price":0,"on_sale":false}],"content_type":"product","currency":"SAR","value":0,"event_trigger_source":"WooCommerce"},"page":{"url":"http:\/\/ibn-sinaa.com\/shop\/page\/9\/?add-to-cart=40"}}]}
 ajax: no
2025-01-26T01:37:15+00:00 DEBUG Tt4b_Mapi_Class::mapi_post: Response: 

HTTP/1.1 200 OK
Server: nginx
Content-Type: application/json
Content-Length: 92
X-Tt-Logid: 202501260137158441E49147BDF37CC68D
x-tt-trace-host: 018e5a586174a888928d793bdac74b79b56517d7628cf0ffdff56b078ad2cf5615ac72e97d1a0829265000023be5809f3cfe6916e3d874a292c16a4270af14c66f7aec93a239810b5944c4365d73bbb39b1991193d4ff4a8b731ffd0b72f1d8898e53ce0a46beaa395fd1d8b7379278257
x-tt-trace-id: 00-2501260137158441E49147BDF37CC68D-45615F074BF9D722-00
X-Origin-Response-Time: 35,23.218.219.21
X-Akamai-Request-ID: 142701a1.12d0991a
Expires: Sun, 26 Jan 2025 01:37:15 GMT
Cache-Control: max-age=0, no-cache, no-store
Pragma: no-cache
Date: Sun, 26 Jan 2025 01:37:15 GMT
X-Cache: TCP_MISS from a95-101-134-92.deploy.akamaitechnologies.com (AkamaiGHost/11.8.0-1debf780f7d7c834933fa9689361eec6) (-)
Connection: close
X-Cache-Remote: TCP_MISS from a23-218-219-21.deploy.akamaitechnologies.com (AkamaiGHost/11.8.0-1debf780f7d7c834933fa9689361eec6) (-)
x-tt-trace-tag: id=16;cdn-cache=miss;type=dyn
Server-Timing: cdn-cache; desc=MISS, edge; dur=85, origin; dur=33
Server-Timing: inner; dur=30
X-Parent-Response-Time: 114,95.101.134.92

{"code": 0, "message": "OK", "request_id": "202501260137158441E49147BDF37CC68D", "data": {}}
2025-01-26T01:37:16+00:00 DEBUG POST: https://business-api.tiktok.com/open_api/v1.3/event/track/

{"partner_name":"WooCommerce","event_source":"web","event_source_id":"CSM79Q3C77UAG1T340I0","data":[{"event":"Pageview","event_id":"679591cc1cd1e_tt4b_woocommerce_670666209cf1f","event_time":1737855436,"user":{"ip":"54.36.149.96","user_agent":"Mozilla\/5.0 (compatible; AhrefsBot\/7.0; +http:\/\/ahrefs.com\/robot\/)","locale":"ar","external_id":"0","email":"e3b0c44298fc1c149afbf4c8996fb92427ae41e4649b934ca495991b7852b855","phone_number":"e3b0c44298fc1c149afbf4c8996fb92427ae41e4649b934ca495991b7852b855","first_name":"e3b0c44298fc1c149afbf4c8996fb92427ae41e4649b934ca495991b7852b855","last_name":"e3b0c44298fc1c149afbf4c8996fb92427ae41e4649b934ca495991b7852b855","zip_code":"e3b0c44298fc1c149afbf4c8996fb92427ae41e4649b934ca495991b7852b855"},"page":{"url":"http:\/\/ibn-sinaa.com\/shop\/page\/9\/?add-to-cart=40"}}]}
 ajax: no
2025-01-26T01:37:16+00:00 DEBUG Tt4b_Mapi_Class::mapi_post: Response: 

HTTP/1.1 200 OK
Server: nginx
Content-Type: application/json
Content-Length: 92
X-Tt-Logid: 20250126013716A6AF7BB09159997F322E
x-tt-trace-host: 018e5a586174a888928d793bdac74b79b56517d7628cf0ffdff56b078ad2cf561576c4034cffab1f6f77e23fdb8e38114fef8ba2fba73eeb067d259c7820a53a1758ba510c229fdcaaa7857f8a8c35ffd556d0c8b66bd75cb150cd40bbc49c6f47dbdc2edcf999e9f7881f38ba172d8beb
x-tt-trace-id: 00-250126013716A6AF7BB09159997F322E-5210D1029F8D0B69-00
X-Origin-Response-Time: 28,23.218.219.24
X-Akamai-Request-ID: 14a28205.12d09c0c
Expires: Sun, 26 Jan 2025 01:37:16 GMT
Cache-Control: max-age=0, no-cache, no-store
Pragma: no-cache
Date: Sun, 26 Jan 2025 01:37:16 GMT
X-Cache: TCP_MISS from a95-101-134-92.deploy.akamaitechnologies.com (AkamaiGHost/11.8.0-1debf780f7d7c834933fa9689361eec6) (-)
Connection: close
X-Cache-Remote: TCP_MISS from a23-218-219-24.deploy.akamaitechnologies.com (AkamaiGHost/11.8.1-2c00874bde3a1f428b1fbbe8783f6d16) (-)
x-tt-trace-tag: id=16;cdn-cache=miss;type=dyn
Server-Timing: cdn-cache; desc=MISS, edge; dur=83, origin; dur=28
Server-Timing: inner; dur=22
X-Parent-Response-Time: 109,95.101.134.92

{"code": 0, "message": "OK", "request_id": "20250126013716A6AF7BB09159997F322E", "data": {}}
2025-01-26T01:38:08+00:00 DEBUG POST: https://business-api.tiktok.com/open_api/v1.3/event/track/

{"partner_name":"WooCommerce","event_source":"web","event_source_id":"CSM79Q3C77UAG1T340I0","data":[{"event":"Pageview","event_id":"67959200cacb9_tt4b_woocommerce_670666209cf1f","event_time":1737855488,"user":{"ip":"66.249.66.18","user_agent":"Mozilla\/5.0 (Linux; Android 6.0.1; Nexus 5X Build\/MMB29P) AppleWebKit\/537.36 (KHTML, like Gecko) Chrome\/132.0.6834.83 Mobile Safari\/537.36 (compatible; Googlebot\/2.1; +http:\/\/www.google.com\/bot.html)","locale":"ar","external_id":"0","email":"e3b0c44298fc1c149afbf4c8996fb92427ae41e4649b934ca495991b7852b855","phone_number":"e3b0c44298fc1c149afbf4c8996fb92427ae41e4649b934ca495991b7852b855","first_name":"e3b0c44298fc1c149afbf4c8996fb92427ae41e4649b934ca495991b7852b855","last_name":"e3b0c44298fc1c149afbf4c8996fb92427ae41e4649b934ca495991b7852b855","zip_code":"e3b0c44298fc1c149afbf4c8996fb92427ae41e4649b934ca495991b7852b855"},"page":{"url":"http:\/\/mail.ibn-sinaa.com\/blog\/page\/2\/"}}]}
 ajax: no
2025-01-26T01:38:09+00:00 DEBUG Tt4b_Mapi_Class::mapi_post: Response: 

HTTP/1.1 200 OK
Server: nginx
Content-Type: application/json
Content-Length: 92
X-Tt-Logid: 20250126013808DFB6087EA5D30E0252FD
Server-Timing: inner; dur=33
x-tt-trace-host: 018e5a586174a888928d793bdac74b79b51a437ee89a1c03eb2011d034a2e3e9f5a5de970541aafcb150875d67fe753ced831e8514e569e4c2497d5cf2e23f0b5f09717c726319151dd5653c2873e6cf997ee7e58372059f182267a25daa086559
x-tt-trace-id: 00-250126013808DFB6087EA5D30E0252FD-0904E6CD367126EC-00
Expires: Sun, 26 Jan 2025 01:38:09 GMT
Cache-Control: max-age=0, no-cache, no-store
Pragma: no-cache
Date: Sun, 26 Jan 2025 01:38:09 GMT
X-Cache: TCP_MISS from a95-101-134-92.deploy.akamaitechnologies.com (AkamaiGHost/11.8.0-1debf780f7d7c834933fa9689361eec6) (-)
Connection: close
x-tt-trace-tag: id=16;cdn-cache=miss;type=dyn
Server-Timing: cdn-cache; desc=MISS, edge; dur=3, origin; dur=116
X-Origin-Response-Time: 116,95.101.134.92
X-Akamai-Request-ID: 12d1d978

{"code": 0, "message": "OK", "request_id": "20250126013808DFB6087EA5D30E0252FD", "data": {}}
2025-01-26T01:39:20+00:00 DEBUG POST: https://business-api.tiktok.com/open_api/v1.3/event/track/

{"partner_name":"WooCommerce","event_source":"web","event_source_id":"CSM79Q3C77UAG1T340I0","data":[{"event":"Pageview","event_id":"679592488319f_tt4b_woocommerce_670666209cf1f","event_time":1737855560,"user":{"ip":"54.36.148.219","user_agent":"Mozilla\/5.0 (compatible; AhrefsBot\/7.0; +http:\/\/ahrefs.com\/robot\/)","locale":"ar","external_id":"0","email":"e3b0c44298fc1c149afbf4c8996fb92427ae41e4649b934ca495991b7852b855","phone_number":"e3b0c44298fc1c149afbf4c8996fb92427ae41e4649b934ca495991b7852b855","first_name":"e3b0c44298fc1c149afbf4c8996fb92427ae41e4649b934ca495991b7852b855","last_name":"e3b0c44298fc1c149afbf4c8996fb92427ae41e4649b934ca495991b7852b855","zip_code":"e3b0c44298fc1c149afbf4c8996fb92427ae41e4649b934ca495991b7852b855"},"page":{"url":"http:\/\/mail.ibn-sinaa.com\/faq\/"}}]}
 ajax: no
2025-01-26T01:39:20+00:00 DEBUG Tt4b_Mapi_Class::mapi_post: Response: 

HTTP/1.1 200 OK
Server: nginx
Content-Type: application/json
Content-Length: 92
X-Tt-Logid: 20250126013920A90AE2AE884B9E588913
Server-Timing: inner; dur=32
x-tt-trace-host: 018e5a586174a888928d793bdac74b79b51a437ee89a1c03eb2011d034a2e3e9f5a1d52311243efde94b50fa5b204bbd565e65231f5aa9fb9d85b9c70e97649e5720724564eef5aea4f98195376b32b366016dfbe7cf2b4b90eb9f570bd7747207
x-tt-trace-id: 00-250126013920A90AE2AE884B9E588913-10FD7BBA3AF6A072-00
Expires: Sun, 26 Jan 2025 01:39:20 GMT
Cache-Control: max-age=0, no-cache, no-store
Pragma: no-cache
Date: Sun, 26 Jan 2025 01:39:20 GMT
X-Cache: TCP_MISS from a95-101-134-92.deploy.akamaitechnologies.com (AkamaiGHost/11.8.0-1debf780f7d7c834933fa9689361eec6) (-)
Connection: close
x-tt-trace-tag: id=16;cdn-cache=miss;type=dyn
Server-Timing: cdn-cache; desc=MISS, edge; dur=3, origin; dur=115
X-Origin-Response-Time: 115,95.101.134.92
X-Akamai-Request-ID: 12d383b2

{"code": 0, "message": "OK", "request_id": "20250126013920A90AE2AE884B9E588913", "data": {}}
2025-01-26T01:41:16+00:00 DEBUG POST: https://business-api.tiktok.com/open_api/v1.3/event/track/

{"partner_name":"WooCommerce","event_source":"web","event_source_id":"CSM79Q3C77UAG1T340I0","data":[{"event":"Pageview","event_id":"679592bc83a83_tt4b_woocommerce_670666209cf1f","event_time":1737855676,"user":{"ip":"54.36.148.55","user_agent":"Mozilla\/5.0 (compatible; AhrefsBot\/7.0; +http:\/\/ahrefs.com\/robot\/)","locale":"ar","external_id":"0","email":"e3b0c44298fc1c149afbf4c8996fb92427ae41e4649b934ca495991b7852b855","phone_number":"e3b0c44298fc1c149afbf4c8996fb92427ae41e4649b934ca495991b7852b855","first_name":"e3b0c44298fc1c149afbf4c8996fb92427ae41e4649b934ca495991b7852b855","last_name":"e3b0c44298fc1c149afbf4c8996fb92427ae41e4649b934ca495991b7852b855","zip_code":"e3b0c44298fc1c149afbf4c8996fb92427ae41e4649b934ca495991b7852b855"},"page":{"url":"http:\/\/www.ibn-sinaa.com\/product-category\/advertising\/pop-up-tables\/"}}]}
 ajax: no
2025-01-26T01:41:16+00:00 DEBUG Tt4b_Mapi_Class::mapi_post: Response: 

HTTP/1.1 200 OK
Server: nginx
Content-Type: application/json
Content-Length: 92
X-Tt-Logid: 20250126014116DA481F36B3E5F95CCB71
x-tt-trace-host: 018e5a586174a888928d793bdac74b79b519a86797e72c2eba011e03e23beee17d380bcbefd4348a4740a6a7724147ec3e8b19a4a7de05c56186f1d5274df32a30345e0e9579b46bcd22e306c86f80767e3c42a185f7d2d7922d12273645bc45f9e682d3eece8fd35db33dd60170532764
x-tt-trace-id: 00-250126014116DA481F36B3E5F95CCB71-2AFC8510A3DAEB14-00
X-Origin-Response-Time: 66,23.218.219.48
X-Akamai-Request-ID: 14417b32.e39e8c9
Expires: Sun, 26 Jan 2025 01:41:16 GMT
Cache-Control: max-age=0, no-cache, no-store
Pragma: no-cache
Date: Sun, 26 Jan 2025 01:41:16 GMT
X-Cache: TCP_MISS from a95-101-134-116.deploy.akamaitechnologies.com (AkamaiGHost/11.8.1-545a545a07b22376d11b3e238f123a02) (-)
Connection: close
X-Cache-Remote: TCP_MISS from a23-218-219-48.deploy.akamaitechnologies.com (AkamaiGHost/11.8.1-2c00874bde3a1f428b1fbbe8783f6d16) (-)
x-tt-trace-tag: id=16;cdn-cache=miss;type=dyn
Server-Timing: cdn-cache; desc=MISS, edge; dur=103, origin; dur=65
Server-Timing: inner; dur=31
X-Parent-Response-Time: 165,95.101.134.116

{"code": 0, "message": "OK", "request_id": "20250126014116DA481F36B3E5F95CCB71", "data": {}}
2025-01-26T01:43:12+00:00 DEBUG POST: https://business-api.tiktok.com/open_api/v1.3/event/track/

{"partner_name":"WooCommerce","event_source":"web","event_source_id":"CSM79Q3C77UAG1T340I0","data":[{"event":"Pageview","event_id":"679593307e7bc_tt4b_woocommerce_670666209cf1f","event_time":1737855792,"user":{"ip":"66.249.76.235","user_agent":"Mozilla\/5.0 (Linux; Android 6.0.1; Nexus 5X Build\/MMB29P) AppleWebKit\/537.36 (KHTML, like Gecko) Chrome\/132.0.6834.83 Mobile Safari\/537.36 (compatible; Googlebot\/2.1; +http:\/\/www.google.com\/bot.html)","locale":"ar","external_id":"0","email":"e3b0c44298fc1c149afbf4c8996fb92427ae41e4649b934ca495991b7852b855","phone_number":"e3b0c44298fc1c149afbf4c8996fb92427ae41e4649b934ca495991b7852b855","first_name":"e3b0c44298fc1c149afbf4c8996fb92427ae41e4649b934ca495991b7852b855","last_name":"e3b0c44298fc1c149afbf4c8996fb92427ae41e4649b934ca495991b7852b855","zip_code":"e3b0c44298fc1c149afbf4c8996fb92427ae41e4649b934ca495991b7852b855"},"page":{"url":"http:\/\/mail.ibn-sinaa.com\/product-category\/digital-printing\/folders\/"}}]}
 ajax: no
2025-01-26T01:43:12+00:00 DEBUG Tt4b_Mapi_Class::mapi_post: Response: 

HTTP/1.1 200 OK
Server: nginx
Content-Type: application/json
Content-Length: 92
X-Tt-Logid: 2025012601431262CF9816E877BB5AE0B0
Server-Timing: inner; dur=42
x-tt-trace-host: 018e5a586174a888928d793bdac74b79b51a437ee89a1c03eb2011d034a2e3e9f5050c6f40bc5b16e32b9df3d47e47d323b60cbf0644cc587e0b9a778a82f1437f21909848ad023c1cb9c40687c006d7e1f70a10c46318f1404a1cb296fe8d620e
x-tt-trace-id: 00-25012601431262CF9816E877BB5AE0B0-1B0A07DD3406B3C9-00
Expires: Sun, 26 Jan 2025 01:43:12 GMT
Cache-Control: max-age=0, no-cache, no-store
Pragma: no-cache
Date: Sun, 26 Jan 2025 01:43:12 GMT
X-Cache: TCP_MISS from a95-101-134-92.deploy.akamaitechnologies.com (AkamaiGHost/11.8.0-1debf780f7d7c834933fa9689361eec6) (-)
Connection: close
x-tt-trace-tag: id=16;cdn-cache=miss;type=dyn
Server-Timing: cdn-cache; desc=MISS, edge; dur=3, origin; dur=122
X-Origin-Response-Time: 122,95.101.134.92
X-Akamai-Request-ID: 12d8c6c1

{"code": 0, "message": "OK", "request_id": "2025012601431262CF9816E877BB5AE0B0", "data": {}}
2025-01-26T01:44:46+00:00 DEBUG POST: https://business-api.tiktok.com/open_api/v1.3/event/track/

{"partner_name":"WooCommerce","event_source":"web","event_source_id":"CSM79Q3C77UAG1T340I0","data":[{"event":"Pageview","event_id":"6795938e7288e_tt4b_woocommerce_670666209cf1f","event_time":1737855886,"user":{"ip":"54.36.148.70","user_agent":"Mozilla\/5.0 (compatible; AhrefsBot\/7.0; +http:\/\/ahrefs.com\/robot\/)","locale":"ar","external_id":"0","email":"e3b0c44298fc1c149afbf4c8996fb92427ae41e4649b934ca495991b7852b855","phone_number":"e3b0c44298fc1c149afbf4c8996fb92427ae41e4649b934ca495991b7852b855","first_name":"e3b0c44298fc1c149afbf4c8996fb92427ae41e4649b934ca495991b7852b855","last_name":"e3b0c44298fc1c149afbf4c8996fb92427ae41e4649b934ca495991b7852b855","zip_code":"e3b0c44298fc1c149afbf4c8996fb92427ae41e4649b934ca495991b7852b855"},"page":{"url":"http:\/\/ibn-sinaa.com\/product\/science-telescope\/"}}]}
 ajax: no
2025-01-26T01:44:46+00:00 DEBUG Tt4b_Mapi_Class::mapi_post: Response: 

HTTP/1.1 200 OK
Server: nginx
Content-Type: application/json
Content-Length: 92
X-Tt-Logid: 202501260144468C76C014B76BCB56B115
Server-Timing: inner; dur=28
x-tt-trace-host: 018e5a586174a888928d793bdac74b79b51a437ee89a1c03eb2011d034a2e3e9f5d9383017bc2e6a4dd04e50329fa1f6e54c3da70d7a08dfb18c229a7c639ce2d93a7672bf6edc1c198d90d10c40c9637e14feadf32d3aeb3fb38d520e2b4537c9
x-tt-trace-id: 00-2501260144468C76C014B76BCB56B115-2CB23D928091A409-00
Expires: Sun, 26 Jan 2025 01:44:46 GMT
Cache-Control: max-age=0, no-cache, no-store
Pragma: no-cache
Date: Sun, 26 Jan 2025 01:44:46 GMT
X-Cache: TCP_MISS from a95-101-134-92.deploy.akamaitechnologies.com (AkamaiGHost/11.8.0-1debf780f7d7c834933fa9689361eec6) (-)
Connection: close
x-tt-trace-tag: id=16;cdn-cache=miss;type=dyn
Server-Timing: cdn-cache; desc=MISS, edge; dur=4, origin; dur=108
X-Origin-Response-Time: 109,95.101.134.92
X-Akamai-Request-ID: 12dae7a6

{"code": 0, "message": "OK", "request_id": "202501260144468C76C014B76BCB56B115", "data": {}}
2025-01-26T01:44:46+00:00 DEBUG Tt4b_Pixel_Class::inject_view_content_event: hit ViewContent
2025-01-26T01:44:46+00:00 DEBUG POST: https://business-api.tiktok.com/open_api/v1.3/event/track/

{"partner_name":"WooCommerce","event_source":"web","event_source_id":"CSM79Q3C77UAG1T340I0","data":[{"event":"ViewContent","event_id":"6795938ec002f_tt4b_woocommerce_670666209cf1f_4381","event_time":1737855886,"user":{"ip":"54.36.148.70","user_agent":"Mozilla\/5.0 (compatible; AhrefsBot\/7.0; +http:\/\/ahrefs.com\/robot\/)","locale":"ar","external_id":"0","email":"e3b0c44298fc1c149afbf4c8996fb92427ae41e4649b934ca495991b7852b855","phone_number":"e3b0c44298fc1c149afbf4c8996fb92427ae41e4649b934ca495991b7852b855","first_name":"e3b0c44298fc1c149afbf4c8996fb92427ae41e4649b934ca495991b7852b855","last_name":"e3b0c44298fc1c149afbf4c8996fb92427ae41e4649b934ca495991b7852b855","zip_code":"e3b0c44298fc1c149afbf4c8996fb92427ae41e4649b934ca495991b7852b855"},"properties":{"contents":[{"price":1745,"quantity":1,"content_id":"4381","content_name":"\u0639\u0644\u0645 \u062a\u0633\u0644\u0643\u0648\u0628","description":"\u0623\u0639\u0644\u0627\u0645 \u0627\u0644\u062a\u0644\u0633\u0643\u0648\u0628 \u0627\u0644\u062f\u0639\u0627\u0626\u064a\u0629 : \u0645\u062b\u0627\u0644\u064a\u0629 \u0644\u062a\u0632\u064a\u064a\u0646 \u0627\u0644\u0645\u0643\u062a\u0628 \u0628\u0644\u0645\u0633\u0629 \u0623\u0646\u064a\u0642\u0629 \u0648\u0641\u0627\u062e\u0631\u0629. \u0645\u0635\u0646\u0648\u0639\u0629 \u0645\u0646 \u0645\u0648\u0627\u062f \u0645\u062a\u064a\u0646\u0629 \u0648\u0628\u0623\u0644\u0648\u0627\u0646 \u0632\u0627\u0647\u064a\u0629\u060c \u062a\u0636\u064a\u0641 \u062c\u0627\u0630\u0628\u064a\u0629 \u0645\u0645\u064a\u0632\u0629 \u0644\u0623\u064a \u0645\u0633\u0627\u062d\u0629 \u0645\u0643\u062a\u0628\u064a\u0629 \u062f\u0648\u0646 \u0634\u063a\u0644 \u062d\u064a\u0632 \u0643\u0628\u064a\u0631. \u0645\u062b\u0627\u0644\u064a\u0629 \u0644\u0644\u0627\u062c\u062a\u0645\u0627\u0639\u0627\u062a\u060c \u0627\u0644\u0645\u0624\u062a\u0645\u0631\u0627\u062a\u060c \u0648\u0627\u0644\u0647\u062f\u0627\u064a\u0627 \u0627\u0644\u0641\u0627\u062e\u0631\u0629.","availability":"IN_STOCK","sale_price":1745,"on_sale":false}],"content_type":"product","currency":"SAR","value":1745,"event_trigger_source":"WooCommerce"},"page":{"url":"http:\/\/ibn-sinaa.com\/product\/science-telescope\/"}}]}
 ajax: no
2025-01-26T01:44:46+00:00 DEBUG Tt4b_Mapi_Class::mapi_post: Response: 

HTTP/1.1 200 OK
Server: nginx
Content-Type: application/json
Content-Length: 92
X-Tt-Logid: 20250126014446C46949BC2D646AD1BDF5
Server-Timing: inner; dur=35
x-tt-trace-host: 018e5a586174a888928d793bdac74b79b51a437ee89a1c03eb2011d034a2e3e9f565ab08ff1c34b7e30be09fc873aa233e8382c97444fb3367dd2f7a1dbb9464c19dcae30bdaf0b4468cd8f052a1a7fb2349d2b842ff92f4f73c1f02330ade9eac
x-tt-trace-id: 00-250126014446C46949BC2D646AD1BDF5-574BD0417B226E50-00
Expires: Sun, 26 Jan 2025 01:44:46 GMT
Cache-Control: max-age=0, no-cache, no-store
Pragma: no-cache
Date: Sun, 26 Jan 2025 01:44:46 GMT
X-Cache: TCP_MISS from a95-101-134-92.deploy.akamaitechnologies.com (AkamaiGHost/11.8.0-1debf780f7d7c834933fa9689361eec6) (-)
Connection: close
x-tt-trace-tag: id=16;cdn-cache=miss;type=dyn
Server-Timing: cdn-cache; desc=MISS, edge; dur=6, origin; dur=118
X-Origin-Response-Time: 118,95.101.134.92
X-Akamai-Request-ID: 12dae902

{"code": 0, "message": "OK", "request_id": "20250126014446C46949BC2D646AD1BDF5", "data": {}}
2025-01-26T01:47:49+00:00 DEBUG Tt4b_Pixel_Class::inject_add_to_cart_event: hit AddToCart
2025-01-26T01:47:49+00:00 DEBUG POST: https://business-api.tiktok.com/open_api/v1.3/event/track/

{"partner_name":"WooCommerce","event_source":"web","event_source_id":"CSM79Q3C77UAG1T340I0","data":[{"event":"AddToCart","event_id":"6795944527c69_tt4b_woocommerce_670666209cf1f_3545","event_time":1737856069,"user":{"ip":"65.108.46.72","user_agent":"Mozilla\/5.0 (compatible; MJ12bot\/v1.4.8; http:\/\/mj12bot.com\/)","locale":"ar","external_id":"0","email":"e3b0c44298fc1c149afbf4c8996fb92427ae41e4649b934ca495991b7852b855","phone_number":"e3b0c44298fc1c149afbf4c8996fb92427ae41e4649b934ca495991b7852b855","first_name":"e3b0c44298fc1c149afbf4c8996fb92427ae41e4649b934ca495991b7852b855","last_name":"e3b0c44298fc1c149afbf4c8996fb92427ae41e4649b934ca495991b7852b855","zip_code":"e3b0c44298fc1c149afbf4c8996fb92427ae41e4649b934ca495991b7852b855"},"properties":{"contents":[{"price":0,"quantity":1,"content_id":"3545","content_name":"\u0637\u0628\u0627\u0639\u0629 \u0641\u0648\u0644\u062f\u0631\u0627\u062a \u062c\u064a\u0628 \u0639\u0627\u062f\u064a","description":"\u0641\u0648\u0644\u062f\u0631 \u062c\u064a\u0628 \u0623\u0628\u064a\u0636 \u0639\u0627\u062f\u064a.\r\n\u0646\u0648\u0639 \u0627\u0644\u0648\u0631\u0642: \u0648\u0631\u0642 \u0643\u0648\u0634\u064a\u0647 350 \u062c\u0631\u0627\u0645 \u0645\u0639 \u0633\u0644\u0641\u0627\u0646\r\n\u0645\u062f\u0629 \u0627\u0644\u062a\u0646\u0641\u064a\u0630 \u0627\u0644\u0645\u062a\u0648\u0642\u0639\u0629: \u0645\u0646 4 \u0625\u0644\u0649 7 \u0623\u064a\u0627\u0645 \u0639\u0645\u0644 \u0628\u0639\u062f \u0627\u0639\u062a\u0645\u0627\u062f \u0627\u0644\u0637\u0644\u0628 \u0648\u0627\u0644\u0643\u0645\u064a\u0629 (\u062a\u0632\u064a\u062f \u0627\u0644\u0645\u062f\u0629 \u0639\u0646\u062f \u0637\u0644\u0628 \u0627\u0644\u0634\u062d\u0646).","availability":"IN_STOCK","sale_price":0,"on_sale":false}],"content_type":"product","currency":"SAR","value":0,"event_trigger_source":"WooCommerce"},"page":{"url":"http:\/\/www.ibn-sinaa.com\/en\/product\/%D8%B3%D8%AC%D9%84%D8%A7%D8%AA-%D9%85%D8%A7%D8%AF%D8%A9-%D8%A7%D9%84%D8%AA%D8%B1%D8%A8%D9%8A%D8%A9-%D8%A7%D9%84%D8%A7%D8%B3%D9%84%D8%A7%D9%85%D9%8A%D8%A9\/?add-to-cart=3545"}}]}
 ajax: no
2025-01-26T01:47:49+00:00 DEBUG Tt4b_Mapi_Class::mapi_post: Response: 

HTTP/1.1 200 OK
Server: nginx
Content-Type: application/json
Content-Length: 92
X-Tt-Logid: 20250126014749250DB7374AFB45AAD430
x-tt-trace-host: 018e5a586174a888928d793bdac74b79b519a86797e72c2eba011e03e23beee17d1993591dfc48dcfc3b8c12cc342970f3717ef74f59591a4bc5f5bbc37697ee0cfde1c6f149424c73419d7d0b7815123731dd2785ca7298acde29431411886d261cc4f211e25ff5d3305ec5aabb01edc2
x-tt-trace-id: 00-250126014749250DB7374AFB45AAD430-5F5DDE938B502CF3-00
X-Origin-Response-Time: 58,23.213.246.203
X-Akamai-Request-ID: defd16f7.e3eab38
Expires: Sun, 26 Jan 2025 01:47:49 GMT
Cache-Control: max-age=0, no-cache, no-store
Pragma: no-cache
Date: Sun, 26 Jan 2025 01:47:49 GMT
X-Cache: TCP_MISS from a95-101-134-116.deploy.akamaitechnologies.com (AkamaiGHost/11.8.1-545a545a07b22376d11b3e238f123a02) (-)
Connection: close
X-Cache-Remote: TCP_MISS from a23-213-246-203.deploy.akamaitechnologies.com (AkamaiGHost/11.8.0-2d0f2d516c5d43e1487924a77ec5924a) (-)
x-tt-trace-tag: id=16;cdn-cache=miss;type=dyn
Server-Timing: cdn-cache; desc=MISS, edge; dur=227, origin; dur=58
Server-Timing: inner; dur=34
X-Parent-Response-Time: 281,95.101.134.116

{"code": 0, "message": "OK", "request_id": "20250126014749250DB7374AFB45AAD430", "data": {}}
2025-01-26T01:47:49+00:00 DEBUG POST: https://business-api.tiktok.com/open_api/v1.3/event/track/

{"partner_name":"WooCommerce","event_source":"web","event_source_id":"CSM79Q3C77UAG1T340I0","data":[{"event":"Pageview","event_id":"67959445d3986_tt4b_woocommerce_670666209cf1f","event_time":1737856069,"user":{"ip":"65.108.46.72","user_agent":"Mozilla\/5.0 (compatible; MJ12bot\/v1.4.8; http:\/\/mj12bot.com\/)","locale":"ar","external_id":"0","email":"e3b0c44298fc1c149afbf4c8996fb92427ae41e4649b934ca495991b7852b855","phone_number":"e3b0c44298fc1c149afbf4c8996fb92427ae41e4649b934ca495991b7852b855","first_name":"e3b0c44298fc1c149afbf4c8996fb92427ae41e4649b934ca495991b7852b855","last_name":"e3b0c44298fc1c149afbf4c8996fb92427ae41e4649b934ca495991b7852b855","zip_code":"e3b0c44298fc1c149afbf4c8996fb92427ae41e4649b934ca495991b7852b855"},"page":{"url":"http:\/\/www.ibn-sinaa.com\/en\/product\/%D8%B3%D8%AC%D9%84%D8%A7%D8%AA-%D9%85%D8%A7%D8%AF%D8%A9-%D8%A7%D9%84%D8%AA%D8%B1%D8%A8%D9%8A%D8%A9-%D8%A7%D9%84%D8%A7%D8%B3%D9%84%D8%A7%D9%85%D9%8A%D8%A9\/?add-to-cart=3545"}}]}
 ajax: no
2025-01-26T01:47:50+00:00 DEBUG Tt4b_Mapi_Class::mapi_post: Response: 

HTTP/1.1 200 OK
Server: nginx
Content-Type: application/json
Content-Length: 92
X-Tt-Logid: 2025012601475053351C8CE6E813951BB6
Server-Timing: inner; dur=30
x-tt-trace-host: 018e5a586174a888928d793bdac74b79b520593bf434961dbceff88e4b17f9a1560c790eecad02429a59f3799686a903135f9d0cf08ce5d2cdc751fbc1bb0d3da4af8ac25f648343f0f1e1972024858f7dd7bce9cfb5700c6b729d546e26fbb148
x-tt-trace-id: 00-25012601475053351C8CE6E813951BB6-503D6EFA8C2FB987-00
Expires: Sun, 26 Jan 2025 01:47:50 GMT
Cache-Control: max-age=0, no-cache, no-store
Pragma: no-cache
Date: Sun, 26 Jan 2025 01:47:50 GMT
X-Cache: TCP_MISS from a95-101-134-116.deploy.akamaitechnologies.com (AkamaiGHost/11.8.1-545a545a07b22376d11b3e238f123a02) (-)
Connection: close
x-tt-trace-tag: id=16;cdn-cache=miss;type=dyn
Server-Timing: cdn-cache; desc=MISS, edge; dur=3, origin; dur=264
X-Origin-Response-Time: 265,95.101.134.116
X-Akamai-Request-ID: e3ead94

{"code": 0, "message": "OK", "request_id": "2025012601475053351C8CE6E813951BB6", "data": {}}
2025-01-26T01:47:54+00:00 DEBUG Tt4b_Pixel_Class::inject_add_to_cart_event: hit AddToCart
2025-01-26T01:47:54+00:00 DEBUG POST: https://business-api.tiktok.com/open_api/v1.3/event/track/

{"partner_name":"WooCommerce","event_source":"web","event_source_id":"CSM79Q3C77UAG1T340I0","data":[{"event":"AddToCart","event_id":"6795944aca578_tt4b_woocommerce_670666209cf1f_4125","event_time":1737856074,"user":{"ip":"65.108.46.72","user_agent":"Mozilla\/5.0 (compatible; MJ12bot\/v1.4.8; http:\/\/mj12bot.com\/)","locale":"ar","external_id":"0","email":"e3b0c44298fc1c149afbf4c8996fb92427ae41e4649b934ca495991b7852b855","phone_number":"e3b0c44298fc1c149afbf4c8996fb92427ae41e4649b934ca495991b7852b855","first_name":"e3b0c44298fc1c149afbf4c8996fb92427ae41e4649b934ca495991b7852b855","last_name":"e3b0c44298fc1c149afbf4c8996fb92427ae41e4649b934ca495991b7852b855","zip_code":"e3b0c44298fc1c149afbf4c8996fb92427ae41e4649b934ca495991b7852b855"},"properties":{"contents":[{"price":65,"quantity":1,"content_id":"4125","content_name":"\u0633\u062c\u0644\u0627\u062a \u0645\u0627\u062f\u0629 \u0627\u0644\u0641\u064a\u0632\u064a\u0627\u0621","description":". \u0637\u0628\u0627\u0639\u0647 \u0633\u062c\u0644\u0627\u062a \u0645\u062f\u0631\u0633\u064a\u0629 \u0627\u062d\u062a\u0631\u0627\u0641\u064a\u0629 \u062e\u0627\u0645\u062a\u0647\u0627 \u0643\u0631\u062a\u0648\u0646 2000 \u062c\u0631\u0627\u0645,\u062a\u0636\u0627\u0641 \u0637\u0628\u0642\u0629 \u062d\u0645\u0627\u064a\u0647 \u0627\u0633\u062a\u064a\u0643\u0631 \u0645\u0639 \u0633\u0644\u0648\u0641\u0627\u0646 \u0644\u0627\u0645\u0639.\r\n. \u0645\u062a\u0648\u0641\u0631 \u0628 \u0627\u062d\u062c\u0627\u0645 \u0645\u062e\u062a\u0644\u0641\u0647 ( \u0635\u063a\u064a\u0631, \u0648\u0633\u0637 , \u0643\u0628\u064a\u0631 ).\r\n. \u064a\u062a\u0633\u0639 \u0627\u0644\u0645\u0642\u0627\u0633 \u0627\u0644\u0635\u063a\u064a\u0631 ( \u0645\u0646 50 \u0627\u0644\u0649 150 \u0648\u0631\u0642\u0629 )\r\n. \u064a\u062a\u0633\u0639 \u0627\u0644\u0648\u0633\u0637 ( \u0645\u0646 150 \u0627\u0644\u0649 300 \u0648\u0631\u0642\u0629 )\r\n. \u0627\u0644\u0643\u0628\u064a\u0631 ( \u0645\u0646 300 \u0627\u0644\u0649 400 \u0648\u0631\u0642\u0629 ).\r\n. \u0645\u062f\u0629 \u0627\u0644\u062a\u0646\u0641\u064a\u0630 : 3-5 \u0627\u064a\u0627\u0645 \u0648\u062a\u0632\u064a\u062f \u0627\u0644\u0645\u062f\u0629 \u0639\u0646 \u0637\u0644\u0628 \u0627\u0644\u0634\u062d\u0646.","availability":"IN_STOCK","sale_price":65,"on_sale":false}],"content_type":"product","currency":"SAR","value":65,"event_trigger_source":"WooCommerce"},"page":{"url":"http:\/\/www.ibn-sinaa.com\/en\/product\/%D8%B3%D8%AC%D9%84%D8%A7%D8%AA-%D9%85%D8%A7%D8%AF%D8%A9-%D8%A7%D9%84%D8%AA%D8%B1%D8%A8%D9%8A%D8%A9-%D8%A7%D9%84%D8%A8%D8%AF%D9%86%D9%8A%D8%A9\/?add-to-cart=4125"}}]}
 ajax: no
2025-01-26T01:47:54+00:00 DEBUG Tt4b_Mapi_Class::mapi_post: Response: 

HTTP/1.1 200 OK
Server: nginx
Content-Type: application/json
Content-Length: 92
X-Tt-Logid: 202501260147545C721BEE6707ECBCDF71
Server-Timing: inner; dur=30
x-tt-trace-host: 018e5a586174a888928d793bdac74b79b520593bf434961dbceff88e4b17f9a1564f050d33c5bdb0f0ed8059faeebe1f2d1a72222a500aa04000847017a9b4f382efdb4c66348da15b1a7ec942296c297af4e6d66eddc076cf119fc544b842c73f
x-tt-trace-id: 00-2501260147545C721BEE6707ECBCDF71-269D5BE627236F30-00
Expires: Sun, 26 Jan 2025 01:47:54 GMT
Cache-Control: max-age=0, no-cache, no-store
Pragma: no-cache
Date: Sun, 26 Jan 2025 01:47:54 GMT
X-Cache: TCP_MISS from a95-101-134-116.deploy.akamaitechnologies.com (AkamaiGHost/11.8.1-545a545a07b22376d11b3e238f123a02) (-)
Connection: close
x-tt-trace-tag: id=16;cdn-cache=miss;type=dyn
Server-Timing: cdn-cache; desc=MISS, edge; dur=5, origin; dur=114
X-Origin-Response-Time: 114,95.101.134.116
X-Akamai-Request-ID: e3ebd58

{"code": 0, "message": "OK", "request_id": "202501260147545C721BEE6707ECBCDF71", "data": {}}
2025-01-26T01:47:55+00:00 DEBUG POST: https://business-api.tiktok.com/open_api/v1.3/event/track/

{"partner_name":"WooCommerce","event_source":"web","event_source_id":"CSM79Q3C77UAG1T340I0","data":[{"event":"Pageview","event_id":"6795944b29fc4_tt4b_woocommerce_670666209cf1f","event_time":1737856075,"user":{"ip":"65.108.46.72","user_agent":"Mozilla\/5.0 (compatible; MJ12bot\/v1.4.8; http:\/\/mj12bot.com\/)","locale":"ar","external_id":"0","email":"e3b0c44298fc1c149afbf4c8996fb92427ae41e4649b934ca495991b7852b855","phone_number":"e3b0c44298fc1c149afbf4c8996fb92427ae41e4649b934ca495991b7852b855","first_name":"e3b0c44298fc1c149afbf4c8996fb92427ae41e4649b934ca495991b7852b855","last_name":"e3b0c44298fc1c149afbf4c8996fb92427ae41e4649b934ca495991b7852b855","zip_code":"e3b0c44298fc1c149afbf4c8996fb92427ae41e4649b934ca495991b7852b855"},"page":{"url":"http:\/\/www.ibn-sinaa.com\/en\/product\/%D8%B3%D8%AC%D9%84%D8%A7%D8%AA-%D9%85%D8%A7%D8%AF%D8%A9-%D8%A7%D9%84%D8%AA%D8%B1%D8%A8%D9%8A%D8%A9-%D8%A7%D9%84%D8%A8%D8%AF%D9%86%D9%8A%D8%A9\/?add-to-cart=4125"}}]}
 ajax: no
2025-01-26T01:47:55+00:00 DEBUG Tt4b_Mapi_Class::mapi_post: Response: 

HTTP/1.1 200 OK
Server: nginx
Content-Type: application/json
Content-Length: 92
X-Tt-Logid: 20250126014755E96F139E05EC497F7AFF
Server-Timing: inner; dur=53
x-tt-trace-host: 018e5a586174a888928d793bdac74b79b51a437ee89a1c03eb2011d034a2e3e9f51d7c7015dae9b0e68a537681745d96528ce3fb459bd1f0707e581504a3ffe32d8bf9554d1b1bf58a32cd19854f6c80c3ffe906f5fe1214fb46b60dc7baa0d892
x-tt-trace-id: 00-250126014755E96F139E05EC497F7AFF-17600CB273608424-00
Expires: Sun, 26 Jan 2025 01:47:55 GMT
Cache-Control: max-age=0, no-cache, no-store
Pragma: no-cache
Date: Sun, 26 Jan 2025 01:47:55 GMT
X-Cache: TCP_MISS from a95-101-134-92.deploy.akamaitechnologies.com (AkamaiGHost/11.8.0-1debf780f7d7c834933fa9689361eec6) (-)
Connection: close
x-tt-trace-tag: id=16;cdn-cache=miss;type=dyn
Server-Timing: cdn-cache; desc=MISS, edge; dur=4, origin; dur=135
X-Origin-Response-Time: 135,95.101.134.92
X-Akamai-Request-ID: 12defc53

{"code": 0, "message": "OK", "request_id": "20250126014755E96F139E05EC497F7AFF", "data": {}}
2025-01-26T01:48:00+00:00 DEBUG Tt4b_Pixel_Class::inject_add_to_cart_event: hit AddToCart
2025-01-26T01:48:00+00:00 DEBUG POST: https://business-api.tiktok.com/open_api/v1.3/event/track/

{"partner_name":"WooCommerce","event_source":"web","event_source_id":"CSM79Q3C77UAG1T340I0","data":[{"event":"AddToCart","event_id":"67959450b1fbe_tt4b_woocommerce_670666209cf1f_3545","event_time":1737856080,"user":{"ip":"65.108.46.72","user_agent":"Mozilla\/5.0 (compatible; MJ12bot\/v1.4.8; http:\/\/mj12bot.com\/)","locale":"ar","external_id":"0","email":"e3b0c44298fc1c149afbf4c8996fb92427ae41e4649b934ca495991b7852b855","phone_number":"e3b0c44298fc1c149afbf4c8996fb92427ae41e4649b934ca495991b7852b855","first_name":"e3b0c44298fc1c149afbf4c8996fb92427ae41e4649b934ca495991b7852b855","last_name":"e3b0c44298fc1c149afbf4c8996fb92427ae41e4649b934ca495991b7852b855","zip_code":"e3b0c44298fc1c149afbf4c8996fb92427ae41e4649b934ca495991b7852b855"},"properties":{"contents":[{"price":0,"quantity":1,"content_id":"3545","content_name":"\u0637\u0628\u0627\u0639\u0629 \u0641\u0648\u0644\u062f\u0631\u0627\u062a \u062c\u064a\u0628 \u0639\u0627\u062f\u064a","description":"\u0641\u0648\u0644\u062f\u0631 \u062c\u064a\u0628 \u0623\u0628\u064a\u0636 \u0639\u0627\u062f\u064a.\r\n\u0646\u0648\u0639 \u0627\u0644\u0648\u0631\u0642: \u0648\u0631\u0642 \u0643\u0648\u0634\u064a\u0647 350 \u062c\u0631\u0627\u0645 \u0645\u0639 \u0633\u0644\u0641\u0627\u0646\r\n\u0645\u062f\u0629 \u0627\u0644\u062a\u0646\u0641\u064a\u0630 \u0627\u0644\u0645\u062a\u0648\u0642\u0639\u0629: \u0645\u0646 4 \u0625\u0644\u0649 7 \u0623\u064a\u0627\u0645 \u0639\u0645\u0644 \u0628\u0639\u062f \u0627\u0639\u062a\u0645\u0627\u062f \u0627\u0644\u0637\u0644\u0628 \u0648\u0627\u0644\u0643\u0645\u064a\u0629 (\u062a\u0632\u064a\u062f \u0627\u0644\u0645\u062f\u0629 \u0639\u0646\u062f \u0637\u0644\u0628 \u0627\u0644\u0634\u062d\u0646).","availability":"IN_STOCK","sale_price":0,"on_sale":false}],"content_type":"product","currency":"SAR","value":0,"event_trigger_source":"WooCommerce"},"page":{"url":"http:\/\/www.ibn-sinaa.com\/en\/product\/%D8%B3%D8%AC%D9%84%D8%A7%D8%AA-%D9%85%D8%A7%D8%AF%D8%A9-%D8%A7%D9%84%D8%AA%D8%B1%D8%A8%D9%8A%D8%A9-%D8%A7%D9%84%D9%81%D9%86%D9%8A%D8%A9\/?add-to-cart=3545"}}]}
 ajax: no
2025-01-26T01:48:00+00:00 DEBUG Tt4b_Mapi_Class::mapi_post: Response: 

HTTP/1.1 200 OK
Server: nginx
Content-Type: application/json
Content-Length: 92
X-Tt-Logid: 20250126014800BF65A390124202147B13
Server-Timing: inner; dur=30
x-tt-trace-host: 018e5a586174a888928d793bdac74b79b51a437ee89a1c03eb2011d034a2e3e9f56effbaebec77bd59ce189935f7757f2b0834518b8189a6fcf16343961d2d0b755c575dbd907239b19ba01ceebb1390a15d3e199a09ad79ca3c3cd66735a84365
x-tt-trace-id: 00-250126014800BF65A390124202147B13-14004E0B45B46B40-00
Expires: Sun, 26 Jan 2025 01:48:00 GMT
Cache-Control: max-age=0, no-cache, no-store
Pragma: no-cache
Date: Sun, 26 Jan 2025 01:48:00 GMT
X-Cache: TCP_MISS from a95-101-134-92.deploy.akamaitechnologies.com (AkamaiGHost/11.8.0-1debf780f7d7c834933fa9689361eec6) (-)
Connection: close
x-tt-trace-tag: id=16;cdn-cache=miss;type=dyn
Server-Timing: cdn-cache; desc=MISS, edge; dur=4, origin; dur=115
X-Origin-Response-Time: 115,95.101.134.92
X-Akamai-Request-ID: 12df1a4d

{"code": 0, "message": "OK", "request_id": "20250126014800BF65A390124202147B13", "data": {}}
2025-01-26T01:48:01+00:00 DEBUG POST: https://business-api.tiktok.com/open_api/v1.3/event/track/

{"partner_name":"WooCommerce","event_source":"web","event_source_id":"CSM79Q3C77UAG1T340I0","data":[{"event":"Pageview","event_id":"67959451173a8_tt4b_woocommerce_670666209cf1f","event_time":1737856081,"user":{"ip":"65.108.46.72","user_agent":"Mozilla\/5.0 (compatible; MJ12bot\/v1.4.8; http:\/\/mj12bot.com\/)","locale":"ar","external_id":"0","email":"e3b0c44298fc1c149afbf4c8996fb92427ae41e4649b934ca495991b7852b855","phone_number":"e3b0c44298fc1c149afbf4c8996fb92427ae41e4649b934ca495991b7852b855","first_name":"e3b0c44298fc1c149afbf4c8996fb92427ae41e4649b934ca495991b7852b855","last_name":"e3b0c44298fc1c149afbf4c8996fb92427ae41e4649b934ca495991b7852b855","zip_code":"e3b0c44298fc1c149afbf4c8996fb92427ae41e4649b934ca495991b7852b855"},"page":{"url":"http:\/\/www.ibn-sinaa.com\/en\/product\/%D8%B3%D8%AC%D9%84%D8%A7%D8%AA-%D9%85%D8%A7%D8%AF%D8%A9-%D8%A7%D9%84%D8%AA%D8%B1%D8%A8%D9%8A%D8%A9-%D8%A7%D9%84%D9%81%D9%86%D9%8A%D8%A9\/?add-to-cart=3545"}}]}
 ajax: no
2025-01-26T01:48:01+00:00 DEBUG Tt4b_Mapi_Class::mapi_post: Response: 

HTTP/1.1 200 OK
Server: nginx
Content-Type: application/json
Content-Length: 92
X-Tt-Logid: 202501260148019967884DDEEE24BC0E89
Server-Timing: inner; dur=27
x-tt-trace-host: 018e5a586174a888928d793bdac74b79b520593bf434961dbceff88e4b17f9a1568bba76364014fa4ae807d9b534ec83ca180aa6d806febec80108879e1fb4f1ecd5e08f7cf80fafdbae59d7eef0b9ed52075d3d0ed8e39885a7c88e1ae0173b3b
x-tt-trace-id: 00-2501260148019967884DDEEE24BC0E89-5CD27EEBA6B5288D-00
Expires: Sun, 26 Jan 2025 01:48:01 GMT
Cache-Control: max-age=0, no-cache, no-store
Pragma: no-cache
Date: Sun, 26 Jan 2025 01:48:01 GMT
X-Cache: TCP_MISS from a95-101-134-116.deploy.akamaitechnologies.com (AkamaiGHost/11.8.1-545a545a07b22376d11b3e238f123a02) (-)
Connection: close
x-tt-trace-tag: id=16;cdn-cache=miss;type=dyn
Server-Timing: cdn-cache; desc=MISS, edge; dur=3, origin; dur=111
X-Origin-Response-Time: 111,95.101.134.116
X-Akamai-Request-ID: e3ed01f

{"code": 0, "message": "OK", "request_id": "202501260148019967884DDEEE24BC0E89", "data": {}}
2025-01-26T01:48:06+00:00 DEBUG Tt4b_Pixel_Class::inject_add_to_cart_event: hit AddToCart
2025-01-26T01:48:06+00:00 DEBUG POST: https://business-api.tiktok.com/open_api/v1.3/event/track/

{"partner_name":"WooCommerce","event_source":"web","event_source_id":"CSM79Q3C77UAG1T340I0","data":[{"event":"AddToCart","event_id":"679594564284b_tt4b_woocommerce_670666209cf1f_3545","event_time":1737856086,"user":{"ip":"65.108.46.72","user_agent":"Mozilla\/5.0 (compatible; MJ12bot\/v1.4.8; http:\/\/mj12bot.com\/)","locale":"ar","external_id":"0","email":"e3b0c44298fc1c149afbf4c8996fb92427ae41e4649b934ca495991b7852b855","phone_number":"e3b0c44298fc1c149afbf4c8996fb92427ae41e4649b934ca495991b7852b855","first_name":"e3b0c44298fc1c149afbf4c8996fb92427ae41e4649b934ca495991b7852b855","last_name":"e3b0c44298fc1c149afbf4c8996fb92427ae41e4649b934ca495991b7852b855","zip_code":"e3b0c44298fc1c149afbf4c8996fb92427ae41e4649b934ca495991b7852b855"},"properties":{"contents":[{"price":0,"quantity":1,"content_id":"3545","content_name":"\u0637\u0628\u0627\u0639\u0629 \u0641\u0648\u0644\u062f\u0631\u0627\u062a \u062c\u064a\u0628 \u0639\u0627\u062f\u064a","description":"\u0641\u0648\u0644\u062f\u0631 \u062c\u064a\u0628 \u0623\u0628\u064a\u0636 \u0639\u0627\u062f\u064a.\r\n\u0646\u0648\u0639 \u0627\u0644\u0648\u0631\u0642: \u0648\u0631\u0642 \u0643\u0648\u0634\u064a\u0647 350 \u062c\u0631\u0627\u0645 \u0645\u0639 \u0633\u0644\u0641\u0627\u0646\r\n\u0645\u062f\u0629 \u0627\u0644\u062a\u0646\u0641\u064a\u0630 \u0627\u0644\u0645\u062a\u0648\u0642\u0639\u0629: \u0645\u0646 4 \u0625\u0644\u0649 7 \u0623\u064a\u0627\u0645 \u0639\u0645\u0644 \u0628\u0639\u062f \u0627\u0639\u062a\u0645\u0627\u062f \u0627\u0644\u0637\u0644\u0628 \u0648\u0627\u0644\u0643\u0645\u064a\u0629 (\u062a\u0632\u064a\u062f \u0627\u0644\u0645\u062f\u0629 \u0639\u0646\u062f \u0637\u0644\u0628 \u0627\u0644\u0634\u062d\u0646).","availability":"IN_STOCK","sale_price":0,"on_sale":false}],"content_type":"product","currency":"SAR","value":0,"event_trigger_source":"WooCommerce"},"page":{"url":"http:\/\/www.ibn-sinaa.com\/en\/product\/%D8%B3%D8%AC%D9%84%D8%A7%D8%AA-%D9%85%D8%A7%D8%AF%D8%A9-%D8%A7%D9%84%D8%AD%D8%A7%D8%B3%D8%A8-%D8%A7%D9%84%D8%A7%D9%84%D9%8A\/?add-to-cart=3545"}}]}
 ajax: no
2025-01-26T01:48:06+00:00 DEBUG Tt4b_Mapi_Class::mapi_post: Response: 

HTTP/1.1 200 OK
Server: nginx
Content-Type: application/json
Content-Length: 92
X-Tt-Logid: 20250126014806F4DB41CB84E4DBBD91CD
x-tt-trace-host: 018e5a586174a888928d793bdac74b79b519a86797e72c2eba011e03e23beee17d6edacaf7c9be4a9d35fac9b5a24bf63380b7791a86f07af5b24627258533738d04d4c26c6e5971a757d53c7dde23d7f9288519e4914fca80a674d2b58ca3d0c3999ce38116c61f5bf2805869970ef851
x-tt-trace-id: 00-250126014806F4DB41CB84E4DBBD91CD-2ED953EE04D346EA-00
X-Origin-Response-Time: 56,23.218.219.15
X-Akamai-Request-ID: e804fe2.e3edfdd
Expires: Sun, 26 Jan 2025 01:48:06 GMT
Cache-Control: max-age=0, no-cache, no-store
Pragma: no-cache
Date: Sun, 26 Jan 2025 01:48:06 GMT
X-Cache: TCP_MISS from a95-101-134-116.deploy.akamaitechnologies.com (AkamaiGHost/11.8.1-545a545a07b22376d11b3e238f123a02) (-)
Connection: close
X-Cache-Remote: TCP_MISS from a23-218-219-15.deploy.akamaitechnologies.com (AkamaiGHost/11.8.1-545a545a07b22376d11b3e238f123a02) (-)
x-tt-trace-tag: id=16;cdn-cache=miss;type=dyn
Server-Timing: cdn-cache; desc=MISS, edge; dur=95, origin; dur=56
Server-Timing: inner; dur=43
X-Parent-Response-Time: 147,95.101.134.116

{"code": 0, "message": "OK", "request_id": "20250126014806F4DB41CB84E4DBBD91CD", "data": {}}
2025-01-26T01:48:06+00:00 DEBUG POST: https://business-api.tiktok.com/open_api/v1.3/event/track/

{"partner_name":"WooCommerce","event_source":"web","event_source_id":"CSM79Q3C77UAG1T340I0","data":[{"event":"Pageview","event_id":"67959456a5562_tt4b_woocommerce_670666209cf1f","event_time":1737856086,"user":{"ip":"65.108.46.72","user_agent":"Mozilla\/5.0 (compatible; MJ12bot\/v1.4.8; http:\/\/mj12bot.com\/)","locale":"ar","external_id":"0","email":"e3b0c44298fc1c149afbf4c8996fb92427ae41e4649b934ca495991b7852b855","phone_number":"e3b0c44298fc1c149afbf4c8996fb92427ae41e4649b934ca495991b7852b855","first_name":"e3b0c44298fc1c149afbf4c8996fb92427ae41e4649b934ca495991b7852b855","last_name":"e3b0c44298fc1c149afbf4c8996fb92427ae41e4649b934ca495991b7852b855","zip_code":"e3b0c44298fc1c149afbf4c8996fb92427ae41e4649b934ca495991b7852b855"},"page":{"url":"http:\/\/www.ibn-sinaa.com\/en\/product\/%D8%B3%D8%AC%D9%84%D8%A7%D8%AA-%D9%85%D8%A7%D8%AF%D8%A9-%D8%A7%D9%84%D8%AD%D8%A7%D8%B3%D8%A8-%D8%A7%D9%84%D8%A7%D9%84%D9%8A\/?add-to-cart=3545"}}]}
 ajax: no
2025-01-26T01:48:06+00:00 DEBUG Tt4b_Mapi_Class::mapi_post: Response: 

HTTP/1.1 200 OK
Server: nginx
Content-Type: application/json
Content-Length: 92
X-Tt-Logid: 2025012601480613E8C0C45A80FAC849B6
Server-Timing: inner; dur=40
x-tt-trace-host: 018e5a586174a888928d793bdac74b79b51a437ee89a1c03eb2011d034a2e3e9f51c27d037bc89b665d8b9d293fd1e07f24883ef22a4a66ce20f7db2f8988980d656f84ff096a12ea25f0e3a28dad37513eca95e1ca3314f61d56085f86e56e557
x-tt-trace-id: 00-25012601480613E8C0C45A80FAC849B6-008FEBF76FD70C63-00
Expires: Sun, 26 Jan 2025 01:48:06 GMT
Cache-Control: max-age=0, no-cache, no-store
Pragma: no-cache
Date: Sun, 26 Jan 2025 01:48:06 GMT
X-Cache: TCP_MISS from a95-101-134-92.deploy.akamaitechnologies.com (AkamaiGHost/11.8.0-1debf780f7d7c834933fa9689361eec6) (-)
Connection: close
x-tt-trace-tag: id=16;cdn-cache=miss;type=dyn
Server-Timing: cdn-cache; desc=MISS, edge; dur=4, origin; dur=120
X-Origin-Response-Time: 120,95.101.134.92
X-Akamai-Request-ID: 12df3e17

{"code": 0, "message": "OK", "request_id": "2025012601480613E8C0C45A80FAC849B6", "data": {}}
2025-01-26T01:48:11+00:00 DEBUG Tt4b_Pixel_Class::inject_add_to_cart_event: hit AddToCart
2025-01-26T01:48:11+00:00 DEBUG POST: https://business-api.tiktok.com/open_api/v1.3/event/track/

{"partner_name":"WooCommerce","event_source":"web","event_source_id":"CSM79Q3C77UAG1T340I0","data":[{"event":"AddToCart","event_id":"6795945b20dd6_tt4b_woocommerce_670666209cf1f_3545","event_time":1737856091,"user":{"ip":"65.108.46.72","user_agent":"Mozilla\/5.0 (compatible; MJ12bot\/v1.4.8; http:\/\/mj12bot.com\/)","locale":"ar","external_id":"0","email":"e3b0c44298fc1c149afbf4c8996fb92427ae41e4649b934ca495991b7852b855","phone_number":"e3b0c44298fc1c149afbf4c8996fb92427ae41e4649b934ca495991b7852b855","first_name":"e3b0c44298fc1c149afbf4c8996fb92427ae41e4649b934ca495991b7852b855","last_name":"e3b0c44298fc1c149afbf4c8996fb92427ae41e4649b934ca495991b7852b855","zip_code":"e3b0c44298fc1c149afbf4c8996fb92427ae41e4649b934ca495991b7852b855"},"properties":{"contents":[{"price":0,"quantity":1,"content_id":"3545","content_name":"\u0637\u0628\u0627\u0639\u0629 \u0641\u0648\u0644\u062f\u0631\u0627\u062a \u062c\u064a\u0628 \u0639\u0627\u062f\u064a","description":"\u0641\u0648\u0644\u062f\u0631 \u062c\u064a\u0628 \u0623\u0628\u064a\u0636 \u0639\u0627\u062f\u064a.\r\n\u0646\u0648\u0639 \u0627\u0644\u0648\u0631\u0642: \u0648\u0631\u0642 \u0643\u0648\u0634\u064a\u0647 350 \u062c\u0631\u0627\u0645 \u0645\u0639 \u0633\u0644\u0641\u0627\u0646\r\n\u0645\u062f\u0629 \u0627\u0644\u062a\u0646\u0641\u064a\u0630 \u0627\u0644\u0645\u062a\u0648\u0642\u0639\u0629: \u0645\u0646 4 \u0625\u0644\u0649 7 \u0623\u064a\u0627\u0645 \u0639\u0645\u0644 \u0628\u0639\u062f \u0627\u0639\u062a\u0645\u0627\u062f \u0627\u0644\u0637\u0644\u0628 \u0648\u0627\u0644\u0643\u0645\u064a\u0629 (\u062a\u0632\u064a\u062f \u0627\u0644\u0645\u062f\u0629 \u0639\u0646\u062f \u0637\u0644\u0628 \u0627\u0644\u0634\u062d\u0646).","availability":"IN_STOCK","sale_price":0,"on_sale":false}],"content_type":"product","currency":"SAR","value":0,"event_trigger_source":"WooCommerce"},"page":{"url":"http:\/\/www.ibn-sinaa.com\/en\/product\/%D8%B3%D8%AC%D9%84%D8%A7%D8%AA-%D9%85%